# Blender 5.1.2
# www.blender.org
mtllib AutoMoveing.mtl
o テキスト
v 2.577000 0.100000 -0.221000
v 2.942000 0.100000 -0.221000
v 2.942000 0.100000 0.249000
v 2.865000 0.100000 0.249000
v 2.865000 0.100000 0.192000
v 2.577000 0.100000 0.192000
v 2.577000 0.100000 0.519000
v 2.498000 0.100000 0.519000
v 2.498000 0.100000 0.192000
v 2.211000 0.100000 0.192000
v 2.211000 0.100000 0.254000
v 2.136000 0.100000 0.254000
v 2.136000 0.100000 -0.221000
v 2.498000 0.100000 -0.221000
v 2.498000 0.100000 -0.400000
v 2.577000 0.100000 -0.400000
v 2.498000 0.100000 -0.148000
v 2.211000 0.100000 -0.148000
v 2.211000 0.100000 0.118000
v 2.498000 0.100000 0.118000
v 2.577000 0.100000 -0.148000
v 2.577000 0.100000 0.118000
v 2.865000 0.100000 0.118000
v 2.865000 0.100000 -0.148000
v 1.767979 0.100000 -0.368042
v 1.767917 0.100000 -0.349171
v 1.767813 0.100000 -0.330391
v 1.767667 0.100000 -0.311704
v 1.767480 0.100000 -0.293114
v 1.767250 0.100000 -0.274625
v 1.766979 0.100000 -0.256240
v 1.766667 0.100000 -0.237963
v 1.766313 0.100000 -0.219797
v 1.765917 0.100000 -0.201745
v 1.765479 0.100000 -0.183812
v 1.765000 0.100000 -0.166000
v 1.978000 0.100000 -0.166000
v 1.978000 0.100000 -0.165444
v 1.978000 0.100000 -0.163884
v 1.978000 0.100000 -0.161484
v 1.978000 0.100000 -0.158407
v 1.978000 0.100000 -0.154817
v 1.978000 0.100000 -0.150875
v 1.978000 0.100000 -0.146746
v 1.978000 0.100000 -0.142593
v 1.978000 0.100000 -0.138578
v 1.978000 0.100000 -0.134866
v 1.978000 0.100000 -0.131619
v 1.978000 0.100000 -0.129000
v 1.975257 0.100000 -0.029039
v 1.972468 0.100000 0.059773
v 1.969547 0.100000 0.138078
v 1.966408 0.100000 0.206519
v 1.962962 0.100000 0.265737
v 1.959125 0.100000 0.316375
v 1.954808 0.100000 0.359076
v 1.949926 0.100000 0.394481
v 1.944391 0.100000 0.423234
v 1.938116 0.100000 0.445977
v 1.931015 0.100000 0.463351
v 1.923000 0.100000 0.476000
v 1.918684 0.100000 0.482362
v 1.914219 0.100000 0.487981
v 1.909579 0.100000 0.492906
v 1.904742 0.100000 0.497185
v 1.899682 0.100000 0.500867
v 1.894376 0.100000 0.504000
v 1.888798 0.100000 0.506633
v 1.882926 0.100000 0.508815
v 1.876734 0.100000 0.510594
v 1.870199 0.100000 0.512019
v 1.863296 0.100000 0.513138
v 1.856000 0.100000 0.514000
v 1.848386 0.100000 0.514898
v 1.840084 0.100000 0.515602
v 1.831157 0.100000 0.516125
v 1.821667 0.100000 0.516481
v 1.811678 0.100000 0.516685
v 1.801251 0.100000 0.516750
v 1.790448 0.100000 0.516690
v 1.779334 0.100000 0.516519
v 1.767969 0.100000 0.516250
v 1.756417 0.100000 0.515898
v 1.744740 0.100000 0.515477
v 1.733000 0.100000 0.515000
v 1.732376 0.100000 0.509554
v 1.731509 0.100000 0.503764
v 1.730407 0.100000 0.497703
v 1.729074 0.100000 0.491444
v 1.727520 0.100000 0.485061
v 1.725750 0.100000 0.478625
v 1.723772 0.100000 0.472210
v 1.721593 0.100000 0.465889
v 1.719219 0.100000 0.459734
v 1.716657 0.100000 0.453819
v 1.713916 0.100000 0.448217
v 1.711000 0.100000 0.443000
v 1.723154 0.100000 0.443919
v 1.735065 0.100000 0.444685
v 1.746657 0.100000 0.445312
v 1.757852 0.100000 0.445815
v 1.768576 0.100000 0.446206
v 1.778751 0.100000 0.446500
v 1.788300 0.100000 0.446711
v 1.797148 0.100000 0.446852
v 1.805219 0.100000 0.446938
v 1.812435 0.100000 0.446981
v 1.818721 0.100000 0.446998
v 1.824000 0.100000 0.447000
v 1.827879 0.100000 0.446953
v 1.831525 0.100000 0.446792
v 1.834955 0.100000 0.446484
v 1.838187 0.100000 0.446000
v 1.841238 0.100000 0.445307
v 1.844126 0.100000 0.444375
v 1.846868 0.100000 0.443172
v 1.849482 0.100000 0.441667
v 1.851985 0.100000 0.439828
v 1.854394 0.100000 0.437625
v 1.856727 0.100000 0.435026
v 1.859000 0.100000 0.432000
v 1.864755 0.100000 0.422279
v 1.870046 0.100000 0.407815
v 1.874906 0.100000 0.388156
v 1.879370 0.100000 0.362852
v 1.883473 0.100000 0.331450
v 1.887250 0.100000 0.293500
v 1.890735 0.100000 0.248550
v 1.893963 0.100000 0.196148
v 1.896969 0.100000 0.135844
v 1.899787 0.100000 0.067185
v 1.902453 0.100000 -0.010279
v 1.905000 0.100000 -0.097000
v 1.763000 0.100000 -0.097000
v 1.759025 0.100000 -0.031003
v 1.753361 0.100000 0.032893
v 1.745657 0.100000 0.094547
v 1.735556 0.100000 0.153815
v 1.722705 0.100000 0.210555
v 1.706750 0.100000 0.264625
v 1.687337 0.100000 0.315883
v 1.664111 0.100000 0.364185
v 1.636719 0.100000 0.409391
v 1.604806 0.100000 0.451356
v 1.568018 0.100000 0.489940
v 1.526000 0.100000 0.525000
v 1.522951 0.100000 0.520595
v 1.519357 0.100000 0.515931
v 1.515297 0.100000 0.511078
v 1.510852 0.100000 0.506111
v 1.506101 0.100000 0.501102
v 1.501125 0.100000 0.496125
v 1.496003 0.100000 0.491252
v 1.490815 0.100000 0.486556
v 1.485641 0.100000 0.482109
v 1.480561 0.100000 0.477986
v 1.475654 0.100000 0.474259
v 1.471000 0.100000 0.471000
v 1.474749 0.100000 0.468230
v 1.478491 0.100000 0.465421
v 1.482219 0.100000 0.462578
v 1.485926 0.100000 0.459704
v 1.489605 0.100000 0.456802
v 1.493250 0.100000 0.453875
v 1.496853 0.100000 0.450928
v 1.500407 0.100000 0.447963
v 1.503906 0.100000 0.444984
v 1.507343 0.100000 0.441995
v 1.510710 0.100000 0.438999
v 1.514000 0.100000 0.436000
v 1.475714 0.100000 0.440497
v 1.437463 0.100000 0.444972
v 1.399406 0.100000 0.449406
v 1.361704 0.100000 0.453778
v 1.324515 0.100000 0.458066
v 1.288000 0.100000 0.462250
v 1.252318 0.100000 0.466309
v 1.217630 0.100000 0.470222
v 1.184094 0.100000 0.473969
v 1.151870 0.100000 0.477528
v 1.121119 0.100000 0.480878
v 1.092000 0.100000 0.484000
v 1.082000 0.100000 0.418000
v 1.299000 0.100000 0.398000
v 1.299000 0.100000 0.311000
v 1.109000 0.100000 0.311000
v 1.109000 0.100000 0.253000
v 1.299000 0.100000 0.253000
v 1.299000 0.100000 0.192000
v 1.112000 0.100000 0.192000
v 1.112000 0.100000 -0.107000
v 1.299000 0.100000 -0.107000
v 1.299000 0.100000 -0.170000
v 1.082000 0.100000 -0.170000
v 1.082000 0.100000 -0.229000
v 1.299000 0.100000 -0.229000
v 1.299000 0.100000 -0.296000
v 1.282983 0.100000 -0.294772
v 1.266949 0.100000 -0.293588
v 1.250922 0.100000 -0.292453
v 1.234926 0.100000 -0.291370
v 1.218986 0.100000 -0.290343
v 1.203125 0.100000 -0.289375
v 1.187369 0.100000 -0.288469
v 1.171741 0.100000 -0.287630
v 1.156266 0.100000 -0.286859
v 1.140968 0.100000 -0.286162
v 1.125871 0.100000 -0.285541
v 1.111000 0.100000 -0.285000
v 1.110149 0.100000 -0.289157
v 1.109111 0.100000 -0.293593
v 1.107906 0.100000 -0.298250
v 1.106555 0.100000 -0.303074
v 1.105079 0.100000 -0.308009
v 1.103500 0.100000 -0.313000
v 1.101836 0.100000 -0.317991
v 1.100111 0.100000 -0.322926
v 1.098344 0.100000 -0.327750
v 1.096555 0.100000 -0.332407
v 1.094767 0.100000 -0.336843
v 1.093000 0.100000 -0.341000
v 1.130644 0.100000 -0.342976
v 1.169315 0.100000 -0.345394
v 1.208625 0.100000 -0.348234
v 1.248185 0.100000 -0.351481
v 1.287606 0.100000 -0.355117
v 1.326500 0.100000 -0.359125
v 1.364477 0.100000 -0.363487
v 1.401148 0.100000 -0.368185
v 1.436125 0.100000 -0.373203
v 1.469019 0.100000 -0.378523
v 1.499440 0.100000 -0.384128
v 1.527000 0.100000 -0.390000
v 1.564000 0.100000 -0.332000
v 1.550195 0.100000 -0.329061
v 1.535802 0.100000 -0.326241
v 1.520860 0.100000 -0.323531
v 1.505408 0.100000 -0.320926
v 1.489484 0.100000 -0.318418
v 1.473126 0.100000 -0.316000
v 1.456372 0.100000 -0.313666
v 1.439260 0.100000 -0.311407
v 1.421829 0.100000 -0.309219
v 1.404116 0.100000 -0.307093
v 1.386161 0.100000 -0.305022
v 1.368000 0.100000 -0.303000
v 1.368000 0.100000 -0.229000
v 1.582000 0.100000 -0.229000
v 1.582000 0.100000 -0.170000
v 1.368000 0.100000 -0.170000
v 1.368000 0.100000 -0.107000
v 1.563000 0.100000 -0.107000
v 1.563000 0.100000 0.192000
v 1.368000 0.100000 0.192000
v 1.368000 0.100000 0.253000
v 1.565000 0.100000 0.253000
v 1.565000 0.100000 0.311000
v 1.368000 0.100000 0.311000
v 1.368000 0.100000 0.391000
v 1.569000 0.100000 0.370000
v 1.569000 0.100000 0.374000
v 1.589504 0.100000 0.343344
v 1.607620 0.100000 0.310917
v 1.623500 0.100000 0.276781
v 1.637296 0.100000 0.241000
v 1.649162 0.100000 0.203635
v 1.659250 0.100000 0.164750
v 1.667712 0.100000 0.124406
v 1.674703 0.100000 0.082667
v 1.680375 0.100000 0.039594
v 1.684880 0.100000 -0.004750
v 1.688370 0.100000 -0.050302
v 1.691000 0.100000 -0.097000
v 1.574000 0.100000 -0.097000
v 1.574000 0.100000 -0.166000
v 1.693000 0.100000 -0.166000
v 1.693460 0.100000 -0.183812
v 1.693843 0.100000 -0.201746
v 1.694157 0.100000 -0.219797
v 1.694408 0.100000 -0.237963
v 1.694604 0.100000 -0.256240
v 1.694751 0.100000 -0.274625
v 1.694856 0.100000 -0.293114
v 1.694927 0.100000 -0.311704
v 1.694969 0.100000 -0.330391
v 1.694991 0.100000 -0.349171
v 1.694999 0.100000 -0.368042
v 1.695000 0.100000 -0.387000
v 1.768000 0.100000 -0.387000
v 1.299000 0.100000 0.140000
v 1.299000 0.100000 0.067000
v 1.174000 0.100000 0.067000
v 1.174000 0.100000 0.140000
v 1.499000 0.100000 0.140000
v 1.499000 0.100000 0.067000
v 1.368000 0.100000 0.067000
v 1.368000 0.100000 0.140000
v 1.299000 0.100000 0.017000
v 1.299000 0.100000 -0.055000
v 1.174000 0.100000 -0.055000
v 1.174000 0.100000 0.017000
v 1.499000 0.100000 0.017000
v 1.499000 0.100000 -0.055000
v 1.368000 0.100000 -0.055000
v 1.368000 0.100000 0.017000
v 0.418357 0.100000 -0.327521
v 0.409440 0.100000 -0.324088
v 0.400266 0.100000 -0.320703
v 0.390852 0.100000 -0.317370
v 0.381216 0.100000 -0.314093
v 0.371375 0.100000 -0.310875
v 0.361347 0.100000 -0.307719
v 0.351148 0.100000 -0.304630
v 0.340797 0.100000 -0.301609
v 0.330310 0.100000 -0.298662
v 0.319706 0.100000 -0.295791
v 0.309000 0.100000 -0.293000
v 0.309000 0.100000 -0.113000
v 0.432000 0.100000 -0.113000
v 0.432000 0.100000 -0.043000
v 0.309000 0.100000 -0.043000
v 0.309000 0.100000 -0.020000
v 0.316308 0.100000 -0.011585
v 0.325468 0.100000 -0.000681
v 0.336078 0.100000 0.012203
v 0.347741 0.100000 0.026556
v 0.360056 0.100000 0.041866
v 0.372625 0.100000 0.057625
v 0.385048 0.100000 0.073321
v 0.396926 0.100000 0.088444
v 0.407860 0.100000 0.102484
v 0.417449 0.100000 0.114931
v 0.425296 0.100000 0.125273
v 0.431000 0.100000 0.133000
v 0.387000 0.100000 0.193000
v 0.383078 0.100000 0.184940
v 0.378375 0.100000 0.175856
v 0.372984 0.100000 0.165891
v 0.367000 0.100000 0.155185
v 0.360516 0.100000 0.143883
v 0.353625 0.100000 0.132125
v 0.346422 0.100000 0.120055
v 0.339000 0.100000 0.107815
v 0.331453 0.100000 0.095547
v 0.323875 0.100000 0.083393
v 0.316360 0.100000 0.071497
v 0.309000 0.100000 0.060000
v 0.309000 0.100000 0.521000
v 0.239000 0.100000 0.521000
v 0.239000 0.100000 0.075000
v 0.229798 0.100000 0.100707
v 0.220213 0.100000 0.126241
v 0.210281 0.100000 0.151469
v 0.200037 0.100000 0.176259
v 0.189515 0.100000 0.200480
v 0.178750 0.100000 0.224000
v 0.167777 0.100000 0.246686
v 0.156630 0.100000 0.268407
v 0.145344 0.100000 0.289031
v 0.133954 0.100000 0.308426
v 0.122494 0.100000 0.326459
v 0.111000 0.100000 0.343000
v 0.108801 0.100000 0.337575
v 0.106241 0.100000 0.331847
v 0.103375 0.100000 0.325891
v 0.100259 0.100000 0.319778
v 0.096949 0.100000 0.313582
v 0.093500 0.100000 0.307375
v 0.089967 0.100000 0.301231
v 0.086407 0.100000 0.295222
v 0.082875 0.100000 0.289422
v 0.079426 0.100000 0.283903
v 0.076116 0.100000 0.278738
v 0.073000 0.100000 0.274000
v 0.087068 0.100000 0.254815
v 0.101200 0.100000 0.233435
v 0.115298 0.100000 0.210125
v 0.129260 0.100000 0.185148
v 0.142986 0.100000 0.158768
v 0.156376 0.100000 0.131250
v 0.169327 0.100000 0.102856
v 0.181741 0.100000 0.073852
v 0.193516 0.100000 0.044500
v 0.204551 0.100000 0.015065
v 0.214746 0.100000 -0.014190
v 0.224000 0.100000 -0.043000
v 0.087000 0.100000 -0.043000
v 0.087000 0.100000 -0.113000
v 0.239000 0.100000 -0.113000
v 0.239000 0.100000 -0.276000
v 0.228752 0.100000 -0.273791
v 0.218514 0.100000 -0.271662
v 0.208297 0.100000 -0.269609
v 0.198111 0.100000 -0.267630
v 0.187967 0.100000 -0.265719
v 0.177875 0.100000 -0.263875
v 0.167845 0.100000 -0.262093
v 0.157889 0.100000 -0.260370
v 0.148016 0.100000 -0.258703
v 0.138236 0.100000 -0.257088
v 0.128561 0.100000 -0.255521
v 0.119000 0.100000 -0.254000
v 0.118109 0.100000 -0.258178
v 0.116953 0.100000 -0.262671
v 0.115562 0.100000 -0.267422
v 0.113963 0.100000 -0.272370
v 0.112183 0.100000 -0.277458
v 0.110250 0.100000 -0.282625
v 0.108192 0.100000 -0.287813
v 0.106037 0.100000 -0.292963
v 0.103812 0.100000 -0.298016
v 0.101546 0.100000 -0.302912
v 0.099266 0.100000 -0.307593
v 0.097000 0.100000 -0.312000
v 0.122296 0.100000 -0.316954
v 0.148033 0.100000 -0.322296
v 0.173985 0.100000 -0.328000
v 0.199926 0.100000 -0.334037
v 0.225632 0.100000 -0.340380
v 0.250875 0.100000 -0.347000
v 0.275431 0.100000 -0.353870
v 0.299074 0.100000 -0.360963
v 0.321579 0.100000 -0.368250
v 0.342718 0.100000 -0.375704
v 0.362267 0.100000 -0.383296
v 0.380000 0.100000 -0.391000
v 0.427000 0.100000 -0.331000
v 0.614615 0.100000 -0.181050
v 0.623421 0.100000 -0.175731
v 0.632360 0.100000 -0.170094
v 0.641371 0.100000 -0.164185
v 0.650395 0.100000 -0.158054
v 0.659375 0.100000 -0.151750
v 0.668251 0.100000 -0.145321
v 0.676963 0.100000 -0.138815
v 0.685453 0.100000 -0.132281
v 0.693662 0.100000 -0.125769
v 0.701531 0.100000 -0.119325
v 0.709000 0.100000 -0.113000
v 0.721851 0.100000 -0.122126
v 0.734389 0.100000 -0.131505
v 0.746594 0.100000 -0.141141
v 0.758445 0.100000 -0.151037
v 0.769920 0.100000 -0.161197
v 0.781000 0.100000 -0.171625
v 0.791663 0.100000 -0.182324
v 0.801889 0.100000 -0.193296
v 0.811656 0.100000 -0.204547
v 0.820945 0.100000 -0.216079
v 0.829733 0.100000 -0.227895
v 0.838000 0.100000 -0.240000
v 0.629000 0.100000 -0.240000
v 0.617603 0.100000 -0.230043
v 0.605907 0.100000 -0.220181
v 0.593906 0.100000 -0.210422
v 0.581593 0.100000 -0.200778
v 0.568960 0.100000 -0.191259
v 0.556000 0.100000 -0.181875
v 0.542707 0.100000 -0.172637
v 0.529074 0.100000 -0.163556
v 0.515094 0.100000 -0.154641
v 0.500760 0.100000 -0.145903
v 0.486064 0.100000 -0.137352
v 0.471000 0.100000 -0.129000
v 0.467782 0.100000 -0.133174
v 0.464167 0.100000 -0.137639
v 0.460219 0.100000 -0.142313
v 0.456000 0.100000 -0.147111
v 0.451573 0.100000 -0.151951
v 0.447000 0.100000 -0.156750
v 0.442344 0.100000 -0.161424
v 0.437667 0.100000 -0.165889
v 0.433031 0.100000 -0.170062
v 0.428500 0.100000 -0.173861
v 0.424136 0.100000 -0.177201
v 0.420000 0.100000 -0.180000
v 0.450266 0.100000 -0.195730
v 0.479042 0.100000 -0.212338
v 0.506297 0.100000 -0.229703
v 0.532000 0.100000 -0.247704
v 0.556120 0.100000 -0.266218
v 0.578625 0.100000 -0.285125
v 0.599485 0.100000 -0.304303
v 0.618667 0.100000 -0.323630
v 0.636141 0.100000 -0.342984
v 0.651875 0.100000 -0.362245
v 0.665839 0.100000 -0.381291
v 0.678000 0.100000 -0.400000
v 0.755000 0.100000 -0.385000
v 0.750438 0.100000 -0.378250
v 0.745755 0.100000 -0.371500
v 0.740953 0.100000 -0.364750
v 0.736037 0.100000 -0.358000
v 0.731010 0.100000 -0.351250
v 0.725875 0.100000 -0.344500
v 0.720636 0.100000 -0.337750
v 0.715297 0.100000 -0.331000
v 0.709860 0.100000 -0.324250
v 0.704329 0.100000 -0.317500
v 0.698708 0.100000 -0.310750
v 0.693000 0.100000 -0.304000
v 0.881000 0.100000 -0.304000
v 0.894000 0.100000 -0.307000
v 0.942000 0.100000 -0.283000
v 0.918309 0.100000 -0.237442
v 0.890472 0.100000 -0.195204
v 0.858844 0.100000 -0.156188
v 0.823778 0.100000 -0.120296
v 0.785629 0.100000 -0.087433
v 0.744750 0.100000 -0.057500
v 0.701497 0.100000 -0.030400
v 0.656222 0.100000 -0.006037
v 0.609281 0.100000 0.015687
v 0.561028 0.100000 0.034870
v 0.511816 0.100000 0.051609
v 0.462000 0.100000 0.066000
v 0.459800 0.100000 0.061364
v 0.457236 0.100000 0.056495
v 0.454359 0.100000 0.051453
v 0.451222 0.100000 0.046296
v 0.447877 0.100000 0.041084
v 0.444375 0.100000 0.035875
v 0.440769 0.100000 0.030729
v 0.437111 0.100000 0.025704
v 0.433453 0.100000 0.020859
v 0.429847 0.100000 0.016255
v 0.426346 0.100000 0.011948
v 0.423000 0.100000 0.008000
v 0.442495 0.100000 0.003292
v 0.461958 0.100000 -0.001833
v 0.481359 0.100000 -0.007375
v 0.500667 0.100000 -0.013333
v 0.519849 0.100000 -0.019708
v 0.538875 0.100000 -0.026500
v 0.557714 0.100000 -0.033708
v 0.576334 0.100000 -0.041333
v 0.594703 0.100000 -0.049375
v 0.612792 0.100000 -0.057833
v 0.630568 0.100000 -0.066708
v 0.648000 0.100000 -0.076000
v 0.641050 0.100000 -0.082306
v 0.633732 0.100000 -0.088699
v 0.626094 0.100000 -0.095141
v 0.618186 0.100000 -0.101593
v 0.610055 0.100000 -0.108017
v 0.601750 0.100000 -0.114375
v 0.593321 0.100000 -0.120629
v 0.584815 0.100000 -0.126741
v 0.576282 0.100000 -0.132672
v 0.567769 0.100000 -0.138384
v 0.559326 0.100000 -0.143840
v 0.551000 0.100000 -0.149000
v 0.606000 0.100000 -0.186000
v 0.664844 0.100000 0.213951
v 0.674834 0.100000 0.220273
v 0.684906 0.100000 0.226922
v 0.695000 0.100000 0.233852
v 0.705052 0.100000 0.241018
v 0.715000 0.100000 0.248375
v 0.724782 0.100000 0.255878
v 0.734334 0.100000 0.263481
v 0.743594 0.100000 0.271141
v 0.752500 0.100000 0.278810
v 0.760990 0.100000 0.286445
v 0.769000 0.100000 0.294000
v 0.782540 0.100000 0.281792
v 0.795653 0.100000 0.269167
v 0.808328 0.100000 0.256125
v 0.820556 0.100000 0.242667
v 0.832325 0.100000 0.228792
v 0.843625 0.100000 0.214500
v 0.854446 0.100000 0.199792
v 0.864778 0.100000 0.184667
v 0.874610 0.100000 0.169125
v 0.883931 0.100000 0.153167
v 0.892731 0.100000 0.136792
v 0.901000 0.100000 0.120000
v 0.704000 0.100000 0.120000
v 0.688957 0.100000 0.134414
v 0.673324 0.100000 0.148644
v 0.657094 0.100000 0.162672
v 0.640259 0.100000 0.176481
v 0.622814 0.100000 0.190055
v 0.604750 0.100000 0.203375
v 0.586061 0.100000 0.216424
v 0.566741 0.100000 0.229185
v 0.546782 0.100000 0.241641
v 0.526176 0.100000 0.253773
v 0.504918 0.100000 0.265565
v 0.483000 0.100000 0.277000
v 0.480050 0.100000 0.272826
v 0.476732 0.100000 0.268356
v 0.473094 0.100000 0.263672
v 0.469185 0.100000 0.258852
v 0.465055 0.100000 0.253976
v 0.460750 0.100000 0.249125
v 0.456321 0.100000 0.244378
v 0.451815 0.100000 0.239815
v 0.447281 0.100000 0.235516
v 0.442769 0.100000 0.231560
v 0.438325 0.100000 0.228028
v 0.434000 0.100000 0.225000
v 0.470767 0.100000 0.206859
v 0.505551 0.100000 0.187537
v 0.538328 0.100000 0.167187
v 0.569074 0.100000 0.145963
v 0.597765 0.100000 0.124016
v 0.624375 0.100000 0.101500
v 0.648882 0.100000 0.078567
v 0.671260 0.100000 0.055370
v 0.691485 0.100000 0.032062
v 0.709533 0.100000 0.008796
v 0.725379 0.100000 -0.014275
v 0.739000 0.100000 -0.037000
v 0.816000 0.100000 -0.022000
v 0.811978 0.100000 -0.015501
v 0.807903 0.100000 -0.009005
v 0.803766 0.100000 -0.002516
v 0.799556 0.100000 0.003963
v 0.795263 0.100000 0.010428
v 0.790875 0.100000 0.016875
v 0.786384 0.100000 0.023301
v 0.781778 0.100000 0.029704
v 0.777047 0.100000 0.036078
v 0.772181 0.100000 0.042421
v 0.767169 0.100000 0.048730
v 0.762000 0.100000 0.055000
v 0.936000 0.100000 0.055000
v 0.949000 0.100000 0.052000
v 0.998000 0.100000 0.074000
v 0.973252 0.100000 0.136995
v 0.943264 0.100000 0.194625
v 0.908422 0.100000 0.247109
v 0.869111 0.100000 0.294667
v 0.825717 0.100000 0.337516
v 0.778625 0.100000 0.375875
v 0.728221 0.100000 0.409964
v 0.674889 0.100000 0.440000
v 0.619016 0.100000 0.466203
v 0.560987 0.100000 0.488792
v 0.501186 0.100000 0.507984
v 0.440000 0.100000 0.524000
v 0.437800 0.100000 0.519094
v 0.435236 0.100000 0.513921
v 0.432359 0.100000 0.508547
v 0.429222 0.100000 0.503037
v 0.425877 0.100000 0.497458
v 0.422375 0.100000 0.491875
v 0.418769 0.100000 0.486355
v 0.415111 0.100000 0.480963
v 0.411453 0.100000 0.475766
v 0.407847 0.100000 0.470829
v 0.404346 0.100000 0.466218
v 0.401000 0.100000 0.462000
v 0.428929 0.100000 0.456103
v 0.456681 0.100000 0.449407
v 0.484204 0.100000 0.441906
v 0.511445 0.100000 0.433593
v 0.538353 0.100000 0.424459
v 0.564875 0.100000 0.414500
v 0.590961 0.100000 0.403707
v 0.616556 0.100000 0.392074
v 0.641610 0.100000 0.379594
v 0.666070 0.100000 0.366259
v 0.689884 0.100000 0.352064
v 0.713000 0.100000 0.337000
v 0.704990 0.100000 0.329385
v 0.696500 0.100000 0.321579
v 0.687594 0.100000 0.313641
v 0.678334 0.100000 0.305630
v 0.668782 0.100000 0.297605
v 0.659000 0.100000 0.289625
v 0.649052 0.100000 0.281749
v 0.639000 0.100000 0.274037
v 0.628906 0.100000 0.266547
v 0.618834 0.100000 0.259338
v 0.608844 0.100000 0.252469
v 0.599000 0.100000 0.246000
v 0.655000 0.100000 0.208000
v -0.623043 0.100000 -0.237336
v -0.623176 0.100000 -0.245273
v -0.623406 0.100000 -0.253703
v -0.623741 0.100000 -0.262518
v -0.624186 0.100000 -0.271612
v -0.624750 0.100000 -0.280875
v -0.625438 0.100000 -0.290201
v -0.626259 0.100000 -0.299481
v -0.627218 0.100000 -0.308609
v -0.628324 0.100000 -0.317477
v -0.629582 0.100000 -0.325976
v -0.631000 0.100000 -0.334000
v -0.533000 0.100000 -0.334000
v -0.533768 0.100000 -0.326015
v -0.534560 0.100000 -0.317616
v -0.535359 0.100000 -0.308891
v -0.536148 0.100000 -0.299926
v -0.536909 0.100000 -0.290808
v -0.537625 0.100000 -0.281625
v -0.538278 0.100000 -0.272462
v -0.538851 0.100000 -0.263407
v -0.539328 0.100000 -0.254547
v -0.539690 0.100000 -0.245968
v -0.539919 0.100000 -0.237756
v -0.540000 0.100000 -0.230000
v -0.540000 0.100000 -0.067000
v -0.505874 0.100000 -0.056363
v -0.469828 0.100000 -0.044569
v -0.432359 0.100000 -0.031797
v -0.393963 0.100000 -0.018222
v -0.355136 0.100000 -0.004023
v -0.316375 0.100000 0.010625
v -0.278176 0.100000 0.025543
v -0.241037 0.100000 0.040556
v -0.205453 0.100000 0.055484
v -0.171921 0.100000 0.070153
v -0.140938 0.100000 0.084384
v -0.113000 0.100000 0.098000
v -0.147000 0.100000 0.183000
v -0.175510 0.100000 0.168106
v -0.206250 0.100000 0.153019
v -0.238781 0.100000 0.137875
v -0.272666 0.100000 0.122815
v -0.307468 0.100000 0.107977
v -0.342750 0.100000 0.093500
v -0.378073 0.100000 0.079523
v -0.413000 0.100000 0.066185
v -0.447093 0.100000 0.053625
v -0.479916 0.100000 0.041981
v -0.511031 0.100000 0.031393
v -0.540000 0.100000 0.022000
v -0.539000 0.100000 0.352000
v -0.538958 0.100000 0.360204
v -0.538833 0.100000 0.369213
v -0.538624 0.100000 0.378875
v -0.538333 0.100000 0.389037
v -0.537958 0.100000 0.399546
v -0.537499 0.100000 0.410250
v -0.536958 0.100000 0.420995
v -0.536333 0.100000 0.431630
v -0.535625 0.100000 0.442000
v -0.534833 0.100000 0.451954
v -0.533958 0.100000 0.461338
v -0.533000 0.100000 0.470000
v -0.630000 0.100000 0.470000
v -0.628812 0.100000 0.461663
v -0.627745 0.100000 0.452718
v -0.626797 0.100000 0.443266
v -0.625963 0.100000 0.433407
v -0.625240 0.100000 0.423244
v -0.624625 0.100000 0.412875
v -0.624114 0.100000 0.402402
v -0.623703 0.100000 0.391926
v -0.623390 0.100000 0.381547
v -0.623171 0.100000 0.371366
v -0.623042 0.100000 0.361483
v -0.623000 0.100000 0.352000
v -0.623000 0.100000 0.330389
v -0.623000 0.100000 0.295278
v -0.623000 0.100000 0.249250
v -0.623000 0.100000 0.194889
v -0.623000 0.100000 0.134778
v -0.623000 0.100000 0.071500
v -0.623000 0.100000 0.007639
v -0.623000 0.100000 -0.054222
v -0.623000 0.100000 -0.111500
v -0.623000 0.100000 -0.161611
v -0.623000 0.100000 -0.201972
v -0.623000 0.100000 -0.230000
v -1.694085 0.100000 0.012000
v -1.657852 0.100000 0.012000
v -1.612562 0.100000 0.012000
v -1.560481 0.100000 0.012000
v -1.503873 0.100000 0.012000
v -1.445000 0.100000 0.012000
v -1.386127 0.100000 0.012000
v -1.329518 0.100000 0.012000
v -1.277437 0.100000 0.012000
v -1.232148 0.100000 0.012000
v -1.195914 0.100000 0.012000
v -1.171000 0.100000 0.012000
v -1.158792 0.100000 0.011940
v -1.147166 0.100000 0.011769
v -1.136125 0.100000 0.011500
v -1.125666 0.100000 0.011148
v -1.115791 0.100000 0.010727
v -1.106500 0.100000 0.010250
v -1.097791 0.100000 0.009732
v -1.089666 0.100000 0.009185
v -1.082125 0.100000 0.008625
v -1.075166 0.100000 0.008065
v -1.068791 0.100000 0.007519
v -1.063000 0.100000 0.007000
v -1.063000 0.100000 0.105000
v -1.068447 0.100000 0.104692
v -1.074745 0.100000 0.104282
v -1.081828 0.100000 0.103797
v -1.089630 0.100000 0.103259
v -1.098084 0.100000 0.102694
v -1.107125 0.100000 0.102125
v -1.116687 0.100000 0.101577
v -1.126704 0.100000 0.101074
v -1.137109 0.100000 0.100641
v -1.147838 0.100000 0.100301
v -1.158823 0.100000 0.100079
v -1.170000 0.100000 0.100000
v -1.195125 0.100000 0.100000
v -1.231500 0.100000 0.100000
v -1.276875 0.100000 0.100000
v -1.329000 0.100000 0.100000
v -1.385625 0.100000 0.100000
v -1.444500 0.100000 0.100000
v -1.503375 0.100000 0.100000
v -1.560000 0.100000 0.100000
v -1.612125 0.100000 0.100000
v -1.657500 0.100000 0.100000
v -1.693875 0.100000 0.100000
v -1.719000 0.100000 0.100000
v -1.732697 0.100000 0.100041
v -1.746241 0.100000 0.100162
v -1.759562 0.100000 0.100359
v -1.772593 0.100000 0.100630
v -1.785262 0.100000 0.100969
v -1.797500 0.100000 0.101375
v -1.809238 0.100000 0.101843
v -1.820407 0.100000 0.102370
v -1.830937 0.100000 0.102953
v -1.840759 0.100000 0.103588
v -1.849803 0.100000 0.104271
v -1.858000 0.100000 0.105000
v -1.858000 0.100000 0.007000
v -1.850032 0.100000 0.007518
v -1.841176 0.100000 0.008065
v -1.831500 0.100000 0.008625
v -1.821074 0.100000 0.009185
v -1.809967 0.100000 0.009731
v -1.798250 0.100000 0.010250
v -1.785990 0.100000 0.010727
v -1.773259 0.100000 0.011148
v -1.760125 0.100000 0.011500
v -1.746657 0.100000 0.011768
v -1.732926 0.100000 0.011940
v -1.719000 0.100000 0.012000
v -2.743000 0.100000 -0.086000
v -2.751400 0.100000 -0.085979
v -2.759615 0.100000 -0.085917
v -2.767672 0.100000 -0.085813
v -2.775592 0.100000 -0.085667
v -2.783402 0.100000 -0.085479
v -2.791125 0.100000 -0.085250
v -2.798785 0.100000 -0.084979
v -2.806407 0.100000 -0.084667
v -2.814015 0.100000 -0.084312
v -2.821634 0.100000 -0.083917
v -2.829288 0.100000 -0.083479
v -2.837000 0.100000 -0.083000
v -2.837000 0.100000 -0.168000
v -2.829690 0.100000 -0.167252
v -2.822268 0.100000 -0.166514
v -2.814750 0.100000 -0.165797
v -2.807148 0.100000 -0.165111
v -2.799477 0.100000 -0.164467
v -2.791750 0.100000 -0.163875
v -2.783981 0.100000 -0.163345
v -2.776185 0.100000 -0.162889
v -2.768375 0.100000 -0.162516
v -2.760565 0.100000 -0.162236
v -2.752768 0.100000 -0.162061
v -2.745000 0.100000 -0.162000
v -2.381000 0.100000 -0.162000
v -2.384000 0.100000 -0.259000
v -2.384731 0.100000 -0.268234
v -2.385430 0.100000 -0.276958
v -2.386109 0.100000 -0.285203
v -2.386778 0.100000 -0.293000
v -2.387446 0.100000 -0.300380
v -2.388125 0.100000 -0.307375
v -2.388824 0.100000 -0.314016
v -2.389555 0.100000 -0.320333
v -2.390328 0.100000 -0.326359
v -2.391153 0.100000 -0.332125
v -2.392040 0.100000 -0.337662
v -2.393000 0.100000 -0.343000
v -2.300000 0.100000 -0.343000
v -2.300958 0.100000 -0.336000
v -2.301833 0.100000 -0.329000
v -2.302625 0.100000 -0.322000
v -2.303333 0.100000 -0.315000
v -2.303958 0.100000 -0.308000
v -2.304500 0.100000 -0.301000
v -2.304958 0.100000 -0.294000
v -2.305333 0.100000 -0.287000
v -2.305625 0.100000 -0.280000
v -2.305833 0.100000 -0.273000
v -2.305958 0.100000 -0.266000
v -2.306000 0.100000 -0.259000
v -2.304000 0.100000 -0.162000
v -2.147000 0.100000 -0.162000
v -2.140247 0.100000 -0.162080
v -2.133065 0.100000 -0.162306
v -2.125562 0.100000 -0.162656
v -2.117852 0.100000 -0.163111
v -2.110044 0.100000 -0.163649
v -2.102250 0.100000 -0.164250
v -2.094581 0.100000 -0.164892
v -2.087148 0.100000 -0.165556
v -2.080062 0.100000 -0.166219
v -2.073435 0.100000 -0.166861
v -2.067377 0.100000 -0.167462
v -2.062000 0.100000 -0.168000
v -2.062000 0.100000 -0.084000
v -2.067986 0.100000 -0.084249
v -2.074393 0.100000 -0.084495
v -2.081141 0.100000 -0.084734
v -2.088148 0.100000 -0.084963
v -2.095336 0.100000 -0.085178
v -2.102625 0.100000 -0.085375
v -2.109934 0.100000 -0.085552
v -2.117185 0.100000 -0.085704
v -2.124297 0.100000 -0.085828
v -2.131190 0.100000 -0.085921
v -2.137784 0.100000 -0.085980
v -2.144000 0.100000 -0.086000
v -2.303000 0.100000 -0.086000
v -2.302251 0.100000 -0.047550
v -2.301509 0.100000 -0.007486
v -2.300781 0.100000 0.033766
v -2.300074 0.100000 0.075778
v -2.299395 0.100000 0.118123
v -2.298750 0.100000 0.160375
v -2.298147 0.100000 0.202106
v -2.297592 0.100000 0.242889
v -2.297094 0.100000 0.282297
v -2.296657 0.100000 0.319903
v -2.296290 0.100000 0.355280
v -2.296000 0.100000 0.388000
v -2.296644 0.100000 0.400498
v -2.298574 0.100000 0.411981
v -2.301781 0.100000 0.422437
v -2.306259 0.100000 0.431852
v -2.312001 0.100000 0.440211
v -2.319000 0.100000 0.447500
v -2.327249 0.100000 0.453706
v -2.336740 0.100000 0.458815
v -2.347468 0.100000 0.462812
v -2.359426 0.100000 0.465685
v -2.372605 0.100000 0.467419
v -2.387000 0.100000 0.468000
v -2.400136 0.100000 0.467958
v -2.413505 0.100000 0.467833
v -2.427047 0.100000 0.467625
v -2.440704 0.100000 0.467333
v -2.454416 0.100000 0.466958
v -2.468125 0.100000 0.466500
v -2.481771 0.100000 0.465958
v -2.495296 0.100000 0.465333
v -2.508640 0.100000 0.464625
v -2.521745 0.100000 0.463833
v -2.534551 0.100000 0.462958
v -2.547000 0.100000 0.462000
v -2.554000 0.100000 0.380000
v -2.541849 0.100000 0.381917
v -2.529458 0.100000 0.383667
v -2.516922 0.100000 0.385250
v -2.504333 0.100000 0.386667
v -2.491786 0.100000 0.387917
v -2.479375 0.100000 0.389000
v -2.467192 0.100000 0.389917
v -2.455333 0.100000 0.390667
v -2.443890 0.100000 0.391250
v -2.432958 0.100000 0.391667
v -2.422630 0.100000 0.391917
v -2.413000 0.100000 0.392000
v -2.406180 0.100000 0.391729
v -2.400189 0.100000 0.390912
v -2.394984 0.100000 0.389547
v -2.390518 0.100000 0.387630
v -2.386747 0.100000 0.385157
v -2.383625 0.100000 0.382125
v -2.381107 0.100000 0.378531
v -2.379148 0.100000 0.374370
v -2.377703 0.100000 0.369641
v -2.376727 0.100000 0.364338
v -2.376174 0.100000 0.358459
v -2.376000 0.100000 0.352000
v -2.379000 0.100000 -0.011000
v -2.401616 0.100000 0.019352
v -2.427759 0.100000 0.051153
v -2.457125 0.100000 0.084016
v -2.489407 0.100000 0.117556
v -2.524301 0.100000 0.151387
v -2.561500 0.100000 0.185125
v -2.600699 0.100000 0.218384
v -2.641593 0.100000 0.250778
v -2.683875 0.100000 0.281922
v -2.727241 0.100000 0.311431
v -2.771384 0.100000 0.338918
v -2.816000 0.100000 0.364000
v -2.874000 0.100000 0.299000
v -2.823813 0.100000 0.272919
v -2.774926 0.100000 0.244440
v -2.727594 0.100000 0.213953
v -2.682074 0.100000 0.181852
v -2.638624 0.100000 0.148528
v -2.597500 0.100000 0.114375
v -2.558959 0.100000 0.079784
v -2.523259 0.100000 0.045148
v -2.490656 0.100000 0.010859
v -2.461407 0.100000 -0.022690
v -2.435770 0.100000 -0.055107
v -2.414000 0.100000 -0.086000
v 2.577000 -0.100000 -0.221000
v 2.942000 -0.100000 -0.221000
v 2.942000 -0.100000 0.249000
v 2.865000 -0.100000 0.249000
v 2.865000 -0.100000 0.192000
v 2.577000 -0.100000 0.192000
v 2.577000 -0.100000 0.519000
v 2.498000 -0.100000 0.519000
v 2.498000 -0.100000 0.192000
v 2.211000 -0.100000 0.192000
v 2.211000 -0.100000 0.254000
v 2.136000 -0.100000 0.254000
v 2.136000 -0.100000 -0.221000
v 2.498000 -0.100000 -0.221000
v 2.498000 -0.100000 -0.400000
v 2.577000 -0.100000 -0.400000
v 2.498000 -0.100000 -0.148000
v 2.211000 -0.100000 -0.148000
v 2.211000 -0.100000 0.118000
v 2.498000 -0.100000 0.118000
v 2.577000 -0.100000 -0.148000
v 2.577000 -0.100000 0.118000
v 2.865000 -0.100000 0.118000
v 2.865000 -0.100000 -0.148000
v 1.767979 -0.100000 -0.368042
v 1.767917 -0.100000 -0.349171
v 1.767813 -0.100000 -0.330391
v 1.767667 -0.100000 -0.311704
v 1.767480 -0.100000 -0.293114
v 1.767250 -0.100000 -0.274625
v 1.766979 -0.100000 -0.256240
v 1.766667 -0.100000 -0.237963
v 1.766313 -0.100000 -0.219797
v 1.765917 -0.100000 -0.201745
v 1.765479 -0.100000 -0.183812
v 1.765000 -0.100000 -0.166000
v 1.978000 -0.100000 -0.166000
v 1.978000 -0.100000 -0.165444
v 1.978000 -0.100000 -0.163884
v 1.978000 -0.100000 -0.161484
v 1.978000 -0.100000 -0.158407
v 1.978000 -0.100000 -0.154817
v 1.978000 -0.100000 -0.150875
v 1.978000 -0.100000 -0.146746
v 1.978000 -0.100000 -0.142593
v 1.978000 -0.100000 -0.138578
v 1.978000 -0.100000 -0.134866
v 1.978000 -0.100000 -0.131619
v 1.978000 -0.100000 -0.129000
v 1.975257 -0.100000 -0.029039
v 1.972468 -0.100000 0.059773
v 1.969547 -0.100000 0.138078
v 1.966408 -0.100000 0.206519
v 1.962962 -0.100000 0.265737
v 1.959125 -0.100000 0.316375
v 1.954808 -0.100000 0.359076
v 1.949926 -0.100000 0.394481
v 1.944391 -0.100000 0.423234
v 1.938116 -0.100000 0.445977
v 1.931015 -0.100000 0.463351
v 1.923000 -0.100000 0.476000
v 1.918684 -0.100000 0.482362
v 1.914219 -0.100000 0.487981
v 1.909579 -0.100000 0.492906
v 1.904742 -0.100000 0.497185
v 1.899682 -0.100000 0.500867
v 1.894376 -0.100000 0.504000
v 1.888798 -0.100000 0.506633
v 1.882926 -0.100000 0.508815
v 1.876734 -0.100000 0.510594
v 1.870199 -0.100000 0.512019
v 1.863296 -0.100000 0.513138
v 1.856000 -0.100000 0.514000
v 1.848386 -0.100000 0.514898
v 1.840084 -0.100000 0.515602
v 1.831157 -0.100000 0.516125
v 1.821667 -0.100000 0.516481
v 1.811678 -0.100000 0.516685
v 1.801251 -0.100000 0.516750
v 1.790448 -0.100000 0.516690
v 1.779334 -0.100000 0.516519
v 1.767969 -0.100000 0.516250
v 1.756417 -0.100000 0.515898
v 1.744740 -0.100000 0.515477
v 1.733000 -0.100000 0.515000
v 1.732376 -0.100000 0.509554
v 1.731509 -0.100000 0.503764
v 1.730407 -0.100000 0.497703
v 1.729074 -0.100000 0.491444
v 1.727520 -0.100000 0.485061
v 1.725750 -0.100000 0.478625
v 1.723772 -0.100000 0.472210
v 1.721593 -0.100000 0.465889
v 1.719219 -0.100000 0.459734
v 1.716657 -0.100000 0.453819
v 1.713916 -0.100000 0.448217
v 1.711000 -0.100000 0.443000
v 1.723154 -0.100000 0.443919
v 1.735065 -0.100000 0.444685
v 1.746657 -0.100000 0.445312
v 1.757852 -0.100000 0.445815
v 1.768576 -0.100000 0.446206
v 1.778751 -0.100000 0.446500
v 1.788300 -0.100000 0.446711
v 1.797148 -0.100000 0.446852
v 1.805219 -0.100000 0.446938
v 1.812435 -0.100000 0.446981
v 1.818721 -0.100000 0.446998
v 1.824000 -0.100000 0.447000
v 1.827879 -0.100000 0.446953
v 1.831525 -0.100000 0.446792
v 1.834955 -0.100000 0.446484
v 1.838187 -0.100000 0.446000
v 1.841238 -0.100000 0.445307
v 1.844126 -0.100000 0.444375
v 1.846868 -0.100000 0.443172
v 1.849482 -0.100000 0.441667
v 1.851985 -0.100000 0.439828
v 1.854394 -0.100000 0.437625
v 1.856727 -0.100000 0.435026
v 1.859000 -0.100000 0.432000
v 1.864755 -0.100000 0.422279
v 1.870046 -0.100000 0.407815
v 1.874906 -0.100000 0.388156
v 1.879370 -0.100000 0.362852
v 1.883473 -0.100000 0.331450
v 1.887250 -0.100000 0.293500
v 1.890735 -0.100000 0.248550
v 1.893963 -0.100000 0.196148
v 1.896969 -0.100000 0.135844
v 1.899787 -0.100000 0.067185
v 1.902453 -0.100000 -0.010279
v 1.905000 -0.100000 -0.097000
v 1.763000 -0.100000 -0.097000
v 1.759025 -0.100000 -0.031003
v 1.753361 -0.100000 0.032893
v 1.745657 -0.100000 0.094547
v 1.735556 -0.100000 0.153815
v 1.722705 -0.100000 0.210555
v 1.706750 -0.100000 0.264625
v 1.687337 -0.100000 0.315883
v 1.664111 -0.100000 0.364185
v 1.636719 -0.100000 0.409391
v 1.604806 -0.100000 0.451356
v 1.568018 -0.100000 0.489940
v 1.526000 -0.100000 0.525000
v 1.522951 -0.100000 0.520595
v 1.519357 -0.100000 0.515931
v 1.515297 -0.100000 0.511078
v 1.510852 -0.100000 0.506111
v 1.506101 -0.100000 0.501102
v 1.501125 -0.100000 0.496125
v 1.496003 -0.100000 0.491252
v 1.490815 -0.100000 0.486556
v 1.485641 -0.100000 0.482109
v 1.480561 -0.100000 0.477986
v 1.475654 -0.100000 0.474259
v 1.471000 -0.100000 0.471000
v 1.474749 -0.100000 0.468230
v 1.478491 -0.100000 0.465421
v 1.482219 -0.100000 0.462578
v 1.485926 -0.100000 0.459704
v 1.489605 -0.100000 0.456802
v 1.493250 -0.100000 0.453875
v 1.496853 -0.100000 0.450928
v 1.500407 -0.100000 0.447963
v 1.503906 -0.100000 0.444984
v 1.507343 -0.100000 0.441995
v 1.510710 -0.100000 0.438999
v 1.514000 -0.100000 0.436000
v 1.475714 -0.100000 0.440497
v 1.437463 -0.100000 0.444972
v 1.399406 -0.100000 0.449406
v 1.361704 -0.100000 0.453778
v 1.324515 -0.100000 0.458066
v 1.288000 -0.100000 0.462250
v 1.252318 -0.100000 0.466309
v 1.217630 -0.100000 0.470222
v 1.184094 -0.100000 0.473969
v 1.151870 -0.100000 0.477528
v 1.121119 -0.100000 0.480878
v 1.092000 -0.100000 0.484000
v 1.082000 -0.100000 0.418000
v 1.299000 -0.100000 0.398000
v 1.299000 -0.100000 0.311000
v 1.109000 -0.100000 0.311000
v 1.109000 -0.100000 0.253000
v 1.299000 -0.100000 0.253000
v 1.299000 -0.100000 0.192000
v 1.112000 -0.100000 0.192000
v 1.112000 -0.100000 -0.107000
v 1.299000 -0.100000 -0.107000
v 1.299000 -0.100000 -0.170000
v 1.082000 -0.100000 -0.170000
v 1.082000 -0.100000 -0.229000
v 1.299000 -0.100000 -0.229000
v 1.299000 -0.100000 -0.296000
v 1.282983 -0.100000 -0.294772
v 1.266949 -0.100000 -0.293588
v 1.250922 -0.100000 -0.292453
v 1.234926 -0.100000 -0.291370
v 1.218986 -0.100000 -0.290343
v 1.203125 -0.100000 -0.289375
v 1.187369 -0.100000 -0.288469
v 1.171741 -0.100000 -0.287630
v 1.156266 -0.100000 -0.286859
v 1.140968 -0.100000 -0.286162
v 1.125871 -0.100000 -0.285541
v 1.111000 -0.100000 -0.285000
v 1.110149 -0.100000 -0.289157
v 1.109111 -0.100000 -0.293593
v 1.107906 -0.100000 -0.298250
v 1.106555 -0.100000 -0.303074
v 1.105079 -0.100000 -0.308009
v 1.103500 -0.100000 -0.313000
v 1.101836 -0.100000 -0.317991
v 1.100111 -0.100000 -0.322926
v 1.098344 -0.100000 -0.327750
v 1.096555 -0.100000 -0.332407
v 1.094767 -0.100000 -0.336843
v 1.093000 -0.100000 -0.341000
v 1.130644 -0.100000 -0.342976
v 1.169315 -0.100000 -0.345394
v 1.208625 -0.100000 -0.348234
v 1.248185 -0.100000 -0.351481
v 1.287606 -0.100000 -0.355117
v 1.326500 -0.100000 -0.359125
v 1.364477 -0.100000 -0.363487
v 1.401148 -0.100000 -0.368185
v 1.436125 -0.100000 -0.373203
v 1.469019 -0.100000 -0.378523
v 1.499440 -0.100000 -0.384128
v 1.527000 -0.100000 -0.390000
v 1.564000 -0.100000 -0.332000
v 1.550195 -0.100000 -0.329061
v 1.535802 -0.100000 -0.326241
v 1.520860 -0.100000 -0.323531
v 1.505408 -0.100000 -0.320926
v 1.489484 -0.100000 -0.318418
v 1.473126 -0.100000 -0.316000
v 1.456372 -0.100000 -0.313666
v 1.439260 -0.100000 -0.311407
v 1.421829 -0.100000 -0.309219
v 1.404116 -0.100000 -0.307093
v 1.386161 -0.100000 -0.305022
v 1.368000 -0.100000 -0.303000
v 1.368000 -0.100000 -0.229000
v 1.582000 -0.100000 -0.229000
v 1.582000 -0.100000 -0.170000
v 1.368000 -0.100000 -0.170000
v 1.368000 -0.100000 -0.107000
v 1.563000 -0.100000 -0.107000
v 1.563000 -0.100000 0.192000
v 1.368000 -0.100000 0.192000
v 1.368000 -0.100000 0.253000
v 1.565000 -0.100000 0.253000
v 1.565000 -0.100000 0.311000
v 1.368000 -0.100000 0.311000
v 1.368000 -0.100000 0.391000
v 1.569000 -0.100000 0.370000
v 1.569000 -0.100000 0.374000
v 1.589504 -0.100000 0.343344
v 1.607620 -0.100000 0.310917
v 1.623500 -0.100000 0.276781
v 1.637296 -0.100000 0.241000
v 1.649162 -0.100000 0.203635
v 1.659250 -0.100000 0.164750
v 1.667712 -0.100000 0.124406
v 1.674703 -0.100000 0.082667
v 1.680375 -0.100000 0.039594
v 1.684880 -0.100000 -0.004750
v 1.688370 -0.100000 -0.050302
v 1.691000 -0.100000 -0.097000
v 1.574000 -0.100000 -0.097000
v 1.574000 -0.100000 -0.166000
v 1.693000 -0.100000 -0.166000
v 1.693460 -0.100000 -0.183812
v 1.693843 -0.100000 -0.201746
v 1.694157 -0.100000 -0.219797
v 1.694408 -0.100000 -0.237963
v 1.694604 -0.100000 -0.256240
v 1.694751 -0.100000 -0.274625
v 1.694856 -0.100000 -0.293114
v 1.694927 -0.100000 -0.311704
v 1.694969 -0.100000 -0.330391
v 1.694991 -0.100000 -0.349171
v 1.694999 -0.100000 -0.368042
v 1.695000 -0.100000 -0.387000
v 1.768000 -0.100000 -0.387000
v 1.299000 -0.100000 0.140000
v 1.299000 -0.100000 0.067000
v 1.174000 -0.100000 0.067000
v 1.174000 -0.100000 0.140000
v 1.499000 -0.100000 0.140000
v 1.499000 -0.100000 0.067000
v 1.368000 -0.100000 0.067000
v 1.368000 -0.100000 0.140000
v 1.299000 -0.100000 0.017000
v 1.299000 -0.100000 -0.055000
v 1.174000 -0.100000 -0.055000
v 1.174000 -0.100000 0.017000
v 1.499000 -0.100000 0.017000
v 1.499000 -0.100000 -0.055000
v 1.368000 -0.100000 -0.055000
v 1.368000 -0.100000 0.017000
v 0.418357 -0.100000 -0.327521
v 0.409440 -0.100000 -0.324088
v 0.400266 -0.100000 -0.320703
v 0.390852 -0.100000 -0.317370
v 0.381216 -0.100000 -0.314093
v 0.371375 -0.100000 -0.310875
v 0.361347 -0.100000 -0.307719
v 0.351148 -0.100000 -0.304630
v 0.340797 -0.100000 -0.301609
v 0.330310 -0.100000 -0.298662
v 0.319706 -0.100000 -0.295791
v 0.309000 -0.100000 -0.293000
v 0.309000 -0.100000 -0.113000
v 0.432000 -0.100000 -0.113000
v 0.432000 -0.100000 -0.043000
v 0.309000 -0.100000 -0.043000
v 0.309000 -0.100000 -0.020000
v 0.316308 -0.100000 -0.011585
v 0.325468 -0.100000 -0.000681
v 0.336078 -0.100000 0.012203
v 0.347741 -0.100000 0.026556
v 0.360056 -0.100000 0.041866
v 0.372625 -0.100000 0.057625
v 0.385048 -0.100000 0.073321
v 0.396926 -0.100000 0.088444
v 0.407860 -0.100000 0.102484
v 0.417449 -0.100000 0.114931
v 0.425296 -0.100000 0.125273
v 0.431000 -0.100000 0.133000
v 0.387000 -0.100000 0.193000
v 0.383078 -0.100000 0.184940
v 0.378375 -0.100000 0.175856
v 0.372984 -0.100000 0.165891
v 0.367000 -0.100000 0.155185
v 0.360516 -0.100000 0.143883
v 0.353625 -0.100000 0.132125
v 0.346422 -0.100000 0.120055
v 0.339000 -0.100000 0.107815
v 0.331453 -0.100000 0.095547
v 0.323875 -0.100000 0.083393
v 0.316360 -0.100000 0.071497
v 0.309000 -0.100000 0.060000
v 0.309000 -0.100000 0.521000
v 0.239000 -0.100000 0.521000
v 0.239000 -0.100000 0.075000
v 0.229798 -0.100000 0.100707
v 0.220213 -0.100000 0.126241
v 0.210281 -0.100000 0.151469
v 0.200037 -0.100000 0.176259
v 0.189515 -0.100000 0.200480
v 0.178750 -0.100000 0.224000
v 0.167777 -0.100000 0.246686
v 0.156630 -0.100000 0.268407
v 0.145344 -0.100000 0.289031
v 0.133954 -0.100000 0.308426
v 0.122494 -0.100000 0.326459
v 0.111000 -0.100000 0.343000
v 0.108801 -0.100000 0.337575
v 0.106241 -0.100000 0.331847
v 0.103375 -0.100000 0.325891
v 0.100259 -0.100000 0.319778
v 0.096949 -0.100000 0.313582
v 0.093500 -0.100000 0.307375
v 0.089967 -0.100000 0.301231
v 0.086407 -0.100000 0.295222
v 0.082875 -0.100000 0.289422
v 0.079426 -0.100000 0.283903
v 0.076116 -0.100000 0.278738
v 0.073000 -0.100000 0.274000
v 0.087068 -0.100000 0.254815
v 0.101200 -0.100000 0.233435
v 0.115298 -0.100000 0.210125
v 0.129260 -0.100000 0.185148
v 0.142986 -0.100000 0.158768
v 0.156376 -0.100000 0.131250
v 0.169327 -0.100000 0.102856
v 0.181741 -0.100000 0.073852
v 0.193516 -0.100000 0.044500
v 0.204551 -0.100000 0.015065
v 0.214746 -0.100000 -0.014190
v 0.224000 -0.100000 -0.043000
v 0.087000 -0.100000 -0.043000
v 0.087000 -0.100000 -0.113000
v 0.239000 -0.100000 -0.113000
v 0.239000 -0.100000 -0.276000
v 0.228752 -0.100000 -0.273791
v 0.218514 -0.100000 -0.271662
v 0.208297 -0.100000 -0.269609
v 0.198111 -0.100000 -0.267630
v 0.187967 -0.100000 -0.265719
v 0.177875 -0.100000 -0.263875
v 0.167845 -0.100000 -0.262093
v 0.157889 -0.100000 -0.260370
v 0.148016 -0.100000 -0.258703
v 0.138236 -0.100000 -0.257088
v 0.128561 -0.100000 -0.255521
v 0.119000 -0.100000 -0.254000
v 0.118109 -0.100000 -0.258178
v 0.116953 -0.100000 -0.262671
v 0.115562 -0.100000 -0.267422
v 0.113963 -0.100000 -0.272370
v 0.112183 -0.100000 -0.277458
v 0.110250 -0.100000 -0.282625
v 0.108192 -0.100000 -0.287813
v 0.106037 -0.100000 -0.292963
v 0.103812 -0.100000 -0.298016
v 0.101546 -0.100000 -0.302912
v 0.099266 -0.100000 -0.307593
v 0.097000 -0.100000 -0.312000
v 0.122296 -0.100000 -0.316954
v 0.148033 -0.100000 -0.322296
v 0.173985 -0.100000 -0.328000
v 0.199926 -0.100000 -0.334037
v 0.225632 -0.100000 -0.340380
v 0.250875 -0.100000 -0.347000
v 0.275431 -0.100000 -0.353870
v 0.299074 -0.100000 -0.360963
v 0.321579 -0.100000 -0.368250
v 0.342718 -0.100000 -0.375704
v 0.362267 -0.100000 -0.383296
v 0.380000 -0.100000 -0.391000
v 0.427000 -0.100000 -0.331000
v 0.614615 -0.100000 -0.181050
v 0.623421 -0.100000 -0.175731
v 0.632360 -0.100000 -0.170094
v 0.641371 -0.100000 -0.164185
v 0.650395 -0.100000 -0.158054
v 0.659375 -0.100000 -0.151750
v 0.668251 -0.100000 -0.145321
v 0.676963 -0.100000 -0.138815
v 0.685453 -0.100000 -0.132281
v 0.693662 -0.100000 -0.125769
v 0.701531 -0.100000 -0.119325
v 0.709000 -0.100000 -0.113000
v 0.721851 -0.100000 -0.122126
v 0.734389 -0.100000 -0.131505
v 0.746594 -0.100000 -0.141141
v 0.758445 -0.100000 -0.151037
v 0.769920 -0.100000 -0.161197
v 0.781000 -0.100000 -0.171625
v 0.791663 -0.100000 -0.182324
v 0.801889 -0.100000 -0.193296
v 0.811656 -0.100000 -0.204547
v 0.820945 -0.100000 -0.216079
v 0.829733 -0.100000 -0.227895
v 0.838000 -0.100000 -0.240000
v 0.629000 -0.100000 -0.240000
v 0.617603 -0.100000 -0.230043
v 0.605907 -0.100000 -0.220181
v 0.593906 -0.100000 -0.210422
v 0.581593 -0.100000 -0.200778
v 0.568960 -0.100000 -0.191259
v 0.556000 -0.100000 -0.181875
v 0.542707 -0.100000 -0.172637
v 0.529074 -0.100000 -0.163556
v 0.515094 -0.100000 -0.154641
v 0.500760 -0.100000 -0.145903
v 0.486064 -0.100000 -0.137352
v 0.471000 -0.100000 -0.129000
v 0.467782 -0.100000 -0.133174
v 0.464167 -0.100000 -0.137639
v 0.460219 -0.100000 -0.142313
v 0.456000 -0.100000 -0.147111
v 0.451573 -0.100000 -0.151951
v 0.447000 -0.100000 -0.156750
v 0.442344 -0.100000 -0.161424
v 0.437667 -0.100000 -0.165889
v 0.433031 -0.100000 -0.170062
v 0.428500 -0.100000 -0.173861
v 0.424136 -0.100000 -0.177201
v 0.420000 -0.100000 -0.180000
v 0.450266 -0.100000 -0.195730
v 0.479042 -0.100000 -0.212338
v 0.506297 -0.100000 -0.229703
v 0.532000 -0.100000 -0.247704
v 0.556120 -0.100000 -0.266218
v 0.578625 -0.100000 -0.285125
v 0.599485 -0.100000 -0.304303
v 0.618667 -0.100000 -0.323630
v 0.636141 -0.100000 -0.342984
v 0.651875 -0.100000 -0.362245
v 0.665839 -0.100000 -0.381291
v 0.678000 -0.100000 -0.400000
v 0.755000 -0.100000 -0.385000
v 0.750438 -0.100000 -0.378250
v 0.745755 -0.100000 -0.371500
v 0.740953 -0.100000 -0.364750
v 0.736037 -0.100000 -0.358000
v 0.731010 -0.100000 -0.351250
v 0.725875 -0.100000 -0.344500
v 0.720636 -0.100000 -0.337750
v 0.715297 -0.100000 -0.331000
v 0.709860 -0.100000 -0.324250
v 0.704329 -0.100000 -0.317500
v 0.698708 -0.100000 -0.310750
v 0.693000 -0.100000 -0.304000
v 0.881000 -0.100000 -0.304000
v 0.894000 -0.100000 -0.307000
v 0.942000 -0.100000 -0.283000
v 0.918309 -0.100000 -0.237442
v 0.890472 -0.100000 -0.195204
v 0.858844 -0.100000 -0.156188
v 0.823778 -0.100000 -0.120296
v 0.785629 -0.100000 -0.087433
v 0.744750 -0.100000 -0.057500
v 0.701497 -0.100000 -0.030400
v 0.656222 -0.100000 -0.006037
v 0.609281 -0.100000 0.015687
v 0.561028 -0.100000 0.034870
v 0.511816 -0.100000 0.051609
v 0.462000 -0.100000 0.066000
v 0.459800 -0.100000 0.061364
v 0.457236 -0.100000 0.056495
v 0.454359 -0.100000 0.051453
v 0.451222 -0.100000 0.046296
v 0.447877 -0.100000 0.041084
v 0.444375 -0.100000 0.035875
v 0.440769 -0.100000 0.030729
v 0.437111 -0.100000 0.025704
v 0.433453 -0.100000 0.020859
v 0.429847 -0.100000 0.016255
v 0.426346 -0.100000 0.011948
v 0.423000 -0.100000 0.008000
v 0.442495 -0.100000 0.003292
v 0.461958 -0.100000 -0.001833
v 0.481359 -0.100000 -0.007375
v 0.500667 -0.100000 -0.013333
v 0.519849 -0.100000 -0.019708
v 0.538875 -0.100000 -0.026500
v 0.557714 -0.100000 -0.033708
v 0.576334 -0.100000 -0.041333
v 0.594703 -0.100000 -0.049375
v 0.612792 -0.100000 -0.057833
v 0.630568 -0.100000 -0.066708
v 0.648000 -0.100000 -0.076000
v 0.641050 -0.100000 -0.082306
v 0.633732 -0.100000 -0.088699
v 0.626094 -0.100000 -0.095141
v 0.618186 -0.100000 -0.101593
v 0.610055 -0.100000 -0.108017
v 0.601750 -0.100000 -0.114375
v 0.593321 -0.100000 -0.120629
v 0.584815 -0.100000 -0.126741
v 0.576282 -0.100000 -0.132672
v 0.567769 -0.100000 -0.138384
v 0.559326 -0.100000 -0.143840
v 0.551000 -0.100000 -0.149000
v 0.606000 -0.100000 -0.186000
v 0.664844 -0.100000 0.213951
v 0.674834 -0.100000 0.220273
v 0.684906 -0.100000 0.226922
v 0.695000 -0.100000 0.233852
v 0.705052 -0.100000 0.241018
v 0.715000 -0.100000 0.248375
v 0.724782 -0.100000 0.255878
v 0.734334 -0.100000 0.263481
v 0.743594 -0.100000 0.271141
v 0.752500 -0.100000 0.278810
v 0.760990 -0.100000 0.286445
v 0.769000 -0.100000 0.294000
v 0.782540 -0.100000 0.281792
v 0.795653 -0.100000 0.269167
v 0.808328 -0.100000 0.256125
v 0.820556 -0.100000 0.242667
v 0.832325 -0.100000 0.228792
v 0.843625 -0.100000 0.214500
v 0.854446 -0.100000 0.199792
v 0.864778 -0.100000 0.184667
v 0.874610 -0.100000 0.169125
v 0.883931 -0.100000 0.153167
v 0.892731 -0.100000 0.136792
v 0.901000 -0.100000 0.120000
v 0.704000 -0.100000 0.120000
v 0.688957 -0.100000 0.134414
v 0.673324 -0.100000 0.148644
v 0.657094 -0.100000 0.162672
v 0.640259 -0.100000 0.176481
v 0.622814 -0.100000 0.190055
v 0.604750 -0.100000 0.203375
v 0.586061 -0.100000 0.216424
v 0.566741 -0.100000 0.229185
v 0.546782 -0.100000 0.241641
v 0.526176 -0.100000 0.253773
v 0.504918 -0.100000 0.265565
v 0.483000 -0.100000 0.277000
v 0.480050 -0.100000 0.272826
v 0.476732 -0.100000 0.268356
v 0.473094 -0.100000 0.263672
v 0.469185 -0.100000 0.258852
v 0.465055 -0.100000 0.253976
v 0.460750 -0.100000 0.249125
v 0.456321 -0.100000 0.244378
v 0.451815 -0.100000 0.239815
v 0.447281 -0.100000 0.235516
v 0.442769 -0.100000 0.231560
v 0.438325 -0.100000 0.228028
v 0.434000 -0.100000 0.225000
v 0.470767 -0.100000 0.206859
v 0.505551 -0.100000 0.187537
v 0.538328 -0.100000 0.167187
v 0.569074 -0.100000 0.145963
v 0.597765 -0.100000 0.124016
v 0.624375 -0.100000 0.101500
v 0.648882 -0.100000 0.078567
v 0.671260 -0.100000 0.055370
v 0.691485 -0.100000 0.032062
v 0.709533 -0.100000 0.008796
v 0.725379 -0.100000 -0.014275
v 0.739000 -0.100000 -0.037000
v 0.816000 -0.100000 -0.022000
v 0.811978 -0.100000 -0.015501
v 0.807903 -0.100000 -0.009005
v 0.803766 -0.100000 -0.002516
v 0.799556 -0.100000 0.003963
v 0.795263 -0.100000 0.010428
v 0.790875 -0.100000 0.016875
v 0.786384 -0.100000 0.023301
v 0.781778 -0.100000 0.029704
v 0.777047 -0.100000 0.036078
v 0.772181 -0.100000 0.042421
v 0.767169 -0.100000 0.048730
v 0.762000 -0.100000 0.055000
v 0.936000 -0.100000 0.055000
v 0.949000 -0.100000 0.052000
v 0.998000 -0.100000 0.074000
v 0.973252 -0.100000 0.136995
v 0.943264 -0.100000 0.194625
v 0.908422 -0.100000 0.247109
v 0.869111 -0.100000 0.294667
v 0.825717 -0.100000 0.337516
v 0.778625 -0.100000 0.375875
v 0.728221 -0.100000 0.409964
v 0.674889 -0.100000 0.440000
v 0.619016 -0.100000 0.466203
v 0.560987 -0.100000 0.488792
v 0.501186 -0.100000 0.507984
v 0.440000 -0.100000 0.524000
v 0.437800 -0.100000 0.519094
v 0.435236 -0.100000 0.513921
v 0.432359 -0.100000 0.508547
v 0.429222 -0.100000 0.503037
v 0.425877 -0.100000 0.497458
v 0.422375 -0.100000 0.491875
v 0.418769 -0.100000 0.486355
v 0.415111 -0.100000 0.480963
v 0.411453 -0.100000 0.475766
v 0.407847 -0.100000 0.470829
v 0.404346 -0.100000 0.466218
v 0.401000 -0.100000 0.462000
v 0.428929 -0.100000 0.456103
v 0.456681 -0.100000 0.449407
v 0.484204 -0.100000 0.441906
v 0.511445 -0.100000 0.433593
v 0.538353 -0.100000 0.424459
v 0.564875 -0.100000 0.414500
v 0.590961 -0.100000 0.403707
v 0.616556 -0.100000 0.392074
v 0.641610 -0.100000 0.379594
v 0.666070 -0.100000 0.366259
v 0.689884 -0.100000 0.352064
v 0.713000 -0.100000 0.337000
v 0.704990 -0.100000 0.329385
v 0.696500 -0.100000 0.321579
v 0.687594 -0.100000 0.313641
v 0.678334 -0.100000 0.305630
v 0.668782 -0.100000 0.297605
v 0.659000 -0.100000 0.289625
v 0.649052 -0.100000 0.281749
v 0.639000 -0.100000 0.274037
v 0.628906 -0.100000 0.266547
v 0.618834 -0.100000 0.259338
v 0.608844 -0.100000 0.252469
v 0.599000 -0.100000 0.246000
v 0.655000 -0.100000 0.208000
v -0.623043 -0.100000 -0.237336
v -0.623176 -0.100000 -0.245273
v -0.623406 -0.100000 -0.253703
v -0.623741 -0.100000 -0.262518
v -0.624186 -0.100000 -0.271612
v -0.624750 -0.100000 -0.280875
v -0.625438 -0.100000 -0.290201
v -0.626259 -0.100000 -0.299481
v -0.627218 -0.100000 -0.308609
v -0.628324 -0.100000 -0.317477
v -0.629582 -0.100000 -0.325976
v -0.631000 -0.100000 -0.334000
v -0.533000 -0.100000 -0.334000
v -0.533768 -0.100000 -0.326015
v -0.534560 -0.100000 -0.317616
v -0.535359 -0.100000 -0.308891
v -0.536148 -0.100000 -0.299926
v -0.536909 -0.100000 -0.290808
v -0.537625 -0.100000 -0.281625
v -0.538278 -0.100000 -0.272462
v -0.538851 -0.100000 -0.263407
v -0.539328 -0.100000 -0.254547
v -0.539690 -0.100000 -0.245968
v -0.539919 -0.100000 -0.237756
v -0.540000 -0.100000 -0.230000
v -0.540000 -0.100000 -0.067000
v -0.505874 -0.100000 -0.056363
v -0.469828 -0.100000 -0.044569
v -0.432359 -0.100000 -0.031797
v -0.393963 -0.100000 -0.018222
v -0.355136 -0.100000 -0.004023
v -0.316375 -0.100000 0.010625
v -0.278176 -0.100000 0.025543
v -0.241037 -0.100000 0.040556
v -0.205453 -0.100000 0.055484
v -0.171921 -0.100000 0.070153
v -0.140938 -0.100000 0.084384
v -0.113000 -0.100000 0.098000
v -0.147000 -0.100000 0.183000
v -0.175510 -0.100000 0.168106
v -0.206250 -0.100000 0.153019
v -0.238781 -0.100000 0.137875
v -0.272666 -0.100000 0.122815
v -0.307468 -0.100000 0.107977
v -0.342750 -0.100000 0.093500
v -0.378073 -0.100000 0.079523
v -0.413000 -0.100000 0.066185
v -0.447093 -0.100000 0.053625
v -0.479916 -0.100000 0.041981
v -0.511031 -0.100000 0.031393
v -0.540000 -0.100000 0.022000
v -0.539000 -0.100000 0.352000
v -0.538958 -0.100000 0.360204
v -0.538833 -0.100000 0.369213
v -0.538624 -0.100000 0.378875
v -0.538333 -0.100000 0.389037
v -0.537958 -0.100000 0.399546
v -0.537499 -0.100000 0.410250
v -0.536958 -0.100000 0.420995
v -0.536333 -0.100000 0.431630
v -0.535625 -0.100000 0.442000
v -0.534833 -0.100000 0.451954
v -0.533958 -0.100000 0.461338
v -0.533000 -0.100000 0.470000
v -0.630000 -0.100000 0.470000
v -0.628812 -0.100000 0.461663
v -0.627745 -0.100000 0.452718
v -0.626797 -0.100000 0.443266
v -0.625963 -0.100000 0.433407
v -0.625240 -0.100000 0.423244
v -0.624625 -0.100000 0.412875
v -0.624114 -0.100000 0.402402
v -0.623703 -0.100000 0.391926
v -0.623390 -0.100000 0.381547
v -0.623171 -0.100000 0.371366
v -0.623042 -0.100000 0.361483
v -0.623000 -0.100000 0.352000
v -0.623000 -0.100000 0.330389
v -0.623000 -0.100000 0.295278
v -0.623000 -0.100000 0.249250
v -0.623000 -0.100000 0.194889
v -0.623000 -0.100000 0.134778
v -0.623000 -0.100000 0.071500
v -0.623000 -0.100000 0.007639
v -0.623000 -0.100000 -0.054222
v -0.623000 -0.100000 -0.111500
v -0.623000 -0.100000 -0.161611
v -0.623000 -0.100000 -0.201972
v -0.623000 -0.100000 -0.230000
v -1.694085 -0.100000 0.012000
v -1.657852 -0.100000 0.012000
v -1.612562 -0.100000 0.012000
v -1.560481 -0.100000 0.012000
v -1.503873 -0.100000 0.012000
v -1.445000 -0.100000 0.012000
v -1.386127 -0.100000 0.012000
v -1.329518 -0.100000 0.012000
v -1.277437 -0.100000 0.012000
v -1.232148 -0.100000 0.012000
v -1.195914 -0.100000 0.012000
v -1.171000 -0.100000 0.012000
v -1.158792 -0.100000 0.011940
v -1.147166 -0.100000 0.011769
v -1.136125 -0.100000 0.011500
v -1.125666 -0.100000 0.011148
v -1.115791 -0.100000 0.010727
v -1.106500 -0.100000 0.010250
v -1.097791 -0.100000 0.009732
v -1.089666 -0.100000 0.009185
v -1.082125 -0.100000 0.008625
v -1.075166 -0.100000 0.008065
v -1.068791 -0.100000 0.007519
v -1.063000 -0.100000 0.007000
v -1.063000 -0.100000 0.105000
v -1.068447 -0.100000 0.104692
v -1.074745 -0.100000 0.104282
v -1.081828 -0.100000 0.103797
v -1.089630 -0.100000 0.103259
v -1.098084 -0.100000 0.102694
v -1.107125 -0.100000 0.102125
v -1.116687 -0.100000 0.101577
v -1.126704 -0.100000 0.101074
v -1.137109 -0.100000 0.100641
v -1.147838 -0.100000 0.100301
v -1.158823 -0.100000 0.100079
v -1.170000 -0.100000 0.100000
v -1.195125 -0.100000 0.100000
v -1.231500 -0.100000 0.100000
v -1.276875 -0.100000 0.100000
v -1.329000 -0.100000 0.100000
v -1.385625 -0.100000 0.100000
v -1.444500 -0.100000 0.100000
v -1.503375 -0.100000 0.100000
v -1.560000 -0.100000 0.100000
v -1.612125 -0.100000 0.100000
v -1.657500 -0.100000 0.100000
v -1.693875 -0.100000 0.100000
v -1.719000 -0.100000 0.100000
v -1.732697 -0.100000 0.100041
v -1.746241 -0.100000 0.100162
v -1.759562 -0.100000 0.100359
v -1.772593 -0.100000 0.100630
v -1.785262 -0.100000 0.100969
v -1.797500 -0.100000 0.101375
v -1.809238 -0.100000 0.101843
v -1.820407 -0.100000 0.102370
v -1.830937 -0.100000 0.102953
v -1.840759 -0.100000 0.103588
v -1.849803 -0.100000 0.104271
v -1.858000 -0.100000 0.105000
v -1.858000 -0.100000 0.007000
v -1.850032 -0.100000 0.007518
v -1.841176 -0.100000 0.008065
v -1.831500 -0.100000 0.008625
v -1.821074 -0.100000 0.009185
v -1.809967 -0.100000 0.009731
v -1.798250 -0.100000 0.010250
v -1.785990 -0.100000 0.010727
v -1.773259 -0.100000 0.011148
v -1.760125 -0.100000 0.011500
v -1.746657 -0.100000 0.011768
v -1.732926 -0.100000 0.011940
v -1.719000 -0.100000 0.012000
v -2.743000 -0.100000 -0.086000
v -2.751400 -0.100000 -0.085979
v -2.759615 -0.100000 -0.085917
v -2.767672 -0.100000 -0.085813
v -2.775592 -0.100000 -0.085667
v -2.783402 -0.100000 -0.085479
v -2.791125 -0.100000 -0.085250
v -2.798785 -0.100000 -0.084979
v -2.806407 -0.100000 -0.084667
v -2.814015 -0.100000 -0.084312
v -2.821634 -0.100000 -0.083917
v -2.829288 -0.100000 -0.083479
v -2.837000 -0.100000 -0.083000
v -2.837000 -0.100000 -0.168000
v -2.829690 -0.100000 -0.167252
v -2.822268 -0.100000 -0.166514
v -2.814750 -0.100000 -0.165797
v -2.807148 -0.100000 -0.165111
v -2.799477 -0.100000 -0.164467
v -2.791750 -0.100000 -0.163875
v -2.783981 -0.100000 -0.163345
v -2.776185 -0.100000 -0.162889
v -2.768375 -0.100000 -0.162516
v -2.760565 -0.100000 -0.162236
v -2.752768 -0.100000 -0.162061
v -2.745000 -0.100000 -0.162000
v -2.381000 -0.100000 -0.162000
v -2.384000 -0.100000 -0.259000
v -2.384731 -0.100000 -0.268234
v -2.385430 -0.100000 -0.276958
v -2.386109 -0.100000 -0.285203
v -2.386778 -0.100000 -0.293000
v -2.387446 -0.100000 -0.300380
v -2.388125 -0.100000 -0.307375
v -2.388824 -0.100000 -0.314016
v -2.389555 -0.100000 -0.320333
v -2.390328 -0.100000 -0.326359
v -2.391153 -0.100000 -0.332125
v -2.392040 -0.100000 -0.337662
v -2.393000 -0.100000 -0.343000
v -2.300000 -0.100000 -0.343000
v -2.300958 -0.100000 -0.336000
v -2.301833 -0.100000 -0.329000
v -2.302625 -0.100000 -0.322000
v -2.303333 -0.100000 -0.315000
v -2.303958 -0.100000 -0.308000
v -2.304500 -0.100000 -0.301000
v -2.304958 -0.100000 -0.294000
v -2.305333 -0.100000 -0.287000
v -2.305625 -0.100000 -0.280000
v -2.305833 -0.100000 -0.273000
v -2.305958 -0.100000 -0.266000
v -2.306000 -0.100000 -0.259000
v -2.304000 -0.100000 -0.162000
v -2.147000 -0.100000 -0.162000
v -2.140247 -0.100000 -0.162080
v -2.133065 -0.100000 -0.162306
v -2.125562 -0.100000 -0.162656
v -2.117852 -0.100000 -0.163111
v -2.110044 -0.100000 -0.163649
v -2.102250 -0.100000 -0.164250
v -2.094581 -0.100000 -0.164892
v -2.087148 -0.100000 -0.165556
v -2.080062 -0.100000 -0.166219
v -2.073435 -0.100000 -0.166861
v -2.067377 -0.100000 -0.167462
v -2.062000 -0.100000 -0.168000
v -2.062000 -0.100000 -0.084000
v -2.067986 -0.100000 -0.084249
v -2.074393 -0.100000 -0.084495
v -2.081141 -0.100000 -0.084734
v -2.088148 -0.100000 -0.084963
v -2.095336 -0.100000 -0.085178
v -2.102625 -0.100000 -0.085375
v -2.109934 -0.100000 -0.085552
v -2.117185 -0.100000 -0.085704
v -2.124297 -0.100000 -0.085828
v -2.131190 -0.100000 -0.085921
v -2.137784 -0.100000 -0.085980
v -2.144000 -0.100000 -0.086000
v -2.303000 -0.100000 -0.086000
v -2.302251 -0.100000 -0.047550
v -2.301509 -0.100000 -0.007486
v -2.300781 -0.100000 0.033766
v -2.300074 -0.100000 0.075778
v -2.299395 -0.100000 0.118123
v -2.298750 -0.100000 0.160375
v -2.298147 -0.100000 0.202106
v -2.297592 -0.100000 0.242889
v -2.297094 -0.100000 0.282297
v -2.296657 -0.100000 0.319903
v -2.296290 -0.100000 0.355280
v -2.296000 -0.100000 0.388000
v -2.296644 -0.100000 0.400498
v -2.298574 -0.100000 0.411981
v -2.301781 -0.100000 0.422437
v -2.306259 -0.100000 0.431852
v -2.312001 -0.100000 0.440211
v -2.319000 -0.100000 0.447500
v -2.327249 -0.100000 0.453706
v -2.336740 -0.100000 0.458815
v -2.347468 -0.100000 0.462812
v -2.359426 -0.100000 0.465685
v -2.372605 -0.100000 0.467419
v -2.387000 -0.100000 0.468000
v -2.400136 -0.100000 0.467958
v -2.413505 -0.100000 0.467833
v -2.427047 -0.100000 0.467625
v -2.440704 -0.100000 0.467333
v -2.454416 -0.100000 0.466958
v -2.468125 -0.100000 0.466500
v -2.481771 -0.100000 0.465958
v -2.495296 -0.100000 0.465333
v -2.508640 -0.100000 0.464625
v -2.521745 -0.100000 0.463833
v -2.534551 -0.100000 0.462958
v -2.547000 -0.100000 0.462000
v -2.554000 -0.100000 0.380000
v -2.541849 -0.100000 0.381917
v -2.529458 -0.100000 0.383667
v -2.516922 -0.100000 0.385250
v -2.504333 -0.100000 0.386667
v -2.491786 -0.100000 0.387917
v -2.479375 -0.100000 0.389000
v -2.467192 -0.100000 0.389917
v -2.455333 -0.100000 0.390667
v -2.443890 -0.100000 0.391250
v -2.432958 -0.100000 0.391667
v -2.422630 -0.100000 0.391917
v -2.413000 -0.100000 0.392000
v -2.406180 -0.100000 0.391729
v -2.400189 -0.100000 0.390912
v -2.394984 -0.100000 0.389547
v -2.390518 -0.100000 0.387630
v -2.386747 -0.100000 0.385157
v -2.383625 -0.100000 0.382125
v -2.381107 -0.100000 0.378531
v -2.379148 -0.100000 0.374370
v -2.377703 -0.100000 0.369641
v -2.376727 -0.100000 0.364338
v -2.376174 -0.100000 0.358459
v -2.376000 -0.100000 0.352000
v -2.379000 -0.100000 -0.011000
v -2.401616 -0.100000 0.019352
v -2.427759 -0.100000 0.051153
v -2.457125 -0.100000 0.084016
v -2.489407 -0.100000 0.117556
v -2.524301 -0.100000 0.151387
v -2.561500 -0.100000 0.185125
v -2.600699 -0.100000 0.218384
v -2.641593 -0.100000 0.250778
v -2.683875 -0.100000 0.281922
v -2.727241 -0.100000 0.311431
v -2.771384 -0.100000 0.338918
v -2.816000 -0.100000 0.364000
v -2.874000 -0.100000 0.299000
v -2.823813 -0.100000 0.272919
v -2.774926 -0.100000 0.244440
v -2.727594 -0.100000 0.213953
v -2.682074 -0.100000 0.181852
v -2.638624 -0.100000 0.148528
v -2.597500 -0.100000 0.114375
v -2.558959 -0.100000 0.079784
v -2.523259 -0.100000 0.045148
v -2.490656 -0.100000 0.010859
v -2.461407 -0.100000 -0.022690
v -2.435770 -0.100000 -0.055107
v -2.414000 -0.100000 -0.086000
v -2.743000 -0.100000 -0.086000
v -2.743000 0.100000 -0.086000
v -2.751400 -0.100000 -0.085979
v -2.751400 0.100000 -0.085979
v -2.759615 -0.100000 -0.085917
v -2.759615 0.100000 -0.085917
v -2.767672 -0.100000 -0.085813
v -2.767672 0.100000 -0.085813
v -2.775592 -0.100000 -0.085667
v -2.775592 0.100000 -0.085667
v -2.783402 -0.100000 -0.085479
v -2.783402 0.100000 -0.085479
v -2.791125 -0.100000 -0.085250
v -2.791125 0.100000 -0.085250
v -2.798785 -0.100000 -0.084979
v -2.798785 0.100000 -0.084979
v -2.806407 -0.100000 -0.084667
v -2.806407 0.100000 -0.084667
v -2.814015 -0.100000 -0.084312
v -2.814015 0.100000 -0.084312
v -2.821634 -0.100000 -0.083917
v -2.821634 0.100000 -0.083917
v -2.829288 -0.100000 -0.083479
v -2.829288 0.100000 -0.083479
v -2.837000 -0.100000 -0.083000
v -2.837000 0.100000 -0.083000
v -2.837000 -0.100000 -0.168000
v -2.837000 0.100000 -0.168000
v -2.829690 -0.100000 -0.167252
v -2.829690 0.100000 -0.167252
v -2.822268 -0.100000 -0.166514
v -2.822268 0.100000 -0.166514
v -2.814750 -0.100000 -0.165797
v -2.814750 0.100000 -0.165797
v -2.807148 -0.100000 -0.165111
v -2.807148 0.100000 -0.165111
v -2.799477 -0.100000 -0.164467
v -2.799477 0.100000 -0.164467
v -2.791750 -0.100000 -0.163875
v -2.791750 0.100000 -0.163875
v -2.783981 -0.100000 -0.163345
v -2.783981 0.100000 -0.163345
v -2.776185 -0.100000 -0.162889
v -2.776185 0.100000 -0.162889
v -2.768375 -0.100000 -0.162516
v -2.768375 0.100000 -0.162516
v -2.760565 -0.100000 -0.162236
v -2.760565 0.100000 -0.162236
v -2.752768 -0.100000 -0.162061
v -2.752768 0.100000 -0.162061
v -2.745000 -0.100000 -0.162000
v -2.745000 0.100000 -0.162000
v -2.381000 -0.100000 -0.162000
v -2.381000 0.100000 -0.162000
v -2.384000 -0.100000 -0.259000
v -2.384000 0.100000 -0.259000
v -2.384731 -0.100000 -0.268234
v -2.384731 0.100000 -0.268234
v -2.385430 -0.100000 -0.276958
v -2.385430 0.100000 -0.276958
v -2.386109 -0.100000 -0.285203
v -2.386109 0.100000 -0.285203
v -2.386778 -0.100000 -0.293000
v -2.386778 0.100000 -0.293000
v -2.387446 -0.100000 -0.300380
v -2.387446 0.100000 -0.300380
v -2.388125 -0.100000 -0.307375
v -2.388125 0.100000 -0.307375
v -2.388824 -0.100000 -0.314016
v -2.388824 0.100000 -0.314016
v -2.389555 -0.100000 -0.320333
v -2.389555 0.100000 -0.320333
v -2.390328 -0.100000 -0.326359
v -2.390328 0.100000 -0.326359
v -2.391153 -0.100000 -0.332125
v -2.391153 0.100000 -0.332125
v -2.392040 -0.100000 -0.337662
v -2.392040 0.100000 -0.337662
v -2.393000 -0.100000 -0.343000
v -2.393000 0.100000 -0.343000
v -2.300000 -0.100000 -0.343000
v -2.300000 0.100000 -0.343000
v -2.300958 -0.100000 -0.336000
v -2.300958 0.100000 -0.336000
v -2.301833 -0.100000 -0.329000
v -2.301833 0.100000 -0.329000
v -2.302625 -0.100000 -0.322000
v -2.302625 0.100000 -0.322000
v -2.303333 -0.100000 -0.315000
v -2.303333 0.100000 -0.315000
v -2.303958 -0.100000 -0.308000
v -2.303958 0.100000 -0.308000
v -2.304500 -0.100000 -0.301000
v -2.304500 0.100000 -0.301000
v -2.304958 -0.100000 -0.294000
v -2.304958 0.100000 -0.294000
v -2.305333 -0.100000 -0.287000
v -2.305333 0.100000 -0.287000
v -2.305625 -0.100000 -0.280000
v -2.305625 0.100000 -0.280000
v -2.305833 -0.100000 -0.273000
v -2.305833 0.100000 -0.273000
v -2.305958 -0.100000 -0.266000
v -2.305958 0.100000 -0.266000
v -2.306000 -0.100000 -0.259000
v -2.306000 0.100000 -0.259000
v -2.304000 -0.100000 -0.162000
v -2.304000 0.100000 -0.162000
v -2.147000 -0.100000 -0.162000
v -2.147000 0.100000 -0.162000
v -2.140247 -0.100000 -0.162080
v -2.140247 0.100000 -0.162080
v -2.133065 -0.100000 -0.162306
v -2.133065 0.100000 -0.162306
v -2.125562 -0.100000 -0.162656
v -2.125562 0.100000 -0.162656
v -2.117852 -0.100000 -0.163111
v -2.117852 0.100000 -0.163111
v -2.110044 -0.100000 -0.163649
v -2.110044 0.100000 -0.163649
v -2.102250 -0.100000 -0.164250
v -2.102250 0.100000 -0.164250
v -2.094581 -0.100000 -0.164892
v -2.094581 0.100000 -0.164892
v -2.087148 -0.100000 -0.165556
v -2.087148 0.100000 -0.165556
v -2.080062 -0.100000 -0.166219
v -2.080062 0.100000 -0.166219
v -2.073435 -0.100000 -0.166861
v -2.073435 0.100000 -0.166861
v -2.067377 -0.100000 -0.167462
v -2.067377 0.100000 -0.167462
v -2.062000 -0.100000 -0.168000
v -2.062000 0.100000 -0.168000
v -2.062000 -0.100000 -0.084000
v -2.062000 0.100000 -0.084000
v -2.067986 -0.100000 -0.084249
v -2.067986 0.100000 -0.084249
v -2.074393 -0.100000 -0.084495
v -2.074393 0.100000 -0.084495
v -2.081141 -0.100000 -0.084734
v -2.081141 0.100000 -0.084734
v -2.088148 -0.100000 -0.084963
v -2.088148 0.100000 -0.084963
v -2.095336 -0.100000 -0.085178
v -2.095336 0.100000 -0.085178
v -2.102625 -0.100000 -0.085375
v -2.102625 0.100000 -0.085375
v -2.109934 -0.100000 -0.085552
v -2.109934 0.100000 -0.085552
v -2.117185 -0.100000 -0.085704
v -2.117185 0.100000 -0.085704
v -2.124297 -0.100000 -0.085828
v -2.124297 0.100000 -0.085828
v -2.131190 -0.100000 -0.085921
v -2.131190 0.100000 -0.085921
v -2.137784 -0.100000 -0.085980
v -2.137784 0.100000 -0.085980
v -2.144000 -0.100000 -0.086000
v -2.144000 0.100000 -0.086000
v -2.303000 -0.100000 -0.086000
v -2.303000 0.100000 -0.086000
v -2.302251 -0.100000 -0.047550
v -2.302251 0.100000 -0.047550
v -2.301509 -0.100000 -0.007486
v -2.301509 0.100000 -0.007486
v -2.300781 -0.100000 0.033766
v -2.300781 0.100000 0.033766
v -2.300074 -0.100000 0.075778
v -2.300074 0.100000 0.075778
v -2.299395 -0.100000 0.118123
v -2.299395 0.100000 0.118123
v -2.298750 -0.100000 0.160375
v -2.298750 0.100000 0.160375
v -2.298147 -0.100000 0.202106
v -2.298147 0.100000 0.202106
v -2.297592 -0.100000 0.242889
v -2.297592 0.100000 0.242889
v -2.297094 -0.100000 0.282297
v -2.297094 0.100000 0.282297
v -2.296657 -0.100000 0.319903
v -2.296657 0.100000 0.319903
v -2.296290 -0.100000 0.355280
v -2.296290 0.100000 0.355280
v -2.296000 -0.100000 0.388000
v -2.296000 0.100000 0.388000
v -2.296644 -0.100000 0.400498
v -2.296644 0.100000 0.400498
v -2.298574 -0.100000 0.411981
v -2.298574 0.100000 0.411981
v -2.301781 -0.100000 0.422437
v -2.301781 0.100000 0.422437
v -2.306259 -0.100000 0.431852
v -2.306259 0.100000 0.431852
v -2.312001 -0.100000 0.440211
v -2.312001 0.100000 0.440211
v -2.319000 -0.100000 0.447500
v -2.319000 0.100000 0.447500
v -2.327249 -0.100000 0.453706
v -2.327249 0.100000 0.453706
v -2.336740 -0.100000 0.458815
v -2.336740 0.100000 0.458815
v -2.347468 -0.100000 0.462812
v -2.347468 0.100000 0.462812
v -2.359426 -0.100000 0.465685
v -2.359426 0.100000 0.465685
v -2.372605 -0.100000 0.467419
v -2.372605 0.100000 0.467419
v -2.387000 -0.100000 0.468000
v -2.387000 0.100000 0.468000
v -2.400136 -0.100000 0.467958
v -2.400136 0.100000 0.467958
v -2.413505 -0.100000 0.467833
v -2.413505 0.100000 0.467833
v -2.427047 -0.100000 0.467625
v -2.427047 0.100000 0.467625
v -2.440704 -0.100000 0.467333
v -2.440704 0.100000 0.467333
v -2.454416 -0.100000 0.466958
v -2.454416 0.100000 0.466958
v -2.468125 -0.100000 0.466500
v -2.468125 0.100000 0.466500
v -2.481771 -0.100000 0.465958
v -2.481771 0.100000 0.465958
v -2.495296 -0.100000 0.465333
v -2.495296 0.100000 0.465333
v -2.508640 -0.100000 0.464625
v -2.508640 0.100000 0.464625
v -2.521745 -0.100000 0.463833
v -2.521745 0.100000 0.463833
v -2.534551 -0.100000 0.462958
v -2.534551 0.100000 0.462958
v -2.547000 -0.100000 0.462000
v -2.547000 0.100000 0.462000
v -2.554000 -0.100000 0.380000
v -2.554000 0.100000 0.380000
v -2.541849 -0.100000 0.381917
v -2.541849 0.100000 0.381917
v -2.529458 -0.100000 0.383667
v -2.529458 0.100000 0.383667
v -2.516922 -0.100000 0.385250
v -2.516922 0.100000 0.385250
v -2.504333 -0.100000 0.386667
v -2.504333 0.100000 0.386667
v -2.491786 -0.100000 0.387917
v -2.491786 0.100000 0.387917
v -2.479375 -0.100000 0.389000
v -2.479375 0.100000 0.389000
v -2.467192 -0.100000 0.389917
v -2.467192 0.100000 0.389917
v -2.455333 -0.100000 0.390667
v -2.455333 0.100000 0.390667
v -2.443890 -0.100000 0.391250
v -2.443890 0.100000 0.391250
v -2.432958 -0.100000 0.391667
v -2.432958 0.100000 0.391667
v -2.422630 -0.100000 0.391917
v -2.422630 0.100000 0.391917
v -2.413000 -0.100000 0.392000
v -2.413000 0.100000 0.392000
v -2.406180 -0.100000 0.391729
v -2.406180 0.100000 0.391729
v -2.400189 -0.100000 0.390912
v -2.400189 0.100000 0.390912
v -2.394984 -0.100000 0.389547
v -2.394984 0.100000 0.389547
v -2.390518 -0.100000 0.387630
v -2.390518 0.100000 0.387630
v -2.386747 -0.100000 0.385157
v -2.386747 0.100000 0.385157
v -2.383625 -0.100000 0.382125
v -2.383625 0.100000 0.382125
v -2.381107 -0.100000 0.378531
v -2.381107 0.100000 0.378531
v -2.379148 -0.100000 0.374370
v -2.379148 0.100000 0.374370
v -2.377703 -0.100000 0.369641
v -2.377703 0.100000 0.369641
v -2.376727 -0.100000 0.364338
v -2.376727 0.100000 0.364338
v -2.376174 -0.100000 0.358459
v -2.376174 0.100000 0.358459
v -2.376000 -0.100000 0.352000
v -2.376000 0.100000 0.352000
v -2.379000 -0.100000 -0.011000
v -2.379000 0.100000 -0.011000
v -2.401616 -0.100000 0.019352
v -2.401616 0.100000 0.019352
v -2.427759 -0.100000 0.051153
v -2.427759 0.100000 0.051153
v -2.457125 -0.100000 0.084016
v -2.457125 0.100000 0.084016
v -2.489407 -0.100000 0.117556
v -2.489407 0.100000 0.117556
v -2.524301 -0.100000 0.151387
v -2.524301 0.100000 0.151387
v -2.561500 -0.100000 0.185125
v -2.561500 0.100000 0.185125
v -2.600699 -0.100000 0.218384
v -2.600699 0.100000 0.218384
v -2.641593 -0.100000 0.250778
v -2.641593 0.100000 0.250778
v -2.683875 -0.100000 0.281922
v -2.683875 0.100000 0.281922
v -2.727241 -0.100000 0.311431
v -2.727241 0.100000 0.311431
v -2.771384 -0.100000 0.338918
v -2.771384 0.100000 0.338918
v -2.816000 -0.100000 0.364000
v -2.816000 0.100000 0.364000
v -2.874000 -0.100000 0.299000
v -2.874000 0.100000 0.299000
v -2.823813 -0.100000 0.272919
v -2.823813 0.100000 0.272919
v -2.774926 -0.100000 0.244440
v -2.774926 0.100000 0.244440
v -2.727594 -0.100000 0.213953
v -2.727594 0.100000 0.213953
v -2.682074 -0.100000 0.181852
v -2.682074 0.100000 0.181852
v -2.638624 -0.100000 0.148528
v -2.638624 0.100000 0.148528
v -2.597500 -0.100000 0.114375
v -2.597500 0.100000 0.114375
v -2.558959 -0.100000 0.079784
v -2.558959 0.100000 0.079784
v -2.523259 -0.100000 0.045148
v -2.523259 0.100000 0.045148
v -2.490656 -0.100000 0.010859
v -2.490656 0.100000 0.010859
v -2.461407 -0.100000 -0.022690
v -2.461407 0.100000 -0.022690
v -2.435770 -0.100000 -0.055107
v -2.435770 0.100000 -0.055107
v -2.414000 -0.100000 -0.086000
v -2.414000 0.100000 -0.086000
v -1.694085 -0.100000 0.012000
v -1.694085 0.100000 0.012000
v -1.657852 -0.100000 0.012000
v -1.657852 0.100000 0.012000
v -1.612562 -0.100000 0.012000
v -1.612562 0.100000 0.012000
v -1.560481 -0.100000 0.012000
v -1.560481 0.100000 0.012000
v -1.503873 -0.100000 0.012000
v -1.503873 0.100000 0.012000
v -1.445000 -0.100000 0.012000
v -1.445000 0.100000 0.012000
v -1.386127 -0.100000 0.012000
v -1.386127 0.100000 0.012000
v -1.329518 -0.100000 0.012000
v -1.329518 0.100000 0.012000
v -1.277437 -0.100000 0.012000
v -1.277437 0.100000 0.012000
v -1.232148 -0.100000 0.012000
v -1.232148 0.100000 0.012000
v -1.195914 -0.100000 0.012000
v -1.195914 0.100000 0.012000
v -1.171000 -0.100000 0.012000
v -1.171000 0.100000 0.012000
v -1.158792 -0.100000 0.011940
v -1.158792 0.100000 0.011940
v -1.147166 -0.100000 0.011769
v -1.147166 0.100000 0.011769
v -1.136125 -0.100000 0.011500
v -1.136125 0.100000 0.011500
v -1.125666 -0.100000 0.011148
v -1.125666 0.100000 0.011148
v -1.115791 -0.100000 0.010727
v -1.115791 0.100000 0.010727
v -1.106500 -0.100000 0.010250
v -1.106500 0.100000 0.010250
v -1.097791 -0.100000 0.009732
v -1.097791 0.100000 0.009732
v -1.089666 -0.100000 0.009185
v -1.089666 0.100000 0.009185
v -1.082125 -0.100000 0.008625
v -1.082125 0.100000 0.008625
v -1.075166 -0.100000 0.008065
v -1.075166 0.100000 0.008065
v -1.068791 -0.100000 0.007519
v -1.068791 0.100000 0.007519
v -1.063000 -0.100000 0.007000
v -1.063000 0.100000 0.007000
v -1.063000 -0.100000 0.105000
v -1.063000 0.100000 0.105000
v -1.068447 -0.100000 0.104692
v -1.068447 0.100000 0.104692
v -1.074745 -0.100000 0.104282
v -1.074745 0.100000 0.104282
v -1.081828 -0.100000 0.103797
v -1.081828 0.100000 0.103797
v -1.089630 -0.100000 0.103259
v -1.089630 0.100000 0.103259
v -1.098084 -0.100000 0.102694
v -1.098084 0.100000 0.102694
v -1.107125 -0.100000 0.102125
v -1.107125 0.100000 0.102125
v -1.116687 -0.100000 0.101577
v -1.116687 0.100000 0.101577
v -1.126704 -0.100000 0.101074
v -1.126704 0.100000 0.101074
v -1.137109 -0.100000 0.100641
v -1.137109 0.100000 0.100641
v -1.147838 -0.100000 0.100301
v -1.147838 0.100000 0.100301
v -1.158823 -0.100000 0.100079
v -1.158823 0.100000 0.100079
v -1.170000 -0.100000 0.100000
v -1.170000 0.100000 0.100000
v -1.195125 -0.100000 0.100000
v -1.195125 0.100000 0.100000
v -1.231500 -0.100000 0.100000
v -1.231500 0.100000 0.100000
v -1.276875 -0.100000 0.100000
v -1.276875 0.100000 0.100000
v -1.329000 -0.100000 0.100000
v -1.329000 0.100000 0.100000
v -1.385625 -0.100000 0.100000
v -1.385625 0.100000 0.100000
v -1.444500 -0.100000 0.100000
v -1.444500 0.100000 0.100000
v -1.503375 -0.100000 0.100000
v -1.503375 0.100000 0.100000
v -1.560000 -0.100000 0.100000
v -1.560000 0.100000 0.100000
v -1.612125 -0.100000 0.100000
v -1.612125 0.100000 0.100000
v -1.657500 -0.100000 0.100000
v -1.657500 0.100000 0.100000
v -1.693875 -0.100000 0.100000
v -1.693875 0.100000 0.100000
v -1.719000 -0.100000 0.100000
v -1.719000 0.100000 0.100000
v -1.732697 -0.100000 0.100041
v -1.732697 0.100000 0.100041
v -1.746241 -0.100000 0.100162
v -1.746241 0.100000 0.100162
v -1.759562 -0.100000 0.100359
v -1.759562 0.100000 0.100359
v -1.772593 -0.100000 0.100630
v -1.772593 0.100000 0.100630
v -1.785262 -0.100000 0.100969
v -1.785262 0.100000 0.100969
v -1.797500 -0.100000 0.101375
v -1.797500 0.100000 0.101375
v -1.809238 -0.100000 0.101843
v -1.809238 0.100000 0.101843
v -1.820407 -0.100000 0.102370
v -1.820407 0.100000 0.102370
v -1.830937 -0.100000 0.102953
v -1.830937 0.100000 0.102953
v -1.840759 -0.100000 0.103588
v -1.840759 0.100000 0.103588
v -1.849803 -0.100000 0.104271
v -1.849803 0.100000 0.104271
v -1.858000 -0.100000 0.105000
v -1.858000 0.100000 0.105000
v -1.858000 -0.100000 0.007000
v -1.858000 0.100000 0.007000
v -1.850032 -0.100000 0.007518
v -1.850032 0.100000 0.007518
v -1.841176 -0.100000 0.008065
v -1.841176 0.100000 0.008065
v -1.831500 -0.100000 0.008625
v -1.831500 0.100000 0.008625
v -1.821074 -0.100000 0.009185
v -1.821074 0.100000 0.009185
v -1.809967 -0.100000 0.009731
v -1.809967 0.100000 0.009731
v -1.798250 -0.100000 0.010250
v -1.798250 0.100000 0.010250
v -1.785990 -0.100000 0.010727
v -1.785990 0.100000 0.010727
v -1.773259 -0.100000 0.011148
v -1.773259 0.100000 0.011148
v -1.760125 -0.100000 0.011500
v -1.760125 0.100000 0.011500
v -1.746657 -0.100000 0.011768
v -1.746657 0.100000 0.011768
v -1.732926 -0.100000 0.011940
v -1.732926 0.100000 0.011940
v -1.719000 -0.100000 0.012000
v -1.719000 0.100000 0.012000
v -0.623043 -0.100000 -0.237336
v -0.623043 0.100000 -0.237336
v -0.623176 -0.100000 -0.245273
v -0.623176 0.100000 -0.245273
v -0.623406 -0.100000 -0.253703
v -0.623406 0.100000 -0.253703
v -0.623741 -0.100000 -0.262518
v -0.623741 0.100000 -0.262518
v -0.624186 -0.100000 -0.271612
v -0.624186 0.100000 -0.271612
v -0.624750 -0.100000 -0.280875
v -0.624750 0.100000 -0.280875
v -0.625438 -0.100000 -0.290201
v -0.625438 0.100000 -0.290201
v -0.626259 -0.100000 -0.299481
v -0.626259 0.100000 -0.299481
v -0.627218 -0.100000 -0.308609
v -0.627218 0.100000 -0.308609
v -0.628324 -0.100000 -0.317477
v -0.628324 0.100000 -0.317477
v -0.629582 -0.100000 -0.325976
v -0.629582 0.100000 -0.325976
v -0.631000 -0.100000 -0.334000
v -0.631000 0.100000 -0.334000
v -0.533000 -0.100000 -0.334000
v -0.533000 0.100000 -0.334000
v -0.533768 -0.100000 -0.326015
v -0.533768 0.100000 -0.326015
v -0.534560 -0.100000 -0.317616
v -0.534560 0.100000 -0.317616
v -0.535359 -0.100000 -0.308891
v -0.535359 0.100000 -0.308891
v -0.536148 -0.100000 -0.299926
v -0.536148 0.100000 -0.299926
v -0.536909 -0.100000 -0.290808
v -0.536909 0.100000 -0.290808
v -0.537625 -0.100000 -0.281625
v -0.537625 0.100000 -0.281625
v -0.538278 -0.100000 -0.272462
v -0.538278 0.100000 -0.272462
v -0.538851 -0.100000 -0.263407
v -0.538851 0.100000 -0.263407
v -0.539328 -0.100000 -0.254547
v -0.539328 0.100000 -0.254547
v -0.539690 -0.100000 -0.245968
v -0.539690 0.100000 -0.245968
v -0.539919 -0.100000 -0.237756
v -0.539919 0.100000 -0.237756
v -0.540000 -0.100000 -0.230000
v -0.540000 0.100000 -0.230000
v -0.540000 -0.100000 -0.067000
v -0.540000 0.100000 -0.067000
v -0.505874 -0.100000 -0.056363
v -0.505874 0.100000 -0.056363
v -0.469828 -0.100000 -0.044569
v -0.469828 0.100000 -0.044569
v -0.432359 -0.100000 -0.031797
v -0.432359 0.100000 -0.031797
v -0.393963 -0.100000 -0.018222
v -0.393963 0.100000 -0.018222
v -0.355136 -0.100000 -0.004023
v -0.355136 0.100000 -0.004023
v -0.316375 -0.100000 0.010625
v -0.316375 0.100000 0.010625
v -0.278176 -0.100000 0.025543
v -0.278176 0.100000 0.025543
v -0.241037 -0.100000 0.040556
v -0.241037 0.100000 0.040556
v -0.205453 -0.100000 0.055484
v -0.205453 0.100000 0.055484
v -0.171921 -0.100000 0.070153
v -0.171921 0.100000 0.070153
v -0.140938 -0.100000 0.084384
v -0.140938 0.100000 0.084384
v -0.113000 -0.100000 0.098000
v -0.113000 0.100000 0.098000
v -0.147000 -0.100000 0.183000
v -0.147000 0.100000 0.183000
v -0.175510 -0.100000 0.168106
v -0.175510 0.100000 0.168106
v -0.206250 -0.100000 0.153019
v -0.206250 0.100000 0.153019
v -0.238781 -0.100000 0.137875
v -0.238781 0.100000 0.137875
v -0.272666 -0.100000 0.122815
v -0.272666 0.100000 0.122815
v -0.307468 -0.100000 0.107977
v -0.307468 0.100000 0.107977
v -0.342750 -0.100000 0.093500
v -0.342750 0.100000 0.093500
v -0.378073 -0.100000 0.079523
v -0.378073 0.100000 0.079523
v -0.413000 -0.100000 0.066185
v -0.413000 0.100000 0.066185
v -0.447093 -0.100000 0.053625
v -0.447093 0.100000 0.053625
v -0.479916 -0.100000 0.041981
v -0.479916 0.100000 0.041981
v -0.511031 -0.100000 0.031393
v -0.511031 0.100000 0.031393
v -0.540000 -0.100000 0.022000
v -0.540000 0.100000 0.022000
v -0.539000 -0.100000 0.352000
v -0.539000 0.100000 0.352000
v -0.538958 -0.100000 0.360204
v -0.538958 0.100000 0.360204
v -0.538833 -0.100000 0.369213
v -0.538833 0.100000 0.369213
v -0.538624 -0.100000 0.378875
v -0.538624 0.100000 0.378875
v -0.538333 -0.100000 0.389037
v -0.538333 0.100000 0.389037
v -0.537958 -0.100000 0.399546
v -0.537958 0.100000 0.399546
v -0.537499 -0.100000 0.410250
v -0.537499 0.100000 0.410250
v -0.536958 -0.100000 0.420995
v -0.536958 0.100000 0.420995
v -0.536333 -0.100000 0.431630
v -0.536333 0.100000 0.431630
v -0.535625 -0.100000 0.442000
v -0.535625 0.100000 0.442000
v -0.534833 -0.100000 0.451954
v -0.534833 0.100000 0.451954
v -0.533958 -0.100000 0.461338
v -0.533958 0.100000 0.461338
v -0.533000 -0.100000 0.470000
v -0.533000 0.100000 0.470000
v -0.630000 -0.100000 0.470000
v -0.630000 0.100000 0.470000
v -0.628812 -0.100000 0.461663
v -0.628812 0.100000 0.461663
v -0.627745 -0.100000 0.452718
v -0.627745 0.100000 0.452718
v -0.626797 -0.100000 0.443266
v -0.626797 0.100000 0.443266
v -0.625963 -0.100000 0.433407
v -0.625963 0.100000 0.433407
v -0.625240 -0.100000 0.423244
v -0.625240 0.100000 0.423244
v -0.624625 -0.100000 0.412875
v -0.624625 0.100000 0.412875
v -0.624114 -0.100000 0.402402
v -0.624114 0.100000 0.402402
v -0.623703 -0.100000 0.391926
v -0.623703 0.100000 0.391926
v -0.623390 -0.100000 0.381547
v -0.623390 0.100000 0.381547
v -0.623171 -0.100000 0.371366
v -0.623171 0.100000 0.371366
v -0.623042 -0.100000 0.361483
v -0.623042 0.100000 0.361483
v -0.623000 -0.100000 0.352000
v -0.623000 0.100000 0.352000
v -0.623000 -0.100000 0.330389
v -0.623000 0.100000 0.330389
v -0.623000 -0.100000 0.295278
v -0.623000 0.100000 0.295278
v -0.623000 -0.100000 0.249250
v -0.623000 0.100000 0.249250
v -0.623000 -0.100000 0.194889
v -0.623000 0.100000 0.194889
v -0.623000 -0.100000 0.134778
v -0.623000 0.100000 0.134778
v -0.623000 -0.100000 0.071500
v -0.623000 0.100000 0.071500
v -0.623000 -0.100000 0.007639
v -0.623000 0.100000 0.007639
v -0.623000 -0.100000 -0.054222
v -0.623000 0.100000 -0.054222
v -0.623000 -0.100000 -0.111500
v -0.623000 0.100000 -0.111500
v -0.623000 -0.100000 -0.161611
v -0.623000 0.100000 -0.161611
v -0.623000 -0.100000 -0.201972
v -0.623000 0.100000 -0.201972
v -0.623000 -0.100000 -0.230000
v -0.623000 0.100000 -0.230000
v 0.418357 -0.100000 -0.327521
v 0.418357 0.100000 -0.327521
v 0.409440 -0.100000 -0.324088
v 0.409440 0.100000 -0.324088
v 0.400266 -0.100000 -0.320703
v 0.400266 0.100000 -0.320703
v 0.390852 -0.100000 -0.317370
v 0.390852 0.100000 -0.317370
v 0.381216 -0.100000 -0.314093
v 0.381216 0.100000 -0.314093
v 0.371375 -0.100000 -0.310875
v 0.371375 0.100000 -0.310875
v 0.361347 -0.100000 -0.307719
v 0.361347 0.100000 -0.307719
v 0.351148 -0.100000 -0.304630
v 0.351148 0.100000 -0.304630
v 0.340797 -0.100000 -0.301609
v 0.340797 0.100000 -0.301609
v 0.330310 -0.100000 -0.298662
v 0.330310 0.100000 -0.298662
v 0.319706 -0.100000 -0.295791
v 0.319706 0.100000 -0.295791
v 0.309000 -0.100000 -0.293000
v 0.309000 0.100000 -0.293000
v 0.309000 -0.100000 -0.113000
v 0.309000 0.100000 -0.113000
v 0.432000 -0.100000 -0.113000
v 0.432000 0.100000 -0.113000
v 0.432000 -0.100000 -0.043000
v 0.432000 0.100000 -0.043000
v 0.309000 -0.100000 -0.043000
v 0.309000 0.100000 -0.043000
v 0.309000 -0.100000 -0.020000
v 0.309000 0.100000 -0.020000
v 0.316308 -0.100000 -0.011585
v 0.316308 0.100000 -0.011585
v 0.325468 -0.100000 -0.000681
v 0.325468 0.100000 -0.000681
v 0.336078 -0.100000 0.012203
v 0.336078 0.100000 0.012203
v 0.347741 -0.100000 0.026556
v 0.347741 0.100000 0.026556
v 0.360056 -0.100000 0.041866
v 0.360056 0.100000 0.041866
v 0.372625 -0.100000 0.057625
v 0.372625 0.100000 0.057625
v 0.385048 -0.100000 0.073321
v 0.385048 0.100000 0.073321
v 0.396926 -0.100000 0.088444
v 0.396926 0.100000 0.088444
v 0.407860 -0.100000 0.102484
v 0.407860 0.100000 0.102484
v 0.417449 -0.100000 0.114931
v 0.417449 0.100000 0.114931
v 0.425296 -0.100000 0.125273
v 0.425296 0.100000 0.125273
v 0.431000 -0.100000 0.133000
v 0.431000 0.100000 0.133000
v 0.387000 -0.100000 0.193000
v 0.387000 0.100000 0.193000
v 0.383078 -0.100000 0.184940
v 0.383078 0.100000 0.184940
v 0.378375 -0.100000 0.175856
v 0.378375 0.100000 0.175856
v 0.372984 -0.100000 0.165891
v 0.372984 0.100000 0.165891
v 0.367000 -0.100000 0.155185
v 0.367000 0.100000 0.155185
v 0.360516 -0.100000 0.143883
v 0.360516 0.100000 0.143883
v 0.353625 -0.100000 0.132125
v 0.353625 0.100000 0.132125
v 0.346422 -0.100000 0.120055
v 0.346422 0.100000 0.120055
v 0.339000 -0.100000 0.107815
v 0.339000 0.100000 0.107815
v 0.331453 -0.100000 0.095547
v 0.331453 0.100000 0.095547
v 0.323875 -0.100000 0.083393
v 0.323875 0.100000 0.083393
v 0.316360 -0.100000 0.071497
v 0.316360 0.100000 0.071497
v 0.309000 -0.100000 0.060000
v 0.309000 0.100000 0.060000
v 0.309000 -0.100000 0.521000
v 0.309000 0.100000 0.521000
v 0.239000 -0.100000 0.521000
v 0.239000 0.100000 0.521000
v 0.239000 -0.100000 0.075000
v 0.239000 0.100000 0.075000
v 0.229798 -0.100000 0.100707
v 0.229798 0.100000 0.100707
v 0.220213 -0.100000 0.126241
v 0.220213 0.100000 0.126241
v 0.210281 -0.100000 0.151469
v 0.210281 0.100000 0.151469
v 0.200037 -0.100000 0.176259
v 0.200037 0.100000 0.176259
v 0.189515 -0.100000 0.200480
v 0.189515 0.100000 0.200480
v 0.178750 -0.100000 0.224000
v 0.178750 0.100000 0.224000
v 0.167777 -0.100000 0.246686
v 0.167777 0.100000 0.246686
v 0.156630 -0.100000 0.268407
v 0.156630 0.100000 0.268407
v 0.145344 -0.100000 0.289031
v 0.145344 0.100000 0.289031
v 0.133954 -0.100000 0.308426
v 0.133954 0.100000 0.308426
v 0.122494 -0.100000 0.326459
v 0.122494 0.100000 0.326459
v 0.111000 -0.100000 0.343000
v 0.111000 0.100000 0.343000
v 0.108801 -0.100000 0.337575
v 0.108801 0.100000 0.337575
v 0.106241 -0.100000 0.331847
v 0.106241 0.100000 0.331847
v 0.103375 -0.100000 0.325891
v 0.103375 0.100000 0.325891
v 0.100259 -0.100000 0.319778
v 0.100259 0.100000 0.319778
v 0.096949 -0.100000 0.313582
v 0.096949 0.100000 0.313582
v 0.093500 -0.100000 0.307375
v 0.093500 0.100000 0.307375
v 0.089967 -0.100000 0.301231
v 0.089967 0.100000 0.301231
v 0.086407 -0.100000 0.295222
v 0.086407 0.100000 0.295222
v 0.082875 -0.100000 0.289422
v 0.082875 0.100000 0.289422
v 0.079426 -0.100000 0.283903
v 0.079426 0.100000 0.283903
v 0.076116 -0.100000 0.278738
v 0.076116 0.100000 0.278738
v 0.073000 -0.100000 0.274000
v 0.073000 0.100000 0.274000
v 0.087068 -0.100000 0.254815
v 0.087068 0.100000 0.254815
v 0.101200 -0.100000 0.233435
v 0.101200 0.100000 0.233435
v 0.115298 -0.100000 0.210125
v 0.115298 0.100000 0.210125
v 0.129260 -0.100000 0.185148
v 0.129260 0.100000 0.185148
v 0.142986 -0.100000 0.158768
v 0.142986 0.100000 0.158768
v 0.156376 -0.100000 0.131250
v 0.156376 0.100000 0.131250
v 0.169327 -0.100000 0.102856
v 0.169327 0.100000 0.102856
v 0.181741 -0.100000 0.073852
v 0.181741 0.100000 0.073852
v 0.193516 -0.100000 0.044500
v 0.193516 0.100000 0.044500
v 0.204551 -0.100000 0.015065
v 0.204551 0.100000 0.015065
v 0.214746 -0.100000 -0.014190
v 0.214746 0.100000 -0.014190
v 0.224000 -0.100000 -0.043000
v 0.224000 0.100000 -0.043000
v 0.087000 -0.100000 -0.043000
v 0.087000 0.100000 -0.043000
v 0.087000 -0.100000 -0.113000
v 0.087000 0.100000 -0.113000
v 0.239000 -0.100000 -0.113000
v 0.239000 0.100000 -0.113000
v 0.239000 -0.100000 -0.276000
v 0.239000 0.100000 -0.276000
v 0.228752 -0.100000 -0.273791
v 0.228752 0.100000 -0.273791
v 0.218514 -0.100000 -0.271662
v 0.218514 0.100000 -0.271662
v 0.208297 -0.100000 -0.269609
v 0.208297 0.100000 -0.269609
v 0.198111 -0.100000 -0.267630
v 0.198111 0.100000 -0.267630
v 0.187967 -0.100000 -0.265719
v 0.187967 0.100000 -0.265719
v 0.177875 -0.100000 -0.263875
v 0.177875 0.100000 -0.263875
v 0.167845 -0.100000 -0.262093
v 0.167845 0.100000 -0.262093
v 0.157889 -0.100000 -0.260370
v 0.157889 0.100000 -0.260370
v 0.148016 -0.100000 -0.258703
v 0.148016 0.100000 -0.258703
v 0.138236 -0.100000 -0.257088
v 0.138236 0.100000 -0.257088
v 0.128561 -0.100000 -0.255521
v 0.128561 0.100000 -0.255521
v 0.119000 -0.100000 -0.254000
v 0.119000 0.100000 -0.254000
v 0.118109 -0.100000 -0.258178
v 0.118109 0.100000 -0.258178
v 0.116953 -0.100000 -0.262671
v 0.116953 0.100000 -0.262671
v 0.115562 -0.100000 -0.267422
v 0.115562 0.100000 -0.267422
v 0.113963 -0.100000 -0.272370
v 0.113963 0.100000 -0.272370
v 0.112183 -0.100000 -0.277458
v 0.112183 0.100000 -0.277458
v 0.110250 -0.100000 -0.282625
v 0.110250 0.100000 -0.282625
v 0.108192 -0.100000 -0.287813
v 0.108192 0.100000 -0.287813
v 0.106037 -0.100000 -0.292963
v 0.106037 0.100000 -0.292963
v 0.103812 -0.100000 -0.298016
v 0.103812 0.100000 -0.298016
v 0.101546 -0.100000 -0.302912
v 0.101546 0.100000 -0.302912
v 0.099266 -0.100000 -0.307593
v 0.099266 0.100000 -0.307593
v 0.097000 -0.100000 -0.312000
v 0.097000 0.100000 -0.312000
v 0.122296 -0.100000 -0.316954
v 0.122296 0.100000 -0.316954
v 0.148033 -0.100000 -0.322296
v 0.148033 0.100000 -0.322296
v 0.173985 -0.100000 -0.328000
v 0.173985 0.100000 -0.328000
v 0.199926 -0.100000 -0.334037
v 0.199926 0.100000 -0.334037
v 0.225632 -0.100000 -0.340380
v 0.225632 0.100000 -0.340380
v 0.250875 -0.100000 -0.347000
v 0.250875 0.100000 -0.347000
v 0.275431 -0.100000 -0.353870
v 0.275431 0.100000 -0.353870
v 0.299074 -0.100000 -0.360963
v 0.299074 0.100000 -0.360963
v 0.321579 -0.100000 -0.368250
v 0.321579 0.100000 -0.368250
v 0.342718 -0.100000 -0.375704
v 0.342718 0.100000 -0.375704
v 0.362267 -0.100000 -0.383296
v 0.362267 0.100000 -0.383296
v 0.380000 -0.100000 -0.391000
v 0.380000 0.100000 -0.391000
v 0.427000 -0.100000 -0.331000
v 0.427000 0.100000 -0.331000
v 0.614615 -0.100000 -0.181050
v 0.614615 0.100000 -0.181050
v 0.623421 -0.100000 -0.175731
v 0.623421 0.100000 -0.175731
v 0.632360 -0.100000 -0.170094
v 0.632360 0.100000 -0.170094
v 0.641371 -0.100000 -0.164185
v 0.641371 0.100000 -0.164185
v 0.650395 -0.100000 -0.158054
v 0.650395 0.100000 -0.158054
v 0.659375 -0.100000 -0.151750
v 0.659375 0.100000 -0.151750
v 0.668251 -0.100000 -0.145321
v 0.668251 0.100000 -0.145321
v 0.676963 -0.100000 -0.138815
v 0.676963 0.100000 -0.138815
v 0.685453 -0.100000 -0.132281
v 0.685453 0.100000 -0.132281
v 0.693662 -0.100000 -0.125769
v 0.693662 0.100000 -0.125769
v 0.701531 -0.100000 -0.119325
v 0.701531 0.100000 -0.119325
v 0.709000 -0.100000 -0.113000
v 0.709000 0.100000 -0.113000
v 0.721851 -0.100000 -0.122126
v 0.721851 0.100000 -0.122126
v 0.734389 -0.100000 -0.131505
v 0.734389 0.100000 -0.131505
v 0.746594 -0.100000 -0.141141
v 0.746594 0.100000 -0.141141
v 0.758445 -0.100000 -0.151037
v 0.758445 0.100000 -0.151037
v 0.769920 -0.100000 -0.161197
v 0.769920 0.100000 -0.161197
v 0.781000 -0.100000 -0.171625
v 0.781000 0.100000 -0.171625
v 0.791663 -0.100000 -0.182324
v 0.791663 0.100000 -0.182324
v 0.801889 -0.100000 -0.193296
v 0.801889 0.100000 -0.193296
v 0.811656 -0.100000 -0.204547
v 0.811656 0.100000 -0.204547
v 0.820945 -0.100000 -0.216079
v 0.820945 0.100000 -0.216079
v 0.829733 -0.100000 -0.227895
v 0.829733 0.100000 -0.227895
v 0.838000 -0.100000 -0.240000
v 0.838000 0.100000 -0.240000
v 0.629000 -0.100000 -0.240000
v 0.629000 0.100000 -0.240000
v 0.617603 -0.100000 -0.230043
v 0.617603 0.100000 -0.230043
v 0.605907 -0.100000 -0.220181
v 0.605907 0.100000 -0.220181
v 0.593906 -0.100000 -0.210422
v 0.593906 0.100000 -0.210422
v 0.581593 -0.100000 -0.200778
v 0.581593 0.100000 -0.200778
v 0.568960 -0.100000 -0.191259
v 0.568960 0.100000 -0.191259
v 0.556000 -0.100000 -0.181875
v 0.556000 0.100000 -0.181875
v 0.542707 -0.100000 -0.172637
v 0.542707 0.100000 -0.172637
v 0.529074 -0.100000 -0.163556
v 0.529074 0.100000 -0.163556
v 0.515094 -0.100000 -0.154641
v 0.515094 0.100000 -0.154641
v 0.500760 -0.100000 -0.145903
v 0.500760 0.100000 -0.145903
v 0.486064 -0.100000 -0.137352
v 0.486064 0.100000 -0.137352
v 0.471000 -0.100000 -0.129000
v 0.471000 0.100000 -0.129000
v 0.467782 -0.100000 -0.133174
v 0.467782 0.100000 -0.133174
v 0.464167 -0.100000 -0.137639
v 0.464167 0.100000 -0.137639
v 0.460219 -0.100000 -0.142313
v 0.460219 0.100000 -0.142313
v 0.456000 -0.100000 -0.147111
v 0.456000 0.100000 -0.147111
v 0.451573 -0.100000 -0.151951
v 0.451573 0.100000 -0.151951
v 0.447000 -0.100000 -0.156750
v 0.447000 0.100000 -0.156750
v 0.442344 -0.100000 -0.161424
v 0.442344 0.100000 -0.161424
v 0.437667 -0.100000 -0.165889
v 0.437667 0.100000 -0.165889
v 0.433031 -0.100000 -0.170062
v 0.433031 0.100000 -0.170062
v 0.428500 -0.100000 -0.173861
v 0.428500 0.100000 -0.173861
v 0.424136 -0.100000 -0.177201
v 0.424136 0.100000 -0.177201
v 0.420000 -0.100000 -0.180000
v 0.420000 0.100000 -0.180000
v 0.450266 -0.100000 -0.195730
v 0.450266 0.100000 -0.195730
v 0.479042 -0.100000 -0.212338
v 0.479042 0.100000 -0.212338
v 0.506297 -0.100000 -0.229703
v 0.506297 0.100000 -0.229703
v 0.532000 -0.100000 -0.247704
v 0.532000 0.100000 -0.247704
v 0.556120 -0.100000 -0.266218
v 0.556120 0.100000 -0.266218
v 0.578625 -0.100000 -0.285125
v 0.578625 0.100000 -0.285125
v 0.599485 -0.100000 -0.304303
v 0.599485 0.100000 -0.304303
v 0.618667 -0.100000 -0.323630
v 0.618667 0.100000 -0.323630
v 0.636141 -0.100000 -0.342984
v 0.636141 0.100000 -0.342984
v 0.651875 -0.100000 -0.362245
v 0.651875 0.100000 -0.362245
v 0.665839 -0.100000 -0.381291
v 0.665839 0.100000 -0.381291
v 0.678000 -0.100000 -0.400000
v 0.678000 0.100000 -0.400000
v 0.755000 -0.100000 -0.385000
v 0.755000 0.100000 -0.385000
v 0.750438 -0.100000 -0.378250
v 0.750438 0.100000 -0.378250
v 0.745755 -0.100000 -0.371500
v 0.745755 0.100000 -0.371500
v 0.740953 -0.100000 -0.364750
v 0.740953 0.100000 -0.364750
v 0.736037 -0.100000 -0.358000
v 0.736037 0.100000 -0.358000
v 0.731010 -0.100000 -0.351250
v 0.731010 0.100000 -0.351250
v 0.725875 -0.100000 -0.344500
v 0.725875 0.100000 -0.344500
v 0.720636 -0.100000 -0.337750
v 0.720636 0.100000 -0.337750
v 0.715297 -0.100000 -0.331000
v 0.715297 0.100000 -0.331000
v 0.709860 -0.100000 -0.324250
v 0.709860 0.100000 -0.324250
v 0.704329 -0.100000 -0.317500
v 0.704329 0.100000 -0.317500
v 0.698708 -0.100000 -0.310750
v 0.698708 0.100000 -0.310750
v 0.693000 -0.100000 -0.304000
v 0.693000 0.100000 -0.304000
v 0.881000 -0.100000 -0.304000
v 0.881000 0.100000 -0.304000
v 0.894000 -0.100000 -0.307000
v 0.894000 0.100000 -0.307000
v 0.942000 -0.100000 -0.283000
v 0.942000 0.100000 -0.283000
v 0.918309 -0.100000 -0.237442
v 0.918309 0.100000 -0.237442
v 0.890472 -0.100000 -0.195204
v 0.890472 0.100000 -0.195204
v 0.858844 -0.100000 -0.156188
v 0.858844 0.100000 -0.156188
v 0.823778 -0.100000 -0.120296
v 0.823778 0.100000 -0.120296
v 0.785629 -0.100000 -0.087433
v 0.785629 0.100000 -0.087433
v 0.744750 -0.100000 -0.057500
v 0.744750 0.100000 -0.057500
v 0.701497 -0.100000 -0.030400
v 0.701497 0.100000 -0.030400
v 0.656222 -0.100000 -0.006037
v 0.656222 0.100000 -0.006037
v 0.609281 -0.100000 0.015687
v 0.609281 0.100000 0.015687
v 0.561028 -0.100000 0.034870
v 0.561028 0.100000 0.034870
v 0.511816 -0.100000 0.051609
v 0.511816 0.100000 0.051609
v 0.462000 -0.100000 0.066000
v 0.462000 0.100000 0.066000
v 0.459800 -0.100000 0.061364
v 0.459800 0.100000 0.061364
v 0.457236 -0.100000 0.056495
v 0.457236 0.100000 0.056495
v 0.454359 -0.100000 0.051453
v 0.454359 0.100000 0.051453
v 0.451222 -0.100000 0.046296
v 0.451222 0.100000 0.046296
v 0.447877 -0.100000 0.041084
v 0.447877 0.100000 0.041084
v 0.444375 -0.100000 0.035875
v 0.444375 0.100000 0.035875
v 0.440769 -0.100000 0.030729
v 0.440769 0.100000 0.030729
v 0.437111 -0.100000 0.025704
v 0.437111 0.100000 0.025704
v 0.433453 -0.100000 0.020859
v 0.433453 0.100000 0.020859
v 0.429847 -0.100000 0.016255
v 0.429847 0.100000 0.016255
v 0.426346 -0.100000 0.011948
v 0.426346 0.100000 0.011948
v 0.423000 -0.100000 0.008000
v 0.423000 0.100000 0.008000
v 0.442495 -0.100000 0.003292
v 0.442495 0.100000 0.003292
v 0.461958 -0.100000 -0.001833
v 0.461958 0.100000 -0.001833
v 0.481359 -0.100000 -0.007375
v 0.481359 0.100000 -0.007375
v 0.500667 -0.100000 -0.013333
v 0.500667 0.100000 -0.013333
v 0.519849 -0.100000 -0.019708
v 0.519849 0.100000 -0.019708
v 0.538875 -0.100000 -0.026500
v 0.538875 0.100000 -0.026500
v 0.557714 -0.100000 -0.033708
v 0.557714 0.100000 -0.033708
v 0.576334 -0.100000 -0.041333
v 0.576334 0.100000 -0.041333
v 0.594703 -0.100000 -0.049375
v 0.594703 0.100000 -0.049375
v 0.612792 -0.100000 -0.057833
v 0.612792 0.100000 -0.057833
v 0.630568 -0.100000 -0.066708
v 0.630568 0.100000 -0.066708
v 0.648000 -0.100000 -0.076000
v 0.648000 0.100000 -0.076000
v 0.641050 -0.100000 -0.082306
v 0.641050 0.100000 -0.082306
v 0.633732 -0.100000 -0.088699
v 0.633732 0.100000 -0.088699
v 0.626094 -0.100000 -0.095141
v 0.626094 0.100000 -0.095141
v 0.618186 -0.100000 -0.101593
v 0.618186 0.100000 -0.101593
v 0.610055 -0.100000 -0.108017
v 0.610055 0.100000 -0.108017
v 0.601750 -0.100000 -0.114375
v 0.601750 0.100000 -0.114375
v 0.593321 -0.100000 -0.120629
v 0.593321 0.100000 -0.120629
v 0.584815 -0.100000 -0.126741
v 0.584815 0.100000 -0.126741
v 0.576282 -0.100000 -0.132672
v 0.576282 0.100000 -0.132672
v 0.567769 -0.100000 -0.138384
v 0.567769 0.100000 -0.138384
v 0.559326 -0.100000 -0.143840
v 0.559326 0.100000 -0.143840
v 0.551000 -0.100000 -0.149000
v 0.551000 0.100000 -0.149000
v 0.606000 -0.100000 -0.186000
v 0.606000 0.100000 -0.186000
v 0.664844 -0.100000 0.213951
v 0.664844 0.100000 0.213951
v 0.674834 -0.100000 0.220273
v 0.674834 0.100000 0.220273
v 0.684906 -0.100000 0.226922
v 0.684906 0.100000 0.226922
v 0.695000 -0.100000 0.233852
v 0.695000 0.100000 0.233852
v 0.705052 -0.100000 0.241018
v 0.705052 0.100000 0.241018
v 0.715000 -0.100000 0.248375
v 0.715000 0.100000 0.248375
v 0.724782 -0.100000 0.255878
v 0.724782 0.100000 0.255878
v 0.734334 -0.100000 0.263481
v 0.734334 0.100000 0.263481
v 0.743594 -0.100000 0.271141
v 0.743594 0.100000 0.271141
v 0.752500 -0.100000 0.278810
v 0.752500 0.100000 0.278810
v 0.760990 -0.100000 0.286445
v 0.760990 0.100000 0.286445
v 0.769000 -0.100000 0.294000
v 0.769000 0.100000 0.294000
v 0.782540 -0.100000 0.281792
v 0.782540 0.100000 0.281792
v 0.795653 -0.100000 0.269167
v 0.795653 0.100000 0.269167
v 0.808328 -0.100000 0.256125
v 0.808328 0.100000 0.256125
v 0.820556 -0.100000 0.242667
v 0.820556 0.100000 0.242667
v 0.832325 -0.100000 0.228792
v 0.832325 0.100000 0.228792
v 0.843625 -0.100000 0.214500
v 0.843625 0.100000 0.214500
v 0.854446 -0.100000 0.199792
v 0.854446 0.100000 0.199792
v 0.864778 -0.100000 0.184667
v 0.864778 0.100000 0.184667
v 0.874610 -0.100000 0.169125
v 0.874610 0.100000 0.169125
v 0.883931 -0.100000 0.153167
v 0.883931 0.100000 0.153167
v 0.892731 -0.100000 0.136792
v 0.892731 0.100000 0.136792
v 0.901000 -0.100000 0.120000
v 0.901000 0.100000 0.120000
v 0.704000 -0.100000 0.120000
v 0.704000 0.100000 0.120000
v 0.688957 -0.100000 0.134414
v 0.688957 0.100000 0.134414
v 0.673324 -0.100000 0.148644
v 0.673324 0.100000 0.148644
v 0.657094 -0.100000 0.162672
v 0.657094 0.100000 0.162672
v 0.640259 -0.100000 0.176481
v 0.640259 0.100000 0.176481
v 0.622814 -0.100000 0.190055
v 0.622814 0.100000 0.190055
v 0.604750 -0.100000 0.203375
v 0.604750 0.100000 0.203375
v 0.586061 -0.100000 0.216424
v 0.586061 0.100000 0.216424
v 0.566741 -0.100000 0.229185
v 0.566741 0.100000 0.229185
v 0.546782 -0.100000 0.241641
v 0.546782 0.100000 0.241641
v 0.526176 -0.100000 0.253773
v 0.526176 0.100000 0.253773
v 0.504918 -0.100000 0.265565
v 0.504918 0.100000 0.265565
v 0.483000 -0.100000 0.277000
v 0.483000 0.100000 0.277000
v 0.480050 -0.100000 0.272826
v 0.480050 0.100000 0.272826
v 0.476732 -0.100000 0.268356
v 0.476732 0.100000 0.268356
v 0.473094 -0.100000 0.263672
v 0.473094 0.100000 0.263672
v 0.469185 -0.100000 0.258852
v 0.469185 0.100000 0.258852
v 0.465055 -0.100000 0.253976
v 0.465055 0.100000 0.253976
v 0.460750 -0.100000 0.249125
v 0.460750 0.100000 0.249125
v 0.456321 -0.100000 0.244378
v 0.456321 0.100000 0.244378
v 0.451815 -0.100000 0.239815
v 0.451815 0.100000 0.239815
v 0.447281 -0.100000 0.235516
v 0.447281 0.100000 0.235516
v 0.442769 -0.100000 0.231560
v 0.442769 0.100000 0.231560
v 0.438325 -0.100000 0.228028
v 0.438325 0.100000 0.228028
v 0.434000 -0.100000 0.225000
v 0.434000 0.100000 0.225000
v 0.470767 -0.100000 0.206859
v 0.470767 0.100000 0.206859
v 0.505551 -0.100000 0.187537
v 0.505551 0.100000 0.187537
v 0.538328 -0.100000 0.167187
v 0.538328 0.100000 0.167187
v 0.569074 -0.100000 0.145963
v 0.569074 0.100000 0.145963
v 0.597765 -0.100000 0.124016
v 0.597765 0.100000 0.124016
v 0.624375 -0.100000 0.101500
v 0.624375 0.100000 0.101500
v 0.648882 -0.100000 0.078567
v 0.648882 0.100000 0.078567
v 0.671260 -0.100000 0.055370
v 0.671260 0.100000 0.055370
v 0.691485 -0.100000 0.032062
v 0.691485 0.100000 0.032062
v 0.709533 -0.100000 0.008796
v 0.709533 0.100000 0.008796
v 0.725379 -0.100000 -0.014275
v 0.725379 0.100000 -0.014275
v 0.739000 -0.100000 -0.037000
v 0.739000 0.100000 -0.037000
v 0.816000 -0.100000 -0.022000
v 0.816000 0.100000 -0.022000
v 0.811978 -0.100000 -0.015501
v 0.811978 0.100000 -0.015501
v 0.807903 -0.100000 -0.009005
v 0.807903 0.100000 -0.009005
v 0.803766 -0.100000 -0.002516
v 0.803766 0.100000 -0.002516
v 0.799556 -0.100000 0.003963
v 0.799556 0.100000 0.003963
v 0.795263 -0.100000 0.010428
v 0.795263 0.100000 0.010428
v 0.790875 -0.100000 0.016875
v 0.790875 0.100000 0.016875
v 0.786384 -0.100000 0.023301
v 0.786384 0.100000 0.023301
v 0.781778 -0.100000 0.029704
v 0.781778 0.100000 0.029704
v 0.777047 -0.100000 0.036078
v 0.777047 0.100000 0.036078
v 0.772181 -0.100000 0.042421
v 0.772181 0.100000 0.042421
v 0.767169 -0.100000 0.048730
v 0.767169 0.100000 0.048730
v 0.762000 -0.100000 0.055000
v 0.762000 0.100000 0.055000
v 0.936000 -0.100000 0.055000
v 0.936000 0.100000 0.055000
v 0.949000 -0.100000 0.052000
v 0.949000 0.100000 0.052000
v 0.998000 -0.100000 0.074000
v 0.998000 0.100000 0.074000
v 0.973252 -0.100000 0.136995
v 0.973252 0.100000 0.136995
v 0.943264 -0.100000 0.194625
v 0.943264 0.100000 0.194625
v 0.908422 -0.100000 0.247109
v 0.908422 0.100000 0.247109
v 0.869111 -0.100000 0.294667
v 0.869111 0.100000 0.294667
v 0.825717 -0.100000 0.337516
v 0.825717 0.100000 0.337516
v 0.778625 -0.100000 0.375875
v 0.778625 0.100000 0.375875
v 0.728221 -0.100000 0.409964
v 0.728221 0.100000 0.409964
v 0.674889 -0.100000 0.440000
v 0.674889 0.100000 0.440000
v 0.619016 -0.100000 0.466203
v 0.619016 0.100000 0.466203
v 0.560987 -0.100000 0.488792
v 0.560987 0.100000 0.488792
v 0.501186 -0.100000 0.507984
v 0.501186 0.100000 0.507984
v 0.440000 -0.100000 0.524000
v 0.440000 0.100000 0.524000
v 0.437800 -0.100000 0.519094
v 0.437800 0.100000 0.519094
v 0.435236 -0.100000 0.513921
v 0.435236 0.100000 0.513921
v 0.432359 -0.100000 0.508547
v 0.432359 0.100000 0.508547
v 0.429222 -0.100000 0.503037
v 0.429222 0.100000 0.503037
v 0.425877 -0.100000 0.497458
v 0.425877 0.100000 0.497458
v 0.422375 -0.100000 0.491875
v 0.422375 0.100000 0.491875
v 0.418769 -0.100000 0.486355
v 0.418769 0.100000 0.486355
v 0.415111 -0.100000 0.480963
v 0.415111 0.100000 0.480963
v 0.411453 -0.100000 0.475766
v 0.411453 0.100000 0.475766
v 0.407847 -0.100000 0.470829
v 0.407847 0.100000 0.470829
v 0.404346 -0.100000 0.466218
v 0.404346 0.100000 0.466218
v 0.401000 -0.100000 0.462000
v 0.401000 0.100000 0.462000
v 0.428929 -0.100000 0.456103
v 0.428929 0.100000 0.456103
v 0.456681 -0.100000 0.449407
v 0.456681 0.100000 0.449407
v 0.484204 -0.100000 0.441906
v 0.484204 0.100000 0.441906
v 0.511445 -0.100000 0.433593
v 0.511445 0.100000 0.433593
v 0.538353 -0.100000 0.424459
v 0.538353 0.100000 0.424459
v 0.564875 -0.100000 0.414500
v 0.564875 0.100000 0.414500
v 0.590961 -0.100000 0.403707
v 0.590961 0.100000 0.403707
v 0.616556 -0.100000 0.392074
v 0.616556 0.100000 0.392074
v 0.641610 -0.100000 0.379594
v 0.641610 0.100000 0.379594
v 0.666070 -0.100000 0.366259
v 0.666070 0.100000 0.366259
v 0.689884 -0.100000 0.352064
v 0.689884 0.100000 0.352064
v 0.713000 -0.100000 0.337000
v 0.713000 0.100000 0.337000
v 0.704990 -0.100000 0.329385
v 0.704990 0.100000 0.329385
v 0.696500 -0.100000 0.321579
v 0.696500 0.100000 0.321579
v 0.687594 -0.100000 0.313641
v 0.687594 0.100000 0.313641
v 0.678334 -0.100000 0.305630
v 0.678334 0.100000 0.305630
v 0.668782 -0.100000 0.297605
v 0.668782 0.100000 0.297605
v 0.659000 -0.100000 0.289625
v 0.659000 0.100000 0.289625
v 0.649052 -0.100000 0.281749
v 0.649052 0.100000 0.281749
v 0.639000 -0.100000 0.274037
v 0.639000 0.100000 0.274037
v 0.628906 -0.100000 0.266547
v 0.628906 0.100000 0.266547
v 0.618834 -0.100000 0.259338
v 0.618834 0.100000 0.259338
v 0.608844 -0.100000 0.252469
v 0.608844 0.100000 0.252469
v 0.599000 -0.100000 0.246000
v 0.599000 0.100000 0.246000
v 0.655000 -0.100000 0.208000
v 0.655000 0.100000 0.208000
v 1.767979 -0.100000 -0.368042
v 1.767979 0.100000 -0.368042
v 1.767917 -0.100000 -0.349171
v 1.767917 0.100000 -0.349171
v 1.767813 -0.100000 -0.330391
v 1.767813 0.100000 -0.330391
v 1.767667 -0.100000 -0.311704
v 1.767667 0.100000 -0.311704
v 1.767480 -0.100000 -0.293114
v 1.767480 0.100000 -0.293114
v 1.767250 -0.100000 -0.274625
v 1.767250 0.100000 -0.274625
v 1.766979 -0.100000 -0.256240
v 1.766979 0.100000 -0.256240
v 1.766667 -0.100000 -0.237963
v 1.766667 0.100000 -0.237963
v 1.766313 -0.100000 -0.219797
v 1.766313 0.100000 -0.219797
v 1.765917 -0.100000 -0.201745
v 1.765917 0.100000 -0.201745
v 1.765479 -0.100000 -0.183812
v 1.765479 0.100000 -0.183812
v 1.765000 -0.100000 -0.166000
v 1.765000 0.100000 -0.166000
v 1.978000 -0.100000 -0.166000
v 1.978000 0.100000 -0.166000
v 1.978000 -0.100000 -0.165444
v 1.978000 0.100000 -0.165444
v 1.978000 -0.100000 -0.163884
v 1.978000 0.100000 -0.163884
v 1.978000 -0.100000 -0.161484
v 1.978000 0.100000 -0.161484
v 1.978000 -0.100000 -0.158407
v 1.978000 0.100000 -0.158407
v 1.978000 -0.100000 -0.154817
v 1.978000 0.100000 -0.154817
v 1.978000 -0.100000 -0.150875
v 1.978000 0.100000 -0.150875
v 1.978000 -0.100000 -0.146746
v 1.978000 0.100000 -0.146746
v 1.978000 -0.100000 -0.142593
v 1.978000 0.100000 -0.142593
v 1.978000 -0.100000 -0.138578
v 1.978000 0.100000 -0.138578
v 1.978000 -0.100000 -0.134866
v 1.978000 0.100000 -0.134866
v 1.978000 -0.100000 -0.131619
v 1.978000 0.100000 -0.131619
v 1.978000 -0.100000 -0.129000
v 1.978000 0.100000 -0.129000
v 1.975257 -0.100000 -0.029039
v 1.975257 0.100000 -0.029039
v 1.972468 -0.100000 0.059773
v 1.972468 0.100000 0.059773
v 1.969547 -0.100000 0.138078
v 1.969547 0.100000 0.138078
v 1.966408 -0.100000 0.206519
v 1.966408 0.100000 0.206519
v 1.962962 -0.100000 0.265737
v 1.962962 0.100000 0.265737
v 1.959125 -0.100000 0.316375
v 1.959125 0.100000 0.316375
v 1.954808 -0.100000 0.359076
v 1.954808 0.100000 0.359076
v 1.949926 -0.100000 0.394481
v 1.949926 0.100000 0.394481
v 1.944391 -0.100000 0.423234
v 1.944391 0.100000 0.423234
v 1.938116 -0.100000 0.445977
v 1.938116 0.100000 0.445977
v 1.931015 -0.100000 0.463351
v 1.931015 0.100000 0.463351
v 1.923000 -0.100000 0.476000
v 1.923000 0.100000 0.476000
v 1.918684 -0.100000 0.482362
v 1.918684 0.100000 0.482362
v 1.914219 -0.100000 0.487981
v 1.914219 0.100000 0.487981
v 1.909579 -0.100000 0.492906
v 1.909579 0.100000 0.492906
v 1.904742 -0.100000 0.497185
v 1.904742 0.100000 0.497185
v 1.899682 -0.100000 0.500867
v 1.899682 0.100000 0.500867
v 1.894376 -0.100000 0.504000
v 1.894376 0.100000 0.504000
v 1.888798 -0.100000 0.506633
v 1.888798 0.100000 0.506633
v 1.882926 -0.100000 0.508815
v 1.882926 0.100000 0.508815
v 1.876734 -0.100000 0.510594
v 1.876734 0.100000 0.510594
v 1.870199 -0.100000 0.512019
v 1.870199 0.100000 0.512019
v 1.863296 -0.100000 0.513138
v 1.863296 0.100000 0.513138
v 1.856000 -0.100000 0.514000
v 1.856000 0.100000 0.514000
v 1.848386 -0.100000 0.514898
v 1.848386 0.100000 0.514898
v 1.840084 -0.100000 0.515602
v 1.840084 0.100000 0.515602
v 1.831157 -0.100000 0.516125
v 1.831157 0.100000 0.516125
v 1.821667 -0.100000 0.516481
v 1.821667 0.100000 0.516481
v 1.811678 -0.100000 0.516685
v 1.811678 0.100000 0.516685
v 1.801251 -0.100000 0.516750
v 1.801251 0.100000 0.516750
v 1.790448 -0.100000 0.516690
v 1.790448 0.100000 0.516690
v 1.779334 -0.100000 0.516519
v 1.779334 0.100000 0.516519
v 1.767969 -0.100000 0.516250
v 1.767969 0.100000 0.516250
v 1.756417 -0.100000 0.515898
v 1.756417 0.100000 0.515898
v 1.744740 -0.100000 0.515477
v 1.744740 0.100000 0.515477
v 1.733000 -0.100000 0.515000
v 1.733000 0.100000 0.515000
v 1.732376 -0.100000 0.509554
v 1.732376 0.100000 0.509554
v 1.731509 -0.100000 0.503764
v 1.731509 0.100000 0.503764
v 1.730407 -0.100000 0.497703
v 1.730407 0.100000 0.497703
v 1.729074 -0.100000 0.491444
v 1.729074 0.100000 0.491444
v 1.727520 -0.100000 0.485061
v 1.727520 0.100000 0.485061
v 1.725750 -0.100000 0.478625
v 1.725750 0.100000 0.478625
v 1.723772 -0.100000 0.472210
v 1.723772 0.100000 0.472210
v 1.721593 -0.100000 0.465889
v 1.721593 0.100000 0.465889
v 1.719219 -0.100000 0.459734
v 1.719219 0.100000 0.459734
v 1.716657 -0.100000 0.453819
v 1.716657 0.100000 0.453819
v 1.713916 -0.100000 0.448217
v 1.713916 0.100000 0.448217
v 1.711000 -0.100000 0.443000
v 1.711000 0.100000 0.443000
v 1.723154 -0.100000 0.443919
v 1.723154 0.100000 0.443919
v 1.735065 -0.100000 0.444685
v 1.735065 0.100000 0.444685
v 1.746657 -0.100000 0.445312
v 1.746657 0.100000 0.445312
v 1.757852 -0.100000 0.445815
v 1.757852 0.100000 0.445815
v 1.768576 -0.100000 0.446206
v 1.768576 0.100000 0.446206
v 1.778751 -0.100000 0.446500
v 1.778751 0.100000 0.446500
v 1.788300 -0.100000 0.446711
v 1.788300 0.100000 0.446711
v 1.797148 -0.100000 0.446852
v 1.797148 0.100000 0.446852
v 1.805219 -0.100000 0.446938
v 1.805219 0.100000 0.446938
v 1.812435 -0.100000 0.446981
v 1.812435 0.100000 0.446981
v 1.818721 -0.100000 0.446998
v 1.818721 0.100000 0.446998
v 1.824000 -0.100000 0.447000
v 1.824000 0.100000 0.447000
v 1.827879 -0.100000 0.446953
v 1.827879 0.100000 0.446953
v 1.831525 -0.100000 0.446792
v 1.831525 0.100000 0.446792
v 1.834955 -0.100000 0.446484
v 1.834955 0.100000 0.446484
v 1.838187 -0.100000 0.446000
v 1.838187 0.100000 0.446000
v 1.841238 -0.100000 0.445307
v 1.841238 0.100000 0.445307
v 1.844126 -0.100000 0.444375
v 1.844126 0.100000 0.444375
v 1.846868 -0.100000 0.443172
v 1.846868 0.100000 0.443172
v 1.849482 -0.100000 0.441667
v 1.849482 0.100000 0.441667
v 1.851985 -0.100000 0.439828
v 1.851985 0.100000 0.439828
v 1.854394 -0.100000 0.437625
v 1.854394 0.100000 0.437625
v 1.856727 -0.100000 0.435026
v 1.856727 0.100000 0.435026
v 1.859000 -0.100000 0.432000
v 1.859000 0.100000 0.432000
v 1.864755 -0.100000 0.422279
v 1.864755 0.100000 0.422279
v 1.870046 -0.100000 0.407815
v 1.870046 0.100000 0.407815
v 1.874906 -0.100000 0.388156
v 1.874906 0.100000 0.388156
v 1.879370 -0.100000 0.362852
v 1.879370 0.100000 0.362852
v 1.883473 -0.100000 0.331450
v 1.883473 0.100000 0.331450
v 1.887250 -0.100000 0.293500
v 1.887250 0.100000 0.293500
v 1.890735 -0.100000 0.248550
v 1.890735 0.100000 0.248550
v 1.893963 -0.100000 0.196148
v 1.893963 0.100000 0.196148
v 1.896969 -0.100000 0.135844
v 1.896969 0.100000 0.135844
v 1.899787 -0.100000 0.067185
v 1.899787 0.100000 0.067185
v 1.902453 -0.100000 -0.010279
v 1.902453 0.100000 -0.010279
v 1.905000 -0.100000 -0.097000
v 1.905000 0.100000 -0.097000
v 1.763000 -0.100000 -0.097000
v 1.763000 0.100000 -0.097000
v 1.759025 -0.100000 -0.031003
v 1.759025 0.100000 -0.031003
v 1.753361 -0.100000 0.032893
v 1.753361 0.100000 0.032893
v 1.745657 -0.100000 0.094547
v 1.745657 0.100000 0.094547
v 1.735556 -0.100000 0.153815
v 1.735556 0.100000 0.153815
v 1.722705 -0.100000 0.210555
v 1.722705 0.100000 0.210555
v 1.706750 -0.100000 0.264625
v 1.706750 0.100000 0.264625
v 1.687337 -0.100000 0.315883
v 1.687337 0.100000 0.315883
v 1.664111 -0.100000 0.364185
v 1.664111 0.100000 0.364185
v 1.636719 -0.100000 0.409391
v 1.636719 0.100000 0.409391
v 1.604806 -0.100000 0.451356
v 1.604806 0.100000 0.451356
v 1.568018 -0.100000 0.489940
v 1.568018 0.100000 0.489940
v 1.526000 -0.100000 0.525000
v 1.526000 0.100000 0.525000
v 1.522951 -0.100000 0.520595
v 1.522951 0.100000 0.520595
v 1.519357 -0.100000 0.515931
v 1.519357 0.100000 0.515931
v 1.515297 -0.100000 0.511078
v 1.515297 0.100000 0.511078
v 1.510852 -0.100000 0.506111
v 1.510852 0.100000 0.506111
v 1.506101 -0.100000 0.501102
v 1.506101 0.100000 0.501102
v 1.501125 -0.100000 0.496125
v 1.501125 0.100000 0.496125
v 1.496003 -0.100000 0.491252
v 1.496003 0.100000 0.491252
v 1.490815 -0.100000 0.486556
v 1.490815 0.100000 0.486556
v 1.485641 -0.100000 0.482109
v 1.485641 0.100000 0.482109
v 1.480561 -0.100000 0.477986
v 1.480561 0.100000 0.477986
v 1.475654 -0.100000 0.474259
v 1.475654 0.100000 0.474259
v 1.471000 -0.100000 0.471000
v 1.471000 0.100000 0.471000
v 1.474749 -0.100000 0.468230
v 1.474749 0.100000 0.468230
v 1.478491 -0.100000 0.465421
v 1.478491 0.100000 0.465421
v 1.482219 -0.100000 0.462578
v 1.482219 0.100000 0.462578
v 1.485926 -0.100000 0.459704
v 1.485926 0.100000 0.459704
v 1.489605 -0.100000 0.456802
v 1.489605 0.100000 0.456802
v 1.493250 -0.100000 0.453875
v 1.493250 0.100000 0.453875
v 1.496853 -0.100000 0.450928
v 1.496853 0.100000 0.450928
v 1.500407 -0.100000 0.447963
v 1.500407 0.100000 0.447963
v 1.503906 -0.100000 0.444984
v 1.503906 0.100000 0.444984
v 1.507343 -0.100000 0.441995
v 1.507343 0.100000 0.441995
v 1.510710 -0.100000 0.438999
v 1.510710 0.100000 0.438999
v 1.514000 -0.100000 0.436000
v 1.514000 0.100000 0.436000
v 1.475714 -0.100000 0.440497
v 1.475714 0.100000 0.440497
v 1.437463 -0.100000 0.444972
v 1.437463 0.100000 0.444972
v 1.399406 -0.100000 0.449406
v 1.399406 0.100000 0.449406
v 1.361704 -0.100000 0.453778
v 1.361704 0.100000 0.453778
v 1.324515 -0.100000 0.458066
v 1.324515 0.100000 0.458066
v 1.288000 -0.100000 0.462250
v 1.288000 0.100000 0.462250
v 1.252318 -0.100000 0.466309
v 1.252318 0.100000 0.466309
v 1.217630 -0.100000 0.470222
v 1.217630 0.100000 0.470222
v 1.184094 -0.100000 0.473969
v 1.184094 0.100000 0.473969
v 1.151870 -0.100000 0.477528
v 1.151870 0.100000 0.477528
v 1.121119 -0.100000 0.480878
v 1.121119 0.100000 0.480878
v 1.092000 -0.100000 0.484000
v 1.092000 0.100000 0.484000
v 1.082000 -0.100000 0.418000
v 1.082000 0.100000 0.418000
v 1.299000 -0.100000 0.398000
v 1.299000 0.100000 0.398000
v 1.299000 -0.100000 0.311000
v 1.299000 0.100000 0.311000
v 1.109000 -0.100000 0.311000
v 1.109000 0.100000 0.311000
v 1.109000 -0.100000 0.253000
v 1.109000 0.100000 0.253000
v 1.299000 -0.100000 0.253000
v 1.299000 0.100000 0.253000
v 1.299000 -0.100000 0.192000
v 1.299000 0.100000 0.192000
v 1.112000 -0.100000 0.192000
v 1.112000 0.100000 0.192000
v 1.112000 -0.100000 -0.107000
v 1.112000 0.100000 -0.107000
v 1.299000 -0.100000 -0.107000
v 1.299000 0.100000 -0.107000
v 1.299000 -0.100000 -0.170000
v 1.299000 0.100000 -0.170000
v 1.082000 -0.100000 -0.170000
v 1.082000 0.100000 -0.170000
v 1.082000 -0.100000 -0.229000
v 1.082000 0.100000 -0.229000
v 1.299000 -0.100000 -0.229000
v 1.299000 0.100000 -0.229000
v 1.299000 -0.100000 -0.296000
v 1.299000 0.100000 -0.296000
v 1.282983 -0.100000 -0.294772
v 1.282983 0.100000 -0.294772
v 1.266949 -0.100000 -0.293588
v 1.266949 0.100000 -0.293588
v 1.250922 -0.100000 -0.292453
v 1.250922 0.100000 -0.292453
v 1.234926 -0.100000 -0.291370
v 1.234926 0.100000 -0.291370
v 1.218986 -0.100000 -0.290343
v 1.218986 0.100000 -0.290343
v 1.203125 -0.100000 -0.289375
v 1.203125 0.100000 -0.289375
v 1.187369 -0.100000 -0.288469
v 1.187369 0.100000 -0.288469
v 1.171741 -0.100000 -0.287630
v 1.171741 0.100000 -0.287630
v 1.156266 -0.100000 -0.286859
v 1.156266 0.100000 -0.286859
v 1.140968 -0.100000 -0.286162
v 1.140968 0.100000 -0.286162
v 1.125871 -0.100000 -0.285541
v 1.125871 0.100000 -0.285541
v 1.111000 -0.100000 -0.285000
v 1.111000 0.100000 -0.285000
v 1.110149 -0.100000 -0.289157
v 1.110149 0.100000 -0.289157
v 1.109111 -0.100000 -0.293593
v 1.109111 0.100000 -0.293593
v 1.107906 -0.100000 -0.298250
v 1.107906 0.100000 -0.298250
v 1.106555 -0.100000 -0.303074
v 1.106555 0.100000 -0.303074
v 1.105079 -0.100000 -0.308009
v 1.105079 0.100000 -0.308009
v 1.103500 -0.100000 -0.313000
v 1.103500 0.100000 -0.313000
v 1.101836 -0.100000 -0.317991
v 1.101836 0.100000 -0.317991
v 1.100111 -0.100000 -0.322926
v 1.100111 0.100000 -0.322926
v 1.098344 -0.100000 -0.327750
v 1.098344 0.100000 -0.327750
v 1.096555 -0.100000 -0.332407
v 1.096555 0.100000 -0.332407
v 1.094767 -0.100000 -0.336843
v 1.094767 0.100000 -0.336843
v 1.093000 -0.100000 -0.341000
v 1.093000 0.100000 -0.341000
v 1.130644 -0.100000 -0.342976
v 1.130644 0.100000 -0.342976
v 1.169315 -0.100000 -0.345394
v 1.169315 0.100000 -0.345394
v 1.208625 -0.100000 -0.348234
v 1.208625 0.100000 -0.348234
v 1.248185 -0.100000 -0.351481
v 1.248185 0.100000 -0.351481
v 1.287606 -0.100000 -0.355117
v 1.287606 0.100000 -0.355117
v 1.326500 -0.100000 -0.359125
v 1.326500 0.100000 -0.359125
v 1.364477 -0.100000 -0.363487
v 1.364477 0.100000 -0.363487
v 1.401148 -0.100000 -0.368185
v 1.401148 0.100000 -0.368185
v 1.436125 -0.100000 -0.373203
v 1.436125 0.100000 -0.373203
v 1.469019 -0.100000 -0.378523
v 1.469019 0.100000 -0.378523
v 1.499440 -0.100000 -0.384128
v 1.499440 0.100000 -0.384128
v 1.527000 -0.100000 -0.390000
v 1.527000 0.100000 -0.390000
v 1.564000 -0.100000 -0.332000
v 1.564000 0.100000 -0.332000
v 1.550195 -0.100000 -0.329061
v 1.550195 0.100000 -0.329061
v 1.535802 -0.100000 -0.326241
v 1.535802 0.100000 -0.326241
v 1.520860 -0.100000 -0.323531
v 1.520860 0.100000 -0.323531
v 1.505408 -0.100000 -0.320926
v 1.505408 0.100000 -0.320926
v 1.489484 -0.100000 -0.318418
v 1.489484 0.100000 -0.318418
v 1.473126 -0.100000 -0.316000
v 1.473126 0.100000 -0.316000
v 1.456372 -0.100000 -0.313666
v 1.456372 0.100000 -0.313666
v 1.439260 -0.100000 -0.311407
v 1.439260 0.100000 -0.311407
v 1.421829 -0.100000 -0.309219
v 1.421829 0.100000 -0.309219
v 1.404116 -0.100000 -0.307093
v 1.404116 0.100000 -0.307093
v 1.386161 -0.100000 -0.305022
v 1.386161 0.100000 -0.305022
v 1.368000 -0.100000 -0.303000
v 1.368000 0.100000 -0.303000
v 1.368000 -0.100000 -0.229000
v 1.368000 0.100000 -0.229000
v 1.582000 -0.100000 -0.229000
v 1.582000 0.100000 -0.229000
v 1.582000 -0.100000 -0.170000
v 1.582000 0.100000 -0.170000
v 1.368000 -0.100000 -0.170000
v 1.368000 0.100000 -0.170000
v 1.368000 -0.100000 -0.107000
v 1.368000 0.100000 -0.107000
v 1.563000 -0.100000 -0.107000
v 1.563000 0.100000 -0.107000
v 1.563000 -0.100000 0.192000
v 1.563000 0.100000 0.192000
v 1.368000 -0.100000 0.192000
v 1.368000 0.100000 0.192000
v 1.368000 -0.100000 0.253000
v 1.368000 0.100000 0.253000
v 1.565000 -0.100000 0.253000
v 1.565000 0.100000 0.253000
v 1.565000 -0.100000 0.311000
v 1.565000 0.100000 0.311000
v 1.368000 -0.100000 0.311000
v 1.368000 0.100000 0.311000
v 1.368000 -0.100000 0.391000
v 1.368000 0.100000 0.391000
v 1.569000 -0.100000 0.370000
v 1.569000 0.100000 0.370000
v 1.569000 -0.100000 0.374000
v 1.569000 0.100000 0.374000
v 1.589504 -0.100000 0.343344
v 1.589504 0.100000 0.343344
v 1.607620 -0.100000 0.310917
v 1.607620 0.100000 0.310917
v 1.623500 -0.100000 0.276781
v 1.623500 0.100000 0.276781
v 1.637296 -0.100000 0.241000
v 1.637296 0.100000 0.241000
v 1.649162 -0.100000 0.203635
v 1.649162 0.100000 0.203635
v 1.659250 -0.100000 0.164750
v 1.659250 0.100000 0.164750
v 1.667712 -0.100000 0.124406
v 1.667712 0.100000 0.124406
v 1.674703 -0.100000 0.082667
v 1.674703 0.100000 0.082667
v 1.680375 -0.100000 0.039594
v 1.680375 0.100000 0.039594
v 1.684880 -0.100000 -0.004750
v 1.684880 0.100000 -0.004750
v 1.688370 -0.100000 -0.050302
v 1.688370 0.100000 -0.050302
v 1.691000 -0.100000 -0.097000
v 1.691000 0.100000 -0.097000
v 1.574000 -0.100000 -0.097000
v 1.574000 0.100000 -0.097000
v 1.574000 -0.100000 -0.166000
v 1.574000 0.100000 -0.166000
v 1.693000 -0.100000 -0.166000
v 1.693000 0.100000 -0.166000
v 1.693460 -0.100000 -0.183812
v 1.693460 0.100000 -0.183812
v 1.693843 -0.100000 -0.201746
v 1.693843 0.100000 -0.201746
v 1.694157 -0.100000 -0.219797
v 1.694157 0.100000 -0.219797
v 1.694408 -0.100000 -0.237963
v 1.694408 0.100000 -0.237963
v 1.694604 -0.100000 -0.256240
v 1.694604 0.100000 -0.256240
v 1.694751 -0.100000 -0.274625
v 1.694751 0.100000 -0.274625
v 1.694856 -0.100000 -0.293114
v 1.694856 0.100000 -0.293114
v 1.694927 -0.100000 -0.311704
v 1.694927 0.100000 -0.311704
v 1.694969 -0.100000 -0.330391
v 1.694969 0.100000 -0.330391
v 1.694991 -0.100000 -0.349171
v 1.694991 0.100000 -0.349171
v 1.694999 -0.100000 -0.368042
v 1.694999 0.100000 -0.368042
v 1.695000 -0.100000 -0.387000
v 1.695000 0.100000 -0.387000
v 1.768000 -0.100000 -0.387000
v 1.768000 0.100000 -0.387000
v 1.299000 -0.100000 0.140000
v 1.299000 0.100000 0.140000
v 1.299000 -0.100000 0.067000
v 1.299000 0.100000 0.067000
v 1.174000 -0.100000 0.067000
v 1.174000 0.100000 0.067000
v 1.174000 -0.100000 0.140000
v 1.174000 0.100000 0.140000
v 1.499000 -0.100000 0.140000
v 1.499000 0.100000 0.140000
v 1.499000 -0.100000 0.067000
v 1.499000 0.100000 0.067000
v 1.368000 -0.100000 0.067000
v 1.368000 0.100000 0.067000
v 1.368000 -0.100000 0.140000
v 1.368000 0.100000 0.140000
v 1.299000 -0.100000 0.017000
v 1.299000 0.100000 0.017000
v 1.299000 -0.100000 -0.055000
v 1.299000 0.100000 -0.055000
v 1.174000 -0.100000 -0.055000
v 1.174000 0.100000 -0.055000
v 1.174000 -0.100000 0.017000
v 1.174000 0.100000 0.017000
v 1.499000 -0.100000 0.017000
v 1.499000 0.100000 0.017000
v 1.499000 -0.100000 -0.055000
v 1.499000 0.100000 -0.055000
v 1.368000 -0.100000 -0.055000
v 1.368000 0.100000 -0.055000
v 1.368000 -0.100000 0.017000
v 1.368000 0.100000 0.017000
v 2.577000 -0.100000 -0.221000
v 2.577000 0.100000 -0.221000
v 2.942000 -0.100000 -0.221000
v 2.942000 0.100000 -0.221000
v 2.942000 -0.100000 0.249000
v 2.942000 0.100000 0.249000
v 2.865000 -0.100000 0.249000
v 2.865000 0.100000 0.249000
v 2.865000 -0.100000 0.192000
v 2.865000 0.100000 0.192000
v 2.577000 -0.100000 0.192000
v 2.577000 0.100000 0.192000
v 2.577000 -0.100000 0.519000
v 2.577000 0.100000 0.519000
v 2.498000 -0.100000 0.519000
v 2.498000 0.100000 0.519000
v 2.498000 -0.100000 0.192000
v 2.498000 0.100000 0.192000
v 2.211000 -0.100000 0.192000
v 2.211000 0.100000 0.192000
v 2.211000 -0.100000 0.254000
v 2.211000 0.100000 0.254000
v 2.136000 -0.100000 0.254000
v 2.136000 0.100000 0.254000
v 2.136000 -0.100000 -0.221000
v 2.136000 0.100000 -0.221000
v 2.498000 -0.100000 -0.221000
v 2.498000 0.100000 -0.221000
v 2.498000 -0.100000 -0.400000
v 2.498000 0.100000 -0.400000
v 2.577000 -0.100000 -0.400000
v 2.577000 0.100000 -0.400000
v 2.498000 -0.100000 -0.148000
v 2.498000 0.100000 -0.148000
v 2.211000 -0.100000 -0.148000
v 2.211000 0.100000 -0.148000
v 2.211000 -0.100000 0.118000
v 2.211000 0.100000 0.118000
v 2.498000 -0.100000 0.118000
v 2.498000 0.100000 0.118000
v 2.577000 -0.100000 -0.148000
v 2.577000 0.100000 -0.148000
v 2.577000 -0.100000 0.118000
v 2.577000 0.100000 0.118000
v 2.865000 -0.100000 0.118000
v 2.865000 0.100000 0.118000
v 2.865000 -0.100000 -0.148000
v 2.865000 0.100000 -0.148000
vn -0.0000 1.0000 -0.0000
vn -0.0000 -1.0000 -0.0000
vn 0.0050 -0.0000 1.0000
vn 0.0012 -0.0000 1.0000
vn 0.0103 -0.0000 0.9999
vn 0.0157 -0.0000 0.9999
vn 0.0212 -0.0000 0.9998
vn 0.0268 -0.0000 0.9996
vn 0.0325 -0.0000 0.9995
vn 0.0382 -0.0000 0.9993
vn 0.0437 -0.0000 0.9990
vn 0.0492 -0.0000 0.9988
vn 0.0545 -0.0000 0.9985
vn 0.0595 -0.0000 0.9982
vn -0.6848 -0.0000 0.7287
vn -0.6701 -0.0000 -0.7423
vn 0.1004 -0.0000 -0.9949
vn -0.6701 -0.0000 -0.7422
vn 0.0969 -0.0000 -0.9953
vn 0.0924 -0.0000 -0.9957
vn 0.0868 -0.0000 -0.9962
vn 0.0800 -0.0000 -0.9968
vn 0.0722 -0.0000 -0.9974
vn 0.0632 -0.0000 -0.9980
vn 0.0531 -0.0000 -0.9986
vn 0.0417 -0.0000 -0.9991
vn 0.0291 -0.0000 -0.9996
vn 0.0152 -0.0000 -0.9999
vn 0.0039 -0.0000 -1.0000
vn -0.7180 -0.0000 -0.6961
vn -0.9985 -0.0000 0.0549
vn -0.7179 -0.0000 -0.6961
vn -0.9968 -0.0000 0.0794
vn -0.9967 -0.0000 0.0810
vn -0.9965 -0.0000 0.0837
vn -0.9961 -0.0000 0.0878
vn -0.9956 -0.0000 0.0934
vn -0.9949 -0.0000 0.1007
vn -0.9939 -0.0000 0.1098
vn -0.9926 -0.0000 0.1210
vn -0.9939 -0.0000 0.1099
vn -0.9909 -0.0000 0.1344
vn -0.9887 -0.0000 0.1499
vn -0.9859 -0.0000 0.1676
vn -0.7671 -0.0000 -0.6415
vn 0.7535 -0.0000 -0.6574
vn -0.7672 -0.0000 -0.6415
vn 0.9915 -0.0000 0.1298
vn 0.9930 -0.0000 0.1182
vn 0.9943 -0.0000 0.1065
vn 0.9955 -0.0000 0.0948
vn 0.9965 -0.0000 0.0830
vn 0.9975 -0.0000 0.0712
vn 0.9982 -0.0000 0.0594
vn 0.9975 -0.0000 0.0713
vn 0.9989 -0.0000 0.0476
vn 0.9994 -0.0000 0.0357
vn 0.9997 -0.0000 0.0238
vn 0.9999 -0.0000 0.0119
vn 1.0000 -0.0000 -0.0073
vn 0.6998 -0.0000 -0.7144
vn -0.0059 -0.0000 -1.0000
vn -0.0216 -0.0000 -0.9998
vn -0.0391 -0.0000 -0.9992
vn -0.0528 -0.0000 -0.9986
vn -0.0390 -0.0000 -0.9992
vn -0.0638 -0.0000 -0.9980
vn -0.0728 -0.0000 -0.9973
vn -0.0802 -0.0000 -0.9968
vn -0.0862 -0.0000 -0.9963
vn -0.0910 -0.0000 -0.9958
vn -0.0948 -0.0000 -0.9955
vn -0.0976 -0.0000 -0.9952
vn -0.0991 -0.0000 -0.9951
vn 0.6710 -0.0000 -0.7415
vn 0.6922 -0.0000 0.7217
vn -0.0400 -0.0000 0.9992
vn -0.0369 -0.0000 0.9993
vn -0.0340 -0.0000 0.9994
vn -0.0312 -0.0000 0.9995
vn -0.0285 -0.0000 0.9996
vn -0.0256 -0.0000 0.9997
vn -0.0226 -0.0000 0.9997
vn -0.0192 -0.0000 0.9998
vn -0.0155 -0.0000 0.9999
vn -0.0112 -0.0000 0.9999
vn -0.0061 -0.0000 1.0000
vn -0.0016 -0.0000 1.0000
vn 0.7139 -0.0000 0.7002
vn 0.9998 -0.0000 -0.0190
vn 0.7140 -0.0000 0.7002
vn 0.9998 -0.0000 -0.0181
vn 0.9999 -0.0000 -0.0172
vn 0.9999 -0.0000 -0.0164
vn 0.9999 -0.0000 -0.0156
vn 0.9999 -0.0000 -0.0149
vn 0.9999 -0.0000 -0.0140
vn 0.9999 -0.0000 -0.0131
vn 0.9999 -0.0000 -0.0121
vn 0.9999 -0.0000 -0.0110
vn 1.0000 -0.0000 -0.0096
vn 0.9998 -0.0000 0.0213
vn 0.9941 -0.0000 0.1088
vn 0.9732 -0.0000 0.2300
vn 0.9320 -0.0000 0.3624
vn 0.8664 -0.0000 0.4994
vn 0.7754 -0.0000 0.6315
vn 0.6634 -0.0000 0.7483
vn 0.5391 -0.0000 0.8422
vn 0.4125 -0.0000 0.9109
vn 0.2919 -0.0000 0.9564
vn 0.1823 -0.0000 0.9832
vn 0.0855 -0.0000 0.9963
vn 0.0186 -0.0000 0.9998
vn -0.0063 -0.0000 1.0000
vn -0.0124 -0.0000 0.9999
vn -0.0184 -0.0000 0.9998
vn -0.0243 -0.0000 0.9997
vn -0.0304 -0.0000 0.9995
vn -0.0365 -0.0000 0.9993
vn -0.0429 -0.0000 0.9991
vn -0.0496 -0.0000 0.9988
vn -0.0567 -0.0000 0.9984
vn -0.0642 -0.0000 0.9979
vn -0.0725 -0.0000 0.9974
vn -0.7042 -0.0000 0.7101
vn -0.6814 -0.0000 -0.7319
vn -0.7041 -0.0000 0.7101
vn 0.1478 -0.0000 -0.9890
vn -0.6815 -0.0000 -0.7319
vn 0.1326 -0.0000 -0.9912
vn 0.1186 -0.0000 -0.9929
vn 0.1055 -0.0000 -0.9944
vn 0.0930 -0.0000 -0.9957
vn 0.0810 -0.0000 -0.9967
vn 0.0691 -0.0000 -0.9976
vn 0.0570 -0.0000 -0.9984
vn 0.0445 -0.0000 -0.9990
vn 0.0311 -0.0000 -0.9995
vn 0.0164 -0.0000 -0.9999
vn -0.0156 -0.0000 -0.9999
vn -0.0875 -0.0000 -0.9962
vn -0.1947 -0.0000 -0.9809
vn -0.3250 -0.0000 -0.9457
vn -0.4732 -0.0000 -0.8809
vn -0.6253 -0.0000 -0.7804
vn -0.7612 -0.0000 -0.6485
vn -0.8650 -0.0000 -0.5017
vn -0.9329 -0.0000 -0.3600
vn -0.9715 -0.0000 -0.2370
vn -0.9905 -0.0000 -0.1375
vn -0.9982 -0.0000 -0.0603
vn -1.0000 -0.0000 -0.0093
vn -0.3108 -0.0000 0.9505
vn 0.7874 -0.0000 0.6164
vn 0.7592 -0.0000 0.6508
vn 0.7332 -0.0000 0.6800
vn 0.7084 -0.0000 0.7058
vn 0.6840 -0.0000 0.7294
vn 0.6595 -0.0000 0.7517
vn 0.6340 -0.0000 0.7733
vn 0.6071 -0.0000 0.7946
vn 0.5779 -0.0000 0.8161
vn 0.5457 -0.0000 0.8380
vn 0.5094 -0.0000 0.8605
vn -0.1643 -0.0000 0.9864
vn -0.9836 -0.0000 -0.1805
vn -0.4824 -0.0000 -0.8760
vn -0.5226 -0.0000 -0.8526
vn -0.5590 -0.0000 -0.8291
vn -0.5926 -0.0000 -0.8055
vn -0.6238 -0.0000 -0.7815
vn -0.6535 -0.0000 -0.7569
vn -0.6823 -0.0000 -0.7311
vn -0.7107 -0.0000 -0.7035
vn -0.7394 -0.0000 -0.6733
vn -0.7693 -0.0000 -0.6389
vn -0.8012 -0.0000 -0.5984
vn -0.8877 -0.0000 0.4604
vn -0.0000 -0.0000 -1.0000
vn -0.0025 -0.0000 -1.0000
vn -0.0098 -0.0000 -1.0000
vn -0.0195 -0.0000 -0.9998
vn -0.0290 -0.0000 -0.9996
vn -0.0381 -0.0000 -0.9993
vn -0.0469 -0.0000 -0.9989
vn -0.0553 -0.0000 -0.9985
vn -0.0633 -0.0000 -0.9980
vn -0.0706 -0.0000 -0.9975
vn -0.0772 -0.0000 -0.9970
vn -0.0828 -0.0000 -0.9966
vn -0.0873 -0.0000 -0.9962
vn 0.6748 -0.0000 -0.7380
vn 0.6868 -0.0000 0.7268
vn -0.0607 -0.0000 0.9982
vn -0.0666 -0.0000 0.9978
vn -0.0686 -0.0000 0.9976
vn -0.0677 -0.0000 0.9977
vn -0.0648 -0.0000 0.9979
vn -0.0600 -0.0000 0.9982
vn -0.0537 -0.0000 0.9986
vn -0.0459 -0.0000 0.9989
vn -0.0366 -0.0000 0.9993
vn -0.0259 -0.0000 0.9997
vn -0.0136 -0.0000 0.9999
vn -0.0035 -0.0000 1.0000
vn -0.0000 -0.0000 1.0000
vn 0.0015 -0.0000 1.0000
vn 0.0060 -0.0000 1.0000
vn 0.0119 -0.0000 0.9999
vn 0.0178 -0.0000 0.9998
vn 0.0238 -0.0000 0.9997
vn 0.0300 -0.0000 0.9996
vn 0.0365 -0.0000 0.9993
vn 0.0435 -0.0000 0.9991
vn 0.0512 -0.0000 0.9987
vn 0.0599 -0.0000 0.9982
vn 0.0699 -0.0000 0.9976
vn 0.0819 -0.0000 0.9966
vn -0.6751 -0.0000 0.7378
vn -0.6837 -0.0000 -0.7297
vn 0.0633 -0.0000 -0.9980
vn -0.6838 -0.0000 -0.7297
vn 0.0597 -0.0000 -0.9982
vn 0.0557 -0.0000 -0.9984
vn 0.0514 -0.0000 -0.9987
vn 0.0467 -0.0000 -0.9989
vn 0.0415 -0.0000 -0.9991
vn 0.0360 -0.0000 -0.9994
vn 0.0299 -0.0000 -0.9996
vn 0.0234 -0.0000 -0.9997
vn 0.0162 -0.0000 -0.9999
vn 0.0084 -0.0000 -1.0000
vn 0.0022 -0.0000 -1.0000
vn -0.9998 -0.0000 0.0220
vn -0.9999 -0.0000 0.0113
vn -0.9995 -0.0000 0.0326
vn -0.9991 -0.0000 0.0435
vn -0.9985 -0.0000 0.0548
vn -0.9991 -0.0000 0.0434
vn -0.9977 -0.0000 0.0672
vn -0.9967 -0.0000 0.0809
vn -0.9954 -0.0000 0.0963
vn -0.9967 -0.0000 0.0808
vn -0.9935 -0.0000 0.1141
vn -0.9908 -0.0000 0.1350
vn -0.9871 -0.0000 0.1602
vn -0.9908 -0.0000 0.1351
vn -0.7662 -0.0000 -0.6426
vn -0.9871 -0.0000 0.1603
vn 0.7402 -0.0000 -0.6724
vn 0.9955 -0.0000 0.0949
vn 0.9957 -0.0000 0.0926
vn 0.9960 -0.0000 0.0894
vn 0.9957 -0.0000 0.0925
vn 0.9963 -0.0000 0.0854
vn 0.9968 -0.0000 0.0804
vn 0.9972 -0.0000 0.0744
vn 0.9968 -0.0000 0.0805
vn 0.9977 -0.0000 0.0672
vn 0.9983 -0.0000 0.0585
vn 0.9977 -0.0000 0.0671
vn 0.9989 -0.0000 0.0479
vn 0.9983 -0.0000 0.0584
vn 0.9994 -0.0000 0.0350
vn 0.9998 -0.0000 0.0192
vn 0.9994 -0.0000 0.0351
vn 1.0000 -0.0000 0.0052
vn 0.9998 -0.0000 0.0191
vn 0.8055 -0.0000 -0.5926
vn 1.0000 -0.0000 0.0051
vn 0.3043 -0.0000 -0.9526
vn 0.3168 -0.0000 -0.9485
vn 0.3280 -0.0000 -0.9447
vn 0.3384 -0.0000 -0.9410
vn 0.3485 -0.0000 -0.9373
vn 0.3587 -0.0000 -0.9335
vn 0.3693 -0.0000 -0.9293
vn 0.3586 -0.0000 -0.9335
vn 0.3808 -0.0000 -0.9246
vn 0.3938 -0.0000 -0.9192
vn 0.4091 -0.0000 -0.9125
vn 0.4278 -0.0000 -0.9039
vn 0.9329 -0.0000 -0.3601
vn 0.3470 -0.0000 0.9378
vn -0.4519 -0.0000 0.8921
vn 0.3471 -0.0000 0.9378
vn -0.4313 -0.0000 0.9022
vn -0.4141 -0.0000 0.9102
vn -0.3992 -0.0000 0.9169
vn -0.3859 -0.0000 0.9225
vn -0.3738 -0.0000 0.9275
vn -0.3623 -0.0000 0.9320
vn -0.3512 -0.0000 0.9363
vn -0.3624 -0.0000 0.9320
vn -0.3400 -0.0000 0.9404
vn -0.3282 -0.0000 0.9446
vn -0.3153 -0.0000 0.9490
vn 0.5893 -0.0000 0.8079
vn 1.0000 -0.0000 -0.0041
vn 0.5892 -0.0000 0.8080
vn 1.0000 -0.0000 -0.0095
vn 0.9998 -0.0000 -0.0177
vn 0.9997 -0.0000 -0.0251
vn 0.9995 -0.0000 -0.0321
vn 0.9992 -0.0000 -0.0392
vn 0.9995 -0.0000 -0.0322
vn 0.9989 -0.0000 -0.0465
vn 0.9985 -0.0000 -0.0545
vn 0.9989 -0.0000 -0.0466
vn 0.9980 -0.0000 -0.0634
vn 0.9973 -0.0000 -0.0737
vn 0.9963 -0.0000 -0.0861
vn 0.9948 -0.0000 -0.1014
vn 0.7450 -0.0000 0.6671
vn -0.7554 -0.0000 0.6553
vn -0.9915 -0.0000 -0.1297
vn -0.9940 -0.0000 -0.1091
vn -0.9915 -0.0000 -0.1298
vn -0.9958 -0.0000 -0.0921
vn -0.9970 -0.0000 -0.0776
vn -0.9979 -0.0000 -0.0651
vn -0.9985 -0.0000 -0.0540
vn -0.9990 -0.0000 -0.0439
vn -0.9994 -0.0000 -0.0346
vn -0.9990 -0.0000 -0.0440
vn -0.9997 -0.0000 -0.0259
vn -0.9999 -0.0000 -0.0173
vn -0.9997 -0.0000 -0.0258
vn -1.0000 -0.0000 -0.0087
vn -1.0000 -0.0000 -0.0022
vn -1.0000 -0.0000 -0.0088
vn -1.0000 -0.0000 -0.0000
vn -1.0000 -0.0000 0.0029
vn 0.3527 -0.0000 0.9357
vn 0.3664 -0.0000 0.9305
vn 0.3663 -0.0000 0.9305
vn 0.3399 -0.0000 0.9404
vn 0.3279 -0.0000 0.9447
vn 0.3164 -0.0000 0.9486
vn 0.3055 -0.0000 0.9522
vn 0.2951 -0.0000 0.9555
vn 0.2850 -0.0000 0.9585
vn 0.2753 -0.0000 0.9613
vn 0.2660 -0.0000 0.9640
vn 0.2568 -0.0000 0.9665
vn 0.2659 -0.0000 0.9640
vn 0.7913 -0.0000 0.6114
vn 0.7071 -0.0000 -0.7071
vn 0.7071 -0.0000 0.7071
vn 0.9368 -0.0000 -0.3500
vn 0.7604 -0.0000 -0.6495
vn 0.9367 -0.0000 -0.3500
vn 0.7688 -0.0000 -0.6394
vn 0.7740 -0.0000 -0.6332
vn 0.7688 -0.0000 -0.6395
vn 0.7776 -0.0000 -0.6287
vn 0.7805 -0.0000 -0.6252
vn 0.7777 -0.0000 -0.6287
vn 0.7830 -0.0000 -0.6221
vn 0.7805 -0.0000 -0.6251
vn 0.7853 -0.0000 -0.6191
vn 0.7877 -0.0000 -0.6160
vn 0.7906 -0.0000 -0.6124
vn 0.7944 -0.0000 -0.6074
vn 0.8006 -0.0000 -0.5992
vn 1.0000 -0.0000 -0.0016
vn -0.0898 -0.0000 0.9960
vn -0.8937 -0.0000 0.4487
vn -0.8838 -0.0000 0.4678
vn -0.8762 -0.0000 0.4819
vn -0.8701 -0.0000 0.4928
vn -0.8651 -0.0000 0.5016
vn -0.8702 -0.0000 0.4928
vn -0.8607 -0.0000 0.5090
vn -0.8569 -0.0000 0.5155
vn -0.8534 -0.0000 0.5212
vn -0.8501 -0.0000 0.5265
vn -0.8470 -0.0000 0.5316
vn -0.8438 -0.0000 0.5366
vn 0.2808 -0.0000 0.9598
vn -0.7071 -0.0000 0.7071
vn -0.1709 -0.0000 0.9853
vn 0.9389 -0.0000 0.3442
vn -0.1710 -0.0000 0.9853
vn 0.9334 -0.0000 0.3589
vn 0.9274 -0.0000 0.3741
vn 0.9207 -0.0000 0.3902
vn 0.9133 -0.0000 0.4073
vn 0.9048 -0.0000 0.4258
vn 0.8950 -0.0000 0.4460
vn 0.8835 -0.0000 0.4683
vn 0.8699 -0.0000 0.4933
vn 0.8835 -0.0000 0.4684
vn 0.8533 -0.0000 0.5215
vn 0.8328 -0.0000 0.5536
vn 0.8533 -0.0000 0.5214
vn -0.1108 -0.0000 0.9938
vn -0.9200 -0.0000 0.3920
vn -0.1109 -0.0000 0.9938
vn -0.9071 -0.0000 0.4208
vn -0.9200 -0.0000 0.3919
vn -0.8961 -0.0000 0.4439
vn -0.8865 -0.0000 0.4627
vn -0.8961 -0.0000 0.4438
vn -0.8781 -0.0000 0.4785
vn -0.8706 -0.0000 0.4921
vn -0.8637 -0.0000 0.5041
vn -0.8705 -0.0000 0.4921
vn -0.8572 -0.0000 0.5149
vn -0.8636 -0.0000 0.5041
vn -0.8511 -0.0000 0.5251
vn -0.8450 -0.0000 0.5347
vn -0.8388 -0.0000 0.5445
vn -0.8450 -0.0000 0.5348
vn -0.9997 -0.0000 -0.0255
vn -0.8387 -0.0000 0.5445
vn -0.8206 -0.0000 -0.5715
vn -0.8451 -0.0000 -0.5346
vn -0.8644 -0.0000 -0.5028
vn -0.8801 -0.0000 -0.4748
vn -0.8932 -0.0000 -0.4496
vn -0.9046 -0.0000 -0.4263
vn -0.9146 -0.0000 -0.4043
vn -0.9238 -0.0000 -0.3829
vn -0.9323 -0.0000 -0.3617
vn -0.9404 -0.0000 -0.3401
vn -0.9483 -0.0000 -0.3175
vn -0.8080 -0.0000 0.5891
vn -0.8080 -0.0000 0.5892
vn -0.7071 -0.0000 -0.7071
vn -0.6282 -0.0000 0.7780
vn 0.2071 -0.0000 0.9783
vn 0.2003 -0.0000 0.9797
vn 0.2072 -0.0000 0.9783
vn 0.1939 -0.0000 0.9810
vn 0.1879 -0.0000 0.9822
vn 0.1824 -0.0000 0.9832
vn 0.1774 -0.0000 0.9841
vn 0.1727 -0.0000 0.9850
vn 0.1773 -0.0000 0.9841
vn 0.1685 -0.0000 0.9857
vn 0.1647 -0.0000 0.9863
vn 0.1614 -0.0000 0.9869
vn 0.1585 -0.0000 0.9874
vn -0.5658 -0.0000 0.8246
vn -0.9734 -0.0000 0.2289
vn -0.9642 -0.0000 0.2650
vn -0.9557 -0.0000 0.2943
vn -0.9478 -0.0000 0.3189
vn -0.9557 -0.0000 0.2944
vn -0.9403 -0.0000 0.3403
vn -0.9332 -0.0000 0.3595
vn -0.9403 -0.0000 0.3404
vn -0.9261 -0.0000 0.3774
vn -0.9331 -0.0000 0.3596
vn -0.9189 -0.0000 0.3945
vn -0.9114 -0.0000 0.4114
vn -0.9034 -0.0000 0.4289
vn -0.9114 -0.0000 0.4115
vn -0.8942 -0.0000 0.4476
vn -0.9033 -0.0000 0.4291
vn -0.8999 -0.0000 -0.4361
vn -0.8942 -0.0000 0.4477
vn -0.1977 -0.0000 -0.9803
vn -0.2090 -0.0000 -0.9779
vn -0.2207 -0.0000 -0.9754
vn -0.2331 -0.0000 -0.9724
vn -0.2466 -0.0000 -0.9691
vn -0.2616 -0.0000 -0.9652
vn -0.2784 -0.0000 -0.9605
vn -0.2977 -0.0000 -0.9547
vn -0.3203 -0.0000 -0.9473
vn -0.3473 -0.0000 -0.9377
vn -0.3803 -0.0000 -0.9249
vn 0.2457 -0.0000 -0.9693
vn 0.9659 -0.0000 0.2589
vn 0.2457 -0.0000 -0.9694
vn 0.5253 -0.0000 -0.8509
vn 0.5076 -0.0000 -0.8616
vn 0.5410 -0.0000 -0.8411
vn 0.5252 -0.0000 -0.8510
vn 0.5552 -0.0000 -0.8317
vn 0.5409 -0.0000 -0.8411
vn 0.5683 -0.0000 -0.8228
vn 0.5551 -0.0000 -0.8318
vn 0.5806 -0.0000 -0.8142
vn 0.5925 -0.0000 -0.8056
vn 0.6041 -0.0000 -0.7969
vn 0.6157 -0.0000 -0.7880
vn 0.6275 -0.0000 -0.7786
vn 0.6399 -0.0000 -0.7685
vn 0.0426 -0.0000 -0.9991
vn 0.6399 -0.0000 -0.7684
vn -0.5890 -0.0000 -0.8081
vn -0.6094 -0.0000 -0.7929
vn -0.6304 -0.0000 -0.7763
vn -0.6520 -0.0000 -0.7582
vn -0.6742 -0.0000 -0.7385
vn -0.6969 -0.0000 -0.7172
vn -0.7200 -0.0000 -0.6940
vn -0.7435 -0.0000 -0.6688
vn -0.7908 -0.0000 -0.6121
vn -0.8143 -0.0000 -0.5805
vn -0.8843 -0.0000 0.4669
vn 0.3513 -0.0000 0.9362
vn 0.6513 -0.0000 0.7588
vn 0.3514 -0.0000 0.9362
vn 0.6378 -0.0000 0.7702
vn 0.6238 -0.0000 0.7816
vn 0.6092 -0.0000 0.7930
vn 0.5942 -0.0000 0.8043
vn 0.5786 -0.0000 0.8156
vn 0.5626 -0.0000 0.8268
vn 0.5461 -0.0000 0.8377
vn 0.5291 -0.0000 0.8486
vn 0.5117 -0.0000 0.8591
vn 0.4939 -0.0000 0.8695
vn -0.2024 -0.0000 0.9793
vn -0.7846 -0.0000 0.6200
vn -0.7706 -0.0000 0.6373
vn -0.7575 -0.0000 0.6528
vn -0.7707 -0.0000 0.6373
vn -0.7445 -0.0000 0.6676
vn -0.7310 -0.0000 0.6824
vn -0.7162 -0.0000 0.6979
vn -0.7309 -0.0000 0.6824
vn -0.6995 -0.0000 0.7146
vn -0.6799 -0.0000 0.7333
vn -0.6559 -0.0000 0.7549
vn -0.6252 -0.0000 0.7804
vn -0.6559 -0.0000 0.7548
vn -0.5843 -0.0000 0.8115
vn -0.6253 -0.0000 0.7804
vn -0.9983 -0.0000 -0.0578
vn -0.5844 -0.0000 0.8115
vn -0.4806 -0.0000 -0.8769
vn -0.5187 -0.0000 -0.8549
vn -0.5556 -0.0000 -0.8314
vn -0.5914 -0.0000 -0.8064
vn -0.6262 -0.0000 -0.7796
vn -0.6602 -0.0000 -0.7511
vn -0.6935 -0.0000 -0.7205
vn -0.7262 -0.0000 -0.6875
vn -0.7586 -0.0000 -0.6516
vn -0.7907 -0.0000 -0.6122
vn -0.8228 -0.0000 -0.5684
vn -0.3903 -0.0000 -0.9207
vn 0.9241 -0.0000 -0.3821
vn -0.3904 -0.0000 -0.9207
vn 0.8251 -0.0000 0.5650
vn 0.8182 -0.0000 0.5749
vn 0.8116 -0.0000 0.5842
vn 0.8183 -0.0000 0.5748
vn 0.8052 -0.0000 0.5930
vn 0.7989 -0.0000 0.6014
vn 0.7929 -0.0000 0.6093
vn 0.7990 -0.0000 0.6014
vn 0.7872 -0.0000 0.6168
vn 0.7816 -0.0000 0.6238
vn 0.7871 -0.0000 0.6168
vn 0.7762 -0.0000 0.6305
vn 0.7815 -0.0000 0.6239
vn 0.7710 -0.0000 0.6368
vn 0.7761 -0.0000 0.6306
vn 0.7660 -0.0000 0.6428
vn 0.7710 -0.0000 0.6369
vn 0.9071 -0.0000 -0.4209
vn -0.1132 -0.0000 -0.9936
vn 0.9071 -0.0000 -0.4210
vn 0.1181 -0.0000 -0.9930
vn 0.9512 -0.0000 -0.3087
vn 0.8622 -0.0000 0.5065
vn 0.8069 -0.0000 0.5907
vn 0.7468 -0.0000 0.6650
vn 0.6846 -0.0000 0.7289
vn 0.7469 -0.0000 0.6650
vn 0.6222 -0.0000 0.7828
vn 0.5612 -0.0000 0.8277
vn 0.5027 -0.0000 0.8645
vn 0.4471 -0.0000 0.8945
vn 0.3949 -0.0000 0.9187
vn 0.3458 -0.0000 0.9383
vn 0.2999 -0.0000 0.9540
vn -0.4107 -0.0000 0.9118
vn -0.8943 -0.0000 0.4474
vn -0.8768 -0.0000 0.4808
vn -0.8943 -0.0000 0.4475
vn -0.8616 -0.0000 0.5077
vn -0.8768 -0.0000 0.4809
vn -0.8480 -0.0000 0.5300
vn -0.8615 -0.0000 0.5077
vn -0.8358 -0.0000 0.5491
vn -0.8245 -0.0000 0.5659
vn -0.8358 -0.0000 0.5490
vn -0.8138 -0.0000 0.5812
vn -0.8245 -0.0000 0.5658
vn -0.8033 -0.0000 0.5956
vn -0.7927 -0.0000 0.6096
vn -0.7816 -0.0000 0.6238
vn -0.7694 -0.0000 0.6387
vn -0.7816 -0.0000 0.6237
vn -0.9507 -0.0000 -0.3102
vn -0.2447 -0.0000 -0.9696
vn -0.2647 -0.0000 -0.9643
vn -0.2848 -0.0000 -0.9586
vn -0.3051 -0.0000 -0.9523
vn -0.3258 -0.0000 -0.9454
vn -0.3468 -0.0000 -0.9379
vn -0.3682 -0.0000 -0.9298
vn -0.3900 -0.0000 -0.9208
vn -0.4123 -0.0000 -0.9110
vn -0.4352 -0.0000 -0.9003
vn -0.4586 -0.0000 -0.8887
vn -0.9924 -0.0000 -0.1233
vn -0.6649 -0.0000 0.7469
vn -0.6513 -0.0000 0.7588
vn -0.6650 -0.0000 0.7469
vn -0.6384 -0.0000 0.7697
vn -0.6261 -0.0000 0.7798
vn -0.6140 -0.0000 0.7893
vn -0.6019 -0.0000 0.7986
vn -0.6139 -0.0000 0.7893
vn -0.5897 -0.0000 0.8076
vn -0.5771 -0.0000 0.8167
vn -0.5640 -0.0000 0.8258
vn -0.5771 -0.0000 0.8166
vn -0.5500 -0.0000 0.8352
vn -0.5348 -0.0000 0.8450
vn -0.9998 -0.0000 0.0187
vn -0.0353 -0.0000 -0.9994
vn 0.5429 -0.0000 -0.8398
vn 0.5261 -0.0000 -0.8504
vn 0.5585 -0.0000 -0.8295
vn 0.5428 -0.0000 -0.8398
vn 0.5733 -0.0000 -0.8194
vn 0.5876 -0.0000 -0.8092
vn 0.6017 -0.0000 -0.7988
vn 0.6157 -0.0000 -0.7879
vn 0.6016 -0.0000 -0.7988
vn 0.6301 -0.0000 -0.7765
vn 0.6450 -0.0000 -0.7642
vn 0.6606 -0.0000 -0.7507
vn 0.6774 -0.0000 -0.7356
vn 0.6607 -0.0000 -0.7507
vn 0.0112 -0.0000 -0.9999
vn 0.6775 -0.0000 -0.7356
vn -0.6817 -0.0000 -0.7316
vn -0.7054 -0.0000 -0.7088
vn -0.7287 -0.0000 -0.6848
vn -0.7515 -0.0000 -0.6598
vn -0.7736 -0.0000 -0.6336
vn -0.7515 -0.0000 -0.6597
vn -0.7951 -0.0000 -0.6065
vn -0.8157 -0.0000 -0.5784
vn -0.8356 -0.0000 -0.5494
vn -0.8544 -0.0000 -0.5196
vn -0.8355 -0.0000 -0.5494
vn -0.8723 -0.0000 -0.4890
vn -0.8891 -0.0000 -0.4577
vn -0.8723 -0.0000 -0.4889
vn -0.8491 -0.0000 0.5283
vn 0.3728 -0.0000 0.9279
vn -0.8490 -0.0000 0.5283
vn 0.6825 -0.0000 0.7308
vn 0.6636 -0.0000 0.7481
vn 0.6441 -0.0000 0.7649
vn 0.6242 -0.0000 0.7813
vn 0.6038 -0.0000 0.7971
vn 0.5830 -0.0000 0.8124
vn 0.5619 -0.0000 0.8272
vn 0.5403 -0.0000 0.8415
vn 0.5184 -0.0000 0.8551
vn 0.4963 -0.0000 0.8682
vn 0.4738 -0.0000 0.8806
vn -0.2351 -0.0000 0.9720
vn 0.4739 -0.0000 0.8806
vn -0.8098 -0.0000 0.5867
vn -0.7964 -0.0000 0.6047
vn -0.7833 -0.0000 0.6216
vn -0.7699 -0.0000 0.6382
vn -0.7555 -0.0000 0.6551
vn -0.7396 -0.0000 0.6730
vn -0.7214 -0.0000 0.6925
vn -0.6999 -0.0000 0.7142
vn -0.6737 -0.0000 0.7390
vn -0.6409 -0.0000 0.7676
vn -0.6738 -0.0000 0.7390
vn -0.5982 -0.0000 0.8014
vn -0.9971 -0.0000 -0.0761
vn -0.5982 -0.0000 0.8013
vn -0.4642 -0.0000 -0.8857
vn -0.9971 -0.0000 -0.0762
vn -0.5067 -0.0000 -0.8621
vn -0.5479 -0.0000 -0.8365
vn -0.5880 -0.0000 -0.8089
vn -0.6269 -0.0000 -0.7791
vn -0.5880 -0.0000 -0.8088
vn -0.6648 -0.0000 -0.7470
vn -0.7017 -0.0000 -0.7125
vn -0.7377 -0.0000 -0.6751
vn -0.7730 -0.0000 -0.6344
vn -0.8076 -0.0000 -0.5898
vn -0.8414 -0.0000 -0.5404
vn -0.4070 -0.0000 -0.9134
vn 0.9163 -0.0000 -0.4005
vn -0.4071 -0.0000 -0.9134
vn 0.8487 -0.0000 0.5288
vn 0.8452 -0.0000 0.5345
vn 0.8408 -0.0000 0.5413
vn 0.8358 -0.0000 0.5491
vn 0.8409 -0.0000 0.5412
vn 0.8299 -0.0000 0.5579
vn 0.8232 -0.0000 0.5677
vn 0.8157 -0.0000 0.5784
vn 0.8074 -0.0000 0.5900
vn 0.7982 -0.0000 0.6023
vn 0.7882 -0.0000 0.6154
vn 0.7982 -0.0000 0.6024
vn 0.7773 -0.0000 0.6291
vn 0.9045 -0.0000 -0.4265
vn 0.7774 -0.0000 0.6291
vn 0.9044 -0.0000 -0.4266
vn 0.0974 -0.0000 -0.9952
vn 0.9260 -0.0000 -0.3776
vn 0.9102 -0.0000 0.4142
vn 0.9259 -0.0000 -0.3776
vn 0.8613 -0.0000 0.5081
vn 0.8030 -0.0000 0.5959
vn 0.7376 -0.0000 0.6752
vn 0.8031 -0.0000 0.5959
vn 0.6678 -0.0000 0.7443
vn 0.5965 -0.0000 0.8026
vn 0.6679 -0.0000 0.7443
vn 0.5259 -0.0000 0.8505
vn 0.4580 -0.0000 0.8890
vn 0.3939 -0.0000 0.9192
vn 0.3343 -0.0000 0.9425
vn 0.2795 -0.0000 0.9601
vn -0.4319 -0.0000 0.9019
vn -0.9044 -0.0000 0.4268
vn -0.4320 -0.0000 0.9019
vn -0.8889 -0.0000 0.4581
vn -0.9044 -0.0000 0.4267
vn -0.8754 -0.0000 0.4834
vn -0.8634 -0.0000 0.5046
vn -0.8524 -0.0000 0.5228
vn -0.8422 -0.0000 0.5392
vn -0.8324 -0.0000 0.5541
vn -0.8422 -0.0000 0.5391
vn -0.8227 -0.0000 0.5685
vn -0.8324 -0.0000 0.5542
vn -0.8127 -0.0000 0.5827
vn -0.8020 -0.0000 0.5973
vn -0.7900 -0.0000 0.6131
vn -0.8020 -0.0000 0.5974
vn -0.9407 -0.0000 -0.3392
vn -0.7900 -0.0000 0.6132
vn -0.2206 -0.0000 -0.9754
vn -0.2488 -0.0000 -0.9686
vn -0.2775 -0.0000 -0.9607
vn -0.3067 -0.0000 -0.9518
vn -0.3365 -0.0000 -0.9417
vn -0.3670 -0.0000 -0.9302
vn -0.3981 -0.0000 -0.9173
vn -0.4299 -0.0000 -0.9029
vn -0.4623 -0.0000 -0.8867
vn -0.4954 -0.0000 -0.8686
vn -0.5291 -0.0000 -0.8486
vn -0.9958 -0.0000 -0.0912
vn -0.6830 -0.0000 0.7305
vn -0.6711 -0.0000 0.7413
vn -0.6598 -0.0000 0.7514
vn -0.6488 -0.0000 0.7610
vn -0.6377 -0.0000 0.7703
vn -0.6264 -0.0000 0.7795
vn -0.6147 -0.0000 0.7887
vn -0.6023 -0.0000 0.7982
vn -0.5890 -0.0000 0.8081
vn -0.5743 -0.0000 0.8186
vn -0.5890 -0.0000 0.8082
vn -0.5579 -0.0000 0.8299
vn -1.0000 -0.0000 0.0074
vn -0.0262 -0.0000 -0.9997
vn 1.0000 -0.0000 0.0044
vn 1.0000 -0.0000 0.0022
vn 1.0000 -0.0000 0.0067
vn 1.0000 -0.0000 0.0045
vn 1.0000 -0.0000 0.0089
vn 0.9999 -0.0000 0.0113
vn 0.9999 -0.0000 0.0136
vn 0.9999 -0.0000 0.0112
vn 0.9999 -0.0000 0.0159
vn 0.9998 -0.0000 0.0183
vn 0.9998 -0.0000 0.0207
vn 0.9997 -0.0000 0.0232
vn 0.9997 -0.0000 0.0256
vn 0.7165 -0.0000 -0.6975
vn 0.9997 -0.0000 0.0257
vn 1.0000 -0.0000 -0.0000
vn 0.9999 -0.0000 0.0137
vn 0.9996 -0.0000 0.0294
vn 0.9994 -0.0000 0.0343
vn 0.9991 -0.0000 0.0415
vn 0.9986 -0.0000 0.0520
vn 0.9991 -0.0000 0.0416
vn 0.9978 -0.0000 0.0668
vn 0.9986 -0.0000 0.0519
vn 0.9961 -0.0000 0.0881
vn 0.9929 -0.0000 0.1186
vn 0.9866 -0.0000 0.1629
vn 0.9737 -0.0000 0.2277
vn 0.9465 -0.0000 0.3227
vn 0.8887 -0.0000 0.4586
vn 0.8362 -0.0000 0.5484
vn 0.8058 -0.0000 0.5921
vn 0.7561 -0.0000 0.6545
vn 0.8058 -0.0000 0.5922
vn 0.6959 -0.0000 0.7181
vn 0.7560 -0.0000 0.6545
vn 0.6261 -0.0000 0.7797
vn 0.5490 -0.0000 0.8358
vn 0.6262 -0.0000 0.7797
vn 0.4682 -0.0000 0.8836
vn 0.5491 -0.0000 0.8358
vn 0.3880 -0.0000 0.9217
vn 0.3125 -0.0000 0.9499
vn 0.3879 -0.0000 0.9217
vn 0.2447 -0.0000 0.9696
vn 0.3124 -0.0000 0.9500
vn 0.1866 -0.0000 0.9824
vn 0.1387 -0.0000 0.9903
vn 0.1173 -0.0000 0.9931
vn 0.1008 -0.0000 0.9949
vn 0.0715 -0.0000 0.9974
vn 0.0480 -0.0000 0.9988
vn 0.0290 -0.0000 0.9996
vn 0.0133 -0.0000 0.9999
vn 0.0003 -0.0000 1.0000
vn -0.0105 -0.0000 0.9999
vn -0.0195 -0.0000 0.9998
vn -0.0270 -0.0000 0.9996
vn -0.0332 -0.0000 0.9994
vn -0.0383 -0.0000 0.9993
vn -0.6807 -0.0000 0.7326
vn -0.9914 -0.0000 0.1310
vn -0.9865 -0.0000 0.1636
vn -0.9914 -0.0000 0.1309
vn -0.9811 -0.0000 0.1936
vn -0.9750 -0.0000 0.2224
vn -0.9811 -0.0000 0.1937
vn -0.9680 -0.0000 0.2508
vn -0.9600 -0.0000 0.2799
vn -0.9680 -0.0000 0.2509
vn -0.9506 -0.0000 0.3103
vn -0.9600 -0.0000 0.2800
vn -0.9393 -0.0000 0.3430
vn -0.9255 -0.0000 0.3787
vn -0.9394 -0.0000 0.3429
vn -0.9082 -0.0000 0.4186
vn -0.8859 -0.0000 0.4639
vn -0.8428 -0.0000 -0.5382
vn 0.0698 -0.0000 -0.9976
vn -0.8428 -0.0000 -0.5383
vn 0.0591 -0.0000 -0.9983
vn 0.0494 -0.0000 -0.9988
vn 0.0406 -0.0000 -0.9992
vn 0.0327 -0.0000 -0.9995
vn 0.0255 -0.0000 -0.9997
vn 0.0190 -0.0000 -0.9998
vn 0.0133 -0.0000 -0.9999
vn 0.0043 -0.0000 -1.0000
vn 0.0015 -0.0000 -1.0000
vn -0.0058 -0.0000 -1.0000
vn -0.0282 -0.0000 -0.9996
vn -0.0668 -0.0000 -0.9978
vn -0.1188 -0.0000 -0.9929
vn -0.1849 -0.0000 -0.9828
vn -0.2645 -0.0000 -0.9644
vn -0.1849 -0.0000 -0.9827
vn -0.3549 -0.0000 -0.9349
vn -0.2646 -0.0000 -0.9644
vn -0.4510 -0.0000 -0.8925
vn -0.3550 -0.0000 -0.9349
vn -0.5463 -0.0000 -0.8376
vn -0.4511 -0.0000 -0.8925
vn -0.6343 -0.0000 -0.7731
vn -0.5464 -0.0000 -0.8375
vn -0.7104 -0.0000 -0.7038
vn -0.6344 -0.0000 -0.7730
vn -0.7726 -0.0000 -0.6349
vn -0.8313 -0.0000 -0.5559
vn -0.7725 -0.0000 -0.6350
vn -0.9037 -0.0000 -0.4282
vn -0.8312 -0.0000 -0.5559
vn -0.9564 -0.0000 -0.2922
vn -0.9036 -0.0000 -0.4283
vn -0.9783 -0.0000 -0.2070
vn -0.9884 -0.0000 -0.1517
vn -0.9934 -0.0000 -0.1143
vn -0.9961 -0.0000 -0.0882
vn -0.9976 -0.0000 -0.0694
vn -0.9985 -0.0000 -0.0556
vn -0.9990 -0.0000 -0.0454
vn -0.9993 -0.0000 -0.0377
vn -0.9995 -0.0000 -0.0319
vn -0.7174 -0.0000 0.6967
vn 0.6855 -0.0000 0.7281
vn 0.9972 -0.0000 0.0742
vn 0.9943 -0.0000 0.1062
vn 0.9893 -0.0000 0.1460
vn 0.9809 -0.0000 0.1945
vn 0.9677 -0.0000 0.2521
vn 0.9478 -0.0000 0.3188
vn 0.9191 -0.0000 0.3941
vn 0.8793 -0.0000 0.4763
vn 0.8268 -0.0000 0.5626
vn 0.7610 -0.0000 0.6487
vn 0.6833 -0.0000 0.7301
vn 0.7611 -0.0000 0.6487
vn -0.1346 -0.0000 0.9909
vn -0.8074 -0.0000 0.5900
vn -0.7797 -0.0000 0.6261
vn -0.7562 -0.0000 0.6544
vn -0.7797 -0.0000 0.6262
vn -0.7354 -0.0000 0.6776
vn -0.7562 -0.0000 0.6543
vn -0.7164 -0.0000 0.6977
vn -0.7355 -0.0000 0.6776
vn -0.6983 -0.0000 0.7158
vn -0.6803 -0.0000 0.7330
vn -0.6615 -0.0000 0.7500
vn -0.6802 -0.0000 0.7330
vn -0.6410 -0.0000 0.7675
vn -0.6176 -0.0000 0.7865
vn -0.5894 -0.0000 0.8079
vn -0.9999 -0.0000 0.0128
vn -0.5894 -0.0000 0.8078
vn -0.5973 -0.0000 -0.8020
vn -0.9999 -0.0000 0.0127
vn -0.6034 -0.0000 -0.7975
vn -0.6096 -0.0000 -0.7927
vn -0.6161 -0.0000 -0.7877
vn -0.6227 -0.0000 -0.7825
vn -0.6296 -0.0000 -0.7769
vn -0.6227 -0.0000 -0.7824
vn -0.6368 -0.0000 -0.7710
vn -0.6297 -0.0000 -0.7768
vn -0.6444 -0.0000 -0.7647
vn -0.6369 -0.0000 -0.7710
vn -0.6523 -0.0000 -0.7580
vn -0.6606 -0.0000 -0.7507
vn -0.6522 -0.0000 -0.7581
vn -0.6692 -0.0000 -0.7431
vn -0.6605 -0.0000 -0.7509
vn -0.9098 -0.0000 0.4150
vn 0.1164 -0.0000 0.9932
vn -0.9098 -0.0000 0.4151
vn 0.1160 -0.0000 0.9933
vn 0.1155 -0.0000 0.9933
vn 0.1149 -0.0000 0.9934
vn 0.1142 -0.0000 0.9935
vn 0.1134 -0.0000 0.9935
vn 0.1126 -0.0000 0.9936
vn 0.1116 -0.0000 0.9938
vn 0.1104 -0.0000 0.9939
vn 0.1091 -0.0000 0.9940
vn 0.1075 -0.0000 0.9942
vn 0.1090 -0.0000 0.9940
vn -0.6106 -0.0000 0.7919
vn -0.7874 -0.0000 -0.6165
vn -0.6106 -0.0000 0.7920
vn -0.7388 -0.0000 -0.6739
vn -0.6795 -0.0000 0.7337
vn 0.0750 -0.0000 0.9972
vn 0.0721 -0.0000 0.9974
vn 0.0691 -0.0000 0.9976
vn 0.0659 -0.0000 0.9978
vn 0.0626 -0.0000 0.9980
vn 0.0592 -0.0000 0.9982
vn 0.0555 -0.0000 0.9985
vn 0.0517 -0.0000 0.9987
vn 0.0476 -0.0000 0.9989
vn 0.0433 -0.0000 0.9991
vn 0.0387 -0.0000 0.9992
vn -0.6181 -0.0000 0.7861
vn -0.9768 -0.0000 0.2143
vn -0.6180 -0.0000 0.7862
vn -0.9709 -0.0000 0.2394
vn -0.9768 -0.0000 0.2142
vn -0.9656 -0.0000 0.2602
vn -0.9710 -0.0000 0.2391
vn -0.9605 -0.0000 0.2782
vn -0.9656 -0.0000 0.2600
vn -0.9606 -0.0000 0.2780
vn -0.9510 -0.0000 0.3091
vn -0.9558 -0.0000 0.2940
vn -0.9463 -0.0000 0.3232
vn -0.9511 -0.0000 0.3089
vn -0.9415 -0.0000 0.3371
vn -0.9464 -0.0000 0.3230
vn -0.9363 -0.0000 0.3512
vn -0.9415 -0.0000 0.3370
vn -0.9305 -0.0000 0.3662
vn -0.9239 -0.0000 0.3826
vn -0.8482 -0.0000 -0.5297
vn -0.0574 -0.0000 -0.9984
vn -0.8482 -0.0000 -0.5296
vn -0.0672 -0.0000 -0.9977
vn -0.0769 -0.0000 -0.9970
vn -0.0868 -0.0000 -0.9962
vn -0.0972 -0.0000 -0.9953
vn -0.1083 -0.0000 -0.9941
vn -0.1206 -0.0000 -0.9927
vn -0.1346 -0.0000 -0.9909
vn -0.1508 -0.0000 -0.9886
vn -0.1704 -0.0000 -0.9854
vn -0.1948 -0.0000 -0.9808
vn 0.3862 -0.0000 -0.9224
vn 0.9224 -0.0000 0.3863
vn 0.1854 -0.0000 0.9827
vn 0.1723 -0.0000 0.9850
vn 0.1609 -0.0000 0.9870
vn 0.1509 -0.0000 0.9885
vn 0.1421 -0.0000 0.9899
vn 0.1344 -0.0000 0.9909
vn 0.1277 -0.0000 0.9918
vn 0.1219 -0.0000 0.9925
vn 0.1169 -0.0000 0.9931
vn 0.7452 -0.0000 0.6668
vn 0.7452 -0.0000 0.6669
vn 0.6693 -0.0000 -0.7430
vn 0.2905 -0.0000 -0.9569
vn 0.6694 -0.0000 -0.7429
vn -0.8528 -0.0000 -0.5223
vn -0.8905 -0.0000 -0.4551
vn -0.8528 -0.0000 -0.5222
vn -0.9204 -0.0000 -0.3910
vn -0.9435 -0.0000 -0.3314
vn -0.9609 -0.0000 -0.2770
vn -0.9736 -0.0000 -0.2283
vn -0.9827 -0.0000 -0.1853
vn -0.9890 -0.0000 -0.1479
vn -0.9933 -0.0000 -0.1158
vn -0.9961 -0.0000 -0.0887
vn -0.9978 -0.0000 -0.0663
vn -0.9961 -0.0000 -0.0888
vn -0.7267 -0.0000 0.6870
vn -0.7267 -0.0000 0.6869
vn -0.6979 -0.0000 -0.7162
vn -0.9997 -0.0000 -0.0236
vn -0.9998 -0.0000 -0.0194
vn -0.9999 -0.0000 -0.0156
vn -0.9999 -0.0000 -0.0123
vn -1.0000 -0.0000 -0.0069
vn -1.0000 -0.0000 -0.0048
vn -1.0000 -0.0000 -0.0068
vn -1.0000 -0.0000 -0.0030
vn -1.0000 -0.0000 -0.0047
vn -1.0000 -0.0000 -0.0017
vn -1.0000 -0.0000 -0.0031
vn -1.0000 -0.0000 -0.0008
vn -1.0000 -0.0000 -0.0002
vn -1.0000 -0.0000 -0.0003
vn 0.7075 -0.0000 -0.7067
vt 0.478261 0.000000
vt 0.434783 0.000000
vt 0.391304 0.000000
vt 0.782609 0.000000
vt 0.521739 0.000000
vt 0.739130 0.000000
vt 0.347826 0.000000
vt 0.826087 0.000000
vt 0.695652 0.000000
vt 0.565217 0.000000
vt 0.173913 0.000000
vt 0.130435 0.000000
vt 0.086957 0.000000
vt 0.956522 0.000000
vt 0.043478 0.000000
vt 1.000000 0.000000
vt 0.913043 0.000000
vt 0.217391 0.000000
vt 0.000000 0.000000
vt 0.869565 0.000000
vt 0.304348 0.000000
vt 0.260870 0.000000
vt 0.608696 0.000000
vt 0.652174 0.000000
vt 0.660714 0.000000
vt 0.657143 0.000000
vt 0.653571 0.000000
vt 0.707143 0.000000
vt 0.646429 0.000000
vt 0.642857 0.000000
vt 0.639286 0.000000
vt 0.957143 0.000000
vt 0.953571 0.000000
vt 0.589286 0.000000
vt 0.592857 0.000000
vt 0.985714 0.000000
vt 0.982143 0.000000
vt 0.703571 0.000000
vt 0.650000 0.000000
vt 0.564286 0.000000
vt 0.560714 0.000000
vt 0.557143 0.000000
vt 0.553571 0.000000
vt 0.550000 0.000000
vt 0.664286 0.000000
vt 0.667857 0.000000
vt 0.671429 0.000000
vt 0.675000 0.000000
vt 0.678571 0.000000
vt 0.682143 0.000000
vt 0.685714 0.000000
vt 0.689286 0.000000
vt 0.692857 0.000000
vt 0.696429 0.000000
vt 0.700000 0.000000
vt 0.710714 0.000000
vt 0.635714 0.000000
vt 0.632143 0.000000
vt 0.714286 0.000000
vt 0.628571 0.000000
vt 0.625000 0.000000
vt 0.621429 0.000000
vt 0.617857 0.000000
vt 0.717857 0.000000
vt 0.539286 0.000000
vt 0.567857 0.000000
vt 0.542857 0.000000
vt 0.546429 0.000000
vt 0.532143 0.000000
vt 0.835714 0.000000
vt 0.535714 0.000000
vt 0.971429 0.000000
vt 0.967857 0.000000
vt 0.950000 0.000000
vt 0.975000 0.000000
vt 0.978571 0.000000
vt 0.571429 0.000000
vt 0.832143 0.000000
vt 0.582143 0.000000
vt 0.821429 0.000000
vt 0.585714 0.000000
vt 0.817857 0.000000
vt 0.946429 0.000000
vt 0.614286 0.000000
vt 0.721429 0.000000
vt 0.578571 0.000000
vt 0.575000 0.000000
vt 0.596429 0.000000
vt 0.767857 0.000000
vt 0.735714 0.000000
vt 0.771429 0.000000
vt 0.732143 0.000000
vt 0.778571 0.000000
vt 0.775000 0.000000
vt 0.728571 0.000000
vt 0.785714 0.000000
vt 0.782143 0.000000
vt 0.478571 0.000000
vt 0.471429 0.000000
vt 0.482143 0.000000
vt 0.485714 0.000000
vt 0.467857 0.000000
vt 0.464286 0.000000
vt 0.489286 0.000000
vt 0.457143 0.000000
vt 0.496429 0.000000
vt 0.460714 0.000000
vt 0.492857 0.000000
vt 0.500000 0.000000
vt 0.475000 0.000000
vt 0.807143 0.000000
vt 0.996429 0.000000
vt 0.992857 0.000000
vt 0.764286 0.000000
vt 0.453571 0.000000
vt 0.507143 0.000000
vt 0.503571 0.000000
vt 0.450000 0.000000
vt 0.510714 0.000000
vt 0.753571 0.000000
vt 0.742857 0.000000
vt 0.757143 0.000000
vt 0.739286 0.000000
vt 0.760714 0.000000
vt 0.425000 0.000000
vt 0.421429 0.000000
vt 0.842857 0.000000
vt 0.846429 0.000000
vt 0.435714 0.000000
vt 0.432143 0.000000
vt 0.428571 0.000000
vt 0.439286 0.000000
vt 0.442857 0.000000
vt 0.446429 0.000000
vt 0.514286 0.000000
vt 0.517857 0.000000
vt 0.839286 0.000000
vt 0.750000 0.000000
vt 0.746429 0.000000
vt 0.521429 0.000000
vt 0.528571 0.000000
vt 0.525000 0.000000
vt 0.828571 0.000000
vt 0.825000 0.000000
vt 0.960714 0.000000
vt 0.964286 0.000000
vt 0.989286 0.000000
vt 0.600000 0.000000
vt 0.803571 0.000000
vt 0.610714 0.000000
vt 0.792857 0.000000
vt 0.789286 0.000000
vt 0.725000 0.000000
vt 0.250000 0.000000
vt 0.246429 0.000000
vt 0.260714 0.000000
vt 0.253571 0.000000
vt 0.257143 0.000000
vt 0.860714 0.000000
vt 0.857143 0.000000
vt 0.410714 0.000000
vt 0.407143 0.000000
vt 0.864286 0.000000
vt 0.214286 0.000000
vt 0.210714 0.000000
vt 0.217857 0.000000
vt 0.221429 0.000000
vt 0.225000 0.000000
vt 0.207143 0.000000
vt 0.228571 0.000000
vt 0.282143 0.000000
vt 0.196429 0.000000
vt 0.285714 0.000000
vt 0.200000 0.000000
vt 0.278571 0.000000
vt 0.203571 0.000000
vt 0.275000 0.000000
vt 0.271429 0.000000
vt 0.232143 0.000000
vt 0.235714 0.000000
vt 0.267857 0.000000
vt 0.239286 0.000000
vt 0.242857 0.000000
vt 0.264286 0.000000
vt 0.403571 0.000000
vt 0.867857 0.000000
vt 0.400000 0.000000
vt 0.871429 0.000000
vt 0.875000 0.000000
vt 0.396429 0.000000
vt 0.878571 0.000000
vt 0.392857 0.000000
vt 0.882143 0.000000
vt 0.389286 0.000000
vt 0.885714 0.000000
vt 0.896429 0.000000
vt 0.039286 0.000000
vt 0.900000 0.000000
vt 0.035714 0.000000
vt 0.903571 0.000000
vt 0.032143 0.000000
vt 0.907143 0.000000
vt 0.028571 0.000000
vt 0.910714 0.000000
vt 0.025000 0.000000
vt 0.914286 0.000000
vt 0.021429 0.000000
vt 0.917857 0.000000
vt 0.017857 0.000000
vt 0.921429 0.000000
vt 0.014286 0.000000
vt 0.925000 0.000000
vt 0.010714 0.000000
vt 0.928571 0.000000
vt 0.007143 0.000000
vt 0.932143 0.000000
vt 0.003571 0.000000
vt 0.935714 0.000000
vt 0.939286 0.000000
vt 0.942857 0.000000
vt 0.289286 0.000000
vt 0.192857 0.000000
vt 0.189286 0.000000
vt 0.292857 0.000000
vt 0.296429 0.000000
vt 0.185714 0.000000
vt 0.300000 0.000000
vt 0.307143 0.000000
vt 0.182143 0.000000
vt 0.178571 0.000000
vt 0.310714 0.000000
vt 0.175000 0.000000
vt 0.314286 0.000000
vt 0.317857 0.000000
vt 0.303571 0.000000
vt 0.160714 0.000000
vt 0.157143 0.000000
vt 0.328571 0.000000
vt 0.153571 0.000000
vt 0.332143 0.000000
vt 0.171429 0.000000
vt 0.321429 0.000000
vt 0.167857 0.000000
vt 0.325000 0.000000
vt 0.164286 0.000000
vt 0.100000 0.000000
vt 0.096429 0.000000
vt 0.371429 0.000000
vt 0.375000 0.000000
vt 0.378571 0.000000
vt 0.092857 0.000000
vt 0.382143 0.000000
vt 0.089286 0.000000
vt 0.385714 0.000000
vt 0.085714 0.000000
vt 0.082143 0.000000
vt 0.078571 0.000000
vt 0.075000 0.000000
vt 0.071429 0.000000
vt 0.067857 0.000000
vt 0.064286 0.000000
vt 0.060714 0.000000
vt 0.057143 0.000000
vt 0.053571 0.000000
vt 0.050000 0.000000
vt 0.046429 0.000000
vt 0.042857 0.000000
vt 0.150000 0.000000
vt 0.146429 0.000000
vt 0.142857 0.000000
vt 0.335714 0.000000
vt 0.139286 0.000000
vt 0.135714 0.000000
vt 0.339286 0.000000
vt 0.132143 0.000000
vt 0.128571 0.000000
vt 0.342857 0.000000
vt 0.125000 0.000000
vt 0.346429 0.000000
vt 0.121429 0.000000
vt 0.350000 0.000000
vt 0.117857 0.000000
vt 0.353571 0.000000
vt 0.114286 0.000000
vt 0.357143 0.000000
vt 0.110714 0.000000
vt 0.360714 0.000000
vt 0.107143 0.000000
vt 0.364286 0.000000
vt 0.103571 0.000000
vt 0.367857 0.000000
vt 0.417857 0.000000
vt 0.850000 0.000000
vt 0.414286 0.000000
vt 0.853571 0.000000
vt 0.892857 0.000000
vt 0.889286 0.000000
vt 0.814286 0.000000
vt 0.810714 0.000000
vt 0.800000 0.000000
vt 0.796429 0.000000
vt 0.607143 0.000000
vt 0.603571 0.000000
vt 0.174263 0.000000
vt 0.171582 0.000000
vt 0.184987 0.000000
vt 0.176944 0.000000
vt 0.179625 0.000000
vt 0.182306 0.000000
vt 0.260054 0.000000
vt 0.257373 0.000000
vt 0.254692 0.000000
vt 0.262735 0.000000
vt 0.265416 0.000000
vt 0.246649 0.000000
vt 0.243968 0.000000
vt 0.294906 0.000000
vt 0.249330 0.000000
vt 0.252011 0.000000
vt 0.268097 0.000000
vt 0.270777 0.000000
vt 0.292225 0.000000
vt 0.150134 0.000000
vt 0.147453 0.000000
vt 0.152815 0.000000
vt 0.155496 0.000000
vt 0.158177 0.000000
vt 0.160858 0.000000
vt 0.144772 0.000000
vt 0.163539 0.000000
vt 0.166220 0.000000
vt 0.168901 0.000000
vt 0.142091 0.000000
vt 0.139410 0.000000
vt 0.187668 0.000000
vt 0.136729 0.000000
vt 0.190349 0.000000
vt 0.273458 0.000000
vt 0.276139 0.000000
vt 0.278820 0.000000
vt 0.281501 0.000000
vt 0.284182 0.000000
vt 0.286863 0.000000
vt 0.289544 0.000000
vt 0.297587 0.000000
vt 0.241287 0.000000
vt 0.238606 0.000000
vt 0.235925 0.000000
vt 0.300268 0.000000
vt 0.126005 0.000000
vt 0.123324 0.000000
vt 0.201072 0.000000
vt 0.120643 0.000000
vt 0.203753 0.000000
vt 0.117962 0.000000
vt 0.206434 0.000000
vt 0.209115 0.000000
vt 0.233244 0.000000
vt 0.230563 0.000000
vt 0.227882 0.000000
vt 0.302949 0.000000
vt 0.042895 0.000000
vt 0.109920 0.000000
vt 0.045576 0.000000
vt 0.040214 0.000000
vt 0.032172 0.000000
vt 0.222520 0.000000
vt 0.225201 0.000000
vt 0.029491 0.000000
vt 0.305630 0.000000
vt 0.308311 0.000000
vt 0.310992 0.000000
vt 0.313673 0.000000
vt 0.024129 0.000000
vt 0.021448 0.000000
vt 0.050938 0.000000
vt 0.048257 0.000000
vt 0.026810 0.000000
vt 0.211796 0.000000
vt 0.214477 0.000000
vt 0.134048 0.000000
vt 0.193029 0.000000
vt 0.131367 0.000000
vt 0.195710 0.000000
vt 0.128686 0.000000
vt 0.198391 0.000000
vt 0.219839 0.000000
vt 0.217158 0.000000
vt 0.010724 0.000000
vt 0.008043 0.000000
vt 0.319035 0.000000
vt 0.005362 0.000000
vt 0.321716 0.000000
vt 0.919571 0.000000
vt 0.916890 0.000000
vt 0.935657 0.000000
vt 0.922252 0.000000
vt 0.924933 0.000000
vt 0.927614 0.000000
vt 0.930295 0.000000
vt 0.932976 0.000000
vt 0.080429 0.000000
vt 0.077748 0.000000
vt 0.075067 0.000000
vt 0.083110 0.000000
vt 0.085791 0.000000
vt 0.072386 0.000000
vt 0.088472 0.000000
vt 0.069705 0.000000
vt 0.091153 0.000000
vt 0.067024 0.000000
vt 0.093834 0.000000
vt 0.064343 0.000000
vt 0.002681 0.000000
vt 0.324397 0.000000
vt 0.581769 0.000000
vt 0.597855 0.000000
vt 0.584450 0.000000
vt 0.587131 0.000000
vt 0.458445 0.000000
vt 0.439678 0.000000
vt 0.436997 0.000000
vt 0.442359 0.000000
vt 0.445040 0.000000
vt 0.774799 0.000000
vt 0.796247 0.000000
vt 0.777480 0.000000
vt 0.898123 0.000000
vt 0.941019 0.000000
vt 0.938338 0.000000
vt 0.423593 0.000000
vt 0.420912 0.000000
vt 0.426273 0.000000
vt 0.428954 0.000000
vt 0.431635 0.000000
vt 0.903485 0.000000
vt 0.900804 0.000000
vt 0.906166 0.000000
vt 0.780161 0.000000
vt 0.782842 0.000000
vt 0.785523 0.000000
vt 0.788204 0.000000
vt 0.790885 0.000000
vt 0.793566 0.000000
vt 0.603217 0.000000
vt 0.600536 0.000000
vt 0.573727 0.000000
vt 0.576407 0.000000
vt 0.579088 0.000000
vt 0.434316 0.000000
vt 0.418231 0.000000
vt 0.461126 0.000000
vt 0.908847 0.000000
vt 0.911528 0.000000
vt 0.914209 0.000000
vt 0.589812 0.000000
vt 0.592493 0.000000
vt 0.595174 0.000000
vt 0.447721 0.000000
vt 0.450402 0.000000
vt 0.453083 0.000000
vt 0.455764 0.000000
vt 0.096515 0.000000
vt 0.061662 0.000000
vt 0.099196 0.000000
vt 0.101877 0.000000
vt 0.058981 0.000000
vt 0.104558 0.000000
vt 0.056300 0.000000
vt 0.107239 0.000000
vt 0.053619 0.000000
vt 0.037534 0.000000
vt 0.034853 0.000000
vt 0.018767 0.000000
vt 0.316354 0.000000
vt 0.016086 0.000000
vt 0.013405 0.000000
vt 0.895442 0.000000
vt 0.949062 0.000000
vt 0.946381 0.000000
vt 0.557641 0.000000
vt 0.613941 0.000000
vt 0.611260 0.000000
vt 0.943700 0.000000
vt 0.798928 0.000000
vt 0.756032 0.000000
vt 0.753351 0.000000
vt 0.608579 0.000000
vt 0.560322 0.000000
vt 0.463807 0.000000
vt 0.412869 0.000000
vt 0.410188 0.000000
vt 0.407507 0.000000
vt 0.466488 0.000000
vt 0.804290 0.000000
vt 0.747989 0.000000
vt 0.745308 0.000000
vt 0.554960 0.000000
vt 0.619303 0.000000
vt 0.616622 0.000000
vt 0.654155 0.000000
vt 0.651475 0.000000
vt 0.662198 0.000000
vt 0.750670 0.000000
vt 0.801609 0.000000
vt 0.404826 0.000000
vt 0.402145 0.000000
vt 0.469169 0.000000
vt 0.399464 0.000000
vt 0.396783 0.000000
vt 0.471850 0.000000
vt 0.890080 0.000000
vt 0.959786 0.000000
vt 0.957105 0.000000
vt 0.954424 0.000000
vt 0.892761 0.000000
vt 0.983914 0.000000
vt 0.670241 0.000000
vt 0.986595 0.000000
vt 0.667560 0.000000
vt 0.989276 0.000000
vt 0.664879 0.000000
vt 0.991957 0.000000
vt 0.737265 0.000000
vt 0.734584 0.000000
vt 0.809651 0.000000
vt 0.624665 0.000000
vt 0.621984 0.000000
vt 0.552279 0.000000
vt 0.627346 0.000000
vt 0.632708 0.000000
vt 0.630027 0.000000
vt 0.345845 0.000000
vt 0.343164 0.000000
vt 0.635389 0.000000
vt 0.340483 0.000000
vt 0.638070 0.000000
vt 0.337802 0.000000
vt 0.640751 0.000000
vt 0.335121 0.000000
vt 0.951743 0.000000
vt 0.994638 0.000000
vt 0.742627 0.000000
vt 0.806971 0.000000
vt 0.739946 0.000000
vt 0.643432 0.000000
vt 0.332440 0.000000
vt 0.646113 0.000000
vt 0.329759 0.000000
vt 0.648794 0.000000
vt 0.327078 0.000000
vt 0.394102 0.000000
vt 0.391421 0.000000
vt 0.474531 0.000000
vt 0.477212 0.000000
vt 0.965147 0.000000
vt 0.962466 0.000000
vt 0.887399 0.000000
vt 0.694370 0.000000
vt 0.691689 0.000000
vt 0.689008 0.000000
vt 0.967828 0.000000
vt 0.686327 0.000000
vt 0.970509 0.000000
vt 0.683646 0.000000
vt 0.973190 0.000000
vt 0.680965 0.000000
vt 0.817694 0.000000
vt 0.729223 0.000000
vt 0.860590 0.000000
vt 0.820375 0.000000
vt 0.857909 0.000000
vt 0.356568 0.000000
vt 0.549598 0.000000
vt 0.546917 0.000000
vt 0.359249 0.000000
vt 0.375335 0.000000
vt 0.372654 0.000000
vt 0.541555 0.000000
vt 0.865952 0.000000
vt 0.871314 0.000000
vt 0.868633 0.000000
vt 0.863271 0.000000
vt 0.873995 0.000000
vt 0.723861 0.000000
vt 0.726542 0.000000
vt 0.528150 0.000000
vt 0.533512 0.000000
vt 0.530831 0.000000
vt 0.707775 0.000000
vt 0.879357 0.000000
vt 0.876676 0.000000
vt 0.710456 0.000000
vt 0.713137 0.000000
vt 0.715818 0.000000
vt 0.718499 0.000000
vt 0.721180 0.000000
vt 0.388740 0.000000
vt 0.386059 0.000000
vt 0.536193 0.000000
vt 0.525469 0.000000
vt 0.699732 0.000000
vt 0.697051 0.000000
vt 0.882038 0.000000
vt 0.702413 0.000000
vt 0.705094 0.000000
vt 0.538874 0.000000
vt 0.378016 0.000000
vt 0.380697 0.000000
vt 0.383378 0.000000
vt 0.884718 0.000000
vt 0.855228 0.000000
vt 0.852547 0.000000
vt 0.823056 0.000000
vt 0.849866 0.000000
vt 0.847185 0.000000
vt 0.844504 0.000000
vt 0.841823 0.000000
vt 0.825737 0.000000
vt 0.839142 0.000000
vt 0.836461 0.000000
vt 0.833780 0.000000
vt 0.831099 0.000000
vt 0.544236 0.000000
vt 0.361930 0.000000
vt 0.364611 0.000000
vt 0.367292 0.000000
vt 0.369973 0.000000
vt 0.975871 0.000000
vt 0.678284 0.000000
vt 0.978552 0.000000
vt 0.675603 0.000000
vt 0.981233 0.000000
vt 0.672922 0.000000
vt 0.731903 0.000000
vt 0.812332 0.000000
vt 0.815013 0.000000
vt 0.353887 0.000000
vt 0.351206 0.000000
vt 0.348525 0.000000
vt 0.522788 0.000000
vt 0.479893 0.000000
vt 0.520107 0.000000
vt 0.482574 0.000000
vt 0.517426 0.000000
vt 0.514745 0.000000
vt 0.512064 0.000000
vt 0.485255 0.000000
vt 0.509383 0.000000
vt 0.506702 0.000000
vt 0.504021 0.000000
vt 0.487936 0.000000
vt 0.501341 0.000000
vt 0.498660 0.000000
vt 0.495979 0.000000
vt 0.493298 0.000000
vt 0.490617 0.000000
vt 0.764075 0.000000
vt 0.761394 0.000000
vt 0.758713 0.000000
vt 0.766756 0.000000
vt 0.769437 0.000000
vt 0.772118 0.000000
vt 0.565684 0.000000
vt 0.563003 0.000000
vt 0.568365 0.000000
vt 0.571046 0.000000
vt 0.605898 0.000000
vt 0.415550 0.000000
vt 0.115281 0.000000
vt 0.112601 0.000000
vt 0.656836 0.000000
vt 0.659517 0.000000
vt 0.997319 0.000000
vt 0.828418 0.000000
vt 0.977273 0.000000
vt 0.965909 0.000000
vt 0.284091 0.000000
vt 0.272727 0.000000
vt 0.988636 0.000000
vt 0.863636 0.000000
vt 0.579545 0.000000
vt 0.886364 0.000000
vt 0.897727 0.000000
vt 0.909091 0.000000
vt 0.943182 0.000000
vt 0.931818 0.000000
vt 0.568182 0.000000
vt 0.954545 0.000000
vt 0.261364 0.000000
vt 0.011364 0.000000
vt 0.022727 0.000000
vt 0.238636 0.000000
vt 0.034091 0.000000
vt 0.534091 0.000000
vt 0.318182 0.000000
vt 0.545455 0.000000
vt 0.306818 0.000000
vt 0.352273 0.000000
vt 0.511364 0.000000
vt 0.340909 0.000000
vt 0.522727 0.000000
vt 0.329545 0.000000
vt 0.488636 0.000000
vt 0.477273 0.000000
vt 0.363636 0.000000
vt 0.431818 0.000000
vt 0.420455 0.000000
vt 0.443182 0.000000
vt 0.409091 0.000000
vt 0.454545 0.000000
vt 0.397727 0.000000
vt 0.465909 0.000000
vt 0.386364 0.000000
vt 0.556818 0.000000
vt 0.295455 0.000000
vt 0.738636 0.000000
vt 0.727273 0.000000
vt 0.715909 0.000000
vt 0.704545 0.000000
vt 0.693182 0.000000
vt 0.761364 0.000000
vt 0.681818 0.000000
vt 0.772727 0.000000
vt 0.670455 0.000000
vt 0.784091 0.000000
vt 0.659091 0.000000
vt 0.795455 0.000000
vt 0.647727 0.000000
vt 0.806818 0.000000
vt 0.636364 0.000000
vt 0.818182 0.000000
vt 0.829545 0.000000
vt 0.613636 0.000000
vt 0.840909 0.000000
vt 0.602273 0.000000
vt 0.852273 0.000000
vt 0.590909 0.000000
vt 0.227273 0.000000
vt 0.045455 0.000000
vt 0.215909 0.000000
vt 0.056818 0.000000
vt 0.204545 0.000000
vt 0.068182 0.000000
vt 0.193182 0.000000
vt 0.079545 0.000000
vt 0.181818 0.000000
vt 0.170455 0.000000
vt 0.090909 0.000000
vt 0.159091 0.000000
vt 0.102273 0.000000
vt 0.147727 0.000000
vt 0.113636 0.000000
vt 0.136364 0.000000
vt 0.920455 0.000000
vt 0.835616 0.000000
vt 0.821918 0.000000
vt 0.808219 0.000000
vt 0.849315 0.000000
vt 0.876712 0.000000
vt 0.780822 0.000000
vt 0.890411 0.000000
vt 0.794521 0.000000
vt 0.863014 0.000000
vt 0.904110 0.000000
vt 0.767123 0.000000
vt 0.753425 0.000000
vt 0.917808 0.000000
vt 0.945205 0.000000
vt 0.726027 0.000000
vt 0.712329 0.000000
vt 0.931507 0.000000
vt 0.739726 0.000000
vt 0.684932 0.000000
vt 0.972603 0.000000
vt 0.698630 0.000000
vt 0.958904 0.000000
vt 0.657534 0.000000
vt 0.671233 0.000000
vt 0.986301 0.000000
vt 0.027397 0.000000
vt 0.630137 0.000000
vt 0.616438 0.000000
vt 0.013699 0.000000
vt 0.643836 0.000000
vt 0.054795 0.000000
vt 0.589041 0.000000
vt 0.068493 0.000000
vt 0.602740 0.000000
vt 0.041096 0.000000
vt 0.082192 0.000000
vt 0.575342 0.000000
vt 0.561644 0.000000
vt 0.095890 0.000000
vt 0.123288 0.000000
vt 0.534247 0.000000
vt 0.520548 0.000000
vt 0.109589 0.000000
vt 0.547945 0.000000
vt 0.493151 0.000000
vt 0.150685 0.000000
vt 0.506849 0.000000
vt 0.136986 0.000000
vt 0.178082 0.000000
vt 0.465753 0.000000
vt 0.452055 0.000000
vt 0.164384 0.000000
vt 0.479452 0.000000
vt 0.424658 0.000000
vt 0.205479 0.000000
vt 0.438356 0.000000
vt 0.191781 0.000000
vt 0.232877 0.000000
vt 0.397260 0.000000
vt 0.246575 0.000000
vt 0.410959 0.000000
vt 0.219178 0.000000
vt 0.260274 0.000000
vt 0.383562 0.000000
vt 0.369863 0.000000
vt 0.273973 0.000000
vt 0.342466 0.000000
vt 0.328767 0.000000
vt 0.301370 0.000000
vt 0.315068 0.000000
vt 0.356164 0.000000
vt 0.287671 0.000000
vt 0.065868 0.000000
vt 0.083832 0.000000
vt 0.071856 0.000000
vt 0.077844 0.000000
vt 0.059880 0.000000
vt 0.095808 0.000000
vt 0.089820 0.000000
vt 0.922156 0.000000
vt 0.934132 0.000000
vt 0.928144 0.000000
vt 0.107784 0.000000
vt 0.047904 0.000000
vt 0.041916 0.000000
vt 0.101796 0.000000
vt 0.053892 0.000000
vt 0.113772 0.000000
vt 0.035928 0.000000
vt 0.119760 0.000000
vt 0.125749 0.000000
vt 0.029940 0.000000
vt 0.023952 0.000000
vt 0.131737 0.000000
vt 0.017964 0.000000
vt 0.137725 0.000000
vt 0.149701 0.000000
vt 0.005988 0.000000
vt 0.143713 0.000000
vt 0.011976 0.000000
vt 0.946108 0.000000
vt 0.910180 0.000000
vt 0.904192 0.000000
vt 0.898204 0.000000
vt 0.952096 0.000000
vt 0.958084 0.000000
vt 0.892216 0.000000
vt 0.886228 0.000000
vt 0.964072 0.000000
vt 0.940120 0.000000
vt 0.916168 0.000000
vt 0.688623 0.000000
vt 0.712575 0.000000
vt 0.694611 0.000000
vt 0.706587 0.000000
vt 0.676647 0.000000
vt 0.724551 0.000000
vt 0.682635 0.000000
vt 0.718563 0.000000
vt 0.742515 0.000000
vt 0.658683 0.000000
vt 0.748503 0.000000
vt 0.664671 0.000000
vt 0.736527 0.000000
vt 0.670659 0.000000
vt 0.730539 0.000000
vt 0.874251 0.000000
vt 0.868263 0.000000
vt 0.976048 0.000000
vt 0.982036 0.000000
vt 0.754491 0.000000
vt 0.652695 0.000000
vt 0.646707 0.000000
vt 0.760479 0.000000
vt 0.634731 0.000000
vt 0.766467 0.000000
vt 0.640719 0.000000
vt 0.628743 0.000000
vt 0.784431 0.000000
vt 0.778443 0.000000
vt 0.772455 0.000000
vt 0.862275 0.000000
vt 0.988024 0.000000
vt 0.856287 0.000000
vt 0.994012 0.000000
vt 0.700599 0.000000
vt 0.880240 0.000000
vt 0.970060 0.000000
vt 0.610778 0.000000
vt 0.604790 0.000000
vt 0.802395 0.000000
vt 0.598802 0.000000
vt 0.592814 0.000000
vt 0.808383 0.000000
vt 0.586826 0.000000
vt 0.580838 0.000000
vt 0.574850 0.000000
vt 0.485030 0.000000
vt 0.479042 0.000000
vt 0.850299 0.000000
vt 0.317365 0.000000
vt 0.155689 0.000000
vt 0.311377 0.000000
vt 0.161677 0.000000
vt 0.305389 0.000000
vt 0.167665 0.000000
vt 0.299401 0.000000
vt 0.173653 0.000000
vt 0.293413 0.000000
vt 0.179641 0.000000
vt 0.287425 0.000000
vt 0.185629 0.000000
vt 0.281437 0.000000
vt 0.275449 0.000000
vt 0.191617 0.000000
vt 0.269461 0.000000
vt 0.197605 0.000000
vt 0.203593 0.000000
vt 0.263473 0.000000
vt 0.209581 0.000000
vt 0.257485 0.000000
vt 0.329341 0.000000
vt 0.467066 0.000000
vt 0.335329 0.000000
vt 0.473054 0.000000
vt 0.323353 0.000000
vt 0.341317 0.000000
vt 0.461078 0.000000
vt 0.455090 0.000000
vt 0.449102 0.000000
vt 0.347305 0.000000
vt 0.359281 0.000000
vt 0.437126 0.000000
vt 0.431138 0.000000
vt 0.353293 0.000000
vt 0.443114 0.000000
vt 0.371257 0.000000
vt 0.419162 0.000000
vt 0.377246 0.000000
vt 0.425150 0.000000
vt 0.365269 0.000000
vt 0.383234 0.000000
vt 0.413174 0.000000
vt 0.407186 0.000000
vt 0.389222 0.000000
vt 0.401198 0.000000
vt 0.395210 0.000000
vt 0.568862 0.000000
vt 0.814371 0.000000
vt 0.562874 0.000000
vt 0.556886 0.000000
vt 0.820359 0.000000
vt 0.550898 0.000000
vt 0.826347 0.000000
vt 0.832335 0.000000
vt 0.544910 0.000000
vt 0.838323 0.000000
vt 0.844311 0.000000
vt 0.538922 0.000000
vt 0.532934 0.000000
vt 0.526946 0.000000
vt 0.497006 0.000000
vt 0.491018 0.000000
vt 0.622755 0.000000
vt 0.790419 0.000000
vt 0.616766 0.000000
vt 0.796407 0.000000
vt 0.215569 0.000000
vt 0.251497 0.000000
vt 0.221557 0.000000
vt 0.245509 0.000000
vt 0.227545 0.000000
vt 0.239521 0.000000
vt 0.233533 0.000000
vt 0.520958 0.000000
vt 0.502994 0.000000
vt 0.514970 0.000000
vt 0.508982 0.000000
vt 0.005952 1.000000
vt 0.000000 1.000000
vt 0.011905 1.000000
vt 0.005952 0.000000
vt 0.017857 1.000000
vt 0.011905 0.000000
vt 0.023810 1.000000
vt 0.029762 1.000000
vt 0.023810 0.000000
vt 0.035714 1.000000
vt 0.029762 0.000000
vt 0.041667 1.000000
vt 0.047619 1.000000
vt 0.041667 0.000000
vt 0.053571 1.000000
vt 0.047619 0.000000
vt 0.059524 1.000000
vt 0.065476 1.000000
vt 0.059524 0.000000
vt 0.071429 1.000000
vt 0.065476 0.000000
vt 0.077381 1.000000
vt 0.083333 1.000000
vt 0.077381 0.000000
vt 0.089286 1.000000
vt 0.083333 0.000000
vt 0.095238 1.000000
vt 0.101190 1.000000
vt 0.095238 0.000000
vt 0.107143 1.000000
vt 0.101190 0.000000
vt 0.113095 1.000000
vt 0.119048 1.000000
vt 0.113095 0.000000
vt 0.125000 1.000000
vt 0.119048 0.000000
vt 0.130952 1.000000
vt 0.136905 1.000000
vt 0.130952 0.000000
vt 0.142857 1.000000
vt 0.136905 0.000000
vt 0.148810 1.000000
vt 0.154762 1.000000
vt 0.148810 0.000000
vt 0.160714 1.000000
vt 0.154762 0.000000
vt 0.166667 1.000000
vt 0.172619 1.000000
vt 0.166667 0.000000
vt 0.178571 1.000000
vt 0.172619 0.000000
vt 0.184524 1.000000
vt 0.190476 1.000000
vt 0.184524 0.000000
vt 0.196429 1.000000
vt 0.190476 0.000000
vt 0.202381 1.000000
vt 0.208333 1.000000
vt 0.202381 0.000000
vt 0.214286 1.000000
vt 0.208333 0.000000
vt 0.220238 1.000000
vt 0.226190 1.000000
vt 0.220238 0.000000
vt 0.232143 1.000000
vt 0.226190 0.000000
vt 0.238095 1.000000
vt 0.244048 1.000000
vt 0.238095 0.000000
vt 0.250000 1.000000
vt 0.244048 0.000000
vt 0.255952 1.000000
vt 0.261905 1.000000
vt 0.255952 0.000000
vt 0.267857 1.000000
vt 0.261905 0.000000
vt 0.273810 1.000000
vt 0.279762 1.000000
vt 0.273810 0.000000
vt 0.285714 1.000000
vt 0.279762 0.000000
vt 0.291667 1.000000
vt 0.297619 1.000000
vt 0.291667 0.000000
vt 0.303571 1.000000
vt 0.297619 0.000000
vt 0.309524 1.000000
vt 0.315476 1.000000
vt 0.309524 0.000000
vt 0.321429 1.000000
vt 0.315476 0.000000
vt 0.327381 1.000000
vt 0.333333 1.000000
vt 0.327381 0.000000
vt 0.339286 1.000000
vt 0.333333 0.000000
vt 0.345238 1.000000
vt 0.351190 1.000000
vt 0.345238 0.000000
vt 0.357143 1.000000
vt 0.351190 0.000000
vt 0.363095 1.000000
vt 0.369048 1.000000
vt 0.363095 0.000000
vt 0.375000 1.000000
vt 0.369048 0.000000
vt 0.380952 1.000000
vt 0.386905 1.000000
vt 0.380952 0.000000
vt 0.392857 1.000000
vt 0.386905 0.000000
vt 0.398810 1.000000
vt 0.404762 1.000000
vt 0.398810 0.000000
vt 0.410714 1.000000
vt 0.404762 0.000000
vt 0.416667 1.000000
vt 0.422619 1.000000
vt 0.416667 0.000000
vt 0.428571 1.000000
vt 0.422619 0.000000
vt 0.434524 1.000000
vt 0.440476 1.000000
vt 0.434524 0.000000
vt 0.446429 1.000000
vt 0.440476 0.000000
vt 0.452381 1.000000
vt 0.458333 1.000000
vt 0.452381 0.000000
vt 0.464286 1.000000
vt 0.458333 0.000000
vt 0.470238 1.000000
vt 0.476190 1.000000
vt 0.470238 0.000000
vt 0.482143 1.000000
vt 0.476190 0.000000
vt 0.488095 1.000000
vt 0.494048 1.000000
vt 0.488095 0.000000
vt 0.500000 1.000000
vt 0.494048 0.000000
vt 0.505952 1.000000
vt 0.511905 1.000000
vt 0.505952 0.000000
vt 0.517857 1.000000
vt 0.511905 0.000000
vt 0.523810 1.000000
vt 0.529762 1.000000
vt 0.523810 0.000000
vt 0.535714 1.000000
vt 0.529762 0.000000
vt 0.541667 1.000000
vt 0.547619 1.000000
vt 0.541667 0.000000
vt 0.553571 1.000000
vt 0.547619 0.000000
vt 0.559524 1.000000
vt 0.565476 1.000000
vt 0.559524 0.000000
vt 0.571429 1.000000
vt 0.565476 0.000000
vt 0.577381 1.000000
vt 0.583333 1.000000
vt 0.577381 0.000000
vt 0.589286 1.000000
vt 0.583333 0.000000
vt 0.595238 1.000000
vt 0.601190 1.000000
vt 0.595238 0.000000
vt 0.607143 1.000000
vt 0.601190 0.000000
vt 0.613095 1.000000
vt 0.619048 1.000000
vt 0.613095 0.000000
vt 0.625000 1.000000
vt 0.619048 0.000000
vt 0.630952 1.000000
vt 0.636905 1.000000
vt 0.630952 0.000000
vt 0.642857 1.000000
vt 0.636905 0.000000
vt 0.648810 1.000000
vt 0.654762 1.000000
vt 0.648810 0.000000
vt 0.660714 1.000000
vt 0.654762 0.000000
vt 0.666667 1.000000
vt 0.672619 1.000000
vt 0.666667 0.000000
vt 0.678571 1.000000
vt 0.672619 0.000000
vt 0.684524 1.000000
vt 0.690476 1.000000
vt 0.684524 0.000000
vt 0.696429 1.000000
vt 0.690476 0.000000
vt 0.702381 1.000000
vt 0.708333 1.000000
vt 0.702381 0.000000
vt 0.714286 1.000000
vt 0.708333 0.000000
vt 0.720238 1.000000
vt 0.726190 1.000000
vt 0.720238 0.000000
vt 0.732143 1.000000
vt 0.726190 0.000000
vt 0.738095 1.000000
vt 0.744048 1.000000
vt 0.738095 0.000000
vt 0.750000 1.000000
vt 0.744048 0.000000
vt 0.755952 1.000000
vt 0.761905 1.000000
vt 0.755952 0.000000
vt 0.767857 1.000000
vt 0.761905 0.000000
vt 0.773810 1.000000
vt 0.779762 1.000000
vt 0.773810 0.000000
vt 0.785714 1.000000
vt 0.779762 0.000000
vt 0.791667 1.000000
vt 0.797619 1.000000
vt 0.791667 0.000000
vt 0.803571 1.000000
vt 0.797619 0.000000
vt 0.809524 1.000000
vt 0.815476 1.000000
vt 0.809524 0.000000
vt 0.821429 1.000000
vt 0.815476 0.000000
vt 0.827381 1.000000
vt 0.833333 1.000000
vt 0.827381 0.000000
vt 0.839286 1.000000
vt 0.833333 0.000000
vt 0.845238 1.000000
vt 0.851190 1.000000
vt 0.845238 0.000000
vt 0.857143 1.000000
vt 0.851190 0.000000
vt 0.863095 1.000000
vt 0.869048 1.000000
vt 0.863095 0.000000
vt 0.875000 1.000000
vt 0.869048 0.000000
vt 0.880952 1.000000
vt 0.886905 1.000000
vt 0.880952 0.000000
vt 0.892857 1.000000
vt 0.886905 0.000000
vt 0.898810 1.000000
vt 0.904762 1.000000
vt 0.898810 0.000000
vt 0.910714 1.000000
vt 0.904762 0.000000
vt 0.916667 1.000000
vt 0.922619 1.000000
vt 0.916667 0.000000
vt 0.928571 1.000000
vt 0.922619 0.000000
vt 0.934524 1.000000
vt 0.940476 1.000000
vt 0.934524 0.000000
vt 0.946429 1.000000
vt 0.940476 0.000000
vt 0.952381 1.000000
vt 0.958333 1.000000
vt 0.952381 0.000000
vt 0.964286 1.000000
vt 0.958333 0.000000
vt 0.970238 1.000000
vt 0.976190 1.000000
vt 0.970238 0.000000
vt 0.982143 1.000000
vt 0.976190 0.000000
vt 0.988095 1.000000
vt 0.994048 1.000000
vt 0.988095 0.000000
vt 1.000000 1.000000
vt 0.994048 0.000000
vt 0.013514 1.000000
vt 0.027027 1.000000
vt 0.013514 0.000000
vt 0.040541 1.000000
vt 0.027027 0.000000
vt 0.054054 1.000000
vt 0.040541 0.000000
vt 0.067568 1.000000
vt 0.054054 0.000000
vt 0.081081 1.000000
vt 0.067568 0.000000
vt 0.094595 1.000000
vt 0.081081 0.000000
vt 0.108108 1.000000
vt 0.094595 0.000000
vt 0.121622 1.000000
vt 0.108108 0.000000
vt 0.135135 1.000000
vt 0.121622 0.000000
vt 0.148649 1.000000
vt 0.135135 0.000000
vt 0.162162 1.000000
vt 0.148649 0.000000
vt 0.175676 1.000000
vt 0.162162 0.000000
vt 0.189189 1.000000
vt 0.175676 0.000000
vt 0.202703 1.000000
vt 0.189189 0.000000
vt 0.216216 1.000000
vt 0.202703 0.000000
vt 0.229730 1.000000
vt 0.216216 0.000000
vt 0.243243 1.000000
vt 0.229730 0.000000
vt 0.256757 1.000000
vt 0.243243 0.000000
vt 0.270270 1.000000
vt 0.256757 0.000000
vt 0.283784 1.000000
vt 0.270270 0.000000
vt 0.297297 1.000000
vt 0.283784 0.000000
vt 0.310811 1.000000
vt 0.297297 0.000000
vt 0.324324 1.000000
vt 0.310811 0.000000
vt 0.337838 1.000000
vt 0.324324 0.000000
vt 0.351351 1.000000
vt 0.337838 0.000000
vt 0.364865 1.000000
vt 0.351351 0.000000
vt 0.378378 1.000000
vt 0.364865 0.000000
vt 0.391892 1.000000
vt 0.378378 0.000000
vt 0.405405 1.000000
vt 0.391892 0.000000
vt 0.418919 1.000000
vt 0.405405 0.000000
vt 0.432432 1.000000
vt 0.418919 0.000000
vt 0.445946 1.000000
vt 0.432432 0.000000
vt 0.459459 1.000000
vt 0.445946 0.000000
vt 0.472973 1.000000
vt 0.459459 0.000000
vt 0.486486 1.000000
vt 0.472973 0.000000
vt 0.486486 0.000000
vt 0.513514 1.000000
vt 0.527027 1.000000
vt 0.513514 0.000000
vt 0.540541 1.000000
vt 0.527027 0.000000
vt 0.554054 1.000000
vt 0.540541 0.000000
vt 0.567568 1.000000
vt 0.554054 0.000000
vt 0.581081 1.000000
vt 0.567568 0.000000
vt 0.594595 1.000000
vt 0.581081 0.000000
vt 0.608108 1.000000
vt 0.594595 0.000000
vt 0.621622 1.000000
vt 0.608108 0.000000
vt 0.635135 1.000000
vt 0.621622 0.000000
vt 0.648649 1.000000
vt 0.635135 0.000000
vt 0.662162 1.000000
vt 0.648649 0.000000
vt 0.675676 1.000000
vt 0.662162 0.000000
vt 0.689189 1.000000
vt 0.675676 0.000000
vt 0.702703 1.000000
vt 0.689189 0.000000
vt 0.716216 1.000000
vt 0.702703 0.000000
vt 0.729730 1.000000
vt 0.716216 0.000000
vt 0.743243 1.000000
vt 0.729730 0.000000
vt 0.756757 1.000000
vt 0.743243 0.000000
vt 0.770270 1.000000
vt 0.756757 0.000000
vt 0.783784 1.000000
vt 0.770270 0.000000
vt 0.797297 1.000000
vt 0.783784 0.000000
vt 0.810811 1.000000
vt 0.797297 0.000000
vt 0.824324 1.000000
vt 0.810811 0.000000
vt 0.837838 1.000000
vt 0.824324 0.000000
vt 0.851351 1.000000
vt 0.837838 0.000000
vt 0.864865 1.000000
vt 0.851351 0.000000
vt 0.878378 1.000000
vt 0.864865 0.000000
vt 0.891892 1.000000
vt 0.878378 0.000000
vt 0.905405 1.000000
vt 0.891892 0.000000
vt 0.918919 1.000000
vt 0.905405 0.000000
vt 0.932432 1.000000
vt 0.918919 0.000000
vt 0.945946 1.000000
vt 0.932432 0.000000
vt 0.959459 1.000000
vt 0.945946 0.000000
vt 0.972973 1.000000
vt 0.959459 0.000000
vt 0.986486 1.000000
vt 0.972973 0.000000
vt 0.986486 0.000000
vt 0.011236 1.000000
vt 0.022472 1.000000
vt 0.011236 0.000000
vt 0.033708 1.000000
vt 0.022472 0.000000
vt 0.044944 1.000000
vt 0.033708 0.000000
vt 0.056180 1.000000
vt 0.044944 0.000000
vt 0.067416 1.000000
vt 0.056180 0.000000
vt 0.078652 1.000000
vt 0.067416 0.000000
vt 0.089888 1.000000
vt 0.078652 0.000000
vt 0.101124 1.000000
vt 0.089888 0.000000
vt 0.112360 1.000000
vt 0.101124 0.000000
vt 0.123596 1.000000
vt 0.112360 0.000000
vt 0.134831 1.000000
vt 0.123596 0.000000
vt 0.146067 1.000000
vt 0.134831 0.000000
vt 0.157303 1.000000
vt 0.146067 0.000000
vt 0.168539 1.000000
vt 0.157303 0.000000
vt 0.179775 1.000000
vt 0.168539 0.000000
vt 0.191011 1.000000
vt 0.179775 0.000000
vt 0.202247 1.000000
vt 0.191011 0.000000
vt 0.213483 1.000000
vt 0.202247 0.000000
vt 0.224719 1.000000
vt 0.213483 0.000000
vt 0.235955 1.000000
vt 0.224719 0.000000
vt 0.247191 1.000000
vt 0.235955 0.000000
vt 0.258427 1.000000
vt 0.247191 0.000000
vt 0.269663 1.000000
vt 0.258427 0.000000
vt 0.280899 1.000000
vt 0.269663 0.000000
vt 0.292135 1.000000
vt 0.280899 0.000000
vt 0.303371 1.000000
vt 0.292135 0.000000
vt 0.314607 1.000000
vt 0.303371 0.000000
vt 0.325843 1.000000
vt 0.314607 0.000000
vt 0.337079 1.000000
vt 0.325843 0.000000
vt 0.348315 1.000000
vt 0.337079 0.000000
vt 0.359551 1.000000
vt 0.348315 0.000000
vt 0.370787 1.000000
vt 0.359551 0.000000
vt 0.382022 1.000000
vt 0.370787 0.000000
vt 0.393258 1.000000
vt 0.382022 0.000000
vt 0.404494 1.000000
vt 0.393258 0.000000
vt 0.415730 1.000000
vt 0.404494 0.000000
vt 0.426966 1.000000
vt 0.415730 0.000000
vt 0.438202 1.000000
vt 0.426966 0.000000
vt 0.449438 1.000000
vt 0.438202 0.000000
vt 0.460674 1.000000
vt 0.449438 0.000000
vt 0.471910 1.000000
vt 0.460674 0.000000
vt 0.483146 1.000000
vt 0.471910 0.000000
vt 0.494382 1.000000
vt 0.483146 0.000000
vt 0.505618 1.000000
vt 0.494382 0.000000
vt 0.516854 1.000000
vt 0.505618 0.000000
vt 0.528090 1.000000
vt 0.516854 0.000000
vt 0.539326 1.000000
vt 0.528090 0.000000
vt 0.550562 1.000000
vt 0.539326 0.000000
vt 0.561798 1.000000
vt 0.550562 0.000000
vt 0.573034 1.000000
vt 0.561798 0.000000
vt 0.584270 1.000000
vt 0.573034 0.000000
vt 0.595506 1.000000
vt 0.584270 0.000000
vt 0.606742 1.000000
vt 0.595506 0.000000
vt 0.617977 1.000000
vt 0.606742 0.000000
vt 0.629214 1.000000
vt 0.617977 0.000000
vt 0.640449 1.000000
vt 0.629214 0.000000
vt 0.651685 1.000000
vt 0.640449 0.000000
vt 0.662921 1.000000
vt 0.651685 0.000000
vt 0.674157 1.000000
vt 0.662921 0.000000
vt 0.685393 1.000000
vt 0.674157 0.000000
vt 0.696629 1.000000
vt 0.685393 0.000000
vt 0.707865 1.000000
vt 0.696629 0.000000
vt 0.719101 1.000000
vt 0.707865 0.000000
vt 0.730337 1.000000
vt 0.719101 0.000000
vt 0.741573 1.000000
vt 0.730337 0.000000
vt 0.752809 1.000000
vt 0.741573 0.000000
vt 0.764045 1.000000
vt 0.752809 0.000000
vt 0.775281 1.000000
vt 0.764045 0.000000
vt 0.786517 1.000000
vt 0.775281 0.000000
vt 0.797753 1.000000
vt 0.786517 0.000000
vt 0.808989 1.000000
vt 0.797753 0.000000
vt 0.820225 1.000000
vt 0.808989 0.000000
vt 0.831461 1.000000
vt 0.820225 0.000000
vt 0.842697 1.000000
vt 0.831461 0.000000
vt 0.853933 1.000000
vt 0.842697 0.000000
vt 0.865169 1.000000
vt 0.853933 0.000000
vt 0.876405 1.000000
vt 0.865169 0.000000
vt 0.887640 1.000000
vt 0.876405 0.000000
vt 0.898876 1.000000
vt 0.887640 0.000000
vt 0.910112 1.000000
vt 0.898876 0.000000
vt 0.921348 1.000000
vt 0.910112 0.000000
vt 0.932584 1.000000
vt 0.921348 0.000000
vt 0.943820 1.000000
vt 0.932584 0.000000
vt 0.955056 1.000000
vt 0.943820 0.000000
vt 0.966292 1.000000
vt 0.955056 0.000000
vt 0.977528 1.000000
vt 0.966292 0.000000
vt 0.988764 1.000000
vt 0.977528 0.000000
vt 0.988764 0.000000
vt 0.008197 1.000000
vt 0.016393 1.000000
vt 0.008197 0.000000
vt 0.024590 1.000000
vt 0.016393 0.000000
vt 0.032787 1.000000
vt 0.024590 0.000000
vt 0.040984 1.000000
vt 0.032787 0.000000
vt 0.049180 1.000000
vt 0.040984 0.000000
vt 0.057377 1.000000
vt 0.049180 0.000000
vt 0.065574 1.000000
vt 0.057377 0.000000
vt 0.073770 1.000000
vt 0.065574 0.000000
vt 0.081967 1.000000
vt 0.073770 0.000000
vt 0.090164 1.000000
vt 0.081967 0.000000
vt 0.098361 1.000000
vt 0.090164 0.000000
vt 0.106557 1.000000
vt 0.098361 0.000000
vt 0.114754 1.000000
vt 0.106557 0.000000
vt 0.122951 1.000000
vt 0.114754 0.000000
vt 0.131148 1.000000
vt 0.122951 0.000000
vt 0.139344 1.000000
vt 0.131148 0.000000
vt 0.147541 1.000000
vt 0.139344 0.000000
vt 0.155738 1.000000
vt 0.147541 0.000000
vt 0.163934 1.000000
vt 0.155738 0.000000
vt 0.172131 1.000000
vt 0.163934 0.000000
vt 0.180328 1.000000
vt 0.172131 0.000000
vt 0.188525 1.000000
vt 0.180328 0.000000
vt 0.196721 1.000000
vt 0.188525 0.000000
vt 0.204918 1.000000
vt 0.196721 0.000000
vt 0.213115 1.000000
vt 0.204918 0.000000
vt 0.221311 1.000000
vt 0.213115 0.000000
vt 0.229508 1.000000
vt 0.221311 0.000000
vt 0.237705 1.000000
vt 0.229508 0.000000
vt 0.245902 1.000000
vt 0.237705 0.000000
vt 0.254098 1.000000
vt 0.245902 0.000000
vt 0.262295 1.000000
vt 0.254098 0.000000
vt 0.270492 1.000000
vt 0.262295 0.000000
vt 0.278689 1.000000
vt 0.270492 0.000000
vt 0.286885 1.000000
vt 0.278689 0.000000
vt 0.295082 1.000000
vt 0.286885 0.000000
vt 0.303279 1.000000
vt 0.295082 0.000000
vt 0.311475 1.000000
vt 0.303279 0.000000
vt 0.319672 1.000000
vt 0.311475 0.000000
vt 0.327869 1.000000
vt 0.319672 0.000000
vt 0.336066 1.000000
vt 0.327869 0.000000
vt 0.344262 1.000000
vt 0.336066 0.000000
vt 0.352459 1.000000
vt 0.344262 0.000000
vt 0.360656 1.000000
vt 0.352459 0.000000
vt 0.368852 1.000000
vt 0.360656 0.000000
vt 0.377049 1.000000
vt 0.368852 0.000000
vt 0.385246 1.000000
vt 0.377049 0.000000
vt 0.393443 1.000000
vt 0.385246 0.000000
vt 0.401639 1.000000
vt 0.393443 0.000000
vt 0.409836 1.000000
vt 0.401639 0.000000
vt 0.418033 1.000000
vt 0.409836 0.000000
vt 0.426230 1.000000
vt 0.418033 0.000000
vt 0.434426 1.000000
vt 0.426230 0.000000
vt 0.442623 1.000000
vt 0.434426 0.000000
vt 0.450820 1.000000
vt 0.442623 0.000000
vt 0.459016 1.000000
vt 0.450820 0.000000
vt 0.467213 1.000000
vt 0.459016 0.000000
vt 0.475410 1.000000
vt 0.467213 0.000000
vt 0.483607 1.000000
vt 0.475410 0.000000
vt 0.491803 1.000000
vt 0.483607 0.000000
vt 0.491803 0.000000
vt 0.508197 1.000000
vt 0.516393 1.000000
vt 0.508197 0.000000
vt 0.524590 1.000000
vt 0.516393 0.000000
vt 0.532787 1.000000
vt 0.524590 0.000000
vt 0.540984 1.000000
vt 0.532787 0.000000
vt 0.549180 1.000000
vt 0.540984 0.000000
vt 0.557377 1.000000
vt 0.549180 0.000000
vt 0.565574 1.000000
vt 0.557377 0.000000
vt 0.573770 1.000000
vt 0.565574 0.000000
vt 0.581967 1.000000
vt 0.573770 0.000000
vt 0.590164 1.000000
vt 0.581967 0.000000
vt 0.598361 1.000000
vt 0.590164 0.000000
vt 0.606557 1.000000
vt 0.598361 0.000000
vt 0.614754 1.000000
vt 0.606557 0.000000
vt 0.622951 1.000000
vt 0.614754 0.000000
vt 0.631148 1.000000
vt 0.622951 0.000000
vt 0.639344 1.000000
vt 0.631148 0.000000
vt 0.647541 1.000000
vt 0.639344 0.000000
vt 0.655738 1.000000
vt 0.647541 0.000000
vt 0.663934 1.000000
vt 0.655738 0.000000
vt 0.672131 1.000000
vt 0.663934 0.000000
vt 0.680328 1.000000
vt 0.672131 0.000000
vt 0.688525 1.000000
vt 0.680328 0.000000
vt 0.696721 1.000000
vt 0.688525 0.000000
vt 0.704918 1.000000
vt 0.696721 0.000000
vt 0.713115 1.000000
vt 0.704918 0.000000
vt 0.721311 1.000000
vt 0.713115 0.000000
vt 0.729508 1.000000
vt 0.721311 0.000000
vt 0.737705 1.000000
vt 0.729508 0.000000
vt 0.745902 1.000000
vt 0.737705 0.000000
vt 0.754098 1.000000
vt 0.745902 0.000000
vt 0.762295 1.000000
vt 0.754098 0.000000
vt 0.770492 1.000000
vt 0.762295 0.000000
vt 0.778689 1.000000
vt 0.770492 0.000000
vt 0.786885 1.000000
vt 0.778689 0.000000
vt 0.795082 1.000000
vt 0.786885 0.000000
vt 0.803279 1.000000
vt 0.795082 0.000000
vt 0.811475 1.000000
vt 0.803279 0.000000
vt 0.819672 1.000000
vt 0.811475 0.000000
vt 0.827869 1.000000
vt 0.819672 0.000000
vt 0.836066 1.000000
vt 0.827869 0.000000
vt 0.844262 1.000000
vt 0.836066 0.000000
vt 0.852459 1.000000
vt 0.844262 0.000000
vt 0.860656 1.000000
vt 0.852459 0.000000
vt 0.868852 1.000000
vt 0.860656 0.000000
vt 0.877049 1.000000
vt 0.868852 0.000000
vt 0.885246 1.000000
vt 0.877049 0.000000
vt 0.893443 1.000000
vt 0.885246 0.000000
vt 0.901639 1.000000
vt 0.893443 0.000000
vt 0.909836 1.000000
vt 0.901639 0.000000
vt 0.918033 1.000000
vt 0.909836 0.000000
vt 0.926230 1.000000
vt 0.918033 0.000000
vt 0.934426 1.000000
vt 0.926230 0.000000
vt 0.942623 1.000000
vt 0.934426 0.000000
vt 0.950820 1.000000
vt 0.942623 0.000000
vt 0.959016 1.000000
vt 0.950820 0.000000
vt 0.967213 1.000000
vt 0.959016 0.000000
vt 0.975410 1.000000
vt 0.967213 0.000000
vt 0.983607 1.000000
vt 0.975410 0.000000
vt 0.991803 1.000000
vt 0.983607 0.000000
vt 0.991803 0.000000
vt 0.007937 1.000000
vt 0.015873 1.000000
vt 0.007937 0.000000
vt 0.015873 0.000000
vt 0.031746 1.000000
vt 0.039683 1.000000
vt 0.031746 0.000000
vt 0.039683 0.000000
vt 0.055556 1.000000
vt 0.063492 1.000000
vt 0.055556 0.000000
vt 0.063492 0.000000
vt 0.079365 1.000000
vt 0.087302 1.000000
vt 0.079365 0.000000
vt 0.087302 0.000000
vt 0.103175 1.000000
vt 0.111111 1.000000
vt 0.103175 0.000000
vt 0.111111 0.000000
vt 0.126984 1.000000
vt 0.134921 1.000000
vt 0.126984 0.000000
vt 0.134921 0.000000
vt 0.150794 1.000000
vt 0.158730 1.000000
vt 0.150794 0.000000
vt 0.158730 0.000000
vt 0.174603 1.000000
vt 0.182540 1.000000
vt 0.174603 0.000000
vt 0.182540 0.000000
vt 0.198413 1.000000
vt 0.206349 1.000000
vt 0.198413 0.000000
vt 0.206349 0.000000
vt 0.222222 1.000000
vt 0.230159 1.000000
vt 0.222222 0.000000
vt 0.230159 0.000000
vt 0.246032 1.000000
vt 0.253968 1.000000
vt 0.246032 0.000000
vt 0.253968 0.000000
vt 0.269841 1.000000
vt 0.277778 1.000000
vt 0.269841 0.000000
vt 0.277778 0.000000
vt 0.293651 1.000000
vt 0.301587 1.000000
vt 0.293651 0.000000
vt 0.301587 0.000000
vt 0.317460 1.000000
vt 0.325397 1.000000
vt 0.317460 0.000000
vt 0.325397 0.000000
vt 0.341270 1.000000
vt 0.349206 1.000000
vt 0.341270 0.000000
vt 0.349206 0.000000
vt 0.365079 1.000000
vt 0.373016 1.000000
vt 0.365079 0.000000
vt 0.373016 0.000000
vt 0.388889 1.000000
vt 0.396825 1.000000
vt 0.388889 0.000000
vt 0.396825 0.000000
vt 0.412698 1.000000
vt 0.420635 1.000000
vt 0.412698 0.000000
vt 0.420635 0.000000
vt 0.436508 1.000000
vt 0.444444 1.000000
vt 0.436508 0.000000
vt 0.444444 0.000000
vt 0.460317 1.000000
vt 0.468254 1.000000
vt 0.460317 0.000000
vt 0.468254 0.000000
vt 0.484127 1.000000
vt 0.492063 1.000000
vt 0.484127 0.000000
vt 0.492063 0.000000
vt 0.507937 1.000000
vt 0.515873 1.000000
vt 0.507937 0.000000
vt 0.515873 0.000000
vt 0.531746 1.000000
vt 0.539683 1.000000
vt 0.531746 0.000000
vt 0.539683 0.000000
vt 0.555556 1.000000
vt 0.563492 1.000000
vt 0.555556 0.000000
vt 0.563492 0.000000
vt 0.579365 1.000000
vt 0.587302 1.000000
vt 0.579365 0.000000
vt 0.587302 0.000000
vt 0.603175 1.000000
vt 0.611111 1.000000
vt 0.603175 0.000000
vt 0.611111 0.000000
vt 0.626984 1.000000
vt 0.634921 1.000000
vt 0.626984 0.000000
vt 0.634921 0.000000
vt 0.650794 1.000000
vt 0.658730 1.000000
vt 0.650794 0.000000
vt 0.658730 0.000000
vt 0.674603 1.000000
vt 0.682540 1.000000
vt 0.674603 0.000000
vt 0.682540 0.000000
vt 0.698413 1.000000
vt 0.706349 1.000000
vt 0.698413 0.000000
vt 0.706349 0.000000
vt 0.722222 1.000000
vt 0.730159 1.000000
vt 0.722222 0.000000
vt 0.730159 0.000000
vt 0.746032 1.000000
vt 0.753968 1.000000
vt 0.746032 0.000000
vt 0.753968 0.000000
vt 0.769841 1.000000
vt 0.777778 1.000000
vt 0.769841 0.000000
vt 0.777778 0.000000
vt 0.793651 1.000000
vt 0.801587 1.000000
vt 0.793651 0.000000
vt 0.801587 0.000000
vt 0.817460 1.000000
vt 0.825397 1.000000
vt 0.817460 0.000000
vt 0.825397 0.000000
vt 0.841270 1.000000
vt 0.849206 1.000000
vt 0.841270 0.000000
vt 0.849206 0.000000
vt 0.865079 1.000000
vt 0.873016 1.000000
vt 0.865079 0.000000
vt 0.873016 0.000000
vt 0.888889 1.000000
vt 0.896825 1.000000
vt 0.888889 0.000000
vt 0.896825 0.000000
vt 0.912698 1.000000
vt 0.920635 1.000000
vt 0.912698 0.000000
vt 0.920635 0.000000
vt 0.936508 1.000000
vt 0.944444 1.000000
vt 0.936508 0.000000
vt 0.944444 0.000000
vt 0.960317 1.000000
vt 0.968254 1.000000
vt 0.960317 0.000000
vt 0.968254 0.000000
vt 0.984127 1.000000
vt 0.992063 1.000000
vt 0.984127 0.000000
vt 0.992063 0.000000
vt 0.003774 1.000000
vt 0.007547 1.000000
vt 0.003774 0.000000
vt 0.011321 1.000000
vt 0.007547 0.000000
vt 0.015094 1.000000
vt 0.011321 0.000000
vt 0.018868 1.000000
vt 0.015094 0.000000
vt 0.022642 1.000000
vt 0.018868 0.000000
vt 0.026415 1.000000
vt 0.022642 0.000000
vt 0.030189 1.000000
vt 0.026415 0.000000
vt 0.033962 1.000000
vt 0.030189 0.000000
vt 0.037736 1.000000
vt 0.033962 0.000000
vt 0.041509 1.000000
vt 0.037736 0.000000
vt 0.045283 1.000000
vt 0.041509 0.000000
vt 0.049057 1.000000
vt 0.045283 0.000000
vt 0.052830 1.000000
vt 0.049057 0.000000
vt 0.056604 1.000000
vt 0.052830 0.000000
vt 0.060377 1.000000
vt 0.056604 0.000000
vt 0.064151 1.000000
vt 0.060377 0.000000
vt 0.067925 1.000000
vt 0.064151 0.000000
vt 0.071698 1.000000
vt 0.067925 0.000000
vt 0.075472 1.000000
vt 0.071698 0.000000
vt 0.079245 1.000000
vt 0.075472 0.000000
vt 0.083019 1.000000
vt 0.079245 0.000000
vt 0.086792 1.000000
vt 0.083019 0.000000
vt 0.090566 1.000000
vt 0.086792 0.000000
vt 0.094340 1.000000
vt 0.090566 0.000000
vt 0.098113 1.000000
vt 0.094340 0.000000
vt 0.101887 1.000000
vt 0.098113 0.000000
vt 0.105660 1.000000
vt 0.101887 0.000000
vt 0.109434 1.000000
vt 0.105660 0.000000
vt 0.113208 1.000000
vt 0.109434 0.000000
vt 0.116981 1.000000
vt 0.113208 0.000000
vt 0.120755 1.000000
vt 0.116981 0.000000
vt 0.124528 1.000000
vt 0.120755 0.000000
vt 0.128302 1.000000
vt 0.124528 0.000000
vt 0.132075 1.000000
vt 0.128302 0.000000
vt 0.135849 1.000000
vt 0.132075 0.000000
vt 0.139623 1.000000
vt 0.135849 0.000000
vt 0.143396 1.000000
vt 0.139623 0.000000
vt 0.147170 1.000000
vt 0.143396 0.000000
vt 0.150943 1.000000
vt 0.147170 0.000000
vt 0.154717 1.000000
vt 0.150943 0.000000
vt 0.158491 1.000000
vt 0.154717 0.000000
vt 0.162264 1.000000
vt 0.158491 0.000000
vt 0.166038 1.000000
vt 0.162264 0.000000
vt 0.169811 1.000000
vt 0.166038 0.000000
vt 0.173585 1.000000
vt 0.169811 0.000000
vt 0.177358 1.000000
vt 0.173585 0.000000
vt 0.181132 1.000000
vt 0.177358 0.000000
vt 0.184906 1.000000
vt 0.181132 0.000000
vt 0.188679 1.000000
vt 0.184906 0.000000
vt 0.192453 1.000000
vt 0.188679 0.000000
vt 0.196226 1.000000
vt 0.192453 0.000000
vt 0.200000 1.000000
vt 0.196226 0.000000
vt 0.203774 1.000000
vt 0.207547 1.000000
vt 0.203774 0.000000
vt 0.211321 1.000000
vt 0.207547 0.000000
vt 0.215094 1.000000
vt 0.211321 0.000000
vt 0.218868 1.000000
vt 0.215094 0.000000
vt 0.222642 1.000000
vt 0.218868 0.000000
vt 0.226415 1.000000
vt 0.222642 0.000000
vt 0.230189 1.000000
vt 0.226415 0.000000
vt 0.233962 1.000000
vt 0.230189 0.000000
vt 0.237736 1.000000
vt 0.233962 0.000000
vt 0.241509 1.000000
vt 0.237736 0.000000
vt 0.245283 1.000000
vt 0.241509 0.000000
vt 0.249057 1.000000
vt 0.245283 0.000000
vt 0.252830 1.000000
vt 0.249057 0.000000
vt 0.256604 1.000000
vt 0.252830 0.000000
vt 0.260377 1.000000
vt 0.256604 0.000000
vt 0.264151 1.000000
vt 0.260377 0.000000
vt 0.267925 1.000000
vt 0.264151 0.000000
vt 0.271698 1.000000
vt 0.267925 0.000000
vt 0.275472 1.000000
vt 0.271698 0.000000
vt 0.279245 1.000000
vt 0.275472 0.000000
vt 0.283019 1.000000
vt 0.279245 0.000000
vt 0.286792 1.000000
vt 0.283019 0.000000
vt 0.290566 1.000000
vt 0.286792 0.000000
vt 0.294340 1.000000
vt 0.290566 0.000000
vt 0.298113 1.000000
vt 0.294340 0.000000
vt 0.301887 1.000000
vt 0.298113 0.000000
vt 0.305660 1.000000
vt 0.301887 0.000000
vt 0.309434 1.000000
vt 0.305660 0.000000
vt 0.313208 1.000000
vt 0.309434 0.000000
vt 0.316981 1.000000
vt 0.313208 0.000000
vt 0.320755 1.000000
vt 0.316981 0.000000
vt 0.324528 1.000000
vt 0.320755 0.000000
vt 0.328302 1.000000
vt 0.324528 0.000000
vt 0.332075 1.000000
vt 0.328302 0.000000
vt 0.335849 1.000000
vt 0.332075 0.000000
vt 0.339623 1.000000
vt 0.335849 0.000000
vt 0.343396 1.000000
vt 0.339623 0.000000
vt 0.347170 1.000000
vt 0.343396 0.000000
vt 0.350943 1.000000
vt 0.347170 0.000000
vt 0.354717 1.000000
vt 0.350943 0.000000
vt 0.358491 1.000000
vt 0.354717 0.000000
vt 0.362264 1.000000
vt 0.358491 0.000000
vt 0.366038 1.000000
vt 0.362264 0.000000
vt 0.369811 1.000000
vt 0.366038 0.000000
vt 0.373585 1.000000
vt 0.369811 0.000000
vt 0.377358 1.000000
vt 0.373585 0.000000
vt 0.381132 1.000000
vt 0.377358 0.000000
vt 0.384906 1.000000
vt 0.381132 0.000000
vt 0.388679 1.000000
vt 0.384906 0.000000
vt 0.392453 1.000000
vt 0.388679 0.000000
vt 0.396226 1.000000
vt 0.392453 0.000000
vt 0.400000 1.000000
vt 0.396226 0.000000
vt 0.403774 1.000000
vt 0.407547 1.000000
vt 0.403774 0.000000
vt 0.411321 1.000000
vt 0.407547 0.000000
vt 0.415094 1.000000
vt 0.411321 0.000000
vt 0.418868 1.000000
vt 0.415094 0.000000
vt 0.422642 1.000000
vt 0.418868 0.000000
vt 0.426415 1.000000
vt 0.422642 0.000000
vt 0.430189 1.000000
vt 0.426415 0.000000
vt 0.433962 1.000000
vt 0.430189 0.000000
vt 0.437736 1.000000
vt 0.433962 0.000000
vt 0.441509 1.000000
vt 0.437736 0.000000
vt 0.445283 1.000000
vt 0.441509 0.000000
vt 0.449057 1.000000
vt 0.445283 0.000000
vt 0.452830 1.000000
vt 0.449057 0.000000
vt 0.456604 1.000000
vt 0.452830 0.000000
vt 0.460377 1.000000
vt 0.456604 0.000000
vt 0.464151 1.000000
vt 0.460377 0.000000
vt 0.467925 1.000000
vt 0.464151 0.000000
vt 0.471698 1.000000
vt 0.467925 0.000000
vt 0.475472 1.000000
vt 0.471698 0.000000
vt 0.479245 1.000000
vt 0.475472 0.000000
vt 0.483019 1.000000
vt 0.479245 0.000000
vt 0.486792 1.000000
vt 0.483019 0.000000
vt 0.490566 1.000000
vt 0.486792 0.000000
vt 0.494340 1.000000
vt 0.490566 0.000000
vt 0.498113 1.000000
vt 0.494340 0.000000
vt 0.501887 1.000000
vt 0.498113 0.000000
vt 0.505660 1.000000
vt 0.501887 0.000000
vt 0.509434 1.000000
vt 0.505660 0.000000
vt 0.513208 1.000000
vt 0.509434 0.000000
vt 0.516981 1.000000
vt 0.513208 0.000000
vt 0.520755 1.000000
vt 0.516981 0.000000
vt 0.524528 1.000000
vt 0.520755 0.000000
vt 0.528302 1.000000
vt 0.524528 0.000000
vt 0.532075 1.000000
vt 0.528302 0.000000
vt 0.535849 1.000000
vt 0.532075 0.000000
vt 0.539623 1.000000
vt 0.535849 0.000000
vt 0.543396 1.000000
vt 0.539623 0.000000
vt 0.547170 1.000000
vt 0.543396 0.000000
vt 0.550943 1.000000
vt 0.547170 0.000000
vt 0.554717 1.000000
vt 0.550943 0.000000
vt 0.558491 1.000000
vt 0.554717 0.000000
vt 0.562264 1.000000
vt 0.558491 0.000000
vt 0.566038 1.000000
vt 0.562264 0.000000
vt 0.569811 1.000000
vt 0.566038 0.000000
vt 0.573585 1.000000
vt 0.569811 0.000000
vt 0.577358 1.000000
vt 0.573585 0.000000
vt 0.581132 1.000000
vt 0.577358 0.000000
vt 0.584906 1.000000
vt 0.581132 0.000000
vt 0.588679 1.000000
vt 0.584906 0.000000
vt 0.592453 1.000000
vt 0.588679 0.000000
vt 0.596226 1.000000
vt 0.592453 0.000000
vt 0.600000 1.000000
vt 0.596226 0.000000
vt 0.603774 1.000000
vt 0.607547 1.000000
vt 0.603774 0.000000
vt 0.611321 1.000000
vt 0.607547 0.000000
vt 0.615094 1.000000
vt 0.611321 0.000000
vt 0.618868 1.000000
vt 0.615094 0.000000
vt 0.622642 1.000000
vt 0.618868 0.000000
vt 0.626415 1.000000
vt 0.622642 0.000000
vt 0.630189 1.000000
vt 0.626415 0.000000
vt 0.633962 1.000000
vt 0.630189 0.000000
vt 0.637736 1.000000
vt 0.633962 0.000000
vt 0.641509 1.000000
vt 0.637736 0.000000
vt 0.645283 1.000000
vt 0.641509 0.000000
vt 0.649057 1.000000
vt 0.645283 0.000000
vt 0.652830 1.000000
vt 0.649057 0.000000
vt 0.656604 1.000000
vt 0.652830 0.000000
vt 0.660377 1.000000
vt 0.656604 0.000000
vt 0.664151 1.000000
vt 0.660377 0.000000
vt 0.667925 1.000000
vt 0.664151 0.000000
vt 0.671698 1.000000
vt 0.667925 0.000000
vt 0.675472 1.000000
vt 0.671698 0.000000
vt 0.679245 1.000000
vt 0.675472 0.000000
vt 0.683019 1.000000
vt 0.679245 0.000000
vt 0.686792 1.000000
vt 0.683019 0.000000
vt 0.690566 1.000000
vt 0.686792 0.000000
vt 0.694340 1.000000
vt 0.690566 0.000000
vt 0.698113 1.000000
vt 0.694340 0.000000
vt 0.701887 1.000000
vt 0.698113 0.000000
vt 0.705660 1.000000
vt 0.701887 0.000000
vt 0.709434 1.000000
vt 0.705660 0.000000
vt 0.713208 1.000000
vt 0.709434 0.000000
vt 0.716981 1.000000
vt 0.713208 0.000000
vt 0.720755 1.000000
vt 0.716981 0.000000
vt 0.724528 1.000000
vt 0.720755 0.000000
vt 0.728302 1.000000
vt 0.724528 0.000000
vt 0.732075 1.000000
vt 0.728302 0.000000
vt 0.735849 1.000000
vt 0.732075 0.000000
vt 0.739623 1.000000
vt 0.735849 0.000000
vt 0.743396 1.000000
vt 0.739623 0.000000
vt 0.747170 1.000000
vt 0.743396 0.000000
vt 0.750943 1.000000
vt 0.747170 0.000000
vt 0.754717 1.000000
vt 0.750943 0.000000
vt 0.758491 1.000000
vt 0.754717 0.000000
vt 0.762264 1.000000
vt 0.758491 0.000000
vt 0.766038 1.000000
vt 0.762264 0.000000
vt 0.769811 1.000000
vt 0.766038 0.000000
vt 0.773585 1.000000
vt 0.769811 0.000000
vt 0.777358 1.000000
vt 0.773585 0.000000
vt 0.781132 1.000000
vt 0.777358 0.000000
vt 0.784906 1.000000
vt 0.781132 0.000000
vt 0.788679 1.000000
vt 0.784906 0.000000
vt 0.792453 1.000000
vt 0.788679 0.000000
vt 0.796226 1.000000
vt 0.792453 0.000000
vt 0.800000 1.000000
vt 0.796226 0.000000
vt 0.803774 1.000000
vt 0.807547 1.000000
vt 0.803774 0.000000
vt 0.811321 1.000000
vt 0.807547 0.000000
vt 0.815094 1.000000
vt 0.811321 0.000000
vt 0.818868 1.000000
vt 0.815094 0.000000
vt 0.822641 1.000000
vt 0.818868 0.000000
vt 0.826415 1.000000
vt 0.822641 0.000000
vt 0.830189 1.000000
vt 0.826415 0.000000
vt 0.833962 1.000000
vt 0.830189 0.000000
vt 0.837736 1.000000
vt 0.833962 0.000000
vt 0.841509 1.000000
vt 0.837736 0.000000
vt 0.845283 1.000000
vt 0.841509 0.000000
vt 0.849057 1.000000
vt 0.845283 0.000000
vt 0.852830 1.000000
vt 0.849057 0.000000
vt 0.856604 1.000000
vt 0.852830 0.000000
vt 0.860377 1.000000
vt 0.856604 0.000000
vt 0.864151 1.000000
vt 0.860377 0.000000
vt 0.867925 1.000000
vt 0.864151 0.000000
vt 0.871698 1.000000
vt 0.867925 0.000000
vt 0.875472 1.000000
vt 0.871698 0.000000
vt 0.879245 1.000000
vt 0.875472 0.000000
vt 0.883019 1.000000
vt 0.879245 0.000000
vt 0.886792 1.000000
vt 0.883019 0.000000
vt 0.890566 1.000000
vt 0.886792 0.000000
vt 0.894340 1.000000
vt 0.890566 0.000000
vt 0.898113 1.000000
vt 0.894340 0.000000
vt 0.901887 1.000000
vt 0.898113 0.000000
vt 0.905660 1.000000
vt 0.901887 0.000000
vt 0.909434 1.000000
vt 0.905660 0.000000
vt 0.913208 1.000000
vt 0.909434 0.000000
vt 0.916981 1.000000
vt 0.913208 0.000000
vt 0.920755 1.000000
vt 0.916981 0.000000
vt 0.924528 1.000000
vt 0.920755 0.000000
vt 0.928302 1.000000
vt 0.924528 0.000000
vt 0.932076 1.000000
vt 0.928302 0.000000
vt 0.935849 1.000000
vt 0.932076 0.000000
vt 0.939623 1.000000
vt 0.935849 0.000000
vt 0.943396 1.000000
vt 0.939623 0.000000
vt 0.947170 1.000000
vt 0.943396 0.000000
vt 0.950943 1.000000
vt 0.947170 0.000000
vt 0.954717 1.000000
vt 0.950943 0.000000
vt 0.958491 1.000000
vt 0.954717 0.000000
vt 0.962264 1.000000
vt 0.958491 0.000000
vt 0.966038 1.000000
vt 0.962264 0.000000
vt 0.969811 1.000000
vt 0.966038 0.000000
vt 0.973585 1.000000
vt 0.969811 0.000000
vt 0.977359 1.000000
vt 0.973585 0.000000
vt 0.981132 1.000000
vt 0.977359 0.000000
vt 0.984906 1.000000
vt 0.981132 0.000000
vt 0.988679 1.000000
vt 0.984906 0.000000
vt 0.992453 1.000000
vt 0.988679 0.000000
vt 0.996226 1.000000
vt 0.992453 0.000000
vt 0.996226 0.000000
vt 0.062500 1.000000
vt 0.062500 0.000000
vt 0.187500 1.000000
vt 0.187500 0.000000
vt 0.312500 1.000000
vt 0.312500 0.000000
vt 0.437500 1.000000
vt 0.437500 0.000000
vt 0.562500 1.000000
vt 0.562500 0.000000
vt 0.687500 1.000000
vt 0.687500 0.000000
vt 0.812500 1.000000
vt 0.812500 0.000000
vt 0.937500 1.000000
vt 0.937500 0.000000
s 0
f 12/1/1 11/2/1 10/3/1
f 10/3/1 19/4/1 12/1/1
f 13/5/1 12/1/1 19/4/1
f 19/4/1 18/6/1 13/5/1
f 19/4/1 10/3/1 9/7/1
f 9/7/1 20/8/1 19/4/1
f 17/9/1 14/10/1 18/6/1
f 5/11/1 4/12/1 3/13/1
f 23/14/1 5/11/1 3/13/1
f 3/13/1 2/15/1 23/14/1
f 2/15/1 24/16/1 23/14/1
f 22/17/1 6/18/1 5/11/1
f 5/11/1 23/14/1 22/17/1
f 1/19/1 21/20/1 24/16/1
f 9/7/1 8/21/1 7/22/1
f 7/22/1 6/18/1 9/7/1
f 20/8/1 9/7/1 6/18/1
f 6/18/1 22/17/1 20/8/1
f 17/9/1 20/8/1 22/17/1
f 22/17/1 21/20/1 17/9/1
f 14/10/1 17/9/1 21/20/1
f 21/20/1 1/19/1 14/10/1
f 15/23/1 14/10/1 1/19/1
f 1/19/1 16/24/1 15/23/1
f 13/5/1 18/6/1 14/10/1
f 24/16/1 2/15/1 1/19/1
f 210/25/1 209/26/1 208/27/1
f 223/28/1 206/29/1 205/30/1
f 223/28/1 205/30/1 204/31/1
f 293/32/1 292/33/1 190/34/1
f 191/35/1 190/34/1 292/33/1
f 292/33/1 301/36/1 191/35/1
f 301/36/1 300/37/1 191/35/1
f 222/38/1 207/39/1 206/29/1
f 206/29/1 223/28/1 222/38/1
f 183/40/1 182/41/1 181/42/1
f 181/42/1 180/43/1 183/40/1
f 180/43/1 179/44/1 183/40/1
f 210/25/1 208/27/1 211/45/1
f 212/46/1 211/45/1 208/27/1
f 213/47/1 212/46/1 208/27/1
f 208/27/1 207/39/1 213/47/1
f 214/48/1 213/47/1 207/39/1
f 207/39/1 222/38/1 214/48/1
f 215/49/1 214/48/1 222/38/1
f 216/50/1 215/49/1 222/38/1
f 217/51/1 216/50/1 222/38/1
f 218/52/1 217/51/1 222/38/1
f 219/53/1 218/52/1 222/38/1
f 220/54/1 219/53/1 222/38/1
f 221/55/1 220/54/1 222/38/1
f 224/56/1 203/57/1 202/58/1
f 225/59/1 201/60/1 200/61/1
f 224/56/1 202/58/1 201/60/1
f 201/60/1 225/59/1 224/56/1
f 199/62/1 198/63/1 226/64/1
f 176/65/1 184/66/1 177/67/1
f 178/68/1 177/67/1 184/66/1
f 225/59/1 200/61/1 199/62/1
f 199/62/1 226/64/1 225/59/1
f 174/69/1 259/70/1 175/71/1
f 297/72/1 296/73/1 291/74/1
f 298/75/1 291/74/1 296/73/1
f 296/73/1 305/16/1 298/75/1
f 299/76/1 298/75/1 305/16/1
f 184/66/1 176/65/1 175/71/1
f 175/71/1 259/70/1 184/66/1
f 185/77/1 184/66/1 259/70/1
f 259/70/1 258/78/1 185/77/1
f 188/79/1 185/77/1 258/78/1
f 258/78/1 255/80/1 188/79/1
f 189/81/1 188/79/1 255/80/1
f 255/80/1 254/82/1 189/81/1
f 290/83/1 189/81/1 254/82/1
f 254/82/1 297/72/1 290/83/1
f 297/72/1 291/74/1 290/83/1
f 226/64/1 198/63/1 197/84/1
f 197/84/1 227/85/1 226/64/1
f 187/86/1 186/87/1 185/77/1
f 185/77/1 188/79/1 187/86/1
f 189/81/1 290/83/1 293/32/1
f 301/36/1 292/33/1 291/74/1
f 291/74/1 298/75/1 301/36/1
f 299/76/1 192/88/1 300/37/1
f 203/57/1 224/56/1 204/31/1
f 223/28/1 204/31/1 224/56/1
f 240/89/1 231/90/1 241/91/1
f 230/92/1 243/93/1 242/94/1
f 242/94/1 241/91/1 230/92/1
f 241/91/1 231/90/1 230/92/1
f 229/95/1 245/96/1 244/97/1
f 244/97/1 243/93/1 229/95/1
f 243/93/1 230/92/1 229/95/1
f 159/98/1 157/99/1 160/100/1
f 161/101/1 156/102/1 155/103/1
f 155/103/1 162/104/1 161/101/1
f 160/100/1 157/99/1 156/102/1
f 156/102/1 161/101/1 160/100/1
f 153/105/1 164/106/1 154/107/1
f 163/108/1 154/107/1 164/106/1
f 164/106/1 153/105/1 165/109/1
f 154/107/1 163/108/1 155/103/1
f 162/104/1 155/103/1 163/108/1
f 157/99/1 159/98/1 158/110/1
f 251/111/1 304/112/1 303/113/1
f 231/90/1 240/89/1 239/114/1
f 152/115/1 167/116/1 166/117/1
f 167/116/1 152/115/1 151/118/1
f 151/118/1 168/119/1 167/116/1
f 236/120/1 233/121/1 237/122/1
f 232/123/1 238/124/1 237/122/1
f 237/122/1 233/121/1 232/123/1
f 144/125/1 143/126/1 261/127/1
f 143/126/1 262/128/1 261/127/1
f 147/129/1 146/130/1 145/131/1
f 148/132/1 147/129/1 145/131/1
f 149/133/1 148/132/1 145/131/1
f 150/134/1 149/133/1 145/131/1
f 151/118/1 150/134/1 145/131/1
f 168/119/1 151/118/1 145/131/1
f 169/135/1 168/119/1 145/131/1
f 170/136/1 169/135/1 145/131/1
f 145/131/1 144/125/1 170/136/1
f 144/125/1 261/127/1 170/136/1
f 261/127/1 260/137/1 170/136/1
f 233/121/1 236/120/1 235/138/1
f 235/138/1 234/139/1 233/121/1
f 152/115/1 166/117/1 153/105/1
f 165/109/1 153/105/1 166/117/1
f 170/136/1 260/137/1 171/140/1
f 238/124/1 232/123/1 239/114/1
f 231/90/1 239/114/1 232/123/1
f 259/70/1 174/69/1 173/141/1
f 173/141/1 172/142/1 259/70/1
f 172/142/1 171/140/1 259/70/1
f 255/80/1 258/78/1 257/143/1
f 257/143/1 256/144/1 255/80/1
f 297/72/1 254/82/1 294/145/1
f 305/16/1 296/73/1 295/146/1
f 295/146/1 302/147/1 305/16/1
f 299/76/1 305/16/1 304/112/1
f 192/88/1 299/76/1 304/112/1
f 304/112/1 251/111/1 192/88/1
f 193/148/1 192/88/1 251/111/1
f 251/111/1 250/149/1 193/148/1
f 196/150/1 193/148/1 250/149/1
f 250/149/1 247/151/1 196/150/1
f 197/84/1 196/150/1 247/151/1
f 247/151/1 246/152/1 197/84/1
f 227/85/1 197/84/1 246/152/1
f 228/153/1 227/85/1 246/152/1
f 246/152/1 245/96/1 228/153/1
f 245/96/1 229/95/1 228/153/1
f 95/154/1 94/155/1 98/156/1
f 96/157/1 95/154/1 98/156/1
f 96/157/1 98/156/1 97/158/1
f 266/159/1 265/160/1 140/161/1
f 140/161/1 139/162/1 266/159/1
f 267/163/1 266/159/1 139/162/1
f 85/164/1 84/165/1 86/166/1
f 87/167/1 86/166/1 84/165/1
f 88/168/1 87/167/1 84/165/1
f 88/168/1 84/165/1 83/169/1
f 89/170/1 88/168/1 83/169/1
f 104/171/1 80/172/1 105/173/1
f 80/172/1 104/171/1 81/174/1
f 103/175/1 81/174/1 104/171/1
f 81/174/1 103/175/1 82/176/1
f 102/177/1 82/176/1 103/175/1
f 82/176/1 102/177/1 83/169/1
f 89/170/1 83/169/1 102/177/1
f 101/178/1 89/170/1 102/177/1
f 89/170/1 101/178/1 90/179/1
f 91/180/1 90/179/1 101/178/1
f 101/178/1 100/181/1 91/180/1
f 92/182/1 91/180/1 100/181/1
f 93/183/1 92/182/1 100/181/1
f 100/181/1 99/184/1 93/183/1
f 94/155/1 93/183/1 99/184/1
f 98/156/1 94/155/1 99/184/1
f 267/163/1 139/162/1 138/185/1
f 268/186/1 267/163/1 138/185/1
f 138/185/1 137/187/1 268/186/1
f 269/188/1 268/186/1 137/187/1
f 270/189/1 269/188/1 137/187/1
f 137/187/1 136/190/1 270/189/1
f 271/191/1 270/189/1 136/190/1
f 136/190/1 135/192/1 271/191/1
f 272/193/1 271/191/1 135/192/1
f 135/192/1 134/194/1 272/193/1
f 273/195/1 272/193/1 134/194/1
f 276/196/1 273/195/1 134/194/1
f 134/194/1 36/197/1 276/196/1
f 277/198/1 276/196/1 36/197/1
f 36/197/1 35/199/1 277/198/1
f 278/200/1 277/198/1 35/199/1
f 35/199/1 34/201/1 278/200/1
f 279/202/1 278/200/1 34/201/1
f 34/201/1 33/203/1 279/202/1
f 280/204/1 279/202/1 33/203/1
f 33/203/1 32/205/1 280/204/1
f 281/206/1 280/204/1 32/205/1
f 32/205/1 31/207/1 281/206/1
f 282/208/1 281/206/1 31/207/1
f 31/207/1 30/209/1 282/208/1
f 283/210/1 282/208/1 30/209/1
f 30/209/1 29/211/1 283/210/1
f 284/212/1 283/210/1 29/211/1
f 29/211/1 28/213/1 284/212/1
f 285/214/1 284/212/1 28/213/1
f 28/213/1 27/215/1 285/214/1
f 286/216/1 285/214/1 27/215/1
f 27/215/1 26/217/1 286/216/1
f 287/218/1 286/216/1 26/217/1
f 26/217/1 25/19/1 287/218/1
f 288/219/1 287/218/1 25/19/1
f 25/19/1 289/220/1 288/219/1
f 106/221/1 79/222/1 78/223/1
f 78/223/1 107/224/1 106/221/1
f 108/225/1 77/226/1 109/227/1
f 77/226/1 108/225/1 78/223/1
f 107/224/1 78/223/1 108/225/1
f 111/228/1 76/229/1 75/230/1
f 112/231/1 111/228/1 75/230/1
f 75/230/1 74/232/1 112/231/1
f 113/233/1 112/231/1 74/232/1
f 74/232/1 114/234/1 113/233/1
f 109/227/1 77/226/1 76/229/1
f 110/235/1 109/227/1 76/229/1
f 76/229/1 111/228/1 110/235/1
f 70/236/1 69/237/1 117/238/1
f 69/237/1 68/239/1 117/238/1
f 118/240/1 117/238/1 68/239/1
f 114/234/1 74/232/1 73/241/1
f 115/242/1 114/234/1 73/241/1
f 73/241/1 72/243/1 115/242/1
f 116/244/1 115/242/1 72/243/1
f 72/243/1 71/245/1 116/244/1
f 71/245/1 70/236/1 116/244/1
f 70/236/1 117/238/1 116/244/1
f 53/246/1 52/247/1 129/248/1
f 130/249/1 129/248/1 52/247/1
f 131/250/1 130/249/1 52/247/1
f 52/247/1 51/251/1 131/250/1
f 132/252/1 131/250/1 51/251/1
f 51/251/1 50/253/1 132/252/1
f 133/254/1 132/252/1 50/253/1
f 50/253/1 49/255/1 133/254/1
f 49/255/1 48/256/1 133/254/1
f 48/256/1 47/257/1 133/254/1
f 47/257/1 46/258/1 133/254/1
f 46/258/1 45/259/1 133/254/1
f 45/259/1 44/260/1 133/254/1
f 44/260/1 43/261/1 133/254/1
f 43/261/1 42/262/1 133/254/1
f 42/262/1 41/263/1 133/254/1
f 41/263/1 40/264/1 133/254/1
f 40/264/1 39/265/1 133/254/1
f 39/265/1 38/266/1 133/254/1
f 38/266/1 37/267/1 133/254/1
f 118/240/1 68/239/1 67/268/1
f 67/268/1 66/269/1 118/240/1
f 66/269/1 65/270/1 118/240/1
f 119/271/1 118/240/1 65/270/1
f 65/270/1 64/272/1 119/271/1
f 64/272/1 63/273/1 119/271/1
f 120/274/1 119/271/1 63/273/1
f 63/273/1 62/275/1 120/274/1
f 62/275/1 61/276/1 120/274/1
f 121/277/1 120/274/1 61/276/1
f 61/276/1 60/278/1 121/277/1
f 122/279/1 121/277/1 60/278/1
f 60/278/1 59/280/1 122/279/1
f 123/281/1 122/279/1 59/280/1
f 59/280/1 58/282/1 123/281/1
f 124/283/1 123/281/1 58/282/1
f 58/282/1 57/284/1 124/283/1
f 125/285/1 124/283/1 57/284/1
f 57/284/1 56/286/1 125/285/1
f 126/287/1 125/285/1 56/286/1
f 56/286/1 55/288/1 126/287/1
f 127/289/1 126/287/1 55/288/1
f 55/288/1 54/290/1 127/289/1
f 128/291/1 127/289/1 54/290/1
f 54/290/1 53/246/1 128/291/1
f 53/246/1 129/248/1 128/291/1
f 105/173/1 80/172/1 79/222/1
f 79/222/1 106/221/1 105/173/1
f 36/197/1 134/194/1 133/254/1
f 262/128/1 143/126/1 142/292/1
f 263/293/1 262/128/1 142/292/1
f 142/292/1 141/294/1 263/293/1
f 264/295/1 263/293/1 141/294/1
f 141/294/1 140/161/1 264/295/1
f 140/161/1 265/160/1 264/295/1
f 275/296/1 274/297/1 273/195/1
f 273/195/1 276/196/1 275/296/1
f 171/140/1 260/137/1 259/70/1
f 253/298/1 294/145/1 254/82/1
f 303/113/1 302/147/1 252/299/1
f 295/146/1 294/145/1 253/298/1
f 253/298/1 252/299/1 295/146/1
f 302/147/1 295/146/1 252/299/1
f 251/111/1 303/113/1 252/299/1
f 249/300/1 248/301/1 250/149/1
f 247/151/1 250/149/1 248/301/1
f 195/302/1 194/303/1 196/150/1
f 193/148/1 196/150/1 194/303/1
f 191/35/1 300/37/1 192/88/1
f 293/32/1 190/34/1 189/81/1
f 178/68/1 184/66/1 179/44/1
f 183/40/1 179/44/1 184/66/1
f 133/254/1 37/267/1 36/197/1
f 371/304/1 370/305/1 375/306/1
f 372/307/1 371/304/1 375/306/1
f 373/308/1 372/307/1 375/306/1
f 374/309/1 373/308/1 375/306/1
f 403/310/1 402/311/1 401/312/1
f 404/313/1 403/310/1 401/312/1
f 404/313/1 401/312/1 405/314/1
f 398/315/1 397/316/1 416/317/1
f 398/315/1 416/317/1 399/318/1
f 405/314/1 401/312/1 400/319/1
f 406/320/1 405/314/1 400/319/1
f 407/321/1 406/320/1 400/319/1
f 400/319/1 399/318/1 407/321/1
f 399/318/1 416/317/1 407/321/1
f 415/322/1 407/321/1 416/317/1
f 362/323/1 361/324/1 363/325/1
f 364/326/1 363/325/1 361/324/1
f 365/327/1 364/326/1 361/324/1
f 366/328/1 365/327/1 361/324/1
f 361/324/1 360/329/1 366/328/1
f 367/330/1 366/328/1 360/329/1
f 368/331/1 367/330/1 360/329/1
f 369/332/1 368/331/1 360/329/1
f 360/329/1 359/333/1 369/332/1
f 370/305/1 369/332/1 359/333/1
f 375/306/1 370/305/1 359/333/1
f 359/333/1 358/334/1 375/306/1
f 376/335/1 375/306/1 358/334/1
f 358/334/1 357/336/1 376/335/1
f 357/336/1 377/337/1 376/335/1
f 407/321/1 415/322/1 408/338/1
f 409/339/1 408/338/1 415/322/1
f 410/340/1 409/339/1 415/322/1
f 411/341/1 410/340/1 415/322/1
f 412/342/1 411/341/1 415/322/1
f 413/343/1 412/342/1 415/322/1
f 414/344/1 413/343/1 415/322/1
f 417/345/1 396/346/1 395/347/1
f 395/347/1 394/348/1 417/345/1
f 394/348/1 418/349/1 417/345/1
f 353/350/1 352/351/1 381/352/1
f 352/351/1 351/353/1 381/352/1
f 382/354/1 381/352/1 351/353/1
f 351/353/1 350/355/1 382/354/1
f 383/356/1 382/354/1 350/355/1
f 350/355/1 384/357/1 383/356/1
f 418/349/1 394/348/1 393/358/1
f 393/358/1 392/359/1 418/349/1
f 392/359/1 391/360/1 418/349/1
f 391/360/1 419/361/1 418/349/1
f 322/362/1 347/363/1 323/364/1
f 321/365/1 318/366/1 389/367/1
f 390/368/1 389/367/1 318/366/1
f 318/366/1 317/369/1 390/368/1
f 420/370/1 390/368/1 317/369/1
f 421/371/1 420/370/1 317/369/1
f 422/372/1 421/371/1 317/369/1
f 423/373/1 315/374/1 314/375/1
f 325/376/1 324/377/1 347/363/1
f 323/364/1 347/363/1 324/377/1
f 422/372/1 317/369/1 316/378/1
f 316/378/1 315/374/1 422/372/1
f 315/374/1 423/373/1 422/372/1
f 384/357/1 350/355/1 347/363/1
f 347/363/1 322/362/1 384/357/1
f 385/379/1 384/357/1 322/362/1
f 386/380/1 385/379/1 322/362/1
f 322/362/1 321/365/1 386/380/1
f 321/365/1 389/367/1 386/380/1
f 419/361/1 391/360/1 390/368/1
f 390/368/1 420/370/1 419/361/1
f 377/337/1 357/336/1 356/381/1
f 378/382/1 377/337/1 356/381/1
f 356/381/1 355/383/1 378/382/1
f 379/384/1 378/382/1 355/383/1
f 355/383/1 354/385/1 379/384/1
f 380/386/1 379/384/1 354/385/1
f 354/385/1 353/350/1 380/386/1
f 353/350/1 381/352/1 380/386/1
f 388/387/1 387/388/1 386/380/1
f 386/380/1 389/367/1 388/387/1
f 416/317/1 397/316/1 396/346/1
f 396/346/1 417/345/1 416/317/1
f 310/389/1 309/390/1 425/391/1
f 309/390/1 308/392/1 425/391/1
f 308/392/1 426/393/1 425/391/1
f 649/394/1 648/395/1 655/396/1
f 650/397/1 649/394/1 655/396/1
f 651/398/1 650/397/1 655/396/1
f 651/398/1 655/396/1 652/399/1
f 653/400/1 652/399/1 655/396/1
f 654/401/1 653/400/1 655/396/1
f 336/402/1 335/403/1 334/404/1
f 337/405/1 336/402/1 334/404/1
f 338/406/1 337/405/1 334/404/1
f 334/404/1 333/407/1 338/406/1
f 339/408/1 338/406/1 333/407/1
f 333/407/1 332/409/1 339/408/1
f 340/410/1 339/408/1 332/409/1
f 332/409/1 331/411/1 340/410/1
f 341/412/1 340/410/1 331/411/1
f 330/413/1 341/412/1 331/411/1
f 426/393/1 308/392/1 307/414/1
f 307/414/1 306/19/1 426/393/1
f 306/19/1 427/415/1 426/393/1
f 523/416/1 529/417/1 524/418/1
f 525/419/1 524/418/1 529/417/1
f 477/420/1 470/421/1 469/422/1
f 470/421/1 477/420/1 471/423/1
f 472/424/1 471/423/1 477/420/1
f 595/425/1 603/426/1 596/427/1
f 641/428/1 657/429/1 656/430/1
f 464/431/1 463/432/1 465/433/1
f 466/434/1 465/433/1 463/432/1
f 467/435/1 466/434/1 463/432/1
f 643/436/1 642/437/1 641/428/1
f 644/438/1 643/436/1 641/428/1
f 596/427/1 603/426/1 597/439/1
f 598/440/1 597/439/1 603/426/1
f 599/441/1 598/440/1 603/426/1
f 600/442/1 599/441/1 603/426/1
f 601/443/1 600/442/1 603/426/1
f 602/444/1 601/443/1 603/426/1
f 531/445/1 530/446/1 520/447/1
f 521/448/1 520/447/1 530/446/1
f 522/449/1 521/448/1 530/446/1
f 523/416/1 522/449/1 530/446/1
f 529/417/1 523/416/1 530/446/1
f 467/435/1 463/432/1 468/450/1
f 463/432/1 462/451/1 468/450/1
f 469/422/1 468/450/1 462/451/1
f 477/420/1 469/422/1 462/451/1
f 462/451/1 478/452/1 477/420/1
f 644/438/1 641/428/1 645/453/1
f 641/428/1 656/430/1 645/453/1
f 646/454/1 645/453/1 656/430/1
f 647/455/1 646/454/1 656/430/1
f 648/395/1 647/455/1 656/430/1
f 655/396/1 648/395/1 656/430/1
f 525/419/1 529/417/1 526/456/1
f 527/457/1 526/456/1 529/417/1
f 528/458/1 527/457/1 529/417/1
f 472/424/1 477/420/1 473/459/1
f 474/460/1 473/459/1 477/420/1
f 475/461/1 474/460/1 477/420/1
f 476/462/1 475/461/1 477/420/1
f 341/412/1 330/413/1 342/463/1
f 330/413/1 329/464/1 342/463/1
f 343/465/1 342/463/1 329/464/1
f 344/466/1 343/465/1 329/464/1
f 329/464/1 328/467/1 344/466/1
f 345/468/1 344/466/1 328/467/1
f 328/467/1 327/469/1 345/468/1
f 346/470/1 345/468/1 327/469/1
f 347/363/1 346/470/1 327/469/1
f 327/469/1 326/471/1 347/363/1
f 325/376/1 347/363/1 326/471/1
f 318/366/1 321/365/1 320/472/1
f 320/472/1 319/473/1 318/366/1
f 423/373/1 314/375/1 313/474/1
f 424/475/1 423/373/1 313/474/1
f 313/474/1 312/476/1 424/475/1
f 312/476/1 311/477/1 424/475/1
f 311/477/1 310/389/1 424/475/1
f 310/389/1 425/391/1 424/475/1
f 640/478/1 660/479/1 659/480/1
f 514/481/1 535/482/1 534/483/1
f 640/478/1 659/480/1 658/484/1
f 604/485/1 588/486/1 587/487/1
f 533/488/1 515/489/1 514/481/1
f 514/481/1 534/483/1 533/488/1
f 479/490/1 460/491/1 459/492/1
f 459/492/1 458/493/1 479/490/1
f 480/494/1 479/490/1 458/493/1
f 606/495/1 585/496/1 584/497/1
f 513/498/1 537/499/1 536/500/1
f 550/501/1 549/502/1 553/503/1
f 604/485/1 587/487/1 586/504/1
f 605/505/1 604/485/1 586/504/1
f 586/504/1 585/496/1 605/505/1
f 585/496/1 606/495/1 605/505/1
f 535/482/1 514/481/1 513/498/1
f 513/498/1 536/500/1 535/482/1
f 480/494/1 458/493/1 457/506/1
f 457/506/1 456/507/1 480/494/1
f 481/508/1 480/494/1 456/507/1
f 456/507/1 455/509/1 481/508/1
f 455/509/1 454/510/1 481/508/1
f 454/510/1 482/511/1 481/508/1
f 638/512/1 664/513/1 663/514/1
f 662/515/1 639/516/1 638/512/1
f 638/512/1 663/514/1 662/515/1
f 673/517/1 556/518/1 674/519/1
f 556/518/1 555/520/1 674/519/1
f 675/521/1 674/519/1 555/520/1
f 555/520/1 554/522/1 675/521/1
f 554/522/1 679/16/1 675/521/1
f 676/523/1 675/521/1 679/16/1
f 581/524/1 580/525/1 608/526/1
f 539/527/1 538/528/1 512/529/1
f 512/529/1 540/530/1 539/527/1
f 542/531/1 541/532/1 435/533/1
f 435/533/1 434/534/1 542/531/1
f 543/535/1 542/531/1 434/534/1
f 434/534/1 433/536/1 543/535/1
f 544/537/1 543/535/1 433/536/1
f 433/536/1 432/538/1 544/537/1
f 545/539/1 544/537/1 432/538/1
f 431/540/1 545/539/1 432/538/1
f 660/479/1 640/478/1 639/516/1
f 661/541/1 660/479/1 639/516/1
f 639/516/1 662/515/1 661/541/1
f 676/523/1 679/16/1 677/542/1
f 606/495/1 584/497/1 583/543/1
f 607/544/1 606/495/1 583/543/1
f 583/543/1 582/545/1 607/544/1
f 582/545/1 581/524/1 607/544/1
f 581/524/1 608/526/1 607/544/1
f 512/529/1 538/528/1 513/498/1
f 537/499/1 513/498/1 538/528/1
f 545/539/1 431/540/1 546/546/1
f 431/540/1 430/547/1 546/546/1
f 547/548/1 546/546/1 430/547/1
f 430/547/1 429/549/1 547/548/1
f 548/550/1 547/548/1 429/549/1
f 429/549/1 428/551/1 548/550/1
f 549/502/1 548/550/1 428/551/1
f 553/503/1 549/502/1 428/551/1
f 482/511/1 454/510/1 453/552/1
f 453/552/1 452/553/1 482/511/1
f 483/554/1 482/511/1 452/553/1
f 452/553/1 484/555/1 483/554/1
f 666/556/1 665/557/1 637/558/1
f 565/559/1 564/560/1 666/556/1
f 564/560/1 563/561/1 666/556/1
f 667/562/1 666/556/1 563/561/1
f 563/561/1 562/563/1 667/562/1
f 668/564/1 667/562/1 562/563/1
f 562/563/1 561/565/1 668/564/1
f 669/566/1 668/564/1 561/565/1
f 561/565/1 560/567/1 669/566/1
f 611/568/1 578/569/1 627/570/1
f 612/571/1 611/568/1 627/570/1
f 627/570/1 626/572/1 612/571/1
f 439/573/1 511/574/1 510/575/1
f 510/575/1 440/576/1 439/573/1
f 446/577/1 445/578/1 508/579/1
f 629/580/1 631/581/1 630/582/1
f 631/581/1 629/580/1 628/583/1
f 632/584/1 631/581/1 576/585/1
f 577/586/1 576/585/1 631/581/1
f 631/581/1 628/583/1 577/586/1
f 503/587/1 505/588/1 504/589/1
f 570/590/1 634/591/1 633/592/1
f 571/593/1 570/590/1 633/592/1
f 572/594/1 571/593/1 633/592/1
f 573/595/1 572/594/1 633/592/1
f 633/592/1 632/584/1 573/595/1
f 574/596/1 573/595/1 632/584/1
f 575/597/1 574/596/1 632/584/1
f 632/584/1 576/585/1 575/597/1
f 451/598/1 450/599/1 506/600/1
f 506/600/1 505/588/1 451/598/1
f 502/601/1 451/598/1 505/588/1
f 505/588/1 503/587/1 502/601/1
f 567/602/1 566/603/1 635/604/1
f 635/604/1 634/591/1 567/602/1
f 568/605/1 567/602/1 634/591/1
f 569/606/1 568/605/1 634/591/1
f 634/591/1 570/590/1 569/606/1
f 446/577/1 508/579/1 507/607/1
f 447/608/1 446/577/1 507/607/1
f 448/609/1 447/608/1 507/607/1
f 449/610/1 448/609/1 507/607/1
f 507/607/1 506/600/1 449/610/1
f 506/600/1 450/599/1 449/610/1
f 666/556/1 637/558/1 636/611/1
f 565/559/1 666/556/1 636/611/1
f 636/611/1 635/604/1 565/559/1
f 635/604/1 566/603/1 565/559/1
f 612/571/1 626/572/1 625/612/1
f 625/612/1 624/613/1 612/571/1
f 613/614/1 612/571/1 624/613/1
f 624/613/1 623/615/1 613/614/1
f 623/615/1 622/616/1 613/614/1
f 622/616/1 621/617/1 613/614/1
f 621/617/1 620/618/1 613/614/1
f 614/619/1 613/614/1 620/618/1
f 620/618/1 619/620/1 614/619/1
f 619/620/1 618/621/1 614/619/1
f 618/621/1 617/622/1 614/619/1
f 617/622/1 616/623/1 614/619/1
f 440/576/1 510/575/1 509/624/1
f 441/625/1 440/576/1 509/624/1
f 442/626/1 441/625/1 509/624/1
f 443/627/1 442/626/1 509/624/1
f 509/624/1 508/579/1 443/627/1
f 444/628/1 443/627/1 508/579/1
f 508/579/1 445/578/1 444/628/1
f 664/513/1 638/512/1 637/558/1
f 637/558/1 665/557/1 664/513/1
f 669/566/1 560/567/1 670/629/1
f 560/567/1 559/630/1 670/629/1
f 671/631/1 670/629/1 559/630/1
f 559/630/1 558/632/1 671/631/1
f 672/633/1 671/631/1 558/632/1
f 558/632/1 557/634/1 672/633/1
f 673/517/1 672/633/1 557/634/1
f 556/518/1 673/517/1 557/634/1
f 608/526/1 580/525/1 579/635/1
f 609/636/1 608/526/1 579/635/1
f 579/635/1 578/569/1 609/636/1
f 610/637/1 609/636/1 578/569/1
f 578/569/1 611/568/1 610/637/1
f 540/530/1 512/529/1 511/574/1
f 511/574/1 439/573/1 540/530/1
f 439/573/1 438/638/1 540/530/1
f 438/638/1 437/639/1 540/530/1
f 437/639/1 436/640/1 540/530/1
f 541/532/1 540/530/1 436/640/1
f 435/533/1 541/532/1 436/640/1
f 484/555/1 452/553/1 501/641/1
f 485/642/1 484/555/1 501/641/1
f 501/641/1 500/643/1 485/642/1
f 486/644/1 485/642/1 500/643/1
f 500/643/1 499/645/1 486/644/1
f 499/645/1 498/646/1 486/644/1
f 498/646/1 497/647/1 486/644/1
f 487/648/1 486/644/1 497/647/1
f 497/647/1 496/649/1 487/648/1
f 496/649/1 495/650/1 487/648/1
f 495/650/1 494/651/1 487/648/1
f 488/652/1 487/648/1 494/651/1
f 494/651/1 493/653/1 488/652/1
f 493/653/1 492/654/1 488/652/1
f 492/654/1 491/655/1 488/652/1
f 491/655/1 490/656/1 488/652/1
f 490/656/1 489/657/1 488/652/1
f 640/478/1 658/484/1 641/428/1
f 657/429/1 641/428/1 658/484/1
f 591/658/1 590/659/1 589/660/1
f 592/661/1 591/658/1 589/660/1
f 593/662/1 592/661/1 589/660/1
f 594/663/1 593/662/1 589/660/1
f 595/425/1 594/663/1 589/660/1
f 603/426/1 595/425/1 589/660/1
f 589/660/1 588/486/1 603/426/1
f 588/486/1 604/485/1 603/426/1
f 517/664/1 516/665/1 515/489/1
f 518/666/1 517/664/1 515/489/1
f 519/667/1 518/666/1 515/489/1
f 520/447/1 519/667/1 515/489/1
f 531/445/1 520/447/1 515/489/1
f 532/668/1 531/445/1 515/489/1
f 515/489/1 533/488/1 532/668/1
f 478/452/1 462/451/1 461/669/1
f 461/669/1 460/491/1 478/452/1
f 460/491/1 479/490/1 478/452/1
f 349/670/1 348/671/1 350/355/1
f 347/363/1 350/355/1 348/671/1
f 550/501/1 553/503/1 551/672/1
f 552/673/1 551/672/1 553/503/1
f 451/598/1 502/601/1 501/641/1
f 501/641/1 452/553/1 451/598/1
f 678/674/1 677/542/1 679/16/1
f 577/586/1 628/583/1 627/570/1
f 616/623/1 615/675/1 614/619/1
f 627/570/1 578/569/1 577/586/1
f 766/676/1 765/677/1 705/678/1
f 705/678/1 704/679/1 766/676/1
f 767/680/1 766/676/1 704/679/1
f 768/16/1 767/680/1 704/679/1
f 757/189/1 756/681/1 731/682/1
f 758/683/1 757/189/1 731/682/1
f 759/684/1 758/683/1 731/682/1
f 760/685/1 759/684/1 731/682/1
f 763/686/1 762/687/1 730/688/1
f 730/688/1 705/678/1 763/686/1
f 764/689/1 763/686/1 705/678/1
f 705/678/1 765/677/1 764/689/1
f 768/16/1 704/679/1 680/19/1
f 704/679/1 703/690/1 680/19/1
f 680/19/1 703/690/1 681/691/1
f 703/690/1 702/154/1 681/691/1
f 682/692/1 681/691/1 702/154/1
f 702/154/1 701/693/1 682/692/1
f 683/694/1 682/692/1 701/693/1
f 727/695/1 708/696/1 728/697/1
f 708/696/1 707/698/1 728/697/1
f 724/109/1 711/699/1 725/700/1
f 711/699/1 710/701/1 725/700/1
f 726/702/1 725/700/1 710/701/1
f 709/703/1 726/702/1 710/701/1
f 726/702/1 709/703/1 727/695/1
f 708/696/1 727/695/1 709/703/1
f 723/704/1 722/705/1 713/249/1
f 712/706/1 723/704/1 713/249/1
f 718/707/1 717/708/1 719/709/1
f 717/708/1 716/710/1 719/709/1
f 719/709/1 716/710/1 720/711/1
f 716/710/1 715/712/1 720/711/1
f 721/713/1 720/711/1 715/712/1
f 715/712/1 714/714/1 721/713/1
f 722/705/1 721/713/1 714/714/1
f 713/249/1 722/705/1 714/714/1
f 723/704/1 712/706/1 724/109/1
f 711/699/1 724/109/1 712/706/1
f 728/697/1 707/698/1 729/715/1
f 707/698/1 706/716/1 729/715/1
f 745/717/1 744/718/1 743/719/1
f 743/719/1 742/720/1 745/717/1
f 746/138/1 745/717/1 742/720/1
f 742/720/1 741/721/1 746/138/1
f 747/722/1 746/138/1 741/721/1
f 741/721/1 740/723/1 747/722/1
f 748/724/1 747/722/1 740/723/1
f 740/723/1 739/725/1 748/724/1
f 749/726/1 748/724/1 739/725/1
f 739/725/1 738/727/1 749/726/1
f 750/728/1 749/726/1 738/727/1
f 738/727/1 737/729/1 750/728/1
f 751/730/1 750/728/1 737/729/1
f 737/729/1 736/731/1 751/730/1
f 752/732/1 751/730/1 736/731/1
f 736/731/1 735/61/1 752/732/1
f 753/733/1 752/732/1 735/61/1
f 735/61/1 734/734/1 753/733/1
f 754/735/1 753/733/1 734/734/1
f 734/734/1 733/736/1 754/735/1
f 755/737/1 754/735/1 733/736/1
f 733/736/1 732/738/1 755/737/1
f 756/681/1 755/737/1 732/738/1
f 731/682/1 756/681/1 732/738/1
f 729/715/1 706/716/1 730/688/1
f 705/678/1 730/688/1 706/716/1
f 683/694/1 701/693/1 700/739/1
f 684/740/1 683/694/1 700/739/1
f 700/739/1 699/741/1 684/740/1
f 685/742/1 684/740/1 699/741/1
f 699/741/1 698/743/1 685/742/1
f 686/744/1 685/742/1 698/743/1
f 698/743/1 697/745/1 686/744/1
f 687/746/1 686/744/1 697/745/1
f 697/745/1 696/747/1 687/746/1
f 696/747/1 695/748/1 687/746/1
f 688/749/1 687/746/1 695/748/1
f 695/748/1 694/750/1 688/749/1
f 689/751/1 688/749/1 694/750/1
f 694/750/1 693/752/1 689/751/1
f 690/753/1 689/751/1 693/752/1
f 693/752/1 692/754/1 690/753/1
f 691/278/1 690/753/1 692/754/1
f 762/687/1 761/755/1 730/688/1
f 760/685/1 731/682/1 730/688/1
f 761/755/1 760/685/1 730/688/1
f 830/756/1 829/757/1 828/758/1
f 828/758/1 831/759/1 830/756/1
f 833/760/1 826/761/1 834/762/1
f 826/761/1 833/760/1 827/763/1
f 832/764/1 827/763/1 833/760/1
f 831/759/1 828/758/1 827/763/1
f 827/763/1 832/764/1 831/759/1
f 835/765/1 825/766/1 824/767/1
f 824/767/1 836/768/1 835/765/1
f 838/769/1 822/770/1 821/771/1
f 837/772/1 823/773/1 822/770/1
f 822/770/1 838/769/1 837/772/1
f 836/768/1 824/767/1 823/773/1
f 823/773/1 837/772/1 836/768/1
f 834/762/1 826/761/1 825/766/1
f 825/766/1 835/765/1 834/762/1
f 819/774/1 840/775/1 820/776/1
f 839/777/1 820/776/1 840/775/1
f 842/16/1 817/778/1 769/19/1
f 817/778/1 842/16/1 818/779/1
f 841/780/1 818/779/1 842/16/1
f 818/779/1 841/780/1 819/774/1
f 840/775/1 819/774/1 841/780/1
f 771/781/1 815/782/1 814/783/1
f 770/784/1 816/785/1 815/782/1
f 815/782/1 771/781/1 770/784/1
f 773/786/1 812/787/1 774/788/1
f 812/787/1 773/786/1 813/789/1
f 772/790/1 813/789/1 773/786/1
f 813/789/1 772/790/1 814/783/1
f 771/781/1 814/783/1 772/790/1
f 769/19/1 817/778/1 816/785/1
f 816/785/1 770/784/1 769/19/1
f 820/776/1 839/777/1 821/771/1
f 838/769/1 821/771/1 839/777/1
f 775/791/1 811/792/1 810/793/1
f 810/793/1 776/794/1 775/791/1
f 778/795/1 808/796/1 807/797/1
f 777/798/1 809/799/1 808/796/1
f 808/796/1 778/795/1 777/798/1
f 776/794/1 810/793/1 809/799/1
f 809/799/1 777/798/1 776/794/1
f 805/800/1 780/801/1 806/802/1
f 779/803/1 806/802/1 780/801/1
f 782/804/1 803/805/1 802/806/1
f 781/807/1 804/808/1 803/805/1
f 803/805/1 782/804/1 781/807/1
f 804/808/1 781/807/1 805/800/1
f 780/801/1 805/800/1 781/807/1
f 806/802/1 779/803/1 807/797/1
f 778/795/1 807/797/1 779/803/1
f 800/809/1 784/810/1 801/811/1
f 783/812/1 801/811/1 784/810/1
f 786/813/1 798/814/1 787/815/1
f 798/814/1 786/813/1 799/816/1
f 785/817/1 799/816/1 786/813/1
f 799/816/1 785/817/1 800/809/1
f 784/810/1 800/809/1 785/817/1
f 788/818/1 797/819/1 796/820/1
f 796/820/1 789/821/1 788/818/1
f 794/822/1 793/823/1 791/824/1
f 793/823/1 792/825/1 791/824/1
f 789/821/1 796/820/1 795/826/1
f 790/827/1 789/821/1 795/826/1
f 795/826/1 794/822/1 790/827/1
f 794/822/1 791/824/1 790/827/1
f 787/815/1 798/814/1 797/819/1
f 797/819/1 788/818/1 787/815/1
f 801/811/1 783/812/1 802/806/1
f 782/804/1 802/806/1 783/812/1
f 774/788/1 812/787/1 811/792/1
f 811/792/1 775/791/1 774/788/1
f 854/828/1 857/829/1 855/830/1
f 857/829/1 856/831/1 855/830/1
f 853/832/1 859/833/1 858/834/1
f 997/835/1 999/836/1 998/837/1
f 853/832/1 858/834/1 854/828/1
f 857/829/1 854/828/1 858/834/1
f 861/838/1 851/839/1 850/840/1
f 860/841/1 852/842/1 851/839/1
f 851/839/1 861/838/1 860/841/1
f 862/843/1 849/844/1 863/845/1
f 864/846/1 848/847/1 847/848/1
f 863/845/1 849/844/1 848/847/1
f 848/847/1 864/846/1 863/845/1
f 849/844/1 862/843/1 850/840/1
f 861/838/1 850/840/1 862/843/1
f 859/833/1 853/832/1 852/842/1
f 852/842/1 860/841/1 859/833/1
f 865/849/1 846/850/1 866/851/1
f 868/852/1 844/853/1 843/19/1
f 867/854/1 845/855/1 844/853/1
f 844/853/1 868/852/1 867/854/1
f 866/851/1 846/850/1 845/855/1
f 845/855/1 867/854/1 866/851/1
f 1001/856/1 995/857/1 994/858/1
f 994/858/1 993/859/1 1001/856/1
f 993/859/1 1002/860/1 1001/856/1
f 1003/861/1 992/862/1 991/863/1
f 1004/864/1 1003/861/1 991/863/1
f 1002/860/1 993/859/1 992/862/1
f 992/862/1 1003/861/1 1002/860/1
f 1000/865/1 996/866/1 995/857/1
f 995/857/1 1001/856/1 1000/865/1
f 999/836/1 997/835/1 996/866/1
f 996/866/1 1000/865/1 999/836/1
f 846/850/1 865/849/1 847/848/1
f 864/846/1 847/848/1 865/849/1
f 958/867/1 962/868/1 959/869/1
f 961/870/1 959/869/1 962/868/1
f 956/871/1 964/872/1 957/873/1
f 964/872/1 963/874/1 957/873/1
f 957/873/1 963/874/1 958/867/1
f 962/868/1 958/867/1 963/874/1
f 967/875/1 953/876/1 968/877/1
f 953/876/1 967/875/1 954/878/1
f 967/875/1 966/879/1 954/878/1
f 955/880/1 954/878/1 966/879/1
f 965/881/1 955/880/1 966/879/1
f 955/880/1 965/881/1 956/871/1
f 964/872/1 956/871/1 965/881/1
f 989/882/1 988/883/1 1006/884/1
f 988/883/1 1007/885/1 1006/884/1
f 969/886/1 952/887/1 951/888/1
f 951/888/1 970/889/1 969/886/1
f 949/890/1 971/891/1 950/892/1
f 970/889/1 951/888/1 950/892/1
f 950/892/1 971/891/1 970/889/1
f 948/893/1 974/894/1 973/895/1
f 948/893/1 973/895/1 949/890/1
f 973/895/1 972/896/1 949/890/1
f 971/891/1 949/890/1 972/896/1
f 968/877/1 953/876/1 952/887/1
f 952/887/1 969/886/1 968/877/1
f 1007/885/1 988/883/1 987/897/1
f 1008/898/1 1007/885/1 987/897/1
f 987/897/1 986/899/1 1008/898/1
f 986/899/1 1009/900/1 1008/898/1
f 959/869/1 961/870/1 960/901/1
f 1004/864/1 991/863/1 990/902/1
f 1005/903/1 1004/864/1 990/902/1
f 990/902/1 989/882/1 1005/903/1
f 989/882/1 1006/884/1 1005/903/1
f 945/904/1 944/905/1 977/906/1
f 944/905/1 943/907/1 977/906/1
f 943/907/1 942/908/1 977/906/1
f 978/909/1 977/906/1 942/908/1
f 942/908/1 941/910/1 978/909/1
f 941/910/1 940/911/1 978/909/1
f 940/911/1 939/912/1 978/909/1
f 924/913/1 923/914/1 985/915/1
f 923/914/1 896/916/1 869/917/1
f 896/916/1 895/918/1 869/917/1
f 870/919/1 869/917/1 895/918/1
f 895/918/1 894/920/1 870/919/1
f 871/921/1 870/919/1 894/920/1
f 894/920/1 893/922/1 871/921/1
f 872/923/1 871/921/1 893/922/1
f 893/922/1 892/924/1 872/923/1
f 873/925/1 872/923/1 892/924/1
f 892/924/1 891/926/1 873/925/1
f 874/927/1 873/925/1 891/926/1
f 891/926/1 890/928/1 874/927/1
f 890/928/1 889/929/1 874/927/1
f 875/930/1 874/927/1 889/929/1
f 889/929/1 888/931/1 875/930/1
f 876/932/1 875/930/1 888/931/1
f 877/933/1 876/932/1 888/931/1
f 888/931/1 887/934/1 877/933/1
f 878/935/1 877/933/1 887/934/1
f 887/934/1 886/936/1 878/935/1
f 898/937/1 921/938/1 899/939/1
f 921/938/1 898/937/1 922/940/1
f 897/941/1 922/940/1 898/937/1
f 900/942/1 920/943/1 919/944/1
f 919/944/1 918/945/1 900/942/1
f 918/945/1 901/946/1 900/942/1
f 903/947/1 916/948/1 915/949/1
f 902/950/1 917/951/1 916/948/1
f 916/948/1 903/947/1 902/950/1
f 901/946/1 918/945/1 917/951/1
f 917/951/1 902/950/1 901/946/1
f 905/952/1 913/953/1 906/954/1
f 913/953/1 905/952/1 914/955/1
f 904/956/1 914/955/1 905/952/1
f 907/957/1 912/958/1 911/959/1
f 908/960/1 910/961/1 909/962/1
f 910/961/1 908/960/1 911/959/1
f 907/957/1 911/959/1 908/960/1
f 906/954/1 913/953/1 912/958/1
f 912/958/1 907/957/1 906/954/1
f 914/955/1 904/956/1 915/949/1
f 903/947/1 915/949/1 904/956/1
f 899/939/1 921/938/1 920/943/1
f 920/943/1 900/942/1 899/939/1
f 978/909/1 939/912/1 938/963/1
f 979/964/1 978/909/1 938/963/1
f 938/963/1 937/965/1 979/964/1
f 937/965/1 936/966/1 979/964/1
f 980/967/1 979/964/1 936/966/1
f 936/966/1 935/968/1 980/967/1
f 981/969/1 980/967/1 935/968/1
f 982/970/1 981/969/1 935/968/1
f 935/968/1 934/971/1 982/970/1
f 983/972/1 982/970/1 934/971/1
f 984/973/1 983/972/1 934/971/1
f 934/971/1 933/974/1 984/973/1
f 933/974/1 932/975/1 984/973/1
f 932/975/1 931/976/1 984/973/1
f 926/977/1 925/978/1 985/915/1
f 924/913/1 985/915/1 925/978/1
f 922/940/1 897/941/1 923/914/1
f 896/916/1 923/914/1 897/941/1
f 974/894/1 948/893/1 947/979/1
f 975/980/1 974/894/1 947/979/1
f 947/979/1 946/981/1 975/980/1
f 976/982/1 975/980/1 946/981/1
f 946/981/1 945/904/1 976/982/1
f 945/904/1 977/906/1 976/982/1
f 1009/900/1 986/899/1 985/915/1
f 1010/16/1 1009/900/1 985/915/1
f 985/915/1 923/914/1 1010/16/1
f 923/914/1 869/917/1 1010/16/1
f 868/852/1 1010/16/1 869/917/1
f 878/935/1 886/936/1 879/983/1
f 886/936/1 885/984/1 879/983/1
f 880/985/1 879/983/1 885/984/1
f 885/984/1 884/986/1 880/985/1
f 881/987/1 880/985/1 884/986/1
f 884/986/1 883/988/1 881/987/1
f 882/989/1 881/987/1 883/988/1
f 931/976/1 930/990/1 984/973/1
f 927/991/1 926/977/1 985/915/1
f 985/915/1 984/973/1 929/992/1
f 930/990/1 929/992/1 984/973/1
f 929/992/1 928/993/1 985/915/1
f 928/993/1 927/991/1 985/915/1
f 868/852/1 843/19/1 1010/16/1
f 1022/1/2 1020/3/2 1021/2/2
f 1020/3/2 1022/1/2 1029/4/2
f 1023/5/2 1029/4/2 1022/1/2
f 1029/4/2 1023/5/2 1028/6/2
f 1029/4/2 1019/7/2 1020/3/2
f 1019/7/2 1029/4/2 1030/8/2
f 1027/9/2 1028/6/2 1024/10/2
f 1015/11/2 1013/13/2 1014/12/2
f 1033/14/2 1013/13/2 1015/11/2
f 1013/13/2 1033/14/2 1012/15/2
f 1012/15/2 1033/14/2 1034/16/2
f 1032/17/2 1015/11/2 1016/18/2
f 1015/11/2 1032/17/2 1033/14/2
f 1011/19/2 1034/16/2 1031/20/2
f 1019/7/2 1017/22/2 1018/21/2
f 1017/22/2 1019/7/2 1016/18/2
f 1030/8/2 1016/18/2 1019/7/2
f 1016/18/2 1030/8/2 1032/17/2
f 1027/9/2 1032/17/2 1030/8/2
f 1032/17/2 1027/9/2 1031/20/2
f 1024/10/2 1031/20/2 1027/9/2
f 1031/20/2 1024/10/2 1011/19/2
f 1025/23/2 1011/19/2 1024/10/2
f 1011/19/2 1025/23/2 1026/24/2
f 1023/5/2 1024/10/2 1028/6/2
f 1034/16/2 1011/19/2 1012/15/2
f 1220/25/2 1218/27/2 1219/26/2
f 1233/28/2 1215/30/2 1216/29/2
f 1233/28/2 1214/31/2 1215/30/2
f 1303/32/2 1200/34/2 1302/33/2
f 1201/35/2 1302/33/2 1200/34/2
f 1302/33/2 1201/35/2 1311/36/2
f 1311/36/2 1201/35/2 1310/37/2
f 1232/38/2 1216/29/2 1217/39/2
f 1216/29/2 1232/38/2 1233/28/2
f 1193/40/2 1191/42/2 1192/41/2
f 1191/42/2 1193/40/2 1190/43/2
f 1190/43/2 1193/40/2 1189/44/2
f 1220/25/2 1221/45/2 1218/27/2
f 1222/46/2 1218/27/2 1221/45/2
f 1223/47/2 1218/27/2 1222/46/2
f 1218/27/2 1223/47/2 1217/39/2
f 1224/48/2 1217/39/2 1223/47/2
f 1217/39/2 1224/48/2 1232/38/2
f 1225/49/2 1232/38/2 1224/48/2
f 1226/50/2 1232/38/2 1225/49/2
f 1227/51/2 1232/38/2 1226/50/2
f 1228/52/2 1232/38/2 1227/51/2
f 1229/53/2 1232/38/2 1228/52/2
f 1230/54/2 1232/38/2 1229/53/2
f 1231/55/2 1232/38/2 1230/54/2
f 1234/56/2 1212/58/2 1213/57/2
f 1235/59/2 1210/61/2 1211/60/2
f 1234/56/2 1211/60/2 1212/58/2
f 1211/60/2 1234/56/2 1235/59/2
f 1209/62/2 1236/64/2 1208/63/2
f 1186/65/2 1187/67/2 1194/66/2
f 1188/68/2 1194/66/2 1187/67/2
f 1235/59/2 1209/62/2 1210/61/2
f 1209/62/2 1235/59/2 1236/64/2
f 1184/69/2 1185/71/2 1269/70/2
f 1307/72/2 1301/74/2 1306/73/2
f 1308/75/2 1306/73/2 1301/74/2
f 1306/73/2 1308/75/2 1315/16/2
f 1309/76/2 1315/16/2 1308/75/2
f 1194/66/2 1185/71/2 1186/65/2
f 1185/71/2 1194/66/2 1269/70/2
f 1195/77/2 1269/70/2 1194/66/2
f 1269/70/2 1195/77/2 1268/78/2
f 1198/79/2 1268/78/2 1195/77/2
f 1268/78/2 1198/79/2 1265/80/2
f 1199/81/2 1265/80/2 1198/79/2
f 1265/80/2 1199/81/2 1264/82/2
f 1300/83/2 1264/82/2 1199/81/2
f 1264/82/2 1300/83/2 1307/72/2
f 1307/72/2 1300/83/2 1301/74/2
f 1236/64/2 1207/84/2 1208/63/2
f 1207/84/2 1236/64/2 1237/85/2
f 1197/86/2 1195/77/2 1196/87/2
f 1195/77/2 1197/86/2 1198/79/2
f 1199/81/2 1303/32/2 1300/83/2
f 1311/36/2 1301/74/2 1302/33/2
f 1301/74/2 1311/36/2 1308/75/2
f 1309/76/2 1310/37/2 1202/88/2
f 1213/57/2 1214/31/2 1234/56/2
f 1233/28/2 1234/56/2 1214/31/2
f 1250/89/2 1251/91/2 1241/90/2
f 1240/92/2 1252/94/2 1253/93/2
f 1252/94/2 1240/92/2 1251/91/2
f 1251/91/2 1240/92/2 1241/90/2
f 1239/95/2 1254/97/2 1255/96/2
f 1254/97/2 1239/95/2 1253/93/2
f 1253/93/2 1239/95/2 1240/92/2
f 1169/98/2 1170/100/2 1167/99/2
f 1171/101/2 1165/103/2 1166/102/2
f 1165/103/2 1171/101/2 1172/104/2
f 1170/100/2 1166/102/2 1167/99/2
f 1166/102/2 1170/100/2 1171/101/2
f 1163/105/2 1164/107/2 1174/106/2
f 1173/108/2 1174/106/2 1164/107/2
f 1174/106/2 1175/109/2 1163/105/2
f 1164/107/2 1165/103/2 1173/108/2
f 1172/104/2 1173/108/2 1165/103/2
f 1167/99/2 1168/110/2 1169/98/2
f 1261/111/2 1313/113/2 1314/112/2
f 1241/90/2 1249/114/2 1250/89/2
f 1162/115/2 1176/117/2 1177/116/2
f 1177/116/2 1161/118/2 1162/115/2
f 1161/118/2 1177/116/2 1178/119/2
f 1246/120/2 1247/122/2 1243/121/2
f 1242/123/2 1247/122/2 1248/124/2
f 1247/122/2 1242/123/2 1243/121/2
f 1154/125/2 1271/127/2 1153/126/2
f 1153/126/2 1271/127/2 1272/128/2
f 1157/129/2 1155/131/2 1156/130/2
f 1158/132/2 1155/131/2 1157/129/2
f 1159/133/2 1155/131/2 1158/132/2
f 1160/134/2 1155/131/2 1159/133/2
f 1161/118/2 1155/131/2 1160/134/2
f 1178/119/2 1155/131/2 1161/118/2
f 1179/135/2 1155/131/2 1178/119/2
f 1180/136/2 1155/131/2 1179/135/2
f 1155/131/2 1180/136/2 1154/125/2
f 1154/125/2 1180/136/2 1271/127/2
f 1271/127/2 1180/136/2 1270/137/2
f 1243/121/2 1245/138/2 1246/120/2
f 1245/138/2 1243/121/2 1244/139/2
f 1162/115/2 1163/105/2 1176/117/2
f 1175/109/2 1176/117/2 1163/105/2
f 1180/136/2 1181/140/2 1270/137/2
f 1248/124/2 1249/114/2 1242/123/2
f 1241/90/2 1242/123/2 1249/114/2
f 1269/70/2 1183/141/2 1184/69/2
f 1183/141/2 1269/70/2 1182/142/2
f 1182/142/2 1269/70/2 1181/140/2
f 1265/80/2 1267/143/2 1268/78/2
f 1267/143/2 1265/80/2 1266/144/2
f 1307/72/2 1304/145/2 1264/82/2
f 1315/16/2 1305/146/2 1306/73/2
f 1305/146/2 1315/16/2 1312/147/2
f 1309/76/2 1314/112/2 1315/16/2
f 1202/88/2 1314/112/2 1309/76/2
f 1314/112/2 1202/88/2 1261/111/2
f 1203/148/2 1261/111/2 1202/88/2
f 1261/111/2 1203/148/2 1260/149/2
f 1206/150/2 1260/149/2 1203/148/2
f 1260/149/2 1206/150/2 1257/151/2
f 1207/84/2 1257/151/2 1206/150/2
f 1257/151/2 1207/84/2 1256/152/2
f 1237/85/2 1256/152/2 1207/84/2
f 1238/153/2 1256/152/2 1237/85/2
f 1256/152/2 1238/153/2 1255/96/2
f 1255/96/2 1238/153/2 1239/95/2
f 1105/154/2 1108/156/2 1104/155/2
f 1106/157/2 1108/156/2 1105/154/2
f 1106/157/2 1107/158/2 1108/156/2
f 1276/159/2 1150/161/2 1275/160/2
f 1150/161/2 1276/159/2 1149/162/2
f 1277/163/2 1149/162/2 1276/159/2
f 1095/164/2 1096/166/2 1094/165/2
f 1097/167/2 1094/165/2 1096/166/2
f 1098/168/2 1094/165/2 1097/167/2
f 1098/168/2 1093/169/2 1094/165/2
f 1099/170/2 1093/169/2 1098/168/2
f 1114/171/2 1115/173/2 1090/172/2
f 1090/172/2 1091/174/2 1114/171/2
f 1113/175/2 1114/171/2 1091/174/2
f 1091/174/2 1092/176/2 1113/175/2
f 1112/177/2 1113/175/2 1092/176/2
f 1092/176/2 1093/169/2 1112/177/2
f 1099/170/2 1112/177/2 1093/169/2
f 1111/178/2 1112/177/2 1099/170/2
f 1099/170/2 1100/179/2 1111/178/2
f 1101/180/2 1111/178/2 1100/179/2
f 1111/178/2 1101/180/2 1110/181/2
f 1102/182/2 1110/181/2 1101/180/2
f 1103/183/2 1110/181/2 1102/182/2
f 1110/181/2 1103/183/2 1109/184/2
f 1104/155/2 1109/184/2 1103/183/2
f 1108/156/2 1109/184/2 1104/155/2
f 1277/163/2 1148/185/2 1149/162/2
f 1278/186/2 1148/185/2 1277/163/2
f 1148/185/2 1278/186/2 1147/187/2
f 1279/188/2 1147/187/2 1278/186/2
f 1280/189/2 1147/187/2 1279/188/2
f 1147/187/2 1280/189/2 1146/190/2
f 1281/191/2 1146/190/2 1280/189/2
f 1146/190/2 1281/191/2 1145/192/2
f 1282/193/2 1145/192/2 1281/191/2
f 1145/192/2 1282/193/2 1144/194/2
f 1283/195/2 1144/194/2 1282/193/2
f 1286/196/2 1144/194/2 1283/195/2
f 1144/194/2 1286/196/2 1046/197/2
f 1287/198/2 1046/197/2 1286/196/2
f 1046/197/2 1287/198/2 1045/199/2
f 1288/200/2 1045/199/2 1287/198/2
f 1045/199/2 1288/200/2 1044/201/2
f 1289/202/2 1044/201/2 1288/200/2
f 1044/201/2 1289/202/2 1043/203/2
f 1290/204/2 1043/203/2 1289/202/2
f 1043/203/2 1290/204/2 1042/205/2
f 1291/206/2 1042/205/2 1290/204/2
f 1042/205/2 1291/206/2 1041/207/2
f 1292/208/2 1041/207/2 1291/206/2
f 1041/207/2 1292/208/2 1040/209/2
f 1293/210/2 1040/209/2 1292/208/2
f 1040/209/2 1293/210/2 1039/211/2
f 1294/212/2 1039/211/2 1293/210/2
f 1039/211/2 1294/212/2 1038/213/2
f 1295/214/2 1038/213/2 1294/212/2
f 1038/213/2 1295/214/2 1037/215/2
f 1296/216/2 1037/215/2 1295/214/2
f 1037/215/2 1296/216/2 1036/217/2
f 1297/218/2 1036/217/2 1296/216/2
f 1036/217/2 1297/218/2 1035/19/2
f 1298/219/2 1035/19/2 1297/218/2
f 1035/19/2 1298/219/2 1299/220/2
f 1116/221/2 1088/223/2 1089/222/2
f 1088/223/2 1116/221/2 1117/224/2
f 1118/225/2 1119/227/2 1087/226/2
f 1087/226/2 1088/223/2 1118/225/2
f 1117/224/2 1118/225/2 1088/223/2
f 1121/228/2 1085/230/2 1086/229/2
f 1122/231/2 1085/230/2 1121/228/2
f 1085/230/2 1122/231/2 1084/232/2
f 1123/233/2 1084/232/2 1122/231/2
f 1084/232/2 1123/233/2 1124/234/2
f 1119/227/2 1086/229/2 1087/226/2
f 1120/235/2 1086/229/2 1119/227/2
f 1086/229/2 1120/235/2 1121/228/2
f 1080/236/2 1127/238/2 1079/237/2
f 1079/237/2 1127/238/2 1078/239/2
f 1128/240/2 1078/239/2 1127/238/2
f 1124/234/2 1083/241/2 1084/232/2
f 1125/242/2 1083/241/2 1124/234/2
f 1083/241/2 1125/242/2 1082/243/2
f 1126/244/2 1082/243/2 1125/242/2
f 1082/243/2 1126/244/2 1081/245/2
f 1081/245/2 1126/244/2 1080/236/2
f 1080/236/2 1126/244/2 1127/238/2
f 1063/246/2 1139/248/2 1062/247/2
f 1140/249/2 1062/247/2 1139/248/2
f 1141/250/2 1062/247/2 1140/249/2
f 1062/247/2 1141/250/2 1061/251/2
f 1142/252/2 1061/251/2 1141/250/2
f 1061/251/2 1142/252/2 1060/253/2
f 1143/254/2 1060/253/2 1142/252/2
f 1060/253/2 1143/254/2 1059/255/2
f 1059/255/2 1143/254/2 1058/256/2
f 1058/256/2 1143/254/2 1057/257/2
f 1057/257/2 1143/254/2 1056/258/2
f 1056/258/2 1143/254/2 1055/259/2
f 1055/259/2 1143/254/2 1054/260/2
f 1054/260/2 1143/254/2 1053/261/2
f 1053/261/2 1143/254/2 1052/262/2
f 1052/262/2 1143/254/2 1051/263/2
f 1051/263/2 1143/254/2 1050/264/2
f 1050/264/2 1143/254/2 1049/265/2
f 1049/265/2 1143/254/2 1048/266/2
f 1048/266/2 1143/254/2 1047/267/2
f 1128/240/2 1077/268/2 1078/239/2
f 1077/268/2 1128/240/2 1076/269/2
f 1076/269/2 1128/240/2 1075/270/2
f 1129/271/2 1075/270/2 1128/240/2
f 1075/270/2 1129/271/2 1074/272/2
f 1074/272/2 1129/271/2 1073/273/2
f 1130/274/2 1073/273/2 1129/271/2
f 1073/273/2 1130/274/2 1072/275/2
f 1072/275/2 1130/274/2 1071/276/2
f 1131/277/2 1071/276/2 1130/274/2
f 1071/276/2 1131/277/2 1070/278/2
f 1132/279/2 1070/278/2 1131/277/2
f 1070/278/2 1132/279/2 1069/280/2
f 1133/281/2 1069/280/2 1132/279/2
f 1069/280/2 1133/281/2 1068/282/2
f 1134/283/2 1068/282/2 1133/281/2
f 1068/282/2 1134/283/2 1067/284/2
f 1135/285/2 1067/284/2 1134/283/2
f 1067/284/2 1135/285/2 1066/286/2
f 1136/287/2 1066/286/2 1135/285/2
f 1066/286/2 1136/287/2 1065/288/2
f 1137/289/2 1065/288/2 1136/287/2
f 1065/288/2 1137/289/2 1064/290/2
f 1138/291/2 1064/290/2 1137/289/2
f 1064/290/2 1138/291/2 1063/246/2
f 1063/246/2 1138/291/2 1139/248/2
f 1115/173/2 1089/222/2 1090/172/2
f 1089/222/2 1115/173/2 1116/221/2
f 1046/197/2 1143/254/2 1144/194/2
f 1272/128/2 1152/292/2 1153/126/2
f 1273/293/2 1152/292/2 1272/128/2
f 1152/292/2 1273/293/2 1151/294/2
f 1274/295/2 1151/294/2 1273/293/2
f 1151/294/2 1274/295/2 1150/161/2
f 1150/161/2 1274/295/2 1275/160/2
f 1285/296/2 1283/195/2 1284/297/2
f 1283/195/2 1285/296/2 1286/196/2
f 1181/140/2 1269/70/2 1270/137/2
f 1263/298/2 1264/82/2 1304/145/2
f 1313/113/2 1262/299/2 1312/147/2
f 1305/146/2 1263/298/2 1304/145/2
f 1263/298/2 1305/146/2 1262/299/2
f 1312/147/2 1262/299/2 1305/146/2
f 1261/111/2 1262/299/2 1313/113/2
f 1259/300/2 1260/149/2 1258/301/2
f 1257/151/2 1258/301/2 1260/149/2
f 1205/302/2 1206/150/2 1204/303/2
f 1203/148/2 1204/303/2 1206/150/2
f 1201/35/2 1202/88/2 1310/37/2
f 1303/32/2 1199/81/2 1200/34/2
f 1188/68/2 1189/44/2 1194/66/2
f 1193/40/2 1194/66/2 1189/44/2
f 1143/254/2 1046/197/2 1047/267/2
f 1381/304/2 1385/306/2 1380/305/2
f 1382/307/2 1385/306/2 1381/304/2
f 1383/308/2 1385/306/2 1382/307/2
f 1384/309/2 1385/306/2 1383/308/2
f 1413/310/2 1411/312/2 1412/311/2
f 1414/313/2 1411/312/2 1413/310/2
f 1414/313/2 1415/314/2 1411/312/2
f 1408/315/2 1426/317/2 1407/316/2
f 1408/315/2 1409/318/2 1426/317/2
f 1415/314/2 1410/319/2 1411/312/2
f 1416/320/2 1410/319/2 1415/314/2
f 1417/321/2 1410/319/2 1416/320/2
f 1410/319/2 1417/321/2 1409/318/2
f 1409/318/2 1417/321/2 1426/317/2
f 1425/322/2 1426/317/2 1417/321/2
f 1372/323/2 1373/325/2 1371/324/2
f 1374/326/2 1371/324/2 1373/325/2
f 1375/327/2 1371/324/2 1374/326/2
f 1376/328/2 1371/324/2 1375/327/2
f 1371/324/2 1376/328/2 1370/329/2
f 1377/330/2 1370/329/2 1376/328/2
f 1378/331/2 1370/329/2 1377/330/2
f 1379/332/2 1370/329/2 1378/331/2
f 1370/329/2 1379/332/2 1369/333/2
f 1380/305/2 1369/333/2 1379/332/2
f 1385/306/2 1369/333/2 1380/305/2
f 1369/333/2 1385/306/2 1368/334/2
f 1386/335/2 1368/334/2 1385/306/2
f 1368/334/2 1386/335/2 1367/336/2
f 1367/336/2 1386/335/2 1387/337/2
f 1417/321/2 1418/338/2 1425/322/2
f 1419/339/2 1425/322/2 1418/338/2
f 1420/340/2 1425/322/2 1419/339/2
f 1421/341/2 1425/322/2 1420/340/2
f 1422/342/2 1425/322/2 1421/341/2
f 1423/343/2 1425/322/2 1422/342/2
f 1424/344/2 1425/322/2 1423/343/2
f 1427/345/2 1405/347/2 1406/346/2
f 1405/347/2 1427/345/2 1404/348/2
f 1404/348/2 1427/345/2 1428/349/2
f 1363/350/2 1391/352/2 1362/351/2
f 1362/351/2 1391/352/2 1361/353/2
f 1392/354/2 1361/353/2 1391/352/2
f 1361/353/2 1392/354/2 1360/355/2
f 1393/356/2 1360/355/2 1392/354/2
f 1360/355/2 1393/356/2 1394/357/2
f 1428/349/2 1403/358/2 1404/348/2
f 1403/358/2 1428/349/2 1402/359/2
f 1402/359/2 1428/349/2 1401/360/2
f 1401/360/2 1428/349/2 1429/361/2
f 1332/362/2 1333/364/2 1357/363/2
f 1331/365/2 1399/367/2 1328/366/2
f 1400/368/2 1328/366/2 1399/367/2
f 1328/366/2 1400/368/2 1327/369/2
f 1430/370/2 1327/369/2 1400/368/2
f 1431/371/2 1327/369/2 1430/370/2
f 1432/372/2 1327/369/2 1431/371/2
f 1433/373/2 1324/375/2 1325/374/2
f 1335/376/2 1357/363/2 1334/377/2
f 1333/364/2 1334/377/2 1357/363/2
f 1432/372/2 1326/378/2 1327/369/2
f 1326/378/2 1432/372/2 1325/374/2
f 1325/374/2 1432/372/2 1433/373/2
f 1394/357/2 1357/363/2 1360/355/2
f 1357/363/2 1394/357/2 1332/362/2
f 1395/379/2 1332/362/2 1394/357/2
f 1396/380/2 1332/362/2 1395/379/2
f 1332/362/2 1396/380/2 1331/365/2
f 1331/365/2 1396/380/2 1399/367/2
f 1429/361/2 1400/368/2 1401/360/2
f 1400/368/2 1429/361/2 1430/370/2
f 1387/337/2 1366/381/2 1367/336/2
f 1388/382/2 1366/381/2 1387/337/2
f 1366/381/2 1388/382/2 1365/383/2
f 1389/384/2 1365/383/2 1388/382/2
f 1365/383/2 1389/384/2 1364/385/2
f 1390/386/2 1364/385/2 1389/384/2
f 1364/385/2 1390/386/2 1363/350/2
f 1363/350/2 1390/386/2 1391/352/2
f 1398/387/2 1396/380/2 1397/388/2
f 1396/380/2 1398/387/2 1399/367/2
f 1426/317/2 1406/346/2 1407/316/2
f 1406/346/2 1426/317/2 1427/345/2
f 1320/389/2 1435/391/2 1319/390/2
f 1319/390/2 1435/391/2 1318/392/2
f 1318/392/2 1435/391/2 1436/393/2
f 1659/394/2 1665/396/2 1658/395/2
f 1660/397/2 1665/396/2 1659/394/2
f 1661/398/2 1665/396/2 1660/397/2
f 1661/398/2 1662/399/2 1665/396/2
f 1663/400/2 1665/396/2 1662/399/2
f 1664/401/2 1665/396/2 1663/400/2
f 1346/402/2 1344/404/2 1345/403/2
f 1347/405/2 1344/404/2 1346/402/2
f 1348/406/2 1344/404/2 1347/405/2
f 1344/404/2 1348/406/2 1343/407/2
f 1349/408/2 1343/407/2 1348/406/2
f 1343/407/2 1349/408/2 1342/409/2
f 1350/410/2 1342/409/2 1349/408/2
f 1342/409/2 1350/410/2 1341/411/2
f 1351/412/2 1341/411/2 1350/410/2
f 1340/413/2 1341/411/2 1351/412/2
f 1436/393/2 1317/414/2 1318/392/2
f 1317/414/2 1436/393/2 1316/19/2
f 1316/19/2 1436/393/2 1437/415/2
f 1533/416/2 1534/418/2 1539/417/2
f 1535/419/2 1539/417/2 1534/418/2
f 1487/420/2 1479/422/2 1480/421/2
f 1480/421/2 1481/423/2 1487/420/2
f 1482/424/2 1487/420/2 1481/423/2
f 1605/425/2 1606/427/2 1613/426/2
f 1651/428/2 1666/430/2 1667/429/2
f 1474/431/2 1475/433/2 1473/432/2
f 1476/434/2 1473/432/2 1475/433/2
f 1477/435/2 1473/432/2 1476/434/2
f 1653/436/2 1651/428/2 1652/437/2
f 1654/438/2 1651/428/2 1653/436/2
f 1606/427/2 1607/439/2 1613/426/2
f 1608/440/2 1613/426/2 1607/439/2
f 1609/441/2 1613/426/2 1608/440/2
f 1610/442/2 1613/426/2 1609/441/2
f 1611/443/2 1613/426/2 1610/442/2
f 1612/444/2 1613/426/2 1611/443/2
f 1541/445/2 1530/447/2 1540/446/2
f 1531/448/2 1540/446/2 1530/447/2
f 1532/449/2 1540/446/2 1531/448/2
f 1533/416/2 1540/446/2 1532/449/2
f 1539/417/2 1540/446/2 1533/416/2
f 1477/435/2 1478/450/2 1473/432/2
f 1473/432/2 1478/450/2 1472/451/2
f 1479/422/2 1472/451/2 1478/450/2
f 1487/420/2 1472/451/2 1479/422/2
f 1472/451/2 1487/420/2 1488/452/2
f 1654/438/2 1655/453/2 1651/428/2
f 1651/428/2 1655/453/2 1666/430/2
f 1656/454/2 1666/430/2 1655/453/2
f 1657/455/2 1666/430/2 1656/454/2
f 1658/395/2 1666/430/2 1657/455/2
f 1665/396/2 1666/430/2 1658/395/2
f 1535/419/2 1536/456/2 1539/417/2
f 1537/457/2 1539/417/2 1536/456/2
f 1538/458/2 1539/417/2 1537/457/2
f 1482/424/2 1483/459/2 1487/420/2
f 1484/460/2 1487/420/2 1483/459/2
f 1485/461/2 1487/420/2 1484/460/2
f 1486/462/2 1487/420/2 1485/461/2
f 1351/412/2 1352/463/2 1340/413/2
f 1340/413/2 1352/463/2 1339/464/2
f 1353/465/2 1339/464/2 1352/463/2
f 1354/466/2 1339/464/2 1353/465/2
f 1339/464/2 1354/466/2 1338/467/2
f 1355/468/2 1338/467/2 1354/466/2
f 1338/467/2 1355/468/2 1337/469/2
f 1356/470/2 1337/469/2 1355/468/2
f 1357/363/2 1337/469/2 1356/470/2
f 1337/469/2 1357/363/2 1336/471/2
f 1335/376/2 1336/471/2 1357/363/2
f 1328/366/2 1330/472/2 1331/365/2
f 1330/472/2 1328/366/2 1329/473/2
f 1433/373/2 1323/474/2 1324/375/2
f 1434/475/2 1323/474/2 1433/373/2
f 1323/474/2 1434/475/2 1322/476/2
f 1322/476/2 1434/475/2 1321/477/2
f 1321/477/2 1434/475/2 1320/389/2
f 1320/389/2 1434/475/2 1435/391/2
f 1650/478/2 1669/480/2 1670/479/2
f 1524/481/2 1544/483/2 1545/482/2
f 1650/478/2 1668/484/2 1669/480/2
f 1614/485/2 1597/487/2 1598/486/2
f 1543/488/2 1524/481/2 1525/489/2
f 1524/481/2 1543/488/2 1544/483/2
f 1489/490/2 1469/492/2 1470/491/2
f 1469/492/2 1489/490/2 1468/493/2
f 1490/494/2 1468/493/2 1489/490/2
f 1616/495/2 1594/497/2 1595/496/2
f 1523/498/2 1546/500/2 1547/499/2
f 1560/501/2 1563/503/2 1559/502/2
f 1614/485/2 1596/504/2 1597/487/2
f 1615/505/2 1596/504/2 1614/485/2
f 1596/504/2 1615/505/2 1595/496/2
f 1595/496/2 1615/505/2 1616/495/2
f 1545/482/2 1523/498/2 1524/481/2
f 1523/498/2 1545/482/2 1546/500/2
f 1490/494/2 1467/506/2 1468/493/2
f 1467/506/2 1490/494/2 1466/507/2
f 1491/508/2 1466/507/2 1490/494/2
f 1466/507/2 1491/508/2 1465/509/2
f 1465/509/2 1491/508/2 1464/510/2
f 1464/510/2 1491/508/2 1492/511/2
f 1648/512/2 1673/514/2 1674/513/2
f 1672/515/2 1648/512/2 1649/516/2
f 1648/512/2 1672/515/2 1673/514/2
f 1683/517/2 1684/519/2 1566/518/2
f 1566/518/2 1684/519/2 1565/520/2
f 1685/521/2 1565/520/2 1684/519/2
f 1565/520/2 1685/521/2 1564/522/2
f 1564/522/2 1685/521/2 1689/16/2
f 1686/523/2 1689/16/2 1685/521/2
f 1591/524/2 1618/526/2 1590/525/2
f 1549/527/2 1522/529/2 1548/528/2
f 1522/529/2 1549/527/2 1550/530/2
f 1552/531/2 1445/533/2 1551/532/2
f 1445/533/2 1552/531/2 1444/534/2
f 1553/535/2 1444/534/2 1552/531/2
f 1444/534/2 1553/535/2 1443/536/2
f 1554/537/2 1443/536/2 1553/535/2
f 1443/536/2 1554/537/2 1442/538/2
f 1555/539/2 1442/538/2 1554/537/2
f 1441/540/2 1442/538/2 1555/539/2
f 1670/479/2 1649/516/2 1650/478/2
f 1671/541/2 1649/516/2 1670/479/2
f 1649/516/2 1671/541/2 1672/515/2
f 1686/523/2 1687/542/2 1689/16/2
f 1616/495/2 1593/543/2 1594/497/2
f 1617/544/2 1593/543/2 1616/495/2
f 1593/543/2 1617/544/2 1592/545/2
f 1592/545/2 1617/544/2 1591/524/2
f 1591/524/2 1617/544/2 1618/526/2
f 1522/529/2 1523/498/2 1548/528/2
f 1547/499/2 1548/528/2 1523/498/2
f 1555/539/2 1556/546/2 1441/540/2
f 1441/540/2 1556/546/2 1440/547/2
f 1557/548/2 1440/547/2 1556/546/2
f 1440/547/2 1557/548/2 1439/549/2
f 1558/550/2 1439/549/2 1557/548/2
f 1439/549/2 1558/550/2 1438/551/2
f 1559/502/2 1438/551/2 1558/550/2
f 1563/503/2 1438/551/2 1559/502/2
f 1492/511/2 1463/552/2 1464/510/2
f 1463/552/2 1492/511/2 1462/553/2
f 1493/554/2 1462/553/2 1492/511/2
f 1462/553/2 1493/554/2 1494/555/2
f 1676/556/2 1647/558/2 1675/557/2
f 1575/559/2 1676/556/2 1574/560/2
f 1574/560/2 1676/556/2 1573/561/2
f 1677/562/2 1573/561/2 1676/556/2
f 1573/561/2 1677/562/2 1572/563/2
f 1678/564/2 1572/563/2 1677/562/2
f 1572/563/2 1678/564/2 1571/565/2
f 1679/566/2 1571/565/2 1678/564/2
f 1571/565/2 1679/566/2 1570/567/2
f 1621/568/2 1637/570/2 1588/569/2
f 1622/571/2 1637/570/2 1621/568/2
f 1637/570/2 1622/571/2 1636/572/2
f 1449/573/2 1520/575/2 1521/574/2
f 1520/575/2 1449/573/2 1450/576/2
f 1456/577/2 1518/579/2 1455/578/2
f 1639/580/2 1640/582/2 1641/581/2
f 1641/581/2 1638/583/2 1639/580/2
f 1642/584/2 1586/585/2 1641/581/2
f 1587/586/2 1641/581/2 1586/585/2
f 1641/581/2 1587/586/2 1638/583/2
f 1513/587/2 1514/589/2 1515/588/2
f 1580/590/2 1643/592/2 1644/591/2
f 1581/593/2 1643/592/2 1580/590/2
f 1582/594/2 1643/592/2 1581/593/2
f 1583/595/2 1643/592/2 1582/594/2
f 1643/592/2 1583/595/2 1642/584/2
f 1584/596/2 1642/584/2 1583/595/2
f 1585/597/2 1642/584/2 1584/596/2
f 1642/584/2 1585/597/2 1586/585/2
f 1461/598/2 1516/600/2 1460/599/2
f 1516/600/2 1461/598/2 1515/588/2
f 1512/601/2 1515/588/2 1461/598/2
f 1515/588/2 1512/601/2 1513/587/2
f 1577/602/2 1645/604/2 1576/603/2
f 1645/604/2 1577/602/2 1644/591/2
f 1578/605/2 1644/591/2 1577/602/2
f 1579/606/2 1644/591/2 1578/605/2
f 1644/591/2 1579/606/2 1580/590/2
f 1456/577/2 1517/607/2 1518/579/2
f 1457/608/2 1517/607/2 1456/577/2
f 1458/609/2 1517/607/2 1457/608/2
f 1459/610/2 1517/607/2 1458/609/2
f 1517/607/2 1459/610/2 1516/600/2
f 1516/600/2 1459/610/2 1460/599/2
f 1676/556/2 1646/611/2 1647/558/2
f 1575/559/2 1646/611/2 1676/556/2
f 1646/611/2 1575/559/2 1645/604/2
f 1645/604/2 1575/559/2 1576/603/2
f 1622/571/2 1635/612/2 1636/572/2
f 1635/612/2 1622/571/2 1634/613/2
f 1623/614/2 1634/613/2 1622/571/2
f 1634/613/2 1623/614/2 1633/615/2
f 1633/615/2 1623/614/2 1632/616/2
f 1632/616/2 1623/614/2 1631/617/2
f 1631/617/2 1623/614/2 1630/618/2
f 1624/619/2 1630/618/2 1623/614/2
f 1630/618/2 1624/619/2 1629/620/2
f 1629/620/2 1624/619/2 1628/621/2
f 1628/621/2 1624/619/2 1627/622/2
f 1627/622/2 1624/619/2 1626/623/2
f 1450/576/2 1519/624/2 1520/575/2
f 1451/625/2 1519/624/2 1450/576/2
f 1452/626/2 1519/624/2 1451/625/2
f 1453/627/2 1519/624/2 1452/626/2
f 1519/624/2 1453/627/2 1518/579/2
f 1454/628/2 1518/579/2 1453/627/2
f 1518/579/2 1454/628/2 1455/578/2
f 1674/513/2 1647/558/2 1648/512/2
f 1647/558/2 1674/513/2 1675/557/2
f 1679/566/2 1680/629/2 1570/567/2
f 1570/567/2 1680/629/2 1569/630/2
f 1681/631/2 1569/630/2 1680/629/2
f 1569/630/2 1681/631/2 1568/632/2
f 1682/633/2 1568/632/2 1681/631/2
f 1568/632/2 1682/633/2 1567/634/2
f 1683/517/2 1567/634/2 1682/633/2
f 1566/518/2 1567/634/2 1683/517/2
f 1618/526/2 1589/635/2 1590/525/2
f 1619/636/2 1589/635/2 1618/526/2
f 1589/635/2 1619/636/2 1588/569/2
f 1620/637/2 1588/569/2 1619/636/2
f 1588/569/2 1620/637/2 1621/568/2
f 1550/530/2 1521/574/2 1522/529/2
f 1521/574/2 1550/530/2 1449/573/2
f 1449/573/2 1550/530/2 1448/638/2
f 1448/638/2 1550/530/2 1447/639/2
f 1447/639/2 1550/530/2 1446/640/2
f 1551/532/2 1446/640/2 1550/530/2
f 1445/533/2 1446/640/2 1551/532/2
f 1494/555/2 1511/641/2 1462/553/2
f 1495/642/2 1511/641/2 1494/555/2
f 1511/641/2 1495/642/2 1510/643/2
f 1496/644/2 1510/643/2 1495/642/2
f 1510/643/2 1496/644/2 1509/645/2
f 1509/645/2 1496/644/2 1508/646/2
f 1508/646/2 1496/644/2 1507/647/2
f 1497/648/2 1507/647/2 1496/644/2
f 1507/647/2 1497/648/2 1506/649/2
f 1506/649/2 1497/648/2 1505/650/2
f 1505/650/2 1497/648/2 1504/651/2
f 1498/652/2 1504/651/2 1497/648/2
f 1504/651/2 1498/652/2 1503/653/2
f 1503/653/2 1498/652/2 1502/654/2
f 1502/654/2 1498/652/2 1501/655/2
f 1501/655/2 1498/652/2 1500/656/2
f 1500/656/2 1498/652/2 1499/657/2
f 1650/478/2 1651/428/2 1668/484/2
f 1667/429/2 1668/484/2 1651/428/2
f 1601/658/2 1599/660/2 1600/659/2
f 1602/661/2 1599/660/2 1601/658/2
f 1603/662/2 1599/660/2 1602/661/2
f 1604/663/2 1599/660/2 1603/662/2
f 1605/425/2 1599/660/2 1604/663/2
f 1613/426/2 1599/660/2 1605/425/2
f 1599/660/2 1613/426/2 1598/486/2
f 1598/486/2 1613/426/2 1614/485/2
f 1527/664/2 1525/489/2 1526/665/2
f 1528/666/2 1525/489/2 1527/664/2
f 1529/667/2 1525/489/2 1528/666/2
f 1530/447/2 1525/489/2 1529/667/2
f 1541/445/2 1525/489/2 1530/447/2
f 1542/668/2 1525/489/2 1541/445/2
f 1525/489/2 1542/668/2 1543/488/2
f 1488/452/2 1471/669/2 1472/451/2
f 1471/669/2 1488/452/2 1470/491/2
f 1470/491/2 1488/452/2 1489/490/2
f 1359/670/2 1360/355/2 1358/671/2
f 1357/363/2 1358/671/2 1360/355/2
f 1560/501/2 1561/672/2 1563/503/2
f 1562/673/2 1563/503/2 1561/672/2
f 1461/598/2 1511/641/2 1512/601/2
f 1511/641/2 1461/598/2 1462/553/2
f 1688/674/2 1689/16/2 1687/542/2
f 1587/586/2 1637/570/2 1638/583/2
f 1626/623/2 1624/619/2 1625/675/2
f 1637/570/2 1587/586/2 1588/569/2
f 1776/676/2 1715/678/2 1775/677/2
f 1715/678/2 1776/676/2 1714/679/2
f 1777/680/2 1714/679/2 1776/676/2
f 1778/16/2 1714/679/2 1777/680/2
f 1767/189/2 1741/682/2 1766/681/2
f 1768/683/2 1741/682/2 1767/189/2
f 1769/684/2 1741/682/2 1768/683/2
f 1770/685/2 1741/682/2 1769/684/2
f 1773/686/2 1740/688/2 1772/687/2
f 1740/688/2 1773/686/2 1715/678/2
f 1774/689/2 1715/678/2 1773/686/2
f 1715/678/2 1774/689/2 1775/677/2
f 1778/16/2 1690/19/2 1714/679/2
f 1714/679/2 1690/19/2 1713/690/2
f 1690/19/2 1691/691/2 1713/690/2
f 1713/690/2 1691/691/2 1712/154/2
f 1692/692/2 1712/154/2 1691/691/2
f 1712/154/2 1692/692/2 1711/693/2
f 1693/694/2 1711/693/2 1692/692/2
f 1737/695/2 1738/697/2 1718/696/2
f 1718/696/2 1738/697/2 1717/698/2
f 1734/109/2 1735/700/2 1721/699/2
f 1721/699/2 1735/700/2 1720/701/2
f 1736/702/2 1720/701/2 1735/700/2
f 1719/703/2 1720/701/2 1736/702/2
f 1736/702/2 1737/695/2 1719/703/2
f 1718/696/2 1719/703/2 1737/695/2
f 1733/704/2 1723/249/2 1732/705/2
f 1722/706/2 1723/249/2 1733/704/2
f 1728/707/2 1729/709/2 1727/708/2
f 1727/708/2 1729/709/2 1726/710/2
f 1729/709/2 1730/711/2 1726/710/2
f 1726/710/2 1730/711/2 1725/712/2
f 1731/713/2 1725/712/2 1730/711/2
f 1725/712/2 1731/713/2 1724/714/2
f 1732/705/2 1724/714/2 1731/713/2
f 1723/249/2 1724/714/2 1732/705/2
f 1733/704/2 1734/109/2 1722/706/2
f 1721/699/2 1722/706/2 1734/109/2
f 1738/697/2 1739/715/2 1717/698/2
f 1717/698/2 1739/715/2 1716/716/2
f 1755/717/2 1753/719/2 1754/718/2
f 1753/719/2 1755/717/2 1752/720/2
f 1756/138/2 1752/720/2 1755/717/2
f 1752/720/2 1756/138/2 1751/721/2
f 1757/722/2 1751/721/2 1756/138/2
f 1751/721/2 1757/722/2 1750/723/2
f 1758/724/2 1750/723/2 1757/722/2
f 1750/723/2 1758/724/2 1749/725/2
f 1759/726/2 1749/725/2 1758/724/2
f 1749/725/2 1759/726/2 1748/727/2
f 1760/728/2 1748/727/2 1759/726/2
f 1748/727/2 1760/728/2 1747/729/2
f 1761/730/2 1747/729/2 1760/728/2
f 1747/729/2 1761/730/2 1746/731/2
f 1762/732/2 1746/731/2 1761/730/2
f 1746/731/2 1762/732/2 1745/61/2
f 1763/733/2 1745/61/2 1762/732/2
f 1745/61/2 1763/733/2 1744/734/2
f 1764/735/2 1744/734/2 1763/733/2
f 1744/734/2 1764/735/2 1743/736/2
f 1765/737/2 1743/736/2 1764/735/2
f 1743/736/2 1765/737/2 1742/738/2
f 1766/681/2 1742/738/2 1765/737/2
f 1741/682/2 1742/738/2 1766/681/2
f 1739/715/2 1740/688/2 1716/716/2
f 1715/678/2 1716/716/2 1740/688/2
f 1693/694/2 1710/739/2 1711/693/2
f 1694/740/2 1710/739/2 1693/694/2
f 1710/739/2 1694/740/2 1709/741/2
f 1695/742/2 1709/741/2 1694/740/2
f 1709/741/2 1695/742/2 1708/743/2
f 1696/744/2 1708/743/2 1695/742/2
f 1708/743/2 1696/744/2 1707/745/2
f 1697/746/2 1707/745/2 1696/744/2
f 1707/745/2 1697/746/2 1706/747/2
f 1706/747/2 1697/746/2 1705/748/2
f 1698/749/2 1705/748/2 1697/746/2
f 1705/748/2 1698/749/2 1704/750/2
f 1699/751/2 1704/750/2 1698/749/2
f 1704/750/2 1699/751/2 1703/752/2
f 1700/753/2 1703/752/2 1699/751/2
f 1703/752/2 1700/753/2 1702/754/2
f 1701/278/2 1702/754/2 1700/753/2
f 1772/687/2 1740/688/2 1771/755/2
f 1770/685/2 1740/688/2 1741/682/2
f 1771/755/2 1740/688/2 1770/685/2
f 1840/756/2 1838/758/2 1839/757/2
f 1838/758/2 1840/756/2 1841/759/2
f 1843/760/2 1844/762/2 1836/761/2
f 1836/761/2 1837/763/2 1843/760/2
f 1842/764/2 1843/760/2 1837/763/2
f 1841/759/2 1837/763/2 1838/758/2
f 1837/763/2 1841/759/2 1842/764/2
f 1845/765/2 1834/767/2 1835/766/2
f 1834/767/2 1845/765/2 1846/768/2
f 1848/769/2 1831/771/2 1832/770/2
f 1847/772/2 1832/770/2 1833/773/2
f 1832/770/2 1847/772/2 1848/769/2
f 1846/768/2 1833/773/2 1834/767/2
f 1833/773/2 1846/768/2 1847/772/2
f 1844/762/2 1835/766/2 1836/761/2
f 1835/766/2 1844/762/2 1845/765/2
f 1829/774/2 1830/776/2 1850/775/2
f 1849/777/2 1850/775/2 1830/776/2
f 1852/16/2 1779/19/2 1827/778/2
f 1827/778/2 1828/779/2 1852/16/2
f 1851/780/2 1852/16/2 1828/779/2
f 1828/779/2 1829/774/2 1851/780/2
f 1850/775/2 1851/780/2 1829/774/2
f 1781/781/2 1824/783/2 1825/782/2
f 1780/784/2 1825/782/2 1826/785/2
f 1825/782/2 1780/784/2 1781/781/2
f 1783/786/2 1784/788/2 1822/787/2
f 1822/787/2 1823/789/2 1783/786/2
f 1782/790/2 1783/786/2 1823/789/2
f 1823/789/2 1824/783/2 1782/790/2
f 1781/781/2 1782/790/2 1824/783/2
f 1779/19/2 1826/785/2 1827/778/2
f 1826/785/2 1779/19/2 1780/784/2
f 1830/776/2 1831/771/2 1849/777/2
f 1848/769/2 1849/777/2 1831/771/2
f 1785/791/2 1820/793/2 1821/792/2
f 1820/793/2 1785/791/2 1786/794/2
f 1788/795/2 1817/797/2 1818/796/2
f 1787/798/2 1818/796/2 1819/799/2
f 1818/796/2 1787/798/2 1788/795/2
f 1786/794/2 1819/799/2 1820/793/2
f 1819/799/2 1786/794/2 1787/798/2
f 1815/800/2 1816/802/2 1790/801/2
f 1789/803/2 1790/801/2 1816/802/2
f 1792/804/2 1812/806/2 1813/805/2
f 1791/807/2 1813/805/2 1814/808/2
f 1813/805/2 1791/807/2 1792/804/2
f 1814/808/2 1815/800/2 1791/807/2
f 1790/801/2 1791/807/2 1815/800/2
f 1816/802/2 1817/797/2 1789/803/2
f 1788/795/2 1789/803/2 1817/797/2
f 1810/809/2 1811/811/2 1794/810/2
f 1793/812/2 1794/810/2 1811/811/2
f 1796/813/2 1797/815/2 1808/814/2
f 1808/814/2 1809/816/2 1796/813/2
f 1795/817/2 1796/813/2 1809/816/2
f 1809/816/2 1810/809/2 1795/817/2
f 1794/810/2 1795/817/2 1810/809/2
f 1798/818/2 1806/820/2 1807/819/2
f 1806/820/2 1798/818/2 1799/821/2
f 1804/822/2 1801/824/2 1803/823/2
f 1803/823/2 1801/824/2 1802/825/2
f 1799/821/2 1805/826/2 1806/820/2
f 1800/827/2 1805/826/2 1799/821/2
f 1805/826/2 1800/827/2 1804/822/2
f 1804/822/2 1800/827/2 1801/824/2
f 1797/815/2 1807/819/2 1808/814/2
f 1807/819/2 1797/815/2 1798/818/2
f 1811/811/2 1812/806/2 1793/812/2
f 1792/804/2 1793/812/2 1812/806/2
f 1784/788/2 1821/792/2 1822/787/2
f 1821/792/2 1784/788/2 1785/791/2
f 1864/828/2 1865/830/2 1867/829/2
f 1867/829/2 1865/830/2 1866/831/2
f 1863/832/2 1868/834/2 1869/833/2
f 2007/835/2 2008/837/2 2009/836/2
f 1863/832/2 1864/828/2 1868/834/2
f 1867/829/2 1868/834/2 1864/828/2
f 1871/838/2 1860/840/2 1861/839/2
f 1870/841/2 1861/839/2 1862/842/2
f 1861/839/2 1870/841/2 1871/838/2
f 1872/843/2 1873/845/2 1859/844/2
f 1874/846/2 1857/848/2 1858/847/2
f 1873/845/2 1858/847/2 1859/844/2
f 1858/847/2 1873/845/2 1874/846/2
f 1859/844/2 1860/840/2 1872/843/2
f 1871/838/2 1872/843/2 1860/840/2
f 1869/833/2 1862/842/2 1863/832/2
f 1862/842/2 1869/833/2 1870/841/2
f 1875/849/2 1876/851/2 1856/850/2
f 1878/852/2 1853/19/2 1854/853/2
f 1877/854/2 1854/853/2 1855/855/2
f 1854/853/2 1877/854/2 1878/852/2
f 1876/851/2 1855/855/2 1856/850/2
f 1855/855/2 1876/851/2 1877/854/2
f 2011/856/2 2004/858/2 2005/857/2
f 2004/858/2 2011/856/2 2003/859/2
f 2003/859/2 2011/856/2 2012/860/2
f 2013/861/2 2001/863/2 2002/862/2
f 2014/864/2 2001/863/2 2013/861/2
f 2012/860/2 2002/862/2 2003/859/2
f 2002/862/2 2012/860/2 2013/861/2
f 2010/865/2 2005/857/2 2006/866/2
f 2005/857/2 2010/865/2 2011/856/2
f 2009/836/2 2006/866/2 2007/835/2
f 2006/866/2 2009/836/2 2010/865/2
f 1856/850/2 1857/848/2 1875/849/2
f 1874/846/2 1875/849/2 1857/848/2
f 1968/867/2 1969/869/2 1972/868/2
f 1971/870/2 1972/868/2 1969/869/2
f 1966/871/2 1967/873/2 1974/872/2
f 1974/872/2 1967/873/2 1973/874/2
f 1967/873/2 1968/867/2 1973/874/2
f 1972/868/2 1973/874/2 1968/867/2
f 1977/875/2 1978/877/2 1963/876/2
f 1963/876/2 1964/878/2 1977/875/2
f 1977/875/2 1964/878/2 1976/879/2
f 1965/880/2 1976/879/2 1964/878/2
f 1975/881/2 1976/879/2 1965/880/2
f 1965/880/2 1966/871/2 1975/881/2
f 1974/872/2 1975/881/2 1966/871/2
f 1999/882/2 2016/884/2 1998/883/2
f 1998/883/2 2016/884/2 2017/885/2
f 1979/886/2 1961/888/2 1962/887/2
f 1961/888/2 1979/886/2 1980/889/2
f 1959/890/2 1960/892/2 1981/891/2
f 1980/889/2 1960/892/2 1961/888/2
f 1960/892/2 1980/889/2 1981/891/2
f 1958/893/2 1983/895/2 1984/894/2
f 1958/893/2 1959/890/2 1983/895/2
f 1983/895/2 1959/890/2 1982/896/2
f 1981/891/2 1982/896/2 1959/890/2
f 1978/877/2 1962/887/2 1963/876/2
f 1962/887/2 1978/877/2 1979/886/2
f 2017/885/2 1997/897/2 1998/883/2
f 2018/898/2 1997/897/2 2017/885/2
f 1997/897/2 2018/898/2 1996/899/2
f 1996/899/2 2018/898/2 2019/900/2
f 1969/869/2 1970/901/2 1971/870/2
f 2014/864/2 2000/902/2 2001/863/2
f 2015/903/2 2000/902/2 2014/864/2
f 2000/902/2 2015/903/2 1999/882/2
f 1999/882/2 2015/903/2 2016/884/2
f 1955/904/2 1987/906/2 1954/905/2
f 1954/905/2 1987/906/2 1953/907/2
f 1953/907/2 1987/906/2 1952/908/2
f 1988/909/2 1952/908/2 1987/906/2
f 1952/908/2 1988/909/2 1951/910/2
f 1951/910/2 1988/909/2 1950/911/2
f 1950/911/2 1988/909/2 1949/912/2
f 1934/913/2 1995/915/2 1933/914/2
f 1933/914/2 1879/917/2 1906/916/2
f 1906/916/2 1879/917/2 1905/918/2
f 1880/919/2 1905/918/2 1879/917/2
f 1905/918/2 1880/919/2 1904/920/2
f 1881/921/2 1904/920/2 1880/919/2
f 1904/920/2 1881/921/2 1903/922/2
f 1882/923/2 1903/922/2 1881/921/2
f 1903/922/2 1882/923/2 1902/924/2
f 1883/925/2 1902/924/2 1882/923/2
f 1902/924/2 1883/925/2 1901/926/2
f 1884/927/2 1901/926/2 1883/925/2
f 1901/926/2 1884/927/2 1900/928/2
f 1900/928/2 1884/927/2 1899/929/2
f 1885/930/2 1899/929/2 1884/927/2
f 1899/929/2 1885/930/2 1898/931/2
f 1886/932/2 1898/931/2 1885/930/2
f 1887/933/2 1898/931/2 1886/932/2
f 1898/931/2 1887/933/2 1897/934/2
f 1888/935/2 1897/934/2 1887/933/2
f 1897/934/2 1888/935/2 1896/936/2
f 1908/937/2 1909/939/2 1931/938/2
f 1931/938/2 1932/940/2 1908/937/2
f 1907/941/2 1908/937/2 1932/940/2
f 1910/942/2 1929/944/2 1930/943/2
f 1929/944/2 1910/942/2 1928/945/2
f 1928/945/2 1910/942/2 1911/946/2
f 1913/947/2 1925/949/2 1926/948/2
f 1912/950/2 1926/948/2 1927/951/2
f 1926/948/2 1912/950/2 1913/947/2
f 1911/946/2 1927/951/2 1928/945/2
f 1927/951/2 1911/946/2 1912/950/2
f 1915/952/2 1916/954/2 1923/953/2
f 1923/953/2 1924/955/2 1915/952/2
f 1914/956/2 1915/952/2 1924/955/2
f 1917/957/2 1921/959/2 1922/958/2
f 1918/960/2 1919/962/2 1920/961/2
f 1920/961/2 1921/959/2 1918/960/2
f 1917/957/2 1918/960/2 1921/959/2
f 1916/954/2 1922/958/2 1923/953/2
f 1922/958/2 1916/954/2 1917/957/2
f 1924/955/2 1925/949/2 1914/956/2
f 1913/947/2 1914/956/2 1925/949/2
f 1909/939/2 1930/943/2 1931/938/2
f 1930/943/2 1909/939/2 1910/942/2
f 1988/909/2 1948/963/2 1949/912/2
f 1989/964/2 1948/963/2 1988/909/2
f 1948/963/2 1989/964/2 1947/965/2
f 1947/965/2 1989/964/2 1946/966/2
f 1990/967/2 1946/966/2 1989/964/2
f 1946/966/2 1990/967/2 1945/968/2
f 1991/969/2 1945/968/2 1990/967/2
f 1992/970/2 1945/968/2 1991/969/2
f 1945/968/2 1992/970/2 1944/971/2
f 1993/972/2 1944/971/2 1992/970/2
f 1994/973/2 1944/971/2 1993/972/2
f 1944/971/2 1994/973/2 1943/974/2
f 1943/974/2 1994/973/2 1942/975/2
f 1942/975/2 1994/973/2 1941/976/2
f 1936/977/2 1995/915/2 1935/978/2
f 1934/913/2 1935/978/2 1995/915/2
f 1932/940/2 1933/914/2 1907/941/2
f 1906/916/2 1907/941/2 1933/914/2
f 1984/894/2 1957/979/2 1958/893/2
f 1985/980/2 1957/979/2 1984/894/2
f 1957/979/2 1985/980/2 1956/981/2
f 1986/982/2 1956/981/2 1985/980/2
f 1956/981/2 1986/982/2 1955/904/2
f 1955/904/2 1986/982/2 1987/906/2
f 2019/900/2 1995/915/2 1996/899/2
f 2020/16/2 1995/915/2 2019/900/2
f 1995/915/2 2020/16/2 1933/914/2
f 1933/914/2 2020/16/2 1879/917/2
f 1878/852/2 1879/917/2 2020/16/2
f 1888/935/2 1889/983/2 1896/936/2
f 1896/936/2 1889/983/2 1895/984/2
f 1890/985/2 1895/984/2 1889/983/2
f 1895/984/2 1890/985/2 1894/986/2
f 1891/987/2 1894/986/2 1890/985/2
f 1894/986/2 1891/987/2 1893/988/2
f 1892/989/2 1893/988/2 1891/987/2
f 1941/976/2 1994/973/2 1940/990/2
f 1937/991/2 1995/915/2 1936/977/2
f 1995/915/2 1939/992/2 1994/973/2
f 1940/990/2 1994/973/2 1939/992/2
f 1939/992/2 1995/915/2 1938/993/2
f 1938/993/2 1995/915/2 1937/991/2
f 1878/852/2 2020/16/2 1853/19/2
s 1
f 2024/994/3 2021/19/4 2022/995/4
f 2026/996/5 2023/997/3 2024/994/3
f 2028/998/6 2025/999/5 2026/996/5
f 2030/1000/7 2027/209/6 2028/998/6
f 2032/1001/8 2029/1002/7 2030/1000/7
f 2034/1003/9 2031/1004/8 2032/1001/8
f 2036/1005/10 2033/199/9 2034/1003/9
f 2038/1006/11 2035/1007/10 2036/1005/10
f 2040/1008/12 2037/1009/11 2038/1006/11
f 2042/1010/13 2039/264/12 2040/1008/12
f 2044/1011/14 2041/1012/13 2042/1010/13
f 2046/1013/15 2043/1014/14 2044/1011/14
f 2048/1015/16 2045/259/15 2046/1013/15
f 2050/1016/17 2047/1017/18 2048/1015/16
f 2052/1018/19 2049/1019/17 2050/1016/17
f 2054/1020/20 2051/253/19 2052/1018/19
f 2056/1021/21 2053/1022/20 2054/1020/20
f 2058/1023/22 2055/1024/21 2056/1021/21
f 2060/1025/23 2057/288/22 2058/1023/22
f 2062/1026/24 2059/1027/23 2060/1025/23
f 2064/1028/25 2061/1029/24 2062/1026/24
f 2066/1030/26 2063/278/25 2064/1028/25
f 2068/1031/27 2065/1032/26 2066/1030/26
f 2070/1033/28 2067/1034/27 2068/1031/27
f 2072/1035/29 2069/270/28 2070/1033/28
f 2074/1036/30 2071/1037/29 2072/1035/29
f 2076/1038/31 2073/1039/32 2074/1036/30
f 2078/1040/33 2075/236/31 2076/1038/31
f 2080/1041/34 2077/1042/33 2078/1040/33
f 2082/1043/35 2079/1044/34 2080/1041/34
f 2084/1045/36 2081/230/35 2082/1043/35
f 2086/1046/37 2083/1047/36 2084/1045/36
f 2088/1048/38 2085/1049/37 2086/1046/37
f 2090/1050/39 2087/172/38 2088/1048/38
f 2092/1051/40 2089/1052/41 2090/1050/39
f 2094/1053/42 2091/1054/40 2092/1051/40
f 2096/1055/43 2093/164/42 2094/1053/42
f 2098/1056/44 2095/1057/43 2096/1055/43
f 2100/1058/45 2097/1059/44 2098/1056/44
f 2102/1060/46 2099/179/47 2100/1058/45
f 2104/1061/48 2101/1062/46 2102/1060/46
f 2106/1063/49 2103/1064/48 2104/1061/48
f 2108/1065/50 2105/154/49 2106/1063/49
f 2110/1066/51 2107/1067/50 2108/1065/50
f 2112/1068/52 2109/1069/51 2110/1066/51
f 2114/1070/53 2111/181/52 2112/1068/52
f 2116/1071/54 2113/1072/55 2114/1070/53
f 2118/1073/56 2115/1074/54 2116/1071/54
f 2120/1075/57 2117/173/56 2118/1073/56
f 2122/1076/58 2119/1077/57 2120/1075/57
f 2124/1078/59 2121/1079/58 2122/1076/58
f 2126/1080/60 2123/235/59 2124/1078/59
f 2128/1081/61 2125/1082/60 2126/1080/60
f 2130/1083/62 2127/1084/61 2128/1081/61
f 2132/1085/63 2129/242/62 2130/1083/62
f 2134/1086/64 2131/1087/63 2132/1085/63
f 2136/1088/65 2133/1089/66 2134/1086/64
f 2138/1090/67 2135/274/65 2136/1088/65
f 2140/1091/68 2137/1092/67 2138/1090/67
f 2142/1093/69 2139/1094/68 2140/1091/68
f 2144/1095/70 2141/285/69 2142/1093/69
f 2146/1096/71 2143/1097/70 2144/1095/70
f 2148/1098/72 2145/1099/71 2146/1096/71
f 2150/1100/73 2147/249/72 2148/1098/72
f 2152/1101/74 2149/1102/73 2150/1100/73
f 2154/1103/75 2151/1104/74 2152/1101/74
f 2156/1105/76 2153/192/75 2154/1103/75
f 2158/1106/77 2155/1107/76 2156/1105/76
f 2160/1108/78 2157/1109/77 2158/1106/77
f 2162/1110/79 2159/161/78 2160/1108/78
f 2164/1111/80 2161/1112/79 2162/1110/79
f 2166/1113/81 2163/1114/80 2164/1111/80
f 2168/1115/82 2165/131/81 2166/1113/81
f 2170/1116/83 2167/1117/82 2168/1115/82
f 2172/1118/84 2169/1119/83 2170/1116/83
f 2174/1120/85 2171/134/84 2172/1118/84
f 2176/1121/86 2173/1122/85 2174/1120/85
f 2178/1123/87 2175/1124/86 2176/1121/86
f 2180/1125/88 2177/103/87 2178/1123/87
f 2182/1126/89 2179/1127/88 2180/1125/88
f 2184/1128/90 2181/1129/91 2182/1126/89
f 2186/1130/92 2183/100/90 2184/1128/90
f 2188/1131/93 2185/1132/92 2186/1130/92
f 2190/1133/94 2187/1134/93 2188/1131/93
f 2192/1135/95 2189/109/94 2190/1133/94
f 2194/1136/96 2191/1137/95 2192/1135/95
f 2196/1138/97 2193/1139/96 2194/1136/96
f 2198/1140/98 2195/136/97 2196/1138/97
f 2200/1141/99 2197/1142/98 2198/1140/98
f 2202/1143/100 2199/1144/99 2200/1141/99
f 2204/1145/101 2201/71/100 2202/1143/100
f 2206/1146/102 2203/1147/101 2204/1145/101
f 2208/1148/103 2205/1149/102 2206/1146/102
f 2210/1150/104 2207/43/103 2208/1148/103
f 2212/1151/105 2209/1152/104 2210/1150/104
f 2214/1153/106 2211/1154/105 2212/1151/105
f 2216/1155/107 2213/77/106 2214/1153/106
f 2218/1156/108 2215/1157/107 2216/1155/107
f 2220/1158/109 2217/1159/108 2218/1156/108
f 2222/1160/110 2219/34/109 2220/1158/109
f 2224/1161/111 2221/1162/110 2222/1160/110
f 2226/1163/112 2223/1164/111 2224/1161/111
f 2228/1165/113 2225/302/112 2226/1163/112
f 2230/1166/114 2227/1167/113 2228/1165/113
f 2232/1168/115 2229/1169/114 2230/1166/114
f 2234/1170/116 2231/61/115 2232/1168/115
f 2236/1171/117 2233/1172/116 2234/1170/116
f 2238/1173/118 2235/1174/117 2236/1171/117
f 2240/1175/119 2237/30/118 2238/1173/118
f 2242/1176/120 2239/1177/119 2240/1175/119
f 2244/1178/121 2241/1179/120 2242/1176/120
f 2246/1180/122 2243/25/121 2244/1178/121
f 2248/1181/123 2245/1182/122 2246/1180/122
f 2250/1183/124 2247/1184/123 2248/1181/123
f 2252/1185/125 2249/49/124 2250/1183/124
f 2254/1186/126 2251/1187/125 2252/1185/125
f 2256/1188/127 2253/1189/128 2254/1186/126
f 2258/1190/129 2255/54/130 2256/1188/127
f 2260/1191/131 2257/1192/129 2258/1190/129
f 2262/1193/132 2259/1194/131 2260/1191/131
f 2264/1195/133 2261/59/132 2262/1193/132
f 2266/1196/134 2263/1197/133 2264/1195/133
f 2268/1198/135 2265/1199/134 2266/1196/134
f 2270/1200/136 2267/92/135 2268/1198/135
f 2272/1201/137 2269/1202/136 2270/1200/136
f 2274/1203/138 2271/1204/137 2272/1201/137
f 2276/1205/139 2273/138/138 2274/1203/138
f 2278/1206/140 2275/1207/139 2276/1205/139
f 2280/1208/141 2277/1209/140 2278/1206/140
f 2282/1210/142 2279/89/141 2280/1208/141
f 2284/1211/143 2281/1212/142 2282/1210/142
f 2286/1213/144 2283/1214/143 2284/1211/143
f 2288/1215/145 2285/96/144 2286/1213/144
f 2290/1216/146 2287/1217/145 2288/1215/145
f 2292/1218/147 2289/1219/146 2290/1216/146
f 2294/1220/148 2291/149/147 2292/1218/147
f 2296/1221/149 2293/1222/148 2294/1220/148
f 2298/1223/150 2295/1224/149 2296/1221/149
f 2300/1225/151 2297/80/150 2298/1223/150
f 2302/1226/152 2299/1227/151 2300/1225/151
f 2304/1228/153 2301/1229/152 2302/1226/152
f 2306/1230/154 2303/137/153 2304/1228/153
f 2308/1231/155 2305/1232/154 2306/1230/154
f 2310/1233/156 2307/1234/155 2308/1231/155
f 2312/1235/157 2309/160/156 2310/1233/156
f 2314/1236/158 2311/1237/157 2312/1235/157
f 2316/1238/159 2313/1239/158 2314/1236/158
f 2318/1240/160 2315/189/159 2316/1238/159
f 2320/1241/161 2317/1242/160 2318/1240/160
f 2322/1243/162 2319/1244/161 2320/1241/161
f 2324/1245/163 2321/296/162 2322/1243/162
f 2326/1246/164 2323/1247/163 2324/1245/163
f 2328/1248/165 2325/1249/164 2326/1246/164
f 2330/1250/166 2327/204/165 2328/1248/165
f 2332/1251/167 2329/1252/166 2330/1250/166
f 2334/1253/168 2331/1254/167 2332/1251/167
f 2336/1255/169 2333/214/168 2334/1253/168
f 2338/1256/170 2335/1257/169 2336/1255/169
f 2340/1258/171 2337/1259/170 2338/1256/170
f 2342/1260/172 2339/83/171 2340/1258/171
f 2344/1261/173 2341/1262/172 2342/1260/172
f 2346/1263/174 2343/1264/173 2344/1261/173
f 2348/1265/175 2345/146/174 2346/1263/174
f 2350/1266/176 2347/1267/175 2348/1265/175
f 2352/1268/177 2349/1269/176 2350/1266/176
f 2354/1270/178 2351/37/177 2352/1268/177
f 2356/1271/179 2353/1272/178 2354/1270/178
f 2022/1273/4 2355/1274/179 2356/1271/179
f 2360/1275/180 2357/19/180 2358/995/180
f 2362/1276/180 2359/1277/180 2360/1275/180
f 2364/1278/180 2361/1279/180 2362/1276/180
f 2366/1280/180 2363/1281/180 2364/1278/180
f 2368/1282/180 2365/1283/180 2366/1280/180
f 2370/1284/180 2367/1285/180 2368/1282/180
f 2372/1286/180 2369/1287/180 2370/1284/180
f 2374/1288/180 2371/1289/180 2372/1286/180
f 2376/1290/180 2373/1291/180 2374/1288/180
f 2378/1292/180 2375/1293/180 2376/1290/180
f 2380/1294/181 2377/1295/180 2378/1292/180
f 2382/1296/182 2379/1297/181 2380/1294/181
f 2384/1298/183 2381/1299/182 2382/1296/182
f 2386/1300/184 2383/1301/183 2384/1298/183
f 2388/1302/185 2385/1303/184 2386/1300/184
f 2390/1304/186 2387/1305/185 2388/1302/185
f 2392/1306/187 2389/1307/186 2390/1304/186
f 2394/1308/188 2391/1309/187 2392/1306/187
f 2396/1310/189 2393/1311/188 2394/1308/188
f 2398/1312/190 2395/1313/189 2396/1310/189
f 2400/1314/191 2397/1315/190 2398/1312/190
f 2402/1316/192 2399/1317/191 2400/1314/191
f 2404/1318/193 2401/1319/192 2402/1316/192
f 2406/1320/194 2403/1321/193 2404/1318/193
f 2408/1322/195 2405/1323/194 2406/1320/194
f 2410/1324/196 2407/1325/195 2408/1322/195
f 2412/1326/197 2409/1327/196 2410/1324/196
f 2414/1328/198 2411/1329/197 2412/1326/197
f 2416/1330/199 2413/1331/198 2414/1328/198
f 2418/1332/200 2415/1333/199 2416/1330/199
f 2420/1334/201 2417/1335/200 2418/1332/200
f 2422/1336/202 2419/1337/201 2420/1334/201
f 2424/1338/203 2421/1339/202 2422/1336/202
f 2426/1340/204 2423/1341/203 2424/1338/203
f 2428/1342/205 2425/1343/204 2426/1340/204
f 2430/1344/206 2427/1345/205 2428/1342/205
f 2432/1133/207 2429/1346/206 2430/1344/206
f 2434/1347/207 2431/109/207 2432/1133/207
f 2436/1348/207 2433/1349/207 2434/1347/207
f 2438/1350/207 2435/1351/207 2436/1348/207
f 2440/1352/207 2437/1353/207 2438/1350/207
f 2442/1354/207 2439/1355/207 2440/1352/207
f 2444/1356/207 2441/1357/207 2442/1354/207
f 2446/1358/207 2443/1359/207 2444/1356/207
f 2448/1360/207 2445/1361/207 2446/1358/207
f 2450/1362/207 2447/1363/207 2448/1360/207
f 2452/1364/207 2449/1365/207 2450/1362/207
f 2454/1366/208 2451/1367/207 2452/1364/207
f 2456/1368/209 2453/1369/208 2454/1366/208
f 2458/1370/210 2455/1371/209 2456/1368/209
f 2460/1372/211 2457/1373/210 2458/1370/210
f 2462/1374/212 2459/1375/211 2460/1372/211
f 2464/1376/213 2461/1377/212 2462/1374/212
f 2466/1378/214 2463/1379/213 2464/1376/213
f 2468/1380/215 2465/1381/214 2466/1378/214
f 2470/1382/216 2467/1383/215 2468/1380/215
f 2472/1384/217 2469/1385/216 2470/1382/216
f 2474/1386/218 2471/1387/217 2472/1384/217
f 2476/1388/219 2473/1389/218 2474/1386/218
f 2478/1390/220 2475/1391/219 2476/1388/219
f 2480/1392/221 2477/1393/220 2478/1390/220
f 2482/1394/222 2479/1395/223 2480/1392/221
f 2484/1396/224 2481/1397/222 2482/1394/222
f 2486/1398/225 2483/1399/224 2484/1396/224
f 2488/1400/226 2485/1401/225 2486/1398/225
f 2490/1402/227 2487/1403/226 2488/1400/226
f 2492/1404/228 2489/1405/227 2490/1402/227
f 2494/1406/229 2491/1407/228 2492/1404/228
f 2496/1408/230 2493/1409/229 2494/1406/229
f 2498/1410/231 2495/1411/230 2496/1408/230
f 2500/1412/232 2497/1413/231 2498/1410/231
f 2502/1414/233 2499/1415/232 2500/1412/232
f 2504/1416/234 2501/1417/233 2502/1414/233
f 2358/1273/180 2503/1418/234 2504/1416/234
f 2508/1419/235 2505/19/236 2506/995/236
f 2510/1420/237 2507/1421/235 2508/1419/235
f 2512/1422/238 2509/1423/237 2510/1420/237
f 2514/1424/239 2511/1425/240 2512/1422/238
f 2516/1426/241 2513/1427/239 2514/1424/239
f 2518/1428/242 2515/1429/241 2516/1426/241
f 2520/1430/243 2517/1431/244 2518/1428/242
f 2522/1432/245 2519/1433/243 2520/1430/243
f 2524/1434/246 2521/1435/245 2522/1432/245
f 2526/1436/247 2523/1437/248 2524/1434/246
f 2528/1438/249 2525/1439/250 2526/1436/247
f 2530/1440/251 2527/1441/249 2528/1438/249
f 2532/1442/252 2529/1443/251 2530/1440/251
f 2534/1444/253 2531/1445/51 2532/1442/252
f 2536/1446/254 2533/1447/255 2534/1444/253
f 2538/1448/256 2535/1449/254 2536/1446/254
f 2540/1450/257 2537/1451/256 2538/1448/256
f 2542/1452/258 2539/1453/259 2540/1450/257
f 2544/1454/260 2541/1455/258 2542/1452/258
f 2546/1456/261 2543/1457/262 2544/1454/260
f 2548/1458/263 2545/1459/264 2546/1456/261
f 2550/1460/265 2547/1461/263 2548/1458/263
f 2552/1462/266 2549/1463/267 2550/1460/265
f 2554/1464/268 2551/1465/269 2552/1462/266
f 2556/1466/270 2553/1467/271 2554/1464/268
f 2558/1468/272 2555/1469/270 2556/1466/270
f 2560/1470/273 2557/1471/272 2558/1468/272
f 2562/1472/274 2559/1473/273 2560/1470/273
f 2564/1474/275 2561/1475/274 2562/1472/274
f 2566/1476/276 2563/1477/275 2564/1474/275
f 2568/1478/277 2565/1479/276 2566/1476/276
f 2570/1480/278 2567/1481/279 2568/1478/277
f 2572/1482/280 2569/1483/278 2570/1480/278
f 2574/1484/281 2571/1485/280 2572/1482/280
f 2576/1486/282 2573/1487/281 2574/1484/281
f 2578/1488/283 2575/1489/282 2576/1486/282
f 2580/1490/284 2577/1491/283 2578/1488/283
f 2582/1492/285 2579/1493/284 2580/1490/284
f 2584/1494/286 2581/1495/287 2582/1492/285
f 2586/1496/288 2583/1497/286 2584/1494/286
f 2588/1498/289 2585/1499/288 2586/1496/288
f 2590/1500/290 2587/1501/289 2588/1498/289
f 2592/1502/291 2589/1503/290 2590/1500/290
f 2594/1504/292 2591/1505/291 2592/1502/291
f 2596/1506/293 2593/1507/292 2594/1504/292
f 2598/1508/294 2595/1509/295 2596/1506/293
f 2600/1510/296 2597/1511/294 2598/1508/294
f 2602/1512/297 2599/1513/296 2600/1510/296
f 2604/1514/298 2601/1515/297 2602/1512/297
f 2606/1516/299 2603/1517/298 2604/1514/298
f 2608/1518/300 2605/1519/301 2606/1516/299
f 2610/1520/302 2607/1521/300 2608/1518/300
f 2612/1522/303 2609/1523/302 2610/1520/302
f 2614/1524/304 2611/1525/303 2612/1522/303
f 2616/1526/305 2613/1527/304 2614/1524/304
f 2618/1528/306 2615/1529/307 2616/1526/305
f 2620/1530/308 2617/1531/306 2618/1528/306
f 2622/1532/309 2619/1533/310 2620/1530/308
f 2624/1534/311 2621/1535/309 2622/1532/309
f 2626/1536/312 2623/1537/311 2624/1534/311
f 2628/1538/313 2625/1539/312 2626/1536/312
f 2630/1540/314 2627/1541/313 2628/1538/313
f 2632/1542/315 2629/1543/314 2630/1540/314
f 2634/1544/316 2631/1545/315 2632/1542/315
f 2636/1546/317 2633/1547/316 2634/1544/316
f 2638/1548/318 2635/1549/319 2636/1546/317
f 2640/1550/320 2637/1551/318 2638/1548/318
f 2642/1552/321 2639/1553/320 2640/1550/320
f 2644/1554/322 2641/1555/321 2642/1552/321
f 2646/1556/323 2643/1557/322 2644/1554/322
f 2648/1558/324 2645/1559/323 2646/1556/323
f 2650/1560/325 2647/1561/326 2648/1558/324
f 2652/1562/327 2649/1563/325 2650/1560/325
f 2654/1564/328 2651/1565/329 2652/1562/327
f 2656/1566/330 2653/1567/328 2654/1564/328
f 2658/1568/331 2655/1569/332 2656/1566/330
f 2660/1570/333 2657/1571/331 2658/1568/331
f 2662/1572/333 2659/1573/333 2660/1570/333
f 2664/1574/333 2661/1575/333 2662/1572/333
f 2666/1576/333 2663/1577/333 2664/1574/333
f 2668/1578/333 2665/1579/333 2666/1576/333
f 2670/1580/333 2667/1581/333 2668/1578/333
f 2672/1582/333 2669/1583/333 2670/1580/333
f 2674/1584/333 2671/1585/333 2672/1582/333
f 2676/1586/333 2673/1587/333 2674/1584/333
f 2678/1588/333 2675/1589/333 2676/1586/333
f 2680/1590/333 2677/1591/333 2678/1588/333
f 2682/1592/334 2679/1593/333 2680/1590/333
f 2506/1273/236 2681/1594/334 2682/1592/334
f 2686/1595/335 2683/19/336 2684/995/337
f 2688/1596/338 2685/1597/335 2686/1595/335
f 2690/1598/339 2687/1599/338 2688/1596/338
f 2692/1600/340 2689/1601/339 2690/1598/339
f 2694/1602/341 2691/1603/340 2692/1600/340
f 2696/1604/342 2693/1605/341 2694/1602/341
f 2698/1606/343 2695/1607/342 2696/1604/342
f 2700/1608/344 2697/1609/343 2698/1606/343
f 2702/1610/345 2699/1611/344 2700/1608/344
f 2704/1612/346 2701/1613/347 2702/1610/345
f 2706/1614/348 2703/1615/346 2704/1612/346
f 2708/1616/349 2705/1617/348 2706/1614/348
f 2710/1618/349 2707/1619/349 2708/1616/349
f 2712/1620/350 2709/1621/349 2710/1618/349
f 2714/1622/350 2711/1623/350 2712/1620/350
f 2716/1624/351 2713/1625/350 2714/1622/350
f 2718/1626/352 2715/1627/353 2716/1624/351
f 2720/1628/354 2717/1629/352 2718/1626/352
f 2722/1630/355 2719/1631/356 2720/1628/354
f 2724/1632/357 2721/1633/355 2722/1630/355
f 2726/1634/358 2723/1635/359 2724/1632/357
f 2728/1636/360 2725/1637/361 2726/1634/358
f 2730/1638/362 2727/1639/360 2728/1636/360
f 2732/1640/363 2729/1641/362 2730/1638/362
f 2734/1642/364 2731/1643/363 2732/1640/363
f 2736/1644/365 2733/1645/364 2734/1642/364
f 2738/1646/366 2735/1647/365 2736/1644/365
f 2740/1648/367 2737/1649/366 2738/1646/366
f 2742/1650/368 2739/1651/367 2740/1648/367
f 2744/1652/369 2741/1653/368 2742/1650/368
f 2746/1654/370 2743/1655/369 2744/1652/369
f 2748/1656/371 2745/1657/370 2746/1654/370
f 2750/1658/372 2747/1659/371 2748/1656/371
f 2752/1660/373 2749/1661/374 2750/1658/372
f 2754/1662/375 2751/1663/373 2752/1660/373
f 2756/1664/376 2753/1665/375 2754/1662/375
f 2758/1666/377 2755/1667/376 2756/1664/376
f 2760/1668/378 2757/1669/377 2758/1666/377
f 2762/1670/379 2759/1671/378 2760/1668/378
f 2764/1672/380 2761/1673/379 2762/1670/379
f 2766/1674/381 2763/1675/380 2764/1672/380
f 2768/1676/350 2765/1677/381 2766/1674/381
f 2770/1678/382 2767/1679/350 2768/1676/350
f 2772/1680/383 2769/1681/382 2770/1678/382
f 2774/1682/384 2771/1683/385 2772/1680/383
f 2776/1684/386 2773/1685/384 2774/1682/384
f 2778/1686/387 2775/1687/386 2776/1684/386
f 2780/1688/388 2777/1689/387 2778/1686/387
f 2782/1690/389 2779/1691/388 2780/1688/388
f 2784/1692/390 2781/1693/389 2782/1690/389
f 2786/1694/391 2783/1695/390 2784/1692/390
f 2788/1696/392 2785/1697/391 2786/1694/391
f 2790/1698/393 2787/1699/394 2788/1696/392
f 2792/1700/395 2789/1701/393 2790/1698/393
f 2794/1702/396 2791/1703/397 2792/1700/395
f 2796/1704/398 2793/1705/396 2794/1702/396
f 2798/1706/399 2795/1707/400 2796/1704/398
f 2800/1708/401 2797/1709/402 2798/1706/399
f 2802/1710/403 2799/1711/401 2800/1708/401
f 2804/1712/404 2801/1713/405 2802/1710/403
f 2806/1133/406 2803/1714/404 2804/1712/404
f 2808/1715/407 2805/109/406 2806/1133/406
f 2810/1716/408 2807/1717/409 2808/1715/407
f 2812/1718/410 2809/1719/411 2810/1716/408
f 2814/1720/412 2811/1721/410 2812/1718/410
f 2816/1722/413 2813/1723/412 2814/1720/412
f 2818/1724/414 2815/1725/415 2816/1722/413
f 2820/1726/416 2817/1727/417 2818/1724/414
f 2822/1728/418 2819/1729/416 2820/1726/416
f 2824/1730/419 2821/1731/418 2822/1728/418
f 2826/1732/420 2823/1733/419 2824/1730/419
f 2828/1734/421 2825/1735/420 2826/1732/420
f 2830/1736/422 2827/1737/421 2828/1734/421
f 2832/1738/423 2829/1739/422 2830/1736/422
f 2834/1740/424 2831/1741/423 2832/1738/423
f 2836/1742/425 2833/1743/424 2834/1740/424
f 2838/1744/426 2835/1745/425 2836/1742/425
f 2840/1746/427 2837/1747/426 2838/1744/426
f 2842/1748/428 2839/1749/427 2840/1746/427
f 2844/1750/429 2841/1751/428 2842/1748/428
f 2846/1752/382 2843/1753/430 2844/1750/429
f 2848/1754/431 2845/1755/382 2846/1752/382
f 2850/1756/431 2847/1757/431 2848/1754/431
f 2852/1758/432 2849/1759/431 2850/1756/431
f 2854/1760/433 2851/1761/432 2852/1758/432
f 2856/1762/434 2853/1763/435 2854/1760/433
f 2858/1764/436 2855/1765/434 2856/1762/434
f 2860/1766/437 2857/1767/436 2858/1764/436
f 2862/1768/438 2859/1769/437 2860/1766/437
f 2864/1770/439 2861/1771/438 2862/1768/438
f 2866/1772/440 2863/1773/441 2864/1770/439
f 2868/1774/442 2865/1775/440 2866/1772/440
f 2870/1776/443 2867/1777/442 2868/1774/442
f 2872/1778/444 2869/1779/443 2870/1776/443
f 2874/1780/445 2871/1781/444 2872/1778/444
f 2876/1782/446 2873/1783/445 2874/1780/445
f 2878/1784/447 2875/1785/446 2876/1782/446
f 2880/1786/448 2877/1787/447 2878/1784/447
f 2882/1788/449 2879/1789/448 2880/1786/448
f 2884/1790/450 2881/1791/451 2882/1788/449
f 2886/1792/452 2883/1793/450 2884/1790/450
f 2888/1794/453 2885/1795/454 2886/1792/452
f 2890/1796/455 2887/1797/456 2888/1794/453
f 2892/1798/457 2889/1799/455 2890/1796/455
f 2894/1800/458 2891/1801/457 2892/1798/457
f 2896/1802/459 2893/1803/460 2894/1800/458
f 2898/1804/461 2895/1805/462 2896/1802/459
f 2900/1806/463 2897/1807/464 2898/1804/461
f 2902/1808/465 2899/1809/463 2900/1806/463
f 2904/1810/466 2901/1811/465 2902/1808/465
f 2906/1812/467 2903/1813/466 2904/1810/466
f 2908/1814/468 2905/1815/467 2906/1812/467
f 2910/1816/469 2907/1817/468 2908/1814/468
f 2912/1818/470 2909/1819/469 2910/1816/469
f 2914/1820/471 2911/1821/470 2912/1818/470
f 2916/1822/472 2913/1823/471 2914/1820/471
f 2918/1824/473 2915/1825/472 2916/1822/472
f 2920/1826/474 2917/1827/473 2918/1824/473
f 2922/1828/475 2919/1829/474 2920/1826/474
f 2924/1830/476 2921/1831/475 2922/1828/475
f 2926/1832/477 2923/1833/478 2924/1830/476
f 2684/1273/337 2925/1834/477 2926/1832/477
f 2930/1835/479 2927/19/480 2928/995/480
f 2932/1836/481 2929/1837/482 2930/1835/479
f 2934/1000/483 2931/1838/484 2932/1836/481
f 2936/1839/485 2933/1002/486 2934/1000/483
f 2938/1840/487 2935/1841/485 2936/1839/485
f 2940/1006/488 2937/1842/487 2938/1840/487
f 2942/1843/489 2939/1009/488 2940/1006/488
f 2944/1844/490 2941/1845/489 2942/1843/489
f 2946/1013/491 2943/1846/490 2944/1844/490
f 2948/1847/492 2945/259/491 2946/1013/491
f 2950/1848/493 2947/1849/494 2948/1847/492
f 2952/1020/495 2949/1850/493 2950/1848/493
f 2954/1851/496 2951/1022/495 2952/1020/495
f 2956/1852/497 2953/1853/496 2954/1851/496
f 2958/1026/498 2955/1854/497 2956/1852/497
f 2960/1855/499 2957/1029/498 2958/1026/498
f 2962/1856/500 2959/1857/499 2960/1855/499
f 2964/1033/501 2961/1858/500 2962/1856/500
f 2966/1859/502 2963/270/501 2964/1033/501
f 2968/1860/45 2965/1861/502 2966/1859/502
f 2970/1040/503 2967/1862/45 2968/1860/45
f 2972/1863/504 2969/1042/503 2970/1040/503
f 2974/1864/505 2971/1865/504 2972/1863/504
f 2976/1046/506 2973/1866/505 2974/1864/505
f 2978/1867/507 2975/1049/508 2976/1046/506
f 2980/1868/509 2977/1869/507 2978/1867/507
f 2982/1053/510 2979/1870/509 2980/1868/509
f 2984/1871/511 2981/164/510 2982/1053/510
f 2986/1872/512 2983/1873/511 2984/1871/511
f 2988/1060/513 2985/1874/512 2986/1872/512
f 2990/1875/514 2987/1062/513 2988/1060/513
f 2992/1876/515 2989/1877/514 2990/1875/514
f 2994/1066/516 2991/1878/515 2992/1876/515
f 2996/1879/517 2993/1069/516 2994/1066/516
f 2998/1880/518 2995/1881/517 2996/1879/517
f 3000/1073/519 2997/1882/518 2998/1880/518
f 3002/1883/520 2999/173/519 3000/1073/519
f 3004/1884/521 3001/1885/520 3002/1883/520
f 3006/1080/522 3003/1886/523 3004/1884/521
f 3008/1887/524 3005/1082/522 3006/1080/522
f 3010/1888/525 3007/1889/524 3008/1887/524
f 3012/1086/526 3009/1890/527 3010/1888/525
f 3014/1891/528 3011/1089/526 3012/1086/526
f 3016/1892/529 3013/1893/528 3014/1891/528
f 3018/1093/530 3015/1894/529 3016/1892/529
f 3020/1895/531 3017/285/532 3018/1093/530
f 3022/1896/533 3019/1897/534 3020/1895/531
f 3024/1100/535 3021/1898/536 3022/1896/533
f 3026/1899/537 3023/1102/535 3024/1100/535
f 3028/1900/538 3025/1901/537 3026/1899/537
f 3030/1106/539 3027/1902/538 3028/1900/538
f 3032/1903/540 3029/1109/539 3030/1106/539
f 3034/1904/541 3031/1905/540 3032/1903/540
f 3036/1113/542 3033/1906/541 3034/1904/541
f 3038/1907/543 3035/131/542 3036/1113/542
f 3040/1908/544 3037/1909/543 3038/1907/543
f 3042/1120/545 3039/1910/544 3040/1908/544
f 3044/1911/546 3041/1122/545 3042/1120/545
f 3046/1912/547 3043/1913/546 3044/1911/546
f 3048/1126/548 3045/1914/547 3046/1912/547
f 3050/1915/549 3047/1129/550 3048/1126/548
f 3052/1916/551 3049/1917/549 3050/1915/549
f 3054/1133/552 3051/1918/551 3052/1916/551
f 3056/1919/553 3053/109/554 3054/1133/552
f 3058/1920/555 3055/1921/553 3056/1919/553
f 3060/1140/556 3057/1922/555 3058/1920/555
f 3062/1923/557 3059/1142/558 3060/1140/556
f 3064/1924/559 3061/1925/557 3062/1923/557
f 3066/1146/560 3063/1926/561 3064/1924/559
f 3068/1927/562 3065/1149/563 3066/1146/560
f 3070/1928/564 3067/1929/565 3068/1927/562
f 3072/1153/566 3069/1930/567 3070/1928/564
f 3074/1931/568 3071/77/566 3072/1153/566
f 3076/1932/569 3073/1933/570 3074/1931/568
f 3078/1160/571 3075/1934/569 3076/1932/569
f 3080/1935/572 3077/1162/571 3078/1160/571
f 3082/1936/573 3079/1937/572 3080/1935/572
f 3084/1166/574 3081/1938/573 3082/1936/573
f 3086/1939/575 3083/1169/574 3084/1166/574
f 3088/1940/576 3085/1941/577 3086/1939/575
f 3090/1173/578 3087/1942/576 3088/1940/576
f 3092/1943/579 3089/30/578 3090/1173/578
f 3094/1944/580 3091/1945/579 3092/1943/579
f 3096/1180/581 3093/1946/580 3094/1944/580
f 3098/1947/582 3095/1182/581 3096/1180/581
f 3100/1948/583 3097/1949/582 3098/1947/582
f 3102/1186/584 3099/1950/583 3100/1948/583
f 3104/1951/585 3101/1189/584 3102/1186/584
f 3106/1952/586 3103/1953/585 3104/1951/585
f 3108/1193/587 3105/1954/588 3106/1952/586
f 3110/1955/589 3107/59/590 3108/1193/587
f 3112/1956/591 3109/1957/592 3110/1955/589
f 3114/1200/593 3111/1958/591 3112/1956/591
f 3116/1959/594 3113/1202/595 3114/1200/593
f 3118/1960/596 3115/1961/597 3116/1959/594
f 3120/1206/598 3117/1962/596 3118/1960/596
f 3122/1963/599 3119/1209/598 3120/1206/598
f 3124/1964/600 3121/1965/599 3122/1963/599
f 3126/1213/601 3123/1966/602 3124/1964/600
f 3128/1967/603 3125/96/601 3126/1213/601
f 3130/1968/604 3127/1969/603 3128/1967/603
f 3132/1220/605 3129/1970/604 3130/1968/604
f 3134/1971/606 3131/1222/605 3132/1220/605
f 3136/1972/607 3133/1973/606 3134/1971/606
f 3138/1226/608 3135/1974/607 3136/1972/607
f 3140/1975/609 3137/1229/608 3138/1226/608
f 3142/1976/610 3139/1977/609 3140/1975/609
f 3144/1233/611 3141/1978/610 3142/1976/610
f 3146/1979/612 3143/160/611 3144/1233/611
f 3148/1980/613 3145/1981/612 3146/1979/612
f 3150/1240/614 3147/1982/613 3148/1980/613
f 3152/1983/615 3149/1242/614 3150/1240/614
f 3154/1984/616 3151/1985/615 3152/1983/615
f 3156/1246/617 3153/1986/618 3154/1984/616
f 3158/1987/619 3155/1249/617 3156/1246/617
f 3160/1988/620 3157/1989/619 3158/1987/619
f 3162/1253/621 3159/1990/620 3160/1988/620
f 3164/1991/622 3161/214/623 3162/1253/621
f 3166/1992/624 3163/1993/622 3164/1991/622
f 3168/1260/625 3165/1994/624 3166/1992/624
f 3170/1995/626 3167/1262/627 3168/1260/625
f 3172/1996/628 3169/1997/626 3170/1995/626
f 3174/1266/629 3171/1998/628 3172/1996/628
f 3176/1999/630 3173/1269/629 3174/1266/629
f 3178/2000/631 3175/2001/630 3176/1999/630
f 2928/1273/480 3177/2002/631 3178/2000/631
f 3182/1835/632 3179/19/633 3180/995/633
f 3184/1836/634 3181/1837/635 3182/1835/632
f 3186/1000/636 3183/1838/634 3184/1836/634
f 3188/1839/637 3185/1002/636 3186/1000/636
f 3190/1840/638 3187/1841/637 3188/1839/637
f 3192/1006/639 3189/1842/640 3190/1840/638
f 3194/1843/641 3191/1009/490 3192/1006/639
f 3196/1844/642 3193/1845/641 3194/1843/641
f 3198/1013/643 3195/1846/642 3196/1844/642
f 3200/1847/644 3197/259/645 3198/1013/643
f 3202/1848/646 3199/1849/647 3200/1847/644
f 3204/1020/648 3201/1850/646 3202/1848/646
f 3206/1851/649 3203/1022/648 3204/1020/648
f 3208/1852/650 3205/1853/649 3206/1851/649
f 3210/1026/651 3207/1854/650 3208/1852/650
f 3212/1855/652 3209/1029/653 3210/1026/651
f 3214/1856/654 3211/1857/652 3212/1855/652
f 3216/1033/655 3213/1858/654 3214/1856/654
f 3218/1859/656 3215/270/655 3216/1033/655
f 3220/1860/657 3217/1861/658 3218/1859/656
f 3222/1040/659 3219/1862/657 3220/1860/657
f 3224/1863/660 3221/1042/661 3222/1040/659
f 3226/1864/662 3223/1865/660 3224/1863/660
f 3228/1046/663 3225/1866/664 3226/1864/662
f 3230/1867/665 3227/1049/663 3228/1046/663
f 3232/1868/666 3229/1869/665 3230/1867/665
f 3234/1053/667 3231/1870/666 3232/1868/666
f 3236/1871/668 3233/164/667 3234/1053/667
f 3238/1872/669 3235/1873/668 3236/1871/668
f 3240/1060/670 3237/1874/669 3238/1872/669
f 3242/1875/671 3239/1062/670 3240/1060/670
f 3244/1876/672 3241/1877/671 3242/1875/671
f 3246/1066/673 3243/1878/672 3244/1876/672
f 3248/1879/674 3245/1069/673 3246/1066/673
f 3250/1880/675 3247/1881/674 3248/1879/674
f 3252/1073/676 3249/1882/677 3250/1880/675
f 3254/1883/678 3251/173/676 3252/1073/676
f 3256/1884/679 3253/1885/678 3254/1883/678
f 3258/1080/680 3255/1886/679 3256/1884/679
f 3260/1887/681 3257/1082/680 3258/1080/680
f 3262/1888/682 3259/1889/681 3260/1887/681
f 3264/1086/683 3261/1890/682 3262/1888/682
f 3266/1891/684 3263/1089/683 3264/1086/683
f 3268/1892/685 3265/1893/684 3266/1891/684
f 3270/1093/686 3267/1894/685 3268/1892/685
f 3272/1895/687 3269/285/688 3270/1093/686
f 3274/1896/689 3271/1897/687 3272/1895/687
f 3276/1100/690 3273/1898/691 3274/1896/689
f 3278/1899/692 3275/1102/693 3276/1100/690
f 3280/1900/694 3277/1901/692 3278/1899/692
f 3282/1106/695 3279/1902/694 3280/1900/694
f 3284/1903/696 3281/1109/695 3282/1106/695
f 3286/1904/697 3283/1905/698 3284/1903/696
f 3288/1113/699 3285/1906/697 3286/1904/697
f 3290/1907/700 3287/131/699 3288/1113/699
f 3292/1908/701 3289/1909/700 3290/1907/700
f 3294/1120/702 3291/1910/701 3292/1908/701
f 3296/1911/703 3293/1122/702 3294/1120/702
f 3298/1912/704 3295/1913/703 3296/1911/703
f 3300/1126/705 3297/1914/704 3298/1912/704
f 3302/1915/706 3299/1129/707 3300/1126/705
f 3304/1916/708 3301/1917/706 3302/1915/706
f 3306/1133/709 3303/1918/708 3304/1916/708
f 3308/1919/710 3305/109/709 3306/1133/709
f 3310/1920/711 3307/1921/712 3308/1919/710
f 3312/1140/713 3309/1922/711 3310/1920/711
f 3314/1923/714 3311/1142/713 3312/1140/713
f 3316/1924/715 3313/1925/714 3314/1923/714
f 3318/1146/716 3315/1926/715 3316/1924/715
f 3320/1927/717 3317/1149/716 3318/1146/716
f 3322/1928/718 3319/1929/719 3320/1927/717
f 3324/1153/720 3321/1930/718 3322/1928/718
f 3326/1931/721 3323/77/722 3324/1153/720
f 3328/1932/569 3325/1933/723 3326/1931/721
f 3330/1160/724 3327/1934/569 3328/1932/569
f 3332/1935/725 3329/1162/724 3330/1160/724
f 3334/1936/726 3331/1937/727 3332/1935/725
f 3336/1166/728 3333/1938/726 3334/1936/726
f 3338/1939/729 3335/1169/728 3336/1166/728
f 3340/1940/730 3337/1941/731 3338/1939/729
f 3342/1173/732 3339/1942/730 3340/1940/730
f 3344/1943/733 3341/30/734 3342/1173/732
f 3346/1944/735 3343/1945/733 3344/1943/733
f 3348/1180/736 3345/1946/735 3346/1944/735
f 3350/1947/737 3347/1182/736 3348/1180/736
f 3352/1948/738 3349/1949/737 3350/1947/737
f 3354/1186/739 3351/1950/738 3352/1948/738
f 3356/1951/740 3353/1189/739 3354/1186/739
f 3358/1952/741 3355/1953/742 3356/1951/740
f 3360/1193/743 3357/1954/744 3358/1952/741
f 3362/1955/745 3359/59/743 3360/1193/743
f 3364/1956/746 3361/1957/745 3362/1955/745
f 3366/1200/747 3363/1958/746 3364/1956/746
f 3368/1959/748 3365/1202/747 3366/1200/747
f 3370/1960/749 3367/1961/750 3368/1959/748
f 3372/1206/751 3369/1962/752 3370/1960/749
f 3374/1963/753 3371/1209/751 3372/1206/751
f 3376/1964/754 3373/1965/753 3374/1963/753
f 3378/1213/755 3375/1966/756 3376/1964/754
f 3380/1967/757 3377/96/758 3378/1213/755
f 3382/1968/759 3379/1969/757 3380/1967/757
f 3384/1220/760 3381/1970/759 3382/1968/759
f 3386/1971/761 3383/1222/760 3384/1220/760
f 3388/1972/762 3385/1973/761 3386/1971/761
f 3390/1226/763 3387/1974/762 3388/1972/762
f 3392/1975/764 3389/1229/763 3390/1226/763
f 3394/1976/765 3391/1977/764 3392/1975/764
f 3396/1233/766 3393/1978/765 3394/1976/765
f 3398/1979/767 3395/160/766 3396/1233/766
f 3400/1980/768 3397/1981/767 3398/1979/767
f 3402/1240/769 3399/1982/768 3400/1980/768
f 3404/1983/770 3401/1242/769 3402/1240/769
f 3406/1984/771 3403/1985/770 3404/1983/770
f 3408/1246/772 3405/1986/771 3406/1984/771
f 3410/1987/773 3407/1249/772 3408/1246/772
f 3412/1988/774 3409/1989/773 3410/1987/773
f 3414/1253/775 3411/1990/774 3412/1988/774
f 3416/1991/776 3413/214/775 3414/1253/775
f 3418/1992/777 3415/1993/776 3416/1991/776
f 3420/1260/778 3417/1994/777 3418/1992/777
f 3422/1995/779 3419/1262/778 3420/1260/778
f 3424/1996/780 3421/1997/781 3422/1995/779
f 3426/1266/782 3423/1998/780 3424/1996/780
f 3428/1999/783 3425/1269/782 3426/1266/782
f 3430/2000/784 3427/2001/783 3428/1999/783
f 3180/1273/633 3429/2002/784 3430/2000/784
f 3434/2003/785 3431/19/786 3432/995/786
f 3436/2004/787 3433/2005/788 3434/2003/785
f 3438/2006/789 3435/2007/787 3436/2004/787
f 3440/2008/790 3437/2009/789 3438/2006/789
f 3442/2010/791 3439/2011/792 3440/2008/790
f 3444/2012/793 3441/2013/791 3442/2010/791
f 3446/2014/794 3443/2015/793 3444/2012/793
f 3448/2016/795 3445/2017/794 3446/2014/794
f 3450/2018/796 3447/2019/795 3448/2016/795
f 3452/2020/797 3449/2021/796 3450/2018/796
f 3454/2022/798 3451/2023/799 3452/2020/797
f 3456/2024/349 3453/2025/798 3454/2022/798
f 3458/2026/800 3455/2027/349 3456/2024/349
f 3460/2028/800 3457/2029/800 3458/2026/800
f 3462/2030/800 3459/2031/800 3460/2028/800
f 3464/2032/800 3461/2033/800 3462/2030/800
f 3466/2034/800 3463/2035/800 3464/2032/800
f 3468/2036/800 3465/2037/800 3466/2034/800
f 3470/2038/800 3467/2039/800 3468/2036/800
f 3472/2040/800 3469/2041/800 3470/2038/800
f 3474/2042/800 3471/2043/800 3472/2040/800
f 3476/2044/800 3473/2045/800 3474/2042/800
f 3478/2046/800 3475/2047/800 3476/2044/800
f 3480/2048/801 3477/2049/800 3478/2046/800
f 3482/2050/802 3479/2051/801 3480/2048/801
f 3484/2052/803 3481/2053/802 3482/2050/802
f 3486/2054/804 3483/2055/803 3484/2052/803
f 3488/2056/805 3485/2057/806 3486/2054/804
f 3490/2058/807 3487/2059/808 3488/2056/805
f 3492/2060/809 3489/2061/807 3490/2058/807
f 3494/2062/810 3491/2063/809 3492/2060/809
f 3496/2064/811 3493/2065/810 3494/2062/810
f 3498/2066/812 3495/2067/811 3496/2064/811
f 3500/2068/813 3497/2069/812 3498/2066/812
f 3502/2070/814 3499/2071/813 3500/2068/813
f 3504/2072/815 3501/2073/814 3502/2070/814
f 3506/2074/816 3503/2075/815 3504/2072/815
f 3508/2076/817 3505/2077/818 3506/2074/816
f 3510/2078/819 3507/2079/820 3508/2076/817
f 3512/2080/821 3509/2081/819 3510/2078/819
f 3514/2082/822 3511/2083/823 3512/2080/821
f 3516/2084/824 3513/2085/825 3514/2082/822
f 3518/2086/826 3515/2087/824 3516/2084/824
f 3520/2088/827 3517/2089/828 3518/2086/826
f 3522/2090/829 3519/2091/830 3520/2088/827
f 3524/2092/831 3521/2093/829 3522/2090/829
f 3526/2094/832 3523/2095/831 3524/2092/831
f 3528/2096/833 3525/2097/832 3526/2094/832
f 3530/2098/834 3527/2099/833 3528/2096/833
f 3532/2100/835 3529/2101/834 3530/2098/834
f 3534/2102/836 3531/2103/835 3532/2100/835
f 3536/2104/837 3533/2105/836 3534/2102/836
f 3538/2106/838 3535/2107/837 3536/2104/837
f 3540/2108/839 3537/174/838 3538/2106/838
f 3542/2109/840 3539/2110/839 3540/2108/839
f 3544/2111/841 3541/2112/840 3542/2109/840
f 3546/2113/842 3543/2114/841 3544/2111/841
f 3548/2115/843 3545/2116/842 3546/2113/842
f 3550/2117/844 3547/2118/843 3548/2115/843
f 3552/2119/845 3549/2120/844 3550/2117/844
f 3554/2121/846 3551/2122/845 3552/2119/845
f 3556/2123/847 3553/2124/848 3554/2121/846
f 3558/2125/849 3555/2126/847 3556/2123/847
f 3560/2127/850 3557/2128/851 3558/2125/849
f 3562/2129/852 3559/2130/850 3560/2127/850
f 3564/2131/853 3561/2132/854 3562/2129/852
f 3566/2133/855 3563/2134/856 3564/2131/853
f 3568/2135/857 3565/2136/855 3566/2133/855
f 3570/2137/858 3567/2138/859 3568/2135/857
f 3572/2139/860 3569/2140/858 3570/2137/858
f 3574/2141/861 3571/2142/860 3572/2139/860
f 3576/2143/862 3573/2144/861 3574/2141/861
f 3578/2145/863 3575/2146/864 3576/2143/862
f 3580/2147/865 3577/2148/863 3578/2145/863
f 3582/2149/866 3579/2150/865 3580/2147/865
f 3584/2151/867 3581/2152/866 3582/2149/866
f 3586/2153/868 3583/2154/867 3584/2151/867
f 3588/2155/869 3585/2156/868 3586/2153/868
f 3590/2157/870 3587/2158/869 3588/2155/869
f 3592/2159/871 3589/2160/870 3590/2157/870
f 3594/2161/233 3591/2162/871 3592/2159/871
f 3596/2163/872 3593/2164/233 3594/2161/233
f 3598/2165/873 3595/2166/872 3596/2163/872
f 3600/2167/874 3597/2168/873 3598/2165/873
f 3602/2169/875 3599/2170/874 3600/2167/874
f 3604/2171/876 3601/2172/875 3602/2169/875
f 3606/2173/877 3603/2174/876 3604/2171/876
f 3608/2175/878 3605/2176/877 3606/2173/877
f 3610/2177/879 3607/2178/880 3608/2175/878
f 3612/2179/881 3609/2180/882 3610/2177/879
f 3614/2181/883 3611/2182/884 3612/2179/881
f 3616/2183/885 3613/2184/886 3614/2181/883
f 3618/2185/887 3615/2186/888 3616/2183/885
f 3620/2187/889 3617/2188/890 3618/2185/887
f 3622/2189/891 3619/2190/889 3620/2187/889
f 3624/2191/892 3621/2192/893 3622/2189/891
f 3626/2193/894 3623/2194/895 3624/2191/892
f 3628/2195/896 3625/2196/897 3626/2193/894
f 3630/2197/898 3627/2198/896 3628/2195/896
f 3632/2199/899 3629/2200/898 3630/2197/898
f 3634/2201/900 3631/2202/899 3632/2199/899
f 3636/2203/901 3633/2204/900 3634/2201/900
f 3638/2205/902 3635/2206/901 3636/2203/901
f 3640/2207/903 3637/2208/902 3638/2205/902
f 3642/2209/904 3639/2210/903 3640/2207/903
f 3644/2211/905 3641/2212/904 3642/2209/904
f 3646/2213/906 3643/187/905 3644/2211/905
f 3648/2214/907 3645/2215/906 3646/2213/906
f 3650/2216/908 3647/2217/907 3648/2214/907
f 3652/2218/909 3649/2219/908 3650/2216/908
f 3654/2220/910 3651/2221/909 3652/2218/909
f 3656/2222/911 3653/2223/910 3654/2220/910
f 3658/2224/912 3655/2225/911 3656/2222/911
f 3660/2226/913 3657/2227/912 3658/2224/912
f 3662/2228/914 3659/2229/913 3660/2226/913
f 3664/2230/915 3661/2231/914 3662/2228/914
f 3666/2232/916 3663/2233/915 3664/2230/915
f 3668/2234/917 3665/2235/916 3666/2232/916
f 3670/2236/918 3667/2237/917 3668/2234/917
f 3672/2238/919 3669/2239/920 3670/2236/918
f 3674/2240/921 3671/2241/919 3672/2238/919
f 3676/2242/922 3673/2243/921 3674/2240/921
f 3678/2244/923 3675/2245/922 3676/2242/922
f 3680/2246/924 3677/2247/925 3678/2244/923
f 3682/2248/926 3679/2249/927 3680/2246/924
f 3684/2250/928 3681/2251/929 3682/2248/926
f 3686/2252/930 3683/2253/928 3684/2250/928
f 3688/2254/931 3685/2255/930 3686/2252/930
f 3690/2256/932 3687/2257/933 3688/2254/931
f 3692/2258/934 3689/2259/932 3690/2256/932
f 3694/2260/935 3691/2261/934 3692/2258/934
f 3696/2262/936 3693/2263/935 3694/2260/935
f 3698/2264/937 3695/2265/938 3696/2262/936
f 3700/2266/939 3697/2267/940 3698/2264/937
f 3702/2268/941 3699/2269/939 3700/2266/939
f 3704/2270/942 3701/2271/941 3702/2268/941
f 3706/2272/943 3703/2273/942 3704/2270/942
f 3708/2274/944 3705/2275/943 3706/2272/943
f 3710/2276/945 3707/2277/946 3708/2274/944
f 3712/2278/947 3709/2279/948 3710/2276/945
f 3714/2280/949 3711/2281/950 3712/2278/947
f 3716/2282/951 3713/2283/949 3714/2280/949
f 3718/2284/952 3715/2285/953 3716/2282/951
f 3720/2286/954 3717/2287/955 3718/2284/952
f 3722/2288/956 3719/2289/954 3720/2286/954
f 3724/2290/957 3721/2291/958 3722/2288/956
f 3726/2292/959 3723/2293/957 3724/2290/957
f 3728/2294/960 3725/2295/959 3726/2292/959
f 3730/2296/961 3727/2297/960 3728/2294/960
f 3732/2298/962 3729/2299/961 3730/2296/961
f 3734/2300/963 3731/2301/962 3732/2298/962
f 3736/2302/964 3733/2303/963 3734/2300/963
f 3738/2304/965 3735/2305/964 3736/2302/964
f 3740/2306/966 3737/2307/965 3738/2304/965
f 3742/2308/967 3739/2309/966 3740/2306/966
f 3744/2310/968 3741/2311/969 3742/2308/967
f 3746/2312/970 3743/2313/968 3744/2310/968
f 3748/2314/971 3745/2315/972 3746/2312/970
f 3750/2316/973 3747/2317/971 3748/2314/971
f 3752/2318/382 3749/148/973 3750/2316/973
f 3754/2319/382 3751/2320/382 3752/2318/382
f 3756/2321/431 3753/2322/382 3754/2319/382
f 3758/2323/431 3755/2324/431 3756/2321/431
f 3760/2325/382 3757/2326/431 3758/2323/431
f 3762/2327/382 3759/2328/382 3760/2325/382
f 3764/2329/431 3761/2330/382 3762/2327/382
f 3766/2331/431 3763/2332/431 3764/2329/431
f 3768/2333/382 3765/2334/431 3766/2331/431
f 3770/2335/382 3767/2336/382 3768/2333/382
f 3772/2337/431 3769/2338/382 3770/2335/382
f 3774/2339/431 3771/2340/431 3772/2337/431
f 3776/2341/974 3773/2342/431 3774/2339/431
f 3778/2343/975 3775/2344/974 3776/2341/974
f 3780/2345/976 3777/2346/975 3778/2343/975
f 3782/2347/977 3779/2348/976 3780/2345/976
f 3784/2349/978 3781/2350/977 3782/2347/977
f 3786/2351/979 3783/2352/978 3784/2349/978
f 3788/2353/980 3785/2354/979 3786/2351/979
f 3790/2355/981 3787/2356/980 3788/2353/980
f 3792/2357/982 3789/2358/981 3790/2355/981
f 3794/2359/983 3791/2360/982 3792/2357/982
f 3796/2361/984 3793/2362/983 3794/2359/983
f 3798/2363/985 3795/2364/984 3796/2361/984
f 3800/2365/986 3797/2366/985 3798/2363/985
f 3802/2367/987 3799/2368/988 3800/2365/986
f 3804/2369/989 3801/2370/990 3802/2367/987
f 3806/2371/991 3803/2372/992 3804/2369/989
f 3808/2373/993 3805/2374/994 3806/2371/991
f 3810/2375/449 3807/2376/995 3808/2373/993
f 3812/2377/996 3809/2378/997 3810/2375/449
f 3814/2379/998 3811/2380/999 3812/2377/996
f 3816/2381/1000 3813/2382/1001 3814/2379/998
f 3818/2383/1002 3815/2384/1003 3816/2381/1000
f 3820/2385/1004 3817/2386/1002 3818/2383/1002
f 3822/2387/1005 3819/2388/1004 3820/2385/1004
f 3824/2389/1006 3821/2390/1005 3822/2387/1005
f 3826/2391/1007 3823/2392/1008 3824/2389/1006
f 3828/2393/1009 3825/2394/1007 3826/2391/1007
f 3830/2395/1010 3827/2396/1009 3828/2393/1009
f 3832/2397/1011 3829/2398/1010 3830/2395/1010
f 3834/2399/1012 3831/2400/1011 3832/2397/1011
f 3836/2401/1013 3833/2402/1012 3834/2399/1012
f 3838/2403/1014 3835/2404/1013 3836/2401/1013
f 3840/2405/1015 3837/2406/1014 3838/2403/1014
f 3842/2407/1016 3839/2408/1015 3840/2405/1015
f 3844/2409/1017 3841/2410/1016 3842/2407/1016
f 3846/2411/1018 3843/2412/1017 3844/2409/1017
f 3848/2413/1019 3845/2414/1018 3846/2411/1018
f 3850/2415/1020 3847/2416/1019 3848/2413/1019
f 3852/2417/434 3849/2418/1020 3850/2415/1020
f 3854/2419/1021 3851/2420/434 3852/2417/434
f 3856/2421/1022 3853/2422/1021 3854/2419/1021
f 3858/2423/1023 3855/300/1022 3856/2421/1022
f 3860/2424/1024 3857/2425/1023 3858/2423/1023
f 3862/2426/1025 3859/2427/1024 3860/2424/1024
f 3864/2428/1026 3861/2429/1025 3862/2426/1025
f 3866/2430/1027 3863/2431/1026 3864/2428/1026
f 3868/2432/1028 3865/2433/1027 3866/2430/1027
f 3870/2434/1029 3867/2435/1028 3868/2432/1028
f 3872/2436/964 3869/2437/1029 3870/2434/1029
f 3874/2438/1030 3871/2439/964 3872/2436/964
f 3876/2440/349 3873/2441/1031 3874/2438/1030
f 3878/2442/349 3875/2443/349 3876/2440/349
f 3880/2444/350 3877/2445/349 3878/2442/349
f 3882/2446/350 3879/2447/350 3880/2444/350
f 3884/2448/349 3881/2449/350 3882/2446/350
f 3886/2450/349 3883/2451/349 3884/2448/349
f 3888/2452/350 3885/2453/349 3886/2450/349
f 3890/2454/350 3887/2455/350 3888/2452/350
f 3892/2456/349 3889/2457/350 3890/2454/350
f 3894/2458/349 3891/2459/349 3892/2456/349
f 3896/2460/350 3893/2461/349 3894/2458/349
f 3898/2462/350 3895/2463/350 3896/2460/350
f 3900/2464/1032 3897/2465/350 3898/2462/350
f 3902/2466/1032 3899/2467/1032 3900/2464/1032
f 3904/2468/1033 3901/2469/1034 3902/2466/1032
f 3906/2470/1035 3903/2471/1033 3904/2468/1033
f 3908/2472/1036 3905/2473/1037 3906/2470/1035
f 3910/2474/1038 3907/2475/1036 3908/2472/1036
f 3912/2476/1039 3909/2477/1038 3910/2474/1038
f 3914/2478/1040 3911/2479/1039 3912/2476/1039
f 3916/2480/1041 3913/2481/1040 3914/2478/1040
f 3918/2482/1042 3915/2483/1041 3916/2480/1041
f 3920/2484/1043 3917/2485/1042 3918/2482/1042
f 3922/2486/1044 3919/2487/1043 3920/2484/1043
f 3924/2488/1045 3921/2489/1044 3922/2486/1044
f 3926/2490/1046 3923/2491/1047 3924/2488/1045
f 3928/2492/1048 3925/2493/1046 3926/2490/1046
f 3930/2494/382 3927/2495/1049 3928/2492/1048
f 3932/2496/431 3929/2497/382 3930/2494/382
f 3934/2498/1050 3931/2499/431 3932/2496/431
f 3936/2500/1051 3933/2501/1050 3934/2498/1050
f 3938/2502/1052 3935/2503/1051 3936/2500/1051
f 3940/2504/1053 3937/2505/1052 3938/2502/1052
f 3942/2506/1054 3939/2507/1053 3940/2504/1053
f 3944/2508/153 3941/2509/1054 3942/2506/1054
f 3946/2510/1055 3943/2511/153 3944/2508/153
f 3948/2512/1056 3945/2513/1057 3946/2510/1055
f 3950/2514/1058 3947/2515/1059 3948/2512/1056
f 3952/2516/1060 3949/2517/1061 3950/2514/1058
f 3954/2518/1062 3951/2519/1060 3952/2516/1060
f 3956/2520/1063 3953/2521/1062 3954/2518/1062
f 3958/2522/431 3955/2523/1064 3956/2520/1063
f 3960/2524/1065 3957/2525/431 3958/2522/431
f 3432/1273/786 3959/2526/1065 3960/2524/1065
f 3964/1063/382 3961/19/431 3962/995/431
f 3966/1133/350 3963/154/382 3964/1063/382
f 3968/1203/349 3965/109/350 3966/1133/350
f 3962/1273/431 3967/138/349 3968/1203/349
f 3972/1063/382 3969/19/431 3970/995/431
f 3974/1133/350 3971/154/382 3972/1063/382
f 3976/1203/349 3973/109/350 3974/1133/350
f 3970/1273/431 3975/138/349 3976/1203/349
f 3980/1063/382 3977/19/431 3978/995/431
f 3982/1133/350 3979/154/382 3980/1063/382
f 3984/1203/349 3981/109/350 3982/1133/350
f 3978/1273/431 3983/138/349 3984/1203/349
f 3988/1063/382 3985/19/431 3986/995/431
f 3990/1133/350 3987/154/382 3988/1063/382
f 3992/1203/349 3989/109/350 3990/1133/350
f 3986/1273/431 3991/138/349 3992/1203/349
f 3996/2527/349 3993/19/349 3994/995/349
f 3998/1028/350 3995/2528/349 3996/2527/349
f 4000/2529/382 3997/278/350 3998/1028/350
f 4002/1063/382 3999/2530/382 4000/2529/382
f 4004/2531/350 4001/154/382 4002/1063/382
f 4006/1098/350 4003/2532/350 4004/2531/350
f 4008/2533/382 4005/249/350 4006/1098/350
f 4010/1133/382 4007/2534/382 4008/2533/382
f 4012/2535/350 4009/109/382 4010/1133/382
f 4014/1168/350 4011/2536/350 4012/2535/350
f 4016/2537/382 4013/61/350 4014/1168/350
f 4018/1203/431 4015/2538/382 4016/2537/382
f 4020/2539/431 4017/138/431 4018/1203/431
f 4022/1238/431 4019/2540/431 4020/2539/431
f 4024/2541/349 4021/189/431 4022/1238/431
f 3994/1273/349 4023/2542/349 4024/2541/349
f 4028/1063/350 4025/19/382 4026/995/382
f 4030/1133/349 4027/154/350 4028/1063/350
f 4032/1203/431 4029/109/349 4030/1133/349
f 4026/1273/382 4031/138/431 4032/1203/431
f 4036/1063/349 4033/19/350 4034/995/350
f 4038/1133/431 4035/154/349 4036/1063/349
f 4040/1203/382 4037/109/431 4038/1133/431
f 4034/1273/350 4039/138/382 4040/1203/382
f 2024/994/3 2023/997/3 2021/19/4
f 2026/996/5 2025/999/5 2023/997/3
f 2028/998/6 2027/209/6 2025/999/5
f 2030/1000/7 2029/1002/7 2027/209/6
f 2032/1001/8 2031/1004/8 2029/1002/7
f 2034/1003/9 2033/199/9 2031/1004/8
f 2036/1005/10 2035/1007/10 2033/199/9
f 2038/1006/11 2037/1009/11 2035/1007/10
f 2040/1008/12 2039/264/12 2037/1009/11
f 2042/1010/13 2041/1012/13 2039/264/12
f 2044/1011/14 2043/1014/14 2041/1012/13
f 2046/1013/15 2045/259/15 2043/1014/14
f 2048/1015/16 2047/1017/18 2045/259/15
f 2050/1016/17 2049/1019/17 2047/1017/18
f 2052/1018/19 2051/253/19 2049/1019/17
f 2054/1020/20 2053/1022/20 2051/253/19
f 2056/1021/21 2055/1024/21 2053/1022/20
f 2058/1023/22 2057/288/22 2055/1024/21
f 2060/1025/23 2059/1027/23 2057/288/22
f 2062/1026/24 2061/1029/24 2059/1027/23
f 2064/1028/25 2063/278/25 2061/1029/24
f 2066/1030/26 2065/1032/26 2063/278/25
f 2068/1031/27 2067/1034/27 2065/1032/26
f 2070/1033/28 2069/270/28 2067/1034/27
f 2072/1035/29 2071/1037/29 2069/270/28
f 2074/1036/30 2073/1039/32 2071/1037/29
f 2076/1038/31 2075/236/31 2073/1039/32
f 2078/1040/33 2077/1042/33 2075/236/31
f 2080/1041/34 2079/1044/34 2077/1042/33
f 2082/1043/35 2081/230/35 2079/1044/34
f 2084/1045/36 2083/1047/36 2081/230/35
f 2086/1046/37 2085/1049/37 2083/1047/36
f 2088/1048/38 2087/172/38 2085/1049/37
f 2090/1050/39 2089/1052/41 2087/172/38
f 2092/1051/40 2091/1054/40 2089/1052/41
f 2094/1053/42 2093/164/42 2091/1054/40
f 2096/1055/43 2095/1057/43 2093/164/42
f 2098/1056/44 2097/1059/44 2095/1057/43
f 2100/1058/45 2099/179/47 2097/1059/44
f 2102/1060/46 2101/1062/46 2099/179/47
f 2104/1061/48 2103/1064/48 2101/1062/46
f 2106/1063/49 2105/154/49 2103/1064/48
f 2108/1065/50 2107/1067/50 2105/154/49
f 2110/1066/51 2109/1069/51 2107/1067/50
f 2112/1068/52 2111/181/52 2109/1069/51
f 2114/1070/53 2113/1072/55 2111/181/52
f 2116/1071/54 2115/1074/54 2113/1072/55
f 2118/1073/56 2117/173/56 2115/1074/54
f 2120/1075/57 2119/1077/57 2117/173/56
f 2122/1076/58 2121/1079/58 2119/1077/57
f 2124/1078/59 2123/235/59 2121/1079/58
f 2126/1080/60 2125/1082/60 2123/235/59
f 2128/1081/61 2127/1084/61 2125/1082/60
f 2130/1083/62 2129/242/62 2127/1084/61
f 2132/1085/63 2131/1087/63 2129/242/62
f 2134/1086/64 2133/1089/66 2131/1087/63
f 2136/1088/65 2135/274/65 2133/1089/66
f 2138/1090/67 2137/1092/67 2135/274/65
f 2140/1091/68 2139/1094/68 2137/1092/67
f 2142/1093/69 2141/285/69 2139/1094/68
f 2144/1095/70 2143/1097/70 2141/285/69
f 2146/1096/71 2145/1099/71 2143/1097/70
f 2148/1098/72 2147/249/72 2145/1099/71
f 2150/1100/73 2149/1102/73 2147/249/72
f 2152/1101/74 2151/1104/74 2149/1102/73
f 2154/1103/75 2153/192/75 2151/1104/74
f 2156/1105/76 2155/1107/76 2153/192/75
f 2158/1106/77 2157/1109/77 2155/1107/76
f 2160/1108/78 2159/161/78 2157/1109/77
f 2162/1110/79 2161/1112/79 2159/161/78
f 2164/1111/80 2163/1114/80 2161/1112/79
f 2166/1113/81 2165/131/81 2163/1114/80
f 2168/1115/82 2167/1117/82 2165/131/81
f 2170/1116/83 2169/1119/83 2167/1117/82
f 2172/1118/84 2171/134/84 2169/1119/83
f 2174/1120/85 2173/1122/85 2171/134/84
f 2176/1121/86 2175/1124/86 2173/1122/85
f 2178/1123/87 2177/103/87 2175/1124/86
f 2180/1125/88 2179/1127/88 2177/103/87
f 2182/1126/89 2181/1129/91 2179/1127/88
f 2184/1128/90 2183/100/90 2181/1129/91
f 2186/1130/92 2185/1132/92 2183/100/90
f 2188/1131/93 2187/1134/93 2185/1132/92
f 2190/1133/94 2189/109/94 2187/1134/93
f 2192/1135/95 2191/1137/95 2189/109/94
f 2194/1136/96 2193/1139/96 2191/1137/95
f 2196/1138/97 2195/136/97 2193/1139/96
f 2198/1140/98 2197/1142/98 2195/136/97
f 2200/1141/99 2199/1144/99 2197/1142/98
f 2202/1143/100 2201/71/100 2199/1144/99
f 2204/1145/101 2203/1147/101 2201/71/100
f 2206/1146/102 2205/1149/102 2203/1147/101
f 2208/1148/103 2207/43/103 2205/1149/102
f 2210/1150/104 2209/1152/104 2207/43/103
f 2212/1151/105 2211/1154/105 2209/1152/104
f 2214/1153/106 2213/77/106 2211/1154/105
f 2216/1155/107 2215/1157/107 2213/77/106
f 2218/1156/108 2217/1159/108 2215/1157/107
f 2220/1158/109 2219/34/109 2217/1159/108
f 2222/1160/110 2221/1162/110 2219/34/109
f 2224/1161/111 2223/1164/111 2221/1162/110
f 2226/1163/112 2225/302/112 2223/1164/111
f 2228/1165/113 2227/1167/113 2225/302/112
f 2230/1166/114 2229/1169/114 2227/1167/113
f 2232/1168/115 2231/61/115 2229/1169/114
f 2234/1170/116 2233/1172/116 2231/61/115
f 2236/1171/117 2235/1174/117 2233/1172/116
f 2238/1173/118 2237/30/118 2235/1174/117
f 2240/1175/119 2239/1177/119 2237/30/118
f 2242/1176/120 2241/1179/120 2239/1177/119
f 2244/1178/121 2243/25/121 2241/1179/120
f 2246/1180/122 2245/1182/122 2243/25/121
f 2248/1181/123 2247/1184/123 2245/1182/122
f 2250/1183/124 2249/49/124 2247/1184/123
f 2252/1185/125 2251/1187/125 2249/49/124
f 2254/1186/126 2253/1189/128 2251/1187/125
f 2256/1188/127 2255/54/130 2253/1189/128
f 2258/1190/129 2257/1192/129 2255/54/130
f 2260/1191/131 2259/1194/131 2257/1192/129
f 2262/1193/132 2261/59/132 2259/1194/131
f 2264/1195/133 2263/1197/133 2261/59/132
f 2266/1196/134 2265/1199/134 2263/1197/133
f 2268/1198/135 2267/92/135 2265/1199/134
f 2270/1200/136 2269/1202/136 2267/92/135
f 2272/1201/137 2271/1204/137 2269/1202/136
f 2274/1203/138 2273/138/138 2271/1204/137
f 2276/1205/139 2275/1207/139 2273/138/138
f 2278/1206/140 2277/1209/140 2275/1207/139
f 2280/1208/141 2279/89/141 2277/1209/140
f 2282/1210/142 2281/1212/142 2279/89/141
f 2284/1211/143 2283/1214/143 2281/1212/142
f 2286/1213/144 2285/96/144 2283/1214/143
f 2288/1215/145 2287/1217/145 2285/96/144
f 2290/1216/146 2289/1219/146 2287/1217/145
f 2292/1218/147 2291/149/147 2289/1219/146
f 2294/1220/148 2293/1222/148 2291/149/147
f 2296/1221/149 2295/1224/149 2293/1222/148
f 2298/1223/150 2297/80/150 2295/1224/149
f 2300/1225/151 2299/1227/151 2297/80/150
f 2302/1226/152 2301/1229/152 2299/1227/151
f 2304/1228/153 2303/137/153 2301/1229/152
f 2306/1230/154 2305/1232/154 2303/137/153
f 2308/1231/155 2307/1234/155 2305/1232/154
f 2310/1233/156 2309/160/156 2307/1234/155
f 2312/1235/157 2311/1237/157 2309/160/156
f 2314/1236/158 2313/1239/158 2311/1237/157
f 2316/1238/159 2315/189/159 2313/1239/158
f 2318/1240/160 2317/1242/160 2315/189/159
f 2320/1241/161 2319/1244/161 2317/1242/160
f 2322/1243/162 2321/296/162 2319/1244/161
f 2324/1245/163 2323/1247/163 2321/296/162
f 2326/1246/164 2325/1249/164 2323/1247/163
f 2328/1248/165 2327/204/165 2325/1249/164
f 2330/1250/166 2329/1252/166 2327/204/165
f 2332/1251/167 2331/1254/167 2329/1252/166
f 2334/1253/168 2333/214/168 2331/1254/167
f 2336/1255/169 2335/1257/169 2333/214/168
f 2338/1256/170 2337/1259/170 2335/1257/169
f 2340/1258/171 2339/83/171 2337/1259/170
f 2342/1260/172 2341/1262/172 2339/83/171
f 2344/1261/173 2343/1264/173 2341/1262/172
f 2346/1263/174 2345/146/174 2343/1264/173
f 2348/1265/175 2347/1267/175 2345/146/174
f 2350/1266/176 2349/1269/176 2347/1267/175
f 2352/1268/177 2351/37/177 2349/1269/176
f 2354/1270/178 2353/1272/178 2351/37/177
f 2356/1271/179 2355/1274/179 2353/1272/178
f 2022/1273/4 2021/16/4 2355/1274/179
f 2360/1275/180 2359/1277/180 2357/19/180
f 2362/1276/180 2361/1279/180 2359/1277/180
f 2364/1278/180 2363/1281/180 2361/1279/180
f 2366/1280/180 2365/1283/180 2363/1281/180
f 2368/1282/180 2367/1285/180 2365/1283/180
f 2370/1284/180 2369/1287/180 2367/1285/180
f 2372/1286/180 2371/1289/180 2369/1287/180
f 2374/1288/180 2373/1291/180 2371/1289/180
f 2376/1290/180 2375/1293/180 2373/1291/180
f 2378/1292/180 2377/1295/180 2375/1293/180
f 2380/1294/181 2379/1297/181 2377/1295/180
f 2382/1296/182 2381/1299/182 2379/1297/181
f 2384/1298/183 2383/1301/183 2381/1299/182
f 2386/1300/184 2385/1303/184 2383/1301/183
f 2388/1302/185 2387/1305/185 2385/1303/184
f 2390/1304/186 2389/1307/186 2387/1305/185
f 2392/1306/187 2391/1309/187 2389/1307/186
f 2394/1308/188 2393/1311/188 2391/1309/187
f 2396/1310/189 2395/1313/189 2393/1311/188
f 2398/1312/190 2397/1315/190 2395/1313/189
f 2400/1314/191 2399/1317/191 2397/1315/190
f 2402/1316/192 2401/1319/192 2399/1317/191
f 2404/1318/193 2403/1321/193 2401/1319/192
f 2406/1320/194 2405/1323/194 2403/1321/193
f 2408/1322/195 2407/1325/195 2405/1323/194
f 2410/1324/196 2409/1327/196 2407/1325/195
f 2412/1326/197 2411/1329/197 2409/1327/196
f 2414/1328/198 2413/1331/198 2411/1329/197
f 2416/1330/199 2415/1333/199 2413/1331/198
f 2418/1332/200 2417/1335/200 2415/1333/199
f 2420/1334/201 2419/1337/201 2417/1335/200
f 2422/1336/202 2421/1339/202 2419/1337/201
f 2424/1338/203 2423/1341/203 2421/1339/202
f 2426/1340/204 2425/1343/204 2423/1341/203
f 2428/1342/205 2427/1345/205 2425/1343/204
f 2430/1344/206 2429/1346/206 2427/1345/205
f 2432/1133/207 2431/109/207 2429/1346/206
f 2434/1347/207 2433/1349/207 2431/109/207
f 2436/1348/207 2435/1351/207 2433/1349/207
f 2438/1350/207 2437/1353/207 2435/1351/207
f 2440/1352/207 2439/1355/207 2437/1353/207
f 2442/1354/207 2441/1357/207 2439/1355/207
f 2444/1356/207 2443/1359/207 2441/1357/207
f 2446/1358/207 2445/1361/207 2443/1359/207
f 2448/1360/207 2447/1363/207 2445/1361/207
f 2450/1362/207 2449/1365/207 2447/1363/207
f 2452/1364/207 2451/1367/207 2449/1365/207
f 2454/1366/208 2453/1369/208 2451/1367/207
f 2456/1368/209 2455/1371/209 2453/1369/208
f 2458/1370/210 2457/1373/210 2455/1371/209
f 2460/1372/211 2459/1375/211 2457/1373/210
f 2462/1374/212 2461/1377/212 2459/1375/211
f 2464/1376/213 2463/1379/213 2461/1377/212
f 2466/1378/214 2465/1381/214 2463/1379/213
f 2468/1380/215 2467/1383/215 2465/1381/214
f 2470/1382/216 2469/1385/216 2467/1383/215
f 2472/1384/217 2471/1387/217 2469/1385/216
f 2474/1386/218 2473/1389/218 2471/1387/217
f 2476/1388/219 2475/1391/219 2473/1389/218
f 2478/1390/220 2477/1393/220 2475/1391/219
f 2480/1392/221 2479/1395/223 2477/1393/220
f 2482/1394/222 2481/1397/222 2479/1395/223
f 2484/1396/224 2483/1399/224 2481/1397/222
f 2486/1398/225 2485/1401/225 2483/1399/224
f 2488/1400/226 2487/1403/226 2485/1401/225
f 2490/1402/227 2489/1405/227 2487/1403/226
f 2492/1404/228 2491/1407/228 2489/1405/227
f 2494/1406/229 2493/1409/229 2491/1407/228
f 2496/1408/230 2495/1411/230 2493/1409/229
f 2498/1410/231 2497/1413/231 2495/1411/230
f 2500/1412/232 2499/1415/232 2497/1413/231
f 2502/1414/233 2501/1417/233 2499/1415/232
f 2504/1416/234 2503/1418/234 2501/1417/233
f 2358/1273/180 2357/16/180 2503/1418/234
f 2508/1419/235 2507/1421/235 2505/19/236
f 2510/1420/237 2509/1423/237 2507/1421/235
f 2512/1422/238 2511/1425/240 2509/1423/237
f 2514/1424/239 2513/1427/239 2511/1425/240
f 2516/1426/241 2515/1429/241 2513/1427/239
f 2518/1428/242 2517/1431/244 2515/1429/241
f 2520/1430/243 2519/1433/243 2517/1431/244
f 2522/1432/245 2521/1435/245 2519/1433/243
f 2524/1434/246 2523/1437/248 2521/1435/245
f 2526/1436/247 2525/1439/250 2523/1437/248
f 2528/1438/249 2527/1441/249 2525/1439/250
f 2530/1440/251 2529/1443/251 2527/1441/249
f 2532/1442/252 2531/1445/51 2529/1443/251
f 2534/1444/253 2533/1447/255 2531/1445/51
f 2536/1446/254 2535/1449/254 2533/1447/255
f 2538/1448/256 2537/1451/256 2535/1449/254
f 2540/1450/257 2539/1453/259 2537/1451/256
f 2542/1452/258 2541/1455/258 2539/1453/259
f 2544/1454/260 2543/1457/262 2541/1455/258
f 2546/1456/261 2545/1459/264 2543/1457/262
f 2548/1458/263 2547/1461/263 2545/1459/264
f 2550/1460/265 2549/1463/267 2547/1461/263
f 2552/1462/266 2551/1465/269 2549/1463/267
f 2554/1464/268 2553/1467/271 2551/1465/269
f 2556/1466/270 2555/1469/270 2553/1467/271
f 2558/1468/272 2557/1471/272 2555/1469/270
f 2560/1470/273 2559/1473/273 2557/1471/272
f 2562/1472/274 2561/1475/274 2559/1473/273
f 2564/1474/275 2563/1477/275 2561/1475/274
f 2566/1476/276 2565/1479/276 2563/1477/275
f 2568/1478/277 2567/1481/279 2565/1479/276
f 2570/1480/278 2569/1483/278 2567/1481/279
f 2572/1482/280 2571/1485/280 2569/1483/278
f 2574/1484/281 2573/1487/281 2571/1485/280
f 2576/1486/282 2575/1489/282 2573/1487/281
f 2578/1488/283 2577/1491/283 2575/1489/282
f 2580/1490/284 2579/1493/284 2577/1491/283
f 2582/1492/285 2581/1495/287 2579/1493/284
f 2584/1494/286 2583/1497/286 2581/1495/287
f 2586/1496/288 2585/1499/288 2583/1497/286
f 2588/1498/289 2587/1501/289 2585/1499/288
f 2590/1500/290 2589/1503/290 2587/1501/289
f 2592/1502/291 2591/1505/291 2589/1503/290
f 2594/1504/292 2593/1507/292 2591/1505/291
f 2596/1506/293 2595/1509/295 2593/1507/292
f 2598/1508/294 2597/1511/294 2595/1509/295
f 2600/1510/296 2599/1513/296 2597/1511/294
f 2602/1512/297 2601/1515/297 2599/1513/296
f 2604/1514/298 2603/1517/298 2601/1515/297
f 2606/1516/299 2605/1519/301 2603/1517/298
f 2608/1518/300 2607/1521/300 2605/1519/301
f 2610/1520/302 2609/1523/302 2607/1521/300
f 2612/1522/303 2611/1525/303 2609/1523/302
f 2614/1524/304 2613/1527/304 2611/1525/303
f 2616/1526/305 2615/1529/307 2613/1527/304
f 2618/1528/306 2617/1531/306 2615/1529/307
f 2620/1530/308 2619/1533/310 2617/1531/306
f 2622/1532/309 2621/1535/309 2619/1533/310
f 2624/1534/311 2623/1537/311 2621/1535/309
f 2626/1536/312 2625/1539/312 2623/1537/311
f 2628/1538/313 2627/1541/313 2625/1539/312
f 2630/1540/314 2629/1543/314 2627/1541/313
f 2632/1542/315 2631/1545/315 2629/1543/314
f 2634/1544/316 2633/1547/316 2631/1545/315
f 2636/1546/317 2635/1549/319 2633/1547/316
f 2638/1548/318 2637/1551/318 2635/1549/319
f 2640/1550/320 2639/1553/320 2637/1551/318
f 2642/1552/321 2641/1555/321 2639/1553/320
f 2644/1554/322 2643/1557/322 2641/1555/321
f 2646/1556/323 2645/1559/323 2643/1557/322
f 2648/1558/324 2647/1561/326 2645/1559/323
f 2650/1560/325 2649/1563/325 2647/1561/326
f 2652/1562/327 2651/1565/329 2649/1563/325
f 2654/1564/328 2653/1567/328 2651/1565/329
f 2656/1566/330 2655/1569/332 2653/1567/328
f 2658/1568/331 2657/1571/331 2655/1569/332
f 2660/1570/333 2659/1573/333 2657/1571/331
f 2662/1572/333 2661/1575/333 2659/1573/333
f 2664/1574/333 2663/1577/333 2661/1575/333
f 2666/1576/333 2665/1579/333 2663/1577/333
f 2668/1578/333 2667/1581/333 2665/1579/333
f 2670/1580/333 2669/1583/333 2667/1581/333
f 2672/1582/333 2671/1585/333 2669/1583/333
f 2674/1584/333 2673/1587/333 2671/1585/333
f 2676/1586/333 2675/1589/333 2673/1587/333
f 2678/1588/333 2677/1591/333 2675/1589/333
f 2680/1590/333 2679/1593/333 2677/1591/333
f 2682/1592/334 2681/1594/334 2679/1593/333
f 2506/1273/236 2505/16/236 2681/1594/334
f 2686/1595/335 2685/1597/335 2683/19/336
f 2688/1596/338 2687/1599/338 2685/1597/335
f 2690/1598/339 2689/1601/339 2687/1599/338
f 2692/1600/340 2691/1603/340 2689/1601/339
f 2694/1602/341 2693/1605/341 2691/1603/340
f 2696/1604/342 2695/1607/342 2693/1605/341
f 2698/1606/343 2697/1609/343 2695/1607/342
f 2700/1608/344 2699/1611/344 2697/1609/343
f 2702/1610/345 2701/1613/347 2699/1611/344
f 2704/1612/346 2703/1615/346 2701/1613/347
f 2706/1614/348 2705/1617/348 2703/1615/346
f 2708/1616/349 2707/1619/349 2705/1617/348
f 2710/1618/349 2709/1621/349 2707/1619/349
f 2712/1620/350 2711/1623/350 2709/1621/349
f 2714/1622/350 2713/1625/350 2711/1623/350
f 2716/1624/351 2715/1627/353 2713/1625/350
f 2718/1626/352 2717/1629/352 2715/1627/353
f 2720/1628/354 2719/1631/356 2717/1629/352
f 2722/1630/355 2721/1633/355 2719/1631/356
f 2724/1632/357 2723/1635/359 2721/1633/355
f 2726/1634/358 2725/1637/361 2723/1635/359
f 2728/1636/360 2727/1639/360 2725/1637/361
f 2730/1638/362 2729/1641/362 2727/1639/360
f 2732/1640/363 2731/1643/363 2729/1641/362
f 2734/1642/364 2733/1645/364 2731/1643/363
f 2736/1644/365 2735/1647/365 2733/1645/364
f 2738/1646/366 2737/1649/366 2735/1647/365
f 2740/1648/367 2739/1651/367 2737/1649/366
f 2742/1650/368 2741/1653/368 2739/1651/367
f 2744/1652/369 2743/1655/369 2741/1653/368
f 2746/1654/370 2745/1657/370 2743/1655/369
f 2748/1656/371 2747/1659/371 2745/1657/370
f 2750/1658/372 2749/1661/374 2747/1659/371
f 2752/1660/373 2751/1663/373 2749/1661/374
f 2754/1662/375 2753/1665/375 2751/1663/373
f 2756/1664/376 2755/1667/376 2753/1665/375
f 2758/1666/377 2757/1669/377 2755/1667/376
f 2760/1668/378 2759/1671/378 2757/1669/377
f 2762/1670/379 2761/1673/379 2759/1671/378
f 2764/1672/380 2763/1675/380 2761/1673/379
f 2766/1674/381 2765/1677/381 2763/1675/380
f 2768/1676/350 2767/1679/350 2765/1677/381
f 2770/1678/382 2769/1681/382 2767/1679/350
f 2772/1680/383 2771/1683/385 2769/1681/382
f 2774/1682/384 2773/1685/384 2771/1683/385
f 2776/1684/386 2775/1687/386 2773/1685/384
f 2778/1686/387 2777/1689/387 2775/1687/386
f 2780/1688/388 2779/1691/388 2777/1689/387
f 2782/1690/389 2781/1693/389 2779/1691/388
f 2784/1692/390 2783/1695/390 2781/1693/389
f 2786/1694/391 2785/1697/391 2783/1695/390
f 2788/1696/392 2787/1699/394 2785/1697/391
f 2790/1698/393 2789/1701/393 2787/1699/394
f 2792/1700/395 2791/1703/397 2789/1701/393
f 2794/1702/396 2793/1705/396 2791/1703/397
f 2796/1704/398 2795/1707/400 2793/1705/396
f 2798/1706/399 2797/1709/402 2795/1707/400
f 2800/1708/401 2799/1711/401 2797/1709/402
f 2802/1710/403 2801/1713/405 2799/1711/401
f 2804/1712/404 2803/1714/404 2801/1713/405
f 2806/1133/406 2805/109/406 2803/1714/404
f 2808/1715/407 2807/1717/409 2805/109/406
f 2810/1716/408 2809/1719/411 2807/1717/409
f 2812/1718/410 2811/1721/410 2809/1719/411
f 2814/1720/412 2813/1723/412 2811/1721/410
f 2816/1722/413 2815/1725/415 2813/1723/412
f 2818/1724/414 2817/1727/417 2815/1725/415
f 2820/1726/416 2819/1729/416 2817/1727/417
f 2822/1728/418 2821/1731/418 2819/1729/416
f 2824/1730/419 2823/1733/419 2821/1731/418
f 2826/1732/420 2825/1735/420 2823/1733/419
f 2828/1734/421 2827/1737/421 2825/1735/420
f 2830/1736/422 2829/1739/422 2827/1737/421
f 2832/1738/423 2831/1741/423 2829/1739/422
f 2834/1740/424 2833/1743/424 2831/1741/423
f 2836/1742/425 2835/1745/425 2833/1743/424
f 2838/1744/426 2837/1747/426 2835/1745/425
f 2840/1746/427 2839/1749/427 2837/1747/426
f 2842/1748/428 2841/1751/428 2839/1749/427
f 2844/1750/429 2843/1753/430 2841/1751/428
f 2846/1752/382 2845/1755/382 2843/1753/430
f 2848/1754/431 2847/1757/431 2845/1755/382
f 2850/1756/431 2849/1759/431 2847/1757/431
f 2852/1758/432 2851/1761/432 2849/1759/431
f 2854/1760/433 2853/1763/435 2851/1761/432
f 2856/1762/434 2855/1765/434 2853/1763/435
f 2858/1764/436 2857/1767/436 2855/1765/434
f 2860/1766/437 2859/1769/437 2857/1767/436
f 2862/1768/438 2861/1771/438 2859/1769/437
f 2864/1770/439 2863/1773/441 2861/1771/438
f 2866/1772/440 2865/1775/440 2863/1773/441
f 2868/1774/442 2867/1777/442 2865/1775/440
f 2870/1776/443 2869/1779/443 2867/1777/442
f 2872/1778/444 2871/1781/444 2869/1779/443
f 2874/1780/445 2873/1783/445 2871/1781/444
f 2876/1782/446 2875/1785/446 2873/1783/445
f 2878/1784/447 2877/1787/447 2875/1785/446
f 2880/1786/448 2879/1789/448 2877/1787/447
f 2882/1788/449 2881/1791/451 2879/1789/448
f 2884/1790/450 2883/1793/450 2881/1791/451
f 2886/1792/452 2885/1795/454 2883/1793/450
f 2888/1794/453 2887/1797/456 2885/1795/454
f 2890/1796/455 2889/1799/455 2887/1797/456
f 2892/1798/457 2891/1801/457 2889/1799/455
f 2894/1800/458 2893/1803/460 2891/1801/457
f 2896/1802/459 2895/1805/462 2893/1803/460
f 2898/1804/461 2897/1807/464 2895/1805/462
f 2900/1806/463 2899/1809/463 2897/1807/464
f 2902/1808/465 2901/1811/465 2899/1809/463
f 2904/1810/466 2903/1813/466 2901/1811/465
f 2906/1812/467 2905/1815/467 2903/1813/466
f 2908/1814/468 2907/1817/468 2905/1815/467
f 2910/1816/469 2909/1819/469 2907/1817/468
f 2912/1818/470 2911/1821/470 2909/1819/469
f 2914/1820/471 2913/1823/471 2911/1821/470
f 2916/1822/472 2915/1825/472 2913/1823/471
f 2918/1824/473 2917/1827/473 2915/1825/472
f 2920/1826/474 2919/1829/474 2917/1827/473
f 2922/1828/475 2921/1831/475 2919/1829/474
f 2924/1830/476 2923/1833/478 2921/1831/475
f 2926/1832/477 2925/1834/477 2923/1833/478
f 2684/1273/337 2683/16/336 2925/1834/477
f 2930/1835/479 2929/1837/482 2927/19/480
f 2932/1836/481 2931/1838/484 2929/1837/482
f 2934/1000/483 2933/1002/486 2931/1838/484
f 2936/1839/485 2935/1841/485 2933/1002/486
f 2938/1840/487 2937/1842/487 2935/1841/485
f 2940/1006/488 2939/1009/488 2937/1842/487
f 2942/1843/489 2941/1845/489 2939/1009/488
f 2944/1844/490 2943/1846/490 2941/1845/489
f 2946/1013/491 2945/259/491 2943/1846/490
f 2948/1847/492 2947/1849/494 2945/259/491
f 2950/1848/493 2949/1850/493 2947/1849/494
f 2952/1020/495 2951/1022/495 2949/1850/493
f 2954/1851/496 2953/1853/496 2951/1022/495
f 2956/1852/497 2955/1854/497 2953/1853/496
f 2958/1026/498 2957/1029/498 2955/1854/497
f 2960/1855/499 2959/1857/499 2957/1029/498
f 2962/1856/500 2961/1858/500 2959/1857/499
f 2964/1033/501 2963/270/501 2961/1858/500
f 2966/1859/502 2965/1861/502 2963/270/501
f 2968/1860/45 2967/1862/45 2965/1861/502
f 2970/1040/503 2969/1042/503 2967/1862/45
f 2972/1863/504 2971/1865/504 2969/1042/503
f 2974/1864/505 2973/1866/505 2971/1865/504
f 2976/1046/506 2975/1049/508 2973/1866/505
f 2978/1867/507 2977/1869/507 2975/1049/508
f 2980/1868/509 2979/1870/509 2977/1869/507
f 2982/1053/510 2981/164/510 2979/1870/509
f 2984/1871/511 2983/1873/511 2981/164/510
f 2986/1872/512 2985/1874/512 2983/1873/511
f 2988/1060/513 2987/1062/513 2985/1874/512
f 2990/1875/514 2989/1877/514 2987/1062/513
f 2992/1876/515 2991/1878/515 2989/1877/514
f 2994/1066/516 2993/1069/516 2991/1878/515
f 2996/1879/517 2995/1881/517 2993/1069/516
f 2998/1880/518 2997/1882/518 2995/1881/517
f 3000/1073/519 2999/173/519 2997/1882/518
f 3002/1883/520 3001/1885/520 2999/173/519
f 3004/1884/521 3003/1886/523 3001/1885/520
f 3006/1080/522 3005/1082/522 3003/1886/523
f 3008/1887/524 3007/1889/524 3005/1082/522
f 3010/1888/525 3009/1890/527 3007/1889/524
f 3012/1086/526 3011/1089/526 3009/1890/527
f 3014/1891/528 3013/1893/528 3011/1089/526
f 3016/1892/529 3015/1894/529 3013/1893/528
f 3018/1093/530 3017/285/532 3015/1894/529
f 3020/1895/531 3019/1897/534 3017/285/532
f 3022/1896/533 3021/1898/536 3019/1897/534
f 3024/1100/535 3023/1102/535 3021/1898/536
f 3026/1899/537 3025/1901/537 3023/1102/535
f 3028/1900/538 3027/1902/538 3025/1901/537
f 3030/1106/539 3029/1109/539 3027/1902/538
f 3032/1903/540 3031/1905/540 3029/1109/539
f 3034/1904/541 3033/1906/541 3031/1905/540
f 3036/1113/542 3035/131/542 3033/1906/541
f 3038/1907/543 3037/1909/543 3035/131/542
f 3040/1908/544 3039/1910/544 3037/1909/543
f 3042/1120/545 3041/1122/545 3039/1910/544
f 3044/1911/546 3043/1913/546 3041/1122/545
f 3046/1912/547 3045/1914/547 3043/1913/546
f 3048/1126/548 3047/1129/550 3045/1914/547
f 3050/1915/549 3049/1917/549 3047/1129/550
f 3052/1916/551 3051/1918/551 3049/1917/549
f 3054/1133/552 3053/109/554 3051/1918/551
f 3056/1919/553 3055/1921/553 3053/109/554
f 3058/1920/555 3057/1922/555 3055/1921/553
f 3060/1140/556 3059/1142/558 3057/1922/555
f 3062/1923/557 3061/1925/557 3059/1142/558
f 3064/1924/559 3063/1926/561 3061/1925/557
f 3066/1146/560 3065/1149/563 3063/1926/561
f 3068/1927/562 3067/1929/565 3065/1149/563
f 3070/1928/564 3069/1930/567 3067/1929/565
f 3072/1153/566 3071/77/566 3069/1930/567
f 3074/1931/568 3073/1933/570 3071/77/566
f 3076/1932/569 3075/1934/569 3073/1933/570
f 3078/1160/571 3077/1162/571 3075/1934/569
f 3080/1935/572 3079/1937/572 3077/1162/571
f 3082/1936/573 3081/1938/573 3079/1937/572
f 3084/1166/574 3083/1169/574 3081/1938/573
f 3086/1939/575 3085/1941/577 3083/1169/574
f 3088/1940/576 3087/1942/576 3085/1941/577
f 3090/1173/578 3089/30/578 3087/1942/576
f 3092/1943/579 3091/1945/579 3089/30/578
f 3094/1944/580 3093/1946/580 3091/1945/579
f 3096/1180/581 3095/1182/581 3093/1946/580
f 3098/1947/582 3097/1949/582 3095/1182/581
f 3100/1948/583 3099/1950/583 3097/1949/582
f 3102/1186/584 3101/1189/584 3099/1950/583
f 3104/1951/585 3103/1953/585 3101/1189/584
f 3106/1952/586 3105/1954/588 3103/1953/585
f 3108/1193/587 3107/59/590 3105/1954/588
f 3110/1955/589 3109/1957/592 3107/59/590
f 3112/1956/591 3111/1958/591 3109/1957/592
f 3114/1200/593 3113/1202/595 3111/1958/591
f 3116/1959/594 3115/1961/597 3113/1202/595
f 3118/1960/596 3117/1962/596 3115/1961/597
f 3120/1206/598 3119/1209/598 3117/1962/596
f 3122/1963/599 3121/1965/599 3119/1209/598
f 3124/1964/600 3123/1966/602 3121/1965/599
f 3126/1213/601 3125/96/601 3123/1966/602
f 3128/1967/603 3127/1969/603 3125/96/601
f 3130/1968/604 3129/1970/604 3127/1969/603
f 3132/1220/605 3131/1222/605 3129/1970/604
f 3134/1971/606 3133/1973/606 3131/1222/605
f 3136/1972/607 3135/1974/607 3133/1973/606
f 3138/1226/608 3137/1229/608 3135/1974/607
f 3140/1975/609 3139/1977/609 3137/1229/608
f 3142/1976/610 3141/1978/610 3139/1977/609
f 3144/1233/611 3143/160/611 3141/1978/610
f 3146/1979/612 3145/1981/612 3143/160/611
f 3148/1980/613 3147/1982/613 3145/1981/612
f 3150/1240/614 3149/1242/614 3147/1982/613
f 3152/1983/615 3151/1985/615 3149/1242/614
f 3154/1984/616 3153/1986/618 3151/1985/615
f 3156/1246/617 3155/1249/617 3153/1986/618
f 3158/1987/619 3157/1989/619 3155/1249/617
f 3160/1988/620 3159/1990/620 3157/1989/619
f 3162/1253/621 3161/214/623 3159/1990/620
f 3164/1991/622 3163/1993/622 3161/214/623
f 3166/1992/624 3165/1994/624 3163/1993/622
f 3168/1260/625 3167/1262/627 3165/1994/624
f 3170/1995/626 3169/1997/626 3167/1262/627
f 3172/1996/628 3171/1998/628 3169/1997/626
f 3174/1266/629 3173/1269/629 3171/1998/628
f 3176/1999/630 3175/2001/630 3173/1269/629
f 3178/2000/631 3177/2002/631 3175/2001/630
f 2928/1273/480 2927/16/480 3177/2002/631
f 3182/1835/632 3181/1837/635 3179/19/633
f 3184/1836/634 3183/1838/634 3181/1837/635
f 3186/1000/636 3185/1002/636 3183/1838/634
f 3188/1839/637 3187/1841/637 3185/1002/636
f 3190/1840/638 3189/1842/640 3187/1841/637
f 3192/1006/639 3191/1009/490 3189/1842/640
f 3194/1843/641 3193/1845/641 3191/1009/490
f 3196/1844/642 3195/1846/642 3193/1845/641
f 3198/1013/643 3197/259/645 3195/1846/642
f 3200/1847/644 3199/1849/647 3197/259/645
f 3202/1848/646 3201/1850/646 3199/1849/647
f 3204/1020/648 3203/1022/648 3201/1850/646
f 3206/1851/649 3205/1853/649 3203/1022/648
f 3208/1852/650 3207/1854/650 3205/1853/649
f 3210/1026/651 3209/1029/653 3207/1854/650
f 3212/1855/652 3211/1857/652 3209/1029/653
f 3214/1856/654 3213/1858/654 3211/1857/652
f 3216/1033/655 3215/270/655 3213/1858/654
f 3218/1859/656 3217/1861/658 3215/270/655
f 3220/1860/657 3219/1862/657 3217/1861/658
f 3222/1040/659 3221/1042/661 3219/1862/657
f 3224/1863/660 3223/1865/660 3221/1042/661
f 3226/1864/662 3225/1866/664 3223/1865/660
f 3228/1046/663 3227/1049/663 3225/1866/664
f 3230/1867/665 3229/1869/665 3227/1049/663
f 3232/1868/666 3231/1870/666 3229/1869/665
f 3234/1053/667 3233/164/667 3231/1870/666
f 3236/1871/668 3235/1873/668 3233/164/667
f 3238/1872/669 3237/1874/669 3235/1873/668
f 3240/1060/670 3239/1062/670 3237/1874/669
f 3242/1875/671 3241/1877/671 3239/1062/670
f 3244/1876/672 3243/1878/672 3241/1877/671
f 3246/1066/673 3245/1069/673 3243/1878/672
f 3248/1879/674 3247/1881/674 3245/1069/673
f 3250/1880/675 3249/1882/677 3247/1881/674
f 3252/1073/676 3251/173/676 3249/1882/677
f 3254/1883/678 3253/1885/678 3251/173/676
f 3256/1884/679 3255/1886/679 3253/1885/678
f 3258/1080/680 3257/1082/680 3255/1886/679
f 3260/1887/681 3259/1889/681 3257/1082/680
f 3262/1888/682 3261/1890/682 3259/1889/681
f 3264/1086/683 3263/1089/683 3261/1890/682
f 3266/1891/684 3265/1893/684 3263/1089/683
f 3268/1892/685 3267/1894/685 3265/1893/684
f 3270/1093/686 3269/285/688 3267/1894/685
f 3272/1895/687 3271/1897/687 3269/285/688
f 3274/1896/689 3273/1898/691 3271/1897/687
f 3276/1100/690 3275/1102/693 3273/1898/691
f 3278/1899/692 3277/1901/692 3275/1102/693
f 3280/1900/694 3279/1902/694 3277/1901/692
f 3282/1106/695 3281/1109/695 3279/1902/694
f 3284/1903/696 3283/1905/698 3281/1109/695
f 3286/1904/697 3285/1906/697 3283/1905/698
f 3288/1113/699 3287/131/699 3285/1906/697
f 3290/1907/700 3289/1909/700 3287/131/699
f 3292/1908/701 3291/1910/701 3289/1909/700
f 3294/1120/702 3293/1122/702 3291/1910/701
f 3296/1911/703 3295/1913/703 3293/1122/702
f 3298/1912/704 3297/1914/704 3295/1913/703
f 3300/1126/705 3299/1129/707 3297/1914/704
f 3302/1915/706 3301/1917/706 3299/1129/707
f 3304/1916/708 3303/1918/708 3301/1917/706
f 3306/1133/709 3305/109/709 3303/1918/708
f 3308/1919/710 3307/1921/712 3305/109/709
f 3310/1920/711 3309/1922/711 3307/1921/712
f 3312/1140/713 3311/1142/713 3309/1922/711
f 3314/1923/714 3313/1925/714 3311/1142/713
f 3316/1924/715 3315/1926/715 3313/1925/714
f 3318/1146/716 3317/1149/716 3315/1926/715
f 3320/1927/717 3319/1929/719 3317/1149/716
f 3322/1928/718 3321/1930/718 3319/1929/719
f 3324/1153/720 3323/77/722 3321/1930/718
f 3326/1931/721 3325/1933/723 3323/77/722
f 3328/1932/569 3327/1934/569 3325/1933/723
f 3330/1160/724 3329/1162/724 3327/1934/569
f 3332/1935/725 3331/1937/727 3329/1162/724
f 3334/1936/726 3333/1938/726 3331/1937/727
f 3336/1166/728 3335/1169/728 3333/1938/726
f 3338/1939/729 3337/1941/731 3335/1169/728
f 3340/1940/730 3339/1942/730 3337/1941/731
f 3342/1173/732 3341/30/734 3339/1942/730
f 3344/1943/733 3343/1945/733 3341/30/734
f 3346/1944/735 3345/1946/735 3343/1945/733
f 3348/1180/736 3347/1182/736 3345/1946/735
f 3350/1947/737 3349/1949/737 3347/1182/736
f 3352/1948/738 3351/1950/738 3349/1949/737
f 3354/1186/739 3353/1189/739 3351/1950/738
f 3356/1951/740 3355/1953/742 3353/1189/739
f 3358/1952/741 3357/1954/744 3355/1953/742
f 3360/1193/743 3359/59/743 3357/1954/744
f 3362/1955/745 3361/1957/745 3359/59/743
f 3364/1956/746 3363/1958/746 3361/1957/745
f 3366/1200/747 3365/1202/747 3363/1958/746
f 3368/1959/748 3367/1961/750 3365/1202/747
f 3370/1960/749 3369/1962/752 3367/1961/750
f 3372/1206/751 3371/1209/751 3369/1962/752
f 3374/1963/753 3373/1965/753 3371/1209/751
f 3376/1964/754 3375/1966/756 3373/1965/753
f 3378/1213/755 3377/96/758 3375/1966/756
f 3380/1967/757 3379/1969/757 3377/96/758
f 3382/1968/759 3381/1970/759 3379/1969/757
f 3384/1220/760 3383/1222/760 3381/1970/759
f 3386/1971/761 3385/1973/761 3383/1222/760
f 3388/1972/762 3387/1974/762 3385/1973/761
f 3390/1226/763 3389/1229/763 3387/1974/762
f 3392/1975/764 3391/1977/764 3389/1229/763
f 3394/1976/765 3393/1978/765 3391/1977/764
f 3396/1233/766 3395/160/766 3393/1978/765
f 3398/1979/767 3397/1981/767 3395/160/766
f 3400/1980/768 3399/1982/768 3397/1981/767
f 3402/1240/769 3401/1242/769 3399/1982/768
f 3404/1983/770 3403/1985/770 3401/1242/769
f 3406/1984/771 3405/1986/771 3403/1985/770
f 3408/1246/772 3407/1249/772 3405/1986/771
f 3410/1987/773 3409/1989/773 3407/1249/772
f 3412/1988/774 3411/1990/774 3409/1989/773
f 3414/1253/775 3413/214/775 3411/1990/774
f 3416/1991/776 3415/1993/776 3413/214/775
f 3418/1992/777 3417/1994/777 3415/1993/776
f 3420/1260/778 3419/1262/778 3417/1994/777
f 3422/1995/779 3421/1997/781 3419/1262/778
f 3424/1996/780 3423/1998/780 3421/1997/781
f 3426/1266/782 3425/1269/782 3423/1998/780
f 3428/1999/783 3427/2001/783 3425/1269/782
f 3430/2000/784 3429/2002/784 3427/2001/783
f 3180/1273/633 3179/16/633 3429/2002/784
f 3434/2003/785 3433/2005/788 3431/19/786
f 3436/2004/787 3435/2007/787 3433/2005/788
f 3438/2006/789 3437/2009/789 3435/2007/787
f 3440/2008/790 3439/2011/792 3437/2009/789
f 3442/2010/791 3441/2013/791 3439/2011/792
f 3444/2012/793 3443/2015/793 3441/2013/791
f 3446/2014/794 3445/2017/794 3443/2015/793
f 3448/2016/795 3447/2019/795 3445/2017/794
f 3450/2018/796 3449/2021/796 3447/2019/795
f 3452/2020/797 3451/2023/799 3449/2021/796
f 3454/2022/798 3453/2025/798 3451/2023/799
f 3456/2024/349 3455/2027/349 3453/2025/798
f 3458/2026/800 3457/2029/800 3455/2027/349
f 3460/2028/800 3459/2031/800 3457/2029/800
f 3462/2030/800 3461/2033/800 3459/2031/800
f 3464/2032/800 3463/2035/800 3461/2033/800
f 3466/2034/800 3465/2037/800 3463/2035/800
f 3468/2036/800 3467/2039/800 3465/2037/800
f 3470/2038/800 3469/2041/800 3467/2039/800
f 3472/2040/800 3471/2043/800 3469/2041/800
f 3474/2042/800 3473/2045/800 3471/2043/800
f 3476/2044/800 3475/2047/800 3473/2045/800
f 3478/2046/800 3477/2049/800 3475/2047/800
f 3480/2048/801 3479/2051/801 3477/2049/800
f 3482/2050/802 3481/2053/802 3479/2051/801
f 3484/2052/803 3483/2055/803 3481/2053/802
f 3486/2054/804 3485/2057/806 3483/2055/803
f 3488/2056/805 3487/2059/808 3485/2057/806
f 3490/2058/807 3489/2061/807 3487/2059/808
f 3492/2060/809 3491/2063/809 3489/2061/807
f 3494/2062/810 3493/2065/810 3491/2063/809
f 3496/2064/811 3495/2067/811 3493/2065/810
f 3498/2066/812 3497/2069/812 3495/2067/811
f 3500/2068/813 3499/2071/813 3497/2069/812
f 3502/2070/814 3501/2073/814 3499/2071/813
f 3504/2072/815 3503/2075/815 3501/2073/814
f 3506/2074/816 3505/2077/818 3503/2075/815
f 3508/2076/817 3507/2079/820 3505/2077/818
f 3510/2078/819 3509/2081/819 3507/2079/820
f 3512/2080/821 3511/2083/823 3509/2081/819
f 3514/2082/822 3513/2085/825 3511/2083/823
f 3516/2084/824 3515/2087/824 3513/2085/825
f 3518/2086/826 3517/2089/828 3515/2087/824
f 3520/2088/827 3519/2091/830 3517/2089/828
f 3522/2090/829 3521/2093/829 3519/2091/830
f 3524/2092/831 3523/2095/831 3521/2093/829
f 3526/2094/832 3525/2097/832 3523/2095/831
f 3528/2096/833 3527/2099/833 3525/2097/832
f 3530/2098/834 3529/2101/834 3527/2099/833
f 3532/2100/835 3531/2103/835 3529/2101/834
f 3534/2102/836 3533/2105/836 3531/2103/835
f 3536/2104/837 3535/2107/837 3533/2105/836
f 3538/2106/838 3537/174/838 3535/2107/837
f 3540/2108/839 3539/2110/839 3537/174/838
f 3542/2109/840 3541/2112/840 3539/2110/839
f 3544/2111/841 3543/2114/841 3541/2112/840
f 3546/2113/842 3545/2116/842 3543/2114/841
f 3548/2115/843 3547/2118/843 3545/2116/842
f 3550/2117/844 3549/2120/844 3547/2118/843
f 3552/2119/845 3551/2122/845 3549/2120/844
f 3554/2121/846 3553/2124/848 3551/2122/845
f 3556/2123/847 3555/2126/847 3553/2124/848
f 3558/2125/849 3557/2128/851 3555/2126/847
f 3560/2127/850 3559/2130/850 3557/2128/851
f 3562/2129/852 3561/2132/854 3559/2130/850
f 3564/2131/853 3563/2134/856 3561/2132/854
f 3566/2133/855 3565/2136/855 3563/2134/856
f 3568/2135/857 3567/2138/859 3565/2136/855
f 3570/2137/858 3569/2140/858 3567/2138/859
f 3572/2139/860 3571/2142/860 3569/2140/858
f 3574/2141/861 3573/2144/861 3571/2142/860
f 3576/2143/862 3575/2146/864 3573/2144/861
f 3578/2145/863 3577/2148/863 3575/2146/864
f 3580/2147/865 3579/2150/865 3577/2148/863
f 3582/2149/866 3581/2152/866 3579/2150/865
f 3584/2151/867 3583/2154/867 3581/2152/866
f 3586/2153/868 3585/2156/868 3583/2154/867
f 3588/2155/869 3587/2158/869 3585/2156/868
f 3590/2157/870 3589/2160/870 3587/2158/869
f 3592/2159/871 3591/2162/871 3589/2160/870
f 3594/2161/233 3593/2164/233 3591/2162/871
f 3596/2163/872 3595/2166/872 3593/2164/233
f 3598/2165/873 3597/2168/873 3595/2166/872
f 3600/2167/874 3599/2170/874 3597/2168/873
f 3602/2169/875 3601/2172/875 3599/2170/874
f 3604/2171/876 3603/2174/876 3601/2172/875
f 3606/2173/877 3605/2176/877 3603/2174/876
f 3608/2175/878 3607/2178/880 3605/2176/877
f 3610/2177/879 3609/2180/882 3607/2178/880
f 3612/2179/881 3611/2182/884 3609/2180/882
f 3614/2181/883 3613/2184/886 3611/2182/884
f 3616/2183/885 3615/2186/888 3613/2184/886
f 3618/2185/887 3617/2188/890 3615/2186/888
f 3620/2187/889 3619/2190/889 3617/2188/890
f 3622/2189/891 3621/2192/893 3619/2190/889
f 3624/2191/892 3623/2194/895 3621/2192/893
f 3626/2193/894 3625/2196/897 3623/2194/895
f 3628/2195/896 3627/2198/896 3625/2196/897
f 3630/2197/898 3629/2200/898 3627/2198/896
f 3632/2199/899 3631/2202/899 3629/2200/898
f 3634/2201/900 3633/2204/900 3631/2202/899
f 3636/2203/901 3635/2206/901 3633/2204/900
f 3638/2205/902 3637/2208/902 3635/2206/901
f 3640/2207/903 3639/2210/903 3637/2208/902
f 3642/2209/904 3641/2212/904 3639/2210/903
f 3644/2211/905 3643/187/905 3641/2212/904
f 3646/2213/906 3645/2215/906 3643/187/905
f 3648/2214/907 3647/2217/907 3645/2215/906
f 3650/2216/908 3649/2219/908 3647/2217/907
f 3652/2218/909 3651/2221/909 3649/2219/908
f 3654/2220/910 3653/2223/910 3651/2221/909
f 3656/2222/911 3655/2225/911 3653/2223/910
f 3658/2224/912 3657/2227/912 3655/2225/911
f 3660/2226/913 3659/2229/913 3657/2227/912
f 3662/2228/914 3661/2231/914 3659/2229/913
f 3664/2230/915 3663/2233/915 3661/2231/914
f 3666/2232/916 3665/2235/916 3663/2233/915
f 3668/2234/917 3667/2237/917 3665/2235/916
f 3670/2236/918 3669/2239/920 3667/2237/917
f 3672/2238/919 3671/2241/919 3669/2239/920
f 3674/2240/921 3673/2243/921 3671/2241/919
f 3676/2242/922 3675/2245/922 3673/2243/921
f 3678/2244/923 3677/2247/925 3675/2245/922
f 3680/2246/924 3679/2249/927 3677/2247/925
f 3682/2248/926 3681/2251/929 3679/2249/927
f 3684/2250/928 3683/2253/928 3681/2251/929
f 3686/2252/930 3685/2255/930 3683/2253/928
f 3688/2254/931 3687/2257/933 3685/2255/930
f 3690/2256/932 3689/2259/932 3687/2257/933
f 3692/2258/934 3691/2261/934 3689/2259/932
f 3694/2260/935 3693/2263/935 3691/2261/934
f 3696/2262/936 3695/2265/938 3693/2263/935
f 3698/2264/937 3697/2267/940 3695/2265/938
f 3700/2266/939 3699/2269/939 3697/2267/940
f 3702/2268/941 3701/2271/941 3699/2269/939
f 3704/2270/942 3703/2273/942 3701/2271/941
f 3706/2272/943 3705/2275/943 3703/2273/942
f 3708/2274/944 3707/2277/946 3705/2275/943
f 3710/2276/945 3709/2279/948 3707/2277/946
f 3712/2278/947 3711/2281/950 3709/2279/948
f 3714/2280/949 3713/2283/949 3711/2281/950
f 3716/2282/951 3715/2285/953 3713/2283/949
f 3718/2284/952 3717/2287/955 3715/2285/953
f 3720/2286/954 3719/2289/954 3717/2287/955
f 3722/2288/956 3721/2291/958 3719/2289/954
f 3724/2290/957 3723/2293/957 3721/2291/958
f 3726/2292/959 3725/2295/959 3723/2293/957
f 3728/2294/960 3727/2297/960 3725/2295/959
f 3730/2296/961 3729/2299/961 3727/2297/960
f 3732/2298/962 3731/2301/962 3729/2299/961
f 3734/2300/963 3733/2303/963 3731/2301/962
f 3736/2302/964 3735/2305/964 3733/2303/963
f 3738/2304/965 3737/2307/965 3735/2305/964
f 3740/2306/966 3739/2309/966 3737/2307/965
f 3742/2308/967 3741/2311/969 3739/2309/966
f 3744/2310/968 3743/2313/968 3741/2311/969
f 3746/2312/970 3745/2315/972 3743/2313/968
f 3748/2314/971 3747/2317/971 3745/2315/972
f 3750/2316/973 3749/148/973 3747/2317/971
f 3752/2318/382 3751/2320/382 3749/148/973
f 3754/2319/382 3753/2322/382 3751/2320/382
f 3756/2321/431 3755/2324/431 3753/2322/382
f 3758/2323/431 3757/2326/431 3755/2324/431
f 3760/2325/382 3759/2328/382 3757/2326/431
f 3762/2327/382 3761/2330/382 3759/2328/382
f 3764/2329/431 3763/2332/431 3761/2330/382
f 3766/2331/431 3765/2334/431 3763/2332/431
f 3768/2333/382 3767/2336/382 3765/2334/431
f 3770/2335/382 3769/2338/382 3767/2336/382
f 3772/2337/431 3771/2340/431 3769/2338/382
f 3774/2339/431 3773/2342/431 3771/2340/431
f 3776/2341/974 3775/2344/974 3773/2342/431
f 3778/2343/975 3777/2346/975 3775/2344/974
f 3780/2345/976 3779/2348/976 3777/2346/975
f 3782/2347/977 3781/2350/977 3779/2348/976
f 3784/2349/978 3783/2352/978 3781/2350/977
f 3786/2351/979 3785/2354/979 3783/2352/978
f 3788/2353/980 3787/2356/980 3785/2354/979
f 3790/2355/981 3789/2358/981 3787/2356/980
f 3792/2357/982 3791/2360/982 3789/2358/981
f 3794/2359/983 3793/2362/983 3791/2360/982
f 3796/2361/984 3795/2364/984 3793/2362/983
f 3798/2363/985 3797/2366/985 3795/2364/984
f 3800/2365/986 3799/2368/988 3797/2366/985
f 3802/2367/987 3801/2370/990 3799/2368/988
f 3804/2369/989 3803/2372/992 3801/2370/990
f 3806/2371/991 3805/2374/994 3803/2372/992
f 3808/2373/993 3807/2376/995 3805/2374/994
f 3810/2375/449 3809/2378/997 3807/2376/995
f 3812/2377/996 3811/2380/999 3809/2378/997
f 3814/2379/998 3813/2382/1001 3811/2380/999
f 3816/2381/1000 3815/2384/1003 3813/2382/1001
f 3818/2383/1002 3817/2386/1002 3815/2384/1003
f 3820/2385/1004 3819/2388/1004 3817/2386/1002
f 3822/2387/1005 3821/2390/1005 3819/2388/1004
f 3824/2389/1006 3823/2392/1008 3821/2390/1005
f 3826/2391/1007 3825/2394/1007 3823/2392/1008
f 3828/2393/1009 3827/2396/1009 3825/2394/1007
f 3830/2395/1010 3829/2398/1010 3827/2396/1009
f 3832/2397/1011 3831/2400/1011 3829/2398/1010
f 3834/2399/1012 3833/2402/1012 3831/2400/1011
f 3836/2401/1013 3835/2404/1013 3833/2402/1012
f 3838/2403/1014 3837/2406/1014 3835/2404/1013
f 3840/2405/1015 3839/2408/1015 3837/2406/1014
f 3842/2407/1016 3841/2410/1016 3839/2408/1015
f 3844/2409/1017 3843/2412/1017 3841/2410/1016
f 3846/2411/1018 3845/2414/1018 3843/2412/1017
f 3848/2413/1019 3847/2416/1019 3845/2414/1018
f 3850/2415/1020 3849/2418/1020 3847/2416/1019
f 3852/2417/434 3851/2420/434 3849/2418/1020
f 3854/2419/1021 3853/2422/1021 3851/2420/434
f 3856/2421/1022 3855/300/1022 3853/2422/1021
f 3858/2423/1023 3857/2425/1023 3855/300/1022
f 3860/2424/1024 3859/2427/1024 3857/2425/1023
f 3862/2426/1025 3861/2429/1025 3859/2427/1024
f 3864/2428/1026 3863/2431/1026 3861/2429/1025
f 3866/2430/1027 3865/2433/1027 3863/2431/1026
f 3868/2432/1028 3867/2435/1028 3865/2433/1027
f 3870/2434/1029 3869/2437/1029 3867/2435/1028
f 3872/2436/964 3871/2439/964 3869/2437/1029
f 3874/2438/1030 3873/2441/1031 3871/2439/964
f 3876/2440/349 3875/2443/349 3873/2441/1031
f 3878/2442/349 3877/2445/349 3875/2443/349
f 3880/2444/350 3879/2447/350 3877/2445/349
f 3882/2446/350 3881/2449/350 3879/2447/350
f 3884/2448/349 3883/2451/349 3881/2449/350
f 3886/2450/349 3885/2453/349 3883/2451/349
f 3888/2452/350 3887/2455/350 3885/2453/349
f 3890/2454/350 3889/2457/350 3887/2455/350
f 3892/2456/349 3891/2459/349 3889/2457/350
f 3894/2458/349 3893/2461/349 3891/2459/349
f 3896/2460/350 3895/2463/350 3893/2461/349
f 3898/2462/350 3897/2465/350 3895/2463/350
f 3900/2464/1032 3899/2467/1032 3897/2465/350
f 3902/2466/1032 3901/2469/1034 3899/2467/1032
f 3904/2468/1033 3903/2471/1033 3901/2469/1034
f 3906/2470/1035 3905/2473/1037 3903/2471/1033
f 3908/2472/1036 3907/2475/1036 3905/2473/1037
f 3910/2474/1038 3909/2477/1038 3907/2475/1036
f 3912/2476/1039 3911/2479/1039 3909/2477/1038
f 3914/2478/1040 3913/2481/1040 3911/2479/1039
f 3916/2480/1041 3915/2483/1041 3913/2481/1040
f 3918/2482/1042 3917/2485/1042 3915/2483/1041
f 3920/2484/1043 3919/2487/1043 3917/2485/1042
f 3922/2486/1044 3921/2489/1044 3919/2487/1043
f 3924/2488/1045 3923/2491/1047 3921/2489/1044
f 3926/2490/1046 3925/2493/1046 3923/2491/1047
f 3928/2492/1048 3927/2495/1049 3925/2493/1046
f 3930/2494/382 3929/2497/382 3927/2495/1049
f 3932/2496/431 3931/2499/431 3929/2497/382
f 3934/2498/1050 3933/2501/1050 3931/2499/431
f 3936/2500/1051 3935/2503/1051 3933/2501/1050
f 3938/2502/1052 3937/2505/1052 3935/2503/1051
f 3940/2504/1053 3939/2507/1053 3937/2505/1052
f 3942/2506/1054 3941/2509/1054 3939/2507/1053
f 3944/2508/153 3943/2511/153 3941/2509/1054
f 3946/2510/1055 3945/2513/1057 3943/2511/153
f 3948/2512/1056 3947/2515/1059 3945/2513/1057
f 3950/2514/1058 3949/2517/1061 3947/2515/1059
f 3952/2516/1060 3951/2519/1060 3949/2517/1061
f 3954/2518/1062 3953/2521/1062 3951/2519/1060
f 3956/2520/1063 3955/2523/1064 3953/2521/1062
f 3958/2522/431 3957/2525/431 3955/2523/1064
f 3960/2524/1065 3959/2526/1065 3957/2525/431
f 3432/1273/786 3431/16/786 3959/2526/1065
f 3964/1063/382 3963/154/382 3961/19/431
f 3966/1133/350 3965/109/350 3963/154/382
f 3968/1203/349 3967/138/349 3965/109/350
f 3962/1273/431 3961/16/431 3967/138/349
f 3972/1063/382 3971/154/382 3969/19/431
f 3974/1133/350 3973/109/350 3971/154/382
f 3976/1203/349 3975/138/349 3973/109/350
f 3970/1273/431 3969/16/431 3975/138/349
f 3980/1063/382 3979/154/382 3977/19/431
f 3982/1133/350 3981/109/350 3979/154/382
f 3984/1203/349 3983/138/349 3981/109/350
f 3978/1273/431 3977/16/431 3983/138/349
f 3988/1063/382 3987/154/382 3985/19/431
f 3990/1133/350 3989/109/350 3987/154/382
f 3992/1203/349 3991/138/349 3989/109/350
f 3986/1273/431 3985/16/431 3991/138/349
f 3996/2527/349 3995/2528/349 3993/19/349
f 3998/1028/350 3997/278/350 3995/2528/349
f 4000/2529/382 3999/2530/382 3997/278/350
f 4002/1063/382 4001/154/382 3999/2530/382
f 4004/2531/350 4003/2532/350 4001/154/382
f 4006/1098/350 4005/249/350 4003/2532/350
f 4008/2533/382 4007/2534/382 4005/249/350
f 4010/1133/382 4009/109/382 4007/2534/382
f 4012/2535/350 4011/2536/350 4009/109/382
f 4014/1168/350 4013/61/350 4011/2536/350
f 4016/2537/382 4015/2538/382 4013/61/350
f 4018/1203/431 4017/138/431 4015/2538/382
f 4020/2539/431 4019/2540/431 4017/138/431
f 4022/1238/431 4021/189/431 4019/2540/431
f 4024/2541/349 4023/2542/349 4021/189/431
f 3994/1273/349 3993/16/349 4023/2542/349
f 4028/1063/350 4027/154/350 4025/19/382
f 4030/1133/349 4029/109/349 4027/154/350
f 4032/1203/431 4031/138/431 4029/109/349
f 4026/1273/382 4025/16/382 4031/138/431
f 4036/1063/349 4035/154/349 4033/19/350
f 4038/1133/431 4037/109/431 4035/154/349
f 4040/1203/382 4039/138/382 4037/109/431
f 4034/1273/350 4033/16/350 4039/138/382
