# Blender 5.0.1
# www.blender.org
mtllib Gurepon.mtl
o Untitled
v -1.800000 0.800000 2.000000
v -1.800000 0.800000 1.600000
v -1.800000 0.800000 -1.800000
v -1.800000 0.800000 -2.200000
v -1.800000 1.200000 2.000000
v -1.800000 1.200000 1.600000
v -1.800000 1.200000 -1.800000
v -1.800000 1.200000 -2.200000
v -1.600000 0.600000 2.000000
v -1.600000 0.600000 1.600000
v -1.600000 0.600000 -0.000000
v -1.600000 0.600000 -1.000000
v -1.600000 0.600000 -1.800000
v -1.600000 0.600000 -2.200000
v -1.600000 0.800000 2.200000
v -1.600000 0.800000 2.000000
v -1.600000 0.800000 1.600000
v -1.600000 0.800000 1.400000
v -1.600000 0.800000 -1.600000
v -1.600000 0.800000 -1.800000
v -1.600000 0.800000 -2.200000
v -1.600000 0.800000 -2.400000
v -1.600000 1.200000 2.200000
v -1.600000 1.200000 2.000000
v -1.600000 1.200000 1.600000
v -1.600000 1.200000 1.400000
v -1.600000 1.200000 -0.000000
v -1.600000 1.200000 -1.000000
v -1.600000 1.200000 -1.600000
v -1.600000 1.200000 -1.800000
v -1.600000 1.200000 -2.200000
v -1.600000 1.200000 -2.400000
v -1.600000 1.400000 2.000000
v -1.600000 1.400000 1.600000
v -1.600000 1.400000 -1.800000
v -1.600000 1.400000 -2.200000
v -1.400000 0.400000 -0.000000
v -1.400000 0.400000 -1.000000
v -1.400000 0.600000 0.200000
v -1.400000 0.600000 -0.000000
v -1.400000 0.600000 -1.000000
v -1.400000 0.600000 -1.200000
v -1.400000 1.200000 0.200000
v -1.400000 1.200000 -0.000000
v -1.400000 1.200000 -1.000000
v -1.400000 1.200000 -1.200000
v -1.400000 1.400000 -0.000000
v -1.400000 1.400000 -1.000000
v -1.200000 0.400000 0.200000
v -1.200000 0.400000 -0.000000
v -1.200000 0.400000 -1.000000
v -1.200000 0.400000 -1.200000
v -1.200000 0.600000 1.600000
v -1.200000 0.600000 1.400000
v -1.200000 0.600000 0.400000
v -1.200000 0.600000 0.200000
v -1.200000 0.600000 -0.000000
v -1.200000 0.600000 -1.000000
v -1.200000 0.600000 -1.200000
v -1.200000 0.600000 -1.400000
v -1.200000 0.800000 1.600000
v -1.200000 0.800000 1.400000
v -1.200000 0.800000 1.200000
v -1.200000 1.200000 1.600000
v -1.200000 1.200000 1.400000
v -1.200000 1.200000 1.200000
v -1.200000 1.200000 0.400000
v -1.200000 1.200000 0.200000
v -1.200000 1.200000 -0.000000
v -1.200000 1.200000 -1.000000
v -1.200000 1.200000 -1.200000
v -1.200000 1.200000 -1.400000
v -1.200000 1.400000 1.600000
v -1.200000 1.400000 1.400000
v -1.200000 1.400000 0.200000
v -1.200000 1.400000 -0.000000
v -1.200000 1.400000 -1.000000
v -1.200000 1.400000 -1.200000
v -1.000000 0.200000 -0.200000
v -1.000000 0.200000 -0.800000
v -1.000000 0.400000 -0.000000
v -1.000000 0.400000 -0.200000
v -1.000000 0.400000 -0.800000
v -1.000000 0.400000 -1.000000
v -1.000000 0.600000 -0.000000
v -1.000000 0.600000 -0.200000
v -1.000000 0.600000 -0.800000
v -1.000000 0.600000 -1.000000
v -1.000000 0.800000 3.000000
v -1.000000 0.800000 2.400000
v -1.000000 0.800000 -0.200000
v -1.000000 0.800000 -0.800000
v -1.000000 1.200000 3.000000
v -1.000000 1.200000 2.400000
v -0.800000 0.600000 3.000000
v -0.800000 0.600000 2.400000
v -0.800000 0.600000 1.400000
v -0.800000 0.600000 1.200000
v -0.800000 0.600000 -1.600000
v -0.800000 0.600000 -1.800000
v -0.800000 0.600000 -2.200000
v -0.800000 0.600000 -2.400000
v -0.800000 0.800000 3.200000
v -0.800000 0.800000 3.000000
v -0.800000 0.800000 2.400000
v -0.800000 0.800000 2.200000
v -0.800000 0.800000 1.400000
v -0.800000 0.800000 1.200000
v -0.800000 0.800000 1.000000
v -0.800000 0.800000 -1.400000
v -0.800000 0.800000 -1.600000
v -0.800000 0.800000 -1.800000
v -0.800000 0.800000 -2.200000
v -0.800000 0.800000 -2.400000
v -0.800000 0.800000 -2.600000
v -0.800000 1.200000 3.200000
v -0.800000 1.200000 3.000000
v -0.800000 1.200000 2.400000
v -0.800000 1.200000 2.200000
v -0.800000 1.200000 1.400000
v -0.800000 1.200000 1.200000
v -0.800000 1.200000 1.000000
v -0.800000 1.200000 -1.400000
v -0.800000 1.200000 -1.600000
v -0.800000 1.200000 -1.800000
v -0.800000 1.200000 -2.200000
v -0.800000 1.200000 -2.400000
v -0.800000 1.200000 -2.600000
v -0.800000 1.400000 3.000000
v -0.800000 1.400000 2.400000
v -0.800000 1.400000 1.400000
v -0.800000 1.400000 1.200000
v -0.800000 1.400000 -1.600000
v -0.800000 1.400000 -1.800000
v -0.800000 1.400000 -2.200000
v -0.800000 1.400000 -2.400000
v -0.600000 0.600000 -1.400000
v -0.600000 0.600000 -1.600000
v -0.600000 0.600000 -2.400000
v -0.600000 0.600000 -2.600000
v -0.600000 0.800000 3.000000
v -0.600000 0.800000 2.800000
v -0.600000 0.800000 2.600000
v -0.600000 0.800000 2.400000
v -0.600000 0.800000 -1.400000
v -0.600000 0.800000 -1.600000
v -0.600000 0.800000 -2.400000
v -0.600000 0.800000 -2.600000
v -0.600000 0.800000 -3.400000
v -0.600000 1.200000 3.000000
v -0.600000 1.200000 2.800000
v -0.600000 1.200000 2.600000
v -0.600000 1.200000 2.400000
v -0.600000 1.200000 -0.000000
v -0.600000 1.200000 -0.200000
v -0.600000 1.200000 -0.800000
v -0.600000 1.200000 -1.000000
v -0.600000 1.200000 -1.400000
v -0.600000 1.200000 -1.600000
v -0.600000 1.200000 -2.400000
v -0.600000 1.200000 -2.600000
v -0.600000 1.200000 -3.400000
v -0.600000 1.400000 -0.000000
v -0.600000 1.400000 -0.200000
v -0.600000 1.400000 -0.800000
v -0.600000 1.400000 -1.000000
v -0.600000 1.400000 -1.400000
v -0.600000 1.400000 -1.600000
v -0.600000 1.400000 -2.400000
v -0.600000 1.400000 -2.600000
v -0.600000 1.600000 -0.200000
v -0.600000 1.600000 -0.800000
v -0.400000 0.400000 -0.200000
v -0.400000 0.400000 -0.800000
v -0.400000 0.600000 2.400000
v -0.400000 0.600000 2.200000
v -0.400000 0.600000 1.200000
v -0.400000 0.600000 1.000000
v -0.400000 0.600000 -0.000000
v -0.400000 0.600000 -0.200000
v -0.400000 0.600000 -0.800000
v -0.400000 0.600000 -1.000000
v -0.400000 0.600000 -2.600000
v -0.400000 0.600000 -3.400000
v -0.400000 0.800000 2.400000
v -0.400000 0.800000 2.200000
v -0.400000 0.800000 2.000000
v -0.400000 0.800000 1.200000
v -0.400000 0.800000 1.000000
v -0.400000 0.800000 0.400000
v -0.400000 0.800000 -0.000000
v -0.400000 0.800000 -0.200000
v -0.400000 0.800000 -0.800000
v -0.400000 0.800000 -1.000000
v -0.400000 0.800000 -2.600000
v -0.400000 0.800000 -3.400000
v -0.400000 0.800000 -3.600000
v -0.400000 1.000000 -0.200000
v -0.400000 1.000000 -0.800000
v -0.400000 1.200000 2.400000
v -0.400000 1.200000 2.200000
v -0.400000 1.200000 2.000000
v -0.400000 1.200000 1.200000
v -0.400000 1.200000 1.000000
v -0.400000 1.200000 0.400000
v -0.400000 1.200000 -2.600000
v -0.400000 1.200000 -3.400000
v -0.400000 1.200000 -3.600000
v -0.400000 1.400000 2.400000
v -0.400000 1.400000 2.200000
v -0.400000 1.400000 1.200000
v -0.400000 1.400000 1.000000
v -0.400000 1.400000 -2.600000
v -0.400000 1.400000 -3.400000
v -0.200000 0.600000 1.000000
v -0.200000 0.600000 0.400000
v -0.200000 0.600000 -3.400000
v -0.200000 0.600000 -3.600000
v -0.200000 0.800000 1.000000
v -0.200000 0.800000 0.400000
v -0.200000 0.800000 -3.400000
v -0.200000 0.800000 -3.600000
v -0.200000 1.200000 1.000000
v -0.200000 1.200000 0.400000
v -0.200000 1.200000 -3.400000
v -0.200000 1.200000 -3.600000
v -0.200000 1.400000 1.000000
v -0.200000 1.400000 0.400000
v -0.200000 1.400000 -3.400000
v -0.200000 1.400000 -3.600000
v 0.000000 0.400000 -0.000000
v 0.000000 0.400000 -0.200000
v 0.000000 0.400000 -0.800000
v 0.000000 0.400000 -1.000000
v 0.000000 0.600000 3.200000
v 0.000000 0.600000 3.000000
v 0.000000 0.600000 2.200000
v 0.000000 0.600000 2.000000
v 0.000000 0.600000 -0.000000
v 0.000000 0.600000 -0.200000
v 0.000000 0.600000 -0.800000
v 0.000000 0.600000 -1.000000
v 0.000000 0.800000 3.400000
v 0.000000 0.800000 3.200000
v 0.000000 0.800000 3.000000
v 0.000000 0.800000 2.200000
v 0.000000 0.800000 2.000000
v 0.000000 0.800000 1.600000
v 0.000000 0.800000 -0.000000
v 0.000000 0.800000 -0.200000
v 0.000000 0.800000 -0.800000
v 0.000000 0.800000 -1.000000
v 0.000000 0.800000 -3.000000
v 0.000000 0.800000 -3.200000
v 0.000000 0.800000 -3.600000
v 0.000000 1.000000 -0.200000
v 0.000000 1.000000 -0.800000
v 0.000000 1.200000 3.400000
v 0.000000 1.200000 3.200000
v 0.000000 1.200000 3.000000
v 0.000000 1.200000 2.200000
v 0.000000 1.200000 2.000000
v 0.000000 1.200000 1.600000
v 0.000000 1.200000 0.400000
v 0.000000 1.200000 0.200000
v 0.000000 1.200000 -0.200000
v 0.000000 1.200000 -0.800000
v 0.000000 1.200000 -1.200000
v 0.000000 1.200000 -1.400000
v 0.000000 1.200000 -3.000000
v 0.000000 1.200000 -3.200000
v 0.000000 1.200000 -3.600000
v 0.000000 1.400000 3.200000
v 0.000000 1.400000 3.000000
v 0.000000 1.400000 2.200000
v 0.000000 1.400000 2.000000
v 0.000000 1.400000 0.400000
v 0.000000 1.400000 0.200000
v 0.000000 1.400000 -0.000000
v 0.000000 1.400000 -0.200000
v 0.000000 1.400000 -0.800000
v 0.000000 1.400000 -1.000000
v 0.000000 1.400000 -1.200000
v 0.000000 1.400000 -1.400000
v 0.200000 0.600000 2.800000
v 0.200000 0.600000 2.200000
v 0.200000 0.600000 2.000000
v 0.200000 0.600000 1.400000
v 0.200000 0.600000 0.200000
v 0.200000 0.600000 -0.000000
v 0.200000 0.600000 -1.000000
v 0.200000 0.600000 -1.200000
v 0.200000 0.800000 2.000000
v 0.200000 0.800000 1.600000
v 0.200000 1.200000 2.000000
v 0.200000 1.200000 1.600000
v 0.200000 1.400000 2.800000
v 0.200000 1.400000 2.200000
v 0.200000 1.400000 2.000000
v 0.200000 1.400000 1.400000
v 0.200000 1.400000 0.200000
v 0.200000 1.400000 -0.000000
v 0.200000 1.400000 -1.000000
v 0.200000 1.400000 -1.200000
v 0.400000 0.800000 3.200000
v 0.400000 0.800000 2.800000
v 0.400000 0.800000 2.200000
v 0.400000 0.800000 2.000000
v 0.400000 0.800000 1.800000
v 0.400000 0.800000 1.600000
v 0.400000 1.200000 3.200000
v 0.400000 1.200000 2.800000
v 0.400000 1.200000 2.200000
v 0.400000 1.200000 2.000000
v 0.400000 1.200000 1.800000
v 0.400000 1.200000 1.600000
v 0.600000 0.600000 3.000000
v 0.600000 0.600000 2.800000
v 0.600000 0.600000 2.600000
v 0.600000 0.600000 2.400000
v 0.600000 0.600000 2.200000
v 0.600000 0.600000 2.000000
v 0.600000 0.600000 1.800000
v 0.600000 0.600000 1.600000
v 0.600000 0.800000 3.000000
v 0.600000 0.800000 2.800000
v 0.600000 0.800000 2.600000
v 0.600000 0.800000 2.400000
v 0.600000 0.800000 2.200000
v 0.600000 0.800000 2.000000
v 0.600000 0.800000 1.800000
v 0.600000 0.800000 1.600000
v 0.600000 1.200000 3.000000
v 0.600000 1.200000 2.800000
v 0.600000 1.200000 2.600000
v 0.600000 1.200000 2.400000
v 0.600000 1.200000 2.200000
v 0.600000 1.200000 2.000000
v 0.600000 1.200000 1.800000
v 0.600000 1.200000 1.600000
v 0.600000 1.400000 3.000000
v 0.600000 1.400000 2.800000
v 0.600000 1.400000 2.600000
v 0.600000 1.400000 2.400000
v 0.600000 1.400000 2.200000
v 0.600000 1.400000 2.000000
v 0.600000 1.400000 1.800000
v 0.600000 1.400000 1.600000
v 0.800000 0.800000 3.200000
v 0.800000 0.800000 3.000000
v 0.800000 0.800000 2.800000
v 0.800000 0.800000 2.600000
v 0.800000 0.800000 2.400000
v 0.800000 0.800000 2.200000
v 0.800000 0.800000 2.000000
v 0.800000 0.800000 1.800000
v 0.800000 0.800000 1.600000
v 0.800000 0.800000 1.400000
v 0.800000 1.200000 3.200000
v 0.800000 1.200000 3.000000
v 0.800000 1.200000 2.800000
v 0.800000 1.200000 2.600000
v 0.800000 1.200000 2.400000
v 0.800000 1.200000 2.200000
v 0.800000 1.200000 2.000000
v 0.800000 1.200000 1.800000
v 0.800000 1.200000 1.600000
v 0.800000 1.200000 1.400000
v 1.200000 0.600000 -0.000000
v 1.200000 0.600000 -0.200000
v 1.200000 0.600000 -0.800000
v 1.200000 0.600000 -1.000000
v 1.200000 0.800000 0.200000
v 1.200000 0.800000 -0.000000
v 1.200000 0.800000 -0.200000
v 1.200000 0.800000 -0.800000
v 1.200000 0.800000 -1.000000
v 1.200000 0.800000 -1.200000
v 1.200000 1.200000 0.200000
v 1.200000 1.200000 -0.000000
v 1.200000 1.200000 -0.200000
v 1.200000 1.200000 -0.800000
v 1.200000 1.200000 -1.000000
v 1.200000 1.200000 -1.200000
v 1.200000 1.400000 -0.000000
v 1.200000 1.400000 -0.200000
v 1.200000 1.400000 -0.800000
v 1.200000 1.400000 -1.000000
v -1.200000 0.400000 -0.000000
v -1.200000 0.400000 -0.200000
v -1.200000 0.400000 -0.800000
v -1.200000 0.400000 -1.000000
v -1.200000 0.600000 2.000000
v -1.200000 0.600000 1.800000
v -1.200000 0.600000 -0.200000
v -1.200000 0.600000 -0.800000
v -1.200000 0.800000 2.200000
v -1.200000 0.800000 2.000000
v -1.200000 0.800000 1.800000
v -1.200000 1.000000 -0.000000
v -1.200000 1.000000 -0.200000
v -1.200000 1.000000 -0.800000
v -1.200000 1.000000 -1.000000
v -1.200000 1.200000 2.200000
v -1.200000 1.200000 2.000000
v -1.200000 1.200000 1.800000
v -1.200000 1.200000 -0.000000
v -1.200000 1.200000 -0.200000
v -1.200000 1.200000 -0.800000
v -1.200000 1.200000 -1.000000
v -1.200000 1.400000 2.000000
v -1.200000 1.400000 1.800000
v -1.200000 1.400000 -0.000000
v -1.200000 1.400000 -0.200000
v -1.200000 1.400000 -0.800000
v -1.200000 1.400000 -1.000000
v -0.800000 0.600000 1.800000
v -0.800000 0.600000 1.600000
v -0.800000 0.800000 3.000000
v -0.800000 0.800000 2.800000
v -0.800000 0.800000 2.600000
v -0.800000 0.800000 2.400000
v -0.800000 0.800000 2.000000
v -0.800000 0.800000 1.800000
v -0.800000 0.800000 1.600000
v -0.800000 1.000000 -0.000000
v -0.800000 1.000000 -0.200000
v -0.800000 1.000000 -0.800000
v -0.800000 1.000000 -1.000000
v -0.800000 1.200000 3.000000
v -0.800000 1.200000 2.800000
v -0.800000 1.200000 2.600000
v -0.800000 1.200000 2.400000
v -0.800000 1.200000 2.000000
v -0.800000 1.200000 1.800000
v -0.800000 1.200000 1.600000
v -0.800000 1.200000 -0.000000
v -0.800000 1.200000 -0.200000
v -0.800000 1.200000 -0.800000
v -0.800000 1.200000 -1.000000
v -0.800000 1.400000 1.800000
v -0.800000 1.400000 1.600000
v -0.800000 1.400000 -0.200000
v -0.800000 1.400000 -0.800000
v -0.600000 0.200000 -0.200000
v -0.600000 0.200000 -0.800000
v -0.600000 0.400000 -0.000000
v -0.600000 0.400000 -0.200000
v -0.600000 0.400000 -0.800000
v -0.600000 0.400000 -1.000000
v -0.600000 0.600000 2.800000
v -0.600000 0.600000 2.600000
v -0.600000 0.600000 -0.000000
v -0.600000 0.600000 -0.200000
v -0.600000 0.600000 -0.800000
v -0.600000 0.600000 -1.000000
v -0.600000 1.000000 -0.200000
v -0.600000 1.000000 -0.800000
v -0.600000 1.200000 -0.200000
v -0.600000 1.200000 -0.800000
v -0.600000 1.400000 2.800000
v -0.600000 1.400000 2.600000
v -0.400000 0.600000 2.600000
v -0.400000 0.600000 2.400000
v -0.400000 0.800000 1.800000
v -0.400000 0.800000 1.600000
v -0.400000 1.200000 1.800000
v -0.400000 1.200000 1.600000
v -0.400000 1.400000 2.600000
v -0.400000 1.400000 2.400000
v -0.200000 0.800000 -3.000000
v -0.200000 0.800000 -3.200000
v -0.200000 0.800000 -3.600000
v -0.200000 1.200000 -0.000000
v -0.200000 1.200000 -0.200000
v -0.200000 1.200000 -0.800000
v -0.200000 1.200000 -1.000000
v -0.200000 1.200000 -3.000000
v -0.200000 1.200000 -3.200000
v -0.200000 1.200000 -3.600000
v -0.200000 1.400000 -0.000000
v -0.200000 1.400000 -0.200000
v -0.200000 1.400000 -0.800000
v -0.200000 1.400000 -1.000000
v -0.200000 1.600000 -0.200000
v -0.200000 1.600000 -0.800000
v 0.000000 0.400000 0.200000
v 0.000000 0.400000 -0.000000
v 0.000000 0.400000 -1.000000
v 0.000000 0.400000 -1.200000
v 0.000000 0.600000 2.400000
v 0.000000 0.600000 2.200000
v 0.000000 0.600000 1.600000
v 0.000000 0.600000 1.400000
v 0.000000 0.600000 0.200000
v 0.000000 0.600000 -1.200000
v 0.000000 0.600000 -3.400000
v 0.000000 0.600000 -3.600000
v 0.000000 0.800000 3.200000
v 0.000000 0.800000 3.000000
v 0.000000 0.800000 1.600000
v 0.000000 0.800000 -3.400000
v 0.000000 0.800000 -3.600000
v 0.000000 1.200000 3.200000
v 0.000000 1.200000 3.000000
v 0.000000 1.200000 1.600000
v 0.000000 1.200000 -3.400000
v 0.000000 1.200000 -3.600000
v 0.000000 1.400000 2.400000
v 0.000000 1.400000 2.200000
v 0.000000 1.400000 1.600000
v 0.000000 1.400000 1.400000
v 0.000000 1.400000 0.200000
v 0.000000 1.400000 -0.000000
v 0.000000 1.400000 -1.000000
v 0.000000 1.400000 -1.200000
v 0.000000 1.400000 -3.400000
v 0.000000 1.400000 -3.600000
v 0.200000 0.400000 -0.000000
v 0.200000 0.400000 -1.000000
v 0.200000 0.600000 -0.000000
v 0.200000 0.600000 -1.000000
v 0.200000 0.600000 -2.600000
v 0.200000 0.600000 -3.400000
v 0.200000 0.800000 3.000000
v 0.200000 0.800000 2.800000
v 0.200000 0.800000 2.200000
v 0.200000 0.800000 1.600000
v 0.200000 0.800000 -2.600000
v 0.200000 0.800000 -3.400000
v 0.200000 0.800000 -3.600000
v 0.200000 1.200000 3.000000
v 0.200000 1.200000 2.800000
v 0.200000 1.200000 2.200000
v 0.200000 1.200000 1.600000
v 0.200000 1.200000 -2.600000
v 0.200000 1.200000 -3.400000
v 0.200000 1.200000 -3.600000
v 0.200000 1.400000 -2.600000
v 0.200000 1.400000 -3.400000
v 0.400000 0.600000 3.000000
v 0.400000 0.600000 2.800000
v 0.400000 0.600000 2.600000
v 0.400000 0.600000 2.400000
v 0.400000 0.600000 2.200000
v 0.400000 0.600000 2.000000
v 0.400000 0.600000 1.800000
v 0.400000 0.600000 1.600000
v 0.400000 0.600000 -2.400000
v 0.400000 0.600000 -2.600000
v 0.400000 0.800000 3.000000
v 0.400000 0.800000 2.800000
v 0.400000 0.800000 2.600000
v 0.400000 0.800000 2.400000
v 0.400000 0.800000 2.200000
v 0.400000 0.800000 2.000000
v 0.400000 0.800000 1.800000
v 0.400000 0.800000 1.600000
v 0.400000 0.800000 1.400000
v 0.400000 0.800000 -2.400000
v 0.400000 0.800000 -2.600000
v 0.400000 0.800000 -3.400000
v 0.400000 1.200000 3.000000
v 0.400000 1.200000 2.800000
v 0.400000 1.200000 2.600000
v 0.400000 1.200000 2.400000
v 0.400000 1.200000 2.200000
v 0.400000 1.200000 2.000000
v 0.400000 1.200000 1.800000
v 0.400000 1.200000 1.600000
v 0.400000 1.200000 1.400000
v 0.400000 1.200000 -2.400000
v 0.400000 1.200000 -2.600000
v 0.400000 1.200000 -3.400000
v 0.400000 1.400000 3.000000
v 0.400000 1.400000 2.800000
v 0.400000 1.400000 2.600000
v 0.400000 1.400000 2.400000
v 0.400000 1.400000 2.200000
v 0.400000 1.400000 2.000000
v 0.400000 1.400000 1.800000
v 0.400000 1.400000 1.600000
v 0.400000 1.400000 -2.400000
v 0.400000 1.400000 -2.600000
v 0.600000 0.800000 3.200000
v 0.600000 0.800000 3.000000
v 0.600000 1.200000 3.200000
v 0.600000 1.200000 3.000000
v 0.800000 0.600000 3.200000
v 0.800000 0.600000 1.400000
v 0.800000 0.600000 -0.000000
v 0.800000 0.600000 -1.000000
v 0.800000 0.600000 -2.400000
v 0.800000 0.800000 3.400000
v 0.800000 0.800000 3.200000
v 0.800000 0.800000 1.400000
v 0.800000 0.800000 1.200000
v 0.800000 0.800000 -0.000000
v 0.800000 0.800000 -1.200000
v 0.800000 0.800000 -2.400000
v 0.800000 0.800000 -2.600000
v 0.800000 1.200000 3.400000
v 0.800000 1.200000 3.200000
v 0.800000 1.200000 1.400000
v 0.800000 1.200000 1.200000
v 0.800000 1.200000 -0.000000
v 0.800000 1.200000 -1.200000
v 0.800000 1.200000 -2.400000
v 0.800000 1.200000 -2.600000
v 0.800000 1.400000 3.200000
v 0.800000 1.400000 1.400000
v 0.800000 1.400000 -0.000000
v 0.800000 1.400000 -1.000000
v 0.800000 1.400000 -2.400000
v 1.000000 0.600000 -0.000000
v 1.000000 0.600000 -0.200000
v 1.000000 0.600000 -0.800000
v 1.000000 0.600000 -1.000000
v 1.000000 0.800000 3.200000
v 1.000000 0.800000 1.400000
v 1.000000 0.800000 1.200000
v 1.000000 0.800000 -0.000000
v 1.000000 0.800000 -0.200000
v 1.000000 0.800000 -0.800000
v 1.000000 0.800000 -1.000000
v 1.000000 0.800000 -1.200000
v 1.000000 0.800000 -2.400000
v 1.000000 1.200000 3.200000
v 1.000000 1.200000 1.400000
v 1.000000 1.200000 1.200000
v 1.000000 1.200000 -0.000000
v 1.000000 1.200000 -0.200000
v 1.000000 1.200000 -0.800000
v 1.000000 1.200000 -1.000000
v 1.000000 1.200000 -1.200000
v 1.000000 1.200000 -2.400000
v 1.000000 1.400000 -0.000000
v 1.000000 1.400000 -0.200000
v 1.000000 1.400000 -0.800000
v 1.000000 1.400000 -1.000000
v 1.600000 0.600000 -0.000000
v 1.600000 0.600000 -1.000000
v 1.600000 0.800000 0.200000
v 1.600000 0.800000 -0.000000
v 1.600000 0.800000 -1.000000
v 1.600000 0.800000 -1.200000
v 1.600000 1.200000 0.200000
v 1.600000 1.200000 -0.000000
v 1.600000 1.200000 -1.000000
v 1.600000 1.200000 -1.200000
v 1.600000 1.400000 -0.000000
v 1.600000 1.400000 -1.000000
v 1.800000 0.800000 -0.000000
v 1.800000 0.800000 -1.000000
v 1.800000 1.200000 -0.000000
v 1.800000 1.200000 -1.000000
v 0.000000 0.800000 3.400000
v 0.000000 1.200000 3.400000
v 0.800000 0.800000 3.400000
v 0.800000 1.200000 3.400000
v -0.800000 0.800000 3.200000
v -0.800000 1.200000 3.200000
v 0.000000 0.600000 3.200000
v 0.000000 0.800000 3.200000
v 0.000000 1.200000 3.200000
v 0.000000 1.400000 3.200000
v 0.800000 0.600000 3.200000
v 0.800000 0.800000 3.200000
v 0.800000 1.200000 3.200000
v 0.800000 1.400000 3.200000
v 1.000000 0.800000 3.200000
v 1.000000 1.200000 3.200000
v -1.000000 0.800000 3.000000
v -1.000000 1.200000 3.000000
v -0.800000 0.600000 3.000000
v -0.800000 0.800000 3.000000
v -0.800000 1.200000 3.000000
v -0.800000 1.400000 3.000000
v 0.000000 0.600000 3.000000
v 0.000000 0.800000 3.000000
v 0.000000 1.200000 3.000000
v 0.000000 1.400000 3.000000
v 0.200000 0.800000 3.000000
v 0.200000 1.200000 3.000000
v 0.600000 0.800000 3.000000
v 0.600000 1.200000 3.000000
v 0.800000 0.800000 3.000000
v 0.800000 1.200000 3.000000
v -0.800000 0.800000 2.800000
v -0.800000 1.200000 2.800000
v -0.600000 0.800000 2.800000
v -0.600000 1.200000 2.800000
v 0.200000 0.800000 2.800000
v 0.200000 1.200000 2.800000
v 0.400000 0.600000 2.800000
v 0.400000 0.800000 2.800000
v 0.400000 1.200000 2.800000
v 0.400000 1.400000 2.800000
v 0.600000 0.600000 2.800000
v 0.600000 0.800000 2.800000
v 0.600000 1.200000 2.800000
v 0.600000 1.400000 2.800000
v -0.600000 0.600000 2.600000
v -0.600000 1.400000 2.600000
v -0.400000 0.600000 2.600000
v -0.400000 1.400000 2.600000
v 0.400000 0.800000 2.600000
v 0.400000 1.200000 2.600000
v 0.800000 0.800000 2.600000
v 0.800000 1.200000 2.600000
v -0.800000 0.800000 2.400000
v -0.800000 1.200000 2.400000
v -0.600000 0.800000 2.400000
v -0.600000 1.200000 2.400000
v -0.400000 0.600000 2.400000
v -0.400000 1.400000 2.400000
v 0.000000 0.600000 2.400000
v 0.000000 1.400000 2.400000
v 0.400000 0.600000 2.400000
v 0.400000 0.800000 2.400000
v 0.400000 1.200000 2.400000
v 0.400000 1.400000 2.400000
v 0.600000 0.600000 2.400000
v 0.600000 0.800000 2.400000
v 0.600000 1.200000 2.400000
v 0.600000 1.400000 2.400000
v -1.600000 0.800000 2.200000
v -1.600000 1.200000 2.200000
v -1.200000 0.800000 2.200000
v -1.200000 1.200000 2.200000
v 0.000000 0.600000 2.200000
v 0.000000 1.400000 2.200000
v 0.200000 0.600000 2.200000
v 0.200000 1.400000 2.200000
v 0.400000 0.800000 2.200000
v 0.400000 1.200000 2.200000
v 0.800000 0.800000 2.200000
v 0.800000 1.200000 2.200000
v -1.800000 0.800000 2.000000
v -1.800000 1.200000 2.000000
v -1.600000 0.600000 2.000000
v -1.600000 0.800000 2.000000
v -1.600000 1.200000 2.000000
v -1.600000 1.400000 2.000000
v -1.200000 0.600000 2.000000
v -1.200000 0.800000 2.000000
v -1.200000 1.200000 2.000000
v -1.200000 1.400000 2.000000
v -0.800000 0.800000 2.000000
v -0.800000 1.200000 2.000000
v 0.400000 0.600000 2.000000
v 0.400000 0.800000 2.000000
v 0.400000 1.200000 2.000000
v 0.400000 1.400000 2.000000
v 0.600000 0.600000 2.000000
v 0.600000 0.800000 2.000000
v 0.600000 1.200000 2.000000
v 0.600000 1.400000 2.000000
v -1.200000 0.600000 1.800000
v -1.200000 0.800000 1.800000
v -1.200000 1.200000 1.800000
v -1.200000 1.400000 1.800000
v -0.800000 0.600000 1.800000
v -0.800000 0.800000 1.800000
v -0.800000 1.200000 1.800000
v -0.800000 1.400000 1.800000
v -0.400000 0.800000 1.800000
v -0.400000 1.200000 1.800000
v 0.400000 0.800000 1.800000
v 0.400000 1.200000 1.800000
v 0.800000 0.800000 1.800000
v 0.800000 1.200000 1.800000
v -0.800000 0.600000 1.600000
v -0.800000 0.800000 1.600000
v -0.800000 1.200000 1.600000
v -0.800000 1.400000 1.600000
v -0.400000 0.600000 1.600000
v -0.400000 0.800000 1.600000
v -0.400000 1.200000 1.600000
v -0.400000 1.400000 1.600000
v -0.200000 0.800000 1.600000
v -0.200000 1.200000 1.600000
v 0.000000 0.600000 1.600000
v 0.000000 0.800000 1.600000
v 0.000000 1.200000 1.600000
v 0.000000 1.400000 1.600000
v 0.200000 0.800000 1.600000
v 0.200000 1.200000 1.600000
v 0.400000 0.600000 1.600000
v 0.400000 0.800000 1.600000
v 0.400000 1.200000 1.600000
v 0.400000 1.400000 1.600000
v 0.600000 0.600000 1.600000
v 0.600000 0.800000 1.600000
v 0.600000 1.200000 1.600000
v 0.600000 1.400000 1.600000
v 0.000000 0.600000 1.400000
v 0.000000 1.400000 1.400000
v 0.200000 0.600000 1.400000
v 0.200000 1.400000 1.400000
v 0.400000 0.800000 1.400000
v 0.400000 1.200000 1.400000
v 0.800000 0.800000 1.400000
v 0.800000 1.200000 1.400000
v 0.800000 0.800000 1.200000
v 0.800000 1.200000 1.200000
v 1.000000 0.800000 1.200000
v 1.000000 1.200000 1.200000
v -1.200000 0.600000 0.400000
v -1.200000 1.200000 0.400000
v -0.400000 0.800000 0.400000
v -0.400000 1.200000 0.400000
v -0.200000 0.600000 0.400000
v -0.200000 0.800000 0.400000
v -1.400000 0.600000 0.200000
v -1.400000 1.200000 0.200000
v -1.200000 0.400000 0.200000
v -1.200000 0.600000 0.200000
v -1.200000 1.200000 0.200000
v -1.200000 1.400000 0.200000
v 0.000000 0.400000 0.200000
v 0.000000 0.600000 0.200000
v 0.000000 1.200000 0.200000
v 0.000000 1.400000 0.200000
v 1.200000 0.800000 0.200000
v 1.200000 1.200000 0.200000
v 1.600000 0.800000 0.200000
v 1.600000 1.200000 0.200000
v -1.600000 0.600000 -0.000000
v -1.600000 1.200000 -0.000000
v -1.400000 0.400000 -0.000000
v -1.400000 0.600000 -0.000000
v -1.400000 1.200000 -0.000000
v -1.400000 1.400000 -0.000000
v -1.200000 0.400000 -0.000000
v -1.200000 0.600000 -0.000000
v -1.200000 1.200000 -0.000000
v -1.200000 1.400000 -0.000000
v 0.000000 0.400000 -0.000000
v 0.000000 1.400000 -0.000000
v 0.200000 0.400000 -0.000000
v 0.200000 0.600000 -0.000000
v 0.200000 1.400000 -0.000000
v 0.800000 0.600000 -0.000000
v 0.800000 0.800000 -0.000000
v 0.800000 1.200000 -0.000000
v 0.800000 1.400000 -0.000000
v 1.000000 0.600000 -0.000000
v 1.000000 0.800000 -0.000000
v 1.000000 1.200000 -0.000000
v 1.000000 1.400000 -0.000000
v 1.200000 0.600000 -0.000000
v 1.200000 0.800000 -0.000000
v 1.200000 1.200000 -0.000000
v 1.200000 1.400000 -0.000000
v 1.600000 0.600000 -0.000000
v 1.600000 0.800000 -0.000000
v 1.600000 1.200000 -0.000000
v 1.600000 1.400000 -0.000000
v 1.800000 0.800000 -0.000000
v 1.800000 1.200000 -0.000000
v -1.200000 0.400000 -0.200000
v -1.200000 0.600000 -0.200000
v -1.200000 1.200000 -0.200000
v -1.200000 1.400000 -0.200000
v -1.000000 0.200000 -0.200000
v -1.000000 0.400000 -0.200000
v -1.000000 0.600000 -0.200000
v -1.000000 0.800000 -0.200000
v -0.800000 1.000000 -0.200000
v -0.800000 1.200000 -0.200000
v -0.800000 1.400000 -0.200000
v -0.600000 0.200000 -0.200000
v -0.600000 0.400000 -0.200000
v -0.600000 0.600000 -0.200000
v -0.600000 0.800000 -0.200000
v -0.600000 1.000000 -0.200000
v -0.600000 1.200000 -0.200000
v -0.600000 1.400000 -0.200000
v -0.600000 1.600000 -0.200000
v -0.400000 0.400000 -0.200000
v -0.400000 0.600000 -0.200000
v -0.400000 0.800000 -0.200000
v -0.400000 1.000000 -0.200000
v -0.200000 1.200000 -0.200000
v -0.200000 1.400000 -0.200000
v -0.200000 1.600000 -0.200000
v 0.000000 0.400000 -0.200000
v 0.000000 0.600000 -0.200000
v 0.000000 0.800000 -0.200000
v 0.000000 1.000000 -0.200000
v 0.000000 1.200000 -0.200000
v 0.000000 1.400000 -0.200000
v 1.000000 0.600000 -0.200000
v 1.000000 0.800000 -0.200000
v 1.000000 1.200000 -0.200000
v 1.000000 1.400000 -0.200000
v 1.200000 0.600000 -0.200000
v 1.200000 0.800000 -0.200000
v 1.200000 1.200000 -0.200000
v 1.200000 1.400000 -0.200000
v -1.200000 0.400000 -1.000000
v -1.200000 1.000000 -1.000000
v -1.200000 1.200000 -1.000000
v -1.200000 1.400000 -1.000000
v -1.000000 0.400000 -1.000000
v -1.000000 0.600000 -1.000000
v -0.800000 1.000000 -1.000000
v -0.800000 1.200000 -1.000000
v -0.600000 0.400000 -1.000000
v -0.600000 0.600000 -1.000000
v -0.600000 1.200000 -1.000000
v -0.600000 1.400000 -1.000000
v -0.400000 0.600000 -1.000000
v -0.400000 0.800000 -1.000000
v -0.200000 1.200000 -1.000000
v -0.200000 1.400000 -1.000000
v 0.000000 0.400000 -1.000000
v 0.000000 0.600000 -1.000000
v 0.000000 0.800000 -1.000000
v 0.000000 1.400000 -1.000000
v 0.000000 0.600000 -1.200000
v 0.000000 1.400000 -1.200000
v 0.200000 0.600000 -1.200000
v 0.200000 1.400000 -1.200000
v 0.800000 0.800000 -1.200000
v 0.800000 1.200000 -1.200000
v 1.000000 0.800000 -1.200000
v 1.000000 1.200000 -1.200000
v -0.600000 1.200000 -1.400000
v -0.600000 1.400000 -1.400000
v 0.000000 1.200000 -1.400000
v 0.000000 1.400000 -1.400000
v -1.600000 0.800000 -1.600000
v -1.600000 1.200000 -1.600000
v -0.800000 0.600000 -1.600000
v -0.800000 0.800000 -1.600000
v -0.800000 1.200000 -1.600000
v -0.800000 1.400000 -1.600000
v -0.600000 0.600000 -1.600000
v -0.600000 0.800000 -1.600000
v -0.600000 1.200000 -1.600000
v -0.600000 1.400000 -1.600000
v -1.800000 0.800000 -1.800000
v -1.800000 1.200000 -1.800000
v -1.600000 0.600000 -1.800000
v -1.600000 0.800000 -1.800000
v -1.600000 1.200000 -1.800000
v -1.600000 1.400000 -1.800000
v -0.800000 0.600000 -1.800000
v -0.800000 0.800000 -1.800000
v -0.800000 1.200000 -1.800000
v -0.800000 1.400000 -1.800000
v 0.000000 0.800000 3.200000
v 0.000000 1.200000 3.200000
v 0.400000 0.800000 3.200000
v 0.400000 1.200000 3.200000
v 0.600000 0.800000 3.200000
v 0.600000 1.200000 3.200000
v 0.800000 0.800000 3.200000
v 0.800000 1.200000 3.200000
v -0.800000 0.800000 3.000000
v -0.800000 1.200000 3.000000
v -0.600000 0.800000 3.000000
v -0.600000 1.200000 3.000000
v 0.400000 0.600000 3.000000
v 0.400000 0.800000 3.000000
v 0.400000 1.200000 3.000000
v 0.400000 1.400000 3.000000
v 0.600000 0.600000 3.000000
v 0.600000 0.800000 3.000000
v 0.600000 1.200000 3.000000
v 0.600000 1.400000 3.000000
v -0.600000 0.600000 2.800000
v -0.600000 1.400000 2.800000
v 0.200000 0.600000 2.800000
v 0.200000 1.400000 2.800000
v 0.400000 0.800000 2.800000
v 0.400000 1.200000 2.800000
v 0.800000 0.800000 2.800000
v 0.800000 1.200000 2.800000
v -0.800000 0.800000 2.600000
v -0.800000 1.200000 2.600000
v -0.600000 0.800000 2.600000
v -0.600000 1.200000 2.600000
v 0.400000 0.600000 2.600000
v 0.400000 0.800000 2.600000
v 0.400000 1.200000 2.600000
v 0.400000 1.400000 2.600000
v 0.600000 0.600000 2.600000
v 0.600000 0.800000 2.600000
v 0.600000 1.200000 2.600000
v 0.600000 1.400000 2.600000
v -1.000000 0.800000 2.400000
v -1.000000 1.200000 2.400000
v -0.800000 0.600000 2.400000
v -0.800000 0.800000 2.400000
v -0.800000 1.200000 2.400000
v -0.800000 1.400000 2.400000
v -0.400000 0.600000 2.400000
v -0.400000 0.800000 2.400000
v -0.400000 1.200000 2.400000
v -0.400000 1.400000 2.400000
v 0.400000 0.800000 2.400000
v 0.400000 1.200000 2.400000
v 0.800000 0.800000 2.400000
v 0.800000 1.200000 2.400000
v -0.800000 0.800000 2.200000
v -0.800000 1.200000 2.200000
v -0.400000 0.600000 2.200000
v -0.400000 0.800000 2.200000
v -0.400000 1.200000 2.200000
v -0.400000 1.400000 2.200000
v 0.000000 0.600000 2.200000
v 0.000000 0.800000 2.200000
v 0.000000 1.200000 2.200000
v 0.000000 1.400000 2.200000
v 0.200000 0.800000 2.200000
v 0.200000 1.200000 2.200000
v 0.400000 0.600000 2.200000
v 0.400000 0.800000 2.200000
v 0.400000 1.200000 2.200000
v 0.400000 1.400000 2.200000
v 0.600000 0.600000 2.200000
v 0.600000 0.800000 2.200000
v 0.600000 1.200000 2.200000
v 0.600000 1.400000 2.200000
v -0.400000 0.800000 2.000000
v -0.400000 1.200000 2.000000
v 0.000000 0.600000 2.000000
v 0.000000 0.800000 2.000000
v 0.000000 1.200000 2.000000
v 0.000000 1.400000 2.000000
v 0.200000 0.600000 2.000000
v 0.200000 0.800000 2.000000
v 0.200000 1.200000 2.000000
v 0.200000 1.400000 2.000000
v 0.400000 0.800000 2.000000
v 0.400000 1.200000 2.000000
v 0.800000 0.800000 2.000000
v 0.800000 1.200000 2.000000
v 0.400000 0.600000 1.800000
v 0.400000 0.800000 1.800000
v 0.400000 1.200000 1.800000
v 0.400000 1.400000 1.800000
v 0.600000 0.600000 1.800000
v 0.600000 0.800000 1.800000
v 0.600000 1.200000 1.800000
v 0.600000 1.400000 1.800000
v -1.800000 0.800000 1.600000
v -1.800000 1.200000 1.600000
v -1.600000 0.600000 1.600000
v -1.600000 0.800000 1.600000
v -1.600000 1.200000 1.600000
v -1.600000 1.400000 1.600000
v -1.200000 0.600000 1.600000
v -1.200000 0.800000 1.600000
v -1.200000 1.200000 1.600000
v -1.200000 1.400000 1.600000
v 0.000000 0.800000 1.600000
v 0.000000 1.200000 1.600000
v 0.200000 0.800000 1.600000
v 0.200000 1.200000 1.600000
v 0.400000 0.800000 1.600000
v 0.400000 1.200000 1.600000
v 0.800000 0.800000 1.600000
v 0.800000 1.200000 1.600000
v -1.600000 0.800000 1.400000
v -1.600000 1.200000 1.400000
v -1.200000 0.600000 1.400000
v -1.200000 0.800000 1.400000
v -1.200000 1.200000 1.400000
v -1.200000 1.400000 1.400000
v -0.800000 0.600000 1.400000
v -0.800000 0.800000 1.400000
v -0.800000 1.200000 1.400000
v -0.800000 1.400000 1.400000
v 0.800000 0.800000 1.400000
v 0.800000 1.200000 1.400000
v 1.000000 0.800000 1.400000
v 1.000000 1.200000 1.400000
v -1.200000 0.800000 1.200000
v -1.200000 1.200000 1.200000
v -0.800000 0.600000 1.200000
v -0.800000 0.800000 1.200000
v -0.800000 1.200000 1.200000
v -0.800000 1.400000 1.200000
v -0.600000 0.600000 1.200000
v -0.600000 0.800000 1.200000
v -0.600000 1.200000 1.200000
v -0.600000 1.400000 1.200000
v -0.400000 0.600000 1.200000
v -0.400000 0.800000 1.200000
v -0.400000 1.200000 1.200000
v -0.400000 1.400000 1.200000
v -0.800000 0.800000 1.000000
v -0.800000 1.200000 1.000000
v -0.600000 0.800000 1.000000
v -0.600000 1.200000 1.000000
v -0.400000 0.600000 1.000000
v -0.400000 0.800000 1.000000
v -0.400000 1.200000 1.000000
v -0.400000 1.400000 1.000000
v -0.200000 0.600000 1.000000
v -0.200000 0.800000 1.000000
v -0.200000 1.200000 1.000000
v -0.200000 1.400000 1.000000
v -0.200000 1.200000 0.400000
v -0.200000 1.400000 0.400000
v 0.000000 1.200000 0.400000
v 0.000000 1.400000 0.400000
v 0.000000 0.600000 0.200000
v 0.000000 1.400000 0.200000
v 0.200000 0.600000 0.200000
v 0.200000 1.400000 0.200000
v -1.200000 0.400000 -0.000000
v -1.200000 1.000000 -0.000000
v -1.200000 1.200000 -0.000000
v -1.200000 1.400000 -0.000000
v -1.000000 0.400000 -0.000000
v -1.000000 0.600000 -0.000000
v -0.800000 1.000000 -0.000000
v -0.800000 1.200000 -0.000000
v -0.600000 0.400000 -0.000000
v -0.600000 0.600000 -0.000000
v -0.600000 1.200000 -0.000000
v -0.600000 1.400000 -0.000000
v -0.400000 0.600000 -0.000000
v -0.400000 0.800000 -0.000000
v -0.200000 1.200000 -0.000000
v -0.200000 1.400000 -0.000000
v 0.000000 0.400000 -0.000000
v 0.000000 0.600000 -0.000000
v 0.000000 0.800000 -0.000000
v 0.000000 1.400000 -0.000000
v -1.200000 0.400000 -0.800000
v -1.200000 0.600000 -0.800000
v -1.200000 1.200000 -0.800000
v -1.200000 1.400000 -0.800000
v -1.000000 0.200000 -0.800000
v -1.000000 0.400000 -0.800000
v -1.000000 0.600000 -0.800000
v -1.000000 0.800000 -0.800000
v -0.800000 1.000000 -0.800000
v -0.800000 1.200000 -0.800000
v -0.800000 1.400000 -0.800000
v -0.600000 0.200000 -0.800000
v -0.600000 0.400000 -0.800000
v -0.600000 0.600000 -0.800000
v -0.600000 0.800000 -0.800000
v -0.600000 1.000000 -0.800000
v -0.600000 1.200000 -0.800000
v -0.600000 1.400000 -0.800000
v -0.600000 1.600000 -0.800000
v -0.400000 0.400000 -0.800000
v -0.400000 0.600000 -0.800000
v -0.400000 0.800000 -0.800000
v -0.400000 1.000000 -0.800000
v -0.200000 1.200000 -0.800000
v -0.200000 1.400000 -0.800000
v -0.200000 1.600000 -0.800000
v 0.000000 0.400000 -0.800000
v 0.000000 0.600000 -0.800000
v 0.000000 0.800000 -0.800000
v 0.000000 1.000000 -0.800000
v 0.000000 1.200000 -0.800000
v 0.000000 1.400000 -0.800000
v 1.000000 0.600000 -0.800000
v 1.000000 0.800000 -0.800000
v 1.000000 1.200000 -0.800000
v 1.000000 1.400000 -0.800000
v 1.200000 0.600000 -0.800000
v 1.200000 0.800000 -0.800000
v 1.200000 1.200000 -0.800000
v 1.200000 1.400000 -0.800000
v -1.600000 0.600000 -1.000000
v -1.600000 1.200000 -1.000000
v -1.400000 0.400000 -1.000000
v -1.400000 0.600000 -1.000000
v -1.400000 1.200000 -1.000000
v -1.400000 1.400000 -1.000000
v -1.200000 0.400000 -1.000000
v -1.200000 0.600000 -1.000000
v -1.200000 1.200000 -1.000000
v -1.200000 1.400000 -1.000000
v 0.000000 0.400000 -1.000000
v 0.000000 1.400000 -1.000000
v 0.200000 0.400000 -1.000000
v 0.200000 0.600000 -1.000000
v 0.200000 1.400000 -1.000000
v 0.800000 0.600000 -1.000000
v 0.800000 1.400000 -1.000000
v 1.000000 0.600000 -1.000000
v 1.000000 0.800000 -1.000000
v 1.000000 1.200000 -1.000000
v 1.000000 1.400000 -1.000000
v 1.200000 0.600000 -1.000000
v 1.200000 0.800000 -1.000000
v 1.200000 1.200000 -1.000000
v 1.200000 1.400000 -1.000000
v 1.600000 0.600000 -1.000000
v 1.600000 0.800000 -1.000000
v 1.600000 1.200000 -1.000000
v 1.600000 1.400000 -1.000000
v 1.800000 0.800000 -1.000000
v 1.800000 1.200000 -1.000000
v -1.400000 0.600000 -1.200000
v -1.400000 1.200000 -1.200000
v -1.200000 0.400000 -1.200000
v -1.200000 0.600000 -1.200000
v -1.200000 1.200000 -1.200000
v -1.200000 1.400000 -1.200000
v 0.000000 0.400000 -1.200000
v 0.000000 0.600000 -1.200000
v 0.000000 1.200000 -1.200000
v 0.000000 1.400000 -1.200000
v 1.200000 0.800000 -1.200000
v 1.200000 1.200000 -1.200000
v 1.600000 0.800000 -1.200000
v 1.600000 1.200000 -1.200000
v -1.200000 0.600000 -1.400000
v -1.200000 1.200000 -1.400000
v -0.800000 0.800000 -1.400000
v -0.800000 1.200000 -1.400000
v -0.600000 0.600000 -1.400000
v -0.600000 0.800000 -1.400000
v -1.800000 0.800000 -2.200000
v -1.800000 1.200000 -2.200000
v -1.600000 0.600000 -2.200000
v -1.600000 0.800000 -2.200000
v -1.600000 1.200000 -2.200000
v -1.600000 1.400000 -2.200000
v -0.800000 0.600000 -2.200000
v -0.800000 0.800000 -2.200000
v -0.800000 1.200000 -2.200000
v -0.800000 1.400000 -2.200000
v -1.600000 0.800000 -2.400000
v -1.600000 1.200000 -2.400000
v -0.800000 0.600000 -2.400000
v -0.800000 0.800000 -2.400000
v -0.800000 1.200000 -2.400000
v -0.800000 1.400000 -2.400000
v -0.600000 0.600000 -2.400000
v -0.600000 0.800000 -2.400000
v -0.600000 1.200000 -2.400000
v -0.600000 1.400000 -2.400000
v 0.400000 0.600000 -2.400000
v 0.400000 0.800000 -2.400000
v 0.400000 1.200000 -2.400000
v 0.400000 1.400000 -2.400000
v 0.800000 0.600000 -2.400000
v 0.800000 0.800000 -2.400000
v 0.800000 1.200000 -2.400000
v 0.800000 1.400000 -2.400000
v 1.000000 0.800000 -2.400000
v 1.000000 1.200000 -2.400000
v -0.800000 0.800000 -2.600000
v -0.800000 1.200000 -2.600000
v -0.600000 0.600000 -2.600000
v -0.600000 0.800000 -2.600000
v -0.600000 1.200000 -2.600000
v -0.600000 1.400000 -2.600000
v -0.400000 0.600000 -2.600000
v -0.400000 0.800000 -2.600000
v -0.400000 1.200000 -2.600000
v -0.400000 1.400000 -2.600000
v 0.200000 0.600000 -2.600000
v 0.200000 0.800000 -2.600000
v 0.200000 1.200000 -2.600000
v 0.200000 1.400000 -2.600000
v 0.400000 0.600000 -2.600000
v 0.400000 0.800000 -2.600000
v 0.400000 1.200000 -2.600000
v 0.400000 1.400000 -2.600000
v 0.800000 0.800000 -2.600000
v 0.800000 1.200000 -2.600000
v -0.200000 0.800000 -3.000000
v -0.200000 1.200000 -3.000000
v 0.000000 0.800000 -3.000000
v 0.000000 1.200000 -3.000000
v -0.600000 0.800000 -3.400000
v -0.600000 1.200000 -3.400000
v -0.400000 0.600000 -3.400000
v -0.400000 0.800000 -3.400000
v -0.400000 1.200000 -3.400000
v -0.400000 1.400000 -3.400000
v -0.200000 0.600000 -3.400000
v -0.200000 0.800000 -3.400000
v -0.200000 1.200000 -3.400000
v -0.200000 1.400000 -3.400000
v 0.000000 0.600000 -3.400000
v 0.000000 0.800000 -3.400000
v 0.000000 1.200000 -3.400000
v 0.000000 1.400000 -3.400000
v 0.200000 0.600000 -3.400000
v 0.200000 0.800000 -3.400000
v 0.200000 1.200000 -3.400000
v 0.200000 1.400000 -3.400000
v 0.400000 0.800000 -3.400000
v 0.400000 1.200000 -3.400000
v -0.400000 0.800000 -3.600000
v -0.400000 1.200000 -3.600000
v -0.200000 0.600000 -3.600000
v -0.200000 0.800000 -3.600000
v -0.200000 1.200000 -3.600000
v -0.200000 1.400000 -3.600000
v 0.000000 0.600000 -3.600000
v 0.000000 0.800000 -3.600000
v 0.000000 1.200000 -3.600000
v 0.000000 1.400000 -3.600000
v 0.200000 0.800000 -3.600000
v 0.200000 1.200000 -3.600000
v -1.000000 0.200000 -0.200000
v -0.600000 0.200000 -0.200000
v -1.000000 0.200000 -0.800000
v -0.600000 0.200000 -0.800000
v -1.200000 0.400000 0.200000
v 0.000000 0.400000 0.200000
v -1.400000 0.400000 -0.000000
v -1.200000 0.400000 -0.000000
v -1.000000 0.400000 -0.000000
v -0.600000 0.400000 -0.000000
v 0.000000 0.400000 -0.000000
v 0.200000 0.400000 -0.000000
v -1.200000 0.400000 -0.200000
v -1.000000 0.400000 -0.200000
v -0.600000 0.400000 -0.200000
v -0.400000 0.400000 -0.200000
v 0.000000 0.400000 -0.200000
v -1.200000 0.400000 -0.800000
v -1.000000 0.400000 -0.800000
v -0.600000 0.400000 -0.800000
v -0.400000 0.400000 -0.800000
v 0.000000 0.400000 -0.800000
v -1.400000 0.400000 -1.000000
v -1.200000 0.400000 -1.000000
v -1.000000 0.400000 -1.000000
v -0.600000 0.400000 -1.000000
v 0.000000 0.400000 -1.000000
v 0.200000 0.400000 -1.000000
v -1.200000 0.400000 -1.200000
v 0.000000 0.400000 -1.200000
v 0.000000 0.600000 3.200000
v 0.800000 0.600000 3.200000
v -0.800000 0.600000 3.000000
v 0.000000 0.600000 3.000000
v 0.400000 0.600000 3.000000
v 0.600000 0.600000 3.000000
v -0.600000 0.600000 2.800000
v 0.200000 0.600000 2.800000
v 0.400000 0.600000 2.800000
v 0.600000 0.600000 2.800000
v -0.600000 0.600000 2.600000
v -0.400000 0.600000 2.600000
v 0.400000 0.600000 2.600000
v 0.600000 0.600000 2.600000
v -0.800000 0.600000 2.400000
v -0.400000 0.600000 2.400000
v 0.000000 0.600000 2.400000
v 0.400000 0.600000 2.400000
v 0.600000 0.600000 2.400000
v -0.400000 0.600000 2.200000
v 0.000000 0.600000 2.200000
v 0.200000 0.600000 2.200000
v 0.400000 0.600000 2.200000
v 0.600000 0.600000 2.200000
v -1.600000 0.600000 2.000000
v -1.200000 0.600000 2.000000
v 0.000000 0.600000 2.000000
v 0.200000 0.600000 2.000000
v 0.400000 0.600000 2.000000
v 0.600000 0.600000 2.000000
v -1.200000 0.600000 1.800000
v -0.800000 0.600000 1.800000
v 0.400000 0.600000 1.800000
v 0.600000 0.600000 1.800000
v -1.600000 0.600000 1.600000
v -1.200000 0.600000 1.600000
v -0.800000 0.600000 1.600000
v -0.400000 0.600000 1.600000
v 0.000000 0.600000 1.600000
v 0.400000 0.600000 1.600000
v 0.600000 0.600000 1.600000
v -1.200000 0.600000 1.400000
v -0.800000 0.600000 1.400000
v -0.600000 0.600000 1.400000
v -0.400000 0.600000 1.400000
v 0.000000 0.600000 1.400000
v 0.200000 0.600000 1.400000
v 0.800000 0.600000 1.400000
v -0.800000 0.600000 1.200000
v -0.600000 0.600000 1.200000
v -0.400000 0.600000 1.200000
v 0.400000 0.600000 1.200000
v 0.600000 0.600000 1.200000
v -0.400000 0.600000 1.000000
v -0.200000 0.600000 1.000000
v 0.400000 0.600000 0.800000
v 0.600000 0.600000 0.800000
v 0.400000 0.600000 0.600000
v 0.600000 0.600000 0.600000
v -1.200000 0.600000 0.400000
v -0.200000 0.600000 0.400000
v 0.000000 0.600000 0.400000
v -1.400000 0.600000 0.200000
v -1.200000 0.600000 0.200000
v 0.000000 0.600000 0.200000
v 0.200000 0.600000 0.200000
v 0.400000 0.600000 0.200000
v 0.600000 0.600000 0.200000
v -1.600000 0.600000 -0.000000
v -1.400000 0.600000 -0.000000
v -1.200000 0.600000 -0.000000
v -0.400000 0.600000 -0.000000
v 0.000000 0.600000 -0.000000
v 0.200000 0.600000 -0.000000
v 0.400000 0.600000 -0.000000
v 0.600000 0.600000 -0.000000
v 0.800000 0.600000 -0.000000
v 1.000000 0.600000 -0.000000
v 1.200000 0.600000 -0.000000
v 1.600000 0.600000 -0.000000
v -0.600000 0.600000 -0.200000
v -0.400000 0.600000 -0.200000
v 0.000000 0.600000 -0.200000
v 1.000000 0.600000 -0.200000
v 1.200000 0.600000 -0.200000
v 0.400000 0.600000 -0.400000
v 0.600000 0.600000 -0.400000
v 1.200000 0.600000 -0.400000
v 1.400000 0.600000 -0.400000
v 0.400000 0.600000 -0.600000
v 0.600000 0.600000 -0.600000
v 1.200000 0.600000 -0.600000
v 1.400000 0.600000 -0.600000
v -0.600000 0.600000 -0.800000
v -0.400000 0.600000 -0.800000
v 0.000000 0.600000 -0.800000
v 1.000000 0.600000 -0.800000
v 1.200000 0.600000 -0.800000
v -1.600000 0.600000 -1.000000
v -1.400000 0.600000 -1.000000
v -1.200000 0.600000 -1.000000
v -0.400000 0.600000 -1.000000
v 0.000000 0.600000 -1.000000
v 0.200000 0.600000 -1.000000
v 0.400000 0.600000 -1.000000
v 0.600000 0.600000 -1.000000
v 0.800000 0.600000 -1.000000
v 1.000000 0.600000 -1.000000
v 1.200000 0.600000 -1.000000
v 1.600000 0.600000 -1.000000
v -1.400000 0.600000 -1.200000
v -1.200000 0.600000 -1.200000
v 0.000000 0.600000 -1.200000
v 0.200000 0.600000 -1.200000
v 0.400000 0.600000 -1.200000
v 0.600000 0.600000 -1.200000
v -1.200000 0.600000 -1.400000
v -0.600000 0.600000 -1.400000
v 0.000000 0.600000 -1.400000
v -0.800000 0.600000 -1.600000
v -0.600000 0.600000 -1.600000
v 0.000000 0.600000 -1.600000
v 0.400000 0.600000 -1.600000
v 0.600000 0.600000 -1.600000
v -1.600000 0.600000 -1.800000
v -0.800000 0.600000 -1.800000
v 0.400000 0.600000 -1.800000
v 0.600000 0.600000 -1.800000
v -1.600000 0.600000 -2.200000
v -0.800000 0.600000 -2.200000
v -0.600000 0.600000 -2.200000
v -0.400000 0.600000 -2.200000
v 0.400000 0.600000 -2.200000
v 0.600000 0.600000 -2.200000
v -0.800000 0.600000 -2.400000
v -0.600000 0.600000 -2.400000
v -0.400000 0.600000 -2.400000
v -0.200000 0.600000 -2.400000
v 0.400000 0.600000 -2.400000
v 0.800000 0.600000 -2.400000
v -0.600000 0.600000 -2.600000
v -0.400000 0.600000 -2.600000
v 0.200000 0.600000 -2.600000
v 0.400000 0.600000 -2.600000
v -0.200000 0.600000 -3.200000
v 0.000000 0.600000 -3.200000
v -0.400000 0.600000 -3.400000
v -0.200000 0.600000 -3.400000
v 0.000000 0.600000 -3.400000
v 0.200000 0.600000 -3.400000
v -0.200000 0.600000 -3.600000
v 0.000000 0.600000 -3.600000
v 0.000000 0.800000 3.400000
v 0.800000 0.800000 3.400000
v -0.800000 0.800000 3.200000
v 0.000000 0.800000 3.200000
v 0.800000 0.800000 3.200000
v 1.000000 0.800000 3.200000
v -1.000000 0.800000 3.000000
v -0.800000 0.800000 3.000000
v 0.000000 0.800000 3.000000
v 0.400000 0.800000 3.000000
v 0.600000 0.800000 3.000000
v 0.400000 0.800000 2.800000
v 0.600000 0.800000 2.800000
v 0.400000 0.800000 2.600000
v 0.600000 0.800000 2.600000
v -1.000000 0.800000 2.400000
v -0.800000 0.800000 2.400000
v -0.400000 0.800000 2.400000
v 0.400000 0.800000 2.400000
v 0.600000 0.800000 2.400000
v -1.600000 0.800000 2.200000
v -1.200000 0.800000 2.200000
v -0.800000 0.800000 2.200000
v -0.400000 0.800000 2.200000
v 0.000000 0.800000 2.200000
v 0.400000 0.800000 2.200000
v 0.600000 0.800000 2.200000
v -1.800000 0.800000 2.000000
v -1.600000 0.800000 2.000000
v -1.200000 0.800000 2.000000
v -0.800000 0.800000 2.000000
v -0.400000 0.800000 2.000000
v 0.000000 0.800000 2.000000
v 0.200000 0.800000 2.000000
v 0.400000 0.800000 2.000000
v 0.600000 0.800000 2.000000
v -1.200000 0.800000 1.800000
v -0.800000 0.800000 1.800000
v -0.400000 0.800000 1.800000
v 0.400000 0.800000 1.800000
v 0.600000 0.800000 1.800000
v -1.800000 0.800000 1.600000
v -1.600000 0.800000 1.600000
v -1.200000 0.800000 1.600000
v -0.800000 0.800000 1.600000
v -0.400000 0.800000 1.600000
v 0.000000 0.800000 1.600000
v 0.200000 0.800000 1.600000
v 0.400000 0.800000 1.600000
v 0.600000 0.800000 1.600000
v -1.600000 0.800000 1.400000
v -1.200000 0.800000 1.400000
v -0.800000 0.800000 1.400000
v 0.800000 0.800000 1.400000
v 1.000000 0.800000 1.400000
v -1.200000 0.800000 1.200000
v -0.800000 0.800000 1.200000
v -0.600000 0.800000 1.200000
v -0.400000 0.800000 1.200000
v 0.800000 0.800000 1.200000
v 1.000000 0.800000 1.200000
v -0.800000 0.800000 1.000000
v -0.600000 0.800000 1.000000
v -0.400000 0.800000 1.000000
v -0.200000 0.800000 1.000000
v -0.400000 0.800000 0.400000
v -0.200000 0.800000 0.400000
v 1.200000 0.800000 0.200000
v 1.600000 0.800000 0.200000
v 0.800000 0.800000 -0.000000
v 1.000000 0.800000 -0.000000
v 1.200000 0.800000 -0.000000
v 1.600000 0.800000 -0.000000
v 1.800000 0.800000 -0.000000
v 1.000000 0.800000 -0.200000
v 1.200000 0.800000 -0.200000
v 1.000000 0.800000 -0.800000
v 1.200000 0.800000 -0.800000
v 1.000000 0.800000 -1.000000
v 1.200000 0.800000 -1.000000
v 1.600000 0.800000 -1.000000
v 1.800000 0.800000 -1.000000
v 0.800000 0.800000 -1.200000
v 1.000000 0.800000 -1.200000
v 1.200000 0.800000 -1.200000
v 1.600000 0.800000 -1.200000
v -0.800000 0.800000 -1.400000
v -0.600000 0.800000 -1.400000
v -1.600000 0.800000 -1.600000
v -0.800000 0.800000 -1.600000
v -0.600000 0.800000 -1.600000
v -1.800000 0.800000 -1.800000
v -1.600000 0.800000 -1.800000
v -0.800000 0.800000 -1.800000
v -1.800000 0.800000 -2.200000
v -1.600000 0.800000 -2.200000
v -0.800000 0.800000 -2.200000
v -1.600000 0.800000 -2.400000
v -0.800000 0.800000 -2.400000
v -0.600000 0.800000 -2.400000
v 0.400000 0.800000 -2.400000
v 0.800000 0.800000 -2.400000
v 1.000000 0.800000 -2.400000
v -0.800000 0.800000 -2.600000
v -0.600000 0.800000 -2.600000
v -0.400000 0.800000 -2.600000
v 0.200000 0.800000 -2.600000
v 0.400000 0.800000 -2.600000
v 0.800000 0.800000 -2.600000
v -0.600000 0.800000 -3.400000
v -0.400000 0.800000 -3.400000
v -0.200000 0.800000 -3.400000
v 0.000000 0.800000 -3.400000
v 0.200000 0.800000 -3.400000
v 0.400000 0.800000 -3.400000
v -0.400000 0.800000 -3.600000
v -0.200000 0.800000 -3.600000
v 0.000000 0.800000 -3.600000
v 0.200000 0.800000 -3.600000
v -1.200000 1.000000 -0.000000
v -0.800000 1.000000 -0.000000
v -1.200000 1.000000 -0.200000
v -0.800000 1.000000 -0.200000
v -0.600000 1.000000 -0.200000
v -1.200000 1.000000 -0.800000
v -0.800000 1.000000 -0.800000
v -0.600000 1.000000 -0.800000
v -1.200000 1.000000 -1.000000
v -0.800000 1.000000 -1.000000
v 0.000000 1.200000 3.200000
v 0.400000 1.200000 3.200000
v 0.600000 1.200000 3.200000
v 0.800000 1.200000 3.200000
v -0.800000 1.200000 3.000000
v -0.600000 1.200000 3.000000
v 0.000000 1.200000 3.000000
v 0.200000 1.200000 3.000000
v 0.600000 1.200000 3.000000
v 0.800000 1.200000 3.000000
v -0.800000 1.200000 2.800000
v -0.600000 1.200000 2.800000
v 0.200000 1.200000 2.800000
v 0.400000 1.200000 2.800000
v 0.800000 1.200000 2.800000
v -0.800000 1.200000 2.600000
v -0.600000 1.200000 2.600000
v 0.400000 1.200000 2.600000
v 0.800000 1.200000 2.600000
v -0.800000 1.200000 2.400000
v -0.600000 1.200000 2.400000
v 0.400000 1.200000 2.400000
v 0.800000 1.200000 2.400000
v 0.200000 1.200000 2.200000
v 0.400000 1.200000 2.200000
v 0.800000 1.200000 2.200000
v 0.400000 1.200000 2.000000
v 0.800000 1.200000 2.000000
v 0.400000 1.200000 1.800000
v 0.800000 1.200000 1.800000
v 0.200000 1.200000 1.600000
v 0.400000 1.200000 1.600000
v 0.800000 1.200000 1.600000
v 0.400000 1.200000 1.400000
v 0.800000 1.200000 1.400000
v -0.600000 1.200000 -0.000000
v -0.200000 1.200000 -0.000000
v -0.600000 1.200000 -0.200000
v -0.200000 1.200000 -0.200000
v 0.000000 1.200000 -0.200000
v -0.600000 1.200000 -0.800000
v -0.200000 1.200000 -0.800000
v 0.000000 1.200000 -0.800000
v -0.600000 1.200000 -1.000000
v -0.200000 1.200000 -1.000000
v -0.200000 1.200000 -3.000000
v 0.000000 1.200000 -3.000000
v -0.200000 1.200000 -3.200000
v 0.000000 1.200000 -3.200000
v -0.200000 1.200000 -3.600000
v 0.000000 1.200000 -3.600000
v -1.000000 0.600000 -0.000000
v -0.600000 0.600000 -0.000000
v -1.200000 0.600000 -0.200000
v -1.000000 0.600000 -0.200000
v -0.600000 0.600000 -0.200000
v -1.200000 0.600000 -0.800000
v -1.000000 0.600000 -0.800000
v -0.600000 0.600000 -0.800000
v -1.000000 0.600000 -1.000000
v -0.600000 0.600000 -1.000000
v 0.000000 0.800000 3.200000
v 0.400000 0.800000 3.200000
v 0.600000 0.800000 3.200000
v 0.800000 0.800000 3.200000
v -0.800000 0.800000 3.000000
v -0.600000 0.800000 3.000000
v 0.000000 0.800000 3.000000
v 0.200000 0.800000 3.000000
v 0.600000 0.800000 3.000000
v 0.800000 0.800000 3.000000
v -0.800000 0.800000 2.800000
v -0.600000 0.800000 2.800000
v 0.200000 0.800000 2.800000
v 0.400000 0.800000 2.800000
v 0.800000 0.800000 2.800000
v -0.800000 0.800000 2.600000
v -0.600000 0.800000 2.600000
v 0.400000 0.800000 2.600000
v 0.800000 0.800000 2.600000
v -0.800000 0.800000 2.400000
v -0.600000 0.800000 2.400000
v 0.400000 0.800000 2.400000
v 0.800000 0.800000 2.400000
v 0.200000 0.800000 2.200000
v 0.400000 0.800000 2.200000
v 0.800000 0.800000 2.200000
v 0.400000 0.800000 2.000000
v 0.800000 0.800000 2.000000
v 0.400000 0.800000 1.800000
v 0.800000 0.800000 1.800000
v 0.200000 0.800000 1.600000
v 0.400000 0.800000 1.600000
v 0.800000 0.800000 1.600000
v 0.400000 0.800000 1.400000
v 0.800000 0.800000 1.400000
v -0.400000 0.800000 -0.000000
v 0.000000 0.800000 -0.000000
v -1.000000 0.800000 -0.200000
v -0.600000 0.800000 -0.200000
v -0.400000 0.800000 -0.200000
v 0.000000 0.800000 -0.200000
v -1.000000 0.800000 -0.800000
v -0.600000 0.800000 -0.800000
v -0.400000 0.800000 -0.800000
v 0.000000 0.800000 -0.800000
v -0.400000 0.800000 -1.000000
v 0.000000 0.800000 -1.000000
v -0.200000 0.800000 -3.000000
v 0.000000 0.800000 -3.000000
v -0.200000 0.800000 -3.200000
v 0.000000 0.800000 -3.200000
v -0.200000 0.800000 -3.600000
v 0.000000 0.800000 -3.600000
v -0.400000 1.000000 -0.200000
v 0.000000 1.000000 -0.200000
v -0.400000 1.000000 -0.800000
v 0.000000 1.000000 -0.800000
v 0.000000 1.200000 3.400000
v 0.800000 1.200000 3.400000
v -0.800000 1.200000 3.200000
v 0.000000 1.200000 3.200000
v 0.800000 1.200000 3.200000
v 1.000000 1.200000 3.200000
v -1.000000 1.200000 3.000000
v -0.800000 1.200000 3.000000
v 0.000000 1.200000 3.000000
v 0.400000 1.200000 3.000000
v 0.600000 1.200000 3.000000
v 0.400000 1.200000 2.800000
v 0.600000 1.200000 2.800000
v 0.400000 1.200000 2.600000
v 0.600000 1.200000 2.600000
v -1.000000 1.200000 2.400000
v -0.800000 1.200000 2.400000
v -0.400000 1.200000 2.400000
v 0.400000 1.200000 2.400000
v 0.600000 1.200000 2.400000
v -1.600000 1.200000 2.200000
v -1.200000 1.200000 2.200000
v -0.800000 1.200000 2.200000
v -0.400000 1.200000 2.200000
v 0.000000 1.200000 2.200000
v 0.400000 1.200000 2.200000
v 0.600000 1.200000 2.200000
v -1.800000 1.200000 2.000000
v -1.600000 1.200000 2.000000
v -1.200000 1.200000 2.000000
v -0.800000 1.200000 2.000000
v -0.400000 1.200000 2.000000
v 0.000000 1.200000 2.000000
v 0.200000 1.200000 2.000000
v 0.400000 1.200000 2.000000
v 0.600000 1.200000 2.000000
v -1.200000 1.200000 1.800000
v -0.800000 1.200000 1.800000
v -0.400000 1.200000 1.800000
v 0.400000 1.200000 1.800000
v 0.600000 1.200000 1.800000
v -1.800000 1.200000 1.600000
v -1.600000 1.200000 1.600000
v -1.200000 1.200000 1.600000
v -0.800000 1.200000 1.600000
v -0.400000 1.200000 1.600000
v 0.000000 1.200000 1.600000
v 0.200000 1.200000 1.600000
v 0.400000 1.200000 1.600000
v 0.600000 1.200000 1.600000
v -1.600000 1.200000 1.400000
v -1.200000 1.200000 1.400000
v -0.800000 1.200000 1.400000
v 0.800000 1.200000 1.400000
v 1.000000 1.200000 1.400000
v -1.200000 1.200000 1.200000
v -0.800000 1.200000 1.200000
v -0.600000 1.200000 1.200000
v -0.400000 1.200000 1.200000
v 0.800000 1.200000 1.200000
v 1.000000 1.200000 1.200000
v -0.800000 1.200000 1.000000
v -0.600000 1.200000 1.000000
v -0.400000 1.200000 1.000000
v -0.200000 1.200000 1.000000
v -1.200000 1.200000 0.400000
v -0.400000 1.200000 0.400000
v -0.200000 1.200000 0.400000
v 0.000000 1.200000 0.400000
v -1.400000 1.200000 0.200000
v -1.200000 1.200000 0.200000
v 0.000000 1.200000 0.200000
v 1.200000 1.200000 0.200000
v 1.600000 1.200000 0.200000
v -1.600000 1.200000 -0.000000
v -1.400000 1.200000 -0.000000
v -1.200000 1.200000 -0.000000
v -0.800000 1.200000 -0.000000
v 0.800000 1.200000 -0.000000
v 1.000000 1.200000 -0.000000
v 1.200000 1.200000 -0.000000
v 1.600000 1.200000 -0.000000
v 1.800000 1.200000 -0.000000
v -1.200000 1.200000 -0.200000
v -0.800000 1.200000 -0.200000
v -0.600000 1.200000 -0.200000
v 1.000000 1.200000 -0.200000
v 1.200000 1.200000 -0.200000
v -1.200000 1.200000 -0.800000
v -0.800000 1.200000 -0.800000
v -0.600000 1.200000 -0.800000
v 1.000000 1.200000 -0.800000
v 1.200000 1.200000 -0.800000
v -1.600000 1.200000 -1.000000
v -1.400000 1.200000 -1.000000
v -1.200000 1.200000 -1.000000
v -0.800000 1.200000 -1.000000
v 1.000000 1.200000 -1.000000
v 1.200000 1.200000 -1.000000
v 1.600000 1.200000 -1.000000
v 1.800000 1.200000 -1.000000
v -1.400000 1.200000 -1.200000
v -1.200000 1.200000 -1.200000
v 0.000000 1.200000 -1.200000
v 0.800000 1.200000 -1.200000
v 1.000000 1.200000 -1.200000
v 1.200000 1.200000 -1.200000
v 1.600000 1.200000 -1.200000
v -1.200000 1.200000 -1.400000
v -0.800000 1.200000 -1.400000
v -0.600000 1.200000 -1.400000
v 0.000000 1.200000 -1.400000
v -1.600000 1.200000 -1.600000
v -0.800000 1.200000 -1.600000
v -0.600000 1.200000 -1.600000
v -1.800000 1.200000 -1.800000
v -1.600000 1.200000 -1.800000
v -0.800000 1.200000 -1.800000
v -1.800000 1.200000 -2.200000
v -1.600000 1.200000 -2.200000
v -0.800000 1.200000 -2.200000
v -1.600000 1.200000 -2.400000
v -0.800000 1.200000 -2.400000
v -0.600000 1.200000 -2.400000
v 0.400000 1.200000 -2.400000
v 0.800000 1.200000 -2.400000
v 1.000000 1.200000 -2.400000
v -0.800000 1.200000 -2.600000
v -0.600000 1.200000 -2.600000
v -0.400000 1.200000 -2.600000
v 0.200000 1.200000 -2.600000
v 0.400000 1.200000 -2.600000
v 0.800000 1.200000 -2.600000
v -0.600000 1.200000 -3.400000
v -0.400000 1.200000 -3.400000
v -0.200000 1.200000 -3.400000
v 0.000000 1.200000 -3.400000
v 0.200000 1.200000 -3.400000
v 0.400000 1.200000 -3.400000
v -0.400000 1.200000 -3.600000
v -0.200000 1.200000 -3.600000
v 0.000000 1.200000 -3.600000
v 0.200000 1.200000 -3.600000
v 0.000000 1.400000 3.200000
v 0.800000 1.400000 3.200000
v -0.800000 1.400000 3.000000
v 0.000000 1.400000 3.000000
v 0.400000 1.400000 3.000000
v 0.600000 1.400000 3.000000
v -0.600000 1.400000 2.800000
v 0.200000 1.400000 2.800000
v 0.400000 1.400000 2.800000
v 0.600000 1.400000 2.800000
v -0.600000 1.400000 2.600000
v -0.400000 1.400000 2.600000
v 0.400000 1.400000 2.600000
v 0.600000 1.400000 2.600000
v -0.800000 1.400000 2.400000
v -0.400000 1.400000 2.400000
v 0.000000 1.400000 2.400000
v 0.400000 1.400000 2.400000
v 0.600000 1.400000 2.400000
v -0.400000 1.400000 2.200000
v 0.000000 1.400000 2.200000
v 0.200000 1.400000 2.200000
v 0.400000 1.400000 2.200000
v 0.600000 1.400000 2.200000
v -1.600000 1.400000 2.000000
v -1.200000 1.400000 2.000000
v 0.000000 1.400000 2.000000
v 0.200000 1.400000 2.000000
v 0.400000 1.400000 2.000000
v 0.600000 1.400000 2.000000
v -1.200000 1.400000 1.800000
v -0.800000 1.400000 1.800000
v 0.400000 1.400000 1.800000
v 0.600000 1.400000 1.800000
v -1.600000 1.400000 1.600000
v -1.200000 1.400000 1.600000
v -0.800000 1.400000 1.600000
v -0.400000 1.400000 1.600000
v 0.000000 1.400000 1.600000
v 0.400000 1.400000 1.600000
v 0.600000 1.400000 1.600000
v -1.200000 1.400000 1.400000
v -0.800000 1.400000 1.400000
v -0.600000 1.400000 1.400000
v -0.400000 1.400000 1.400000
v 0.000000 1.400000 1.400000
v 0.200000 1.400000 1.400000
v 0.800000 1.400000 1.400000
v -0.800000 1.400000 1.200000
v -0.600000 1.400000 1.200000
v -0.400000 1.400000 1.200000
v 0.400000 1.400000 1.200000
v 0.600000 1.400000 1.200000
v -0.400000 1.400000 1.000000
v -0.200000 1.400000 1.000000
v 0.400000 1.400000 0.800000
v 0.600000 1.400000 0.800000
v 0.400000 1.400000 0.600000
v 0.600000 1.400000 0.600000
v -0.200000 1.400000 0.400000
v 0.000000 1.400000 0.400000
v -1.200000 1.400000 0.200000
v 0.000000 1.400000 0.200000
v 0.200000 1.400000 0.200000
v 0.400000 1.400000 0.200000
v 0.600000 1.400000 0.200000
v -1.400000 1.400000 -0.000000
v -1.200000 1.400000 -0.000000
v -0.600000 1.400000 -0.000000
v -0.200000 1.400000 -0.000000
v 0.000000 1.400000 -0.000000
v 0.200000 1.400000 -0.000000
v 0.400000 1.400000 -0.000000
v 0.600000 1.400000 -0.000000
v 0.800000 1.400000 -0.000000
v 1.000000 1.400000 -0.000000
v 1.200000 1.400000 -0.000000
v 1.600000 1.400000 -0.000000
v -1.200000 1.400000 -0.200000
v -0.800000 1.400000 -0.200000
v -0.600000 1.400000 -0.200000
v -0.200000 1.400000 -0.200000
v 0.000000 1.400000 -0.200000
v 1.000000 1.400000 -0.200000
v 1.200000 1.400000 -0.200000
v 0.400000 1.400000 -0.400000
v 0.600000 1.400000 -0.400000
v 1.200000 1.400000 -0.400000
v 1.400000 1.400000 -0.400000
v 0.400000 1.400000 -0.600000
v 0.600000 1.400000 -0.600000
v 1.200000 1.400000 -0.600000
v 1.400000 1.400000 -0.600000
v -1.200000 1.400000 -0.800000
v -0.800000 1.400000 -0.800000
v -0.600000 1.400000 -0.800000
v -0.200000 1.400000 -0.800000
v 0.000000 1.400000 -0.800000
v 1.000000 1.400000 -0.800000
v 1.200000 1.400000 -0.800000
v -1.400000 1.400000 -1.000000
v -1.200000 1.400000 -1.000000
v -0.600000 1.400000 -1.000000
v -0.200000 1.400000 -1.000000
v 0.000000 1.400000 -1.000000
v 0.200000 1.400000 -1.000000
v 0.400000 1.400000 -1.000000
v 0.600000 1.400000 -1.000000
v 0.800000 1.400000 -1.000000
v 1.000000 1.400000 -1.000000
v 1.200000 1.400000 -1.000000
v 1.600000 1.400000 -1.000000
v -1.200000 1.400000 -1.200000
v 0.000000 1.400000 -1.200000
v 0.200000 1.400000 -1.200000
v 0.400000 1.400000 -1.200000
v 0.600000 1.400000 -1.200000
v -0.600000 1.400000 -1.400000
v 0.000000 1.400000 -1.400000
v -0.800000 1.400000 -1.600000
v -0.600000 1.400000 -1.600000
v 0.000000 1.400000 -1.600000
v 0.400000 1.400000 -1.600000
v 0.600000 1.400000 -1.600000
v -1.600000 1.400000 -1.800000
v -0.800000 1.400000 -1.800000
v 0.400000 1.400000 -1.800000
v 0.600000 1.400000 -1.800000
v -1.600000 1.400000 -2.200000
v -0.800000 1.400000 -2.200000
v -0.600000 1.400000 -2.200000
v -0.400000 1.400000 -2.200000
v 0.400000 1.400000 -2.200000
v 0.600000 1.400000 -2.200000
v -0.800000 1.400000 -2.400000
v -0.600000 1.400000 -2.400000
v -0.400000 1.400000 -2.400000
v -0.200000 1.400000 -2.400000
v 0.400000 1.400000 -2.400000
v 0.800000 1.400000 -2.400000
v -0.600000 1.400000 -2.600000
v -0.400000 1.400000 -2.600000
v 0.200000 1.400000 -2.600000
v 0.400000 1.400000 -2.600000
v -0.200000 1.400000 -3.200000
v 0.000000 1.400000 -3.200000
v -0.400000 1.400000 -3.400000
v -0.200000 1.400000 -3.400000
v 0.000000 1.400000 -3.400000
v 0.200000 1.400000 -3.400000
v -0.200000 1.400000 -3.600000
v 0.000000 1.400000 -3.600000
v -0.600000 1.600000 -0.200000
v -0.200000 1.600000 -0.200000
v -0.600000 1.600000 -0.800000
v -0.200000 1.600000 -0.800000
vn -1.0000 -0.0000 -0.0000
vn 1.0000 -0.0000 -0.0000
vn -0.0000 -0.0000 1.0000
vn -0.0000 -0.0000 -1.0000
vn -0.0000 -1.0000 -0.0000
vn -0.0000 1.0000 -0.0000
vt 0.279297 0.500000
vt 0.951172 0.500000
vt 0.958984 0.500000
vt 0.060547 0.500000
vt 0.029297 0.500000
vt 0.955078 0.500000
vt 0.986328 0.500000
vt 0.025391 0.500000
vt 0.966797 0.500000
vt 0.919922 0.500000
s 1
usemtl palette.002
f 5/1/1 2/1/1 1/1/1
f 6/1/1 2/1/1 5/1/1
f 7/2/1 4/2/1 3/2/1
f 8/2/1 4/2/1 7/2/1
f 16/1/1 10/1/1 9/1/1
f 17/1/1 10/1/1 16/1/1
f 20/2/1 14/2/1 13/2/1
f 21/2/1 14/2/1 20/2/1
f 23/1/1 16/1/1 15/1/1
f 24/1/1 16/1/1 23/1/1
f 25/1/1 18/1/1 17/1/1
f 26/1/1 18/1/1 25/1/1
f 27/3/1 12/3/1 11/3/1
f 28/3/1 12/3/1 27/3/1
f 29/2/1 20/2/1 19/2/1
f 30/2/1 20/2/1 29/2/1
f 31/2/1 22/2/1 21/2/1
f 32/2/1 22/2/1 31/2/1
f 33/1/1 25/1/1 24/1/1
f 34/1/1 25/1/1 33/1/1
f 35/2/1 31/2/1 30/2/1
f 36/2/1 31/2/1 35/2/1
f 40/3/1 38/3/1 37/3/1
f 41/3/1 38/3/1 40/3/1
f 43/3/1 40/3/1 39/3/1
f 44/3/1 40/3/1 43/3/1
f 45/3/1 42/3/1 41/3/1
f 46/3/1 42/3/1 45/3/1
f 47/3/1 45/3/1 44/3/1
f 48/3/1 45/3/1 47/3/1
f 56/3/1 50/3/1 49/3/1
f 57/3/1 50/3/1 56/3/1
f 58/3/1 52/3/1 51/3/1
f 59/3/1 52/3/1 58/3/1
f 61/1/1 54/1/1 53/1/1
f 62/1/1 54/1/1 61/1/1
f 65/1/1 63/1/1 62/1/1
f 66/1/1 63/1/1 65/1/1
f 67/3/1 56/3/1 55/3/1
f 68/3/1 56/3/1 67/3/1
f 71/3/1 60/3/1 59/3/1
f 72/3/1 60/3/1 71/3/1
f 73/1/1 65/1/1 64/1/1
f 74/1/1 65/1/1 73/1/1
f 75/3/1 69/3/1 68/3/1
f 76/3/1 69/3/1 75/3/1
f 77/3/1 71/3/1 70/3/1
f 78/3/1 71/3/1 77/3/1
f 82/4/1 80/4/1 79/4/1
f 83/4/1 80/4/1 82/4/1
f 85/4/1 82/4/1 81/4/1
f 86/4/1 82/4/1 85/4/1
f 87/4/1 84/4/1 83/4/1
f 88/4/1 84/4/1 87/4/1
f 91/4/1 87/4/1 86/4/1
f 92/4/1 87/4/1 91/4/1
f 93/2/1 90/2/1 89/2/1
f 94/2/1 90/2/1 93/2/1
f 104/2/1 96/2/1 95/2/1
f 105/2/1 96/2/1 104/2/1
f 107/1/1 98/1/1 97/1/1
f 108/1/1 98/1/1 107/1/1
f 111/2/1 100/2/1 99/2/1
f 112/2/1 100/2/1 111/2/1
f 113/2/1 102/2/1 101/2/1
f 114/2/1 102/2/1 113/2/1
f 116/2/1 104/2/1 103/2/1
f 117/2/1 104/2/1 116/2/1
f 118/2/1 106/2/1 105/2/1
f 119/2/1 106/2/1 118/2/1
f 121/1/1 109/1/1 108/1/1
f 122/1/1 109/1/1 121/1/1
f 123/2/1 111/2/1 110/2/1
f 124/2/1 111/2/1 123/2/1
f 127/2/1 115/2/1 114/2/1
f 128/2/1 115/2/1 127/2/1
f 129/2/1 118/2/1 117/2/1
f 130/2/1 118/2/1 129/2/1
f 131/1/1 121/1/1 120/1/1
f 132/1/1 121/1/1 131/1/1
f 133/2/1 125/2/1 124/2/1
f 134/2/1 125/2/1 133/2/1
f 135/2/1 127/2/1 126/2/1
f 136/2/1 127/2/1 135/2/1
f 145/2/1 138/2/1 137/2/1
f 146/2/1 138/2/1 145/2/1
f 147/2/1 140/2/1 139/2/1
f 148/2/1 140/2/1 147/2/1
f 150/2/1 142/2/1 141/2/1
f 151/2/1 142/2/1 150/2/1
f 152/2/1 144/2/1 143/2/1
f 153/2/1 144/2/1 152/2/1
f 161/2/1 149/2/1 148/2/1
f 162/2/1 149/2/1 161/2/1
f 163/4/1 155/4/1 154/4/1
f 163/4/1 156/4/1 155/4/1
f 163/4/1 157/4/1 156/4/1
f 164/4/1 157/4/1 163/4/1
f 165/4/1 157/4/1 164/4/1
f 166/4/1 157/4/1 165/4/1
f 167/2/1 159/2/1 158/2/1
f 168/2/1 159/2/1 167/2/1
f 169/2/1 161/2/1 160/2/1
f 170/2/1 161/2/1 169/2/1
f 171/4/1 165/4/1 164/4/1
f 172/4/1 165/4/1 171/4/1
f 180/5/1 174/5/1 173/5/1
f 181/5/1 174/5/1 180/5/1
f 185/2/1 176/2/1 175/2/1
f 186/2/1 176/2/1 185/2/1
f 188/6/1 178/6/1 177/6/1
f 189/6/1 178/6/1 188/6/1
f 191/5/1 180/5/1 179/5/1
f 192/5/1 180/5/1 191/5/1
f 193/5/1 182/5/1 181/5/1
f 194/5/1 182/5/1 193/5/1
f 195/2/1 184/2/1 183/2/1
f 196/2/1 184/2/1 195/2/1
f 198/4/1 193/4/1 192/4/1
f 199/4/1 193/4/1 198/4/1
f 201/2/1 187/2/1 186/2/1
f 202/2/1 187/2/1 201/2/1
f 204/6/1 190/6/1 189/6/1
f 205/6/1 190/6/1 204/6/1
f 207/2/1 197/2/1 196/2/1
f 208/2/1 197/2/1 207/2/1
f 209/2/1 201/2/1 200/2/1
f 210/2/1 201/2/1 209/2/1
f 211/6/1 204/6/1 203/6/1
f 212/6/1 204/6/1 211/6/1
f 213/2/1 207/2/1 206/2/1
f 214/2/1 207/2/1 213/2/1
f 219/6/1 216/6/1 215/6/1
f 220/6/1 216/6/1 219/6/1
f 221/2/1 218/2/1 217/2/1
f 222/2/1 218/2/1 221/2/1
f 227/6/1 224/6/1 223/6/1
f 228/6/1 224/6/1 227/6/1
f 229/2/1 226/2/1 225/2/1
f 230/2/1 226/2/1 229/2/1
f 239/3/1 232/3/1 231/3/1
f 240/3/1 232/3/1 239/3/1
f 241/3/1 234/3/1 233/3/1
f 242/3/1 234/3/1 241/3/1
f 244/2/1 236/2/1 235/2/1
f 245/2/1 236/2/1 244/2/1
f 246/2/1 238/2/1 237/2/1
f 247/2/1 238/2/1 246/2/1
f 256/3/1 250/3/1 249/3/1
f 257/3/1 252/3/1 251/3/1
f 258/2/1 244/2/1 243/2/1
f 259/2/1 244/2/1 258/2/1
f 262/2/1 248/2/1 247/2/1
f 263/2/1 248/2/1 262/2/1
f 266/3/1 256/3/1 249/3/1
f 266/3/1 257/3/1 256/3/1
f 267/3/1 252/3/1 257/3/1
f 267/3/1 257/3/1 266/3/1
f 270/2/1 255/2/1 254/2/1
f 270/2/1 254/2/1 253/2/1
f 271/2/1 255/2/1 270/2/1
f 272/2/1 255/2/1 271/2/1
f 273/2/1 260/2/1 259/2/1
f 274/2/1 260/2/1 273/2/1
f 275/2/1 262/2/1 261/2/1
f 276/2/1 262/2/1 275/2/1
f 277/6/1 265/6/1 264/6/1
f 278/6/1 265/6/1 277/6/1
f 279/3/1 266/3/1 249/3/1
f 280/3/1 266/3/1 279/3/1
f 281/3/1 252/3/1 267/3/1
f 282/3/1 252/3/1 281/3/1
f 283/2/1 269/2/1 268/2/1
f 284/2/1 269/2/1 283/2/1
f 293/2/1 288/2/1 287/2/1
f 294/2/1 288/2/1 293/2/1
f 296/2/1 288/2/1 294/2/1
f 297/2/1 286/2/1 285/2/1
f 298/2/1 286/2/1 297/2/1
f 299/2/1 296/2/1 295/2/1
f 300/2/1 288/2/1 296/2/1
f 300/2/1 296/2/1 299/2/1
f 301/6/1 290/6/1 289/6/1
f 302/6/1 290/6/1 301/6/1
f 303/6/1 292/6/1 291/6/1
f 304/6/1 292/6/1 303/6/1
f 311/2/1 306/2/1 305/2/1
f 312/2/1 306/2/1 311/2/1
f 313/2/1 308/2/1 307/2/1
f 314/2/1 308/2/1 313/2/1
f 315/2/1 310/2/1 309/2/1
f 316/2/1 310/2/1 315/2/1
f 325/2/1 318/2/1 317/2/1
f 326/2/1 318/2/1 325/2/1
f 327/2/1 320/2/1 319/2/1
f 328/2/1 320/2/1 327/2/1
f 329/2/1 322/2/1 321/2/1
f 330/2/1 322/2/1 329/2/1
f 331/2/1 324/2/1 323/2/1
f 332/2/1 324/2/1 331/2/1
f 341/2/1 334/2/1 333/2/1
f 342/2/1 334/2/1 341/2/1
f 343/2/1 336/2/1 335/2/1
f 344/2/1 336/2/1 343/2/1
f 345/2/1 338/2/1 337/2/1
f 346/2/1 338/2/1 345/2/1
f 347/2/1 340/2/1 339/2/1
f 348/2/1 340/2/1 347/2/1
f 359/2/1 350/2/1 349/2/1
f 360/2/1 350/2/1 359/2/1
f 361/2/1 352/2/1 351/2/1
f 362/2/1 352/2/1 361/2/1
f 363/2/1 354/2/1 353/2/1
f 364/2/1 354/2/1 363/2/1
f 365/2/1 356/2/1 355/2/1
f 366/2/1 356/2/1 365/2/1
f 367/2/1 358/2/1 357/2/1
f 368/2/1 358/2/1 367/2/1
f 374/7/1 370/7/1 369/7/1
f 375/7/1 370/7/1 374/7/1
f 376/7/1 372/7/1 371/7/1
f 377/7/1 372/7/1 376/7/1
f 379/7/1 374/7/1 373/7/1
f 380/7/1 374/7/1 379/7/1
f 383/8/1 378/8/1 377/8/1
f 384/8/1 378/8/1 383/8/1
f 385/7/1 381/7/1 380/7/1
f 386/7/1 381/7/1 385/7/1
f 387/7/1 383/7/1 382/7/1
f 388/7/1 383/7/1 387/7/1
f 389/3/2 390/3/2 395/3/2
f 391/3/2 392/3/2 396/3/2
f 393/1/2 394/1/2 398/1/2
f 398/1/2 394/1/2 399/1/2
f 395/3/2 396/3/2 400/3/2
f 389/3/2 395/3/2 400/3/2
f 400/3/2 396/3/2 401/3/2
f 396/3/2 392/3/2 402/3/2
f 401/3/2 396/3/2 402/3/2
f 402/3/2 392/3/2 403/3/2
f 397/1/2 398/1/2 404/1/2
f 404/1/2 398/1/2 405/1/2
f 405/1/2 406/1/2 411/1/2
f 411/1/2 406/1/2 412/1/2
f 407/3/2 408/3/2 413/3/2
f 413/3/2 408/3/2 414/3/2
f 409/3/2 410/3/2 415/3/2
f 415/3/2 410/3/2 416/3/2
f 417/1/2 418/1/2 424/1/2
f 424/1/2 418/1/2 425/1/2
f 419/2/2 420/2/2 430/2/2
f 430/2/2 420/2/2 431/2/2
f 421/2/2 422/2/2 432/2/2
f 432/2/2 422/2/2 433/2/2
f 423/1/2 424/1/2 434/1/2
f 434/1/2 424/1/2 435/1/2
f 426/5/2 427/5/2 437/5/2
f 437/5/2 427/5/2 438/5/2
f 428/5/2 429/5/2 439/5/2
f 439/5/2 429/5/2 440/5/2
f 435/1/2 436/1/2 441/1/2
f 441/1/2 436/1/2 442/1/2
f 438/5/2 439/5/2 443/5/2
f 443/5/2 439/5/2 444/5/2
f 445/4/2 446/4/2 448/4/2
f 448/4/2 446/4/2 449/4/2
f 447/4/2 448/4/2 453/4/2
f 448/4/2 449/4/2 453/4/2
f 449/4/2 450/4/2 453/4/2
f 453/4/2 450/4/2 454/4/2
f 454/4/2 450/4/2 455/4/2
f 455/4/2 450/4/2 456/4/2
f 457/5/2 458/5/2 459/5/2
f 459/5/2 458/5/2 460/5/2
f 451/2/2 452/2/2 461/2/2
f 461/2/2 452/2/2 462/2/2
f 465/1/2 466/1/2 467/1/2
f 467/1/2 466/1/2 468/1/2
f 463/2/2 464/2/2 469/2/2
f 469/2/2 464/2/2 470/2/2
f 471/2/2 472/2/2 478/2/2
f 472/2/2 473/2/2 478/2/2
f 478/2/2 473/2/2 479/2/2
f 479/2/2 473/2/2 480/2/2
f 474/4/2 475/4/2 481/4/2
f 481/4/2 475/4/2 482/4/2
f 476/4/2 477/4/2 483/4/2
f 483/4/2 477/4/2 484/4/2
f 482/4/2 483/4/2 485/4/2
f 485/4/2 483/4/2 486/4/2
f 487/3/2 488/3/2 495/3/2
f 489/3/2 490/3/2 496/3/2
f 493/6/2 494/6/2 501/6/2
f 497/2/2 498/2/2 502/2/2
f 502/2/2 498/2/2 503/2/2
f 499/2/2 500/2/2 504/2/2
f 504/2/2 500/2/2 505/2/2
f 501/6/2 494/6/2 506/6/2
f 491/2/2 492/2/2 509/2/2
f 509/2/2 492/2/2 510/2/2
f 506/6/2 494/6/2 511/6/2
f 511/6/2 494/6/2 512/6/2
f 495/3/2 488/3/2 513/3/2
f 513/3/2 488/3/2 514/3/2
f 489/3/2 496/3/2 515/3/2
f 515/3/2 496/3/2 516/3/2
f 507/2/2 508/2/2 517/2/2
f 517/2/2 508/2/2 518/2/2
f 519/3/2 520/3/2 521/3/2
f 521/3/2 520/3/2 522/3/2
f 523/2/2 524/2/2 529/2/2
f 529/2/2 524/2/2 530/2/2
f 525/2/2 526/2/2 532/2/2
f 532/2/2 526/2/2 533/2/2
f 527/2/2 528/2/2 534/2/2
f 534/2/2 528/2/2 535/2/2
f 530/2/2 531/2/2 537/2/2
f 537/2/2 531/2/2 538/2/2
f 536/2/2 537/2/2 539/2/2
f 539/2/2 537/2/2 540/2/2
f 541/2/2 542/2/2 551/2/2
f 551/2/2 542/2/2 552/2/2
f 543/2/2 544/2/2 553/2/2
f 553/2/2 544/2/2 554/2/2
f 545/2/2 546/2/2 555/2/2
f 555/2/2 546/2/2 556/2/2
f 547/2/2 548/2/2 557/2/2
f 557/2/2 548/2/2 558/2/2
f 549/6/2 550/6/2 560/6/2
f 560/6/2 550/6/2 561/6/2
f 552/2/2 553/2/2 564/2/2
f 564/2/2 553/2/2 565/2/2
f 554/2/2 555/2/2 566/2/2
f 566/2/2 555/2/2 567/2/2
f 558/2/2 559/2/2 570/2/2
f 570/2/2 559/2/2 571/2/2
f 561/2/2 562/2/2 573/2/2
f 573/2/2 562/2/2 574/2/2
f 563/2/2 564/2/2 575/2/2
f 575/2/2 564/2/2 576/2/2
f 565/2/2 566/2/2 577/2/2
f 577/2/2 566/2/2 578/2/2
f 567/2/2 568/2/2 579/2/2
f 579/2/2 568/2/2 580/2/2
f 569/2/2 570/2/2 581/2/2
f 581/2/2 570/2/2 582/2/2
f 572/6/2 573/6/2 583/6/2
f 583/6/2 573/6/2 584/6/2
f 585/2/2 586/2/2 587/2/2
f 587/2/2 586/2/2 588/2/2
f 589/2/2 590/2/2 595/2/2
f 590/6/2 591/6/2 596/6/2
f 595/2/2 590/2/2 596/2/2
f 596/6/2 591/6/2 597/6/2
f 597/6/2 591/6/2 598/6/2
f 592/6/2 593/6/2 599/6/2
f 599/6/2 593/6/2 600/6/2
f 594/2/2 595/2/2 602/2/2
f 602/2/2 595/2/2 603/2/2
f 596/2/2 597/2/2 604/2/2
f 604/2/2 597/2/2 605/2/2
f 592/6/2 599/6/2 607/6/2
f 600/6/2 601/6/2 608/6/2
f 608/6/2 601/6/2 609/6/2
f 603/2/2 604/2/2 610/2/2
f 605/6/2 606/6/2 611/6/2
f 610/2/2 604/2/2 611/2/2
f 604/6/2 605/6/2 611/6/2
f 611/6/2 606/6/2 612/6/2
f 592/6/2 607/6/2 613/6/2
f 607/6/2 608/6/2 613/6/2
f 613/6/2 608/6/2 614/6/2
f 615/6/2 616/6/2 622/6/2
f 622/6/2 616/6/2 623/6/2
f 617/6/2 618/6/2 624/6/2
f 624/6/2 618/6/2 625/6/2
f 619/2/2 620/2/2 628/2/2
f 628/2/2 620/2/2 629/2/2
f 621/6/2 622/6/2 630/6/2
f 630/6/2 622/6/2 631/6/2
f 626/6/2 627/6/2 635/6/2
f 635/6/2 627/6/2 636/6/2
f 631/6/2 632/6/2 637/6/2
f 637/6/2 632/6/2 638/6/2
f 633/6/2 634/6/2 639/6/2
f 639/6/2 634/6/2 640/6/2
f 641/7/2 642/7/2 644/7/2
f 644/7/2 642/7/2 645/7/2
f 643/7/2 644/7/2 647/7/2
f 647/7/2 644/7/2 648/7/2
f 645/8/2 646/8/2 649/8/2
f 649/8/2 646/8/2 650/8/2
f 648/7/2 649/7/2 651/7/2
f 651/7/2 649/7/2 652/7/2
f 653/7/2 654/7/2 655/7/2
f 655/7/2 654/7/2 656/7/2
f 659/2/3 658/2/3 657/2/3
f 660/2/3 658/2/3 659/2/3
f 664/2/3 662/2/3 661/2/3
f 665/2/3 662/2/3 664/2/3
f 667/2/3 664/2/3 663/2/3
f 668/2/3 664/2/3 667/2/3
f 669/2/3 666/2/3 665/2/3
f 670/2/3 666/2/3 669/2/3
f 671/2/3 669/2/3 668/2/3
f 672/2/3 669/2/3 671/2/3
f 676/2/3 674/2/3 673/2/3
f 677/2/3 674/2/3 676/2/3
f 679/2/3 676/2/3 675/2/3
f 680/2/3 676/2/3 679/2/3
f 681/2/3 678/2/3 677/2/3
f 682/2/3 678/2/3 681/2/3
f 683/2/3 681/2/3 680/2/3
f 684/2/3 681/2/3 683/2/3
f 687/2/3 686/2/3 685/2/3
f 688/2/3 686/2/3 687/2/3
f 691/2/3 690/2/3 689/2/3
f 692/2/3 690/2/3 691/2/3
f 696/2/3 694/2/3 693/2/3
f 697/2/3 694/2/3 696/2/3
f 699/2/3 696/2/3 695/2/3
f 700/2/3 696/2/3 699/2/3
f 701/2/3 698/2/3 697/2/3
f 702/2/3 698/2/3 701/2/3
f 705/2/3 704/2/3 703/2/3
f 706/2/3 704/2/3 705/2/3
f 709/2/3 708/2/3 707/2/3
f 710/2/3 708/2/3 709/2/3
f 713/2/3 712/2/3 711/2/3
f 714/2/3 712/2/3 713/2/3
f 717/2/3 716/2/3 715/2/3
f 718/2/3 716/2/3 717/2/3
f 723/2/3 720/2/3 719/2/3
f 724/2/3 720/2/3 723/2/3
f 725/2/3 722/2/3 721/2/3
f 726/2/3 722/2/3 725/2/3
f 729/1/3 728/1/3 727/1/3
f 730/1/3 728/1/3 729/1/3
f 733/2/3 732/2/3 731/2/3
f 734/2/3 732/2/3 733/2/3
f 737/2/3 736/2/3 735/2/3
f 738/2/3 736/2/3 737/2/3
f 742/1/3 740/1/3 739/1/3
f 743/1/3 740/1/3 742/1/3
f 745/1/3 742/1/3 741/1/3
f 746/1/3 742/1/3 745/1/3
f 747/1/3 744/1/3 743/1/3
f 748/1/3 744/1/3 747/1/3
f 749/1/3 747/1/3 746/1/3
f 750/1/3 747/1/3 749/1/3
f 755/2/3 752/2/3 751/2/3
f 756/2/3 752/2/3 755/2/3
f 757/2/3 754/2/3 753/2/3
f 758/2/3 754/2/3 757/2/3
f 763/1/3 760/1/3 759/1/3
f 764/1/3 760/1/3 763/1/3
f 765/1/3 762/1/3 761/1/3
f 766/1/3 762/1/3 765/1/3
f 767/1/3 765/1/3 764/1/3
f 768/1/3 765/1/3 767/1/3
f 771/2/3 770/2/3 769/2/3
f 772/2/3 770/2/3 771/2/3
f 777/1/3 774/1/3 773/1/3
f 778/1/3 774/1/3 777/1/3
f 779/1/3 776/1/3 775/1/3
f 780/1/3 776/1/3 779/1/3
f 781/6/3 778/6/3 777/6/3
f 781/1/3 779/1/3 778/1/3
f 782/6/3 780/6/3 779/6/3
f 782/1/3 779/1/3 781/1/3
f 783/6/3 781/6/3 777/6/3
f 783/6/3 782/6/3 781/6/3
f 784/6/3 782/6/3 783/6/3
f 785/6/3 780/6/3 782/6/3
f 785/6/3 782/6/3 784/6/3
f 786/6/3 780/6/3 785/6/3
f 790/2/3 788/2/3 787/2/3
f 791/2/3 788/2/3 790/2/3
f 793/2/3 790/2/3 789/2/3
f 794/2/3 790/2/3 793/2/3
f 795/2/3 792/2/3 791/2/3
f 796/2/3 792/2/3 795/2/3
f 799/6/3 798/6/3 797/6/3
f 800/6/3 798/6/3 799/6/3
f 803/2/3 802/2/3 801/2/3
f 804/2/3 802/2/3 803/2/3
f 807/6/3 806/6/3 805/6/3
f 808/6/3 806/6/3 807/6/3
f 811/3/3 810/3/3 809/3/3
f 812/3/3 810/3/3 811/3/3
f 813/3/3 811/3/3 809/3/3
f 814/3/3 811/3/3 813/3/3
f 818/3/3 816/3/3 815/3/3
f 819/3/3 816/3/3 818/3/3
f 821/3/3 818/3/3 817/3/3
f 822/3/3 818/3/3 821/3/3
f 823/3/3 820/3/3 819/3/3
f 824/3/3 820/3/3 823/3/3
f 827/7/3 826/7/3 825/7/3
f 828/7/3 826/7/3 827/7/3
f 832/3/3 830/3/3 829/3/3
f 833/3/3 830/3/3 832/3/3
f 835/3/3 832/3/3 831/3/3
f 836/3/3 832/3/3 835/3/3
f 837/3/3 834/3/3 833/3/3
f 838/3/3 834/3/3 837/3/3
f 841/3/3 840/3/3 839/3/3
f 842/3/3 840/3/3 841/3/3
f 843/3/3 840/3/3 842/3/3
f 848/6/3 845/6/3 844/6/3
f 849/6/3 845/6/3 848/6/3
f 850/6/3 847/6/3 846/6/3
f 851/6/3 847/6/3 850/6/3
f 853/7/3 850/7/3 849/7/3
f 854/7/3 850/7/3 853/7/3
f 856/7/3 853/7/3 852/7/3
f 857/7/3 853/7/3 856/7/3
f 858/7/3 855/7/3 854/7/3
f 859/7/3 855/7/3 858/7/3
f 860/7/3 858/7/3 857/7/3
f 861/7/3 858/7/3 860/7/3
f 867/4/3 863/4/3 862/4/3
f 868/4/3 863/4/3 867/4/3
f 871/5/3 865/5/3 864/5/3
f 872/5/3 865/5/3 871/5/3
f 873/4/3 867/4/3 866/4/3
f 874/4/3 867/4/3 873/4/3
f 875/4/3 869/4/3 868/4/3
f 876/4/3 869/4/3 875/4/3
f 877/5/3 871/5/3 870/5/3
f 878/5/3 871/5/3 877/5/3
f 882/5/3 876/5/3 875/5/3
f 883/5/3 876/5/3 882/5/3
f 886/4/3 880/4/3 879/4/3
f 887/4/3 880/4/3 886/4/3
f 888/5/3 882/5/3 881/5/3
f 889/5/3 882/5/3 888/5/3
f 890/4/3 884/4/3 883/4/3
f 891/4/3 884/4/3 890/4/3
f 892/4/3 886/4/3 885/4/3
f 893/4/3 886/4/3 892/4/3
f 898/7/3 895/7/3 894/7/3
f 899/7/3 895/7/3 898/7/3
f 900/7/3 897/7/3 896/7/3
f 901/7/3 897/7/3 900/7/3
f 906/3/3 903/3/3 902/3/3
f 907/3/3 903/3/3 906/3/3
f 908/3/3 903/3/3 907/3/3
f 909/3/3 905/3/3 904/3/3
f 911/3/3 908/3/3 907/3/3
f 911/3/3 909/3/3 908/3/3
f 912/3/3 905/3/3 909/3/3
f 912/3/3 909/3/3 911/3/3
f 913/3/3 905/3/3 912/3/3
f 914/3/3 911/3/3 910/3/3
f 914/3/3 912/3/3 911/3/3
f 915/3/3 912/3/3 914/3/3
f 916/3/3 912/3/3 915/3/3
f 918/3/3 914/3/3 910/3/3
f 919/3/3 914/3/3 918/3/3
f 920/3/3 917/3/3 916/3/3
f 920/3/3 916/3/3 915/3/3
f 921/3/3 917/3/3 920/3/3
f 924/2/3 923/2/3 922/2/3
f 925/2/3 923/2/3 924/2/3
f 928/6/3 927/6/3 926/6/3
f 929/6/3 927/6/3 928/6/3
f 932/2/3 931/2/3 930/2/3
f 933/2/3 931/2/3 932/2/3
f 937/2/3 935/2/3 934/2/3
f 938/2/3 935/2/3 937/2/3
f 940/2/3 937/2/3 936/2/3
f 941/2/3 937/2/3 940/2/3
f 942/2/3 939/2/3 938/2/3
f 943/2/3 939/2/3 942/2/3
f 947/2/3 945/2/3 944/2/3
f 948/2/3 945/2/3 947/2/3
f 950/2/3 947/2/3 946/2/3
f 951/2/3 947/2/3 950/2/3
f 952/2/3 949/2/3 948/2/3
f 953/2/3 949/2/3 952/2/3
f 954/2/4 955/2/4 956/2/4
f 956/2/4 955/2/4 957/2/4
f 958/2/4 959/2/4 960/2/4
f 960/2/4 959/2/4 961/2/4
f 962/2/4 963/2/4 964/2/4
f 964/2/4 963/2/4 965/2/4
f 966/2/4 967/2/4 970/2/4
f 970/2/4 967/2/4 971/2/4
f 968/2/4 969/2/4 972/2/4
f 972/2/4 969/2/4 973/2/4
f 974/2/4 975/2/4 976/2/4
f 976/2/4 975/2/4 977/2/4
f 978/2/4 979/2/4 980/2/4
f 980/2/4 979/2/4 981/2/4
f 982/2/4 983/2/4 984/2/4
f 984/2/4 983/2/4 985/2/4
f 986/2/4 987/2/4 990/2/4
f 990/2/4 987/2/4 991/2/4
f 988/2/4 989/2/4 992/2/4
f 992/2/4 989/2/4 993/2/4
f 994/2/4 995/2/4 997/2/4
f 997/2/4 995/2/4 998/2/4
f 996/2/4 997/2/4 1000/2/4
f 1000/2/4 997/2/4 1001/2/4
f 998/2/4 999/2/4 1002/2/4
f 1002/2/4 999/2/4 1003/2/4
f 1004/2/4 1005/2/4 1006/2/4
f 1006/2/4 1005/2/4 1007/2/4
f 1008/2/4 1009/2/4 1011/2/4
f 1011/2/4 1009/2/4 1012/2/4
f 1010/2/4 1011/2/4 1014/2/4
f 1014/2/4 1011/2/4 1015/2/4
f 1012/2/4 1013/2/4 1016/2/4
f 1016/2/4 1013/2/4 1017/2/4
f 1018/2/4 1019/2/4 1021/2/4
f 1021/2/4 1019/2/4 1022/2/4
f 1020/2/4 1021/2/4 1024/2/4
f 1024/2/4 1021/2/4 1025/2/4
f 1022/2/4 1023/2/4 1026/2/4
f 1026/2/4 1023/2/4 1027/2/4
f 1028/2/4 1029/2/4 1031/2/4
f 1031/2/4 1029/2/4 1032/2/4
f 1030/2/4 1031/2/4 1034/2/4
f 1034/2/4 1031/2/4 1035/2/4
f 1032/2/4 1033/2/4 1036/2/4
f 1036/2/4 1033/2/4 1037/2/4
f 1038/2/4 1039/2/4 1040/2/4
f 1040/2/4 1039/2/4 1041/2/4
f 1042/2/4 1043/2/4 1046/2/4
f 1046/2/4 1043/2/4 1047/2/4
f 1044/2/4 1045/2/4 1048/2/4
f 1048/2/4 1045/2/4 1049/2/4
f 1050/1/4 1051/1/4 1053/1/4
f 1053/1/4 1051/1/4 1054/1/4
f 1052/1/4 1053/1/4 1056/1/4
f 1056/1/4 1053/1/4 1057/1/4
f 1054/1/4 1055/1/4 1058/1/4
f 1058/1/4 1055/1/4 1059/1/4
f 1060/2/4 1061/2/4 1062/2/4
f 1062/2/4 1061/2/4 1063/2/4
f 1064/2/4 1065/2/4 1066/2/4
f 1066/2/4 1065/2/4 1067/2/4
f 1068/1/4 1069/1/4 1071/1/4
f 1071/1/4 1069/1/4 1072/1/4
f 1070/1/4 1071/1/4 1074/1/4
f 1074/1/4 1071/1/4 1075/1/4
f 1072/1/4 1073/1/4 1076/1/4
f 1076/1/4 1073/1/4 1077/1/4
f 1078/2/4 1079/2/4 1080/2/4
f 1080/2/4 1079/2/4 1081/2/4
f 1082/1/4 1083/1/4 1085/1/4
f 1085/1/4 1083/1/4 1086/1/4
f 1084/1/4 1085/1/4 1088/1/4
f 1088/1/4 1085/1/4 1089/1/4
f 1086/1/4 1087/1/4 1090/1/4
f 1090/1/4 1087/1/4 1091/1/4
f 1088/6/4 1089/6/4 1092/6/4
f 1092/6/4 1089/6/4 1093/6/4
f 1090/6/4 1091/6/4 1094/6/4
f 1094/6/4 1091/6/4 1095/6/4
f 1096/1/4 1097/1/4 1098/1/4
f 1098/1/4 1097/1/4 1099/1/4
f 1098/6/4 1099/6/4 1101/6/4
f 1101/6/4 1099/6/4 1102/6/4
f 1100/6/4 1101/6/4 1104/6/4
f 1104/6/4 1101/6/4 1105/6/4
f 1102/6/4 1103/6/4 1106/6/4
f 1106/6/4 1103/6/4 1107/6/4
f 1108/6/4 1109/6/4 1110/6/4
f 1110/6/4 1109/6/4 1111/6/4
f 1112/6/4 1113/6/4 1114/6/4
f 1114/6/4 1113/6/4 1115/6/4
f 1116/3/4 1117/3/4 1120/3/4
f 1120/3/4 1117/3/4 1121/3/4
f 1121/3/4 1117/3/4 1122/3/4
f 1118/3/4 1119/3/4 1123/3/4
f 1121/3/4 1122/3/4 1125/3/4
f 1122/3/4 1123/3/4 1125/3/4
f 1123/3/4 1119/3/4 1126/3/4
f 1125/3/4 1123/3/4 1126/3/4
f 1126/3/4 1119/3/4 1127/3/4
f 1124/3/4 1125/3/4 1128/3/4
f 1125/3/4 1126/3/4 1128/3/4
f 1128/3/4 1126/3/4 1129/3/4
f 1129/3/4 1126/3/4 1130/3/4
f 1124/3/4 1128/3/4 1132/3/4
f 1132/3/4 1128/3/4 1133/3/4
f 1130/3/4 1131/3/4 1134/3/4
f 1129/3/4 1130/3/4 1134/3/4
f 1134/3/4 1131/3/4 1135/3/4
f 1136/4/4 1137/4/4 1141/4/4
f 1141/4/4 1137/4/4 1142/4/4
f 1138/5/4 1139/5/4 1145/5/4
f 1145/5/4 1139/5/4 1146/5/4
f 1140/4/4 1141/4/4 1147/4/4
f 1147/4/4 1141/4/4 1148/4/4
f 1142/4/4 1143/4/4 1149/4/4
f 1149/4/4 1143/4/4 1150/4/4
f 1144/5/4 1145/5/4 1151/5/4
f 1151/5/4 1145/5/4 1152/5/4
f 1149/5/4 1150/5/4 1156/5/4
f 1156/5/4 1150/5/4 1157/5/4
f 1153/4/4 1154/4/4 1160/4/4
f 1160/4/4 1154/4/4 1161/4/4
f 1155/5/4 1156/5/4 1162/5/4
f 1162/5/4 1156/5/4 1163/5/4
f 1157/4/4 1158/4/4 1164/4/4
f 1164/4/4 1158/4/4 1165/4/4
f 1159/4/4 1160/4/4 1166/4/4
f 1166/4/4 1160/4/4 1167/4/4
f 1168/7/4 1169/7/4 1172/7/4
f 1172/7/4 1169/7/4 1173/7/4
f 1170/7/4 1171/7/4 1174/7/4
f 1174/7/4 1171/7/4 1175/7/4
f 1176/3/4 1177/3/4 1179/3/4
f 1179/3/4 1177/3/4 1180/3/4
f 1178/3/4 1179/3/4 1182/3/4
f 1182/3/4 1179/3/4 1183/3/4
f 1180/3/4 1181/3/4 1184/3/4
f 1184/3/4 1181/3/4 1185/3/4
f 1186/3/4 1187/3/4 1188/3/4
f 1188/3/4 1187/3/4 1189/3/4
f 1189/3/4 1187/3/4 1190/3/4
f 1191/6/4 1192/6/4 1193/6/4
f 1193/6/4 1192/6/4 1194/6/4
f 1194/6/4 1192/6/4 1195/6/4
f 1195/6/4 1192/6/4 1196/6/4
f 1194/7/4 1195/7/4 1198/7/4
f 1198/7/4 1195/7/4 1199/7/4
f 1197/7/4 1198/7/4 1201/7/4
f 1201/7/4 1198/7/4 1202/7/4
f 1199/7/4 1200/7/4 1203/7/4
f 1203/7/4 1200/7/4 1204/7/4
f 1202/7/4 1203/7/4 1205/7/4
f 1205/7/4 1203/7/4 1206/7/4
f 1207/3/4 1208/3/4 1210/3/4
f 1210/3/4 1208/3/4 1211/3/4
f 1209/3/4 1210/3/4 1213/3/4
f 1213/3/4 1210/3/4 1214/3/4
f 1211/3/4 1212/3/4 1215/3/4
f 1215/3/4 1212/3/4 1216/3/4
f 1217/8/4 1218/8/4 1219/8/4
f 1219/8/4 1218/8/4 1220/8/4
f 1221/3/4 1222/3/4 1223/3/4
f 1223/3/4 1222/3/4 1224/3/4
f 1221/3/4 1223/3/4 1225/3/4
f 1225/3/4 1223/3/4 1226/3/4
f 1227/2/4 1228/2/4 1230/2/4
f 1230/2/4 1228/2/4 1231/2/4
f 1229/2/4 1230/2/4 1233/2/4
f 1233/2/4 1230/2/4 1234/2/4
f 1231/2/4 1232/2/4 1235/2/4
f 1235/2/4 1232/2/4 1236/2/4
f 1237/2/4 1238/2/4 1240/2/4
f 1240/2/4 1238/2/4 1241/2/4
f 1239/2/4 1240/2/4 1243/2/4
f 1243/2/4 1240/2/4 1244/2/4
f 1241/2/4 1242/2/4 1245/2/4
f 1245/2/4 1242/2/4 1246/2/4
f 1247/6/4 1248/6/4 1251/6/4
f 1251/6/4 1248/6/4 1252/6/4
f 1249/6/4 1250/6/4 1253/6/4
f 1253/6/4 1250/6/4 1254/6/4
f 1252/6/4 1253/6/4 1255/6/4
f 1255/6/4 1253/6/4 1256/6/4
f 1257/2/4 1258/2/4 1260/2/4
f 1260/2/4 1258/2/4 1261/2/4
f 1259/2/4 1260/2/4 1263/2/4
f 1263/2/4 1260/2/4 1264/2/4
f 1261/2/4 1262/2/4 1265/2/4
f 1265/2/4 1262/2/4 1266/2/4
f 1267/6/4 1268/6/4 1271/6/4
f 1271/6/4 1268/6/4 1272/6/4
f 1269/6/4 1270/6/4 1273/6/4
f 1273/6/4 1270/6/4 1274/6/4
f 1272/6/4 1273/6/4 1275/6/4
f 1275/6/4 1273/6/4 1276/6/4
f 1277/2/4 1278/2/4 1279/2/4
f 1279/2/4 1278/2/4 1280/2/4
f 1281/2/4 1282/2/4 1284/2/4
f 1284/2/4 1282/2/4 1285/2/4
f 1283/2/4 1284/2/4 1287/2/4
f 1287/2/4 1284/2/4 1288/2/4
f 1285/2/4 1286/2/4 1289/2/4
f 1289/2/4 1286/2/4 1290/2/4
f 1291/2/4 1292/2/4 1295/2/4
f 1295/2/4 1292/2/4 1296/2/4
f 1293/2/4 1294/2/4 1297/2/4
f 1297/2/4 1294/2/4 1298/2/4
f 1296/2/4 1297/2/4 1299/2/4
f 1299/2/4 1297/2/4 1300/2/4
f 1301/2/4 1302/2/4 1304/2/4
f 1304/2/4 1302/2/4 1305/2/4
f 1303/2/4 1304/2/4 1307/2/4
f 1307/2/4 1304/2/4 1308/2/4
f 1305/2/4 1306/2/4 1309/2/4
f 1309/2/4 1306/2/4 1310/2/4
f 1308/2/4 1309/2/4 1311/2/4
f 1311/2/4 1309/2/4 1312/2/4
f 1315/4/5 1314/4/5 1313/4/5
f 1316/4/5 1314/4/5 1315/4/5
f 1320/3/5 1318/3/5 1317/3/5
f 1321/3/5 1318/3/5 1320/3/5
f 1322/3/5 1318/3/5 1321/3/5
f 1323/3/5 1318/3/5 1322/3/5
f 1325/3/5 1320/3/5 1319/3/5
f 1326/4/5 1322/4/5 1321/4/5
f 1327/4/5 1322/4/5 1326/4/5
f 1329/3/5 1324/3/5 1323/3/5
f 1330/3/5 1325/3/5 1319/3/5
f 1330/4/5 1326/4/5 1325/4/5
f 1331/4/5 1326/4/5 1330/4/5
f 1333/5/5 1329/5/5 1328/5/5
f 1334/3/5 1324/3/5 1329/3/5
f 1334/5/5 1329/5/5 1333/5/5
f 1335/3/5 1330/3/5 1319/3/5
f 1336/3/5 1330/3/5 1335/3/5
f 1337/4/5 1332/4/5 1331/4/5
f 1338/4/5 1332/4/5 1337/4/5
f 1339/3/5 1324/3/5 1334/3/5
f 1340/3/5 1324/3/5 1339/3/5
f 1341/3/5 1338/3/5 1337/3/5
f 1341/3/5 1339/3/5 1338/3/5
f 1341/3/5 1337/3/5 1336/3/5
f 1342/3/5 1339/3/5 1341/3/5
f 1346/2/5 1344/2/5 1343/2/5
f 1347/2/5 1344/2/5 1346/2/5
f 1348/2/5 1344/2/5 1347/2/5
f 1349/2/5 1346/2/5 1345/2/5
f 1349/2/5 1347/2/5 1346/2/5
f 1350/2/5 1347/2/5 1349/2/5
f 1351/2/5 1347/2/5 1350/2/5
f 1352/2/5 1344/2/5 1348/2/5
f 1353/2/5 1349/2/5 1345/2/5
f 1355/2/5 1351/2/5 1350/2/5
f 1355/2/5 1352/2/5 1351/2/5
f 1356/2/5 1344/2/5 1352/2/5
f 1356/2/5 1352/2/5 1355/2/5
f 1357/2/5 1354/2/5 1353/2/5
f 1357/2/5 1353/2/5 1345/2/5
f 1358/2/5 1354/2/5 1357/2/5
f 1360/2/5 1355/2/5 1350/2/5
f 1361/2/5 1344/2/5 1356/2/5
f 1362/2/5 1359/2/5 1358/2/5
f 1363/2/5 1359/2/5 1362/2/5
f 1364/2/5 1360/2/5 1350/2/5
f 1364/2/5 1361/2/5 1360/2/5
f 1365/2/5 1361/2/5 1364/2/5
f 1366/2/5 1344/2/5 1361/2/5
f 1366/2/5 1361/2/5 1365/2/5
f 1369/2/5 1365/2/5 1364/2/5
f 1369/2/5 1364/2/5 1363/2/5
f 1370/2/5 1365/2/5 1369/2/5
f 1371/2/5 1365/2/5 1370/2/5
f 1372/2/5 1344/2/5 1366/2/5
f 1373/1/5 1368/1/5 1367/1/5
f 1375/2/5 1371/2/5 1370/2/5
f 1375/2/5 1372/2/5 1371/2/5
f 1376/2/5 1344/2/5 1372/2/5
f 1376/2/5 1372/2/5 1375/2/5
f 1377/1/5 1374/1/5 1373/1/5
f 1377/1/5 1373/1/5 1367/1/5
f 1378/1/5 1374/1/5 1377/1/5
f 1379/1/5 1374/1/5 1378/1/5
f 1382/2/5 1375/2/5 1370/2/5
f 1383/2/5 1344/2/5 1376/2/5
f 1384/1/5 1379/1/5 1378/1/5
f 1384/1/5 1380/1/5 1379/1/5
f 1385/1/5 1380/1/5 1384/1/5
f 1386/1/5 1380/1/5 1385/1/5
f 1387/6/5 1381/6/5 1380/6/5
f 1387/1/5 1380/1/5 1386/1/5
f 1388/6/5 1381/6/5 1387/6/5
f 1389/2/5 1382/2/5 1370/2/5
f 1389/2/5 1383/2/5 1382/2/5
f 1390/2/5 1344/2/5 1383/2/5
f 1390/2/5 1383/2/5 1389/2/5
f 1391/1/5 1386/1/5 1385/1/5
f 1392/6/5 1388/6/5 1387/6/5
f 1392/1/5 1386/1/5 1391/1/5
f 1392/6/5 1387/6/5 1386/6/5
f 1392/6/5 1389/6/5 1388/6/5
f 1392/6/5 1390/6/5 1389/6/5
f 1393/6/5 1390/6/5 1392/6/5
f 1394/6/5 1390/6/5 1393/6/5
f 1395/6/5 1390/6/5 1394/6/5
f 1396/6/5 1394/6/5 1393/6/5
f 1397/6/5 1394/6/5 1396/6/5
f 1398/9/5 1395/9/5 1394/9/5
f 1398/6/5 1394/6/5 1397/6/5
f 1399/6/5 1390/6/5 1395/6/5
f 1399/9/5 1395/9/5 1398/9/5
f 1400/6/5 1398/6/5 1397/6/5
f 1400/6/5 1399/6/5 1398/6/5
f 1401/6/5 1390/6/5 1399/6/5
f 1401/6/5 1399/6/5 1400/6/5
f 1403/6/5 1400/6/5 1397/6/5
f 1404/6/5 1400/6/5 1403/6/5
f 1406/3/5 1403/3/5 1402/3/5
f 1406/3/5 1404/3/5 1403/3/5
f 1407/6/5 1400/6/5 1404/6/5
f 1407/3/5 1404/3/5 1406/3/5
f 1408/6/5 1400/6/5 1407/6/5
f 1409/9/5 1401/9/5 1400/9/5
f 1409/6/5 1400/6/5 1408/6/5
f 1410/6/5 1390/6/5 1401/6/5
f 1410/9/5 1401/9/5 1409/9/5
f 1412/3/5 1406/3/5 1405/3/5
f 1413/3/5 1406/3/5 1412/3/5
f 1416/6/5 1409/6/5 1408/6/5
f 1416/6/5 1410/6/5 1409/6/5
f 1417/6/5 1410/6/5 1416/6/5
f 1418/6/5 1390/6/5 1410/6/5
f 1418/6/5 1410/6/5 1417/6/5
f 1419/6/5 1390/6/5 1418/6/5
f 1424/5/5 1415/5/5 1414/5/5
f 1425/5/5 1415/5/5 1424/5/5
f 1426/6/5 1419/6/5 1418/6/5
f 1426/6/5 1420/6/5 1419/6/5
f 1427/7/5 1422/7/5 1421/7/5
f 1428/6/5 1417/6/5 1416/6/5
f 1428/9/5 1418/9/5 1417/9/5
f 1429/6/5 1426/6/5 1418/6/5
f 1429/9/5 1418/9/5 1428/9/5
f 1430/7/5 1427/7/5 1426/7/5
f 1430/7/5 1422/7/5 1427/7/5
f 1431/7/5 1422/7/5 1430/7/5
f 1432/6/5 1429/6/5 1428/6/5
f 1432/6/5 1428/6/5 1416/6/5
f 1433/6/5 1426/6/5 1429/6/5
f 1433/6/5 1429/6/5 1432/6/5
f 1434/2/5 1431/2/5 1430/2/5
f 1434/7/5 1430/7/5 1426/7/5
f 1435/7/5 1422/7/5 1431/7/5
f 1435/2/5 1431/2/5 1434/2/5
f 1436/5/5 1424/5/5 1423/5/5
f 1437/5/5 1424/5/5 1436/5/5
f 1439/7/5 1434/7/5 1426/7/5
f 1439/6/5 1426/6/5 1433/6/5
f 1439/7/5 1435/7/5 1434/7/5
f 1440/7/5 1435/7/5 1439/7/5
f 1441/3/5 1412/3/5 1411/3/5
f 1442/3/5 1412/3/5 1441/3/5
f 1444/5/5 1438/5/5 1437/5/5
f 1445/5/5 1438/5/5 1444/5/5
f 1446/6/5 1432/6/5 1416/6/5
f 1447/9/5 1433/9/5 1432/9/5
f 1447/6/5 1432/6/5 1446/6/5
f 1448/6/5 1439/6/5 1433/6/5
f 1448/9/5 1433/9/5 1447/9/5
f 1449/6/5 1439/6/5 1448/6/5
f 1450/6/5 1439/6/5 1449/6/5
f 1451/7/5 1435/7/5 1440/7/5
f 1452/7/5 1422/7/5 1435/7/5
f 1452/7/5 1435/7/5 1451/7/5
f 1453/3/5 1443/3/5 1442/3/5
f 1454/3/5 1443/3/5 1453/3/5
f 1456/6/5 1449/6/5 1448/6/5
f 1456/6/5 1448/6/5 1447/6/5
f 1456/6/5 1447/6/5 1446/6/5
f 1457/6/5 1449/6/5 1456/6/5
f 1458/6/5 1449/6/5 1457/6/5
f 1459/3/5 1455/3/5 1454/3/5
f 1460/3/5 1455/3/5 1459/3/5
f 1461/2/5 1456/2/5 1455/2/5
f 1461/3/5 1455/3/5 1460/3/5
f 1463/2/5 1461/2/5 1460/2/5
f 1464/2/5 1456/2/5 1461/2/5
f 1464/2/5 1461/2/5 1463/2/5
f 1465/9/5 1458/9/5 1457/9/5
f 1465/6/5 1457/6/5 1456/6/5
f 1466/6/5 1449/6/5 1458/6/5
f 1466/9/5 1458/9/5 1465/9/5
f 1468/2/5 1463/2/5 1462/2/5
f 1469/6/5 1465/6/5 1456/6/5
f 1469/6/5 1466/6/5 1465/6/5
f 1470/6/5 1449/6/5 1466/6/5
f 1470/6/5 1466/6/5 1469/6/5
f 1471/2/5 1468/2/5 1467/2/5
f 1472/2/5 1463/2/5 1468/2/5
f 1472/2/5 1468/2/5 1471/2/5
f 1473/10/5 1464/10/5 1463/10/5
f 1473/2/5 1463/2/5 1472/2/5
f 1474/10/5 1464/10/5 1473/10/5
f 1475/6/5 1469/6/5 1456/6/5
f 1475/9/5 1470/9/5 1469/9/5
f 1476/6/5 1449/6/5 1470/6/5
f 1476/9/5 1470/9/5 1475/9/5
f 1477/2/5 1474/2/5 1473/2/5
f 1477/2/5 1473/2/5 1472/2/5
f 1478/2/5 1474/2/5 1477/2/5
f 1479/10/5 1464/10/5 1474/10/5
f 1479/2/5 1474/2/5 1478/2/5
f 1480/10/5 1464/10/5 1479/10/5
f 1481/6/5 1475/6/5 1456/6/5
f 1481/6/5 1476/6/5 1475/6/5
f 1482/6/5 1449/6/5 1476/6/5
f 1482/6/5 1476/6/5 1481/6/5
f 1483/2/5 1480/2/5 1479/2/5
f 1483/2/5 1479/2/5 1478/2/5
f 1484/2/5 1480/2/5 1483/2/5
f 1485/2/5 1456/2/5 1464/2/5
f 1485/6/5 1481/6/5 1456/6/5
f 1486/6/5 1481/6/5 1485/6/5
f 1487/10/5 1464/10/5 1480/10/5
f 1487/2/5 1480/2/5 1484/2/5
f 1488/2/5 1485/2/5 1464/2/5
f 1488/10/5 1464/10/5 1487/10/5
f 1489/2/5 1487/2/5 1484/2/5
f 1489/2/5 1488/2/5 1487/2/5
f 1490/2/5 1488/2/5 1489/2/5
f 1491/2/5 1485/2/5 1488/2/5
f 1491/2/5 1488/2/5 1490/2/5
f 1492/2/5 1485/2/5 1491/2/5
f 1493/2/5 1491/2/5 1490/2/5
f 1494/2/5 1491/2/5 1493/2/5
f 1498/2/5 1496/2/5 1495/2/5
f 1499/2/5 1496/2/5 1498/2/5
f 1502/2/5 1498/2/5 1497/2/5
f 1503/2/5 1498/2/5 1502/2/5
f 1506/2/5 1505/2/5 1504/2/5
f 1507/2/5 1505/2/5 1506/2/5
f 1510/2/5 1502/2/5 1501/2/5
f 1511/2/5 1502/2/5 1510/2/5
f 1513/2/5 1509/2/5 1508/2/5
f 1514/2/5 1509/2/5 1513/2/5
f 1517/2/5 1512/2/5 1511/2/5
f 1518/2/5 1512/2/5 1517/2/5
f 1523/1/5 1516/1/5 1515/1/5
f 1524/1/5 1516/1/5 1523/1/5
f 1526/2/5 1519/2/5 1518/2/5
f 1527/2/5 1519/2/5 1526/2/5
f 1529/2/5 1521/2/5 1520/2/5
f 1530/2/5 1521/2/5 1529/2/5
f 1531/1/5 1525/1/5 1524/1/5
f 1532/1/5 1525/1/5 1531/1/5
f 1536/1/5 1523/1/5 1522/1/5
f 1537/1/5 1523/1/5 1536/1/5
f 1539/1/5 1533/1/5 1532/1/5
f 1540/1/5 1533/1/5 1539/1/5
f 1541/2/5 1528/2/5 1527/2/5
f 1542/2/5 1528/2/5 1541/2/5
f 1543/2/5 1535/2/5 1534/2/5
f 1544/2/5 1535/2/5 1543/2/5
f 1545/1/5 1538/1/5 1537/1/5
f 1546/1/5 1538/1/5 1545/1/5
f 1548/2/5 1500/2/5 1499/2/5
f 1549/2/5 1500/2/5 1548/2/5
f 1550/1/5 1547/1/5 1546/1/5
f 1551/1/5 1547/1/5 1550/1/5
f 1556/1/5 1552/1/5 1551/1/5
f 1557/6/5 1553/6/5 1552/6/5
f 1557/1/5 1552/1/5 1556/1/5
f 1558/6/5 1553/6/5 1557/6/5
f 1560/6/5 1559/6/5 1558/6/5
f 1561/6/5 1559/6/5 1560/6/5
f 1564/6/5 1555/6/5 1554/6/5
f 1565/6/5 1555/6/5 1564/6/5
f 1566/7/5 1563/7/5 1562/7/5
f 1567/7/5 1563/7/5 1566/7/5
f 1569/7/5 1566/7/5 1565/7/5
f 1570/7/5 1566/7/5 1569/7/5
f 1573/7/5 1572/7/5 1571/7/5
f 1574/7/5 1572/7/5 1573/7/5
f 1575/7/5 1568/7/5 1567/7/5
f 1576/7/5 1568/7/5 1575/7/5
f 1579/8/5 1575/8/5 1574/8/5
f 1580/8/5 1575/8/5 1579/8/5
f 1584/2/5 1582/2/5 1581/2/5
f 1585/2/5 1582/2/5 1584/2/5
f 1587/2/5 1584/2/5 1583/2/5
f 1588/2/5 1584/2/5 1587/2/5
f 1589/2/5 1587/2/5 1586/2/5
f 1590/2/5 1587/2/5 1589/2/5
f 1592/2/5 1591/2/5 1590/2/5
f 1593/2/5 1591/2/5 1592/2/5
f 1596/6/5 1578/6/5 1577/6/5
f 1597/6/5 1578/6/5 1596/6/5
f 1598/2/5 1594/2/5 1593/2/5
f 1599/2/5 1594/2/5 1598/2/5
f 1602/6/5 1596/6/5 1595/6/5
f 1603/6/5 1596/6/5 1602/6/5
f 1604/2/5 1600/2/5 1599/2/5
f 1605/2/5 1600/2/5 1604/2/5
f 1608/2/5 1602/2/5 1601/2/5
f 1609/2/5 1602/2/5 1608/2/5
f 1610/2/5 1606/2/5 1605/2/5
f 1611/2/5 1606/2/5 1610/2/5
f 1612/2/5 1608/2/5 1607/2/5
f 1613/2/5 1608/2/5 1612/2/5
f 1616/5/5 1615/5/5 1614/5/5
f 1617/5/5 1615/5/5 1616/5/5
f 1619/4/5 1617/4/5 1616/4/5
f 1620/5/5 1618/5/5 1617/5/5
f 1620/4/5 1617/4/5 1619/4/5
f 1621/5/5 1618/5/5 1620/5/5
f 1622/5/5 1620/5/5 1619/5/5
f 1623/5/5 1620/5/5 1622/5/5
f 1630/2/5 1625/2/5 1624/2/5
f 1631/2/5 1625/2/5 1630/2/5
f 1632/2/5 1627/2/5 1626/2/5
f 1633/2/5 1627/2/5 1632/2/5
f 1634/2/5 1629/2/5 1628/2/5
f 1635/2/5 1629/2/5 1634/2/5
f 1636/2/5 1625/2/5 1631/2/5
f 1637/2/5 1625/2/5 1636/2/5
f 1641/2/5 1638/2/5 1637/2/5
f 1642/2/5 1638/2/5 1641/2/5
f 1643/2/5 1640/2/5 1639/2/5
f 1644/2/5 1640/2/5 1643/2/5
f 1648/2/5 1646/2/5 1645/2/5
f 1649/2/5 1646/2/5 1648/2/5
f 1650/2/5 1648/2/5 1647/2/5
f 1652/2/5 1650/2/5 1647/2/5
f 1652/2/5 1651/2/5 1650/2/5
f 1653/2/5 1651/2/5 1652/2/5
f 1654/2/5 1652/2/5 1647/2/5
f 1655/2/5 1652/2/5 1654/2/5
f 1657/2/5 1656/2/5 1655/2/5
f 1658/2/5 1656/2/5 1657/2/5
f 1661/4/5 1660/4/5 1659/4/5
f 1662/4/5 1660/4/5 1661/4/5
f 1664/4/5 1662/4/5 1661/4/5
f 1664/4/5 1663/4/5 1662/4/5
f 1665/4/5 1663/4/5 1664/4/5
f 1666/4/5 1663/4/5 1665/4/5
f 1667/4/5 1665/4/5 1664/4/5
f 1668/4/5 1665/4/5 1667/4/5
f 1671/10/5 1670/10/5 1669/10/5
f 1672/10/5 1670/10/5 1671/10/5
f 1673/2/5 1672/2/5 1671/2/5
f 1674/2/5 1672/2/5 1673/2/5
f 1675/4/6 1676/4/6 1678/4/6
f 1678/4/6 1676/4/6 1679/4/6
f 1677/4/6 1678/4/6 1680/4/6
f 1680/4/6 1678/4/6 1681/4/6
f 1681/4/6 1682/4/6 1683/4/6
f 1683/4/6 1682/4/6 1684/4/6
f 1685/2/6 1686/2/6 1691/2/6
f 1691/2/6 1686/2/6 1692/2/6
f 1687/2/6 1688/2/6 1693/2/6
f 1693/2/6 1688/2/6 1694/2/6
f 1689/2/6 1690/2/6 1695/2/6
f 1695/2/6 1690/2/6 1696/2/6
f 1692/2/6 1686/2/6 1697/2/6
f 1697/2/6 1686/2/6 1698/2/6
f 1698/2/6 1699/2/6 1702/2/6
f 1702/2/6 1699/2/6 1703/2/6
f 1700/2/6 1701/2/6 1704/2/6
f 1704/2/6 1701/2/6 1705/2/6
f 1706/2/6 1707/2/6 1709/2/6
f 1709/2/6 1707/2/6 1710/2/6
f 1708/2/6 1709/2/6 1711/2/6
f 1708/2/6 1711/2/6 1713/2/6
f 1711/2/6 1712/2/6 1713/2/6
f 1713/2/6 1712/2/6 1714/2/6
f 1708/2/6 1713/2/6 1715/2/6
f 1715/2/6 1713/2/6 1716/2/6
f 1716/2/6 1717/2/6 1718/2/6
f 1718/2/6 1717/2/6 1719/2/6
f 1720/5/6 1721/5/6 1724/5/6
f 1724/5/6 1721/5/6 1725/5/6
f 1722/4/6 1723/4/6 1726/4/6
f 1723/5/6 1724/5/6 1727/5/6
f 1726/4/6 1723/4/6 1727/4/6
f 1727/5/6 1724/5/6 1728/5/6
f 1728/5/6 1729/5/6 1730/5/6
f 1730/5/6 1729/5/6 1731/5/6
f 1732/10/6 1733/10/6 1734/10/6
f 1734/10/6 1733/10/6 1735/10/6
f 1734/2/6 1735/2/6 1736/2/6
f 1736/2/6 1735/2/6 1737/2/6
f 1738/4/6 1739/4/6 1740/4/6
f 1740/4/6 1739/4/6 1741/4/6
f 1742/2/6 1743/2/6 1745/2/6
f 1745/2/6 1743/2/6 1746/2/6
f 1744/2/6 1745/2/6 1749/2/6
f 1749/2/6 1745/2/6 1750/2/6
f 1751/2/6 1752/2/6 1753/2/6
f 1753/2/6 1752/2/6 1754/2/6
f 1748/2/6 1749/2/6 1757/2/6
f 1757/2/6 1749/2/6 1758/2/6
f 1755/2/6 1756/2/6 1760/2/6
f 1760/2/6 1756/2/6 1761/2/6
f 1758/2/6 1759/2/6 1764/2/6
f 1764/2/6 1759/2/6 1765/2/6
f 1762/1/6 1763/1/6 1770/1/6
f 1770/1/6 1763/1/6 1771/1/6
f 1765/2/6 1766/2/6 1773/2/6
f 1773/2/6 1766/2/6 1774/2/6
f 1767/2/6 1768/2/6 1776/2/6
f 1776/2/6 1768/2/6 1777/2/6
f 1771/1/6 1772/1/6 1778/1/6
f 1778/1/6 1772/1/6 1779/1/6
f 1769/1/6 1770/1/6 1783/1/6
f 1783/1/6 1770/1/6 1784/1/6
f 1779/1/6 1780/1/6 1786/1/6
f 1786/1/6 1780/1/6 1787/1/6
f 1774/2/6 1775/2/6 1788/2/6
f 1788/2/6 1775/2/6 1789/2/6
f 1781/2/6 1782/2/6 1790/2/6
f 1790/2/6 1782/2/6 1791/2/6
f 1784/1/6 1785/1/6 1792/1/6
f 1792/1/6 1785/1/6 1793/1/6
f 1746/2/6 1747/2/6 1795/2/6
f 1795/2/6 1747/2/6 1796/2/6
f 1793/1/6 1794/1/6 1797/1/6
f 1797/1/6 1794/1/6 1798/1/6
f 1798/1/6 1799/1/6 1803/1/6
f 1799/6/6 1800/6/6 1804/6/6
f 1803/1/6 1799/1/6 1804/1/6
f 1804/6/6 1800/6/6 1805/6/6
f 1805/6/6 1806/6/6 1808/6/6
f 1808/6/6 1806/6/6 1809/6/6
f 1807/3/6 1808/3/6 1812/3/6
f 1809/3/6 1810/3/6 1812/3/6
f 1808/3/6 1809/3/6 1812/3/6
f 1812/3/6 1810/3/6 1813/3/6
f 1811/3/6 1812/3/6 1817/3/6
f 1817/3/6 1812/3/6 1818/3/6
f 1801/6/6 1802/6/6 1820/6/6
f 1820/6/6 1802/6/6 1821/6/6
f 1814/7/6 1815/7/6 1822/7/6
f 1822/7/6 1815/7/6 1823/7/6
f 1818/5/6 1819/5/6 1825/5/6
f 1825/5/6 1819/5/6 1826/5/6
f 1821/7/6 1822/7/6 1828/7/6
f 1828/7/6 1822/7/6 1829/7/6
f 1826/5/6 1827/5/6 1831/5/6
f 1831/5/6 1827/5/6 1832/5/6
f 1816/3/6 1817/3/6 1835/3/6
f 1835/3/6 1817/3/6 1836/3/6
f 1830/5/6 1831/5/6 1837/5/6
f 1837/5/6 1831/5/6 1838/5/6
f 1833/7/6 1834/7/6 1839/7/6
f 1839/7/6 1834/7/6 1840/7/6
f 1823/7/6 1824/7/6 1841/7/6
f 1841/7/6 1824/7/6 1842/7/6
f 1836/3/6 1837/3/6 1843/3/6
f 1843/3/6 1837/3/6 1844/3/6
f 1840/8/6 1841/8/6 1848/8/6
f 1848/8/6 1841/8/6 1849/8/6
f 1844/3/6 1845/3/6 1850/3/6
f 1850/3/6 1845/3/6 1851/3/6
f 1851/3/6 1845/3/6 1852/3/6
f 1852/3/6 1845/3/6 1853/3/6
f 1851/2/6 1852/2/6 1855/2/6
f 1855/2/6 1852/2/6 1856/2/6
f 1854/2/6 1855/2/6 1858/2/6
f 1858/2/6 1855/2/6 1859/2/6
f 1857/2/6 1858/2/6 1860/2/6
f 1860/2/6 1858/2/6 1861/2/6
f 1861/2/6 1862/2/6 1863/2/6
f 1863/2/6 1862/2/6 1864/2/6
f 1846/6/6 1847/6/6 1867/6/6
f 1867/6/6 1847/6/6 1868/6/6
f 1864/2/6 1865/2/6 1869/2/6
f 1869/2/6 1865/2/6 1870/2/6
f 1866/6/6 1867/6/6 1873/6/6
f 1873/6/6 1867/6/6 1874/6/6
f 1870/2/6 1871/2/6 1875/2/6
f 1875/2/6 1871/2/6 1876/2/6
f 1872/2/6 1873/2/6 1879/2/6
f 1879/2/6 1873/2/6 1880/2/6
f 1876/2/6 1877/2/6 1881/2/6
f 1881/2/6 1877/2/6 1882/2/6
f 1878/2/6 1879/2/6 1883/2/6
f 1883/2/6 1879/2/6 1884/2/6
f 1885/2/6 1886/2/6 1888/2/6
f 1888/2/6 1886/2/6 1889/2/6
f 1889/2/6 1886/2/6 1890/2/6
f 1887/2/6 1888/2/6 1891/2/6
f 1888/2/6 1889/2/6 1891/2/6
f 1891/2/6 1889/2/6 1892/2/6
f 1892/2/6 1889/2/6 1893/2/6
f 1890/2/6 1886/2/6 1894/2/6
f 1887/2/6 1891/2/6 1895/2/6
f 1892/2/6 1893/2/6 1897/2/6
f 1893/2/6 1894/2/6 1897/2/6
f 1894/2/6 1886/2/6 1898/2/6
f 1897/2/6 1894/2/6 1898/2/6
f 1895/2/6 1896/2/6 1899/2/6
f 1887/2/6 1895/2/6 1899/2/6
f 1899/2/6 1896/2/6 1900/2/6
f 1892/2/6 1897/2/6 1902/2/6
f 1898/2/6 1886/2/6 1903/2/6
f 1900/2/6 1901/2/6 1904/2/6
f 1904/2/6 1901/2/6 1905/2/6
f 1892/2/6 1902/2/6 1906/2/6
f 1902/2/6 1903/2/6 1906/2/6
f 1906/2/6 1903/2/6 1907/2/6
f 1903/2/6 1886/2/6 1908/2/6
f 1907/2/6 1903/2/6 1908/2/6
f 1906/2/6 1907/2/6 1911/2/6
f 1905/2/6 1906/2/6 1911/2/6
f 1911/2/6 1907/2/6 1912/2/6
f 1912/2/6 1907/2/6 1913/2/6
f 1908/2/6 1886/2/6 1914/2/6
f 1909/1/6 1910/1/6 1915/1/6
f 1912/2/6 1913/2/6 1917/2/6
f 1913/2/6 1914/2/6 1917/2/6
f 1914/2/6 1886/2/6 1918/2/6
f 1917/2/6 1914/2/6 1918/2/6
f 1915/1/6 1916/1/6 1919/1/6
f 1909/1/6 1915/1/6 1919/1/6
f 1919/1/6 1916/1/6 1920/1/6
f 1920/1/6 1916/1/6 1921/1/6
f 1912/2/6 1917/2/6 1924/2/6
f 1918/2/6 1886/2/6 1925/2/6
f 1920/1/6 1921/1/6 1926/1/6
f 1921/1/6 1922/1/6 1926/1/6
f 1926/1/6 1922/1/6 1927/1/6
f 1927/1/6 1922/1/6 1928/1/6
f 1922/6/6 1923/6/6 1929/6/6
f 1928/1/6 1922/1/6 1929/1/6
f 1929/6/6 1923/6/6 1930/6/6
f 1912/2/6 1924/2/6 1931/2/6
f 1924/2/6 1925/2/6 1931/2/6
f 1925/2/6 1886/2/6 1932/2/6
f 1931/2/6 1925/2/6 1932/2/6
f 1927/1/6 1928/1/6 1933/1/6
f 1929/6/6 1930/6/6 1934/6/6
f 1933/1/6 1928/1/6 1934/1/6
f 1928/6/6 1929/6/6 1934/6/6
f 1930/6/6 1931/6/6 1934/6/6
f 1931/6/6 1932/6/6 1934/6/6
f 1934/6/6 1932/6/6 1935/6/6
f 1935/6/6 1932/6/6 1936/6/6
f 1936/6/6 1932/6/6 1937/6/6
f 1935/6/6 1936/6/6 1938/6/6
f 1938/6/6 1936/6/6 1939/6/6
f 1936/9/6 1937/9/6 1940/9/6
f 1939/6/6 1936/6/6 1940/6/6
f 1937/6/6 1932/6/6 1941/6/6
f 1940/9/6 1937/9/6 1941/9/6
f 1939/6/6 1940/6/6 1942/6/6
f 1940/6/6 1941/6/6 1942/6/6
f 1941/6/6 1932/6/6 1943/6/6
f 1942/6/6 1941/6/6 1943/6/6
f 1939/6/6 1942/6/6 1944/6/6
f 1944/6/6 1942/6/6 1945/6/6
f 1945/6/6 1942/6/6 1947/6/6
f 1947/6/6 1942/6/6 1948/6/6
f 1942/9/6 1943/9/6 1949/9/6
f 1948/6/6 1942/6/6 1949/6/6
f 1943/6/6 1932/6/6 1950/6/6
f 1949/9/6 1943/9/6 1950/9/6
f 1946/3/6 1947/3/6 1952/3/6
f 1952/3/6 1947/3/6 1953/3/6
f 1953/3/6 1947/3/6 1954/3/6
f 1954/3/6 1947/3/6 1955/3/6
f 1948/6/6 1949/6/6 1956/6/6
f 1949/6/6 1950/6/6 1956/6/6
f 1956/6/6 1950/6/6 1957/6/6
f 1950/6/6 1932/6/6 1958/6/6
f 1957/6/6 1950/6/6 1958/6/6
f 1958/6/6 1932/6/6 1959/6/6
f 1951/3/6 1952/3/6 1963/3/6
f 1953/4/6 1954/4/6 1965/4/6
f 1965/4/6 1954/4/6 1966/4/6
f 1955/3/6 1956/3/6 1967/3/6
f 1958/6/6 1959/6/6 1968/6/6
f 1959/6/6 1960/6/6 1968/6/6
f 1961/7/6 1962/7/6 1969/7/6
f 1956/6/6 1957/6/6 1970/6/6
f 1957/9/6 1958/9/6 1970/9/6
f 1958/6/6 1968/6/6 1971/6/6
f 1970/9/6 1958/9/6 1971/9/6
f 1968/7/6 1969/7/6 1972/7/6
f 1969/7/6 1962/7/6 1972/7/6
f 1972/7/6 1962/7/6 1973/7/6
f 1956/6/6 1970/6/6 1974/6/6
f 1970/6/6 1971/6/6 1974/6/6
f 1971/6/6 1968/6/6 1975/6/6
f 1974/6/6 1971/6/6 1975/6/6
f 1972/2/6 1973/2/6 1976/2/6
f 1968/7/6 1972/7/6 1976/7/6
f 1973/7/6 1962/7/6 1977/7/6
f 1976/2/6 1973/2/6 1977/2/6
f 1963/5/6 1964/5/6 1978/5/6
f 1951/3/6 1963/3/6 1978/3/6
f 1978/5/6 1964/5/6 1979/5/6
f 1966/4/6 1967/4/6 1981/4/6
f 1967/3/6 1956/3/6 1982/3/6
f 1981/4/6 1967/4/6 1982/4/6
f 1968/7/6 1976/7/6 1983/7/6
f 1975/6/6 1968/6/6 1983/6/6
f 1976/7/6 1977/7/6 1983/7/6
f 1983/7/6 1977/7/6 1984/7/6
f 1951/3/6 1978/3/6 1985/3/6
f 1985/3/6 1978/3/6 1986/3/6
f 1980/4/6 1981/4/6 1987/4/6
f 1987/4/6 1981/4/6 1988/4/6
f 1982/3/6 1956/3/6 1989/3/6
f 1956/6/6 1974/6/6 1990/6/6
f 1989/3/6 1956/3/6 1990/3/6
f 1974/9/6 1975/9/6 1991/9/6
f 1990/6/6 1974/6/6 1991/6/6
f 1975/6/6 1983/6/6 1992/6/6
f 1991/9/6 1975/9/6 1992/9/6
f 1992/6/6 1983/6/6 1993/6/6
f 1993/6/6 1983/6/6 1994/6/6
f 1984/7/6 1977/7/6 1995/7/6
f 1977/7/6 1962/7/6 1996/7/6
f 1995/7/6 1977/7/6 1996/7/6
f 1987/3/6 1988/3/6 1997/3/6
f 1988/3/6 1989/3/6 1997/3/6
f 1986/3/6 1987/3/6 1997/3/6
f 1997/3/6 1989/3/6 1998/3/6
f 1992/6/6 1993/6/6 1999/6/6
f 1991/6/6 1992/6/6 1999/6/6
f 1990/6/6 1991/6/6 1999/6/6
f 1999/6/6 1993/6/6 2000/6/6
f 2000/6/6 1993/6/6 2001/6/6
f 1998/2/6 1999/2/6 2003/2/6
f 2002/2/6 2003/2/6 2005/2/6
f 2003/2/6 1999/2/6 2006/2/6
f 2005/2/6 2003/2/6 2006/2/6
f 2000/9/6 2001/9/6 2007/9/6
f 1999/6/6 2000/6/6 2007/6/6
f 2001/6/6 1993/6/6 2008/6/6
f 2007/9/6 2001/9/6 2008/9/6
f 2004/2/6 2005/2/6 2010/2/6
f 1999/6/6 2007/6/6 2011/6/6
f 2007/6/6 2008/6/6 2011/6/6
f 2008/6/6 1993/6/6 2012/6/6
f 2011/6/6 2008/6/6 2012/6/6
f 2009/2/6 2010/2/6 2013/2/6
f 2010/2/6 2005/2/6 2014/2/6
f 2013/2/6 2010/2/6 2014/2/6
f 2005/10/6 2006/10/6 2015/10/6
f 2014/2/6 2005/2/6 2015/2/6
f 2015/10/6 2006/10/6 2016/10/6
f 1999/6/6 2011/6/6 2017/6/6
f 2011/9/6 2012/9/6 2017/9/6
f 2012/6/6 1993/6/6 2018/6/6
f 2017/9/6 2012/9/6 2018/9/6
f 2015/2/6 2016/2/6 2019/2/6
f 2014/2/6 2015/2/6 2019/2/6
f 2019/2/6 2016/2/6 2020/2/6
f 2016/10/6 2006/10/6 2021/10/6
f 2020/2/6 2016/2/6 2021/2/6
f 2021/10/6 2006/10/6 2022/10/6
f 1999/6/6 2017/6/6 2023/6/6
f 2017/6/6 2018/6/6 2023/6/6
f 2018/6/6 1993/6/6 2024/6/6
f 2023/6/6 2018/6/6 2024/6/6
f 2021/2/6 2022/2/6 2025/2/6
f 2020/2/6 2021/2/6 2025/2/6
f 2025/2/6 2022/2/6 2026/2/6
f 2006/2/6 1999/2/6 2027/2/6
f 1999/6/6 2023/6/6 2027/6/6
f 2027/6/6 2023/6/6 2028/6/6
f 2022/10/6 2006/10/6 2029/10/6
f 2026/2/6 2022/2/6 2029/2/6
f 2006/2/6 2027/2/6 2030/2/6
f 2029/10/6 2006/10/6 2030/10/6
f 2026/2/6 2029/2/6 2031/2/6
f 2029/2/6 2030/2/6 2031/2/6
f 2031/2/6 2030/2/6 2032/2/6
f 2030/2/6 2027/2/6 2033/2/6
f 2032/2/6 2030/2/6 2033/2/6
f 2033/2/6 2027/2/6 2034/2/6
f 2032/2/6 2033/2/6 2035/2/6
f 2035/2/6 2033/2/6 2036/2/6
f 2037/4/6 2038/4/6 2039/4/6
f 2039/4/6 2038/4/6 2040/4/6
