# Blender 5.1.1
# www.blender.org
mtllib compass.mtl
o Text
v 4.540387 0.100000 -0.076341
v 4.512597 0.100000 -0.074477
v 4.485703 0.100000 -0.071578
v 4.459777 0.100000 -0.067815
v 4.434894 0.100000 -0.063357
v 4.411125 0.100000 -0.058375
v 4.388544 0.100000 -0.053039
v 4.367222 0.100000 -0.047519
v 4.347234 0.100000 -0.041984
v 4.328653 0.100000 -0.036607
v 4.311551 0.100000 -0.031555
v 4.296000 0.100000 -0.027000
v 4.288292 0.100000 -0.024480
v 4.280679 0.100000 -0.021926
v 4.273171 0.100000 -0.019344
v 4.265777 0.100000 -0.016741
v 4.258508 0.100000 -0.014124
v 4.251375 0.100000 -0.011500
v 4.244387 0.100000 -0.008876
v 4.237556 0.100000 -0.006259
v 4.230891 0.100000 -0.003656
v 4.224403 0.100000 -0.001074
v 4.218103 0.100000 0.001480
v 4.212000 0.100000 0.004000
v 4.186000 0.100000 -0.089000
v 4.193120 0.100000 -0.089582
v 4.200454 0.100000 -0.090320
v 4.207969 0.100000 -0.091203
v 4.215630 0.100000 -0.092222
v 4.223402 0.100000 -0.093366
v 4.231250 0.100000 -0.094625
v 4.239140 0.100000 -0.095988
v 4.247037 0.100000 -0.097445
v 4.254906 0.100000 -0.098984
v 4.262713 0.100000 -0.100597
v 4.270422 0.100000 -0.102273
v 4.278000 0.100000 -0.104000
v 4.296392 0.100000 -0.108306
v 4.316468 0.100000 -0.113111
v 4.338078 0.100000 -0.118250
v 4.361074 0.100000 -0.123556
v 4.385306 0.100000 -0.128861
v 4.410625 0.100000 -0.134000
v 4.436882 0.100000 -0.138806
v 4.463926 0.100000 -0.143111
v 4.491609 0.100000 -0.146750
v 4.519783 0.100000 -0.149556
v 4.548295 0.100000 -0.151361
v 4.577000 0.100000 -0.152000
v 4.611711 0.100000 -0.150363
v 4.644678 0.100000 -0.145486
v 4.675658 0.100000 -0.137422
v 4.704409 0.100000 -0.126222
v 4.730688 0.100000 -0.111939
v 4.754251 0.100000 -0.094625
v 4.774856 0.100000 -0.074332
v 4.792260 0.100000 -0.051111
v 4.806220 0.100000 -0.025016
v 4.816492 0.100000 0.003903
v 4.822833 0.100000 0.035592
v 4.825000 0.100000 0.070000
v 4.821013 0.100000 0.122278
v 4.809356 0.100000 0.170639
v 4.790484 0.100000 0.215125
v 4.764851 0.100000 0.255778
v 4.732913 0.100000 0.292639
v 4.695124 0.100000 0.325750
v 4.651940 0.100000 0.355153
v 4.603815 0.100000 0.380889
v 4.551203 0.100000 0.403000
v 4.494561 0.100000 0.421528
v 4.434341 0.100000 0.436514
v 4.371000 0.100000 0.448000
v 4.326000 0.100000 0.372000
v 4.385194 0.100000 0.363115
v 4.441043 0.100000 0.351421
v 4.493205 0.100000 0.336859
v 4.541335 0.100000 0.319370
v 4.585090 0.100000 0.298895
v 4.624127 0.100000 0.275375
v 4.658101 0.100000 0.248751
v 4.686668 0.100000 0.218963
v 4.709486 0.100000 0.185953
v 4.726209 0.100000 0.149662
v 4.736495 0.100000 0.110031
v 4.740000 0.100000 0.067000
v 4.738602 0.100000 0.046521
v 4.734486 0.100000 0.027167
v 4.727766 0.100000 0.009062
v 4.718556 0.100000 -0.007667
v 4.706971 0.100000 -0.022896
v 4.693125 0.100000 -0.036500
v 4.677134 0.100000 -0.048354
v 4.659111 0.100000 -0.058333
v 4.639172 0.100000 -0.066313
v 4.617430 0.100000 -0.072167
v 4.594001 0.100000 -0.075771
v 4.569000 0.100000 -0.077000
v 4.733000 0.100000 -0.260000
v 4.703458 0.100000 -0.262013
v 4.670750 0.100000 -0.264523
v 4.635500 0.100000 -0.267484
v 4.598334 0.100000 -0.270852
v 4.559875 0.100000 -0.274581
v 4.520750 0.100000 -0.278625
v 4.481583 0.100000 -0.282940
v 4.442999 0.100000 -0.287482
v 4.405624 0.100000 -0.292203
v 4.370082 0.100000 -0.297060
v 4.336999 0.100000 -0.302008
v 4.307000 0.100000 -0.307000
v 4.320000 0.100000 -0.383000
v 4.349598 0.100000 -0.376862
v 4.382870 0.100000 -0.370982
v 4.419031 0.100000 -0.365406
v 4.457296 0.100000 -0.360185
v 4.496880 0.100000 -0.355367
v 4.536999 0.100000 -0.351000
v 4.576869 0.100000 -0.347133
v 4.615703 0.100000 -0.343815
v 4.652718 0.100000 -0.341094
v 4.687129 0.100000 -0.339019
v 4.718152 0.100000 -0.337638
v 4.745000 0.100000 -0.337000
v 3.363175 0.100000 0.194740
v 3.340236 0.100000 0.196921
v 3.319234 0.100000 0.200484
v 3.300222 0.100000 0.205370
v 3.283251 0.100000 0.211520
v 3.268375 0.100000 0.218875
v 3.255644 0.100000 0.227376
v 3.245111 0.100000 0.236963
v 3.236828 0.100000 0.247578
v 3.230848 0.100000 0.259162
v 3.227221 0.100000 0.271656
v 3.226000 0.100000 0.285000
v 3.227159 0.100000 0.298246
v 3.230594 0.100000 0.310468
v 3.236251 0.100000 0.321641
v 3.244075 0.100000 0.331741
v 3.254011 0.100000 0.340744
v 3.266001 0.100000 0.348625
v 3.279992 0.100000 0.355361
v 3.295927 0.100000 0.360926
v 3.313751 0.100000 0.365297
v 3.333408 0.100000 0.368449
v 3.354843 0.100000 0.370358
v 3.378000 0.100000 0.371000
v 3.395478 0.100000 0.370291
v 3.411419 0.100000 0.368162
v 3.425827 0.100000 0.364609
v 3.438702 0.100000 0.359630
v 3.450050 0.100000 0.353219
v 3.459874 0.100000 0.345375
v 3.468176 0.100000 0.336093
v 3.474962 0.100000 0.325370
v 3.480234 0.100000 0.313203
v 3.483995 0.100000 0.299588
v 3.486249 0.100000 0.284521
v 3.487000 0.100000 0.268000
v 3.486000 0.100000 0.204000
v 3.477979 0.100000 0.202333
v 3.469921 0.100000 0.200829
v 3.461828 0.100000 0.199484
v 3.453703 0.100000 0.198296
v 3.445551 0.100000 0.197261
v 3.437375 0.100000 0.196375
v 3.429177 0.100000 0.195635
v 3.420962 0.100000 0.195037
v 3.412734 0.100000 0.194578
v 3.404495 0.100000 0.194255
v 3.396249 0.100000 0.194063
v 3.388000 0.100000 0.194000
v 3.554000 0.100000 -0.184000
v 3.574702 0.100000 -0.184564
v 3.597107 0.100000 -0.185264
v 3.620923 0.100000 -0.186109
v 3.645853 0.100000 -0.187111
v 3.671602 0.100000 -0.188280
v 3.697875 0.100000 -0.189625
v 3.724378 0.100000 -0.191158
v 3.750815 0.100000 -0.192889
v 3.776890 0.100000 -0.194828
v 3.802310 0.100000 -0.196986
v 3.826778 0.100000 -0.199373
v 3.850000 0.100000 -0.202000
v 3.853000 0.100000 -0.127000
v 3.829987 0.100000 -0.124814
v 3.805644 0.100000 -0.122759
v 3.780265 0.100000 -0.120844
v 3.754148 0.100000 -0.119074
v 3.727586 0.100000 -0.117457
v 3.700875 0.100000 -0.116000
v 3.674309 0.100000 -0.114709
v 3.648185 0.100000 -0.113593
v 3.622797 0.100000 -0.112656
v 3.598440 0.100000 -0.111907
v 3.575409 0.100000 -0.111353
v 3.554000 0.100000 -0.111000
v 3.554000 0.100000 -0.102000
v 3.554102 0.100000 -0.085108
v 3.554394 0.100000 -0.067028
v 3.554860 0.100000 -0.047906
v 3.555481 0.100000 -0.027889
v 3.556242 0.100000 -0.007122
v 3.557125 0.100000 0.014250
v 3.558112 0.100000 0.036080
v 3.559186 0.100000 0.058222
v 3.560328 0.100000 0.080531
v 3.561523 0.100000 0.102861
v 3.562752 0.100000 0.125066
v 3.564000 0.100000 0.147000
v 3.595632 0.100000 0.156456
v 3.626481 0.100000 0.167231
v 3.656468 0.100000 0.179187
v 3.685518 0.100000 0.192185
v 3.713554 0.100000 0.206086
v 3.740500 0.100000 0.220750
v 3.766279 0.100000 0.236039
v 3.790815 0.100000 0.251815
v 3.814031 0.100000 0.267937
v 3.835851 0.100000 0.284268
v 3.856200 0.100000 0.300669
v 3.875000 0.100000 0.317000
v 3.827000 0.100000 0.393000
v 3.810426 0.100000 0.376786
v 3.792741 0.100000 0.360704
v 3.774001 0.100000 0.344844
v 3.754260 0.100000 0.329296
v 3.733574 0.100000 0.314152
v 3.712000 0.100000 0.299500
v 3.689593 0.100000 0.285432
v 3.666408 0.100000 0.272037
v 3.642500 0.100000 0.259406
v 3.617926 0.100000 0.247630
v 3.592741 0.100000 0.236797
v 3.567000 0.100000 0.227000
v 3.569000 0.100000 0.294000
v 3.567940 0.100000 0.314216
v 3.564682 0.100000 0.333731
v 3.559110 0.100000 0.352344
v 3.551112 0.100000 0.369852
v 3.540572 0.100000 0.386054
v 3.527376 0.100000 0.400750
v 3.511408 0.100000 0.413737
v 3.492556 0.100000 0.424815
v 3.470704 0.100000 0.433781
v 3.445736 0.100000 0.440435
v 3.417540 0.100000 0.444575
v 3.386000 0.100000 0.446000
v 3.352289 0.100000 0.445068
v 3.320306 0.100000 0.442213
v 3.290282 0.100000 0.437344
v 3.262445 0.100000 0.430370
v 3.237025 0.100000 0.421203
v 3.214250 0.100000 0.409750
v 3.194351 0.100000 0.395922
v 3.177556 0.100000 0.379630
v 3.164093 0.100000 0.360781
v 3.154194 0.100000 0.339287
v 3.148087 0.100000 0.315057
v 3.146000 0.100000 0.288000
v 3.147655 0.100000 0.265867
v 3.152653 0.100000 0.244602
v 3.161047 0.100000 0.224406
v 3.172889 0.100000 0.205481
v 3.188231 0.100000 0.188029
v 3.207125 0.100000 0.172250
v 3.229623 0.100000 0.158346
v 3.255778 0.100000 0.146518
v 3.285640 0.100000 0.136969
v 3.319264 0.100000 0.129898
v 3.356699 0.100000 0.125508
v 3.398000 0.100000 0.124000
v 3.405229 0.100000 0.124042
v 3.412421 0.100000 0.124167
v 3.419577 0.100000 0.124375
v 3.426703 0.100000 0.124667
v 3.433801 0.100000 0.125042
v 3.440875 0.100000 0.125500
v 3.447927 0.100000 0.126042
v 3.454962 0.100000 0.126667
v 3.461984 0.100000 0.127375
v 3.468996 0.100000 0.128167
v 3.475999 0.100000 0.129042
v 3.483000 0.100000 0.130000
v 3.482004 0.100000 0.109546
v 3.481019 0.100000 0.088787
v 3.480063 0.100000 0.067875
v 3.479148 0.100000 0.046963
v 3.478289 0.100000 0.026204
v 3.477499 0.100000 0.005750
v 3.476794 0.100000 -0.014245
v 3.476185 0.100000 -0.033630
v 3.475688 0.100000 -0.052250
v 3.475315 0.100000 -0.069954
v 3.475081 0.100000 -0.086588
v 3.475000 0.100000 -0.102000
v 3.474999 0.100000 -0.117193
v 3.474995 0.100000 -0.133130
v 3.474984 0.100000 -0.149594
v 3.474963 0.100000 -0.166370
v 3.474927 0.100000 -0.183244
v 3.474875 0.100000 -0.200000
v 3.474802 0.100000 -0.216422
v 3.474704 0.100000 -0.232296
v 3.474578 0.100000 -0.247406
v 3.474422 0.100000 -0.261537
v 3.474230 0.100000 -0.274473
v 3.474000 0.100000 -0.286000
v 3.473938 0.100000 -0.295167
v 3.473754 0.100000 -0.304583
v 3.473453 0.100000 -0.314125
v 3.473037 0.100000 -0.323667
v 3.472510 0.100000 -0.333083
v 3.471875 0.100000 -0.342250
v 3.471136 0.100000 -0.351042
v 3.470295 0.100000 -0.359333
v 3.469359 0.100000 -0.367000
v 3.468328 0.100000 -0.373917
v 3.467207 0.100000 -0.379958
v 3.466000 0.100000 -0.385000
v 3.561000 0.100000 -0.385000
v 3.560250 0.100000 -0.379214
v 3.559508 0.100000 -0.372458
v 3.558780 0.100000 -0.364891
v 3.558073 0.100000 -0.356667
v 3.557394 0.100000 -0.347943
v 3.556749 0.100000 -0.338875
v 3.556146 0.100000 -0.329620
v 3.555592 0.100000 -0.320333
v 3.555093 0.100000 -0.311172
v 3.554657 0.100000 -0.302292
v 3.554290 0.100000 -0.293849
v 3.554000 0.100000 -0.286000
v 2.349714 0.100000 -0.247309
v 2.348376 0.100000 -0.212222
v 2.347016 0.100000 -0.173469
v 2.345667 0.100000 -0.131778
v 2.344360 0.100000 -0.087879
v 2.343125 0.100000 -0.042500
v 2.341995 0.100000 0.003628
v 2.341001 0.100000 0.049778
v 2.340172 0.100000 0.095219
v 2.339542 0.100000 0.139222
v 2.339141 0.100000 0.181059
v 2.339000 0.100000 0.220000
v 2.340413 0.100000 0.246039
v 2.344551 0.100000 0.269231
v 2.351266 0.100000 0.289687
v 2.360408 0.100000 0.307518
v 2.371827 0.100000 0.322836
v 2.385375 0.100000 0.335750
v 2.400902 0.100000 0.346373
v 2.418259 0.100000 0.354815
v 2.437297 0.100000 0.361187
v 2.457866 0.100000 0.365602
v 2.479816 0.100000 0.368169
v 2.503000 0.100000 0.369000
v 2.547112 0.100000 0.366913
v 2.588060 0.100000 0.360889
v 2.626015 0.100000 0.351281
v 2.661148 0.100000 0.338444
v 2.693627 0.100000 0.322733
v 2.723625 0.100000 0.304500
v 2.751309 0.100000 0.284101
v 2.776852 0.100000 0.261889
v 2.800422 0.100000 0.238219
v 2.822190 0.100000 0.213444
v 2.842326 0.100000 0.187920
v 2.861000 0.100000 0.162000
v 2.918000 0.100000 0.230000
v 2.899482 0.100000 0.254305
v 2.878356 0.100000 0.279356
v 2.854516 0.100000 0.304609
v 2.827852 0.100000 0.329518
v 2.798257 0.100000 0.353539
v 2.765625 0.100000 0.376125
v 2.729846 0.100000 0.396732
v 2.690814 0.100000 0.414815
v 2.648422 0.100000 0.429828
v 2.602560 0.100000 0.441227
v 2.553122 0.100000 0.448466
v 2.500000 0.100000 0.451000
v 2.464969 0.100000 0.449725
v 2.432000 0.100000 0.445801
v 2.401281 0.100000 0.439078
v 2.373000 0.100000 0.429407
v 2.347344 0.100000 0.416639
v 2.324500 0.100000 0.400625
v 2.304657 0.100000 0.381215
v 2.288000 0.100000 0.358259
v 2.274719 0.100000 0.331609
v 2.265000 0.100000 0.301116
v 2.259031 0.100000 0.266629
v 2.257000 0.100000 0.228000
v 2.257197 0.100000 0.188959
v 2.257741 0.100000 0.146421
v 2.258563 0.100000 0.101266
v 2.259593 0.100000 0.054370
v 2.260762 0.100000 0.006614
v 2.262000 0.100000 -0.041125
v 2.263238 0.100000 -0.087968
v 2.264408 0.100000 -0.133037
v 2.265438 0.100000 -0.175453
v 2.266259 0.100000 -0.214338
v 2.266803 0.100000 -0.248813
v 2.267000 0.100000 -0.278000
v 2.266957 0.100000 -0.287226
v 2.266824 0.100000 -0.296389
v 2.266593 0.100000 -0.305469
v 2.266259 0.100000 -0.314445
v 2.265813 0.100000 -0.323295
v 2.265249 0.100000 -0.332000
v 2.264561 0.100000 -0.340538
v 2.263740 0.100000 -0.348889
v 2.262781 0.100000 -0.357031
v 2.261675 0.100000 -0.364945
v 2.260417 0.100000 -0.372608
v 2.259000 0.100000 -0.380000
v 2.360000 0.100000 -0.379000
v 2.358792 0.100000 -0.370711
v 2.357667 0.100000 -0.362352
v 2.356625 0.100000 -0.353938
v 2.355667 0.100000 -0.345482
v 2.354792 0.100000 -0.336998
v 2.354000 0.100000 -0.328500
v 2.353292 0.100000 -0.320002
v 2.352666 0.100000 -0.311518
v 2.352125 0.100000 -0.303062
v 2.351666 0.100000 -0.294648
v 2.351292 0.100000 -0.286289
v 2.351000 0.100000 -0.278000
v 1.747979 0.100000 -0.408042
v 1.747917 0.100000 -0.389171
v 1.747813 0.100000 -0.370391
v 1.747667 0.100000 -0.351704
v 1.747479 0.100000 -0.333114
v 1.747250 0.100000 -0.314625
v 1.746979 0.100000 -0.296240
v 1.746667 0.100000 -0.277963
v 1.746313 0.100000 -0.259797
v 1.745917 0.100000 -0.241745
v 1.745479 0.100000 -0.223812
v 1.745000 0.100000 -0.206000
v 1.958000 0.100000 -0.206000
v 1.958000 0.100000 -0.205444
v 1.958000 0.100000 -0.203884
v 1.958000 0.100000 -0.201484
v 1.958000 0.100000 -0.198407
v 1.958000 0.100000 -0.194817
v 1.958000 0.100000 -0.190875
v 1.958000 0.100000 -0.186746
v 1.958000 0.100000 -0.182593
v 1.958000 0.100000 -0.178578
v 1.958000 0.100000 -0.174866
v 1.958000 0.100000 -0.171619
v 1.958000 0.100000 -0.169000
v 1.955256 0.100000 -0.069039
v 1.952467 0.100000 0.019773
v 1.949547 0.100000 0.098078
v 1.946407 0.100000 0.166518
v 1.942962 0.100000 0.225737
v 1.939125 0.100000 0.276375
v 1.934808 0.100000 0.319076
v 1.929925 0.100000 0.354481
v 1.924390 0.100000 0.383234
v 1.918116 0.100000 0.405977
v 1.911015 0.100000 0.423351
v 1.903000 0.100000 0.436000
v 1.898684 0.100000 0.442362
v 1.894218 0.100000 0.447981
v 1.889579 0.100000 0.452906
v 1.884741 0.100000 0.457185
v 1.879682 0.100000 0.460867
v 1.874375 0.100000 0.464000
v 1.868798 0.100000 0.466633
v 1.862926 0.100000 0.468815
v 1.856734 0.100000 0.470594
v 1.850199 0.100000 0.472018
v 1.843296 0.100000 0.473138
v 1.836000 0.100000 0.474000
v 1.828386 0.100000 0.474898
v 1.820084 0.100000 0.475602
v 1.811157 0.100000 0.476125
v 1.801667 0.100000 0.476481
v 1.791677 0.100000 0.476685
v 1.781250 0.100000 0.476750
v 1.770448 0.100000 0.476690
v 1.759334 0.100000 0.476519
v 1.747969 0.100000 0.476250
v 1.736417 0.100000 0.475898
v 1.724740 0.100000 0.475477
v 1.713000 0.100000 0.475000
v 1.712376 0.100000 0.469554
v 1.711509 0.100000 0.463764
v 1.710406 0.100000 0.457703
v 1.709074 0.100000 0.451444
v 1.707520 0.100000 0.445061
v 1.705750 0.100000 0.438625
v 1.703772 0.100000 0.432210
v 1.701592 0.100000 0.425889
v 1.699219 0.100000 0.419734
v 1.696657 0.100000 0.413819
v 1.693915 0.100000 0.408217
v 1.691000 0.100000 0.403000
v 1.703154 0.100000 0.403919
v 1.715065 0.100000 0.404685
v 1.726656 0.100000 0.405312
v 1.737852 0.100000 0.405815
v 1.748576 0.100000 0.406206
v 1.758750 0.100000 0.406500
v 1.768300 0.100000 0.406711
v 1.777148 0.100000 0.406852
v 1.785219 0.100000 0.406937
v 1.792435 0.100000 0.406981
v 1.798721 0.100000 0.406998
v 1.804000 0.100000 0.407000
v 1.807879 0.100000 0.406953
v 1.811524 0.100000 0.406792
v 1.814954 0.100000 0.406484
v 1.818186 0.100000 0.406000
v 1.821238 0.100000 0.405307
v 1.824126 0.100000 0.404375
v 1.826868 0.100000 0.403172
v 1.829482 0.100000 0.401667
v 1.831985 0.100000 0.399828
v 1.834394 0.100000 0.397625
v 1.836727 0.100000 0.395026
v 1.839000 0.100000 0.392000
v 1.844755 0.100000 0.382279
v 1.850046 0.100000 0.367815
v 1.854906 0.100000 0.348156
v 1.859370 0.100000 0.322852
v 1.863473 0.100000 0.291450
v 1.867249 0.100000 0.253500
v 1.870735 0.100000 0.208550
v 1.873963 0.100000 0.156148
v 1.876969 0.100000 0.095844
v 1.879787 0.100000 0.027185
v 1.882452 0.100000 -0.050279
v 1.885000 0.100000 -0.137000
v 1.743000 0.100000 -0.137000
v 1.739025 0.100000 -0.071003
v 1.733361 0.100000 -0.007107
v 1.725657 0.100000 0.054547
v 1.715556 0.100000 0.113815
v 1.702705 0.100000 0.170555
v 1.686750 0.100000 0.224625
v 1.667337 0.100000 0.275882
v 1.644111 0.100000 0.324185
v 1.616719 0.100000 0.369391
v 1.584805 0.100000 0.411356
v 1.548018 0.100000 0.449940
v 1.506000 0.100000 0.485000
v 1.502951 0.100000 0.480595
v 1.499357 0.100000 0.475931
v 1.495297 0.100000 0.471078
v 1.490852 0.100000 0.466111
v 1.486101 0.100000 0.461102
v 1.481125 0.100000 0.456125
v 1.476003 0.100000 0.451252
v 1.470815 0.100000 0.446556
v 1.465641 0.100000 0.442109
v 1.460560 0.100000 0.437986
v 1.455654 0.100000 0.434259
v 1.451000 0.100000 0.431000
v 1.454749 0.100000 0.428230
v 1.458491 0.100000 0.425421
v 1.462219 0.100000 0.422578
v 1.465926 0.100000 0.419704
v 1.469605 0.100000 0.416801
v 1.473249 0.100000 0.413875
v 1.476852 0.100000 0.410928
v 1.480407 0.100000 0.407963
v 1.483906 0.100000 0.404984
v 1.487342 0.100000 0.401995
v 1.490709 0.100000 0.398999
v 1.494000 0.100000 0.396000
v 1.455714 0.100000 0.400497
v 1.417463 0.100000 0.404972
v 1.379406 0.100000 0.409406
v 1.341703 0.100000 0.413778
v 1.304515 0.100000 0.418066
v 1.268000 0.100000 0.422250
v 1.232318 0.100000 0.426309
v 1.197629 0.100000 0.430222
v 1.164093 0.100000 0.433969
v 1.131870 0.100000 0.437528
v 1.101119 0.100000 0.440878
v 1.072000 0.100000 0.444000
v 1.062000 0.100000 0.378000
v 1.279000 0.100000 0.358000
v 1.279000 0.100000 0.271000
v 1.089000 0.100000 0.271000
v 1.089000 0.100000 0.213000
v 1.279000 0.100000 0.213000
v 1.279000 0.100000 0.152000
v 1.092000 0.100000 0.152000
v 1.092000 0.100000 -0.147000
v 1.279000 0.100000 -0.147000
v 1.279000 0.100000 -0.210000
v 1.062000 0.100000 -0.210000
v 1.062000 0.100000 -0.269000
v 1.279000 0.100000 -0.269000
v 1.279000 0.100000 -0.336000
v 1.262983 0.100000 -0.334772
v 1.246949 0.100000 -0.333588
v 1.230922 0.100000 -0.332453
v 1.214926 0.100000 -0.331370
v 1.198986 0.100000 -0.330343
v 1.183125 0.100000 -0.329375
v 1.167369 0.100000 -0.328469
v 1.151741 0.100000 -0.327630
v 1.136266 0.100000 -0.326859
v 1.120968 0.100000 -0.326162
v 1.105871 0.100000 -0.325541
v 1.091000 0.100000 -0.325000
v 1.090149 0.100000 -0.329157
v 1.089111 0.100000 -0.333593
v 1.087906 0.100000 -0.338250
v 1.086555 0.100000 -0.343074
v 1.085079 0.100000 -0.348009
v 1.083499 0.100000 -0.353000
v 1.081836 0.100000 -0.357991
v 1.080111 0.100000 -0.362926
v 1.078343 0.100000 -0.367750
v 1.076555 0.100000 -0.372407
v 1.074767 0.100000 -0.376843
v 1.073000 0.100000 -0.381000
v 1.110643 0.100000 -0.382976
v 1.149315 0.100000 -0.385394
v 1.188625 0.100000 -0.388234
v 1.228185 0.100000 -0.391482
v 1.267606 0.100000 -0.395118
v 1.306500 0.100000 -0.399125
v 1.344477 0.100000 -0.403487
v 1.381148 0.100000 -0.408185
v 1.416125 0.100000 -0.413203
v 1.449018 0.100000 -0.418523
v 1.479440 0.100000 -0.424128
v 1.507000 0.100000 -0.430000
v 1.544000 0.100000 -0.372000
v 1.530194 0.100000 -0.369061
v 1.515801 0.100000 -0.366241
v 1.500860 0.100000 -0.363531
v 1.485408 0.100000 -0.360926
v 1.469484 0.100000 -0.358418
v 1.453125 0.100000 -0.356000
v 1.436371 0.100000 -0.353666
v 1.419260 0.100000 -0.351407
v 1.401828 0.100000 -0.349219
v 1.384116 0.100000 -0.347093
v 1.366160 0.100000 -0.345022
v 1.348000 0.100000 -0.343000
v 1.348000 0.100000 -0.269000
v 1.562000 0.100000 -0.269000
v 1.562000 0.100000 -0.210000
v 1.348000 0.100000 -0.210000
v 1.348000 0.100000 -0.147000
v 1.543000 0.100000 -0.147000
v 1.543000 0.100000 0.152000
v 1.348000 0.100000 0.152000
v 1.348000 0.100000 0.213000
v 1.545000 0.100000 0.213000
v 1.545000 0.100000 0.271000
v 1.348000 0.100000 0.271000
v 1.348000 0.100000 0.351000
v 1.549000 0.100000 0.330000
v 1.549000 0.100000 0.334000
v 1.569504 0.100000 0.303344
v 1.587620 0.100000 0.270917
v 1.603499 0.100000 0.236781
v 1.617296 0.100000 0.201000
v 1.629161 0.100000 0.163635
v 1.639249 0.100000 0.124750
v 1.647712 0.100000 0.084406
v 1.654703 0.100000 0.042667
v 1.660375 0.100000 -0.000406
v 1.664879 0.100000 -0.044750
v 1.668370 0.100000 -0.090302
v 1.671000 0.100000 -0.137000
v 1.554000 0.100000 -0.137000
v 1.554000 0.100000 -0.206000
v 1.673000 0.100000 -0.206000
v 1.673460 0.100000 -0.223812
v 1.673843 0.100000 -0.241746
v 1.674157 0.100000 -0.259797
v 1.674408 0.100000 -0.277963
v 1.674603 0.100000 -0.296240
v 1.674750 0.100000 -0.314625
v 1.674856 0.100000 -0.333114
v 1.674926 0.100000 -0.351704
v 1.674969 0.100000 -0.370391
v 1.674991 0.100000 -0.389171
v 1.674999 0.100000 -0.408042
v 1.675000 0.100000 -0.427000
v 1.748000 0.100000 -0.427000
v 1.279000 0.100000 0.100000
v 1.279000 0.100000 0.027000
v 1.154000 0.100000 0.027000
v 1.154000 0.100000 0.100000
v 1.479000 0.100000 0.100000
v 1.479000 0.100000 0.027000
v 1.348000 0.100000 0.027000
v 1.348000 0.100000 0.100000
v 1.279000 0.100000 -0.023000
v 1.279000 0.100000 -0.095000
v 1.154000 0.100000 -0.095000
v 1.154000 0.100000 -0.023000
v 1.479000 0.100000 -0.023000
v 1.479000 0.100000 -0.095000
v 1.348000 0.100000 -0.095000
v 1.348000 0.100000 -0.023000
v 0.398357 0.100000 -0.367521
v 0.389440 0.100000 -0.364088
v 0.380266 0.100000 -0.360703
v 0.370852 0.100000 -0.357370
v 0.361216 0.100000 -0.354093
v 0.351375 0.100000 -0.350875
v 0.341347 0.100000 -0.347719
v 0.331148 0.100000 -0.344630
v 0.320797 0.100000 -0.341609
v 0.310310 0.100000 -0.338662
v 0.299706 0.100000 -0.335791
v 0.289000 0.100000 -0.333000
v 0.289000 0.100000 -0.153000
v 0.412000 0.100000 -0.153000
v 0.412000 0.100000 -0.083000
v 0.289000 0.100000 -0.083000
v 0.289000 0.100000 -0.060000
v 0.296309 0.100000 -0.051585
v 0.305468 0.100000 -0.040681
v 0.316078 0.100000 -0.027797
v 0.327741 0.100000 -0.013445
v 0.340056 0.100000 0.001866
v 0.352625 0.100000 0.017625
v 0.365048 0.100000 0.033321
v 0.376926 0.100000 0.048444
v 0.387859 0.100000 0.062484
v 0.397449 0.100000 0.074931
v 0.405295 0.100000 0.085273
v 0.411000 0.100000 0.093000
v 0.367000 0.100000 0.153000
v 0.363078 0.100000 0.144940
v 0.358375 0.100000 0.135856
v 0.352984 0.100000 0.125891
v 0.347000 0.100000 0.115185
v 0.340516 0.100000 0.103882
v 0.333625 0.100000 0.092125
v 0.326422 0.100000 0.080055
v 0.319000 0.100000 0.067815
v 0.311453 0.100000 0.055547
v 0.303875 0.100000 0.043393
v 0.296360 0.100000 0.031497
v 0.289000 0.100000 0.020000
v 0.289000 0.100000 0.481000
v 0.219000 0.100000 0.481000
v 0.219000 0.100000 0.035000
v 0.209797 0.100000 0.060707
v 0.200213 0.100000 0.086241
v 0.190281 0.100000 0.111469
v 0.180037 0.100000 0.136259
v 0.169515 0.100000 0.160480
v 0.158750 0.100000 0.184000
v 0.147777 0.100000 0.206686
v 0.136630 0.100000 0.228407
v 0.125344 0.100000 0.249031
v 0.113954 0.100000 0.268426
v 0.102494 0.100000 0.286459
v 0.091000 0.100000 0.303000
v 0.088800 0.100000 0.297575
v 0.086240 0.100000 0.291847
v 0.083375 0.100000 0.285891
v 0.080259 0.100000 0.279778
v 0.076949 0.100000 0.273582
v 0.073500 0.100000 0.267375
v 0.069967 0.100000 0.261231
v 0.066407 0.100000 0.255222
v 0.062875 0.100000 0.249422
v 0.059426 0.100000 0.243903
v 0.056116 0.100000 0.238738
v 0.053000 0.100000 0.234000
v 0.067067 0.100000 0.214815
v 0.081199 0.100000 0.193435
v 0.095297 0.100000 0.170125
v 0.109259 0.100000 0.145148
v 0.122985 0.100000 0.118768
v 0.136375 0.100000 0.091250
v 0.149327 0.100000 0.062856
v 0.161741 0.100000 0.033852
v 0.173516 0.100000 0.004500
v 0.184551 0.100000 -0.024935
v 0.194746 0.100000 -0.054190
v 0.204000 0.100000 -0.083000
v 0.067000 0.100000 -0.083000
v 0.067000 0.100000 -0.153000
v 0.219000 0.100000 -0.153000
v 0.219000 0.100000 -0.316000
v 0.208751 0.100000 -0.313791
v 0.198514 0.100000 -0.311662
v 0.188296 0.100000 -0.309609
v 0.178111 0.100000 -0.307630
v 0.167966 0.100000 -0.305719
v 0.157875 0.100000 -0.303875
v 0.147845 0.100000 -0.302093
v 0.137889 0.100000 -0.300370
v 0.128016 0.100000 -0.298703
v 0.118236 0.100000 -0.297088
v 0.108561 0.100000 -0.295521
v 0.099000 0.100000 -0.294000
v 0.098109 0.100000 -0.298178
v 0.096954 0.100000 -0.302671
v 0.095563 0.100000 -0.307422
v 0.093964 0.100000 -0.312370
v 0.092184 0.100000 -0.317458
v 0.090250 0.100000 -0.322625
v 0.088192 0.100000 -0.327813
v 0.086037 0.100000 -0.332963
v 0.083813 0.100000 -0.338016
v 0.081546 0.100000 -0.342912
v 0.079266 0.100000 -0.347593
v 0.077000 0.100000 -0.352000
v 0.102296 0.100000 -0.356954
v 0.128033 0.100000 -0.362296
v 0.153985 0.100000 -0.368000
v 0.179926 0.100000 -0.374037
v 0.205631 0.100000 -0.380380
v 0.230875 0.100000 -0.387000
v 0.255431 0.100000 -0.393870
v 0.279074 0.100000 -0.400963
v 0.301578 0.100000 -0.408250
v 0.322718 0.100000 -0.415704
v 0.342267 0.100000 -0.423296
v 0.360000 0.100000 -0.431000
v 0.407000 0.100000 -0.371000
v 0.594616 0.100000 -0.221050
v 0.603422 0.100000 -0.215731
v 0.612360 0.100000 -0.210094
v 0.621371 0.100000 -0.204185
v 0.630396 0.100000 -0.198054
v 0.639376 0.100000 -0.191750
v 0.648251 0.100000 -0.185321
v 0.656963 0.100000 -0.178815
v 0.665453 0.100000 -0.172281
v 0.673662 0.100000 -0.165769
v 0.681531 0.100000 -0.159325
v 0.689000 0.100000 -0.153000
v 0.701851 0.100000 -0.162126
v 0.714389 0.100000 -0.171505
v 0.726593 0.100000 -0.181141
v 0.738444 0.100000 -0.191037
v 0.749920 0.100000 -0.201197
v 0.761000 0.100000 -0.211625
v 0.771663 0.100000 -0.222324
v 0.781888 0.100000 -0.233296
v 0.791656 0.100000 -0.244547
v 0.800944 0.100000 -0.256079
v 0.809732 0.100000 -0.267895
v 0.818000 0.100000 -0.280000
v 0.609000 0.100000 -0.280000
v 0.597604 0.100000 -0.270043
v 0.585908 0.100000 -0.260181
v 0.573907 0.100000 -0.250422
v 0.561594 0.100000 -0.240778
v 0.548960 0.100000 -0.231259
v 0.536001 0.100000 -0.221875
v 0.522708 0.100000 -0.212637
v 0.509075 0.100000 -0.203556
v 0.495094 0.100000 -0.194641
v 0.480760 0.100000 -0.185903
v 0.466064 0.100000 -0.177352
v 0.451000 0.100000 -0.169000
v 0.447781 0.100000 -0.173174
v 0.444167 0.100000 -0.177639
v 0.440219 0.100000 -0.182313
v 0.436000 0.100000 -0.187111
v 0.431573 0.100000 -0.191951
v 0.427001 0.100000 -0.196750
v 0.422344 0.100000 -0.201424
v 0.417667 0.100000 -0.205889
v 0.413032 0.100000 -0.210063
v 0.408500 0.100000 -0.213861
v 0.404136 0.100000 -0.217201
v 0.400000 0.100000 -0.220000
v 0.430266 0.100000 -0.235730
v 0.459042 0.100000 -0.252338
v 0.486297 0.100000 -0.269703
v 0.512000 0.100000 -0.287704
v 0.536120 0.100000 -0.306218
v 0.558625 0.100000 -0.325125
v 0.579484 0.100000 -0.344303
v 0.598667 0.100000 -0.363630
v 0.616141 0.100000 -0.382984
v 0.631875 0.100000 -0.402245
v 0.645839 0.100000 -0.421291
v 0.658000 0.100000 -0.440000
v 0.735000 0.100000 -0.425000
v 0.730439 0.100000 -0.418250
v 0.725755 0.100000 -0.411500
v 0.720953 0.100000 -0.404750
v 0.716037 0.100000 -0.398000
v 0.711010 0.100000 -0.391250
v 0.705875 0.100000 -0.384500
v 0.700636 0.100000 -0.377750
v 0.695296 0.100000 -0.371000
v 0.689859 0.100000 -0.364250
v 0.684329 0.100000 -0.357500
v 0.678708 0.100000 -0.350750
v 0.673000 0.100000 -0.344000
v 0.861000 0.100000 -0.344000
v 0.874000 0.100000 -0.347000
v 0.922000 0.100000 -0.323000
v 0.898309 0.100000 -0.277442
v 0.870472 0.100000 -0.235204
v 0.838844 0.100000 -0.196188
v 0.803778 0.100000 -0.160296
v 0.765628 0.100000 -0.127433
v 0.724750 0.100000 -0.097500
v 0.681497 0.100000 -0.070401
v 0.636222 0.100000 -0.046037
v 0.589282 0.100000 -0.024313
v 0.541028 0.100000 -0.005130
v 0.491816 0.100000 0.011609
v 0.442000 0.100000 0.026000
v 0.439800 0.100000 0.021364
v 0.437236 0.100000 0.016495
v 0.434359 0.100000 0.011453
v 0.431222 0.100000 0.006296
v 0.427876 0.100000 0.001084
v 0.424375 0.100000 -0.004125
v 0.420769 0.100000 -0.009271
v 0.417111 0.100000 -0.014296
v 0.413453 0.100000 -0.019141
v 0.409847 0.100000 -0.023745
v 0.406345 0.100000 -0.028052
v 0.403000 0.100000 -0.032000
v 0.422495 0.100000 -0.036708
v 0.441958 0.100000 -0.041833
v 0.461360 0.100000 -0.047375
v 0.480667 0.100000 -0.053333
v 0.499849 0.100000 -0.059708
v 0.518875 0.100000 -0.066500
v 0.537714 0.100000 -0.073708
v 0.556334 0.100000 -0.081333
v 0.574703 0.100000 -0.089375
v 0.592792 0.100000 -0.097833
v 0.610568 0.100000 -0.106708
v 0.628000 0.100000 -0.116000
v 0.621049 0.100000 -0.122306
v 0.613730 0.100000 -0.128699
v 0.606093 0.100000 -0.135141
v 0.598185 0.100000 -0.141593
v 0.590054 0.100000 -0.148017
v 0.581750 0.100000 -0.154375
v 0.573320 0.100000 -0.160629
v 0.564815 0.100000 -0.166741
v 0.556281 0.100000 -0.172672
v 0.547769 0.100000 -0.178384
v 0.539325 0.100000 -0.183840
v 0.531000 0.100000 -0.189000
v 0.586000 0.100000 -0.226000
v 0.644844 0.100000 0.173951
v 0.654833 0.100000 0.180273
v 0.664907 0.100000 0.186922
v 0.675000 0.100000 0.193852
v 0.685052 0.100000 0.201018
v 0.695000 0.100000 0.208375
v 0.704782 0.100000 0.215878
v 0.714334 0.100000 0.223481
v 0.723594 0.100000 0.231141
v 0.732500 0.100000 0.238810
v 0.740990 0.100000 0.246445
v 0.749000 0.100000 0.254000
v 0.762539 0.100000 0.241792
v 0.775652 0.100000 0.229167
v 0.788327 0.100000 0.216125
v 0.800555 0.100000 0.202667
v 0.812324 0.100000 0.188792
v 0.823625 0.100000 0.174500
v 0.834446 0.100000 0.159792
v 0.844778 0.100000 0.144667
v 0.854609 0.100000 0.129125
v 0.863930 0.100000 0.113167
v 0.872731 0.100000 0.096792
v 0.881000 0.100000 0.080000
v 0.684000 0.100000 0.080000
v 0.668957 0.100000 0.094414
v 0.653324 0.100000 0.108644
v 0.637094 0.100000 0.122672
v 0.620259 0.100000 0.136481
v 0.602814 0.100000 0.150055
v 0.584750 0.100000 0.163375
v 0.566061 0.100000 0.176424
v 0.546741 0.100000 0.189185
v 0.526782 0.100000 0.201641
v 0.506176 0.100000 0.213773
v 0.484918 0.100000 0.225565
v 0.463000 0.100000 0.237000
v 0.460050 0.100000 0.232826
v 0.456732 0.100000 0.228356
v 0.453094 0.100000 0.223672
v 0.449185 0.100000 0.218852
v 0.445055 0.100000 0.213976
v 0.440750 0.100000 0.209125
v 0.436321 0.100000 0.204378
v 0.431815 0.100000 0.199815
v 0.427281 0.100000 0.195516
v 0.422769 0.100000 0.191560
v 0.418325 0.100000 0.188028
v 0.414000 0.100000 0.185000
v 0.450767 0.100000 0.166859
v 0.485551 0.100000 0.147537
v 0.518328 0.100000 0.127187
v 0.549074 0.100000 0.105963
v 0.577765 0.100000 0.084016
v 0.604375 0.100000 0.061500
v 0.628881 0.100000 0.038567
v 0.651259 0.100000 0.015370
v 0.671484 0.100000 -0.007938
v 0.689532 0.100000 -0.031204
v 0.705379 0.100000 -0.054276
v 0.719000 0.100000 -0.077000
v 0.796000 0.100000 -0.062000
v 0.791977 0.100000 -0.055501
v 0.787902 0.100000 -0.049005
v 0.783765 0.100000 -0.042516
v 0.779555 0.100000 -0.036037
v 0.775262 0.100000 -0.029572
v 0.770875 0.100000 -0.023125
v 0.766383 0.100000 -0.016699
v 0.761777 0.100000 -0.010296
v 0.757047 0.100000 -0.003922
v 0.752181 0.100000 0.002421
v 0.747169 0.100000 0.008730
v 0.742000 0.100000 0.015000
v 0.916000 0.100000 0.015000
v 0.929000 0.100000 0.012000
v 0.978000 0.100000 0.034000
v 0.953252 0.100000 0.096995
v 0.923264 0.100000 0.154625
v 0.888422 0.100000 0.207109
v 0.849111 0.100000 0.254667
v 0.805717 0.100000 0.297516
v 0.758625 0.100000 0.335875
v 0.708220 0.100000 0.369964
v 0.654889 0.100000 0.400000
v 0.599016 0.100000 0.426203
v 0.540986 0.100000 0.448792
v 0.481186 0.100000 0.467984
v 0.420000 0.100000 0.484000
v 0.417800 0.100000 0.479094
v 0.415236 0.100000 0.473921
v 0.412359 0.100000 0.468547
v 0.409222 0.100000 0.463037
v 0.405877 0.100000 0.457458
v 0.402375 0.100000 0.451875
v 0.398769 0.100000 0.446355
v 0.395111 0.100000 0.440963
v 0.391453 0.100000 0.435766
v 0.387847 0.100000 0.430829
v 0.384346 0.100000 0.426218
v 0.381000 0.100000 0.422000
v 0.408929 0.100000 0.416103
v 0.436681 0.100000 0.409407
v 0.464203 0.100000 0.401906
v 0.491445 0.100000 0.393593
v 0.518353 0.100000 0.384459
v 0.544875 0.100000 0.374500
v 0.570960 0.100000 0.363707
v 0.596556 0.100000 0.352074
v 0.621610 0.100000 0.339594
v 0.646070 0.100000 0.326259
v 0.669884 0.100000 0.312064
v 0.693000 0.100000 0.297000
v 0.684989 0.100000 0.289385
v 0.676500 0.100000 0.281579
v 0.667593 0.100000 0.273641
v 0.658333 0.100000 0.265630
v 0.648781 0.100000 0.257605
v 0.639000 0.100000 0.249625
v 0.629052 0.100000 0.241749
v 0.619000 0.100000 0.234037
v 0.608906 0.100000 0.226547
v 0.598834 0.100000 0.219338
v 0.588844 0.100000 0.212469
v 0.579000 0.100000 0.206000
v 0.635000 0.100000 0.168000
v -0.793241 0.100000 -0.264991
v -0.769763 0.100000 -0.267426
v -0.742015 0.100000 -0.270250
v -0.710444 0.100000 -0.273407
v -0.675498 0.100000 -0.276843
v -0.637625 0.100000 -0.280500
v -0.597273 0.100000 -0.284324
v -0.554889 0.100000 -0.288259
v -0.510922 0.100000 -0.292250
v -0.465819 0.100000 -0.296241
v -0.420030 0.100000 -0.300176
v -0.374000 0.100000 -0.304000
v -0.347069 0.100000 -0.306188
v -0.320806 0.100000 -0.308250
v -0.295250 0.100000 -0.310188
v -0.270444 0.100000 -0.312000
v -0.246430 0.100000 -0.313688
v -0.223250 0.100000 -0.315250
v -0.200944 0.100000 -0.316688
v -0.179555 0.100000 -0.318000
v -0.159125 0.100000 -0.319188
v -0.139694 0.100000 -0.320250
v -0.121305 0.100000 -0.321188
v -0.104000 0.100000 -0.322000
v -0.104000 0.100000 -0.242000
v -0.118856 0.100000 -0.241972
v -0.134768 0.100000 -0.241857
v -0.151499 0.100000 -0.241609
v -0.168814 0.100000 -0.241185
v -0.186476 0.100000 -0.240539
v -0.204249 0.100000 -0.239625
v -0.221898 0.100000 -0.238399
v -0.239185 0.100000 -0.236815
v -0.255875 0.100000 -0.234828
v -0.271731 0.100000 -0.232394
v -0.286519 0.100000 -0.229466
v -0.300000 0.100000 -0.226000
v -0.334335 0.100000 -0.212372
v -0.366268 0.100000 -0.194810
v -0.395687 0.100000 -0.173797
v -0.422481 0.100000 -0.149815
v -0.446539 0.100000 -0.123347
v -0.467750 0.100000 -0.094875
v -0.486002 0.100000 -0.064883
v -0.501185 0.100000 -0.033852
v -0.513187 0.100000 -0.002266
v -0.521898 0.100000 0.029393
v -0.527206 0.100000 0.060643
v -0.529000 0.100000 0.091000
v -0.525325 0.100000 0.137024
v -0.514764 0.100000 0.177773
v -0.498016 0.100000 0.213516
v -0.475778 0.100000 0.244518
v -0.448749 0.100000 0.271049
v -0.417625 0.100000 0.293375
v -0.383106 0.100000 0.311763
v -0.345889 0.100000 0.326481
v -0.306672 0.100000 0.337797
v -0.266153 0.100000 0.345977
v -0.225029 0.100000 0.351289
v -0.184000 0.100000 0.354000
v -0.213000 0.100000 0.437000
v -0.259654 0.100000 0.433315
v -0.306569 0.100000 0.425685
v -0.352921 0.100000 0.414000
v -0.397888 0.100000 0.398148
v -0.440647 0.100000 0.378018
v -0.480375 0.100000 0.353500
v -0.516248 0.100000 0.324481
v -0.547444 0.100000 0.290852
v -0.573141 0.100000 0.252500
v -0.592514 0.100000 0.209315
v -0.604742 0.100000 0.161185
v -0.609000 0.100000 0.108000
v -0.607077 0.100000 0.069629
v -0.601537 0.100000 0.032616
v -0.592719 0.100000 -0.002891
v -0.580963 0.100000 -0.036741
v -0.566610 0.100000 -0.068785
v -0.550000 0.100000 -0.098875
v -0.531473 0.100000 -0.126861
v -0.511370 0.100000 -0.152593
v -0.490031 0.100000 -0.175922
v -0.467796 0.100000 -0.196699
v -0.445006 0.100000 -0.214775
v -0.422000 0.100000 -0.230000
v -0.451663 0.100000 -0.226758
v -0.486467 0.100000 -0.223060
v -0.525390 0.100000 -0.218953
v -0.567407 0.100000 -0.214481
v -0.611494 0.100000 -0.209690
v -0.656625 0.100000 -0.204625
v -0.701777 0.100000 -0.199330
v -0.745926 0.100000 -0.193852
v -0.788047 0.100000 -0.188234
v -0.827116 0.100000 -0.182523
v -0.862108 0.100000 -0.176763
v -0.892000 0.100000 -0.171000
v -0.901000 0.100000 -0.258000
v -0.891629 0.100000 -0.258270
v -0.882532 0.100000 -0.258579
v -0.873734 0.100000 -0.258922
v -0.865259 0.100000 -0.259296
v -0.857131 0.100000 -0.259699
v -0.849375 0.100000 -0.260125
v -0.842014 0.100000 -0.260572
v -0.835074 0.100000 -0.261037
v -0.828578 0.100000 -0.261516
v -0.822551 0.100000 -0.262005
v -0.817017 0.100000 -0.262501
v -0.812000 0.100000 -0.263000
v -0.217000 0.100000 0.044000
v -0.222872 0.100000 0.031925
v -0.228977 0.100000 0.019736
v -0.235297 0.100000 0.007484
v -0.241815 0.100000 -0.004778
v -0.248513 0.100000 -0.016998
v -0.255375 0.100000 -0.029125
v -0.262383 0.100000 -0.041106
v -0.269518 0.100000 -0.052889
v -0.276765 0.100000 -0.064422
v -0.284106 0.100000 -0.075653
v -0.291523 0.100000 -0.086530
v -0.299000 0.100000 -0.097000
v -0.248000 0.100000 -0.119000
v -0.241956 0.100000 -0.110173
v -0.235398 0.100000 -0.100301
v -0.228437 0.100000 -0.089547
v -0.221185 0.100000 -0.078074
v -0.213752 0.100000 -0.066046
v -0.206250 0.100000 -0.053625
v -0.198789 0.100000 -0.040975
v -0.191481 0.100000 -0.028259
v -0.184437 0.100000 -0.015641
v -0.177768 0.100000 -0.003282
v -0.171586 0.100000 0.008652
v -0.166000 0.100000 0.020000
v -0.104000 0.100000 0.002000
v -0.110103 0.100000 -0.010246
v -0.116403 0.100000 -0.022468
v -0.122891 0.100000 -0.034641
v -0.129556 0.100000 -0.046741
v -0.136387 0.100000 -0.058744
v -0.143375 0.100000 -0.070625
v -0.150509 0.100000 -0.082361
v -0.157778 0.100000 -0.093926
v -0.165172 0.100000 -0.105297
v -0.172681 0.100000 -0.116449
v -0.180294 0.100000 -0.127358
v -0.188000 0.100000 -0.138000
v -0.139000 0.100000 -0.161000
v -0.132685 0.100000 -0.152193
v -0.125818 0.100000 -0.142375
v -0.118515 0.100000 -0.131703
v -0.110888 0.100000 -0.120333
v -0.103053 0.100000 -0.108422
v -0.095124 0.100000 -0.096125
v -0.087216 0.100000 -0.083599
v -0.079444 0.100000 -0.071000
v -0.071921 0.100000 -0.058484
v -0.064764 0.100000 -0.046208
v -0.058085 0.100000 -0.034328
v -0.052000 0.100000 -0.023000
v -1.512000 0.100000 -0.256000
v -1.240000 0.100000 -0.256000
v -1.233355 0.100000 -0.256063
v -1.226921 0.100000 -0.256255
v -1.220703 0.100000 -0.256578
v -1.214704 0.100000 -0.257037
v -1.208927 0.100000 -0.257635
v -1.203375 0.100000 -0.258375
v -1.198053 0.100000 -0.259261
v -1.192963 0.100000 -0.260296
v -1.188109 0.100000 -0.261484
v -1.183495 0.100000 -0.262829
v -1.179124 0.100000 -0.264333
v -1.175000 0.100000 -0.266000
v -1.108000 0.100000 -0.225000
v -1.110037 0.100000 -0.221322
v -1.112134 0.100000 -0.217324
v -1.114265 0.100000 -0.213063
v -1.116407 0.100000 -0.208593
v -1.118535 0.100000 -0.203970
v -1.120625 0.100000 -0.199250
v -1.122652 0.100000 -0.194488
v -1.124592 0.100000 -0.189741
v -1.126422 0.100000 -0.185063
v -1.128116 0.100000 -0.180509
v -1.129650 0.100000 -0.176137
v -1.131000 0.100000 -0.172000
v -1.138474 0.100000 -0.146077
v -1.147380 0.100000 -0.118949
v -1.157687 0.100000 -0.090828
v -1.169370 0.100000 -0.061926
v -1.182400 0.100000 -0.032454
v -1.196750 0.100000 -0.002625
v -1.212391 0.100000 0.027350
v -1.229296 0.100000 0.057259
v -1.247437 0.100000 0.086891
v -1.266787 0.100000 0.116032
v -1.287317 0.100000 0.144473
v -1.309000 0.100000 0.172000
v -1.332357 0.100000 0.199352
v -1.357023 0.100000 0.225898
v -1.383141 0.100000 0.251625
v -1.410852 0.100000 0.276518
v -1.440299 0.100000 0.300565
v -1.471625 0.100000 0.323750
v -1.504972 0.100000 0.346060
v -1.540482 0.100000 0.367481
v -1.578297 0.100000 0.388000
v -1.618560 0.100000 0.407602
v -1.661414 0.100000 0.426273
v -1.707000 0.100000 0.444000
v -1.779000 0.100000 0.379000
v -1.734445 0.100000 0.364742
v -1.692222 0.100000 0.349019
v -1.652250 0.100000 0.331906
v -1.614444 0.100000 0.313481
v -1.578722 0.100000 0.293821
v -1.545000 0.100000 0.273000
v -1.513195 0.100000 0.251096
v -1.483222 0.100000 0.228185
v -1.455000 0.100000 0.204344
v -1.428444 0.100000 0.179648
v -1.403472 0.100000 0.154175
v -1.380000 0.100000 0.128000
v -1.360868 0.100000 0.104273
v -1.342523 0.100000 0.079264
v -1.325047 0.100000 0.053234
v -1.308518 0.100000 0.026444
v -1.293018 0.100000 -0.000846
v -1.278625 0.100000 -0.028375
v -1.265419 0.100000 -0.055884
v -1.253481 0.100000 -0.083111
v -1.242891 0.100000 -0.109797
v -1.233727 0.100000 -0.135681
v -1.226070 0.100000 -0.160502
v -1.220000 0.100000 -0.184000
v -1.559000 0.100000 -0.184000
v -1.574501 0.100000 -0.162908
v -1.591005 0.100000 -0.141681
v -1.608516 0.100000 -0.120391
v -1.627037 0.100000 -0.099111
v -1.646572 0.100000 -0.077915
v -1.667125 0.100000 -0.056875
v -1.688699 0.100000 -0.036064
v -1.711296 0.100000 -0.015556
v -1.734922 0.100000 0.004578
v -1.759579 0.100000 0.024264
v -1.785270 0.100000 0.043429
v -1.812000 0.100000 0.062000
v -1.881000 0.100000 0.010000
v -1.839511 0.100000 -0.016569
v -1.801005 0.100000 -0.044551
v -1.765422 0.100000 -0.073609
v -1.732704 0.100000 -0.103407
v -1.702791 0.100000 -0.133608
v -1.675625 0.100000 -0.163875
v -1.651147 0.100000 -0.193871
v -1.629297 0.100000 -0.223259
v -1.610016 0.100000 -0.251703
v -1.593246 0.100000 -0.278866
v -1.578927 0.100000 -0.304410
v -1.567000 0.100000 -0.328000
v -1.564404 0.100000 -0.332629
v -1.561648 0.100000 -0.337949
v -1.558781 0.100000 -0.343859
v -1.555852 0.100000 -0.350259
v -1.552908 0.100000 -0.357048
v -1.550000 0.100000 -0.364125
v -1.547175 0.100000 -0.371390
v -1.544482 0.100000 -0.378741
v -1.541969 0.100000 -0.386078
v -1.539685 0.100000 -0.393301
v -1.537679 0.100000 -0.400308
v -1.536000 0.100000 -0.407000
v -1.443000 0.100000 -0.377000
v -1.447265 0.100000 -0.370347
v -1.451541 0.100000 -0.363440
v -1.455797 0.100000 -0.356359
v -1.460000 0.100000 -0.349185
v -1.464120 0.100000 -0.341997
v -1.468125 0.100000 -0.334875
v -1.471984 0.100000 -0.327899
v -1.475667 0.100000 -0.321148
v -1.479141 0.100000 -0.314703
v -1.482375 0.100000 -0.308644
v -1.485338 0.100000 -0.303049
v -1.488000 0.100000 -0.298000
v -2.492000 0.100000 0.066000
v -2.495464 0.100000 0.053137
v -2.500208 0.100000 0.037426
v -2.506016 0.100000 0.019437
v -2.512666 0.100000 -0.000259
v -2.519943 0.100000 -0.021095
v -2.527625 0.100000 -0.042500
v -2.535495 0.100000 -0.063905
v -2.543333 0.100000 -0.084741
v -2.550922 0.100000 -0.104438
v -2.558042 0.100000 -0.122426
v -2.564474 0.100000 -0.138137
v -2.570000 0.100000 -0.151000
v -2.497000 0.100000 -0.176000
v -2.492123 0.100000 -0.164188
v -2.486148 0.100000 -0.149167
v -2.479312 0.100000 -0.131563
v -2.471852 0.100000 -0.112000
v -2.464002 0.100000 -0.091104
v -2.456000 0.100000 -0.069500
v -2.448081 0.100000 -0.047813
v -2.440481 0.100000 -0.026667
v -2.433437 0.100000 -0.006688
v -2.427185 0.100000 0.011500
v -2.421961 0.100000 0.027271
v -2.418000 0.100000 0.040000
v -2.157091 0.100000 -0.042571
v -2.164893 0.100000 -0.015315
v -2.173453 0.100000 0.011719
v -2.182815 0.100000 0.038482
v -2.193024 0.100000 0.064925
v -2.204125 0.100000 0.091000
v -2.216164 0.100000 0.116659
v -2.229185 0.100000 0.141852
v -2.243234 0.100000 0.166531
v -2.258357 0.100000 0.190648
v -2.274597 0.100000 0.214154
v -2.292000 0.100000 0.237000
v -2.315602 0.100000 0.265650
v -2.340315 0.100000 0.292616
v -2.366000 0.100000 0.317922
v -2.392519 0.100000 0.341593
v -2.419732 0.100000 0.363652
v -2.447500 0.100000 0.384125
v -2.475685 0.100000 0.403035
v -2.504148 0.100000 0.420407
v -2.532750 0.100000 0.436266
v -2.561352 0.100000 0.450634
v -2.589815 0.100000 0.463538
v -2.618000 0.100000 0.475000
v -2.684000 0.100000 0.408000
v -2.654803 0.100000 0.398634
v -2.625342 0.100000 0.387569
v -2.595812 0.100000 0.374859
v -2.566407 0.100000 0.360556
v -2.537322 0.100000 0.344710
v -2.508750 0.100000 0.327375
v -2.480886 0.100000 0.308602
v -2.453926 0.100000 0.288444
v -2.428062 0.100000 0.266953
v -2.403491 0.100000 0.244181
v -2.380405 0.100000 0.220179
v -2.359000 0.100000 0.195000
v -2.341656 0.100000 0.172439
v -2.325167 0.100000 0.148347
v -2.309594 0.100000 0.122859
v -2.295000 0.100000 0.096111
v -2.281448 0.100000 0.068238
v -2.269000 0.100000 0.039375
v -2.257719 0.100000 0.009658
v -2.247667 0.100000 -0.020778
v -2.238906 0.100000 -0.051797
v -2.231500 0.100000 -0.083264
v -2.225510 0.100000 -0.115043
v -2.221000 0.100000 -0.147000
v -2.135000 0.100000 -0.120000
v -2.136689 0.100000 -0.114853
v -2.138264 0.100000 -0.109907
v -2.139734 0.100000 -0.105156
v -2.141111 0.100000 -0.100593
v -2.142404 0.100000 -0.096210
v -2.143625 0.100000 -0.092000
v -2.144783 0.100000 -0.087957
v -2.145889 0.100000 -0.084074
v -2.146953 0.100000 -0.080344
v -2.147986 0.100000 -0.076759
v -2.148998 0.100000 -0.073314
v -2.150000 0.100000 -0.070000
v -2.714000 0.100000 0.128000
v -2.718539 0.100000 0.113318
v -2.724481 0.100000 0.095708
v -2.731562 0.100000 0.075828
v -2.739518 0.100000 0.054333
v -2.748085 0.100000 0.031880
v -2.757000 0.100000 0.009125
v -2.765997 0.100000 -0.013276
v -2.774815 0.100000 -0.034667
v -2.783187 0.100000 -0.054391
v -2.790852 0.100000 -0.071792
v -2.797544 0.100000 -0.086214
v -2.803000 0.100000 -0.097000
v -2.729000 0.100000 -0.126000
v -2.723371 0.100000 -0.113513
v -2.716634 0.100000 -0.097940
v -2.709016 0.100000 -0.079859
v -2.700741 0.100000 -0.059852
v -2.692035 0.100000 -0.038497
v -2.683125 0.100000 -0.016375
v -2.674236 0.100000 0.005935
v -2.665593 0.100000 0.027852
v -2.657422 0.100000 0.048797
v -2.649949 0.100000 0.068190
v -2.643400 0.100000 0.085451
v -2.638000 0.100000 0.100000
v -3.207000 0.100000 -0.261135
v -3.207000 0.100000 -0.248750
v -3.207000 0.100000 -0.235156
v -3.207000 0.100000 -0.220667
v -3.207000 0.100000 -0.205594
v -3.207000 0.100000 -0.190250
v -3.207000 0.100000 -0.174948
v -3.207000 0.100000 -0.160000
v -3.207000 0.100000 -0.145719
v -3.207000 0.100000 -0.132417
v -3.207000 0.100000 -0.120406
v -3.207000 0.100000 -0.110000
v -3.207691 0.100000 -0.053257
v -3.209778 0.100000 -0.002639
v -3.213281 0.100000 0.042437
v -3.218222 0.100000 0.082556
v -3.224622 0.100000 0.118299
v -3.232500 0.100000 0.150250
v -3.241879 0.100000 0.178993
v -3.252778 0.100000 0.205111
v -3.265219 0.100000 0.229187
v -3.279222 0.100000 0.251806
v -3.294809 0.100000 0.273549
v -3.312000 0.100000 0.295000
v -3.328943 0.100000 0.313781
v -3.347130 0.100000 0.331162
v -3.366344 0.100000 0.347203
v -3.386370 0.100000 0.361963
v -3.406994 0.100000 0.375501
v -3.428000 0.100000 0.387875
v -3.449172 0.100000 0.399145
v -3.470296 0.100000 0.409370
v -3.491156 0.100000 0.418609
v -3.511537 0.100000 0.426921
v -3.531223 0.100000 0.434365
v -3.550000 0.100000 0.441000
v -3.615000 0.100000 0.372000
v -3.592155 0.100000 0.365888
v -3.569657 0.100000 0.359023
v -3.547562 0.100000 0.351359
v -3.525926 0.100000 0.342852
v -3.504803 0.100000 0.333455
v -3.484250 0.100000 0.323125
v -3.464322 0.100000 0.311815
v -3.445074 0.100000 0.299481
v -3.426562 0.100000 0.286078
v -3.408843 0.100000 0.271560
v -3.391970 0.100000 0.255883
v -3.376000 0.100000 0.239000
v -3.359452 0.100000 0.218228
v -3.345199 0.100000 0.197157
v -3.333078 0.100000 0.175406
v -3.322926 0.100000 0.152592
v -3.314579 0.100000 0.128334
v -3.307875 0.100000 0.102250
v -3.302650 0.100000 0.073957
v -3.298741 0.100000 0.043074
v -3.295984 0.100000 0.009219
v -3.294218 0.100000 -0.027991
v -3.293277 0.100000 -0.068936
v -3.293000 0.100000 -0.114000
v -3.293000 0.100000 -0.124423
v -3.293000 0.100000 -0.136468
v -3.293000 0.100000 -0.149797
v -3.293000 0.100000 -0.164074
v -3.293000 0.100000 -0.178962
v -3.293000 0.100000 -0.194125
v -3.293000 0.100000 -0.209225
v -3.293000 0.100000 -0.223926
v -3.293000 0.100000 -0.237891
v -3.293000 0.100000 -0.250782
v -3.293000 0.100000 -0.262265
v -3.293000 0.100000 -0.272000
v -3.293041 0.100000 -0.280377
v -3.293162 0.100000 -0.288514
v -3.293359 0.100000 -0.296422
v -3.293630 0.100000 -0.304111
v -3.293969 0.100000 -0.311592
v -3.294375 0.100000 -0.318875
v -3.294843 0.100000 -0.325971
v -3.295370 0.100000 -0.332889
v -3.295953 0.100000 -0.339641
v -3.296588 0.100000 -0.346236
v -3.297271 0.100000 -0.352686
v -3.298000 0.100000 -0.359000
v -3.204000 0.100000 -0.359000
v -3.204479 0.100000 -0.352686
v -3.204917 0.100000 -0.346236
v -3.205313 0.100000 -0.339641
v -3.205667 0.100000 -0.332889
v -3.205979 0.100000 -0.325971
v -3.206250 0.100000 -0.318875
v -3.206479 0.100000 -0.311592
v -3.206667 0.100000 -0.304111
v -3.206812 0.100000 -0.296422
v -3.206917 0.100000 -0.288514
v -3.206979 0.100000 -0.280377
v -3.207000 0.100000 -0.272000
v -3.672000 0.100000 -0.266928
v -3.672000 0.100000 -0.246759
v -3.672000 0.100000 -0.220063
v -3.672000 0.100000 -0.188407
v -3.672000 0.100000 -0.153364
v -3.672000 0.100000 -0.116500
v -3.672000 0.100000 -0.079387
v -3.672000 0.100000 -0.043593
v -3.672000 0.100000 -0.010688
v -3.672000 0.100000 0.017759
v -3.672000 0.100000 0.040178
v -3.672000 0.100000 0.055000
v -3.671959 0.100000 0.061403
v -3.671843 0.100000 0.068060
v -3.671656 0.100000 0.074891
v -3.671407 0.100000 0.081815
v -3.671103 0.100000 0.088753
v -3.670750 0.100000 0.095625
v -3.670355 0.100000 0.102351
v -3.669926 0.100000 0.108852
v -3.669469 0.100000 0.115047
v -3.668991 0.100000 0.120856
v -3.668499 0.100000 0.126201
v -3.668000 0.100000 0.131000
v -3.760000 0.100000 0.131000
v -3.759482 0.100000 0.126907
v -3.758935 0.100000 0.122171
v -3.758375 0.100000 0.116859
v -3.757815 0.100000 0.111037
v -3.757269 0.100000 0.104770
v -3.756750 0.100000 0.098125
v -3.756273 0.100000 0.091167
v -3.755852 0.100000 0.083963
v -3.755500 0.100000 0.076578
v -3.755231 0.100000 0.069079
v -3.755060 0.100000 0.061531
v -3.755000 0.100000 0.054000
v -3.755000 0.100000 0.039198
v -3.755000 0.100000 0.016833
v -3.755000 0.100000 -0.011531
v -3.755000 0.100000 -0.044333
v -3.755000 0.100000 -0.080010
v -3.755000 0.100000 -0.117000
v -3.755000 0.100000 -0.153740
v -3.755000 0.100000 -0.188667
v -3.755000 0.100000 -0.220219
v -3.755000 0.100000 -0.246833
v -3.755000 0.100000 -0.266948
v -3.755000 0.100000 -0.279000
v -3.755041 0.100000 -0.283835
v -3.755157 0.100000 -0.289264
v -3.755344 0.100000 -0.295172
v -3.755593 0.100000 -0.301444
v -3.755897 0.100000 -0.307967
v -3.756250 0.100000 -0.314625
v -3.756645 0.100000 -0.321304
v -3.757074 0.100000 -0.327889
v -3.757531 0.100000 -0.334266
v -3.758009 0.100000 -0.340320
v -3.758501 0.100000 -0.345936
v -3.759000 0.100000 -0.351000
v -3.668000 0.100000 -0.351000
v -3.668499 0.100000 -0.346050
v -3.668991 0.100000 -0.340736
v -3.669469 0.100000 -0.335109
v -3.669926 0.100000 -0.329222
v -3.670355 0.100000 -0.323127
v -3.670750 0.100000 -0.316875
v -3.671103 0.100000 -0.310519
v -3.671407 0.100000 -0.304111
v -3.671656 0.100000 -0.297703
v -3.671843 0.100000 -0.291347
v -3.671959 0.100000 -0.285096
v -3.672000 0.100000 -0.279000
v -4.512000 0.100000 -0.256000
v -4.240000 0.100000 -0.256000
v -4.233355 0.100000 -0.256063
v -4.226921 0.100000 -0.256255
v -4.220703 0.100000 -0.256578
v -4.214704 0.100000 -0.257037
v -4.208926 0.100000 -0.257635
v -4.203375 0.100000 -0.258375
v -4.198052 0.100000 -0.259261
v -4.192963 0.100000 -0.260296
v -4.188109 0.100000 -0.261484
v -4.183496 0.100000 -0.262829
v -4.179124 0.100000 -0.264333
v -4.175000 0.100000 -0.266000
v -4.108000 0.100000 -0.225000
v -4.110038 0.100000 -0.221322
v -4.112134 0.100000 -0.217324
v -4.114265 0.100000 -0.213063
v -4.116407 0.100000 -0.208593
v -4.118536 0.100000 -0.203970
v -4.120625 0.100000 -0.199250
v -4.122652 0.100000 -0.194488
v -4.124593 0.100000 -0.189741
v -4.126422 0.100000 -0.185063
v -4.128116 0.100000 -0.180509
v -4.129650 0.100000 -0.176137
v -4.131000 0.100000 -0.172000
v -4.138474 0.100000 -0.146077
v -4.147380 0.100000 -0.118949
v -4.157688 0.100000 -0.090828
v -4.169371 0.100000 -0.061926
v -4.182401 0.100000 -0.032454
v -4.196750 0.100000 -0.002625
v -4.212391 0.100000 0.027350
v -4.229296 0.100000 0.057259
v -4.247437 0.100000 0.086891
v -4.266787 0.100000 0.116032
v -4.287317 0.100000 0.144473
v -4.309000 0.100000 0.172000
v -4.332357 0.100000 0.199352
v -4.357023 0.100000 0.225898
v -4.383141 0.100000 0.251625
v -4.410852 0.100000 0.276518
v -4.440299 0.100000 0.300565
v -4.471625 0.100000 0.323750
v -4.504972 0.100000 0.346060
v -4.540482 0.100000 0.367481
v -4.578297 0.100000 0.388000
v -4.618560 0.100000 0.407602
v -4.661414 0.100000 0.426273
v -4.707000 0.100000 0.444000
v -4.779000 0.100000 0.379000
v -4.734445 0.100000 0.364742
v -4.692222 0.100000 0.349019
v -4.652250 0.100000 0.331906
v -4.614444 0.100000 0.313481
v -4.578722 0.100000 0.293821
v -4.545000 0.100000 0.273000
v -4.513195 0.100000 0.251096
v -4.483222 0.100000 0.228185
v -4.455000 0.100000 0.204344
v -4.428444 0.100000 0.179648
v -4.403472 0.100000 0.154175
v -4.380000 0.100000 0.128000
v -4.360868 0.100000 0.104273
v -4.342523 0.100000 0.079264
v -4.325047 0.100000 0.053234
v -4.308518 0.100000 0.026444
v -4.293018 0.100000 -0.000846
v -4.278625 0.100000 -0.028375
v -4.265419 0.100000 -0.055884
v -4.253481 0.100000 -0.083111
v -4.242890 0.100000 -0.109797
v -4.233727 0.100000 -0.135681
v -4.226070 0.100000 -0.160502
v -4.220000 0.100000 -0.184000
v -4.559000 0.100000 -0.184000
v -4.574501 0.100000 -0.162908
v -4.591004 0.100000 -0.141681
v -4.608516 0.100000 -0.120391
v -4.627037 0.100000 -0.099111
v -4.646572 0.100000 -0.077915
v -4.667125 0.100000 -0.056875
v -4.688698 0.100000 -0.036064
v -4.711296 0.100000 -0.015556
v -4.734922 0.100000 0.004578
v -4.759579 0.100000 0.024264
v -4.785270 0.100000 0.043429
v -4.812000 0.100000 0.062000
v -4.881000 0.100000 0.010000
v -4.839511 0.100000 -0.016569
v -4.801004 0.100000 -0.044551
v -4.765422 0.100000 -0.073609
v -4.732704 0.100000 -0.103407
v -4.702791 0.100000 -0.133608
v -4.675625 0.100000 -0.163875
v -4.651146 0.100000 -0.193871
v -4.629296 0.100000 -0.223259
v -4.610015 0.100000 -0.251703
v -4.593246 0.100000 -0.278866
v -4.578927 0.100000 -0.304410
v -4.567000 0.100000 -0.328000
v -4.564404 0.100000 -0.332629
v -4.561648 0.100000 -0.337949
v -4.558781 0.100000 -0.343859
v -4.555852 0.100000 -0.350259
v -4.552908 0.100000 -0.357048
v -4.550000 0.100000 -0.364125
v -4.547175 0.100000 -0.371390
v -4.544481 0.100000 -0.378741
v -4.541969 0.100000 -0.386078
v -4.539685 0.100000 -0.393301
v -4.537679 0.100000 -0.400308
v -4.536000 0.100000 -0.407000
v -4.443000 0.100000 -0.377000
v -4.447266 0.100000 -0.370347
v -4.451542 0.100000 -0.363440
v -4.455797 0.100000 -0.356359
v -4.460000 0.100000 -0.349185
v -4.464120 0.100000 -0.341997
v -4.468125 0.100000 -0.334875
v -4.471984 0.100000 -0.327899
v -4.475667 0.100000 -0.321148
v -4.479141 0.100000 -0.314703
v -4.482375 0.100000 -0.308644
v -4.485339 0.100000 -0.303049
v -4.488000 0.100000 -0.298000
v 4.540387 -0.100000 -0.076341
v 4.512597 -0.100000 -0.074477
v 4.485703 -0.100000 -0.071578
v 4.459777 -0.100000 -0.067815
v 4.434894 -0.100000 -0.063357
v 4.411125 -0.100000 -0.058375
v 4.388544 -0.100000 -0.053039
v 4.367222 -0.100000 -0.047519
v 4.347234 -0.100000 -0.041984
v 4.328653 -0.100000 -0.036607
v 4.311551 -0.100000 -0.031555
v 4.296000 -0.100000 -0.027000
v 4.288292 -0.100000 -0.024480
v 4.280679 -0.100000 -0.021926
v 4.273171 -0.100000 -0.019344
v 4.265777 -0.100000 -0.016741
v 4.258508 -0.100000 -0.014124
v 4.251375 -0.100000 -0.011500
v 4.244387 -0.100000 -0.008876
v 4.237556 -0.100000 -0.006259
v 4.230891 -0.100000 -0.003656
v 4.224403 -0.100000 -0.001074
v 4.218103 -0.100000 0.001480
v 4.212000 -0.100000 0.004000
v 4.186000 -0.100000 -0.089000
v 4.193120 -0.100000 -0.089582
v 4.200454 -0.100000 -0.090320
v 4.207969 -0.100000 -0.091203
v 4.215630 -0.100000 -0.092222
v 4.223402 -0.100000 -0.093366
v 4.231250 -0.100000 -0.094625
v 4.239140 -0.100000 -0.095988
v 4.247037 -0.100000 -0.097445
v 4.254906 -0.100000 -0.098984
v 4.262713 -0.100000 -0.100597
v 4.270422 -0.100000 -0.102273
v 4.278000 -0.100000 -0.104000
v 4.296392 -0.100000 -0.108306
v 4.316468 -0.100000 -0.113111
v 4.338078 -0.100000 -0.118250
v 4.361074 -0.100000 -0.123556
v 4.385306 -0.100000 -0.128861
v 4.410625 -0.100000 -0.134000
v 4.436882 -0.100000 -0.138806
v 4.463926 -0.100000 -0.143111
v 4.491609 -0.100000 -0.146750
v 4.519783 -0.100000 -0.149556
v 4.548295 -0.100000 -0.151361
v 4.577000 -0.100000 -0.152000
v 4.611711 -0.100000 -0.150363
v 4.644678 -0.100000 -0.145486
v 4.675658 -0.100000 -0.137422
v 4.704409 -0.100000 -0.126222
v 4.730688 -0.100000 -0.111939
v 4.754251 -0.100000 -0.094625
v 4.774856 -0.100000 -0.074332
v 4.792260 -0.100000 -0.051111
v 4.806220 -0.100000 -0.025016
v 4.816492 -0.100000 0.003903
v 4.822833 -0.100000 0.035592
v 4.825000 -0.100000 0.070000
v 4.821013 -0.100000 0.122278
v 4.809356 -0.100000 0.170639
v 4.790484 -0.100000 0.215125
v 4.764851 -0.100000 0.255778
v 4.732913 -0.100000 0.292639
v 4.695124 -0.100000 0.325750
v 4.651940 -0.100000 0.355153
v 4.603815 -0.100000 0.380889
v 4.551203 -0.100000 0.403000
v 4.494561 -0.100000 0.421528
v 4.434341 -0.100000 0.436514
v 4.371000 -0.100000 0.448000
v 4.326000 -0.100000 0.372000
v 4.385194 -0.100000 0.363115
v 4.441043 -0.100000 0.351421
v 4.493205 -0.100000 0.336859
v 4.541335 -0.100000 0.319370
v 4.585090 -0.100000 0.298895
v 4.624127 -0.100000 0.275375
v 4.658101 -0.100000 0.248751
v 4.686668 -0.100000 0.218963
v 4.709486 -0.100000 0.185953
v 4.726209 -0.100000 0.149662
v 4.736495 -0.100000 0.110031
v 4.740000 -0.100000 0.067000
v 4.738602 -0.100000 0.046521
v 4.734486 -0.100000 0.027167
v 4.727766 -0.100000 0.009062
v 4.718556 -0.100000 -0.007667
v 4.706971 -0.100000 -0.022896
v 4.693125 -0.100000 -0.036500
v 4.677134 -0.100000 -0.048354
v 4.659111 -0.100000 -0.058333
v 4.639172 -0.100000 -0.066313
v 4.617430 -0.100000 -0.072167
v 4.594001 -0.100000 -0.075771
v 4.569000 -0.100000 -0.077000
v 4.733000 -0.100000 -0.260000
v 4.703458 -0.100000 -0.262013
v 4.670750 -0.100000 -0.264523
v 4.635500 -0.100000 -0.267484
v 4.598334 -0.100000 -0.270852
v 4.559875 -0.100000 -0.274581
v 4.520750 -0.100000 -0.278625
v 4.481583 -0.100000 -0.282940
v 4.442999 -0.100000 -0.287482
v 4.405624 -0.100000 -0.292203
v 4.370082 -0.100000 -0.297060
v 4.336999 -0.100000 -0.302008
v 4.307000 -0.100000 -0.307000
v 4.320000 -0.100000 -0.383000
v 4.349598 -0.100000 -0.376862
v 4.382870 -0.100000 -0.370982
v 4.419031 -0.100000 -0.365406
v 4.457296 -0.100000 -0.360185
v 4.496880 -0.100000 -0.355367
v 4.536999 -0.100000 -0.351000
v 4.576869 -0.100000 -0.347133
v 4.615703 -0.100000 -0.343815
v 4.652718 -0.100000 -0.341094
v 4.687129 -0.100000 -0.339019
v 4.718152 -0.100000 -0.337638
v 4.745000 -0.100000 -0.337000
v 3.363175 -0.100000 0.194740
v 3.340236 -0.100000 0.196921
v 3.319234 -0.100000 0.200484
v 3.300222 -0.100000 0.205370
v 3.283251 -0.100000 0.211520
v 3.268375 -0.100000 0.218875
v 3.255644 -0.100000 0.227376
v 3.245111 -0.100000 0.236963
v 3.236828 -0.100000 0.247578
v 3.230848 -0.100000 0.259162
v 3.227221 -0.100000 0.271656
v 3.226000 -0.100000 0.285000
v 3.227159 -0.100000 0.298246
v 3.230594 -0.100000 0.310468
v 3.236251 -0.100000 0.321641
v 3.244075 -0.100000 0.331741
v 3.254011 -0.100000 0.340744
v 3.266001 -0.100000 0.348625
v 3.279992 -0.100000 0.355361
v 3.295927 -0.100000 0.360926
v 3.313751 -0.100000 0.365297
v 3.333408 -0.100000 0.368449
v 3.354843 -0.100000 0.370358
v 3.378000 -0.100000 0.371000
v 3.395478 -0.100000 0.370291
v 3.411419 -0.100000 0.368162
v 3.425827 -0.100000 0.364609
v 3.438702 -0.100000 0.359630
v 3.450050 -0.100000 0.353219
v 3.459874 -0.100000 0.345375
v 3.468176 -0.100000 0.336093
v 3.474962 -0.100000 0.325370
v 3.480234 -0.100000 0.313203
v 3.483995 -0.100000 0.299588
v 3.486249 -0.100000 0.284521
v 3.487000 -0.100000 0.268000
v 3.486000 -0.100000 0.204000
v 3.477979 -0.100000 0.202333
v 3.469921 -0.100000 0.200829
v 3.461828 -0.100000 0.199484
v 3.453703 -0.100000 0.198296
v 3.445551 -0.100000 0.197261
v 3.437375 -0.100000 0.196375
v 3.429177 -0.100000 0.195635
v 3.420962 -0.100000 0.195037
v 3.412734 -0.100000 0.194578
v 3.404495 -0.100000 0.194255
v 3.396249 -0.100000 0.194063
v 3.388000 -0.100000 0.194000
v 3.554000 -0.100000 -0.184000
v 3.574702 -0.100000 -0.184564
v 3.597107 -0.100000 -0.185264
v 3.620923 -0.100000 -0.186109
v 3.645853 -0.100000 -0.187111
v 3.671602 -0.100000 -0.188280
v 3.697875 -0.100000 -0.189625
v 3.724378 -0.100000 -0.191158
v 3.750815 -0.100000 -0.192889
v 3.776890 -0.100000 -0.194828
v 3.802310 -0.100000 -0.196986
v 3.826778 -0.100000 -0.199373
v 3.850000 -0.100000 -0.202000
v 3.853000 -0.100000 -0.127000
v 3.829987 -0.100000 -0.124814
v 3.805644 -0.100000 -0.122759
v 3.780265 -0.100000 -0.120844
v 3.754148 -0.100000 -0.119074
v 3.727586 -0.100000 -0.117457
v 3.700875 -0.100000 -0.116000
v 3.674309 -0.100000 -0.114709
v 3.648185 -0.100000 -0.113593
v 3.622797 -0.100000 -0.112656
v 3.598440 -0.100000 -0.111907
v 3.575409 -0.100000 -0.111353
v 3.554000 -0.100000 -0.111000
v 3.554000 -0.100000 -0.102000
v 3.554102 -0.100000 -0.085108
v 3.554394 -0.100000 -0.067028
v 3.554860 -0.100000 -0.047906
v 3.555481 -0.100000 -0.027889
v 3.556242 -0.100000 -0.007122
v 3.557125 -0.100000 0.014250
v 3.558112 -0.100000 0.036080
v 3.559186 -0.100000 0.058222
v 3.560328 -0.100000 0.080531
v 3.561523 -0.100000 0.102861
v 3.562752 -0.100000 0.125066
v 3.564000 -0.100000 0.147000
v 3.595632 -0.100000 0.156456
v 3.626481 -0.100000 0.167231
v 3.656468 -0.100000 0.179187
v 3.685518 -0.100000 0.192185
v 3.713554 -0.100000 0.206086
v 3.740500 -0.100000 0.220750
v 3.766279 -0.100000 0.236039
v 3.790815 -0.100000 0.251815
v 3.814031 -0.100000 0.267937
v 3.835851 -0.100000 0.284268
v 3.856200 -0.100000 0.300669
v 3.875000 -0.100000 0.317000
v 3.827000 -0.100000 0.393000
v 3.810426 -0.100000 0.376786
v 3.792741 -0.100000 0.360704
v 3.774001 -0.100000 0.344844
v 3.754260 -0.100000 0.329296
v 3.733574 -0.100000 0.314152
v 3.712000 -0.100000 0.299500
v 3.689593 -0.100000 0.285432
v 3.666408 -0.100000 0.272037
v 3.642500 -0.100000 0.259406
v 3.617926 -0.100000 0.247630
v 3.592741 -0.100000 0.236797
v 3.567000 -0.100000 0.227000
v 3.569000 -0.100000 0.294000
v 3.567940 -0.100000 0.314216
v 3.564682 -0.100000 0.333731
v 3.559110 -0.100000 0.352344
v 3.551112 -0.100000 0.369852
v 3.540572 -0.100000 0.386054
v 3.527376 -0.100000 0.400750
v 3.511408 -0.100000 0.413737
v 3.492556 -0.100000 0.424815
v 3.470704 -0.100000 0.433781
v 3.445736 -0.100000 0.440435
v 3.417540 -0.100000 0.444575
v 3.386000 -0.100000 0.446000
v 3.352289 -0.100000 0.445068
v 3.320306 -0.100000 0.442213
v 3.290282 -0.100000 0.437344
v 3.262445 -0.100000 0.430370
v 3.237025 -0.100000 0.421203
v 3.214250 -0.100000 0.409750
v 3.194351 -0.100000 0.395922
v 3.177556 -0.100000 0.379630
v 3.164093 -0.100000 0.360781
v 3.154194 -0.100000 0.339287
v 3.148087 -0.100000 0.315057
v 3.146000 -0.100000 0.288000
v 3.147655 -0.100000 0.265867
v 3.152653 -0.100000 0.244602
v 3.161047 -0.100000 0.224406
v 3.172889 -0.100000 0.205481
v 3.188231 -0.100000 0.188029
v 3.207125 -0.100000 0.172250
v 3.229623 -0.100000 0.158346
v 3.255778 -0.100000 0.146518
v 3.285640 -0.100000 0.136969
v 3.319264 -0.100000 0.129898
v 3.356699 -0.100000 0.125508
v 3.398000 -0.100000 0.124000
v 3.405229 -0.100000 0.124042
v 3.412421 -0.100000 0.124167
v 3.419577 -0.100000 0.124375
v 3.426703 -0.100000 0.124667
v 3.433801 -0.100000 0.125042
v 3.440875 -0.100000 0.125500
v 3.447927 -0.100000 0.126042
v 3.454962 -0.100000 0.126667
v 3.461984 -0.100000 0.127375
v 3.468996 -0.100000 0.128167
v 3.475999 -0.100000 0.129042
v 3.483000 -0.100000 0.130000
v 3.482004 -0.100000 0.109546
v 3.481019 -0.100000 0.088787
v 3.480063 -0.100000 0.067875
v 3.479148 -0.100000 0.046963
v 3.478289 -0.100000 0.026204
v 3.477499 -0.100000 0.005750
v 3.476794 -0.100000 -0.014245
v 3.476185 -0.100000 -0.033630
v 3.475688 -0.100000 -0.052250
v 3.475315 -0.100000 -0.069954
v 3.475081 -0.100000 -0.086588
v 3.475000 -0.100000 -0.102000
v 3.474999 -0.100000 -0.117193
v 3.474995 -0.100000 -0.133130
v 3.474984 -0.100000 -0.149594
v 3.474963 -0.100000 -0.166370
v 3.474927 -0.100000 -0.183244
v 3.474875 -0.100000 -0.200000
v 3.474802 -0.100000 -0.216422
v 3.474704 -0.100000 -0.232296
v 3.474578 -0.100000 -0.247406
v 3.474422 -0.100000 -0.261537
v 3.474230 -0.100000 -0.274473
v 3.474000 -0.100000 -0.286000
v 3.473938 -0.100000 -0.295167
v 3.473754 -0.100000 -0.304583
v 3.473453 -0.100000 -0.314125
v 3.473037 -0.100000 -0.323667
v 3.472510 -0.100000 -0.333083
v 3.471875 -0.100000 -0.342250
v 3.471136 -0.100000 -0.351042
v 3.470295 -0.100000 -0.359333
v 3.469359 -0.100000 -0.367000
v 3.468328 -0.100000 -0.373917
v 3.467207 -0.100000 -0.379958
v 3.466000 -0.100000 -0.385000
v 3.561000 -0.100000 -0.385000
v 3.560250 -0.100000 -0.379214
v 3.559508 -0.100000 -0.372458
v 3.558780 -0.100000 -0.364891
v 3.558073 -0.100000 -0.356667
v 3.557394 -0.100000 -0.347943
v 3.556749 -0.100000 -0.338875
v 3.556146 -0.100000 -0.329620
v 3.555592 -0.100000 -0.320333
v 3.555093 -0.100000 -0.311172
v 3.554657 -0.100000 -0.302292
v 3.554290 -0.100000 -0.293849
v 3.554000 -0.100000 -0.286000
v 2.349714 -0.100000 -0.247309
v 2.348376 -0.100000 -0.212222
v 2.347016 -0.100000 -0.173469
v 2.345667 -0.100000 -0.131778
v 2.344360 -0.100000 -0.087879
v 2.343125 -0.100000 -0.042500
v 2.341995 -0.100000 0.003628
v 2.341001 -0.100000 0.049778
v 2.340172 -0.100000 0.095219
v 2.339542 -0.100000 0.139222
v 2.339141 -0.100000 0.181059
v 2.339000 -0.100000 0.220000
v 2.340413 -0.100000 0.246039
v 2.344551 -0.100000 0.269231
v 2.351266 -0.100000 0.289687
v 2.360408 -0.100000 0.307518
v 2.371827 -0.100000 0.322836
v 2.385375 -0.100000 0.335750
v 2.400902 -0.100000 0.346373
v 2.418259 -0.100000 0.354815
v 2.437297 -0.100000 0.361187
v 2.457866 -0.100000 0.365602
v 2.479816 -0.100000 0.368169
v 2.503000 -0.100000 0.369000
v 2.547112 -0.100000 0.366913
v 2.588060 -0.100000 0.360889
v 2.626015 -0.100000 0.351281
v 2.661148 -0.100000 0.338444
v 2.693627 -0.100000 0.322733
v 2.723625 -0.100000 0.304500
v 2.751309 -0.100000 0.284101
v 2.776852 -0.100000 0.261889
v 2.800422 -0.100000 0.238219
v 2.822190 -0.100000 0.213444
v 2.842326 -0.100000 0.187920
v 2.861000 -0.100000 0.162000
v 2.918000 -0.100000 0.230000
v 2.899482 -0.100000 0.254305
v 2.878356 -0.100000 0.279356
v 2.854516 -0.100000 0.304609
v 2.827852 -0.100000 0.329518
v 2.798257 -0.100000 0.353539
v 2.765625 -0.100000 0.376125
v 2.729846 -0.100000 0.396732
v 2.690814 -0.100000 0.414815
v 2.648422 -0.100000 0.429828
v 2.602560 -0.100000 0.441227
v 2.553122 -0.100000 0.448466
v 2.500000 -0.100000 0.451000
v 2.464969 -0.100000 0.449725
v 2.432000 -0.100000 0.445801
v 2.401281 -0.100000 0.439078
v 2.373000 -0.100000 0.429407
v 2.347344 -0.100000 0.416639
v 2.324500 -0.100000 0.400625
v 2.304657 -0.100000 0.381215
v 2.288000 -0.100000 0.358259
v 2.274719 -0.100000 0.331609
v 2.265000 -0.100000 0.301116
v 2.259031 -0.100000 0.266629
v 2.257000 -0.100000 0.228000
v 2.257197 -0.100000 0.188959
v 2.257741 -0.100000 0.146421
v 2.258563 -0.100000 0.101266
v 2.259593 -0.100000 0.054370
v 2.260762 -0.100000 0.006614
v 2.262000 -0.100000 -0.041125
v 2.263238 -0.100000 -0.087968
v 2.264408 -0.100000 -0.133037
v 2.265438 -0.100000 -0.175453
v 2.266259 -0.100000 -0.214338
v 2.266803 -0.100000 -0.248813
v 2.267000 -0.100000 -0.278000
v 2.266957 -0.100000 -0.287226
v 2.266824 -0.100000 -0.296389
v 2.266593 -0.100000 -0.305469
v 2.266259 -0.100000 -0.314445
v 2.265813 -0.100000 -0.323295
v 2.265249 -0.100000 -0.332000
v 2.264561 -0.100000 -0.340538
v 2.263740 -0.100000 -0.348889
v 2.262781 -0.100000 -0.357031
v 2.261675 -0.100000 -0.364945
v 2.260417 -0.100000 -0.372608
v 2.259000 -0.100000 -0.380000
v 2.360000 -0.100000 -0.379000
v 2.358792 -0.100000 -0.370711
v 2.357667 -0.100000 -0.362352
v 2.356625 -0.100000 -0.353938
v 2.355667 -0.100000 -0.345482
v 2.354792 -0.100000 -0.336998
v 2.354000 -0.100000 -0.328500
v 2.353292 -0.100000 -0.320002
v 2.352666 -0.100000 -0.311518
v 2.352125 -0.100000 -0.303062
v 2.351666 -0.100000 -0.294648
v 2.351292 -0.100000 -0.286289
v 2.351000 -0.100000 -0.278000
v 1.747979 -0.100000 -0.408042
v 1.747917 -0.100000 -0.389171
v 1.747813 -0.100000 -0.370391
v 1.747667 -0.100000 -0.351704
v 1.747479 -0.100000 -0.333114
v 1.747250 -0.100000 -0.314625
v 1.746979 -0.100000 -0.296240
v 1.746667 -0.100000 -0.277963
v 1.746313 -0.100000 -0.259797
v 1.745917 -0.100000 -0.241745
v 1.745479 -0.100000 -0.223812
v 1.745000 -0.100000 -0.206000
v 1.958000 -0.100000 -0.206000
v 1.958000 -0.100000 -0.205444
v 1.958000 -0.100000 -0.203884
v 1.958000 -0.100000 -0.201484
v 1.958000 -0.100000 -0.198407
v 1.958000 -0.100000 -0.194817
v 1.958000 -0.100000 -0.190875
v 1.958000 -0.100000 -0.186746
v 1.958000 -0.100000 -0.182593
v 1.958000 -0.100000 -0.178578
v 1.958000 -0.100000 -0.174866
v 1.958000 -0.100000 -0.171619
v 1.958000 -0.100000 -0.169000
v 1.955256 -0.100000 -0.069039
v 1.952467 -0.100000 0.019773
v 1.949547 -0.100000 0.098078
v 1.946407 -0.100000 0.166518
v 1.942962 -0.100000 0.225737
v 1.939125 -0.100000 0.276375
v 1.934808 -0.100000 0.319076
v 1.929925 -0.100000 0.354481
v 1.924390 -0.100000 0.383234
v 1.918116 -0.100000 0.405977
v 1.911015 -0.100000 0.423351
v 1.903000 -0.100000 0.436000
v 1.898684 -0.100000 0.442362
v 1.894218 -0.100000 0.447981
v 1.889579 -0.100000 0.452906
v 1.884741 -0.100000 0.457185
v 1.879682 -0.100000 0.460867
v 1.874375 -0.100000 0.464000
v 1.868798 -0.100000 0.466633
v 1.862926 -0.100000 0.468815
v 1.856734 -0.100000 0.470594
v 1.850199 -0.100000 0.472018
v 1.843296 -0.100000 0.473138
v 1.836000 -0.100000 0.474000
v 1.828386 -0.100000 0.474898
v 1.820084 -0.100000 0.475602
v 1.811157 -0.100000 0.476125
v 1.801667 -0.100000 0.476481
v 1.791677 -0.100000 0.476685
v 1.781250 -0.100000 0.476750
v 1.770448 -0.100000 0.476690
v 1.759334 -0.100000 0.476519
v 1.747969 -0.100000 0.476250
v 1.736417 -0.100000 0.475898
v 1.724740 -0.100000 0.475477
v 1.713000 -0.100000 0.475000
v 1.712376 -0.100000 0.469554
v 1.711509 -0.100000 0.463764
v 1.710406 -0.100000 0.457703
v 1.709074 -0.100000 0.451444
v 1.707520 -0.100000 0.445061
v 1.705750 -0.100000 0.438625
v 1.703772 -0.100000 0.432210
v 1.701592 -0.100000 0.425889
v 1.699219 -0.100000 0.419734
v 1.696657 -0.100000 0.413819
v 1.693915 -0.100000 0.408217
v 1.691000 -0.100000 0.403000
v 1.703154 -0.100000 0.403919
v 1.715065 -0.100000 0.404685
v 1.726656 -0.100000 0.405312
v 1.737852 -0.100000 0.405815
v 1.748576 -0.100000 0.406206
v 1.758750 -0.100000 0.406500
v 1.768300 -0.100000 0.406711
v 1.777148 -0.100000 0.406852
v 1.785219 -0.100000 0.406937
v 1.792435 -0.100000 0.406981
v 1.798721 -0.100000 0.406998
v 1.804000 -0.100000 0.407000
v 1.807879 -0.100000 0.406953
v 1.811524 -0.100000 0.406792
v 1.814954 -0.100000 0.406484
v 1.818186 -0.100000 0.406000
v 1.821238 -0.100000 0.405307
v 1.824126 -0.100000 0.404375
v 1.826868 -0.100000 0.403172
v 1.829482 -0.100000 0.401667
v 1.831985 -0.100000 0.399828
v 1.834394 -0.100000 0.397625
v 1.836727 -0.100000 0.395026
v 1.839000 -0.100000 0.392000
v 1.844755 -0.100000 0.382279
v 1.850046 -0.100000 0.367815
v 1.854906 -0.100000 0.348156
v 1.859370 -0.100000 0.322852
v 1.863473 -0.100000 0.291450
v 1.867249 -0.100000 0.253500
v 1.870735 -0.100000 0.208550
v 1.873963 -0.100000 0.156148
v 1.876969 -0.100000 0.095844
v 1.879787 -0.100000 0.027185
v 1.882452 -0.100000 -0.050279
v 1.885000 -0.100000 -0.137000
v 1.743000 -0.100000 -0.137000
v 1.739025 -0.100000 -0.071003
v 1.733361 -0.100000 -0.007107
v 1.725657 -0.100000 0.054547
v 1.715556 -0.100000 0.113815
v 1.702705 -0.100000 0.170555
v 1.686750 -0.100000 0.224625
v 1.667337 -0.100000 0.275882
v 1.644111 -0.100000 0.324185
v 1.616719 -0.100000 0.369391
v 1.584805 -0.100000 0.411356
v 1.548018 -0.100000 0.449940
v 1.506000 -0.100000 0.485000
v 1.502951 -0.100000 0.480595
v 1.499357 -0.100000 0.475931
v 1.495297 -0.100000 0.471078
v 1.490852 -0.100000 0.466111
v 1.486101 -0.100000 0.461102
v 1.481125 -0.100000 0.456125
v 1.476003 -0.100000 0.451252
v 1.470815 -0.100000 0.446556
v 1.465641 -0.100000 0.442109
v 1.460560 -0.100000 0.437986
v 1.455654 -0.100000 0.434259
v 1.451000 -0.100000 0.431000
v 1.454749 -0.100000 0.428230
v 1.458491 -0.100000 0.425421
v 1.462219 -0.100000 0.422578
v 1.465926 -0.100000 0.419704
v 1.469605 -0.100000 0.416801
v 1.473249 -0.100000 0.413875
v 1.476852 -0.100000 0.410928
v 1.480407 -0.100000 0.407963
v 1.483906 -0.100000 0.404984
v 1.487342 -0.100000 0.401995
v 1.490709 -0.100000 0.398999
v 1.494000 -0.100000 0.396000
v 1.455714 -0.100000 0.400497
v 1.417463 -0.100000 0.404972
v 1.379406 -0.100000 0.409406
v 1.341703 -0.100000 0.413778
v 1.304515 -0.100000 0.418066
v 1.268000 -0.100000 0.422250
v 1.232318 -0.100000 0.426309
v 1.197629 -0.100000 0.430222
v 1.164093 -0.100000 0.433969
v 1.131870 -0.100000 0.437528
v 1.101119 -0.100000 0.440878
v 1.072000 -0.100000 0.444000
v 1.062000 -0.100000 0.378000
v 1.279000 -0.100000 0.358000
v 1.279000 -0.100000 0.271000
v 1.089000 -0.100000 0.271000
v 1.089000 -0.100000 0.213000
v 1.279000 -0.100000 0.213000
v 1.279000 -0.100000 0.152000
v 1.092000 -0.100000 0.152000
v 1.092000 -0.100000 -0.147000
v 1.279000 -0.100000 -0.147000
v 1.279000 -0.100000 -0.210000
v 1.062000 -0.100000 -0.210000
v 1.062000 -0.100000 -0.269000
v 1.279000 -0.100000 -0.269000
v 1.279000 -0.100000 -0.336000
v 1.262983 -0.100000 -0.334772
v 1.246949 -0.100000 -0.333588
v 1.230922 -0.100000 -0.332453
v 1.214926 -0.100000 -0.331370
v 1.198986 -0.100000 -0.330343
v 1.183125 -0.100000 -0.329375
v 1.167369 -0.100000 -0.328469
v 1.151741 -0.100000 -0.327630
v 1.136266 -0.100000 -0.326859
v 1.120968 -0.100000 -0.326162
v 1.105871 -0.100000 -0.325541
v 1.091000 -0.100000 -0.325000
v 1.090149 -0.100000 -0.329157
v 1.089111 -0.100000 -0.333593
v 1.087906 -0.100000 -0.338250
v 1.086555 -0.100000 -0.343074
v 1.085079 -0.100000 -0.348009
v 1.083499 -0.100000 -0.353000
v 1.081836 -0.100000 -0.357991
v 1.080111 -0.100000 -0.362926
v 1.078343 -0.100000 -0.367750
v 1.076555 -0.100000 -0.372407
v 1.074767 -0.100000 -0.376843
v 1.073000 -0.100000 -0.381000
v 1.110643 -0.100000 -0.382976
v 1.149315 -0.100000 -0.385394
v 1.188625 -0.100000 -0.388234
v 1.228185 -0.100000 -0.391482
v 1.267606 -0.100000 -0.395118
v 1.306500 -0.100000 -0.399125
v 1.344477 -0.100000 -0.403487
v 1.381148 -0.100000 -0.408185
v 1.416125 -0.100000 -0.413203
v 1.449018 -0.100000 -0.418523
v 1.479440 -0.100000 -0.424128
v 1.507000 -0.100000 -0.430000
v 1.544000 -0.100000 -0.372000
v 1.530194 -0.100000 -0.369061
v 1.515801 -0.100000 -0.366241
v 1.500860 -0.100000 -0.363531
v 1.485408 -0.100000 -0.360926
v 1.469484 -0.100000 -0.358418
v 1.453125 -0.100000 -0.356000
v 1.436371 -0.100000 -0.353666
v 1.419260 -0.100000 -0.351407
v 1.401828 -0.100000 -0.349219
v 1.384116 -0.100000 -0.347093
v 1.366160 -0.100000 -0.345022
v 1.348000 -0.100000 -0.343000
v 1.348000 -0.100000 -0.269000
v 1.562000 -0.100000 -0.269000
v 1.562000 -0.100000 -0.210000
v 1.348000 -0.100000 -0.210000
v 1.348000 -0.100000 -0.147000
v 1.543000 -0.100000 -0.147000
v 1.543000 -0.100000 0.152000
v 1.348000 -0.100000 0.152000
v 1.348000 -0.100000 0.213000
v 1.545000 -0.100000 0.213000
v 1.545000 -0.100000 0.271000
v 1.348000 -0.100000 0.271000
v 1.348000 -0.100000 0.351000
v 1.549000 -0.100000 0.330000
v 1.549000 -0.100000 0.334000
v 1.569504 -0.100000 0.303344
v 1.587620 -0.100000 0.270917
v 1.603499 -0.100000 0.236781
v 1.617296 -0.100000 0.201000
v 1.629161 -0.100000 0.163635
v 1.639249 -0.100000 0.124750
v 1.647712 -0.100000 0.084406
v 1.654703 -0.100000 0.042667
v 1.660375 -0.100000 -0.000406
v 1.664879 -0.100000 -0.044750
v 1.668370 -0.100000 -0.090302
v 1.671000 -0.100000 -0.137000
v 1.554000 -0.100000 -0.137000
v 1.554000 -0.100000 -0.206000
v 1.673000 -0.100000 -0.206000
v 1.673460 -0.100000 -0.223812
v 1.673843 -0.100000 -0.241746
v 1.674157 -0.100000 -0.259797
v 1.674408 -0.100000 -0.277963
v 1.674603 -0.100000 -0.296240
v 1.674750 -0.100000 -0.314625
v 1.674856 -0.100000 -0.333114
v 1.674926 -0.100000 -0.351704
v 1.674969 -0.100000 -0.370391
v 1.674991 -0.100000 -0.389171
v 1.674999 -0.100000 -0.408042
v 1.675000 -0.100000 -0.427000
v 1.748000 -0.100000 -0.427000
v 1.279000 -0.100000 0.100000
v 1.279000 -0.100000 0.027000
v 1.154000 -0.100000 0.027000
v 1.154000 -0.100000 0.100000
v 1.479000 -0.100000 0.100000
v 1.479000 -0.100000 0.027000
v 1.348000 -0.100000 0.027000
v 1.348000 -0.100000 0.100000
v 1.279000 -0.100000 -0.023000
v 1.279000 -0.100000 -0.095000
v 1.154000 -0.100000 -0.095000
v 1.154000 -0.100000 -0.023000
v 1.479000 -0.100000 -0.023000
v 1.479000 -0.100000 -0.095000
v 1.348000 -0.100000 -0.095000
v 1.348000 -0.100000 -0.023000
v 0.398357 -0.100000 -0.367521
v 0.389440 -0.100000 -0.364088
v 0.380266 -0.100000 -0.360703
v 0.370852 -0.100000 -0.357370
v 0.361216 -0.100000 -0.354093
v 0.351375 -0.100000 -0.350875
v 0.341347 -0.100000 -0.347719
v 0.331148 -0.100000 -0.344630
v 0.320797 -0.100000 -0.341609
v 0.310310 -0.100000 -0.338662
v 0.299706 -0.100000 -0.335791
v 0.289000 -0.100000 -0.333000
v 0.289000 -0.100000 -0.153000
v 0.412000 -0.100000 -0.153000
v 0.412000 -0.100000 -0.083000
v 0.289000 -0.100000 -0.083000
v 0.289000 -0.100000 -0.060000
v 0.296309 -0.100000 -0.051585
v 0.305468 -0.100000 -0.040681
v 0.316078 -0.100000 -0.027797
v 0.327741 -0.100000 -0.013445
v 0.340056 -0.100000 0.001866
v 0.352625 -0.100000 0.017625
v 0.365048 -0.100000 0.033321
v 0.376926 -0.100000 0.048444
v 0.387859 -0.100000 0.062484
v 0.397449 -0.100000 0.074931
v 0.405295 -0.100000 0.085273
v 0.411000 -0.100000 0.093000
v 0.367000 -0.100000 0.153000
v 0.363078 -0.100000 0.144940
v 0.358375 -0.100000 0.135856
v 0.352984 -0.100000 0.125891
v 0.347000 -0.100000 0.115185
v 0.340516 -0.100000 0.103882
v 0.333625 -0.100000 0.092125
v 0.326422 -0.100000 0.080055
v 0.319000 -0.100000 0.067815
v 0.311453 -0.100000 0.055547
v 0.303875 -0.100000 0.043393
v 0.296360 -0.100000 0.031497
v 0.289000 -0.100000 0.020000
v 0.289000 -0.100000 0.481000
v 0.219000 -0.100000 0.481000
v 0.219000 -0.100000 0.035000
v 0.209797 -0.100000 0.060707
v 0.200213 -0.100000 0.086241
v 0.190281 -0.100000 0.111469
v 0.180037 -0.100000 0.136259
v 0.169515 -0.100000 0.160480
v 0.158750 -0.100000 0.184000
v 0.147777 -0.100000 0.206686
v 0.136630 -0.100000 0.228407
v 0.125344 -0.100000 0.249031
v 0.113954 -0.100000 0.268426
v 0.102494 -0.100000 0.286459
v 0.091000 -0.100000 0.303000
v 0.088800 -0.100000 0.297575
v 0.086240 -0.100000 0.291847
v 0.083375 -0.100000 0.285891
v 0.080259 -0.100000 0.279778
v 0.076949 -0.100000 0.273582
v 0.073500 -0.100000 0.267375
v 0.069967 -0.100000 0.261231
v 0.066407 -0.100000 0.255222
v 0.062875 -0.100000 0.249422
v 0.059426 -0.100000 0.243903
v 0.056116 -0.100000 0.238738
v 0.053000 -0.100000 0.234000
v 0.067067 -0.100000 0.214815
v 0.081199 -0.100000 0.193435
v 0.095297 -0.100000 0.170125
v 0.109259 -0.100000 0.145148
v 0.122985 -0.100000 0.118768
v 0.136375 -0.100000 0.091250
v 0.149327 -0.100000 0.062856
v 0.161741 -0.100000 0.033852
v 0.173516 -0.100000 0.004500
v 0.184551 -0.100000 -0.024935
v 0.194746 -0.100000 -0.054190
v 0.204000 -0.100000 -0.083000
v 0.067000 -0.100000 -0.083000
v 0.067000 -0.100000 -0.153000
v 0.219000 -0.100000 -0.153000
v 0.219000 -0.100000 -0.316000
v 0.208751 -0.100000 -0.313791
v 0.198514 -0.100000 -0.311662
v 0.188296 -0.100000 -0.309609
v 0.178111 -0.100000 -0.307630
v 0.167966 -0.100000 -0.305719
v 0.157875 -0.100000 -0.303875
v 0.147845 -0.100000 -0.302093
v 0.137889 -0.100000 -0.300370
v 0.128016 -0.100000 -0.298703
v 0.118236 -0.100000 -0.297088
v 0.108561 -0.100000 -0.295521
v 0.099000 -0.100000 -0.294000
v 0.098109 -0.100000 -0.298178
v 0.096954 -0.100000 -0.302671
v 0.095563 -0.100000 -0.307422
v 0.093964 -0.100000 -0.312370
v 0.092184 -0.100000 -0.317458
v 0.090250 -0.100000 -0.322625
v 0.088192 -0.100000 -0.327813
v 0.086037 -0.100000 -0.332963
v 0.083813 -0.100000 -0.338016
v 0.081546 -0.100000 -0.342912
v 0.079266 -0.100000 -0.347593
v 0.077000 -0.100000 -0.352000
v 0.102296 -0.100000 -0.356954
v 0.128033 -0.100000 -0.362296
v 0.153985 -0.100000 -0.368000
v 0.179926 -0.100000 -0.374037
v 0.205631 -0.100000 -0.380380
v 0.230875 -0.100000 -0.387000
v 0.255431 -0.100000 -0.393870
v 0.279074 -0.100000 -0.400963
v 0.301578 -0.100000 -0.408250
v 0.322718 -0.100000 -0.415704
v 0.342267 -0.100000 -0.423296
v 0.360000 -0.100000 -0.431000
v 0.407000 -0.100000 -0.371000
v 0.594616 -0.100000 -0.221050
v 0.603422 -0.100000 -0.215731
v 0.612360 -0.100000 -0.210094
v 0.621371 -0.100000 -0.204185
v 0.630396 -0.100000 -0.198054
v 0.639376 -0.100000 -0.191750
v 0.648251 -0.100000 -0.185321
v 0.656963 -0.100000 -0.178815
v 0.665453 -0.100000 -0.172281
v 0.673662 -0.100000 -0.165769
v 0.681531 -0.100000 -0.159325
v 0.689000 -0.100000 -0.153000
v 0.701851 -0.100000 -0.162126
v 0.714389 -0.100000 -0.171505
v 0.726593 -0.100000 -0.181141
v 0.738444 -0.100000 -0.191037
v 0.749920 -0.100000 -0.201197
v 0.761000 -0.100000 -0.211625
v 0.771663 -0.100000 -0.222324
v 0.781888 -0.100000 -0.233296
v 0.791656 -0.100000 -0.244547
v 0.800944 -0.100000 -0.256079
v 0.809732 -0.100000 -0.267895
v 0.818000 -0.100000 -0.280000
v 0.609000 -0.100000 -0.280000
v 0.597604 -0.100000 -0.270043
v 0.585908 -0.100000 -0.260181
v 0.573907 -0.100000 -0.250422
v 0.561594 -0.100000 -0.240778
v 0.548960 -0.100000 -0.231259
v 0.536001 -0.100000 -0.221875
v 0.522708 -0.100000 -0.212637
v 0.509075 -0.100000 -0.203556
v 0.495094 -0.100000 -0.194641
v 0.480760 -0.100000 -0.185903
v 0.466064 -0.100000 -0.177352
v 0.451000 -0.100000 -0.169000
v 0.447781 -0.100000 -0.173174
v 0.444167 -0.100000 -0.177639
v 0.440219 -0.100000 -0.182313
v 0.436000 -0.100000 -0.187111
v 0.431573 -0.100000 -0.191951
v 0.427001 -0.100000 -0.196750
v 0.422344 -0.100000 -0.201424
v 0.417667 -0.100000 -0.205889
v 0.413032 -0.100000 -0.210063
v 0.408500 -0.100000 -0.213861
v 0.404136 -0.100000 -0.217201
v 0.400000 -0.100000 -0.220000
v 0.430266 -0.100000 -0.235730
v 0.459042 -0.100000 -0.252338
v 0.486297 -0.100000 -0.269703
v 0.512000 -0.100000 -0.287704
v 0.536120 -0.100000 -0.306218
v 0.558625 -0.100000 -0.325125
v 0.579484 -0.100000 -0.344303
v 0.598667 -0.100000 -0.363630
v 0.616141 -0.100000 -0.382984
v 0.631875 -0.100000 -0.402245
v 0.645839 -0.100000 -0.421291
v 0.658000 -0.100000 -0.440000
v 0.735000 -0.100000 -0.425000
v 0.730439 -0.100000 -0.418250
v 0.725755 -0.100000 -0.411500
v 0.720953 -0.100000 -0.404750
v 0.716037 -0.100000 -0.398000
v 0.711010 -0.100000 -0.391250
v 0.705875 -0.100000 -0.384500
v 0.700636 -0.100000 -0.377750
v 0.695296 -0.100000 -0.371000
v 0.689859 -0.100000 -0.364250
v 0.684329 -0.100000 -0.357500
v 0.678708 -0.100000 -0.350750
v 0.673000 -0.100000 -0.344000
v 0.861000 -0.100000 -0.344000
v 0.874000 -0.100000 -0.347000
v 0.922000 -0.100000 -0.323000
v 0.898309 -0.100000 -0.277442
v 0.870472 -0.100000 -0.235204
v 0.838844 -0.100000 -0.196188
v 0.803778 -0.100000 -0.160296
v 0.765628 -0.100000 -0.127433
v 0.724750 -0.100000 -0.097500
v 0.681497 -0.100000 -0.070401
v 0.636222 -0.100000 -0.046037
v 0.589282 -0.100000 -0.024313
v 0.541028 -0.100000 -0.005130
v 0.491816 -0.100000 0.011609
v 0.442000 -0.100000 0.026000
v 0.439800 -0.100000 0.021364
v 0.437236 -0.100000 0.016495
v 0.434359 -0.100000 0.011453
v 0.431222 -0.100000 0.006296
v 0.427876 -0.100000 0.001084
v 0.424375 -0.100000 -0.004125
v 0.420769 -0.100000 -0.009271
v 0.417111 -0.100000 -0.014296
v 0.413453 -0.100000 -0.019141
v 0.409847 -0.100000 -0.023745
v 0.406345 -0.100000 -0.028052
v 0.403000 -0.100000 -0.032000
v 0.422495 -0.100000 -0.036708
v 0.441958 -0.100000 -0.041833
v 0.461360 -0.100000 -0.047375
v 0.480667 -0.100000 -0.053333
v 0.499849 -0.100000 -0.059708
v 0.518875 -0.100000 -0.066500
v 0.537714 -0.100000 -0.073708
v 0.556334 -0.100000 -0.081333
v 0.574703 -0.100000 -0.089375
v 0.592792 -0.100000 -0.097833
v 0.610568 -0.100000 -0.106708
v 0.628000 -0.100000 -0.116000
v 0.621049 -0.100000 -0.122306
v 0.613730 -0.100000 -0.128699
v 0.606093 -0.100000 -0.135141
v 0.598185 -0.100000 -0.141593
v 0.590054 -0.100000 -0.148017
v 0.581750 -0.100000 -0.154375
v 0.573320 -0.100000 -0.160629
v 0.564815 -0.100000 -0.166741
v 0.556281 -0.100000 -0.172672
v 0.547769 -0.100000 -0.178384
v 0.539325 -0.100000 -0.183840
v 0.531000 -0.100000 -0.189000
v 0.586000 -0.100000 -0.226000
v 0.644844 -0.100000 0.173951
v 0.654833 -0.100000 0.180273
v 0.664907 -0.100000 0.186922
v 0.675000 -0.100000 0.193852
v 0.685052 -0.100000 0.201018
v 0.695000 -0.100000 0.208375
v 0.704782 -0.100000 0.215878
v 0.714334 -0.100000 0.223481
v 0.723594 -0.100000 0.231141
v 0.732500 -0.100000 0.238810
v 0.740990 -0.100000 0.246445
v 0.749000 -0.100000 0.254000
v 0.762539 -0.100000 0.241792
v 0.775652 -0.100000 0.229167
v 0.788327 -0.100000 0.216125
v 0.800555 -0.100000 0.202667
v 0.812324 -0.100000 0.188792
v 0.823625 -0.100000 0.174500
v 0.834446 -0.100000 0.159792
v 0.844778 -0.100000 0.144667
v 0.854609 -0.100000 0.129125
v 0.863930 -0.100000 0.113167
v 0.872731 -0.100000 0.096792
v 0.881000 -0.100000 0.080000
v 0.684000 -0.100000 0.080000
v 0.668957 -0.100000 0.094414
v 0.653324 -0.100000 0.108644
v 0.637094 -0.100000 0.122672
v 0.620259 -0.100000 0.136481
v 0.602814 -0.100000 0.150055
v 0.584750 -0.100000 0.163375
v 0.566061 -0.100000 0.176424
v 0.546741 -0.100000 0.189185
v 0.526782 -0.100000 0.201641
v 0.506176 -0.100000 0.213773
v 0.484918 -0.100000 0.225565
v 0.463000 -0.100000 0.237000
v 0.460050 -0.100000 0.232826
v 0.456732 -0.100000 0.228356
v 0.453094 -0.100000 0.223672
v 0.449185 -0.100000 0.218852
v 0.445055 -0.100000 0.213976
v 0.440750 -0.100000 0.209125
v 0.436321 -0.100000 0.204378
v 0.431815 -0.100000 0.199815
v 0.427281 -0.100000 0.195516
v 0.422769 -0.100000 0.191560
v 0.418325 -0.100000 0.188028
v 0.414000 -0.100000 0.185000
v 0.450767 -0.100000 0.166859
v 0.485551 -0.100000 0.147537
v 0.518328 -0.100000 0.127187
v 0.549074 -0.100000 0.105963
v 0.577765 -0.100000 0.084016
v 0.604375 -0.100000 0.061500
v 0.628881 -0.100000 0.038567
v 0.651259 -0.100000 0.015370
v 0.671484 -0.100000 -0.007938
v 0.689532 -0.100000 -0.031204
v 0.705379 -0.100000 -0.054276
v 0.719000 -0.100000 -0.077000
v 0.796000 -0.100000 -0.062000
v 0.791977 -0.100000 -0.055501
v 0.787902 -0.100000 -0.049005
v 0.783765 -0.100000 -0.042516
v 0.779555 -0.100000 -0.036037
v 0.775262 -0.100000 -0.029572
v 0.770875 -0.100000 -0.023125
v 0.766383 -0.100000 -0.016699
v 0.761777 -0.100000 -0.010296
v 0.757047 -0.100000 -0.003922
v 0.752181 -0.100000 0.002421
v 0.747169 -0.100000 0.008730
v 0.742000 -0.100000 0.015000
v 0.916000 -0.100000 0.015000
v 0.929000 -0.100000 0.012000
v 0.978000 -0.100000 0.034000
v 0.953252 -0.100000 0.096995
v 0.923264 -0.100000 0.154625
v 0.888422 -0.100000 0.207109
v 0.849111 -0.100000 0.254667
v 0.805717 -0.100000 0.297516
v 0.758625 -0.100000 0.335875
v 0.708220 -0.100000 0.369964
v 0.654889 -0.100000 0.400000
v 0.599016 -0.100000 0.426203
v 0.540986 -0.100000 0.448792
v 0.481186 -0.100000 0.467984
v 0.420000 -0.100000 0.484000
v 0.417800 -0.100000 0.479094
v 0.415236 -0.100000 0.473921
v 0.412359 -0.100000 0.468547
v 0.409222 -0.100000 0.463037
v 0.405877 -0.100000 0.457458
v 0.402375 -0.100000 0.451875
v 0.398769 -0.100000 0.446355
v 0.395111 -0.100000 0.440963
v 0.391453 -0.100000 0.435766
v 0.387847 -0.100000 0.430829
v 0.384346 -0.100000 0.426218
v 0.381000 -0.100000 0.422000
v 0.408929 -0.100000 0.416103
v 0.436681 -0.100000 0.409407
v 0.464203 -0.100000 0.401906
v 0.491445 -0.100000 0.393593
v 0.518353 -0.100000 0.384459
v 0.544875 -0.100000 0.374500
v 0.570960 -0.100000 0.363707
v 0.596556 -0.100000 0.352074
v 0.621610 -0.100000 0.339594
v 0.646070 -0.100000 0.326259
v 0.669884 -0.100000 0.312064
v 0.693000 -0.100000 0.297000
v 0.684989 -0.100000 0.289385
v 0.676500 -0.100000 0.281579
v 0.667593 -0.100000 0.273641
v 0.658333 -0.100000 0.265630
v 0.648781 -0.100000 0.257605
v 0.639000 -0.100000 0.249625
v 0.629052 -0.100000 0.241749
v 0.619000 -0.100000 0.234037
v 0.608906 -0.100000 0.226547
v 0.598834 -0.100000 0.219338
v 0.588844 -0.100000 0.212469
v 0.579000 -0.100000 0.206000
v 0.635000 -0.100000 0.168000
v -0.793241 -0.100000 -0.264991
v -0.769763 -0.100000 -0.267426
v -0.742015 -0.100000 -0.270250
v -0.710444 -0.100000 -0.273407
v -0.675498 -0.100000 -0.276843
v -0.637625 -0.100000 -0.280500
v -0.597273 -0.100000 -0.284324
v -0.554889 -0.100000 -0.288259
v -0.510922 -0.100000 -0.292250
v -0.465819 -0.100000 -0.296241
v -0.420030 -0.100000 -0.300176
v -0.374000 -0.100000 -0.304000
v -0.347069 -0.100000 -0.306188
v -0.320806 -0.100000 -0.308250
v -0.295250 -0.100000 -0.310188
v -0.270444 -0.100000 -0.312000
v -0.246430 -0.100000 -0.313688
v -0.223250 -0.100000 -0.315250
v -0.200944 -0.100000 -0.316688
v -0.179555 -0.100000 -0.318000
v -0.159125 -0.100000 -0.319188
v -0.139694 -0.100000 -0.320250
v -0.121305 -0.100000 -0.321188
v -0.104000 -0.100000 -0.322000
v -0.104000 -0.100000 -0.242000
v -0.118856 -0.100000 -0.241972
v -0.134768 -0.100000 -0.241857
v -0.151499 -0.100000 -0.241609
v -0.168814 -0.100000 -0.241185
v -0.186476 -0.100000 -0.240539
v -0.204249 -0.100000 -0.239625
v -0.221898 -0.100000 -0.238399
v -0.239185 -0.100000 -0.236815
v -0.255875 -0.100000 -0.234828
v -0.271731 -0.100000 -0.232394
v -0.286519 -0.100000 -0.229466
v -0.300000 -0.100000 -0.226000
v -0.334335 -0.100000 -0.212372
v -0.366268 -0.100000 -0.194810
v -0.395687 -0.100000 -0.173797
v -0.422481 -0.100000 -0.149815
v -0.446539 -0.100000 -0.123347
v -0.467750 -0.100000 -0.094875
v -0.486002 -0.100000 -0.064883
v -0.501185 -0.100000 -0.033852
v -0.513187 -0.100000 -0.002266
v -0.521898 -0.100000 0.029393
v -0.527206 -0.100000 0.060643
v -0.529000 -0.100000 0.091000
v -0.525325 -0.100000 0.137024
v -0.514764 -0.100000 0.177773
v -0.498016 -0.100000 0.213516
v -0.475778 -0.100000 0.244518
v -0.448749 -0.100000 0.271049
v -0.417625 -0.100000 0.293375
v -0.383106 -0.100000 0.311763
v -0.345889 -0.100000 0.326481
v -0.306672 -0.100000 0.337797
v -0.266153 -0.100000 0.345977
v -0.225029 -0.100000 0.351289
v -0.184000 -0.100000 0.354000
v -0.213000 -0.100000 0.437000
v -0.259654 -0.100000 0.433315
v -0.306569 -0.100000 0.425685
v -0.352921 -0.100000 0.414000
v -0.397888 -0.100000 0.398148
v -0.440647 -0.100000 0.378018
v -0.480375 -0.100000 0.353500
v -0.516248 -0.100000 0.324481
v -0.547444 -0.100000 0.290852
v -0.573141 -0.100000 0.252500
v -0.592514 -0.100000 0.209315
v -0.604742 -0.100000 0.161185
v -0.609000 -0.100000 0.108000
v -0.607077 -0.100000 0.069629
v -0.601537 -0.100000 0.032616
v -0.592719 -0.100000 -0.002891
v -0.580963 -0.100000 -0.036741
v -0.566610 -0.100000 -0.068785
v -0.550000 -0.100000 -0.098875
v -0.531473 -0.100000 -0.126861
v -0.511370 -0.100000 -0.152593
v -0.490031 -0.100000 -0.175922
v -0.467796 -0.100000 -0.196699
v -0.445006 -0.100000 -0.214775
v -0.422000 -0.100000 -0.230000
v -0.451663 -0.100000 -0.226758
v -0.486467 -0.100000 -0.223060
v -0.525390 -0.100000 -0.218953
v -0.567407 -0.100000 -0.214481
v -0.611494 -0.100000 -0.209690
v -0.656625 -0.100000 -0.204625
v -0.701777 -0.100000 -0.199330
v -0.745926 -0.100000 -0.193852
v -0.788047 -0.100000 -0.188234
v -0.827116 -0.100000 -0.182523
v -0.862108 -0.100000 -0.176763
v -0.892000 -0.100000 -0.171000
v -0.901000 -0.100000 -0.258000
v -0.891629 -0.100000 -0.258270
v -0.882532 -0.100000 -0.258579
v -0.873734 -0.100000 -0.258922
v -0.865259 -0.100000 -0.259296
v -0.857131 -0.100000 -0.259699
v -0.849375 -0.100000 -0.260125
v -0.842014 -0.100000 -0.260572
v -0.835074 -0.100000 -0.261037
v -0.828578 -0.100000 -0.261516
v -0.822551 -0.100000 -0.262005
v -0.817017 -0.100000 -0.262501
v -0.812000 -0.100000 -0.263000
v -0.217000 -0.100000 0.044000
v -0.222872 -0.100000 0.031925
v -0.228977 -0.100000 0.019736
v -0.235297 -0.100000 0.007484
v -0.241815 -0.100000 -0.004778
v -0.248513 -0.100000 -0.016998
v -0.255375 -0.100000 -0.029125
v -0.262383 -0.100000 -0.041106
v -0.269518 -0.100000 -0.052889
v -0.276765 -0.100000 -0.064422
v -0.284106 -0.100000 -0.075653
v -0.291523 -0.100000 -0.086530
v -0.299000 -0.100000 -0.097000
v -0.248000 -0.100000 -0.119000
v -0.241956 -0.100000 -0.110173
v -0.235398 -0.100000 -0.100301
v -0.228437 -0.100000 -0.089547
v -0.221185 -0.100000 -0.078074
v -0.213752 -0.100000 -0.066046
v -0.206250 -0.100000 -0.053625
v -0.198789 -0.100000 -0.040975
v -0.191481 -0.100000 -0.028259
v -0.184437 -0.100000 -0.015641
v -0.177768 -0.100000 -0.003282
v -0.171586 -0.100000 0.008652
v -0.166000 -0.100000 0.020000
v -0.104000 -0.100000 0.002000
v -0.110103 -0.100000 -0.010246
v -0.116403 -0.100000 -0.022468
v -0.122891 -0.100000 -0.034641
v -0.129556 -0.100000 -0.046741
v -0.136387 -0.100000 -0.058744
v -0.143375 -0.100000 -0.070625
v -0.150509 -0.100000 -0.082361
v -0.157778 -0.100000 -0.093926
v -0.165172 -0.100000 -0.105297
v -0.172681 -0.100000 -0.116449
v -0.180294 -0.100000 -0.127358
v -0.188000 -0.100000 -0.138000
v -0.139000 -0.100000 -0.161000
v -0.132685 -0.100000 -0.152193
v -0.125818 -0.100000 -0.142375
v -0.118515 -0.100000 -0.131703
v -0.110888 -0.100000 -0.120333
v -0.103053 -0.100000 -0.108422
v -0.095124 -0.100000 -0.096125
v -0.087216 -0.100000 -0.083599
v -0.079444 -0.100000 -0.071000
v -0.071921 -0.100000 -0.058484
v -0.064764 -0.100000 -0.046208
v -0.058085 -0.100000 -0.034328
v -0.052000 -0.100000 -0.023000
v -1.512000 -0.100000 -0.256000
v -1.240000 -0.100000 -0.256000
v -1.233355 -0.100000 -0.256063
v -1.226921 -0.100000 -0.256255
v -1.220703 -0.100000 -0.256578
v -1.214704 -0.100000 -0.257037
v -1.208927 -0.100000 -0.257635
v -1.203375 -0.100000 -0.258375
v -1.198053 -0.100000 -0.259261
v -1.192963 -0.100000 -0.260296
v -1.188109 -0.100000 -0.261484
v -1.183495 -0.100000 -0.262829
v -1.179124 -0.100000 -0.264333
v -1.175000 -0.100000 -0.266000
v -1.108000 -0.100000 -0.225000
v -1.110037 -0.100000 -0.221322
v -1.112134 -0.100000 -0.217324
v -1.114265 -0.100000 -0.213063
v -1.116407 -0.100000 -0.208593
v -1.118535 -0.100000 -0.203970
v -1.120625 -0.100000 -0.199250
v -1.122652 -0.100000 -0.194488
v -1.124592 -0.100000 -0.189741
v -1.126422 -0.100000 -0.185063
v -1.128116 -0.100000 -0.180509
v -1.129650 -0.100000 -0.176137
v -1.131000 -0.100000 -0.172000
v -1.138474 -0.100000 -0.146077
v -1.147380 -0.100000 -0.118949
v -1.157687 -0.100000 -0.090828
v -1.169370 -0.100000 -0.061926
v -1.182400 -0.100000 -0.032454
v -1.196750 -0.100000 -0.002625
v -1.212391 -0.100000 0.027350
v -1.229296 -0.100000 0.057259
v -1.247437 -0.100000 0.086891
v -1.266787 -0.100000 0.116032
v -1.287317 -0.100000 0.144473
v -1.309000 -0.100000 0.172000
v -1.332357 -0.100000 0.199352
v -1.357023 -0.100000 0.225898
v -1.383141 -0.100000 0.251625
v -1.410852 -0.100000 0.276518
v -1.440299 -0.100000 0.300565
v -1.471625 -0.100000 0.323750
v -1.504972 -0.100000 0.346060
v -1.540482 -0.100000 0.367481
v -1.578297 -0.100000 0.388000
v -1.618560 -0.100000 0.407602
v -1.661414 -0.100000 0.426273
v -1.707000 -0.100000 0.444000
v -1.779000 -0.100000 0.379000
v -1.734445 -0.100000 0.364742
v -1.692222 -0.100000 0.349019
v -1.652250 -0.100000 0.331906
v -1.614444 -0.100000 0.313481
v -1.578722 -0.100000 0.293821
v -1.545000 -0.100000 0.273000
v -1.513195 -0.100000 0.251096
v -1.483222 -0.100000 0.228185
v -1.455000 -0.100000 0.204344
v -1.428444 -0.100000 0.179648
v -1.403472 -0.100000 0.154175
v -1.380000 -0.100000 0.128000
v -1.360868 -0.100000 0.104273
v -1.342523 -0.100000 0.079264
v -1.325047 -0.100000 0.053234
v -1.308518 -0.100000 0.026444
v -1.293018 -0.100000 -0.000846
v -1.278625 -0.100000 -0.028375
v -1.265419 -0.100000 -0.055884
v -1.253481 -0.100000 -0.083111
v -1.242891 -0.100000 -0.109797
v -1.233727 -0.100000 -0.135681
v -1.226070 -0.100000 -0.160502
v -1.220000 -0.100000 -0.184000
v -1.559000 -0.100000 -0.184000
v -1.574501 -0.100000 -0.162908
v -1.591005 -0.100000 -0.141681
v -1.608516 -0.100000 -0.120391
v -1.627037 -0.100000 -0.099111
v -1.646572 -0.100000 -0.077915
v -1.667125 -0.100000 -0.056875
v -1.688699 -0.100000 -0.036064
v -1.711296 -0.100000 -0.015556
v -1.734922 -0.100000 0.004578
v -1.759579 -0.100000 0.024264
v -1.785270 -0.100000 0.043429
v -1.812000 -0.100000 0.062000
v -1.881000 -0.100000 0.010000
v -1.839511 -0.100000 -0.016569
v -1.801005 -0.100000 -0.044551
v -1.765422 -0.100000 -0.073609
v -1.732704 -0.100000 -0.103407
v -1.702791 -0.100000 -0.133608
v -1.675625 -0.100000 -0.163875
v -1.651147 -0.100000 -0.193871
v -1.629297 -0.100000 -0.223259
v -1.610016 -0.100000 -0.251703
v -1.593246 -0.100000 -0.278866
v -1.578927 -0.100000 -0.304410
v -1.567000 -0.100000 -0.328000
v -1.564404 -0.100000 -0.332629
v -1.561648 -0.100000 -0.337949
v -1.558781 -0.100000 -0.343859
v -1.555852 -0.100000 -0.350259
v -1.552908 -0.100000 -0.357048
v -1.550000 -0.100000 -0.364125
v -1.547175 -0.100000 -0.371390
v -1.544482 -0.100000 -0.378741
v -1.541969 -0.100000 -0.386078
v -1.539685 -0.100000 -0.393301
v -1.537679 -0.100000 -0.400308
v -1.536000 -0.100000 -0.407000
v -1.443000 -0.100000 -0.377000
v -1.447265 -0.100000 -0.370347
v -1.451541 -0.100000 -0.363440
v -1.455797 -0.100000 -0.356359
v -1.460000 -0.100000 -0.349185
v -1.464120 -0.100000 -0.341997
v -1.468125 -0.100000 -0.334875
v -1.471984 -0.100000 -0.327899
v -1.475667 -0.100000 -0.321148
v -1.479141 -0.100000 -0.314703
v -1.482375 -0.100000 -0.308644
v -1.485338 -0.100000 -0.303049
v -1.488000 -0.100000 -0.298000
v -2.492000 -0.100000 0.066000
v -2.495464 -0.100000 0.053137
v -2.500208 -0.100000 0.037426
v -2.506016 -0.100000 0.019437
v -2.512666 -0.100000 -0.000259
v -2.519943 -0.100000 -0.021095
v -2.527625 -0.100000 -0.042500
v -2.535495 -0.100000 -0.063905
v -2.543333 -0.100000 -0.084741
v -2.550922 -0.100000 -0.104438
v -2.558042 -0.100000 -0.122426
v -2.564474 -0.100000 -0.138137
v -2.570000 -0.100000 -0.151000
v -2.497000 -0.100000 -0.176000
v -2.492123 -0.100000 -0.164188
v -2.486148 -0.100000 -0.149167
v -2.479312 -0.100000 -0.131563
v -2.471852 -0.100000 -0.112000
v -2.464002 -0.100000 -0.091104
v -2.456000 -0.100000 -0.069500
v -2.448081 -0.100000 -0.047813
v -2.440481 -0.100000 -0.026667
v -2.433437 -0.100000 -0.006688
v -2.427185 -0.100000 0.011500
v -2.421961 -0.100000 0.027271
v -2.418000 -0.100000 0.040000
v -2.157091 -0.100000 -0.042571
v -2.164893 -0.100000 -0.015315
v -2.173453 -0.100000 0.011719
v -2.182815 -0.100000 0.038482
v -2.193024 -0.100000 0.064925
v -2.204125 -0.100000 0.091000
v -2.216164 -0.100000 0.116659
v -2.229185 -0.100000 0.141852
v -2.243234 -0.100000 0.166531
v -2.258357 -0.100000 0.190648
v -2.274597 -0.100000 0.214154
v -2.292000 -0.100000 0.237000
v -2.315602 -0.100000 0.265650
v -2.340315 -0.100000 0.292616
v -2.366000 -0.100000 0.317922
v -2.392519 -0.100000 0.341593
v -2.419732 -0.100000 0.363652
v -2.447500 -0.100000 0.384125
v -2.475685 -0.100000 0.403035
v -2.504148 -0.100000 0.420407
v -2.532750 -0.100000 0.436266
v -2.561352 -0.100000 0.450634
v -2.589815 -0.100000 0.463538
v -2.618000 -0.100000 0.475000
v -2.684000 -0.100000 0.408000
v -2.654803 -0.100000 0.398634
v -2.625342 -0.100000 0.387569
v -2.595812 -0.100000 0.374859
v -2.566407 -0.100000 0.360556
v -2.537322 -0.100000 0.344710
v -2.508750 -0.100000 0.327375
v -2.480886 -0.100000 0.308602
v -2.453926 -0.100000 0.288444
v -2.428062 -0.100000 0.266953
v -2.403491 -0.100000 0.244181
v -2.380405 -0.100000 0.220179
v -2.359000 -0.100000 0.195000
v -2.341656 -0.100000 0.172439
v -2.325167 -0.100000 0.148347
v -2.309594 -0.100000 0.122859
v -2.295000 -0.100000 0.096111
v -2.281448 -0.100000 0.068238
v -2.269000 -0.100000 0.039375
v -2.257719 -0.100000 0.009658
v -2.247667 -0.100000 -0.020778
v -2.238906 -0.100000 -0.051797
v -2.231500 -0.100000 -0.083264
v -2.225510 -0.100000 -0.115043
v -2.221000 -0.100000 -0.147000
v -2.135000 -0.100000 -0.120000
v -2.136689 -0.100000 -0.114853
v -2.138264 -0.100000 -0.109907
v -2.139734 -0.100000 -0.105156
v -2.141111 -0.100000 -0.100593
v -2.142404 -0.100000 -0.096210
v -2.143625 -0.100000 -0.092000
v -2.144783 -0.100000 -0.087957
v -2.145889 -0.100000 -0.084074
v -2.146953 -0.100000 -0.080344
v -2.147986 -0.100000 -0.076759
v -2.148998 -0.100000 -0.073314
v -2.150000 -0.100000 -0.070000
v -2.714000 -0.100000 0.128000
v -2.718539 -0.100000 0.113318
v -2.724481 -0.100000 0.095708
v -2.731562 -0.100000 0.075828
v -2.739518 -0.100000 0.054333
v -2.748085 -0.100000 0.031880
v -2.757000 -0.100000 0.009125
v -2.765997 -0.100000 -0.013276
v -2.774815 -0.100000 -0.034667
v -2.783187 -0.100000 -0.054391
v -2.790852 -0.100000 -0.071792
v -2.797544 -0.100000 -0.086214
v -2.803000 -0.100000 -0.097000
v -2.729000 -0.100000 -0.126000
v -2.723371 -0.100000 -0.113513
v -2.716634 -0.100000 -0.097940
v -2.709016 -0.100000 -0.079859
v -2.700741 -0.100000 -0.059852
v -2.692035 -0.100000 -0.038497
v -2.683125 -0.100000 -0.016375
v -2.674236 -0.100000 0.005935
v -2.665593 -0.100000 0.027852
v -2.657422 -0.100000 0.048797
v -2.649949 -0.100000 0.068190
v -2.643400 -0.100000 0.085451
v -2.638000 -0.100000 0.100000
v -3.207000 -0.100000 -0.261135
v -3.207000 -0.100000 -0.248750
v -3.207000 -0.100000 -0.235156
v -3.207000 -0.100000 -0.220667
v -3.207000 -0.100000 -0.205594
v -3.207000 -0.100000 -0.190250
v -3.207000 -0.100000 -0.174948
v -3.207000 -0.100000 -0.160000
v -3.207000 -0.100000 -0.145719
v -3.207000 -0.100000 -0.132417
v -3.207000 -0.100000 -0.120406
v -3.207000 -0.100000 -0.110000
v -3.207691 -0.100000 -0.053257
v -3.209778 -0.100000 -0.002639
v -3.213281 -0.100000 0.042437
v -3.218222 -0.100000 0.082556
v -3.224622 -0.100000 0.118299
v -3.232500 -0.100000 0.150250
v -3.241879 -0.100000 0.178993
v -3.252778 -0.100000 0.205111
v -3.265219 -0.100000 0.229187
v -3.279222 -0.100000 0.251806
v -3.294809 -0.100000 0.273549
v -3.312000 -0.100000 0.295000
v -3.328943 -0.100000 0.313781
v -3.347130 -0.100000 0.331162
v -3.366344 -0.100000 0.347203
v -3.386370 -0.100000 0.361963
v -3.406994 -0.100000 0.375501
v -3.428000 -0.100000 0.387875
v -3.449172 -0.100000 0.399145
v -3.470296 -0.100000 0.409370
v -3.491156 -0.100000 0.418609
v -3.511537 -0.100000 0.426921
v -3.531223 -0.100000 0.434365
v -3.550000 -0.100000 0.441000
v -3.615000 -0.100000 0.372000
v -3.592155 -0.100000 0.365888
v -3.569657 -0.100000 0.359023
v -3.547562 -0.100000 0.351359
v -3.525926 -0.100000 0.342852
v -3.504803 -0.100000 0.333455
v -3.484250 -0.100000 0.323125
v -3.464322 -0.100000 0.311815
v -3.445074 -0.100000 0.299481
v -3.426562 -0.100000 0.286078
v -3.408843 -0.100000 0.271560
v -3.391970 -0.100000 0.255883
v -3.376000 -0.100000 0.239000
v -3.359452 -0.100000 0.218228
v -3.345199 -0.100000 0.197157
v -3.333078 -0.100000 0.175406
v -3.322926 -0.100000 0.152592
v -3.314579 -0.100000 0.128334
v -3.307875 -0.100000 0.102250
v -3.302650 -0.100000 0.073957
v -3.298741 -0.100000 0.043074
v -3.295984 -0.100000 0.009219
v -3.294218 -0.100000 -0.027991
v -3.293277 -0.100000 -0.068936
v -3.293000 -0.100000 -0.114000
v -3.293000 -0.100000 -0.124423
v -3.293000 -0.100000 -0.136468
v -3.293000 -0.100000 -0.149797
v -3.293000 -0.100000 -0.164074
v -3.293000 -0.100000 -0.178962
v -3.293000 -0.100000 -0.194125
v -3.293000 -0.100000 -0.209225
v -3.293000 -0.100000 -0.223926
v -3.293000 -0.100000 -0.237891
v -3.293000 -0.100000 -0.250782
v -3.293000 -0.100000 -0.262265
v -3.293000 -0.100000 -0.272000
v -3.293041 -0.100000 -0.280377
v -3.293162 -0.100000 -0.288514
v -3.293359 -0.100000 -0.296422
v -3.293630 -0.100000 -0.304111
v -3.293969 -0.100000 -0.311592
v -3.294375 -0.100000 -0.318875
v -3.294843 -0.100000 -0.325971
v -3.295370 -0.100000 -0.332889
v -3.295953 -0.100000 -0.339641
v -3.296588 -0.100000 -0.346236
v -3.297271 -0.100000 -0.352686
v -3.298000 -0.100000 -0.359000
v -3.204000 -0.100000 -0.359000
v -3.204479 -0.100000 -0.352686
v -3.204917 -0.100000 -0.346236
v -3.205313 -0.100000 -0.339641
v -3.205667 -0.100000 -0.332889
v -3.205979 -0.100000 -0.325971
v -3.206250 -0.100000 -0.318875
v -3.206479 -0.100000 -0.311592
v -3.206667 -0.100000 -0.304111
v -3.206812 -0.100000 -0.296422
v -3.206917 -0.100000 -0.288514
v -3.206979 -0.100000 -0.280377
v -3.207000 -0.100000 -0.272000
v -3.672000 -0.100000 -0.266928
v -3.672000 -0.100000 -0.246759
v -3.672000 -0.100000 -0.220063
v -3.672000 -0.100000 -0.188407
v -3.672000 -0.100000 -0.153364
v -3.672000 -0.100000 -0.116500
v -3.672000 -0.100000 -0.079387
v -3.672000 -0.100000 -0.043593
v -3.672000 -0.100000 -0.010688
v -3.672000 -0.100000 0.017759
v -3.672000 -0.100000 0.040178
v -3.672000 -0.100000 0.055000
v -3.671959 -0.100000 0.061403
v -3.671843 -0.100000 0.068060
v -3.671656 -0.100000 0.074891
v -3.671407 -0.100000 0.081815
v -3.671103 -0.100000 0.088753
v -3.670750 -0.100000 0.095625
v -3.670355 -0.100000 0.102351
v -3.669926 -0.100000 0.108852
v -3.669469 -0.100000 0.115047
v -3.668991 -0.100000 0.120856
v -3.668499 -0.100000 0.126201
v -3.668000 -0.100000 0.131000
v -3.760000 -0.100000 0.131000
v -3.759482 -0.100000 0.126907
v -3.758935 -0.100000 0.122171
v -3.758375 -0.100000 0.116859
v -3.757815 -0.100000 0.111037
v -3.757269 -0.100000 0.104770
v -3.756750 -0.100000 0.098125
v -3.756273 -0.100000 0.091167
v -3.755852 -0.100000 0.083963
v -3.755500 -0.100000 0.076578
v -3.755231 -0.100000 0.069079
v -3.755060 -0.100000 0.061531
v -3.755000 -0.100000 0.054000
v -3.755000 -0.100000 0.039198
v -3.755000 -0.100000 0.016833
v -3.755000 -0.100000 -0.011531
v -3.755000 -0.100000 -0.044333
v -3.755000 -0.100000 -0.080010
v -3.755000 -0.100000 -0.117000
v -3.755000 -0.100000 -0.153740
v -3.755000 -0.100000 -0.188667
v -3.755000 -0.100000 -0.220219
v -3.755000 -0.100000 -0.246833
v -3.755000 -0.100000 -0.266948
v -3.755000 -0.100000 -0.279000
v -3.755041 -0.100000 -0.283835
v -3.755157 -0.100000 -0.289264
v -3.755344 -0.100000 -0.295172
v -3.755593 -0.100000 -0.301444
v -3.755897 -0.100000 -0.307967
v -3.756250 -0.100000 -0.314625
v -3.756645 -0.100000 -0.321304
v -3.757074 -0.100000 -0.327889
v -3.757531 -0.100000 -0.334266
v -3.758009 -0.100000 -0.340320
v -3.758501 -0.100000 -0.345936
v -3.759000 -0.100000 -0.351000
v -3.668000 -0.100000 -0.351000
v -3.668499 -0.100000 -0.346050
v -3.668991 -0.100000 -0.340736
v -3.669469 -0.100000 -0.335109
v -3.669926 -0.100000 -0.329222
v -3.670355 -0.100000 -0.323127
v -3.670750 -0.100000 -0.316875
v -3.671103 -0.100000 -0.310519
v -3.671407 -0.100000 -0.304111
v -3.671656 -0.100000 -0.297703
v -3.671843 -0.100000 -0.291347
v -3.671959 -0.100000 -0.285096
v -3.672000 -0.100000 -0.279000
v -4.512000 -0.100000 -0.256000
v -4.240000 -0.100000 -0.256000
v -4.233355 -0.100000 -0.256063
v -4.226921 -0.100000 -0.256255
v -4.220703 -0.100000 -0.256578
v -4.214704 -0.100000 -0.257037
v -4.208926 -0.100000 -0.257635
v -4.203375 -0.100000 -0.258375
v -4.198052 -0.100000 -0.259261
v -4.192963 -0.100000 -0.260296
v -4.188109 -0.100000 -0.261484
v -4.183496 -0.100000 -0.262829
v -4.179124 -0.100000 -0.264333
v -4.175000 -0.100000 -0.266000
v -4.108000 -0.100000 -0.225000
v -4.110038 -0.100000 -0.221322
v -4.112134 -0.100000 -0.217324
v -4.114265 -0.100000 -0.213063
v -4.116407 -0.100000 -0.208593
v -4.118536 -0.100000 -0.203970
v -4.120625 -0.100000 -0.199250
v -4.122652 -0.100000 -0.194488
v -4.124593 -0.100000 -0.189741
v -4.126422 -0.100000 -0.185063
v -4.128116 -0.100000 -0.180509
v -4.129650 -0.100000 -0.176137
v -4.131000 -0.100000 -0.172000
v -4.138474 -0.100000 -0.146077
v -4.147380 -0.100000 -0.118949
v -4.157688 -0.100000 -0.090828
v -4.169371 -0.100000 -0.061926
v -4.182401 -0.100000 -0.032454
v -4.196750 -0.100000 -0.002625
v -4.212391 -0.100000 0.027350
v -4.229296 -0.100000 0.057259
v -4.247437 -0.100000 0.086891
v -4.266787 -0.100000 0.116032
v -4.287317 -0.100000 0.144473
v -4.309000 -0.100000 0.172000
v -4.332357 -0.100000 0.199352
v -4.357023 -0.100000 0.225898
v -4.383141 -0.100000 0.251625
v -4.410852 -0.100000 0.276518
v -4.440299 -0.100000 0.300565
v -4.471625 -0.100000 0.323750
v -4.504972 -0.100000 0.346060
v -4.540482 -0.100000 0.367481
v -4.578297 -0.100000 0.388000
v -4.618560 -0.100000 0.407602
v -4.661414 -0.100000 0.426273
v -4.707000 -0.100000 0.444000
v -4.779000 -0.100000 0.379000
v -4.734445 -0.100000 0.364742
v -4.692222 -0.100000 0.349019
v -4.652250 -0.100000 0.331906
v -4.614444 -0.100000 0.313481
v -4.578722 -0.100000 0.293821
v -4.545000 -0.100000 0.273000
v -4.513195 -0.100000 0.251096
v -4.483222 -0.100000 0.228185
v -4.455000 -0.100000 0.204344
v -4.428444 -0.100000 0.179648
v -4.403472 -0.100000 0.154175
v -4.380000 -0.100000 0.128000
v -4.360868 -0.100000 0.104273
v -4.342523 -0.100000 0.079264
v -4.325047 -0.100000 0.053234
v -4.308518 -0.100000 0.026444
v -4.293018 -0.100000 -0.000846
v -4.278625 -0.100000 -0.028375
v -4.265419 -0.100000 -0.055884
v -4.253481 -0.100000 -0.083111
v -4.242890 -0.100000 -0.109797
v -4.233727 -0.100000 -0.135681
v -4.226070 -0.100000 -0.160502
v -4.220000 -0.100000 -0.184000
v -4.559000 -0.100000 -0.184000
v -4.574501 -0.100000 -0.162908
v -4.591004 -0.100000 -0.141681
v -4.608516 -0.100000 -0.120391
v -4.627037 -0.100000 -0.099111
v -4.646572 -0.100000 -0.077915
v -4.667125 -0.100000 -0.056875
v -4.688698 -0.100000 -0.036064
v -4.711296 -0.100000 -0.015556
v -4.734922 -0.100000 0.004578
v -4.759579 -0.100000 0.024264
v -4.785270 -0.100000 0.043429
v -4.812000 -0.100000 0.062000
v -4.881000 -0.100000 0.010000
v -4.839511 -0.100000 -0.016569
v -4.801004 -0.100000 -0.044551
v -4.765422 -0.100000 -0.073609
v -4.732704 -0.100000 -0.103407
v -4.702791 -0.100000 -0.133608
v -4.675625 -0.100000 -0.163875
v -4.651146 -0.100000 -0.193871
v -4.629296 -0.100000 -0.223259
v -4.610015 -0.100000 -0.251703
v -4.593246 -0.100000 -0.278866
v -4.578927 -0.100000 -0.304410
v -4.567000 -0.100000 -0.328000
v -4.564404 -0.100000 -0.332629
v -4.561648 -0.100000 -0.337949
v -4.558781 -0.100000 -0.343859
v -4.555852 -0.100000 -0.350259
v -4.552908 -0.100000 -0.357048
v -4.550000 -0.100000 -0.364125
v -4.547175 -0.100000 -0.371390
v -4.544481 -0.100000 -0.378741
v -4.541969 -0.100000 -0.386078
v -4.539685 -0.100000 -0.393301
v -4.537679 -0.100000 -0.400308
v -4.536000 -0.100000 -0.407000
v -4.443000 -0.100000 -0.377000
v -4.447266 -0.100000 -0.370347
v -4.451542 -0.100000 -0.363440
v -4.455797 -0.100000 -0.356359
v -4.460000 -0.100000 -0.349185
v -4.464120 -0.100000 -0.341997
v -4.468125 -0.100000 -0.334875
v -4.471984 -0.100000 -0.327899
v -4.475667 -0.100000 -0.321148
v -4.479141 -0.100000 -0.314703
v -4.482375 -0.100000 -0.308644
v -4.485339 -0.100000 -0.303049
v -4.488000 -0.100000 -0.298000
v -4.512000 -0.100000 -0.256000
v -4.512000 0.100000 -0.256000
v -4.240000 -0.100000 -0.256000
v -4.240000 0.100000 -0.256000
v -4.233355 -0.100000 -0.256063
v -4.233355 0.100000 -0.256063
v -4.226921 -0.100000 -0.256255
v -4.226921 0.100000 -0.256255
v -4.220703 -0.100000 -0.256578
v -4.220703 0.100000 -0.256578
v -4.214704 -0.100000 -0.257037
v -4.214704 0.100000 -0.257037
v -4.208926 -0.100000 -0.257635
v -4.208926 0.100000 -0.257635
v -4.203375 -0.100000 -0.258375
v -4.203375 0.100000 -0.258375
v -4.198052 -0.100000 -0.259261
v -4.198052 0.100000 -0.259261
v -4.192963 -0.100000 -0.260296
v -4.192963 0.100000 -0.260296
v -4.188109 -0.100000 -0.261484
v -4.188109 0.100000 -0.261484
v -4.183496 -0.100000 -0.262829
v -4.183496 0.100000 -0.262829
v -4.179124 -0.100000 -0.264333
v -4.179124 0.100000 -0.264333
v -4.175000 -0.100000 -0.266000
v -4.175000 0.100000 -0.266000
v -4.108000 -0.100000 -0.225000
v -4.108000 0.100000 -0.225000
v -4.110038 -0.100000 -0.221322
v -4.110038 0.100000 -0.221322
v -4.112134 -0.100000 -0.217324
v -4.112134 0.100000 -0.217324
v -4.114265 -0.100000 -0.213063
v -4.114265 0.100000 -0.213063
v -4.116407 -0.100000 -0.208593
v -4.116407 0.100000 -0.208593
v -4.118536 -0.100000 -0.203970
v -4.118536 0.100000 -0.203970
v -4.120625 -0.100000 -0.199250
v -4.120625 0.100000 -0.199250
v -4.122652 -0.100000 -0.194488
v -4.122652 0.100000 -0.194488
v -4.124593 -0.100000 -0.189741
v -4.124593 0.100000 -0.189741
v -4.126422 -0.100000 -0.185063
v -4.126422 0.100000 -0.185063
v -4.128116 -0.100000 -0.180509
v -4.128116 0.100000 -0.180509
v -4.129650 -0.100000 -0.176137
v -4.129650 0.100000 -0.176137
v -4.131000 -0.100000 -0.172000
v -4.131000 0.100000 -0.172000
v -4.138474 -0.100000 -0.146077
v -4.138474 0.100000 -0.146077
v -4.147380 -0.100000 -0.118949
v -4.147380 0.100000 -0.118949
v -4.157688 -0.100000 -0.090828
v -4.157688 0.100000 -0.090828
v -4.169371 -0.100000 -0.061926
v -4.169371 0.100000 -0.061926
v -4.182401 -0.100000 -0.032454
v -4.182401 0.100000 -0.032454
v -4.196750 -0.100000 -0.002625
v -4.196750 0.100000 -0.002625
v -4.212391 -0.100000 0.027350
v -4.212391 0.100000 0.027350
v -4.229296 -0.100000 0.057259
v -4.229296 0.100000 0.057259
v -4.247437 -0.100000 0.086891
v -4.247437 0.100000 0.086891
v -4.266787 -0.100000 0.116032
v -4.266787 0.100000 0.116032
v -4.287317 -0.100000 0.144473
v -4.287317 0.100000 0.144473
v -4.309000 -0.100000 0.172000
v -4.309000 0.100000 0.172000
v -4.332357 -0.100000 0.199352
v -4.332357 0.100000 0.199352
v -4.357023 -0.100000 0.225898
v -4.357023 0.100000 0.225898
v -4.383141 -0.100000 0.251625
v -4.383141 0.100000 0.251625
v -4.410852 -0.100000 0.276518
v -4.410852 0.100000 0.276518
v -4.440299 -0.100000 0.300565
v -4.440299 0.100000 0.300565
v -4.471625 -0.100000 0.323750
v -4.471625 0.100000 0.323750
v -4.504972 -0.100000 0.346060
v -4.504972 0.100000 0.346060
v -4.540482 -0.100000 0.367481
v -4.540482 0.100000 0.367481
v -4.578297 -0.100000 0.388000
v -4.578297 0.100000 0.388000
v -4.618560 -0.100000 0.407602
v -4.618560 0.100000 0.407602
v -4.661414 -0.100000 0.426273
v -4.661414 0.100000 0.426273
v -4.707000 -0.100000 0.444000
v -4.707000 0.100000 0.444000
v -4.779000 -0.100000 0.379000
v -4.779000 0.100000 0.379000
v -4.734445 -0.100000 0.364742
v -4.734445 0.100000 0.364742
v -4.692222 -0.100000 0.349019
v -4.692222 0.100000 0.349019
v -4.652250 -0.100000 0.331906
v -4.652250 0.100000 0.331906
v -4.614444 -0.100000 0.313481
v -4.614444 0.100000 0.313481
v -4.578722 -0.100000 0.293821
v -4.578722 0.100000 0.293821
v -4.545000 -0.100000 0.273000
v -4.545000 0.100000 0.273000
v -4.513195 -0.100000 0.251096
v -4.513195 0.100000 0.251096
v -4.483222 -0.100000 0.228185
v -4.483222 0.100000 0.228185
v -4.455000 -0.100000 0.204344
v -4.455000 0.100000 0.204344
v -4.428444 -0.100000 0.179648
v -4.428444 0.100000 0.179648
v -4.403472 -0.100000 0.154175
v -4.403472 0.100000 0.154175
v -4.380000 -0.100000 0.128000
v -4.380000 0.100000 0.128000
v -4.360868 -0.100000 0.104273
v -4.360868 0.100000 0.104273
v -4.342523 -0.100000 0.079264
v -4.342523 0.100000 0.079264
v -4.325047 -0.100000 0.053234
v -4.325047 0.100000 0.053234
v -4.308518 -0.100000 0.026444
v -4.308518 0.100000 0.026444
v -4.293018 -0.100000 -0.000846
v -4.293018 0.100000 -0.000846
v -4.278625 -0.100000 -0.028375
v -4.278625 0.100000 -0.028375
v -4.265419 -0.100000 -0.055884
v -4.265419 0.100000 -0.055884
v -4.253481 -0.100000 -0.083111
v -4.253481 0.100000 -0.083111
v -4.242890 -0.100000 -0.109797
v -4.242890 0.100000 -0.109797
v -4.233727 -0.100000 -0.135681
v -4.233727 0.100000 -0.135681
v -4.226070 -0.100000 -0.160502
v -4.226070 0.100000 -0.160502
v -4.220000 -0.100000 -0.184000
v -4.220000 0.100000 -0.184000
v -4.559000 -0.100000 -0.184000
v -4.559000 0.100000 -0.184000
v -4.574501 -0.100000 -0.162908
v -4.574501 0.100000 -0.162908
v -4.591004 -0.100000 -0.141681
v -4.591004 0.100000 -0.141681
v -4.608516 -0.100000 -0.120391
v -4.608516 0.100000 -0.120391
v -4.627037 -0.100000 -0.099111
v -4.627037 0.100000 -0.099111
v -4.646572 -0.100000 -0.077915
v -4.646572 0.100000 -0.077915
v -4.667125 -0.100000 -0.056875
v -4.667125 0.100000 -0.056875
v -4.688698 -0.100000 -0.036064
v -4.688698 0.100000 -0.036064
v -4.711296 -0.100000 -0.015556
v -4.711296 0.100000 -0.015556
v -4.734922 -0.100000 0.004578
v -4.734922 0.100000 0.004578
v -4.759579 -0.100000 0.024264
v -4.759579 0.100000 0.024264
v -4.785270 -0.100000 0.043429
v -4.785270 0.100000 0.043429
v -4.812000 -0.100000 0.062000
v -4.812000 0.100000 0.062000
v -4.881000 -0.100000 0.010000
v -4.881000 0.100000 0.010000
v -4.839511 -0.100000 -0.016569
v -4.839511 0.100000 -0.016569
v -4.801004 -0.100000 -0.044551
v -4.801004 0.100000 -0.044551
v -4.765422 -0.100000 -0.073609
v -4.765422 0.100000 -0.073609
v -4.732704 -0.100000 -0.103407
v -4.732704 0.100000 -0.103407
v -4.702791 -0.100000 -0.133608
v -4.702791 0.100000 -0.133608
v -4.675625 -0.100000 -0.163875
v -4.675625 0.100000 -0.163875
v -4.651146 -0.100000 -0.193871
v -4.651146 0.100000 -0.193871
v -4.629296 -0.100000 -0.223259
v -4.629296 0.100000 -0.223259
v -4.610015 -0.100000 -0.251703
v -4.610015 0.100000 -0.251703
v -4.593246 -0.100000 -0.278866
v -4.593246 0.100000 -0.278866
v -4.578927 -0.100000 -0.304410
v -4.578927 0.100000 -0.304410
v -4.567000 -0.100000 -0.328000
v -4.567000 0.100000 -0.328000
v -4.564404 -0.100000 -0.332629
v -4.564404 0.100000 -0.332629
v -4.561648 -0.100000 -0.337949
v -4.561648 0.100000 -0.337949
v -4.558781 -0.100000 -0.343859
v -4.558781 0.100000 -0.343859
v -4.555852 -0.100000 -0.350259
v -4.555852 0.100000 -0.350259
v -4.552908 -0.100000 -0.357048
v -4.552908 0.100000 -0.357048
v -4.550000 -0.100000 -0.364125
v -4.550000 0.100000 -0.364125
v -4.547175 -0.100000 -0.371390
v -4.547175 0.100000 -0.371390
v -4.544481 -0.100000 -0.378741
v -4.544481 0.100000 -0.378741
v -4.541969 -0.100000 -0.386078
v -4.541969 0.100000 -0.386078
v -4.539685 -0.100000 -0.393301
v -4.539685 0.100000 -0.393301
v -4.537679 -0.100000 -0.400308
v -4.537679 0.100000 -0.400308
v -4.536000 -0.100000 -0.407000
v -4.536000 0.100000 -0.407000
v -4.443000 -0.100000 -0.377000
v -4.443000 0.100000 -0.377000
v -4.447266 -0.100000 -0.370347
v -4.447266 0.100000 -0.370347
v -4.451542 -0.100000 -0.363440
v -4.451542 0.100000 -0.363440
v -4.455797 -0.100000 -0.356359
v -4.455797 0.100000 -0.356359
v -4.460000 -0.100000 -0.349185
v -4.460000 0.100000 -0.349185
v -4.464120 -0.100000 -0.341997
v -4.464120 0.100000 -0.341997
v -4.468125 -0.100000 -0.334875
v -4.468125 0.100000 -0.334875
v -4.471984 -0.100000 -0.327899
v -4.471984 0.100000 -0.327899
v -4.475667 -0.100000 -0.321148
v -4.475667 0.100000 -0.321148
v -4.479141 -0.100000 -0.314703
v -4.479141 0.100000 -0.314703
v -4.482375 -0.100000 -0.308644
v -4.482375 0.100000 -0.308644
v -4.485339 -0.100000 -0.303049
v -4.485339 0.100000 -0.303049
v -4.488000 -0.100000 -0.298000
v -4.488000 0.100000 -0.298000
v -3.207000 -0.100000 -0.261135
v -3.207000 0.100000 -0.261135
v -3.207000 -0.100000 -0.248750
v -3.207000 0.100000 -0.248750
v -3.207000 -0.100000 -0.235156
v -3.207000 0.100000 -0.235156
v -3.207000 -0.100000 -0.220667
v -3.207000 0.100000 -0.220667
v -3.207000 -0.100000 -0.205594
v -3.207000 0.100000 -0.205594
v -3.207000 -0.100000 -0.190250
v -3.207000 0.100000 -0.190250
v -3.207000 -0.100000 -0.174948
v -3.207000 0.100000 -0.174948
v -3.207000 -0.100000 -0.160000
v -3.207000 0.100000 -0.160000
v -3.207000 -0.100000 -0.145719
v -3.207000 0.100000 -0.145719
v -3.207000 -0.100000 -0.132417
v -3.207000 0.100000 -0.132417
v -3.207000 -0.100000 -0.120406
v -3.207000 0.100000 -0.120406
v -3.207000 -0.100000 -0.110000
v -3.207000 0.100000 -0.110000
v -3.207691 -0.100000 -0.053257
v -3.207691 0.100000 -0.053257
v -3.209778 -0.100000 -0.002639
v -3.209778 0.100000 -0.002639
v -3.213281 -0.100000 0.042437
v -3.213281 0.100000 0.042437
v -3.218222 -0.100000 0.082556
v -3.218222 0.100000 0.082556
v -3.224622 -0.100000 0.118299
v -3.224622 0.100000 0.118299
v -3.232500 -0.100000 0.150250
v -3.232500 0.100000 0.150250
v -3.241879 -0.100000 0.178993
v -3.241879 0.100000 0.178993
v -3.252778 -0.100000 0.205111
v -3.252778 0.100000 0.205111
v -3.265219 -0.100000 0.229187
v -3.265219 0.100000 0.229187
v -3.279222 -0.100000 0.251806
v -3.279222 0.100000 0.251806
v -3.294809 -0.100000 0.273549
v -3.294809 0.100000 0.273549
v -3.312000 -0.100000 0.295000
v -3.312000 0.100000 0.295000
v -3.328943 -0.100000 0.313781
v -3.328943 0.100000 0.313781
v -3.347130 -0.100000 0.331162
v -3.347130 0.100000 0.331162
v -3.366344 -0.100000 0.347203
v -3.366344 0.100000 0.347203
v -3.386370 -0.100000 0.361963
v -3.386370 0.100000 0.361963
v -3.406994 -0.100000 0.375501
v -3.406994 0.100000 0.375501
v -3.428000 -0.100000 0.387875
v -3.428000 0.100000 0.387875
v -3.449172 -0.100000 0.399145
v -3.449172 0.100000 0.399145
v -3.470296 -0.100000 0.409370
v -3.470296 0.100000 0.409370
v -3.491156 -0.100000 0.418609
v -3.491156 0.100000 0.418609
v -3.511537 -0.100000 0.426921
v -3.511537 0.100000 0.426921
v -3.531223 -0.100000 0.434365
v -3.531223 0.100000 0.434365
v -3.550000 -0.100000 0.441000
v -3.550000 0.100000 0.441000
v -3.615000 -0.100000 0.372000
v -3.615000 0.100000 0.372000
v -3.592155 -0.100000 0.365888
v -3.592155 0.100000 0.365888
v -3.569657 -0.100000 0.359023
v -3.569657 0.100000 0.359023
v -3.547562 -0.100000 0.351359
v -3.547562 0.100000 0.351359
v -3.525926 -0.100000 0.342852
v -3.525926 0.100000 0.342852
v -3.504803 -0.100000 0.333455
v -3.504803 0.100000 0.333455
v -3.484250 -0.100000 0.323125
v -3.484250 0.100000 0.323125
v -3.464322 -0.100000 0.311815
v -3.464322 0.100000 0.311815
v -3.445074 -0.100000 0.299481
v -3.445074 0.100000 0.299481
v -3.426562 -0.100000 0.286078
v -3.426562 0.100000 0.286078
v -3.408843 -0.100000 0.271560
v -3.408843 0.100000 0.271560
v -3.391970 -0.100000 0.255883
v -3.391970 0.100000 0.255883
v -3.376000 -0.100000 0.239000
v -3.376000 0.100000 0.239000
v -3.359452 -0.100000 0.218228
v -3.359452 0.100000 0.218228
v -3.345199 -0.100000 0.197157
v -3.345199 0.100000 0.197157
v -3.333078 -0.100000 0.175406
v -3.333078 0.100000 0.175406
v -3.322926 -0.100000 0.152592
v -3.322926 0.100000 0.152592
v -3.314579 -0.100000 0.128334
v -3.314579 0.100000 0.128334
v -3.307875 -0.100000 0.102250
v -3.307875 0.100000 0.102250
v -3.302650 -0.100000 0.073957
v -3.302650 0.100000 0.073957
v -3.298741 -0.100000 0.043074
v -3.298741 0.100000 0.043074
v -3.295984 -0.100000 0.009219
v -3.295984 0.100000 0.009219
v -3.294218 -0.100000 -0.027991
v -3.294218 0.100000 -0.027991
v -3.293277 -0.100000 -0.068936
v -3.293277 0.100000 -0.068936
v -3.293000 -0.100000 -0.114000
v -3.293000 0.100000 -0.114000
v -3.293000 -0.100000 -0.124423
v -3.293000 0.100000 -0.124423
v -3.293000 -0.100000 -0.136468
v -3.293000 0.100000 -0.136468
v -3.293000 -0.100000 -0.149797
v -3.293000 0.100000 -0.149797
v -3.293000 -0.100000 -0.164074
v -3.293000 0.100000 -0.164074
v -3.293000 -0.100000 -0.178962
v -3.293000 0.100000 -0.178962
v -3.293000 -0.100000 -0.194125
v -3.293000 0.100000 -0.194125
v -3.293000 -0.100000 -0.209225
v -3.293000 0.100000 -0.209225
v -3.293000 -0.100000 -0.223926
v -3.293000 0.100000 -0.223926
v -3.293000 -0.100000 -0.237891
v -3.293000 0.100000 -0.237891
v -3.293000 -0.100000 -0.250782
v -3.293000 0.100000 -0.250782
v -3.293000 -0.100000 -0.262265
v -3.293000 0.100000 -0.262265
v -3.293000 -0.100000 -0.272000
v -3.293000 0.100000 -0.272000
v -3.293041 -0.100000 -0.280377
v -3.293041 0.100000 -0.280377
v -3.293162 -0.100000 -0.288514
v -3.293162 0.100000 -0.288514
v -3.293359 -0.100000 -0.296422
v -3.293359 0.100000 -0.296422
v -3.293630 -0.100000 -0.304111
v -3.293630 0.100000 -0.304111
v -3.293969 -0.100000 -0.311592
v -3.293969 0.100000 -0.311592
v -3.294375 -0.100000 -0.318875
v -3.294375 0.100000 -0.318875
v -3.294843 -0.100000 -0.325971
v -3.294843 0.100000 -0.325971
v -3.295370 -0.100000 -0.332889
v -3.295370 0.100000 -0.332889
v -3.295953 -0.100000 -0.339641
v -3.295953 0.100000 -0.339641
v -3.296588 -0.100000 -0.346236
v -3.296588 0.100000 -0.346236
v -3.297271 -0.100000 -0.352686
v -3.297271 0.100000 -0.352686
v -3.298000 -0.100000 -0.359000
v -3.298000 0.100000 -0.359000
v -3.204000 -0.100000 -0.359000
v -3.204000 0.100000 -0.359000
v -3.204479 -0.100000 -0.352686
v -3.204479 0.100000 -0.352686
v -3.204917 -0.100000 -0.346236
v -3.204917 0.100000 -0.346236
v -3.205313 -0.100000 -0.339641
v -3.205313 0.100000 -0.339641
v -3.205667 -0.100000 -0.332889
v -3.205667 0.100000 -0.332889
v -3.205979 -0.100000 -0.325971
v -3.205979 0.100000 -0.325971
v -3.206250 -0.100000 -0.318875
v -3.206250 0.100000 -0.318875
v -3.206479 -0.100000 -0.311592
v -3.206479 0.100000 -0.311592
v -3.206667 -0.100000 -0.304111
v -3.206667 0.100000 -0.304111
v -3.206812 -0.100000 -0.296422
v -3.206812 0.100000 -0.296422
v -3.206917 -0.100000 -0.288514
v -3.206917 0.100000 -0.288514
v -3.206979 -0.100000 -0.280377
v -3.206979 0.100000 -0.280377
v -3.207000 -0.100000 -0.272000
v -3.207000 0.100000 -0.272000
v -3.672000 -0.100000 -0.266928
v -3.672000 0.100000 -0.266928
v -3.672000 -0.100000 -0.246759
v -3.672000 0.100000 -0.246759
v -3.672000 -0.100000 -0.220063
v -3.672000 0.100000 -0.220063
v -3.672000 -0.100000 -0.188407
v -3.672000 0.100000 -0.188407
v -3.672000 -0.100000 -0.153364
v -3.672000 0.100000 -0.153364
v -3.672000 -0.100000 -0.116500
v -3.672000 0.100000 -0.116500
v -3.672000 -0.100000 -0.079387
v -3.672000 0.100000 -0.079387
v -3.672000 -0.100000 -0.043593
v -3.672000 0.100000 -0.043593
v -3.672000 -0.100000 -0.010688
v -3.672000 0.100000 -0.010688
v -3.672000 -0.100000 0.017759
v -3.672000 0.100000 0.017759
v -3.672000 -0.100000 0.040178
v -3.672000 0.100000 0.040178
v -3.672000 -0.100000 0.055000
v -3.672000 0.100000 0.055000
v -3.671959 -0.100000 0.061403
v -3.671959 0.100000 0.061403
v -3.671843 -0.100000 0.068060
v -3.671843 0.100000 0.068060
v -3.671656 -0.100000 0.074891
v -3.671656 0.100000 0.074891
v -3.671407 -0.100000 0.081815
v -3.671407 0.100000 0.081815
v -3.671103 -0.100000 0.088753
v -3.671103 0.100000 0.088753
v -3.670750 -0.100000 0.095625
v -3.670750 0.100000 0.095625
v -3.670355 -0.100000 0.102351
v -3.670355 0.100000 0.102351
v -3.669926 -0.100000 0.108852
v -3.669926 0.100000 0.108852
v -3.669469 -0.100000 0.115047
v -3.669469 0.100000 0.115047
v -3.668991 -0.100000 0.120856
v -3.668991 0.100000 0.120856
v -3.668499 -0.100000 0.126201
v -3.668499 0.100000 0.126201
v -3.668000 -0.100000 0.131000
v -3.668000 0.100000 0.131000
v -3.760000 -0.100000 0.131000
v -3.760000 0.100000 0.131000
v -3.759482 -0.100000 0.126907
v -3.759482 0.100000 0.126907
v -3.758935 -0.100000 0.122171
v -3.758935 0.100000 0.122171
v -3.758375 -0.100000 0.116859
v -3.758375 0.100000 0.116859
v -3.757815 -0.100000 0.111037
v -3.757815 0.100000 0.111037
v -3.757269 -0.100000 0.104770
v -3.757269 0.100000 0.104770
v -3.756750 -0.100000 0.098125
v -3.756750 0.100000 0.098125
v -3.756273 -0.100000 0.091167
v -3.756273 0.100000 0.091167
v -3.755852 -0.100000 0.083963
v -3.755852 0.100000 0.083963
v -3.755500 -0.100000 0.076578
v -3.755500 0.100000 0.076578
v -3.755231 -0.100000 0.069079
v -3.755231 0.100000 0.069079
v -3.755060 -0.100000 0.061531
v -3.755060 0.100000 0.061531
v -3.755000 -0.100000 0.054000
v -3.755000 0.100000 0.054000
v -3.755000 -0.100000 0.039198
v -3.755000 0.100000 0.039198
v -3.755000 -0.100000 0.016833
v -3.755000 0.100000 0.016833
v -3.755000 -0.100000 -0.011531
v -3.755000 0.100000 -0.011531
v -3.755000 -0.100000 -0.044333
v -3.755000 0.100000 -0.044333
v -3.755000 -0.100000 -0.080010
v -3.755000 0.100000 -0.080010
v -3.755000 -0.100000 -0.117000
v -3.755000 0.100000 -0.117000
v -3.755000 -0.100000 -0.153740
v -3.755000 0.100000 -0.153740
v -3.755000 -0.100000 -0.188667
v -3.755000 0.100000 -0.188667
v -3.755000 -0.100000 -0.220219
v -3.755000 0.100000 -0.220219
v -3.755000 -0.100000 -0.246833
v -3.755000 0.100000 -0.246833
v -3.755000 -0.100000 -0.266948
v -3.755000 0.100000 -0.266948
v -3.755000 -0.100000 -0.279000
v -3.755000 0.100000 -0.279000
v -3.755041 -0.100000 -0.283835
v -3.755041 0.100000 -0.283835
v -3.755157 -0.100000 -0.289264
v -3.755157 0.100000 -0.289264
v -3.755344 -0.100000 -0.295172
v -3.755344 0.100000 -0.295172
v -3.755593 -0.100000 -0.301444
v -3.755593 0.100000 -0.301444
v -3.755897 -0.100000 -0.307967
v -3.755897 0.100000 -0.307967
v -3.756250 -0.100000 -0.314625
v -3.756250 0.100000 -0.314625
v -3.756645 -0.100000 -0.321304
v -3.756645 0.100000 -0.321304
v -3.757074 -0.100000 -0.327889
v -3.757074 0.100000 -0.327889
v -3.757531 -0.100000 -0.334266
v -3.757531 0.100000 -0.334266
v -3.758009 -0.100000 -0.340320
v -3.758009 0.100000 -0.340320
v -3.758501 -0.100000 -0.345936
v -3.758501 0.100000 -0.345936
v -3.759000 -0.100000 -0.351000
v -3.759000 0.100000 -0.351000
v -3.668000 -0.100000 -0.351000
v -3.668000 0.100000 -0.351000
v -3.668499 -0.100000 -0.346050
v -3.668499 0.100000 -0.346050
v -3.668991 -0.100000 -0.340736
v -3.668991 0.100000 -0.340736
v -3.669469 -0.100000 -0.335109
v -3.669469 0.100000 -0.335109
v -3.669926 -0.100000 -0.329222
v -3.669926 0.100000 -0.329222
v -3.670355 -0.100000 -0.323127
v -3.670355 0.100000 -0.323127
v -3.670750 -0.100000 -0.316875
v -3.670750 0.100000 -0.316875
v -3.671103 -0.100000 -0.310519
v -3.671103 0.100000 -0.310519
v -3.671407 -0.100000 -0.304111
v -3.671407 0.100000 -0.304111
v -3.671656 -0.100000 -0.297703
v -3.671656 0.100000 -0.297703
v -3.671843 -0.100000 -0.291347
v -3.671843 0.100000 -0.291347
v -3.671959 -0.100000 -0.285096
v -3.671959 0.100000 -0.285096
v -3.672000 -0.100000 -0.279000
v -3.672000 0.100000 -0.279000
v -2.492000 -0.100000 0.066000
v -2.492000 0.100000 0.066000
v -2.495464 -0.100000 0.053137
v -2.495464 0.100000 0.053137
v -2.500208 -0.100000 0.037426
v -2.500208 0.100000 0.037426
v -2.506016 -0.100000 0.019437
v -2.506016 0.100000 0.019437
v -2.512666 -0.100000 -0.000259
v -2.512666 0.100000 -0.000259
v -2.519943 -0.100000 -0.021095
v -2.519943 0.100000 -0.021095
v -2.527625 -0.100000 -0.042500
v -2.527625 0.100000 -0.042500
v -2.535495 -0.100000 -0.063905
v -2.535495 0.100000 -0.063905
v -2.543333 -0.100000 -0.084741
v -2.543333 0.100000 -0.084741
v -2.550922 -0.100000 -0.104438
v -2.550922 0.100000 -0.104438
v -2.558042 -0.100000 -0.122426
v -2.558042 0.100000 -0.122426
v -2.564474 -0.100000 -0.138137
v -2.564474 0.100000 -0.138137
v -2.570000 -0.100000 -0.151000
v -2.570000 0.100000 -0.151000
v -2.497000 -0.100000 -0.176000
v -2.497000 0.100000 -0.176000
v -2.492123 -0.100000 -0.164188
v -2.492123 0.100000 -0.164188
v -2.486148 -0.100000 -0.149167
v -2.486148 0.100000 -0.149167
v -2.479312 -0.100000 -0.131563
v -2.479312 0.100000 -0.131563
v -2.471852 -0.100000 -0.112000
v -2.471852 0.100000 -0.112000
v -2.464002 -0.100000 -0.091104
v -2.464002 0.100000 -0.091104
v -2.456000 -0.100000 -0.069500
v -2.456000 0.100000 -0.069500
v -2.448081 -0.100000 -0.047813
v -2.448081 0.100000 -0.047813
v -2.440481 -0.100000 -0.026667
v -2.440481 0.100000 -0.026667
v -2.433437 -0.100000 -0.006688
v -2.433437 0.100000 -0.006688
v -2.427185 -0.100000 0.011500
v -2.427185 0.100000 0.011500
v -2.421961 -0.100000 0.027271
v -2.421961 0.100000 0.027271
v -2.418000 -0.100000 0.040000
v -2.418000 0.100000 0.040000
v -2.157091 -0.100000 -0.042571
v -2.157091 0.100000 -0.042571
v -2.164893 -0.100000 -0.015315
v -2.164893 0.100000 -0.015315
v -2.173453 -0.100000 0.011719
v -2.173453 0.100000 0.011719
v -2.182815 -0.100000 0.038482
v -2.182815 0.100000 0.038482
v -2.193024 -0.100000 0.064925
v -2.193024 0.100000 0.064925
v -2.204125 -0.100000 0.091000
v -2.204125 0.100000 0.091000
v -2.216164 -0.100000 0.116659
v -2.216164 0.100000 0.116659
v -2.229185 -0.100000 0.141852
v -2.229185 0.100000 0.141852
v -2.243234 -0.100000 0.166531
v -2.243234 0.100000 0.166531
v -2.258357 -0.100000 0.190648
v -2.258357 0.100000 0.190648
v -2.274597 -0.100000 0.214154
v -2.274597 0.100000 0.214154
v -2.292000 -0.100000 0.237000
v -2.292000 0.100000 0.237000
v -2.315602 -0.100000 0.265650
v -2.315602 0.100000 0.265650
v -2.340315 -0.100000 0.292616
v -2.340315 0.100000 0.292616
v -2.366000 -0.100000 0.317922
v -2.366000 0.100000 0.317922
v -2.392519 -0.100000 0.341593
v -2.392519 0.100000 0.341593
v -2.419732 -0.100000 0.363652
v -2.419732 0.100000 0.363652
v -2.447500 -0.100000 0.384125
v -2.447500 0.100000 0.384125
v -2.475685 -0.100000 0.403035
v -2.475685 0.100000 0.403035
v -2.504148 -0.100000 0.420407
v -2.504148 0.100000 0.420407
v -2.532750 -0.100000 0.436266
v -2.532750 0.100000 0.436266
v -2.561352 -0.100000 0.450634
v -2.561352 0.100000 0.450634
v -2.589815 -0.100000 0.463538
v -2.589815 0.100000 0.463538
v -2.618000 -0.100000 0.475000
v -2.618000 0.100000 0.475000
v -2.684000 -0.100000 0.408000
v -2.684000 0.100000 0.408000
v -2.654803 -0.100000 0.398634
v -2.654803 0.100000 0.398634
v -2.625342 -0.100000 0.387569
v -2.625342 0.100000 0.387569
v -2.595812 -0.100000 0.374859
v -2.595812 0.100000 0.374859
v -2.566407 -0.100000 0.360556
v -2.566407 0.100000 0.360556
v -2.537322 -0.100000 0.344710
v -2.537322 0.100000 0.344710
v -2.508750 -0.100000 0.327375
v -2.508750 0.100000 0.327375
v -2.480886 -0.100000 0.308602
v -2.480886 0.100000 0.308602
v -2.453926 -0.100000 0.288444
v -2.453926 0.100000 0.288444
v -2.428062 -0.100000 0.266953
v -2.428062 0.100000 0.266953
v -2.403491 -0.100000 0.244181
v -2.403491 0.100000 0.244181
v -2.380405 -0.100000 0.220179
v -2.380405 0.100000 0.220179
v -2.359000 -0.100000 0.195000
v -2.359000 0.100000 0.195000
v -2.341656 -0.100000 0.172439
v -2.341656 0.100000 0.172439
v -2.325167 -0.100000 0.148347
v -2.325167 0.100000 0.148347
v -2.309594 -0.100000 0.122859
v -2.309594 0.100000 0.122859
v -2.295000 -0.100000 0.096111
v -2.295000 0.100000 0.096111
v -2.281448 -0.100000 0.068238
v -2.281448 0.100000 0.068238
v -2.269000 -0.100000 0.039375
v -2.269000 0.100000 0.039375
v -2.257719 -0.100000 0.009658
v -2.257719 0.100000 0.009658
v -2.247667 -0.100000 -0.020778
v -2.247667 0.100000 -0.020778
v -2.238906 -0.100000 -0.051797
v -2.238906 0.100000 -0.051797
v -2.231500 -0.100000 -0.083264
v -2.231500 0.100000 -0.083264
v -2.225510 -0.100000 -0.115043
v -2.225510 0.100000 -0.115043
v -2.221000 -0.100000 -0.147000
v -2.221000 0.100000 -0.147000
v -2.135000 -0.100000 -0.120000
v -2.135000 0.100000 -0.120000
v -2.136689 -0.100000 -0.114853
v -2.136689 0.100000 -0.114853
v -2.138264 -0.100000 -0.109907
v -2.138264 0.100000 -0.109907
v -2.139734 -0.100000 -0.105156
v -2.139734 0.100000 -0.105156
v -2.141111 -0.100000 -0.100593
v -2.141111 0.100000 -0.100593
v -2.142404 -0.100000 -0.096210
v -2.142404 0.100000 -0.096210
v -2.143625 -0.100000 -0.092000
v -2.143625 0.100000 -0.092000
v -2.144783 -0.100000 -0.087957
v -2.144783 0.100000 -0.087957
v -2.145889 -0.100000 -0.084074
v -2.145889 0.100000 -0.084074
v -2.146953 -0.100000 -0.080344
v -2.146953 0.100000 -0.080344
v -2.147986 -0.100000 -0.076759
v -2.147986 0.100000 -0.076759
v -2.148998 -0.100000 -0.073314
v -2.148998 0.100000 -0.073314
v -2.150000 -0.100000 -0.070000
v -2.150000 0.100000 -0.070000
v -2.714000 -0.100000 0.128000
v -2.714000 0.100000 0.128000
v -2.718539 -0.100000 0.113318
v -2.718539 0.100000 0.113318
v -2.724481 -0.100000 0.095708
v -2.724481 0.100000 0.095708
v -2.731562 -0.100000 0.075828
v -2.731562 0.100000 0.075828
v -2.739518 -0.100000 0.054333
v -2.739518 0.100000 0.054333
v -2.748085 -0.100000 0.031880
v -2.748085 0.100000 0.031880
v -2.757000 -0.100000 0.009125
v -2.757000 0.100000 0.009125
v -2.765997 -0.100000 -0.013276
v -2.765997 0.100000 -0.013276
v -2.774815 -0.100000 -0.034667
v -2.774815 0.100000 -0.034667
v -2.783187 -0.100000 -0.054391
v -2.783187 0.100000 -0.054391
v -2.790852 -0.100000 -0.071792
v -2.790852 0.100000 -0.071792
v -2.797544 -0.100000 -0.086214
v -2.797544 0.100000 -0.086214
v -2.803000 -0.100000 -0.097000
v -2.803000 0.100000 -0.097000
v -2.729000 -0.100000 -0.126000
v -2.729000 0.100000 -0.126000
v -2.723371 -0.100000 -0.113513
v -2.723371 0.100000 -0.113513
v -2.716634 -0.100000 -0.097940
v -2.716634 0.100000 -0.097940
v -2.709016 -0.100000 -0.079859
v -2.709016 0.100000 -0.079859
v -2.700741 -0.100000 -0.059852
v -2.700741 0.100000 -0.059852
v -2.692035 -0.100000 -0.038497
v -2.692035 0.100000 -0.038497
v -2.683125 -0.100000 -0.016375
v -2.683125 0.100000 -0.016375
v -2.674236 -0.100000 0.005935
v -2.674236 0.100000 0.005935
v -2.665593 -0.100000 0.027852
v -2.665593 0.100000 0.027852
v -2.657422 -0.100000 0.048797
v -2.657422 0.100000 0.048797
v -2.649949 -0.100000 0.068190
v -2.649949 0.100000 0.068190
v -2.643400 -0.100000 0.085451
v -2.643400 0.100000 0.085451
v -2.638000 -0.100000 0.100000
v -2.638000 0.100000 0.100000
v -1.512000 -0.100000 -0.256000
v -1.512000 0.100000 -0.256000
v -1.240000 -0.100000 -0.256000
v -1.240000 0.100000 -0.256000
v -1.233355 -0.100000 -0.256063
v -1.233355 0.100000 -0.256063
v -1.226921 -0.100000 -0.256255
v -1.226921 0.100000 -0.256255
v -1.220703 -0.100000 -0.256578
v -1.220703 0.100000 -0.256578
v -1.214704 -0.100000 -0.257037
v -1.214704 0.100000 -0.257037
v -1.208927 -0.100000 -0.257635
v -1.208927 0.100000 -0.257635
v -1.203375 -0.100000 -0.258375
v -1.203375 0.100000 -0.258375
v -1.198053 -0.100000 -0.259261
v -1.198053 0.100000 -0.259261
v -1.192963 -0.100000 -0.260296
v -1.192963 0.100000 -0.260296
v -1.188109 -0.100000 -0.261484
v -1.188109 0.100000 -0.261484
v -1.183495 -0.100000 -0.262829
v -1.183495 0.100000 -0.262829
v -1.179124 -0.100000 -0.264333
v -1.179124 0.100000 -0.264333
v -1.175000 -0.100000 -0.266000
v -1.175000 0.100000 -0.266000
v -1.108000 -0.100000 -0.225000
v -1.108000 0.100000 -0.225000
v -1.110037 -0.100000 -0.221322
v -1.110037 0.100000 -0.221322
v -1.112134 -0.100000 -0.217324
v -1.112134 0.100000 -0.217324
v -1.114265 -0.100000 -0.213063
v -1.114265 0.100000 -0.213063
v -1.116407 -0.100000 -0.208593
v -1.116407 0.100000 -0.208593
v -1.118535 -0.100000 -0.203970
v -1.118535 0.100000 -0.203970
v -1.120625 -0.100000 -0.199250
v -1.120625 0.100000 -0.199250
v -1.122652 -0.100000 -0.194488
v -1.122652 0.100000 -0.194488
v -1.124592 -0.100000 -0.189741
v -1.124592 0.100000 -0.189741
v -1.126422 -0.100000 -0.185063
v -1.126422 0.100000 -0.185063
v -1.128116 -0.100000 -0.180509
v -1.128116 0.100000 -0.180509
v -1.129650 -0.100000 -0.176137
v -1.129650 0.100000 -0.176137
v -1.131000 -0.100000 -0.172000
v -1.131000 0.100000 -0.172000
v -1.138474 -0.100000 -0.146077
v -1.138474 0.100000 -0.146077
v -1.147380 -0.100000 -0.118949
v -1.147380 0.100000 -0.118949
v -1.157687 -0.100000 -0.090828
v -1.157687 0.100000 -0.090828
v -1.169370 -0.100000 -0.061926
v -1.169370 0.100000 -0.061926
v -1.182400 -0.100000 -0.032454
v -1.182400 0.100000 -0.032454
v -1.196750 -0.100000 -0.002625
v -1.196750 0.100000 -0.002625
v -1.212391 -0.100000 0.027350
v -1.212391 0.100000 0.027350
v -1.229296 -0.100000 0.057259
v -1.229296 0.100000 0.057259
v -1.247437 -0.100000 0.086891
v -1.247437 0.100000 0.086891
v -1.266787 -0.100000 0.116032
v -1.266787 0.100000 0.116032
v -1.287317 -0.100000 0.144473
v -1.287317 0.100000 0.144473
v -1.309000 -0.100000 0.172000
v -1.309000 0.100000 0.172000
v -1.332357 -0.100000 0.199352
v -1.332357 0.100000 0.199352
v -1.357023 -0.100000 0.225898
v -1.357023 0.100000 0.225898
v -1.383141 -0.100000 0.251625
v -1.383141 0.100000 0.251625
v -1.410852 -0.100000 0.276518
v -1.410852 0.100000 0.276518
v -1.440299 -0.100000 0.300565
v -1.440299 0.100000 0.300565
v -1.471625 -0.100000 0.323750
v -1.471625 0.100000 0.323750
v -1.504972 -0.100000 0.346060
v -1.504972 0.100000 0.346060
v -1.540482 -0.100000 0.367481
v -1.540482 0.100000 0.367481
v -1.578297 -0.100000 0.388000
v -1.578297 0.100000 0.388000
v -1.618560 -0.100000 0.407602
v -1.618560 0.100000 0.407602
v -1.661414 -0.100000 0.426273
v -1.661414 0.100000 0.426273
v -1.707000 -0.100000 0.444000
v -1.707000 0.100000 0.444000
v -1.779000 -0.100000 0.379000
v -1.779000 0.100000 0.379000
v -1.734445 -0.100000 0.364742
v -1.734445 0.100000 0.364742
v -1.692222 -0.100000 0.349019
v -1.692222 0.100000 0.349019
v -1.652250 -0.100000 0.331906
v -1.652250 0.100000 0.331906
v -1.614444 -0.100000 0.313481
v -1.614444 0.100000 0.313481
v -1.578722 -0.100000 0.293821
v -1.578722 0.100000 0.293821
v -1.545000 -0.100000 0.273000
v -1.545000 0.100000 0.273000
v -1.513195 -0.100000 0.251096
v -1.513195 0.100000 0.251096
v -1.483222 -0.100000 0.228185
v -1.483222 0.100000 0.228185
v -1.455000 -0.100000 0.204344
v -1.455000 0.100000 0.204344
v -1.428444 -0.100000 0.179648
v -1.428444 0.100000 0.179648
v -1.403472 -0.100000 0.154175
v -1.403472 0.100000 0.154175
v -1.380000 -0.100000 0.128000
v -1.380000 0.100000 0.128000
v -1.360868 -0.100000 0.104273
v -1.360868 0.100000 0.104273
v -1.342523 -0.100000 0.079264
v -1.342523 0.100000 0.079264
v -1.325047 -0.100000 0.053234
v -1.325047 0.100000 0.053234
v -1.308518 -0.100000 0.026444
v -1.308518 0.100000 0.026444
v -1.293018 -0.100000 -0.000846
v -1.293018 0.100000 -0.000846
v -1.278625 -0.100000 -0.028375
v -1.278625 0.100000 -0.028375
v -1.265419 -0.100000 -0.055884
v -1.265419 0.100000 -0.055884
v -1.253481 -0.100000 -0.083111
v -1.253481 0.100000 -0.083111
v -1.242891 -0.100000 -0.109797
v -1.242891 0.100000 -0.109797
v -1.233727 -0.100000 -0.135681
v -1.233727 0.100000 -0.135681
v -1.226070 -0.100000 -0.160502
v -1.226070 0.100000 -0.160502
v -1.220000 -0.100000 -0.184000
v -1.220000 0.100000 -0.184000
v -1.559000 -0.100000 -0.184000
v -1.559000 0.100000 -0.184000
v -1.574501 -0.100000 -0.162908
v -1.574501 0.100000 -0.162908
v -1.591005 -0.100000 -0.141681
v -1.591005 0.100000 -0.141681
v -1.608516 -0.100000 -0.120391
v -1.608516 0.100000 -0.120391
v -1.627037 -0.100000 -0.099111
v -1.627037 0.100000 -0.099111
v -1.646572 -0.100000 -0.077915
v -1.646572 0.100000 -0.077915
v -1.667125 -0.100000 -0.056875
v -1.667125 0.100000 -0.056875
v -1.688699 -0.100000 -0.036064
v -1.688699 0.100000 -0.036064
v -1.711296 -0.100000 -0.015556
v -1.711296 0.100000 -0.015556
v -1.734922 -0.100000 0.004578
v -1.734922 0.100000 0.004578
v -1.759579 -0.100000 0.024264
v -1.759579 0.100000 0.024264
v -1.785270 -0.100000 0.043429
v -1.785270 0.100000 0.043429
v -1.812000 -0.100000 0.062000
v -1.812000 0.100000 0.062000
v -1.881000 -0.100000 0.010000
v -1.881000 0.100000 0.010000
v -1.839511 -0.100000 -0.016569
v -1.839511 0.100000 -0.016569
v -1.801005 -0.100000 -0.044551
v -1.801005 0.100000 -0.044551
v -1.765422 -0.100000 -0.073609
v -1.765422 0.100000 -0.073609
v -1.732704 -0.100000 -0.103407
v -1.732704 0.100000 -0.103407
v -1.702791 -0.100000 -0.133608
v -1.702791 0.100000 -0.133608
v -1.675625 -0.100000 -0.163875
v -1.675625 0.100000 -0.163875
v -1.651147 -0.100000 -0.193871
v -1.651147 0.100000 -0.193871
v -1.629297 -0.100000 -0.223259
v -1.629297 0.100000 -0.223259
v -1.610016 -0.100000 -0.251703
v -1.610016 0.100000 -0.251703
v -1.593246 -0.100000 -0.278866
v -1.593246 0.100000 -0.278866
v -1.578927 -0.100000 -0.304410
v -1.578927 0.100000 -0.304410
v -1.567000 -0.100000 -0.328000
v -1.567000 0.100000 -0.328000
v -1.564404 -0.100000 -0.332629
v -1.564404 0.100000 -0.332629
v -1.561648 -0.100000 -0.337949
v -1.561648 0.100000 -0.337949
v -1.558781 -0.100000 -0.343859
v -1.558781 0.100000 -0.343859
v -1.555852 -0.100000 -0.350259
v -1.555852 0.100000 -0.350259
v -1.552908 -0.100000 -0.357048
v -1.552908 0.100000 -0.357048
v -1.550000 -0.100000 -0.364125
v -1.550000 0.100000 -0.364125
v -1.547175 -0.100000 -0.371390
v -1.547175 0.100000 -0.371390
v -1.544482 -0.100000 -0.378741
v -1.544482 0.100000 -0.378741
v -1.541969 -0.100000 -0.386078
v -1.541969 0.100000 -0.386078
v -1.539685 -0.100000 -0.393301
v -1.539685 0.100000 -0.393301
v -1.537679 -0.100000 -0.400308
v -1.537679 0.100000 -0.400308
v -1.536000 -0.100000 -0.407000
v -1.536000 0.100000 -0.407000
v -1.443000 -0.100000 -0.377000
v -1.443000 0.100000 -0.377000
v -1.447265 -0.100000 -0.370347
v -1.447265 0.100000 -0.370347
v -1.451541 -0.100000 -0.363440
v -1.451541 0.100000 -0.363440
v -1.455797 -0.100000 -0.356359
v -1.455797 0.100000 -0.356359
v -1.460000 -0.100000 -0.349185
v -1.460000 0.100000 -0.349185
v -1.464120 -0.100000 -0.341997
v -1.464120 0.100000 -0.341997
v -1.468125 -0.100000 -0.334875
v -1.468125 0.100000 -0.334875
v -1.471984 -0.100000 -0.327899
v -1.471984 0.100000 -0.327899
v -1.475667 -0.100000 -0.321148
v -1.475667 0.100000 -0.321148
v -1.479141 -0.100000 -0.314703
v -1.479141 0.100000 -0.314703
v -1.482375 -0.100000 -0.308644
v -1.482375 0.100000 -0.308644
v -1.485338 -0.100000 -0.303049
v -1.485338 0.100000 -0.303049
v -1.488000 -0.100000 -0.298000
v -1.488000 0.100000 -0.298000
v -0.793241 -0.100000 -0.264991
v -0.793241 0.100000 -0.264991
v -0.769763 -0.100000 -0.267426
v -0.769763 0.100000 -0.267426
v -0.742015 -0.100000 -0.270250
v -0.742015 0.100000 -0.270250
v -0.710444 -0.100000 -0.273407
v -0.710444 0.100000 -0.273407
v -0.675498 -0.100000 -0.276843
v -0.675498 0.100000 -0.276843
v -0.637625 -0.100000 -0.280500
v -0.637625 0.100000 -0.280500
v -0.597273 -0.100000 -0.284324
v -0.597273 0.100000 -0.284324
v -0.554889 -0.100000 -0.288259
v -0.554889 0.100000 -0.288259
v -0.510922 -0.100000 -0.292250
v -0.510922 0.100000 -0.292250
v -0.465819 -0.100000 -0.296241
v -0.465819 0.100000 -0.296241
v -0.420030 -0.100000 -0.300176
v -0.420030 0.100000 -0.300176
v -0.374000 -0.100000 -0.304000
v -0.374000 0.100000 -0.304000
v -0.347069 -0.100000 -0.306188
v -0.347069 0.100000 -0.306188
v -0.320806 -0.100000 -0.308250
v -0.320806 0.100000 -0.308250
v -0.295250 -0.100000 -0.310188
v -0.295250 0.100000 -0.310188
v -0.270444 -0.100000 -0.312000
v -0.270444 0.100000 -0.312000
v -0.246430 -0.100000 -0.313688
v -0.246430 0.100000 -0.313688
v -0.223250 -0.100000 -0.315250
v -0.223250 0.100000 -0.315250
v -0.200944 -0.100000 -0.316688
v -0.200944 0.100000 -0.316688
v -0.179555 -0.100000 -0.318000
v -0.179555 0.100000 -0.318000
v -0.159125 -0.100000 -0.319188
v -0.159125 0.100000 -0.319188
v -0.139694 -0.100000 -0.320250
v -0.139694 0.100000 -0.320250
v -0.121305 -0.100000 -0.321188
v -0.121305 0.100000 -0.321188
v -0.104000 -0.100000 -0.322000
v -0.104000 0.100000 -0.322000
v -0.104000 -0.100000 -0.242000
v -0.104000 0.100000 -0.242000
v -0.118856 -0.100000 -0.241972
v -0.118856 0.100000 -0.241972
v -0.134768 -0.100000 -0.241857
v -0.134768 0.100000 -0.241857
v -0.151499 -0.100000 -0.241609
v -0.151499 0.100000 -0.241609
v -0.168814 -0.100000 -0.241185
v -0.168814 0.100000 -0.241185
v -0.186476 -0.100000 -0.240539
v -0.186476 0.100000 -0.240539
v -0.204249 -0.100000 -0.239625
v -0.204249 0.100000 -0.239625
v -0.221898 -0.100000 -0.238399
v -0.221898 0.100000 -0.238399
v -0.239185 -0.100000 -0.236815
v -0.239185 0.100000 -0.236815
v -0.255875 -0.100000 -0.234828
v -0.255875 0.100000 -0.234828
v -0.271731 -0.100000 -0.232394
v -0.271731 0.100000 -0.232394
v -0.286519 -0.100000 -0.229466
v -0.286519 0.100000 -0.229466
v -0.300000 -0.100000 -0.226000
v -0.300000 0.100000 -0.226000
v -0.334335 -0.100000 -0.212372
v -0.334335 0.100000 -0.212372
v -0.366268 -0.100000 -0.194810
v -0.366268 0.100000 -0.194810
v -0.395687 -0.100000 -0.173797
v -0.395687 0.100000 -0.173797
v -0.422481 -0.100000 -0.149815
v -0.422481 0.100000 -0.149815
v -0.446539 -0.100000 -0.123347
v -0.446539 0.100000 -0.123347
v -0.467750 -0.100000 -0.094875
v -0.467750 0.100000 -0.094875
v -0.486002 -0.100000 -0.064883
v -0.486002 0.100000 -0.064883
v -0.501185 -0.100000 -0.033852
v -0.501185 0.100000 -0.033852
v -0.513187 -0.100000 -0.002266
v -0.513187 0.100000 -0.002266
v -0.521898 -0.100000 0.029393
v -0.521898 0.100000 0.029393
v -0.527206 -0.100000 0.060643
v -0.527206 0.100000 0.060643
v -0.529000 -0.100000 0.091000
v -0.529000 0.100000 0.091000
v -0.525325 -0.100000 0.137024
v -0.525325 0.100000 0.137024
v -0.514764 -0.100000 0.177773
v -0.514764 0.100000 0.177773
v -0.498016 -0.100000 0.213516
v -0.498016 0.100000 0.213516
v -0.475778 -0.100000 0.244518
v -0.475778 0.100000 0.244518
v -0.448749 -0.100000 0.271049
v -0.448749 0.100000 0.271049
v -0.417625 -0.100000 0.293375
v -0.417625 0.100000 0.293375
v -0.383106 -0.100000 0.311763
v -0.383106 0.100000 0.311763
v -0.345889 -0.100000 0.326481
v -0.345889 0.100000 0.326481
v -0.306672 -0.100000 0.337797
v -0.306672 0.100000 0.337797
v -0.266153 -0.100000 0.345977
v -0.266153 0.100000 0.345977
v -0.225029 -0.100000 0.351289
v -0.225029 0.100000 0.351289
v -0.184000 -0.100000 0.354000
v -0.184000 0.100000 0.354000
v -0.213000 -0.100000 0.437000
v -0.213000 0.100000 0.437000
v -0.259654 -0.100000 0.433315
v -0.259654 0.100000 0.433315
v -0.306569 -0.100000 0.425685
v -0.306569 0.100000 0.425685
v -0.352921 -0.100000 0.414000
v -0.352921 0.100000 0.414000
v -0.397888 -0.100000 0.398148
v -0.397888 0.100000 0.398148
v -0.440647 -0.100000 0.378018
v -0.440647 0.100000 0.378018
v -0.480375 -0.100000 0.353500
v -0.480375 0.100000 0.353500
v -0.516248 -0.100000 0.324481
v -0.516248 0.100000 0.324481
v -0.547444 -0.100000 0.290852
v -0.547444 0.100000 0.290852
v -0.573141 -0.100000 0.252500
v -0.573141 0.100000 0.252500
v -0.592514 -0.100000 0.209315
v -0.592514 0.100000 0.209315
v -0.604742 -0.100000 0.161185
v -0.604742 0.100000 0.161185
v -0.609000 -0.100000 0.108000
v -0.609000 0.100000 0.108000
v -0.607077 -0.100000 0.069629
v -0.607077 0.100000 0.069629
v -0.601537 -0.100000 0.032616
v -0.601537 0.100000 0.032616
v -0.592719 -0.100000 -0.002891
v -0.592719 0.100000 -0.002891
v -0.580963 -0.100000 -0.036741
v -0.580963 0.100000 -0.036741
v -0.566610 -0.100000 -0.068785
v -0.566610 0.100000 -0.068785
v -0.550000 -0.100000 -0.098875
v -0.550000 0.100000 -0.098875
v -0.531473 -0.100000 -0.126861
v -0.531473 0.100000 -0.126861
v -0.511370 -0.100000 -0.152593
v -0.511370 0.100000 -0.152593
v -0.490031 -0.100000 -0.175922
v -0.490031 0.100000 -0.175922
v -0.467796 -0.100000 -0.196699
v -0.467796 0.100000 -0.196699
v -0.445006 -0.100000 -0.214775
v -0.445006 0.100000 -0.214775
v -0.422000 -0.100000 -0.230000
v -0.422000 0.100000 -0.230000
v -0.451663 -0.100000 -0.226758
v -0.451663 0.100000 -0.226758
v -0.486467 -0.100000 -0.223060
v -0.486467 0.100000 -0.223060
v -0.525390 -0.100000 -0.218953
v -0.525390 0.100000 -0.218953
v -0.567407 -0.100000 -0.214481
v -0.567407 0.100000 -0.214481
v -0.611494 -0.100000 -0.209690
v -0.611494 0.100000 -0.209690
v -0.656625 -0.100000 -0.204625
v -0.656625 0.100000 -0.204625
v -0.701777 -0.100000 -0.199330
v -0.701777 0.100000 -0.199330
v -0.745926 -0.100000 -0.193852
v -0.745926 0.100000 -0.193852
v -0.788047 -0.100000 -0.188234
v -0.788047 0.100000 -0.188234
v -0.827116 -0.100000 -0.182523
v -0.827116 0.100000 -0.182523
v -0.862108 -0.100000 -0.176763
v -0.862108 0.100000 -0.176763
v -0.892000 -0.100000 -0.171000
v -0.892000 0.100000 -0.171000
v -0.901000 -0.100000 -0.258000
v -0.901000 0.100000 -0.258000
v -0.891629 -0.100000 -0.258270
v -0.891629 0.100000 -0.258270
v -0.882532 -0.100000 -0.258579
v -0.882532 0.100000 -0.258579
v -0.873734 -0.100000 -0.258922
v -0.873734 0.100000 -0.258922
v -0.865259 -0.100000 -0.259296
v -0.865259 0.100000 -0.259296
v -0.857131 -0.100000 -0.259699
v -0.857131 0.100000 -0.259699
v -0.849375 -0.100000 -0.260125
v -0.849375 0.100000 -0.260125
v -0.842014 -0.100000 -0.260572
v -0.842014 0.100000 -0.260572
v -0.835074 -0.100000 -0.261037
v -0.835074 0.100000 -0.261037
v -0.828578 -0.100000 -0.261516
v -0.828578 0.100000 -0.261516
v -0.822551 -0.100000 -0.262005
v -0.822551 0.100000 -0.262005
v -0.817017 -0.100000 -0.262501
v -0.817017 0.100000 -0.262501
v -0.812000 -0.100000 -0.263000
v -0.812000 0.100000 -0.263000
v -0.217000 -0.100000 0.044000
v -0.217000 0.100000 0.044000
v -0.222872 -0.100000 0.031925
v -0.222872 0.100000 0.031925
v -0.228977 -0.100000 0.019736
v -0.228977 0.100000 0.019736
v -0.235297 -0.100000 0.007484
v -0.235297 0.100000 0.007484
v -0.241815 -0.100000 -0.004778
v -0.241815 0.100000 -0.004778
v -0.248513 -0.100000 -0.016998
v -0.248513 0.100000 -0.016998
v -0.255375 -0.100000 -0.029125
v -0.255375 0.100000 -0.029125
v -0.262383 -0.100000 -0.041106
v -0.262383 0.100000 -0.041106
v -0.269518 -0.100000 -0.052889
v -0.269518 0.100000 -0.052889
v -0.276765 -0.100000 -0.064422
v -0.276765 0.100000 -0.064422
v -0.284106 -0.100000 -0.075653
v -0.284106 0.100000 -0.075653
v -0.291523 -0.100000 -0.086530
v -0.291523 0.100000 -0.086530
v -0.299000 -0.100000 -0.097000
v -0.299000 0.100000 -0.097000
v -0.248000 -0.100000 -0.119000
v -0.248000 0.100000 -0.119000
v -0.241956 -0.100000 -0.110173
v -0.241956 0.100000 -0.110173
v -0.235398 -0.100000 -0.100301
v -0.235398 0.100000 -0.100301
v -0.228437 -0.100000 -0.089547
v -0.228437 0.100000 -0.089547
v -0.221185 -0.100000 -0.078074
v -0.221185 0.100000 -0.078074
v -0.213752 -0.100000 -0.066046
v -0.213752 0.100000 -0.066046
v -0.206250 -0.100000 -0.053625
v -0.206250 0.100000 -0.053625
v -0.198789 -0.100000 -0.040975
v -0.198789 0.100000 -0.040975
v -0.191481 -0.100000 -0.028259
v -0.191481 0.100000 -0.028259
v -0.184437 -0.100000 -0.015641
v -0.184437 0.100000 -0.015641
v -0.177768 -0.100000 -0.003282
v -0.177768 0.100000 -0.003282
v -0.171586 -0.100000 0.008652
v -0.171586 0.100000 0.008652
v -0.166000 -0.100000 0.020000
v -0.166000 0.100000 0.020000
v -0.104000 -0.100000 0.002000
v -0.104000 0.100000 0.002000
v -0.110103 -0.100000 -0.010246
v -0.110103 0.100000 -0.010246
v -0.116403 -0.100000 -0.022468
v -0.116403 0.100000 -0.022468
v -0.122891 -0.100000 -0.034641
v -0.122891 0.100000 -0.034641
v -0.129556 -0.100000 -0.046741
v -0.129556 0.100000 -0.046741
v -0.136387 -0.100000 -0.058744
v -0.136387 0.100000 -0.058744
v -0.143375 -0.100000 -0.070625
v -0.143375 0.100000 -0.070625
v -0.150509 -0.100000 -0.082361
v -0.150509 0.100000 -0.082361
v -0.157778 -0.100000 -0.093926
v -0.157778 0.100000 -0.093926
v -0.165172 -0.100000 -0.105297
v -0.165172 0.100000 -0.105297
v -0.172681 -0.100000 -0.116449
v -0.172681 0.100000 -0.116449
v -0.180294 -0.100000 -0.127358
v -0.180294 0.100000 -0.127358
v -0.188000 -0.100000 -0.138000
v -0.188000 0.100000 -0.138000
v -0.139000 -0.100000 -0.161000
v -0.139000 0.100000 -0.161000
v -0.132685 -0.100000 -0.152193
v -0.132685 0.100000 -0.152193
v -0.125818 -0.100000 -0.142375
v -0.125818 0.100000 -0.142375
v -0.118515 -0.100000 -0.131703
v -0.118515 0.100000 -0.131703
v -0.110888 -0.100000 -0.120333
v -0.110888 0.100000 -0.120333
v -0.103053 -0.100000 -0.108422
v -0.103053 0.100000 -0.108422
v -0.095124 -0.100000 -0.096125
v -0.095124 0.100000 -0.096125
v -0.087216 -0.100000 -0.083599
v -0.087216 0.100000 -0.083599
v -0.079444 -0.100000 -0.071000
v -0.079444 0.100000 -0.071000
v -0.071921 -0.100000 -0.058484
v -0.071921 0.100000 -0.058484
v -0.064764 -0.100000 -0.046208
v -0.064764 0.100000 -0.046208
v -0.058085 -0.100000 -0.034328
v -0.058085 0.100000 -0.034328
v -0.052000 -0.100000 -0.023000
v -0.052000 0.100000 -0.023000
v 0.398357 -0.100000 -0.367521
v 0.398357 0.100000 -0.367521
v 0.389440 -0.100000 -0.364088
v 0.389440 0.100000 -0.364088
v 0.380266 -0.100000 -0.360703
v 0.380266 0.100000 -0.360703
v 0.370852 -0.100000 -0.357370
v 0.370852 0.100000 -0.357370
v 0.361216 -0.100000 -0.354093
v 0.361216 0.100000 -0.354093
v 0.351375 -0.100000 -0.350875
v 0.351375 0.100000 -0.350875
v 0.341347 -0.100000 -0.347719
v 0.341347 0.100000 -0.347719
v 0.331148 -0.100000 -0.344630
v 0.331148 0.100000 -0.344630
v 0.320797 -0.100000 -0.341609
v 0.320797 0.100000 -0.341609
v 0.310310 -0.100000 -0.338662
v 0.310310 0.100000 -0.338662
v 0.299706 -0.100000 -0.335791
v 0.299706 0.100000 -0.335791
v 0.289000 -0.100000 -0.333000
v 0.289000 0.100000 -0.333000
v 0.289000 -0.100000 -0.153000
v 0.289000 0.100000 -0.153000
v 0.412000 -0.100000 -0.153000
v 0.412000 0.100000 -0.153000
v 0.412000 -0.100000 -0.083000
v 0.412000 0.100000 -0.083000
v 0.289000 -0.100000 -0.083000
v 0.289000 0.100000 -0.083000
v 0.289000 -0.100000 -0.060000
v 0.289000 0.100000 -0.060000
v 0.296309 -0.100000 -0.051585
v 0.296309 0.100000 -0.051585
v 0.305468 -0.100000 -0.040681
v 0.305468 0.100000 -0.040681
v 0.316078 -0.100000 -0.027797
v 0.316078 0.100000 -0.027797
v 0.327741 -0.100000 -0.013445
v 0.327741 0.100000 -0.013445
v 0.340056 -0.100000 0.001866
v 0.340056 0.100000 0.001866
v 0.352625 -0.100000 0.017625
v 0.352625 0.100000 0.017625
v 0.365048 -0.100000 0.033321
v 0.365048 0.100000 0.033321
v 0.376926 -0.100000 0.048444
v 0.376926 0.100000 0.048444
v 0.387859 -0.100000 0.062484
v 0.387859 0.100000 0.062484
v 0.397449 -0.100000 0.074931
v 0.397449 0.100000 0.074931
v 0.405295 -0.100000 0.085273
v 0.405295 0.100000 0.085273
v 0.411000 -0.100000 0.093000
v 0.411000 0.100000 0.093000
v 0.367000 -0.100000 0.153000
v 0.367000 0.100000 0.153000
v 0.363078 -0.100000 0.144940
v 0.363078 0.100000 0.144940
v 0.358375 -0.100000 0.135856
v 0.358375 0.100000 0.135856
v 0.352984 -0.100000 0.125891
v 0.352984 0.100000 0.125891
v 0.347000 -0.100000 0.115185
v 0.347000 0.100000 0.115185
v 0.340516 -0.100000 0.103882
v 0.340516 0.100000 0.103882
v 0.333625 -0.100000 0.092125
v 0.333625 0.100000 0.092125
v 0.326422 -0.100000 0.080055
v 0.326422 0.100000 0.080055
v 0.319000 -0.100000 0.067815
v 0.319000 0.100000 0.067815
v 0.311453 -0.100000 0.055547
v 0.311453 0.100000 0.055547
v 0.303875 -0.100000 0.043393
v 0.303875 0.100000 0.043393
v 0.296360 -0.100000 0.031497
v 0.296360 0.100000 0.031497
v 0.289000 -0.100000 0.020000
v 0.289000 0.100000 0.020000
v 0.289000 -0.100000 0.481000
v 0.289000 0.100000 0.481000
v 0.219000 -0.100000 0.481000
v 0.219000 0.100000 0.481000
v 0.219000 -0.100000 0.035000
v 0.219000 0.100000 0.035000
v 0.209797 -0.100000 0.060707
v 0.209797 0.100000 0.060707
v 0.200213 -0.100000 0.086241
v 0.200213 0.100000 0.086241
v 0.190281 -0.100000 0.111469
v 0.190281 0.100000 0.111469
v 0.180037 -0.100000 0.136259
v 0.180037 0.100000 0.136259
v 0.169515 -0.100000 0.160480
v 0.169515 0.100000 0.160480
v 0.158750 -0.100000 0.184000
v 0.158750 0.100000 0.184000
v 0.147777 -0.100000 0.206686
v 0.147777 0.100000 0.206686
v 0.136630 -0.100000 0.228407
v 0.136630 0.100000 0.228407
v 0.125344 -0.100000 0.249031
v 0.125344 0.100000 0.249031
v 0.113954 -0.100000 0.268426
v 0.113954 0.100000 0.268426
v 0.102494 -0.100000 0.286459
v 0.102494 0.100000 0.286459
v 0.091000 -0.100000 0.303000
v 0.091000 0.100000 0.303000
v 0.088800 -0.100000 0.297575
v 0.088800 0.100000 0.297575
v 0.086240 -0.100000 0.291847
v 0.086240 0.100000 0.291847
v 0.083375 -0.100000 0.285891
v 0.083375 0.100000 0.285891
v 0.080259 -0.100000 0.279778
v 0.080259 0.100000 0.279778
v 0.076949 -0.100000 0.273582
v 0.076949 0.100000 0.273582
v 0.073500 -0.100000 0.267375
v 0.073500 0.100000 0.267375
v 0.069967 -0.100000 0.261231
v 0.069967 0.100000 0.261231
v 0.066407 -0.100000 0.255222
v 0.066407 0.100000 0.255222
v 0.062875 -0.100000 0.249422
v 0.062875 0.100000 0.249422
v 0.059426 -0.100000 0.243903
v 0.059426 0.100000 0.243903
v 0.056116 -0.100000 0.238738
v 0.056116 0.100000 0.238738
v 0.053000 -0.100000 0.234000
v 0.053000 0.100000 0.234000
v 0.067067 -0.100000 0.214815
v 0.067067 0.100000 0.214815
v 0.081199 -0.100000 0.193435
v 0.081199 0.100000 0.193435
v 0.095297 -0.100000 0.170125
v 0.095297 0.100000 0.170125
v 0.109259 -0.100000 0.145148
v 0.109259 0.100000 0.145148
v 0.122985 -0.100000 0.118768
v 0.122985 0.100000 0.118768
v 0.136375 -0.100000 0.091250
v 0.136375 0.100000 0.091250
v 0.149327 -0.100000 0.062856
v 0.149327 0.100000 0.062856
v 0.161741 -0.100000 0.033852
v 0.161741 0.100000 0.033852
v 0.173516 -0.100000 0.004500
v 0.173516 0.100000 0.004500
v 0.184551 -0.100000 -0.024935
v 0.184551 0.100000 -0.024935
v 0.194746 -0.100000 -0.054190
v 0.194746 0.100000 -0.054190
v 0.204000 -0.100000 -0.083000
v 0.204000 0.100000 -0.083000
v 0.067000 -0.100000 -0.083000
v 0.067000 0.100000 -0.083000
v 0.067000 -0.100000 -0.153000
v 0.067000 0.100000 -0.153000
v 0.219000 -0.100000 -0.153000
v 0.219000 0.100000 -0.153000
v 0.219000 -0.100000 -0.316000
v 0.219000 0.100000 -0.316000
v 0.208751 -0.100000 -0.313791
v 0.208751 0.100000 -0.313791
v 0.198514 -0.100000 -0.311662
v 0.198514 0.100000 -0.311662
v 0.188296 -0.100000 -0.309609
v 0.188296 0.100000 -0.309609
v 0.178111 -0.100000 -0.307630
v 0.178111 0.100000 -0.307630
v 0.167966 -0.100000 -0.305719
v 0.167966 0.100000 -0.305719
v 0.157875 -0.100000 -0.303875
v 0.157875 0.100000 -0.303875
v 0.147845 -0.100000 -0.302093
v 0.147845 0.100000 -0.302093
v 0.137889 -0.100000 -0.300370
v 0.137889 0.100000 -0.300370
v 0.128016 -0.100000 -0.298703
v 0.128016 0.100000 -0.298703
v 0.118236 -0.100000 -0.297088
v 0.118236 0.100000 -0.297088
v 0.108561 -0.100000 -0.295521
v 0.108561 0.100000 -0.295521
v 0.099000 -0.100000 -0.294000
v 0.099000 0.100000 -0.294000
v 0.098109 -0.100000 -0.298178
v 0.098109 0.100000 -0.298178
v 0.096954 -0.100000 -0.302671
v 0.096954 0.100000 -0.302671
v 0.095563 -0.100000 -0.307422
v 0.095563 0.100000 -0.307422
v 0.093964 -0.100000 -0.312370
v 0.093964 0.100000 -0.312370
v 0.092184 -0.100000 -0.317458
v 0.092184 0.100000 -0.317458
v 0.090250 -0.100000 -0.322625
v 0.090250 0.100000 -0.322625
v 0.088192 -0.100000 -0.327813
v 0.088192 0.100000 -0.327813
v 0.086037 -0.100000 -0.332963
v 0.086037 0.100000 -0.332963
v 0.083813 -0.100000 -0.338016
v 0.083813 0.100000 -0.338016
v 0.081546 -0.100000 -0.342912
v 0.081546 0.100000 -0.342912
v 0.079266 -0.100000 -0.347593
v 0.079266 0.100000 -0.347593
v 0.077000 -0.100000 -0.352000
v 0.077000 0.100000 -0.352000
v 0.102296 -0.100000 -0.356954
v 0.102296 0.100000 -0.356954
v 0.128033 -0.100000 -0.362296
v 0.128033 0.100000 -0.362296
v 0.153985 -0.100000 -0.368000
v 0.153985 0.100000 -0.368000
v 0.179926 -0.100000 -0.374037
v 0.179926 0.100000 -0.374037
v 0.205631 -0.100000 -0.380380
v 0.205631 0.100000 -0.380380
v 0.230875 -0.100000 -0.387000
v 0.230875 0.100000 -0.387000
v 0.255431 -0.100000 -0.393870
v 0.255431 0.100000 -0.393870
v 0.279074 -0.100000 -0.400963
v 0.279074 0.100000 -0.400963
v 0.301578 -0.100000 -0.408250
v 0.301578 0.100000 -0.408250
v 0.322718 -0.100000 -0.415704
v 0.322718 0.100000 -0.415704
v 0.342267 -0.100000 -0.423296
v 0.342267 0.100000 -0.423296
v 0.360000 -0.100000 -0.431000
v 0.360000 0.100000 -0.431000
v 0.407000 -0.100000 -0.371000
v 0.407000 0.100000 -0.371000
v 0.594616 -0.100000 -0.221050
v 0.594616 0.100000 -0.221050
v 0.603422 -0.100000 -0.215731
v 0.603422 0.100000 -0.215731
v 0.612360 -0.100000 -0.210094
v 0.612360 0.100000 -0.210094
v 0.621371 -0.100000 -0.204185
v 0.621371 0.100000 -0.204185
v 0.630396 -0.100000 -0.198054
v 0.630396 0.100000 -0.198054
v 0.639376 -0.100000 -0.191750
v 0.639376 0.100000 -0.191750
v 0.648251 -0.100000 -0.185321
v 0.648251 0.100000 -0.185321
v 0.656963 -0.100000 -0.178815
v 0.656963 0.100000 -0.178815
v 0.665453 -0.100000 -0.172281
v 0.665453 0.100000 -0.172281
v 0.673662 -0.100000 -0.165769
v 0.673662 0.100000 -0.165769
v 0.681531 -0.100000 -0.159325
v 0.681531 0.100000 -0.159325
v 0.689000 -0.100000 -0.153000
v 0.689000 0.100000 -0.153000
v 0.701851 -0.100000 -0.162126
v 0.701851 0.100000 -0.162126
v 0.714389 -0.100000 -0.171505
v 0.714389 0.100000 -0.171505
v 0.726593 -0.100000 -0.181141
v 0.726593 0.100000 -0.181141
v 0.738444 -0.100000 -0.191037
v 0.738444 0.100000 -0.191037
v 0.749920 -0.100000 -0.201197
v 0.749920 0.100000 -0.201197
v 0.761000 -0.100000 -0.211625
v 0.761000 0.100000 -0.211625
v 0.771663 -0.100000 -0.222324
v 0.771663 0.100000 -0.222324
v 0.781888 -0.100000 -0.233296
v 0.781888 0.100000 -0.233296
v 0.791656 -0.100000 -0.244547
v 0.791656 0.100000 -0.244547
v 0.800944 -0.100000 -0.256079
v 0.800944 0.100000 -0.256079
v 0.809732 -0.100000 -0.267895
v 0.809732 0.100000 -0.267895
v 0.818000 -0.100000 -0.280000
v 0.818000 0.100000 -0.280000
v 0.609000 -0.100000 -0.280000
v 0.609000 0.100000 -0.280000
v 0.597604 -0.100000 -0.270043
v 0.597604 0.100000 -0.270043
v 0.585908 -0.100000 -0.260181
v 0.585908 0.100000 -0.260181
v 0.573907 -0.100000 -0.250422
v 0.573907 0.100000 -0.250422
v 0.561594 -0.100000 -0.240778
v 0.561594 0.100000 -0.240778
v 0.548960 -0.100000 -0.231259
v 0.548960 0.100000 -0.231259
v 0.536001 -0.100000 -0.221875
v 0.536001 0.100000 -0.221875
v 0.522708 -0.100000 -0.212637
v 0.522708 0.100000 -0.212637
v 0.509075 -0.100000 -0.203556
v 0.509075 0.100000 -0.203556
v 0.495094 -0.100000 -0.194641
v 0.495094 0.100000 -0.194641
v 0.480760 -0.100000 -0.185903
v 0.480760 0.100000 -0.185903
v 0.466064 -0.100000 -0.177352
v 0.466064 0.100000 -0.177352
v 0.451000 -0.100000 -0.169000
v 0.451000 0.100000 -0.169000
v 0.447781 -0.100000 -0.173174
v 0.447781 0.100000 -0.173174
v 0.444167 -0.100000 -0.177639
v 0.444167 0.100000 -0.177639
v 0.440219 -0.100000 -0.182313
v 0.440219 0.100000 -0.182313
v 0.436000 -0.100000 -0.187111
v 0.436000 0.100000 -0.187111
v 0.431573 -0.100000 -0.191951
v 0.431573 0.100000 -0.191951
v 0.427001 -0.100000 -0.196750
v 0.427001 0.100000 -0.196750
v 0.422344 -0.100000 -0.201424
v 0.422344 0.100000 -0.201424
v 0.417667 -0.100000 -0.205889
v 0.417667 0.100000 -0.205889
v 0.413032 -0.100000 -0.210063
v 0.413032 0.100000 -0.210063
v 0.408500 -0.100000 -0.213861
v 0.408500 0.100000 -0.213861
v 0.404136 -0.100000 -0.217201
v 0.404136 0.100000 -0.217201
v 0.400000 -0.100000 -0.220000
v 0.400000 0.100000 -0.220000
v 0.430266 -0.100000 -0.235730
v 0.430266 0.100000 -0.235730
v 0.459042 -0.100000 -0.252338
v 0.459042 0.100000 -0.252338
v 0.486297 -0.100000 -0.269703
v 0.486297 0.100000 -0.269703
v 0.512000 -0.100000 -0.287704
v 0.512000 0.100000 -0.287704
v 0.536120 -0.100000 -0.306218
v 0.536120 0.100000 -0.306218
v 0.558625 -0.100000 -0.325125
v 0.558625 0.100000 -0.325125
v 0.579484 -0.100000 -0.344303
v 0.579484 0.100000 -0.344303
v 0.598667 -0.100000 -0.363630
v 0.598667 0.100000 -0.363630
v 0.616141 -0.100000 -0.382984
v 0.616141 0.100000 -0.382984
v 0.631875 -0.100000 -0.402245
v 0.631875 0.100000 -0.402245
v 0.645839 -0.100000 -0.421291
v 0.645839 0.100000 -0.421291
v 0.658000 -0.100000 -0.440000
v 0.658000 0.100000 -0.440000
v 0.735000 -0.100000 -0.425000
v 0.735000 0.100000 -0.425000
v 0.730439 -0.100000 -0.418250
v 0.730439 0.100000 -0.418250
v 0.725755 -0.100000 -0.411500
v 0.725755 0.100000 -0.411500
v 0.720953 -0.100000 -0.404750
v 0.720953 0.100000 -0.404750
v 0.716037 -0.100000 -0.398000
v 0.716037 0.100000 -0.398000
v 0.711010 -0.100000 -0.391250
v 0.711010 0.100000 -0.391250
v 0.705875 -0.100000 -0.384500
v 0.705875 0.100000 -0.384500
v 0.700636 -0.100000 -0.377750
v 0.700636 0.100000 -0.377750
v 0.695296 -0.100000 -0.371000
v 0.695296 0.100000 -0.371000
v 0.689859 -0.100000 -0.364250
v 0.689859 0.100000 -0.364250
v 0.684329 -0.100000 -0.357500
v 0.684329 0.100000 -0.357500
v 0.678708 -0.100000 -0.350750
v 0.678708 0.100000 -0.350750
v 0.673000 -0.100000 -0.344000
v 0.673000 0.100000 -0.344000
v 0.861000 -0.100000 -0.344000
v 0.861000 0.100000 -0.344000
v 0.874000 -0.100000 -0.347000
v 0.874000 0.100000 -0.347000
v 0.922000 -0.100000 -0.323000
v 0.922000 0.100000 -0.323000
v 0.898309 -0.100000 -0.277442
v 0.898309 0.100000 -0.277442
v 0.870472 -0.100000 -0.235204
v 0.870472 0.100000 -0.235204
v 0.838844 -0.100000 -0.196188
v 0.838844 0.100000 -0.196188
v 0.803778 -0.100000 -0.160296
v 0.803778 0.100000 -0.160296
v 0.765628 -0.100000 -0.127433
v 0.765628 0.100000 -0.127433
v 0.724750 -0.100000 -0.097500
v 0.724750 0.100000 -0.097500
v 0.681497 -0.100000 -0.070401
v 0.681497 0.100000 -0.070401
v 0.636222 -0.100000 -0.046037
v 0.636222 0.100000 -0.046037
v 0.589282 -0.100000 -0.024313
v 0.589282 0.100000 -0.024313
v 0.541028 -0.100000 -0.005130
v 0.541028 0.100000 -0.005130
v 0.491816 -0.100000 0.011609
v 0.491816 0.100000 0.011609
v 0.442000 -0.100000 0.026000
v 0.442000 0.100000 0.026000
v 0.439800 -0.100000 0.021364
v 0.439800 0.100000 0.021364
v 0.437236 -0.100000 0.016495
v 0.437236 0.100000 0.016495
v 0.434359 -0.100000 0.011453
v 0.434359 0.100000 0.011453
v 0.431222 -0.100000 0.006296
v 0.431222 0.100000 0.006296
v 0.427876 -0.100000 0.001084
v 0.427876 0.100000 0.001084
v 0.424375 -0.100000 -0.004125
v 0.424375 0.100000 -0.004125
v 0.420769 -0.100000 -0.009271
v 0.420769 0.100000 -0.009271
v 0.417111 -0.100000 -0.014296
v 0.417111 0.100000 -0.014296
v 0.413453 -0.100000 -0.019141
v 0.413453 0.100000 -0.019141
v 0.409847 -0.100000 -0.023745
v 0.409847 0.100000 -0.023745
v 0.406345 -0.100000 -0.028052
v 0.406345 0.100000 -0.028052
v 0.403000 -0.100000 -0.032000
v 0.403000 0.100000 -0.032000
v 0.422495 -0.100000 -0.036708
v 0.422495 0.100000 -0.036708
v 0.441958 -0.100000 -0.041833
v 0.441958 0.100000 -0.041833
v 0.461360 -0.100000 -0.047375
v 0.461360 0.100000 -0.047375
v 0.480667 -0.100000 -0.053333
v 0.480667 0.100000 -0.053333
v 0.499849 -0.100000 -0.059708
v 0.499849 0.100000 -0.059708
v 0.518875 -0.100000 -0.066500
v 0.518875 0.100000 -0.066500
v 0.537714 -0.100000 -0.073708
v 0.537714 0.100000 -0.073708
v 0.556334 -0.100000 -0.081333
v 0.556334 0.100000 -0.081333
v 0.574703 -0.100000 -0.089375
v 0.574703 0.100000 -0.089375
v 0.592792 -0.100000 -0.097833
v 0.592792 0.100000 -0.097833
v 0.610568 -0.100000 -0.106708
v 0.610568 0.100000 -0.106708
v 0.628000 -0.100000 -0.116000
v 0.628000 0.100000 -0.116000
v 0.621049 -0.100000 -0.122306
v 0.621049 0.100000 -0.122306
v 0.613730 -0.100000 -0.128699
v 0.613730 0.100000 -0.128699
v 0.606093 -0.100000 -0.135141
v 0.606093 0.100000 -0.135141
v 0.598185 -0.100000 -0.141593
v 0.598185 0.100000 -0.141593
v 0.590054 -0.100000 -0.148017
v 0.590054 0.100000 -0.148017
v 0.581750 -0.100000 -0.154375
v 0.581750 0.100000 -0.154375
v 0.573320 -0.100000 -0.160629
v 0.573320 0.100000 -0.160629
v 0.564815 -0.100000 -0.166741
v 0.564815 0.100000 -0.166741
v 0.556281 -0.100000 -0.172672
v 0.556281 0.100000 -0.172672
v 0.547769 -0.100000 -0.178384
v 0.547769 0.100000 -0.178384
v 0.539325 -0.100000 -0.183840
v 0.539325 0.100000 -0.183840
v 0.531000 -0.100000 -0.189000
v 0.531000 0.100000 -0.189000
v 0.586000 -0.100000 -0.226000
v 0.586000 0.100000 -0.226000
v 0.644844 -0.100000 0.173951
v 0.644844 0.100000 0.173951
v 0.654833 -0.100000 0.180273
v 0.654833 0.100000 0.180273
v 0.664907 -0.100000 0.186922
v 0.664907 0.100000 0.186922
v 0.675000 -0.100000 0.193852
v 0.675000 0.100000 0.193852
v 0.685052 -0.100000 0.201018
v 0.685052 0.100000 0.201018
v 0.695000 -0.100000 0.208375
v 0.695000 0.100000 0.208375
v 0.704782 -0.100000 0.215878
v 0.704782 0.100000 0.215878
v 0.714334 -0.100000 0.223481
v 0.714334 0.100000 0.223481
v 0.723594 -0.100000 0.231141
v 0.723594 0.100000 0.231141
v 0.732500 -0.100000 0.238810
v 0.732500 0.100000 0.238810
v 0.740990 -0.100000 0.246445
v 0.740990 0.100000 0.246445
v 0.749000 -0.100000 0.254000
v 0.749000 0.100000 0.254000
v 0.762539 -0.100000 0.241792
v 0.762539 0.100000 0.241792
v 0.775652 -0.100000 0.229167
v 0.775652 0.100000 0.229167
v 0.788327 -0.100000 0.216125
v 0.788327 0.100000 0.216125
v 0.800555 -0.100000 0.202667
v 0.800555 0.100000 0.202667
v 0.812324 -0.100000 0.188792
v 0.812324 0.100000 0.188792
v 0.823625 -0.100000 0.174500
v 0.823625 0.100000 0.174500
v 0.834446 -0.100000 0.159792
v 0.834446 0.100000 0.159792
v 0.844778 -0.100000 0.144667
v 0.844778 0.100000 0.144667
v 0.854609 -0.100000 0.129125
v 0.854609 0.100000 0.129125
v 0.863930 -0.100000 0.113167
v 0.863930 0.100000 0.113167
v 0.872731 -0.100000 0.096792
v 0.872731 0.100000 0.096792
v 0.881000 -0.100000 0.080000
v 0.881000 0.100000 0.080000
v 0.684000 -0.100000 0.080000
v 0.684000 0.100000 0.080000
v 0.668957 -0.100000 0.094414
v 0.668957 0.100000 0.094414
v 0.653324 -0.100000 0.108644
v 0.653324 0.100000 0.108644
v 0.637094 -0.100000 0.122672
v 0.637094 0.100000 0.122672
v 0.620259 -0.100000 0.136481
v 0.620259 0.100000 0.136481
v 0.602814 -0.100000 0.150055
v 0.602814 0.100000 0.150055
v 0.584750 -0.100000 0.163375
v 0.584750 0.100000 0.163375
v 0.566061 -0.100000 0.176424
v 0.566061 0.100000 0.176424
v 0.546741 -0.100000 0.189185
v 0.546741 0.100000 0.189185
v 0.526782 -0.100000 0.201641
v 0.526782 0.100000 0.201641
v 0.506176 -0.100000 0.213773
v 0.506176 0.100000 0.213773
v 0.484918 -0.100000 0.225565
v 0.484918 0.100000 0.225565
v 0.463000 -0.100000 0.237000
v 0.463000 0.100000 0.237000
v 0.460050 -0.100000 0.232826
v 0.460050 0.100000 0.232826
v 0.456732 -0.100000 0.228356
v 0.456732 0.100000 0.228356
v 0.453094 -0.100000 0.223672
v 0.453094 0.100000 0.223672
v 0.449185 -0.100000 0.218852
v 0.449185 0.100000 0.218852
v 0.445055 -0.100000 0.213976
v 0.445055 0.100000 0.213976
v 0.440750 -0.100000 0.209125
v 0.440750 0.100000 0.209125
v 0.436321 -0.100000 0.204378
v 0.436321 0.100000 0.204378
v 0.431815 -0.100000 0.199815
v 0.431815 0.100000 0.199815
v 0.427281 -0.100000 0.195516
v 0.427281 0.100000 0.195516
v 0.422769 -0.100000 0.191560
v 0.422769 0.100000 0.191560
v 0.418325 -0.100000 0.188028
v 0.418325 0.100000 0.188028
v 0.414000 -0.100000 0.185000
v 0.414000 0.100000 0.185000
v 0.450767 -0.100000 0.166859
v 0.450767 0.100000 0.166859
v 0.485551 -0.100000 0.147537
v 0.485551 0.100000 0.147537
v 0.518328 -0.100000 0.127187
v 0.518328 0.100000 0.127187
v 0.549074 -0.100000 0.105963
v 0.549074 0.100000 0.105963
v 0.577765 -0.100000 0.084016
v 0.577765 0.100000 0.084016
v 0.604375 -0.100000 0.061500
v 0.604375 0.100000 0.061500
v 0.628881 -0.100000 0.038567
v 0.628881 0.100000 0.038567
v 0.651259 -0.100000 0.015370
v 0.651259 0.100000 0.015370
v 0.671484 -0.100000 -0.007938
v 0.671484 0.100000 -0.007938
v 0.689532 -0.100000 -0.031204
v 0.689532 0.100000 -0.031204
v 0.705379 -0.100000 -0.054276
v 0.705379 0.100000 -0.054276
v 0.719000 -0.100000 -0.077000
v 0.719000 0.100000 -0.077000
v 0.796000 -0.100000 -0.062000
v 0.796000 0.100000 -0.062000
v 0.791977 -0.100000 -0.055501
v 0.791977 0.100000 -0.055501
v 0.787902 -0.100000 -0.049005
v 0.787902 0.100000 -0.049005
v 0.783765 -0.100000 -0.042516
v 0.783765 0.100000 -0.042516
v 0.779555 -0.100000 -0.036037
v 0.779555 0.100000 -0.036037
v 0.775262 -0.100000 -0.029572
v 0.775262 0.100000 -0.029572
v 0.770875 -0.100000 -0.023125
v 0.770875 0.100000 -0.023125
v 0.766383 -0.100000 -0.016699
v 0.766383 0.100000 -0.016699
v 0.761777 -0.100000 -0.010296
v 0.761777 0.100000 -0.010296
v 0.757047 -0.100000 -0.003922
v 0.757047 0.100000 -0.003922
v 0.752181 -0.100000 0.002421
v 0.752181 0.100000 0.002421
v 0.747169 -0.100000 0.008730
v 0.747169 0.100000 0.008730
v 0.742000 -0.100000 0.015000
v 0.742000 0.100000 0.015000
v 0.916000 -0.100000 0.015000
v 0.916000 0.100000 0.015000
v 0.929000 -0.100000 0.012000
v 0.929000 0.100000 0.012000
v 0.978000 -0.100000 0.034000
v 0.978000 0.100000 0.034000
v 0.953252 -0.100000 0.096995
v 0.953252 0.100000 0.096995
v 0.923264 -0.100000 0.154625
v 0.923264 0.100000 0.154625
v 0.888422 -0.100000 0.207109
v 0.888422 0.100000 0.207109
v 0.849111 -0.100000 0.254667
v 0.849111 0.100000 0.254667
v 0.805717 -0.100000 0.297516
v 0.805717 0.100000 0.297516
v 0.758625 -0.100000 0.335875
v 0.758625 0.100000 0.335875
v 0.708220 -0.100000 0.369964
v 0.708220 0.100000 0.369964
v 0.654889 -0.100000 0.400000
v 0.654889 0.100000 0.400000
v 0.599016 -0.100000 0.426203
v 0.599016 0.100000 0.426203
v 0.540986 -0.100000 0.448792
v 0.540986 0.100000 0.448792
v 0.481186 -0.100000 0.467984
v 0.481186 0.100000 0.467984
v 0.420000 -0.100000 0.484000
v 0.420000 0.100000 0.484000
v 0.417800 -0.100000 0.479094
v 0.417800 0.100000 0.479094
v 0.415236 -0.100000 0.473921
v 0.415236 0.100000 0.473921
v 0.412359 -0.100000 0.468547
v 0.412359 0.100000 0.468547
v 0.409222 -0.100000 0.463037
v 0.409222 0.100000 0.463037
v 0.405877 -0.100000 0.457458
v 0.405877 0.100000 0.457458
v 0.402375 -0.100000 0.451875
v 0.402375 0.100000 0.451875
v 0.398769 -0.100000 0.446355
v 0.398769 0.100000 0.446355
v 0.395111 -0.100000 0.440963
v 0.395111 0.100000 0.440963
v 0.391453 -0.100000 0.435766
v 0.391453 0.100000 0.435766
v 0.387847 -0.100000 0.430829
v 0.387847 0.100000 0.430829
v 0.384346 -0.100000 0.426218
v 0.384346 0.100000 0.426218
v 0.381000 -0.100000 0.422000
v 0.381000 0.100000 0.422000
v 0.408929 -0.100000 0.416103
v 0.408929 0.100000 0.416103
v 0.436681 -0.100000 0.409407
v 0.436681 0.100000 0.409407
v 0.464203 -0.100000 0.401906
v 0.464203 0.100000 0.401906
v 0.491445 -0.100000 0.393593
v 0.491445 0.100000 0.393593
v 0.518353 -0.100000 0.384459
v 0.518353 0.100000 0.384459
v 0.544875 -0.100000 0.374500
v 0.544875 0.100000 0.374500
v 0.570960 -0.100000 0.363707
v 0.570960 0.100000 0.363707
v 0.596556 -0.100000 0.352074
v 0.596556 0.100000 0.352074
v 0.621610 -0.100000 0.339594
v 0.621610 0.100000 0.339594
v 0.646070 -0.100000 0.326259
v 0.646070 0.100000 0.326259
v 0.669884 -0.100000 0.312064
v 0.669884 0.100000 0.312064
v 0.693000 -0.100000 0.297000
v 0.693000 0.100000 0.297000
v 0.684989 -0.100000 0.289385
v 0.684989 0.100000 0.289385
v 0.676500 -0.100000 0.281579
v 0.676500 0.100000 0.281579
v 0.667593 -0.100000 0.273641
v 0.667593 0.100000 0.273641
v 0.658333 -0.100000 0.265630
v 0.658333 0.100000 0.265630
v 0.648781 -0.100000 0.257605
v 0.648781 0.100000 0.257605
v 0.639000 -0.100000 0.249625
v 0.639000 0.100000 0.249625
v 0.629052 -0.100000 0.241749
v 0.629052 0.100000 0.241749
v 0.619000 -0.100000 0.234037
v 0.619000 0.100000 0.234037
v 0.608906 -0.100000 0.226547
v 0.608906 0.100000 0.226547
v 0.598834 -0.100000 0.219338
v 0.598834 0.100000 0.219338
v 0.588844 -0.100000 0.212469
v 0.588844 0.100000 0.212469
v 0.579000 -0.100000 0.206000
v 0.579000 0.100000 0.206000
v 0.635000 -0.100000 0.168000
v 0.635000 0.100000 0.168000
v 1.747979 -0.100000 -0.408042
v 1.747979 0.100000 -0.408042
v 1.747917 -0.100000 -0.389171
v 1.747917 0.100000 -0.389171
v 1.747813 -0.100000 -0.370391
v 1.747813 0.100000 -0.370391
v 1.747667 -0.100000 -0.351704
v 1.747667 0.100000 -0.351704
v 1.747479 -0.100000 -0.333114
v 1.747479 0.100000 -0.333114
v 1.747250 -0.100000 -0.314625
v 1.747250 0.100000 -0.314625
v 1.746979 -0.100000 -0.296240
v 1.746979 0.100000 -0.296240
v 1.746667 -0.100000 -0.277963
v 1.746667 0.100000 -0.277963
v 1.746313 -0.100000 -0.259797
v 1.746313 0.100000 -0.259797
v 1.745917 -0.100000 -0.241745
v 1.745917 0.100000 -0.241745
v 1.745479 -0.100000 -0.223812
v 1.745479 0.100000 -0.223812
v 1.745000 -0.100000 -0.206000
v 1.745000 0.100000 -0.206000
v 1.958000 -0.100000 -0.206000
v 1.958000 0.100000 -0.206000
v 1.958000 -0.100000 -0.205444
v 1.958000 0.100000 -0.205444
v 1.958000 -0.100000 -0.203884
v 1.958000 0.100000 -0.203884
v 1.958000 -0.100000 -0.201484
v 1.958000 0.100000 -0.201484
v 1.958000 -0.100000 -0.198407
v 1.958000 0.100000 -0.198407
v 1.958000 -0.100000 -0.194817
v 1.958000 0.100000 -0.194817
v 1.958000 -0.100000 -0.190875
v 1.958000 0.100000 -0.190875
v 1.958000 -0.100000 -0.186746
v 1.958000 0.100000 -0.186746
v 1.958000 -0.100000 -0.182593
v 1.958000 0.100000 -0.182593
v 1.958000 -0.100000 -0.178578
v 1.958000 0.100000 -0.178578
v 1.958000 -0.100000 -0.174866
v 1.958000 0.100000 -0.174866
v 1.958000 -0.100000 -0.171619
v 1.958000 0.100000 -0.171619
v 1.958000 -0.100000 -0.169000
v 1.958000 0.100000 -0.169000
v 1.955256 -0.100000 -0.069039
v 1.955256 0.100000 -0.069039
v 1.952467 -0.100000 0.019773
v 1.952467 0.100000 0.019773
v 1.949547 -0.100000 0.098078
v 1.949547 0.100000 0.098078
v 1.946407 -0.100000 0.166518
v 1.946407 0.100000 0.166518
v 1.942962 -0.100000 0.225737
v 1.942962 0.100000 0.225737
v 1.939125 -0.100000 0.276375
v 1.939125 0.100000 0.276375
v 1.934808 -0.100000 0.319076
v 1.934808 0.100000 0.319076
v 1.929925 -0.100000 0.354481
v 1.929925 0.100000 0.354481
v 1.924390 -0.100000 0.383234
v 1.924390 0.100000 0.383234
v 1.918116 -0.100000 0.405977
v 1.918116 0.100000 0.405977
v 1.911015 -0.100000 0.423351
v 1.911015 0.100000 0.423351
v 1.903000 -0.100000 0.436000
v 1.903000 0.100000 0.436000
v 1.898684 -0.100000 0.442362
v 1.898684 0.100000 0.442362
v 1.894218 -0.100000 0.447981
v 1.894218 0.100000 0.447981
v 1.889579 -0.100000 0.452906
v 1.889579 0.100000 0.452906
v 1.884741 -0.100000 0.457185
v 1.884741 0.100000 0.457185
v 1.879682 -0.100000 0.460867
v 1.879682 0.100000 0.460867
v 1.874375 -0.100000 0.464000
v 1.874375 0.100000 0.464000
v 1.868798 -0.100000 0.466633
v 1.868798 0.100000 0.466633
v 1.862926 -0.100000 0.468815
v 1.862926 0.100000 0.468815
v 1.856734 -0.100000 0.470594
v 1.856734 0.100000 0.470594
v 1.850199 -0.100000 0.472018
v 1.850199 0.100000 0.472018
v 1.843296 -0.100000 0.473138
v 1.843296 0.100000 0.473138
v 1.836000 -0.100000 0.474000
v 1.836000 0.100000 0.474000
v 1.828386 -0.100000 0.474898
v 1.828386 0.100000 0.474898
v 1.820084 -0.100000 0.475602
v 1.820084 0.100000 0.475602
v 1.811157 -0.100000 0.476125
v 1.811157 0.100000 0.476125
v 1.801667 -0.100000 0.476481
v 1.801667 0.100000 0.476481
v 1.791677 -0.100000 0.476685
v 1.791677 0.100000 0.476685
v 1.781250 -0.100000 0.476750
v 1.781250 0.100000 0.476750
v 1.770448 -0.100000 0.476690
v 1.770448 0.100000 0.476690
v 1.759334 -0.100000 0.476519
v 1.759334 0.100000 0.476519
v 1.747969 -0.100000 0.476250
v 1.747969 0.100000 0.476250
v 1.736417 -0.100000 0.475898
v 1.736417 0.100000 0.475898
v 1.724740 -0.100000 0.475477
v 1.724740 0.100000 0.475477
v 1.713000 -0.100000 0.475000
v 1.713000 0.100000 0.475000
v 1.712376 -0.100000 0.469554
v 1.712376 0.100000 0.469554
v 1.711509 -0.100000 0.463764
v 1.711509 0.100000 0.463764
v 1.710406 -0.100000 0.457703
v 1.710406 0.100000 0.457703
v 1.709074 -0.100000 0.451444
v 1.709074 0.100000 0.451444
v 1.707520 -0.100000 0.445061
v 1.707520 0.100000 0.445061
v 1.705750 -0.100000 0.438625
v 1.705750 0.100000 0.438625
v 1.703772 -0.100000 0.432210
v 1.703772 0.100000 0.432210
v 1.701592 -0.100000 0.425889
v 1.701592 0.100000 0.425889
v 1.699219 -0.100000 0.419734
v 1.699219 0.100000 0.419734
v 1.696657 -0.100000 0.413819
v 1.696657 0.100000 0.413819
v 1.693915 -0.100000 0.408217
v 1.693915 0.100000 0.408217
v 1.691000 -0.100000 0.403000
v 1.691000 0.100000 0.403000
v 1.703154 -0.100000 0.403919
v 1.703154 0.100000 0.403919
v 1.715065 -0.100000 0.404685
v 1.715065 0.100000 0.404685
v 1.726656 -0.100000 0.405312
v 1.726656 0.100000 0.405312
v 1.737852 -0.100000 0.405815
v 1.737852 0.100000 0.405815
v 1.748576 -0.100000 0.406206
v 1.748576 0.100000 0.406206
v 1.758750 -0.100000 0.406500
v 1.758750 0.100000 0.406500
v 1.768300 -0.100000 0.406711
v 1.768300 0.100000 0.406711
v 1.777148 -0.100000 0.406852
v 1.777148 0.100000 0.406852
v 1.785219 -0.100000 0.406937
v 1.785219 0.100000 0.406937
v 1.792435 -0.100000 0.406981
v 1.792435 0.100000 0.406981
v 1.798721 -0.100000 0.406998
v 1.798721 0.100000 0.406998
v 1.804000 -0.100000 0.407000
v 1.804000 0.100000 0.407000
v 1.807879 -0.100000 0.406953
v 1.807879 0.100000 0.406953
v 1.811524 -0.100000 0.406792
v 1.811524 0.100000 0.406792
v 1.814954 -0.100000 0.406484
v 1.814954 0.100000 0.406484
v 1.818186 -0.100000 0.406000
v 1.818186 0.100000 0.406000
v 1.821238 -0.100000 0.405307
v 1.821238 0.100000 0.405307
v 1.824126 -0.100000 0.404375
v 1.824126 0.100000 0.404375
v 1.826868 -0.100000 0.403172
v 1.826868 0.100000 0.403172
v 1.829482 -0.100000 0.401667
v 1.829482 0.100000 0.401667
v 1.831985 -0.100000 0.399828
v 1.831985 0.100000 0.399828
v 1.834394 -0.100000 0.397625
v 1.834394 0.100000 0.397625
v 1.836727 -0.100000 0.395026
v 1.836727 0.100000 0.395026
v 1.839000 -0.100000 0.392000
v 1.839000 0.100000 0.392000
v 1.844755 -0.100000 0.382279
v 1.844755 0.100000 0.382279
v 1.850046 -0.100000 0.367815
v 1.850046 0.100000 0.367815
v 1.854906 -0.100000 0.348156
v 1.854906 0.100000 0.348156
v 1.859370 -0.100000 0.322852
v 1.859370 0.100000 0.322852
v 1.863473 -0.100000 0.291450
v 1.863473 0.100000 0.291450
v 1.867249 -0.100000 0.253500
v 1.867249 0.100000 0.253500
v 1.870735 -0.100000 0.208550
v 1.870735 0.100000 0.208550
v 1.873963 -0.100000 0.156148
v 1.873963 0.100000 0.156148
v 1.876969 -0.100000 0.095844
v 1.876969 0.100000 0.095844
v 1.879787 -0.100000 0.027185
v 1.879787 0.100000 0.027185
v 1.882452 -0.100000 -0.050279
v 1.882452 0.100000 -0.050279
v 1.885000 -0.100000 -0.137000
v 1.885000 0.100000 -0.137000
v 1.743000 -0.100000 -0.137000
v 1.743000 0.100000 -0.137000
v 1.739025 -0.100000 -0.071003
v 1.739025 0.100000 -0.071003
v 1.733361 -0.100000 -0.007107
v 1.733361 0.100000 -0.007107
v 1.725657 -0.100000 0.054547
v 1.725657 0.100000 0.054547
v 1.715556 -0.100000 0.113815
v 1.715556 0.100000 0.113815
v 1.702705 -0.100000 0.170555
v 1.702705 0.100000 0.170555
v 1.686750 -0.100000 0.224625
v 1.686750 0.100000 0.224625
v 1.667337 -0.100000 0.275882
v 1.667337 0.100000 0.275882
v 1.644111 -0.100000 0.324185
v 1.644111 0.100000 0.324185
v 1.616719 -0.100000 0.369391
v 1.616719 0.100000 0.369391
v 1.584805 -0.100000 0.411356
v 1.584805 0.100000 0.411356
v 1.548018 -0.100000 0.449940
v 1.548018 0.100000 0.449940
v 1.506000 -0.100000 0.485000
v 1.506000 0.100000 0.485000
v 1.502951 -0.100000 0.480595
v 1.502951 0.100000 0.480595
v 1.499357 -0.100000 0.475931
v 1.499357 0.100000 0.475931
v 1.495297 -0.100000 0.471078
v 1.495297 0.100000 0.471078
v 1.490852 -0.100000 0.466111
v 1.490852 0.100000 0.466111
v 1.486101 -0.100000 0.461102
v 1.486101 0.100000 0.461102
v 1.481125 -0.100000 0.456125
v 1.481125 0.100000 0.456125
v 1.476003 -0.100000 0.451252
v 1.476003 0.100000 0.451252
v 1.470815 -0.100000 0.446556
v 1.470815 0.100000 0.446556
v 1.465641 -0.100000 0.442109
v 1.465641 0.100000 0.442109
v 1.460560 -0.100000 0.437986
v 1.460560 0.100000 0.437986
v 1.455654 -0.100000 0.434259
v 1.455654 0.100000 0.434259
v 1.451000 -0.100000 0.431000
v 1.451000 0.100000 0.431000
v 1.454749 -0.100000 0.428230
v 1.454749 0.100000 0.428230
v 1.458491 -0.100000 0.425421
v 1.458491 0.100000 0.425421
v 1.462219 -0.100000 0.422578
v 1.462219 0.100000 0.422578
v 1.465926 -0.100000 0.419704
v 1.465926 0.100000 0.419704
v 1.469605 -0.100000 0.416801
v 1.469605 0.100000 0.416801
v 1.473249 -0.100000 0.413875
v 1.473249 0.100000 0.413875
v 1.476852 -0.100000 0.410928
v 1.476852 0.100000 0.410928
v 1.480407 -0.100000 0.407963
v 1.480407 0.100000 0.407963
v 1.483906 -0.100000 0.404984
v 1.483906 0.100000 0.404984
v 1.487342 -0.100000 0.401995
v 1.487342 0.100000 0.401995
v 1.490709 -0.100000 0.398999
v 1.490709 0.100000 0.398999
v 1.494000 -0.100000 0.396000
v 1.494000 0.100000 0.396000
v 1.455714 -0.100000 0.400497
v 1.455714 0.100000 0.400497
v 1.417463 -0.100000 0.404972
v 1.417463 0.100000 0.404972
v 1.379406 -0.100000 0.409406
v 1.379406 0.100000 0.409406
v 1.341703 -0.100000 0.413778
v 1.341703 0.100000 0.413778
v 1.304515 -0.100000 0.418066
v 1.304515 0.100000 0.418066
v 1.268000 -0.100000 0.422250
v 1.268000 0.100000 0.422250
v 1.232318 -0.100000 0.426309
v 1.232318 0.100000 0.426309
v 1.197629 -0.100000 0.430222
v 1.197629 0.100000 0.430222
v 1.164093 -0.100000 0.433969
v 1.164093 0.100000 0.433969
v 1.131870 -0.100000 0.437528
v 1.131870 0.100000 0.437528
v 1.101119 -0.100000 0.440878
v 1.101119 0.100000 0.440878
v 1.072000 -0.100000 0.444000
v 1.072000 0.100000 0.444000
v 1.062000 -0.100000 0.378000
v 1.062000 0.100000 0.378000
v 1.279000 -0.100000 0.358000
v 1.279000 0.100000 0.358000
v 1.279000 -0.100000 0.271000
v 1.279000 0.100000 0.271000
v 1.089000 -0.100000 0.271000
v 1.089000 0.100000 0.271000
v 1.089000 -0.100000 0.213000
v 1.089000 0.100000 0.213000
v 1.279000 -0.100000 0.213000
v 1.279000 0.100000 0.213000
v 1.279000 -0.100000 0.152000
v 1.279000 0.100000 0.152000
v 1.092000 -0.100000 0.152000
v 1.092000 0.100000 0.152000
v 1.092000 -0.100000 -0.147000
v 1.092000 0.100000 -0.147000
v 1.279000 -0.100000 -0.147000
v 1.279000 0.100000 -0.147000
v 1.279000 -0.100000 -0.210000
v 1.279000 0.100000 -0.210000
v 1.062000 -0.100000 -0.210000
v 1.062000 0.100000 -0.210000
v 1.062000 -0.100000 -0.269000
v 1.062000 0.100000 -0.269000
v 1.279000 -0.100000 -0.269000
v 1.279000 0.100000 -0.269000
v 1.279000 -0.100000 -0.336000
v 1.279000 0.100000 -0.336000
v 1.262983 -0.100000 -0.334772
v 1.262983 0.100000 -0.334772
v 1.246949 -0.100000 -0.333588
v 1.246949 0.100000 -0.333588
v 1.230922 -0.100000 -0.332453
v 1.230922 0.100000 -0.332453
v 1.214926 -0.100000 -0.331370
v 1.214926 0.100000 -0.331370
v 1.198986 -0.100000 -0.330343
v 1.198986 0.100000 -0.330343
v 1.183125 -0.100000 -0.329375
v 1.183125 0.100000 -0.329375
v 1.167369 -0.100000 -0.328469
v 1.167369 0.100000 -0.328469
v 1.151741 -0.100000 -0.327630
v 1.151741 0.100000 -0.327630
v 1.136266 -0.100000 -0.326859
v 1.136266 0.100000 -0.326859
v 1.120968 -0.100000 -0.326162
v 1.120968 0.100000 -0.326162
v 1.105871 -0.100000 -0.325541
v 1.105871 0.100000 -0.325541
v 1.091000 -0.100000 -0.325000
v 1.091000 0.100000 -0.325000
v 1.090149 -0.100000 -0.329157
v 1.090149 0.100000 -0.329157
v 1.089111 -0.100000 -0.333593
v 1.089111 0.100000 -0.333593
v 1.087906 -0.100000 -0.338250
v 1.087906 0.100000 -0.338250
v 1.086555 -0.100000 -0.343074
v 1.086555 0.100000 -0.343074
v 1.085079 -0.100000 -0.348009
v 1.085079 0.100000 -0.348009
v 1.083499 -0.100000 -0.353000
v 1.083499 0.100000 -0.353000
v 1.081836 -0.100000 -0.357991
v 1.081836 0.100000 -0.357991
v 1.080111 -0.100000 -0.362926
v 1.080111 0.100000 -0.362926
v 1.078343 -0.100000 -0.367750
v 1.078343 0.100000 -0.367750
v 1.076555 -0.100000 -0.372407
v 1.076555 0.100000 -0.372407
v 1.074767 -0.100000 -0.376843
v 1.074767 0.100000 -0.376843
v 1.073000 -0.100000 -0.381000
v 1.073000 0.100000 -0.381000
v 1.110643 -0.100000 -0.382976
v 1.110643 0.100000 -0.382976
v 1.149315 -0.100000 -0.385394
v 1.149315 0.100000 -0.385394
v 1.188625 -0.100000 -0.388234
v 1.188625 0.100000 -0.388234
v 1.228185 -0.100000 -0.391482
v 1.228185 0.100000 -0.391482
v 1.267606 -0.100000 -0.395118
v 1.267606 0.100000 -0.395118
v 1.306500 -0.100000 -0.399125
v 1.306500 0.100000 -0.399125
v 1.344477 -0.100000 -0.403487
v 1.344477 0.100000 -0.403487
v 1.381148 -0.100000 -0.408185
v 1.381148 0.100000 -0.408185
v 1.416125 -0.100000 -0.413203
v 1.416125 0.100000 -0.413203
v 1.449018 -0.100000 -0.418523
v 1.449018 0.100000 -0.418523
v 1.479440 -0.100000 -0.424128
v 1.479440 0.100000 -0.424128
v 1.507000 -0.100000 -0.430000
v 1.507000 0.100000 -0.430000
v 1.544000 -0.100000 -0.372000
v 1.544000 0.100000 -0.372000
v 1.530194 -0.100000 -0.369061
v 1.530194 0.100000 -0.369061
v 1.515801 -0.100000 -0.366241
v 1.515801 0.100000 -0.366241
v 1.500860 -0.100000 -0.363531
v 1.500860 0.100000 -0.363531
v 1.485408 -0.100000 -0.360926
v 1.485408 0.100000 -0.360926
v 1.469484 -0.100000 -0.358418
v 1.469484 0.100000 -0.358418
v 1.453125 -0.100000 -0.356000
v 1.453125 0.100000 -0.356000
v 1.436371 -0.100000 -0.353666
v 1.436371 0.100000 -0.353666
v 1.419260 -0.100000 -0.351407
v 1.419260 0.100000 -0.351407
v 1.401828 -0.100000 -0.349219
v 1.401828 0.100000 -0.349219
v 1.384116 -0.100000 -0.347093
v 1.384116 0.100000 -0.347093
v 1.366160 -0.100000 -0.345022
v 1.366160 0.100000 -0.345022
v 1.348000 -0.100000 -0.343000
v 1.348000 0.100000 -0.343000
v 1.348000 -0.100000 -0.269000
v 1.348000 0.100000 -0.269000
v 1.562000 -0.100000 -0.269000
v 1.562000 0.100000 -0.269000
v 1.562000 -0.100000 -0.210000
v 1.562000 0.100000 -0.210000
v 1.348000 -0.100000 -0.210000
v 1.348000 0.100000 -0.210000
v 1.348000 -0.100000 -0.147000
v 1.348000 0.100000 -0.147000
v 1.543000 -0.100000 -0.147000
v 1.543000 0.100000 -0.147000
v 1.543000 -0.100000 0.152000
v 1.543000 0.100000 0.152000
v 1.348000 -0.100000 0.152000
v 1.348000 0.100000 0.152000
v 1.348000 -0.100000 0.213000
v 1.348000 0.100000 0.213000
v 1.545000 -0.100000 0.213000
v 1.545000 0.100000 0.213000
v 1.545000 -0.100000 0.271000
v 1.545000 0.100000 0.271000
v 1.348000 -0.100000 0.271000
v 1.348000 0.100000 0.271000
v 1.348000 -0.100000 0.351000
v 1.348000 0.100000 0.351000
v 1.549000 -0.100000 0.330000
v 1.549000 0.100000 0.330000
v 1.549000 -0.100000 0.334000
v 1.549000 0.100000 0.334000
v 1.569504 -0.100000 0.303344
v 1.569504 0.100000 0.303344
v 1.587620 -0.100000 0.270917
v 1.587620 0.100000 0.270917
v 1.603499 -0.100000 0.236781
v 1.603499 0.100000 0.236781
v 1.617296 -0.100000 0.201000
v 1.617296 0.100000 0.201000
v 1.629161 -0.100000 0.163635
v 1.629161 0.100000 0.163635
v 1.639249 -0.100000 0.124750
v 1.639249 0.100000 0.124750
v 1.647712 -0.100000 0.084406
v 1.647712 0.100000 0.084406
v 1.654703 -0.100000 0.042667
v 1.654703 0.100000 0.042667
v 1.660375 -0.100000 -0.000406
v 1.660375 0.100000 -0.000406
v 1.664879 -0.100000 -0.044750
v 1.664879 0.100000 -0.044750
v 1.668370 -0.100000 -0.090302
v 1.668370 0.100000 -0.090302
v 1.671000 -0.100000 -0.137000
v 1.671000 0.100000 -0.137000
v 1.554000 -0.100000 -0.137000
v 1.554000 0.100000 -0.137000
v 1.554000 -0.100000 -0.206000
v 1.554000 0.100000 -0.206000
v 1.673000 -0.100000 -0.206000
v 1.673000 0.100000 -0.206000
v 1.673460 -0.100000 -0.223812
v 1.673460 0.100000 -0.223812
v 1.673843 -0.100000 -0.241746
v 1.673843 0.100000 -0.241746
v 1.674157 -0.100000 -0.259797
v 1.674157 0.100000 -0.259797
v 1.674408 -0.100000 -0.277963
v 1.674408 0.100000 -0.277963
v 1.674603 -0.100000 -0.296240
v 1.674603 0.100000 -0.296240
v 1.674750 -0.100000 -0.314625
v 1.674750 0.100000 -0.314625
v 1.674856 -0.100000 -0.333114
v 1.674856 0.100000 -0.333114
v 1.674926 -0.100000 -0.351704
v 1.674926 0.100000 -0.351704
v 1.674969 -0.100000 -0.370391
v 1.674969 0.100000 -0.370391
v 1.674991 -0.100000 -0.389171
v 1.674991 0.100000 -0.389171
v 1.674999 -0.100000 -0.408042
v 1.674999 0.100000 -0.408042
v 1.675000 -0.100000 -0.427000
v 1.675000 0.100000 -0.427000
v 1.748000 -0.100000 -0.427000
v 1.748000 0.100000 -0.427000
v 1.279000 -0.100000 0.100000
v 1.279000 0.100000 0.100000
v 1.279000 -0.100000 0.027000
v 1.279000 0.100000 0.027000
v 1.154000 -0.100000 0.027000
v 1.154000 0.100000 0.027000
v 1.154000 -0.100000 0.100000
v 1.154000 0.100000 0.100000
v 1.479000 -0.100000 0.100000
v 1.479000 0.100000 0.100000
v 1.479000 -0.100000 0.027000
v 1.479000 0.100000 0.027000
v 1.348000 -0.100000 0.027000
v 1.348000 0.100000 0.027000
v 1.348000 -0.100000 0.100000
v 1.348000 0.100000 0.100000
v 1.279000 -0.100000 -0.023000
v 1.279000 0.100000 -0.023000
v 1.279000 -0.100000 -0.095000
v 1.279000 0.100000 -0.095000
v 1.154000 -0.100000 -0.095000
v 1.154000 0.100000 -0.095000
v 1.154000 -0.100000 -0.023000
v 1.154000 0.100000 -0.023000
v 1.479000 -0.100000 -0.023000
v 1.479000 0.100000 -0.023000
v 1.479000 -0.100000 -0.095000
v 1.479000 0.100000 -0.095000
v 1.348000 -0.100000 -0.095000
v 1.348000 0.100000 -0.095000
v 1.348000 -0.100000 -0.023000
v 1.348000 0.100000 -0.023000
v 2.349714 -0.100000 -0.247309
v 2.349714 0.100000 -0.247309
v 2.348376 -0.100000 -0.212222
v 2.348376 0.100000 -0.212222
v 2.347016 -0.100000 -0.173469
v 2.347016 0.100000 -0.173469
v 2.345667 -0.100000 -0.131778
v 2.345667 0.100000 -0.131778
v 2.344360 -0.100000 -0.087879
v 2.344360 0.100000 -0.087879
v 2.343125 -0.100000 -0.042500
v 2.343125 0.100000 -0.042500
v 2.341995 -0.100000 0.003628
v 2.341995 0.100000 0.003628
v 2.341001 -0.100000 0.049778
v 2.341001 0.100000 0.049778
v 2.340172 -0.100000 0.095219
v 2.340172 0.100000 0.095219
v 2.339542 -0.100000 0.139222
v 2.339542 0.100000 0.139222
v 2.339141 -0.100000 0.181059
v 2.339141 0.100000 0.181059
v 2.339000 -0.100000 0.220000
v 2.339000 0.100000 0.220000
v 2.340413 -0.100000 0.246039
v 2.340413 0.100000 0.246039
v 2.344551 -0.100000 0.269231
v 2.344551 0.100000 0.269231
v 2.351266 -0.100000 0.289687
v 2.351266 0.100000 0.289687
v 2.360408 -0.100000 0.307518
v 2.360408 0.100000 0.307518
v 2.371827 -0.100000 0.322836
v 2.371827 0.100000 0.322836
v 2.385375 -0.100000 0.335750
v 2.385375 0.100000 0.335750
v 2.400902 -0.100000 0.346373
v 2.400902 0.100000 0.346373
v 2.418259 -0.100000 0.354815
v 2.418259 0.100000 0.354815
v 2.437297 -0.100000 0.361187
v 2.437297 0.100000 0.361187
v 2.457866 -0.100000 0.365602
v 2.457866 0.100000 0.365602
v 2.479816 -0.100000 0.368169
v 2.479816 0.100000 0.368169
v 2.503000 -0.100000 0.369000
v 2.503000 0.100000 0.369000
v 2.547112 -0.100000 0.366913
v 2.547112 0.100000 0.366913
v 2.588060 -0.100000 0.360889
v 2.588060 0.100000 0.360889
v 2.626015 -0.100000 0.351281
v 2.626015 0.100000 0.351281
v 2.661148 -0.100000 0.338444
v 2.661148 0.100000 0.338444
v 2.693627 -0.100000 0.322733
v 2.693627 0.100000 0.322733
v 2.723625 -0.100000 0.304500
v 2.723625 0.100000 0.304500
v 2.751309 -0.100000 0.284101
v 2.751309 0.100000 0.284101
v 2.776852 -0.100000 0.261889
v 2.776852 0.100000 0.261889
v 2.800422 -0.100000 0.238219
v 2.800422 0.100000 0.238219
v 2.822190 -0.100000 0.213444
v 2.822190 0.100000 0.213444
v 2.842326 -0.100000 0.187920
v 2.842326 0.100000 0.187920
v 2.861000 -0.100000 0.162000
v 2.861000 0.100000 0.162000
v 2.918000 -0.100000 0.230000
v 2.918000 0.100000 0.230000
v 2.899482 -0.100000 0.254305
v 2.899482 0.100000 0.254305
v 2.878356 -0.100000 0.279356
v 2.878356 0.100000 0.279356
v 2.854516 -0.100000 0.304609
v 2.854516 0.100000 0.304609
v 2.827852 -0.100000 0.329518
v 2.827852 0.100000 0.329518
v 2.798257 -0.100000 0.353539
v 2.798257 0.100000 0.353539
v 2.765625 -0.100000 0.376125
v 2.765625 0.100000 0.376125
v 2.729846 -0.100000 0.396732
v 2.729846 0.100000 0.396732
v 2.690814 -0.100000 0.414815
v 2.690814 0.100000 0.414815
v 2.648422 -0.100000 0.429828
v 2.648422 0.100000 0.429828
v 2.602560 -0.100000 0.441227
v 2.602560 0.100000 0.441227
v 2.553122 -0.100000 0.448466
v 2.553122 0.100000 0.448466
v 2.500000 -0.100000 0.451000
v 2.500000 0.100000 0.451000
v 2.464969 -0.100000 0.449725
v 2.464969 0.100000 0.449725
v 2.432000 -0.100000 0.445801
v 2.432000 0.100000 0.445801
v 2.401281 -0.100000 0.439078
v 2.401281 0.100000 0.439078
v 2.373000 -0.100000 0.429407
v 2.373000 0.100000 0.429407
v 2.347344 -0.100000 0.416639
v 2.347344 0.100000 0.416639
v 2.324500 -0.100000 0.400625
v 2.324500 0.100000 0.400625
v 2.304657 -0.100000 0.381215
v 2.304657 0.100000 0.381215
v 2.288000 -0.100000 0.358259
v 2.288000 0.100000 0.358259
v 2.274719 -0.100000 0.331609
v 2.274719 0.100000 0.331609
v 2.265000 -0.100000 0.301116
v 2.265000 0.100000 0.301116
v 2.259031 -0.100000 0.266629
v 2.259031 0.100000 0.266629
v 2.257000 -0.100000 0.228000
v 2.257000 0.100000 0.228000
v 2.257197 -0.100000 0.188959
v 2.257197 0.100000 0.188959
v 2.257741 -0.100000 0.146421
v 2.257741 0.100000 0.146421
v 2.258563 -0.100000 0.101266
v 2.258563 0.100000 0.101266
v 2.259593 -0.100000 0.054370
v 2.259593 0.100000 0.054370
v 2.260762 -0.100000 0.006614
v 2.260762 0.100000 0.006614
v 2.262000 -0.100000 -0.041125
v 2.262000 0.100000 -0.041125
v 2.263238 -0.100000 -0.087968
v 2.263238 0.100000 -0.087968
v 2.264408 -0.100000 -0.133037
v 2.264408 0.100000 -0.133037
v 2.265438 -0.100000 -0.175453
v 2.265438 0.100000 -0.175453
v 2.266259 -0.100000 -0.214338
v 2.266259 0.100000 -0.214338
v 2.266803 -0.100000 -0.248813
v 2.266803 0.100000 -0.248813
v 2.267000 -0.100000 -0.278000
v 2.267000 0.100000 -0.278000
v 2.266957 -0.100000 -0.287226
v 2.266957 0.100000 -0.287226
v 2.266824 -0.100000 -0.296389
v 2.266824 0.100000 -0.296389
v 2.266593 -0.100000 -0.305469
v 2.266593 0.100000 -0.305469
v 2.266259 -0.100000 -0.314445
v 2.266259 0.100000 -0.314445
v 2.265813 -0.100000 -0.323295
v 2.265813 0.100000 -0.323295
v 2.265249 -0.100000 -0.332000
v 2.265249 0.100000 -0.332000
v 2.264561 -0.100000 -0.340538
v 2.264561 0.100000 -0.340538
v 2.263740 -0.100000 -0.348889
v 2.263740 0.100000 -0.348889
v 2.262781 -0.100000 -0.357031
v 2.262781 0.100000 -0.357031
v 2.261675 -0.100000 -0.364945
v 2.261675 0.100000 -0.364945
v 2.260417 -0.100000 -0.372608
v 2.260417 0.100000 -0.372608
v 2.259000 -0.100000 -0.380000
v 2.259000 0.100000 -0.380000
v 2.360000 -0.100000 -0.379000
v 2.360000 0.100000 -0.379000
v 2.358792 -0.100000 -0.370711
v 2.358792 0.100000 -0.370711
v 2.357667 -0.100000 -0.362352
v 2.357667 0.100000 -0.362352
v 2.356625 -0.100000 -0.353938
v 2.356625 0.100000 -0.353938
v 2.355667 -0.100000 -0.345482
v 2.355667 0.100000 -0.345482
v 2.354792 -0.100000 -0.336998
v 2.354792 0.100000 -0.336998
v 2.354000 -0.100000 -0.328500
v 2.354000 0.100000 -0.328500
v 2.353292 -0.100000 -0.320002
v 2.353292 0.100000 -0.320002
v 2.352666 -0.100000 -0.311518
v 2.352666 0.100000 -0.311518
v 2.352125 -0.100000 -0.303062
v 2.352125 0.100000 -0.303062
v 2.351666 -0.100000 -0.294648
v 2.351666 0.100000 -0.294648
v 2.351292 -0.100000 -0.286289
v 2.351292 0.100000 -0.286289
v 2.351000 -0.100000 -0.278000
v 2.351000 0.100000 -0.278000
v 3.363175 -0.100000 0.194740
v 3.363175 0.100000 0.194740
v 3.340236 -0.100000 0.196921
v 3.340236 0.100000 0.196921
v 3.319234 -0.100000 0.200484
v 3.319234 0.100000 0.200484
v 3.300222 -0.100000 0.205370
v 3.300222 0.100000 0.205370
v 3.283251 -0.100000 0.211520
v 3.283251 0.100000 0.211520
v 3.268375 -0.100000 0.218875
v 3.268375 0.100000 0.218875
v 3.255644 -0.100000 0.227376
v 3.255644 0.100000 0.227376
v 3.245111 -0.100000 0.236963
v 3.245111 0.100000 0.236963
v 3.236828 -0.100000 0.247578
v 3.236828 0.100000 0.247578
v 3.230848 -0.100000 0.259162
v 3.230848 0.100000 0.259162
v 3.227221 -0.100000 0.271656
v 3.227221 0.100000 0.271656
v 3.226000 -0.100000 0.285000
v 3.226000 0.100000 0.285000
v 3.227159 -0.100000 0.298246
v 3.227159 0.100000 0.298246
v 3.230594 -0.100000 0.310468
v 3.230594 0.100000 0.310468
v 3.236251 -0.100000 0.321641
v 3.236251 0.100000 0.321641
v 3.244075 -0.100000 0.331741
v 3.244075 0.100000 0.331741
v 3.254011 -0.100000 0.340744
v 3.254011 0.100000 0.340744
v 3.266001 -0.100000 0.348625
v 3.266001 0.100000 0.348625
v 3.279992 -0.100000 0.355361
v 3.279992 0.100000 0.355361
v 3.295927 -0.100000 0.360926
v 3.295927 0.100000 0.360926
v 3.313751 -0.100000 0.365297
v 3.313751 0.100000 0.365297
v 3.333408 -0.100000 0.368449
v 3.333408 0.100000 0.368449
v 3.354843 -0.100000 0.370358
v 3.354843 0.100000 0.370358
v 3.378000 -0.100000 0.371000
v 3.378000 0.100000 0.371000
v 3.395478 -0.100000 0.370291
v 3.395478 0.100000 0.370291
v 3.411419 -0.100000 0.368162
v 3.411419 0.100000 0.368162
v 3.425827 -0.100000 0.364609
v 3.425827 0.100000 0.364609
v 3.438702 -0.100000 0.359630
v 3.438702 0.100000 0.359630
v 3.450050 -0.100000 0.353219
v 3.450050 0.100000 0.353219
v 3.459874 -0.100000 0.345375
v 3.459874 0.100000 0.345375
v 3.468176 -0.100000 0.336093
v 3.468176 0.100000 0.336093
v 3.474962 -0.100000 0.325370
v 3.474962 0.100000 0.325370
v 3.480234 -0.100000 0.313203
v 3.480234 0.100000 0.313203
v 3.483995 -0.100000 0.299588
v 3.483995 0.100000 0.299588
v 3.486249 -0.100000 0.284521
v 3.486249 0.100000 0.284521
v 3.487000 -0.100000 0.268000
v 3.487000 0.100000 0.268000
v 3.486000 -0.100000 0.204000
v 3.486000 0.100000 0.204000
v 3.477979 -0.100000 0.202333
v 3.477979 0.100000 0.202333
v 3.469921 -0.100000 0.200829
v 3.469921 0.100000 0.200829
v 3.461828 -0.100000 0.199484
v 3.461828 0.100000 0.199484
v 3.453703 -0.100000 0.198296
v 3.453703 0.100000 0.198296
v 3.445551 -0.100000 0.197261
v 3.445551 0.100000 0.197261
v 3.437375 -0.100000 0.196375
v 3.437375 0.100000 0.196375
v 3.429177 -0.100000 0.195635
v 3.429177 0.100000 0.195635
v 3.420962 -0.100000 0.195037
v 3.420962 0.100000 0.195037
v 3.412734 -0.100000 0.194578
v 3.412734 0.100000 0.194578
v 3.404495 -0.100000 0.194255
v 3.404495 0.100000 0.194255
v 3.396249 -0.100000 0.194063
v 3.396249 0.100000 0.194063
v 3.388000 -0.100000 0.194000
v 3.388000 0.100000 0.194000
v 3.554000 -0.100000 -0.184000
v 3.554000 0.100000 -0.184000
v 3.574702 -0.100000 -0.184564
v 3.574702 0.100000 -0.184564
v 3.597107 -0.100000 -0.185264
v 3.597107 0.100000 -0.185264
v 3.620923 -0.100000 -0.186109
v 3.620923 0.100000 -0.186109
v 3.645853 -0.100000 -0.187111
v 3.645853 0.100000 -0.187111
v 3.671602 -0.100000 -0.188280
v 3.671602 0.100000 -0.188280
v 3.697875 -0.100000 -0.189625
v 3.697875 0.100000 -0.189625
v 3.724378 -0.100000 -0.191158
v 3.724378 0.100000 -0.191158
v 3.750815 -0.100000 -0.192889
v 3.750815 0.100000 -0.192889
v 3.776890 -0.100000 -0.194828
v 3.776890 0.100000 -0.194828
v 3.802310 -0.100000 -0.196986
v 3.802310 0.100000 -0.196986
v 3.826778 -0.100000 -0.199373
v 3.826778 0.100000 -0.199373
v 3.850000 -0.100000 -0.202000
v 3.850000 0.100000 -0.202000
v 3.853000 -0.100000 -0.127000
v 3.853000 0.100000 -0.127000
v 3.829987 -0.100000 -0.124814
v 3.829987 0.100000 -0.124814
v 3.805644 -0.100000 -0.122759
v 3.805644 0.100000 -0.122759
v 3.780265 -0.100000 -0.120844
v 3.780265 0.100000 -0.120844
v 3.754148 -0.100000 -0.119074
v 3.754148 0.100000 -0.119074
v 3.727586 -0.100000 -0.117457
v 3.727586 0.100000 -0.117457
v 3.700875 -0.100000 -0.116000
v 3.700875 0.100000 -0.116000
v 3.674309 -0.100000 -0.114709
v 3.674309 0.100000 -0.114709
v 3.648185 -0.100000 -0.113593
v 3.648185 0.100000 -0.113593
v 3.622797 -0.100000 -0.112656
v 3.622797 0.100000 -0.112656
v 3.598440 -0.100000 -0.111907
v 3.598440 0.100000 -0.111907
v 3.575409 -0.100000 -0.111353
v 3.575409 0.100000 -0.111353
v 3.554000 -0.100000 -0.111000
v 3.554000 0.100000 -0.111000
v 3.554000 -0.100000 -0.102000
v 3.554000 0.100000 -0.102000
v 3.554102 -0.100000 -0.085108
v 3.554102 0.100000 -0.085108
v 3.554394 -0.100000 -0.067028
v 3.554394 0.100000 -0.067028
v 3.554860 -0.100000 -0.047906
v 3.554860 0.100000 -0.047906
v 3.555481 -0.100000 -0.027889
v 3.555481 0.100000 -0.027889
v 3.556242 -0.100000 -0.007122
v 3.556242 0.100000 -0.007122
v 3.557125 -0.100000 0.014250
v 3.557125 0.100000 0.014250
v 3.558112 -0.100000 0.036080
v 3.558112 0.100000 0.036080
v 3.559186 -0.100000 0.058222
v 3.559186 0.100000 0.058222
v 3.560328 -0.100000 0.080531
v 3.560328 0.100000 0.080531
v 3.561523 -0.100000 0.102861
v 3.561523 0.100000 0.102861
v 3.562752 -0.100000 0.125066
v 3.562752 0.100000 0.125066
v 3.564000 -0.100000 0.147000
v 3.564000 0.100000 0.147000
v 3.595632 -0.100000 0.156456
v 3.595632 0.100000 0.156456
v 3.626481 -0.100000 0.167231
v 3.626481 0.100000 0.167231
v 3.656468 -0.100000 0.179187
v 3.656468 0.100000 0.179187
v 3.685518 -0.100000 0.192185
v 3.685518 0.100000 0.192185
v 3.713554 -0.100000 0.206086
v 3.713554 0.100000 0.206086
v 3.740500 -0.100000 0.220750
v 3.740500 0.100000 0.220750
v 3.766279 -0.100000 0.236039
v 3.766279 0.100000 0.236039
v 3.790815 -0.100000 0.251815
v 3.790815 0.100000 0.251815
v 3.814031 -0.100000 0.267937
v 3.814031 0.100000 0.267937
v 3.835851 -0.100000 0.284268
v 3.835851 0.100000 0.284268
v 3.856200 -0.100000 0.300669
v 3.856200 0.100000 0.300669
v 3.875000 -0.100000 0.317000
v 3.875000 0.100000 0.317000
v 3.827000 -0.100000 0.393000
v 3.827000 0.100000 0.393000
v 3.810426 -0.100000 0.376786
v 3.810426 0.100000 0.376786
v 3.792741 -0.100000 0.360704
v 3.792741 0.100000 0.360704
v 3.774001 -0.100000 0.344844
v 3.774001 0.100000 0.344844
v 3.754260 -0.100000 0.329296
v 3.754260 0.100000 0.329296
v 3.733574 -0.100000 0.314152
v 3.733574 0.100000 0.314152
v 3.712000 -0.100000 0.299500
v 3.712000 0.100000 0.299500
v 3.689593 -0.100000 0.285432
v 3.689593 0.100000 0.285432
v 3.666408 -0.100000 0.272037
v 3.666408 0.100000 0.272037
v 3.642500 -0.100000 0.259406
v 3.642500 0.100000 0.259406
v 3.617926 -0.100000 0.247630
v 3.617926 0.100000 0.247630
v 3.592741 -0.100000 0.236797
v 3.592741 0.100000 0.236797
v 3.567000 -0.100000 0.227000
v 3.567000 0.100000 0.227000
v 3.569000 -0.100000 0.294000
v 3.569000 0.100000 0.294000
v 3.567940 -0.100000 0.314216
v 3.567940 0.100000 0.314216
v 3.564682 -0.100000 0.333731
v 3.564682 0.100000 0.333731
v 3.559110 -0.100000 0.352344
v 3.559110 0.100000 0.352344
v 3.551112 -0.100000 0.369852
v 3.551112 0.100000 0.369852
v 3.540572 -0.100000 0.386054
v 3.540572 0.100000 0.386054
v 3.527376 -0.100000 0.400750
v 3.527376 0.100000 0.400750
v 3.511408 -0.100000 0.413737
v 3.511408 0.100000 0.413737
v 3.492556 -0.100000 0.424815
v 3.492556 0.100000 0.424815
v 3.470704 -0.100000 0.433781
v 3.470704 0.100000 0.433781
v 3.445736 -0.100000 0.440435
v 3.445736 0.100000 0.440435
v 3.417540 -0.100000 0.444575
v 3.417540 0.100000 0.444575
v 3.386000 -0.100000 0.446000
v 3.386000 0.100000 0.446000
v 3.352289 -0.100000 0.445068
v 3.352289 0.100000 0.445068
v 3.320306 -0.100000 0.442213
v 3.320306 0.100000 0.442213
v 3.290282 -0.100000 0.437344
v 3.290282 0.100000 0.437344
v 3.262445 -0.100000 0.430370
v 3.262445 0.100000 0.430370
v 3.237025 -0.100000 0.421203
v 3.237025 0.100000 0.421203
v 3.214250 -0.100000 0.409750
v 3.214250 0.100000 0.409750
v 3.194351 -0.100000 0.395922
v 3.194351 0.100000 0.395922
v 3.177556 -0.100000 0.379630
v 3.177556 0.100000 0.379630
v 3.164093 -0.100000 0.360781
v 3.164093 0.100000 0.360781
v 3.154194 -0.100000 0.339287
v 3.154194 0.100000 0.339287
v 3.148087 -0.100000 0.315057
v 3.148087 0.100000 0.315057
v 3.146000 -0.100000 0.288000
v 3.146000 0.100000 0.288000
v 3.147655 -0.100000 0.265867
v 3.147655 0.100000 0.265867
v 3.152653 -0.100000 0.244602
v 3.152653 0.100000 0.244602
v 3.161047 -0.100000 0.224406
v 3.161047 0.100000 0.224406
v 3.172889 -0.100000 0.205481
v 3.172889 0.100000 0.205481
v 3.188231 -0.100000 0.188029
v 3.188231 0.100000 0.188029
v 3.207125 -0.100000 0.172250
v 3.207125 0.100000 0.172250
v 3.229623 -0.100000 0.158346
v 3.229623 0.100000 0.158346
v 3.255778 -0.100000 0.146518
v 3.255778 0.100000 0.146518
v 3.285640 -0.100000 0.136969
v 3.285640 0.100000 0.136969
v 3.319264 -0.100000 0.129898
v 3.319264 0.100000 0.129898
v 3.356699 -0.100000 0.125508
v 3.356699 0.100000 0.125508
v 3.398000 -0.100000 0.124000
v 3.398000 0.100000 0.124000
v 3.405229 -0.100000 0.124042
v 3.405229 0.100000 0.124042
v 3.412421 -0.100000 0.124167
v 3.412421 0.100000 0.124167
v 3.419577 -0.100000 0.124375
v 3.419577 0.100000 0.124375
v 3.426703 -0.100000 0.124667
v 3.426703 0.100000 0.124667
v 3.433801 -0.100000 0.125042
v 3.433801 0.100000 0.125042
v 3.440875 -0.100000 0.125500
v 3.440875 0.100000 0.125500
v 3.447927 -0.100000 0.126042
v 3.447927 0.100000 0.126042
v 3.454962 -0.100000 0.126667
v 3.454962 0.100000 0.126667
v 3.461984 -0.100000 0.127375
v 3.461984 0.100000 0.127375
v 3.468996 -0.100000 0.128167
v 3.468996 0.100000 0.128167
v 3.475999 -0.100000 0.129042
v 3.475999 0.100000 0.129042
v 3.483000 -0.100000 0.130000
v 3.483000 0.100000 0.130000
v 3.482004 -0.100000 0.109546
v 3.482004 0.100000 0.109546
v 3.481019 -0.100000 0.088787
v 3.481019 0.100000 0.088787
v 3.480063 -0.100000 0.067875
v 3.480063 0.100000 0.067875
v 3.479148 -0.100000 0.046963
v 3.479148 0.100000 0.046963
v 3.478289 -0.100000 0.026204
v 3.478289 0.100000 0.026204
v 3.477499 -0.100000 0.005750
v 3.477499 0.100000 0.005750
v 3.476794 -0.100000 -0.014245
v 3.476794 0.100000 -0.014245
v 3.476185 -0.100000 -0.033630
v 3.476185 0.100000 -0.033630
v 3.475688 -0.100000 -0.052250
v 3.475688 0.100000 -0.052250
v 3.475315 -0.100000 -0.069954
v 3.475315 0.100000 -0.069954
v 3.475081 -0.100000 -0.086588
v 3.475081 0.100000 -0.086588
v 3.475000 -0.100000 -0.102000
v 3.475000 0.100000 -0.102000
v 3.474999 -0.100000 -0.117193
v 3.474999 0.100000 -0.117193
v 3.474995 -0.100000 -0.133130
v 3.474995 0.100000 -0.133130
v 3.474984 -0.100000 -0.149594
v 3.474984 0.100000 -0.149594
v 3.474963 -0.100000 -0.166370
v 3.474963 0.100000 -0.166370
v 3.474927 -0.100000 -0.183244
v 3.474927 0.100000 -0.183244
v 3.474875 -0.100000 -0.200000
v 3.474875 0.100000 -0.200000
v 3.474802 -0.100000 -0.216422
v 3.474802 0.100000 -0.216422
v 3.474704 -0.100000 -0.232296
v 3.474704 0.100000 -0.232296
v 3.474578 -0.100000 -0.247406
v 3.474578 0.100000 -0.247406
v 3.474422 -0.100000 -0.261537
v 3.474422 0.100000 -0.261537
v 3.474230 -0.100000 -0.274473
v 3.474230 0.100000 -0.274473
v 3.474000 -0.100000 -0.286000
v 3.474000 0.100000 -0.286000
v 3.473938 -0.100000 -0.295167
v 3.473938 0.100000 -0.295167
v 3.473754 -0.100000 -0.304583
v 3.473754 0.100000 -0.304583
v 3.473453 -0.100000 -0.314125
v 3.473453 0.100000 -0.314125
v 3.473037 -0.100000 -0.323667
v 3.473037 0.100000 -0.323667
v 3.472510 -0.100000 -0.333083
v 3.472510 0.100000 -0.333083
v 3.471875 -0.100000 -0.342250
v 3.471875 0.100000 -0.342250
v 3.471136 -0.100000 -0.351042
v 3.471136 0.100000 -0.351042
v 3.470295 -0.100000 -0.359333
v 3.470295 0.100000 -0.359333
v 3.469359 -0.100000 -0.367000
v 3.469359 0.100000 -0.367000
v 3.468328 -0.100000 -0.373917
v 3.468328 0.100000 -0.373917
v 3.467207 -0.100000 -0.379958
v 3.467207 0.100000 -0.379958
v 3.466000 -0.100000 -0.385000
v 3.466000 0.100000 -0.385000
v 3.561000 -0.100000 -0.385000
v 3.561000 0.100000 -0.385000
v 3.560250 -0.100000 -0.379214
v 3.560250 0.100000 -0.379214
v 3.559508 -0.100000 -0.372458
v 3.559508 0.100000 -0.372458
v 3.558780 -0.100000 -0.364891
v 3.558780 0.100000 -0.364891
v 3.558073 -0.100000 -0.356667
v 3.558073 0.100000 -0.356667
v 3.557394 -0.100000 -0.347943
v 3.557394 0.100000 -0.347943
v 3.556749 -0.100000 -0.338875
v 3.556749 0.100000 -0.338875
v 3.556146 -0.100000 -0.329620
v 3.556146 0.100000 -0.329620
v 3.555592 -0.100000 -0.320333
v 3.555592 0.100000 -0.320333
v 3.555093 -0.100000 -0.311172
v 3.555093 0.100000 -0.311172
v 3.554657 -0.100000 -0.302292
v 3.554657 0.100000 -0.302292
v 3.554290 -0.100000 -0.293849
v 3.554290 0.100000 -0.293849
v 3.554000 -0.100000 -0.286000
v 3.554000 0.100000 -0.286000
v 4.540387 -0.100000 -0.076341
v 4.540387 0.100000 -0.076341
v 4.512597 -0.100000 -0.074477
v 4.512597 0.100000 -0.074477
v 4.485703 -0.100000 -0.071578
v 4.485703 0.100000 -0.071578
v 4.459777 -0.100000 -0.067815
v 4.459777 0.100000 -0.067815
v 4.434894 -0.100000 -0.063357
v 4.434894 0.100000 -0.063357
v 4.411125 -0.100000 -0.058375
v 4.411125 0.100000 -0.058375
v 4.388544 -0.100000 -0.053039
v 4.388544 0.100000 -0.053039
v 4.367222 -0.100000 -0.047519
v 4.367222 0.100000 -0.047519
v 4.347234 -0.100000 -0.041984
v 4.347234 0.100000 -0.041984
v 4.328653 -0.100000 -0.036607
v 4.328653 0.100000 -0.036607
v 4.311551 -0.100000 -0.031555
v 4.311551 0.100000 -0.031555
v 4.296000 -0.100000 -0.027000
v 4.296000 0.100000 -0.027000
v 4.288292 -0.100000 -0.024480
v 4.288292 0.100000 -0.024480
v 4.280679 -0.100000 -0.021926
v 4.280679 0.100000 -0.021926
v 4.273171 -0.100000 -0.019344
v 4.273171 0.100000 -0.019344
v 4.265777 -0.100000 -0.016741
v 4.265777 0.100000 -0.016741
v 4.258508 -0.100000 -0.014124
v 4.258508 0.100000 -0.014124
v 4.251375 -0.100000 -0.011500
v 4.251375 0.100000 -0.011500
v 4.244387 -0.100000 -0.008876
v 4.244387 0.100000 -0.008876
v 4.237556 -0.100000 -0.006259
v 4.237556 0.100000 -0.006259
v 4.230891 -0.100000 -0.003656
v 4.230891 0.100000 -0.003656
v 4.224403 -0.100000 -0.001074
v 4.224403 0.100000 -0.001074
v 4.218103 -0.100000 0.001480
v 4.218103 0.100000 0.001480
v 4.212000 -0.100000 0.004000
v 4.212000 0.100000 0.004000
v 4.186000 -0.100000 -0.089000
v 4.186000 0.100000 -0.089000
v 4.193120 -0.100000 -0.089582
v 4.193120 0.100000 -0.089582
v 4.200454 -0.100000 -0.090320
v 4.200454 0.100000 -0.090320
v 4.207969 -0.100000 -0.091203
v 4.207969 0.100000 -0.091203
v 4.215630 -0.100000 -0.092222
v 4.215630 0.100000 -0.092222
v 4.223402 -0.100000 -0.093366
v 4.223402 0.100000 -0.093366
v 4.231250 -0.100000 -0.094625
v 4.231250 0.100000 -0.094625
v 4.239140 -0.100000 -0.095988
v 4.239140 0.100000 -0.095988
v 4.247037 -0.100000 -0.097445
v 4.247037 0.100000 -0.097445
v 4.254906 -0.100000 -0.098984
v 4.254906 0.100000 -0.098984
v 4.262713 -0.100000 -0.100597
v 4.262713 0.100000 -0.100597
v 4.270422 -0.100000 -0.102273
v 4.270422 0.100000 -0.102273
v 4.278000 -0.100000 -0.104000
v 4.278000 0.100000 -0.104000
v 4.296392 -0.100000 -0.108306
v 4.296392 0.100000 -0.108306
v 4.316468 -0.100000 -0.113111
v 4.316468 0.100000 -0.113111
v 4.338078 -0.100000 -0.118250
v 4.338078 0.100000 -0.118250
v 4.361074 -0.100000 -0.123556
v 4.361074 0.100000 -0.123556
v 4.385306 -0.100000 -0.128861
v 4.385306 0.100000 -0.128861
v 4.410625 -0.100000 -0.134000
v 4.410625 0.100000 -0.134000
v 4.436882 -0.100000 -0.138806
v 4.436882 0.100000 -0.138806
v 4.463926 -0.100000 -0.143111
v 4.463926 0.100000 -0.143111
v 4.491609 -0.100000 -0.146750
v 4.491609 0.100000 -0.146750
v 4.519783 -0.100000 -0.149556
v 4.519783 0.100000 -0.149556
v 4.548295 -0.100000 -0.151361
v 4.548295 0.100000 -0.151361
v 4.577000 -0.100000 -0.152000
v 4.577000 0.100000 -0.152000
v 4.611711 -0.100000 -0.150363
v 4.611711 0.100000 -0.150363
v 4.644678 -0.100000 -0.145486
v 4.644678 0.100000 -0.145486
v 4.675658 -0.100000 -0.137422
v 4.675658 0.100000 -0.137422
v 4.704409 -0.100000 -0.126222
v 4.704409 0.100000 -0.126222
v 4.730688 -0.100000 -0.111939
v 4.730688 0.100000 -0.111939
v 4.754251 -0.100000 -0.094625
v 4.754251 0.100000 -0.094625
v 4.774856 -0.100000 -0.074332
v 4.774856 0.100000 -0.074332
v 4.792260 -0.100000 -0.051111
v 4.792260 0.100000 -0.051111
v 4.806220 -0.100000 -0.025016
v 4.806220 0.100000 -0.025016
v 4.816492 -0.100000 0.003903
v 4.816492 0.100000 0.003903
v 4.822833 -0.100000 0.035592
v 4.822833 0.100000 0.035592
v 4.825000 -0.100000 0.070000
v 4.825000 0.100000 0.070000
v 4.821013 -0.100000 0.122278
v 4.821013 0.100000 0.122278
v 4.809356 -0.100000 0.170639
v 4.809356 0.100000 0.170639
v 4.790484 -0.100000 0.215125
v 4.790484 0.100000 0.215125
v 4.764851 -0.100000 0.255778
v 4.764851 0.100000 0.255778
v 4.732913 -0.100000 0.292639
v 4.732913 0.100000 0.292639
v 4.695124 -0.100000 0.325750
v 4.695124 0.100000 0.325750
v 4.651940 -0.100000 0.355153
v 4.651940 0.100000 0.355153
v 4.603815 -0.100000 0.380889
v 4.603815 0.100000 0.380889
v 4.551203 -0.100000 0.403000
v 4.551203 0.100000 0.403000
v 4.494561 -0.100000 0.421528
v 4.494561 0.100000 0.421528
v 4.434341 -0.100000 0.436514
v 4.434341 0.100000 0.436514
v 4.371000 -0.100000 0.448000
v 4.371000 0.100000 0.448000
v 4.326000 -0.100000 0.372000
v 4.326000 0.100000 0.372000
v 4.385194 -0.100000 0.363115
v 4.385194 0.100000 0.363115
v 4.441043 -0.100000 0.351421
v 4.441043 0.100000 0.351421
v 4.493205 -0.100000 0.336859
v 4.493205 0.100000 0.336859
v 4.541335 -0.100000 0.319370
v 4.541335 0.100000 0.319370
v 4.585090 -0.100000 0.298895
v 4.585090 0.100000 0.298895
v 4.624127 -0.100000 0.275375
v 4.624127 0.100000 0.275375
v 4.658101 -0.100000 0.248751
v 4.658101 0.100000 0.248751
v 4.686668 -0.100000 0.218963
v 4.686668 0.100000 0.218963
v 4.709486 -0.100000 0.185953
v 4.709486 0.100000 0.185953
v 4.726209 -0.100000 0.149662
v 4.726209 0.100000 0.149662
v 4.736495 -0.100000 0.110031
v 4.736495 0.100000 0.110031
v 4.740000 -0.100000 0.067000
v 4.740000 0.100000 0.067000
v 4.738602 -0.100000 0.046521
v 4.738602 0.100000 0.046521
v 4.734486 -0.100000 0.027167
v 4.734486 0.100000 0.027167
v 4.727766 -0.100000 0.009062
v 4.727766 0.100000 0.009062
v 4.718556 -0.100000 -0.007667
v 4.718556 0.100000 -0.007667
v 4.706971 -0.100000 -0.022896
v 4.706971 0.100000 -0.022896
v 4.693125 -0.100000 -0.036500
v 4.693125 0.100000 -0.036500
v 4.677134 -0.100000 -0.048354
v 4.677134 0.100000 -0.048354
v 4.659111 -0.100000 -0.058333
v 4.659111 0.100000 -0.058333
v 4.639172 -0.100000 -0.066313
v 4.639172 0.100000 -0.066313
v 4.617430 -0.100000 -0.072167
v 4.617430 0.100000 -0.072167
v 4.594001 -0.100000 -0.075771
v 4.594001 0.100000 -0.075771
v 4.569000 -0.100000 -0.077000
v 4.569000 0.100000 -0.077000
v 4.733000 -0.100000 -0.260000
v 4.733000 0.100000 -0.260000
v 4.703458 -0.100000 -0.262013
v 4.703458 0.100000 -0.262013
v 4.670750 -0.100000 -0.264523
v 4.670750 0.100000 -0.264523
v 4.635500 -0.100000 -0.267484
v 4.635500 0.100000 -0.267484
v 4.598334 -0.100000 -0.270852
v 4.598334 0.100000 -0.270852
v 4.559875 -0.100000 -0.274581
v 4.559875 0.100000 -0.274581
v 4.520750 -0.100000 -0.278625
v 4.520750 0.100000 -0.278625
v 4.481583 -0.100000 -0.282940
v 4.481583 0.100000 -0.282940
v 4.442999 -0.100000 -0.287482
v 4.442999 0.100000 -0.287482
v 4.405624 -0.100000 -0.292203
v 4.405624 0.100000 -0.292203
v 4.370082 -0.100000 -0.297060
v 4.370082 0.100000 -0.297060
v 4.336999 -0.100000 -0.302008
v 4.336999 0.100000 -0.302008
v 4.307000 -0.100000 -0.307000
v 4.307000 0.100000 -0.307000
v 4.320000 -0.100000 -0.383000
v 4.320000 0.100000 -0.383000
v 4.349598 -0.100000 -0.376862
v 4.349598 0.100000 -0.376862
v 4.382870 -0.100000 -0.370982
v 4.382870 0.100000 -0.370982
v 4.419031 -0.100000 -0.365406
v 4.419031 0.100000 -0.365406
v 4.457296 -0.100000 -0.360185
v 4.457296 0.100000 -0.360185
v 4.496880 -0.100000 -0.355367
v 4.496880 0.100000 -0.355367
v 4.536999 -0.100000 -0.351000
v 4.536999 0.100000 -0.351000
v 4.576869 -0.100000 -0.347133
v 4.576869 0.100000 -0.347133
v 4.615703 -0.100000 -0.343815
v 4.615703 0.100000 -0.343815
v 4.652718 -0.100000 -0.341094
v 4.652718 0.100000 -0.341094
v 4.687129 -0.100000 -0.339019
v 4.687129 0.100000 -0.339019
v 4.718152 -0.100000 -0.337638
v 4.718152 0.100000 -0.337638
v 4.745000 -0.100000 -0.337000
v 4.745000 0.100000 -0.337000
vn -0.0000 1.0000 -0.0000
vn -0.0000 -1.0000 -0.0000
vn -0.0047 -0.0000 -1.0000
vn 0.8649 -0.0000 -0.5019
vn 0.8649 -0.0000 -0.5020
vn -0.0196 -0.0000 -0.9998
vn -0.0409 -0.0000 -0.9992
vn -0.0641 -0.0000 -0.9979
vn -0.0896 -0.0000 -0.9960
vn -0.1176 -0.0000 -0.9931
vn -0.1482 -0.0000 -0.9890
vn -0.1818 -0.0000 -0.9833
vn -0.2186 -0.0000 -0.9758
vn -0.2588 -0.0000 -0.9659
vn -0.3026 -0.0000 -0.9531
vn -0.3502 -0.0000 -0.9367
vn 0.0824 -0.0000 -0.9966
vn 0.9669 -0.0000 -0.2550
vn 0.8802 -0.0000 0.4746
vn 0.8900 -0.0000 0.4559
vn 0.8981 -0.0000 0.4397
vn 0.9051 -0.0000 0.4251
vn 0.9114 -0.0000 0.4115
vn 0.9173 -0.0000 0.3983
vn 0.9229 -0.0000 0.3850
vn 0.9285 -0.0000 0.3713
vn 0.9343 -0.0000 0.3564
vn 0.9405 -0.0000 0.3399
vn 0.9472 -0.0000 0.3207
vn 0.9559 -0.0000 0.2937
vn 0.9556 -0.0000 0.2945
vn 0.9447 -0.0000 0.3281
vn 0.9331 -0.0000 0.3595
vn 0.9210 -0.0000 0.3896
vn 0.9080 -0.0000 0.4190
vn 0.8940 -0.0000 0.4481
vn 0.8787 -0.0000 0.4774
vn 0.8618 -0.0000 0.5072
vn 0.8431 -0.0000 0.5377
vn 0.8221 -0.0000 0.5693
vn 0.7984 -0.0000 0.6022
vn 0.7732 -0.0000 0.6342
vn 0.7467 -0.0000 0.6652
vn 0.7173 -0.0000 0.6967
vn 0.6852 -0.0000 0.7284
vn 0.6506 -0.0000 0.7594
vn 0.6139 -0.0000 0.7894
vn 0.5756 -0.0000 0.8177
vn 0.5364 -0.0000 0.8439
vn 0.5757 -0.0000 0.8177
vn 0.4969 -0.0000 0.8678
vn 0.4574 -0.0000 0.8892
vn 0.4187 -0.0000 0.9081
vn 0.3810 -0.0000 0.9246
vn -0.1808 -0.0000 0.9835
vn -0.9775 -0.0000 -0.2108
vn -0.1807 -0.0000 0.9835
vn -0.3270 -0.0000 -0.9450
vn -0.9776 -0.0000 -0.2107
vn -0.3714 -0.0000 -0.9285
vn -0.4160 -0.0000 -0.9094
vn -0.4603 -0.0000 -0.8878
vn -0.5039 -0.0000 -0.8638
vn -0.5464 -0.0000 -0.8375
vn -0.5874 -0.0000 -0.8093
vn -0.6265 -0.0000 -0.7794
vn -0.6634 -0.0000 -0.7483
vn -0.6977 -0.0000 -0.7164
vn -0.7295 -0.0000 -0.6840
vn -0.7617 -0.0000 -0.6479
vn -0.7926 -0.0000 -0.6097
vn -0.8185 -0.0000 -0.5746
vn -0.8408 -0.0000 -0.5413
vn -0.8604 -0.0000 -0.5096
vn -0.8780 -0.0000 -0.4787
vn -0.8940 -0.0000 -0.4481
vn -0.9088 -0.0000 -0.4172
vn -0.9228 -0.0000 -0.3853
vn -0.9362 -0.0000 -0.3514
vn -0.9493 -0.0000 -0.3143
vn -0.9622 -0.0000 -0.2725
vn -0.7906 -0.0000 0.6123
vn 0.4516 -0.0000 0.8922
vn 0.7977 -0.0000 0.6030
vn 0.7810 -0.0000 0.6246
vn 0.7634 -0.0000 0.6459
vn 0.7449 -0.0000 0.6672
vn 0.7254 -0.0000 0.6883
vn 0.7049 -0.0000 0.7093
vn 0.6832 -0.0000 0.7302
vn 0.6604 -0.0000 0.7509
vn 0.6364 -0.0000 0.7714
vn 0.6110 -0.0000 0.7916
vn 0.5843 -0.0000 0.8115
vn -0.0193 -0.0000 0.9998
vn -0.9993 -0.0000 -0.0381
vn -0.5638 -0.0000 -0.8259
vn -0.6104 -0.0000 -0.7921
vn -0.6532 -0.0000 -0.7572
vn -0.6921 -0.0000 -0.7218
vn -0.7276 -0.0000 -0.6860
vn -0.7597 -0.0000 -0.6503
vn -0.7888 -0.0000 -0.6146
vn -0.8153 -0.0000 -0.5790
vn -0.8395 -0.0000 -0.5433
vn -0.8618 -0.0000 -0.5073
vn -0.8826 -0.0000 -0.4702
vn -0.8825 -0.0000 -0.4703
vn -0.8802 -0.0000 -0.4746
vn -0.8939 -0.0000 -0.4482
vn -0.9046 -0.0000 -0.4263
vn -0.9134 -0.0000 -0.4070
vn -0.9212 -0.0000 -0.3890
vn -0.9285 -0.0000 -0.3713
vn -0.9355 -0.0000 -0.3533
vn -0.9426 -0.0000 -0.3340
vn -0.9498 -0.0000 -0.3127
vn -0.9575 -0.0000 -0.2883
vn -0.9658 -0.0000 -0.2593
vn -0.4851 -0.0000 -0.8745
vn 0.9413 -0.0000 -0.3375
vn 0.8461 -0.0000 0.5331
vn 0.8537 -0.0000 0.5208
vn 0.8600 -0.0000 0.5103
vn 0.8652 -0.0000 0.5014
vn 0.8696 -0.0000 0.4937
vn 0.8733 -0.0000 0.4871
vn 0.8765 -0.0000 0.4815
vn 0.8791 -0.0000 0.4767
vn 0.8812 -0.0000 0.4727
vn 0.8829 -0.0000 0.4695
vn 0.8841 -0.0000 0.4672
vn 0.8766 -0.0000 0.4813
vn 1.0000 -0.0000 -0.0000
vn 1.0000 -0.0000 0.0061
vn 0.9996 -0.0000 0.0267
vn 0.9982 -0.0000 0.0593
vn 0.9950 -0.0000 0.0999
vn 0.9982 -0.0000 0.0594
vn 0.9888 -0.0000 0.1493
vn 0.9781 -0.0000 0.2079
vn 0.9614 -0.0000 0.2750
vn 0.9375 -0.0000 0.3479
vn 0.9064 -0.0000 0.4224
vn 0.8700 -0.0000 0.4931
vn 0.8320 -0.0000 0.5548
vn 0.7968 -0.0000 0.6042
vn 0.7617 -0.0000 0.6479
vn 0.7172 -0.0000 0.6969
vn 0.6663 -0.0000 0.7457
vn 0.6174 -0.0000 0.7867
vn 0.5712 -0.0000 0.8208
vn 0.5283 -0.0000 0.8490
vn 0.4888 -0.0000 0.8724
vn 0.4529 -0.0000 0.8916
vn 0.4204 -0.0000 0.9073
vn 0.3913 -0.0000 0.9202
vn 0.3657 -0.0000 0.9307
vn 0.3434 -0.0000 0.9392
vn -0.2356 -0.0000 0.9719
vn -0.9619 -0.0000 -0.2734
vn -0.2355 -0.0000 0.9719
vn -0.2752 -0.0000 -0.9614
vn -0.3098 -0.0000 -0.9508
vn -0.3469 -0.0000 -0.9379
vn -0.3863 -0.0000 -0.9224
vn -0.4279 -0.0000 -0.9038
vn -0.4715 -0.0000 -0.8819
vn -0.5167 -0.0000 -0.8561
vn -0.5632 -0.0000 -0.8263
vn -0.6575 -0.0000 -0.7534
vn -0.7039 -0.0000 -0.7103
vn -0.7550 -0.0000 -0.6557
vn -0.8058 -0.0000 -0.5921
vn -0.8517 -0.0000 -0.5240
vn -0.8945 -0.0000 -0.4471
vn -0.9305 -0.0000 -0.3663
vn -0.9578 -0.0000 -0.2874
vn -0.9765 -0.0000 -0.2154
vn -0.9881 -0.0000 -0.1537
vn -0.9946 -0.0000 -0.1034
vn -0.9881 -0.0000 -0.1536
vn -0.9979 -0.0000 -0.0643
vn -0.9994 -0.0000 -0.0352
vn -0.9999 -0.0000 -0.0146
vn -1.0000 -0.0000 -0.0031
vn -1.0000 -0.0000 -0.0000
vn -1.0000 -0.0000 0.0025
vn -1.0000 -0.0000 0.0099
vn -0.9998 -0.0000 0.0199
vn -0.9995 -0.0000 0.0300
vn -0.9992 -0.0000 0.0402
vn -0.9995 -0.0000 0.0301
vn -0.9987 -0.0000 0.0505
vn -0.9992 -0.0000 0.0403
vn -0.9982 -0.0000 0.0607
vn -0.9975 -0.0000 0.0709
vn -0.9967 -0.0000 0.0810
vn -0.9959 -0.0000 0.0909
vn -0.9949 -0.0000 0.1006
vn -0.9939 -0.0000 0.1100
vn -0.7465 -0.0000 -0.6653
vn 0.7334 -0.0000 -0.6798
vn 0.9974 -0.0000 0.0717
vn 0.9980 -0.0000 0.0638
vn 0.9984 -0.0000 0.0561
vn 0.9988 -0.0000 0.0487
vn 0.9984 -0.0000 0.0562
vn 0.9991 -0.0000 0.0416
vn 0.9988 -0.0000 0.0488
vn 0.9994 -0.0000 0.0348
vn 0.9996 -0.0000 0.0283
vn 0.9998 -0.0000 0.0220
vn 0.9996 -0.0000 0.0282
vn 0.9999 -0.0000 0.0161
vn 0.9999 -0.0000 0.0104
vn 1.0000 -0.0000 0.0051
vn 1.0000 -0.0000 0.0012
vn 1.0000 -0.0000 -0.0032
vn 0.9999 -0.0000 -0.0119
vn 0.9997 -0.0000 -0.0224
vn 0.9999 -0.0000 -0.0120
vn 0.9995 -0.0000 -0.0316
vn 0.9992 -0.0000 -0.0399
vn 0.9989 -0.0000 -0.0476
vn 0.9992 -0.0000 -0.0398
vn 0.9985 -0.0000 -0.0549
vn 0.9989 -0.0000 -0.0475
vn 0.9981 -0.0000 -0.0622
vn 0.9976 -0.0000 -0.0698
vn 0.9981 -0.0000 -0.0623
vn 0.9970 -0.0000 -0.0778
vn 0.9962 -0.0000 -0.0868
vn 0.9952 -0.0000 -0.0975
vn 0.7428 -0.0000 0.6695
vn -0.7502 -0.0000 0.6612
vn -0.9928 -0.0000 -0.1201
vn -0.9940 -0.0000 -0.1097
vn -0.9950 -0.0000 -0.1003
vn -0.9958 -0.0000 -0.0913
vn -0.9966 -0.0000 -0.0823
vn -0.9973 -0.0000 -0.0731
vn -0.9980 -0.0000 -0.0634
vn -0.9986 -0.0000 -0.0530
vn -0.9991 -0.0000 -0.0417
vn -0.9996 -0.0000 -0.0292
vn -0.9999 -0.0000 -0.0153
vn -1.0000 -0.0000 -0.0040
vn -1.0000 -0.0000 0.0042
vn -0.9999 -0.0000 0.0150
vn -0.9996 -0.0000 0.0265
vn -0.9994 -0.0000 0.0356
vn -0.9991 -0.0000 0.0431
vn -0.9988 -0.0000 0.0498
vn -0.9984 -0.0000 0.0560
vn -0.9981 -0.0000 0.0620
vn -0.9977 -0.0000 0.0683
vn -0.9972 -0.0000 0.0751
vn -0.9966 -0.0000 0.0830
vn -0.9957 -0.0000 0.0927
vn -0.7410 -0.0000 -0.6715
vn -0.9957 -0.0000 0.0926
vn 0.7417 -0.0000 -0.6707
vn 0.9954 -0.0000 0.0962
vn 0.9961 -0.0000 0.0884
vn 0.9967 -0.0000 0.0810
vn 0.9973 -0.0000 0.0739
vn 0.9978 -0.0000 0.0667
vn 0.9982 -0.0000 0.0592
vn 0.9978 -0.0000 0.0666
vn 0.9987 -0.0000 0.0514
vn 0.9991 -0.0000 0.0431
vn 0.9987 -0.0000 0.0515
vn 0.9994 -0.0000 0.0341
vn 0.9997 -0.0000 0.0240
vn 0.9994 -0.0000 0.0340
vn 0.9999 -0.0000 0.0127
vn 1.0000 -0.0000 0.0033
vn -0.9616 -0.0000 0.2746
vn -0.4662 -0.0000 0.8847
vn -0.9545 -0.0000 0.2982
vn -0.9496 -0.0000 0.3136
vn -0.9458 -0.0000 0.3248
vn -0.9427 -0.0000 0.3337
vn -0.9399 -0.0000 0.3414
vn -0.9427 -0.0000 0.3338
vn -0.9373 -0.0000 0.3486
vn -0.9346 -0.0000 0.3558
vn -0.9315 -0.0000 0.3638
vn -0.9276 -0.0000 0.3735
vn -0.9222 -0.0000 0.3868
vn -0.9141 -0.0000 -0.4055
vn 0.4120 -0.0000 -0.9112
vn 0.9268 -0.0000 -0.3756
vn 0.9307 -0.0000 -0.3658
vn 0.9333 -0.0000 -0.3591
vn 0.9352 -0.0000 -0.3540
vn 0.9333 -0.0000 -0.3592
vn 0.9369 -0.0000 -0.3495
vn 0.9385 -0.0000 -0.3452
vn 0.9402 -0.0000 -0.3406
vn 0.9421 -0.0000 -0.3354
vn 0.9444 -0.0000 -0.3288
vn 0.9475 -0.0000 -0.3198
vn 0.9521 -0.0000 -0.3058
vn 0.8935 -0.0000 0.4490
vn 0.9575 -0.0000 0.2886
vn 0.9649 -0.0000 0.2628
vn 0.9487 -0.0000 0.3161
vn 0.9385 -0.0000 0.3452
vn 0.9266 -0.0000 0.3760
vn 0.9128 -0.0000 0.4083
vn 0.8970 -0.0000 0.4420
vn 0.8789 -0.0000 0.4770
vn 0.8583 -0.0000 0.5131
vn 0.8352 -0.0000 0.5500
vn 0.8093 -0.0000 0.5874
vn 0.7838 -0.0000 0.6210
vn 0.8093 -0.0000 0.5873
vn 0.7548 -0.0000 0.6560
vn 0.7198 -0.0000 0.6942
vn 0.6841 -0.0000 0.7294
vn 0.6480 -0.0000 0.7616
vn 0.6117 -0.0000 0.7911
vn 0.5754 -0.0000 0.8179
vn 0.5392 -0.0000 0.8422
vn 0.5030 -0.0000 0.8643
vn 0.4670 -0.0000 0.8843
vn 0.4310 -0.0000 0.9024
vn 0.3949 -0.0000 0.9187
vn -0.2019 -0.0000 0.9794
vn -0.9710 -0.0000 -0.2389
vn -0.3286 -0.0000 -0.9445
vn -0.3736 -0.0000 -0.9276
vn -0.4165 -0.0000 -0.9091
vn -0.4580 -0.0000 -0.8889
vn -0.4987 -0.0000 -0.8668
vn -0.5389 -0.0000 -0.8424
vn -0.5790 -0.0000 -0.8154
vn -0.6192 -0.0000 -0.7853
vn -0.6597 -0.0000 -0.7516
vn -0.7005 -0.0000 -0.7136
vn -0.7417 -0.0000 -0.6708
vn -0.7776 -0.0000 -0.6288
vn -0.8093 -0.0000 -0.5874
vn -0.8396 -0.0000 -0.5433
vn -0.8658 -0.0000 -0.5003
vn -0.8888 -0.0000 -0.4582
vn -0.9090 -0.0000 -0.4167
vn -0.9268 -0.0000 -0.3755
vn -0.9425 -0.0000 -0.3343
vn -0.9268 -0.0000 -0.3756
vn -0.9562 -0.0000 -0.2928
vn -0.9681 -0.0000 -0.2505
vn -0.9783 -0.0000 -0.2072
vn -0.9867 -0.0000 -0.1625
vn -0.5339 -0.0000 -0.8456
vn 0.8894 -0.0000 -0.4571
vn -0.5339 -0.0000 -0.8455
vn 0.9515 -0.0000 0.3076
vn 0.9541 -0.0000 0.2995
vn 0.9563 -0.0000 0.2923
vn 0.9582 -0.0000 0.2859
vn 0.9564 -0.0000 0.2922
vn 0.9598 -0.0000 0.2808
vn 0.9583 -0.0000 0.2859
vn 0.9609 -0.0000 0.2769
vn 0.9616 -0.0000 0.2746
vn 0.9617 -0.0000 0.2741
vn 0.9615 -0.0000 0.2747
vn 0.9613 -0.0000 0.2756
vn 0.9617 -0.0000 0.2742
vn 0.9602 -0.0000 0.2793
vn 0.9612 -0.0000 0.2757
vn 0.9583 -0.0000 0.2856
vn 0.9602 -0.0000 0.2794
vn 0.9629 -0.0000 0.2699
vn -0.9515 -0.0000 0.3076
vn -0.4430 -0.0000 0.8965
vn -0.4431 -0.0000 0.8965
vn -0.9448 -0.0000 0.3276
vn -0.9399 -0.0000 0.3413
vn -0.9361 -0.0000 0.3518
vn -0.9327 -0.0000 0.3606
vn -0.9295 -0.0000 0.3687
vn -0.9263 -0.0000 0.3769
vn -0.9225 -0.0000 0.3859
vn -0.9262 -0.0000 0.3769
vn -0.9178 -0.0000 0.3969
vn -0.9112 -0.0000 0.4120
vn -0.8998 -0.0000 0.4362
vn -0.9343 -0.0000 -0.3565
vn -0.8999 -0.0000 0.4362
vn 0.3773 -0.0000 -0.9261
vn 0.9148 -0.0000 -0.4040
vn 0.9197 -0.0000 -0.3927
vn 0.9228 -0.0000 -0.3853
vn 0.9251 -0.0000 -0.3798
vn 0.9250 -0.0000 -0.3799
vn 0.9283 -0.0000 -0.3719
vn 0.9296 -0.0000 -0.3685
vn 0.9310 -0.0000 -0.3651
vn 0.9324 -0.0000 -0.3615
vn 0.9340 -0.0000 -0.3572
vn 0.9362 -0.0000 -0.3514
vn 0.9085 -0.0000 0.4180
vn 0.9362 -0.0000 -0.3513
vn -0.1175 -0.0000 -0.9931
vn 0.9669 -0.0000 -0.2551
vn 0.8803 -0.0000 0.4745
vn 0.9052 -0.0000 0.4251
vn 0.8981 -0.0000 0.4398
vn 0.9051 -0.0000 0.4252
vn 0.9114 -0.0000 0.4116
vn 0.9285 -0.0000 0.3712
vn 0.9229 -0.0000 0.3851
vn 0.9343 -0.0000 0.3565
vn 0.9472 -0.0000 0.3206
vn 0.9559 -0.0000 0.2936
vn 0.9472 -0.0000 0.3208
vn 0.9559 -0.0000 0.2938
vn 0.6506 -0.0000 0.7595
vn 0.5365 -0.0000 0.8439
vn -0.5039 -0.0000 -0.8637
vn -0.8408 -0.0000 -0.5414
vn 0.7977 -0.0000 0.6031
vn 0.6363 -0.0000 0.7714
vn -0.8802 -0.0000 -0.4747
vn -0.8939 -0.0000 -0.4483
vn -0.9046 -0.0000 -0.4264
vn -0.9213 -0.0000 -0.3889
vn -0.9355 -0.0000 -0.3532
vn -0.9575 -0.0000 -0.2884
vn -0.9658 -0.0000 -0.2594
vn 0.9413 -0.0000 -0.3376
vn 0.8842 -0.0000 0.4672
vn 0.8765 -0.0000 0.4813
vn -0.1022 -0.0000 -0.9948
vn -0.1044 -0.0000 -0.9945
vn -0.1004 -0.0000 -0.9949
vn -0.0987 -0.0000 -0.9951
vn -0.0970 -0.0000 -0.9953
vn -0.0952 -0.0000 -0.9955
vn -0.0934 -0.0000 -0.9956
vn -0.0914 -0.0000 -0.9958
vn -0.0893 -0.0000 -0.9960
vn -0.0869 -0.0000 -0.9962
vn -0.0842 -0.0000 -0.9964
vn -0.0819 -0.0000 -0.9966
vn -0.0796 -0.0000 -0.9968
vn -0.0769 -0.0000 -0.9970
vn -0.0742 -0.0000 -0.9972
vn -0.0715 -0.0000 -0.9974
vn -0.0687 -0.0000 -0.9976
vn -0.0658 -0.0000 -0.9978
vn -0.0628 -0.0000 -0.9980
vn -0.0596 -0.0000 -0.9982
vn -0.0563 -0.0000 -0.9984
vn -0.0528 -0.0000 -0.9986
vn -0.0489 -0.0000 -0.9988
vn 0.6903 -0.0000 -0.7235
vn 0.7078 -0.0000 0.7065
vn 0.0046 -0.0000 1.0000
vn 0.7078 -0.0000 0.7064
vn 0.0110 -0.0000 0.9999
vn 0.0196 -0.0000 0.9998
vn 0.0305 -0.0000 0.9995
vn 0.0440 -0.0000 0.9990
vn 0.0603 -0.0000 0.9982
vn 0.0803 -0.0000 0.9968
vn 0.1047 -0.0000 0.9945
vn 0.1350 -0.0000 0.9908
vn 0.1730 -0.0000 0.9849
vn 0.2217 -0.0000 0.9751
vn 0.3096 -0.0000 0.9509
vn 0.4262 -0.0000 0.9046
vn 0.5325 -0.0000 0.8464
vn 0.6250 -0.0000 0.7806
vn 0.7044 -0.0000 0.7098
vn 0.7719 -0.0000 0.6358
vn 0.8290 -0.0000 0.5592
vn 0.8772 -0.0000 0.4802
vn 0.8290 -0.0000 0.5593
vn 0.9175 -0.0000 0.3978
vn 0.9505 -0.0000 0.3106
vn 0.9763 -0.0000 0.2166
vn 0.9936 -0.0000 0.1134
vn 0.9999 -0.0000 -0.0103
vn 0.9861 -0.0000 -0.1659
vn 0.9408 -0.0000 -0.3390
vn 0.8627 -0.0000 -0.5057
vn 0.7594 -0.0000 -0.6507
vn 0.6436 -0.0000 -0.7654
vn 0.5277 -0.0000 -0.8494
vn 0.4196 -0.0000 -0.9077
vn 0.3229 -0.0000 -0.9464
vn 0.2378 -0.0000 -0.9713
vn 0.1631 -0.0000 -0.9866
vn 0.0971 -0.0000 -0.9953
vn 0.8341 -0.0000 -0.5516
vn 0.5463 -0.0000 0.8376
vn 0.8341 -0.0000 -0.5517
vn -0.1197 -0.0000 0.9928
vn -0.2027 -0.0000 0.9792
vn -0.2888 -0.0000 0.9574
vn -0.3797 -0.0000 0.9251
vn -0.4763 -0.0000 0.8793
vn -0.5782 -0.0000 0.8159
vn -0.6828 -0.0000 0.7306
vn -0.7844 -0.0000 0.6203
vn -0.8747 -0.0000 0.4847
vn -0.9443 -0.0000 0.3290
vn -0.9865 -0.0000 0.1636
vn -0.9999 -0.0000 0.0149
vn -0.9951 -0.0000 -0.0992
vn -0.9809 -0.0000 -0.1948
vn -0.9586 -0.0000 -0.2848
vn -0.9809 -0.0000 -0.1947
vn -0.9295 -0.0000 -0.3688
vn -0.8948 -0.0000 -0.4464
vn -0.8554 -0.0000 -0.5181
vn -0.8116 -0.0000 -0.5843
vn -0.8553 -0.0000 -0.5181
vn -0.7635 -0.0000 -0.6458
vn -0.7109 -0.0000 -0.7033
vn -0.6526 -0.0000 -0.7577
vn -0.5872 -0.0000 -0.8095
vn -0.9405 -0.0000 0.3398
vn 0.1072 -0.0000 0.9942
vn 0.1053 -0.0000 0.9944
vn 0.1054 -0.0000 0.9944
vn 0.1069 -0.0000 0.9943
vn 0.1098 -0.0000 0.9940
vn 0.1140 -0.0000 0.9935
vn 0.1198 -0.0000 0.9928
vn 0.1277 -0.0000 0.9918
vn 0.1384 -0.0000 0.9904
vn 0.1535 -0.0000 0.9881
vn 0.1759 -0.0000 0.9844
vn -0.5961 -0.0000 0.8029
vn -0.7522 -0.0000 -0.6590
vn -0.0314 -0.0000 -0.9995
vn -0.0364 -0.0000 -0.9993
vn -0.0416 -0.0000 -0.9991
vn -0.0468 -0.0000 -0.9989
vn -0.0522 -0.0000 -0.9986
vn -0.0578 -0.0000 -0.9983
vn -0.0637 -0.0000 -0.9980
vn -0.0701 -0.0000 -0.9975
vn -0.0772 -0.0000 -0.9970
vn -0.0851 -0.0000 -0.9964
vn -0.0942 -0.0000 -0.9956
vn -0.1023 -0.0000 -0.9948
vn -0.8967 -0.0000 0.4426
vn -0.3327 -0.0000 0.9430
vn -0.8914 -0.0000 0.4531
vn -0.8859 -0.0000 0.4639
vn -0.8914 -0.0000 0.4532
vn -0.8800 -0.0000 0.4750
vn -0.8736 -0.0000 0.4866
vn -0.8668 -0.0000 0.4987
vn -0.8593 -0.0000 0.5115
vn -0.8511 -0.0000 0.5251
vn -0.8593 -0.0000 0.5114
vn -0.8419 -0.0000 0.5396
vn -0.8511 -0.0000 0.5250
vn -0.8317 -0.0000 0.5553
vn -0.8201 -0.0000 0.5723
vn -0.9633 -0.0000 -0.2684
vn -0.8200 -0.0000 0.5723
vn 0.2779 -0.0000 -0.9606
vn 0.8291 -0.0000 -0.5591
vn 0.8363 -0.0000 -0.5483
vn 0.8290 -0.0000 -0.5592
vn 0.8424 -0.0000 -0.5389
vn 0.8362 -0.0000 -0.5484
vn 0.8480 -0.0000 -0.5300
vn 0.8533 -0.0000 -0.5214
vn 0.8587 -0.0000 -0.5125
vn 0.8642 -0.0000 -0.5031
vn 0.8701 -0.0000 -0.4929
vn 0.8642 -0.0000 -0.5032
vn 0.8766 -0.0000 -0.4812
vn 0.8840 -0.0000 -0.4675
vn 0.8926 -0.0000 -0.4508
vn 0.9438 -0.0000 0.3304
vn -0.8919 -0.0000 0.4521
vn -0.3242 -0.0000 0.9460
vn -0.8857 -0.0000 0.4643
vn -0.8920 -0.0000 0.4521
vn -0.8792 -0.0000 0.4764
vn -0.8725 -0.0000 0.4885
vn -0.8656 -0.0000 0.5008
vn -0.8725 -0.0000 0.4886
vn -0.8583 -0.0000 0.5132
vn -0.8655 -0.0000 0.5008
vn -0.8506 -0.0000 0.5258
vn -0.8425 -0.0000 0.5386
vn -0.8339 -0.0000 0.5519
vn -0.8425 -0.0000 0.5387
vn -0.8248 -0.0000 0.5654
vn -0.8339 -0.0000 0.5518
vn -0.8150 -0.0000 0.5794
vn -0.9683 -0.0000 -0.2499
vn 0.2522 -0.0000 -0.9677
vn 0.8161 -0.0000 -0.5779
vn 0.8223 -0.0000 -0.5690
vn 0.8278 -0.0000 -0.5610
vn 0.8224 -0.0000 -0.5689
vn 0.8330 -0.0000 -0.5533
vn 0.8279 -0.0000 -0.5609
vn 0.8380 -0.0000 -0.5457
vn 0.8430 -0.0000 -0.5379
vn 0.8483 -0.0000 -0.5294
vn 0.8541 -0.0000 -0.5201
vn 0.8483 -0.0000 -0.5295
vn 0.8605 -0.0000 -0.5094
vn 0.8678 -0.0000 -0.4969
vn 0.8605 -0.0000 -0.5095
vn 0.8764 -0.0000 -0.4816
vn 0.9508 -0.0000 0.3097
vn 0.9509 -0.0000 0.3096
vn 0.3527 -0.0000 0.9357
vn 0.3664 -0.0000 0.9305
vn 0.3399 -0.0000 0.9404
vn 0.3279 -0.0000 0.9447
vn 0.3164 -0.0000 0.9486
vn 0.3055 -0.0000 0.9522
vn 0.2951 -0.0000 0.9555
vn 0.2850 -0.0000 0.9585
vn 0.2753 -0.0000 0.9613
vn 0.2659 -0.0000 0.9640
vn 0.2568 -0.0000 0.9665
vn 0.7913 -0.0000 0.6114
vn 0.7071 -0.0000 -0.7071
vn 0.7071 -0.0000 0.7071
vn 0.9367 -0.0000 -0.3500
vn 0.7604 -0.0000 -0.6495
vn 0.9368 -0.0000 -0.3500
vn 0.7688 -0.0000 -0.6394
vn 0.7740 -0.0000 -0.6332
vn 0.7688 -0.0000 -0.6395
vn 0.7777 -0.0000 -0.6287
vn 0.7805 -0.0000 -0.6251
vn 0.7776 -0.0000 -0.6287
vn 0.7829 -0.0000 -0.6221
vn 0.7853 -0.0000 -0.6192
vn 0.7830 -0.0000 -0.6221
vn 0.7877 -0.0000 -0.6160
vn 0.7853 -0.0000 -0.6191
vn 0.7906 -0.0000 -0.6124
vn 0.7877 -0.0000 -0.6161
vn 0.7944 -0.0000 -0.6074
vn 0.7905 -0.0000 -0.6124
vn 0.8006 -0.0000 -0.5992
vn 1.0000 -0.0000 -0.0016
vn -0.0898 -0.0000 0.9960
vn -0.8937 -0.0000 0.4487
vn -0.8838 -0.0000 0.4678
vn -0.8762 -0.0000 0.4819
vn -0.8701 -0.0000 0.4928
vn -0.8651 -0.0000 0.5016
vn -0.8607 -0.0000 0.5091
vn -0.8569 -0.0000 0.5155
vn -0.8608 -0.0000 0.5090
vn -0.8534 -0.0000 0.5213
vn -0.8569 -0.0000 0.5154
vn -0.8501 -0.0000 0.5265
vn -0.8534 -0.0000 0.5212
vn -0.8470 -0.0000 0.5316
vn -0.8502 -0.0000 0.5265
vn -0.8438 -0.0000 0.5366
vn 0.2809 -0.0000 0.9598
vn 0.2808 -0.0000 0.9598
vn -0.7071 -0.0000 0.7071
vn -0.1709 -0.0000 0.9853
vn 0.9389 -0.0000 0.3442
vn -0.1710 -0.0000 0.9853
vn 0.9334 -0.0000 0.3589
vn 0.9274 -0.0000 0.3741
vn 0.9207 -0.0000 0.3902
vn 0.9133 -0.0000 0.4073
vn 0.9048 -0.0000 0.4258
vn 0.9133 -0.0000 0.4074
vn 0.8950 -0.0000 0.4460
vn 0.9048 -0.0000 0.4259
vn 0.8835 -0.0000 0.4684
vn 0.8950 -0.0000 0.4461
vn 0.8699 -0.0000 0.4933
vn 0.8533 -0.0000 0.5214
vn 0.8328 -0.0000 0.5536
vn 0.8533 -0.0000 0.5215
vn -0.1109 -0.0000 0.9938
vn -0.9200 -0.0000 0.3920
vn -0.1107 -0.0000 0.9938
vn -0.9071 -0.0000 0.4209
vn -0.8961 -0.0000 0.4438
vn -0.9071 -0.0000 0.4208
vn -0.8865 -0.0000 0.4627
vn -0.8961 -0.0000 0.4439
vn -0.8781 -0.0000 0.4784
vn -0.8706 -0.0000 0.4920
vn -0.8781 -0.0000 0.4785
vn -0.8636 -0.0000 0.5041
vn -0.8705 -0.0000 0.4921
vn -0.8572 -0.0000 0.5150
vn -0.8637 -0.0000 0.5041
vn -0.8450 -0.0000 0.5348
vn -0.8510 -0.0000 0.5251
vn -0.8388 -0.0000 0.5445
vn -0.9997 -0.0000 -0.0255
vn -0.8387 -0.0000 0.5446
vn -0.8206 -0.0000 -0.5715
vn -0.9997 -0.0000 -0.0254
vn -0.8451 -0.0000 -0.5346
vn -0.8644 -0.0000 -0.5028
vn -0.8801 -0.0000 -0.4748
vn -0.8932 -0.0000 -0.4496
vn -0.9146 -0.0000 -0.4043
vn -0.9238 -0.0000 -0.3829
vn -0.9323 -0.0000 -0.3617
vn -0.9404 -0.0000 -0.3401
vn -0.9483 -0.0000 -0.3175
vn -0.8080 -0.0000 0.5892
vn -0.7071 -0.0000 -0.7071
vn -0.6282 -0.0000 0.7780
vn 0.2071 -0.0000 0.9783
vn 0.2003 -0.0000 0.9797
vn 0.2072 -0.0000 0.9783
vn 0.1939 -0.0000 0.9810
vn 0.1879 -0.0000 0.9822
vn 0.1824 -0.0000 0.9832
vn 0.1773 -0.0000 0.9841
vn 0.1727 -0.0000 0.9850
vn 0.1685 -0.0000 0.9857
vn 0.1647 -0.0000 0.9863
vn 0.1614 -0.0000 0.9869
vn 0.1585 -0.0000 0.9874
vn -0.5659 -0.0000 0.8245
vn -0.9735 -0.0000 0.2288
vn -0.9642 -0.0000 0.2650
vn -0.9557 -0.0000 0.2944
vn -0.9477 -0.0000 0.3190
vn -0.9557 -0.0000 0.2943
vn -0.9403 -0.0000 0.3404
vn -0.9478 -0.0000 0.3188
vn -0.9332 -0.0000 0.3595
vn -0.9261 -0.0000 0.3774
vn -0.9331 -0.0000 0.3597
vn -0.9189 -0.0000 0.3944
vn -0.9260 -0.0000 0.3775
vn -0.9115 -0.0000 0.4114
vn -0.9189 -0.0000 0.3946
vn -0.9033 -0.0000 0.4290
vn -0.9114 -0.0000 0.4116
vn -0.8942 -0.0000 0.4476
vn -0.8999 -0.0000 -0.4361
vn -0.8942 -0.0000 0.4477
vn -0.1977 -0.0000 -0.9803
vn -0.2090 -0.0000 -0.9779
vn -0.2207 -0.0000 -0.9754
vn -0.2331 -0.0000 -0.9724
vn -0.2207 -0.0000 -0.9753
vn -0.2466 -0.0000 -0.9691
vn -0.2616 -0.0000 -0.9652
vn -0.2784 -0.0000 -0.9605
vn -0.2977 -0.0000 -0.9547
vn -0.3203 -0.0000 -0.9473
vn -0.3473 -0.0000 -0.9377
vn -0.3803 -0.0000 -0.9249
vn 0.2457 -0.0000 -0.9693
vn 0.9659 -0.0000 0.2589
vn 0.2457 -0.0000 -0.9694
vn 0.9659 -0.0000 0.2588
vn 0.5253 -0.0000 -0.8509
vn 0.5076 -0.0000 -0.8616
vn 0.5409 -0.0000 -0.8411
vn 0.5551 -0.0000 -0.8318
vn 0.5410 -0.0000 -0.8411
vn 0.5683 -0.0000 -0.8228
vn 0.5552 -0.0000 -0.8317
vn 0.5806 -0.0000 -0.8142
vn 0.5925 -0.0000 -0.8056
vn 0.5807 -0.0000 -0.8141
vn 0.6041 -0.0000 -0.7969
vn 0.6157 -0.0000 -0.7880
vn 0.6276 -0.0000 -0.7786
vn 0.6399 -0.0000 -0.7684
vn 0.0426 -0.0000 -0.9991
vn -0.5890 -0.0000 -0.8081
vn -0.6094 -0.0000 -0.7929
vn -0.6304 -0.0000 -0.7763
vn -0.6520 -0.0000 -0.7582
vn -0.6742 -0.0000 -0.7385
vn -0.6969 -0.0000 -0.7171
vn -0.6742 -0.0000 -0.7386
vn -0.7200 -0.0000 -0.6940
vn -0.6969 -0.0000 -0.7172
vn -0.7434 -0.0000 -0.6688
vn -0.7200 -0.0000 -0.6939
vn -0.7671 -0.0000 -0.6416
vn -0.7435 -0.0000 -0.6687
vn -0.7907 -0.0000 -0.6121
vn -0.7671 -0.0000 -0.6415
vn -0.8143 -0.0000 -0.5805
vn -0.8843 -0.0000 0.4669
vn 0.3514 -0.0000 0.9362
vn -0.8843 -0.0000 0.4670
vn 0.6513 -0.0000 0.7588
vn 0.6378 -0.0000 0.7702
vn 0.6238 -0.0000 0.7816
vn 0.6092 -0.0000 0.7930
vn 0.5942 -0.0000 0.8044
vn 0.5786 -0.0000 0.8156
vn 0.5626 -0.0000 0.8267
vn 0.5461 -0.0000 0.8377
vn 0.5625 -0.0000 0.8268
vn 0.5291 -0.0000 0.8486
vn 0.5117 -0.0000 0.8591
vn 0.4939 -0.0000 0.8695
vn 0.5117 -0.0000 0.8592
vn -0.2024 -0.0000 0.9793
vn -0.7846 -0.0000 0.6200
vn -0.2023 -0.0000 0.9793
vn -0.7706 -0.0000 0.6373
vn -0.7575 -0.0000 0.6528
vn -0.7707 -0.0000 0.6372
vn -0.7445 -0.0000 0.6676
vn -0.7310 -0.0000 0.6824
vn -0.7162 -0.0000 0.6979
vn -0.7309 -0.0000 0.6824
vn -0.6995 -0.0000 0.7146
vn -0.6799 -0.0000 0.7333
vn -0.6996 -0.0000 0.7146
vn -0.6559 -0.0000 0.7548
vn -0.6253 -0.0000 0.7804
vn -0.6559 -0.0000 0.7549
vn -0.5844 -0.0000 0.8115
vn -0.6252 -0.0000 0.7805
vn -0.9983 -0.0000 -0.0578
vn -0.5843 -0.0000 0.8115
vn -0.4806 -0.0000 -0.8769
vn -0.5187 -0.0000 -0.8549
vn -0.5556 -0.0000 -0.8314
vn -0.5914 -0.0000 -0.8064
vn -0.6262 -0.0000 -0.7796
vn -0.6602 -0.0000 -0.7511
vn -0.6262 -0.0000 -0.7797
vn -0.6935 -0.0000 -0.7205
vn -0.7262 -0.0000 -0.6875
vn -0.7586 -0.0000 -0.6516
vn -0.7907 -0.0000 -0.6122
vn -0.8228 -0.0000 -0.5684
vn -0.3904 -0.0000 -0.9207
vn 0.9241 -0.0000 -0.3820
vn 0.8251 -0.0000 0.5650
vn 0.9241 -0.0000 -0.3821
vn 0.8182 -0.0000 0.5749
vn 0.8116 -0.0000 0.5842
vn 0.8052 -0.0000 0.5930
vn 0.7989 -0.0000 0.6014
vn 0.7929 -0.0000 0.6094
vn 0.7990 -0.0000 0.6014
vn 0.7871 -0.0000 0.6168
vn 0.7930 -0.0000 0.6092
vn 0.7815 -0.0000 0.6239
vn 0.7872 -0.0000 0.6167
vn 0.7762 -0.0000 0.6305
vn 0.7710 -0.0000 0.6368
vn 0.7761 -0.0000 0.6306
vn 0.7660 -0.0000 0.6428
vn 0.7709 -0.0000 0.6369
vn 0.9071 -0.0000 -0.4209
vn -0.1132 -0.0000 -0.9936
vn 0.9071 -0.0000 -0.4210
vn 0.1181 -0.0000 -0.9930
vn 0.9512 -0.0000 -0.3087
vn 0.8622 -0.0000 0.5065
vn 0.8069 -0.0000 0.5907
vn 0.7468 -0.0000 0.6650
vn 0.6846 -0.0000 0.7289
vn 0.7469 -0.0000 0.6650
vn 0.6222 -0.0000 0.7828
vn 0.5612 -0.0000 0.8277
vn 0.5027 -0.0000 0.8645
vn 0.4471 -0.0000 0.8945
vn 0.3458 -0.0000 0.9383
vn 0.2999 -0.0000 0.9540
vn -0.4108 -0.0000 0.9117
vn -0.8943 -0.0000 0.4474
vn -0.4107 -0.0000 0.9118
vn -0.8768 -0.0000 0.4809
vn -0.8943 -0.0000 0.4475
vn -0.8615 -0.0000 0.5078
vn -0.8769 -0.0000 0.4808
vn -0.8480 -0.0000 0.5300
vn -0.8616 -0.0000 0.5076
vn -0.8358 -0.0000 0.5491
vn -0.8245 -0.0000 0.5659
vn -0.8138 -0.0000 0.5811
vn -0.8244 -0.0000 0.5659
vn -0.8033 -0.0000 0.5956
vn -0.8137 -0.0000 0.5812
vn -0.7927 -0.0000 0.6096
vn -0.7816 -0.0000 0.6238
vn -0.7928 -0.0000 0.6095
vn -0.7694 -0.0000 0.6387
vn -0.7816 -0.0000 0.6237
vn -0.9506 -0.0000 -0.3103
vn -0.2447 -0.0000 -0.9696
vn -0.2647 -0.0000 -0.9643
vn -0.2848 -0.0000 -0.9586
vn -0.3052 -0.0000 -0.9523
vn -0.3258 -0.0000 -0.9454
vn -0.3468 -0.0000 -0.9379
vn -0.3682 -0.0000 -0.9297
vn -0.3900 -0.0000 -0.9208
vn -0.3682 -0.0000 -0.9298
vn -0.4123 -0.0000 -0.9110
vn -0.4352 -0.0000 -0.9003
vn -0.4586 -0.0000 -0.8887
vn -0.9924 -0.0000 -0.1232
vn -0.6649 -0.0000 0.7469
vn -0.6513 -0.0000 0.7588
vn -0.6385 -0.0000 0.7696
vn -0.6261 -0.0000 0.7797
vn -0.6384 -0.0000 0.7697
vn -0.6140 -0.0000 0.7893
vn -0.6260 -0.0000 0.7798
vn -0.6019 -0.0000 0.7986
vn -0.6139 -0.0000 0.7893
vn -0.5897 -0.0000 0.8076
vn -0.5771 -0.0000 0.8167
vn -0.5640 -0.0000 0.8258
vn -0.5772 -0.0000 0.8166
vn -0.5500 -0.0000 0.8352
vn -0.5348 -0.0000 0.8450
vn -0.9998 -0.0000 0.0187
vn -0.0353 -0.0000 -0.9994
vn 0.5428 -0.0000 -0.8398
vn 0.5261 -0.0000 -0.8504
vn 0.5585 -0.0000 -0.8295
vn 0.5733 -0.0000 -0.8194
vn 0.5876 -0.0000 -0.8092
vn 0.6016 -0.0000 -0.7988
vn 0.6301 -0.0000 -0.7765
vn 0.6450 -0.0000 -0.7642
vn 0.6606 -0.0000 -0.7507
vn 0.6774 -0.0000 -0.7356
vn 0.6607 -0.0000 -0.7507
vn 0.0112 -0.0000 -0.9999
vn 0.6775 -0.0000 -0.7356
vn -0.6817 -0.0000 -0.7316
vn -0.7054 -0.0000 -0.7088
vn -0.7287 -0.0000 -0.6848
vn -0.7515 -0.0000 -0.6597
vn -0.7736 -0.0000 -0.6337
vn -0.7515 -0.0000 -0.6598
vn -0.7951 -0.0000 -0.6065
vn -0.7736 -0.0000 -0.6336
vn -0.8158 -0.0000 -0.5784
vn -0.8356 -0.0000 -0.5494
vn -0.8157 -0.0000 -0.5785
vn -0.8544 -0.0000 -0.5196
vn -0.8355 -0.0000 -0.5494
vn -0.8723 -0.0000 -0.4890
vn -0.8891 -0.0000 -0.4577
vn -0.8723 -0.0000 -0.4889
vn -0.8491 -0.0000 0.5283
vn 0.3728 -0.0000 0.9279
vn -0.8490 -0.0000 0.5283
vn 0.6825 -0.0000 0.7309
vn 0.6636 -0.0000 0.7481
vn 0.6825 -0.0000 0.7308
vn 0.6441 -0.0000 0.7649
vn 0.6242 -0.0000 0.7813
vn 0.6038 -0.0000 0.7971
vn 0.5830 -0.0000 0.8125
vn 0.5618 -0.0000 0.8272
vn 0.5831 -0.0000 0.8124
vn 0.5403 -0.0000 0.8415
vn 0.5619 -0.0000 0.8272
vn 0.5184 -0.0000 0.8551
vn 0.4963 -0.0000 0.8682
vn 0.4738 -0.0000 0.8806
vn -0.2351 -0.0000 0.9720
vn 0.4739 -0.0000 0.8806
vn -0.8098 -0.0000 0.5867
vn -0.2352 -0.0000 0.9720
vn -0.7964 -0.0000 0.6048
vn -0.8099 -0.0000 0.5866
vn -0.7833 -0.0000 0.6217
vn -0.7965 -0.0000 0.6047
vn -0.7699 -0.0000 0.6382
vn -0.7833 -0.0000 0.6216
vn -0.7555 -0.0000 0.6552
vn -0.7396 -0.0000 0.6731
vn -0.7556 -0.0000 0.6551
vn -0.7214 -0.0000 0.6925
vn -0.7397 -0.0000 0.6729
vn -0.6999 -0.0000 0.7142
vn -0.6737 -0.0000 0.7390
vn -0.6409 -0.0000 0.7676
vn -0.5982 -0.0000 0.8013
vn -0.9971 -0.0000 -0.0762
vn -0.5982 -0.0000 0.8014
vn -0.4642 -0.0000 -0.8857
vn -0.9971 -0.0000 -0.0761
vn -0.5067 -0.0000 -0.8621
vn -0.5479 -0.0000 -0.8365
vn -0.5880 -0.0000 -0.8089
vn -0.6270 -0.0000 -0.7791
vn -0.6648 -0.0000 -0.7470
vn -0.6269 -0.0000 -0.7791
vn -0.7017 -0.0000 -0.7125
vn -0.7377 -0.0000 -0.6751
vn -0.7730 -0.0000 -0.6344
vn -0.8076 -0.0000 -0.5898
vn -0.8414 -0.0000 -0.5404
vn -0.4071 -0.0000 -0.9134
vn 0.9163 -0.0000 -0.4005
vn -0.4070 -0.0000 -0.9134
vn 0.8487 -0.0000 0.5289
vn 0.8451 -0.0000 0.5346
vn 0.8487 -0.0000 0.5288
vn 0.8409 -0.0000 0.5412
vn 0.8452 -0.0000 0.5344
vn 0.8358 -0.0000 0.5491
vn 0.8299 -0.0000 0.5580
vn 0.8232 -0.0000 0.5678
vn 0.8299 -0.0000 0.5579
vn 0.8157 -0.0000 0.5785
vn 0.8233 -0.0000 0.5677
vn 0.8074 -0.0000 0.5900
vn 0.8157 -0.0000 0.5784
vn 0.7982 -0.0000 0.6024
vn 0.7882 -0.0000 0.6155
vn 0.7983 -0.0000 0.6023
vn 0.7773 -0.0000 0.6291
vn 0.7883 -0.0000 0.6153
vn 0.9044 -0.0000 -0.4266
vn 0.0974 -0.0000 -0.9952
vn 0.9260 -0.0000 -0.3776
vn 0.9102 -0.0000 0.4142
vn 0.8613 -0.0000 0.5081
vn 0.8030 -0.0000 0.5959
vn 0.8613 -0.0000 0.5080
vn 0.7376 -0.0000 0.6752
vn 0.6678 -0.0000 0.7443
vn 0.5965 -0.0000 0.8026
vn 0.6679 -0.0000 0.7443
vn 0.5259 -0.0000 0.8505
vn 0.4580 -0.0000 0.8890
vn 0.3939 -0.0000 0.9192
vn 0.3343 -0.0000 0.9425
vn 0.2795 -0.0000 0.9601
vn -0.4320 -0.0000 0.9019
vn -0.9044 -0.0000 0.4267
vn -0.8890 -0.0000 0.4580
vn -0.9044 -0.0000 0.4268
vn -0.8755 -0.0000 0.4833
vn -0.8888 -0.0000 0.4582
vn -0.8634 -0.0000 0.5046
vn -0.8754 -0.0000 0.4835
vn -0.8524 -0.0000 0.5229
vn -0.8422 -0.0000 0.5392
vn -0.8525 -0.0000 0.5228
vn -0.8324 -0.0000 0.5542
vn -0.8422 -0.0000 0.5391
vn -0.8227 -0.0000 0.5685
vn -0.8324 -0.0000 0.5541
vn -0.8127 -0.0000 0.5827
vn -0.8227 -0.0000 0.5684
vn -0.8019 -0.0000 0.5974
vn -0.7899 -0.0000 0.6132
vn -0.8020 -0.0000 0.5973
vn -0.9407 -0.0000 -0.3392
vn -0.7900 -0.0000 0.6131
vn -0.2206 -0.0000 -0.9754
vn -0.9407 -0.0000 -0.3393
vn -0.2488 -0.0000 -0.9686
vn -0.2775 -0.0000 -0.9607
vn -0.3067 -0.0000 -0.9518
vn -0.3365 -0.0000 -0.9417
vn -0.3670 -0.0000 -0.9302
vn -0.3981 -0.0000 -0.9173
vn -0.4299 -0.0000 -0.9029
vn -0.4623 -0.0000 -0.8867
vn -0.4954 -0.0000 -0.8686
vn -0.5291 -0.0000 -0.8486
vn -0.9958 -0.0000 -0.0912
vn -0.6830 -0.0000 0.7305
vn -0.9958 -0.0000 -0.0911
vn -0.6711 -0.0000 0.7413
vn -0.6829 -0.0000 0.7305
vn -0.6598 -0.0000 0.7514
vn -0.6488 -0.0000 0.7610
vn -0.6377 -0.0000 0.7703
vn -0.6265 -0.0000 0.7794
vn -0.6147 -0.0000 0.7887
vn -0.6264 -0.0000 0.7795
vn -0.6023 -0.0000 0.7983
vn -0.5890 -0.0000 0.8082
vn -0.6023 -0.0000 0.7982
vn -0.5743 -0.0000 0.8186
vn -0.5579 -0.0000 0.8299
vn -1.0000 -0.0000 0.0074
vn -0.0262 -0.0000 -0.9997
vn 1.0000 -0.0000 0.0044
vn 1.0000 -0.0000 0.0022
vn 1.0000 -0.0000 0.0067
vn 1.0000 -0.0000 0.0089
vn 0.9999 -0.0000 0.0112
vn 1.0000 -0.0000 0.0090
vn 0.9999 -0.0000 0.0136
vn 0.9999 -0.0000 0.0113
vn 0.9999 -0.0000 0.0159
vn 0.9999 -0.0000 0.0135
vn 0.9998 -0.0000 0.0183
vn 0.9998 -0.0000 0.0207
vn 0.9997 -0.0000 0.0232
vn 0.9997 -0.0000 0.0256
vn 0.7166 -0.0000 -0.6975
vn 0.7165 -0.0000 -0.6976
vn 0.9999 -0.0000 0.0137
vn 0.9996 -0.0000 0.0294
vn 0.9994 -0.0000 0.0343
vn 0.9986 -0.0000 0.0520
vn 0.9991 -0.0000 0.0415
vn 0.9978 -0.0000 0.0668
vn 0.9987 -0.0000 0.0519
vn 0.9961 -0.0000 0.0881
vn 0.9929 -0.0000 0.1186
vn 0.9866 -0.0000 0.1629
vn 0.9737 -0.0000 0.2277
vn 0.9465 -0.0000 0.3227
vn 0.8887 -0.0000 0.4586
vn 0.8363 -0.0000 0.5483
vn 0.8059 -0.0000 0.5921
vn 0.8362 -0.0000 0.5484
vn 0.7561 -0.0000 0.6545
vn 0.8057 -0.0000 0.5923
vn 0.6959 -0.0000 0.7181
vn 0.7560 -0.0000 0.6546
vn 0.6261 -0.0000 0.7797
vn 0.5490 -0.0000 0.8358
vn 0.6262 -0.0000 0.7797
vn 0.4682 -0.0000 0.8836
vn 0.5491 -0.0000 0.8358
vn 0.3880 -0.0000 0.9217
vn 0.3125 -0.0000 0.9499
vn 0.3879 -0.0000 0.9217
vn 0.2447 -0.0000 0.9696
vn 0.3124 -0.0000 0.9500
vn 0.1866 -0.0000 0.9824
vn 0.1387 -0.0000 0.9903
vn 0.1173 -0.0000 0.9931
vn 0.1008 -0.0000 0.9949
vn 0.0715 -0.0000 0.9974
vn 0.0480 -0.0000 0.9988
vn 0.0290 -0.0000 0.9996
vn 0.0133 -0.0000 0.9999
vn 0.0003 -0.0000 1.0000
vn -0.0105 -0.0000 0.9999
vn -0.0195 -0.0000 0.9998
vn -0.0270 -0.0000 0.9996
vn -0.0332 -0.0000 0.9994
vn -0.0383 -0.0000 0.9993
vn -0.0333 -0.0000 0.9994
vn -0.6807 -0.0000 0.7326
vn -0.9914 -0.0000 0.1309
vn -0.6806 -0.0000 0.7326
vn -0.9865 -0.0000 0.1635
vn -0.9914 -0.0000 0.1310
vn -0.9811 -0.0000 0.1937
vn -0.9749 -0.0000 0.2225
vn -0.9680 -0.0000 0.2508
vn -0.9600 -0.0000 0.2799
vn -0.9506 -0.0000 0.3105
vn -0.9393 -0.0000 0.3430
vn -0.9506 -0.0000 0.3103
vn -0.9255 -0.0000 0.3787
vn -0.9394 -0.0000 0.3429
vn -0.9082 -0.0000 0.4186
vn -0.8859 -0.0000 0.4638
vn -0.8428 -0.0000 -0.5383
vn 0.0698 -0.0000 -0.9976
vn -0.8428 -0.0000 -0.5382
vn 0.0591 -0.0000 -0.9983
vn 0.0494 -0.0000 -0.9988
vn 0.0406 -0.0000 -0.9992
vn 0.0327 -0.0000 -0.9995
vn 0.0255 -0.0000 -0.9997
vn 0.0190 -0.0000 -0.9998
vn 0.0133 -0.0000 -0.9999
vn 0.0084 -0.0000 -1.0000
vn 0.0043 -0.0000 -1.0000
vn 0.0015 -0.0000 -1.0000
vn -0.0058 -0.0000 -1.0000
vn -0.0282 -0.0000 -0.9996
vn -0.0668 -0.0000 -0.9978
vn -0.1188 -0.0000 -0.9929
vn -0.1849 -0.0000 -0.9828
vn -0.2645 -0.0000 -0.9644
vn -0.3549 -0.0000 -0.9349
vn -0.2646 -0.0000 -0.9644
vn -0.4510 -0.0000 -0.8925
vn -0.3550 -0.0000 -0.9349
vn -0.5463 -0.0000 -0.8376
vn -0.4511 -0.0000 -0.8925
vn -0.6343 -0.0000 -0.7731
vn -0.7104 -0.0000 -0.7038
vn -0.6345 -0.0000 -0.7729
vn -0.7726 -0.0000 -0.6349
vn -0.7105 -0.0000 -0.7037
vn -0.8313 -0.0000 -0.5559
vn -0.9037 -0.0000 -0.4283
vn -0.9564 -0.0000 -0.2921
vn -0.9036 -0.0000 -0.4283
vn -0.9783 -0.0000 -0.2070
vn -0.9564 -0.0000 -0.2922
vn -0.9884 -0.0000 -0.1517
vn -0.9934 -0.0000 -0.1143
vn -0.9961 -0.0000 -0.0882
vn -0.9976 -0.0000 -0.0694
vn -0.9985 -0.0000 -0.0556
vn -0.9990 -0.0000 -0.0454
vn -0.9993 -0.0000 -0.0377
vn -0.9995 -0.0000 -0.0319
vn -0.7174 -0.0000 0.6967
vn 0.6855 -0.0000 0.7281
vn 0.9972 -0.0000 0.0742
vn 0.9943 -0.0000 0.1062
vn 0.9893 -0.0000 0.1460
vn 0.9809 -0.0000 0.1945
vn 0.9677 -0.0000 0.2521
vn 0.9478 -0.0000 0.3188
vn 0.9191 -0.0000 0.3941
vn 0.8793 -0.0000 0.4763
vn 0.8268 -0.0000 0.5626
vn 0.7610 -0.0000 0.6487
vn 0.6833 -0.0000 0.7301
vn -0.1345 -0.0000 0.9909
vn -0.8074 -0.0000 0.5900
vn -0.1346 -0.0000 0.9909
vn -0.7797 -0.0000 0.6262
vn -0.8075 -0.0000 0.5899
vn -0.7562 -0.0000 0.6543
vn -0.7354 -0.0000 0.6776
vn -0.7561 -0.0000 0.6544
vn -0.7165 -0.0000 0.6976
vn -0.6983 -0.0000 0.7158
vn -0.7164 -0.0000 0.6977
vn -0.6802 -0.0000 0.7330
vn -0.6615 -0.0000 0.7500
vn -0.6803 -0.0000 0.7330
vn -0.6410 -0.0000 0.7675
vn -0.6614 -0.0000 0.7500
vn -0.6176 -0.0000 0.7865
vn -0.5894 -0.0000 0.8079
vn -0.6177 -0.0000 0.7864
vn -0.9999 -0.0000 0.0128
vn -0.5973 -0.0000 -0.8020
vn -0.9999 -0.0000 0.0127
vn -0.6034 -0.0000 -0.7974
vn -0.5972 -0.0000 -0.8021
vn -0.6096 -0.0000 -0.7927
vn -0.6033 -0.0000 -0.7975
vn -0.6160 -0.0000 -0.7878
vn -0.6097 -0.0000 -0.7927
vn -0.6226 -0.0000 -0.7825
vn -0.6161 -0.0000 -0.7877
vn -0.6296 -0.0000 -0.7769
vn -0.6228 -0.0000 -0.7824
vn -0.6368 -0.0000 -0.7710
vn -0.6297 -0.0000 -0.7768
vn -0.6443 -0.0000 -0.7648
vn -0.6369 -0.0000 -0.7709
vn -0.6522 -0.0000 -0.7580
vn -0.6444 -0.0000 -0.7647
vn -0.6606 -0.0000 -0.7507
vn -0.6692 -0.0000 -0.7431
vn -0.6605 -0.0000 -0.7509
vn -0.9098 -0.0000 0.4150
vn 0.1164 -0.0000 0.9932
vn -0.9098 -0.0000 0.4151
vn 0.1160 -0.0000 0.9933
vn 0.1155 -0.0000 0.9933
vn 0.1149 -0.0000 0.9934
vn 0.1142 -0.0000 0.9935
vn 0.1134 -0.0000 0.9935
vn 0.1126 -0.0000 0.9936
vn 0.1116 -0.0000 0.9938
vn 0.1104 -0.0000 0.9939
vn 0.1091 -0.0000 0.9940
vn 0.1075 -0.0000 0.9942
vn -0.6106 -0.0000 0.7919
vn -0.7874 -0.0000 -0.6165
vn -0.6106 -0.0000 0.7920
vn -0.7388 -0.0000 -0.6739
vn -0.6795 -0.0000 0.7337
vn 0.0750 -0.0000 0.9972
vn 0.0721 -0.0000 0.9974
vn 0.0691 -0.0000 0.9976
vn 0.0659 -0.0000 0.9978
vn 0.0626 -0.0000 0.9980
vn 0.0592 -0.0000 0.9982
vn 0.0555 -0.0000 0.9985
vn 0.0517 -0.0000 0.9987
vn 0.0476 -0.0000 0.9989
vn 0.0433 -0.0000 0.9991
vn 0.0387 -0.0000 0.9992
vn -0.6181 -0.0000 0.7861
vn -0.9768 -0.0000 0.2141
vn -0.6179 -0.0000 0.7862
vn -0.9710 -0.0000 0.2392
vn -0.9768 -0.0000 0.2143
vn -0.9656 -0.0000 0.2601
vn -0.9710 -0.0000 0.2391
vn -0.9605 -0.0000 0.2782
vn -0.9606 -0.0000 0.2780
vn -0.9510 -0.0000 0.3090
vn -0.9558 -0.0000 0.2940
vn -0.9463 -0.0000 0.3231
vn -0.9511 -0.0000 0.3089
vn -0.9415 -0.0000 0.3371
vn -0.9464 -0.0000 0.3230
vn -0.9363 -0.0000 0.3513
vn -0.9415 -0.0000 0.3369
vn -0.9305 -0.0000 0.3662
vn -0.9363 -0.0000 0.3512
vn -0.9239 -0.0000 0.3825
vn -0.8482 -0.0000 -0.5297
vn -0.9239 -0.0000 0.3826
vn -0.0574 -0.0000 -0.9984
vn -0.8482 -0.0000 -0.5296
vn -0.0672 -0.0000 -0.9977
vn -0.0868 -0.0000 -0.9962
vn -0.0972 -0.0000 -0.9953
vn -0.1083 -0.0000 -0.9941
vn -0.1206 -0.0000 -0.9927
vn -0.1346 -0.0000 -0.9909
vn -0.1508 -0.0000 -0.9886
vn -0.1704 -0.0000 -0.9854
vn -0.1948 -0.0000 -0.9808
vn 0.3862 -0.0000 -0.9224
vn 0.9224 -0.0000 0.3863
vn 0.1854 -0.0000 0.9827
vn 0.1723 -0.0000 0.9850
vn 0.1609 -0.0000 0.9870
vn 0.1509 -0.0000 0.9885
vn 0.1421 -0.0000 0.9899
vn 0.1344 -0.0000 0.9909
vn 0.1219 -0.0000 0.9925
vn 0.1169 -0.0000 0.9931
vn 0.7452 -0.0000 0.6668
vn 0.7452 -0.0000 0.6669
vn 0.6693 -0.0000 -0.7430
vn 0.2905 -0.0000 -0.9569
vn 0.6694 -0.0000 -0.7429
vn -0.8528 -0.0000 -0.5223
vn -0.8905 -0.0000 -0.4551
vn -0.8528 -0.0000 -0.5222
vn -0.9204 -0.0000 -0.3910
vn -0.9435 -0.0000 -0.3314
vn -0.9609 -0.0000 -0.2770
vn -0.9736 -0.0000 -0.2283
vn -0.9827 -0.0000 -0.1853
vn -0.9890 -0.0000 -0.1479
vn -0.9933 -0.0000 -0.1158
vn -0.9961 -0.0000 -0.0887
vn -0.9978 -0.0000 -0.0663
vn -0.9961 -0.0000 -0.0888
vn -0.7267 -0.0000 0.6870
vn -0.7267 -0.0000 0.6869
vn -0.6979 -0.0000 -0.7162
vn -0.9997 -0.0000 -0.0236
vn -0.9998 -0.0000 -0.0194
vn -0.9997 -0.0000 -0.0235
vn -0.9999 -0.0000 -0.0156
vn -0.9999 -0.0000 -0.0123
vn -1.0000 -0.0000 -0.0094
vn -0.9999 -0.0000 -0.0122
vn -1.0000 -0.0000 -0.0069
vn -1.0000 -0.0000 -0.0093
vn -1.0000 -0.0000 -0.0048
vn -1.0000 -0.0000 -0.0068
vn -1.0000 -0.0000 -0.0030
vn -1.0000 -0.0000 -0.0047
vn -1.0000 -0.0000 -0.0017
vn -1.0000 -0.0000 -0.0008
vn -1.0000 -0.0000 -0.0002
vn -1.0000 -0.0000 -0.0003
vn 0.7075 -0.0000 -0.7067
vn 0.9993 -0.0000 0.0366
vn 0.9992 -0.0000 0.0400
vn 0.9994 -0.0000 0.0337
vn 0.9995 -0.0000 0.0311
vn 0.9996 -0.0000 0.0285
vn 0.9995 -0.0000 0.0310
vn 0.9997 -0.0000 0.0258
vn 0.9997 -0.0000 0.0230
vn 0.9998 -0.0000 0.0199
vn 0.9999 -0.0000 0.0163
vn 0.9999 -0.0000 0.0119
vn 1.0000 -0.0000 0.0066
vn 0.9999 -0.0000 0.0120
vn 0.9997 -0.0000 -0.0253
vn 0.9933 -0.0000 -0.1151
vn 0.9697 -0.0000 -0.2444
vn 0.9934 -0.0000 -0.1151
vn 0.9228 -0.0000 -0.3852
vn 0.9697 -0.0000 -0.2443
vn 0.8487 -0.0000 -0.5288
vn 0.7485 -0.0000 -0.6631
vn 0.6294 -0.0000 -0.7771
vn 0.5024 -0.0000 -0.8646
vn 0.3782 -0.0000 -0.9257
vn 0.2640 -0.0000 -0.9645
vn 0.1632 -0.0000 -0.9866
vn 0.0761 -0.0000 -0.9971
vn -0.0057 -0.0000 -1.0000
vn -0.0965 -0.0000 -0.9953
vn -0.1957 -0.0000 -0.9807
vn -0.2947 -0.0000 -0.9556
vn -0.3898 -0.0000 -0.9209
vn -0.4780 -0.0000 -0.8784
vn -0.5568 -0.0000 -0.8306
vn -0.6252 -0.0000 -0.7805
vn -0.5569 -0.0000 -0.8306
vn -0.6828 -0.0000 -0.7306
vn -0.7303 -0.0000 -0.6832
vn -0.7684 -0.0000 -0.6399
vn -0.7984 -0.0000 -0.6021
vn -0.0366 -0.0000 -0.9993
vn 0.9997 -0.0000 -0.0233
vn -0.0367 -0.0000 -0.9993
vn 0.7802 -0.0000 0.6256
vn 0.7461 -0.0000 0.6658
vn 0.7802 -0.0000 0.6255
vn 0.7052 -0.0000 0.7090
vn 0.6568 -0.0000 0.7540
vn 0.6001 -0.0000 0.7999
vn 0.5346 -0.0000 0.8451
vn 0.4602 -0.0000 0.8878
vn 0.3775 -0.0000 0.9260
vn 0.2879 -0.0000 0.9577
vn 0.1933 -0.0000 0.9811
vn 0.0964 -0.0000 0.9953
vn 0.0056 -0.0000 1.0000
vn -0.0773 -0.0000 0.9970
vn -0.1662 -0.0000 0.9861
vn -0.2691 -0.0000 0.9631
vn -0.3854 -0.0000 0.9228
vn -0.5112 -0.0000 0.8595
vn -0.6388 -0.0000 0.7694
vn -0.5112 -0.0000 0.8594
vn -0.7570 -0.0000 0.6534
vn -0.8551 -0.0000 0.5185
vn -0.9266 -0.0000 0.3760
vn -0.8551 -0.0000 0.5184
vn -0.9714 -0.0000 0.2376
vn -0.9266 -0.0000 0.3759
vn -0.9937 -0.0000 0.1117
vn -0.9713 -0.0000 0.2377
vn -0.9997 -0.0000 0.0237
vn -1.0000 -0.0000 -0.0089
vn -0.9999 -0.0000 -0.0155
vn -0.9998 -0.0000 -0.0201
vn -0.9997 -0.0000 -0.0232
vn -0.9997 -0.0000 -0.0252
vn -0.9997 -0.0000 -0.0262
vn -0.9997 -0.0000 -0.0251
vn -0.9997 -0.0000 -0.0227
vn -0.9998 -0.0000 -0.0185
vn -0.9999 -0.0000 -0.0112
vn -0.9998 -0.0000 -0.0184
vn -1.0000 -0.0000 -0.0010
vn -0.9999 -0.0000 -0.0113
vn -1.0000 -0.0000 0.0096
vn -0.9995 -0.0000 0.0313
vn -0.9990 -0.0000 0.0438
vn -0.9983 -0.0000 0.0575
vn -0.9974 -0.0000 0.0725
vn -0.9960 -0.0000 0.0891
vn -0.9942 -0.0000 0.1074
vn -0.9918 -0.0000 0.1276
vn -0.9887 -0.0000 0.1501
vn -0.9918 -0.0000 0.1278
vn -0.9845 -0.0000 0.1751
vn -0.9887 -0.0000 0.1502
vn -0.7677 -0.0000 -0.6409
vn 0.7596 -0.0000 -0.6503
vn 0.9903 -0.0000 0.1389
vn 0.7596 -0.0000 -0.6504
vn 0.9917 -0.0000 0.1282
vn 0.9903 -0.0000 0.1387
vn 0.9930 -0.0000 0.1178
vn 0.9918 -0.0000 0.1280
vn 0.9942 -0.0000 0.1077
vn 0.9931 -0.0000 0.1177
vn 0.9952 -0.0000 0.0977
vn 0.9942 -0.0000 0.1075
vn 0.9961 -0.0000 0.0880
vn 0.9952 -0.0000 0.0976
vn 0.9969 -0.0000 0.0783
vn 0.9961 -0.0000 0.0879
vn 0.9976 -0.0000 0.0687
vn 0.9983 -0.0000 0.0591
vn 0.9976 -0.0000 0.0688
vn 0.9988 -0.0000 0.0495
vn 0.9988 -0.0000 0.0496
vn 0.9993 -0.0000 0.0385
vn 0.1311 -0.0000 0.9914
vn 0.0623 -0.0000 0.9981
vn 0.2083 -0.0000 0.9781
vn 0.1310 -0.0000 0.9914
vn 0.3926 -0.0000 0.9197
vn 0.5003 -0.0000 0.8658
vn 0.3925 -0.0000 0.9197
vn 0.6159 -0.0000 0.7878
vn 0.5003 -0.0000 0.8659
vn 0.7334 -0.0000 0.6798
vn 0.8421 -0.0000 0.5393
vn 0.9288 -0.0000 0.3705
vn 0.9826 -0.0000 0.1858
vn 1.0000 -0.0000 0.0020
vn 0.9837 -0.0000 -0.1796
vn 1.0000 -0.0000 0.0019
vn 0.9318 -0.0000 -0.3629
vn 0.9837 -0.0000 -0.1797
vn 0.8452 -0.0000 -0.5345
vn 0.7339 -0.0000 -0.6793
vn 0.6122 -0.0000 -0.7907
vn 0.7338 -0.0000 -0.6793
vn 0.4926 -0.0000 -0.8702
vn 0.3824 -0.0000 -0.9240
vn 0.4926 -0.0000 -0.8703
vn 0.2843 -0.0000 -0.9587
vn 0.1984 -0.0000 -0.9801
vn 0.1236 -0.0000 -0.9923
vn 0.0582 -0.0000 -0.9983
vn -0.0064 -0.0000 -1.0000
vn -0.0865 -0.0000 -0.9962
vn -0.1862 -0.0000 -0.9825
vn -0.3007 -0.0000 -0.9537
vn -0.4274 -0.0000 -0.9040
vn -0.5597 -0.0000 -0.8287
vn -0.4274 -0.0000 -0.9041
vn -0.6871 -0.0000 -0.7266
vn -0.7979 -0.0000 -0.6027
vn -0.6870 -0.0000 -0.7266
vn -0.8840 -0.0000 -0.4676
vn -0.7979 -0.0000 -0.6028
vn -0.9430 -0.0000 -0.3327
vn -0.8839 -0.0000 -0.4676
vn -0.9782 -0.0000 -0.2075
vn -0.9953 -0.0000 -0.0969
vn -0.9999 -0.0000 -0.0149
vn -0.9953 -0.0000 -0.0968
vn -0.7708 -0.0000 0.6371
vn -0.1935 -0.0000 0.9811
vn -0.1737 -0.0000 0.9848
vn -0.1543 -0.0000 0.9880
vn -0.1353 -0.0000 0.9908
vn -0.1169 -0.0000 0.9931
vn -0.1354 -0.0000 0.9908
vn -0.0988 -0.0000 0.9951
vn -0.0813 -0.0000 0.9967
vn -0.0641 -0.0000 0.9979
vn -0.0812 -0.0000 0.9967
vn -0.0475 -0.0000 0.9989
vn -0.0312 -0.0000 0.9995
vn -0.0154 -0.0000 0.9999
vn 0.0111 -0.0000 0.9999
vn -0.0292 -0.0000 -0.9996
vn 0.6974 -0.0000 -0.7167
vn -0.0333 -0.0000 -0.9994
vn -0.0378 -0.0000 -0.9993
vn -0.0427 -0.0000 -0.9991
vn -0.0482 -0.0000 -0.9988
vn -0.0544 -0.0000 -0.9985
vn -0.0615 -0.0000 -0.9981
vn -0.0698 -0.0000 -0.9976
vn -0.0794 -0.0000 -0.9968
vn -0.0697 -0.0000 -0.9976
vn -0.0908 -0.0000 -0.9959
vn -0.1048 -0.0000 -0.9945
vn 0.6511 -0.0000 -0.7590
vn 0.7531 -0.0000 0.6579
vn 0.0893 -0.0000 0.9960
vn 0.0797 -0.0000 0.9968
vn 0.0714 -0.0000 0.9974
vn 0.0642 -0.0000 0.9979
vn 0.0576 -0.0000 0.9983
vn 0.0515 -0.0000 0.9987
vn 0.0456 -0.0000 0.9990
vn 0.0398 -0.0000 0.9992
vn 0.0338 -0.0000 0.9994
vn 0.0274 -0.0000 0.9996
vn 0.0203 -0.0000 0.9998
vn 0.7129 -0.0000 0.7013
vn 1.0000 -0.0000 -0.0030
vn 0.7129 -0.0000 0.7012
vn 0.9999 -0.0000 -0.0111
vn 0.9998 -0.0000 -0.0202
vn 0.9996 -0.0000 -0.0277
vn 0.9998 -0.0000 -0.0203
vn 0.9994 -0.0000 -0.0338
vn 0.9992 -0.0000 -0.0389
vn 0.9994 -0.0000 -0.0339
vn 0.9991 -0.0000 -0.0432
vn 0.9989 -0.0000 -0.0468
vn 0.9988 -0.0000 -0.0498
vn 0.9986 -0.0000 -0.0523
vn 0.9985 -0.0000 -0.0543
vn 0.9984 -0.0000 -0.0560
vn 0.9985 -0.0000 -0.0544
vn 0.7847 -0.0000 -0.6199
vn 0.3082 -0.0000 -0.9513
vn 0.7847 -0.0000 -0.6198
vn 0.3501 -0.0000 -0.9367
vn 0.3895 -0.0000 -0.9210
vn 0.4264 -0.0000 -0.9045
vn 0.4612 -0.0000 -0.8873
vn 0.4942 -0.0000 -0.8694
vn 0.5256 -0.0000 -0.8508
vn 0.5557 -0.0000 -0.8314
vn 0.5255 -0.0000 -0.8508
vn 0.5849 -0.0000 -0.8111
vn 0.6135 -0.0000 -0.7897
vn 0.6418 -0.0000 -0.7669
vn 0.9893 -0.0000 -0.1456
vn 0.1162 -0.0000 0.9932
vn -0.6862 -0.0000 0.7274
vn 0.1163 -0.0000 0.9932
vn -0.6595 -0.0000 0.7517
vn -0.6862 -0.0000 0.7275
vn -0.6324 -0.0000 0.7746
vn -0.6048 -0.0000 0.7964
vn -0.6325 -0.0000 0.7746
vn -0.5764 -0.0000 0.8172
vn -0.5469 -0.0000 0.8372
vn -0.5161 -0.0000 0.8565
vn -0.4838 -0.0000 0.8752
vn -0.4497 -0.0000 0.8932
vn -0.4137 -0.0000 0.9104
vn -0.3755 -0.0000 0.9268
vn 0.5798 -0.0000 0.8148
vn 0.9941 -0.0000 0.1087
vn 0.9741 -0.0000 0.2262
vn 0.9360 -0.0000 0.3520
vn 0.9741 -0.0000 0.2261
vn 0.8763 -0.0000 0.4818
vn 0.9360 -0.0000 0.3519
vn 0.7935 -0.0000 0.6085
vn 0.8763 -0.0000 0.4817
vn 0.6896 -0.0000 0.7242
vn 0.5704 -0.0000 0.8213
vn 0.4442 -0.0000 0.8959
vn 0.5705 -0.0000 0.8213
vn 0.3192 -0.0000 0.9477
vn 0.2017 -0.0000 0.9794
vn 0.0953 -0.0000 0.9954
vn 0.0088 -0.0000 1.0000
vn -0.0583 -0.0000 0.9983
vn -0.1246 -0.0000 0.9922
vn -0.2017 -0.0000 0.9794
vn -0.2915 -0.0000 0.9566
vn -0.3950 -0.0000 0.9187
vn -0.6356 -0.0000 0.7721
vn -0.7581 -0.0000 0.6521
vn -0.6356 -0.0000 0.7720
vn -0.8649 -0.0000 0.5020
vn -0.9430 -0.0000 0.3328
vn -0.9869 -0.0000 0.1612
vn -1.0000 -0.0000 0.0012
vn -0.9884 -0.0000 -0.1521
vn -1.0000 -0.0000 0.0011
vn -0.9516 -0.0000 -0.3073
vn -0.9884 -0.0000 -0.1522
vn -0.8886 -0.0000 -0.4587
vn -0.8020 -0.0000 -0.5973
vn -0.6981 -0.0000 -0.7160
vn -0.5848 -0.0000 -0.8111
vn -0.4699 -0.0000 -0.8827
vn -0.5848 -0.0000 -0.8112
vn -0.3589 -0.0000 -0.9334
vn -0.4698 -0.0000 -0.8828
vn -0.2555 -0.0000 -0.9668
vn -0.1613 -0.0000 -0.9869
vn -0.0765 -0.0000 -0.9971
vn -0.0154 -0.0000 -0.9999
vn 0.0116 -0.0000 -0.9999
vn 0.0232 -0.0000 -0.9997
vn 0.0350 -0.0000 -0.9994
vn 0.0468 -0.0000 -0.9989
vn 0.0587 -0.0000 -0.9983
vn 0.0706 -0.0000 -0.9975
vn 0.0825 -0.0000 -0.9966
vn 0.0944 -0.0000 -0.9955
vn 0.1063 -0.0000 -0.9943
vn 0.1298 -0.0000 -0.9915
vn -0.6756 -0.0000 -0.7373
vn -0.9988 -0.0000 0.0480
vn -0.9989 -0.0000 0.0466
vn -0.9990 -0.0000 0.0447
vn -0.9989 -0.0000 0.0465
vn -0.9991 -0.0000 0.0425
vn -0.9992 -0.0000 0.0400
vn -0.9991 -0.0000 0.0426
vn -0.9993 -0.0000 0.0369
vn -0.9994 -0.0000 0.0333
vn -0.9996 -0.0000 0.0291
vn -0.9997 -0.0000 0.0239
vn -0.9996 -0.0000 0.0290
vn -0.9998 -0.0000 0.0175
vn -1.0000 -0.0000 0.0097
vn -0.9998 -0.0000 0.0176
vn -1.0000 -0.0000 0.0027
vn -1.0000 -0.0000 0.0002
vn -1.0000 -0.0000 0.0026
vn -1.0000 -0.0000 0.0005
vn -1.0000 -0.0000 0.0010
vn -1.0000 -0.0000 0.0017
vn -1.0000 -0.0000 0.0016
vn -1.0000 -0.0000 0.0039
vn -1.0000 -0.0000 0.0053
vn -1.0000 -0.0000 0.0037
vn -1.0000 -0.0000 0.0072
vn -1.0000 -0.0000 0.0073
vn -0.9999 -0.0000 0.0129
vn -0.9998 -0.0000 0.0174
vn -0.9999 -0.0000 0.0130
vn -0.9999 -0.0000 0.0134
vn -0.9999 -0.0000 0.0131
vn -0.9997 -0.0000 0.0255
vn -0.9993 -0.0000 0.0376
vn -0.9988 -0.0000 0.0497
vn -0.9980 -0.0000 0.0625
vn -0.9971 -0.0000 0.0764
vn -0.9980 -0.0000 0.0626
vn -0.9957 -0.0000 0.0922
vn -0.9971 -0.0000 0.0765
vn -0.9938 -0.0000 0.1109
vn -0.9957 -0.0000 0.0924
vn -0.9909 -0.0000 0.1343
vn -0.9938 -0.0000 0.1112
vn -0.9863 -0.0000 0.1650
vn -0.9782 -0.0000 0.2078
vn -0.9863 -0.0000 0.1648
vn -0.7852 -0.0000 -0.6193
vn -0.9782 -0.0000 0.2076
vn 0.7513 -0.0000 -0.6600
vn 0.9929 -0.0000 0.1190
vn 0.7512 -0.0000 -0.6601
vn 0.9947 -0.0000 0.1025
vn 0.9929 -0.0000 0.1188
vn 0.9959 -0.0000 0.0906
vn 0.9967 -0.0000 0.0816
vn 0.9959 -0.0000 0.0908
vn 0.9972 -0.0000 0.0743
vn 0.9967 -0.0000 0.0817
vn 0.9977 -0.0000 0.0679
vn 0.9981 -0.0000 0.0622
vn 0.9977 -0.0000 0.0680
vn 0.9984 -0.0000 0.0568
vn 0.9981 -0.0000 0.0624
vn 0.9987 -0.0000 0.0516
vn 0.9984 -0.0000 0.0571
vn 0.9989 -0.0000 0.0462
vn 0.9987 -0.0000 0.0518
vn 0.9992 -0.0000 0.0402
vn 0.9989 -0.0000 0.0463
vn 0.9998 -0.0000 0.0184
vn 0.0871 -0.0000 0.9962
vn 0.0450 -0.0000 0.9990
vn 0.1254 -0.0000 0.9921
vn 0.1600 -0.0000 0.9871
vn 0.1908 -0.0000 0.9816
vn 0.2176 -0.0000 0.9760
vn 0.2403 -0.0000 0.9707
vn 0.2588 -0.0000 0.9659
vn 0.2724 -0.0000 0.9622
vn 0.2587 -0.0000 0.9659
vn 0.2806 -0.0000 0.9598
vn 0.2822 -0.0000 0.9594
vn 0.2959 -0.0000 0.9552
vn 0.3144 -0.0000 0.9493
vn 0.2960 -0.0000 0.9552
vn 0.3217 -0.0000 0.9468
vn 0.3286 -0.0000 0.9445
vn 0.3216 -0.0000 0.9469
vn 0.3354 -0.0000 0.9421
vn 0.3420 -0.0000 0.9397
vn 0.3483 -0.0000 0.9374
vn 0.3546 -0.0000 0.9350
vn 0.3484 -0.0000 0.9373
vn 0.3608 -0.0000 0.9327
vn 0.3547 -0.0000 0.9350
vn 0.3668 -0.0000 0.9303
vn 0.3607 -0.0000 0.9327
vn 0.3667 -0.0000 0.9303
vn 0.3787 -0.0000 0.9255
vn 0.3727 -0.0000 0.9279
vn -0.4380 -0.0000 0.8990
vn -0.4379 -0.0000 0.8990
vn -0.1084 -0.0000 -0.9941
vn -0.1243 -0.0000 -0.9922
vn -0.1388 -0.0000 -0.9903
vn -0.1520 -0.0000 -0.9884
vn -0.1643 -0.0000 -0.9864
vn -0.1758 -0.0000 -0.9844
vn -0.1867 -0.0000 -0.9824
vn -0.1972 -0.0000 -0.9804
vn -0.2074 -0.0000 -0.9783
vn -0.2173 -0.0000 -0.9761
vn -0.2073 -0.0000 -0.9783
vn -0.2251 -0.0000 -0.9743
vn -0.2304 -0.0000 -0.9731
vn -0.2321 -0.0000 -0.9727
vn -0.2281 -0.0000 -0.9736
vn -0.2194 -0.0000 -0.9756
vn -0.2064 -0.0000 -0.9785
vn -0.1895 -0.0000 -0.9819
vn -0.1686 -0.0000 -0.9857
vn -0.1438 -0.0000 -0.9896
vn -0.1147 -0.0000 -0.9934
vn -0.0812 -0.0000 -0.9967
vn 0.0124 -0.0000 -0.9999
vn 0.0968 -0.0000 -0.9953
vn 0.1994 -0.0000 -0.9799
vn 0.3080 -0.0000 -0.9514
vn 0.4211 -0.0000 -0.9070
vn 0.5361 -0.0000 -0.8442
vn 0.6486 -0.0000 -0.7611
vn 0.7531 -0.0000 -0.6579
vn 0.8434 -0.0000 -0.5373
vn 0.7530 -0.0000 -0.6580
vn 0.9146 -0.0000 -0.4043
vn 0.9639 -0.0000 -0.2661
vn 0.9146 -0.0000 -0.4044
vn 0.9915 -0.0000 -0.1298
vn 0.9639 -0.0000 -0.2662
vn 0.9878 -0.0000 0.1557
vn 0.9496 -0.0000 0.3135
vn 0.8861 -0.0000 0.4634
vn 0.8031 -0.0000 0.5958
vn 0.8861 -0.0000 0.4635
vn 0.7091 -0.0000 0.7051
vn 0.6120 -0.0000 0.7908
vn 0.5179 -0.0000 0.8554
vn 0.6121 -0.0000 0.7908
vn 0.4300 -0.0000 0.9028
vn 0.3495 -0.0000 0.9370
vn 0.2764 -0.0000 0.9611
vn 0.3495 -0.0000 0.9369
vn 0.2101 -0.0000 0.9777
vn -0.4154 -0.0000 0.9096
vn -0.9032 -0.0000 -0.4292
vn -0.1768 -0.0000 -0.9843
vn -0.2370 -0.0000 -0.9715
vn -0.3054 -0.0000 -0.9522
vn -0.3831 -0.0000 -0.9237
vn -0.4706 -0.0000 -0.8823
vn -0.5675 -0.0000 -0.8234
vn -0.6710 -0.0000 -0.7415
vn -0.7746 -0.0000 -0.6324
vn -0.8687 -0.0000 -0.4954
vn -0.9418 -0.0000 -0.3362
vn -0.9860 -0.0000 -0.1668
vn -1.0000 -0.0000 -0.0066
vn -0.9904 -0.0000 0.1384
vn -1.0000 -0.0000 -0.0065
vn -0.9604 -0.0000 0.2787
vn -0.9093 -0.0000 0.4162
vn -0.9604 -0.0000 0.2788
vn -0.8382 -0.0000 0.5453
vn -0.9092 -0.0000 0.4163
vn -0.7503 -0.0000 0.6611
vn -0.6498 -0.0000 0.7601
vn -0.5412 -0.0000 0.8409
vn -0.6497 -0.0000 0.7602
vn -0.4288 -0.0000 0.9034
vn -0.5411 -0.0000 0.8409
vn -0.3163 -0.0000 0.9487
vn -0.2063 -0.0000 0.9785
vn -0.1007 -0.0000 0.9949
vn -0.0130 -0.0000 0.9999
vn -0.0723 -0.0000 0.9974
vn -0.0801 -0.0000 0.9968
vn -0.0870 -0.0000 0.9962
vn -0.0934 -0.0000 0.9956
vn -0.0997 -0.0000 0.9950
vn -0.1062 -0.0000 0.9943
vn -0.1132 -0.0000 0.9936
vn -0.1211 -0.0000 0.9926
vn -0.1304 -0.0000 0.9915
vn -0.1417 -0.0000 0.9899
vn -0.1560 -0.0000 0.9878
vn -0.8149 -0.0000 0.5796
vn -0.5633 -0.0000 -0.8262
vn 0.1886 -0.0000 -0.9821
vn -0.5634 -0.0000 -0.8262
vn 0.1438 -0.0000 -0.9896
vn 0.1280 -0.0000 -0.9918
vn 0.1145 -0.0000 -0.9934
vn 0.1024 -0.0000 -0.9947
vn 0.0908 -0.0000 -0.9959
vn 0.0792 -0.0000 -0.9969
vn 0.0668 -0.0000 -0.9978
vn 0.0523 -0.0000 -0.9986
vn 0.0341 -0.0000 -0.9994
vn 0.7673 -0.0000 -0.6413
vt 0.203252 0.000000
vt 0.195122 0.000000
vt 0.186992 0.000000
vt 0.178862 0.000000
vt 0.211382 0.000000
vt 0.170732 0.000000
vt 0.219512 0.000000
vt 0.162602 0.000000
vt 0.227642 0.000000
vt 0.154472 0.000000
vt 0.146341 0.000000
vt 0.235772 0.000000
vt 0.268293 0.000000
vt 0.113821 0.000000
vt 0.105691 0.000000
vt 0.276423 0.000000
vt 0.097561 0.000000
vt 0.284553 0.000000
vt 0.089431 0.000000
vt 0.292683 0.000000
vt 0.081301 0.000000
vt 0.300813 0.000000
vt 0.138211 0.000000
vt 0.243902 0.000000
vt 0.130081 0.000000
vt 0.252033 0.000000
vt 0.121951 0.000000
vt 0.260163 0.000000
vt 0.918699 0.000000
vt 0.878049 0.000000
vt 0.869919 0.000000
vt 0.585366 0.000000
vt 0.601626 0.000000
vt 0.593496 0.000000
vt 0.317073 0.000000
vt 0.065041 0.000000
vt 0.056911 0.000000
vt 0.325203 0.000000
vt 0.048780 0.000000
vt 0.333333 0.000000
vt 0.910569 0.000000
vt 0.886179 0.000000
vt 0.341463 0.000000
vt 0.040650 0.000000
vt 0.032520 0.000000
vt 0.349593 0.000000
vt 0.357724 0.000000
vt 0.024390 0.000000
vt 0.016260 0.000000
vt 0.365854 0.000000
vt 0.609756 0.000000
vt 0.577236 0.000000
vt 0.569106 0.000000
vt 0.617886 0.000000
vt 0.853659 0.000000
vt 0.934959 0.000000
vt 0.861789 0.000000
vt 0.926829 0.000000
vt 0.073171 0.000000
vt 0.308943 0.000000
vt 0.894309 0.000000
vt 0.902439 0.000000
vt 0.373984 0.000000
vt 0.008130 0.000000
vt 0.000000 0.000000
vt 0.845528 0.000000
vt 0.951219 0.000000
vt 0.943089 0.000000
vt 0.780488 0.000000
vt 0.390244 0.000000
vt 0.788618 0.000000
vt 0.382114 0.000000
vt 0.837398 0.000000
vt 0.959350 0.000000
vt 0.967480 0.000000
vt 0.829268 0.000000
vt 0.821138 0.000000
vt 0.756098 0.000000
vt 0.414634 0.000000
vt 0.764228 0.000000
vt 0.406504 0.000000
vt 0.772358 0.000000
vt 0.398374 0.000000
vt 0.813008 0.000000
vt 0.975610 0.000000
vt 0.626016 0.000000
vt 0.560976 0.000000
vt 0.552846 0.000000
vt 0.634146 0.000000
vt 0.544715 0.000000
vt 0.642276 0.000000
vt 0.796748 0.000000
vt 0.991870 0.000000
vt 0.804878 0.000000
vt 0.983740 0.000000
vt 0.504065 0.000000
vt 0.495935 0.000000
vt 0.682927 0.000000
vt 0.487805 0.000000
vt 0.691057 0.000000
vt 0.479675 0.000000
vt 0.699187 0.000000
vt 0.471545 0.000000
vt 0.707317 0.000000
vt 0.463415 0.000000
vt 0.658537 0.000000
vt 0.528455 0.000000
vt 0.520325 0.000000
vt 0.666667 0.000000
vt 0.512195 0.000000
vt 0.674797 0.000000
vt 0.715447 0.000000
vt 0.455285 0.000000
vt 0.723577 0.000000
vt 0.447154 0.000000
vt 0.731707 0.000000
vt 0.439024 0.000000
vt 0.739837 0.000000
vt 0.430894 0.000000
vt 1.000000 0.000000
vt 0.536585 0.000000
vt 0.650406 0.000000
vt 0.747967 0.000000
vt 0.422764 0.000000
vt 0.628571 0.000000
vt 0.623810 0.000000
vt 0.076190 0.000000
vt 0.071429 0.000000
vt 0.633333 0.000000
vt 0.066667 0.000000
vt 0.638095 0.000000
vt 0.061905 0.000000
vt 0.642857 0.000000
vt 0.647619 0.000000
vt 0.057143 0.000000
vt 0.652381 0.000000
vt 0.052381 0.000000
vt 0.657143 0.000000
vt 0.047619 0.000000
vt 0.661905 0.000000
vt 0.042857 0.000000
vt 0.038095 0.000000
vt 0.671429 0.000000
vt 0.676190 0.000000
vt 0.033333 0.000000
vt 0.680952 0.000000
vt 0.028571 0.000000
vt 0.685714 0.000000
vt 0.023810 0.000000
vt 0.019048 0.000000
vt 0.690476 0.000000
vt 0.090476 0.000000
vt 0.609524 0.000000
vt 0.095238 0.000000
vt 0.014286 0.000000
vt 0.009524 0.000000
vt 0.695238 0.000000
vt 0.700000 0.000000
vt 0.614286 0.000000
vt 0.085714 0.000000
vt 0.100000 0.000000
vt 0.604762 0.000000
vt 0.600000 0.000000
vt 0.104762 0.000000
vt 0.223810 0.000000
vt 0.709524 0.000000
vt 0.228571 0.000000
vt 0.109524 0.000000
vt 0.595238 0.000000
vt 0.114286 0.000000
vt 0.704762 0.000000
vt 0.004762 0.000000
vt 0.619048 0.000000
vt 0.080952 0.000000
vt 0.214286 0.000000
vt 0.719048 0.000000
vt 0.219048 0.000000
vt 0.714286 0.000000
vt 0.728571 0.000000
vt 0.204762 0.000000
vt 0.733333 0.000000
vt 0.209524 0.000000
vt 0.723810 0.000000
vt 0.747619 0.000000
vt 0.190476 0.000000
vt 0.752381 0.000000
vt 0.195238 0.000000
vt 0.742857 0.000000
vt 0.119048 0.000000
vt 0.590476 0.000000
vt 0.585714 0.000000
vt 0.123810 0.000000
vt 0.128571 0.000000
vt 0.200000 0.000000
vt 0.738095 0.000000
vt 0.580952 0.000000
vt 0.133333 0.000000
vt 0.185714 0.000000
vt 0.757143 0.000000
vt 0.171429 0.000000
vt 0.766667 0.000000
vt 0.176190 0.000000
vt 0.823810 0.000000
vt 0.819048 0.000000
vt 0.357143 0.000000
vt 0.771429 0.000000
vt 0.409524 0.000000
vt 0.404762 0.000000
vt 0.776190 0.000000
vt 0.400000 0.000000
vt 0.780952 0.000000
vt 0.395238 0.000000
vt 0.785714 0.000000
vt 0.390476 0.000000
vt 0.790476 0.000000
vt 0.385714 0.000000
vt 0.795238 0.000000
vt 0.380952 0.000000
vt 0.800000 0.000000
vt 0.376190 0.000000
vt 0.804762 0.000000
vt 0.371429 0.000000
vt 0.809524 0.000000
vt 0.366667 0.000000
vt 0.814286 0.000000
vt 0.361905 0.000000
vt 0.352381 0.000000
vt 0.528571 0.000000
vt 0.419048 0.000000
vt 0.533333 0.000000
vt 0.414286 0.000000
vt 0.347619 0.000000
vt 0.342857 0.000000
vt 0.238095 0.000000
vt 0.242857 0.000000
vt 0.257143 0.000000
vt 0.328571 0.000000
vt 0.323810 0.000000
vt 0.261905 0.000000
vt 0.514286 0.000000
vt 0.433333 0.000000
vt 0.519048 0.000000
vt 0.428571 0.000000
vt 0.252381 0.000000
vt 0.523810 0.000000
vt 0.423810 0.000000
vt 0.338095 0.000000
vt 0.247619 0.000000
vt 0.271429 0.000000
vt 0.314286 0.000000
vt 0.309524 0.000000
vt 0.276190 0.000000
vt 0.504762 0.000000
vt 0.500000 0.000000
vt 0.447619 0.000000
vt 0.442857 0.000000
vt 0.266667 0.000000
vt 0.319048 0.000000
vt 0.476190 0.000000
vt 0.471429 0.000000
vt 0.480952 0.000000
vt 0.466667 0.000000
vt 0.485714 0.000000
vt 0.461905 0.000000
vt 0.280952 0.000000
vt 0.304762 0.000000
vt 0.300000 0.000000
vt 0.285714 0.000000
vt 0.295238 0.000000
vt 0.290476 0.000000
vt 0.490476 0.000000
vt 0.457143 0.000000
vt 0.495238 0.000000
vt 0.452381 0.000000
vt 0.509524 0.000000
vt 0.438095 0.000000
vt 0.152381 0.000000
vt 0.552381 0.000000
vt 0.547619 0.000000
vt 0.157143 0.000000
vt 0.542857 0.000000
vt 0.538095 0.000000
vt 0.161905 0.000000
vt 0.166667 0.000000
vt 0.233333 0.000000
vt 0.576190 0.000000
vt 0.571429 0.000000
vt 0.138095 0.000000
vt 0.566667 0.000000
vt 0.142857 0.000000
vt 0.561905 0.000000
vt 0.147619 0.000000
vt 0.557143 0.000000
vt 0.180952 0.000000
vt 0.761905 0.000000
vt 0.828571 0.000000
vt 0.833333 0.000000
vt 0.838095 0.000000
vt 0.842857 0.000000
vt 0.847619 0.000000
vt 0.852381 0.000000
vt 0.857143 0.000000
vt 0.861905 0.000000
vt 0.866667 0.000000
vt 0.871429 0.000000
vt 0.876190 0.000000
vt 0.880952 0.000000
vt 0.885714 0.000000
vt 0.995238 0.000000
vt 0.990476 0.000000
vt 0.890476 0.000000
vt 0.985714 0.000000
vt 0.895238 0.000000
vt 0.980952 0.000000
vt 0.900000 0.000000
vt 0.976190 0.000000
vt 0.904762 0.000000
vt 0.971429 0.000000
vt 0.909524 0.000000
vt 0.966667 0.000000
vt 0.914286 0.000000
vt 0.961905 0.000000
vt 0.919048 0.000000
vt 0.957143 0.000000
vt 0.923810 0.000000
vt 0.952381 0.000000
vt 0.928571 0.000000
vt 0.947619 0.000000
vt 0.933333 0.000000
vt 0.942857 0.000000
vt 0.938095 0.000000
vt 0.742268 0.000000
vt 0.752577 0.000000
vt 0.989691 0.000000
vt 0.587629 0.000000
vt 0.144330 0.000000
vt 0.597938 0.000000
vt 0.134021 0.000000
vt 0.608247 0.000000
vt 0.123711 0.000000
vt 0.618557 0.000000
vt 0.113402 0.000000
vt 0.628866 0.000000
vt 0.103093 0.000000
vt 0.639175 0.000000
vt 0.092784 0.000000
vt 0.649485 0.000000
vt 0.082474 0.000000
vt 0.659794 0.000000
vt 0.072165 0.000000
vt 0.670103 0.000000
vt 0.061856 0.000000
vt 0.680412 0.000000
vt 0.051546 0.000000
vt 0.690722 0.000000
vt 0.041237 0.000000
vt 0.701031 0.000000
vt 0.030928 0.000000
vt 0.711340 0.000000
vt 0.020619 0.000000
vt 0.721649 0.000000
vt 0.010309 0.000000
vt 0.731959 0.000000
vt 0.525773 0.000000
vt 0.195876 0.000000
vt 0.536082 0.000000
vt 0.185567 0.000000
vt 0.206186 0.000000
vt 0.515464 0.000000
vt 0.216495 0.000000
vt 0.226804 0.000000
vt 0.505155 0.000000
vt 0.494845 0.000000
vt 0.247423 0.000000
vt 0.237113 0.000000
vt 0.484536 0.000000
vt 0.474227 0.000000
vt 0.257732 0.000000
vt 0.278351 0.000000
vt 0.453608 0.000000
vt 0.443299 0.000000
vt 0.288660 0.000000
vt 0.463918 0.000000
vt 0.268041 0.000000
vt 0.381443 0.000000
vt 0.371134 0.000000
vt 0.350515 0.000000
vt 0.360825 0.000000
vt 0.309278 0.000000
vt 0.422680 0.000000
vt 0.412371 0.000000
vt 0.319588 0.000000
vt 0.402062 0.000000
vt 0.329897 0.000000
vt 0.391753 0.000000
vt 0.340206 0.000000
vt 0.432990 0.000000
vt 0.298969 0.000000
vt 0.546392 0.000000
vt 0.175258 0.000000
vt 0.556701 0.000000
vt 0.164948 0.000000
vt 0.567010 0.000000
vt 0.577320 0.000000
vt 0.154639 0.000000
vt 0.979381 0.000000
vt 0.762887 0.000000
vt 0.969072 0.000000
vt 0.773196 0.000000
vt 0.958763 0.000000
vt 0.783505 0.000000
vt 0.948454 0.000000
vt 0.793814 0.000000
vt 0.938144 0.000000
vt 0.804124 0.000000
vt 0.927835 0.000000
vt 0.814433 0.000000
vt 0.917526 0.000000
vt 0.824742 0.000000
vt 0.907216 0.000000
vt 0.835052 0.000000
vt 0.896907 0.000000
vt 0.845361 0.000000
vt 0.886598 0.000000
vt 0.855670 0.000000
vt 0.876289 0.000000
vt 0.865979 0.000000
vt 0.660714 0.000000
vt 0.653571 0.000000
vt 0.707143 0.000000
vt 0.646429 0.000000
vt 0.639286 0.000000
vt 0.953571 0.000000
vt 0.589286 0.000000
vt 0.592857 0.000000
vt 0.982143 0.000000
vt 0.703571 0.000000
vt 0.650000 0.000000
vt 0.564286 0.000000
vt 0.560714 0.000000
vt 0.553571 0.000000
vt 0.550000 0.000000
vt 0.546429 0.000000
vt 0.567857 0.000000
vt 0.610714 0.000000
vt 0.603571 0.000000
vt 0.664286 0.000000
vt 0.667857 0.000000
vt 0.675000 0.000000
vt 0.678571 0.000000
vt 0.682143 0.000000
vt 0.689286 0.000000
vt 0.692857 0.000000
vt 0.696429 0.000000
vt 0.710714 0.000000
vt 0.635714 0.000000
vt 0.632143 0.000000
vt 0.625000 0.000000
vt 0.621429 0.000000
vt 0.617857 0.000000
vt 0.717857 0.000000
vt 0.539286 0.000000
vt 0.532143 0.000000
vt 0.835714 0.000000
vt 0.535714 0.000000
vt 0.967857 0.000000
vt 0.950000 0.000000
vt 0.975000 0.000000
vt 0.978571 0.000000
vt 0.832143 0.000000
vt 0.582143 0.000000
vt 0.821429 0.000000
vt 0.817857 0.000000
vt 0.946429 0.000000
vt 0.721429 0.000000
vt 0.578571 0.000000
vt 0.575000 0.000000
vt 0.596429 0.000000
vt 0.767857 0.000000
vt 0.735714 0.000000
vt 0.732143 0.000000
vt 0.778571 0.000000
vt 0.775000 0.000000
vt 0.782143 0.000000
vt 0.478571 0.000000
vt 0.482143 0.000000
vt 0.467857 0.000000
vt 0.464286 0.000000
vt 0.489286 0.000000
vt 0.496429 0.000000
vt 0.460714 0.000000
vt 0.492857 0.000000
vt 0.475000 0.000000
vt 0.807143 0.000000
vt 0.996429 0.000000
vt 0.992857 0.000000
vt 0.810714 0.000000
vt 0.764286 0.000000
vt 0.453571 0.000000
vt 0.507143 0.000000
vt 0.503571 0.000000
vt 0.450000 0.000000
vt 0.510714 0.000000
vt 0.753571 0.000000
vt 0.739286 0.000000
vt 0.760714 0.000000
vt 0.892857 0.000000
vt 0.889286 0.000000
vt 0.792857 0.000000
vt 0.803571 0.000000
vt 0.796429 0.000000
vt 0.425000 0.000000
vt 0.421429 0.000000
vt 0.846429 0.000000
vt 0.435714 0.000000
vt 0.432143 0.000000
vt 0.439286 0.000000
vt 0.446429 0.000000
vt 0.517857 0.000000
vt 0.839286 0.000000
vt 0.750000 0.000000
vt 0.746429 0.000000
vt 0.521429 0.000000
vt 0.960714 0.000000
vt 0.989286 0.000000
vt 0.525000 0.000000
vt 0.825000 0.000000
vt 0.964286 0.000000
vt 0.789286 0.000000
vt 0.725000 0.000000
vt 0.250000 0.000000
vt 0.246429 0.000000
vt 0.260714 0.000000
vt 0.253571 0.000000
vt 0.860714 0.000000
vt 0.410714 0.000000
vt 0.407143 0.000000
vt 0.864286 0.000000
vt 0.210714 0.000000
vt 0.217857 0.000000
vt 0.221429 0.000000
vt 0.225000 0.000000
vt 0.207143 0.000000
vt 0.282143 0.000000
vt 0.196429 0.000000
vt 0.278571 0.000000
vt 0.203571 0.000000
vt 0.275000 0.000000
vt 0.232143 0.000000
vt 0.235714 0.000000
vt 0.267857 0.000000
vt 0.239286 0.000000
vt 0.264286 0.000000
vt 0.403571 0.000000
vt 0.867857 0.000000
vt 0.875000 0.000000
vt 0.396429 0.000000
vt 0.878571 0.000000
vt 0.392857 0.000000
vt 0.882143 0.000000
vt 0.389286 0.000000
vt 0.896429 0.000000
vt 0.039286 0.000000
vt 0.035714 0.000000
vt 0.903571 0.000000
vt 0.032143 0.000000
vt 0.907143 0.000000
vt 0.910714 0.000000
vt 0.025000 0.000000
vt 0.021429 0.000000
vt 0.917857 0.000000
vt 0.017857 0.000000
vt 0.921429 0.000000
vt 0.925000 0.000000
vt 0.010714 0.000000
vt 0.007143 0.000000
vt 0.932143 0.000000
vt 0.003571 0.000000
vt 0.935714 0.000000
vt 0.939286 0.000000
vt 0.289286 0.000000
vt 0.192857 0.000000
vt 0.189286 0.000000
vt 0.292857 0.000000
vt 0.296429 0.000000
vt 0.307143 0.000000
vt 0.182143 0.000000
vt 0.178571 0.000000
vt 0.310714 0.000000
vt 0.175000 0.000000
vt 0.317857 0.000000
vt 0.303571 0.000000
vt 0.160714 0.000000
vt 0.153571 0.000000
vt 0.332143 0.000000
vt 0.321429 0.000000
vt 0.167857 0.000000
vt 0.325000 0.000000
vt 0.164286 0.000000
vt 0.096429 0.000000
vt 0.375000 0.000000
vt 0.378571 0.000000
vt 0.092857 0.000000
vt 0.382143 0.000000
vt 0.089286 0.000000
vt 0.082143 0.000000
vt 0.078571 0.000000
vt 0.075000 0.000000
vt 0.067857 0.000000
vt 0.064286 0.000000
vt 0.060714 0.000000
vt 0.053571 0.000000
vt 0.050000 0.000000
vt 0.046429 0.000000
vt 0.150000 0.000000
vt 0.146429 0.000000
vt 0.335714 0.000000
vt 0.139286 0.000000
vt 0.135714 0.000000
vt 0.339286 0.000000
vt 0.132143 0.000000
vt 0.125000 0.000000
vt 0.346429 0.000000
vt 0.121429 0.000000
vt 0.350000 0.000000
vt 0.117857 0.000000
vt 0.353571 0.000000
vt 0.110714 0.000000
vt 0.360714 0.000000
vt 0.107143 0.000000
vt 0.364286 0.000000
vt 0.103571 0.000000
vt 0.367857 0.000000
vt 0.417857 0.000000
vt 0.850000 0.000000
vt 0.853571 0.000000
vt 0.607143 0.000000
vt 0.174263 0.000000
vt 0.171582 0.000000
vt 0.184987 0.000000
vt 0.176944 0.000000
vt 0.179625 0.000000
vt 0.182306 0.000000
vt 0.260054 0.000000
vt 0.257373 0.000000
vt 0.254692 0.000000
vt 0.262735 0.000000
vt 0.265416 0.000000
vt 0.246649 0.000000
vt 0.243968 0.000000
vt 0.294906 0.000000
vt 0.249330 0.000000
vt 0.252011 0.000000
vt 0.268097 0.000000
vt 0.270777 0.000000
vt 0.292225 0.000000
vt 0.150134 0.000000
vt 0.147453 0.000000
vt 0.152815 0.000000
vt 0.155496 0.000000
vt 0.158177 0.000000
vt 0.160858 0.000000
vt 0.144772 0.000000
vt 0.163539 0.000000
vt 0.166220 0.000000
vt 0.168901 0.000000
vt 0.142091 0.000000
vt 0.139410 0.000000
vt 0.187668 0.000000
vt 0.136729 0.000000
vt 0.190349 0.000000
vt 0.273458 0.000000
vt 0.276139 0.000000
vt 0.278820 0.000000
vt 0.281501 0.000000
vt 0.284182 0.000000
vt 0.286863 0.000000
vt 0.289544 0.000000
vt 0.297587 0.000000
vt 0.241287 0.000000
vt 0.238606 0.000000
vt 0.235925 0.000000
vt 0.300268 0.000000
vt 0.126005 0.000000
vt 0.123324 0.000000
vt 0.201072 0.000000
vt 0.120643 0.000000
vt 0.203753 0.000000
vt 0.117962 0.000000
vt 0.206434 0.000000
vt 0.209115 0.000000
vt 0.233244 0.000000
vt 0.230563 0.000000
vt 0.227882 0.000000
vt 0.302949 0.000000
vt 0.042895 0.000000
vt 0.109920 0.000000
vt 0.045576 0.000000
vt 0.040214 0.000000
vt 0.032172 0.000000
vt 0.222520 0.000000
vt 0.225201 0.000000
vt 0.029491 0.000000
vt 0.305630 0.000000
vt 0.308311 0.000000
vt 0.310992 0.000000
vt 0.313673 0.000000
vt 0.024129 0.000000
vt 0.021448 0.000000
vt 0.050938 0.000000
vt 0.048257 0.000000
vt 0.026810 0.000000
vt 0.211796 0.000000
vt 0.214477 0.000000
vt 0.112601 0.000000
vt 0.134048 0.000000
vt 0.193029 0.000000
vt 0.131367 0.000000
vt 0.195710 0.000000
vt 0.128686 0.000000
vt 0.198391 0.000000
vt 0.219839 0.000000
vt 0.217158 0.000000
vt 0.010724 0.000000
vt 0.008043 0.000000
vt 0.319035 0.000000
vt 0.005362 0.000000
vt 0.321716 0.000000
vt 0.919571 0.000000
vt 0.916890 0.000000
vt 0.935657 0.000000
vt 0.922252 0.000000
vt 0.924933 0.000000
vt 0.927614 0.000000
vt 0.930295 0.000000
vt 0.932976 0.000000
vt 0.080429 0.000000
vt 0.077748 0.000000
vt 0.075067 0.000000
vt 0.083110 0.000000
vt 0.085791 0.000000
vt 0.072386 0.000000
vt 0.088472 0.000000
vt 0.069705 0.000000
vt 0.091153 0.000000
vt 0.067024 0.000000
vt 0.093834 0.000000
vt 0.064343 0.000000
vt 0.002681 0.000000
vt 0.324397 0.000000
vt 0.581769 0.000000
vt 0.597855 0.000000
vt 0.584450 0.000000
vt 0.587131 0.000000
vt 0.458445 0.000000
vt 0.439678 0.000000
vt 0.436997 0.000000
vt 0.442359 0.000000
vt 0.445040 0.000000
vt 0.774799 0.000000
vt 0.796247 0.000000
vt 0.777480 0.000000
vt 0.898123 0.000000
vt 0.941019 0.000000
vt 0.938338 0.000000
vt 0.423593 0.000000
vt 0.420912 0.000000
vt 0.426273 0.000000
vt 0.428954 0.000000
vt 0.431635 0.000000
vt 0.903485 0.000000
vt 0.900804 0.000000
vt 0.906166 0.000000
vt 0.780161 0.000000
vt 0.782842 0.000000
vt 0.785523 0.000000
vt 0.788204 0.000000
vt 0.790885 0.000000
vt 0.793566 0.000000
vt 0.603217 0.000000
vt 0.600536 0.000000
vt 0.573727 0.000000
vt 0.576407 0.000000
vt 0.579088 0.000000
vt 0.434316 0.000000
vt 0.418231 0.000000
vt 0.461126 0.000000
vt 0.908847 0.000000
vt 0.911528 0.000000
vt 0.914209 0.000000
vt 0.589812 0.000000
vt 0.592493 0.000000
vt 0.595174 0.000000
vt 0.447721 0.000000
vt 0.450402 0.000000
vt 0.453083 0.000000
vt 0.455764 0.000000
vt 0.096515 0.000000
vt 0.061662 0.000000
vt 0.099196 0.000000
vt 0.101877 0.000000
vt 0.058981 0.000000
vt 0.104558 0.000000
vt 0.056300 0.000000
vt 0.107239 0.000000
vt 0.053619 0.000000
vt 0.037534 0.000000
vt 0.034853 0.000000
vt 0.018767 0.000000
vt 0.316354 0.000000
vt 0.016086 0.000000
vt 0.013405 0.000000
vt 0.895442 0.000000
vt 0.949062 0.000000
vt 0.946381 0.000000
vt 0.557641 0.000000
vt 0.613941 0.000000
vt 0.611260 0.000000
vt 0.654155 0.000000
vt 0.662198 0.000000
vt 0.656836 0.000000
vt 0.943700 0.000000
vt 0.798928 0.000000
vt 0.756032 0.000000
vt 0.753351 0.000000
vt 0.608579 0.000000
vt 0.560322 0.000000
vt 0.463807 0.000000
vt 0.412869 0.000000
vt 0.410188 0.000000
vt 0.407507 0.000000
vt 0.466488 0.000000
vt 0.997319 0.000000
vt 0.994638 0.000000
vt 0.804290 0.000000
vt 0.747989 0.000000
vt 0.745308 0.000000
vt 0.554960 0.000000
vt 0.619303 0.000000
vt 0.616622 0.000000
vt 0.651475 0.000000
vt 0.750670 0.000000
vt 0.801609 0.000000
vt 0.404826 0.000000
vt 0.402145 0.000000
vt 0.469169 0.000000
vt 0.399464 0.000000
vt 0.396783 0.000000
vt 0.471850 0.000000
vt 0.890080 0.000000
vt 0.959786 0.000000
vt 0.957105 0.000000
vt 0.954424 0.000000
vt 0.892761 0.000000
vt 0.983914 0.000000
vt 0.670241 0.000000
vt 0.986595 0.000000
vt 0.667560 0.000000
vt 0.989276 0.000000
vt 0.664879 0.000000
vt 0.991957 0.000000
vt 0.737265 0.000000
vt 0.734584 0.000000
vt 0.809651 0.000000
vt 0.624665 0.000000
vt 0.621984 0.000000
vt 0.552279 0.000000
vt 0.627346 0.000000
vt 0.632708 0.000000
vt 0.630027 0.000000
vt 0.345845 0.000000
vt 0.343164 0.000000
vt 0.635389 0.000000
vt 0.340483 0.000000
vt 0.638070 0.000000
vt 0.337802 0.000000
vt 0.640751 0.000000
vt 0.335121 0.000000
vt 0.951743 0.000000
vt 0.742627 0.000000
vt 0.806971 0.000000
vt 0.739946 0.000000
vt 0.643432 0.000000
vt 0.332440 0.000000
vt 0.646113 0.000000
vt 0.329759 0.000000
vt 0.648794 0.000000
vt 0.327078 0.000000
vt 0.394102 0.000000
vt 0.391421 0.000000
vt 0.474531 0.000000
vt 0.477212 0.000000
vt 0.965147 0.000000
vt 0.962466 0.000000
vt 0.887399 0.000000
vt 0.694370 0.000000
vt 0.691689 0.000000
vt 0.689008 0.000000
vt 0.967828 0.000000
vt 0.686327 0.000000
vt 0.970509 0.000000
vt 0.683646 0.000000
vt 0.973190 0.000000
vt 0.680965 0.000000
vt 0.817694 0.000000
vt 0.729223 0.000000
vt 0.860590 0.000000
vt 0.820375 0.000000
vt 0.857909 0.000000
vt 0.356568 0.000000
vt 0.549598 0.000000
vt 0.546917 0.000000
vt 0.359249 0.000000
vt 0.375335 0.000000
vt 0.372654 0.000000
vt 0.541555 0.000000
vt 0.865952 0.000000
vt 0.871314 0.000000
vt 0.868633 0.000000
vt 0.863271 0.000000
vt 0.873995 0.000000
vt 0.723861 0.000000
vt 0.726542 0.000000
vt 0.528150 0.000000
vt 0.533512 0.000000
vt 0.530831 0.000000
vt 0.707775 0.000000
vt 0.879357 0.000000
vt 0.876676 0.000000
vt 0.710456 0.000000
vt 0.713137 0.000000
vt 0.715818 0.000000
vt 0.718499 0.000000
vt 0.721180 0.000000
vt 0.388740 0.000000
vt 0.386059 0.000000
vt 0.536193 0.000000
vt 0.525469 0.000000
vt 0.699732 0.000000
vt 0.697051 0.000000
vt 0.882038 0.000000
vt 0.702413 0.000000
vt 0.705094 0.000000
vt 0.538874 0.000000
vt 0.378016 0.000000
vt 0.380697 0.000000
vt 0.383378 0.000000
vt 0.884718 0.000000
vt 0.855228 0.000000
vt 0.852547 0.000000
vt 0.823056 0.000000
vt 0.849866 0.000000
vt 0.847185 0.000000
vt 0.844504 0.000000
vt 0.841823 0.000000
vt 0.825737 0.000000
vt 0.839142 0.000000
vt 0.836461 0.000000
vt 0.833780 0.000000
vt 0.831099 0.000000
vt 0.828418 0.000000
vt 0.544236 0.000000
vt 0.361930 0.000000
vt 0.364611 0.000000
vt 0.367292 0.000000
vt 0.369973 0.000000
vt 0.975871 0.000000
vt 0.678284 0.000000
vt 0.978552 0.000000
vt 0.675603 0.000000
vt 0.981233 0.000000
vt 0.672922 0.000000
vt 0.731903 0.000000
vt 0.812332 0.000000
vt 0.815013 0.000000
vt 0.353887 0.000000
vt 0.351206 0.000000
vt 0.348525 0.000000
vt 0.522788 0.000000
vt 0.479893 0.000000
vt 0.520107 0.000000
vt 0.482574 0.000000
vt 0.517426 0.000000
vt 0.514745 0.000000
vt 0.512064 0.000000
vt 0.485255 0.000000
vt 0.509383 0.000000
vt 0.506702 0.000000
vt 0.504021 0.000000
vt 0.487936 0.000000
vt 0.501341 0.000000
vt 0.498660 0.000000
vt 0.495979 0.000000
vt 0.493298 0.000000
vt 0.490617 0.000000
vt 0.764075 0.000000
vt 0.761394 0.000000
vt 0.758713 0.000000
vt 0.766756 0.000000
vt 0.769437 0.000000
vt 0.772118 0.000000
vt 0.565684 0.000000
vt 0.563003 0.000000
vt 0.568365 0.000000
vt 0.571046 0.000000
vt 0.605898 0.000000
vt 0.415550 0.000000
vt 0.115281 0.000000
vt 0.659517 0.000000
vt 0.617284 0.000000
vt 0.611111 0.000000
vt 0.598765 0.000000
vt 0.604938 0.000000
vt 0.641975 0.000000
vt 0.635802 0.000000
vt 0.592593 0.000000
vt 0.629630 0.000000
vt 0.623457 0.000000
vt 0.586420 0.000000
vt 0.672840 0.000000
vt 0.660494 0.000000
vt 0.654321 0.000000
vt 0.006173 0.000000
vt 0.580247 0.000000
vt 0.574074 0.000000
vt 0.679012 0.000000
vt 0.648148 0.000000
vt 0.024691 0.000000
vt 0.567901 0.000000
vt 0.561728 0.000000
vt 0.018519 0.000000
vt 0.012346 0.000000
vt 0.555556 0.000000
vt 0.030864 0.000000
vt 0.549383 0.000000
vt 0.043210 0.000000
vt 0.037037 0.000000
vt 0.425926 0.000000
vt 0.419753 0.000000
vt 0.320988 0.000000
vt 0.314815 0.000000
vt 0.537037 0.000000
vt 0.049383 0.000000
vt 0.543210 0.000000
vt 0.055556 0.000000
vt 0.530864 0.000000
vt 0.524691 0.000000
vt 0.061728 0.000000
vt 0.395062 0.000000
vt 0.345679 0.000000
vt 0.401235 0.000000
vt 0.339506 0.000000
vt 0.228395 0.000000
vt 0.074074 0.000000
vt 0.067901 0.000000
vt 0.407407 0.000000
vt 0.518519 0.000000
vt 0.246914 0.000000
vt 0.240741 0.000000
vt 0.234568 0.000000
vt 0.413580 0.000000
vt 0.327161 0.000000
vt 0.493827 0.000000
vt 0.265432 0.000000
vt 0.259259 0.000000
vt 0.253086 0.000000
vt 0.506173 0.000000
vt 0.512346 0.000000
vt 0.432099 0.000000
vt 0.438272 0.000000
vt 0.308642 0.000000
vt 0.444444 0.000000
vt 0.302469 0.000000
vt 0.450617 0.000000
vt 0.296296 0.000000
vt 0.456790 0.000000
vt 0.290123 0.000000
vt 0.462963 0.000000
vt 0.283951 0.000000
vt 0.469136 0.000000
vt 0.277778 0.000000
vt 0.475309 0.000000
vt 0.271605 0.000000
vt 0.481481 0.000000
vt 0.487654 0.000000
vt 0.086420 0.000000
vt 0.222222 0.000000
vt 0.216049 0.000000
vt 0.209877 0.000000
vt 0.203704 0.000000
vt 0.098765 0.000000
vt 0.092593 0.000000
vt 0.382716 0.000000
vt 0.358025 0.000000
vt 0.388889 0.000000
vt 0.351852 0.000000
vt 0.759259 0.000000
vt 0.753086 0.000000
vt 0.765432 0.000000
vt 0.709877 0.000000
vt 0.703704 0.000000
vt 0.814815 0.000000
vt 0.808642 0.000000
vt 0.191358 0.000000
vt 0.185185 0.000000
vt 0.104938 0.000000
vt 0.111111 0.000000
vt 0.376543 0.000000
vt 0.364198 0.000000
vt 0.716049 0.000000
vt 0.802469 0.000000
vt 0.722222 0.000000
vt 0.796296 0.000000
vt 0.728395 0.000000
vt 0.790123 0.000000
vt 0.734568 0.000000
vt 0.783951 0.000000
vt 0.740741 0.000000
vt 0.777778 0.000000
vt 0.746914 0.000000
vt 0.771605 0.000000
vt 0.197531 0.000000
vt 0.117284 0.000000
vt 0.179012 0.000000
vt 0.172840 0.000000
vt 0.160494 0.000000
vt 0.129630 0.000000
vt 0.123457 0.000000
vt 0.993827 0.000000
vt 0.845679 0.000000
vt 0.851852 0.000000
vt 0.987654 0.000000
vt 0.858025 0.000000
vt 0.981481 0.000000
vt 0.864198 0.000000
vt 0.975309 0.000000
vt 0.870370 0.000000
vt 0.969136 0.000000
vt 0.135802 0.000000
vt 0.154321 0.000000
vt 0.148148 0.000000
vt 0.141975 0.000000
vt 0.876543 0.000000
vt 0.962963 0.000000
vt 0.882716 0.000000
vt 0.956790 0.000000
vt 0.888889 0.000000
vt 0.950617 0.000000
vt 0.895062 0.000000
vt 0.944444 0.000000
vt 0.901235 0.000000
vt 0.938272 0.000000
vt 0.907407 0.000000
vt 0.932099 0.000000
vt 0.913580 0.000000
vt 0.925926 0.000000
vt 0.370370 0.000000
vt 0.839506 0.000000
vt 0.685185 0.000000
vt 0.691358 0.000000
vt 0.827160 0.000000
vt 0.697531 0.000000
vt 0.820988 0.000000
vt 0.919753 0.000000
vt 0.080247 0.000000
vt 0.706349 0.000000
vt 0.698413 0.000000
vt 0.396825 0.000000
vt 0.412698 0.000000
vt 0.682540 0.000000
vt 0.674603 0.000000
vt 0.730159 0.000000
vt 0.634921 0.000000
vt 0.626984 0.000000
vt 0.753968 0.000000
vt 0.420635 0.000000
vt 0.658730 0.000000
vt 0.650794 0.000000
vt 0.746032 0.000000
vt 0.365079 0.000000
vt 0.349206 0.000000
vt 0.460317 0.000000
vt 0.801587 0.000000
vt 0.817460 0.000000
vt 0.992063 0.000000
vt 0.825397 0.000000
vt 0.984127 0.000000
vt 0.841270 0.000000
vt 0.968254 0.000000
vt 0.849206 0.000000
vt 0.960317 0.000000
vt 0.865079 0.000000
vt 0.373016 0.000000
vt 0.436508 0.000000
vt 0.769841 0.000000
vt 0.603175 0.000000
vt 0.793651 0.000000
vt 0.317460 0.000000
vt 0.492063 0.000000
vt 0.325397 0.000000
vt 0.484127 0.000000
vt 0.531746 0.000000
vt 0.269841 0.000000
vt 0.539683 0.000000
vt 0.301587 0.000000
vt 0.507937 0.000000
vt 0.293651 0.000000
vt 0.515873 0.000000
vt 0.039683 0.000000
vt 0.031746 0.000000
vt 0.063492 0.000000
vt 0.079365 0.000000
vt 0.587302 0.000000
vt 0.206349 0.000000
vt 0.198413 0.000000
vt 0.182540 0.000000
vt 0.174603 0.000000
vt 0.087302 0.000000
vt 0.158730 0.000000
vt 0.150794 0.000000
vt 0.103175 0.000000
vt 0.134921 0.000000
vt 0.126984 0.000000
vt 0.253968 0.000000
vt 0.246032 0.000000
vt 0.563492 0.000000
vt 0.230159 0.000000
vt 0.579365 0.000000
vt 0.007937 0.000000
vt 0.015873 0.000000
vt 0.341270 0.000000
vt 0.468254 0.000000
vt 0.936508 0.000000
vt 0.873016 0.000000
vt 0.920635 0.000000
vt 0.896825 0.000000
vt 0.912698 0.000000
vt 0.876106 0.000000
vt 0.867257 0.000000
vt 0.902655 0.000000
vt 0.893805 0.000000
vt 0.884956 0.000000
vt 0.778761 0.000000
vt 0.787611 0.000000
vt 0.991150 0.000000
vt 0.796460 0.000000
vt 0.982301 0.000000
vt 0.973451 0.000000
vt 0.805310 0.000000
vt 0.964602 0.000000
vt 0.814159 0.000000
vt 0.955752 0.000000
vt 0.823009 0.000000
vt 0.946903 0.000000
vt 0.831858 0.000000
vt 0.938053 0.000000
vt 0.840708 0.000000
vt 0.929204 0.000000
vt 0.849558 0.000000
vt 0.920354 0.000000
vt 0.858407 0.000000
vt 0.911504 0.000000
vt 0.460177 0.000000
vt 0.433628 0.000000
vt 0.424779 0.000000
vt 0.469027 0.000000
vt 0.415929 0.000000
vt 0.407080 0.000000
vt 0.477876 0.000000
vt 0.398230 0.000000
vt 0.486726 0.000000
vt 0.389381 0.000000
vt 0.495575 0.000000
vt 0.079646 0.000000
vt 0.070796 0.000000
vt 0.141593 0.000000
vt 0.132743 0.000000
vt 0.088496 0.000000
vt 0.123894 0.000000
vt 0.097345 0.000000
vt 0.115044 0.000000
vt 0.106195 0.000000
vt 0.451327 0.000000
vt 0.442478 0.000000
vt 0.539823 0.000000
vt 0.345133 0.000000
vt 0.336283 0.000000
vt 0.548673 0.000000
vt 0.327434 0.000000
vt 0.557522 0.000000
vt 0.318584 0.000000
vt 0.566372 0.000000
vt 0.513274 0.000000
vt 0.371681 0.000000
vt 0.362832 0.000000
vt 0.522124 0.000000
vt 0.353982 0.000000
vt 0.530973 0.000000
vt 0.265487 0.000000
vt 0.256637 0.000000
vt 0.610619 0.000000
vt 0.247788 0.000000
vt 0.619469 0.000000
vt 0.238938 0.000000
vt 0.628319 0.000000
vt 0.230089 0.000000
vt 0.637168 0.000000
vt 0.769912 0.000000
vt 0.761062 0.000000
vt 0.752212 0.000000
vt 0.743363 0.000000
vt 0.646018 0.000000
vt 0.734513 0.000000
vt 0.725664 0.000000
vt 0.716814 0.000000
vt 0.707965 0.000000
vt 0.699115 0.000000
vt 0.690265 0.000000
vt 0.681416 0.000000
vt 0.654867 0.000000
vt 0.672566 0.000000
vt 0.663717 0.000000
vt 0.309735 0.000000
vt 0.300885 0.000000
vt 0.575221 0.000000
vt 0.292035 0.000000
vt 0.584071 0.000000
vt 0.283186 0.000000
vt 0.592920 0.000000
vt 0.274336 0.000000
vt 0.601770 0.000000
vt 0.380531 0.000000
vt 0.504425 0.000000
vt 0.008850 0.000000
vt 0.221239 0.000000
vt 0.212389 0.000000
vt 0.017699 0.000000
vt 0.203540 0.000000
vt 0.026549 0.000000
vt 0.194690 0.000000
vt 0.035398 0.000000
vt 0.185841 0.000000
vt 0.044248 0.000000
vt 0.176991 0.000000
vt 0.053097 0.000000
vt 0.168142 0.000000
vt 0.061947 0.000000
vt 0.159292 0.000000
vt 0.150442 0.000000
vt 0.783626 0.000000
vt 0.637427 0.000000
vt 0.631579 0.000000
vt 0.789474 0.000000
vt 0.625731 0.000000
vt 0.795322 0.000000
vt 0.619883 0.000000
vt 0.801170 0.000000
vt 0.614035 0.000000
vt 0.807018 0.000000
vt 0.608187 0.000000
vt 0.812865 0.000000
vt 0.216374 0.000000
vt 0.204678 0.000000
vt 0.198830 0.000000
vt 0.228070 0.000000
vt 0.233918 0.000000
vt 0.192982 0.000000
vt 0.187135 0.000000
vt 0.239766 0.000000
vt 0.181287 0.000000
vt 0.210526 0.000000
vt 0.719298 0.000000
vt 0.713450 0.000000
vt 0.707602 0.000000
vt 0.701754 0.000000
vt 0.725146 0.000000
vt 0.695906 0.000000
vt 0.730994 0.000000
vt 0.690058 0.000000
vt 0.736842 0.000000
vt 0.684211 0.000000
vt 0.742690 0.000000
vt 0.678363 0.000000
vt 0.748538 0.000000
vt 0.672515 0.000000
vt 0.754386 0.000000
vt 0.760234 0.000000
vt 0.660819 0.000000
vt 0.766082 0.000000
vt 0.654971 0.000000
vt 0.771930 0.000000
vt 0.649123 0.000000
vt 0.643275 0.000000
vt 0.602339 0.000000
vt 0.818713 0.000000
vt 0.596491 0.000000
vt 0.824561 0.000000
vt 0.590643 0.000000
vt 0.830409 0.000000
vt 0.584795 0.000000
vt 0.836257 0.000000
vt 0.578947 0.000000
vt 0.842105 0.000000
vt 0.573099 0.000000
vt 0.847953 0.000000
vt 0.853801 0.000000
vt 0.859649 0.000000
vt 0.994152 0.000000
vt 0.865497 0.000000
vt 0.988304 0.000000
vt 0.871345 0.000000
vt 0.982456 0.000000
vt 0.877193 0.000000
vt 0.976608 0.000000
vt 0.883041 0.000000
vt 0.970760 0.000000
vt 0.964912 0.000000
vt 0.894737 0.000000
vt 0.959064 0.000000
vt 0.900585 0.000000
vt 0.953216 0.000000
vt 0.906433 0.000000
vt 0.947368 0.000000
vt 0.912281 0.000000
vt 0.941520 0.000000
vt 0.918129 0.000000
vt 0.935673 0.000000
vt 0.923977 0.000000
vt 0.929825 0.000000
vt 0.251462 0.000000
vt 0.169591 0.000000
vt 0.163743 0.000000
vt 0.257310 0.000000
vt 0.157895 0.000000
vt 0.263158 0.000000
vt 0.152047 0.000000
vt 0.269006 0.000000
vt 0.146199 0.000000
vt 0.274854 0.000000
vt 0.140351 0.000000
vt 0.280702 0.000000
vt 0.134503 0.000000
vt 0.128655 0.000000
vt 0.286550 0.000000
vt 0.035088 0.000000
vt 0.029240 0.000000
vt 0.380117 0.000000
vt 0.385965 0.000000
vt 0.023392 0.000000
vt 0.391813 0.000000
vt 0.017544 0.000000
vt 0.397661 0.000000
vt 0.011696 0.000000
vt 0.403509 0.000000
vt 0.005848 0.000000
vt 0.409357 0.000000
vt 0.415205 0.000000
vt 0.567251 0.000000
vt 0.421053 0.000000
vt 0.561404 0.000000
vt 0.122807 0.000000
vt 0.292398 0.000000
vt 0.116959 0.000000
vt 0.298246 0.000000
vt 0.304094 0.000000
vt 0.105263 0.000000
vt 0.309942 0.000000
vt 0.099415 0.000000
vt 0.315789 0.000000
vt 0.093567 0.000000
vt 0.321637 0.000000
vt 0.087719 0.000000
vt 0.327485 0.000000
vt 0.081871 0.000000
vt 0.076023 0.000000
vt 0.339181 0.000000
vt 0.070175 0.000000
vt 0.345029 0.000000
vt 0.064327 0.000000
vt 0.350877 0.000000
vt 0.058480 0.000000
vt 0.356725 0.000000
vt 0.052632 0.000000
vt 0.362573 0.000000
vt 0.046784 0.000000
vt 0.368421 0.000000
vt 0.040936 0.000000
vt 0.374269 0.000000
vt 0.426901 0.000000
vt 0.432749 0.000000
vt 0.549708 0.000000
vt 0.438596 0.000000
vt 0.543860 0.000000
vt 0.538012 0.000000
vt 0.450292 0.000000
vt 0.532164 0.000000
vt 0.456140 0.000000
vt 0.526316 0.000000
vt 0.461988 0.000000
vt 0.520468 0.000000
vt 0.467836 0.000000
vt 0.514620 0.000000
vt 0.473684 0.000000
vt 0.508772 0.000000
vt 0.479532 0.000000
vt 0.502924 0.000000
vt 0.485380 0.000000
vt 0.497076 0.000000
vt 0.491228 0.000000
vt 0.175439 0.000000
vt 0.245614 0.000000
vt 0.007874 1.000000
vt 0.000000 1.000000
vt 0.015748 1.000000
vt 0.007874 0.000000
vt 0.023622 1.000000
vt 0.015748 0.000000
vt 0.031496 1.000000
vt 0.023622 0.000000
vt 0.039370 1.000000
vt 0.031496 0.000000
vt 0.047244 1.000000
vt 0.039370 0.000000
vt 0.055118 1.000000
vt 0.047244 0.000000
vt 0.062992 1.000000
vt 0.055118 0.000000
vt 0.070866 1.000000
vt 0.062992 0.000000
vt 0.078740 1.000000
vt 0.070866 0.000000
vt 0.086614 1.000000
vt 0.078740 0.000000
vt 0.094488 1.000000
vt 0.086614 0.000000
vt 0.102362 1.000000
vt 0.094488 0.000000
vt 0.110236 1.000000
vt 0.102362 0.000000
vt 0.118110 1.000000
vt 0.110236 0.000000
vt 0.125984 1.000000
vt 0.118110 0.000000
vt 0.133858 1.000000
vt 0.125984 0.000000
vt 0.141732 1.000000
vt 0.133858 0.000000
vt 0.149606 1.000000
vt 0.141732 0.000000
vt 0.157480 1.000000
vt 0.149606 0.000000
vt 0.165354 1.000000
vt 0.157480 0.000000
vt 0.173228 1.000000
vt 0.165354 0.000000
vt 0.181102 1.000000
vt 0.173228 0.000000
vt 0.188976 1.000000
vt 0.181102 0.000000
vt 0.196850 1.000000
vt 0.188976 0.000000
vt 0.204724 1.000000
vt 0.196850 0.000000
vt 0.212598 1.000000
vt 0.204724 0.000000
vt 0.220472 1.000000
vt 0.212598 0.000000
vt 0.228346 1.000000
vt 0.220472 0.000000
vt 0.236220 1.000000
vt 0.228346 0.000000
vt 0.244094 1.000000
vt 0.236220 0.000000
vt 0.251969 1.000000
vt 0.244094 0.000000
vt 0.259843 1.000000
vt 0.251969 0.000000
vt 0.267717 1.000000
vt 0.259843 0.000000
vt 0.275591 1.000000
vt 0.267717 0.000000
vt 0.283465 1.000000
vt 0.275591 0.000000
vt 0.291339 1.000000
vt 0.283465 0.000000
vt 0.299213 1.000000
vt 0.291339 0.000000
vt 0.307087 1.000000
vt 0.299213 0.000000
vt 0.314961 1.000000
vt 0.307087 0.000000
vt 0.322835 1.000000
vt 0.314961 0.000000
vt 0.330709 1.000000
vt 0.322835 0.000000
vt 0.338583 1.000000
vt 0.330709 0.000000
vt 0.346457 1.000000
vt 0.338583 0.000000
vt 0.354331 1.000000
vt 0.346457 0.000000
vt 0.362205 1.000000
vt 0.354331 0.000000
vt 0.370079 1.000000
vt 0.362205 0.000000
vt 0.377953 1.000000
vt 0.370079 0.000000
vt 0.385827 1.000000
vt 0.377953 0.000000
vt 0.393701 1.000000
vt 0.385827 0.000000
vt 0.401575 1.000000
vt 0.393701 0.000000
vt 0.409449 1.000000
vt 0.401575 0.000000
vt 0.417323 1.000000
vt 0.409449 0.000000
vt 0.425197 1.000000
vt 0.417323 0.000000
vt 0.433071 1.000000
vt 0.425197 0.000000
vt 0.440945 1.000000
vt 0.433071 0.000000
vt 0.448819 1.000000
vt 0.440945 0.000000
vt 0.456693 1.000000
vt 0.448819 0.000000
vt 0.464567 1.000000
vt 0.456693 0.000000
vt 0.472441 1.000000
vt 0.464567 0.000000
vt 0.480315 1.000000
vt 0.472441 0.000000
vt 0.488189 1.000000
vt 0.480315 0.000000
vt 0.496063 1.000000
vt 0.488189 0.000000
vt 0.503937 1.000000
vt 0.496063 0.000000
vt 0.511811 1.000000
vt 0.503937 0.000000
vt 0.519685 1.000000
vt 0.511811 0.000000
vt 0.527559 1.000000
vt 0.519685 0.000000
vt 0.535433 1.000000
vt 0.527559 0.000000
vt 0.543307 1.000000
vt 0.535433 0.000000
vt 0.551181 1.000000
vt 0.543307 0.000000
vt 0.559055 1.000000
vt 0.551181 0.000000
vt 0.566929 1.000000
vt 0.559055 0.000000
vt 0.574803 1.000000
vt 0.566929 0.000000
vt 0.582677 1.000000
vt 0.574803 0.000000
vt 0.590551 1.000000
vt 0.582677 0.000000
vt 0.598425 1.000000
vt 0.590551 0.000000
vt 0.606299 1.000000
vt 0.598425 0.000000
vt 0.614173 1.000000
vt 0.606299 0.000000
vt 0.622047 1.000000
vt 0.614173 0.000000
vt 0.629921 1.000000
vt 0.622047 0.000000
vt 0.637795 1.000000
vt 0.629921 0.000000
vt 0.645669 1.000000
vt 0.637795 0.000000
vt 0.653543 1.000000
vt 0.645669 0.000000
vt 0.661417 1.000000
vt 0.653543 0.000000
vt 0.669291 1.000000
vt 0.661417 0.000000
vt 0.677165 1.000000
vt 0.669291 0.000000
vt 0.685039 1.000000
vt 0.677165 0.000000
vt 0.692913 1.000000
vt 0.685039 0.000000
vt 0.700787 1.000000
vt 0.692913 0.000000
vt 0.708661 1.000000
vt 0.700787 0.000000
vt 0.716535 1.000000
vt 0.708661 0.000000
vt 0.724409 1.000000
vt 0.716535 0.000000
vt 0.732283 1.000000
vt 0.724409 0.000000
vt 0.740157 1.000000
vt 0.732283 0.000000
vt 0.748031 1.000000
vt 0.740157 0.000000
vt 0.755906 1.000000
vt 0.748031 0.000000
vt 0.763780 1.000000
vt 0.755906 0.000000
vt 0.771654 1.000000
vt 0.763780 0.000000
vt 0.779528 1.000000
vt 0.771654 0.000000
vt 0.787402 1.000000
vt 0.779528 0.000000
vt 0.795276 1.000000
vt 0.787402 0.000000
vt 0.803150 1.000000
vt 0.795276 0.000000
vt 0.811024 1.000000
vt 0.803150 0.000000
vt 0.818898 1.000000
vt 0.811024 0.000000
vt 0.826772 1.000000
vt 0.818898 0.000000
vt 0.834646 1.000000
vt 0.826772 0.000000
vt 0.842520 1.000000
vt 0.834646 0.000000
vt 0.850394 1.000000
vt 0.842520 0.000000
vt 0.858268 1.000000
vt 0.850394 0.000000
vt 0.866142 1.000000
vt 0.858268 0.000000
vt 0.874016 1.000000
vt 0.866142 0.000000
vt 0.881890 1.000000
vt 0.874016 0.000000
vt 0.889764 1.000000
vt 0.881890 0.000000
vt 0.897638 1.000000
vt 0.889764 0.000000
vt 0.905512 1.000000
vt 0.897638 0.000000
vt 0.913386 1.000000
vt 0.905512 0.000000
vt 0.921260 1.000000
vt 0.913386 0.000000
vt 0.929134 1.000000
vt 0.921260 0.000000
vt 0.937008 1.000000
vt 0.929134 0.000000
vt 0.944882 1.000000
vt 0.937008 0.000000
vt 0.952756 1.000000
vt 0.944882 0.000000
vt 0.960630 1.000000
vt 0.952756 0.000000
vt 0.968504 1.000000
vt 0.960630 0.000000
vt 0.976378 1.000000
vt 0.968504 0.000000
vt 0.984252 1.000000
vt 0.976378 0.000000
vt 0.992126 1.000000
vt 0.984252 0.000000
vt 1.000000 1.000000
vt 0.992126 0.000000
vt 0.010204 1.000000
vt 0.020408 1.000000
vt 0.010204 0.000000
vt 0.030612 1.000000
vt 0.020408 0.000000
vt 0.040816 1.000000
vt 0.030612 0.000000
vt 0.051020 1.000000
vt 0.040816 0.000000
vt 0.061224 1.000000
vt 0.051020 0.000000
vt 0.071429 1.000000
vt 0.061224 0.000000
vt 0.081633 1.000000
vt 0.091837 1.000000
vt 0.081633 0.000000
vt 0.102041 1.000000
vt 0.091837 0.000000
vt 0.112245 1.000000
vt 0.102041 0.000000
vt 0.122449 1.000000
vt 0.112245 0.000000
vt 0.132653 1.000000
vt 0.122449 0.000000
vt 0.142857 1.000000
vt 0.132653 0.000000
vt 0.153061 1.000000
vt 0.163265 1.000000
vt 0.153061 0.000000
vt 0.173469 1.000000
vt 0.163265 0.000000
vt 0.183673 1.000000
vt 0.173469 0.000000
vt 0.193878 1.000000
vt 0.183673 0.000000
vt 0.204082 1.000000
vt 0.193878 0.000000
vt 0.214286 1.000000
vt 0.204082 0.000000
vt 0.224490 1.000000
vt 0.234694 1.000000
vt 0.224490 0.000000
vt 0.244898 1.000000
vt 0.234694 0.000000
vt 0.255102 1.000000
vt 0.244898 0.000000
vt 0.265306 1.000000
vt 0.255102 0.000000
vt 0.275510 1.000000
vt 0.265306 0.000000
vt 0.285714 1.000000
vt 0.275510 0.000000
vt 0.295918 1.000000
vt 0.306122 1.000000
vt 0.295918 0.000000
vt 0.316327 1.000000
vt 0.306122 0.000000
vt 0.326531 1.000000
vt 0.316327 0.000000
vt 0.336735 1.000000
vt 0.326531 0.000000
vt 0.346939 1.000000
vt 0.336735 0.000000
vt 0.357143 1.000000
vt 0.346939 0.000000
vt 0.367347 1.000000
vt 0.377551 1.000000
vt 0.367347 0.000000
vt 0.387755 1.000000
vt 0.377551 0.000000
vt 0.397959 1.000000
vt 0.387755 0.000000
vt 0.408163 1.000000
vt 0.397959 0.000000
vt 0.418367 1.000000
vt 0.408163 0.000000
vt 0.428571 1.000000
vt 0.418367 0.000000
vt 0.438776 1.000000
vt 0.448980 1.000000
vt 0.438776 0.000000
vt 0.459184 1.000000
vt 0.448980 0.000000
vt 0.469388 1.000000
vt 0.459184 0.000000
vt 0.479592 1.000000
vt 0.469388 0.000000
vt 0.489796 1.000000
vt 0.479592 0.000000
vt 0.500000 1.000000
vt 0.489796 0.000000
vt 0.510204 1.000000
vt 0.520408 1.000000
vt 0.510204 0.000000
vt 0.530612 1.000000
vt 0.520408 0.000000
vt 0.540816 1.000000
vt 0.530612 0.000000
vt 0.551020 1.000000
vt 0.540816 0.000000
vt 0.561224 1.000000
vt 0.551020 0.000000
vt 0.571429 1.000000
vt 0.561224 0.000000
vt 0.581633 1.000000
vt 0.591837 1.000000
vt 0.581633 0.000000
vt 0.602041 1.000000
vt 0.591837 0.000000
vt 0.612245 1.000000
vt 0.602041 0.000000
vt 0.622449 1.000000
vt 0.612245 0.000000
vt 0.632653 1.000000
vt 0.622449 0.000000
vt 0.642857 1.000000
vt 0.632653 0.000000
vt 0.653061 1.000000
vt 0.663265 1.000000
vt 0.653061 0.000000
vt 0.673469 1.000000
vt 0.663265 0.000000
vt 0.683673 1.000000
vt 0.673469 0.000000
vt 0.693878 1.000000
vt 0.683673 0.000000
vt 0.704082 1.000000
vt 0.693878 0.000000
vt 0.714286 1.000000
vt 0.704082 0.000000
vt 0.724490 1.000000
vt 0.734694 1.000000
vt 0.724490 0.000000
vt 0.744898 1.000000
vt 0.734694 0.000000
vt 0.755102 1.000000
vt 0.744898 0.000000
vt 0.765306 1.000000
vt 0.755102 0.000000
vt 0.775510 1.000000
vt 0.765306 0.000000
vt 0.785714 1.000000
vt 0.775510 0.000000
vt 0.795918 1.000000
vt 0.806122 1.000000
vt 0.795918 0.000000
vt 0.816327 1.000000
vt 0.806122 0.000000
vt 0.826531 1.000000
vt 0.816327 0.000000
vt 0.836735 1.000000
vt 0.826531 0.000000
vt 0.846939 1.000000
vt 0.836735 0.000000
vt 0.857143 1.000000
vt 0.846939 0.000000
vt 0.867347 1.000000
vt 0.877551 1.000000
vt 0.867347 0.000000
vt 0.887755 1.000000
vt 0.877551 0.000000
vt 0.897959 1.000000
vt 0.887755 0.000000
vt 0.908163 1.000000
vt 0.897959 0.000000
vt 0.918367 1.000000
vt 0.908163 0.000000
vt 0.928571 1.000000
vt 0.918367 0.000000
vt 0.938776 1.000000
vt 0.948980 1.000000
vt 0.938776 0.000000
vt 0.959184 1.000000
vt 0.948980 0.000000
vt 0.969388 1.000000
vt 0.959184 0.000000
vt 0.979592 1.000000
vt 0.969388 0.000000
vt 0.989796 1.000000
vt 0.979592 0.000000
vt 0.989796 0.000000
vt 0.013514 1.000000
vt 0.027027 1.000000
vt 0.013514 0.000000
vt 0.040541 1.000000
vt 0.027027 0.000000
vt 0.054054 1.000000
vt 0.040541 0.000000
vt 0.067568 1.000000
vt 0.054054 0.000000
vt 0.081081 1.000000
vt 0.067568 0.000000
vt 0.094595 1.000000
vt 0.081081 0.000000
vt 0.108108 1.000000
vt 0.094595 0.000000
vt 0.121622 1.000000
vt 0.108108 0.000000
vt 0.135135 1.000000
vt 0.121622 0.000000
vt 0.148649 1.000000
vt 0.135135 0.000000
vt 0.162162 1.000000
vt 0.148649 0.000000
vt 0.175676 1.000000
vt 0.162162 0.000000
vt 0.189189 1.000000
vt 0.175676 0.000000
vt 0.202703 1.000000
vt 0.189189 0.000000
vt 0.216216 1.000000
vt 0.202703 0.000000
vt 0.229730 1.000000
vt 0.216216 0.000000
vt 0.243243 1.000000
vt 0.229730 0.000000
vt 0.256757 1.000000
vt 0.243243 0.000000
vt 0.270270 1.000000
vt 0.256757 0.000000
vt 0.283784 1.000000
vt 0.270270 0.000000
vt 0.297297 1.000000
vt 0.283784 0.000000
vt 0.310811 1.000000
vt 0.297297 0.000000
vt 0.324324 1.000000
vt 0.310811 0.000000
vt 0.337838 1.000000
vt 0.324324 0.000000
vt 0.351351 1.000000
vt 0.337838 0.000000
vt 0.364865 1.000000
vt 0.351351 0.000000
vt 0.378378 1.000000
vt 0.364865 0.000000
vt 0.391892 1.000000
vt 0.378378 0.000000
vt 0.405405 1.000000
vt 0.391892 0.000000
vt 0.418919 1.000000
vt 0.405405 0.000000
vt 0.432432 1.000000
vt 0.418919 0.000000
vt 0.445946 1.000000
vt 0.432432 0.000000
vt 0.459459 1.000000
vt 0.445946 0.000000
vt 0.472973 1.000000
vt 0.459459 0.000000
vt 0.486486 1.000000
vt 0.472973 0.000000
vt 0.486486 0.000000
vt 0.513514 1.000000
vt 0.527027 1.000000
vt 0.513514 0.000000
vt 0.540541 1.000000
vt 0.527027 0.000000
vt 0.554054 1.000000
vt 0.540541 0.000000
vt 0.567568 1.000000
vt 0.554054 0.000000
vt 0.581081 1.000000
vt 0.567568 0.000000
vt 0.594595 1.000000
vt 0.581081 0.000000
vt 0.608108 1.000000
vt 0.594595 0.000000
vt 0.621622 1.000000
vt 0.608108 0.000000
vt 0.635135 1.000000
vt 0.621622 0.000000
vt 0.648649 1.000000
vt 0.635135 0.000000
vt 0.662162 1.000000
vt 0.648649 0.000000
vt 0.675676 1.000000
vt 0.662162 0.000000
vt 0.689189 1.000000
vt 0.675676 0.000000
vt 0.702703 1.000000
vt 0.689189 0.000000
vt 0.716216 1.000000
vt 0.702703 0.000000
vt 0.729730 1.000000
vt 0.716216 0.000000
vt 0.743243 1.000000
vt 0.729730 0.000000
vt 0.756757 1.000000
vt 0.743243 0.000000
vt 0.770270 1.000000
vt 0.756757 0.000000
vt 0.783784 1.000000
vt 0.770270 0.000000
vt 0.797297 1.000000
vt 0.783784 0.000000
vt 0.810811 1.000000
vt 0.797297 0.000000
vt 0.824324 1.000000
vt 0.810811 0.000000
vt 0.837838 1.000000
vt 0.824324 0.000000
vt 0.851351 1.000000
vt 0.837838 0.000000
vt 0.864865 1.000000
vt 0.851351 0.000000
vt 0.878378 1.000000
vt 0.864865 0.000000
vt 0.891892 1.000000
vt 0.878378 0.000000
vt 0.905405 1.000000
vt 0.891892 0.000000
vt 0.918919 1.000000
vt 0.905405 0.000000
vt 0.932432 1.000000
vt 0.918919 0.000000
vt 0.945946 1.000000
vt 0.932432 0.000000
vt 0.959459 1.000000
vt 0.945946 0.000000
vt 0.972973 1.000000
vt 0.959459 0.000000
vt 0.986486 1.000000
vt 0.972973 0.000000
vt 0.986486 0.000000
vt 0.038462 1.000000
vt 0.076923 1.000000
vt 0.038462 0.000000
vt 0.115385 1.000000
vt 0.076923 0.000000
vt 0.153846 1.000000
vt 0.115385 0.000000
vt 0.192308 1.000000
vt 0.153846 0.000000
vt 0.230769 1.000000
vt 0.192308 0.000000
vt 0.269231 1.000000
vt 0.230769 0.000000
vt 0.307692 1.000000
vt 0.269231 0.000000
vt 0.346154 1.000000
vt 0.307692 0.000000
vt 0.384615 1.000000
vt 0.346154 0.000000
vt 0.423077 1.000000
vt 0.384615 0.000000
vt 0.461538 1.000000
vt 0.423077 0.000000
vt 0.461538 0.000000
vt 0.538462 1.000000
vt 0.576923 1.000000
vt 0.538462 0.000000
vt 0.615385 1.000000
vt 0.576923 0.000000
vt 0.653846 1.000000
vt 0.615385 0.000000
vt 0.692308 1.000000
vt 0.653846 0.000000
vt 0.730769 1.000000
vt 0.692308 0.000000
vt 0.769231 1.000000
vt 0.730769 0.000000
vt 0.807692 1.000000
vt 0.769231 0.000000
vt 0.846154 1.000000
vt 0.807692 0.000000
vt 0.884615 1.000000
vt 0.846154 0.000000
vt 0.923077 1.000000
vt 0.884615 0.000000
vt 0.961538 1.000000
vt 0.923077 0.000000
vt 0.961538 0.000000
vt 0.016129 1.000000
vt 0.032258 1.000000
vt 0.016129 0.000000
vt 0.048387 1.000000
vt 0.032258 0.000000
vt 0.064516 1.000000
vt 0.048387 0.000000
vt 0.080645 1.000000
vt 0.064516 0.000000
vt 0.096774 1.000000
vt 0.080645 0.000000
vt 0.112903 1.000000
vt 0.096774 0.000000
vt 0.129032 1.000000
vt 0.112903 0.000000
vt 0.145161 1.000000
vt 0.129032 0.000000
vt 0.161290 1.000000
vt 0.145161 0.000000
vt 0.177419 1.000000
vt 0.161290 0.000000
vt 0.193548 1.000000
vt 0.177419 0.000000
vt 0.209677 1.000000
vt 0.193548 0.000000
vt 0.225806 1.000000
vt 0.209677 0.000000
vt 0.241935 1.000000
vt 0.225806 0.000000
vt 0.258065 1.000000
vt 0.241935 0.000000
vt 0.274194 1.000000
vt 0.258065 0.000000
vt 0.290323 1.000000
vt 0.274194 0.000000
vt 0.306452 1.000000
vt 0.290323 0.000000
vt 0.322581 1.000000
vt 0.306452 0.000000
vt 0.338710 1.000000
vt 0.322581 0.000000
vt 0.354839 1.000000
vt 0.338710 0.000000
vt 0.370968 1.000000
vt 0.354839 0.000000
vt 0.387097 1.000000
vt 0.370968 0.000000
vt 0.403226 1.000000
vt 0.387097 0.000000
vt 0.419355 1.000000
vt 0.403226 0.000000
vt 0.435484 1.000000
vt 0.419355 0.000000
vt 0.451613 1.000000
vt 0.435484 0.000000
vt 0.467742 1.000000
vt 0.451613 0.000000
vt 0.483871 1.000000
vt 0.467742 0.000000
vt 0.483871 0.000000
vt 0.516129 1.000000
vt 0.532258 1.000000
vt 0.516129 0.000000
vt 0.548387 1.000000
vt 0.532258 0.000000
vt 0.564516 1.000000
vt 0.548387 0.000000
vt 0.580645 1.000000
vt 0.564516 0.000000
vt 0.596774 1.000000
vt 0.580645 0.000000
vt 0.612903 1.000000
vt 0.596774 0.000000
vt 0.629032 1.000000
vt 0.612903 0.000000
vt 0.645161 1.000000
vt 0.629032 0.000000
vt 0.661290 1.000000
vt 0.645161 0.000000
vt 0.677419 1.000000
vt 0.661290 0.000000
vt 0.693548 1.000000
vt 0.677419 0.000000
vt 0.709677 1.000000
vt 0.693548 0.000000
vt 0.725806 1.000000
vt 0.709677 0.000000
vt 0.741935 1.000000
vt 0.725806 0.000000
vt 0.758065 1.000000
vt 0.741935 0.000000
vt 0.774194 1.000000
vt 0.758065 0.000000
vt 0.790323 1.000000
vt 0.774194 0.000000
vt 0.806452 1.000000
vt 0.790323 0.000000
vt 0.822581 1.000000
vt 0.806452 0.000000
vt 0.838710 1.000000
vt 0.822581 0.000000
vt 0.854839 1.000000
vt 0.838710 0.000000
vt 0.870968 1.000000
vt 0.854839 0.000000
vt 0.887097 1.000000
vt 0.870968 0.000000
vt 0.903226 1.000000
vt 0.887097 0.000000
vt 0.919355 1.000000
vt 0.903226 0.000000
vt 0.935484 1.000000
vt 0.919355 0.000000
vt 0.951613 1.000000
vt 0.935484 0.000000
vt 0.967742 1.000000
vt 0.951613 0.000000
vt 0.983871 1.000000
vt 0.967742 0.000000
vt 0.983871 0.000000
vt 0.009009 1.000000
vt 0.018018 1.000000
vt 0.009009 0.000000
vt 0.018018 0.000000
vt 0.036036 1.000000
vt 0.045045 1.000000
vt 0.036036 0.000000
vt 0.045045 0.000000
vt 0.063063 1.000000
vt 0.072072 1.000000
vt 0.063063 0.000000
vt 0.072072 0.000000
vt 0.090090 1.000000
vt 0.099099 1.000000
vt 0.090090 0.000000
vt 0.099099 0.000000
vt 0.117117 1.000000
vt 0.126126 1.000000
vt 0.117117 0.000000
vt 0.126126 0.000000
vt 0.144144 1.000000
vt 0.153153 1.000000
vt 0.144144 0.000000
vt 0.153153 0.000000
vt 0.171171 1.000000
vt 0.180180 1.000000
vt 0.171171 0.000000
vt 0.180180 0.000000
vt 0.198198 1.000000
vt 0.207207 1.000000
vt 0.198198 0.000000
vt 0.207207 0.000000
vt 0.225225 1.000000
vt 0.234234 1.000000
vt 0.225225 0.000000
vt 0.234234 0.000000
vt 0.252252 1.000000
vt 0.261261 1.000000
vt 0.252252 0.000000
vt 0.261261 0.000000
vt 0.279279 1.000000
vt 0.288288 1.000000
vt 0.279279 0.000000
vt 0.288288 0.000000
vt 0.306306 1.000000
vt 0.315315 1.000000
vt 0.306306 0.000000
vt 0.315315 0.000000
vt 0.333333 1.000000
vt 0.342342 1.000000
vt 0.342342 0.000000
vt 0.360360 1.000000
vt 0.369369 1.000000
vt 0.360360 0.000000
vt 0.369369 0.000000
vt 0.387387 1.000000
vt 0.396396 1.000000
vt 0.387387 0.000000
vt 0.396396 0.000000
vt 0.414414 1.000000
vt 0.423423 1.000000
vt 0.414414 0.000000
vt 0.423423 0.000000
vt 0.441441 1.000000
vt 0.450450 1.000000
vt 0.441441 0.000000
vt 0.450450 0.000000
vt 0.468468 1.000000
vt 0.477477 1.000000
vt 0.468468 0.000000
vt 0.477477 0.000000
vt 0.495495 1.000000
vt 0.504505 1.000000
vt 0.495495 0.000000
vt 0.504505 0.000000
vt 0.522523 1.000000
vt 0.531532 1.000000
vt 0.522523 0.000000
vt 0.531532 0.000000
vt 0.549550 1.000000
vt 0.558559 1.000000
vt 0.549550 0.000000
vt 0.558559 0.000000
vt 0.576577 1.000000
vt 0.585586 1.000000
vt 0.576577 0.000000
vt 0.585586 0.000000
vt 0.603604 1.000000
vt 0.612613 1.000000
vt 0.603604 0.000000
vt 0.612613 0.000000
vt 0.630631 1.000000
vt 0.639640 1.000000
vt 0.630631 0.000000
vt 0.639640 0.000000
vt 0.657658 1.000000
vt 0.666667 1.000000
vt 0.657658 0.000000
vt 0.684685 1.000000
vt 0.693694 1.000000
vt 0.684685 0.000000
vt 0.693694 0.000000
vt 0.711712 1.000000
vt 0.720721 1.000000
vt 0.711712 0.000000
vt 0.720721 0.000000
vt 0.738739 1.000000
vt 0.747748 1.000000
vt 0.738739 0.000000
vt 0.747748 0.000000
vt 0.765766 1.000000
vt 0.774775 1.000000
vt 0.765766 0.000000
vt 0.774775 0.000000
vt 0.792793 1.000000
vt 0.801802 1.000000
vt 0.792793 0.000000
vt 0.801802 0.000000
vt 0.819820 1.000000
vt 0.828829 1.000000
vt 0.819820 0.000000
vt 0.828829 0.000000
vt 0.846847 1.000000
vt 0.855856 1.000000
vt 0.846847 0.000000
vt 0.855856 0.000000
vt 0.873874 1.000000
vt 0.882883 1.000000
vt 0.873874 0.000000
vt 0.882883 0.000000
vt 0.900901 1.000000
vt 0.909910 1.000000
vt 0.900901 0.000000
vt 0.909910 0.000000
vt 0.927928 1.000000
vt 0.936937 1.000000
vt 0.927928 0.000000
vt 0.936937 0.000000
vt 0.954955 1.000000
vt 0.963964 1.000000
vt 0.954955 0.000000
vt 0.963964 0.000000
vt 0.981982 1.000000
vt 0.990991 1.000000
vt 0.981982 0.000000
vt 0.990991 0.000000
vt 0.008197 1.000000
vt 0.016393 1.000000
vt 0.008197 0.000000
vt 0.024590 1.000000
vt 0.016393 0.000000
vt 0.032787 1.000000
vt 0.024590 0.000000
vt 0.040984 1.000000
vt 0.032787 0.000000
vt 0.049180 1.000000
vt 0.040984 0.000000
vt 0.057377 1.000000
vt 0.049180 0.000000
vt 0.065574 1.000000
vt 0.057377 0.000000
vt 0.073770 1.000000
vt 0.065574 0.000000
vt 0.081967 1.000000
vt 0.073770 0.000000
vt 0.090164 1.000000
vt 0.081967 0.000000
vt 0.098361 1.000000
vt 0.090164 0.000000
vt 0.106557 1.000000
vt 0.098361 0.000000
vt 0.114754 1.000000
vt 0.106557 0.000000
vt 0.122951 1.000000
vt 0.114754 0.000000
vt 0.131148 1.000000
vt 0.122951 0.000000
vt 0.139344 1.000000
vt 0.131148 0.000000
vt 0.147541 1.000000
vt 0.139344 0.000000
vt 0.155738 1.000000
vt 0.147541 0.000000
vt 0.163934 1.000000
vt 0.155738 0.000000
vt 0.172131 1.000000
vt 0.163934 0.000000
vt 0.180328 1.000000
vt 0.172131 0.000000
vt 0.188525 1.000000
vt 0.180328 0.000000
vt 0.196721 1.000000
vt 0.188525 0.000000
vt 0.204918 1.000000
vt 0.196721 0.000000
vt 0.213115 1.000000
vt 0.204918 0.000000
vt 0.221311 1.000000
vt 0.213115 0.000000
vt 0.229508 1.000000
vt 0.221311 0.000000
vt 0.237705 1.000000
vt 0.229508 0.000000
vt 0.245902 1.000000
vt 0.237705 0.000000
vt 0.254098 1.000000
vt 0.245902 0.000000
vt 0.262295 1.000000
vt 0.254098 0.000000
vt 0.270492 1.000000
vt 0.262295 0.000000
vt 0.278689 1.000000
vt 0.270492 0.000000
vt 0.286885 1.000000
vt 0.278689 0.000000
vt 0.295082 1.000000
vt 0.286885 0.000000
vt 0.303279 1.000000
vt 0.295082 0.000000
vt 0.311475 1.000000
vt 0.303279 0.000000
vt 0.319672 1.000000
vt 0.311475 0.000000
vt 0.327869 1.000000
vt 0.319672 0.000000
vt 0.336066 1.000000
vt 0.327869 0.000000
vt 0.344262 1.000000
vt 0.336066 0.000000
vt 0.352459 1.000000
vt 0.344262 0.000000
vt 0.360656 1.000000
vt 0.352459 0.000000
vt 0.368852 1.000000
vt 0.360656 0.000000
vt 0.377049 1.000000
vt 0.368852 0.000000
vt 0.385246 1.000000
vt 0.377049 0.000000
vt 0.393443 1.000000
vt 0.385246 0.000000
vt 0.401639 1.000000
vt 0.393443 0.000000
vt 0.409836 1.000000
vt 0.401639 0.000000
vt 0.418033 1.000000
vt 0.409836 0.000000
vt 0.426230 1.000000
vt 0.418033 0.000000
vt 0.434426 1.000000
vt 0.426230 0.000000
vt 0.442623 1.000000
vt 0.434426 0.000000
vt 0.450820 1.000000
vt 0.442623 0.000000
vt 0.459016 1.000000
vt 0.450820 0.000000
vt 0.467213 1.000000
vt 0.459016 0.000000
vt 0.475410 1.000000
vt 0.467213 0.000000
vt 0.483607 1.000000
vt 0.475410 0.000000
vt 0.491803 1.000000
vt 0.483607 0.000000
vt 0.491803 0.000000
vt 0.508197 1.000000
vt 0.516393 1.000000
vt 0.508197 0.000000
vt 0.524590 1.000000
vt 0.516393 0.000000
vt 0.532787 1.000000
vt 0.524590 0.000000
vt 0.540984 1.000000
vt 0.532787 0.000000
vt 0.549180 1.000000
vt 0.540984 0.000000
vt 0.557377 1.000000
vt 0.549180 0.000000
vt 0.565574 1.000000
vt 0.557377 0.000000
vt 0.573770 1.000000
vt 0.565574 0.000000
vt 0.581967 1.000000
vt 0.573770 0.000000
vt 0.590164 1.000000
vt 0.581967 0.000000
vt 0.598361 1.000000
vt 0.590164 0.000000
vt 0.606557 1.000000
vt 0.598361 0.000000
vt 0.614754 1.000000
vt 0.606557 0.000000
vt 0.622951 1.000000
vt 0.614754 0.000000
vt 0.631148 1.000000
vt 0.622951 0.000000
vt 0.639344 1.000000
vt 0.631148 0.000000
vt 0.647541 1.000000
vt 0.639344 0.000000
vt 0.655738 1.000000
vt 0.647541 0.000000
vt 0.663934 1.000000
vt 0.655738 0.000000
vt 0.672131 1.000000
vt 0.663934 0.000000
vt 0.680328 1.000000
vt 0.672131 0.000000
vt 0.688525 1.000000
vt 0.680328 0.000000
vt 0.696721 1.000000
vt 0.688525 0.000000
vt 0.704918 1.000000
vt 0.696721 0.000000
vt 0.713115 1.000000
vt 0.704918 0.000000
vt 0.721311 1.000000
vt 0.713115 0.000000
vt 0.729508 1.000000
vt 0.721311 0.000000
vt 0.737705 1.000000
vt 0.729508 0.000000
vt 0.745902 1.000000
vt 0.737705 0.000000
vt 0.754098 1.000000
vt 0.745902 0.000000
vt 0.762295 1.000000
vt 0.754098 0.000000
vt 0.770492 1.000000
vt 0.762295 0.000000
vt 0.778689 1.000000
vt 0.770492 0.000000
vt 0.786885 1.000000
vt 0.778689 0.000000
vt 0.795082 1.000000
vt 0.786885 0.000000
vt 0.803279 1.000000
vt 0.795082 0.000000
vt 0.811475 1.000000
vt 0.803279 0.000000
vt 0.819672 1.000000
vt 0.811475 0.000000
vt 0.827869 1.000000
vt 0.819672 0.000000
vt 0.836066 1.000000
vt 0.827869 0.000000
vt 0.844262 1.000000
vt 0.836066 0.000000
vt 0.852459 1.000000
vt 0.844262 0.000000
vt 0.860656 1.000000
vt 0.852459 0.000000
vt 0.868852 1.000000
vt 0.860656 0.000000
vt 0.877049 1.000000
vt 0.868852 0.000000
vt 0.885246 1.000000
vt 0.877049 0.000000
vt 0.893443 1.000000
vt 0.885246 0.000000
vt 0.901639 1.000000
vt 0.893443 0.000000
vt 0.909836 1.000000
vt 0.901639 0.000000
vt 0.918033 1.000000
vt 0.909836 0.000000
vt 0.926230 1.000000
vt 0.918033 0.000000
vt 0.934426 1.000000
vt 0.926230 0.000000
vt 0.942623 1.000000
vt 0.934426 0.000000
vt 0.950820 1.000000
vt 0.942623 0.000000
vt 0.959016 1.000000
vt 0.950820 0.000000
vt 0.967213 1.000000
vt 0.959016 0.000000
vt 0.975410 1.000000
vt 0.967213 0.000000
vt 0.983607 1.000000
vt 0.975410 0.000000
vt 0.991803 1.000000
vt 0.983607 0.000000
vt 0.991803 0.000000
vt 0.007937 1.000000
vt 0.015873 1.000000
vt 0.023810 1.000000
vt 0.031746 1.000000
vt 0.039683 1.000000
vt 0.047619 1.000000
vt 0.055556 1.000000
vt 0.063492 1.000000
vt 0.079365 1.000000
vt 0.087302 1.000000
vt 0.095238 1.000000
vt 0.103175 1.000000
vt 0.111111 1.000000
vt 0.119048 1.000000
vt 0.126984 1.000000
vt 0.134921 1.000000
vt 0.150794 1.000000
vt 0.158730 1.000000
vt 0.166667 1.000000
vt 0.174603 1.000000
vt 0.182540 1.000000
vt 0.190476 1.000000
vt 0.198413 1.000000
vt 0.206349 1.000000
vt 0.222222 1.000000
vt 0.230159 1.000000
vt 0.238095 1.000000
vt 0.246032 1.000000
vt 0.253968 1.000000
vt 0.261905 1.000000
vt 0.269841 1.000000
vt 0.277778 1.000000
vt 0.293651 1.000000
vt 0.301587 1.000000
vt 0.309524 1.000000
vt 0.317460 1.000000
vt 0.325397 1.000000
vt 0.341270 1.000000
vt 0.349206 1.000000
vt 0.365079 1.000000
vt 0.373016 1.000000
vt 0.380952 1.000000
vt 0.388889 1.000000
vt 0.396825 1.000000
vt 0.404762 1.000000
vt 0.412698 1.000000
vt 0.420635 1.000000
vt 0.436508 1.000000
vt 0.444444 1.000000
vt 0.452381 1.000000
vt 0.460317 1.000000
vt 0.468254 1.000000
vt 0.476190 1.000000
vt 0.484127 1.000000
vt 0.492063 1.000000
vt 0.507937 1.000000
vt 0.515873 1.000000
vt 0.523810 1.000000
vt 0.531746 1.000000
vt 0.539683 1.000000
vt 0.547619 1.000000
vt 0.555556 1.000000
vt 0.563492 1.000000
vt 0.579365 1.000000
vt 0.587302 1.000000
vt 0.595238 1.000000
vt 0.603175 1.000000
vt 0.611111 1.000000
vt 0.619048 1.000000
vt 0.626984 1.000000
vt 0.634921 1.000000
vt 0.650794 1.000000
vt 0.658730 1.000000
vt 0.674603 1.000000
vt 0.682540 1.000000
vt 0.690476 1.000000
vt 0.698413 1.000000
vt 0.706349 1.000000
vt 0.722222 1.000000
vt 0.730159 1.000000
vt 0.738095 1.000000
vt 0.746032 1.000000
vt 0.753968 1.000000
vt 0.761905 1.000000
vt 0.769841 1.000000
vt 0.777778 1.000000
vt 0.793651 1.000000
vt 0.801587 1.000000
vt 0.809524 1.000000
vt 0.817460 1.000000
vt 0.825397 1.000000
vt 0.833333 1.000000
vt 0.841270 1.000000
vt 0.849206 1.000000
vt 0.865079 1.000000
vt 0.873016 1.000000
vt 0.880952 1.000000
vt 0.888889 1.000000
vt 0.896825 1.000000
vt 0.904762 1.000000
vt 0.912698 1.000000
vt 0.920635 1.000000
vt 0.936508 1.000000
vt 0.944444 1.000000
vt 0.952381 1.000000
vt 0.960317 1.000000
vt 0.968254 1.000000
vt 0.976190 1.000000
vt 0.984127 1.000000
vt 0.992063 1.000000
vt 0.003774 1.000000
vt 0.007547 1.000000
vt 0.003774 0.000000
vt 0.011321 1.000000
vt 0.007547 0.000000
vt 0.015094 1.000000
vt 0.011321 0.000000
vt 0.018868 1.000000
vt 0.015094 0.000000
vt 0.022642 1.000000
vt 0.018868 0.000000
vt 0.026415 1.000000
vt 0.022642 0.000000
vt 0.030189 1.000000
vt 0.026415 0.000000
vt 0.033962 1.000000
vt 0.030189 0.000000
vt 0.037736 1.000000
vt 0.033962 0.000000
vt 0.041509 1.000000
vt 0.037736 0.000000
vt 0.045283 1.000000
vt 0.041509 0.000000
vt 0.049057 1.000000
vt 0.045283 0.000000
vt 0.052830 1.000000
vt 0.049057 0.000000
vt 0.056604 1.000000
vt 0.052830 0.000000
vt 0.060377 1.000000
vt 0.056604 0.000000
vt 0.064151 1.000000
vt 0.060377 0.000000
vt 0.067925 1.000000
vt 0.064151 0.000000
vt 0.071698 1.000000
vt 0.067925 0.000000
vt 0.075472 1.000000
vt 0.071698 0.000000
vt 0.079245 1.000000
vt 0.075472 0.000000
vt 0.083019 1.000000
vt 0.079245 0.000000
vt 0.086792 1.000000
vt 0.083019 0.000000
vt 0.090566 1.000000
vt 0.086792 0.000000
vt 0.094340 1.000000
vt 0.090566 0.000000
vt 0.098113 1.000000
vt 0.094340 0.000000
vt 0.101887 1.000000
vt 0.098113 0.000000
vt 0.105660 1.000000
vt 0.101887 0.000000
vt 0.109434 1.000000
vt 0.105660 0.000000
vt 0.113208 1.000000
vt 0.109434 0.000000
vt 0.116981 1.000000
vt 0.113208 0.000000
vt 0.120755 1.000000
vt 0.116981 0.000000
vt 0.124528 1.000000
vt 0.120755 0.000000
vt 0.128302 1.000000
vt 0.124528 0.000000
vt 0.132075 1.000000
vt 0.128302 0.000000
vt 0.135849 1.000000
vt 0.132075 0.000000
vt 0.139623 1.000000
vt 0.135849 0.000000
vt 0.143396 1.000000
vt 0.139623 0.000000
vt 0.147170 1.000000
vt 0.143396 0.000000
vt 0.150943 1.000000
vt 0.147170 0.000000
vt 0.154717 1.000000
vt 0.150943 0.000000
vt 0.158491 1.000000
vt 0.154717 0.000000
vt 0.162264 1.000000
vt 0.158491 0.000000
vt 0.166038 1.000000
vt 0.162264 0.000000
vt 0.169811 1.000000
vt 0.166038 0.000000
vt 0.173585 1.000000
vt 0.169811 0.000000
vt 0.177358 1.000000
vt 0.173585 0.000000
vt 0.181132 1.000000
vt 0.177358 0.000000
vt 0.184906 1.000000
vt 0.181132 0.000000
vt 0.188679 1.000000
vt 0.184906 0.000000
vt 0.192453 1.000000
vt 0.188679 0.000000
vt 0.196226 1.000000
vt 0.192453 0.000000
vt 0.200000 1.000000
vt 0.196226 0.000000
vt 0.203774 1.000000
vt 0.207547 1.000000
vt 0.203774 0.000000
vt 0.211321 1.000000
vt 0.207547 0.000000
vt 0.215094 1.000000
vt 0.211321 0.000000
vt 0.218868 1.000000
vt 0.215094 0.000000
vt 0.222642 1.000000
vt 0.218868 0.000000
vt 0.226415 1.000000
vt 0.222642 0.000000
vt 0.230189 1.000000
vt 0.226415 0.000000
vt 0.233962 1.000000
vt 0.230189 0.000000
vt 0.237736 1.000000
vt 0.233962 0.000000
vt 0.241509 1.000000
vt 0.237736 0.000000
vt 0.245283 1.000000
vt 0.241509 0.000000
vt 0.249057 1.000000
vt 0.245283 0.000000
vt 0.252830 1.000000
vt 0.249057 0.000000
vt 0.256604 1.000000
vt 0.252830 0.000000
vt 0.260377 1.000000
vt 0.256604 0.000000
vt 0.264151 1.000000
vt 0.260377 0.000000
vt 0.267925 1.000000
vt 0.264151 0.000000
vt 0.271698 1.000000
vt 0.267925 0.000000
vt 0.275472 1.000000
vt 0.271698 0.000000
vt 0.279245 1.000000
vt 0.275472 0.000000
vt 0.283019 1.000000
vt 0.279245 0.000000
vt 0.286792 1.000000
vt 0.283019 0.000000
vt 0.290566 1.000000
vt 0.286792 0.000000
vt 0.294340 1.000000
vt 0.290566 0.000000
vt 0.298113 1.000000
vt 0.294340 0.000000
vt 0.301887 1.000000
vt 0.298113 0.000000
vt 0.305660 1.000000
vt 0.301887 0.000000
vt 0.309434 1.000000
vt 0.305660 0.000000
vt 0.313208 1.000000
vt 0.309434 0.000000
vt 0.316981 1.000000
vt 0.313208 0.000000
vt 0.320755 1.000000
vt 0.316981 0.000000
vt 0.324528 1.000000
vt 0.320755 0.000000
vt 0.328302 1.000000
vt 0.324528 0.000000
vt 0.332075 1.000000
vt 0.328302 0.000000
vt 0.335849 1.000000
vt 0.332075 0.000000
vt 0.339623 1.000000
vt 0.335849 0.000000
vt 0.343396 1.000000
vt 0.339623 0.000000
vt 0.347170 1.000000
vt 0.343396 0.000000
vt 0.350943 1.000000
vt 0.347170 0.000000
vt 0.354717 1.000000
vt 0.350943 0.000000
vt 0.358491 1.000000
vt 0.354717 0.000000
vt 0.362264 1.000000
vt 0.358491 0.000000
vt 0.366038 1.000000
vt 0.362264 0.000000
vt 0.369811 1.000000
vt 0.366038 0.000000
vt 0.373585 1.000000
vt 0.369811 0.000000
vt 0.377358 1.000000
vt 0.373585 0.000000
vt 0.381132 1.000000
vt 0.377358 0.000000
vt 0.384906 1.000000
vt 0.381132 0.000000
vt 0.388679 1.000000
vt 0.384906 0.000000
vt 0.392453 1.000000
vt 0.388679 0.000000
vt 0.396226 1.000000
vt 0.392453 0.000000
vt 0.400000 1.000000
vt 0.396226 0.000000
vt 0.403774 1.000000
vt 0.407547 1.000000
vt 0.403774 0.000000
vt 0.411321 1.000000
vt 0.407547 0.000000
vt 0.415094 1.000000
vt 0.411321 0.000000
vt 0.418868 1.000000
vt 0.415094 0.000000
vt 0.422642 1.000000
vt 0.418868 0.000000
vt 0.426415 1.000000
vt 0.422642 0.000000
vt 0.430189 1.000000
vt 0.426415 0.000000
vt 0.433962 1.000000
vt 0.430189 0.000000
vt 0.437736 1.000000
vt 0.433962 0.000000
vt 0.441509 1.000000
vt 0.437736 0.000000
vt 0.445283 1.000000
vt 0.441509 0.000000
vt 0.449057 1.000000
vt 0.445283 0.000000
vt 0.452830 1.000000
vt 0.449057 0.000000
vt 0.456604 1.000000
vt 0.452830 0.000000
vt 0.460377 1.000000
vt 0.456604 0.000000
vt 0.464151 1.000000
vt 0.460377 0.000000
vt 0.467925 1.000000
vt 0.464151 0.000000
vt 0.471698 1.000000
vt 0.467925 0.000000
vt 0.475472 1.000000
vt 0.471698 0.000000
vt 0.479245 1.000000
vt 0.475472 0.000000
vt 0.483019 1.000000
vt 0.479245 0.000000
vt 0.486792 1.000000
vt 0.483019 0.000000
vt 0.490566 1.000000
vt 0.486792 0.000000
vt 0.494340 1.000000
vt 0.490566 0.000000
vt 0.498113 1.000000
vt 0.494340 0.000000
vt 0.501887 1.000000
vt 0.498113 0.000000
vt 0.505660 1.000000
vt 0.501887 0.000000
vt 0.509434 1.000000
vt 0.505660 0.000000
vt 0.513208 1.000000
vt 0.509434 0.000000
vt 0.516981 1.000000
vt 0.513208 0.000000
vt 0.520755 1.000000
vt 0.516981 0.000000
vt 0.524528 1.000000
vt 0.520755 0.000000
vt 0.528302 1.000000
vt 0.524528 0.000000
vt 0.532075 1.000000
vt 0.528302 0.000000
vt 0.535849 1.000000
vt 0.532075 0.000000
vt 0.539623 1.000000
vt 0.535849 0.000000
vt 0.543396 1.000000
vt 0.539623 0.000000
vt 0.547170 1.000000
vt 0.543396 0.000000
vt 0.550943 1.000000
vt 0.547170 0.000000
vt 0.554717 1.000000
vt 0.550943 0.000000
vt 0.558491 1.000000
vt 0.554717 0.000000
vt 0.562264 1.000000
vt 0.558491 0.000000
vt 0.566038 1.000000
vt 0.562264 0.000000
vt 0.569811 1.000000
vt 0.566038 0.000000
vt 0.573585 1.000000
vt 0.569811 0.000000
vt 0.577358 1.000000
vt 0.573585 0.000000
vt 0.581132 1.000000
vt 0.577358 0.000000
vt 0.584906 1.000000
vt 0.581132 0.000000
vt 0.588679 1.000000
vt 0.584906 0.000000
vt 0.592453 1.000000
vt 0.588679 0.000000
vt 0.596226 1.000000
vt 0.592453 0.000000
vt 0.600000 1.000000
vt 0.596226 0.000000
vt 0.603774 1.000000
vt 0.607547 1.000000
vt 0.603774 0.000000
vt 0.611321 1.000000
vt 0.607547 0.000000
vt 0.615094 1.000000
vt 0.611321 0.000000
vt 0.618868 1.000000
vt 0.615094 0.000000
vt 0.622642 1.000000
vt 0.618868 0.000000
vt 0.626415 1.000000
vt 0.622642 0.000000
vt 0.630189 1.000000
vt 0.626415 0.000000
vt 0.633962 1.000000
vt 0.630189 0.000000
vt 0.637736 1.000000
vt 0.633962 0.000000
vt 0.641509 1.000000
vt 0.637736 0.000000
vt 0.645283 1.000000
vt 0.641509 0.000000
vt 0.649057 1.000000
vt 0.645283 0.000000
vt 0.652830 1.000000
vt 0.649057 0.000000
vt 0.656604 1.000000
vt 0.652830 0.000000
vt 0.660377 1.000000
vt 0.656604 0.000000
vt 0.664151 1.000000
vt 0.660377 0.000000
vt 0.667925 1.000000
vt 0.664151 0.000000
vt 0.671698 1.000000
vt 0.667925 0.000000
vt 0.675472 1.000000
vt 0.671698 0.000000
vt 0.679245 1.000000
vt 0.675472 0.000000
vt 0.683019 1.000000
vt 0.679245 0.000000
vt 0.686792 1.000000
vt 0.683019 0.000000
vt 0.690566 1.000000
vt 0.686792 0.000000
vt 0.694340 1.000000
vt 0.690566 0.000000
vt 0.698113 1.000000
vt 0.694340 0.000000
vt 0.701887 1.000000
vt 0.698113 0.000000
vt 0.705660 1.000000
vt 0.701887 0.000000
vt 0.709434 1.000000
vt 0.705660 0.000000
vt 0.713208 1.000000
vt 0.709434 0.000000
vt 0.716981 1.000000
vt 0.713208 0.000000
vt 0.720755 1.000000
vt 0.716981 0.000000
vt 0.724528 1.000000
vt 0.720755 0.000000
vt 0.728302 1.000000
vt 0.724528 0.000000
vt 0.732075 1.000000
vt 0.728302 0.000000
vt 0.735849 1.000000
vt 0.732075 0.000000
vt 0.739623 1.000000
vt 0.735849 0.000000
vt 0.743396 1.000000
vt 0.739623 0.000000
vt 0.747170 1.000000
vt 0.743396 0.000000
vt 0.750943 1.000000
vt 0.747170 0.000000
vt 0.754717 1.000000
vt 0.750943 0.000000
vt 0.758491 1.000000
vt 0.754717 0.000000
vt 0.762264 1.000000
vt 0.758491 0.000000
vt 0.766038 1.000000
vt 0.762264 0.000000
vt 0.769811 1.000000
vt 0.766038 0.000000
vt 0.773585 1.000000
vt 0.769811 0.000000
vt 0.777358 1.000000
vt 0.773585 0.000000
vt 0.781132 1.000000
vt 0.777358 0.000000
vt 0.784906 1.000000
vt 0.781132 0.000000
vt 0.788679 1.000000
vt 0.784906 0.000000
vt 0.792453 1.000000
vt 0.788679 0.000000
vt 0.796226 1.000000
vt 0.792453 0.000000
vt 0.800000 1.000000
vt 0.796226 0.000000
vt 0.803774 1.000000
vt 0.807547 1.000000
vt 0.803774 0.000000
vt 0.811321 1.000000
vt 0.807547 0.000000
vt 0.815094 1.000000
vt 0.811321 0.000000
vt 0.818868 1.000000
vt 0.815094 0.000000
vt 0.822641 1.000000
vt 0.818868 0.000000
vt 0.826415 1.000000
vt 0.822641 0.000000
vt 0.830189 1.000000
vt 0.826415 0.000000
vt 0.833962 1.000000
vt 0.830189 0.000000
vt 0.837736 1.000000
vt 0.833962 0.000000
vt 0.841509 1.000000
vt 0.837736 0.000000
vt 0.845283 1.000000
vt 0.841509 0.000000
vt 0.849057 1.000000
vt 0.845283 0.000000
vt 0.852830 1.000000
vt 0.849057 0.000000
vt 0.856604 1.000000
vt 0.852830 0.000000
vt 0.860377 1.000000
vt 0.856604 0.000000
vt 0.864151 1.000000
vt 0.860377 0.000000
vt 0.867925 1.000000
vt 0.864151 0.000000
vt 0.871698 1.000000
vt 0.867925 0.000000
vt 0.875472 1.000000
vt 0.871698 0.000000
vt 0.879245 1.000000
vt 0.875472 0.000000
vt 0.883019 1.000000
vt 0.879245 0.000000
vt 0.886792 1.000000
vt 0.883019 0.000000
vt 0.890566 1.000000
vt 0.886792 0.000000
vt 0.894340 1.000000
vt 0.890566 0.000000
vt 0.898113 1.000000
vt 0.894340 0.000000
vt 0.901887 1.000000
vt 0.898113 0.000000
vt 0.905660 1.000000
vt 0.901887 0.000000
vt 0.909434 1.000000
vt 0.905660 0.000000
vt 0.913208 1.000000
vt 0.909434 0.000000
vt 0.916981 1.000000
vt 0.913208 0.000000
vt 0.920755 1.000000
vt 0.916981 0.000000
vt 0.924528 1.000000
vt 0.920755 0.000000
vt 0.928302 1.000000
vt 0.924528 0.000000
vt 0.932076 1.000000
vt 0.928302 0.000000
vt 0.935849 1.000000
vt 0.932076 0.000000
vt 0.939623 1.000000
vt 0.935849 0.000000
vt 0.943396 1.000000
vt 0.939623 0.000000
vt 0.947170 1.000000
vt 0.943396 0.000000
vt 0.950943 1.000000
vt 0.947170 0.000000
vt 0.954717 1.000000
vt 0.950943 0.000000
vt 0.958491 1.000000
vt 0.954717 0.000000
vt 0.962264 1.000000
vt 0.958491 0.000000
vt 0.966038 1.000000
vt 0.962264 0.000000
vt 0.969811 1.000000
vt 0.966038 0.000000
vt 0.973585 1.000000
vt 0.969811 0.000000
vt 0.977359 1.000000
vt 0.973585 0.000000
vt 0.981132 1.000000
vt 0.977359 0.000000
vt 0.984906 1.000000
vt 0.981132 0.000000
vt 0.988679 1.000000
vt 0.984906 0.000000
vt 0.992453 1.000000
vt 0.988679 0.000000
vt 0.996226 1.000000
vt 0.992453 0.000000
vt 0.996226 0.000000
vt 0.250000 1.000000
vt 0.750000 1.000000
vt 0.006173 1.000000
vt 0.012346 1.000000
vt 0.018519 1.000000
vt 0.024691 1.000000
vt 0.030864 1.000000
vt 0.037037 1.000000
vt 0.043210 1.000000
vt 0.049383 1.000000
vt 0.061728 1.000000
vt 0.067901 1.000000
vt 0.074074 1.000000
vt 0.080247 1.000000
vt 0.086420 1.000000
vt 0.092593 1.000000
vt 0.098765 1.000000
vt 0.104938 1.000000
vt 0.117284 1.000000
vt 0.123457 1.000000
vt 0.129630 1.000000
vt 0.135802 1.000000
vt 0.141975 1.000000
vt 0.148148 1.000000
vt 0.154321 1.000000
vt 0.160494 1.000000
vt 0.172840 1.000000
vt 0.179012 1.000000
vt 0.185185 1.000000
vt 0.191358 1.000000
vt 0.197531 1.000000
vt 0.203704 1.000000
vt 0.209877 1.000000
vt 0.216049 1.000000
vt 0.228395 1.000000
vt 0.234568 1.000000
vt 0.240741 1.000000
vt 0.246914 1.000000
vt 0.253086 1.000000
vt 0.259259 1.000000
vt 0.265432 1.000000
vt 0.271605 1.000000
vt 0.283951 1.000000
vt 0.290123 1.000000
vt 0.296296 1.000000
vt 0.302469 1.000000
vt 0.308642 1.000000
vt 0.314815 1.000000
vt 0.320988 1.000000
vt 0.327161 1.000000
vt 0.339506 1.000000
vt 0.345679 1.000000
vt 0.351852 1.000000
vt 0.358025 1.000000
vt 0.364198 1.000000
vt 0.370370 1.000000
vt 0.376543 1.000000
vt 0.382716 1.000000
vt 0.395062 1.000000
vt 0.401235 1.000000
vt 0.407407 1.000000
vt 0.413580 1.000000
vt 0.419753 1.000000
vt 0.425926 1.000000
vt 0.432099 1.000000
vt 0.438272 1.000000
vt 0.450617 1.000000
vt 0.456790 1.000000
vt 0.462963 1.000000
vt 0.469136 1.000000
vt 0.475309 1.000000
vt 0.481481 1.000000
vt 0.487654 1.000000
vt 0.493827 1.000000
vt 0.506173 1.000000
vt 0.512346 1.000000
vt 0.518519 1.000000
vt 0.524691 1.000000
vt 0.530864 1.000000
vt 0.537037 1.000000
vt 0.543210 1.000000
vt 0.549383 1.000000
vt 0.561728 1.000000
vt 0.567901 1.000000
vt 0.574074 1.000000
vt 0.580247 1.000000
vt 0.586420 1.000000
vt 0.592593 1.000000
vt 0.598765 1.000000
vt 0.604938 1.000000
vt 0.617284 1.000000
vt 0.623457 1.000000
vt 0.629630 1.000000
vt 0.635802 1.000000
vt 0.641975 1.000000
vt 0.648148 1.000000
vt 0.654321 1.000000
vt 0.660494 1.000000
vt 0.672840 1.000000
vt 0.679012 1.000000
vt 0.685185 1.000000
vt 0.691358 1.000000
vt 0.697531 1.000000
vt 0.703704 1.000000
vt 0.709877 1.000000
vt 0.716049 1.000000
vt 0.728395 1.000000
vt 0.734568 1.000000
vt 0.740741 1.000000
vt 0.746914 1.000000
vt 0.753086 1.000000
vt 0.759259 1.000000
vt 0.765432 1.000000
vt 0.771605 1.000000
vt 0.783951 1.000000
vt 0.790123 1.000000
vt 0.796296 1.000000
vt 0.802469 1.000000
vt 0.808642 1.000000
vt 0.814815 1.000000
vt 0.820988 1.000000
vt 0.827160 1.000000
vt 0.839506 1.000000
vt 0.845679 1.000000
vt 0.851852 1.000000
vt 0.858025 1.000000
vt 0.864198 1.000000
vt 0.870370 1.000000
vt 0.876543 1.000000
vt 0.882716 1.000000
vt 0.895062 1.000000
vt 0.901235 1.000000
vt 0.907407 1.000000
vt 0.913580 1.000000
vt 0.919753 1.000000
vt 0.925926 1.000000
vt 0.932099 1.000000
vt 0.938272 1.000000
vt 0.950617 1.000000
vt 0.956790 1.000000
vt 0.962963 1.000000
vt 0.969136 1.000000
vt 0.975309 1.000000
vt 0.981481 1.000000
vt 0.987654 1.000000
vt 0.993827 1.000000
s 0
f 26/1/1 25/2/1 24/3/1
f 24/3/1 23/4/1 26/1/1
f 27/5/1 26/1/1 23/4/1
f 27/5/1 23/4/1 22/6/1
f 28/7/1 27/5/1 22/6/1
f 22/6/1 21/8/1 28/7/1
f 29/9/1 28/7/1 21/8/1
f 21/8/1 20/10/1 29/9/1
f 20/10/1 19/11/1 29/9/1
f 19/11/1 30/12/1 29/9/1
f 34/13/1 15/14/1 14/15/1
f 35/16/1 34/13/1 14/15/1
f 14/15/1 13/17/1 35/16/1
f 36/18/1 35/16/1 13/17/1
f 13/17/1 12/19/1 36/18/1
f 37/20/1 36/18/1 12/19/1
f 12/19/1 11/21/1 37/20/1
f 11/21/1 38/22/1 37/20/1
f 30/12/1 19/11/1 18/23/1
f 31/24/1 30/12/1 18/23/1
f 18/23/1 17/25/1 31/24/1
f 32/26/1 31/24/1 17/25/1
f 17/25/1 16/27/1 32/26/1
f 33/28/1 32/26/1 16/27/1
f 16/27/1 15/14/1 33/28/1
f 15/14/1 34/13/1 33/28/1
f 114/29/1 109/30/1 108/31/1
f 73/32/1 75/33/1 74/34/1
f 40/35/1 9/36/1 8/37/1
f 41/38/1 40/35/1 8/37/1
f 8/37/1 7/39/1 41/38/1
f 7/39/1 42/40/1 41/38/1
f 113/41/1 110/42/1 109/30/1
f 109/30/1 114/29/1 113/41/1
f 43/43/1 6/44/1 5/45/1
f 5/45/1 44/46/1 43/43/1
f 45/47/1 4/48/1 3/49/1
f 3/49/1 46/50/1 45/47/1
f 76/51/1 72/52/1 71/53/1
f 71/53/1 77/54/1 76/51/1
f 44/46/1 5/45/1 4/48/1
f 4/48/1 45/47/1 44/46/1
f 106/55/1 116/56/1 107/57/1
f 115/58/1 107/57/1 116/56/1
f 75/33/1 73/32/1 72/52/1
f 72/52/1 76/51/1 75/33/1
f 42/40/1 7/39/1 6/44/1
f 6/44/1 43/43/1 42/40/1
f 107/57/1 115/58/1 108/31/1
f 114/29/1 108/31/1 115/58/1
f 38/22/1 11/21/1 10/59/1
f 39/60/1 38/22/1 10/59/1
f 10/59/1 9/36/1 39/60/1
f 9/36/1 40/35/1 39/60/1
f 110/42/1 113/41/1 111/61/1
f 112/62/1 111/61/1 113/41/1
f 47/63/1 2/64/1 1/65/1
f 105/66/1 118/67/1 117/68/1
f 97/69/1 49/70/1 98/71/1
f 48/72/1 98/71/1 49/70/1
f 98/71/1 48/72/1 1/65/1
f 47/63/1 1/65/1 48/72/1
f 118/67/1 105/66/1 104/73/1
f 104/73/1 119/74/1 118/67/1
f 120/75/1 103/76/1 102/77/1
f 94/78/1 52/79/1 95/80/1
f 52/79/1 51/81/1 95/80/1
f 96/82/1 95/80/1 51/81/1
f 50/83/1 96/82/1 51/81/1
f 101/84/1 121/85/1 102/77/1
f 120/75/1 102/77/1 121/85/1
f 78/86/1 70/87/1 69/88/1
f 79/89/1 78/86/1 69/88/1
f 69/88/1 68/90/1 79/89/1
f 68/90/1 80/91/1 79/89/1
f 96/82/1 50/83/1 97/69/1
f 49/70/1 97/69/1 50/83/1
f 119/74/1 104/73/1 103/76/1
f 103/76/1 120/75/1 119/74/1
f 99/92/1 123/93/1 100/94/1
f 122/95/1 100/94/1 123/93/1
f 63/96/1 62/97/1 85/98/1
f 62/97/1 61/99/1 85/98/1
f 86/100/1 85/98/1 61/99/1
f 61/99/1 60/101/1 86/100/1
f 87/102/1 86/100/1 60/101/1
f 60/101/1 59/103/1 87/102/1
f 88/104/1 87/102/1 59/103/1
f 59/103/1 58/105/1 88/104/1
f 82/106/1 66/107/1 65/108/1
f 83/109/1 82/106/1 65/108/1
f 65/108/1 64/110/1 83/109/1
f 84/111/1 83/109/1 64/110/1
f 64/110/1 63/96/1 84/111/1
f 63/96/1 85/98/1 84/111/1
f 88/104/1 58/105/1 89/112/1
f 58/105/1 57/113/1 89/112/1
f 90/114/1 89/112/1 57/113/1
f 57/113/1 56/115/1 90/114/1
f 91/116/1 90/114/1 56/115/1
f 56/115/1 55/117/1 91/116/1
f 92/118/1 91/116/1 55/117/1
f 54/119/1 92/118/1 55/117/1
f 123/93/1 99/92/1 124/120/1
f 80/91/1 68/90/1 67/121/1
f 81/122/1 80/91/1 67/121/1
f 67/121/1 66/107/1 81/122/1
f 66/107/1 82/106/1 81/122/1
f 92/118/1 54/119/1 93/123/1
f 54/119/1 53/124/1 93/123/1
f 94/78/1 93/123/1 53/124/1
f 52/79/1 94/78/1 53/124/1
f 100/94/1 122/95/1 101/84/1
f 121/85/1 101/84/1 122/95/1
f 77/54/1 71/53/1 70/87/1
f 70/87/1 78/86/1 77/54/1
f 46/50/1 3/49/1 2/64/1
f 2/64/1 47/63/1 46/50/1
f 105/66/1 117/68/1 106/55/1
f 116/56/1 106/55/1 117/68/1
f 257/125/1 256/126/1 141/127/1
f 141/127/1 140/128/1 257/125/1
f 258/129/1 257/125/1 140/128/1
f 140/128/1 139/130/1 258/129/1
f 259/131/1 258/129/1 139/130/1
f 139/130/1 138/132/1 259/131/1
f 260/133/1 259/131/1 138/132/1
f 261/134/1 260/133/1 138/132/1
f 138/132/1 137/135/1 261/134/1
f 262/136/1 261/134/1 137/135/1
f 137/135/1 136/137/1 262/136/1
f 263/138/1 262/136/1 136/137/1
f 136/137/1 135/139/1 263/138/1
f 264/140/1 263/138/1 135/139/1
f 135/139/1 134/141/1 264/140/1
f 265/109/1 264/140/1 134/141/1
f 134/141/1 133/142/1 265/109/1
f 266/143/1 265/109/1 133/142/1
f 267/144/1 266/143/1 133/142/1
f 133/142/1 132/145/1 267/144/1
f 268/146/1 267/144/1 132/145/1
f 132/145/1 131/147/1 268/146/1
f 131/147/1 269/148/1 268/146/1
f 130/149/1 129/150/1 270/151/1
f 144/152/1 253/153/1 145/154/1
f 128/155/1 127/156/1 271/157/1
f 127/156/1 272/158/1 271/157/1
f 253/153/1 144/152/1 254/159/1
f 143/160/1 254/159/1 144/152/1
f 270/151/1 129/150/1 128/155/1
f 128/155/1 271/157/1 270/151/1
f 146/161/1 252/162/1 251/163/1
f 251/163/1 147/164/1 146/161/1
f 172/165/1 274/166/1 173/167/1
f 148/168/1 250/169/1 149/170/1
f 250/169/1 148/168/1 251/163/1
f 147/164/1 251/163/1 148/168/1
f 273/171/1 126/172/1 125/65/1
f 125/65/1 173/167/1 273/171/1
f 173/167/1 274/166/1 273/171/1
f 145/154/1 253/153/1 252/162/1
f 252/162/1 146/161/1 145/154/1
f 272/158/1 127/156/1 126/172/1
f 126/172/1 273/171/1 272/158/1
f 254/159/1 143/160/1 255/173/1
f 143/160/1 142/174/1 255/173/1
f 256/126/1 255/173/1 142/174/1
f 141/127/1 256/126/1 142/174/1
f 269/148/1 131/147/1 130/149/1
f 130/149/1 270/151/1 269/148/1
f 170/175/1 276/176/1 171/177/1
f 275/178/1 171/177/1 276/176/1
f 278/179/1 168/180/1 279/181/1
f 168/180/1 278/179/1 169/182/1
f 277/183/1 169/182/1 278/179/1
f 169/182/1 277/183/1 170/175/1
f 276/176/1 170/175/1 277/183/1
f 282/184/1 165/185/1 283/186/1
f 165/185/1 282/184/1 166/187/1
f 281/188/1 166/187/1 282/184/1
f 150/189/1 249/190/1 248/191/1
f 151/192/1 150/189/1 248/191/1
f 248/191/1 152/193/1 151/192/1
f 166/187/1 281/188/1 167/194/1
f 281/188/1 280/195/1 167/194/1
f 168/180/1 167/194/1 280/195/1
f 279/181/1 168/180/1 280/195/1
f 152/193/1 248/191/1 247/196/1
f 153/197/1 152/193/1 247/196/1
f 165/185/1 164/198/1 284/199/1
f 283/186/1 165/185/1 284/199/1
f 149/170/1 250/169/1 249/190/1
f 249/190/1 150/189/1 149/170/1
f 274/166/1 172/165/1 171/177/1
f 171/177/1 275/178/1 274/166/1
f 161/200/1 286/201/1 162/202/1
f 298/203/1 297/204/1 200/205/1
f 287/206/1 286/201/1 211/207/1
f 211/207/1 210/208/1 287/206/1
f 288/209/1 287/206/1 210/208/1
f 210/208/1 209/210/1 288/209/1
f 289/211/1 288/209/1 209/210/1
f 209/210/1 208/212/1 289/211/1
f 290/213/1 289/211/1 208/212/1
f 208/212/1 207/214/1 290/213/1
f 291/215/1 290/213/1 207/214/1
f 207/214/1 206/216/1 291/215/1
f 292/217/1 291/215/1 206/216/1
f 206/216/1 205/218/1 292/217/1
f 293/219/1 292/217/1 205/218/1
f 205/218/1 204/220/1 293/219/1
f 294/221/1 293/219/1 204/220/1
f 204/220/1 203/222/1 294/221/1
f 295/223/1 294/221/1 203/222/1
f 203/222/1 202/224/1 295/223/1
f 296/225/1 295/223/1 202/224/1
f 202/224/1 201/226/1 296/225/1
f 297/204/1 296/225/1 201/226/1
f 200/205/1 297/204/1 201/226/1
f 298/203/1 200/205/1 199/227/1
f 236/228/1 213/229/1 237/230/1
f 212/231/1 237/230/1 213/229/1
f 198/232/1 197/233/1 175/234/1
f 197/233/1 176/235/1 175/234/1
f 179/236/1 194/237/1 193/238/1
f 193/238/1 180/239/1 179/236/1
f 233/240/1 216/241/1 234/242/1
f 215/243/1 234/242/1 216/241/1
f 178/244/1 195/40/1 194/237/1
f 194/237/1 179/236/1 178/244/1
f 234/242/1 215/243/1 235/245/1
f 215/243/1 214/246/1 235/245/1
f 236/228/1 235/245/1 214/246/1
f 213/229/1 236/228/1 214/246/1
f 176/235/1 197/233/1 196/247/1
f 177/248/1 176/235/1 196/247/1
f 196/247/1 195/40/1 177/248/1
f 195/40/1 178/244/1 177/248/1
f 182/249/1 191/250/1 190/251/1
f 190/251/1 183/252/1 182/249/1
f 231/253/1 230/254/1 219/255/1
f 218/256/1 231/253/1 219/255/1
f 181/257/1 192/258/1 191/250/1
f 191/250/1 182/249/1 181/257/1
f 225/259/1 224/260/1 226/261/1
f 224/260/1 223/262/1 226/261/1
f 227/263/1 226/261/1 223/262/1
f 223/262/1 222/264/1 227/263/1
f 184/265/1 189/266/1 188/267/1
f 185/268/1 184/265/1 188/267/1
f 188/267/1 187/269/1 185/268/1
f 187/269/1 186/270/1 185/268/1
f 227/263/1 222/264/1 228/271/1
f 222/264/1 221/272/1 228/271/1
f 229/273/1 228/271/1 221/272/1
f 221/272/1 220/274/1 229/273/1
f 230/254/1 229/273/1 220/274/1
f 219/255/1 230/254/1 220/274/1
f 183/252/1 190/251/1 189/266/1
f 189/266/1 184/265/1 183/252/1
f 231/253/1 218/256/1 232/275/1
f 218/256/1 217/276/1 232/275/1
f 233/240/1 232/275/1 217/276/1
f 216/241/1 233/240/1 217/276/1
f 180/239/1 193/238/1 192/258/1
f 192/258/1 181/257/1 180/239/1
f 157/277/1 241/278/1 240/279/1
f 158/280/1 157/277/1 240/279/1
f 240/279/1 239/281/1 158/280/1
f 239/281/1 238/282/1 158/280/1
f 159/283/1 158/280/1 238/282/1
f 160/284/1 159/283/1 238/282/1
f 238/282/1 237/230/1 160/284/1
f 161/200/1 160/284/1 237/230/1
f 237/230/1 212/231/1 161/200/1
f 286/201/1 161/200/1 212/231/1
f 211/207/1 286/201/1 212/231/1
f 174/285/1 199/227/1 198/232/1
f 198/232/1 175/234/1 174/285/1
f 153/197/1 247/196/1 246/286/1
f 246/286/1 245/287/1 153/197/1
f 154/288/1 153/197/1 245/287/1
f 245/287/1 244/289/1 154/288/1
f 155/290/1 154/288/1 244/289/1
f 244/289/1 243/291/1 155/290/1
f 156/292/1 155/290/1 243/291/1
f 243/291/1 242/293/1 156/292/1
f 242/293/1 241/278/1 156/292/1
f 241/278/1 157/277/1 156/292/1
f 162/202/1 286/201/1 163/294/1
f 286/201/1 285/295/1 163/294/1
f 164/198/1 163/294/1 285/295/1
f 284/199/1 164/198/1 285/295/1
f 298/203/1 199/227/1 299/296/1
f 300/297/1 299/296/1 199/227/1
f 301/298/1 300/297/1 199/227/1
f 199/227/1 174/285/1 301/298/1
f 302/299/1 301/298/1 174/285/1
f 303/300/1 302/299/1 174/285/1
f 304/301/1 303/300/1 174/285/1
f 305/302/1 304/301/1 174/285/1
f 306/303/1 305/302/1 174/285/1
f 174/285/1 335/120/1 306/303/1
f 307/304/1 306/303/1 335/120/1
f 308/305/1 307/304/1 335/120/1
f 309/306/1 308/305/1 335/120/1
f 310/307/1 309/306/1 335/120/1
f 311/308/1 310/307/1 335/120/1
f 335/120/1 334/309/1 311/308/1
f 334/309/1 333/310/1 311/308/1
f 312/311/1 311/308/1 333/310/1
f 333/310/1 332/312/1 312/311/1
f 313/313/1 312/311/1 332/312/1
f 332/312/1 331/314/1 313/313/1
f 314/315/1 313/313/1 331/314/1
f 331/314/1 330/316/1 314/315/1
f 315/317/1 314/315/1 330/316/1
f 330/316/1 329/318/1 315/317/1
f 316/319/1 315/317/1 329/318/1
f 329/318/1 328/320/1 316/319/1
f 317/321/1 316/319/1 328/320/1
f 328/320/1 327/322/1 317/321/1
f 318/323/1 317/321/1 327/322/1
f 327/322/1 326/324/1 318/323/1
f 319/325/1 318/323/1 326/324/1
f 326/324/1 325/326/1 319/325/1
f 320/327/1 319/325/1 325/326/1
f 325/326/1 324/328/1 320/327/1
f 321/329/1 320/327/1 324/328/1
f 324/328/1 323/330/1 321/329/1
f 322/331/1 321/329/1 323/330/1
f 336/65/1 433/120/1 408/332/1
f 409/333/1 408/332/1 433/120/1
f 433/120/1 432/334/1 409/333/1
f 393/335/1 350/336/1 394/337/1
f 350/336/1 349/338/1 394/337/1
f 395/339/1 394/337/1 349/338/1
f 349/338/1 348/340/1 395/339/1
f 396/341/1 395/339/1 348/340/1
f 348/340/1 347/342/1 396/341/1
f 397/343/1 396/341/1 347/342/1
f 347/342/1 346/344/1 397/343/1
f 398/345/1 397/343/1 346/344/1
f 346/344/1 345/346/1 398/345/1
f 399/347/1 398/345/1 345/346/1
f 345/346/1 344/348/1 399/347/1
f 400/349/1 399/347/1 344/348/1
f 344/348/1 343/350/1 400/349/1
f 401/351/1 400/349/1 343/350/1
f 343/350/1 342/352/1 401/351/1
f 402/353/1 401/351/1 342/352/1
f 342/352/1 341/354/1 402/353/1
f 403/355/1 402/353/1 341/354/1
f 341/354/1 340/356/1 403/355/1
f 404/357/1 403/355/1 340/356/1
f 340/356/1 339/358/1 404/357/1
f 405/359/1 404/357/1 339/358/1
f 339/358/1 338/360/1 405/359/1
f 406/361/1 405/359/1 338/360/1
f 338/360/1 337/362/1 406/361/1
f 407/363/1 406/361/1 337/362/1
f 337/362/1 336/65/1 407/363/1
f 336/65/1 408/332/1 407/363/1
f 387/364/1 355/365/1 388/366/1
f 355/365/1 354/367/1 388/366/1
f 356/368/1 386/369/1 357/370/1
f 358/371/1 385/372/1 384/373/1
f 357/370/1 386/369/1 385/372/1
f 385/372/1 358/371/1 357/370/1
f 386/369/1 356/368/1 387/364/1
f 355/365/1 387/364/1 356/368/1
f 360/374/1 359/375/1 383/376/1
f 360/374/1 383/376/1 382/377/1
f 382/377/1 361/378/1 360/374/1
f 363/379/1 380/380/1 379/381/1
f 379/381/1 364/382/1 363/379/1
f 361/378/1 382/377/1 381/383/1
f 362/384/1 361/378/1 381/383/1
f 381/383/1 380/380/1 362/384/1
f 380/380/1 363/379/1 362/384/1
f 373/385/1 372/386/1 370/387/1
f 372/386/1 371/388/1 370/387/1
f 366/389/1 377/390/1 376/391/1
f 367/392/1 366/389/1 376/391/1
f 376/391/1 375/393/1 367/392/1
f 368/394/1 367/392/1 375/393/1
f 375/393/1 374/395/1 368/394/1
f 369/396/1 368/394/1 374/395/1
f 374/395/1 373/385/1 369/396/1
f 373/385/1 370/387/1 369/396/1
f 364/382/1 379/381/1 378/397/1
f 365/398/1 364/382/1 378/397/1
f 378/397/1 377/390/1 365/398/1
f 377/390/1 366/389/1 365/398/1
f 383/376/1 359/375/1 384/373/1
f 358/371/1 384/373/1 359/375/1
f 388/366/1 354/367/1 389/399/1
f 354/367/1 353/400/1 389/399/1
f 390/401/1 389/399/1 353/400/1
f 353/400/1 352/402/1 390/401/1
f 391/403/1 390/401/1 352/402/1
f 392/404/1 391/403/1 352/402/1
f 352/402/1 351/405/1 392/404/1
f 393/335/1 392/404/1 351/405/1
f 350/336/1 393/335/1 351/405/1
f 409/333/1 432/334/1 431/406/1
f 410/407/1 409/333/1 431/406/1
f 431/406/1 430/408/1 410/407/1
f 411/409/1 410/407/1 430/408/1
f 430/408/1 429/410/1 411/409/1
f 412/411/1 411/409/1 429/410/1
f 429/410/1 428/412/1 412/411/1
f 413/413/1 412/411/1 428/412/1
f 428/412/1 427/414/1 413/413/1
f 414/415/1 413/413/1 427/414/1
f 427/414/1 426/416/1 414/415/1
f 415/417/1 414/415/1 426/416/1
f 426/416/1 425/418/1 415/417/1
f 416/419/1 415/417/1 425/418/1
f 425/418/1 424/420/1 416/419/1
f 417/421/1 416/419/1 424/420/1
f 424/420/1 423/422/1 417/421/1
f 418/423/1 417/421/1 423/422/1
f 423/422/1 422/424/1 418/423/1
f 419/425/1 418/423/1 422/424/1
f 422/424/1 421/426/1 419/425/1
f 420/427/1 419/425/1 421/426/1
f 619/428/1 618/138/1 617/429/1
f 632/430/1 615/431/1 614/133/1
f 632/430/1 614/133/1 613/432/1
f 702/324/1 701/433/1 599/434/1
f 600/435/1 599/434/1 701/433/1
f 701/433/1 710/312/1 600/435/1
f 710/312/1 709/436/1 600/435/1
f 631/437/1 616/438/1 615/431/1
f 615/431/1 632/430/1 631/437/1
f 592/439/1 591/440/1 590/293/1
f 590/293/1 589/441/1 592/439/1
f 589/441/1 588/442/1 592/439/1
f 587/443/1 593/444/1 588/442/1
f 602/163/1 605/445/1 603/446/1
f 619/428/1 617/429/1 620/447/1
f 621/448/1 620/447/1 617/429/1
f 622/143/1 621/448/1 617/429/1
f 617/429/1 616/438/1 622/143/1
f 623/449/1 622/143/1 616/438/1
f 616/438/1 631/437/1 623/449/1
f 624/450/1 623/449/1 631/437/1
f 625/451/1 624/450/1 631/437/1
f 626/148/1 625/451/1 631/437/1
f 627/452/1 626/148/1 631/437/1
f 628/453/1 627/452/1 631/437/1
f 629/454/1 628/453/1 631/437/1
f 630/158/1 629/454/1 631/437/1
f 633/455/1 612/456/1 611/457/1
f 634/178/1 610/125/1 609/458/1
f 633/455/1 611/457/1 610/125/1
f 610/125/1 634/178/1 633/455/1
f 608/459/1 607/460/1 635/461/1
f 585/462/1 593/444/1 586/281/1
f 587/443/1 586/281/1 593/444/1
f 634/178/1 609/458/1 608/459/1
f 608/459/1 635/461/1 634/178/1
f 583/463/1 668/464/1 584/465/1
f 706/318/1 705/466/1 700/467/1
f 707/468/1 700/467/1 705/466/1
f 705/466/1 714/120/1 707/468/1
f 708/469/1 707/468/1 714/120/1
f 593/444/1 585/462/1 584/465/1
f 584/465/1 668/464/1 593/444/1
f 594/287/1 593/444/1 668/464/1
f 668/464/1 667/470/1 594/287/1
f 597/471/1 594/287/1 667/470/1
f 667/470/1 664/472/1 597/471/1
f 598/191/1 597/471/1 664/472/1
f 664/472/1 663/473/1 598/191/1
f 699/474/1 598/191/1 663/473/1
f 663/473/1 706/318/1 699/474/1
f 706/318/1 700/467/1 699/474/1
f 635/461/1 607/460/1 606/159/1
f 606/159/1 636/475/1 635/461/1
f 596/476/1 595/477/1 594/287/1
f 594/287/1 597/471/1 596/476/1
f 702/324/1 599/434/1 598/191/1
f 598/191/1 699/474/1 702/324/1
f 710/312/1 701/433/1 700/467/1
f 700/467/1 707/468/1 710/312/1
f 708/469/1 601/478/1 709/436/1
f 600/435/1 709/436/1 601/478/1
f 612/456/1 633/455/1 613/432/1
f 632/430/1 613/432/1 633/455/1
f 649/479/1 640/480/1 650/206/1
f 639/481/1 652/482/1 651/483/1
f 651/483/1 650/206/1 639/481/1
f 650/206/1 640/480/1 639/481/1
f 638/179/1 654/213/1 653/484/1
f 653/484/1 652/482/1 638/179/1
f 652/482/1 639/481/1 638/179/1
f 568/485/1 566/260/1 569/486/1
f 570/263/1 565/487/1 564/488/1
f 564/488/1 571/489/1 570/263/1
f 569/486/1 566/260/1 565/487/1
f 565/487/1 570/263/1 569/486/1
f 562/272/1 573/490/1 563/491/1
f 572/492/1 563/491/1 573/490/1
f 573/490/1 562/272/1 574/254/1
f 563/491/1 572/492/1 564/488/1
f 571/489/1 564/488/1 572/492/1
f 566/260/1 568/485/1 567/493/1
f 660/494/1 713/495/1 712/496/1
f 660/494/1 712/496/1 661/497/1
f 640/480/1 649/479/1 648/498/1
f 561/499/1 576/500/1 575/501/1
f 576/500/1 561/499/1 560/502/1
f 560/502/1 577/503/1 576/500/1
f 645/504/1 642/188/1 646/199/1
f 641/505/1 647/506/1 646/199/1
f 646/199/1 642/188/1 641/505/1
f 684/507/1 683/508/1 682/308/1
f 656/509/1 659/510/1 657/511/1
f 553/512/1 552/513/1 670/299/1
f 552/513/1 671/514/1 670/299/1
f 556/515/1 555/516/1 554/243/1
f 557/517/1 556/515/1 554/243/1
f 558/256/1 557/517/1 554/243/1
f 559/518/1 558/256/1 554/243/1
f 560/502/1 559/518/1 554/243/1
f 577/503/1 560/502/1 554/243/1
f 578/240/1 577/503/1 554/243/1
f 579/519/1 578/240/1 554/243/1
f 554/243/1 553/512/1 579/519/1
f 553/512/1 670/299/1 579/519/1
f 670/299/1 669/520/1 579/519/1
f 642/188/1 645/504/1 644/521/1
f 644/521/1 643/522/1 642/188/1
f 561/499/1 575/501/1 562/272/1
f 574/254/1 562/272/1 575/501/1
f 579/519/1 669/520/1 580/523/1
f 662/225/1 703/524/1 663/473/1
f 712/496/1 711/525/1 661/497/1
f 647/506/1 641/505/1 648/498/1
f 640/480/1 648/498/1 641/505/1
f 668/464/1 583/463/1 582/228/1
f 582/228/1 581/526/1 668/464/1
f 581/526/1 580/523/1 668/464/1
f 580/523/1 669/520/1 668/464/1
f 664/472/1 667/470/1 666/296/1
f 666/296/1 665/527/1 664/472/1
f 706/318/1 663/473/1 703/524/1
f 714/120/1 705/466/1 704/528/1
f 704/528/1 711/525/1 714/120/1
f 708/469/1 714/120/1 713/495/1
f 601/478/1 708/469/1 713/495/1
f 713/495/1 660/494/1 601/478/1
f 602/163/1 601/478/1 660/494/1
f 660/494/1 659/510/1 602/163/1
f 605/445/1 602/163/1 659/510/1
f 659/510/1 656/509/1 605/445/1
f 606/159/1 605/445/1 656/509/1
f 656/509/1 655/529/1 606/159/1
f 636/475/1 606/159/1 655/529/1
f 637/530/1 636/475/1 655/529/1
f 655/529/1 654/213/1 637/530/1
f 654/213/1 638/179/1 637/530/1
f 504/531/1 503/532/1 507/533/1
f 505/534/1 504/531/1 507/533/1
f 505/534/1 507/533/1 506/236/1
f 675/535/1 674/302/1 549/536/1
f 549/536/1 548/537/1 675/535/1
f 676/538/1 675/535/1 548/537/1
f 494/175/1 493/539/1 495/540/1
f 496/541/1 495/540/1 493/539/1
f 497/542/1 496/541/1 493/539/1
f 497/542/1 493/539/1 492/543/1
f 498/167/1 497/542/1 492/543/1
f 513/544/1 489/545/1 514/268/1
f 489/545/1 513/544/1 490/194/1
f 512/546/1 490/194/1 513/544/1
f 490/194/1 512/546/1 491/547/1
f 511/548/1 491/547/1 512/546/1
f 491/547/1 511/548/1 492/543/1
f 498/167/1 492/543/1 511/548/1
f 510/249/1 498/167/1 511/548/1
f 498/167/1 510/249/1 499/549/1
f 500/550/1 499/549/1 510/249/1
f 510/249/1 509/551/1 500/550/1
f 501/552/1 500/550/1 509/551/1
f 502/235/1 501/552/1 509/551/1
f 509/551/1 508/553/1 502/235/1
f 503/532/1 502/235/1 508/553/1
f 507/533/1 503/532/1 508/553/1
f 676/538/1 548/537/1 547/554/1
f 677/555/1 676/538/1 547/554/1
f 547/554/1 546/210/1 677/555/1
f 678/305/1 677/555/1 546/210/1
f 679/556/1 678/305/1 546/210/1
f 546/210/1 545/557/1 679/556/1
f 680/558/1 679/556/1 545/557/1
f 545/557/1 544/559/1 680/558/1
f 681/560/1 680/558/1 544/559/1
f 544/559/1 543/561/1 681/560/1
f 682/308/1 681/560/1 543/561/1
f 685/562/1 682/308/1 543/561/1
f 543/561/1 445/563/1 685/562/1
f 686/315/1 685/562/1 445/563/1
f 445/563/1 444/564/1 686/315/1
f 687/565/1 686/315/1 444/564/1
f 444/564/1 443/566/1 687/565/1
f 688/567/1 687/565/1 443/566/1
f 443/566/1 442/147/1 688/567/1
f 689/568/1 688/567/1 442/147/1
f 442/147/1 441/569/1 689/568/1
f 690/321/1 689/568/1 441/569/1
f 441/569/1 440/570/1 690/321/1
f 691/571/1 690/321/1 440/570/1
f 440/570/1 439/572/1 691/571/1
f 692/573/1 691/571/1 439/572/1
f 439/572/1 438/155/1 692/573/1
f 693/574/1 692/573/1 438/155/1
f 438/155/1 437/575/1 693/574/1
f 694/327/1 693/574/1 437/575/1
f 437/575/1 436/576/1 694/327/1
f 695/577/1 694/327/1 436/576/1
f 436/576/1 435/578/1 695/577/1
f 696/579/1 695/577/1 435/578/1
f 435/578/1 434/65/1 696/579/1
f 697/580/1 696/579/1 434/65/1
f 434/65/1 698/330/1 697/580/1
f 515/581/1 488/582/1 487/583/1
f 487/583/1 516/584/1 515/581/1
f 517/585/1 486/198/1 518/267/1
f 486/198/1 517/585/1 487/583/1
f 516/584/1 487/583/1 517/585/1
f 520/586/1 485/587/1 484/588/1
f 521/589/1 520/586/1 484/588/1
f 484/588/1 483/590/1 521/589/1
f 522/250/1 521/589/1 483/590/1
f 483/590/1 523/591/1 522/250/1
f 518/267/1 486/198/1 485/587/1
f 519/592/1 518/267/1 485/587/1
f 485/587/1 520/586/1 519/592/1
f 479/593/1 478/280/1 526/237/1
f 478/280/1 477/594/1 526/237/1
f 527/595/1 526/237/1 477/594/1
f 523/591/1 483/590/1 482/200/1
f 524/596/1 523/591/1 482/200/1
f 482/200/1 481/597/1 524/596/1
f 525/598/1 524/596/1 481/597/1
f 481/597/1 480/599/1 525/598/1
f 480/599/1 479/593/1 525/598/1
f 479/593/1 526/237/1 525/598/1
f 462/161/1 461/600/1 538/222/1
f 539/601/1 538/222/1 461/600/1
f 540/602/1 539/601/1 461/600/1
f 461/600/1 460/603/1 540/602/1
f 541/604/1 540/602/1 460/603/1
f 460/603/1 459/605/1 541/604/1
f 542/216/1 541/604/1 459/605/1
f 459/605/1 458/160/1 542/216/1
f 458/160/1 457/606/1 542/216/1
f 457/606/1 456/607/1 542/216/1
f 456/607/1 455/608/1 542/216/1
f 455/608/1 454/128/1 542/216/1
f 454/128/1 453/609/1 542/216/1
f 453/609/1 452/610/1 542/216/1
f 452/610/1 451/611/1 542/216/1
f 451/611/1 450/135/1 542/216/1
f 450/135/1 449/612/1 542/216/1
f 449/612/1 448/613/1 542/216/1
f 448/613/1 447/614/1 542/216/1
f 447/614/1 446/141/1 542/216/1
f 527/595/1 477/594/1 476/615/1
f 476/615/1 475/616/1 527/595/1
f 475/616/1 474/290/1 527/595/1
f 528/617/1 527/595/1 474/290/1
f 474/290/1 473/618/1 528/617/1
f 473/618/1 472/619/1 528/617/1
f 529/620/1 528/617/1 472/619/1
f 472/619/1 471/621/1 529/620/1
f 471/621/1 470/193/1 529/620/1
f 530/233/1 529/620/1 470/193/1
f 470/193/1 469/622/1 530/233/1
f 531/623/1 530/233/1 469/622/1
f 469/622/1 468/624/1 531/623/1
f 532/625/1 531/623/1 468/624/1
f 468/624/1 467/626/1 532/625/1
f 533/627/1 532/625/1 467/626/1
f 467/626/1 466/170/1 533/627/1
f 534/205/1 533/627/1 466/170/1
f 466/170/1 465/628/1 534/205/1
f 535/629/1 534/205/1 465/628/1
f 465/628/1 464/630/1 535/629/1
f 536/631/1 535/629/1 464/630/1
f 464/630/1 463/632/1 536/631/1
f 537/633/1 536/631/1 463/632/1
f 463/632/1 462/161/1 537/633/1
f 462/161/1 538/222/1 537/633/1
f 514/268/1 489/545/1 488/582/1
f 488/582/1 515/581/1 514/268/1
f 445/563/1 543/561/1 542/216/1
f 542/216/1 446/141/1 445/563/1
f 671/514/1 552/513/1 551/634/1
f 672/635/1 671/514/1 551/634/1
f 551/634/1 550/231/1 672/635/1
f 673/636/1 672/635/1 550/231/1
f 550/231/1 549/536/1 673/636/1
f 549/536/1 674/302/1 673/636/1
f 592/439/1 588/442/1 593/444/1
f 604/637/1 603/446/1 605/445/1
f 658/219/1 657/511/1 659/510/1
f 704/528/1 703/524/1 662/225/1
f 662/225/1 661/497/1 704/528/1
f 711/525/1 704/528/1 661/497/1
f 682/308/1 685/562/1 684/507/1
f 780/638/1 779/639/1 784/640/1
f 781/641/1 780/638/1 784/640/1
f 782/642/1 781/641/1 784/640/1
f 783/643/1 782/642/1 784/640/1
f 812/644/1 811/645/1 810/646/1
f 813/647/1 812/644/1 810/646/1
f 813/647/1 810/646/1 814/648/1
f 807/649/1 806/650/1 825/651/1
f 807/649/1 825/651/1 808/652/1
f 814/648/1 810/646/1 809/653/1
f 815/654/1 814/648/1 809/653/1
f 816/655/1 815/654/1 809/653/1
f 809/653/1 808/652/1 816/655/1
f 808/652/1 825/651/1 816/655/1
f 824/656/1 816/655/1 825/651/1
f 771/657/1 770/658/1 772/659/1
f 773/660/1 772/659/1 770/658/1
f 774/661/1 773/660/1 770/658/1
f 775/662/1 774/661/1 770/658/1
f 770/658/1 769/663/1 775/662/1
f 776/664/1 775/662/1 769/663/1
f 777/665/1 776/664/1 769/663/1
f 778/666/1 777/665/1 769/663/1
f 769/663/1 768/667/1 778/666/1
f 779/639/1 778/666/1 768/667/1
f 784/640/1 779/639/1 768/667/1
f 768/667/1 767/668/1 784/640/1
f 785/669/1 784/640/1 767/668/1
f 767/668/1 766/670/1 785/669/1
f 766/670/1 786/671/1 785/669/1
f 816/655/1 824/656/1 817/672/1
f 818/673/1 817/672/1 824/656/1
f 819/674/1 818/673/1 824/656/1
f 820/675/1 819/674/1 824/656/1
f 821/676/1 820/675/1 824/656/1
f 822/677/1 821/676/1 824/656/1
f 823/678/1 822/677/1 824/656/1
f 826/679/1 805/680/1 804/681/1
f 804/681/1 803/682/1 826/679/1
f 803/682/1 827/683/1 826/679/1
f 762/684/1 761/685/1 790/686/1
f 761/685/1 760/687/1 790/686/1
f 791/688/1 790/686/1 760/687/1
f 760/687/1 759/689/1 791/688/1
f 792/690/1 791/688/1 759/689/1
f 759/689/1 793/691/1 792/690/1
f 827/683/1 803/682/1 802/692/1
f 802/692/1 801/693/1 827/683/1
f 801/693/1 800/694/1 827/683/1
f 800/694/1 828/695/1 827/683/1
f 731/696/1 756/697/1 732/698/1
f 730/699/1 727/700/1 798/701/1
f 799/702/1 798/701/1 727/700/1
f 727/700/1 726/703/1 799/702/1
f 829/704/1 799/702/1 726/703/1
f 830/705/1 829/704/1 726/703/1
f 831/706/1 830/705/1 726/703/1
f 832/707/1 724/708/1 723/709/1
f 734/710/1 733/711/1 756/697/1
f 732/698/1 756/697/1 733/711/1
f 831/706/1 726/703/1 725/712/1
f 725/712/1 724/708/1 831/706/1
f 724/708/1 832/707/1 831/706/1
f 793/691/1 759/689/1 756/697/1
f 756/697/1 731/696/1 793/691/1
f 794/713/1 793/691/1 731/696/1
f 795/714/1 794/713/1 731/696/1
f 731/696/1 730/699/1 795/714/1
f 730/699/1 798/701/1 795/714/1
f 828/695/1 800/694/1 799/702/1
f 799/702/1 829/704/1 828/695/1
f 756/697/1 759/689/1 757/715/1
f 786/671/1 766/670/1 765/716/1
f 787/717/1 786/671/1 765/716/1
f 765/716/1 764/718/1 787/717/1
f 788/719/1 787/717/1 764/718/1
f 764/718/1 763/720/1 788/719/1
f 789/721/1 788/719/1 763/720/1
f 763/720/1 762/684/1 789/721/1
f 762/684/1 790/686/1 789/721/1
f 797/722/1 796/723/1 795/714/1
f 795/714/1 798/701/1 797/722/1
f 825/651/1 806/650/1 805/680/1
f 805/680/1 826/679/1 825/651/1
f 719/724/1 718/725/1 834/726/1
f 718/725/1 717/727/1 834/726/1
f 717/727/1 835/728/1 834/726/1
f 1058/729/1 1057/730/1 1064/731/1
f 1059/732/1 1058/729/1 1064/731/1
f 1060/733/1 1059/732/1 1064/731/1
f 1060/733/1 1064/731/1 1061/734/1
f 1062/735/1 1061/734/1 1064/731/1
f 1063/736/1 1062/735/1 1064/731/1
f 745/737/1 744/738/1 743/739/1
f 746/740/1 745/737/1 743/739/1
f 747/741/1 746/740/1 743/739/1
f 743/739/1 742/742/1 747/741/1
f 748/743/1 747/741/1 742/742/1
f 742/742/1 741/744/1 748/743/1
f 749/745/1 748/743/1 741/744/1
f 741/744/1 740/746/1 749/745/1
f 750/747/1 749/745/1 740/746/1
f 739/748/1 750/747/1 740/746/1
f 835/728/1 717/727/1 716/749/1
f 716/749/1 715/65/1 835/728/1
f 715/65/1 836/750/1 835/728/1
f 932/751/1 938/752/1 933/753/1
f 934/754/1 933/753/1 938/752/1
f 886/755/1 879/756/1 878/757/1
f 879/756/1 886/755/1 880/758/1
f 881/759/1 880/758/1 886/755/1
f 1004/760/1 1012/761/1 1005/762/1
f 1050/763/1 1066/764/1 1065/765/1
f 873/766/1 872/767/1 874/768/1
f 875/769/1 874/768/1 872/767/1
f 876/770/1 875/769/1 872/767/1
f 1052/771/1 1051/772/1 1050/763/1
f 1053/773/1 1052/771/1 1050/763/1
f 1005/762/1 1012/761/1 1006/774/1
f 1007/775/1 1006/774/1 1012/761/1
f 1008/776/1 1007/775/1 1012/761/1
f 1009/777/1 1008/776/1 1012/761/1
f 1010/778/1 1009/777/1 1012/761/1
f 1011/779/1 1010/778/1 1012/761/1
f 940/780/1 939/781/1 929/782/1
f 930/783/1 929/782/1 939/781/1
f 931/784/1 930/783/1 939/781/1
f 932/751/1 931/784/1 939/781/1
f 938/752/1 932/751/1 939/781/1
f 876/770/1 872/767/1 877/785/1
f 872/767/1 871/786/1 877/785/1
f 878/757/1 877/785/1 871/786/1
f 886/755/1 878/757/1 871/786/1
f 871/786/1 887/787/1 886/755/1
f 1053/773/1 1050/763/1 1054/788/1
f 1050/763/1 1065/765/1 1054/788/1
f 1055/789/1 1054/788/1 1065/765/1
f 1056/790/1 1055/789/1 1065/765/1
f 1057/730/1 1056/790/1 1065/765/1
f 1064/731/1 1057/730/1 1065/765/1
f 934/754/1 938/752/1 935/791/1
f 936/792/1 935/791/1 938/752/1
f 937/793/1 936/792/1 938/752/1
f 881/759/1 886/755/1 882/794/1
f 883/795/1 882/794/1 886/755/1
f 884/796/1 883/795/1 886/755/1
f 885/797/1 884/796/1 886/755/1
f 750/747/1 739/748/1 751/798/1
f 739/748/1 738/799/1 751/798/1
f 752/800/1 751/798/1 738/799/1
f 753/801/1 752/800/1 738/799/1
f 738/799/1 737/802/1 753/801/1
f 754/803/1 753/801/1 737/802/1
f 737/802/1 736/804/1 754/803/1
f 755/805/1 754/803/1 736/804/1
f 756/697/1 755/805/1 736/804/1
f 736/804/1 735/806/1 756/697/1
f 734/710/1 756/697/1 735/806/1
f 727/700/1 730/699/1 729/807/1
f 729/807/1 728/808/1 727/700/1
f 832/707/1 723/709/1 722/809/1
f 833/810/1 832/707/1 722/809/1
f 722/809/1 721/811/1 833/810/1
f 721/811/1 720/812/1 833/810/1
f 720/812/1 719/724/1 833/810/1
f 719/724/1 834/726/1 833/810/1
f 1049/813/1 1069/814/1 1068/815/1
f 923/816/1 944/817/1 943/818/1
f 959/819/1 962/820/1 960/821/1
f 1049/813/1 1068/815/1 1067/822/1
f 1013/823/1 997/824/1 996/825/1
f 942/826/1 924/827/1 923/816/1
f 923/816/1 943/818/1 942/826/1
f 888/828/1 869/829/1 868/830/1
f 868/830/1 867/831/1 888/828/1
f 889/832/1 888/828/1 867/831/1
f 1087/833/1 1086/834/1 1088/120/1
f 1015/835/1 994/836/1 993/837/1
f 922/838/1 946/839/1 945/840/1
f 959/819/1 958/841/1 962/820/1
f 1013/823/1 996/825/1 995/842/1
f 1014/843/1 1013/823/1 995/842/1
f 995/842/1 994/836/1 1014/843/1
f 994/836/1 1015/835/1 1014/843/1
f 944/817/1 923/816/1 922/838/1
f 922/838/1 945/840/1 944/817/1
f 889/832/1 867/831/1 866/844/1
f 866/844/1 865/845/1 889/832/1
f 890/846/1 889/832/1 865/845/1
f 865/845/1 864/847/1 890/846/1
f 864/847/1 863/848/1 890/846/1
f 863/848/1 891/849/1 890/846/1
f 1047/850/1 1073/851/1 1072/852/1
f 1071/853/1 1048/854/1 1047/850/1
f 1047/850/1 1072/852/1 1071/853/1
f 1082/855/1 965/856/1 1083/857/1
f 965/856/1 964/858/1 1083/857/1
f 1084/859/1 1083/857/1 964/858/1
f 964/858/1 963/860/1 1084/859/1
f 963/860/1 1088/120/1 1084/859/1
f 1085/861/1 1084/859/1 1088/120/1
f 990/862/1 989/863/1 1017/864/1
f 948/865/1 947/866/1 921/867/1
f 921/867/1 949/868/1 948/865/1
f 951/869/1 950/870/1 844/871/1
f 844/871/1 843/872/1 951/869/1
f 952/873/1 951/869/1 843/872/1
f 843/872/1 842/874/1 952/873/1
f 953/875/1 952/873/1 842/874/1
f 842/874/1 841/876/1 953/875/1
f 954/877/1 953/875/1 841/876/1
f 840/878/1 954/877/1 841/876/1
f 1069/814/1 1049/813/1 1048/854/1
f 1070/879/1 1069/814/1 1048/854/1
f 1048/854/1 1071/853/1 1070/879/1
f 1085/861/1 1088/120/1 1086/834/1
f 1015/835/1 993/837/1 992/880/1
f 1016/881/1 1015/835/1 992/880/1
f 992/880/1 991/882/1 1016/881/1
f 991/882/1 990/862/1 1016/881/1
f 990/862/1 1017/864/1 1016/881/1
f 921/867/1 947/866/1 922/838/1
f 946/839/1 922/838/1 947/866/1
f 954/877/1 840/878/1 955/883/1
f 840/878/1 839/884/1 955/883/1
f 956/885/1 955/883/1 839/884/1
f 839/884/1 838/886/1 956/885/1
f 957/887/1 956/885/1 838/886/1
f 838/886/1 837/888/1 957/887/1
f 958/841/1 957/887/1 837/888/1
f 962/820/1 958/841/1 837/888/1
f 891/849/1 863/848/1 862/889/1
f 862/889/1 861/890/1 891/849/1
f 892/891/1 891/849/1 861/890/1
f 861/890/1 893/892/1 892/891/1
f 1075/893/1 1074/894/1 1046/895/1
f 974/896/1 973/897/1 1075/893/1
f 973/897/1 972/898/1 1075/893/1
f 1076/899/1 1075/893/1 972/898/1
f 972/898/1 971/900/1 1076/899/1
f 1077/901/1 1076/899/1 971/900/1
f 971/900/1 970/902/1 1077/901/1
f 1078/903/1 1077/901/1 970/902/1
f 970/902/1 969/904/1 1078/903/1
f 1020/905/1 987/906/1 1036/907/1
f 1021/908/1 1020/905/1 1036/907/1
f 1036/907/1 1035/909/1 1021/908/1
f 848/910/1 920/911/1 919/912/1
f 919/912/1 849/913/1 848/910/1
f 855/914/1 854/915/1 917/916/1
f 1038/917/1 1040/918/1 1039/919/1
f 1040/918/1 1038/917/1 1037/920/1
f 1041/921/1 1040/918/1 985/922/1
f 986/923/1 985/922/1 1040/918/1
f 1040/918/1 1037/920/1 986/923/1
f 912/924/1 914/925/1 913/926/1
f 979/927/1 1043/928/1 1042/929/1
f 980/930/1 979/927/1 1042/929/1
f 981/931/1 980/930/1 1042/929/1
f 982/932/1 981/931/1 1042/929/1
f 1042/929/1 1041/921/1 982/932/1
f 983/933/1 982/932/1 1041/921/1
f 984/934/1 983/933/1 1041/921/1
f 1041/921/1 985/922/1 984/934/1
f 860/935/1 859/936/1 915/937/1
f 915/937/1 914/925/1 860/935/1
f 911/938/1 860/935/1 914/925/1
f 914/925/1 912/924/1 911/938/1
f 976/939/1 975/940/1 1044/941/1
f 1044/941/1 1043/928/1 976/939/1
f 977/942/1 976/939/1 1043/928/1
f 978/943/1 977/942/1 1043/928/1
f 1043/928/1 979/927/1 978/943/1
f 855/914/1 917/916/1 916/944/1
f 856/945/1 855/914/1 916/944/1
f 857/946/1 856/945/1 916/944/1
f 858/947/1 857/946/1 916/944/1
f 916/944/1 915/937/1 858/947/1
f 915/937/1 859/936/1 858/947/1
f 1075/893/1 1046/895/1 1045/948/1
f 974/896/1 1075/893/1 1045/948/1
f 1045/948/1 1044/941/1 974/896/1
f 1044/941/1 975/940/1 974/896/1
f 986/923/1 1037/920/1 1036/907/1
f 1021/908/1 1035/909/1 1034/949/1
f 1034/949/1 1033/950/1 1021/908/1
f 1022/951/1 1021/908/1 1033/950/1
f 1033/950/1 1032/952/1 1022/951/1
f 1032/952/1 1031/953/1 1022/951/1
f 1031/953/1 1030/954/1 1022/951/1
f 1030/954/1 1029/955/1 1022/951/1
f 1023/956/1 1022/951/1 1029/955/1
f 1029/955/1 1028/957/1 1023/956/1
f 1028/957/1 1027/958/1 1023/956/1
f 1027/958/1 1026/959/1 1023/956/1
f 1026/959/1 1025/960/1 1023/956/1
f 1025/960/1 1024/961/1 1023/956/1
f 849/913/1 919/912/1 918/962/1
f 850/963/1 849/913/1 918/962/1
f 851/964/1 850/963/1 918/962/1
f 852/965/1 851/964/1 918/962/1
f 918/962/1 917/916/1 852/965/1
f 853/966/1 852/965/1 917/916/1
f 917/916/1 854/915/1 853/966/1
f 1073/851/1 1047/850/1 1046/895/1
f 1046/895/1 1074/894/1 1073/851/1
f 1078/903/1 969/904/1 1079/967/1
f 969/904/1 968/968/1 1079/967/1
f 1080/969/1 1079/967/1 968/968/1
f 968/968/1 967/970/1 1080/969/1
f 1081/971/1 1080/969/1 967/970/1
f 967/970/1 966/972/1 1081/971/1
f 1082/855/1 1081/971/1 966/972/1
f 965/856/1 1082/855/1 966/972/1
f 1017/864/1 989/863/1 988/973/1
f 1018/974/1 1017/864/1 988/973/1
f 988/973/1 987/906/1 1018/974/1
f 1019/975/1 1018/974/1 987/906/1
f 987/906/1 1020/905/1 1019/975/1
f 949/868/1 921/867/1 920/911/1
f 920/911/1 848/910/1 949/868/1
f 848/910/1 847/976/1 949/868/1
f 847/976/1 846/977/1 949/868/1
f 846/977/1 845/978/1 949/868/1
f 950/870/1 949/868/1 845/978/1
f 844/871/1 950/870/1 845/978/1
f 893/892/1 861/890/1 910/979/1
f 894/980/1 893/892/1 910/979/1
f 910/979/1 909/981/1 894/980/1
f 895/982/1 894/980/1 909/981/1
f 909/981/1 908/983/1 895/982/1
f 908/983/1 907/984/1 895/982/1
f 907/984/1 906/985/1 895/982/1
f 896/986/1 895/982/1 906/985/1
f 906/985/1 905/987/1 896/986/1
f 905/987/1 904/988/1 896/986/1
f 904/988/1 903/989/1 896/986/1
f 897/990/1 896/986/1 903/989/1
f 903/989/1 902/991/1 897/990/1
f 902/991/1 901/992/1 897/990/1
f 901/992/1 900/993/1 897/990/1
f 900/993/1 899/994/1 897/990/1
f 899/994/1 898/995/1 897/990/1
f 1049/813/1 1067/822/1 1050/763/1
f 1066/764/1 1050/763/1 1067/822/1
f 1000/996/1 999/997/1 998/998/1
f 1001/999/1 1000/996/1 998/998/1
f 1002/1000/1 1001/999/1 998/998/1
f 1003/1001/1 1002/1000/1 998/998/1
f 1004/760/1 1003/1001/1 998/998/1
f 1012/761/1 1004/760/1 998/998/1
f 998/998/1 997/824/1 1012/761/1
f 997/824/1 1013/823/1 1012/761/1
f 926/1002/1 925/1003/1 924/827/1
f 927/1004/1 926/1002/1 924/827/1
f 928/1005/1 927/1004/1 924/827/1
f 929/782/1 928/1005/1 924/827/1
f 940/780/1 929/782/1 924/827/1
f 941/1006/1 940/780/1 924/827/1
f 924/827/1 942/826/1 941/1006/1
f 887/787/1 871/786/1 870/1007/1
f 870/1007/1 869/829/1 887/787/1
f 869/829/1 888/828/1 887/787/1
f 758/1008/1 757/715/1 759/689/1
f 910/979/1 861/890/1 860/935/1
f 860/935/1 911/938/1 910/979/1
f 961/1009/1 960/821/1 962/820/1
f 1036/907/1 987/906/1 986/923/1
f 1189/1010/1 1188/1011/1 1186/1012/1
f 1187/1013/1 1186/1012/1 1188/1011/1
f 1193/1014/1 1192/1015/1 1185/1016/1
f 1191/1017/1 1185/1016/1 1192/1015/1
f 1189/1010/1 1186/1012/1 1185/1016/1
f 1190/1018/1 1189/1010/1 1185/1016/1
f 1185/1016/1 1191/1017/1 1190/1018/1
f 1197/109/1 1184/1019/1 1198/1020/1
f 1196/1021/1 1195/1022/1 1184/1019/1
f 1184/1019/1 1197/109/1 1196/1021/1
f 1090/1023/1 1183/1024/1 1182/1025/1
f 1089/65/1 1199/1026/1 1183/1024/1
f 1183/1024/1 1090/1023/1 1089/65/1
f 1198/1020/1 1184/1019/1 1183/1024/1
f 1183/1024/1 1199/1026/1 1198/1020/1
f 1193/1014/1 1185/1016/1 1184/1019/1
f 1194/1027/1 1193/1014/1 1184/1019/1
f 1184/1019/1 1195/1022/1 1194/1027/1
f 1093/1028/1 1181/1029/1 1180/1030/1
f 1092/1031/1 1091/1032/1 1181/1029/1
f 1181/1029/1 1093/1028/1 1092/1031/1
f 1179/1033/1 1094/1034/1 1180/1030/1
f 1093/1028/1 1180/1030/1 1094/1034/1
f 1178/1035/1 1096/1036/1 1095/1037/1
f 1178/1035/1 1095/1037/1 1179/1033/1
f 1094/1034/1 1179/1033/1 1095/1037/1
f 1181/1029/1 1091/1032/1 1182/1025/1
f 1090/1023/1 1182/1025/1 1091/1032/1
f 1158/1038/1 1157/1039/1 1141/1040/1
f 1141/1040/1 1140/1041/1 1158/1038/1
f 1176/1042/1 1097/1043/1 1177/1044/1
f 1098/1045/1 1175/1046/1 1174/1047/1
f 1174/1047/1 1099/1048/1 1098/1045/1
f 1153/1049/1 1145/1050/1 1154/1051/1
f 1144/1052/1 1154/1051/1 1145/1050/1
f 1126/1053/1 1101/1054/1 1100/1055/1
f 1154/1051/1 1144/1052/1 1155/1056/1
f 1144/1052/1 1143/40/1 1155/1056/1
f 1173/1057/1 1129/1058/1 1128/1059/1
f 1174/1047/1 1173/1057/1 1128/1059/1
f 1128/1059/1 1127/1060/1 1174/1047/1
f 1127/1060/1 1126/1053/1 1174/1047/1
f 1126/1053/1 1100/1055/1 1174/1047/1
f 1099/1048/1 1174/1047/1 1100/1055/1
f 1155/1056/1 1143/40/1 1156/1061/1
f 1143/40/1 1142/1062/1 1156/1061/1
f 1157/1039/1 1156/1061/1 1142/1062/1
f 1141/1040/1 1157/1039/1 1142/1062/1
f 1169/1063/1 1132/1064/1 1131/1065/1
f 1170/254/1 1169/1063/1 1131/1065/1
f 1131/1065/1 1130/1066/1 1170/254/1
f 1171/1067/1 1170/254/1 1130/1066/1
f 1130/1066/1 1129/1058/1 1171/1067/1
f 1172/1068/1 1171/1067/1 1129/1058/1
f 1129/1058/1 1173/1057/1 1172/1068/1
f 1175/1046/1 1098/1045/1 1176/1042/1
f 1097/1043/1 1176/1042/1 1098/1045/1
f 1158/1038/1 1140/1041/1 1159/1069/1
f 1160/1070/1 1159/1069/1 1140/1041/1
f 1140/1041/1 1139/1071/1 1160/1070/1
f 1161/1072/1 1160/1070/1 1139/1071/1
f 1139/1071/1 1138/1073/1 1161/1072/1
f 1162/1074/1 1161/1072/1 1138/1073/1
f 1138/1073/1 1137/1075/1 1162/1074/1
f 1163/1076/1 1162/1074/1 1137/1075/1
f 1137/1075/1 1136/1077/1 1163/1076/1
f 1164/1078/1 1163/1076/1 1136/1077/1
f 1136/1077/1 1135/1079/1 1164/1078/1
f 1165/1080/1 1164/1078/1 1135/1079/1
f 1135/1079/1 1134/1081/1 1165/1080/1
f 1166/1082/1 1165/1080/1 1134/1081/1
f 1134/1081/1 1133/1083/1 1166/1082/1
f 1167/1084/1 1166/1082/1 1133/1083/1
f 1133/1083/1 1132/1064/1 1167/1084/1
f 1168/1085/1 1167/1084/1 1132/1064/1
f 1132/1064/1 1169/1063/1 1168/1085/1
f 1096/1036/1 1178/1035/1 1177/1044/1
f 1177/1044/1 1097/1043/1 1096/1036/1
f 1103/1086/1 1125/1087/1 1124/1088/1
f 1124/1088/1 1123/1089/1 1103/1086/1
f 1122/1090/1 1105/1091/1 1104/1092/1
f 1151/1093/1 1147/1094/1 1152/1095/1
f 1146/1096/1 1152/1095/1 1147/1094/1
f 1212/1097/1 1211/1098/1 1213/1099/1
f 1122/1090/1 1104/1092/1 1123/1089/1
f 1103/1086/1 1123/1089/1 1104/1092/1
f 1204/1100/1 1203/1101/1 1221/1102/1
f 1221/1102/1 1220/1103/1 1204/1100/1
f 1120/1104/1 1119/1105/1 1106/1106/1
f 1119/1105/1 1107/1107/1 1106/1106/1
f 1150/1108/1 1148/1109/1 1151/1093/1
f 1147/1094/1 1151/1093/1 1148/1109/1
f 1204/1100/1 1220/1103/1 1205/1110/1
f 1220/1103/1 1219/1111/1 1205/1110/1
f 1206/1112/1 1205/1110/1 1219/1111/1
f 1219/1111/1 1218/1113/1 1206/1112/1
f 1207/1114/1 1206/1112/1 1218/1113/1
f 1218/1113/1 1217/1115/1 1207/1114/1
f 1208/1116/1 1207/1114/1 1217/1115/1
f 1217/1115/1 1216/1117/1 1208/1116/1
f 1209/1118/1 1208/1116/1 1216/1117/1
f 1216/1117/1 1215/1119/1 1209/1118/1
f 1210/1120/1 1209/1118/1 1215/1119/1
f 1215/1119/1 1214/1121/1 1210/1120/1
f 1211/1098/1 1210/1120/1 1214/1121/1
f 1213/1099/1 1211/1098/1 1214/1121/1
f 1105/1091/1 1122/1090/1 1121/1122/1
f 1121/1122/1 1120/1104/1 1105/1091/1
f 1120/1104/1 1106/1106/1 1105/1091/1
f 1108/1123/1 1118/1124/1 1117/1125/1
f 1115/1126/1 1110/1127/1 1116/284/1
f 1109/1128/1 1116/284/1 1110/1127/1
f 1116/284/1 1109/1128/1 1117/1125/1
f 1108/1123/1 1117/1125/1 1109/1128/1
f 1251/120/1 1250/1129/1 1226/1130/1
f 1226/1130/1 1250/1129/1 1227/1131/1
f 1250/1129/1 1249/1132/1 1227/1131/1
f 1228/1133/1 1227/1131/1 1249/1132/1
f 1249/1132/1 1248/1134/1 1228/1133/1
f 1229/1135/1 1228/1133/1 1248/1134/1
f 1248/1134/1 1247/1136/1 1229/1135/1
f 1230/1137/1 1229/1135/1 1247/1136/1
f 1247/1136/1 1246/1138/1 1230/1137/1
f 1111/1139/1 1114/1140/1 1113/1141/1
f 1113/1141/1 1112/1142/1 1111/1139/1
f 1230/1137/1 1246/1138/1 1231/1143/1
f 1246/1138/1 1245/1144/1 1231/1143/1
f 1232/1145/1 1231/1143/1 1245/1144/1
f 1245/1144/1 1244/1146/1 1232/1145/1
f 1233/1147/1 1232/1145/1 1244/1146/1
f 1244/1146/1 1243/1148/1 1233/1147/1
f 1234/1149/1 1233/1147/1 1243/1148/1
f 1243/1148/1 1242/1150/1 1234/1149/1
f 1235/1151/1 1234/1149/1 1242/1150/1
f 1242/1150/1 1241/1152/1 1235/1151/1
f 1236/1153/1 1235/1151/1 1241/1152/1
f 1241/1152/1 1240/1154/1 1236/1153/1
f 1237/1155/1 1236/1153/1 1240/1154/1
f 1239/1156/1 1237/1155/1 1240/1154/1
f 1114/1140/1 1111/1139/1 1115/1126/1
f 1110/1127/1 1115/1126/1 1111/1139/1
f 1148/1109/1 1150/1108/1 1149/1157/1
f 1225/1158/1 1224/297/1 1200/1159/1
f 1201/1160/1 1200/1159/1 1224/297/1
f 1224/297/1 1223/1161/1 1201/1160/1
f 1202/1162/1 1201/1160/1 1223/1161/1
f 1223/1161/1 1222/1163/1 1202/1162/1
f 1203/1101/1 1202/1162/1 1222/1163/1
f 1221/1102/1 1203/1101/1 1222/1163/1
f 1237/1155/1 1239/1156/1 1238/1164/1
f 1107/1107/1 1119/1105/1 1118/1124/1
f 1118/1124/1 1108/1123/1 1107/1107/1
f 1152/1095/1 1146/1096/1 1153/1049/1
f 1145/1050/1 1153/1049/1 1146/1096/1
f 1101/1054/1 1126/1053/1 1125/1087/1
f 1102/1165/1 1101/1054/1 1125/1087/1
f 1125/1087/1 1103/1086/1 1102/1165/1
f 1342/178/1 1341/1166/1 1340/1167/1
f 1342/178/1 1340/1167/1 1339/151/1
f 1339/151/1 1343/1112/1 1342/178/1
f 1302/1168/1 1304/1169/1 1303/208/1
f 1343/1112/1 1339/151/1 1338/1170/1
f 1338/1170/1 1337/1171/1 1343/1112/1
f 1344/1172/1 1343/1112/1 1337/1171/1
f 1337/1171/1 1336/109/1 1344/1172/1
f 1332/1173/1 1331/1174/1 1347/1175/1
f 1348/295/1 1347/1175/1 1331/1174/1
f 1331/1174/1 1330/173/1 1348/295/1
f 1304/1169/1 1302/1168/1 1301/1095/1
f 1305/1176/1 1304/1169/1 1301/1095/1
f 1301/1095/1 1300/218/1 1305/1176/1
f 1300/218/1 1306/243/1 1305/1176/1
f 1344/1172/1 1336/109/1 1335/1177/1
f 1345/195/1 1344/1172/1 1335/1177/1
f 1335/1177/1 1334/1178/1 1345/195/1
f 1346/1179/1 1345/195/1 1334/1178/1
f 1334/1178/1 1333/133/1 1346/1179/1
f 1333/133/1 1332/1173/1 1346/1179/1
f 1332/1173/1 1347/1175/1 1346/1179/1
f 1308/1072/1 1298/1180/1 1297/205/1
f 1309/274/1 1308/1072/1 1297/205/1
f 1297/205/1 1296/1181/1 1309/274/1
f 1296/1181/1 1310/1182/1 1309/274/1
f 1354/223/1 1353/1183/1 1378/120/1
f 1355/1184/1 1354/223/1 1378/120/1
f 1378/120/1 1377/1185/1 1355/1184/1
f 1356/1186/1 1355/1184/1 1377/1185/1
f 1377/1185/1 1376/1187/1 1356/1186/1
f 1357/297/1 1356/1186/1 1376/1187/1
f 1376/1187/1 1375/316/1 1357/297/1
f 1358/1188/1 1357/297/1 1375/316/1
f 1375/316/1 1374/1189/1 1358/1188/1
f 1359/1190/1 1358/1188/1 1374/1189/1
f 1374/1189/1 1373/1191/1 1359/1190/1
f 1360/302/1 1359/1190/1 1373/1191/1
f 1373/1191/1 1372/326/1 1360/302/1
f 1361/1192/1 1360/302/1 1372/326/1
f 1372/326/1 1371/1150/1 1361/1192/1
f 1306/243/1 1300/218/1 1299/1193/1
f 1307/1194/1 1306/243/1 1299/1193/1
f 1299/1193/1 1298/1180/1 1307/1194/1
f 1298/1180/1 1308/1072/1 1307/1194/1
f 1348/295/1 1330/173/1 1329/1011/1
f 1349/1195/1 1348/295/1 1329/1011/1
f 1329/1011/1 1328/1196/1 1349/1195/1
f 1350/1119/1 1349/1195/1 1328/1196/1
f 1328/1196/1 1252/65/1 1350/1119/1
f 1351/213/1 1350/1119/1 1252/65/1
f 1352/1197/1 1351/213/1 1252/65/1
f 1252/65/1 1378/120/1 1352/1197/1
f 1378/120/1 1353/1183/1 1352/1197/1
f 1292/1198/1 1291/251/1 1314/1199/1
f 1315/254/1 1314/1199/1 1291/251/1
f 1294/40/1 1293/1200/1 1312/259/1
f 1313/1201/1 1312/259/1 1293/1200/1
f 1293/1200/1 1292/1198/1 1313/1201/1
f 1292/1198/1 1314/1199/1 1313/1201/1
f 1318/245/1 1288/268/1 1287/1081/1
f 1319/1202/1 1318/245/1 1287/1081/1
f 1287/1081/1 1286/1203/1 1319/1202/1
f 1320/1204/1 1319/1202/1 1286/1203/1
f 1315/254/1 1291/251/1 1290/1205/1
f 1316/1206/1 1315/254/1 1290/1205/1
f 1290/1205/1 1289/1207/1 1316/1206/1
f 1317/1208/1 1316/1206/1 1289/1207/1
f 1289/1207/1 1288/268/1 1317/1208/1
f 1288/268/1 1318/245/1 1317/1208/1
f 1327/169/1 1257/1209/1 1256/1210/1
f 1260/1211/1 1259/1045/1 1327/169/1
f 1259/1045/1 1258/139/1 1327/169/1
f 1257/1209/1 1327/169/1 1258/139/1
f 1262/1212/1 1261/128/1 1327/169/1
f 1260/1211/1 1327/169/1 1261/128/1
f 1280/1087/1 1279/175/1 1326/1213/1
f 1327/169/1 1326/1213/1 1279/175/1
f 1279/175/1 1278/1214/1 1327/169/1
f 1278/1214/1 1277/1215/1 1327/169/1
f 1277/1215/1 1276/185/1 1327/169/1
f 1276/185/1 1275/1216/1 1327/169/1
f 1275/1216/1 1274/1217/1 1327/169/1
f 1262/1212/1 1327/169/1 1274/1217/1
f 1274/1217/1 1273/284/1 1262/1212/1
f 1263/1218/1 1262/1212/1 1273/284/1
f 1273/284/1 1272/1219/1 1263/1218/1
f 1264/154/1 1263/1218/1 1272/1219/1
f 1272/1219/1 1271/1220/1 1264/154/1
f 1265/1221/1 1264/154/1 1271/1220/1
f 1271/1220/1 1270/290/1 1265/1221/1
f 1270/290/1 1269/1222/1 1265/1221/1
f 1269/1222/1 1268/1223/1 1265/1221/1
f 1268/1223/1 1267/189/1 1265/1221/1
f 1267/189/1 1266/1107/1 1265/1221/1
f 1320/1204/1 1286/1203/1 1285/239/1
f 1321/279/1 1320/1204/1 1285/239/1
f 1285/239/1 1284/1224/1 1321/279/1
f 1322/1033/1 1321/279/1 1284/1224/1
f 1284/1224/1 1283/1225/1 1322/1033/1
f 1323/1226/1 1322/1033/1 1283/1225/1
f 1283/1225/1 1282/234/1 1323/1226/1
f 1324/287/1 1323/1226/1 1282/234/1
f 1282/234/1 1281/1227/1 1324/287/1
f 1325/1228/1 1324/287/1 1281/1227/1
f 1281/1227/1 1280/1087/1 1325/1228/1
f 1280/1087/1 1326/1213/1 1325/1228/1
f 1327/169/1 1253/1229/1 1252/65/1
f 1254/1230/1 1253/1229/1 1327/169/1
f 1255/149/1 1254/1230/1 1327/169/1
f 1327/169/1 1256/1210/1 1255/149/1
f 1310/1182/1 1296/1181/1 1295/1231/1
f 1311/1232/1 1310/1182/1 1295/1231/1
f 1295/1231/1 1294/40/1 1311/1232/1
f 1294/40/1 1312/259/1 1311/1232/1
f 1361/1192/1 1371/1150/1 1370/1233/1
f 1362/1234/1 1361/1192/1 1370/1233/1
f 1370/1233/1 1369/327/1 1362/1234/1
f 1363/307/1 1362/1234/1 1369/327/1
f 1364/1147/1 1363/307/1 1369/327/1
f 1369/327/1 1368/1235/1 1364/1147/1
f 1365/1236/1 1364/1147/1 1368/1235/1
f 1368/1235/1 1367/1237/1 1365/1236/1
f 1367/1237/1 1366/317/1 1365/1236/1
f 1252/65/1 1328/1196/1 1327/169/1
f 1478/1238/1 1477/1239/1 1481/1240/1
f 1481/1240/1 1480/1241/1 1478/1238/1
f 1479/1242/1 1478/1238/1 1480/1241/1
f 1467/1243/1 1492/120/1 1468/1244/1
f 1492/120/1 1491/1245/1 1468/1244/1
f 1469/1246/1 1468/1244/1 1491/1245/1
f 1491/1245/1 1490/1247/1 1469/1246/1
f 1490/1247/1 1489/1248/1 1469/1246/1
f 1470/1249/1 1469/1246/1 1489/1248/1
f 1489/1248/1 1488/1250/1 1470/1249/1
f 1471/1251/1 1470/1249/1 1488/1250/1
f 1488/1250/1 1487/1252/1 1471/1251/1
f 1472/1253/1 1471/1251/1 1487/1252/1
f 1487/1252/1 1486/1254/1 1472/1253/1
f 1473/1255/1 1472/1253/1 1486/1254/1
f 1486/1254/1 1485/1256/1 1473/1255/1
f 1474/1257/1 1473/1255/1 1485/1256/1
f 1485/1256/1 1484/1258/1 1474/1257/1
f 1475/1259/1 1474/1257/1 1484/1258/1
f 1484/1258/1 1483/1260/1 1475/1259/1
f 1476/1261/1 1475/1259/1 1483/1260/1
f 1483/1260/1 1482/1262/1 1476/1261/1
f 1477/1239/1 1476/1261/1 1482/1262/1
f 1481/1240/1 1477/1239/1 1482/1262/1
f 1431/1263/1 1428/1264/1 1427/1265/1
f 1432/1266/1 1431/1263/1 1427/1265/1
f 1432/1266/1 1427/1265/1 1426/1267/1
f 1426/1267/1 1425/1268/1 1432/1266/1
f 1433/1269/1 1432/1266/1 1425/1268/1
f 1433/1269/1 1425/1268/1 1424/1270/1
f 1434/1271/1 1433/1269/1 1424/1270/1
f 1424/1270/1 1423/1272/1 1434/1271/1
f 1423/1272/1 1435/1273/1 1434/1271/1
f 1388/1274/1 1387/1275/1 1395/1276/1
f 1395/1276/1 1394/1277/1 1388/1274/1
f 1389/1278/1 1388/1274/1 1394/1277/1
f 1394/1277/1 1393/1279/1 1389/1278/1
f 1390/1280/1 1389/1278/1 1393/1279/1
f 1393/1279/1 1392/1281/1 1390/1280/1
f 1391/1282/1 1390/1280/1 1392/1281/1
f 1430/1283/1 1429/1284/1 1428/1264/1
f 1428/1264/1 1431/1263/1 1430/1283/1
f 1440/1285/1 1418/1286/1 1417/1287/1
f 1441/1288/1 1440/1285/1 1417/1287/1
f 1417/1287/1 1416/1289/1 1441/1288/1
f 1442/1290/1 1441/1288/1 1416/1289/1
f 1416/1289/1 1415/1291/1 1442/1290/1
f 1443/1292/1 1442/1290/1 1415/1291/1
f 1437/1293/1 1421/1294/1 1420/1295/1
f 1438/1296/1 1437/1293/1 1420/1295/1
f 1420/1295/1 1419/1297/1 1438/1296/1
f 1439/1298/1 1438/1296/1 1419/1297/1
f 1419/1297/1 1418/1286/1 1439/1298/1
f 1418/1286/1 1440/1285/1 1439/1298/1
f 1409/1299/1 1408/1300/1 1448/1301/1
f 1408/1300/1 1407/1302/1 1448/1301/1
f 1449/1303/1 1448/1301/1 1407/1302/1
f 1449/1303/1 1407/1302/1 1406/1304/1
f 1450/1305/1 1449/1303/1 1406/1304/1
f 1406/1304/1 1405/1306/1 1450/1305/1
f 1451/1307/1 1450/1305/1 1405/1306/1
f 1405/1306/1 1466/1308/1 1451/1307/1
f 1466/1308/1 1465/1309/1 1451/1307/1
f 1465/1309/1 1464/1310/1 1451/1307/1
f 1464/1310/1 1463/1311/1 1451/1307/1
f 1452/1312/1 1451/1307/1 1463/1311/1
f 1463/1311/1 1462/1313/1 1452/1312/1
f 1462/1313/1 1461/1314/1 1452/1312/1
f 1461/1314/1 1460/1315/1 1452/1312/1
f 1460/1315/1 1459/1316/1 1452/1312/1
f 1459/1316/1 1458/1317/1 1452/1312/1
f 1458/1317/1 1457/1318/1 1452/1312/1
f 1457/1318/1 1456/1319/1 1452/1312/1
f 1453/1320/1 1452/1312/1 1456/1319/1
f 1456/1319/1 1455/1321/1 1453/1320/1
f 1455/1321/1 1454/1322/1 1453/1320/1
f 1443/1292/1 1415/1291/1 1414/1323/1
f 1414/1323/1 1413/1324/1 1443/1292/1
f 1444/1325/1 1443/1292/1 1413/1324/1
f 1413/1324/1 1412/1326/1 1444/1325/1
f 1445/1327/1 1444/1325/1 1412/1326/1
f 1412/1326/1 1411/1328/1 1445/1327/1
f 1446/1329/1 1445/1327/1 1411/1328/1
f 1411/1328/1 1410/1330/1 1446/1329/1
f 1447/1331/1 1446/1329/1 1410/1330/1
f 1410/1330/1 1409/1299/1 1447/1331/1
f 1409/1299/1 1448/1301/1 1447/1331/1
f 1435/1273/1 1423/1272/1 1422/1332/1
f 1436/1333/1 1435/1273/1 1422/1332/1
f 1422/1332/1 1421/1294/1 1436/1333/1
f 1421/1294/1 1437/1293/1 1436/1333/1
f 1380/1334/1 1379/65/1 1404/1335/1
f 1404/1335/1 1403/1336/1 1380/1334/1
f 1381/1337/1 1380/1334/1 1403/1336/1
f 1403/1336/1 1402/1338/1 1381/1337/1
f 1382/1339/1 1381/1337/1 1402/1338/1
f 1402/1338/1 1401/1340/1 1382/1339/1
f 1383/1341/1 1382/1339/1 1401/1340/1
f 1401/1340/1 1400/1342/1 1383/1341/1
f 1384/1343/1 1383/1341/1 1400/1342/1
f 1400/1342/1 1399/1344/1 1384/1343/1
f 1385/1345/1 1384/1343/1 1399/1344/1
f 1399/1344/1 1398/1346/1 1385/1345/1
f 1386/1347/1 1385/1345/1 1398/1346/1
f 1398/1346/1 1397/1348/1 1386/1347/1
f 1387/1275/1 1386/1347/1 1397/1348/1
f 1397/1348/1 1396/1349/1 1387/1275/1
f 1395/1276/1 1387/1275/1 1396/1349/1
f 1627/1350/1 1626/1119/1 1602/1351/1
f 1602/1351/1 1601/1352/1 1627/1350/1
f 1628/1353/1 1627/1350/1 1601/1352/1
f 1601/1352/1 1600/1354/1 1628/1353/1
f 1629/1355/1 1628/1353/1 1600/1354/1
f 1600/1354/1 1599/1356/1 1629/1355/1
f 1630/1357/1 1629/1355/1 1599/1356/1
f 1599/1356/1 1598/1358/1 1630/1357/1
f 1631/1359/1 1630/1357/1 1598/1358/1
f 1598/1358/1 1597/1360/1 1631/1359/1
f 1632/1361/1 1631/1359/1 1597/1360/1
f 1531/1087/1 1530/1362/1 1528/1363/1
f 1528/1363/1 1527/1364/1 1531/1087/1
f 1527/1364/1 1532/1365/1 1531/1087/1
f 1533/1366/1 1526/1367/1 1525/1368/1
f 1534/1369/1 1533/1366/1 1525/1368/1
f 1525/1368/1 1524/1370/1 1534/1369/1
f 1532/1365/1 1527/1364/1 1526/1367/1
f 1526/1367/1 1533/1366/1 1532/1365/1
f 1528/1363/1 1530/1362/1 1529/1371/1
f 1616/1372/1 1615/1373/1 1614/1374/1
f 1614/1374/1 1613/1375/1 1616/1372/1
f 1617/1376/1 1616/1372/1 1613/1375/1
f 1613/1375/1 1612/1377/1 1617/1376/1
f 1618/1378/1 1617/1376/1 1612/1377/1
f 1612/1377/1 1611/1379/1 1618/1378/1
f 1619/1380/1 1618/1378/1 1611/1379/1
f 1611/1379/1 1610/1381/1 1619/1380/1
f 1620/1382/1 1619/1380/1 1610/1381/1
f 1610/1381/1 1609/1383/1 1620/1382/1
f 1621/1384/1 1620/1382/1 1609/1383/1
f 1609/1383/1 1608/1385/1 1621/1384/1
f 1622/1386/1 1621/1384/1 1608/1385/1
f 1608/1385/1 1607/109/1 1622/1386/1
f 1623/1387/1 1622/1386/1 1607/109/1
f 1607/109/1 1606/1388/1 1623/1387/1
f 1624/1389/1 1623/1387/1 1606/1388/1
f 1606/1388/1 1605/1390/1 1624/1389/1
f 1625/1391/1 1624/1389/1 1605/1390/1
f 1605/1390/1 1604/1392/1 1625/1391/1
f 1626/1119/1 1625/1391/1 1604/1392/1
f 1604/1392/1 1603/1393/1 1626/1119/1
f 1602/1351/1 1626/1119/1 1603/1393/1
f 1632/1361/1 1597/1360/1 1596/1394/1
f 1633/1395/1 1632/1361/1 1596/1394/1
f 1596/1394/1 1595/1396/1 1633/1395/1
f 1634/1397/1 1633/1395/1 1595/1396/1
f 1595/1396/1 1594/1398/1 1634/1397/1
f 1635/1399/1 1634/1397/1 1594/1398/1
f 1594/1398/1 1593/1400/1 1635/1399/1
f 1636/1401/1 1635/1399/1 1593/1400/1
f 1593/1400/1 1592/1402/1 1636/1401/1
f 1637/1403/1 1636/1401/1 1592/1402/1
f 1592/1402/1 1591/1404/1 1637/1403/1
f 1638/1405/1 1637/1403/1 1591/1404/1
f 1591/1404/1 1664/120/1 1638/1405/1
f 1639/1406/1 1638/1405/1 1664/120/1
f 1640/1407/1 1639/1406/1 1664/120/1
f 1664/120/1 1663/1408/1 1640/1407/1
f 1641/1409/1 1640/1407/1 1663/1408/1
f 1663/1408/1 1662/1410/1 1641/1409/1
f 1642/1411/1 1641/1409/1 1662/1410/1
f 1662/1410/1 1661/1412/1 1642/1411/1
f 1643/1413/1 1642/1411/1 1661/1412/1
f 1661/1412/1 1660/1414/1 1643/1413/1
f 1644/1415/1 1643/1413/1 1660/1414/1
f 1660/1414/1 1659/1416/1 1644/1415/1
f 1645/1147/1 1644/1415/1 1659/1416/1
f 1659/1416/1 1658/1417/1 1645/1147/1
f 1646/1418/1 1645/1147/1 1658/1417/1
f 1658/1417/1 1657/1419/1 1646/1418/1
f 1647/1420/1 1646/1418/1 1657/1419/1
f 1657/1419/1 1656/1421/1 1647/1420/1
f 1648/1422/1 1647/1420/1 1656/1421/1
f 1656/1421/1 1655/1423/1 1648/1422/1
f 1649/1424/1 1648/1422/1 1655/1423/1
f 1655/1423/1 1654/1425/1 1649/1424/1
f 1650/1426/1 1649/1424/1 1654/1425/1
f 1654/1425/1 1653/1427/1 1650/1426/1
f 1651/1428/1 1650/1426/1 1653/1427/1
f 1653/1427/1 1652/1429/1 1651/1428/1
f 1536/1430/1 1522/1431/1 1521/1432/1
f 1537/1433/1 1536/1430/1 1521/1432/1
f 1521/1432/1 1520/1434/1 1537/1433/1
f 1538/1435/1 1537/1433/1 1520/1434/1
f 1538/1435/1 1520/1434/1 1519/1436/1
f 1539/1437/1 1538/1435/1 1519/1436/1
f 1519/1436/1 1518/1438/1 1539/1437/1
f 1540/1439/1 1539/1437/1 1518/1438/1
f 1518/1438/1 1517/1440/1 1540/1439/1
f 1541/1441/1 1540/1439/1 1517/1440/1
f 1517/1440/1 1516/1442/1 1541/1441/1
f 1541/1441/1 1516/1442/1 1515/1443/1
f 1542/1444/1 1541/1441/1 1515/1443/1
f 1499/1445/1 1498/1446/1 1558/1447/1
f 1559/1448/1 1558/1447/1 1498/1446/1
f 1498/1446/1 1497/1449/1 1559/1448/1
f 1560/1450/1 1559/1448/1 1497/1449/1
f 1497/1449/1 1496/1451/1 1560/1450/1
f 1561/1452/1 1560/1450/1 1496/1451/1
f 1496/1451/1 1495/1453/1 1561/1452/1
f 1562/1454/1 1561/1452/1 1495/1453/1
f 1495/1453/1 1494/1455/1 1562/1454/1
f 1563/1456/1 1562/1454/1 1494/1455/1
f 1494/1455/1 1493/65/1 1563/1456/1
f 1564/1457/1 1563/1456/1 1493/65/1
f 1493/65/1 1590/1458/1 1564/1457/1
f 1565/1459/1 1564/1457/1 1590/1458/1
f 1590/1458/1 1589/1460/1 1565/1459/1
f 1542/1444/1 1515/1443/1 1514/1461/1
f 1543/1462/1 1542/1444/1 1514/1461/1
f 1514/1461/1 1513/1463/1 1543/1462/1
f 1544/1464/1 1543/1462/1 1513/1463/1
f 1513/1463/1 1512/1107/1 1544/1464/1
f 1545/1465/1 1544/1464/1 1512/1107/1
f 1512/1107/1 1511/1466/1 1545/1465/1
f 1546/1467/1 1545/1465/1 1511/1466/1
f 1511/1466/1 1510/1468/1 1546/1467/1
f 1547/1469/1 1546/1467/1 1510/1468/1
f 1510/1468/1 1509/1470/1 1547/1469/1
f 1548/1471/1 1547/1469/1 1509/1470/1
f 1509/1470/1 1508/1472/1 1548/1471/1
f 1549/1473/1 1548/1471/1 1508/1472/1
f 1508/1472/1 1507/1474/1 1549/1473/1
f 1550/40/1 1549/1473/1 1507/1474/1
f 1507/1474/1 1506/1475/1 1550/40/1
f 1551/1476/1 1550/40/1 1506/1475/1
f 1506/1475/1 1505/1477/1 1551/1476/1
f 1552/1478/1 1551/1476/1 1505/1477/1
f 1505/1477/1 1504/1479/1 1552/1478/1
f 1553/1480/1 1552/1478/1 1504/1479/1
f 1504/1479/1 1503/1481/1 1553/1480/1
f 1554/1482/1 1553/1480/1 1503/1481/1
f 1503/1481/1 1502/1483/1 1554/1482/1
f 1555/1484/1 1554/1482/1 1502/1483/1
f 1502/1483/1 1501/1485/1 1555/1484/1
f 1556/1486/1 1555/1484/1 1501/1485/1
f 1501/1485/1 1500/1487/1 1556/1486/1
f 1557/1488/1 1556/1486/1 1500/1487/1
f 1500/1487/1 1499/1445/1 1557/1488/1
f 1499/1445/1 1558/1447/1 1557/1488/1
f 1565/1459/1 1589/1460/1 1566/1489/1
f 1589/1460/1 1588/1033/1 1566/1489/1
f 1567/1490/1 1566/1489/1 1588/1033/1
f 1588/1033/1 1587/1491/1 1567/1490/1
f 1568/1492/1 1567/1490/1 1587/1491/1
f 1587/1491/1 1586/1493/1 1568/1492/1
f 1569/1072/1 1568/1492/1 1586/1493/1
f 1586/1493/1 1585/1494/1 1569/1072/1
f 1570/1495/1 1569/1072/1 1585/1494/1
f 1585/1494/1 1584/1496/1 1570/1495/1
f 1571/1497/1 1570/1495/1 1584/1496/1
f 1584/1496/1 1583/1498/1 1571/1497/1
f 1572/1499/1 1571/1497/1 1583/1498/1
f 1583/1498/1 1582/1500/1 1572/1499/1
f 1573/1501/1 1572/1499/1 1582/1500/1
f 1582/1500/1 1581/1502/1 1573/1501/1
f 1574/1503/1 1573/1501/1 1581/1502/1
f 1581/1502/1 1580/1504/1 1574/1503/1
f 1575/1505/1 1574/1503/1 1580/1504/1
f 1580/1504/1 1579/1506/1 1575/1505/1
f 1576/1507/1 1575/1505/1 1579/1506/1
f 1579/1506/1 1578/1508/1 1576/1507/1
f 1577/1509/1 1576/1507/1 1578/1508/1
f 1534/1369/1 1524/1370/1 1523/1510/1
f 1535/1511/1 1534/1369/1 1523/1510/1
f 1523/1510/1 1522/1431/1 1535/1511/1
f 1522/1431/1 1536/1430/1 1535/1511/1
f 1755/178/1 1754/1166/1 1753/1167/1
f 1755/178/1 1753/1167/1 1752/151/1
f 1752/151/1 1756/1112/1 1755/178/1
f 1715/1168/1 1717/1169/1 1716/208/1
f 1756/1112/1 1752/151/1 1751/1170/1
f 1751/1170/1 1750/1171/1 1756/1112/1
f 1757/1172/1 1756/1112/1 1750/1171/1
f 1750/1171/1 1749/109/1 1757/1172/1
f 1745/1173/1 1744/1174/1 1760/1175/1
f 1761/295/1 1760/1175/1 1744/1174/1
f 1744/1174/1 1743/173/1 1761/295/1
f 1717/1169/1 1715/1168/1 1714/1095/1
f 1718/1176/1 1717/1169/1 1714/1095/1
f 1714/1095/1 1713/218/1 1718/1176/1
f 1713/218/1 1719/243/1 1718/1176/1
f 1757/1172/1 1749/109/1 1748/1177/1
f 1758/195/1 1757/1172/1 1748/1177/1
f 1748/1177/1 1747/1178/1 1758/195/1
f 1759/1179/1 1758/195/1 1747/1178/1
f 1747/1178/1 1746/133/1 1759/1179/1
f 1746/133/1 1745/1173/1 1759/1179/1
f 1745/1173/1 1760/1175/1 1759/1179/1
f 1721/1072/1 1711/1180/1 1710/205/1
f 1722/274/1 1721/1072/1 1710/205/1
f 1710/205/1 1709/1181/1 1722/274/1
f 1709/1181/1 1723/1182/1 1722/274/1
f 1767/223/1 1766/1183/1 1791/120/1
f 1768/1184/1 1767/223/1 1791/120/1
f 1791/120/1 1790/1185/1 1768/1184/1
f 1769/1186/1 1768/1184/1 1790/1185/1
f 1790/1185/1 1789/1187/1 1769/1186/1
f 1770/297/1 1769/1186/1 1789/1187/1
f 1789/1187/1 1788/316/1 1770/297/1
f 1771/1188/1 1770/297/1 1788/316/1
f 1788/316/1 1787/1189/1 1771/1188/1
f 1772/1190/1 1771/1188/1 1787/1189/1
f 1787/1189/1 1786/1191/1 1772/1190/1
f 1773/302/1 1772/1190/1 1786/1191/1
f 1786/1191/1 1785/326/1 1773/302/1
f 1774/1192/1 1773/302/1 1785/326/1
f 1785/326/1 1784/1150/1 1774/1192/1
f 1719/243/1 1713/218/1 1712/1193/1
f 1720/1194/1 1719/243/1 1712/1193/1
f 1712/1193/1 1711/1180/1 1720/1194/1
f 1711/1180/1 1721/1072/1 1720/1194/1
f 1761/295/1 1743/173/1 1742/1011/1
f 1762/1195/1 1761/295/1 1742/1011/1
f 1742/1011/1 1741/1196/1 1762/1195/1
f 1763/1119/1 1762/1195/1 1741/1196/1
f 1741/1196/1 1665/65/1 1763/1119/1
f 1764/213/1 1763/1119/1 1665/65/1
f 1765/1197/1 1764/213/1 1665/65/1
f 1665/65/1 1791/120/1 1765/1197/1
f 1791/120/1 1766/1183/1 1765/1197/1
f 1705/1198/1 1704/251/1 1727/1199/1
f 1728/254/1 1727/1199/1 1704/251/1
f 1707/40/1 1706/1200/1 1725/259/1
f 1726/1201/1 1725/259/1 1706/1200/1
f 1706/1200/1 1705/1198/1 1726/1201/1
f 1705/1198/1 1727/1199/1 1726/1201/1
f 1731/245/1 1701/268/1 1700/1081/1
f 1732/1202/1 1731/245/1 1700/1081/1
f 1700/1081/1 1699/1203/1 1732/1202/1
f 1733/1204/1 1732/1202/1 1699/1203/1
f 1728/254/1 1704/251/1 1703/1205/1
f 1729/1206/1 1728/254/1 1703/1205/1
f 1703/1205/1 1702/1207/1 1729/1206/1
f 1730/1208/1 1729/1206/1 1702/1207/1
f 1702/1207/1 1701/268/1 1730/1208/1
f 1701/268/1 1731/245/1 1730/1208/1
f 1740/169/1 1670/1209/1 1669/1210/1
f 1673/1211/1 1672/1045/1 1740/169/1
f 1672/1045/1 1671/139/1 1740/169/1
f 1670/1209/1 1740/169/1 1671/139/1
f 1675/1212/1 1674/128/1 1740/169/1
f 1673/1211/1 1740/169/1 1674/128/1
f 1693/1087/1 1692/175/1 1739/1213/1
f 1740/169/1 1739/1213/1 1692/175/1
f 1692/175/1 1691/1214/1 1740/169/1
f 1691/1214/1 1690/1215/1 1740/169/1
f 1690/1215/1 1689/185/1 1740/169/1
f 1689/185/1 1688/1216/1 1740/169/1
f 1688/1216/1 1687/1217/1 1740/169/1
f 1675/1212/1 1740/169/1 1687/1217/1
f 1687/1217/1 1686/284/1 1675/1212/1
f 1676/1218/1 1675/1212/1 1686/284/1
f 1686/284/1 1685/1219/1 1676/1218/1
f 1677/154/1 1676/1218/1 1685/1219/1
f 1685/1219/1 1684/1220/1 1677/154/1
f 1678/1221/1 1677/154/1 1684/1220/1
f 1684/1220/1 1683/290/1 1678/1221/1
f 1683/290/1 1682/1222/1 1678/1221/1
f 1682/1222/1 1681/1223/1 1678/1221/1
f 1681/1223/1 1680/189/1 1678/1221/1
f 1680/189/1 1679/1107/1 1678/1221/1
f 1733/1204/1 1699/1203/1 1698/239/1
f 1734/279/1 1733/1204/1 1698/239/1
f 1698/239/1 1697/1224/1 1734/279/1
f 1735/1033/1 1734/279/1 1697/1224/1
f 1697/1224/1 1696/1225/1 1735/1033/1
f 1736/1226/1 1735/1033/1 1696/1225/1
f 1696/1225/1 1695/234/1 1736/1226/1
f 1737/287/1 1736/1226/1 1695/234/1
f 1695/234/1 1694/1227/1 1737/287/1
f 1738/1228/1 1737/287/1 1694/1227/1
f 1694/1227/1 1693/1087/1 1738/1228/1
f 1693/1087/1 1739/1213/1 1738/1228/1
f 1740/169/1 1666/1229/1 1665/65/1
f 1667/1230/1 1666/1229/1 1740/169/1
f 1668/149/1 1667/1230/1 1740/169/1
f 1740/169/1 1669/1210/1 1668/149/1
f 1723/1182/1 1709/1181/1 1708/1231/1
f 1724/1232/1 1723/1182/1 1708/1231/1
f 1708/1231/1 1707/40/1 1724/1232/1
f 1707/40/1 1725/259/1 1724/1232/1
f 1774/1192/1 1784/1150/1 1783/1233/1
f 1775/1234/1 1774/1192/1 1783/1233/1
f 1783/1233/1 1782/327/1 1775/1234/1
f 1776/307/1 1775/1234/1 1782/327/1
f 1777/1147/1 1776/307/1 1782/327/1
f 1782/327/1 1781/1235/1 1777/1147/1
f 1778/1236/1 1777/1147/1 1781/1235/1
f 1781/1235/1 1780/1237/1 1778/1236/1
f 1780/1237/1 1779/317/1 1778/1236/1
f 1665/65/1 1741/1196/1 1740/169/1
f 1817/1/2 1815/3/2 1816/2/2
f 1815/3/2 1817/1/2 1814/4/2
f 1818/5/2 1814/4/2 1817/1/2
f 1818/5/2 1813/6/2 1814/4/2
f 1819/7/2 1813/6/2 1818/5/2
f 1813/6/2 1819/7/2 1812/8/2
f 1820/9/2 1812/8/2 1819/7/2
f 1812/8/2 1820/9/2 1811/10/2
f 1811/10/2 1820/9/2 1810/11/2
f 1810/11/2 1820/9/2 1821/12/2
f 1825/13/2 1805/15/2 1806/14/2
f 1826/16/2 1805/15/2 1825/13/2
f 1805/15/2 1826/16/2 1804/17/2
f 1827/18/2 1804/17/2 1826/16/2
f 1804/17/2 1827/18/2 1803/19/2
f 1828/20/2 1803/19/2 1827/18/2
f 1803/19/2 1828/20/2 1802/21/2
f 1802/21/2 1828/20/2 1829/22/2
f 1821/12/2 1809/23/2 1810/11/2
f 1822/24/2 1809/23/2 1821/12/2
f 1809/23/2 1822/24/2 1808/25/2
f 1823/26/2 1808/25/2 1822/24/2
f 1808/25/2 1823/26/2 1807/27/2
f 1824/28/2 1807/27/2 1823/26/2
f 1807/27/2 1824/28/2 1806/14/2
f 1806/14/2 1824/28/2 1825/13/2
f 1905/29/2 1899/31/2 1900/30/2
f 1864/32/2 1865/34/2 1866/33/2
f 1831/35/2 1799/37/2 1800/36/2
f 1832/38/2 1799/37/2 1831/35/2
f 1799/37/2 1832/38/2 1798/39/2
f 1798/39/2 1832/38/2 1833/40/2
f 1904/41/2 1900/30/2 1901/42/2
f 1900/30/2 1904/41/2 1905/29/2
f 1834/43/2 1796/45/2 1797/44/2
f 1796/45/2 1834/43/2 1835/46/2
f 1836/47/2 1794/49/2 1795/48/2
f 1794/49/2 1836/47/2 1837/50/2
f 1867/51/2 1862/53/2 1863/52/2
f 1862/53/2 1867/51/2 1868/54/2
f 1835/46/2 1795/48/2 1796/45/2
f 1795/48/2 1835/46/2 1836/47/2
f 1897/55/2 1898/57/2 1907/56/2
f 1906/58/2 1907/56/2 1898/57/2
f 1866/33/2 1863/52/2 1864/32/2
f 1863/52/2 1866/33/2 1867/51/2
f 1833/40/2 1797/44/2 1798/39/2
f 1797/44/2 1833/40/2 1834/43/2
f 1898/57/2 1899/31/2 1906/58/2
f 1905/29/2 1906/58/2 1899/31/2
f 1829/22/2 1801/59/2 1802/21/2
f 1830/60/2 1801/59/2 1829/22/2
f 1801/59/2 1830/60/2 1800/36/2
f 1800/36/2 1830/60/2 1831/35/2
f 1901/42/2 1902/61/2 1904/41/2
f 1903/62/2 1904/41/2 1902/61/2
f 1838/63/2 1792/65/2 1793/64/2
f 1896/66/2 1908/68/2 1909/67/2
f 1888/69/2 1889/71/2 1840/70/2
f 1839/72/2 1840/70/2 1889/71/2
f 1889/71/2 1792/65/2 1839/72/2
f 1838/63/2 1839/72/2 1792/65/2
f 1909/67/2 1895/73/2 1896/66/2
f 1895/73/2 1909/67/2 1910/74/2
f 1911/75/2 1893/77/2 1894/76/2
f 1885/78/2 1886/80/2 1843/79/2
f 1843/79/2 1886/80/2 1842/81/2
f 1887/82/2 1842/81/2 1886/80/2
f 1841/83/2 1842/81/2 1887/82/2
f 1892/84/2 1893/77/2 1912/85/2
f 1911/75/2 1912/85/2 1893/77/2
f 1869/86/2 1860/88/2 1861/87/2
f 1870/89/2 1860/88/2 1869/86/2
f 1860/88/2 1870/89/2 1859/90/2
f 1859/90/2 1870/89/2 1871/91/2
f 1887/82/2 1888/69/2 1841/83/2
f 1840/70/2 1841/83/2 1888/69/2
f 1910/74/2 1894/76/2 1895/73/2
f 1894/76/2 1910/74/2 1911/75/2
f 1890/92/2 1891/94/2 1914/93/2
f 1913/95/2 1914/93/2 1891/94/2
f 1854/96/2 1876/98/2 1853/97/2
f 1853/97/2 1876/98/2 1852/99/2
f 1877/100/2 1852/99/2 1876/98/2
f 1852/99/2 1877/100/2 1851/101/2
f 1878/102/2 1851/101/2 1877/100/2
f 1851/101/2 1878/102/2 1850/103/2
f 1879/104/2 1850/103/2 1878/102/2
f 1850/103/2 1879/104/2 1849/105/2
f 1873/106/2 1856/108/2 1857/107/2
f 1874/109/2 1856/108/2 1873/106/2
f 1856/108/2 1874/109/2 1855/110/2
f 1875/111/2 1855/110/2 1874/109/2
f 1855/110/2 1875/111/2 1854/96/2
f 1854/96/2 1875/111/2 1876/98/2
f 1879/104/2 1880/112/2 1849/105/2
f 1849/105/2 1880/112/2 1848/113/2
f 1881/114/2 1848/113/2 1880/112/2
f 1848/113/2 1881/114/2 1847/115/2
f 1882/116/2 1847/115/2 1881/114/2
f 1847/115/2 1882/116/2 1846/117/2
f 1883/118/2 1846/117/2 1882/116/2
f 1845/119/2 1846/117/2 1883/118/2
f 1914/93/2 1915/120/2 1890/92/2
f 1871/91/2 1858/121/2 1859/90/2
f 1872/122/2 1858/121/2 1871/91/2
f 1858/121/2 1872/122/2 1857/107/2
f 1857/107/2 1872/122/2 1873/106/2
f 1883/118/2 1884/123/2 1845/119/2
f 1845/119/2 1884/123/2 1844/124/2
f 1885/78/2 1844/124/2 1884/123/2
f 1843/79/2 1844/124/2 1885/78/2
f 1891/94/2 1892/84/2 1913/95/2
f 1912/85/2 1913/95/2 1892/84/2
f 1868/54/2 1861/87/2 1862/53/2
f 1861/87/2 1868/54/2 1869/86/2
f 1837/50/2 1793/64/2 1794/49/2
f 1793/64/2 1837/50/2 1838/63/2
f 1896/66/2 1897/55/2 1908/68/2
f 1907/56/2 1908/68/2 1897/55/2
f 2048/125/2 1932/127/2 2047/126/2
f 1932/127/2 2048/125/2 1931/128/2
f 2049/129/2 1931/128/2 2048/125/2
f 1931/128/2 2049/129/2 1930/130/2
f 2050/131/2 1930/130/2 2049/129/2
f 1930/130/2 2050/131/2 1929/132/2
f 2051/133/2 1929/132/2 2050/131/2
f 2052/134/2 1929/132/2 2051/133/2
f 1929/132/2 2052/134/2 1928/135/2
f 2053/136/2 1928/135/2 2052/134/2
f 1928/135/2 2053/136/2 1927/137/2
f 2054/138/2 1927/137/2 2053/136/2
f 1927/137/2 2054/138/2 1926/139/2
f 2055/140/2 1926/139/2 2054/138/2
f 1926/139/2 2055/140/2 1925/141/2
f 2056/109/2 1925/141/2 2055/140/2
f 1925/141/2 2056/109/2 1924/142/2
f 2057/143/2 1924/142/2 2056/109/2
f 2058/144/2 1924/142/2 2057/143/2
f 1924/142/2 2058/144/2 1923/145/2
f 2059/146/2 1923/145/2 2058/144/2
f 1923/145/2 2059/146/2 1922/147/2
f 1922/147/2 2059/146/2 2060/148/2
f 1921/149/2 2061/151/2 1920/150/2
f 1935/152/2 1936/154/2 2044/153/2
f 1919/155/2 2062/157/2 1918/156/2
f 1918/156/2 2062/157/2 2063/158/2
f 2044/153/2 2045/159/2 1935/152/2
f 1934/160/2 1935/152/2 2045/159/2
f 2061/151/2 1919/155/2 1920/150/2
f 1919/155/2 2061/151/2 2062/157/2
f 1937/161/2 2042/163/2 2043/162/2
f 2042/163/2 1937/161/2 1938/164/2
f 1963/165/2 1964/167/2 2065/166/2
f 1939/168/2 1940/170/2 2041/169/2
f 2041/169/2 2042/163/2 1939/168/2
f 1938/164/2 1939/168/2 2042/163/2
f 2064/171/2 1916/65/2 1917/172/2
f 1916/65/2 2064/171/2 1964/167/2
f 1964/167/2 2064/171/2 2065/166/2
f 1936/154/2 2043/162/2 2044/153/2
f 2043/162/2 1936/154/2 1937/161/2
f 2063/158/2 1917/172/2 1918/156/2
f 1917/172/2 2063/158/2 2064/171/2
f 2045/159/2 2046/173/2 1934/160/2
f 1934/160/2 2046/173/2 1933/174/2
f 2047/126/2 1933/174/2 2046/173/2
f 1932/127/2 1933/174/2 2047/126/2
f 2060/148/2 1921/149/2 1922/147/2
f 1921/149/2 2060/148/2 2061/151/2
f 1961/175/2 1962/177/2 2067/176/2
f 2066/178/2 2067/176/2 1962/177/2
f 2069/179/2 2070/181/2 1959/180/2
f 1959/180/2 1960/182/2 2069/179/2
f 2068/183/2 2069/179/2 1960/182/2
f 1960/182/2 1961/175/2 2068/183/2
f 2067/176/2 2068/183/2 1961/175/2
f 2073/184/2 2074/186/2 1956/185/2
f 1956/185/2 1957/187/2 2073/184/2
f 2072/188/2 2073/184/2 1957/187/2
f 1941/189/2 2039/191/2 2040/190/2
f 1942/192/2 2039/191/2 1941/189/2
f 2039/191/2 1942/192/2 1943/193/2
f 1957/187/2 1958/194/2 2072/188/2
f 2072/188/2 1958/194/2 2071/195/2
f 1959/180/2 2071/195/2 1958/194/2
f 2070/181/2 2071/195/2 1959/180/2
f 1943/193/2 2038/196/2 2039/191/2
f 1944/197/2 2038/196/2 1943/193/2
f 1956/185/2 2075/199/2 1955/198/2
f 2074/186/2 2075/199/2 1956/185/2
f 1940/170/2 2040/190/2 2041/169/2
f 2040/190/2 1940/170/2 1941/189/2
f 2065/166/2 1962/177/2 1963/165/2
f 1962/177/2 2065/166/2 2066/178/2
f 1952/200/2 1953/202/2 2077/201/2
f 2089/203/2 1991/205/2 2088/204/2
f 2078/206/2 2002/207/2 2077/201/2
f 2002/207/2 2078/206/2 2001/208/2
f 2079/209/2 2001/208/2 2078/206/2
f 2001/208/2 2079/209/2 2000/210/2
f 2080/211/2 2000/210/2 2079/209/2
f 2000/210/2 2080/211/2 1999/212/2
f 2081/213/2 1999/212/2 2080/211/2
f 1999/212/2 2081/213/2 1998/214/2
f 2082/215/2 1998/214/2 2081/213/2
f 1998/214/2 2082/215/2 1997/216/2
f 2083/217/2 1997/216/2 2082/215/2
f 1997/216/2 2083/217/2 1996/218/2
f 2084/219/2 1996/218/2 2083/217/2
f 1996/218/2 2084/219/2 1995/220/2
f 2085/221/2 1995/220/2 2084/219/2
f 1995/220/2 2085/221/2 1994/222/2
f 2086/223/2 1994/222/2 2085/221/2
f 1994/222/2 2086/223/2 1993/224/2
f 2087/225/2 1993/224/2 2086/223/2
f 1993/224/2 2087/225/2 1992/226/2
f 2088/204/2 1992/226/2 2087/225/2
f 1991/205/2 1992/226/2 2088/204/2
f 2089/203/2 1990/227/2 1991/205/2
f 2027/228/2 2028/230/2 2004/229/2
f 2003/231/2 2004/229/2 2028/230/2
f 1989/232/2 1966/234/2 1988/233/2
f 1988/233/2 1966/234/2 1967/235/2
f 1970/236/2 1984/238/2 1985/237/2
f 1984/238/2 1970/236/2 1971/239/2
f 2024/240/2 2025/242/2 2007/241/2
f 2006/243/2 2007/241/2 2025/242/2
f 1969/244/2 1985/237/2 1986/40/2
f 1985/237/2 1969/244/2 1970/236/2
f 2025/242/2 2026/245/2 2006/243/2
f 2006/243/2 2026/245/2 2005/246/2
f 2027/228/2 2005/246/2 2026/245/2
f 2004/229/2 2005/246/2 2027/228/2
f 1967/235/2 1987/247/2 1988/233/2
f 1968/248/2 1987/247/2 1967/235/2
f 1987/247/2 1968/248/2 1986/40/2
f 1986/40/2 1968/248/2 1969/244/2
f 1973/249/2 1981/251/2 1982/250/2
f 1981/251/2 1973/249/2 1974/252/2
f 2022/253/2 2010/255/2 2021/254/2
f 2009/256/2 2010/255/2 2022/253/2
f 1972/257/2 1982/250/2 1983/258/2
f 1982/250/2 1972/257/2 1973/249/2
f 2016/259/2 2017/261/2 2015/260/2
f 2015/260/2 2017/261/2 2014/262/2
f 2018/263/2 2014/262/2 2017/261/2
f 2014/262/2 2018/263/2 2013/264/2
f 1975/265/2 1979/267/2 1980/266/2
f 1976/268/2 1979/267/2 1975/265/2
f 1979/267/2 1976/268/2 1978/269/2
f 1978/269/2 1976/268/2 1977/270/2
f 2018/263/2 2019/271/2 2013/264/2
f 2013/264/2 2019/271/2 2012/272/2
f 2020/273/2 2012/272/2 2019/271/2
f 2012/272/2 2020/273/2 2011/274/2
f 2021/254/2 2011/274/2 2020/273/2
f 2010/255/2 2011/274/2 2021/254/2
f 1974/252/2 1980/266/2 1981/251/2
f 1980/266/2 1974/252/2 1975/265/2
f 2022/253/2 2023/275/2 2009/256/2
f 2009/256/2 2023/275/2 2008/276/2
f 2024/240/2 2008/276/2 2023/275/2
f 2007/241/2 2008/276/2 2024/240/2
f 1971/239/2 1983/258/2 1984/238/2
f 1983/258/2 1971/239/2 1972/257/2
f 1948/277/2 2031/279/2 2032/278/2
f 1949/280/2 2031/279/2 1948/277/2
f 2031/279/2 1949/280/2 2030/281/2
f 2030/281/2 1949/280/2 2029/282/2
f 1950/283/2 2029/282/2 1949/280/2
f 1951/284/2 2029/282/2 1950/283/2
f 2029/282/2 1951/284/2 2028/230/2
f 1952/200/2 2028/230/2 1951/284/2
f 2028/230/2 1952/200/2 2003/231/2
f 2077/201/2 2003/231/2 1952/200/2
f 2002/207/2 2003/231/2 2077/201/2
f 1965/285/2 1989/232/2 1990/227/2
f 1989/232/2 1965/285/2 1966/234/2
f 1944/197/2 2037/286/2 2038/196/2
f 2037/286/2 1944/197/2 2036/287/2
f 1945/288/2 2036/287/2 1944/197/2
f 2036/287/2 1945/288/2 2035/289/2
f 1946/290/2 2035/289/2 1945/288/2
f 2035/289/2 1946/290/2 2034/291/2
f 1947/292/2 2034/291/2 1946/290/2
f 2034/291/2 1947/292/2 2033/293/2
f 2033/293/2 1947/292/2 2032/278/2
f 2032/278/2 1947/292/2 1948/277/2
f 1953/202/2 1954/294/2 2077/201/2
f 2077/201/2 1954/294/2 2076/295/2
f 1955/198/2 2076/295/2 1954/294/2
f 2075/199/2 2076/295/2 1955/198/2
f 2089/203/2 2090/296/2 1990/227/2
f 2091/297/2 1990/227/2 2090/296/2
f 2092/298/2 1990/227/2 2091/297/2
f 1990/227/2 2092/298/2 1965/285/2
f 2093/299/2 1965/285/2 2092/298/2
f 2094/300/2 1965/285/2 2093/299/2
f 2095/301/2 1965/285/2 2094/300/2
f 2096/302/2 1965/285/2 2095/301/2
f 2097/303/2 1965/285/2 2096/302/2
f 1965/285/2 2097/303/2 2126/120/2
f 2098/304/2 2126/120/2 2097/303/2
f 2099/305/2 2126/120/2 2098/304/2
f 2100/306/2 2126/120/2 2099/305/2
f 2101/307/2 2126/120/2 2100/306/2
f 2102/308/2 2126/120/2 2101/307/2
f 2126/120/2 2102/308/2 2125/309/2
f 2125/309/2 2102/308/2 2124/310/2
f 2103/311/2 2124/310/2 2102/308/2
f 2124/310/2 2103/311/2 2123/312/2
f 2104/313/2 2123/312/2 2103/311/2
f 2123/312/2 2104/313/2 2122/314/2
f 2105/315/2 2122/314/2 2104/313/2
f 2122/314/2 2105/315/2 2121/316/2
f 2106/317/2 2121/316/2 2105/315/2
f 2121/316/2 2106/317/2 2120/318/2
f 2107/319/2 2120/318/2 2106/317/2
f 2120/318/2 2107/319/2 2119/320/2
f 2108/321/2 2119/320/2 2107/319/2
f 2119/320/2 2108/321/2 2118/322/2
f 2109/323/2 2118/322/2 2108/321/2
f 2118/322/2 2109/323/2 2117/324/2
f 2110/325/2 2117/324/2 2109/323/2
f 2117/324/2 2110/325/2 2116/326/2
f 2111/327/2 2116/326/2 2110/325/2
f 2116/326/2 2111/327/2 2115/328/2
f 2112/329/2 2115/328/2 2111/327/2
f 2115/328/2 2112/329/2 2114/330/2
f 2113/331/2 2114/330/2 2112/329/2
f 2127/65/2 2199/332/2 2224/120/2
f 2200/333/2 2224/120/2 2199/332/2
f 2224/120/2 2200/333/2 2223/334/2
f 2184/335/2 2185/337/2 2141/336/2
f 2141/336/2 2185/337/2 2140/338/2
f 2186/339/2 2140/338/2 2185/337/2
f 2140/338/2 2186/339/2 2139/340/2
f 2187/341/2 2139/340/2 2186/339/2
f 2139/340/2 2187/341/2 2138/342/2
f 2188/343/2 2138/342/2 2187/341/2
f 2138/342/2 2188/343/2 2137/344/2
f 2189/345/2 2137/344/2 2188/343/2
f 2137/344/2 2189/345/2 2136/346/2
f 2190/347/2 2136/346/2 2189/345/2
f 2136/346/2 2190/347/2 2135/348/2
f 2191/349/2 2135/348/2 2190/347/2
f 2135/348/2 2191/349/2 2134/350/2
f 2192/351/2 2134/350/2 2191/349/2
f 2134/350/2 2192/351/2 2133/352/2
f 2193/353/2 2133/352/2 2192/351/2
f 2133/352/2 2193/353/2 2132/354/2
f 2194/355/2 2132/354/2 2193/353/2
f 2132/354/2 2194/355/2 2131/356/2
f 2195/357/2 2131/356/2 2194/355/2
f 2131/356/2 2195/357/2 2130/358/2
f 2196/359/2 2130/358/2 2195/357/2
f 2130/358/2 2196/359/2 2129/360/2
f 2197/361/2 2129/360/2 2196/359/2
f 2129/360/2 2197/361/2 2128/362/2
f 2198/363/2 2128/362/2 2197/361/2
f 2128/362/2 2198/363/2 2127/65/2
f 2127/65/2 2198/363/2 2199/332/2
f 2178/364/2 2179/366/2 2146/365/2
f 2146/365/2 2179/366/2 2145/367/2
f 2147/368/2 2148/370/2 2177/369/2
f 2149/371/2 2175/373/2 2176/372/2
f 2148/370/2 2176/372/2 2177/369/2
f 2176/372/2 2148/370/2 2149/371/2
f 2177/369/2 2178/364/2 2147/368/2
f 2146/365/2 2147/368/2 2178/364/2
f 2151/374/2 2174/376/2 2150/375/2
f 2151/374/2 2173/377/2 2174/376/2
f 2173/377/2 2151/374/2 2152/378/2
f 2154/379/2 2170/381/2 2171/380/2
f 2170/381/2 2154/379/2 2155/382/2
f 2152/378/2 2172/383/2 2173/377/2
f 2153/384/2 2172/383/2 2152/378/2
f 2172/383/2 2153/384/2 2171/380/2
f 2171/380/2 2153/384/2 2154/379/2
f 2164/385/2 2161/387/2 2163/386/2
f 2163/386/2 2161/387/2 2162/388/2
f 2157/389/2 2167/391/2 2168/390/2
f 2158/392/2 2167/391/2 2157/389/2
f 2167/391/2 2158/392/2 2166/393/2
f 2159/394/2 2166/393/2 2158/392/2
f 2166/393/2 2159/394/2 2165/395/2
f 2160/396/2 2165/395/2 2159/394/2
f 2165/395/2 2160/396/2 2164/385/2
f 2164/385/2 2160/396/2 2161/387/2
f 2155/382/2 2169/397/2 2170/381/2
f 2156/398/2 2169/397/2 2155/382/2
f 2169/397/2 2156/398/2 2168/390/2
f 2168/390/2 2156/398/2 2157/389/2
f 2174/376/2 2175/373/2 2150/375/2
f 2149/371/2 2150/375/2 2175/373/2
f 2179/366/2 2180/399/2 2145/367/2
f 2145/367/2 2180/399/2 2144/400/2
f 2181/401/2 2144/400/2 2180/399/2
f 2144/400/2 2181/401/2 2143/402/2
f 2182/403/2 2143/402/2 2181/401/2
f 2183/404/2 2143/402/2 2182/403/2
f 2143/402/2 2183/404/2 2142/405/2
f 2184/335/2 2142/405/2 2183/404/2
f 2141/336/2 2142/405/2 2184/335/2
f 2200/333/2 2222/406/2 2223/334/2
f 2201/407/2 2222/406/2 2200/333/2
f 2222/406/2 2201/407/2 2221/408/2
f 2202/409/2 2221/408/2 2201/407/2
f 2221/408/2 2202/409/2 2220/410/2
f 2203/411/2 2220/410/2 2202/409/2
f 2220/410/2 2203/411/2 2219/412/2
f 2204/413/2 2219/412/2 2203/411/2
f 2219/412/2 2204/413/2 2218/414/2
f 2205/415/2 2218/414/2 2204/413/2
f 2218/414/2 2205/415/2 2217/416/2
f 2206/417/2 2217/416/2 2205/415/2
f 2217/416/2 2206/417/2 2216/418/2
f 2207/419/2 2216/418/2 2206/417/2
f 2216/418/2 2207/419/2 2215/420/2
f 2208/421/2 2215/420/2 2207/419/2
f 2215/420/2 2208/421/2 2214/422/2
f 2209/423/2 2214/422/2 2208/421/2
f 2214/422/2 2209/423/2 2213/424/2
f 2210/425/2 2213/424/2 2209/423/2
f 2213/424/2 2210/425/2 2212/426/2
f 2211/427/2 2212/426/2 2210/425/2
f 2410/428/2 2408/429/2 2409/138/2
f 2423/430/2 2405/133/2 2406/431/2
f 2423/430/2 2404/432/2 2405/133/2
f 2493/324/2 2390/434/2 2492/433/2
f 2391/435/2 2492/433/2 2390/434/2
f 2492/433/2 2391/435/2 2501/312/2
f 2501/312/2 2391/435/2 2500/436/2
f 2422/437/2 2406/431/2 2407/438/2
f 2406/431/2 2422/437/2 2423/430/2
f 2383/439/2 2381/293/2 2382/440/2
f 2381/293/2 2383/439/2 2380/441/2
f 2380/441/2 2383/439/2 2379/442/2
f 2378/443/2 2379/442/2 2384/444/2
f 2393/163/2 2394/446/2 2396/445/2
f 2410/428/2 2411/447/2 2408/429/2
f 2412/448/2 2408/429/2 2411/447/2
f 2413/143/2 2408/429/2 2412/448/2
f 2408/429/2 2413/143/2 2407/438/2
f 2414/449/2 2407/438/2 2413/143/2
f 2407/438/2 2414/449/2 2422/437/2
f 2415/450/2 2422/437/2 2414/449/2
f 2416/451/2 2422/437/2 2415/450/2
f 2417/148/2 2422/437/2 2416/451/2
f 2418/452/2 2422/437/2 2417/148/2
f 2419/453/2 2422/437/2 2418/452/2
f 2420/454/2 2422/437/2 2419/453/2
f 2421/158/2 2422/437/2 2420/454/2
f 2424/455/2 2402/457/2 2403/456/2
f 2425/178/2 2400/458/2 2401/125/2
f 2424/455/2 2401/125/2 2402/457/2
f 2401/125/2 2424/455/2 2425/178/2
f 2399/459/2 2426/461/2 2398/460/2
f 2376/462/2 2377/281/2 2384/444/2
f 2378/443/2 2384/444/2 2377/281/2
f 2425/178/2 2399/459/2 2400/458/2
f 2399/459/2 2425/178/2 2426/461/2
f 2374/463/2 2375/465/2 2459/464/2
f 2497/318/2 2491/467/2 2496/466/2
f 2498/468/2 2496/466/2 2491/467/2
f 2496/466/2 2498/468/2 2505/120/2
f 2499/469/2 2505/120/2 2498/468/2
f 2384/444/2 2375/465/2 2376/462/2
f 2375/465/2 2384/444/2 2459/464/2
f 2385/287/2 2459/464/2 2384/444/2
f 2459/464/2 2385/287/2 2458/470/2
f 2388/471/2 2458/470/2 2385/287/2
f 2458/470/2 2388/471/2 2455/472/2
f 2389/191/2 2455/472/2 2388/471/2
f 2455/472/2 2389/191/2 2454/473/2
f 2490/474/2 2454/473/2 2389/191/2
f 2454/473/2 2490/474/2 2497/318/2
f 2497/318/2 2490/474/2 2491/467/2
f 2426/461/2 2397/159/2 2398/460/2
f 2397/159/2 2426/461/2 2427/475/2
f 2387/476/2 2385/287/2 2386/477/2
f 2385/287/2 2387/476/2 2388/471/2
f 2493/324/2 2389/191/2 2390/434/2
f 2389/191/2 2493/324/2 2490/474/2
f 2501/312/2 2491/467/2 2492/433/2
f 2491/467/2 2501/312/2 2498/468/2
f 2499/469/2 2500/436/2 2392/478/2
f 2391/435/2 2392/478/2 2500/436/2
f 2403/456/2 2404/432/2 2424/455/2
f 2423/430/2 2424/455/2 2404/432/2
f 2440/479/2 2441/206/2 2431/480/2
f 2430/481/2 2442/483/2 2443/482/2
f 2442/483/2 2430/481/2 2441/206/2
f 2441/206/2 2430/481/2 2431/480/2
f 2429/179/2 2444/484/2 2445/213/2
f 2444/484/2 2429/179/2 2443/482/2
f 2443/482/2 2429/179/2 2430/481/2
f 2359/485/2 2360/486/2 2357/260/2
f 2361/263/2 2355/488/2 2356/487/2
f 2355/488/2 2361/263/2 2362/489/2
f 2360/486/2 2356/487/2 2357/260/2
f 2356/487/2 2360/486/2 2361/263/2
f 2353/272/2 2354/491/2 2364/490/2
f 2363/492/2 2364/490/2 2354/491/2
f 2364/490/2 2365/254/2 2353/272/2
f 2354/491/2 2355/488/2 2363/492/2
f 2362/489/2 2363/492/2 2355/488/2
f 2357/260/2 2358/493/2 2359/485/2
f 2451/494/2 2503/496/2 2504/495/2
f 2451/494/2 2452/497/2 2503/496/2
f 2431/480/2 2439/498/2 2440/479/2
f 2352/499/2 2366/501/2 2367/500/2
f 2367/500/2 2351/502/2 2352/499/2
f 2351/502/2 2367/500/2 2368/503/2
f 2436/504/2 2437/199/2 2433/188/2
f 2432/505/2 2437/199/2 2438/506/2
f 2437/199/2 2432/505/2 2433/188/2
f 2475/507/2 2473/308/2 2474/508/2
f 2447/509/2 2448/511/2 2450/510/2
f 2344/512/2 2461/299/2 2343/513/2
f 2343/513/2 2461/299/2 2462/514/2
f 2347/515/2 2345/243/2 2346/516/2
f 2348/517/2 2345/243/2 2347/515/2
f 2349/256/2 2345/243/2 2348/517/2
f 2350/518/2 2345/243/2 2349/256/2
f 2351/502/2 2345/243/2 2350/518/2
f 2368/503/2 2345/243/2 2351/502/2
f 2369/240/2 2345/243/2 2368/503/2
f 2370/519/2 2345/243/2 2369/240/2
f 2345/243/2 2370/519/2 2344/512/2
f 2344/512/2 2370/519/2 2461/299/2
f 2461/299/2 2370/519/2 2460/520/2
f 2433/188/2 2435/521/2 2436/504/2
f 2435/521/2 2433/188/2 2434/522/2
f 2352/499/2 2353/272/2 2366/501/2
f 2365/254/2 2366/501/2 2353/272/2
f 2370/519/2 2371/523/2 2460/520/2
f 2453/225/2 2454/473/2 2494/524/2
f 2503/496/2 2452/497/2 2502/525/2
f 2438/506/2 2439/498/2 2432/505/2
f 2431/480/2 2432/505/2 2439/498/2
f 2459/464/2 2373/228/2 2374/463/2
f 2373/228/2 2459/464/2 2372/526/2
f 2372/526/2 2459/464/2 2371/523/2
f 2371/523/2 2459/464/2 2460/520/2
f 2455/472/2 2457/296/2 2458/470/2
f 2457/296/2 2455/472/2 2456/527/2
f 2497/318/2 2494/524/2 2454/473/2
f 2505/120/2 2495/528/2 2496/466/2
f 2495/528/2 2505/120/2 2502/525/2
f 2499/469/2 2504/495/2 2505/120/2
f 2392/478/2 2504/495/2 2499/469/2
f 2504/495/2 2392/478/2 2451/494/2
f 2393/163/2 2451/494/2 2392/478/2
f 2451/494/2 2393/163/2 2450/510/2
f 2396/445/2 2450/510/2 2393/163/2
f 2450/510/2 2396/445/2 2447/509/2
f 2397/159/2 2447/509/2 2396/445/2
f 2447/509/2 2397/159/2 2446/529/2
f 2427/475/2 2446/529/2 2397/159/2
f 2428/530/2 2446/529/2 2427/475/2
f 2446/529/2 2428/530/2 2445/213/2
f 2445/213/2 2428/530/2 2429/179/2
f 2295/531/2 2298/533/2 2294/532/2
f 2296/534/2 2298/533/2 2295/531/2
f 2296/534/2 2297/236/2 2298/533/2
f 2466/535/2 2340/536/2 2465/302/2
f 2340/536/2 2466/535/2 2339/537/2
f 2467/538/2 2339/537/2 2466/535/2
f 2285/175/2 2286/540/2 2284/539/2
f 2287/541/2 2284/539/2 2286/540/2
f 2288/542/2 2284/539/2 2287/541/2
f 2288/542/2 2283/543/2 2284/539/2
f 2289/167/2 2283/543/2 2288/542/2
f 2304/544/2 2305/268/2 2280/545/2
f 2280/545/2 2281/194/2 2304/544/2
f 2303/546/2 2304/544/2 2281/194/2
f 2281/194/2 2282/547/2 2303/546/2
f 2302/548/2 2303/546/2 2282/547/2
f 2282/547/2 2283/543/2 2302/548/2
f 2289/167/2 2302/548/2 2283/543/2
f 2301/249/2 2302/548/2 2289/167/2
f 2289/167/2 2290/549/2 2301/249/2
f 2291/550/2 2301/249/2 2290/549/2
f 2301/249/2 2291/550/2 2300/551/2
f 2292/552/2 2300/551/2 2291/550/2
f 2293/235/2 2300/551/2 2292/552/2
f 2300/551/2 2293/235/2 2299/553/2
f 2294/532/2 2299/553/2 2293/235/2
f 2298/533/2 2299/553/2 2294/532/2
f 2467/538/2 2338/554/2 2339/537/2
f 2468/555/2 2338/554/2 2467/538/2
f 2338/554/2 2468/555/2 2337/210/2
f 2469/305/2 2337/210/2 2468/555/2
f 2470/556/2 2337/210/2 2469/305/2
f 2337/210/2 2470/556/2 2336/557/2
f 2471/558/2 2336/557/2 2470/556/2
f 2336/557/2 2471/558/2 2335/559/2
f 2472/560/2 2335/559/2 2471/558/2
f 2335/559/2 2472/560/2 2334/561/2
f 2473/308/2 2334/561/2 2472/560/2
f 2476/562/2 2334/561/2 2473/308/2
f 2334/561/2 2476/562/2 2236/563/2
f 2477/315/2 2236/563/2 2476/562/2
f 2236/563/2 2477/315/2 2235/564/2
f 2478/565/2 2235/564/2 2477/315/2
f 2235/564/2 2478/565/2 2234/566/2
f 2479/567/2 2234/566/2 2478/565/2
f 2234/566/2 2479/567/2 2233/147/2
f 2480/568/2 2233/147/2 2479/567/2
f 2233/147/2 2480/568/2 2232/569/2
f 2481/321/2 2232/569/2 2480/568/2
f 2232/569/2 2481/321/2 2231/570/2
f 2482/571/2 2231/570/2 2481/321/2
f 2231/570/2 2482/571/2 2230/572/2
f 2483/573/2 2230/572/2 2482/571/2
f 2230/572/2 2483/573/2 2229/155/2
f 2484/574/2 2229/155/2 2483/573/2
f 2229/155/2 2484/574/2 2228/575/2
f 2485/327/2 2228/575/2 2484/574/2
f 2228/575/2 2485/327/2 2227/576/2
f 2486/577/2 2227/576/2 2485/327/2
f 2227/576/2 2486/577/2 2226/578/2
f 2487/579/2 2226/578/2 2486/577/2
f 2226/578/2 2487/579/2 2225/65/2
f 2488/580/2 2225/65/2 2487/579/2
f 2225/65/2 2488/580/2 2489/330/2
f 2306/581/2 2278/583/2 2279/582/2
f 2278/583/2 2306/581/2 2307/584/2
f 2308/585/2 2309/267/2 2277/198/2
f 2277/198/2 2278/583/2 2308/585/2
f 2307/584/2 2308/585/2 2278/583/2
f 2311/586/2 2275/588/2 2276/587/2
f 2312/589/2 2275/588/2 2311/586/2
f 2275/588/2 2312/589/2 2274/590/2
f 2313/250/2 2274/590/2 2312/589/2
f 2274/590/2 2313/250/2 2314/591/2
f 2309/267/2 2276/587/2 2277/198/2
f 2310/592/2 2276/587/2 2309/267/2
f 2276/587/2 2310/592/2 2311/586/2
f 2270/593/2 2317/237/2 2269/280/2
f 2269/280/2 2317/237/2 2268/594/2
f 2318/595/2 2268/594/2 2317/237/2
f 2314/591/2 2273/200/2 2274/590/2
f 2315/596/2 2273/200/2 2314/591/2
f 2273/200/2 2315/596/2 2272/597/2
f 2316/598/2 2272/597/2 2315/596/2
f 2272/597/2 2316/598/2 2271/599/2
f 2271/599/2 2316/598/2 2270/593/2
f 2270/593/2 2316/598/2 2317/237/2
f 2253/161/2 2329/222/2 2252/600/2
f 2330/601/2 2252/600/2 2329/222/2
f 2331/602/2 2252/600/2 2330/601/2
f 2252/600/2 2331/602/2 2251/603/2
f 2332/604/2 2251/603/2 2331/602/2
f 2251/603/2 2332/604/2 2250/605/2
f 2333/216/2 2250/605/2 2332/604/2
f 2250/605/2 2333/216/2 2249/160/2
f 2249/160/2 2333/216/2 2248/606/2
f 2248/606/2 2333/216/2 2247/607/2
f 2247/607/2 2333/216/2 2246/608/2
f 2246/608/2 2333/216/2 2245/128/2
f 2245/128/2 2333/216/2 2244/609/2
f 2244/609/2 2333/216/2 2243/610/2
f 2243/610/2 2333/216/2 2242/611/2
f 2242/611/2 2333/216/2 2241/135/2
f 2241/135/2 2333/216/2 2240/612/2
f 2240/612/2 2333/216/2 2239/613/2
f 2239/613/2 2333/216/2 2238/614/2
f 2238/614/2 2333/216/2 2237/141/2
f 2318/595/2 2267/615/2 2268/594/2
f 2267/615/2 2318/595/2 2266/616/2
f 2266/616/2 2318/595/2 2265/290/2
f 2319/617/2 2265/290/2 2318/595/2
f 2265/290/2 2319/617/2 2264/618/2
f 2264/618/2 2319/617/2 2263/619/2
f 2320/620/2 2263/619/2 2319/617/2
f 2263/619/2 2320/620/2 2262/621/2
f 2262/621/2 2320/620/2 2261/193/2
f 2321/233/2 2261/193/2 2320/620/2
f 2261/193/2 2321/233/2 2260/622/2
f 2322/623/2 2260/622/2 2321/233/2
f 2260/622/2 2322/623/2 2259/624/2
f 2323/625/2 2259/624/2 2322/623/2
f 2259/624/2 2323/625/2 2258/626/2
f 2324/627/2 2258/626/2 2323/625/2
f 2258/626/2 2324/627/2 2257/170/2
f 2325/205/2 2257/170/2 2324/627/2
f 2257/170/2 2325/205/2 2256/628/2
f 2326/629/2 2256/628/2 2325/205/2
f 2256/628/2 2326/629/2 2255/630/2
f 2327/631/2 2255/630/2 2326/629/2
f 2255/630/2 2327/631/2 2254/632/2
f 2328/633/2 2254/632/2 2327/631/2
f 2254/632/2 2328/633/2 2253/161/2
f 2253/161/2 2328/633/2 2329/222/2
f 2305/268/2 2279/582/2 2280/545/2
f 2279/582/2 2305/268/2 2306/581/2
f 2236/563/2 2333/216/2 2334/561/2
f 2333/216/2 2236/563/2 2237/141/2
f 2462/514/2 2342/634/2 2343/513/2
f 2463/635/2 2342/634/2 2462/514/2
f 2342/634/2 2463/635/2 2341/231/2
f 2464/636/2 2341/231/2 2463/635/2
f 2341/231/2 2464/636/2 2340/536/2
f 2340/536/2 2464/636/2 2465/302/2
f 2383/439/2 2384/444/2 2379/442/2
f 2395/637/2 2396/445/2 2394/446/2
f 2449/219/2 2450/510/2 2448/511/2
f 2495/528/2 2453/225/2 2494/524/2
f 2453/225/2 2495/528/2 2452/497/2
f 2502/525/2 2452/497/2 2495/528/2
f 2473/308/2 2475/507/2 2476/562/2
f 2571/638/2 2575/640/2 2570/639/2
f 2572/641/2 2575/640/2 2571/638/2
f 2573/642/2 2575/640/2 2572/641/2
f 2574/643/2 2575/640/2 2573/642/2
f 2603/644/2 2601/646/2 2602/645/2
f 2604/647/2 2601/646/2 2603/644/2
f 2604/647/2 2605/648/2 2601/646/2
f 2598/649/2 2616/651/2 2597/650/2
f 2598/649/2 2599/652/2 2616/651/2
f 2605/648/2 2600/653/2 2601/646/2
f 2606/654/2 2600/653/2 2605/648/2
f 2607/655/2 2600/653/2 2606/654/2
f 2600/653/2 2607/655/2 2599/652/2
f 2599/652/2 2607/655/2 2616/651/2
f 2615/656/2 2616/651/2 2607/655/2
f 2562/657/2 2563/659/2 2561/658/2
f 2564/660/2 2561/658/2 2563/659/2
f 2565/661/2 2561/658/2 2564/660/2
f 2566/662/2 2561/658/2 2565/661/2
f 2561/658/2 2566/662/2 2560/663/2
f 2567/664/2 2560/663/2 2566/662/2
f 2568/665/2 2560/663/2 2567/664/2
f 2569/666/2 2560/663/2 2568/665/2
f 2560/663/2 2569/666/2 2559/667/2
f 2570/639/2 2559/667/2 2569/666/2
f 2575/640/2 2559/667/2 2570/639/2
f 2559/667/2 2575/640/2 2558/668/2
f 2576/669/2 2558/668/2 2575/640/2
f 2558/668/2 2576/669/2 2557/670/2
f 2557/670/2 2576/669/2 2577/671/2
f 2607/655/2 2608/672/2 2615/656/2
f 2609/673/2 2615/656/2 2608/672/2
f 2610/674/2 2615/656/2 2609/673/2
f 2611/675/2 2615/656/2 2610/674/2
f 2612/676/2 2615/656/2 2611/675/2
f 2613/677/2 2615/656/2 2612/676/2
f 2614/678/2 2615/656/2 2613/677/2
f 2617/679/2 2595/681/2 2596/680/2
f 2595/681/2 2617/679/2 2594/682/2
f 2594/682/2 2617/679/2 2618/683/2
f 2553/684/2 2581/686/2 2552/685/2
f 2552/685/2 2581/686/2 2551/687/2
f 2582/688/2 2551/687/2 2581/686/2
f 2551/687/2 2582/688/2 2550/689/2
f 2583/690/2 2550/689/2 2582/688/2
f 2550/689/2 2583/690/2 2584/691/2
f 2618/683/2 2593/692/2 2594/682/2
f 2593/692/2 2618/683/2 2592/693/2
f 2592/693/2 2618/683/2 2591/694/2
f 2591/694/2 2618/683/2 2619/695/2
f 2522/696/2 2523/698/2 2547/697/2
f 2521/699/2 2589/701/2 2518/700/2
f 2590/702/2 2518/700/2 2589/701/2
f 2518/700/2 2590/702/2 2517/703/2
f 2620/704/2 2517/703/2 2590/702/2
f 2621/705/2 2517/703/2 2620/704/2
f 2622/706/2 2517/703/2 2621/705/2
f 2623/707/2 2514/709/2 2515/708/2
f 2525/710/2 2547/697/2 2524/711/2
f 2523/698/2 2524/711/2 2547/697/2
f 2622/706/2 2516/712/2 2517/703/2
f 2516/712/2 2622/706/2 2515/708/2
f 2515/708/2 2622/706/2 2623/707/2
f 2584/691/2 2547/697/2 2550/689/2
f 2547/697/2 2584/691/2 2522/696/2
f 2585/713/2 2522/696/2 2584/691/2
f 2586/714/2 2522/696/2 2585/713/2
f 2522/696/2 2586/714/2 2521/699/2
f 2521/699/2 2586/714/2 2589/701/2
f 2619/695/2 2590/702/2 2591/694/2
f 2590/702/2 2619/695/2 2620/704/2
f 2547/697/2 2548/715/2 2550/689/2
f 2577/671/2 2556/716/2 2557/670/2
f 2578/717/2 2556/716/2 2577/671/2
f 2556/716/2 2578/717/2 2555/718/2
f 2579/719/2 2555/718/2 2578/717/2
f 2555/718/2 2579/719/2 2554/720/2
f 2580/721/2 2554/720/2 2579/719/2
f 2554/720/2 2580/721/2 2553/684/2
f 2553/684/2 2580/721/2 2581/686/2
f 2588/722/2 2586/714/2 2587/723/2
f 2586/714/2 2588/722/2 2589/701/2
f 2616/651/2 2596/680/2 2597/650/2
f 2596/680/2 2616/651/2 2617/679/2
f 2510/724/2 2625/726/2 2509/725/2
f 2509/725/2 2625/726/2 2508/727/2
f 2508/727/2 2625/726/2 2626/728/2
f 2849/729/2 2855/731/2 2848/730/2
f 2850/732/2 2855/731/2 2849/729/2
f 2851/733/2 2855/731/2 2850/732/2
f 2851/733/2 2852/734/2 2855/731/2
f 2853/735/2 2855/731/2 2852/734/2
f 2854/736/2 2855/731/2 2853/735/2
f 2536/737/2 2534/739/2 2535/738/2
f 2537/740/2 2534/739/2 2536/737/2
f 2538/741/2 2534/739/2 2537/740/2
f 2534/739/2 2538/741/2 2533/742/2
f 2539/743/2 2533/742/2 2538/741/2
f 2533/742/2 2539/743/2 2532/744/2
f 2540/745/2 2532/744/2 2539/743/2
f 2532/744/2 2540/745/2 2531/746/2
f 2541/747/2 2531/746/2 2540/745/2
f 2530/748/2 2531/746/2 2541/747/2
f 2626/728/2 2507/749/2 2508/727/2
f 2507/749/2 2626/728/2 2506/65/2
f 2506/65/2 2626/728/2 2627/750/2
f 2723/751/2 2724/753/2 2729/752/2
f 2725/754/2 2729/752/2 2724/753/2
f 2677/755/2 2669/757/2 2670/756/2
f 2670/756/2 2671/758/2 2677/755/2
f 2672/759/2 2677/755/2 2671/758/2
f 2795/760/2 2796/762/2 2803/761/2
f 2841/763/2 2856/765/2 2857/764/2
f 2664/766/2 2665/768/2 2663/767/2
f 2666/769/2 2663/767/2 2665/768/2
f 2667/770/2 2663/767/2 2666/769/2
f 2843/771/2 2841/763/2 2842/772/2
f 2844/773/2 2841/763/2 2843/771/2
f 2796/762/2 2797/774/2 2803/761/2
f 2798/775/2 2803/761/2 2797/774/2
f 2799/776/2 2803/761/2 2798/775/2
f 2800/777/2 2803/761/2 2799/776/2
f 2801/778/2 2803/761/2 2800/777/2
f 2802/779/2 2803/761/2 2801/778/2
f 2731/780/2 2720/782/2 2730/781/2
f 2721/783/2 2730/781/2 2720/782/2
f 2722/784/2 2730/781/2 2721/783/2
f 2723/751/2 2730/781/2 2722/784/2
f 2729/752/2 2730/781/2 2723/751/2
f 2667/770/2 2668/785/2 2663/767/2
f 2663/767/2 2668/785/2 2662/786/2
f 2669/757/2 2662/786/2 2668/785/2
f 2677/755/2 2662/786/2 2669/757/2
f 2662/786/2 2677/755/2 2678/787/2
f 2844/773/2 2845/788/2 2841/763/2
f 2841/763/2 2845/788/2 2856/765/2
f 2846/789/2 2856/765/2 2845/788/2
f 2847/790/2 2856/765/2 2846/789/2
f 2848/730/2 2856/765/2 2847/790/2
f 2855/731/2 2856/765/2 2848/730/2
f 2725/754/2 2726/791/2 2729/752/2
f 2727/792/2 2729/752/2 2726/791/2
f 2728/793/2 2729/752/2 2727/792/2
f 2672/759/2 2673/794/2 2677/755/2
f 2674/795/2 2677/755/2 2673/794/2
f 2675/796/2 2677/755/2 2674/795/2
f 2676/797/2 2677/755/2 2675/796/2
f 2541/747/2 2542/798/2 2530/748/2
f 2530/748/2 2542/798/2 2529/799/2
f 2543/800/2 2529/799/2 2542/798/2
f 2544/801/2 2529/799/2 2543/800/2
f 2529/799/2 2544/801/2 2528/802/2
f 2545/803/2 2528/802/2 2544/801/2
f 2528/802/2 2545/803/2 2527/804/2
f 2546/805/2 2527/804/2 2545/803/2
f 2547/697/2 2527/804/2 2546/805/2
f 2527/804/2 2547/697/2 2526/806/2
f 2525/710/2 2526/806/2 2547/697/2
f 2518/700/2 2520/807/2 2521/699/2
f 2520/807/2 2518/700/2 2519/808/2
f 2623/707/2 2513/809/2 2514/709/2
f 2624/810/2 2513/809/2 2623/707/2
f 2513/809/2 2624/810/2 2512/811/2
f 2512/811/2 2624/810/2 2511/812/2
f 2511/812/2 2624/810/2 2510/724/2
f 2510/724/2 2624/810/2 2625/726/2
f 2840/813/2 2859/815/2 2860/814/2
f 2714/816/2 2734/818/2 2735/817/2
f 2750/819/2 2751/821/2 2753/820/2
f 2840/813/2 2858/822/2 2859/815/2
f 2804/823/2 2787/825/2 2788/824/2
f 2733/826/2 2714/816/2 2715/827/2
f 2714/816/2 2733/826/2 2734/818/2
f 2679/828/2 2659/830/2 2660/829/2
f 2659/830/2 2679/828/2 2658/831/2
f 2680/832/2 2658/831/2 2679/828/2
f 2878/833/2 2879/120/2 2877/834/2
f 2806/835/2 2784/837/2 2785/836/2
f 2713/838/2 2736/840/2 2737/839/2
f 2750/819/2 2753/820/2 2749/841/2
f 2804/823/2 2786/842/2 2787/825/2
f 2805/843/2 2786/842/2 2804/823/2
f 2786/842/2 2805/843/2 2785/836/2
f 2785/836/2 2805/843/2 2806/835/2
f 2735/817/2 2713/838/2 2714/816/2
f 2713/838/2 2735/817/2 2736/840/2
f 2680/832/2 2657/844/2 2658/831/2
f 2657/844/2 2680/832/2 2656/845/2
f 2681/846/2 2656/845/2 2680/832/2
f 2656/845/2 2681/846/2 2655/847/2
f 2655/847/2 2681/846/2 2654/848/2
f 2654/848/2 2681/846/2 2682/849/2
f 2838/850/2 2863/852/2 2864/851/2
f 2862/853/2 2838/850/2 2839/854/2
f 2838/850/2 2862/853/2 2863/852/2
f 2873/855/2 2874/857/2 2756/856/2
f 2756/856/2 2874/857/2 2755/858/2
f 2875/859/2 2755/858/2 2874/857/2
f 2755/858/2 2875/859/2 2754/860/2
f 2754/860/2 2875/859/2 2879/120/2
f 2876/861/2 2879/120/2 2875/859/2
f 2781/862/2 2808/864/2 2780/863/2
f 2739/865/2 2712/867/2 2738/866/2
f 2712/867/2 2739/865/2 2740/868/2
f 2742/869/2 2635/871/2 2741/870/2
f 2635/871/2 2742/869/2 2634/872/2
f 2743/873/2 2634/872/2 2742/869/2
f 2634/872/2 2743/873/2 2633/874/2
f 2744/875/2 2633/874/2 2743/873/2
f 2633/874/2 2744/875/2 2632/876/2
f 2745/877/2 2632/876/2 2744/875/2
f 2631/878/2 2632/876/2 2745/877/2
f 2860/814/2 2839/854/2 2840/813/2
f 2861/879/2 2839/854/2 2860/814/2
f 2839/854/2 2861/879/2 2862/853/2
f 2876/861/2 2877/834/2 2879/120/2
f 2806/835/2 2783/880/2 2784/837/2
f 2807/881/2 2783/880/2 2806/835/2
f 2783/880/2 2807/881/2 2782/882/2
f 2782/882/2 2807/881/2 2781/862/2
f 2781/862/2 2807/881/2 2808/864/2
f 2712/867/2 2713/838/2 2738/866/2
f 2737/839/2 2738/866/2 2713/838/2
f 2745/877/2 2746/883/2 2631/878/2
f 2631/878/2 2746/883/2 2630/884/2
f 2747/885/2 2630/884/2 2746/883/2
f 2630/884/2 2747/885/2 2629/886/2
f 2748/887/2 2629/886/2 2747/885/2
f 2629/886/2 2748/887/2 2628/888/2
f 2749/841/2 2628/888/2 2748/887/2
f 2753/820/2 2628/888/2 2749/841/2
f 2682/849/2 2653/889/2 2654/848/2
f 2653/889/2 2682/849/2 2652/890/2
f 2683/891/2 2652/890/2 2682/849/2
f 2652/890/2 2683/891/2 2684/892/2
f 2866/893/2 2837/895/2 2865/894/2
f 2765/896/2 2866/893/2 2764/897/2
f 2764/897/2 2866/893/2 2763/898/2
f 2867/899/2 2763/898/2 2866/893/2
f 2763/898/2 2867/899/2 2762/900/2
f 2868/901/2 2762/900/2 2867/899/2
f 2762/900/2 2868/901/2 2761/902/2
f 2869/903/2 2761/902/2 2868/901/2
f 2761/902/2 2869/903/2 2760/904/2
f 2811/905/2 2827/907/2 2778/906/2
f 2812/908/2 2827/907/2 2811/905/2
f 2827/907/2 2812/908/2 2826/909/2
f 2639/910/2 2710/912/2 2711/911/2
f 2710/912/2 2639/910/2 2640/913/2
f 2646/914/2 2708/916/2 2645/915/2
f 2829/917/2 2830/919/2 2831/918/2
f 2831/918/2 2828/920/2 2829/917/2
f 2832/921/2 2776/922/2 2831/918/2
f 2777/923/2 2831/918/2 2776/922/2
f 2831/918/2 2777/923/2 2828/920/2
f 2703/924/2 2704/926/2 2705/925/2
f 2770/927/2 2833/929/2 2834/928/2
f 2771/930/2 2833/929/2 2770/927/2
f 2772/931/2 2833/929/2 2771/930/2
f 2773/932/2 2833/929/2 2772/931/2
f 2833/929/2 2773/932/2 2832/921/2
f 2774/933/2 2832/921/2 2773/932/2
f 2775/934/2 2832/921/2 2774/933/2
f 2832/921/2 2775/934/2 2776/922/2
f 2651/935/2 2706/937/2 2650/936/2
f 2706/937/2 2651/935/2 2705/925/2
f 2702/938/2 2705/925/2 2651/935/2
f 2705/925/2 2702/938/2 2703/924/2
f 2767/939/2 2835/941/2 2766/940/2
f 2835/941/2 2767/939/2 2834/928/2
f 2768/942/2 2834/928/2 2767/939/2
f 2769/943/2 2834/928/2 2768/942/2
f 2834/928/2 2769/943/2 2770/927/2
f 2646/914/2 2707/944/2 2708/916/2
f 2647/945/2 2707/944/2 2646/914/2
f 2648/946/2 2707/944/2 2647/945/2
f 2649/947/2 2707/944/2 2648/946/2
f 2707/944/2 2649/947/2 2706/937/2
f 2706/937/2 2649/947/2 2650/936/2
f 2866/893/2 2836/948/2 2837/895/2
f 2765/896/2 2836/948/2 2866/893/2
f 2836/948/2 2765/896/2 2835/941/2
f 2835/941/2 2765/896/2 2766/940/2
f 2777/923/2 2827/907/2 2828/920/2
f 2812/908/2 2825/949/2 2826/909/2
f 2825/949/2 2812/908/2 2824/950/2
f 2813/951/2 2824/950/2 2812/908/2
f 2824/950/2 2813/951/2 2823/952/2
f 2823/952/2 2813/951/2 2822/953/2
f 2822/953/2 2813/951/2 2821/954/2
f 2821/954/2 2813/951/2 2820/955/2
f 2814/956/2 2820/955/2 2813/951/2
f 2820/955/2 2814/956/2 2819/957/2
f 2819/957/2 2814/956/2 2818/958/2
f 2818/958/2 2814/956/2 2817/959/2
f 2817/959/2 2814/956/2 2816/960/2
f 2816/960/2 2814/956/2 2815/961/2
f 2640/913/2 2709/962/2 2710/912/2
f 2641/963/2 2709/962/2 2640/913/2
f 2642/964/2 2709/962/2 2641/963/2
f 2643/965/2 2709/962/2 2642/964/2
f 2709/962/2 2643/965/2 2708/916/2
f 2644/966/2 2708/916/2 2643/965/2
f 2708/916/2 2644/966/2 2645/915/2
f 2864/851/2 2837/895/2 2838/850/2
f 2837/895/2 2864/851/2 2865/894/2
f 2869/903/2 2870/967/2 2760/904/2
f 2760/904/2 2870/967/2 2759/968/2
f 2871/969/2 2759/968/2 2870/967/2
f 2759/968/2 2871/969/2 2758/970/2
f 2872/971/2 2758/970/2 2871/969/2
f 2758/970/2 2872/971/2 2757/972/2
f 2873/855/2 2757/972/2 2872/971/2
f 2756/856/2 2757/972/2 2873/855/2
f 2808/864/2 2779/973/2 2780/863/2
f 2809/974/2 2779/973/2 2808/864/2
f 2779/973/2 2809/974/2 2778/906/2
f 2810/975/2 2778/906/2 2809/974/2
f 2778/906/2 2810/975/2 2811/905/2
f 2740/868/2 2711/911/2 2712/867/2
f 2711/911/2 2740/868/2 2639/910/2
f 2639/910/2 2740/868/2 2638/976/2
f 2638/976/2 2740/868/2 2637/977/2
f 2637/977/2 2740/868/2 2636/978/2
f 2741/870/2 2636/978/2 2740/868/2
f 2635/871/2 2636/978/2 2741/870/2
f 2684/892/2 2701/979/2 2652/890/2
f 2685/980/2 2701/979/2 2684/892/2
f 2701/979/2 2685/980/2 2700/981/2
f 2686/982/2 2700/981/2 2685/980/2
f 2700/981/2 2686/982/2 2699/983/2
f 2699/983/2 2686/982/2 2698/984/2
f 2698/984/2 2686/982/2 2697/985/2
f 2687/986/2 2697/985/2 2686/982/2
f 2697/985/2 2687/986/2 2696/987/2
f 2696/987/2 2687/986/2 2695/988/2
f 2695/988/2 2687/986/2 2694/989/2
f 2688/990/2 2694/989/2 2687/986/2
f 2694/989/2 2688/990/2 2693/991/2
f 2693/991/2 2688/990/2 2692/992/2
f 2692/992/2 2688/990/2 2691/993/2
f 2691/993/2 2688/990/2 2690/994/2
f 2690/994/2 2688/990/2 2689/995/2
f 2840/813/2 2841/763/2 2858/822/2
f 2857/764/2 2858/822/2 2841/763/2
f 2791/996/2 2789/998/2 2790/997/2
f 2792/999/2 2789/998/2 2791/996/2
f 2793/1000/2 2789/998/2 2792/999/2
f 2794/1001/2 2789/998/2 2793/1000/2
f 2795/760/2 2789/998/2 2794/1001/2
f 2803/761/2 2789/998/2 2795/760/2
f 2789/998/2 2803/761/2 2788/824/2
f 2788/824/2 2803/761/2 2804/823/2
f 2717/1002/2 2715/827/2 2716/1003/2
f 2718/1004/2 2715/827/2 2717/1002/2
f 2719/1005/2 2715/827/2 2718/1004/2
f 2720/782/2 2715/827/2 2719/1005/2
f 2731/780/2 2715/827/2 2720/782/2
f 2732/1006/2 2715/827/2 2731/780/2
f 2715/827/2 2732/1006/2 2733/826/2
f 2678/787/2 2661/1007/2 2662/786/2
f 2661/1007/2 2678/787/2 2660/829/2
f 2660/829/2 2678/787/2 2679/828/2
f 2549/1008/2 2550/689/2 2548/715/2
f 2701/979/2 2651/935/2 2652/890/2
f 2651/935/2 2701/979/2 2702/938/2
f 2752/1009/2 2753/820/2 2751/821/2
f 2827/907/2 2777/923/2 2778/906/2
f 2980/1010/2 2977/1012/2 2979/1011/2
f 2978/1013/2 2979/1011/2 2977/1012/2
f 2984/1014/2 2976/1016/2 2983/1015/2
f 2982/1017/2 2983/1015/2 2976/1016/2
f 2980/1010/2 2976/1016/2 2977/1012/2
f 2981/1018/2 2976/1016/2 2980/1010/2
f 2976/1016/2 2981/1018/2 2982/1017/2
f 2988/109/2 2989/1020/2 2975/1019/2
f 2987/1021/2 2975/1019/2 2986/1022/2
f 2975/1019/2 2987/1021/2 2988/109/2
f 2881/1023/2 2973/1025/2 2974/1024/2
f 2880/65/2 2974/1024/2 2990/1026/2
f 2974/1024/2 2880/65/2 2881/1023/2
f 2989/1020/2 2974/1024/2 2975/1019/2
f 2974/1024/2 2989/1020/2 2990/1026/2
f 2984/1014/2 2975/1019/2 2976/1016/2
f 2985/1027/2 2975/1019/2 2984/1014/2
f 2975/1019/2 2985/1027/2 2986/1022/2
f 2884/1028/2 2971/1030/2 2972/1029/2
f 2883/1031/2 2972/1029/2 2882/1032/2
f 2972/1029/2 2883/1031/2 2884/1028/2
f 2970/1033/2 2971/1030/2 2885/1034/2
f 2884/1028/2 2885/1034/2 2971/1030/2
f 2969/1035/2 2886/1037/2 2887/1036/2
f 2969/1035/2 2970/1033/2 2886/1037/2
f 2885/1034/2 2886/1037/2 2970/1033/2
f 2972/1029/2 2973/1025/2 2882/1032/2
f 2881/1023/2 2882/1032/2 2973/1025/2
f 2949/1038/2 2932/1040/2 2948/1039/2
f 2932/1040/2 2949/1038/2 2931/1041/2
f 2967/1042/2 2968/1044/2 2888/1043/2
f 2889/1045/2 2965/1047/2 2966/1046/2
f 2965/1047/2 2889/1045/2 2890/1048/2
f 2944/1049/2 2945/1051/2 2936/1050/2
f 2935/1052/2 2936/1050/2 2945/1051/2
f 2917/1053/2 2891/1055/2 2892/1054/2
f 2945/1051/2 2946/1056/2 2935/1052/2
f 2935/1052/2 2946/1056/2 2934/40/2
f 2964/1057/2 2919/1059/2 2920/1058/2
f 2965/1047/2 2919/1059/2 2964/1057/2
f 2919/1059/2 2965/1047/2 2918/1060/2
f 2918/1060/2 2965/1047/2 2917/1053/2
f 2917/1053/2 2965/1047/2 2891/1055/2
f 2890/1048/2 2891/1055/2 2965/1047/2
f 2946/1056/2 2947/1061/2 2934/40/2
f 2934/40/2 2947/1061/2 2933/1062/2
f 2948/1039/2 2933/1062/2 2947/1061/2
f 2932/1040/2 2933/1062/2 2948/1039/2
f 2960/1063/2 2922/1065/2 2923/1064/2
f 2961/254/2 2922/1065/2 2960/1063/2
f 2922/1065/2 2961/254/2 2921/1066/2
f 2962/1067/2 2921/1066/2 2961/254/2
f 2921/1066/2 2962/1067/2 2920/1058/2
f 2963/1068/2 2920/1058/2 2962/1067/2
f 2920/1058/2 2963/1068/2 2964/1057/2
f 2966/1046/2 2967/1042/2 2889/1045/2
f 2888/1043/2 2889/1045/2 2967/1042/2
f 2949/1038/2 2950/1069/2 2931/1041/2
f 2951/1070/2 2931/1041/2 2950/1069/2
f 2931/1041/2 2951/1070/2 2930/1071/2
f 2952/1072/2 2930/1071/2 2951/1070/2
f 2930/1071/2 2952/1072/2 2929/1073/2
f 2953/1074/2 2929/1073/2 2952/1072/2
f 2929/1073/2 2953/1074/2 2928/1075/2
f 2954/1076/2 2928/1075/2 2953/1074/2
f 2928/1075/2 2954/1076/2 2927/1077/2
f 2955/1078/2 2927/1077/2 2954/1076/2
f 2927/1077/2 2955/1078/2 2926/1079/2
f 2956/1080/2 2926/1079/2 2955/1078/2
f 2926/1079/2 2956/1080/2 2925/1081/2
f 2957/1082/2 2925/1081/2 2956/1080/2
f 2925/1081/2 2957/1082/2 2924/1083/2
f 2958/1084/2 2924/1083/2 2957/1082/2
f 2924/1083/2 2958/1084/2 2923/1064/2
f 2959/1085/2 2923/1064/2 2958/1084/2
f 2923/1064/2 2959/1085/2 2960/1063/2
f 2887/1036/2 2968/1044/2 2969/1035/2
f 2968/1044/2 2887/1036/2 2888/1043/2
f 2894/1086/2 2915/1088/2 2916/1087/2
f 2915/1088/2 2894/1086/2 2914/1089/2
f 2913/1090/2 2895/1092/2 2896/1091/2
f 2942/1093/2 2943/1095/2 2938/1094/2
f 2937/1096/2 2938/1094/2 2943/1095/2
f 3003/1097/2 3004/1099/2 3002/1098/2
f 2913/1090/2 2914/1089/2 2895/1092/2
f 2894/1086/2 2895/1092/2 2914/1089/2
f 2995/1100/2 3012/1102/2 2994/1101/2
f 3012/1102/2 2995/1100/2 3011/1103/2
f 2911/1104/2 2897/1106/2 2910/1105/2
f 2910/1105/2 2897/1106/2 2898/1107/2
f 2941/1108/2 2942/1093/2 2939/1109/2
f 2938/1094/2 2939/1109/2 2942/1093/2
f 2995/1100/2 2996/1110/2 3011/1103/2
f 3011/1103/2 2996/1110/2 3010/1111/2
f 2997/1112/2 3010/1111/2 2996/1110/2
f 3010/1111/2 2997/1112/2 3009/1113/2
f 2998/1114/2 3009/1113/2 2997/1112/2
f 3009/1113/2 2998/1114/2 3008/1115/2
f 2999/1116/2 3008/1115/2 2998/1114/2
f 3008/1115/2 2999/1116/2 3007/1117/2
f 3000/1118/2 3007/1117/2 2999/1116/2
f 3007/1117/2 3000/1118/2 3006/1119/2
f 3001/1120/2 3006/1119/2 3000/1118/2
f 3006/1119/2 3001/1120/2 3005/1121/2
f 3002/1098/2 3005/1121/2 3001/1120/2
f 3004/1099/2 3005/1121/2 3002/1098/2
f 2896/1091/2 2912/1122/2 2913/1090/2
f 2912/1122/2 2896/1091/2 2911/1104/2
f 2911/1104/2 2896/1091/2 2897/1106/2
f 2899/1123/2 2908/1125/2 2909/1124/2
f 2906/1126/2 2907/284/2 2901/1127/2
f 2900/1128/2 2901/1127/2 2907/284/2
f 2907/284/2 2908/1125/2 2900/1128/2
f 2899/1123/2 2900/1128/2 2908/1125/2
f 3042/120/2 3017/1130/2 3041/1129/2
f 3017/1130/2 3018/1131/2 3041/1129/2
f 3041/1129/2 3018/1131/2 3040/1132/2
f 3019/1133/2 3040/1132/2 3018/1131/2
f 3040/1132/2 3019/1133/2 3039/1134/2
f 3020/1135/2 3039/1134/2 3019/1133/2
f 3039/1134/2 3020/1135/2 3038/1136/2
f 3021/1137/2 3038/1136/2 3020/1135/2
f 3038/1136/2 3021/1137/2 3037/1138/2
f 2902/1139/2 2904/1141/2 2905/1140/2
f 2904/1141/2 2902/1139/2 2903/1142/2
f 3021/1137/2 3022/1143/2 3037/1138/2
f 3037/1138/2 3022/1143/2 3036/1144/2
f 3023/1145/2 3036/1144/2 3022/1143/2
f 3036/1144/2 3023/1145/2 3035/1146/2
f 3024/1147/2 3035/1146/2 3023/1145/2
f 3035/1146/2 3024/1147/2 3034/1148/2
f 3025/1149/2 3034/1148/2 3024/1147/2
f 3034/1148/2 3025/1149/2 3033/1150/2
f 3026/1151/2 3033/1150/2 3025/1149/2
f 3033/1150/2 3026/1151/2 3032/1152/2
f 3027/1153/2 3032/1152/2 3026/1151/2
f 3032/1152/2 3027/1153/2 3031/1154/2
f 3028/1155/2 3031/1154/2 3027/1153/2
f 3030/1156/2 3031/1154/2 3028/1155/2
f 2905/1140/2 2906/1126/2 2902/1139/2
f 2901/1127/2 2902/1139/2 2906/1126/2
f 2939/1109/2 2940/1157/2 2941/1108/2
f 3016/1158/2 2991/1159/2 3015/297/2
f 2992/1160/2 3015/297/2 2991/1159/2
f 3015/297/2 2992/1160/2 3014/1161/2
f 2993/1162/2 3014/1161/2 2992/1160/2
f 3014/1161/2 2993/1162/2 3013/1163/2
f 2994/1101/2 3013/1163/2 2993/1162/2
f 3012/1102/2 3013/1163/2 2994/1101/2
f 3028/1155/2 3029/1164/2 3030/1156/2
f 2898/1107/2 2909/1124/2 2910/1105/2
f 2909/1124/2 2898/1107/2 2899/1123/2
f 2943/1095/2 2944/1049/2 2937/1096/2
f 2936/1050/2 2937/1096/2 2944/1049/2
f 2892/1054/2 2916/1087/2 2917/1053/2
f 2893/1165/2 2916/1087/2 2892/1054/2
f 2916/1087/2 2893/1165/2 2894/1086/2
f 3133/178/2 3131/1167/2 3132/1166/2
f 3133/178/2 3130/151/2 3131/1167/2
f 3130/151/2 3133/178/2 3134/1112/2
f 3093/1168/2 3094/208/2 3095/1169/2
f 3134/1112/2 3129/1170/2 3130/151/2
f 3129/1170/2 3134/1112/2 3128/1171/2
f 3135/1172/2 3128/1171/2 3134/1112/2
f 3128/1171/2 3135/1172/2 3127/109/2
f 3123/1173/2 3138/1175/2 3122/1174/2
f 3139/295/2 3122/1174/2 3138/1175/2
f 3122/1174/2 3139/295/2 3121/173/2
f 3095/1169/2 3092/1095/2 3093/1168/2
f 3096/1176/2 3092/1095/2 3095/1169/2
f 3092/1095/2 3096/1176/2 3091/218/2
f 3091/218/2 3096/1176/2 3097/243/2
f 3135/1172/2 3126/1177/2 3127/109/2
f 3136/195/2 3126/1177/2 3135/1172/2
f 3126/1177/2 3136/195/2 3125/1178/2
f 3137/1179/2 3125/1178/2 3136/195/2
f 3125/1178/2 3137/1179/2 3124/133/2
f 3124/133/2 3137/1179/2 3123/1173/2
f 3123/1173/2 3137/1179/2 3138/1175/2
f 3099/1072/2 3088/205/2 3089/1180/2
f 3100/274/2 3088/205/2 3099/1072/2
f 3088/205/2 3100/274/2 3087/1181/2
f 3087/1181/2 3100/274/2 3101/1182/2
f 3145/223/2 3169/120/2 3144/1183/2
f 3146/1184/2 3169/120/2 3145/223/2
f 3169/120/2 3146/1184/2 3168/1185/2
f 3147/1186/2 3168/1185/2 3146/1184/2
f 3168/1185/2 3147/1186/2 3167/1187/2
f 3148/297/2 3167/1187/2 3147/1186/2
f 3167/1187/2 3148/297/2 3166/316/2
f 3149/1188/2 3166/316/2 3148/297/2
f 3166/316/2 3149/1188/2 3165/1189/2
f 3150/1190/2 3165/1189/2 3149/1188/2
f 3165/1189/2 3150/1190/2 3164/1191/2
f 3151/302/2 3164/1191/2 3150/1190/2
f 3164/1191/2 3151/302/2 3163/326/2
f 3152/1192/2 3163/326/2 3151/302/2
f 3163/326/2 3152/1192/2 3162/1150/2
f 3097/243/2 3090/1193/2 3091/218/2
f 3098/1194/2 3090/1193/2 3097/243/2
f 3090/1193/2 3098/1194/2 3089/1180/2
f 3089/1180/2 3098/1194/2 3099/1072/2
f 3139/295/2 3120/1011/2 3121/173/2
f 3140/1195/2 3120/1011/2 3139/295/2
f 3120/1011/2 3140/1195/2 3119/1196/2
f 3141/1119/2 3119/1196/2 3140/1195/2
f 3119/1196/2 3141/1119/2 3043/65/2
f 3142/213/2 3043/65/2 3141/1119/2
f 3143/1197/2 3043/65/2 3142/213/2
f 3043/65/2 3143/1197/2 3169/120/2
f 3169/120/2 3143/1197/2 3144/1183/2
f 3083/1198/2 3105/1199/2 3082/251/2
f 3106/254/2 3082/251/2 3105/1199/2
f 3085/40/2 3103/259/2 3084/1200/2
f 3104/1201/2 3084/1200/2 3103/259/2
f 3084/1200/2 3104/1201/2 3083/1198/2
f 3083/1198/2 3104/1201/2 3105/1199/2
f 3109/245/2 3078/1081/2 3079/268/2
f 3110/1202/2 3078/1081/2 3109/245/2
f 3078/1081/2 3110/1202/2 3077/1203/2
f 3111/1204/2 3077/1203/2 3110/1202/2
f 3106/254/2 3081/1205/2 3082/251/2
f 3107/1206/2 3081/1205/2 3106/254/2
f 3081/1205/2 3107/1206/2 3080/1207/2
f 3108/1208/2 3080/1207/2 3107/1206/2
f 3080/1207/2 3108/1208/2 3079/268/2
f 3079/268/2 3108/1208/2 3109/245/2
f 3118/169/2 3047/1210/2 3048/1209/2
f 3051/1211/2 3118/169/2 3050/1045/2
f 3050/1045/2 3118/169/2 3049/139/2
f 3048/1209/2 3049/139/2 3118/169/2
f 3053/1212/2 3118/169/2 3052/128/2
f 3051/1211/2 3052/128/2 3118/169/2
f 3071/1087/2 3117/1213/2 3070/175/2
f 3118/169/2 3070/175/2 3117/1213/2
f 3070/175/2 3118/169/2 3069/1214/2
f 3069/1214/2 3118/169/2 3068/1215/2
f 3068/1215/2 3118/169/2 3067/185/2
f 3067/185/2 3118/169/2 3066/1216/2
f 3066/1216/2 3118/169/2 3065/1217/2
f 3053/1212/2 3065/1217/2 3118/169/2
f 3065/1217/2 3053/1212/2 3064/284/2
f 3054/1218/2 3064/284/2 3053/1212/2
f 3064/284/2 3054/1218/2 3063/1219/2
f 3055/154/2 3063/1219/2 3054/1218/2
f 3063/1219/2 3055/154/2 3062/1220/2
f 3056/1221/2 3062/1220/2 3055/154/2
f 3062/1220/2 3056/1221/2 3061/290/2
f 3061/290/2 3056/1221/2 3060/1222/2
f 3060/1222/2 3056/1221/2 3059/1223/2
f 3059/1223/2 3056/1221/2 3058/189/2
f 3058/189/2 3056/1221/2 3057/1107/2
f 3111/1204/2 3076/239/2 3077/1203/2
f 3112/279/2 3076/239/2 3111/1204/2
f 3076/239/2 3112/279/2 3075/1224/2
f 3113/1033/2 3075/1224/2 3112/279/2
f 3075/1224/2 3113/1033/2 3074/1225/2
f 3114/1226/2 3074/1225/2 3113/1033/2
f 3074/1225/2 3114/1226/2 3073/234/2
f 3115/287/2 3073/234/2 3114/1226/2
f 3073/234/2 3115/287/2 3072/1227/2
f 3116/1228/2 3072/1227/2 3115/287/2
f 3072/1227/2 3116/1228/2 3071/1087/2
f 3071/1087/2 3116/1228/2 3117/1213/2
f 3118/169/2 3043/65/2 3044/1229/2
f 3045/1230/2 3118/169/2 3044/1229/2
f 3046/149/2 3118/169/2 3045/1230/2
f 3118/169/2 3046/149/2 3047/1210/2
f 3101/1182/2 3086/1231/2 3087/1181/2
f 3102/1232/2 3086/1231/2 3101/1182/2
f 3086/1231/2 3102/1232/2 3085/40/2
f 3085/40/2 3102/1232/2 3103/259/2
f 3152/1192/2 3161/1233/2 3162/1150/2
f 3153/1234/2 3161/1233/2 3152/1192/2
f 3161/1233/2 3153/1234/2 3160/327/2
f 3154/307/2 3160/327/2 3153/1234/2
f 3155/1147/2 3160/327/2 3154/307/2
f 3160/327/2 3155/1147/2 3159/1235/2
f 3156/1236/2 3159/1235/2 3155/1147/2
f 3159/1235/2 3156/1236/2 3158/1237/2
f 3158/1237/2 3156/1236/2 3157/317/2
f 3043/65/2 3118/169/2 3119/1196/2
f 3269/1238/2 3272/1240/2 3268/1239/2
f 3272/1240/2 3269/1238/2 3271/1241/2
f 3270/1242/2 3271/1241/2 3269/1238/2
f 3258/1243/2 3259/1244/2 3283/120/2
f 3283/120/2 3259/1244/2 3282/1245/2
f 3260/1246/2 3282/1245/2 3259/1244/2
f 3282/1245/2 3260/1246/2 3281/1247/2
f 3281/1247/2 3260/1246/2 3280/1248/2
f 3261/1249/2 3280/1248/2 3260/1246/2
f 3280/1248/2 3261/1249/2 3279/1250/2
f 3262/1251/2 3279/1250/2 3261/1249/2
f 3279/1250/2 3262/1251/2 3278/1252/2
f 3263/1253/2 3278/1252/2 3262/1251/2
f 3278/1252/2 3263/1253/2 3277/1254/2
f 3264/1255/2 3277/1254/2 3263/1253/2
f 3277/1254/2 3264/1255/2 3276/1256/2
f 3265/1257/2 3276/1256/2 3264/1255/2
f 3276/1256/2 3265/1257/2 3275/1258/2
f 3266/1259/2 3275/1258/2 3265/1257/2
f 3275/1258/2 3266/1259/2 3274/1260/2
f 3267/1261/2 3274/1260/2 3266/1259/2
f 3274/1260/2 3267/1261/2 3273/1262/2
f 3268/1239/2 3273/1262/2 3267/1261/2
f 3272/1240/2 3273/1262/2 3268/1239/2
f 3222/1263/2 3218/1265/2 3219/1264/2
f 3223/1266/2 3218/1265/2 3222/1263/2
f 3223/1266/2 3217/1267/2 3218/1265/2
f 3217/1267/2 3223/1266/2 3216/1268/2
f 3224/1269/2 3216/1268/2 3223/1266/2
f 3224/1269/2 3215/1270/2 3216/1268/2
f 3225/1271/2 3215/1270/2 3224/1269/2
f 3215/1270/2 3225/1271/2 3214/1272/2
f 3214/1272/2 3225/1271/2 3226/1273/2
f 3179/1274/2 3186/1276/2 3178/1275/2
f 3186/1276/2 3179/1274/2 3185/1277/2
f 3180/1278/2 3185/1277/2 3179/1274/2
f 3185/1277/2 3180/1278/2 3184/1279/2
f 3181/1280/2 3184/1279/2 3180/1278/2
f 3184/1279/2 3181/1280/2 3183/1281/2
f 3182/1282/2 3183/1281/2 3181/1280/2
f 3221/1283/2 3219/1264/2 3220/1284/2
f 3219/1264/2 3221/1283/2 3222/1263/2
f 3231/1285/2 3208/1287/2 3209/1286/2
f 3232/1288/2 3208/1287/2 3231/1285/2
f 3208/1287/2 3232/1288/2 3207/1289/2
f 3233/1290/2 3207/1289/2 3232/1288/2
f 3207/1289/2 3233/1290/2 3206/1291/2
f 3234/1292/2 3206/1291/2 3233/1290/2
f 3228/1293/2 3211/1295/2 3212/1294/2
f 3229/1296/2 3211/1295/2 3228/1293/2
f 3211/1295/2 3229/1296/2 3210/1297/2
f 3230/1298/2 3210/1297/2 3229/1296/2
f 3210/1297/2 3230/1298/2 3209/1286/2
f 3209/1286/2 3230/1298/2 3231/1285/2
f 3200/1299/2 3239/1301/2 3199/1300/2
f 3199/1300/2 3239/1301/2 3198/1302/2
f 3240/1303/2 3198/1302/2 3239/1301/2
f 3240/1303/2 3197/1304/2 3198/1302/2
f 3241/1305/2 3197/1304/2 3240/1303/2
f 3197/1304/2 3241/1305/2 3196/1306/2
f 3242/1307/2 3196/1306/2 3241/1305/2
f 3196/1306/2 3242/1307/2 3257/1308/2
f 3257/1308/2 3242/1307/2 3256/1309/2
f 3256/1309/2 3242/1307/2 3255/1310/2
f 3255/1310/2 3242/1307/2 3254/1311/2
f 3243/1312/2 3254/1311/2 3242/1307/2
f 3254/1311/2 3243/1312/2 3253/1313/2
f 3253/1313/2 3243/1312/2 3252/1314/2
f 3252/1314/2 3243/1312/2 3251/1315/2
f 3251/1315/2 3243/1312/2 3250/1316/2
f 3250/1316/2 3243/1312/2 3249/1317/2
f 3249/1317/2 3243/1312/2 3248/1318/2
f 3248/1318/2 3243/1312/2 3247/1319/2
f 3244/1320/2 3247/1319/2 3243/1312/2
f 3247/1319/2 3244/1320/2 3246/1321/2
f 3246/1321/2 3244/1320/2 3245/1322/2
f 3234/1292/2 3205/1323/2 3206/1291/2
f 3205/1323/2 3234/1292/2 3204/1324/2
f 3235/1325/2 3204/1324/2 3234/1292/2
f 3204/1324/2 3235/1325/2 3203/1326/2
f 3236/1327/2 3203/1326/2 3235/1325/2
f 3203/1326/2 3236/1327/2 3202/1328/2
f 3237/1329/2 3202/1328/2 3236/1327/2
f 3202/1328/2 3237/1329/2 3201/1330/2
f 3238/1331/2 3201/1330/2 3237/1329/2
f 3201/1330/2 3238/1331/2 3200/1299/2
f 3200/1299/2 3238/1331/2 3239/1301/2
f 3226/1273/2 3213/1332/2 3214/1272/2
f 3227/1333/2 3213/1332/2 3226/1273/2
f 3213/1332/2 3227/1333/2 3212/1294/2
f 3212/1294/2 3227/1333/2 3228/1293/2
f 3171/1334/2 3195/1335/2 3170/65/2
f 3195/1335/2 3171/1334/2 3194/1336/2
f 3172/1337/2 3194/1336/2 3171/1334/2
f 3194/1336/2 3172/1337/2 3193/1338/2
f 3173/1339/2 3193/1338/2 3172/1337/2
f 3193/1338/2 3173/1339/2 3192/1340/2
f 3174/1341/2 3192/1340/2 3173/1339/2
f 3192/1340/2 3174/1341/2 3191/1342/2
f 3175/1343/2 3191/1342/2 3174/1341/2
f 3191/1342/2 3175/1343/2 3190/1344/2
f 3176/1345/2 3190/1344/2 3175/1343/2
f 3190/1344/2 3176/1345/2 3189/1346/2
f 3177/1347/2 3189/1346/2 3176/1345/2
f 3189/1346/2 3177/1347/2 3188/1348/2
f 3178/1275/2 3188/1348/2 3177/1347/2
f 3188/1348/2 3178/1275/2 3187/1349/2
f 3186/1276/2 3187/1349/2 3178/1275/2
f 3418/1350/2 3393/1351/2 3417/1119/2
f 3393/1351/2 3418/1350/2 3392/1352/2
f 3419/1353/2 3392/1352/2 3418/1350/2
f 3392/1352/2 3419/1353/2 3391/1354/2
f 3420/1355/2 3391/1354/2 3419/1353/2
f 3391/1354/2 3420/1355/2 3390/1356/2
f 3421/1357/2 3390/1356/2 3420/1355/2
f 3390/1356/2 3421/1357/2 3389/1358/2
f 3422/1359/2 3389/1358/2 3421/1357/2
f 3389/1358/2 3422/1359/2 3388/1360/2
f 3423/1361/2 3388/1360/2 3422/1359/2
f 3322/1087/2 3319/1363/2 3321/1362/2
f 3319/1363/2 3322/1087/2 3318/1364/2
f 3318/1364/2 3322/1087/2 3323/1365/2
f 3324/1366/2 3316/1368/2 3317/1367/2
f 3325/1369/2 3316/1368/2 3324/1366/2
f 3316/1368/2 3325/1369/2 3315/1370/2
f 3323/1365/2 3317/1367/2 3318/1364/2
f 3317/1367/2 3323/1365/2 3324/1366/2
f 3319/1363/2 3320/1371/2 3321/1362/2
f 3407/1372/2 3405/1374/2 3406/1373/2
f 3405/1374/2 3407/1372/2 3404/1375/2
f 3408/1376/2 3404/1375/2 3407/1372/2
f 3404/1375/2 3408/1376/2 3403/1377/2
f 3409/1378/2 3403/1377/2 3408/1376/2
f 3403/1377/2 3409/1378/2 3402/1379/2
f 3410/1380/2 3402/1379/2 3409/1378/2
f 3402/1379/2 3410/1380/2 3401/1381/2
f 3411/1382/2 3401/1381/2 3410/1380/2
f 3401/1381/2 3411/1382/2 3400/1383/2
f 3412/1384/2 3400/1383/2 3411/1382/2
f 3400/1383/2 3412/1384/2 3399/1385/2
f 3413/1386/2 3399/1385/2 3412/1384/2
f 3399/1385/2 3413/1386/2 3398/109/2
f 3414/1387/2 3398/109/2 3413/1386/2
f 3398/109/2 3414/1387/2 3397/1388/2
f 3415/1389/2 3397/1388/2 3414/1387/2
f 3397/1388/2 3415/1389/2 3396/1390/2
f 3416/1391/2 3396/1390/2 3415/1389/2
f 3396/1390/2 3416/1391/2 3395/1392/2
f 3417/1119/2 3395/1392/2 3416/1391/2
f 3395/1392/2 3417/1119/2 3394/1393/2
f 3393/1351/2 3394/1393/2 3417/1119/2
f 3423/1361/2 3387/1394/2 3388/1360/2
f 3424/1395/2 3387/1394/2 3423/1361/2
f 3387/1394/2 3424/1395/2 3386/1396/2
f 3425/1397/2 3386/1396/2 3424/1395/2
f 3386/1396/2 3425/1397/2 3385/1398/2
f 3426/1399/2 3385/1398/2 3425/1397/2
f 3385/1398/2 3426/1399/2 3384/1400/2
f 3427/1401/2 3384/1400/2 3426/1399/2
f 3384/1400/2 3427/1401/2 3383/1402/2
f 3428/1403/2 3383/1402/2 3427/1401/2
f 3383/1402/2 3428/1403/2 3382/1404/2
f 3429/1405/2 3382/1404/2 3428/1403/2
f 3382/1404/2 3429/1405/2 3455/120/2
f 3430/1406/2 3455/120/2 3429/1405/2
f 3431/1407/2 3455/120/2 3430/1406/2
f 3455/120/2 3431/1407/2 3454/1408/2
f 3432/1409/2 3454/1408/2 3431/1407/2
f 3454/1408/2 3432/1409/2 3453/1410/2
f 3433/1411/2 3453/1410/2 3432/1409/2
f 3453/1410/2 3433/1411/2 3452/1412/2
f 3434/1413/2 3452/1412/2 3433/1411/2
f 3452/1412/2 3434/1413/2 3451/1414/2
f 3435/1415/2 3451/1414/2 3434/1413/2
f 3451/1414/2 3435/1415/2 3450/1416/2
f 3436/1147/2 3450/1416/2 3435/1415/2
f 3450/1416/2 3436/1147/2 3449/1417/2
f 3437/1418/2 3449/1417/2 3436/1147/2
f 3449/1417/2 3437/1418/2 3448/1419/2
f 3438/1420/2 3448/1419/2 3437/1418/2
f 3448/1419/2 3438/1420/2 3447/1421/2
f 3439/1422/2 3447/1421/2 3438/1420/2
f 3447/1421/2 3439/1422/2 3446/1423/2
f 3440/1424/2 3446/1423/2 3439/1422/2
f 3446/1423/2 3440/1424/2 3445/1425/2
f 3441/1426/2 3445/1425/2 3440/1424/2
f 3445/1425/2 3441/1426/2 3444/1427/2
f 3442/1428/2 3444/1427/2 3441/1426/2
f 3444/1427/2 3442/1428/2 3443/1429/2
f 3327/1430/2 3312/1432/2 3313/1431/2
f 3328/1433/2 3312/1432/2 3327/1430/2
f 3312/1432/2 3328/1433/2 3311/1434/2
f 3329/1435/2 3311/1434/2 3328/1433/2
f 3329/1435/2 3310/1436/2 3311/1434/2
f 3330/1437/2 3310/1436/2 3329/1435/2
f 3310/1436/2 3330/1437/2 3309/1438/2
f 3331/1439/2 3309/1438/2 3330/1437/2
f 3309/1438/2 3331/1439/2 3308/1440/2
f 3332/1441/2 3308/1440/2 3331/1439/2
f 3308/1440/2 3332/1441/2 3307/1442/2
f 3332/1441/2 3306/1443/2 3307/1442/2
f 3333/1444/2 3306/1443/2 3332/1441/2
f 3290/1445/2 3349/1447/2 3289/1446/2
f 3350/1448/2 3289/1446/2 3349/1447/2
f 3289/1446/2 3350/1448/2 3288/1449/2
f 3351/1450/2 3288/1449/2 3350/1448/2
f 3288/1449/2 3351/1450/2 3287/1451/2
f 3352/1452/2 3287/1451/2 3351/1450/2
f 3287/1451/2 3352/1452/2 3286/1453/2
f 3353/1454/2 3286/1453/2 3352/1452/2
f 3286/1453/2 3353/1454/2 3285/1455/2
f 3354/1456/2 3285/1455/2 3353/1454/2
f 3285/1455/2 3354/1456/2 3284/65/2
f 3355/1457/2 3284/65/2 3354/1456/2
f 3284/65/2 3355/1457/2 3381/1458/2
f 3356/1459/2 3381/1458/2 3355/1457/2
f 3381/1458/2 3356/1459/2 3380/1460/2
f 3333/1444/2 3305/1461/2 3306/1443/2
f 3334/1462/2 3305/1461/2 3333/1444/2
f 3305/1461/2 3334/1462/2 3304/1463/2
f 3335/1464/2 3304/1463/2 3334/1462/2
f 3304/1463/2 3335/1464/2 3303/1107/2
f 3336/1465/2 3303/1107/2 3335/1464/2
f 3303/1107/2 3336/1465/2 3302/1466/2
f 3337/1467/2 3302/1466/2 3336/1465/2
f 3302/1466/2 3337/1467/2 3301/1468/2
f 3338/1469/2 3301/1468/2 3337/1467/2
f 3301/1468/2 3338/1469/2 3300/1470/2
f 3339/1471/2 3300/1470/2 3338/1469/2
f 3300/1470/2 3339/1471/2 3299/1472/2
f 3340/1473/2 3299/1472/2 3339/1471/2
f 3299/1472/2 3340/1473/2 3298/1474/2
f 3341/40/2 3298/1474/2 3340/1473/2
f 3298/1474/2 3341/40/2 3297/1475/2
f 3342/1476/2 3297/1475/2 3341/40/2
f 3297/1475/2 3342/1476/2 3296/1477/2
f 3343/1478/2 3296/1477/2 3342/1476/2
f 3296/1477/2 3343/1478/2 3295/1479/2
f 3344/1480/2 3295/1479/2 3343/1478/2
f 3295/1479/2 3344/1480/2 3294/1481/2
f 3345/1482/2 3294/1481/2 3344/1480/2
f 3294/1481/2 3345/1482/2 3293/1483/2
f 3346/1484/2 3293/1483/2 3345/1482/2
f 3293/1483/2 3346/1484/2 3292/1485/2
f 3347/1486/2 3292/1485/2 3346/1484/2
f 3292/1485/2 3347/1486/2 3291/1487/2
f 3348/1488/2 3291/1487/2 3347/1486/2
f 3291/1487/2 3348/1488/2 3290/1445/2
f 3290/1445/2 3348/1488/2 3349/1447/2
f 3356/1459/2 3357/1489/2 3380/1460/2
f 3380/1460/2 3357/1489/2 3379/1033/2
f 3358/1490/2 3379/1033/2 3357/1489/2
f 3379/1033/2 3358/1490/2 3378/1491/2
f 3359/1492/2 3378/1491/2 3358/1490/2
f 3378/1491/2 3359/1492/2 3377/1493/2
f 3360/1072/2 3377/1493/2 3359/1492/2
f 3377/1493/2 3360/1072/2 3376/1494/2
f 3361/1495/2 3376/1494/2 3360/1072/2
f 3376/1494/2 3361/1495/2 3375/1496/2
f 3362/1497/2 3375/1496/2 3361/1495/2
f 3375/1496/2 3362/1497/2 3374/1498/2
f 3363/1499/2 3374/1498/2 3362/1497/2
f 3374/1498/2 3363/1499/2 3373/1500/2
f 3364/1501/2 3373/1500/2 3363/1499/2
f 3373/1500/2 3364/1501/2 3372/1502/2
f 3365/1503/2 3372/1502/2 3364/1501/2
f 3372/1502/2 3365/1503/2 3371/1504/2
f 3366/1505/2 3371/1504/2 3365/1503/2
f 3371/1504/2 3366/1505/2 3370/1506/2
f 3367/1507/2 3370/1506/2 3366/1505/2
f 3370/1506/2 3367/1507/2 3369/1508/2
f 3368/1509/2 3369/1508/2 3367/1507/2
f 3325/1369/2 3314/1510/2 3315/1370/2
f 3326/1511/2 3314/1510/2 3325/1369/2
f 3314/1510/2 3326/1511/2 3313/1431/2
f 3313/1431/2 3326/1511/2 3327/1430/2
f 3546/178/2 3544/1167/2 3545/1166/2
f 3546/178/2 3543/151/2 3544/1167/2
f 3543/151/2 3546/178/2 3547/1112/2
f 3506/1168/2 3507/208/2 3508/1169/2
f 3547/1112/2 3542/1170/2 3543/151/2
f 3542/1170/2 3547/1112/2 3541/1171/2
f 3548/1172/2 3541/1171/2 3547/1112/2
f 3541/1171/2 3548/1172/2 3540/109/2
f 3536/1173/2 3551/1175/2 3535/1174/2
f 3552/295/2 3535/1174/2 3551/1175/2
f 3535/1174/2 3552/295/2 3534/173/2
f 3508/1169/2 3505/1095/2 3506/1168/2
f 3509/1176/2 3505/1095/2 3508/1169/2
f 3505/1095/2 3509/1176/2 3504/218/2
f 3504/218/2 3509/1176/2 3510/243/2
f 3548/1172/2 3539/1177/2 3540/109/2
f 3549/195/2 3539/1177/2 3548/1172/2
f 3539/1177/2 3549/195/2 3538/1178/2
f 3550/1179/2 3538/1178/2 3549/195/2
f 3538/1178/2 3550/1179/2 3537/133/2
f 3537/133/2 3550/1179/2 3536/1173/2
f 3536/1173/2 3550/1179/2 3551/1175/2
f 3512/1072/2 3501/205/2 3502/1180/2
f 3513/274/2 3501/205/2 3512/1072/2
f 3501/205/2 3513/274/2 3500/1181/2
f 3500/1181/2 3513/274/2 3514/1182/2
f 3558/223/2 3582/120/2 3557/1183/2
f 3559/1184/2 3582/120/2 3558/223/2
f 3582/120/2 3559/1184/2 3581/1185/2
f 3560/1186/2 3581/1185/2 3559/1184/2
f 3581/1185/2 3560/1186/2 3580/1187/2
f 3561/297/2 3580/1187/2 3560/1186/2
f 3580/1187/2 3561/297/2 3579/316/2
f 3562/1188/2 3579/316/2 3561/297/2
f 3579/316/2 3562/1188/2 3578/1189/2
f 3563/1190/2 3578/1189/2 3562/1188/2
f 3578/1189/2 3563/1190/2 3577/1191/2
f 3564/302/2 3577/1191/2 3563/1190/2
f 3577/1191/2 3564/302/2 3576/326/2
f 3565/1192/2 3576/326/2 3564/302/2
f 3576/326/2 3565/1192/2 3575/1150/2
f 3510/243/2 3503/1193/2 3504/218/2
f 3511/1194/2 3503/1193/2 3510/243/2
f 3503/1193/2 3511/1194/2 3502/1180/2
f 3502/1180/2 3511/1194/2 3512/1072/2
f 3552/295/2 3533/1011/2 3534/173/2
f 3553/1195/2 3533/1011/2 3552/295/2
f 3533/1011/2 3553/1195/2 3532/1196/2
f 3554/1119/2 3532/1196/2 3553/1195/2
f 3532/1196/2 3554/1119/2 3456/65/2
f 3555/213/2 3456/65/2 3554/1119/2
f 3556/1197/2 3456/65/2 3555/213/2
f 3456/65/2 3556/1197/2 3582/120/2
f 3582/120/2 3556/1197/2 3557/1183/2
f 3496/1198/2 3518/1199/2 3495/251/2
f 3519/254/2 3495/251/2 3518/1199/2
f 3498/40/2 3516/259/2 3497/1200/2
f 3517/1201/2 3497/1200/2 3516/259/2
f 3497/1200/2 3517/1201/2 3496/1198/2
f 3496/1198/2 3517/1201/2 3518/1199/2
f 3522/245/2 3491/1081/2 3492/268/2
f 3523/1202/2 3491/1081/2 3522/245/2
f 3491/1081/2 3523/1202/2 3490/1203/2
f 3524/1204/2 3490/1203/2 3523/1202/2
f 3519/254/2 3494/1205/2 3495/251/2
f 3520/1206/2 3494/1205/2 3519/254/2
f 3494/1205/2 3520/1206/2 3493/1207/2
f 3521/1208/2 3493/1207/2 3520/1206/2
f 3493/1207/2 3521/1208/2 3492/268/2
f 3492/268/2 3521/1208/2 3522/245/2
f 3531/169/2 3460/1210/2 3461/1209/2
f 3464/1211/2 3531/169/2 3463/1045/2
f 3463/1045/2 3531/169/2 3462/139/2
f 3461/1209/2 3462/139/2 3531/169/2
f 3466/1212/2 3531/169/2 3465/128/2
f 3464/1211/2 3465/128/2 3531/169/2
f 3484/1087/2 3530/1213/2 3483/175/2
f 3531/169/2 3483/175/2 3530/1213/2
f 3483/175/2 3531/169/2 3482/1214/2
f 3482/1214/2 3531/169/2 3481/1215/2
f 3481/1215/2 3531/169/2 3480/185/2
f 3480/185/2 3531/169/2 3479/1216/2
f 3479/1216/2 3531/169/2 3478/1217/2
f 3466/1212/2 3478/1217/2 3531/169/2
f 3478/1217/2 3466/1212/2 3477/284/2
f 3467/1218/2 3477/284/2 3466/1212/2
f 3477/284/2 3467/1218/2 3476/1219/2
f 3468/154/2 3476/1219/2 3467/1218/2
f 3476/1219/2 3468/154/2 3475/1220/2
f 3469/1221/2 3475/1220/2 3468/154/2
f 3475/1220/2 3469/1221/2 3474/290/2
f 3474/290/2 3469/1221/2 3473/1222/2
f 3473/1222/2 3469/1221/2 3472/1223/2
f 3472/1223/2 3469/1221/2 3471/189/2
f 3471/189/2 3469/1221/2 3470/1107/2
f 3524/1204/2 3489/239/2 3490/1203/2
f 3525/279/2 3489/239/2 3524/1204/2
f 3489/239/2 3525/279/2 3488/1224/2
f 3526/1033/2 3488/1224/2 3525/279/2
f 3488/1224/2 3526/1033/2 3487/1225/2
f 3527/1226/2 3487/1225/2 3526/1033/2
f 3487/1225/2 3527/1226/2 3486/234/2
f 3528/287/2 3486/234/2 3527/1226/2
f 3486/234/2 3528/287/2 3485/1227/2
f 3529/1228/2 3485/1227/2 3528/287/2
f 3485/1227/2 3529/1228/2 3484/1087/2
f 3484/1087/2 3529/1228/2 3530/1213/2
f 3531/169/2 3456/65/2 3457/1229/2
f 3458/1230/2 3531/169/2 3457/1229/2
f 3459/149/2 3531/169/2 3458/1230/2
f 3531/169/2 3459/149/2 3460/1210/2
f 3514/1182/2 3499/1231/2 3500/1181/2
f 3515/1232/2 3499/1231/2 3514/1182/2
f 3499/1231/2 3515/1232/2 3498/40/2
f 3498/40/2 3515/1232/2 3516/259/2
f 3565/1192/2 3574/1233/2 3575/1150/2
f 3566/1234/2 3574/1233/2 3565/1192/2
f 3574/1233/2 3566/1234/2 3573/327/2
f 3567/307/2 3573/327/2 3566/1234/2
f 3568/1147/2 3573/327/2 3567/307/2
f 3573/327/2 3568/1147/2 3572/1235/2
f 3569/1236/2 3572/1235/2 3568/1147/2
f 3572/1235/2 3569/1236/2 3571/1237/2
f 3571/1237/2 3569/1236/2 3570/317/2
f 3456/65/2 3531/169/2 3532/1196/2
s 1
f 3586/1512/3 3583/65/4 3584/1513/5
f 3588/1514/6 3585/1515/3 3586/1512/3
f 3590/1516/7 3587/1517/6 3588/1514/6
f 3592/1518/8 3589/1519/7 3590/1516/7
f 3594/1520/9 3591/1521/8 3592/1518/8
f 3596/1522/10 3593/1523/9 3594/1520/9
f 3598/1524/11 3595/1525/10 3596/1522/10
f 3600/1526/12 3597/1527/11 3598/1524/11
f 3602/1528/13 3599/1529/12 3600/1526/12
f 3604/1530/14 3601/1531/13 3602/1528/13
f 3606/1532/15 3603/1533/14 3604/1530/14
f 3608/1534/16 3605/1535/15 3606/1532/15
f 3610/1536/17 3607/1537/16 3608/1534/16
f 3612/1538/18 3609/1539/17 3610/1536/17
f 3614/1540/19 3611/1541/18 3612/1538/18
f 3616/1542/20 3613/1543/19 3614/1540/19
f 3618/1544/21 3615/1545/20 3616/1542/20
f 3620/1546/22 3617/1547/21 3618/1544/21
f 3622/1548/23 3619/1549/22 3620/1546/22
f 3624/1550/24 3621/1551/23 3622/1548/23
f 3626/1552/25 3623/1553/24 3624/1550/24
f 3628/1554/26 3625/1555/25 3626/1552/25
f 3630/1556/27 3627/1557/26 3628/1554/26
f 3632/1558/28 3629/1559/27 3630/1556/27
f 3634/1560/29 3631/1561/28 3632/1558/28
f 3636/1562/30 3633/1563/29 3634/1560/29
f 3638/1564/31 3635/1565/30 3636/1562/30
f 3640/1566/32 3637/1567/31 3638/1564/31
f 3642/1568/33 3639/1569/32 3640/1566/32
f 3644/1570/34 3641/1571/33 3642/1568/33
f 3646/1572/35 3643/1573/34 3644/1570/34
f 3648/1574/36 3645/1575/35 3646/1572/35
f 3650/1576/37 3647/1577/36 3648/1574/36
f 3652/1578/38 3649/1579/37 3650/1576/37
f 3654/1580/39 3651/1581/38 3652/1578/38
f 3656/1582/40 3653/1583/39 3654/1580/39
f 3658/1584/41 3655/1585/40 3656/1582/40
f 3660/1586/42 3657/1587/41 3658/1584/41
f 3662/1588/43 3659/1589/42 3660/1586/42
f 3664/1590/44 3661/1591/43 3662/1588/43
f 3666/1592/45 3663/1593/44 3664/1590/44
f 3668/1594/46 3665/1595/45 3666/1592/45
f 3670/1596/47 3667/1597/46 3668/1594/46
f 3672/1598/48 3669/1599/47 3670/1596/47
f 3674/1600/49 3671/1601/50 3672/1598/48
f 3676/1602/51 3673/1603/49 3674/1600/49
f 3678/1604/52 3675/1605/51 3676/1602/51
f 3680/1606/53 3677/1607/52 3678/1604/52
f 3682/1608/54 3679/1609/53 3680/1606/53
f 3684/1610/55 3681/1611/54 3682/1608/54
f 3686/1612/56 3683/1613/57 3684/1610/55
f 3688/1614/58 3685/1615/59 3686/1612/56
f 3690/1616/60 3687/1617/58 3688/1614/58
f 3692/1618/61 3689/1619/60 3690/1616/60
f 3694/1620/62 3691/1621/61 3692/1618/61
f 3696/1622/63 3693/1623/62 3694/1620/62
f 3698/1624/64 3695/1625/63 3696/1622/63
f 3700/1626/65 3697/1627/64 3698/1624/64
f 3702/1628/66 3699/1629/65 3700/1626/65
f 3704/1630/67 3701/1631/66 3702/1628/66
f 3706/1632/68 3703/1633/67 3704/1630/67
f 3708/1634/69 3705/1635/68 3706/1632/68
f 3710/1636/70 3707/1637/69 3708/1634/69
f 3712/1638/71 3709/1639/70 3710/1636/70
f 3714/1640/72 3711/1641/71 3712/1638/71
f 3716/1642/73 3713/1643/72 3714/1640/72
f 3718/1644/74 3715/1645/73 3716/1642/73
f 3720/1646/75 3717/1647/74 3718/1644/74
f 3722/1648/76 3719/1649/75 3720/1646/75
f 3724/1650/77 3721/1651/76 3722/1648/76
f 3726/1652/78 3723/1653/77 3724/1650/77
f 3728/1654/79 3725/1655/78 3726/1652/78
f 3730/1656/80 3727/1657/79 3728/1654/79
f 3732/1658/81 3729/1659/80 3730/1656/80
f 3734/1660/82 3731/1661/81 3732/1658/81
f 3736/1662/83 3733/1663/82 3734/1660/82
f 3738/1664/84 3735/1665/83 3736/1662/83
f 3740/1666/85 3737/1667/84 3738/1664/84
f 3742/1668/86 3739/1669/85 3740/1666/85
f 3744/1670/87 3741/1671/86 3742/1668/86
f 3746/1672/88 3743/1673/87 3744/1670/87
f 3748/1674/89 3745/1675/88 3746/1672/88
f 3750/1676/90 3747/1677/89 3748/1674/89
f 3752/1678/91 3749/1679/90 3750/1676/90
f 3754/1680/92 3751/1681/91 3752/1678/91
f 3756/1682/93 3753/1683/92 3754/1680/92
f 3758/1684/94 3755/1685/93 3756/1682/93
f 3760/1686/95 3757/1687/94 3758/1684/94
f 3762/1688/96 3759/1689/95 3760/1686/95
f 3764/1690/97 3761/1691/96 3762/1688/96
f 3766/1692/98 3763/1693/97 3764/1690/97
f 3768/1694/99 3765/1695/98 3766/1692/98
f 3770/1696/100 3767/1697/99 3768/1694/99
f 3772/1698/101 3769/1699/100 3770/1696/100
f 3774/1700/102 3771/1701/101 3772/1698/101
f 3776/1702/103 3773/1703/102 3774/1700/102
f 3778/1704/104 3775/1705/103 3776/1702/103
f 3780/1706/105 3777/1707/104 3778/1704/104
f 3782/1708/106 3779/1709/105 3780/1706/105
f 3784/1710/107 3781/1711/106 3782/1708/106
f 3786/1712/108 3783/1713/107 3784/1710/107
f 3788/1714/109 3785/1715/108 3786/1712/108
f 3790/1716/110 3787/1717/109 3788/1714/109
f 3792/1718/111 3789/1719/110 3790/1716/110
f 3794/1720/112 3791/1721/111 3792/1718/111
f 3796/1722/113 3793/1723/112 3794/1720/112
f 3798/1724/114 3795/1725/113 3796/1722/113
f 3800/1726/115 3797/1727/114 3798/1724/114
f 3802/1728/116 3799/1729/115 3800/1726/115
f 3804/1730/117 3801/1731/116 3802/1728/116
f 3806/1732/118 3803/1733/117 3804/1730/117
f 3808/1734/119 3805/1735/118 3806/1732/118
f 3810/1736/120 3807/1737/119 3808/1734/119
f 3812/1738/121 3809/1739/120 3810/1736/120
f 3814/1740/122 3811/1741/121 3812/1738/121
f 3816/1742/123 3813/1743/122 3814/1740/122
f 3818/1744/124 3815/1745/123 3816/1742/123
f 3820/1746/125 3817/1747/124 3818/1744/124
f 3822/1748/126 3819/1749/125 3820/1746/125
f 3824/1750/127 3821/1751/126 3822/1748/126
f 3826/1752/128 3823/1753/127 3824/1750/127
f 3828/1754/129 3825/1755/128 3826/1752/128
f 3830/1756/130 3827/1757/129 3828/1754/129
f 3832/1758/131 3829/1759/130 3830/1756/130
f 3834/1760/132 3831/1761/131 3832/1758/131
f 3836/1762/133 3833/1763/132 3834/1760/132
f 3584/1764/5 3835/1765/133 3836/1762/133
f 3840/1766/134 3837/65/134 3838/1513/134
f 3842/1767/134 3839/1768/134 3840/1766/134
f 3844/1769/134 3841/1770/134 3842/1767/134
f 3846/1771/134 3843/1772/134 3844/1769/134
f 3848/1773/134 3845/1774/134 3846/1771/134
f 3850/1775/134 3847/1776/134 3848/1773/134
f 3852/1777/134 3849/1778/134 3850/1775/134
f 3854/1779/134 3851/128/134 3852/1777/134
f 3856/1780/134 3853/1781/134 3854/1779/134
f 3858/1782/134 3855/1783/134 3856/1780/134
f 3860/1784/135 3857/1785/134 3858/1782/134
f 3862/1786/136 3859/1787/135 3860/1784/135
f 3864/1788/137 3861/1789/136 3862/1786/136
f 3866/1790/138 3863/1791/139 3864/1788/137
f 3868/1792/140 3865/290/138 3866/1790/138
f 3870/1793/141 3867/1794/140 3868/1792/140
f 3872/1795/142 3869/1796/141 3870/1793/141
f 3874/1797/143 3871/1798/142 3872/1795/142
f 3876/1799/144 3873/1800/143 3874/1797/143
f 3878/1801/145 3875/1802/144 3876/1799/144
f 3880/1803/146 3877/1804/145 3878/1801/145
f 3882/1805/147 3879/175/146 3880/1803/146
f 3884/1806/148 3881/1807/147 3882/1805/147
f 3886/1808/149 3883/1809/148 3884/1806/148
f 3888/1810/150 3885/1811/149 3886/1808/149
f 3890/1812/151 3887/1813/150 3888/1810/150
f 3892/1814/152 3889/1815/151 3890/1812/151
f 3894/1816/153 3891/1817/152 3892/1814/152
f 3896/1818/154 3893/268/153 3894/1816/153
f 3898/1819/155 3895/1820/154 3896/1818/154
f 3900/1821/156 3897/1822/155 3898/1819/155
f 3902/1823/157 3899/1824/156 3900/1821/156
f 3904/1825/158 3901/1826/157 3902/1823/157
f 3906/1827/159 3903/1828/158 3904/1825/158
f 3908/1829/160 3905/1830/159 3906/1827/159
f 3910/1831/161 3907/205/162 3908/1829/160
f 3912/1832/163 3909/1833/161 3910/1831/161
f 3914/1834/164 3911/1835/163 3912/1832/163
f 3916/1836/165 3913/1837/164 3914/1834/164
f 3918/1838/166 3915/1839/165 3916/1836/165
f 3920/1840/167 3917/1841/166 3918/1838/166
f 3922/1842/168 3919/1843/167 3920/1840/167
f 3924/1844/169 3921/243/168 3922/1842/168
f 3926/1845/170 3923/1846/169 3924/1844/169
f 3928/1847/98 3925/1848/170 3926/1845/170
f 3930/1849/171 3927/1850/98 3928/1847/98
f 3932/1851/172 3929/1852/171 3930/1849/171
f 3934/1853/173 3931/1854/172 3932/1851/172
f 3936/1855/174 3933/1856/173 3934/1853/173
f 3938/1857/175 3935/254/174 3936/1855/174
f 3940/1858/176 3937/1859/175 3938/1857/175
f 3942/1860/177 3939/1861/176 3940/1858/176
f 3944/1862/178 3941/1863/177 3942/1860/177
f 3946/1864/179 3943/1865/178 3944/1862/178
f 3948/1866/180 3945/1867/179 3946/1864/179
f 3950/1868/181 3947/1869/182 3948/1866/180
f 3952/1870/183 3949/287/181 3950/1868/181
f 3954/1871/184 3951/1872/183 3952/1870/183
f 3956/1873/185 3953/1874/184 3954/1871/184
f 3958/1875/186 3955/1876/185 3956/1873/185
f 3960/1877/187 3957/1878/186 3958/1875/186
f 3962/1879/187 3959/1880/187 3960/1877/187
f 3964/1881/187 3961/1882/187 3962/1879/187
f 3966/1883/187 3963/133/187 3964/1881/187
f 3968/1884/187 3965/1885/187 3966/1883/187
f 3970/1886/187 3967/1887/187 3968/1884/187
f 3972/1888/187 3969/1889/187 3970/1886/187
f 3974/1890/187 3971/1891/187 3972/1888/187
f 3976/1892/187 3973/1893/187 3974/1890/187
f 3978/1894/187 3975/1895/187 3976/1892/187
f 3980/1896/187 3977/178/187 3978/1894/187
f 3982/1897/188 3979/1898/187 3980/1896/187
f 3984/1899/189 3981/1900/188 3982/1897/188
f 3986/1901/190 3983/1902/189 3984/1899/189
f 3988/1903/191 3985/1904/190 3986/1901/190
f 3990/1905/192 3987/1906/193 3988/1903/191
f 3992/1907/194 3989/1908/195 3990/1905/192
f 3994/1909/196 3991/213/194 3992/1907/194
f 3996/1910/197 3993/1911/196 3994/1909/196
f 3998/1912/198 3995/1913/197 3996/1910/197
f 4000/1914/199 3997/1915/198 3998/1912/198
f 4002/1916/200 3999/1917/199 4000/1914/199
f 4004/1918/201 4001/1919/200 4002/1916/200
f 4006/1920/202 4003/1921/201 4004/1918/201
f 4008/1922/203 4005/302/202 4006/1920/202
f 4010/1923/204 4007/1924/203 4008/1922/203
f 4012/1925/205 4009/1926/204 4010/1923/204
f 4014/1927/206 4011/1928/205 4012/1925/205
f 4016/1929/207 4013/1930/208 4014/1927/206
f 4018/1931/209 4015/1932/210 4016/1929/207
f 4020/1933/211 4017/1934/209 4018/1931/209
f 4022/1935/212 4019/327/211 4020/1933/211
f 4024/1936/213 4021/1937/214 4022/1935/212
f 4026/1938/215 4023/1939/213 4024/1936/213
f 4028/1940/216 4025/1941/215 4026/1938/215
f 4030/1942/217 4027/1943/216 4028/1940/216
f 4032/1944/218 4029/1945/217 4030/1942/217
f 3838/1764/134 4031/1946/218 4032/1944/218
f 4036/1947/134 4033/65/134 4034/1513/134
f 4038/1948/134 4035/1949/134 4036/1947/134
f 4040/1950/134 4037/1951/134 4038/1948/134
f 4042/1952/134 4039/1953/134 4040/1950/134
f 4044/1954/134 4041/1955/134 4042/1952/134
f 4046/1956/134 4043/1957/134 4044/1954/134
f 4048/1958/134 4045/1959/134 4046/1956/134
f 4050/1960/134 4047/1961/134 4048/1958/134
f 4052/1962/134 4049/1963/134 4050/1960/134
f 4054/1964/134 4051/1965/134 4052/1962/134
f 4056/1966/219 4053/1967/134 4054/1964/134
f 4058/1968/220 4055/1969/219 4056/1966/219
f 4060/1970/221 4057/1971/222 4058/1968/220
f 4062/1972/223 4059/1973/221 4060/1970/221
f 4064/1974/224 4061/1975/223 4062/1972/223
f 4066/1976/225 4063/1977/226 4064/1974/224
f 4068/1978/227 4065/1979/228 4066/1976/225
f 4070/1980/229 4067/1981/227 4068/1978/227
f 4072/1982/230 4069/1983/231 4070/1980/229
f 4074/1984/232 4071/1985/230 4072/1982/230
f 4076/1986/233 4073/1987/232 4074/1984/232
f 4078/1988/234 4075/1989/233 4076/1986/233
f 4080/1990/235 4077/1991/234 4078/1988/234
f 4082/1992/236 4079/1993/235 4080/1990/235
f 4084/1994/237 4081/1995/236 4082/1992/236
f 4086/1996/238 4083/1997/237 4084/1994/237
f 4088/1998/239 4085/1999/238 4086/1996/238
f 4090/2000/240 4087/2001/239 4088/1998/239
f 4092/2002/241 4089/2003/240 4090/2000/240
f 4094/2004/242 4091/2005/241 4092/2002/241
f 4096/2006/243 4093/2007/242 4094/2004/242
f 4098/2008/244 4095/2009/243 4096/2006/243
f 4100/2010/245 4097/2011/244 4098/2008/244
f 4102/2012/246 4099/2013/245 4100/2010/245
f 4104/2014/247 4101/2015/246 4102/2012/246
f 4106/2016/248 4103/2017/247 4104/2014/247
f 4108/1855/187 4105/2018/248 4106/2016/248
f 4110/2019/187 4107/254/187 4108/1855/187
f 4112/2020/187 4109/2021/187 4110/2019/187
f 4114/2022/187 4111/2023/187 4112/2020/187
f 4116/2024/187 4113/2025/187 4114/2022/187
f 4118/2026/187 4115/2027/187 4116/2024/187
f 4120/2028/187 4117/2029/187 4118/2026/187
f 4122/2030/187 4119/2031/187 4120/2028/187
f 4124/2032/187 4121/2033/187 4122/2030/187
f 4126/2034/187 4123/2035/187 4124/2032/187
f 4128/2036/187 4125/2037/187 4126/2034/187
f 4130/2038/249 4127/2039/187 4128/2036/187
f 4132/2040/250 4129/2041/249 4130/2038/249
f 4134/2042/251 4131/2043/250 4132/2040/250
f 4136/2044/252 4133/2045/251 4134/2042/251
f 4138/2046/253 4135/2047/252 4136/2044/252
f 4140/2048/254 4137/2049/253 4138/2046/253
f 4142/2050/255 4139/2051/254 4140/2048/254
f 4144/2052/256 4141/2053/255 4142/2050/255
f 4146/2054/257 4143/2055/256 4144/2052/256
f 4148/2056/258 4145/2057/257 4146/2054/257
f 4150/2058/259 4147/2059/258 4148/2056/258
f 4152/2060/260 4149/2061/259 4150/2058/259
f 4154/2062/261 4151/2063/262 4152/2060/260
f 4156/2064/263 4153/2065/261 4154/2062/261
f 4158/2066/264 4155/2067/263 4156/2064/263
f 4160/2068/265 4157/2069/264 4158/2066/264
f 4162/2070/266 4159/2071/265 4160/2068/265
f 4164/2072/267 4161/2073/266 4162/2070/266
f 4166/2074/268 4163/2075/267 4164/2072/267
f 4168/2076/269 4165/2077/270 4166/2074/268
f 4170/2078/271 4167/2079/269 4168/2076/269
f 4172/2080/272 4169/2081/273 4170/2078/271
f 4174/2082/274 4171/2083/272 4172/2080/272
f 4176/2084/275 4173/2085/276 4174/2082/274
f 4178/2086/277 4175/2087/275 4176/2084/275
f 4180/2088/278 4177/2089/277 4178/2086/277
f 4034/1764/134 4179/2090/278 4180/2088/278
f 4184/2091/279 4181/65/280 4182/1513/280
f 4186/2092/281 4183/2093/279 4184/2091/279
f 4188/2094/282 4185/2095/281 4186/2092/281
f 4190/2096/283 4187/2097/282 4188/2094/282
f 4192/2098/284 4189/2099/283 4190/2096/283
f 4194/2100/285 4191/2101/286 4192/2098/284
f 4196/2102/287 4193/2103/285 4194/2100/285
f 4198/2104/288 4195/2105/287 4196/2102/287
f 4200/2106/289 4197/2107/288 4198/2104/288
f 4202/2108/290 4199/2109/289 4200/2106/289
f 4204/2110/291 4201/2111/290 4202/2108/290
f 4206/2112/292 4203/2113/291 4204/2110/291
f 4208/1855/293 4205/2114/292 4206/2112/292
f 4210/2115/294 4207/254/293 4208/1855/293
f 4212/2116/295 4209/2117/294 4210/2115/294
f 4214/2118/296 4211/2119/295 4212/2116/295
f 4216/2120/297 4213/2121/298 4214/2118/296
f 4218/2122/299 4215/2123/297 4216/2120/297
f 4220/2124/300 4217/2125/299 4218/2122/299
f 4222/2126/301 4219/2127/300 4220/2124/300
f 4224/2128/302 4221/2129/301 4222/2126/301
f 4226/2130/303 4223/2131/302 4224/2128/302
f 4228/2132/304 4225/2133/303 4226/2130/303
f 4230/2134/305 4227/2135/304 4228/2132/304
f 4232/2136/306 4229/2137/305 4230/2134/305
f 4182/1764/280 4231/2138/306 4232/2136/306
f 4236/2139/307 4233/65/308 4234/1513/308
f 4238/2140/309 4235/2141/307 4236/2139/307
f 4240/2142/310 4237/2143/309 4238/2140/309
f 4242/2144/311 4239/2145/310 4240/2142/310
f 4244/2146/312 4241/2147/311 4242/2144/311
f 4246/2148/313 4243/2149/312 4244/2146/312
f 4248/2150/314 4245/2151/313 4246/2148/313
f 4250/2152/315 4247/2153/314 4248/2150/314
f 4252/2154/316 4249/2155/315 4250/2152/315
f 4254/2156/317 4251/2157/316 4252/2154/316
f 4256/2158/318 4253/2159/319 4254/2156/317
f 4258/2160/320 4255/2161/318 4256/2158/318
f 4260/2162/321 4257/2163/320 4258/2160/320
f 4262/2164/322 4259/2165/321 4260/2162/321
f 4264/2166/323 4261/2167/322 4262/2164/322
f 4266/2168/324 4263/2169/323 4264/2166/323
f 4268/2170/325 4265/2171/324 4266/2168/324
f 4270/2172/326 4267/2173/325 4268/2170/325
f 4272/2174/327 4269/2175/326 4270/2172/326
f 4274/2176/328 4271/2177/327 4272/2174/327
f 4276/2178/329 4273/2179/328 4274/2176/328
f 4278/2180/330 4275/2181/329 4276/2178/329
f 4280/2182/331 4277/2183/330 4278/2180/330
f 4282/2184/332 4279/2185/331 4280/2182/331
f 4284/2186/333 4281/2187/332 4282/2184/332
f 4286/2188/334 4283/2189/333 4284/2186/333
f 4288/2190/335 4285/2191/334 4286/2188/334
f 4290/2192/336 4287/2193/335 4288/2190/335
f 4292/2194/337 4289/2195/336 4290/2192/336
f 4294/2196/338 4291/2197/337 4292/2194/337
f 4296/1855/339 4293/2198/338 4294/2196/338
f 4298/2199/340 4295/254/339 4296/1855/339
f 4300/2200/341 4297/2201/340 4298/2199/340
f 4302/2202/342 4299/2203/341 4300/2200/341
f 4304/2204/343 4301/2205/342 4302/2202/342
f 4306/2206/344 4303/2207/343 4304/2204/343
f 4308/2208/345 4305/2209/344 4306/2206/344
f 4310/2210/346 4307/2211/345 4308/2208/345
f 4312/2212/347 4309/2213/346 4310/2210/346
f 4314/2214/348 4311/2215/347 4312/2212/347
f 4316/2216/349 4313/2217/348 4314/2214/348
f 4318/2218/350 4315/2219/349 4316/2216/349
f 4320/2220/351 4317/2221/352 4318/2218/350
f 4322/2222/353 4319/2223/351 4320/2220/351
f 4324/2224/354 4321/2225/353 4322/2222/353
f 4326/2226/355 4323/2227/354 4324/2224/354
f 4328/2228/356 4325/2229/355 4326/2226/355
f 4330/2230/357 4327/2231/356 4328/2228/356
f 4332/2232/358 4329/2233/359 4330/2230/357
f 4334/2234/360 4331/2235/358 4332/2232/358
f 4336/2236/361 4333/2237/360 4334/2234/360
f 4338/2238/362 4335/2239/361 4336/2236/361
f 4340/2240/363 4337/2241/364 4338/2238/362
f 4342/2242/365 4339/2243/366 4340/2240/363
f 4344/2244/367 4341/2245/365 4342/2242/365
f 4346/2246/368 4343/2247/367 4344/2244/367
f 4348/2248/369 4345/2249/370 4346/2246/368
f 4350/2250/371 4347/2251/372 4348/2248/369
f 4352/2252/373 4349/2253/374 4350/2250/371
f 4354/2254/375 4351/2255/376 4352/2252/373
f 4356/2256/377 4353/2257/375 4354/2254/375
f 4234/1764/308 4355/2258/377 4356/2256/377
f 4360/2091/378 4357/65/379 4358/1513/380
f 4362/2092/381 4359/2093/378 4360/2091/378
f 4364/2094/382 4361/2095/381 4362/2092/381
f 4366/2096/383 4363/2097/382 4364/2094/382
f 4368/2098/384 4365/2099/383 4366/2096/383
f 4370/2100/385 4367/2101/384 4368/2098/384
f 4372/2102/386 4369/2103/385 4370/2100/385
f 4374/2104/387 4371/2105/388 4372/2102/386
f 4376/2106/389 4373/2107/387 4374/2104/387
f 4378/2108/390 4375/2109/389 4376/2106/389
f 4380/2110/391 4377/2111/390 4378/2108/390
f 4382/2112/392 4379/2113/393 4380/2110/391
f 4384/1855/394 4381/2114/392 4382/2112/392
f 4386/2115/395 4383/254/394 4384/1855/394
f 4388/2116/396 4385/2117/395 4386/2115/395
f 4390/2118/397 4387/2119/396 4388/2116/396
f 4392/2120/398 4389/2121/397 4390/2118/397
f 4394/2122/294 4391/2123/399 4392/2120/398
f 4396/2124/400 4393/2125/294 4394/2122/294
f 4398/2126/401 4395/2127/400 4396/2124/400
f 4400/2128/402 4397/2129/401 4398/2126/401
f 4402/2130/403 4399/2131/402 4400/2128/402
f 4404/2132/404 4401/2133/403 4402/2130/403
f 4406/2134/405 4403/2135/404 4404/2132/404
f 4408/2136/406 4405/2137/407 4406/2134/405
f 4358/1764/380 4407/2138/406 4408/2136/406
f 4412/1512/3 4409/65/4 4410/1513/5
f 4414/1514/6 4411/1515/3 4412/1512/3
f 4416/1516/7 4413/1517/6 4414/1514/6
f 4418/1518/8 4415/1519/7 4416/1516/7
f 4420/1520/9 4417/1521/8 4418/1518/8
f 4422/1522/10 4419/1523/9 4420/1520/9
f 4424/1524/11 4421/1525/408 4422/1522/10
f 4426/1526/12 4423/1527/11 4424/1524/11
f 4428/1528/13 4425/1529/12 4426/1526/12
f 4430/1530/14 4427/1531/13 4428/1528/13
f 4432/1532/15 4429/1533/14 4430/1530/14
f 4434/1534/16 4431/1535/15 4432/1532/15
f 4436/1536/17 4433/1537/16 4434/1534/16
f 4438/1538/409 4435/1539/17 4436/1536/17
f 4440/1540/410 4437/1541/409 4438/1538/409
f 4442/1542/20 4439/1543/410 4440/1540/410
f 4444/1544/21 4441/1545/20 4442/1542/20
f 4446/1546/411 4443/1547/412 4444/1544/21
f 4448/1548/23 4445/1549/413 4446/1546/411
f 4450/1550/24 4447/1551/414 4448/1548/23
f 4452/1552/25 4449/1553/24 4450/1550/24
f 4454/1554/415 4451/1555/416 4452/1552/25
f 4456/1556/27 4453/1557/26 4454/1554/415
f 4458/1558/28 4455/1559/417 4456/1556/27
f 4460/1560/418 4457/1561/28 4458/1558/28
f 4462/1562/419 4459/1563/420 4460/1560/418
f 4464/1564/31 4461/1565/421 4462/1562/419
f 4466/1566/32 4463/1567/31 4464/1564/31
f 4468/1568/33 4465/1569/32 4466/1566/32
f 4470/1570/34 4467/1571/33 4468/1568/33
f 4472/1572/35 4469/1573/34 4470/1570/34
f 4474/1574/36 4471/1575/35 4472/1572/35
f 4476/1576/37 4473/1577/36 4474/1574/36
f 4478/1578/38 4475/1579/37 4476/1576/37
f 4480/1580/39 4477/1581/38 4478/1578/38
f 4482/1582/40 4479/1583/39 4480/1580/39
f 4484/1584/41 4481/1585/40 4482/1582/40
f 4486/1586/42 4483/1587/41 4484/1584/41
f 4488/1588/43 4485/1589/42 4486/1586/42
f 4490/1590/44 4487/1591/43 4488/1588/43
f 4492/1592/45 4489/1593/44 4490/1590/44
f 4494/1594/422 4491/1595/45 4492/1592/45
f 4496/1596/47 4493/1597/46 4494/1594/422
f 4498/1598/50 4495/1599/47 4496/1596/47
f 4500/1600/423 4497/1601/48 4498/1598/50
f 4502/1602/51 4499/1603/49 4500/1600/423
f 4504/1604/52 4501/1605/51 4502/1602/51
f 4506/1606/53 4503/1607/52 4504/1604/52
f 4508/1608/54 4505/1609/53 4506/1606/53
f 4510/1610/55 4507/1611/54 4508/1608/54
f 4512/1612/56 4509/1613/57 4510/1610/55
f 4514/1614/58 4511/1615/59 4512/1612/56
f 4516/1616/60 4513/1617/58 4514/1614/58
f 4518/1618/61 4515/1619/60 4516/1616/60
f 4520/1620/62 4517/1621/61 4518/1618/61
f 4522/1622/63 4519/1623/62 4520/1620/62
f 4524/1624/64 4521/1625/424 4522/1622/63
f 4526/1626/65 4523/1627/64 4524/1624/64
f 4528/1628/66 4525/1629/65 4526/1626/65
f 4530/1630/67 4527/1631/66 4528/1628/66
f 4532/1632/68 4529/1633/67 4530/1630/67
f 4534/1634/69 4531/1635/68 4532/1632/68
f 4536/1636/70 4533/1637/69 4534/1634/69
f 4538/1638/71 4535/1639/70 4536/1636/70
f 4540/1640/72 4537/1641/71 4538/1638/71
f 4542/1642/425 4539/1643/72 4540/1640/72
f 4544/1644/74 4541/1645/73 4542/1642/425
f 4546/1646/75 4543/1647/74 4544/1644/74
f 4548/1648/76 4545/1649/75 4546/1646/75
f 4550/1650/77 4547/1651/76 4548/1648/76
f 4552/1652/78 4549/1653/77 4550/1650/77
f 4554/1654/79 4551/1655/78 4552/1652/78
f 4556/1656/80 4553/1657/79 4554/1654/79
f 4558/1658/81 4555/1659/80 4556/1656/80
f 4560/1660/82 4557/1661/81 4558/1658/81
f 4562/1662/83 4559/1663/82 4560/1660/82
f 4564/1664/426 4561/1665/83 4562/1662/83
f 4566/1666/85 4563/1667/84 4564/1664/426
f 4568/1668/86 4565/1669/85 4566/1666/85
f 4570/1670/87 4567/1671/86 4568/1668/86
f 4572/1672/88 4569/1673/87 4570/1670/87
f 4574/1674/89 4571/1675/88 4572/1672/88
f 4576/1676/90 4573/1677/89 4574/1674/89
f 4578/1678/91 4575/1679/90 4576/1676/90
f 4580/1680/427 4577/1681/91 4578/1678/91
f 4582/1682/93 4579/1683/92 4580/1680/427
f 4584/1684/94 4581/1685/93 4582/1682/93
f 4586/1686/95 4583/1687/94 4584/1684/94
f 4588/1688/96 4585/1689/95 4586/1686/95
f 4590/1690/97 4587/1691/96 4588/1688/96
f 4592/1692/98 4589/1693/97 4590/1690/97
f 4594/1694/99 4591/1695/98 4592/1692/98
f 4596/1696/100 4593/1697/99 4594/1694/99
f 4598/1698/101 4595/1699/100 4596/1696/100
f 4600/1700/102 4597/1701/101 4598/1698/101
f 4602/1702/103 4599/1703/102 4600/1700/102
f 4604/1704/104 4601/1705/103 4602/1702/103
f 4606/1706/105 4603/1707/104 4604/1704/104
f 4608/1708/106 4605/1709/105 4606/1706/105
f 4610/1710/107 4607/1711/106 4608/1708/106
f 4612/1712/108 4609/1713/107 4610/1710/107
f 4614/1714/428 4611/1715/108 4612/1712/108
f 4616/1716/429 4613/1717/109 4614/1714/428
f 4618/1718/430 4615/1719/110 4616/1716/429
f 4620/1720/112 4617/1721/430 4618/1718/430
f 4622/1722/113 4619/1723/112 4620/1720/112
f 4624/1724/114 4621/1725/431 4622/1722/113
f 4626/1726/432 4623/1727/114 4624/1724/114
f 4628/1728/116 4625/1729/115 4626/1726/432
f 4630/1730/117 4627/1731/116 4628/1728/116
f 4632/1732/118 4629/1733/117 4630/1730/117
f 4634/1734/119 4631/1735/433 4632/1732/118
f 4636/1736/120 4633/1737/434 4634/1734/119
f 4638/1738/435 4635/1739/120 4636/1736/120
f 4640/1740/122 4637/1741/435 4638/1738/435
f 4642/1742/123 4639/1743/122 4640/1740/122
f 4644/1744/124 4641/1745/123 4642/1742/123
f 4646/1746/125 4643/1747/124 4644/1744/124
f 4648/1748/126 4645/1749/125 4646/1746/125
f 4650/1750/127 4647/1751/126 4648/1748/126
f 4652/1752/128 4649/1753/127 4650/1750/127
f 4654/1754/129 4651/1755/128 4652/1752/128
f 4656/1756/130 4653/1757/129 4654/1754/129
f 4658/1758/131 4655/1759/130 4656/1756/130
f 4660/1760/436 4657/1761/131 4658/1758/131
f 4662/1762/133 4659/1763/132 4660/1760/436
f 4410/1764/5 4661/1765/437 4662/1762/133
f 4666/2259/438 4663/65/439 4664/1513/439
f 4668/2260/440 4665/2261/438 4666/2259/438
f 4670/1948/441 4667/2262/440 4668/2260/440
f 4672/2263/442 4669/1951/441 4670/1948/441
f 4674/2264/443 4671/2265/442 4672/2263/442
f 4676/1952/444 4673/2266/443 4674/2264/443
f 4678/2267/445 4675/1955/444 4676/1952/444
f 4680/2268/446 4677/2269/445 4678/2267/445
f 4682/1956/447 4679/2270/446 4680/2268/446
f 4684/2271/448 4681/1959/447 4682/1956/447
f 4686/2272/449 4683/2273/448 4684/2271/448
f 4688/1960/450 4685/2274/449 4686/2272/449
f 4690/2275/451 4687/1963/450 4688/1960/450
f 4692/2276/452 4689/2277/451 4690/2275/451
f 4694/1964/453 4691/2278/452 4692/2276/452
f 4696/2279/454 4693/1967/453 4694/1964/453
f 4698/2280/455 4695/2281/454 4696/2279/454
f 4700/1968/456 4697/2282/455 4698/2280/455
f 4702/2283/457 4699/1971/456 4700/1968/456
f 4704/2284/458 4701/2285/457 4702/2283/457
f 4706/1972/459 4703/2286/458 4704/2284/458
f 4708/2287/460 4705/1975/459 4706/1972/459
f 4710/2288/461 4707/2289/460 4708/2287/460
f 4712/1976/462 4709/2290/461 4710/2288/461
f 4714/2291/463 4711/1979/464 4712/1976/462
f 4716/2292/465 4713/2293/463 4714/2291/463
f 4718/1980/466 4715/2294/465 4716/2292/465
f 4720/2295/467 4717/1983/466 4718/1980/466
f 4722/2296/468 4719/2297/467 4720/2295/467
f 4724/1984/469 4721/2298/468 4722/2296/468
f 4726/2299/470 4723/1987/469 4724/1984/469
f 4728/2300/471 4725/2301/470 4726/2299/470
f 4730/1988/472 4727/2302/471 4728/2300/471
f 4732/2303/473 4729/1991/472 4730/1988/472
f 4734/2304/474 4731/2305/473 4732/2303/473
f 4736/1992/475 4733/2306/474 4734/2304/474
f 4738/2307/476 4735/1995/475 4736/1992/475
f 4740/2308/477 4737/40/476 4738/2307/476
f 4742/1996/478 4739/2309/477 4740/2308/477
f 4744/2310/479 4741/1999/478 4742/1996/478
f 4746/2311/480 4743/2312/479 4744/2310/479
f 4748/2000/481 4745/2313/480 4746/2311/480
f 4750/2314/482 4747/2003/483 4748/2000/481
f 4752/2315/484 4749/2316/482 4750/2314/482
f 4754/2004/485 4751/2317/484 4752/2315/484
f 4756/2318/486 4753/2007/485 4754/2004/485
f 4758/2319/487 4755/2320/486 4756/2318/486
f 4760/2008/488 4757/2321/487 4758/2319/487
f 4762/2322/489 4759/2011/488 4760/2008/488
f 4764/2323/490 4761/2324/489 4762/2322/489
f 4766/2012/491 4763/2325/490 4764/2323/490
f 4768/2326/492 4765/2015/491 4766/2012/491
f 4770/2327/493 4767/2328/492 4768/2326/492
f 4772/2016/494 4769/2329/493 4770/2327/493
f 4774/2330/495 4771/2018/494 4772/2016/494
f 4776/2331/496 4773/2332/495 4774/2330/495
f 4778/2019/497 4775/2333/496 4776/2331/496
f 4780/2334/498 4777/2021/497 4778/2019/497
f 4782/2335/499 4779/2336/498 4780/2334/498
f 4784/2022/500 4781/2337/499 4782/2335/499
f 4786/2338/501 4783/2025/502 4784/2022/500
f 4788/2339/503 4785/2340/501 4786/2338/501
f 4790/2026/504 4787/2341/503 4788/2339/503
f 4792/2342/505 4789/2029/504 4790/2026/504
f 4794/2343/506 4791/2344/505 4792/2342/505
f 4796/2030/507 4793/2345/506 4794/2343/506
f 4798/2346/508 4795/2033/507 4796/2030/507
f 4800/2347/509 4797/2348/508 4798/2346/508
f 4802/2034/510 4799/2349/509 4800/2347/509
f 4804/2350/511 4801/2037/510 4802/2034/510
f 4806/2351/512 4803/2352/511 4804/2350/511
f 4808/2038/513 4805/2353/512 4806/2351/512
f 4810/2354/514 4807/2041/513 4808/2038/513
f 4812/2355/515 4809/2356/514 4810/2354/514
f 4814/2042/516 4811/109/515 4812/2355/515
f 4816/2357/517 4813/2045/518 4814/2042/516
f 4818/2358/519 4815/2359/517 4816/2357/517
f 4820/2046/520 4817/2360/519 4818/2358/519
f 4822/2361/521 4819/2049/520 4820/2046/520
f 4824/2362/522 4821/2363/523 4822/2361/521
f 4826/2050/524 4823/2364/522 4824/2362/522
f 4828/2365/525 4825/2053/524 4826/2050/524
f 4830/2366/526 4827/2367/525 4828/2365/525
f 4832/2054/527 4829/2368/526 4830/2366/526
f 4834/2369/528 4831/2057/527 4832/2054/527
f 4836/2370/529 4833/2371/528 4834/2369/528
f 4838/2058/530 4835/2372/529 4836/2370/529
f 4840/2373/531 4837/2061/530 4838/2058/530
f 4842/2374/532 4839/2375/531 4840/2373/531
f 4844/2062/533 4841/2376/532 4842/2374/532
f 4846/2377/534 4843/2065/533 4844/2062/533
f 4848/2378/535 4845/2379/534 4846/2377/534
f 4850/2066/536 4847/2380/535 4848/2378/535
f 4852/2381/537 4849/2069/536 4850/2066/536
f 4854/2382/538 4851/2383/537 4852/2381/537
f 4856/2070/539 4853/2384/538 4854/2382/538
f 4858/2385/540 4855/2073/539 4856/2070/539
f 4860/2386/541 4857/2387/540 4858/2385/540
f 4862/2074/542 4859/2388/541 4860/2386/541
f 4864/2389/543 4861/2077/542 4862/2074/542
f 4866/2390/544 4863/2391/543 4864/2389/543
f 4868/2078/545 4865/2392/544 4866/2390/544
f 4870/2393/546 4867/2081/545 4868/2078/545
f 4872/2394/547 4869/2395/546 4870/2393/546
f 4874/2082/548 4871/2396/547 4872/2394/547
f 4876/2397/549 4873/2085/548 4874/2082/548
f 4878/2398/550 4875/2399/549 4876/2397/549
f 4880/2086/551 4877/2400/550 4878/2398/550
f 4882/2401/552 4879/2089/551 4880/2086/551
f 4884/2402/553 4881/2403/552 4882/2401/552
f 4664/1764/439 4883/2404/553 4884/2402/553
f 4888/2091/554 4885/65/555 4886/1513/555
f 4890/2092/556 4887/2093/554 4888/2091/554
f 4892/2094/557 4889/2095/558 4890/2092/556
f 4894/2096/559 4891/2097/557 4892/2094/557
f 4896/2098/560 4893/2099/559 4894/2096/559
f 4898/2100/561 4895/2101/560 4896/2098/560
f 4900/2102/562 4897/2103/561 4898/2100/561
f 4902/2104/563 4899/2105/564 4900/2102/562
f 4904/2106/565 4901/2107/566 4902/2104/563
f 4906/2108/567 4903/2109/565 4904/2106/565
f 4908/2110/568 4905/2111/567 4906/2108/567
f 4910/2112/569 4907/2113/570 4908/2110/568
f 4912/1855/571 4909/2114/569 4910/2112/569
f 4914/2115/572 4911/254/571 4912/1855/571
f 4916/2116/573 4913/2117/574 4914/2115/572
f 4918/2118/575 4915/2119/576 4916/2116/573
f 4920/2120/577 4917/2121/575 4918/2118/575
f 4922/2122/578 4919/2123/577 4920/2120/577
f 4924/2124/579 4921/2125/578 4922/2122/578
f 4926/2126/580 4923/2127/579 4924/2124/579
f 4928/2128/581 4925/2129/582 4926/2126/580
f 4930/2130/583 4927/2131/581 4928/2128/581
f 4932/2132/584 4929/2133/583 4930/2130/583
f 4934/2134/585 4931/2135/584 4932/2132/584
f 4936/2136/586 4933/2137/585 4934/2134/585
f 4886/1764/555 4935/2138/586 4936/2136/586
f 4940/2091/587 4937/65/588 4938/1513/588
f 4942/2092/589 4939/2093/590 4940/2091/587
f 4944/2094/591 4941/2095/589 4942/2092/589
f 4946/2096/592 4943/2097/591 4944/2094/591
f 4948/2098/593 4945/2099/594 4946/2096/592
f 4950/2100/595 4947/2101/596 4948/2098/593
f 4952/2102/597 4949/2103/595 4950/2100/595
f 4954/2104/598 4951/2105/597 4952/2102/597
f 4956/2106/599 4953/2107/600 4954/2104/598
f 4958/2108/601 4955/2109/602 4956/2106/599
f 4960/2110/603 4957/2111/601 4958/2108/601
f 4962/2112/604 4959/2113/603 4960/2110/603
f 4964/1855/605 4961/2114/604 4962/2112/604
f 4966/2115/606 4963/254/605 4964/1855/605
f 4968/2116/607 4965/2117/606 4966/2115/606
f 4970/2118/608 4967/2119/609 4968/2116/607
f 4972/2120/610 4969/2121/611 4970/2118/608
f 4974/2122/612 4971/2123/610 4972/2120/610
f 4976/2124/613 4973/2125/612 4974/2122/612
f 4978/2126/614 4975/2127/613 4976/2124/613
f 4980/2128/615 4977/2129/616 4978/2126/614
f 4982/2130/617 4979/2131/615 4980/2128/615
f 4984/2132/618 4981/2133/619 4982/2130/617
f 4986/2134/620 4983/2135/618 4984/2132/618
f 4988/2136/621 4985/2137/620 4986/2134/620
f 4938/1764/588 4987/2138/622 4988/2136/621
f 4992/2405/623 4989/65/624 4990/1513/624
f 4994/2406/625 4991/2407/623 4992/2405/623
f 4996/2408/626 4993/2409/625 4994/2406/625
f 4998/2410/627 4995/2411/626 4996/2408/626
f 5000/2412/628 4997/2413/627 4998/2410/627
f 5002/2414/629 4999/2415/628 5000/2412/628
f 5004/2416/630 5001/2417/629 5002/2414/629
f 5006/2418/631 5003/2419/630 5004/2416/630
f 5008/2420/632 5005/2421/631 5006/2418/631
f 5010/2422/633 5007/2423/632 5008/2420/632
f 5012/2424/634 5009/2425/633 5010/2422/633
f 5014/2426/635 5011/2427/634 5012/2424/634
f 5016/2428/635 5013/2429/635 5014/2426/635
f 5018/2430/636 5015/2431/635 5016/2428/635
f 5020/2432/636 5017/2433/636 5018/2430/636
f 5022/2434/637 5019/2435/636 5020/2432/636
f 5024/2436/638 5021/2437/639 5022/2434/637
f 5026/2438/640 5023/2439/638 5024/2436/638
f 5028/2440/641 5025/2441/642 5026/2438/640
f 5030/2442/643 5027/2443/641 5028/2440/641
f 5032/2444/644 5029/2445/645 5030/2442/643
f 5034/2446/646 5031/2447/644 5032/2444/644
f 5036/2448/647 5033/2449/648 5034/2446/646
f 5038/2450/649 5035/2451/650 5036/2448/647
f 5040/2452/651 5037/2453/652 5038/2450/649
f 5042/2454/653 5039/2455/654 5040/2452/651
f 5044/2456/655 5041/2457/653 5042/2454/653
f 5046/2458/656 5043/2459/655 5044/2456/655
f 5048/2460/657 5045/2461/656 5046/2458/656
f 5050/2462/658 5047/2463/657 5048/2460/657
f 5052/2464/659 5049/2465/658 5050/2462/658
f 5054/2466/660 5051/2467/659 5052/2464/659
f 5056/2468/661 5053/2469/660 5054/2466/660
f 5058/2470/662 5055/2471/661 5056/2468/661
f 5060/2472/663 5057/2473/662 5058/2470/662
f 5062/2474/664 5059/2475/665 5060/2472/663
f 5064/2476/666 5061/2477/667 5062/2474/664
f 5066/2478/668 5063/2479/669 5064/2476/666
f 5068/2480/670 5065/2481/671 5066/2478/668
f 5070/2482/672 5067/2483/670 5068/2480/670
f 5072/2484/673 5069/2485/672 5070/2482/672
f 5074/2486/636 5071/2487/674 5072/2484/673
f 5076/2488/675 5073/2489/636 5074/2486/636
f 5078/2490/676 5075/2491/675 5076/2488/675
f 5080/2492/677 5077/2493/678 5078/2490/676
f 5082/2494/679 5079/2495/677 5080/2492/677
f 5084/2496/680 5081/2497/679 5082/2494/679
f 5086/2498/681 5083/2499/680 5084/2496/680
f 5088/2500/682 5085/2501/681 5086/2498/681
f 5090/2502/683 5087/2503/684 5088/2500/682
f 5092/2504/685 5089/2505/686 5090/2502/683
f 5094/2506/687 5091/2507/688 5092/2504/685
f 5096/2508/689 5093/2509/687 5094/2506/687
f 5098/2510/690 5095/2511/689 5096/2508/689
f 5100/2512/691 5097/2513/692 5098/2510/690
f 5102/2514/693 5099/2515/691 5100/2512/691
f 5104/2516/694 5101/2517/695 5102/2514/693
f 5106/2518/696 5103/2519/694 5104/2516/694
f 5108/2520/697 5105/2521/698 5106/2518/696
f 5110/2522/699 5107/2523/700 5108/2520/697
f 5112/1855/701 5109/2524/699 5110/2522/699
f 5114/2525/702 5111/254/703 5112/1855/701
f 5116/2526/704 5113/2527/705 5114/2525/702
f 5118/2528/706 5115/2529/707 5116/2526/704
f 5120/2530/566 5117/2531/706 5118/2528/706
f 5122/2532/708 5119/2533/709 5120/2530/566
f 5124/2534/710 5121/2535/708 5122/2532/708
f 5126/2536/711 5123/2537/712 5124/2534/710
f 5128/2538/713 5125/2539/714 5126/2536/711
f 5130/2540/715 5127/2541/713 5128/2538/713
f 5132/2542/716 5129/2543/715 5130/2540/715
f 5134/2544/717 5131/2545/716 5132/2542/716
f 5136/2546/718 5133/2547/717 5134/2544/717
f 5138/2548/111 5135/2549/718 5136/2546/718
f 5140/2550/719 5137/2551/111 5138/2548/111
f 5142/2552/720 5139/2553/719 5140/2550/719
f 5144/2554/721 5141/2555/720 5142/2552/720
f 5146/2556/722 5143/2557/721 5144/2554/721
f 5148/2558/723 5145/2559/722 5146/2556/722
f 5150/2560/724 5147/2561/723 5148/2558/723
f 5152/2562/675 5149/2563/724 5150/2560/724
f 5154/2564/725 5151/2565/675 5152/2562/675
f 5156/2566/725 5153/2567/725 5154/2564/725
f 5158/2568/726 5155/2569/725 5156/2566/725
f 5160/2570/727 5157/2571/726 5158/2568/726
f 5162/2572/728 5159/2573/729 5160/2570/727
f 5164/2574/730 5161/2575/728 5162/2572/728
f 5166/2576/731 5163/2577/730 5164/2574/730
f 5168/2578/732 5165/2579/731 5166/2576/731
f 5170/2580/733 5167/2581/732 5168/2578/732
f 5172/2582/734 5169/2583/733 5170/2580/733
f 5174/2584/735 5171/2585/734 5172/2582/734
f 5176/2586/736 5173/2587/735 5174/2584/735
f 5178/2588/737 5175/2589/736 5176/2586/736
f 5180/2590/738 5177/2591/737 5178/2588/737
f 5182/2592/739 5179/2593/738 5180/2590/738
f 5184/2594/740 5181/2595/739 5182/2592/739
f 5186/2596/741 5183/2597/740 5184/2594/740
f 5188/2598/742 5185/2599/741 5186/2596/741
f 5190/2600/743 5187/2601/744 5188/2598/742
f 5192/2602/745 5189/2603/746 5190/2600/743
f 5194/2604/747 5191/2605/745 5192/2602/745
f 5196/2606/748 5193/2607/749 5194/2604/747
f 5198/2608/750 5195/2609/751 5196/2606/748
f 5200/2610/752 5197/2611/753 5198/2608/750
f 5202/2612/754 5199/2613/755 5200/2610/752
f 5204/2614/756 5201/2615/754 5202/2612/754
f 5206/2616/757 5203/2617/758 5204/2614/756
f 5208/2618/759 5205/2619/757 5206/2616/757
f 5210/2620/760 5207/2621/759 5208/2618/759
f 5212/2622/761 5209/2623/760 5210/2620/760
f 5214/2624/762 5211/2625/763 5212/2622/761
f 5216/2626/764 5213/2627/762 5214/2624/762
f 5218/2628/765 5215/2629/764 5216/2626/764
f 5220/2630/766 5217/2631/765 5218/2628/765
f 5222/2632/767 5219/2633/766 5220/2630/766
f 5224/2634/768 5221/2635/767 5222/2632/767
f 5226/2636/769 5223/2637/768 5224/2634/768
f 5228/2638/770 5225/2639/769 5226/2636/769
f 5230/2640/771 5227/2641/770 5228/2638/770
f 5232/2642/772 5229/2643/773 5230/2640/771
f 4990/1764/624 5231/2644/774 5232/2642/772
f 5236/2645/775 5233/65/776 5234/1513/776
f 5238/2646/777 5235/1229/775 5236/2645/775
f 5240/2647/778 5237/1230/779 5238/2646/777
f 5242/2648/780 5239/149/781 5240/2647/778
f 5244/2649/782 5241/1210/780 5242/2648/780
f 5246/2650/783 5243/1209/784 5244/2649/782
f 5248/2651/785 5245/139/783 5246/2650/783
f 5250/2652/786 5247/1045/785 5248/2651/785
f 5252/1777/787 5249/1211/786 5250/2652/786
f 5254/2653/788 5251/128/787 5252/1777/787
f 5256/2654/789 5253/1212/788 5254/2653/788
f 5258/2655/790 5255/1218/789 5256/2654/789
f 5260/2656/791 5257/154/790 5258/2655/790
f 5262/2657/792 5259/1221/791 5260/2656/791
f 5264/2658/793 5261/1107/792 5262/2657/792
f 5266/2659/794 5263/189/793 5264/2658/793
f 5268/2660/795 5265/1223/796 5266/2659/794
f 5270/1790/797 5267/1222/798 5268/2660/795
f 5272/2661/799 5269/290/800 5270/1790/797
f 5274/2662/801 5271/1220/802 5272/2661/799
f 5276/2663/803 5273/1219/804 5274/2662/801
f 5278/2664/805 5275/284/803 5276/2663/803
f 5280/2665/806 5277/1217/805 5278/2664/805
f 5282/2666/807 5279/1216/808 5280/2665/806
f 5284/2667/809 5281/185/807 5282/2666/807
f 5286/2668/810 5283/1215/809 5284/2667/809
f 5288/1803/811 5285/1214/810 5286/2668/810
f 5290/2669/812 5287/175/811 5288/1803/811
f 5292/2670/813 5289/1087/812 5290/2669/812
f 5294/2671/814 5291/1227/813 5292/2670/813
f 5296/2672/815 5293/234/814 5294/2671/814
f 5298/2673/816 5295/1225/817 5296/2672/815
f 5300/2674/818 5297/1224/816 5298/2673/816
f 5302/2675/819 5299/239/818 5300/2674/818
f 5304/2676/820 5301/1203/821 5302/2675/819
f 5306/1816/822 5303/1081/820 5304/2676/820
f 5308/2677/823 5305/268/824 5306/1816/822
f 5310/2678/825 5307/1207/823 5308/2677/823
f 5312/2679/826 5309/1205/827 5310/2678/825
f 5314/2680/828 5311/251/826 5312/2679/826
f 5316/2681/829 5313/1198/828 5314/2680/828
f 5318/2307/830 5315/1200/831 5316/2681/829
f 5320/2682/832 5317/40/830 5318/2307/830
f 5322/2683/833 5319/1231/834 5320/2682/832
f 5324/1829/835 5321/1181/833 5322/2683/833
f 5326/2684/836 5323/205/837 5324/1829/835
f 5328/2685/838 5325/1180/839 5326/2684/836
f 5330/2686/840 5327/1193/841 5328/2685/838
f 5332/2687/842 5329/218/840 5330/2686/840
f 5334/2688/843 5331/1095/842 5332/2687/842
f 5336/2689/844 5333/1168/843 5334/2688/843
f 5338/2690/845 5335/208/844 5336/2689/844
f 5340/2691/846 5337/1169/845 5338/2690/845
f 5342/1842/847 5339/1176/848 5340/2691/846
f 5344/2692/849 5341/243/847 5342/1842/847
f 5346/2693/850 5343/1194/849 5344/2692/849
f 5348/2694/851 5345/1072/850 5346/2693/850
f 5350/2695/852 5347/274/851 5348/2694/851
f 5352/2696/853 5349/1182/852 5350/2695/852
f 5354/2697/854 5351/1232/853 5352/2696/853
f 5356/2698/855 5353/259/854 5354/2697/854
f 5358/2699/856 5355/1201/857 5356/2698/855
f 5360/1855/858 5357/1199/856 5358/2699/856
f 5362/2700/859 5359/254/858 5360/1855/858
f 5364/2701/860 5361/1206/859 5362/2700/859
f 5366/2702/861 5363/1208/860 5364/2701/860
f 5368/2703/862 5365/245/863 5366/2702/861
f 5370/2704/864 5367/1202/865 5368/2703/862
f 5372/2705/866 5369/1204/867 5370/2704/864
f 5374/2706/868 5371/279/866 5372/2705/866
f 5376/2707/869 5373/1033/870 5374/2706/868
f 5378/1868/871 5375/1226/872 5376/2707/869
f 5380/2708/873 5377/287/871 5378/1868/871
f 5382/2709/874 5379/1228/875 5380/2708/873
f 5384/2710/876 5381/1213/874 5382/2709/874
f 5386/2711/877 5383/169/876 5384/2710/876
f 5388/2712/878 5385/1196/877 5386/2711/877
f 5390/2713/879 5387/1011/878 5388/2712/878
f 5392/2714/880 5389/173/879 5390/2713/879
f 5394/2715/881 5391/1174/882 5392/2714/880
f 5396/1881/883 5393/1173/881 5394/2715/881
f 5398/2716/884 5395/133/883 5396/1881/883
f 5400/2717/885 5397/1178/884 5398/2716/884
f 5402/2355/886 5399/1177/885 5400/2717/885
f 5404/2718/330 5401/109/886 5402/2355/886
f 5406/2719/887 5403/1171/330 5404/2718/330
f 5408/2720/888 5405/1170/887 5406/2719/887
f 5410/2721/889 5407/151/888 5408/2720/888
f 5412/2722/890 5409/1167/891 5410/2721/889
f 5414/1894/892 5411/1166/893 5412/2722/890
f 5416/2723/894 5413/178/895 5414/1894/892
f 5418/2724/896 5415/1112/897 5416/2723/894
f 5420/2725/898 5417/1172/896 5418/2724/896
f 5422/2726/899 5419/195/898 5420/2725/898
f 5424/2727/900 5421/1179/901 5422/2726/899
f 5426/2728/902 5423/1175/903 5424/2727/900
f 5428/2729/904 5425/295/902 5426/2728/902
f 5430/2730/905 5427/1195/906 5428/2729/904
f 5432/1907/907 5429/1119/908 5430/2730/905
f 5434/2731/909 5431/213/907 5432/1907/907
f 5436/2732/910 5433/1197/909 5434/2731/909
f 5438/2733/911 5435/1183/910 5436/2732/910
f 5440/2734/912 5437/223/911 5438/2733/911
f 5442/2735/913 5439/1184/912 5440/2734/912
f 5444/2736/914 5441/1186/913 5442/2735/913
f 5446/2737/915 5443/297/914 5444/2736/914
f 5448/2738/916 5445/1188/915 5446/2737/915
f 5450/1920/917 5447/1190/918 5448/2738/916
f 5452/2739/919 5449/302/917 5450/1920/917
f 5454/2740/920 5451/1192/919 5452/2739/919
f 5456/2741/921 5453/1234/920 5454/2740/920
f 5458/2742/922 5455/307/921 5456/2741/921
f 5460/2743/923 5457/1147/922 5458/2742/922
f 5462/2744/924 5459/1236/923 5460/2743/923
f 5464/2745/925 5461/317/924 5462/2744/924
f 5466/2746/926 5463/1237/927 5464/2745/925
f 5468/1933/928 5465/1235/929 5466/2746/926
f 5470/2747/930 5467/327/931 5468/1933/928
f 5472/2748/932 5469/1233/930 5470/2747/930
f 5474/2749/933 5471/1150/932 5472/2748/932
f 5476/2750/934 5473/326/935 5474/2749/933
f 5478/2751/936 5475/1191/934 5476/2750/934
f 5480/2752/937 5477/1189/936 5478/2751/936
f 5482/2753/938 5479/316/937 5480/2752/937
f 5484/2754/939 5481/1187/938 5482/2753/938
f 5234/1764/776 5483/1185/939 5484/2754/939
f 5488/2645/940 5485/65/941 5486/1513/941
f 5490/2646/942 5487/1229/940 5488/2645/940
f 5492/2647/943 5489/1230/942 5490/2646/942
f 5494/2648/944 5491/149/943 5492/2647/943
f 5496/2649/945 5493/1210/944 5494/2648/944
f 5498/2650/786 5495/1209/945 5496/2649/945
f 5500/2651/946 5497/139/786 5498/2650/786
f 5502/2652/947 5499/1045/946 5500/2651/946
f 5504/1777/948 5501/1211/947 5502/2652/947
f 5506/2653/949 5503/128/950 5504/1777/948
f 5508/2654/951 5505/1212/952 5506/2653/949
f 5510/2655/953 5507/1218/951 5508/2654/951
f 5512/2656/954 5509/154/953 5510/2655/953
f 5514/2657/955 5511/1221/954 5512/2656/954
f 5516/2658/956 5513/1107/955 5514/2657/955
f 5518/2659/957 5515/189/958 5516/2658/956
f 5520/2660/959 5517/1223/960 5518/2659/957
f 5522/1790/961 5519/1222/959 5520/2660/959
f 5524/2661/962 5521/290/963 5522/1790/961
f 5526/2662/964 5523/1220/965 5524/2661/962
f 5528/2663/966 5525/1219/964 5526/2662/964
f 5530/2664/967 5527/284/968 5528/2663/966
f 5532/2665/969 5529/1217/967 5530/2664/967
f 5534/2666/970 5531/1216/971 5532/2665/969
f 5536/2667/972 5533/185/970 5534/2666/970
f 5538/2668/973 5535/1215/974 5536/2667/972
f 5540/1803/975 5537/1214/973 5538/2668/973
f 5542/2669/976 5539/175/975 5540/1803/975
f 5544/2670/977 5541/1087/976 5542/2669/976
f 5546/2671/978 5543/1227/977 5544/2670/977
f 5548/2672/979 5545/234/980 5546/2671/978
f 5550/2673/981 5547/1225/982 5548/2672/979
f 5552/2674/983 5549/1224/981 5550/2673/981
f 5554/2675/984 5551/239/983 5552/2674/983
f 5556/2676/985 5553/1203/984 5554/2675/984
f 5558/1816/986 5555/1081/987 5556/2676/985
f 5560/2677/988 5557/268/989 5558/1816/986
f 5562/2678/990 5559/1207/991 5560/2677/988
f 5564/2679/992 5561/1205/993 5562/2678/990
f 5566/2680/994 5563/251/995 5564/2679/992
f 5568/2681/996 5565/1198/994 5566/2680/994
f 5570/2307/997 5567/1200/998 5568/2681/996
f 5572/2682/999 5569/40/1000 5570/2307/997
f 5574/2683/1001 5571/1231/999 5572/2682/999
f 5576/1829/1002 5573/1181/1001 5574/2683/1001
f 5578/2684/1003 5575/205/1002 5576/1829/1002
f 5580/2685/1004 5577/1180/1003 5578/2684/1003
f 5582/2686/1005 5579/1193/1006 5580/2685/1004
f 5584/2687/1007 5581/218/1008 5582/2686/1005
f 5586/2688/1009 5583/1095/1007 5584/2687/1007
f 5588/2689/1010 5585/1168/1009 5586/2688/1009
f 5590/2690/1011 5587/208/1010 5588/2689/1010
f 5592/2691/1012 5589/1169/1011 5590/2690/1011
f 5594/1842/1013 5591/1176/1014 5592/2691/1012
f 5596/2692/1015 5593/243/1013 5594/1842/1013
f 5598/2693/1016 5595/1194/1015 5596/2692/1015
f 5600/2694/1017 5597/1072/1016 5598/2693/1016
f 5602/2695/1018 5599/274/1017 5600/2694/1017
f 5604/2696/1019 5601/1182/1018 5602/2695/1018
f 5606/2697/1020 5603/1232/1019 5604/2696/1019
f 5608/2698/1021 5605/259/1022 5606/2697/1020
f 5610/2699/1023 5607/1201/1021 5608/2698/1021
f 5612/1855/1024 5609/1199/1025 5610/2699/1023
f 5614/2700/1026 5611/254/1027 5612/1855/1024
f 5616/2701/1028 5613/1206/1026 5614/2700/1026
f 5618/2702/1029 5615/1208/1028 5616/2701/1028
f 5620/2703/1030 5617/245/1031 5618/2702/1029
f 5622/2704/1032 5619/1202/1033 5620/2703/1030
f 5624/2705/1034 5621/1204/1035 5622/2704/1032
f 5626/2706/1036 5623/279/1034 5624/2705/1034
f 5628/2707/1037 5625/1033/1038 5626/2706/1036
f 5630/1868/1039 5627/1226/1040 5628/2707/1037
f 5632/2708/1041 5629/287/1039 5630/1868/1039
f 5634/2709/874 5631/1228/1041 5632/2708/1041
f 5636/2710/1042 5633/1213/874 5634/2709/874
f 5638/2711/1043 5635/169/1042 5636/2710/1042
f 5640/2712/1044 5637/1196/1043 5638/2711/1043
f 5642/2713/1045 5639/1011/1044 5640/2712/1044
f 5644/2714/1046 5641/173/1047 5642/2713/1045
f 5646/2715/1048 5643/1174/1046 5644/2714/1046
f 5648/1881/1049 5645/1173/1048 5646/2715/1048
f 5650/2716/1050 5647/133/1051 5648/1881/1049
f 5652/2717/1052 5649/1178/1050 5650/2716/1050
f 5654/2355/1053 5651/1177/1052 5652/2717/1052
f 5656/2718/1054 5653/109/1053 5654/2355/1053
f 5658/2719/1055 5655/1171/1054 5656/2718/1054
f 5660/2720/1056 5657/1170/1055 5658/2719/1055
f 5662/2721/1057 5659/151/1056 5660/2720/1056
f 5664/2722/1058 5661/1167/1057 5662/2721/1057
f 5666/1894/1059 5663/1166/1060 5664/2722/1058
f 5668/2723/1061 5665/178/1062 5666/1894/1059
f 5670/2724/1063 5667/1112/1064 5668/2723/1061
f 5672/2725/1065 5669/1172/1063 5670/2724/1063
f 5674/2726/1066 5671/195/1067 5672/2725/1065
f 5676/2727/1068 5673/1179/1069 5674/2726/1066
f 5678/2728/1070 5675/1175/1071 5676/2727/1068
f 5680/2729/1072 5677/295/1073 5678/2728/1070
f 5682/2730/1074 5679/1195/1072 5680/2729/1072
f 5684/1907/1075 5681/1119/1076 5682/2730/1074
f 5686/2731/1077 5683/213/1078 5684/1907/1075
f 5688/2732/1079 5685/1197/1080 5686/2731/1077
f 5690/2733/1081 5687/1183/1079 5688/2732/1079
f 5692/2734/1082 5689/223/1081 5690/2733/1081
f 5694/2735/1083 5691/1184/1082 5692/2734/1082
f 5696/2736/1084 5693/1186/1083 5694/2735/1083
f 5698/2737/1085 5695/297/1084 5696/2736/1084
f 5700/2738/1086 5697/1188/1085 5698/2737/1085
f 5702/1920/1087 5699/1190/1086 5700/2738/1086
f 5704/2739/1088 5701/302/1087 5702/1920/1087
f 5706/2740/1089 5703/1192/1088 5704/2739/1088
f 5708/2741/1090 5705/1234/1089 5706/2740/1089
f 5710/2742/1091 5707/307/1090 5708/2741/1090
f 5712/2743/1092 5709/1147/1093 5710/2742/1091
f 5714/2744/1094 5711/1236/1095 5712/2743/1092
f 5716/2745/1096 5713/317/1094 5714/2744/1094
f 5718/2746/1097 5715/1237/1096 5716/2745/1096
f 5720/1933/1098 5717/1235/1097 5718/2746/1097
f 5722/2747/1099 5719/327/1098 5720/1933/1098
f 5724/2748/1100 5721/1233/1101 5722/2747/1099
f 5726/2749/1102 5723/1150/1100 5724/2748/1100
f 5728/2750/1103 5725/326/1104 5726/2749/1102
f 5730/2751/1105 5727/1191/1103 5728/2750/1103
f 5732/2752/1106 5729/1189/1105 5730/2751/1105
f 5734/2753/1107 5731/316/1106 5732/2752/1106
f 5736/2754/1108 5733/1187/1107 5734/2753/1107
f 5486/1764/941 5735/1185/1108 5736/2754/1108
f 5740/2755/1109 5737/65/1110 5738/1513/1110
f 5742/2756/1111 5739/2757/1109 5740/2755/1109
f 5744/2758/1112 5741/2759/1111 5742/2756/1111
f 5746/2760/1113 5743/2761/1114 5744/2758/1112
f 5748/2762/1115 5745/2763/1116 5746/2760/1113
f 5750/2764/1117 5747/2765/1118 5748/2762/1115
f 5752/2766/1119 5749/2767/1117 5750/2764/1117
f 5754/2768/1120 5751/2769/1119 5752/2766/1119
f 5756/2770/1121 5753/2771/1120 5754/2768/1120
f 5758/2772/1122 5755/2773/1121 5756/2770/1121
f 5760/2774/1123 5757/2775/1122 5758/2772/1122
f 5762/2776/635 5759/2777/1124 5760/2774/1123
f 5764/2778/134 5761/2779/635 5762/2776/635
f 5766/2780/134 5763/2781/134 5764/2778/134
f 5768/2782/134 5765/2783/134 5766/2780/134
f 5770/2784/134 5767/2785/134 5768/2782/134
f 5772/2786/134 5769/2787/134 5770/2784/134
f 5774/2788/134 5771/2789/134 5772/2786/134
f 5776/2790/134 5773/2791/134 5774/2788/134
f 5778/2792/134 5775/2793/134 5776/2790/134
f 5780/2794/134 5777/2795/134 5778/2792/134
f 5782/2796/134 5779/2797/134 5780/2794/134
f 5784/2798/134 5781/2799/134 5782/2796/134
f 5786/2800/1125 5783/2801/134 5784/2798/134
f 5788/2802/1126 5785/2803/1125 5786/2800/1125
f 5790/2804/1127 5787/2805/1126 5788/2802/1126
f 5792/2806/209 5789/2807/1127 5790/2804/1127
f 5794/2808/1128 5791/2809/1129 5792/2806/209
f 5796/2810/1130 5793/2811/1131 5794/2808/1128
f 5798/2812/1132 5795/2813/1130 5796/2810/1130
f 5800/2814/1133 5797/2815/1132 5798/2812/1132
f 5802/2816/1134 5799/2817/1133 5800/2814/1133
f 5804/2818/1135 5801/2819/1134 5802/2816/1134
f 5806/2820/1136 5803/2821/1135 5804/2818/1135
f 5808/2822/1137 5805/2823/1136 5806/2820/1136
f 5810/2824/1138 5807/2825/1137 5808/2822/1137
f 5812/2826/1139 5809/2827/1140 5810/2824/1138
f 5814/2828/1141 5811/2829/1142 5812/2826/1139
f 5816/2830/1143 5813/2831/1144 5814/2828/1141
f 5818/2832/1145 5815/2833/1143 5816/2830/1143
f 5820/2834/1146 5817/2835/1147 5818/2832/1145
f 5822/2836/1148 5819/2837/1149 5820/2834/1146
f 5824/2838/1150 5821/2839/1148 5822/2836/1148
f 5826/2840/1151 5823/2841/1152 5824/2838/1150
f 5828/2842/1153 5825/2843/1154 5826/2840/1151
f 5830/2844/1155 5827/2845/1153 5828/2842/1153
f 5832/2846/1156 5829/2847/1155 5830/2844/1155
f 5834/2848/1157 5831/2849/1156 5832/2846/1156
f 5836/2850/1158 5833/2851/1157 5834/2848/1157
f 5838/2852/1159 5835/2853/1158 5836/2850/1158
f 5840/2854/1160 5837/2855/1159 5838/2852/1159
f 5842/2856/1161 5839/2857/1160 5840/2854/1160
f 5844/2858/1162 5841/2859/1161 5842/2856/1161
f 5846/2860/1163 5843/194/1162 5844/2858/1162
f 5848/2861/1164 5845/2862/1163 5846/2860/1163
f 5850/2863/1165 5847/2864/1164 5848/2861/1164
f 5852/2865/1166 5849/2866/1165 5850/2863/1165
f 5854/2867/1167 5851/2868/1166 5852/2865/1166
f 5856/2869/1168 5853/2870/1169 5854/2867/1167
f 5858/2871/1170 5855/2872/1168 5856/2869/1168
f 5860/2873/1171 5857/2874/1172 5858/2871/1170
f 5862/2875/1173 5859/2876/1174 5860/2873/1171
f 5864/2877/1175 5861/2878/1173 5862/2875/1173
f 5866/2879/1176 5863/2880/1175 5864/2877/1175
f 5868/2881/1177 5865/2882/1176 5866/2879/1176
f 5870/2883/1178 5867/2884/1177 5868/2881/1177
f 5872/2885/1179 5869/2886/1178 5870/2883/1178
f 5874/2887/1180 5871/2888/1181 5872/2885/1179
f 5876/2889/1182 5873/2890/1183 5874/2887/1180
f 5878/2891/1184 5875/2892/1182 5876/2889/1182
f 5880/2893/1185 5877/2894/1184 5878/2891/1184
f 5882/2895/1186 5879/2896/557 5880/2893/1185
f 5884/2897/1187 5881/2898/1188 5882/2895/1186
f 5886/2899/1189 5883/2900/1187 5884/2897/1187
f 5888/2901/1190 5885/2902/1189 5886/2899/1189
f 5890/2903/1191 5887/2904/1190 5888/2901/1190
f 5892/2905/1192 5889/2906/1191 5890/2903/1191
f 5894/2907/1193 5891/2908/1192 5892/2905/1192
f 5896/2909/1194 5893/2910/1193 5894/2907/1193
f 5898/2911/1195 5895/2912/1194 5896/2909/1194
f 5900/2913/1196 5897/2914/1195 5898/2911/1195
f 5902/2915/1197 5899/2916/1196 5900/2913/1196
f 5904/2917/1198 5901/2918/1197 5902/2915/1197
f 5906/2919/1199 5903/2920/1198 5904/2917/1198
f 5908/2921/1200 5905/2922/1199 5906/2919/1199
f 5910/2923/1201 5907/2924/1200 5908/2921/1200
f 5912/2925/1202 5909/2926/1201 5910/2923/1201
f 5914/2927/1203 5911/2928/1202 5912/2925/1202
f 5916/2929/1204 5913/2930/1203 5914/2927/1203
f 5918/2931/1205 5915/2932/1206 5916/2929/1204
f 5920/2933/1207 5917/2934/1208 5918/2931/1205
f 5922/2935/1209 5919/2936/1210 5920/2933/1207
f 5924/2937/1211 5921/2938/64 5922/2935/1209
f 5926/2939/1212 5923/2940/1213 5924/2937/1211
f 5928/2941/1214 5925/2942/1215 5926/2939/1212
f 5930/2943/1216 5927/2944/1214 5928/2941/1214
f 5932/2945/1217 5929/2946/1216 5930/2943/1216
f 5934/2947/1218 5931/2948/1219 5932/2945/1217
f 5936/2949/1220 5933/2950/1221 5934/2947/1218
f 5938/2951/1222 5935/2952/1220 5936/2949/1220
f 5940/2953/1223 5937/2954/1222 5938/2951/1222
f 5942/2955/1224 5939/2956/1223 5940/2953/1223
f 5944/2957/1225 5941/2958/1224 5942/2955/1224
f 5946/2959/1226 5943/2960/1225 5944/2957/1225
f 5948/2961/1227 5945/2962/1226 5946/2959/1226
f 5950/2963/1228 5947/2964/1227 5948/2961/1227
f 5952/2965/1229 5949/210/1228 5950/2963/1228
f 5954/2966/1230 5951/2967/1229 5952/2965/1229
f 5956/2968/1231 5953/2969/1230 5954/2966/1230
f 5958/2970/1232 5955/2971/1231 5956/2968/1231
f 5960/2972/1233 5957/2973/1232 5958/2970/1232
f 5962/2974/1234 5959/2975/1233 5960/2972/1233
f 5964/2976/1235 5961/2977/1234 5962/2974/1234
f 5966/2978/1236 5963/2979/1235 5964/2976/1235
f 5968/2980/1237 5965/2981/1236 5966/2978/1236
f 5970/2982/1238 5967/2983/1237 5968/2980/1237
f 5972/2984/1239 5969/2985/1238 5970/2982/1238
f 5974/2986/1240 5971/2987/1239 5972/2984/1239
f 5976/2988/1241 5973/2989/1240 5974/2986/1240
f 5978/2990/1242 5975/2991/1241 5976/2988/1241
f 5980/2992/1243 5977/2993/1242 5978/2990/1242
f 5982/2994/1244 5979/2995/1245 5980/2992/1243
f 5984/2996/1246 5981/2997/1247 5982/2994/1244
f 5986/2998/1248 5983/2999/1246 5984/2996/1246
f 5988/3000/1249 5985/3001/1250 5986/2998/1248
f 5990/3002/1251 5987/3003/1249 5988/3000/1249
f 5992/3004/1252 5989/3005/1253 5990/3002/1251
f 5994/3006/1254 5991/3007/1252 5992/3004/1252
f 5996/3008/1255 5993/3009/1256 5994/3006/1254
f 5998/3010/1257 5995/3011/1258 5996/3008/1255
f 6000/3012/1259 5997/3013/1257 5998/3010/1257
f 6002/3014/1260 5999/3015/1261 6000/3012/1259
f 6004/3016/1262 6001/3017/1260 6002/3014/1260
f 6006/3018/1263 6003/3019/1264 6004/3016/1262
f 6008/3020/1265 6005/3021/1266 6006/3018/1263
f 6010/3022/1267 6007/3023/1268 6008/3020/1265
f 6012/3024/1269 6009/3025/1270 6010/3022/1267
f 6014/3026/1271 6011/3027/1272 6012/3024/1269
f 6016/3028/1273 6013/3029/1274 6014/3026/1271
f 6018/3030/1275 6015/3031/1276 6016/3028/1273
f 6020/3032/1277 6017/3033/1278 6018/3030/1275
f 6022/3034/1279 6019/3035/1280 6020/3032/1277
f 6024/3036/1281 6021/3037/1279 6022/3034/1279
f 6026/3038/1282 6023/3039/1283 6024/3036/1281
f 6028/3040/1284 6025/3041/1282 6026/3038/1282
f 6030/3042/1285 6027/3043/1286 6028/3040/1284
f 6032/3044/1287 6029/3045/1285 6030/3042/1285
f 6034/3046/1288 6031/3047/1287 6032/3044/1287
f 6036/3048/1289 6033/3049/1288 6034/3046/1288
f 6038/3050/1290 6035/3051/1289 6036/3048/1289
f 6040/3052/1291 6037/3053/1290 6038/3050/1290
f 6042/3054/1292 6039/3055/1291 6040/3052/1291
f 6044/3056/1293 6041/3057/1292 6042/3054/1292
f 6046/3058/1294 6043/3059/1293 6044/3056/1293
f 6048/3060/1295 6045/3061/1294 6046/3058/1294
f 6050/3062/1296 6047/3063/1295 6048/3060/1295
f 6052/3064/1297 6049/3065/1296 6050/3062/1296
f 6054/3066/1298 6051/3067/1299 6052/3064/1297
f 6056/3068/1300 6053/3069/1298 6054/3066/1298
f 6058/3070/675 6055/163/1300 6056/3068/1300
f 6060/3071/675 6057/3072/675 6058/3070/675
f 6062/3073/725 6059/3074/675 6060/3071/675
f 6064/3075/725 6061/3076/725 6062/3073/725
f 6066/3077/675 6063/3078/725 6064/3075/725
f 6068/3079/675 6065/3080/675 6066/3077/675
f 6070/3081/725 6067/3082/675 6068/3079/675
f 6072/3083/725 6069/3084/725 6070/3081/725
f 6074/3085/675 6071/3086/725 6072/3083/725
f 6076/3087/675 6073/3088/675 6074/3085/675
f 6078/3089/725 6075/3090/675 6076/3087/675
f 6080/3091/725 6077/3092/725 6078/3089/725
f 6082/3093/1301 6079/3094/725 6080/3091/725
f 6084/3095/1302 6081/3096/1301 6082/3093/1301
f 6086/3097/1303 6083/3098/1302 6084/3095/1302
f 6088/3099/1304 6085/3100/1303 6086/3097/1303
f 6090/3101/1305 6087/3102/1304 6088/3099/1304
f 6092/3103/1306 6089/3104/1305 6090/3101/1305
f 6094/3105/1307 6091/3106/1306 6092/3103/1306
f 6096/3107/1308 6093/3108/1307 6094/3105/1307
f 6098/3109/1309 6095/3110/1308 6096/3107/1308
f 6100/3111/1310 6097/3112/1309 6098/3109/1309
f 6102/3113/1311 6099/3114/1310 6100/3111/1310
f 6104/3115/1312 6101/3116/1311 6102/3113/1311
f 6106/3117/1313 6103/3118/1312 6104/3115/1312
f 6108/3119/1314 6105/3120/1315 6106/3117/1313
f 6110/3121/1316 6107/3122/1317 6108/3119/1314
f 6112/3123/1318 6109/3124/1319 6110/3121/1316
f 6114/3125/1320 6111/3126/1318 6112/3123/1318
f 6116/3127/744 6113/3128/1321 6114/3125/1320
f 6118/3129/1322 6115/3130/1323 6116/3127/744
f 6120/3131/1324 6117/3132/1325 6118/3129/1322
f 6122/3133/1326 6119/3134/1327 6120/3131/1324
f 6124/3135/1328 6121/3136/1329 6122/3133/1326
f 6126/3137/1330 6123/3138/1331 6124/3135/1328
f 6128/3139/1332 6125/3140/1330 6126/3137/1330
f 6130/3141/1333 6127/3142/1334 6128/3139/1332
f 6132/3143/1335 6129/3144/1336 6130/3141/1333
f 6134/3145/1337 6131/3146/1335 6132/3143/1335
f 6136/3147/451 6133/3148/1337 6134/3145/1337
f 6138/3149/1338 6135/3150/451 6136/3147/451
f 6140/3151/1339 6137/3152/1338 6138/3149/1338
f 6142/3153/1340 6139/3154/1339 6140/3151/1339
f 6144/3155/1341 6141/3156/1340 6142/3153/1340
f 6146/3157/1342 6143/3158/1341 6144/3155/1341
f 6148/3159/1343 6145/3160/1342 6146/3157/1342
f 6150/3161/1344 6147/3162/1343 6148/3159/1343
f 6152/3163/1345 6149/3164/1344 6150/3161/1344
f 6154/3165/1346 6151/3166/1345 6152/3163/1345
f 6156/3167/1347 6153/3168/1346 6154/3165/1346
f 6158/3169/728 6155/3170/1347 6156/3167/1347
f 6160/3171/1348 6157/3172/728 6158/3169/728
f 6162/3173/1349 6159/3174/1348 6160/3171/1348
f 6164/3175/1350 6161/219/1349 6162/3173/1349
f 6166/3176/1351 6163/3177/1350 6164/3175/1350
f 6168/3178/1352 6165/3179/1351 6166/3176/1351
f 6170/3180/1353 6167/3181/1352 6168/3178/1352
f 6172/3182/536 6169/3183/1353 6170/3180/1353
f 6174/3184/1354 6171/3185/536 6172/3182/536
f 6176/3186/1355 6173/3187/1354 6174/3184/1354
f 6178/3188/1292 6175/3189/1355 6176/3186/1355
f 6180/3190/1356 6177/3191/1292 6178/3188/1292
f 6182/3192/635 6179/3193/1357 6180/3190/1356
f 6184/3194/635 6181/3195/635 6182/3192/635
f 6186/3196/636 6183/3197/635 6184/3194/635
f 6188/3198/636 6185/3199/636 6186/3196/636
f 6190/3200/635 6187/3201/636 6188/3198/636
f 6192/3202/635 6189/3203/635 6190/3200/635
f 6194/3204/636 6191/3205/635 6192/3202/635
f 6196/3206/636 6193/3207/636 6194/3204/636
f 6198/3208/635 6195/3209/636 6196/3206/636
f 6200/3210/635 6197/3211/635 6198/3208/635
f 6202/3212/636 6199/3213/635 6200/3210/635
f 6204/3214/636 6201/3215/636 6202/3212/636
f 6206/3216/1358 6203/3217/636 6204/3214/636
f 6208/3218/1358 6205/3219/1358 6206/3216/1358
f 6210/3220/1359 6207/3221/1360 6208/3218/1358
f 6212/3222/1361 6209/3223/1359 6210/3220/1359
f 6214/3224/1362 6211/3225/1363 6212/3222/1361
f 6216/3226/1364 6213/3227/1362 6214/3224/1362
f 6218/3228/1365 6215/3229/1364 6216/3226/1364
f 6220/3230/1366 6217/3231/1365 6218/3228/1365
f 6222/3232/1367 6219/3233/1366 6220/3230/1366
f 6224/3234/1368 6221/3235/1367 6222/3232/1367
f 6226/3236/1369 6223/3237/1368 6224/3234/1368
f 6228/3238/1370 6225/3239/1369 6226/3236/1369
f 6230/3240/1371 6227/3241/1370 6228/3238/1370
f 6232/3242/1372 6229/3243/1373 6230/3240/1371
f 6234/3244/1374 6231/3245/1372 6232/3242/1372
f 6236/3246/675 6233/3247/1375 6234/3244/1374
f 6238/3248/725 6235/3249/675 6236/3246/675
f 6240/3250/1376 6237/3251/725 6238/3248/725
f 6242/3252/1377 6239/3253/1376 6240/3250/1376
f 6244/3254/1378 6241/3255/1379 6242/3252/1377
f 6246/3256/1380 6243/3257/1378 6244/3254/1378
f 6248/3258/1381 6245/3259/1380 6246/3256/1380
f 6250/3260/1382 6247/3261/1383 6248/3258/1381
f 6252/3262/1384 6249/3263/1385 6250/3260/1382
f 6254/3264/1386 6251/3265/1387 6252/3262/1384
f 6256/3266/1388 6253/3267/1389 6254/3264/1386
f 6258/3268/1390 6255/3269/1388 6256/3266/1388
f 6260/3270/1391 6257/3271/1390 6258/3268/1390
f 6262/3272/1392 6259/3273/1391 6260/3270/1391
f 6264/3274/725 6261/3275/1393 6262/3272/1392
f 6266/3276/1394 6263/3277/725 6264/3274/725
f 5738/1764/1110 6265/3278/1394 6266/3276/1394
f 6270/3279/675 6267/65/725 6268/1513/725
f 6272/1855/636 6269/531/675 6270/3279/675
f 6274/3280/635 6271/254/636 6272/1855/636
f 6268/1764/725 6273/521/635 6274/3280/635
f 6278/3279/675 6275/65/725 6276/1513/725
f 6280/1855/636 6277/531/675 6278/3279/675
f 6282/3280/635 6279/254/636 6280/1855/636
f 6276/1764/725 6281/521/635 6282/3280/635
f 6286/3279/675 6283/65/725 6284/1513/725
f 6288/1855/636 6285/531/675 6286/3279/675
f 6290/3280/635 6287/254/636 6288/1855/636
f 6284/1764/725 6289/521/635 6290/3280/635
f 6294/3279/675 6291/65/725 6292/1513/725
f 6296/1855/636 6293/531/675 6294/3279/675
f 6298/3280/635 6295/254/636 6296/1855/636
f 6292/1764/725 6297/521/635 6298/3280/635
f 6302/1766/1395 6299/65/1396 6300/1513/1396
f 6304/1767/1397 6301/1768/1395 6302/1766/1395
f 6306/1769/1398 6303/1770/1397 6304/1767/1397
f 6308/1771/1399 6305/1772/1400 6306/1769/1398
f 6310/1773/1401 6307/1774/1399 6308/1771/1399
f 6312/1775/1402 6309/1776/1401 6310/1773/1401
f 6314/1777/1403 6311/1778/1402 6312/1775/1402
f 6316/1779/1404 6313/128/1403 6314/1777/1403
f 6318/1780/1405 6315/1781/1404 6316/1779/1404
f 6320/1782/1406 6317/1783/1407 6318/1780/1405
f 6322/1784/1408 6319/1785/1406 6320/1782/1406
f 6324/1786/1409 6321/1787/1408 6322/1784/1408
f 6326/1788/1410 6323/1789/1411 6324/1786/1409
f 6328/1790/1412 6325/1791/1413 6326/1788/1410
f 6330/1792/1414 6327/290/1412 6328/1790/1412
f 6332/1793/1415 6329/1794/1414 6330/1792/1414
f 6334/1795/1416 6331/1796/1415 6332/1793/1415
f 6336/1797/1417 6333/1798/1416 6334/1795/1416
f 6338/1799/1418 6335/1800/1417 6336/1797/1417
f 6340/1801/1419 6337/1802/1418 6338/1799/1418
f 6342/1803/1420 6339/1804/1419 6340/1801/1419
f 6344/1805/1421 6341/175/1420 6342/1803/1420
f 6346/1806/1422 6343/1807/1421 6344/1805/1421
f 6348/1808/1423 6345/1809/1422 6346/1806/1422
f 6350/1810/1424 6347/1811/1423 6348/1808/1423
f 6352/1812/1425 6349/1813/1424 6350/1810/1424
f 6354/1814/1426 6351/1815/1425 6352/1812/1425
f 6356/1816/1427 6353/1817/1426 6354/1814/1426
f 6358/1818/1428 6355/268/1427 6356/1816/1427
f 6360/1819/1429 6357/1820/1430 6358/1818/1428
f 6362/1821/1431 6359/1822/1429 6360/1819/1429
f 6364/1823/1432 6361/1824/1431 6362/1821/1431
f 6366/1825/1433 6363/1826/1432 6364/1823/1432
f 6368/1827/1434 6365/1828/1433 6366/1825/1433
f 6370/1829/1435 6367/1830/1434 6368/1827/1434
f 6372/1831/1436 6369/205/1437 6370/1829/1435
f 6374/1832/1438 6371/1833/1436 6372/1831/1436
f 6376/1834/1439 6373/1835/1440 6374/1832/1438
f 6378/1836/1441 6375/1837/1439 6376/1834/1439
f 6380/1838/1442 6377/1839/1441 6378/1836/1441
f 6382/1840/1443 6379/1841/1442 6380/1838/1442
f 6384/1842/1444 6381/1843/1443 6382/1840/1443
f 6386/1844/1445 6383/243/1444 6384/1842/1444
f 6388/1845/1446 6385/1846/1445 6386/1844/1445
f 6390/1847/1447 6387/1848/1446 6388/1845/1446
f 6392/1849/1448 6389/1850/1447 6390/1847/1447
f 6394/1851/1449 6391/1852/1448 6392/1849/1448
f 6396/1853/1450 6393/1854/1449 6394/1851/1449
f 6398/1855/1451 6395/1856/1450 6396/1853/1450
f 6400/1857/1452 6397/254/1451 6398/1855/1451
f 6402/1858/1453 6399/1859/1452 6400/1857/1452
f 6404/1860/1454 6401/1861/1453 6402/1858/1453
f 6406/1862/1455 6403/1863/1454 6404/1860/1454
f 6408/1864/1456 6405/1865/1457 6406/1862/1455
f 6410/1866/1458 6407/1867/1456 6408/1864/1456
f 6412/1868/1459 6409/1869/1458 6410/1866/1458
f 6414/1870/1460 6411/287/1461 6412/1868/1459
f 6416/1871/1462 6413/1872/1463 6414/1870/1460
f 6418/1873/1464 6415/1874/1465 6416/1871/1462
f 6420/1875/1466 6417/1876/1464 6418/1873/1464
f 6422/1877/1467 6419/1878/1466 6420/1875/1466
f 6424/1879/1468 6421/1880/1467 6422/1877/1467
f 6426/1881/1469 6423/1882/1468 6424/1879/1468
f 6428/1883/1470 6425/133/1469 6426/1881/1469
f 6430/1884/1471 6427/1885/1470 6428/1883/1470
f 6432/1886/1472 6429/1887/1471 6430/1884/1471
f 6434/1888/1472 6431/1889/1472 6432/1886/1472
f 6436/1890/1473 6433/1891/1472 6434/1888/1472
f 6438/1892/1474 6435/1893/1473 6436/1890/1473
f 6440/1894/1475 6437/1895/1474 6438/1892/1474
f 6442/1896/1476 6439/178/1477 6440/1894/1475
f 6444/1897/1478 6441/1898/1479 6442/1896/1476
f 6446/1899/1480 6443/1900/1478 6444/1897/1478
f 6448/1901/190 6445/1902/1480 6446/1899/1480
f 6450/1903/1481 6447/1904/190 6448/1901/190
f 6452/1905/1482 6449/1906/1481 6450/1903/1481
f 6454/1907/1483 6451/1908/1482 6452/1905/1482
f 6456/1909/1484 6453/213/1483 6454/1907/1483
f 6458/1910/1485 6455/1911/1484 6456/1909/1484
f 6460/1912/1486 6457/1913/1485 6458/1910/1485
f 6462/1914/1487 6459/1915/1486 6460/1912/1486
f 6464/1916/1488 6461/1917/1489 6462/1914/1487
f 6466/1918/1490 6463/1919/1491 6464/1916/1488
f 6468/1920/1492 6465/1921/1490 6466/1918/1490
f 6470/1922/1493 6467/302/1492 6468/1920/1492
f 6472/1923/1494 6469/1924/1495 6470/1922/1493
f 6474/1925/1496 6471/1926/1497 6472/1923/1494
f 6476/1927/1498 6473/1928/1499 6474/1925/1496
f 6478/1929/1500 6475/1930/1501 6476/1927/1498
f 6480/1931/1502 6477/1932/1503 6478/1929/1500
f 6482/1933/1504 6479/1934/1505 6480/1931/1502
f 6484/1935/1506 6481/327/1507 6482/1933/1504
f 6486/1936/1508 6483/1937/1506 6484/1935/1506
f 6488/1938/1509 6485/1939/1510 6486/1936/1508
f 6490/1940/1511 6487/1941/269 6488/1938/1509
f 6492/1942/1396 6489/1943/1512 6490/1940/1511
f 6494/1944/1513 6491/1945/1396 6492/1942/1396
f 6300/1764/1396 6493/1946/1513 6494/1944/1513
f 6498/1767/1514 6495/65/1515 6496/1513/1515
f 6500/1771/1516 6497/1770/1517 6498/1767/1514
f 6502/1775/629 6499/1774/1516 6500/1771/1516
f 6504/1779/1518 6501/1778/629 6502/1775/629
f 6506/1782/1519 6503/1781/1520 6504/1779/1518
f 6508/1786/1521 6505/1785/1522 6506/1782/1519
f 6510/1790/1523 6507/1789/1521 6508/1786/1521
f 6512/1793/1524 6509/290/1523 6510/1790/1523
f 6514/1797/1525 6511/1796/1524 6512/1793/1524
f 6516/1801/1526 6513/1800/1525 6514/1797/1525
f 6518/1805/1527 6515/1804/1526 6516/1801/1526
f 6520/1808/1528 6517/1807/1529 6518/1805/1527
f 6522/1812/1530 6519/1811/1531 6520/1808/1528
f 6524/1816/1532 6521/1815/1530 6522/1812/1530
f 6526/1819/1533 6523/268/1532 6524/1816/1532
f 6528/1823/1534 6525/1822/1535 6526/1819/1533
f 6530/1827/1536 6527/1826/1534 6528/1823/1534
f 6532/1831/1537 6529/1830/1538 6530/1827/1536
f 6534/1834/1539 6531/1833/1537 6532/1831/1537
f 6536/1838/1540 6533/1837/1539 6534/1834/1539
f 6538/1842/1541 6535/1841/1540 6536/1838/1540
f 6540/1845/1542 6537/243/1541 6538/1842/1541
f 6542/1849/1543 6539/1848/1542 6540/1845/1542
f 6544/1853/1544 6541/1852/1543 6542/1849/1543
f 6546/1857/1545 6543/1856/1544 6544/1853/1544
f 6548/1860/1546 6545/1859/1545 6546/1857/1545
f 6550/1864/1547 6547/1863/1546 6548/1860/1546
f 6552/1868/1548 6549/1867/1549 6550/1864/1547
f 6554/1871/1550 6551/287/1548 6552/1868/1548
f 6556/1875/1551 6553/1874/1552 6554/1871/1550
f 6558/1879/1553 6555/1878/1554 6556/1875/1551
f 6560/1883/1555 6557/1882/1556 6558/1879/1553
f 6562/1886/1557 6559/1885/1555 6560/1883/1555
f 6564/1890/1558 6561/1889/1557 6562/1886/1557
f 6566/1894/1559 6563/1893/1560 6564/1890/1558
f 6568/1897/1561 6565/178/1559 6566/1894/1559
f 6570/1901/1562 6567/1900/1561 6568/1897/1561
f 6572/1905/1563 6569/1904/1562 6570/1901/1562
f 6574/1909/1564 6571/1908/1563 6572/1905/1563
f 6576/1912/1565 6573/1911/1564 6574/1909/1564
f 6578/1916/1566 6575/1915/1567 6576/1912/1565
f 6580/1920/1568 6577/1919/1566 6578/1916/1566
f 6582/1923/1569 6579/302/1568 6580/1920/1568
f 6584/1927/1570 6581/1926/1571 6582/1923/1569
f 6586/1931/1572 6583/1930/1570 6584/1927/1570
f 6588/1935/1573 6585/1934/1572 6586/1931/1572
f 6590/1938/1574 6587/1937/1573 6588/1935/1573
f 6592/1942/1575 6589/1941/1574 6590/1938/1574
f 6496/1764/1515 6591/1945/1575 6592/1942/1575
f 6596/3281/1576 6593/65/1577 6594/1513/1577
f 6598/3282/1578 6595/1023/1576 6596/3281/1576
f 6600/3283/1579 6597/1032/1578 6598/3282/1578
f 6602/3284/1580 6599/1031/1579 6600/3283/1579
f 6604/3285/1581 6601/1028/1580 6602/3284/1580
f 6606/3286/1582 6603/1034/1581 6604/3285/1581
f 6608/3287/1583 6605/1037/1582 6606/3286/1582
f 6610/3288/1584 6607/1036/1583 6608/3287/1583
f 6612/2651/1585 6609/1043/1586 6610/3288/1584
f 6614/3289/1587 6611/1045/1585 6612/2651/1585
f 6616/3290/1588 6613/1048/1587 6614/3289/1587
f 6618/3291/1589 6615/1055/1588 6616/3290/1588
f 6620/3292/1590 6617/1054/1589 6618/3291/1589
f 6622/3293/1591 6619/1165/1590 6620/3292/1590
f 6624/3294/1592 6621/1086/1591 6622/3293/1591
f 6626/3295/1593 6623/1092/1592 6624/3294/1592
f 6628/3296/1594 6625/1091/1593 6626/3295/1593
f 6630/2657/1595 6627/1106/1594 6628/3296/1594
f 6632/3297/1596 6629/1107/1595 6630/2657/1595
f 6634/3298/1597 6631/1123/1596 6632/3297/1596
f 6636/3299/1598 6633/1128/1597 6634/3298/1597
f 6638/3300/1599 6635/1127/1598 6636/3299/1598
f 6640/3301/1600 6637/1139/1599 6638/3300/1599
f 6642/3302/1601 6639/1142/1600 6640/3301/1600
f 6644/3303/1602 6641/1141/1601 6642/3302/1601
f 6646/3304/1603 6643/1140/1604 6644/3303/1602
f 6648/2663/1605 6645/1126/1603 6646/3304/1603
f 6650/3305/1606 6647/284/1605 6648/2663/1605
f 6652/3306/1607 6649/1125/1608 6650/3305/1606
f 6654/3307/1609 6651/1124/1607 6652/3306/1607
f 6656/3308/1610 6653/1105/1611 6654/3307/1609
f 6658/3309/1612 6655/1104/1610 6656/3308/1610
f 6660/3310/1613 6657/1122/1612 6658/3309/1612
f 6662/3311/1614 6659/1090/1613 6660/3310/1613
f 6664/3312/1615 6661/1089/1614 6662/3311/1614
f 6666/2669/1616 6663/1088/1615 6664/3312/1615
f 6668/3313/1617 6665/1087/1618 6666/2669/1616
f 6670/3314/1619 6667/1053/1617 6668/3313/1617
f 6672/3315/1620 6669/1060/1621 6670/3314/1619
f 6674/3316/1622 6671/1059/1620 6672/3315/1620
f 6676/3317/1623 6673/1058/1622 6674/3316/1622
f 6678/3318/1624 6675/1066/1623 6676/3317/1623
f 6680/3319/1625 6677/1065/1624 6678/3318/1624
f 6682/3320/1626 6679/1064/1625 6680/3319/1625
f 6684/2676/1627 6681/1083/1626 6682/3320/1626
f 6686/3321/1628 6683/1081/1629 6684/2676/1627
f 6688/3322/1630 6685/1079/1628 6686/3321/1628
f 6690/3323/1631 6687/1077/1630 6688/3322/1630
f 6692/3324/1632 6689/1075/1631 6690/3323/1631
f 6694/3325/1633 6691/1073/1632 6692/3324/1632
f 6696/3326/1634 6693/1071/1633 6694/3325/1633
f 6698/3327/1635 6695/1041/1636 6696/3326/1634
f 6700/3328/1637 6697/1040/1638 6698/3327/1635
f 6702/2307/1639 6699/1062/1637 6700/3328/1637
f 6704/3329/1640 6701/40/1641 6702/2307/1639
f 6706/3330/1642 6703/1052/1640 6704/3329/1640
f 6708/3331/1643 6705/1050/1642 6706/3330/1642
f 6710/3332/1644 6707/1096/1643 6708/3331/1643
f 6712/3333/1645 6709/1094/1644 6710/3332/1644
f 6714/3334/1646 6711/1109/1645 6712/3333/1645
f 6716/3335/1647 6713/1157/1646 6714/3334/1646
f 6718/3336/1648 6715/1108/1647 6716/3335/1647
f 6720/2687/1649 6717/1093/1648 6718/3336/1648
f 6722/3337/1116 6719/1095/1649 6720/2687/1649
f 6724/3338/1650 6721/1049/1113 6722/3337/1116
f 6726/3339/1651 6723/1051/1650 6724/3338/1650
f 6728/3340/1652 6725/1056/1653 6726/3339/1651
f 6730/3341/1654 6727/1061/1655 6728/3340/1652
f 6732/3342/1656 6729/1039/1657 6730/3341/1654
f 6734/3343/1658 6731/1038/1656 6732/3342/1656
f 6736/3344/1659 6733/1069/1658 6734/3343/1658
f 6738/2693/1660 6735/1070/1661 6736/3344/1659
f 6740/3345/1662 6737/1072/1660 6738/2693/1660
f 6742/3346/1663 6739/1074/1662 6740/3345/1662
f 6744/3347/1664 6741/1076/1663 6742/3346/1663
f 6746/3348/1665 6743/1078/1664 6744/3347/1664
f 6748/3349/1666 6745/1080/1665 6746/3348/1665
f 6750/3350/1667 6747/1082/1666 6748/3349/1666
f 6752/3351/1668 6749/1084/1667 6750/3350/1667
f 6754/3352/1669 6751/1085/1668 6752/3351/1668
f 6756/1855/1670 6753/1063/1669 6754/3352/1669
f 6758/3353/1455 6755/254/1670 6756/1855/1670
f 6760/3354/1671 6757/1067/1457 6758/3353/1455
f 6762/3355/1672 6759/1068/1673 6760/3354/1671
f 6764/3356/1674 6761/1057/1672 6762/3355/1672
f 6766/3357/1675 6763/1047/1674 6764/3356/1674
f 6768/3358/1676 6765/1046/1675 6766/3357/1675
f 6770/3359/1677 6767/1042/1676 6768/3358/1676
f 6772/3360/1678 6769/1044/1679 6770/3359/1677
f 6774/2706/1680 6771/1035/1681 6772/3360/1678
f 6776/3361/1682 6773/1033/1680 6774/2706/1680
f 6778/3362/1683 6775/1030/1682 6776/3361/1682
f 6780/3363/1684 6777/1029/1683 6778/3362/1683
f 6782/3364/1685 6779/1025/1684 6780/3363/1684
f 6784/3365/1686 6781/1024/1687 6782/3364/1685
f 6786/3366/1688 6783/1019/1689 6784/3365/1686
f 6788/3367/1690 6785/1016/1688 6786/3366/1688
f 6790/3368/1691 6787/1012/1690 6788/3367/1690
f 6792/2712/1692 6789/1013/1691 6790/3368/1691
f 6794/3369/1693 6791/1011/1692 6792/2712/1692
f 6796/3370/1694 6793/1010/1693 6794/3369/1693
f 6798/3371/1695 6795/1018/1694 6796/3370/1694
f 6800/3372/1696 6797/1017/1695 6798/3371/1695
f 6802/3373/1697 6799/1015/1696 6800/3372/1696
f 6804/3374/1698 6801/1014/1697 6802/3373/1697
f 6806/3375/1699 6803/1027/1698 6804/3374/1698
f 6808/3376/1700 6805/1022/1699 6806/3375/1699
f 6810/2355/1701 6807/1021/1700 6808/3376/1700
f 6812/3377/1702 6809/109/1701 6810/2355/1701
f 6814/3378/876 6811/1020/1702 6812/3377/1702
f 6816/3379/1703 6813/1026/876 6814/3378/876
f 6818/3380/1704 6815/1159/1703 6816/3379/1703
f 6820/3381/1705 6817/1160/1704 6818/3380/1704
f 6822/3382/1706 6819/1162/1705 6820/3381/1705
f 6824/3383/1707 6821/1101/1708 6822/3382/1706
f 6826/3384/1709 6823/1100/1707 6824/3383/1707
f 6828/2723/1710 6825/1110/1711 6826/3384/1709
f 6830/3385/1712 6827/1112/1710 6828/2723/1710
f 6832/3386/1713 6829/1114/1712 6830/3385/1712
f 6834/3387/1714 6831/1116/1713 6832/3386/1713
f 6836/3388/1715 6833/1118/1716 6834/3387/1714
f 6838/3389/1717 6835/1120/1715 6836/3388/1715
f 6840/3390/1718 6837/1098/1719 6838/3389/1717
f 6842/3391/1720 6839/1097/1718 6840/3390/1718
f 6844/3392/1721 6841/1099/1722 6842/3391/1720
f 6846/2730/1723 6843/1121/1721 6844/3392/1721
f 6848/3393/1724 6845/1119/1723 6846/2730/1723
f 6850/3394/1725 6847/1117/1724 6848/3393/1724
f 6852/3395/1720 6849/1115/1726 6850/3394/1725
f 6854/3396/1727 6851/1113/188 6852/3395/1720
f 6856/3397/1728 6853/1111/1729 6854/3396/1727
f 6858/3398/1730 6855/1103/1728 6856/3397/1728
f 6860/3399/1718 6857/1102/1731 6858/3398/1730
f 6862/3400/1732 6859/1163/1718 6860/3399/1718
f 6864/2736/1733 6861/1161/1734 6862/3400/1732
f 6866/3401/1735 6863/297/1733 6864/2736/1733
f 6868/3402/1736 6865/1158/1735 6866/3401/1735
f 6870/3403/1737 6867/1130/1736 6868/3402/1736
f 6872/3404/1738 6869/1131/1737 6870/3403/1737
f 6874/3405/1739 6871/1133/1738 6872/3404/1738
f 6876/3406/1740 6873/1135/254 6874/3405/1739
f 6878/3407/1741 6875/1137/1742 6876/3406/1740
f 6880/3408/1743 6877/1143/1744 6878/3407/1741
f 6882/2742/1745 6879/1145/1746 6880/3408/1743
f 6884/3409/1747 6881/1147/1748 6882/2742/1745
f 6886/3410/1749 6883/1149/1747 6884/3409/1747
f 6888/3411/1750 6885/1151/1751 6886/3410/1749
f 6890/3412/1752 6887/1153/1753 6888/3411/1750
f 6892/3413/1754 6889/1155/1752 6890/3412/1752
f 6894/3414/1755 6891/1164/1756 6892/3413/1754
f 6896/3415/1757 6893/1156/1758 6894/3414/1755
f 6898/3416/1759 6895/1154/1757 6896/3415/1757
f 6900/2748/1760 6897/1152/1761 6898/3416/1759
f 6902/3417/1762 6899/1150/1763 6900/2748/1760
f 6904/3418/1764 6901/1148/1232 6902/3417/1762
f 6906/3419/1765 6903/1146/1766 6904/3418/1764
f 6908/3420/1767 6905/1144/1768 6906/3419/1765
f 6910/3421/1769 6907/1138/1770 6908/3420/1767
f 6912/3422/1771 6909/1136/1772 6910/3421/1769
f 6914/3423/1773 6911/1134/1774 6912/3422/1771
f 6916/3424/1775 6913/1132/1773 6914/3423/1773
f 6594/1764/1577 6915/1129/1775 6916/3424/1775
f 6920/1766/1776 6917/65/1777 6918/1513/1777
f 6922/1767/1778 6919/1768/1776 6920/1766/1776
f 6924/1769/1779 6921/1770/1778 6922/1767/1778
f 6926/1771/1780 6923/1772/1779 6924/1769/1779
f 6928/1773/1781 6925/1774/1780 6926/1771/1780
f 6930/1775/1782 6927/1776/1781 6928/1773/1781
f 6932/1777/1783 6929/1778/1782 6930/1775/1782
f 6934/1779/1784 6931/128/1785 6932/1777/1783
f 6936/1780/1786 6933/1781/1784 6934/1779/1784
f 6938/1782/1787 6935/1783/1786 6936/1780/1786
f 6940/1784/1788 6937/1785/1787 6938/1782/1787
f 6942/1786/1789 6939/1787/1790 6940/1784/1788
f 6944/1788/1791 6941/1789/1789 6942/1786/1789
f 6946/1790/1792 6943/1791/1793 6944/1788/1791
f 6948/1792/1794 6945/290/1792 6946/1790/1792
f 6950/1793/1795 6947/1794/1794 6948/1792/1794
f 6952/1795/1796 6949/1796/1795 6950/1793/1795
f 6954/1797/1797 6951/1798/1798 6952/1795/1796
f 6956/1799/1799 6953/1800/1800 6954/1797/1797
f 6958/1801/1801 6955/1802/1802 6956/1799/1799
f 6960/1803/970 6957/1804/1803 6958/1801/1801
f 6962/1805/1804 6959/175/1805 6960/1803/970
f 6964/1806/1806 6961/1807/1804 6962/1805/1804
f 6966/1808/713 6963/1809/1807 6964/1806/1806
f 6968/1810/1587 6965/1811/713 6966/1808/713
f 6970/1812/1808 6967/1813/1587 6968/1810/1587
f 6972/1814/1809 6969/1815/1808 6970/1812/1808
f 6974/1816/1810 6971/1817/1809 6972/1814/1809
f 6976/1818/1811 6973/268/1810 6974/1816/1810
f 6978/1819/1812 6975/1820/1811 6976/1818/1811
f 6980/1821/1813 6977/1822/1812 6978/1819/1812
f 6982/1823/1814 6979/1824/1813 6980/1821/1813
f 6984/1825/1815 6981/1826/1814 6982/1823/1814
f 6986/1827/1816 6983/1828/1815 6984/1825/1815
f 6988/1829/1817 6985/1830/1818 6986/1827/1816
f 6990/1831/1819 6987/205/1817 6988/1829/1817
f 6992/1832/1820 6989/1833/1819 6990/1831/1819
f 6994/1834/1821 6991/1835/1820 6992/1832/1820
f 6996/1836/1822 6993/1837/1821 6994/1834/1821
f 6998/1838/1823 6995/1839/1822 6996/1836/1822
f 7000/1840/1824 6997/1841/1823 6998/1838/1823
f 7002/1842/1825 6999/1843/1824 7000/1840/1824
f 7004/1844/1826 7001/243/1825 7002/1842/1825
f 7006/1845/1827 7003/1846/1826 7004/1844/1826
f 7008/1847/1828 7005/1848/1827 7006/1845/1827
f 7010/1849/1829 7007/1850/1828 7008/1847/1828
f 7012/1851/1580 7009/1852/1829 7010/1849/1829
f 7014/1853/1830 7011/1854/1580 7012/1851/1580
f 7016/1855/1831 7013/1856/1830 7014/1853/1830
f 7018/1857/1832 7015/254/1831 7016/1855/1831
f 7020/1858/1833 7017/1859/1832 7018/1857/1832
f 7022/1860/1834 7019/1861/1833 7020/1858/1833
f 7024/1862/1835 7021/1863/1834 7022/1860/1834
f 7026/1864/1836 7023/1865/1835 7024/1862/1835
f 7028/1866/1837 7025/1867/1836 7026/1864/1836
f 7030/1868/1838 7027/1869/1839 7028/1866/1837
f 7032/1870/1840 7029/287/1838 7030/1868/1838
f 7034/1871/1841 7031/1872/1842 7032/1870/1840
f 7036/1873/1843 7033/1874/1844 7034/1871/1841
f 7038/1875/1406 7035/1876/1843 7036/1873/1843
f 7040/1877/1845 7037/1878/1406 7038/1875/1406
f 7042/1879/1846 7039/1880/1845 7040/1877/1845
f 7044/1881/1847 7041/1882/1846 7042/1879/1846
f 7046/1883/1848 7043/133/1849 7044/1881/1847
f 7048/1884/1850 7045/1885/1848 7046/1883/1848
f 7050/1886/1851 7047/1887/1850 7048/1884/1850
f 7052/1888/1852 7049/1889/1853 7050/1886/1851
f 7054/1890/1854 7051/1891/1852 7052/1888/1852
f 7056/1892/1855 7053/1893/1854 7054/1890/1854
f 7058/1894/1856 7055/1895/1857 7056/1892/1855
f 7060/1896/1858 7057/178/1856 7058/1894/1856
f 7062/1897/1859 7059/1898/1858 7060/1896/1858
f 7064/1899/1860 7061/1900/1859 7062/1897/1859
f 7066/1901/1861 7063/1902/1860 7064/1899/1860
f 7068/1903/1862 7065/1904/1861 7066/1901/1861
f 7070/1905/1863 7067/1906/1862 7068/1903/1862
f 7072/1907/1864 7069/1908/1863 7070/1905/1863
f 7074/1909/1865 7071/213/1864 7072/1907/1864
f 7076/1910/1866 7073/1911/1865 7074/1909/1865
f 7078/1912/1867 7075/1913/1866 7076/1910/1866
f 7080/1914/1868 7077/1915/1867 7078/1912/1867
f 7082/1916/1869 7079/1917/1868 7080/1914/1868
f 7084/1918/1870 7081/1919/1869 7082/1916/1869
f 7086/1920/1871 7083/1921/1870 7084/1918/1870
f 7088/1922/1872 7085/302/1871 7086/1920/1871
f 7090/1923/1873 7087/1924/1874 7088/1922/1872
f 7092/1925/1875 7089/1926/1873 7090/1923/1873
f 7094/1927/1876 7091/1928/1877 7092/1925/1875
f 7096/1929/1878 7093/1930/1879 7094/1927/1876
f 7098/1931/1880 7095/1932/1878 7096/1929/1878
f 7100/1933/1881 7097/1934/1880 7098/1931/1880
f 7102/1935/1882 7099/327/1883 7100/1933/1881
f 7104/1936/1884 7101/1937/1885 7102/1935/1882
f 7106/1938/1886 7103/1939/1884 7104/1936/1884
f 7108/1940/1887 7105/1941/1886 7106/1938/1886
f 7110/1942/1888 7107/1943/1887 7108/1940/1887
f 7112/1944/1889 7109/1945/1888 7110/1942/1888
f 6918/1764/1777 7111/1946/1889 7112/1944/1889
f 7116/2091/1890 7113/65/976 7114/1513/976
f 7118/2092/1891 7115/2093/1890 7116/2091/1890
f 7120/2094/1892 7117/2095/1891 7118/2092/1891
f 7122/2096/1893 7119/2097/1892 7120/2094/1892
f 7124/2098/1894 7121/2099/1893 7122/2096/1893
f 7126/2100/1895 7123/2101/1894 7124/2098/1894
f 7128/2102/1896 7125/2103/1895 7126/2100/1895
f 7130/2104/1897 7127/2105/1896 7128/2102/1896
f 7132/2106/1898 7129/2107/1897 7130/2104/1897
f 7134/2108/1899 7131/2109/1898 7132/2106/1898
f 7136/2110/1900 7133/2111/1899 7134/2108/1899
f 7138/2112/1901 7135/2113/1900 7136/2110/1900
f 7140/1855/1902 7137/2114/1901 7138/2112/1901
f 7142/2115/1903 7139/254/1904 7140/1855/1902
f 7144/2116/1420 7141/2117/1903 7142/2115/1903
f 7146/2118/1905 7143/2119/1420 7144/2116/1420
f 7148/2120/1906 7145/2121/1905 7146/2118/1905
f 7150/2122/1907 7147/2123/1906 7148/2120/1906
f 7152/2124/1908 7149/2125/1907 7150/2122/1907
f 7154/2126/1909 7151/2127/1908 7152/2124/1908
f 7156/2128/1910 7153/2129/1909 7154/2126/1909
f 7158/2130/1911 7155/2131/1910 7156/2128/1910
f 7160/2132/1912 7157/2133/1911 7158/2130/1911
f 7162/2134/1913 7159/2135/1912 7160/2132/1912
f 7164/2136/1914 7161/2137/1913 7162/2134/1913
f 7114/1764/976 7163/2138/1914 7164/2136/1914
f 3586/1512/3 3585/1515/3 3583/65/4
f 3588/1514/6 3587/1517/6 3585/1515/3
f 3590/1516/7 3589/1519/7 3587/1517/6
f 3592/1518/8 3591/1521/8 3589/1519/7
f 3594/1520/9 3593/1523/9 3591/1521/8
f 3596/1522/10 3595/1525/10 3593/1523/9
f 3598/1524/11 3597/1527/11 3595/1525/10
f 3600/1526/12 3599/1529/12 3597/1527/11
f 3602/1528/13 3601/1531/13 3599/1529/12
f 3604/1530/14 3603/1533/14 3601/1531/13
f 3606/1532/15 3605/1535/15 3603/1533/14
f 3608/1534/16 3607/1537/16 3605/1535/15
f 3610/1536/17 3609/1539/17 3607/1537/16
f 3612/1538/18 3611/1541/18 3609/1539/17
f 3614/1540/19 3613/1543/19 3611/1541/18
f 3616/1542/20 3615/1545/20 3613/1543/19
f 3618/1544/21 3617/1547/21 3615/1545/20
f 3620/1546/22 3619/1549/22 3617/1547/21
f 3622/1548/23 3621/1551/23 3619/1549/22
f 3624/1550/24 3623/1553/24 3621/1551/23
f 3626/1552/25 3625/1555/25 3623/1553/24
f 3628/1554/26 3627/1557/26 3625/1555/25
f 3630/1556/27 3629/1559/27 3627/1557/26
f 3632/1558/28 3631/1561/28 3629/1559/27
f 3634/1560/29 3633/1563/29 3631/1561/28
f 3636/1562/30 3635/1565/30 3633/1563/29
f 3638/1564/31 3637/1567/31 3635/1565/30
f 3640/1566/32 3639/1569/32 3637/1567/31
f 3642/1568/33 3641/1571/33 3639/1569/32
f 3644/1570/34 3643/1573/34 3641/1571/33
f 3646/1572/35 3645/1575/35 3643/1573/34
f 3648/1574/36 3647/1577/36 3645/1575/35
f 3650/1576/37 3649/1579/37 3647/1577/36
f 3652/1578/38 3651/1581/38 3649/1579/37
f 3654/1580/39 3653/1583/39 3651/1581/38
f 3656/1582/40 3655/1585/40 3653/1583/39
f 3658/1584/41 3657/1587/41 3655/1585/40
f 3660/1586/42 3659/1589/42 3657/1587/41
f 3662/1588/43 3661/1591/43 3659/1589/42
f 3664/1590/44 3663/1593/44 3661/1591/43
f 3666/1592/45 3665/1595/45 3663/1593/44
f 3668/1594/46 3667/1597/46 3665/1595/45
f 3670/1596/47 3669/1599/47 3667/1597/46
f 3672/1598/48 3671/1601/50 3669/1599/47
f 3674/1600/49 3673/1603/49 3671/1601/50
f 3676/1602/51 3675/1605/51 3673/1603/49
f 3678/1604/52 3677/1607/52 3675/1605/51
f 3680/1606/53 3679/1609/53 3677/1607/52
f 3682/1608/54 3681/1611/54 3679/1609/53
f 3684/1610/55 3683/1613/57 3681/1611/54
f 3686/1612/56 3685/1615/59 3683/1613/57
f 3688/1614/58 3687/1617/58 3685/1615/59
f 3690/1616/60 3689/1619/60 3687/1617/58
f 3692/1618/61 3691/1621/61 3689/1619/60
f 3694/1620/62 3693/1623/62 3691/1621/61
f 3696/1622/63 3695/1625/63 3693/1623/62
f 3698/1624/64 3697/1627/64 3695/1625/63
f 3700/1626/65 3699/1629/65 3697/1627/64
f 3702/1628/66 3701/1631/66 3699/1629/65
f 3704/1630/67 3703/1633/67 3701/1631/66
f 3706/1632/68 3705/1635/68 3703/1633/67
f 3708/1634/69 3707/1637/69 3705/1635/68
f 3710/1636/70 3709/1639/70 3707/1637/69
f 3712/1638/71 3711/1641/71 3709/1639/70
f 3714/1640/72 3713/1643/72 3711/1641/71
f 3716/1642/73 3715/1645/73 3713/1643/72
f 3718/1644/74 3717/1647/74 3715/1645/73
f 3720/1646/75 3719/1649/75 3717/1647/74
f 3722/1648/76 3721/1651/76 3719/1649/75
f 3724/1650/77 3723/1653/77 3721/1651/76
f 3726/1652/78 3725/1655/78 3723/1653/77
f 3728/1654/79 3727/1657/79 3725/1655/78
f 3730/1656/80 3729/1659/80 3727/1657/79
f 3732/1658/81 3731/1661/81 3729/1659/80
f 3734/1660/82 3733/1663/82 3731/1661/81
f 3736/1662/83 3735/1665/83 3733/1663/82
f 3738/1664/84 3737/1667/84 3735/1665/83
f 3740/1666/85 3739/1669/85 3737/1667/84
f 3742/1668/86 3741/1671/86 3739/1669/85
f 3744/1670/87 3743/1673/87 3741/1671/86
f 3746/1672/88 3745/1675/88 3743/1673/87
f 3748/1674/89 3747/1677/89 3745/1675/88
f 3750/1676/90 3749/1679/90 3747/1677/89
f 3752/1678/91 3751/1681/91 3749/1679/90
f 3754/1680/92 3753/1683/92 3751/1681/91
f 3756/1682/93 3755/1685/93 3753/1683/92
f 3758/1684/94 3757/1687/94 3755/1685/93
f 3760/1686/95 3759/1689/95 3757/1687/94
f 3762/1688/96 3761/1691/96 3759/1689/95
f 3764/1690/97 3763/1693/97 3761/1691/96
f 3766/1692/98 3765/1695/98 3763/1693/97
f 3768/1694/99 3767/1697/99 3765/1695/98
f 3770/1696/100 3769/1699/100 3767/1697/99
f 3772/1698/101 3771/1701/101 3769/1699/100
f 3774/1700/102 3773/1703/102 3771/1701/101
f 3776/1702/103 3775/1705/103 3773/1703/102
f 3778/1704/104 3777/1707/104 3775/1705/103
f 3780/1706/105 3779/1709/105 3777/1707/104
f 3782/1708/106 3781/1711/106 3779/1709/105
f 3784/1710/107 3783/1713/107 3781/1711/106
f 3786/1712/108 3785/1715/108 3783/1713/107
f 3788/1714/109 3787/1717/109 3785/1715/108
f 3790/1716/110 3789/1719/110 3787/1717/109
f 3792/1718/111 3791/1721/111 3789/1719/110
f 3794/1720/112 3793/1723/112 3791/1721/111
f 3796/1722/113 3795/1725/113 3793/1723/112
f 3798/1724/114 3797/1727/114 3795/1725/113
f 3800/1726/115 3799/1729/115 3797/1727/114
f 3802/1728/116 3801/1731/116 3799/1729/115
f 3804/1730/117 3803/1733/117 3801/1731/116
f 3806/1732/118 3805/1735/118 3803/1733/117
f 3808/1734/119 3807/1737/119 3805/1735/118
f 3810/1736/120 3809/1739/120 3807/1737/119
f 3812/1738/121 3811/1741/121 3809/1739/120
f 3814/1740/122 3813/1743/122 3811/1741/121
f 3816/1742/123 3815/1745/123 3813/1743/122
f 3818/1744/124 3817/1747/124 3815/1745/123
f 3820/1746/125 3819/1749/125 3817/1747/124
f 3822/1748/126 3821/1751/126 3819/1749/125
f 3824/1750/127 3823/1753/127 3821/1751/126
f 3826/1752/128 3825/1755/128 3823/1753/127
f 3828/1754/129 3827/1757/129 3825/1755/128
f 3830/1756/130 3829/1759/130 3827/1757/129
f 3832/1758/131 3831/1761/131 3829/1759/130
f 3834/1760/132 3833/1763/132 3831/1761/131
f 3836/1762/133 3835/1765/133 3833/1763/132
f 3584/1764/5 3583/120/4 3835/1765/133
f 3840/1766/134 3839/1768/134 3837/65/134
f 3842/1767/134 3841/1770/134 3839/1768/134
f 3844/1769/134 3843/1772/134 3841/1770/134
f 3846/1771/134 3845/1774/134 3843/1772/134
f 3848/1773/134 3847/1776/134 3845/1774/134
f 3850/1775/134 3849/1778/134 3847/1776/134
f 3852/1777/134 3851/128/134 3849/1778/134
f 3854/1779/134 3853/1781/134 3851/128/134
f 3856/1780/134 3855/1783/134 3853/1781/134
f 3858/1782/134 3857/1785/134 3855/1783/134
f 3860/1784/135 3859/1787/135 3857/1785/134
f 3862/1786/136 3861/1789/136 3859/1787/135
f 3864/1788/137 3863/1791/139 3861/1789/136
f 3866/1790/138 3865/290/138 3863/1791/139
f 3868/1792/140 3867/1794/140 3865/290/138
f 3870/1793/141 3869/1796/141 3867/1794/140
f 3872/1795/142 3871/1798/142 3869/1796/141
f 3874/1797/143 3873/1800/143 3871/1798/142
f 3876/1799/144 3875/1802/144 3873/1800/143
f 3878/1801/145 3877/1804/145 3875/1802/144
f 3880/1803/146 3879/175/146 3877/1804/145
f 3882/1805/147 3881/1807/147 3879/175/146
f 3884/1806/148 3883/1809/148 3881/1807/147
f 3886/1808/149 3885/1811/149 3883/1809/148
f 3888/1810/150 3887/1813/150 3885/1811/149
f 3890/1812/151 3889/1815/151 3887/1813/150
f 3892/1814/152 3891/1817/152 3889/1815/151
f 3894/1816/153 3893/268/153 3891/1817/152
f 3896/1818/154 3895/1820/154 3893/268/153
f 3898/1819/155 3897/1822/155 3895/1820/154
f 3900/1821/156 3899/1824/156 3897/1822/155
f 3902/1823/157 3901/1826/157 3899/1824/156
f 3904/1825/158 3903/1828/158 3901/1826/157
f 3906/1827/159 3905/1830/159 3903/1828/158
f 3908/1829/160 3907/205/162 3905/1830/159
f 3910/1831/161 3909/1833/161 3907/205/162
f 3912/1832/163 3911/1835/163 3909/1833/161
f 3914/1834/164 3913/1837/164 3911/1835/163
f 3916/1836/165 3915/1839/165 3913/1837/164
f 3918/1838/166 3917/1841/166 3915/1839/165
f 3920/1840/167 3919/1843/167 3917/1841/166
f 3922/1842/168 3921/243/168 3919/1843/167
f 3924/1844/169 3923/1846/169 3921/243/168
f 3926/1845/170 3925/1848/170 3923/1846/169
f 3928/1847/98 3927/1850/98 3925/1848/170
f 3930/1849/171 3929/1852/171 3927/1850/98
f 3932/1851/172 3931/1854/172 3929/1852/171
f 3934/1853/173 3933/1856/173 3931/1854/172
f 3936/1855/174 3935/254/174 3933/1856/173
f 3938/1857/175 3937/1859/175 3935/254/174
f 3940/1858/176 3939/1861/176 3937/1859/175
f 3942/1860/177 3941/1863/177 3939/1861/176
f 3944/1862/178 3943/1865/178 3941/1863/177
f 3946/1864/179 3945/1867/179 3943/1865/178
f 3948/1866/180 3947/1869/182 3945/1867/179
f 3950/1868/181 3949/287/181 3947/1869/182
f 3952/1870/183 3951/1872/183 3949/287/181
f 3954/1871/184 3953/1874/184 3951/1872/183
f 3956/1873/185 3955/1876/185 3953/1874/184
f 3958/1875/186 3957/1878/186 3955/1876/185
f 3960/1877/187 3959/1880/187 3957/1878/186
f 3962/1879/187 3961/1882/187 3959/1880/187
f 3964/1881/187 3963/133/187 3961/1882/187
f 3966/1883/187 3965/1885/187 3963/133/187
f 3968/1884/187 3967/1887/187 3965/1885/187
f 3970/1886/187 3969/1889/187 3967/1887/187
f 3972/1888/187 3971/1891/187 3969/1889/187
f 3974/1890/187 3973/1893/187 3971/1891/187
f 3976/1892/187 3975/1895/187 3973/1893/187
f 3978/1894/187 3977/178/187 3975/1895/187
f 3980/1896/187 3979/1898/187 3977/178/187
f 3982/1897/188 3981/1900/188 3979/1898/187
f 3984/1899/189 3983/1902/189 3981/1900/188
f 3986/1901/190 3985/1904/190 3983/1902/189
f 3988/1903/191 3987/1906/193 3985/1904/190
f 3990/1905/192 3989/1908/195 3987/1906/193
f 3992/1907/194 3991/213/194 3989/1908/195
f 3994/1909/196 3993/1911/196 3991/213/194
f 3996/1910/197 3995/1913/197 3993/1911/196
f 3998/1912/198 3997/1915/198 3995/1913/197
f 4000/1914/199 3999/1917/199 3997/1915/198
f 4002/1916/200 4001/1919/200 3999/1917/199
f 4004/1918/201 4003/1921/201 4001/1919/200
f 4006/1920/202 4005/302/202 4003/1921/201
f 4008/1922/203 4007/1924/203 4005/302/202
f 4010/1923/204 4009/1926/204 4007/1924/203
f 4012/1925/205 4011/1928/205 4009/1926/204
f 4014/1927/206 4013/1930/208 4011/1928/205
f 4016/1929/207 4015/1932/210 4013/1930/208
f 4018/1931/209 4017/1934/209 4015/1932/210
f 4020/1933/211 4019/327/211 4017/1934/209
f 4022/1935/212 4021/1937/214 4019/327/211
f 4024/1936/213 4023/1939/213 4021/1937/214
f 4026/1938/215 4025/1941/215 4023/1939/213
f 4028/1940/216 4027/1943/216 4025/1941/215
f 4030/1942/217 4029/1945/217 4027/1943/216
f 4032/1944/218 4031/1946/218 4029/1945/217
f 3838/1764/134 3837/120/134 4031/1946/218
f 4036/1947/134 4035/1949/134 4033/65/134
f 4038/1948/134 4037/1951/134 4035/1949/134
f 4040/1950/134 4039/1953/134 4037/1951/134
f 4042/1952/134 4041/1955/134 4039/1953/134
f 4044/1954/134 4043/1957/134 4041/1955/134
f 4046/1956/134 4045/1959/134 4043/1957/134
f 4048/1958/134 4047/1961/134 4045/1959/134
f 4050/1960/134 4049/1963/134 4047/1961/134
f 4052/1962/134 4051/1965/134 4049/1963/134
f 4054/1964/134 4053/1967/134 4051/1965/134
f 4056/1966/219 4055/1969/219 4053/1967/134
f 4058/1968/220 4057/1971/222 4055/1969/219
f 4060/1970/221 4059/1973/221 4057/1971/222
f 4062/1972/223 4061/1975/223 4059/1973/221
f 4064/1974/224 4063/1977/226 4061/1975/223
f 4066/1976/225 4065/1979/228 4063/1977/226
f 4068/1978/227 4067/1981/227 4065/1979/228
f 4070/1980/229 4069/1983/231 4067/1981/227
f 4072/1982/230 4071/1985/230 4069/1983/231
f 4074/1984/232 4073/1987/232 4071/1985/230
f 4076/1986/233 4075/1989/233 4073/1987/232
f 4078/1988/234 4077/1991/234 4075/1989/233
f 4080/1990/235 4079/1993/235 4077/1991/234
f 4082/1992/236 4081/1995/236 4079/1993/235
f 4084/1994/237 4083/1997/237 4081/1995/236
f 4086/1996/238 4085/1999/238 4083/1997/237
f 4088/1998/239 4087/2001/239 4085/1999/238
f 4090/2000/240 4089/2003/240 4087/2001/239
f 4092/2002/241 4091/2005/241 4089/2003/240
f 4094/2004/242 4093/2007/242 4091/2005/241
f 4096/2006/243 4095/2009/243 4093/2007/242
f 4098/2008/244 4097/2011/244 4095/2009/243
f 4100/2010/245 4099/2013/245 4097/2011/244
f 4102/2012/246 4101/2015/246 4099/2013/245
f 4104/2014/247 4103/2017/247 4101/2015/246
f 4106/2016/248 4105/2018/248 4103/2017/247
f 4108/1855/187 4107/254/187 4105/2018/248
f 4110/2019/187 4109/2021/187 4107/254/187
f 4112/2020/187 4111/2023/187 4109/2021/187
f 4114/2022/187 4113/2025/187 4111/2023/187
f 4116/2024/187 4115/2027/187 4113/2025/187
f 4118/2026/187 4117/2029/187 4115/2027/187
f 4120/2028/187 4119/2031/187 4117/2029/187
f 4122/2030/187 4121/2033/187 4119/2031/187
f 4124/2032/187 4123/2035/187 4121/2033/187
f 4126/2034/187 4125/2037/187 4123/2035/187
f 4128/2036/187 4127/2039/187 4125/2037/187
f 4130/2038/249 4129/2041/249 4127/2039/187
f 4132/2040/250 4131/2043/250 4129/2041/249
f 4134/2042/251 4133/2045/251 4131/2043/250
f 4136/2044/252 4135/2047/252 4133/2045/251
f 4138/2046/253 4137/2049/253 4135/2047/252
f 4140/2048/254 4139/2051/254 4137/2049/253
f 4142/2050/255 4141/2053/255 4139/2051/254
f 4144/2052/256 4143/2055/256 4141/2053/255
f 4146/2054/257 4145/2057/257 4143/2055/256
f 4148/2056/258 4147/2059/258 4145/2057/257
f 4150/2058/259 4149/2061/259 4147/2059/258
f 4152/2060/260 4151/2063/262 4149/2061/259
f 4154/2062/261 4153/2065/261 4151/2063/262
f 4156/2064/263 4155/2067/263 4153/2065/261
f 4158/2066/264 4157/2069/264 4155/2067/263
f 4160/2068/265 4159/2071/265 4157/2069/264
f 4162/2070/266 4161/2073/266 4159/2071/265
f 4164/2072/267 4163/2075/267 4161/2073/266
f 4166/2074/268 4165/2077/270 4163/2075/267
f 4168/2076/269 4167/2079/269 4165/2077/270
f 4170/2078/271 4169/2081/273 4167/2079/269
f 4172/2080/272 4171/2083/272 4169/2081/273
f 4174/2082/274 4173/2085/276 4171/2083/272
f 4176/2084/275 4175/2087/275 4173/2085/276
f 4178/2086/277 4177/2089/277 4175/2087/275
f 4180/2088/278 4179/2090/278 4177/2089/277
f 4034/1764/134 4033/120/134 4179/2090/278
f 4184/2091/279 4183/2093/279 4181/65/280
f 4186/2092/281 4185/2095/281 4183/2093/279
f 4188/2094/282 4187/2097/282 4185/2095/281
f 4190/2096/283 4189/2099/283 4187/2097/282
f 4192/2098/284 4191/2101/286 4189/2099/283
f 4194/2100/285 4193/2103/285 4191/2101/286
f 4196/2102/287 4195/2105/287 4193/2103/285
f 4198/2104/288 4197/2107/288 4195/2105/287
f 4200/2106/289 4199/2109/289 4197/2107/288
f 4202/2108/290 4201/2111/290 4199/2109/289
f 4204/2110/291 4203/2113/291 4201/2111/290
f 4206/2112/292 4205/2114/292 4203/2113/291
f 4208/1855/293 4207/254/293 4205/2114/292
f 4210/2115/294 4209/2117/294 4207/254/293
f 4212/2116/295 4211/2119/295 4209/2117/294
f 4214/2118/296 4213/2121/298 4211/2119/295
f 4216/2120/297 4215/2123/297 4213/2121/298
f 4218/2122/299 4217/2125/299 4215/2123/297
f 4220/2124/300 4219/2127/300 4217/2125/299
f 4222/2126/301 4221/2129/301 4219/2127/300
f 4224/2128/302 4223/2131/302 4221/2129/301
f 4226/2130/303 4225/2133/303 4223/2131/302
f 4228/2132/304 4227/2135/304 4225/2133/303
f 4230/2134/305 4229/2137/305 4227/2135/304
f 4232/2136/306 4231/2138/306 4229/2137/305
f 4182/1764/280 4181/120/280 4231/2138/306
f 4236/2139/307 4235/2141/307 4233/65/308
f 4238/2140/309 4237/2143/309 4235/2141/307
f 4240/2142/310 4239/2145/310 4237/2143/309
f 4242/2144/311 4241/2147/311 4239/2145/310
f 4244/2146/312 4243/2149/312 4241/2147/311
f 4246/2148/313 4245/2151/313 4243/2149/312
f 4248/2150/314 4247/2153/314 4245/2151/313
f 4250/2152/315 4249/2155/315 4247/2153/314
f 4252/2154/316 4251/2157/316 4249/2155/315
f 4254/2156/317 4253/2159/319 4251/2157/316
f 4256/2158/318 4255/2161/318 4253/2159/319
f 4258/2160/320 4257/2163/320 4255/2161/318
f 4260/2162/321 4259/2165/321 4257/2163/320
f 4262/2164/322 4261/2167/322 4259/2165/321
f 4264/2166/323 4263/2169/323 4261/2167/322
f 4266/2168/324 4265/2171/324 4263/2169/323
f 4268/2170/325 4267/2173/325 4265/2171/324
f 4270/2172/326 4269/2175/326 4267/2173/325
f 4272/2174/327 4271/2177/327 4269/2175/326
f 4274/2176/328 4273/2179/328 4271/2177/327
f 4276/2178/329 4275/2181/329 4273/2179/328
f 4278/2180/330 4277/2183/330 4275/2181/329
f 4280/2182/331 4279/2185/331 4277/2183/330
f 4282/2184/332 4281/2187/332 4279/2185/331
f 4284/2186/333 4283/2189/333 4281/2187/332
f 4286/2188/334 4285/2191/334 4283/2189/333
f 4288/2190/335 4287/2193/335 4285/2191/334
f 4290/2192/336 4289/2195/336 4287/2193/335
f 4292/2194/337 4291/2197/337 4289/2195/336
f 4294/2196/338 4293/2198/338 4291/2197/337
f 4296/1855/339 4295/254/339 4293/2198/338
f 4298/2199/340 4297/2201/340 4295/254/339
f 4300/2200/341 4299/2203/341 4297/2201/340
f 4302/2202/342 4301/2205/342 4299/2203/341
f 4304/2204/343 4303/2207/343 4301/2205/342
f 4306/2206/344 4305/2209/344 4303/2207/343
f 4308/2208/345 4307/2211/345 4305/2209/344
f 4310/2210/346 4309/2213/346 4307/2211/345
f 4312/2212/347 4311/2215/347 4309/2213/346
f 4314/2214/348 4313/2217/348 4311/2215/347
f 4316/2216/349 4315/2219/349 4313/2217/348
f 4318/2218/350 4317/2221/352 4315/2219/349
f 4320/2220/351 4319/2223/351 4317/2221/352
f 4322/2222/353 4321/2225/353 4319/2223/351
f 4324/2224/354 4323/2227/354 4321/2225/353
f 4326/2226/355 4325/2229/355 4323/2227/354
f 4328/2228/356 4327/2231/356 4325/2229/355
f 4330/2230/357 4329/2233/359 4327/2231/356
f 4332/2232/358 4331/2235/358 4329/2233/359
f 4334/2234/360 4333/2237/360 4331/2235/358
f 4336/2236/361 4335/2239/361 4333/2237/360
f 4338/2238/362 4337/2241/364 4335/2239/361
f 4340/2240/363 4339/2243/366 4337/2241/364
f 4342/2242/365 4341/2245/365 4339/2243/366
f 4344/2244/367 4343/2247/367 4341/2245/365
f 4346/2246/368 4345/2249/370 4343/2247/367
f 4348/2248/369 4347/2251/372 4345/2249/370
f 4350/2250/371 4349/2253/374 4347/2251/372
f 4352/2252/373 4351/2255/376 4349/2253/374
f 4354/2254/375 4353/2257/375 4351/2255/376
f 4356/2256/377 4355/2258/377 4353/2257/375
f 4234/1764/308 4233/120/308 4355/2258/377
f 4360/2091/378 4359/2093/378 4357/65/379
f 4362/2092/381 4361/2095/381 4359/2093/378
f 4364/2094/382 4363/2097/382 4361/2095/381
f 4366/2096/383 4365/2099/383 4363/2097/382
f 4368/2098/384 4367/2101/384 4365/2099/383
f 4370/2100/385 4369/2103/385 4367/2101/384
f 4372/2102/386 4371/2105/388 4369/2103/385
f 4374/2104/387 4373/2107/387 4371/2105/388
f 4376/2106/389 4375/2109/389 4373/2107/387
f 4378/2108/390 4377/2111/390 4375/2109/389
f 4380/2110/391 4379/2113/393 4377/2111/390
f 4382/2112/392 4381/2114/392 4379/2113/393
f 4384/1855/394 4383/254/394 4381/2114/392
f 4386/2115/395 4385/2117/395 4383/254/394
f 4388/2116/396 4387/2119/396 4385/2117/395
f 4390/2118/397 4389/2121/397 4387/2119/396
f 4392/2120/398 4391/2123/399 4389/2121/397
f 4394/2122/294 4393/2125/294 4391/2123/399
f 4396/2124/400 4395/2127/400 4393/2125/294
f 4398/2126/401 4397/2129/401 4395/2127/400
f 4400/2128/402 4399/2131/402 4397/2129/401
f 4402/2130/403 4401/2133/403 4399/2131/402
f 4404/2132/404 4403/2135/404 4401/2133/403
f 4406/2134/405 4405/2137/407 4403/2135/404
f 4408/2136/406 4407/2138/406 4405/2137/407
f 4358/1764/380 4357/120/379 4407/2138/406
f 4412/1512/3 4411/1515/3 4409/65/4
f 4414/1514/6 4413/1517/6 4411/1515/3
f 4416/1516/7 4415/1519/7 4413/1517/6
f 4418/1518/8 4417/1521/8 4415/1519/7
f 4420/1520/9 4419/1523/9 4417/1521/8
f 4422/1522/10 4421/1525/408 4419/1523/9
f 4424/1524/11 4423/1527/11 4421/1525/408
f 4426/1526/12 4425/1529/12 4423/1527/11
f 4428/1528/13 4427/1531/13 4425/1529/12
f 4430/1530/14 4429/1533/14 4427/1531/13
f 4432/1532/15 4431/1535/15 4429/1533/14
f 4434/1534/16 4433/1537/16 4431/1535/15
f 4436/1536/17 4435/1539/17 4433/1537/16
f 4438/1538/409 4437/1541/409 4435/1539/17
f 4440/1540/410 4439/1543/410 4437/1541/409
f 4442/1542/20 4441/1545/20 4439/1543/410
f 4444/1544/21 4443/1547/412 4441/1545/20
f 4446/1546/411 4445/1549/413 4443/1547/412
f 4448/1548/23 4447/1551/414 4445/1549/413
f 4450/1550/24 4449/1553/24 4447/1551/414
f 4452/1552/25 4451/1555/416 4449/1553/24
f 4454/1554/415 4453/1557/26 4451/1555/416
f 4456/1556/27 4455/1559/417 4453/1557/26
f 4458/1558/28 4457/1561/28 4455/1559/417
f 4460/1560/418 4459/1563/420 4457/1561/28
f 4462/1562/419 4461/1565/421 4459/1563/420
f 4464/1564/31 4463/1567/31 4461/1565/421
f 4466/1566/32 4465/1569/32 4463/1567/31
f 4468/1568/33 4467/1571/33 4465/1569/32
f 4470/1570/34 4469/1573/34 4467/1571/33
f 4472/1572/35 4471/1575/35 4469/1573/34
f 4474/1574/36 4473/1577/36 4471/1575/35
f 4476/1576/37 4475/1579/37 4473/1577/36
f 4478/1578/38 4477/1581/38 4475/1579/37
f 4480/1580/39 4479/1583/39 4477/1581/38
f 4482/1582/40 4481/1585/40 4479/1583/39
f 4484/1584/41 4483/1587/41 4481/1585/40
f 4486/1586/42 4485/1589/42 4483/1587/41
f 4488/1588/43 4487/1591/43 4485/1589/42
f 4490/1590/44 4489/1593/44 4487/1591/43
f 4492/1592/45 4491/1595/45 4489/1593/44
f 4494/1594/422 4493/1597/46 4491/1595/45
f 4496/1596/47 4495/1599/47 4493/1597/46
f 4498/1598/50 4497/1601/48 4495/1599/47
f 4500/1600/423 4499/1603/49 4497/1601/48
f 4502/1602/51 4501/1605/51 4499/1603/49
f 4504/1604/52 4503/1607/52 4501/1605/51
f 4506/1606/53 4505/1609/53 4503/1607/52
f 4508/1608/54 4507/1611/54 4505/1609/53
f 4510/1610/55 4509/1613/57 4507/1611/54
f 4512/1612/56 4511/1615/59 4509/1613/57
f 4514/1614/58 4513/1617/58 4511/1615/59
f 4516/1616/60 4515/1619/60 4513/1617/58
f 4518/1618/61 4517/1621/61 4515/1619/60
f 4520/1620/62 4519/1623/62 4517/1621/61
f 4522/1622/63 4521/1625/424 4519/1623/62
f 4524/1624/64 4523/1627/64 4521/1625/424
f 4526/1626/65 4525/1629/65 4523/1627/64
f 4528/1628/66 4527/1631/66 4525/1629/65
f 4530/1630/67 4529/1633/67 4527/1631/66
f 4532/1632/68 4531/1635/68 4529/1633/67
f 4534/1634/69 4533/1637/69 4531/1635/68
f 4536/1636/70 4535/1639/70 4533/1637/69
f 4538/1638/71 4537/1641/71 4535/1639/70
f 4540/1640/72 4539/1643/72 4537/1641/71
f 4542/1642/425 4541/1645/73 4539/1643/72
f 4544/1644/74 4543/1647/74 4541/1645/73
f 4546/1646/75 4545/1649/75 4543/1647/74
f 4548/1648/76 4547/1651/76 4545/1649/75
f 4550/1650/77 4549/1653/77 4547/1651/76
f 4552/1652/78 4551/1655/78 4549/1653/77
f 4554/1654/79 4553/1657/79 4551/1655/78
f 4556/1656/80 4555/1659/80 4553/1657/79
f 4558/1658/81 4557/1661/81 4555/1659/80
f 4560/1660/82 4559/1663/82 4557/1661/81
f 4562/1662/83 4561/1665/83 4559/1663/82
f 4564/1664/426 4563/1667/84 4561/1665/83
f 4566/1666/85 4565/1669/85 4563/1667/84
f 4568/1668/86 4567/1671/86 4565/1669/85
f 4570/1670/87 4569/1673/87 4567/1671/86
f 4572/1672/88 4571/1675/88 4569/1673/87
f 4574/1674/89 4573/1677/89 4571/1675/88
f 4576/1676/90 4575/1679/90 4573/1677/89
f 4578/1678/91 4577/1681/91 4575/1679/90
f 4580/1680/427 4579/1683/92 4577/1681/91
f 4582/1682/93 4581/1685/93 4579/1683/92
f 4584/1684/94 4583/1687/94 4581/1685/93
f 4586/1686/95 4585/1689/95 4583/1687/94
f 4588/1688/96 4587/1691/96 4585/1689/95
f 4590/1690/97 4589/1693/97 4587/1691/96
f 4592/1692/98 4591/1695/98 4589/1693/97
f 4594/1694/99 4593/1697/99 4591/1695/98
f 4596/1696/100 4595/1699/100 4593/1697/99
f 4598/1698/101 4597/1701/101 4595/1699/100
f 4600/1700/102 4599/1703/102 4597/1701/101
f 4602/1702/103 4601/1705/103 4599/1703/102
f 4604/1704/104 4603/1707/104 4601/1705/103
f 4606/1706/105 4605/1709/105 4603/1707/104
f 4608/1708/106 4607/1711/106 4605/1709/105
f 4610/1710/107 4609/1713/107 4607/1711/106
f 4612/1712/108 4611/1715/108 4609/1713/107
f 4614/1714/428 4613/1717/109 4611/1715/108
f 4616/1716/429 4615/1719/110 4613/1717/109
f 4618/1718/430 4617/1721/430 4615/1719/110
f 4620/1720/112 4619/1723/112 4617/1721/430
f 4622/1722/113 4621/1725/431 4619/1723/112
f 4624/1724/114 4623/1727/114 4621/1725/431
f 4626/1726/432 4625/1729/115 4623/1727/114
f 4628/1728/116 4627/1731/116 4625/1729/115
f 4630/1730/117 4629/1733/117 4627/1731/116
f 4632/1732/118 4631/1735/433 4629/1733/117
f 4634/1734/119 4633/1737/434 4631/1735/433
f 4636/1736/120 4635/1739/120 4633/1737/434
f 4638/1738/435 4637/1741/435 4635/1739/120
f 4640/1740/122 4639/1743/122 4637/1741/435
f 4642/1742/123 4641/1745/123 4639/1743/122
f 4644/1744/124 4643/1747/124 4641/1745/123
f 4646/1746/125 4645/1749/125 4643/1747/124
f 4648/1748/126 4647/1751/126 4645/1749/125
f 4650/1750/127 4649/1753/127 4647/1751/126
f 4652/1752/128 4651/1755/128 4649/1753/127
f 4654/1754/129 4653/1757/129 4651/1755/128
f 4656/1756/130 4655/1759/130 4653/1757/129
f 4658/1758/131 4657/1761/131 4655/1759/130
f 4660/1760/436 4659/1763/132 4657/1761/131
f 4662/1762/133 4661/1765/437 4659/1763/132
f 4410/1764/5 4409/120/4 4661/1765/437
f 4666/2259/438 4665/2261/438 4663/65/439
f 4668/2260/440 4667/2262/440 4665/2261/438
f 4670/1948/441 4669/1951/441 4667/2262/440
f 4672/2263/442 4671/2265/442 4669/1951/441
f 4674/2264/443 4673/2266/443 4671/2265/442
f 4676/1952/444 4675/1955/444 4673/2266/443
f 4678/2267/445 4677/2269/445 4675/1955/444
f 4680/2268/446 4679/2270/446 4677/2269/445
f 4682/1956/447 4681/1959/447 4679/2270/446
f 4684/2271/448 4683/2273/448 4681/1959/447
f 4686/2272/449 4685/2274/449 4683/2273/448
f 4688/1960/450 4687/1963/450 4685/2274/449
f 4690/2275/451 4689/2277/451 4687/1963/450
f 4692/2276/452 4691/2278/452 4689/2277/451
f 4694/1964/453 4693/1967/453 4691/2278/452
f 4696/2279/454 4695/2281/454 4693/1967/453
f 4698/2280/455 4697/2282/455 4695/2281/454
f 4700/1968/456 4699/1971/456 4697/2282/455
f 4702/2283/457 4701/2285/457 4699/1971/456
f 4704/2284/458 4703/2286/458 4701/2285/457
f 4706/1972/459 4705/1975/459 4703/2286/458
f 4708/2287/460 4707/2289/460 4705/1975/459
f 4710/2288/461 4709/2290/461 4707/2289/460
f 4712/1976/462 4711/1979/464 4709/2290/461
f 4714/2291/463 4713/2293/463 4711/1979/464
f 4716/2292/465 4715/2294/465 4713/2293/463
f 4718/1980/466 4717/1983/466 4715/2294/465
f 4720/2295/467 4719/2297/467 4717/1983/466
f 4722/2296/468 4721/2298/468 4719/2297/467
f 4724/1984/469 4723/1987/469 4721/2298/468
f 4726/2299/470 4725/2301/470 4723/1987/469
f 4728/2300/471 4727/2302/471 4725/2301/470
f 4730/1988/472 4729/1991/472 4727/2302/471
f 4732/2303/473 4731/2305/473 4729/1991/472
f 4734/2304/474 4733/2306/474 4731/2305/473
f 4736/1992/475 4735/1995/475 4733/2306/474
f 4738/2307/476 4737/40/476 4735/1995/475
f 4740/2308/477 4739/2309/477 4737/40/476
f 4742/1996/478 4741/1999/478 4739/2309/477
f 4744/2310/479 4743/2312/479 4741/1999/478
f 4746/2311/480 4745/2313/480 4743/2312/479
f 4748/2000/481 4747/2003/483 4745/2313/480
f 4750/2314/482 4749/2316/482 4747/2003/483
f 4752/2315/484 4751/2317/484 4749/2316/482
f 4754/2004/485 4753/2007/485 4751/2317/484
f 4756/2318/486 4755/2320/486 4753/2007/485
f 4758/2319/487 4757/2321/487 4755/2320/486
f 4760/2008/488 4759/2011/488 4757/2321/487
f 4762/2322/489 4761/2324/489 4759/2011/488
f 4764/2323/490 4763/2325/490 4761/2324/489
f 4766/2012/491 4765/2015/491 4763/2325/490
f 4768/2326/492 4767/2328/492 4765/2015/491
f 4770/2327/493 4769/2329/493 4767/2328/492
f 4772/2016/494 4771/2018/494 4769/2329/493
f 4774/2330/495 4773/2332/495 4771/2018/494
f 4776/2331/496 4775/2333/496 4773/2332/495
f 4778/2019/497 4777/2021/497 4775/2333/496
f 4780/2334/498 4779/2336/498 4777/2021/497
f 4782/2335/499 4781/2337/499 4779/2336/498
f 4784/2022/500 4783/2025/502 4781/2337/499
f 4786/2338/501 4785/2340/501 4783/2025/502
f 4788/2339/503 4787/2341/503 4785/2340/501
f 4790/2026/504 4789/2029/504 4787/2341/503
f 4792/2342/505 4791/2344/505 4789/2029/504
f 4794/2343/506 4793/2345/506 4791/2344/505
f 4796/2030/507 4795/2033/507 4793/2345/506
f 4798/2346/508 4797/2348/508 4795/2033/507
f 4800/2347/509 4799/2349/509 4797/2348/508
f 4802/2034/510 4801/2037/510 4799/2349/509
f 4804/2350/511 4803/2352/511 4801/2037/510
f 4806/2351/512 4805/2353/512 4803/2352/511
f 4808/2038/513 4807/2041/513 4805/2353/512
f 4810/2354/514 4809/2356/514 4807/2041/513
f 4812/2355/515 4811/109/515 4809/2356/514
f 4814/2042/516 4813/2045/518 4811/109/515
f 4816/2357/517 4815/2359/517 4813/2045/518
f 4818/2358/519 4817/2360/519 4815/2359/517
f 4820/2046/520 4819/2049/520 4817/2360/519
f 4822/2361/521 4821/2363/523 4819/2049/520
f 4824/2362/522 4823/2364/522 4821/2363/523
f 4826/2050/524 4825/2053/524 4823/2364/522
f 4828/2365/525 4827/2367/525 4825/2053/524
f 4830/2366/526 4829/2368/526 4827/2367/525
f 4832/2054/527 4831/2057/527 4829/2368/526
f 4834/2369/528 4833/2371/528 4831/2057/527
f 4836/2370/529 4835/2372/529 4833/2371/528
f 4838/2058/530 4837/2061/530 4835/2372/529
f 4840/2373/531 4839/2375/531 4837/2061/530
f 4842/2374/532 4841/2376/532 4839/2375/531
f 4844/2062/533 4843/2065/533 4841/2376/532
f 4846/2377/534 4845/2379/534 4843/2065/533
f 4848/2378/535 4847/2380/535 4845/2379/534
f 4850/2066/536 4849/2069/536 4847/2380/535
f 4852/2381/537 4851/2383/537 4849/2069/536
f 4854/2382/538 4853/2384/538 4851/2383/537
f 4856/2070/539 4855/2073/539 4853/2384/538
f 4858/2385/540 4857/2387/540 4855/2073/539
f 4860/2386/541 4859/2388/541 4857/2387/540
f 4862/2074/542 4861/2077/542 4859/2388/541
f 4864/2389/543 4863/2391/543 4861/2077/542
f 4866/2390/544 4865/2392/544 4863/2391/543
f 4868/2078/545 4867/2081/545 4865/2392/544
f 4870/2393/546 4869/2395/546 4867/2081/545
f 4872/2394/547 4871/2396/547 4869/2395/546
f 4874/2082/548 4873/2085/548 4871/2396/547
f 4876/2397/549 4875/2399/549 4873/2085/548
f 4878/2398/550 4877/2400/550 4875/2399/549
f 4880/2086/551 4879/2089/551 4877/2400/550
f 4882/2401/552 4881/2403/552 4879/2089/551
f 4884/2402/553 4883/2404/553 4881/2403/552
f 4664/1764/439 4663/120/439 4883/2404/553
f 4888/2091/554 4887/2093/554 4885/65/555
f 4890/2092/556 4889/2095/558 4887/2093/554
f 4892/2094/557 4891/2097/557 4889/2095/558
f 4894/2096/559 4893/2099/559 4891/2097/557
f 4896/2098/560 4895/2101/560 4893/2099/559
f 4898/2100/561 4897/2103/561 4895/2101/560
f 4900/2102/562 4899/2105/564 4897/2103/561
f 4902/2104/563 4901/2107/566 4899/2105/564
f 4904/2106/565 4903/2109/565 4901/2107/566
f 4906/2108/567 4905/2111/567 4903/2109/565
f 4908/2110/568 4907/2113/570 4905/2111/567
f 4910/2112/569 4909/2114/569 4907/2113/570
f 4912/1855/571 4911/254/571 4909/2114/569
f 4914/2115/572 4913/2117/574 4911/254/571
f 4916/2116/573 4915/2119/576 4913/2117/574
f 4918/2118/575 4917/2121/575 4915/2119/576
f 4920/2120/577 4919/2123/577 4917/2121/575
f 4922/2122/578 4921/2125/578 4919/2123/577
f 4924/2124/579 4923/2127/579 4921/2125/578
f 4926/2126/580 4925/2129/582 4923/2127/579
f 4928/2128/581 4927/2131/581 4925/2129/582
f 4930/2130/583 4929/2133/583 4927/2131/581
f 4932/2132/584 4931/2135/584 4929/2133/583
f 4934/2134/585 4933/2137/585 4931/2135/584
f 4936/2136/586 4935/2138/586 4933/2137/585
f 4886/1764/555 4885/120/555 4935/2138/586
f 4940/2091/587 4939/2093/590 4937/65/588
f 4942/2092/589 4941/2095/589 4939/2093/590
f 4944/2094/591 4943/2097/591 4941/2095/589
f 4946/2096/592 4945/2099/594 4943/2097/591
f 4948/2098/593 4947/2101/596 4945/2099/594
f 4950/2100/595 4949/2103/595 4947/2101/596
f 4952/2102/597 4951/2105/597 4949/2103/595
f 4954/2104/598 4953/2107/600 4951/2105/597
f 4956/2106/599 4955/2109/602 4953/2107/600
f 4958/2108/601 4957/2111/601 4955/2109/602
f 4960/2110/603 4959/2113/603 4957/2111/601
f 4962/2112/604 4961/2114/604 4959/2113/603
f 4964/1855/605 4963/254/605 4961/2114/604
f 4966/2115/606 4965/2117/606 4963/254/605
f 4968/2116/607 4967/2119/609 4965/2117/606
f 4970/2118/608 4969/2121/611 4967/2119/609
f 4972/2120/610 4971/2123/610 4969/2121/611
f 4974/2122/612 4973/2125/612 4971/2123/610
f 4976/2124/613 4975/2127/613 4973/2125/612
f 4978/2126/614 4977/2129/616 4975/2127/613
f 4980/2128/615 4979/2131/615 4977/2129/616
f 4982/2130/617 4981/2133/619 4979/2131/615
f 4984/2132/618 4983/2135/618 4981/2133/619
f 4986/2134/620 4985/2137/620 4983/2135/618
f 4988/2136/621 4987/2138/622 4985/2137/620
f 4938/1764/588 4937/120/588 4987/2138/622
f 4992/2405/623 4991/2407/623 4989/65/624
f 4994/2406/625 4993/2409/625 4991/2407/623
f 4996/2408/626 4995/2411/626 4993/2409/625
f 4998/2410/627 4997/2413/627 4995/2411/626
f 5000/2412/628 4999/2415/628 4997/2413/627
f 5002/2414/629 5001/2417/629 4999/2415/628
f 5004/2416/630 5003/2419/630 5001/2417/629
f 5006/2418/631 5005/2421/631 5003/2419/630
f 5008/2420/632 5007/2423/632 5005/2421/631
f 5010/2422/633 5009/2425/633 5007/2423/632
f 5012/2424/634 5011/2427/634 5009/2425/633
f 5014/2426/635 5013/2429/635 5011/2427/634
f 5016/2428/635 5015/2431/635 5013/2429/635
f 5018/2430/636 5017/2433/636 5015/2431/635
f 5020/2432/636 5019/2435/636 5017/2433/636
f 5022/2434/637 5021/2437/639 5019/2435/636
f 5024/2436/638 5023/2439/638 5021/2437/639
f 5026/2438/640 5025/2441/642 5023/2439/638
f 5028/2440/641 5027/2443/641 5025/2441/642
f 5030/2442/643 5029/2445/645 5027/2443/641
f 5032/2444/644 5031/2447/644 5029/2445/645
f 5034/2446/646 5033/2449/648 5031/2447/644
f 5036/2448/647 5035/2451/650 5033/2449/648
f 5038/2450/649 5037/2453/652 5035/2451/650
f 5040/2452/651 5039/2455/654 5037/2453/652
f 5042/2454/653 5041/2457/653 5039/2455/654
f 5044/2456/655 5043/2459/655 5041/2457/653
f 5046/2458/656 5045/2461/656 5043/2459/655
f 5048/2460/657 5047/2463/657 5045/2461/656
f 5050/2462/658 5049/2465/658 5047/2463/657
f 5052/2464/659 5051/2467/659 5049/2465/658
f 5054/2466/660 5053/2469/660 5051/2467/659
f 5056/2468/661 5055/2471/661 5053/2469/660
f 5058/2470/662 5057/2473/662 5055/2471/661
f 5060/2472/663 5059/2475/665 5057/2473/662
f 5062/2474/664 5061/2477/667 5059/2475/665
f 5064/2476/666 5063/2479/669 5061/2477/667
f 5066/2478/668 5065/2481/671 5063/2479/669
f 5068/2480/670 5067/2483/670 5065/2481/671
f 5070/2482/672 5069/2485/672 5067/2483/670
f 5072/2484/673 5071/2487/674 5069/2485/672
f 5074/2486/636 5073/2489/636 5071/2487/674
f 5076/2488/675 5075/2491/675 5073/2489/636
f 5078/2490/676 5077/2493/678 5075/2491/675
f 5080/2492/677 5079/2495/677 5077/2493/678
f 5082/2494/679 5081/2497/679 5079/2495/677
f 5084/2496/680 5083/2499/680 5081/2497/679
f 5086/2498/681 5085/2501/681 5083/2499/680
f 5088/2500/682 5087/2503/684 5085/2501/681
f 5090/2502/683 5089/2505/686 5087/2503/684
f 5092/2504/685 5091/2507/688 5089/2505/686
f 5094/2506/687 5093/2509/687 5091/2507/688
f 5096/2508/689 5095/2511/689 5093/2509/687
f 5098/2510/690 5097/2513/692 5095/2511/689
f 5100/2512/691 5099/2515/691 5097/2513/692
f 5102/2514/693 5101/2517/695 5099/2515/691
f 5104/2516/694 5103/2519/694 5101/2517/695
f 5106/2518/696 5105/2521/698 5103/2519/694
f 5108/2520/697 5107/2523/700 5105/2521/698
f 5110/2522/699 5109/2524/699 5107/2523/700
f 5112/1855/701 5111/254/703 5109/2524/699
f 5114/2525/702 5113/2527/705 5111/254/703
f 5116/2526/704 5115/2529/707 5113/2527/705
f 5118/2528/706 5117/2531/706 5115/2529/707
f 5120/2530/566 5119/2533/709 5117/2531/706
f 5122/2532/708 5121/2535/708 5119/2533/709
f 5124/2534/710 5123/2537/712 5121/2535/708
f 5126/2536/711 5125/2539/714 5123/2537/712
f 5128/2538/713 5127/2541/713 5125/2539/714
f 5130/2540/715 5129/2543/715 5127/2541/713
f 5132/2542/716 5131/2545/716 5129/2543/715
f 5134/2544/717 5133/2547/717 5131/2545/716
f 5136/2546/718 5135/2549/718 5133/2547/717
f 5138/2548/111 5137/2551/111 5135/2549/718
f 5140/2550/719 5139/2553/719 5137/2551/111
f 5142/2552/720 5141/2555/720 5139/2553/719
f 5144/2554/721 5143/2557/721 5141/2555/720
f 5146/2556/722 5145/2559/722 5143/2557/721
f 5148/2558/723 5147/2561/723 5145/2559/722
f 5150/2560/724 5149/2563/724 5147/2561/723
f 5152/2562/675 5151/2565/675 5149/2563/724
f 5154/2564/725 5153/2567/725 5151/2565/675
f 5156/2566/725 5155/2569/725 5153/2567/725
f 5158/2568/726 5157/2571/726 5155/2569/725
f 5160/2570/727 5159/2573/729 5157/2571/726
f 5162/2572/728 5161/2575/728 5159/2573/729
f 5164/2574/730 5163/2577/730 5161/2575/728
f 5166/2576/731 5165/2579/731 5163/2577/730
f 5168/2578/732 5167/2581/732 5165/2579/731
f 5170/2580/733 5169/2583/733 5167/2581/732
f 5172/2582/734 5171/2585/734 5169/2583/733
f 5174/2584/735 5173/2587/735 5171/2585/734
f 5176/2586/736 5175/2589/736 5173/2587/735
f 5178/2588/737 5177/2591/737 5175/2589/736
f 5180/2590/738 5179/2593/738 5177/2591/737
f 5182/2592/739 5181/2595/739 5179/2593/738
f 5184/2594/740 5183/2597/740 5181/2595/739
f 5186/2596/741 5185/2599/741 5183/2597/740
f 5188/2598/742 5187/2601/744 5185/2599/741
f 5190/2600/743 5189/2603/746 5187/2601/744
f 5192/2602/745 5191/2605/745 5189/2603/746
f 5194/2604/747 5193/2607/749 5191/2605/745
f 5196/2606/748 5195/2609/751 5193/2607/749
f 5198/2608/750 5197/2611/753 5195/2609/751
f 5200/2610/752 5199/2613/755 5197/2611/753
f 5202/2612/754 5201/2615/754 5199/2613/755
f 5204/2614/756 5203/2617/758 5201/2615/754
f 5206/2616/757 5205/2619/757 5203/2617/758
f 5208/2618/759 5207/2621/759 5205/2619/757
f 5210/2620/760 5209/2623/760 5207/2621/759
f 5212/2622/761 5211/2625/763 5209/2623/760
f 5214/2624/762 5213/2627/762 5211/2625/763
f 5216/2626/764 5215/2629/764 5213/2627/762
f 5218/2628/765 5217/2631/765 5215/2629/764
f 5220/2630/766 5219/2633/766 5217/2631/765
f 5222/2632/767 5221/2635/767 5219/2633/766
f 5224/2634/768 5223/2637/768 5221/2635/767
f 5226/2636/769 5225/2639/769 5223/2637/768
f 5228/2638/770 5227/2641/770 5225/2639/769
f 5230/2640/771 5229/2643/773 5227/2641/770
f 5232/2642/772 5231/2644/774 5229/2643/773
f 4990/1764/624 4989/120/624 5231/2644/774
f 5236/2645/775 5235/1229/775 5233/65/776
f 5238/2646/777 5237/1230/779 5235/1229/775
f 5240/2647/778 5239/149/781 5237/1230/779
f 5242/2648/780 5241/1210/780 5239/149/781
f 5244/2649/782 5243/1209/784 5241/1210/780
f 5246/2650/783 5245/139/783 5243/1209/784
f 5248/2651/785 5247/1045/785 5245/139/783
f 5250/2652/786 5249/1211/786 5247/1045/785
f 5252/1777/787 5251/128/787 5249/1211/786
f 5254/2653/788 5253/1212/788 5251/128/787
f 5256/2654/789 5255/1218/789 5253/1212/788
f 5258/2655/790 5257/154/790 5255/1218/789
f 5260/2656/791 5259/1221/791 5257/154/790
f 5262/2657/792 5261/1107/792 5259/1221/791
f 5264/2658/793 5263/189/793 5261/1107/792
f 5266/2659/794 5265/1223/796 5263/189/793
f 5268/2660/795 5267/1222/798 5265/1223/796
f 5270/1790/797 5269/290/800 5267/1222/798
f 5272/2661/799 5271/1220/802 5269/290/800
f 5274/2662/801 5273/1219/804 5271/1220/802
f 5276/2663/803 5275/284/803 5273/1219/804
f 5278/2664/805 5277/1217/805 5275/284/803
f 5280/2665/806 5279/1216/808 5277/1217/805
f 5282/2666/807 5281/185/807 5279/1216/808
f 5284/2667/809 5283/1215/809 5281/185/807
f 5286/2668/810 5285/1214/810 5283/1215/809
f 5288/1803/811 5287/175/811 5285/1214/810
f 5290/2669/812 5289/1087/812 5287/175/811
f 5292/2670/813 5291/1227/813 5289/1087/812
f 5294/2671/814 5293/234/814 5291/1227/813
f 5296/2672/815 5295/1225/817 5293/234/814
f 5298/2673/816 5297/1224/816 5295/1225/817
f 5300/2674/818 5299/239/818 5297/1224/816
f 5302/2675/819 5301/1203/821 5299/239/818
f 5304/2676/820 5303/1081/820 5301/1203/821
f 5306/1816/822 5305/268/824 5303/1081/820
f 5308/2677/823 5307/1207/823 5305/268/824
f 5310/2678/825 5309/1205/827 5307/1207/823
f 5312/2679/826 5311/251/826 5309/1205/827
f 5314/2680/828 5313/1198/828 5311/251/826
f 5316/2681/829 5315/1200/831 5313/1198/828
f 5318/2307/830 5317/40/830 5315/1200/831
f 5320/2682/832 5319/1231/834 5317/40/830
f 5322/2683/833 5321/1181/833 5319/1231/834
f 5324/1829/835 5323/205/837 5321/1181/833
f 5326/2684/836 5325/1180/839 5323/205/837
f 5328/2685/838 5327/1193/841 5325/1180/839
f 5330/2686/840 5329/218/840 5327/1193/841
f 5332/2687/842 5331/1095/842 5329/218/840
f 5334/2688/843 5333/1168/843 5331/1095/842
f 5336/2689/844 5335/208/844 5333/1168/843
f 5338/2690/845 5337/1169/845 5335/208/844
f 5340/2691/846 5339/1176/848 5337/1169/845
f 5342/1842/847 5341/243/847 5339/1176/848
f 5344/2692/849 5343/1194/849 5341/243/847
f 5346/2693/850 5345/1072/850 5343/1194/849
f 5348/2694/851 5347/274/851 5345/1072/850
f 5350/2695/852 5349/1182/852 5347/274/851
f 5352/2696/853 5351/1232/853 5349/1182/852
f 5354/2697/854 5353/259/854 5351/1232/853
f 5356/2698/855 5355/1201/857 5353/259/854
f 5358/2699/856 5357/1199/856 5355/1201/857
f 5360/1855/858 5359/254/858 5357/1199/856
f 5362/2700/859 5361/1206/859 5359/254/858
f 5364/2701/860 5363/1208/860 5361/1206/859
f 5366/2702/861 5365/245/863 5363/1208/860
f 5368/2703/862 5367/1202/865 5365/245/863
f 5370/2704/864 5369/1204/867 5367/1202/865
f 5372/2705/866 5371/279/866 5369/1204/867
f 5374/2706/868 5373/1033/870 5371/279/866
f 5376/2707/869 5375/1226/872 5373/1033/870
f 5378/1868/871 5377/287/871 5375/1226/872
f 5380/2708/873 5379/1228/875 5377/287/871
f 5382/2709/874 5381/1213/874 5379/1228/875
f 5384/2710/876 5383/169/876 5381/1213/874
f 5386/2711/877 5385/1196/877 5383/169/876
f 5388/2712/878 5387/1011/878 5385/1196/877
f 5390/2713/879 5389/173/879 5387/1011/878
f 5392/2714/880 5391/1174/882 5389/173/879
f 5394/2715/881 5393/1173/881 5391/1174/882
f 5396/1881/883 5395/133/883 5393/1173/881
f 5398/2716/884 5397/1178/884 5395/133/883
f 5400/2717/885 5399/1177/885 5397/1178/884
f 5402/2355/886 5401/109/886 5399/1177/885
f 5404/2718/330 5403/1171/330 5401/109/886
f 5406/2719/887 5405/1170/887 5403/1171/330
f 5408/2720/888 5407/151/888 5405/1170/887
f 5410/2721/889 5409/1167/891 5407/151/888
f 5412/2722/890 5411/1166/893 5409/1167/891
f 5414/1894/892 5413/178/895 5411/1166/893
f 5416/2723/894 5415/1112/897 5413/178/895
f 5418/2724/896 5417/1172/896 5415/1112/897
f 5420/2725/898 5419/195/898 5417/1172/896
f 5422/2726/899 5421/1179/901 5419/195/898
f 5424/2727/900 5423/1175/903 5421/1179/901
f 5426/2728/902 5425/295/902 5423/1175/903
f 5428/2729/904 5427/1195/906 5425/295/902
f 5430/2730/905 5429/1119/908 5427/1195/906
f 5432/1907/907 5431/213/907 5429/1119/908
f 5434/2731/909 5433/1197/909 5431/213/907
f 5436/2732/910 5435/1183/910 5433/1197/909
f 5438/2733/911 5437/223/911 5435/1183/910
f 5440/2734/912 5439/1184/912 5437/223/911
f 5442/2735/913 5441/1186/913 5439/1184/912
f 5444/2736/914 5443/297/914 5441/1186/913
f 5446/2737/915 5445/1188/915 5443/297/914
f 5448/2738/916 5447/1190/918 5445/1188/915
f 5450/1920/917 5449/302/917 5447/1190/918
f 5452/2739/919 5451/1192/919 5449/302/917
f 5454/2740/920 5453/1234/920 5451/1192/919
f 5456/2741/921 5455/307/921 5453/1234/920
f 5458/2742/922 5457/1147/922 5455/307/921
f 5460/2743/923 5459/1236/923 5457/1147/922
f 5462/2744/924 5461/317/924 5459/1236/923
f 5464/2745/925 5463/1237/927 5461/317/924
f 5466/2746/926 5465/1235/929 5463/1237/927
f 5468/1933/928 5467/327/931 5465/1235/929
f 5470/2747/930 5469/1233/930 5467/327/931
f 5472/2748/932 5471/1150/932 5469/1233/930
f 5474/2749/933 5473/326/935 5471/1150/932
f 5476/2750/934 5475/1191/934 5473/326/935
f 5478/2751/936 5477/1189/936 5475/1191/934
f 5480/2752/937 5479/316/937 5477/1189/936
f 5482/2753/938 5481/1187/938 5479/316/937
f 5484/2754/939 5483/1185/939 5481/1187/938
f 5234/1764/776 5233/120/776 5483/1185/939
f 5488/2645/940 5487/1229/940 5485/65/941
f 5490/2646/942 5489/1230/942 5487/1229/940
f 5492/2647/943 5491/149/943 5489/1230/942
f 5494/2648/944 5493/1210/944 5491/149/943
f 5496/2649/945 5495/1209/945 5493/1210/944
f 5498/2650/786 5497/139/786 5495/1209/945
f 5500/2651/946 5499/1045/946 5497/139/786
f 5502/2652/947 5501/1211/947 5499/1045/946
f 5504/1777/948 5503/128/950 5501/1211/947
f 5506/2653/949 5505/1212/952 5503/128/950
f 5508/2654/951 5507/1218/951 5505/1212/952
f 5510/2655/953 5509/154/953 5507/1218/951
f 5512/2656/954 5511/1221/954 5509/154/953
f 5514/2657/955 5513/1107/955 5511/1221/954
f 5516/2658/956 5515/189/958 5513/1107/955
f 5518/2659/957 5517/1223/960 5515/189/958
f 5520/2660/959 5519/1222/959 5517/1223/960
f 5522/1790/961 5521/290/963 5519/1222/959
f 5524/2661/962 5523/1220/965 5521/290/963
f 5526/2662/964 5525/1219/964 5523/1220/965
f 5528/2663/966 5527/284/968 5525/1219/964
f 5530/2664/967 5529/1217/967 5527/284/968
f 5532/2665/969 5531/1216/971 5529/1217/967
f 5534/2666/970 5533/185/970 5531/1216/971
f 5536/2667/972 5535/1215/974 5533/185/970
f 5538/2668/973 5537/1214/973 5535/1215/974
f 5540/1803/975 5539/175/975 5537/1214/973
f 5542/2669/976 5541/1087/976 5539/175/975
f 5544/2670/977 5543/1227/977 5541/1087/976
f 5546/2671/978 5545/234/980 5543/1227/977
f 5548/2672/979 5547/1225/982 5545/234/980
f 5550/2673/981 5549/1224/981 5547/1225/982
f 5552/2674/983 5551/239/983 5549/1224/981
f 5554/2675/984 5553/1203/984 5551/239/983
f 5556/2676/985 5555/1081/987 5553/1203/984
f 5558/1816/986 5557/268/989 5555/1081/987
f 5560/2677/988 5559/1207/991 5557/268/989
f 5562/2678/990 5561/1205/993 5559/1207/991
f 5564/2679/992 5563/251/995 5561/1205/993
f 5566/2680/994 5565/1198/994 5563/251/995
f 5568/2681/996 5567/1200/998 5565/1198/994
f 5570/2307/997 5569/40/1000 5567/1200/998
f 5572/2682/999 5571/1231/999 5569/40/1000
f 5574/2683/1001 5573/1181/1001 5571/1231/999
f 5576/1829/1002 5575/205/1002 5573/1181/1001
f 5578/2684/1003 5577/1180/1003 5575/205/1002
f 5580/2685/1004 5579/1193/1006 5577/1180/1003
f 5582/2686/1005 5581/218/1008 5579/1193/1006
f 5584/2687/1007 5583/1095/1007 5581/218/1008
f 5586/2688/1009 5585/1168/1009 5583/1095/1007
f 5588/2689/1010 5587/208/1010 5585/1168/1009
f 5590/2690/1011 5589/1169/1011 5587/208/1010
f 5592/2691/1012 5591/1176/1014 5589/1169/1011
f 5594/1842/1013 5593/243/1013 5591/1176/1014
f 5596/2692/1015 5595/1194/1015 5593/243/1013
f 5598/2693/1016 5597/1072/1016 5595/1194/1015
f 5600/2694/1017 5599/274/1017 5597/1072/1016
f 5602/2695/1018 5601/1182/1018 5599/274/1017
f 5604/2696/1019 5603/1232/1019 5601/1182/1018
f 5606/2697/1020 5605/259/1022 5603/1232/1019
f 5608/2698/1021 5607/1201/1021 5605/259/1022
f 5610/2699/1023 5609/1199/1025 5607/1201/1021
f 5612/1855/1024 5611/254/1027 5609/1199/1025
f 5614/2700/1026 5613/1206/1026 5611/254/1027
f 5616/2701/1028 5615/1208/1028 5613/1206/1026
f 5618/2702/1029 5617/245/1031 5615/1208/1028
f 5620/2703/1030 5619/1202/1033 5617/245/1031
f 5622/2704/1032 5621/1204/1035 5619/1202/1033
f 5624/2705/1034 5623/279/1034 5621/1204/1035
f 5626/2706/1036 5625/1033/1038 5623/279/1034
f 5628/2707/1037 5627/1226/1040 5625/1033/1038
f 5630/1868/1039 5629/287/1039 5627/1226/1040
f 5632/2708/1041 5631/1228/1041 5629/287/1039
f 5634/2709/874 5633/1213/874 5631/1228/1041
f 5636/2710/1042 5635/169/1042 5633/1213/874
f 5638/2711/1043 5637/1196/1043 5635/169/1042
f 5640/2712/1044 5639/1011/1044 5637/1196/1043
f 5642/2713/1045 5641/173/1047 5639/1011/1044
f 5644/2714/1046 5643/1174/1046 5641/173/1047
f 5646/2715/1048 5645/1173/1048 5643/1174/1046
f 5648/1881/1049 5647/133/1051 5645/1173/1048
f 5650/2716/1050 5649/1178/1050 5647/133/1051
f 5652/2717/1052 5651/1177/1052 5649/1178/1050
f 5654/2355/1053 5653/109/1053 5651/1177/1052
f 5656/2718/1054 5655/1171/1054 5653/109/1053
f 5658/2719/1055 5657/1170/1055 5655/1171/1054
f 5660/2720/1056 5659/151/1056 5657/1170/1055
f 5662/2721/1057 5661/1167/1057 5659/151/1056
f 5664/2722/1058 5663/1166/1060 5661/1167/1057
f 5666/1894/1059 5665/178/1062 5663/1166/1060
f 5668/2723/1061 5667/1112/1064 5665/178/1062
f 5670/2724/1063 5669/1172/1063 5667/1112/1064
f 5672/2725/1065 5671/195/1067 5669/1172/1063
f 5674/2726/1066 5673/1179/1069 5671/195/1067
f 5676/2727/1068 5675/1175/1071 5673/1179/1069
f 5678/2728/1070 5677/295/1073 5675/1175/1071
f 5680/2729/1072 5679/1195/1072 5677/295/1073
f 5682/2730/1074 5681/1119/1076 5679/1195/1072
f 5684/1907/1075 5683/213/1078 5681/1119/1076
f 5686/2731/1077 5685/1197/1080 5683/213/1078
f 5688/2732/1079 5687/1183/1079 5685/1197/1080
f 5690/2733/1081 5689/223/1081 5687/1183/1079
f 5692/2734/1082 5691/1184/1082 5689/223/1081
f 5694/2735/1083 5693/1186/1083 5691/1184/1082
f 5696/2736/1084 5695/297/1084 5693/1186/1083
f 5698/2737/1085 5697/1188/1085 5695/297/1084
f 5700/2738/1086 5699/1190/1086 5697/1188/1085
f 5702/1920/1087 5701/302/1087 5699/1190/1086
f 5704/2739/1088 5703/1192/1088 5701/302/1087
f 5706/2740/1089 5705/1234/1089 5703/1192/1088
f 5708/2741/1090 5707/307/1090 5705/1234/1089
f 5710/2742/1091 5709/1147/1093 5707/307/1090
f 5712/2743/1092 5711/1236/1095 5709/1147/1093
f 5714/2744/1094 5713/317/1094 5711/1236/1095
f 5716/2745/1096 5715/1237/1096 5713/317/1094
f 5718/2746/1097 5717/1235/1097 5715/1237/1096
f 5720/1933/1098 5719/327/1098 5717/1235/1097
f 5722/2747/1099 5721/1233/1101 5719/327/1098
f 5724/2748/1100 5723/1150/1100 5721/1233/1101
f 5726/2749/1102 5725/326/1104 5723/1150/1100
f 5728/2750/1103 5727/1191/1103 5725/326/1104
f 5730/2751/1105 5729/1189/1105 5727/1191/1103
f 5732/2752/1106 5731/316/1106 5729/1189/1105
f 5734/2753/1107 5733/1187/1107 5731/316/1106
f 5736/2754/1108 5735/1185/1108 5733/1187/1107
f 5486/1764/941 5485/120/941 5735/1185/1108
f 5740/2755/1109 5739/2757/1109 5737/65/1110
f 5742/2756/1111 5741/2759/1111 5739/2757/1109
f 5744/2758/1112 5743/2761/1114 5741/2759/1111
f 5746/2760/1113 5745/2763/1116 5743/2761/1114
f 5748/2762/1115 5747/2765/1118 5745/2763/1116
f 5750/2764/1117 5749/2767/1117 5747/2765/1118
f 5752/2766/1119 5751/2769/1119 5749/2767/1117
f 5754/2768/1120 5753/2771/1120 5751/2769/1119
f 5756/2770/1121 5755/2773/1121 5753/2771/1120
f 5758/2772/1122 5757/2775/1122 5755/2773/1121
f 5760/2774/1123 5759/2777/1124 5757/2775/1122
f 5762/2776/635 5761/2779/635 5759/2777/1124
f 5764/2778/134 5763/2781/134 5761/2779/635
f 5766/2780/134 5765/2783/134 5763/2781/134
f 5768/2782/134 5767/2785/134 5765/2783/134
f 5770/2784/134 5769/2787/134 5767/2785/134
f 5772/2786/134 5771/2789/134 5769/2787/134
f 5774/2788/134 5773/2791/134 5771/2789/134
f 5776/2790/134 5775/2793/134 5773/2791/134
f 5778/2792/134 5777/2795/134 5775/2793/134
f 5780/2794/134 5779/2797/134 5777/2795/134
f 5782/2796/134 5781/2799/134 5779/2797/134
f 5784/2798/134 5783/2801/134 5781/2799/134
f 5786/2800/1125 5785/2803/1125 5783/2801/134
f 5788/2802/1126 5787/2805/1126 5785/2803/1125
f 5790/2804/1127 5789/2807/1127 5787/2805/1126
f 5792/2806/209 5791/2809/1129 5789/2807/1127
f 5794/2808/1128 5793/2811/1131 5791/2809/1129
f 5796/2810/1130 5795/2813/1130 5793/2811/1131
f 5798/2812/1132 5797/2815/1132 5795/2813/1130
f 5800/2814/1133 5799/2817/1133 5797/2815/1132
f 5802/2816/1134 5801/2819/1134 5799/2817/1133
f 5804/2818/1135 5803/2821/1135 5801/2819/1134
f 5806/2820/1136 5805/2823/1136 5803/2821/1135
f 5808/2822/1137 5807/2825/1137 5805/2823/1136
f 5810/2824/1138 5809/2827/1140 5807/2825/1137
f 5812/2826/1139 5811/2829/1142 5809/2827/1140
f 5814/2828/1141 5813/2831/1144 5811/2829/1142
f 5816/2830/1143 5815/2833/1143 5813/2831/1144
f 5818/2832/1145 5817/2835/1147 5815/2833/1143
f 5820/2834/1146 5819/2837/1149 5817/2835/1147
f 5822/2836/1148 5821/2839/1148 5819/2837/1149
f 5824/2838/1150 5823/2841/1152 5821/2839/1148
f 5826/2840/1151 5825/2843/1154 5823/2841/1152
f 5828/2842/1153 5827/2845/1153 5825/2843/1154
f 5830/2844/1155 5829/2847/1155 5827/2845/1153
f 5832/2846/1156 5831/2849/1156 5829/2847/1155
f 5834/2848/1157 5833/2851/1157 5831/2849/1156
f 5836/2850/1158 5835/2853/1158 5833/2851/1157
f 5838/2852/1159 5837/2855/1159 5835/2853/1158
f 5840/2854/1160 5839/2857/1160 5837/2855/1159
f 5842/2856/1161 5841/2859/1161 5839/2857/1160
f 5844/2858/1162 5843/194/1162 5841/2859/1161
f 5846/2860/1163 5845/2862/1163 5843/194/1162
f 5848/2861/1164 5847/2864/1164 5845/2862/1163
f 5850/2863/1165 5849/2866/1165 5847/2864/1164
f 5852/2865/1166 5851/2868/1166 5849/2866/1165
f 5854/2867/1167 5853/2870/1169 5851/2868/1166
f 5856/2869/1168 5855/2872/1168 5853/2870/1169
f 5858/2871/1170 5857/2874/1172 5855/2872/1168
f 5860/2873/1171 5859/2876/1174 5857/2874/1172
f 5862/2875/1173 5861/2878/1173 5859/2876/1174
f 5864/2877/1175 5863/2880/1175 5861/2878/1173
f 5866/2879/1176 5865/2882/1176 5863/2880/1175
f 5868/2881/1177 5867/2884/1177 5865/2882/1176
f 5870/2883/1178 5869/2886/1178 5867/2884/1177
f 5872/2885/1179 5871/2888/1181 5869/2886/1178
f 5874/2887/1180 5873/2890/1183 5871/2888/1181
f 5876/2889/1182 5875/2892/1182 5873/2890/1183
f 5878/2891/1184 5877/2894/1184 5875/2892/1182
f 5880/2893/1185 5879/2896/557 5877/2894/1184
f 5882/2895/1186 5881/2898/1188 5879/2896/557
f 5884/2897/1187 5883/2900/1187 5881/2898/1188
f 5886/2899/1189 5885/2902/1189 5883/2900/1187
f 5888/2901/1190 5887/2904/1190 5885/2902/1189
f 5890/2903/1191 5889/2906/1191 5887/2904/1190
f 5892/2905/1192 5891/2908/1192 5889/2906/1191
f 5894/2907/1193 5893/2910/1193 5891/2908/1192
f 5896/2909/1194 5895/2912/1194 5893/2910/1193
f 5898/2911/1195 5897/2914/1195 5895/2912/1194
f 5900/2913/1196 5899/2916/1196 5897/2914/1195
f 5902/2915/1197 5901/2918/1197 5899/2916/1196
f 5904/2917/1198 5903/2920/1198 5901/2918/1197
f 5906/2919/1199 5905/2922/1199 5903/2920/1198
f 5908/2921/1200 5907/2924/1200 5905/2922/1199
f 5910/2923/1201 5909/2926/1201 5907/2924/1200
f 5912/2925/1202 5911/2928/1202 5909/2926/1201
f 5914/2927/1203 5913/2930/1203 5911/2928/1202
f 5916/2929/1204 5915/2932/1206 5913/2930/1203
f 5918/2931/1205 5917/2934/1208 5915/2932/1206
f 5920/2933/1207 5919/2936/1210 5917/2934/1208
f 5922/2935/1209 5921/2938/64 5919/2936/1210
f 5924/2937/1211 5923/2940/1213 5921/2938/64
f 5926/2939/1212 5925/2942/1215 5923/2940/1213
f 5928/2941/1214 5927/2944/1214 5925/2942/1215
f 5930/2943/1216 5929/2946/1216 5927/2944/1214
f 5932/2945/1217 5931/2948/1219 5929/2946/1216
f 5934/2947/1218 5933/2950/1221 5931/2948/1219
f 5936/2949/1220 5935/2952/1220 5933/2950/1221
f 5938/2951/1222 5937/2954/1222 5935/2952/1220
f 5940/2953/1223 5939/2956/1223 5937/2954/1222
f 5942/2955/1224 5941/2958/1224 5939/2956/1223
f 5944/2957/1225 5943/2960/1225 5941/2958/1224
f 5946/2959/1226 5945/2962/1226 5943/2960/1225
f 5948/2961/1227 5947/2964/1227 5945/2962/1226
f 5950/2963/1228 5949/210/1228 5947/2964/1227
f 5952/2965/1229 5951/2967/1229 5949/210/1228
f 5954/2966/1230 5953/2969/1230 5951/2967/1229
f 5956/2968/1231 5955/2971/1231 5953/2969/1230
f 5958/2970/1232 5957/2973/1232 5955/2971/1231
f 5960/2972/1233 5959/2975/1233 5957/2973/1232
f 5962/2974/1234 5961/2977/1234 5959/2975/1233
f 5964/2976/1235 5963/2979/1235 5961/2977/1234
f 5966/2978/1236 5965/2981/1236 5963/2979/1235
f 5968/2980/1237 5967/2983/1237 5965/2981/1236
f 5970/2982/1238 5969/2985/1238 5967/2983/1237
f 5972/2984/1239 5971/2987/1239 5969/2985/1238
f 5974/2986/1240 5973/2989/1240 5971/2987/1239
f 5976/2988/1241 5975/2991/1241 5973/2989/1240
f 5978/2990/1242 5977/2993/1242 5975/2991/1241
f 5980/2992/1243 5979/2995/1245 5977/2993/1242
f 5982/2994/1244 5981/2997/1247 5979/2995/1245
f 5984/2996/1246 5983/2999/1246 5981/2997/1247
f 5986/2998/1248 5985/3001/1250 5983/2999/1246
f 5988/3000/1249 5987/3003/1249 5985/3001/1250
f 5990/3002/1251 5989/3005/1253 5987/3003/1249
f 5992/3004/1252 5991/3007/1252 5989/3005/1253
f 5994/3006/1254 5993/3009/1256 5991/3007/1252
f 5996/3008/1255 5995/3011/1258 5993/3009/1256
f 5998/3010/1257 5997/3013/1257 5995/3011/1258
f 6000/3012/1259 5999/3015/1261 5997/3013/1257
f 6002/3014/1260 6001/3017/1260 5999/3015/1261
f 6004/3016/1262 6003/3019/1264 6001/3017/1260
f 6006/3018/1263 6005/3021/1266 6003/3019/1264
f 6008/3020/1265 6007/3023/1268 6005/3021/1266
f 6010/3022/1267 6009/3025/1270 6007/3023/1268
f 6012/3024/1269 6011/3027/1272 6009/3025/1270
f 6014/3026/1271 6013/3029/1274 6011/3027/1272
f 6016/3028/1273 6015/3031/1276 6013/3029/1274
f 6018/3030/1275 6017/3033/1278 6015/3031/1276
f 6020/3032/1277 6019/3035/1280 6017/3033/1278
f 6022/3034/1279 6021/3037/1279 6019/3035/1280
f 6024/3036/1281 6023/3039/1283 6021/3037/1279
f 6026/3038/1282 6025/3041/1282 6023/3039/1283
f 6028/3040/1284 6027/3043/1286 6025/3041/1282
f 6030/3042/1285 6029/3045/1285 6027/3043/1286
f 6032/3044/1287 6031/3047/1287 6029/3045/1285
f 6034/3046/1288 6033/3049/1288 6031/3047/1287
f 6036/3048/1289 6035/3051/1289 6033/3049/1288
f 6038/3050/1290 6037/3053/1290 6035/3051/1289
f 6040/3052/1291 6039/3055/1291 6037/3053/1290
f 6042/3054/1292 6041/3057/1292 6039/3055/1291
f 6044/3056/1293 6043/3059/1293 6041/3057/1292
f 6046/3058/1294 6045/3061/1294 6043/3059/1293
f 6048/3060/1295 6047/3063/1295 6045/3061/1294
f 6050/3062/1296 6049/3065/1296 6047/3063/1295
f 6052/3064/1297 6051/3067/1299 6049/3065/1296
f 6054/3066/1298 6053/3069/1298 6051/3067/1299
f 6056/3068/1300 6055/163/1300 6053/3069/1298
f 6058/3070/675 6057/3072/675 6055/163/1300
f 6060/3071/675 6059/3074/675 6057/3072/675
f 6062/3073/725 6061/3076/725 6059/3074/675
f 6064/3075/725 6063/3078/725 6061/3076/725
f 6066/3077/675 6065/3080/675 6063/3078/725
f 6068/3079/675 6067/3082/675 6065/3080/675
f 6070/3081/725 6069/3084/725 6067/3082/675
f 6072/3083/725 6071/3086/725 6069/3084/725
f 6074/3085/675 6073/3088/675 6071/3086/725
f 6076/3087/675 6075/3090/675 6073/3088/675
f 6078/3089/725 6077/3092/725 6075/3090/675
f 6080/3091/725 6079/3094/725 6077/3092/725
f 6082/3093/1301 6081/3096/1301 6079/3094/725
f 6084/3095/1302 6083/3098/1302 6081/3096/1301
f 6086/3097/1303 6085/3100/1303 6083/3098/1302
f 6088/3099/1304 6087/3102/1304 6085/3100/1303
f 6090/3101/1305 6089/3104/1305 6087/3102/1304
f 6092/3103/1306 6091/3106/1306 6089/3104/1305
f 6094/3105/1307 6093/3108/1307 6091/3106/1306
f 6096/3107/1308 6095/3110/1308 6093/3108/1307
f 6098/3109/1309 6097/3112/1309 6095/3110/1308
f 6100/3111/1310 6099/3114/1310 6097/3112/1309
f 6102/3113/1311 6101/3116/1311 6099/3114/1310
f 6104/3115/1312 6103/3118/1312 6101/3116/1311
f 6106/3117/1313 6105/3120/1315 6103/3118/1312
f 6108/3119/1314 6107/3122/1317 6105/3120/1315
f 6110/3121/1316 6109/3124/1319 6107/3122/1317
f 6112/3123/1318 6111/3126/1318 6109/3124/1319
f 6114/3125/1320 6113/3128/1321 6111/3126/1318
f 6116/3127/744 6115/3130/1323 6113/3128/1321
f 6118/3129/1322 6117/3132/1325 6115/3130/1323
f 6120/3131/1324 6119/3134/1327 6117/3132/1325
f 6122/3133/1326 6121/3136/1329 6119/3134/1327
f 6124/3135/1328 6123/3138/1331 6121/3136/1329
f 6126/3137/1330 6125/3140/1330 6123/3138/1331
f 6128/3139/1332 6127/3142/1334 6125/3140/1330
f 6130/3141/1333 6129/3144/1336 6127/3142/1334
f 6132/3143/1335 6131/3146/1335 6129/3144/1336
f 6134/3145/1337 6133/3148/1337 6131/3146/1335
f 6136/3147/451 6135/3150/451 6133/3148/1337
f 6138/3149/1338 6137/3152/1338 6135/3150/451
f 6140/3151/1339 6139/3154/1339 6137/3152/1338
f 6142/3153/1340 6141/3156/1340 6139/3154/1339
f 6144/3155/1341 6143/3158/1341 6141/3156/1340
f 6146/3157/1342 6145/3160/1342 6143/3158/1341
f 6148/3159/1343 6147/3162/1343 6145/3160/1342
f 6150/3161/1344 6149/3164/1344 6147/3162/1343
f 6152/3163/1345 6151/3166/1345 6149/3164/1344
f 6154/3165/1346 6153/3168/1346 6151/3166/1345
f 6156/3167/1347 6155/3170/1347 6153/3168/1346
f 6158/3169/728 6157/3172/728 6155/3170/1347
f 6160/3171/1348 6159/3174/1348 6157/3172/728
f 6162/3173/1349 6161/219/1349 6159/3174/1348
f 6164/3175/1350 6163/3177/1350 6161/219/1349
f 6166/3176/1351 6165/3179/1351 6163/3177/1350
f 6168/3178/1352 6167/3181/1352 6165/3179/1351
f 6170/3180/1353 6169/3183/1353 6167/3181/1352
f 6172/3182/536 6171/3185/536 6169/3183/1353
f 6174/3184/1354 6173/3187/1354 6171/3185/536
f 6176/3186/1355 6175/3189/1355 6173/3187/1354
f 6178/3188/1292 6177/3191/1292 6175/3189/1355
f 6180/3190/1356 6179/3193/1357 6177/3191/1292
f 6182/3192/635 6181/3195/635 6179/3193/1357
f 6184/3194/635 6183/3197/635 6181/3195/635
f 6186/3196/636 6185/3199/636 6183/3197/635
f 6188/3198/636 6187/3201/636 6185/3199/636
f 6190/3200/635 6189/3203/635 6187/3201/636
f 6192/3202/635 6191/3205/635 6189/3203/635
f 6194/3204/636 6193/3207/636 6191/3205/635
f 6196/3206/636 6195/3209/636 6193/3207/636
f 6198/3208/635 6197/3211/635 6195/3209/636
f 6200/3210/635 6199/3213/635 6197/3211/635
f 6202/3212/636 6201/3215/636 6199/3213/635
f 6204/3214/636 6203/3217/636 6201/3215/636
f 6206/3216/1358 6205/3219/1358 6203/3217/636
f 6208/3218/1358 6207/3221/1360 6205/3219/1358
f 6210/3220/1359 6209/3223/1359 6207/3221/1360
f 6212/3222/1361 6211/3225/1363 6209/3223/1359
f 6214/3224/1362 6213/3227/1362 6211/3225/1363
f 6216/3226/1364 6215/3229/1364 6213/3227/1362
f 6218/3228/1365 6217/3231/1365 6215/3229/1364
f 6220/3230/1366 6219/3233/1366 6217/3231/1365
f 6222/3232/1367 6221/3235/1367 6219/3233/1366
f 6224/3234/1368 6223/3237/1368 6221/3235/1367
f 6226/3236/1369 6225/3239/1369 6223/3237/1368
f 6228/3238/1370 6227/3241/1370 6225/3239/1369
f 6230/3240/1371 6229/3243/1373 6227/3241/1370
f 6232/3242/1372 6231/3245/1372 6229/3243/1373
f 6234/3244/1374 6233/3247/1375 6231/3245/1372
f 6236/3246/675 6235/3249/675 6233/3247/1375
f 6238/3248/725 6237/3251/725 6235/3249/675
f 6240/3250/1376 6239/3253/1376 6237/3251/725
f 6242/3252/1377 6241/3255/1379 6239/3253/1376
f 6244/3254/1378 6243/3257/1378 6241/3255/1379
f 6246/3256/1380 6245/3259/1380 6243/3257/1378
f 6248/3258/1381 6247/3261/1383 6245/3259/1380
f 6250/3260/1382 6249/3263/1385 6247/3261/1383
f 6252/3262/1384 6251/3265/1387 6249/3263/1385
f 6254/3264/1386 6253/3267/1389 6251/3265/1387
f 6256/3266/1388 6255/3269/1388 6253/3267/1389
f 6258/3268/1390 6257/3271/1390 6255/3269/1388
f 6260/3270/1391 6259/3273/1391 6257/3271/1390
f 6262/3272/1392 6261/3275/1393 6259/3273/1391
f 6264/3274/725 6263/3277/725 6261/3275/1393
f 6266/3276/1394 6265/3278/1394 6263/3277/725
f 5738/1764/1110 5737/120/1110 6265/3278/1394
f 6270/3279/675 6269/531/675 6267/65/725
f 6272/1855/636 6271/254/636 6269/531/675
f 6274/3280/635 6273/521/635 6271/254/636
f 6268/1764/725 6267/120/725 6273/521/635
f 6278/3279/675 6277/531/675 6275/65/725
f 6280/1855/636 6279/254/636 6277/531/675
f 6282/3280/635 6281/521/635 6279/254/636
f 6276/1764/725 6275/120/725 6281/521/635
f 6286/3279/675 6285/531/675 6283/65/725
f 6288/1855/636 6287/254/636 6285/531/675
f 6290/3280/635 6289/521/635 6287/254/636
f 6284/1764/725 6283/120/725 6289/521/635
f 6294/3279/675 6293/531/675 6291/65/725
f 6296/1855/636 6295/254/636 6293/531/675
f 6298/3280/635 6297/521/635 6295/254/636
f 6292/1764/725 6291/120/725 6297/521/635
f 6302/1766/1395 6301/1768/1395 6299/65/1396
f 6304/1767/1397 6303/1770/1397 6301/1768/1395
f 6306/1769/1398 6305/1772/1400 6303/1770/1397
f 6308/1771/1399 6307/1774/1399 6305/1772/1400
f 6310/1773/1401 6309/1776/1401 6307/1774/1399
f 6312/1775/1402 6311/1778/1402 6309/1776/1401
f 6314/1777/1403 6313/128/1403 6311/1778/1402
f 6316/1779/1404 6315/1781/1404 6313/128/1403
f 6318/1780/1405 6317/1783/1407 6315/1781/1404
f 6320/1782/1406 6319/1785/1406 6317/1783/1407
f 6322/1784/1408 6321/1787/1408 6319/1785/1406
f 6324/1786/1409 6323/1789/1411 6321/1787/1408
f 6326/1788/1410 6325/1791/1413 6323/1789/1411
f 6328/1790/1412 6327/290/1412 6325/1791/1413
f 6330/1792/1414 6329/1794/1414 6327/290/1412
f 6332/1793/1415 6331/1796/1415 6329/1794/1414
f 6334/1795/1416 6333/1798/1416 6331/1796/1415
f 6336/1797/1417 6335/1800/1417 6333/1798/1416
f 6338/1799/1418 6337/1802/1418 6335/1800/1417
f 6340/1801/1419 6339/1804/1419 6337/1802/1418
f 6342/1803/1420 6341/175/1420 6339/1804/1419
f 6344/1805/1421 6343/1807/1421 6341/175/1420
f 6346/1806/1422 6345/1809/1422 6343/1807/1421
f 6348/1808/1423 6347/1811/1423 6345/1809/1422
f 6350/1810/1424 6349/1813/1424 6347/1811/1423
f 6352/1812/1425 6351/1815/1425 6349/1813/1424
f 6354/1814/1426 6353/1817/1426 6351/1815/1425
f 6356/1816/1427 6355/268/1427 6353/1817/1426
f 6358/1818/1428 6357/1820/1430 6355/268/1427
f 6360/1819/1429 6359/1822/1429 6357/1820/1430
f 6362/1821/1431 6361/1824/1431 6359/1822/1429
f 6364/1823/1432 6363/1826/1432 6361/1824/1431
f 6366/1825/1433 6365/1828/1433 6363/1826/1432
f 6368/1827/1434 6367/1830/1434 6365/1828/1433
f 6370/1829/1435 6369/205/1437 6367/1830/1434
f 6372/1831/1436 6371/1833/1436 6369/205/1437
f 6374/1832/1438 6373/1835/1440 6371/1833/1436
f 6376/1834/1439 6375/1837/1439 6373/1835/1440
f 6378/1836/1441 6377/1839/1441 6375/1837/1439
f 6380/1838/1442 6379/1841/1442 6377/1839/1441
f 6382/1840/1443 6381/1843/1443 6379/1841/1442
f 6384/1842/1444 6383/243/1444 6381/1843/1443
f 6386/1844/1445 6385/1846/1445 6383/243/1444
f 6388/1845/1446 6387/1848/1446 6385/1846/1445
f 6390/1847/1447 6389/1850/1447 6387/1848/1446
f 6392/1849/1448 6391/1852/1448 6389/1850/1447
f 6394/1851/1449 6393/1854/1449 6391/1852/1448
f 6396/1853/1450 6395/1856/1450 6393/1854/1449
f 6398/1855/1451 6397/254/1451 6395/1856/1450
f 6400/1857/1452 6399/1859/1452 6397/254/1451
f 6402/1858/1453 6401/1861/1453 6399/1859/1452
f 6404/1860/1454 6403/1863/1454 6401/1861/1453
f 6406/1862/1455 6405/1865/1457 6403/1863/1454
f 6408/1864/1456 6407/1867/1456 6405/1865/1457
f 6410/1866/1458 6409/1869/1458 6407/1867/1456
f 6412/1868/1459 6411/287/1461 6409/1869/1458
f 6414/1870/1460 6413/1872/1463 6411/287/1461
f 6416/1871/1462 6415/1874/1465 6413/1872/1463
f 6418/1873/1464 6417/1876/1464 6415/1874/1465
f 6420/1875/1466 6419/1878/1466 6417/1876/1464
f 6422/1877/1467 6421/1880/1467 6419/1878/1466
f 6424/1879/1468 6423/1882/1468 6421/1880/1467
f 6426/1881/1469 6425/133/1469 6423/1882/1468
f 6428/1883/1470 6427/1885/1470 6425/133/1469
f 6430/1884/1471 6429/1887/1471 6427/1885/1470
f 6432/1886/1472 6431/1889/1472 6429/1887/1471
f 6434/1888/1472 6433/1891/1472 6431/1889/1472
f 6436/1890/1473 6435/1893/1473 6433/1891/1472
f 6438/1892/1474 6437/1895/1474 6435/1893/1473
f 6440/1894/1475 6439/178/1477 6437/1895/1474
f 6442/1896/1476 6441/1898/1479 6439/178/1477
f 6444/1897/1478 6443/1900/1478 6441/1898/1479
f 6446/1899/1480 6445/1902/1480 6443/1900/1478
f 6448/1901/190 6447/1904/190 6445/1902/1480
f 6450/1903/1481 6449/1906/1481 6447/1904/190
f 6452/1905/1482 6451/1908/1482 6449/1906/1481
f 6454/1907/1483 6453/213/1483 6451/1908/1482
f 6456/1909/1484 6455/1911/1484 6453/213/1483
f 6458/1910/1485 6457/1913/1485 6455/1911/1484
f 6460/1912/1486 6459/1915/1486 6457/1913/1485
f 6462/1914/1487 6461/1917/1489 6459/1915/1486
f 6464/1916/1488 6463/1919/1491 6461/1917/1489
f 6466/1918/1490 6465/1921/1490 6463/1919/1491
f 6468/1920/1492 6467/302/1492 6465/1921/1490
f 6470/1922/1493 6469/1924/1495 6467/302/1492
f 6472/1923/1494 6471/1926/1497 6469/1924/1495
f 6474/1925/1496 6473/1928/1499 6471/1926/1497
f 6476/1927/1498 6475/1930/1501 6473/1928/1499
f 6478/1929/1500 6477/1932/1503 6475/1930/1501
f 6480/1931/1502 6479/1934/1505 6477/1932/1503
f 6482/1933/1504 6481/327/1507 6479/1934/1505
f 6484/1935/1506 6483/1937/1506 6481/327/1507
f 6486/1936/1508 6485/1939/1510 6483/1937/1506
f 6488/1938/1509 6487/1941/269 6485/1939/1510
f 6490/1940/1511 6489/1943/1512 6487/1941/269
f 6492/1942/1396 6491/1945/1396 6489/1943/1512
f 6494/1944/1513 6493/1946/1513 6491/1945/1396
f 6300/1764/1396 6299/120/1396 6493/1946/1513
f 6498/1767/1514 6497/1770/1517 6495/65/1515
f 6500/1771/1516 6499/1774/1516 6497/1770/1517
f 6502/1775/629 6501/1778/629 6499/1774/1516
f 6504/1779/1518 6503/1781/1520 6501/1778/629
f 6506/1782/1519 6505/1785/1522 6503/1781/1520
f 6508/1786/1521 6507/1789/1521 6505/1785/1522
f 6510/1790/1523 6509/290/1523 6507/1789/1521
f 6512/1793/1524 6511/1796/1524 6509/290/1523
f 6514/1797/1525 6513/1800/1525 6511/1796/1524
f 6516/1801/1526 6515/1804/1526 6513/1800/1525
f 6518/1805/1527 6517/1807/1529 6515/1804/1526
f 6520/1808/1528 6519/1811/1531 6517/1807/1529
f 6522/1812/1530 6521/1815/1530 6519/1811/1531
f 6524/1816/1532 6523/268/1532 6521/1815/1530
f 6526/1819/1533 6525/1822/1535 6523/268/1532
f 6528/1823/1534 6527/1826/1534 6525/1822/1535
f 6530/1827/1536 6529/1830/1538 6527/1826/1534
f 6532/1831/1537 6531/1833/1537 6529/1830/1538
f 6534/1834/1539 6533/1837/1539 6531/1833/1537
f 6536/1838/1540 6535/1841/1540 6533/1837/1539
f 6538/1842/1541 6537/243/1541 6535/1841/1540
f 6540/1845/1542 6539/1848/1542 6537/243/1541
f 6542/1849/1543 6541/1852/1543 6539/1848/1542
f 6544/1853/1544 6543/1856/1544 6541/1852/1543
f 6546/1857/1545 6545/1859/1545 6543/1856/1544
f 6548/1860/1546 6547/1863/1546 6545/1859/1545
f 6550/1864/1547 6549/1867/1549 6547/1863/1546
f 6552/1868/1548 6551/287/1548 6549/1867/1549
f 6554/1871/1550 6553/1874/1552 6551/287/1548
f 6556/1875/1551 6555/1878/1554 6553/1874/1552
f 6558/1879/1553 6557/1882/1556 6555/1878/1554
f 6560/1883/1555 6559/1885/1555 6557/1882/1556
f 6562/1886/1557 6561/1889/1557 6559/1885/1555
f 6564/1890/1558 6563/1893/1560 6561/1889/1557
f 6566/1894/1559 6565/178/1559 6563/1893/1560
f 6568/1897/1561 6567/1900/1561 6565/178/1559
f 6570/1901/1562 6569/1904/1562 6567/1900/1561
f 6572/1905/1563 6571/1908/1563 6569/1904/1562
f 6574/1909/1564 6573/1911/1564 6571/1908/1563
f 6576/1912/1565 6575/1915/1567 6573/1911/1564
f 6578/1916/1566 6577/1919/1566 6575/1915/1567
f 6580/1920/1568 6579/302/1568 6577/1919/1566
f 6582/1923/1569 6581/1926/1571 6579/302/1568
f 6584/1927/1570 6583/1930/1570 6581/1926/1571
f 6586/1931/1572 6585/1934/1572 6583/1930/1570
f 6588/1935/1573 6587/1937/1573 6585/1934/1572
f 6590/1938/1574 6589/1941/1574 6587/1937/1573
f 6592/1942/1575 6591/1945/1575 6589/1941/1574
f 6496/1764/1515 6495/120/1515 6591/1945/1575
f 6596/3281/1576 6595/1023/1576 6593/65/1577
f 6598/3282/1578 6597/1032/1578 6595/1023/1576
f 6600/3283/1579 6599/1031/1579 6597/1032/1578
f 6602/3284/1580 6601/1028/1580 6599/1031/1579
f 6604/3285/1581 6603/1034/1581 6601/1028/1580
f 6606/3286/1582 6605/1037/1582 6603/1034/1581
f 6608/3287/1583 6607/1036/1583 6605/1037/1582
f 6610/3288/1584 6609/1043/1586 6607/1036/1583
f 6612/2651/1585 6611/1045/1585 6609/1043/1586
f 6614/3289/1587 6613/1048/1587 6611/1045/1585
f 6616/3290/1588 6615/1055/1588 6613/1048/1587
f 6618/3291/1589 6617/1054/1589 6615/1055/1588
f 6620/3292/1590 6619/1165/1590 6617/1054/1589
f 6622/3293/1591 6621/1086/1591 6619/1165/1590
f 6624/3294/1592 6623/1092/1592 6621/1086/1591
f 6626/3295/1593 6625/1091/1593 6623/1092/1592
f 6628/3296/1594 6627/1106/1594 6625/1091/1593
f 6630/2657/1595 6629/1107/1595 6627/1106/1594
f 6632/3297/1596 6631/1123/1596 6629/1107/1595
f 6634/3298/1597 6633/1128/1597 6631/1123/1596
f 6636/3299/1598 6635/1127/1598 6633/1128/1597
f 6638/3300/1599 6637/1139/1599 6635/1127/1598
f 6640/3301/1600 6639/1142/1600 6637/1139/1599
f 6642/3302/1601 6641/1141/1601 6639/1142/1600
f 6644/3303/1602 6643/1140/1604 6641/1141/1601
f 6646/3304/1603 6645/1126/1603 6643/1140/1604
f 6648/2663/1605 6647/284/1605 6645/1126/1603
f 6650/3305/1606 6649/1125/1608 6647/284/1605
f 6652/3306/1607 6651/1124/1607 6649/1125/1608
f 6654/3307/1609 6653/1105/1611 6651/1124/1607
f 6656/3308/1610 6655/1104/1610 6653/1105/1611
f 6658/3309/1612 6657/1122/1612 6655/1104/1610
f 6660/3310/1613 6659/1090/1613 6657/1122/1612
f 6662/3311/1614 6661/1089/1614 6659/1090/1613
f 6664/3312/1615 6663/1088/1615 6661/1089/1614
f 6666/2669/1616 6665/1087/1618 6663/1088/1615
f 6668/3313/1617 6667/1053/1617 6665/1087/1618
f 6670/3314/1619 6669/1060/1621 6667/1053/1617
f 6672/3315/1620 6671/1059/1620 6669/1060/1621
f 6674/3316/1622 6673/1058/1622 6671/1059/1620
f 6676/3317/1623 6675/1066/1623 6673/1058/1622
f 6678/3318/1624 6677/1065/1624 6675/1066/1623
f 6680/3319/1625 6679/1064/1625 6677/1065/1624
f 6682/3320/1626 6681/1083/1626 6679/1064/1625
f 6684/2676/1627 6683/1081/1629 6681/1083/1626
f 6686/3321/1628 6685/1079/1628 6683/1081/1629
f 6688/3322/1630 6687/1077/1630 6685/1079/1628
f 6690/3323/1631 6689/1075/1631 6687/1077/1630
f 6692/3324/1632 6691/1073/1632 6689/1075/1631
f 6694/3325/1633 6693/1071/1633 6691/1073/1632
f 6696/3326/1634 6695/1041/1636 6693/1071/1633
f 6698/3327/1635 6697/1040/1638 6695/1041/1636
f 6700/3328/1637 6699/1062/1637 6697/1040/1638
f 6702/2307/1639 6701/40/1641 6699/1062/1637
f 6704/3329/1640 6703/1052/1640 6701/40/1641
f 6706/3330/1642 6705/1050/1642 6703/1052/1640
f 6708/3331/1643 6707/1096/1643 6705/1050/1642
f 6710/3332/1644 6709/1094/1644 6707/1096/1643
f 6712/3333/1645 6711/1109/1645 6709/1094/1644
f 6714/3334/1646 6713/1157/1646 6711/1109/1645
f 6716/3335/1647 6715/1108/1647 6713/1157/1646
f 6718/3336/1648 6717/1093/1648 6715/1108/1647
f 6720/2687/1649 6719/1095/1649 6717/1093/1648
f 6722/3337/1116 6721/1049/1113 6719/1095/1649
f 6724/3338/1650 6723/1051/1650 6721/1049/1113
f 6726/3339/1651 6725/1056/1653 6723/1051/1650
f 6728/3340/1652 6727/1061/1655 6725/1056/1653
f 6730/3341/1654 6729/1039/1657 6727/1061/1655
f 6732/3342/1656 6731/1038/1656 6729/1039/1657
f 6734/3343/1658 6733/1069/1658 6731/1038/1656
f 6736/3344/1659 6735/1070/1661 6733/1069/1658
f 6738/2693/1660 6737/1072/1660 6735/1070/1661
f 6740/3345/1662 6739/1074/1662 6737/1072/1660
f 6742/3346/1663 6741/1076/1663 6739/1074/1662
f 6744/3347/1664 6743/1078/1664 6741/1076/1663
f 6746/3348/1665 6745/1080/1665 6743/1078/1664
f 6748/3349/1666 6747/1082/1666 6745/1080/1665
f 6750/3350/1667 6749/1084/1667 6747/1082/1666
f 6752/3351/1668 6751/1085/1668 6749/1084/1667
f 6754/3352/1669 6753/1063/1669 6751/1085/1668
f 6756/1855/1670 6755/254/1670 6753/1063/1669
f 6758/3353/1455 6757/1067/1457 6755/254/1670
f 6760/3354/1671 6759/1068/1673 6757/1067/1457
f 6762/3355/1672 6761/1057/1672 6759/1068/1673
f 6764/3356/1674 6763/1047/1674 6761/1057/1672
f 6766/3357/1675 6765/1046/1675 6763/1047/1674
f 6768/3358/1676 6767/1042/1676 6765/1046/1675
f 6770/3359/1677 6769/1044/1679 6767/1042/1676
f 6772/3360/1678 6771/1035/1681 6769/1044/1679
f 6774/2706/1680 6773/1033/1680 6771/1035/1681
f 6776/3361/1682 6775/1030/1682 6773/1033/1680
f 6778/3362/1683 6777/1029/1683 6775/1030/1682
f 6780/3363/1684 6779/1025/1684 6777/1029/1683
f 6782/3364/1685 6781/1024/1687 6779/1025/1684
f 6784/3365/1686 6783/1019/1689 6781/1024/1687
f 6786/3366/1688 6785/1016/1688 6783/1019/1689
f 6788/3367/1690 6787/1012/1690 6785/1016/1688
f 6790/3368/1691 6789/1013/1691 6787/1012/1690
f 6792/2712/1692 6791/1011/1692 6789/1013/1691
f 6794/3369/1693 6793/1010/1693 6791/1011/1692
f 6796/3370/1694 6795/1018/1694 6793/1010/1693
f 6798/3371/1695 6797/1017/1695 6795/1018/1694
f 6800/3372/1696 6799/1015/1696 6797/1017/1695
f 6802/3373/1697 6801/1014/1697 6799/1015/1696
f 6804/3374/1698 6803/1027/1698 6801/1014/1697
f 6806/3375/1699 6805/1022/1699 6803/1027/1698
f 6808/3376/1700 6807/1021/1700 6805/1022/1699
f 6810/2355/1701 6809/109/1701 6807/1021/1700
f 6812/3377/1702 6811/1020/1702 6809/109/1701
f 6814/3378/876 6813/1026/876 6811/1020/1702
f 6816/3379/1703 6815/1159/1703 6813/1026/876
f 6818/3380/1704 6817/1160/1704 6815/1159/1703
f 6820/3381/1705 6819/1162/1705 6817/1160/1704
f 6822/3382/1706 6821/1101/1708 6819/1162/1705
f 6824/3383/1707 6823/1100/1707 6821/1101/1708
f 6826/3384/1709 6825/1110/1711 6823/1100/1707
f 6828/2723/1710 6827/1112/1710 6825/1110/1711
f 6830/3385/1712 6829/1114/1712 6827/1112/1710
f 6832/3386/1713 6831/1116/1713 6829/1114/1712
f 6834/3387/1714 6833/1118/1716 6831/1116/1713
f 6836/3388/1715 6835/1120/1715 6833/1118/1716
f 6838/3389/1717 6837/1098/1719 6835/1120/1715
f 6840/3390/1718 6839/1097/1718 6837/1098/1719
f 6842/3391/1720 6841/1099/1722 6839/1097/1718
f 6844/3392/1721 6843/1121/1721 6841/1099/1722
f 6846/2730/1723 6845/1119/1723 6843/1121/1721
f 6848/3393/1724 6847/1117/1724 6845/1119/1723
f 6850/3394/1725 6849/1115/1726 6847/1117/1724
f 6852/3395/1720 6851/1113/188 6849/1115/1726
f 6854/3396/1727 6853/1111/1729 6851/1113/188
f 6856/3397/1728 6855/1103/1728 6853/1111/1729
f 6858/3398/1730 6857/1102/1731 6855/1103/1728
f 6860/3399/1718 6859/1163/1718 6857/1102/1731
f 6862/3400/1732 6861/1161/1734 6859/1163/1718
f 6864/2736/1733 6863/297/1733 6861/1161/1734
f 6866/3401/1735 6865/1158/1735 6863/297/1733
f 6868/3402/1736 6867/1130/1736 6865/1158/1735
f 6870/3403/1737 6869/1131/1737 6867/1130/1736
f 6872/3404/1738 6871/1133/1738 6869/1131/1737
f 6874/3405/1739 6873/1135/254 6871/1133/1738
f 6876/3406/1740 6875/1137/1742 6873/1135/254
f 6878/3407/1741 6877/1143/1744 6875/1137/1742
f 6880/3408/1743 6879/1145/1746 6877/1143/1744
f 6882/2742/1745 6881/1147/1748 6879/1145/1746
f 6884/3409/1747 6883/1149/1747 6881/1147/1748
f 6886/3410/1749 6885/1151/1751 6883/1149/1747
f 6888/3411/1750 6887/1153/1753 6885/1151/1751
f 6890/3412/1752 6889/1155/1752 6887/1153/1753
f 6892/3413/1754 6891/1164/1756 6889/1155/1752
f 6894/3414/1755 6893/1156/1758 6891/1164/1756
f 6896/3415/1757 6895/1154/1757 6893/1156/1758
f 6898/3416/1759 6897/1152/1761 6895/1154/1757
f 6900/2748/1760 6899/1150/1763 6897/1152/1761
f 6902/3417/1762 6901/1148/1232 6899/1150/1763
f 6904/3418/1764 6903/1146/1766 6901/1148/1232
f 6906/3419/1765 6905/1144/1768 6903/1146/1766
f 6908/3420/1767 6907/1138/1770 6905/1144/1768
f 6910/3421/1769 6909/1136/1772 6907/1138/1770
f 6912/3422/1771 6911/1134/1774 6909/1136/1772
f 6914/3423/1773 6913/1132/1773 6911/1134/1774
f 6916/3424/1775 6915/1129/1775 6913/1132/1773
f 6594/1764/1577 6593/120/1577 6915/1129/1775
f 6920/1766/1776 6919/1768/1776 6917/65/1777
f 6922/1767/1778 6921/1770/1778 6919/1768/1776
f 6924/1769/1779 6923/1772/1779 6921/1770/1778
f 6926/1771/1780 6925/1774/1780 6923/1772/1779
f 6928/1773/1781 6927/1776/1781 6925/1774/1780
f 6930/1775/1782 6929/1778/1782 6927/1776/1781
f 6932/1777/1783 6931/128/1785 6929/1778/1782
f 6934/1779/1784 6933/1781/1784 6931/128/1785
f 6936/1780/1786 6935/1783/1786 6933/1781/1784
f 6938/1782/1787 6937/1785/1787 6935/1783/1786
f 6940/1784/1788 6939/1787/1790 6937/1785/1787
f 6942/1786/1789 6941/1789/1789 6939/1787/1790
f 6944/1788/1791 6943/1791/1793 6941/1789/1789
f 6946/1790/1792 6945/290/1792 6943/1791/1793
f 6948/1792/1794 6947/1794/1794 6945/290/1792
f 6950/1793/1795 6949/1796/1795 6947/1794/1794
f 6952/1795/1796 6951/1798/1798 6949/1796/1795
f 6954/1797/1797 6953/1800/1800 6951/1798/1798
f 6956/1799/1799 6955/1802/1802 6953/1800/1800
f 6958/1801/1801 6957/1804/1803 6955/1802/1802
f 6960/1803/970 6959/175/1805 6957/1804/1803
f 6962/1805/1804 6961/1807/1804 6959/175/1805
f 6964/1806/1806 6963/1809/1807 6961/1807/1804
f 6966/1808/713 6965/1811/713 6963/1809/1807
f 6968/1810/1587 6967/1813/1587 6965/1811/713
f 6970/1812/1808 6969/1815/1808 6967/1813/1587
f 6972/1814/1809 6971/1817/1809 6969/1815/1808
f 6974/1816/1810 6973/268/1810 6971/1817/1809
f 6976/1818/1811 6975/1820/1811 6973/268/1810
f 6978/1819/1812 6977/1822/1812 6975/1820/1811
f 6980/1821/1813 6979/1824/1813 6977/1822/1812
f 6982/1823/1814 6981/1826/1814 6979/1824/1813
f 6984/1825/1815 6983/1828/1815 6981/1826/1814
f 6986/1827/1816 6985/1830/1818 6983/1828/1815
f 6988/1829/1817 6987/205/1817 6985/1830/1818
f 6990/1831/1819 6989/1833/1819 6987/205/1817
f 6992/1832/1820 6991/1835/1820 6989/1833/1819
f 6994/1834/1821 6993/1837/1821 6991/1835/1820
f 6996/1836/1822 6995/1839/1822 6993/1837/1821
f 6998/1838/1823 6997/1841/1823 6995/1839/1822
f 7000/1840/1824 6999/1843/1824 6997/1841/1823
f 7002/1842/1825 7001/243/1825 6999/1843/1824
f 7004/1844/1826 7003/1846/1826 7001/243/1825
f 7006/1845/1827 7005/1848/1827 7003/1846/1826
f 7008/1847/1828 7007/1850/1828 7005/1848/1827
f 7010/1849/1829 7009/1852/1829 7007/1850/1828
f 7012/1851/1580 7011/1854/1580 7009/1852/1829
f 7014/1853/1830 7013/1856/1830 7011/1854/1580
f 7016/1855/1831 7015/254/1831 7013/1856/1830
f 7018/1857/1832 7017/1859/1832 7015/254/1831
f 7020/1858/1833 7019/1861/1833 7017/1859/1832
f 7022/1860/1834 7021/1863/1834 7019/1861/1833
f 7024/1862/1835 7023/1865/1835 7021/1863/1834
f 7026/1864/1836 7025/1867/1836 7023/1865/1835
f 7028/1866/1837 7027/1869/1839 7025/1867/1836
f 7030/1868/1838 7029/287/1838 7027/1869/1839
f 7032/1870/1840 7031/1872/1842 7029/287/1838
f 7034/1871/1841 7033/1874/1844 7031/1872/1842
f 7036/1873/1843 7035/1876/1843 7033/1874/1844
f 7038/1875/1406 7037/1878/1406 7035/1876/1843
f 7040/1877/1845 7039/1880/1845 7037/1878/1406
f 7042/1879/1846 7041/1882/1846 7039/1880/1845
f 7044/1881/1847 7043/133/1849 7041/1882/1846
f 7046/1883/1848 7045/1885/1848 7043/133/1849
f 7048/1884/1850 7047/1887/1850 7045/1885/1848
f 7050/1886/1851 7049/1889/1853 7047/1887/1850
f 7052/1888/1852 7051/1891/1852 7049/1889/1853
f 7054/1890/1854 7053/1893/1854 7051/1891/1852
f 7056/1892/1855 7055/1895/1857 7053/1893/1854
f 7058/1894/1856 7057/178/1856 7055/1895/1857
f 7060/1896/1858 7059/1898/1858 7057/178/1856
f 7062/1897/1859 7061/1900/1859 7059/1898/1858
f 7064/1899/1860 7063/1902/1860 7061/1900/1859
f 7066/1901/1861 7065/1904/1861 7063/1902/1860
f 7068/1903/1862 7067/1906/1862 7065/1904/1861
f 7070/1905/1863 7069/1908/1863 7067/1906/1862
f 7072/1907/1864 7071/213/1864 7069/1908/1863
f 7074/1909/1865 7073/1911/1865 7071/213/1864
f 7076/1910/1866 7075/1913/1866 7073/1911/1865
f 7078/1912/1867 7077/1915/1867 7075/1913/1866
f 7080/1914/1868 7079/1917/1868 7077/1915/1867
f 7082/1916/1869 7081/1919/1869 7079/1917/1868
f 7084/1918/1870 7083/1921/1870 7081/1919/1869
f 7086/1920/1871 7085/302/1871 7083/1921/1870
f 7088/1922/1872 7087/1924/1874 7085/302/1871
f 7090/1923/1873 7089/1926/1873 7087/1924/1874
f 7092/1925/1875 7091/1928/1877 7089/1926/1873
f 7094/1927/1876 7093/1930/1879 7091/1928/1877
f 7096/1929/1878 7095/1932/1878 7093/1930/1879
f 7098/1931/1880 7097/1934/1880 7095/1932/1878
f 7100/1933/1881 7099/327/1883 7097/1934/1880
f 7102/1935/1882 7101/1937/1885 7099/327/1883
f 7104/1936/1884 7103/1939/1884 7101/1937/1885
f 7106/1938/1886 7105/1941/1886 7103/1939/1884
f 7108/1940/1887 7107/1943/1887 7105/1941/1886
f 7110/1942/1888 7109/1945/1888 7107/1943/1887
f 7112/1944/1889 7111/1946/1889 7109/1945/1888
f 6918/1764/1777 6917/120/1777 7111/1946/1889
f 7116/2091/1890 7115/2093/1890 7113/65/976
f 7118/2092/1891 7117/2095/1891 7115/2093/1890
f 7120/2094/1892 7119/2097/1892 7117/2095/1891
f 7122/2096/1893 7121/2099/1893 7119/2097/1892
f 7124/2098/1894 7123/2101/1894 7121/2099/1893
f 7126/2100/1895 7125/2103/1895 7123/2101/1894
f 7128/2102/1896 7127/2105/1896 7125/2103/1895
f 7130/2104/1897 7129/2107/1897 7127/2105/1896
f 7132/2106/1898 7131/2109/1898 7129/2107/1897
f 7134/2108/1899 7133/2111/1899 7131/2109/1898
f 7136/2110/1900 7135/2113/1900 7133/2111/1899
f 7138/2112/1901 7137/2114/1901 7135/2113/1900
f 7140/1855/1902 7139/254/1904 7137/2114/1901
f 7142/2115/1903 7141/2117/1903 7139/254/1904
f 7144/2116/1420 7143/2119/1420 7141/2117/1903
f 7146/2118/1905 7145/2121/1905 7143/2119/1420
f 7148/2120/1906 7147/2123/1906 7145/2121/1905
f 7150/2122/1907 7149/2125/1907 7147/2123/1906
f 7152/2124/1908 7151/2127/1908 7149/2125/1907
f 7154/2126/1909 7153/2129/1909 7151/2127/1908
f 7156/2128/1910 7155/2131/1910 7153/2129/1909
f 7158/2130/1911 7157/2133/1911 7155/2131/1910
f 7160/2132/1912 7159/2135/1912 7157/2133/1911
f 7162/2134/1913 7161/2137/1913 7159/2135/1912
f 7164/2136/1914 7163/2138/1914 7161/2137/1913
f 7114/1764/976 7113/120/976 7163/2138/1914
