# Blender 5.1.1
# www.blender.org
mtllib Start.mtl
o Text
o Text.001
v 2.466183 0.239329 0.430699
v 2.394183 0.239329 0.430699
v 2.394183 0.239329 0.388699
v 2.092183 0.239329 0.388699
v 2.092183 0.239329 0.432699
v 2.023183 0.239329 0.432699
v 2.023183 0.239329 0.025699
v 2.466183 0.239329 0.025699
v 2.394183 0.239329 0.093699
v 2.092183 0.239329 0.093699
v 2.092183 0.239329 0.321699
v 2.394183 0.239329 0.321699
v 1.969956 0.239329 -0.128713
v 1.974785 0.239329 -0.130931
v 1.979683 0.239329 -0.133926
v 1.984664 0.239329 -0.137672
v 1.989743 0.239329 -0.142139
v 1.994933 0.239329 -0.147301
v 2.000248 0.239329 -0.153130
v 2.005701 0.239329 -0.159597
v 2.011308 0.239329 -0.166676
v 2.017081 0.239329 -0.174338
v 2.023035 0.239329 -0.182556
v 2.029183 0.239329 -0.191301
v 2.037028 0.239329 -0.202282
v 2.046863 0.239329 -0.216982
v 2.058386 0.239329 -0.235036
v 2.071294 0.239329 -0.256079
v 2.085285 0.239329 -0.279747
v 2.100058 0.239329 -0.305676
v 2.115309 0.239329 -0.333501
v 2.130738 0.239329 -0.362857
v 2.146042 0.239329 -0.393379
v 2.160919 0.239329 -0.424704
v 2.175067 0.239329 -0.456466
v 2.188183 0.239329 -0.488301
v 2.266183 0.239329 -0.466301
v 2.252440 0.239329 -0.437316
v 2.238239 0.239329 -0.408422
v 2.223621 0.239329 -0.379707
v 2.208627 0.239329 -0.351264
v 2.193301 0.239329 -0.323182
v 2.177683 0.239329 -0.295551
v 2.161815 0.239329 -0.268462
v 2.145738 0.239329 -0.242005
v 2.129495 0.239329 -0.216270
v 2.113127 0.239329 -0.191347
v 2.096676 0.239329 -0.167328
v 2.080183 0.239329 -0.144301
v 2.399184 0.239329 -0.164301
v 2.391602 0.239329 -0.177316
v 2.383868 0.239329 -0.190338
v 2.375995 0.239329 -0.203332
v 2.367998 0.239329 -0.216264
v 2.359889 0.239329 -0.229099
v 2.351683 0.239329 -0.241801
v 2.343394 0.239329 -0.254337
v 2.335035 0.239329 -0.266672
v 2.326621 0.239329 -0.278770
v 2.318165 0.239329 -0.290597
v 2.309681 0.239329 -0.302119
v 2.301183 0.239329 -0.313301
v 2.361183 0.239329 -0.342301
v 2.378202 0.239329 -0.319967
v 2.395160 0.239329 -0.296625
v 2.411918 0.239329 -0.272520
v 2.428332 0.239329 -0.247894
v 2.444259 0.239329 -0.222990
v 2.459559 0.239329 -0.198051
v 2.474087 0.239329 -0.173321
v 2.487702 0.239329 -0.149042
v 2.500262 0.239329 -0.125457
v 2.511623 0.239329 -0.102810
v 2.521644 0.239329 -0.081344
v 2.530183 0.239329 -0.061301
v 2.466183 0.239329 -0.028301
v 2.464122 0.239329 -0.033613
v 2.461938 0.239329 -0.039047
v 2.459636 0.239329 -0.044598
v 2.457220 0.239329 -0.050264
v 2.454693 0.239329 -0.056041
v 2.452058 0.239329 -0.061926
v 2.449319 0.239329 -0.067915
v 2.446480 0.239329 -0.074005
v 2.443543 0.239329 -0.080192
v 2.440512 0.239329 -0.086472
v 2.437391 0.239329 -0.092843
v 2.434183 0.239329 -0.099301
v 2.347855 0.239329 -0.092553
v 2.274141 0.239329 -0.086732
v 2.211948 0.239329 -0.081723
v 2.160183 0.239329 -0.077412
v 2.117750 0.239329 -0.073685
v 2.083558 0.239329 -0.070426
v 2.056511 0.239329 -0.067522
v 2.035517 0.239329 -0.064857
v 2.019480 0.239329 -0.062317
v 2.007308 0.239329 -0.059787
v 1.997907 0.239329 -0.057154
v 1.990183 0.239329 -0.054301
v 1.989022 0.239329 -0.058717
v 1.987567 0.239329 -0.063875
v 1.985855 0.239329 -0.069645
v 1.983924 0.239329 -0.075894
v 1.981812 0.239329 -0.082490
v 1.979558 0.239329 -0.089301
v 1.977199 0.239329 -0.096196
v 1.974775 0.239329 -0.103042
v 1.972323 0.239329 -0.109707
v 1.969882 0.239329 -0.116060
v 1.967489 0.239329 -0.121969
v 1.965183 0.239329 -0.127301
v 1.713703 0.239329 0.039760
v 1.722257 0.239329 0.045935
v 1.730839 0.239329 0.052215
v 1.739443 0.239329 0.058588
v 1.748060 0.239329 0.065044
v 1.756683 0.239329 0.071574
v 1.765307 0.239329 0.078166
v 1.773924 0.239329 0.084810
v 1.782527 0.239329 0.091496
v 1.791109 0.239329 0.098213
v 1.799664 0.239329 0.104951
v 1.808183 0.239329 0.111699
v 1.816454 0.239329 0.089282
v 1.824267 0.239329 0.066032
v 1.831621 0.239329 0.041949
v 1.838517 0.239329 0.017032
v 1.844954 0.239329 -0.008718
v 1.850933 0.239329 -0.035301
v 1.856454 0.239329 -0.062718
v 1.861517 0.239329 -0.090968
v 1.866121 0.239329 -0.120051
v 1.870267 0.239329 -0.149968
v 1.873954 0.239329 -0.180718
v 1.877183 0.239329 -0.212301
v 1.763183 0.239329 -0.212301
v 1.758624 0.239329 -0.190331
v 1.753957 0.239329 -0.168454
v 1.749199 0.239329 -0.146723
v 1.744369 0.239329 -0.125190
v 1.739483 0.239329 -0.103907
v 1.734558 0.239329 -0.082926
v 1.729614 0.239329 -0.062299
v 1.724665 0.239329 -0.042079
v 1.719730 0.239329 -0.022317
v 1.714827 0.239329 -0.003065
v 1.709972 0.239329 0.015624
v 1.705183 0.239329 0.033699
v 1.604183 0.239329 -0.212301
v 1.604183 0.239329 -0.282301
v 1.709183 0.239329 -0.282301
v 1.712371 0.239329 -0.299777
v 1.715433 0.239329 -0.317190
v 1.718371 0.239329 -0.334520
v 1.721184 0.239329 -0.351746
v 1.723871 0.239329 -0.368846
v 1.726434 0.239329 -0.385801
v 1.728871 0.239329 -0.402589
v 1.731184 0.239329 -0.419190
v 1.733371 0.239329 -0.435582
v 1.735433 0.239329 -0.451746
v 1.737371 0.239329 -0.467659
v 1.739183 0.239329 -0.483301
v 1.809183 0.239329 -0.478301
v 1.807122 0.239329 -0.462929
v 1.804938 0.239329 -0.447324
v 1.802636 0.239329 -0.431504
v 1.800220 0.239329 -0.415486
v 1.797693 0.239329 -0.399288
v 1.795058 0.239329 -0.382926
v 1.792319 0.239329 -0.366419
v 1.789479 0.239329 -0.349783
v 1.786543 0.239329 -0.333036
v 1.783512 0.239329 -0.316195
v 1.780391 0.239329 -0.299277
v 1.777183 0.239329 -0.282301
v 1.894183 0.239329 -0.282301
v 1.906183 0.239329 -0.284301
v 1.950183 0.239329 -0.277301
v 1.946849 0.239329 -0.232609
v 1.942840 0.239329 -0.189514
v 1.938152 0.239329 -0.147989
v 1.932775 0.239329 -0.108005
v 1.926705 0.239329 -0.069535
v 1.919933 0.239329 -0.032551
v 1.912452 0.239329 0.002974
v 1.904257 0.239329 0.037069
v 1.895339 0.239329 0.069761
v 1.885692 0.239329 0.101078
v 1.875309 0.239329 0.131048
v 1.864183 0.239329 0.159699
v 1.875053 0.239329 0.169445
v 1.885650 0.239329 0.179171
v 1.895948 0.239329 0.188855
v 1.905923 0.239329 0.198477
v 1.915551 0.239329 0.208015
v 1.924807 0.239329 0.217449
v 1.933668 0.239329 0.226758
v 1.942108 0.239329 0.235921
v 1.950104 0.239329 0.244918
v 1.957632 0.239329 0.253727
v 1.964666 0.239329 0.262327
v 1.971183 0.239329 0.270699
v 1.925183 0.239329 0.331699
v 1.919457 0.239329 0.323867
v 1.913294 0.239329 0.315875
v 1.906714 0.239329 0.307730
v 1.899738 0.239329 0.299440
v 1.892388 0.239329 0.291010
v 1.884683 0.239329 0.282449
v 1.876645 0.239329 0.273762
v 1.868294 0.239329 0.264958
v 1.859652 0.239329 0.256043
v 1.850739 0.239329 0.247023
v 1.841575 0.239329 0.237906
v 1.832183 0.239329 0.228699
v 1.819911 0.239329 0.250682
v 1.807091 0.239329 0.271648
v 1.793714 0.239329 0.291621
v 1.779776 0.239329 0.310625
v 1.765268 0.239329 0.328684
v 1.750183 0.239329 0.345824
v 1.734515 0.239329 0.362067
v 1.718257 0.239329 0.377440
v 1.701402 0.239329 0.391964
v 1.683943 0.239329 0.405666
v 1.665872 0.239329 0.418570
v 1.647183 0.239329 0.430699
v 1.644484 0.239329 0.426024
v 1.641416 0.239329 0.421051
v 1.638028 0.239329 0.415855
v 1.634369 0.239329 0.410514
v 1.630488 0.239329 0.405103
v 1.626434 0.239329 0.399699
v 1.622254 0.239329 0.394378
v 1.617998 0.239329 0.389217
v 1.613715 0.239329 0.384293
v 1.609452 0.239329 0.379680
v 1.605259 0.239329 0.375457
v 1.601183 0.239329 0.371699
v 1.618912 0.239329 0.361427
v 1.636100 0.239329 0.350111
v 1.652746 0.239329 0.337746
v 1.668850 0.239329 0.324328
v 1.684413 0.239329 0.309856
v 1.699434 0.239329 0.294324
v 1.713913 0.239329 0.277730
v 1.727850 0.239329 0.260069
v 1.741246 0.239329 0.241339
v 1.754100 0.239329 0.221537
v 1.766412 0.239329 0.200658
v 1.778183 0.239329 0.178699
v 1.765854 0.239329 0.168204
v 1.753382 0.239329 0.157736
v 1.740793 0.239329 0.147324
v 1.728109 0.239329 0.136995
v 1.715356 0.239329 0.126778
v 1.702558 0.239329 0.116699
v 1.689739 0.239329 0.106787
v 1.676924 0.239329 0.097069
v 1.664136 0.239329 0.087574
v 1.651401 0.239329 0.078328
v 1.638742 0.239329 0.069361
v 1.626183 0.239329 0.060699
v 1.631972 0.239329 0.042379
v 1.637822 0.239329 0.022977
v 1.643715 0.239329 0.002574
v 1.649628 0.239329 -0.018746
v 1.655541 0.239329 -0.040898
v 1.661433 0.239329 -0.063801
v 1.667284 0.239329 -0.087371
v 1.673073 0.239329 -0.111523
v 1.678777 0.239329 -0.136176
v 1.684378 0.239329 -0.161246
v 1.689853 0.239329 -0.186648
v 1.695183 0.239329 -0.212301
v 0.987183 0.239329 0.126699
v 1.127183 0.239329 0.126699
v 1.127183 0.239329 0.017699
v 0.987183 0.239329 0.017699
v 0.921183 0.239329 0.017699
v 0.812183 0.239329 0.017699
v 0.812183 0.239329 -0.044301
v 1.309183 0.239329 -0.044301
v 1.309183 0.239329 0.017699
v 1.194183 0.239329 0.017699
v 1.194183 0.239329 0.126699
v 1.330183 0.239329 0.126699
v 1.330183 0.239329 0.190699
v 1.194183 0.239329 0.190699
v 1.194183 0.239329 0.413699
v 1.127183 0.239329 0.413699
v 1.127183 0.239329 0.190699
v 0.985183 0.239329 0.190699
v 0.982890 0.239329 0.208215
v 0.979419 0.239329 0.227078
v 0.974636 0.239329 0.247011
v 0.968405 0.239329 0.267736
v 0.960591 0.239329 0.288974
v 0.951058 0.239329 0.310449
v 0.939671 0.239329 0.331882
v 0.926295 0.239329 0.352995
v 0.910793 0.239329 0.373511
v 0.893031 0.239329 0.393153
v 0.872873 0.239329 0.411641
v 0.850183 0.239329 0.428699
v 0.847194 0.239329 0.425063
v 0.843771 0.239329 0.421194
v 0.839980 0.239329 0.417152
v 0.835887 0.239329 0.412995
v 0.831558 0.239329 0.408783
v 0.827058 0.239329 0.404574
v 0.822455 0.239329 0.400427
v 0.817813 0.239329 0.396403
v 0.813199 0.239329 0.392558
v 0.808679 0.239329 0.388954
v 0.804318 0.239329 0.385647
v 0.800183 0.239329 0.382699
v 0.820037 0.239329 0.369315
v 0.837679 0.239329 0.354796
v 0.853230 0.239329 0.339339
v 0.866813 0.239329 0.323143
v 0.878549 0.239329 0.306405
v 0.888558 0.239329 0.289324
v 0.896964 0.239329 0.272096
v 0.903887 0.239329 0.254921
v 0.909449 0.239329 0.237996
v 0.913771 0.239329 0.221518
v 0.916975 0.239329 0.205687
v 0.919183 0.239329 0.190699
v 0.794183 0.239329 0.190699
v 0.794183 0.239329 0.126699
v 0.921183 0.239329 0.126699
v 0.724183 0.239329 -0.165301
v 0.944183 0.239329 -0.165301
v 0.944183 0.239329 -0.252301
v 0.724183 0.239329 -0.252301
v 0.724183 0.239329 -0.387301
v 0.724183 0.239329 -0.305301
v 0.944183 0.239329 -0.305301
v 0.944183 0.239329 -0.387301
v 1.175183 0.239329 -0.164301
v 1.403183 0.239329 -0.164301
v 1.403183 0.239329 -0.252301
v 1.175183 0.239329 -0.252301
v 1.175183 0.239329 -0.387301
v 1.175183 0.239329 -0.305301
v 1.403183 0.239329 -0.305301
v 1.403183 0.239329 -0.387301
v 1.477183 0.239329 0.335699
v 1.476970 0.239329 0.346517
v 1.476308 0.239329 0.356495
v 1.475168 0.239329 0.365668
v 1.473517 0.239329 0.374069
v 1.471324 0.239329 0.381735
v 1.468558 0.239329 0.388699
v 1.465189 0.239329 0.394996
v 1.461183 0.239329 0.400662
v 1.456511 0.239329 0.405730
v 1.451142 0.239329 0.410236
v 1.445043 0.239329 0.414214
v 1.438183 0.239329 0.417699
v 1.430262 0.239329 0.420495
v 1.421484 0.239329 0.422898
v 1.411824 0.239329 0.424933
v 1.401257 0.239329 0.426625
v 1.389760 0.239329 0.427997
v 1.377308 0.239329 0.429074
v 1.363877 0.239329 0.429880
v 1.349442 0.239329 0.430440
v 1.333980 0.239329 0.430777
v 1.317466 0.239329 0.430916
v 1.299875 0.239329 0.430882
v 1.281183 0.239329 0.430699
v 1.280521 0.239329 0.425404
v 1.279549 0.239329 0.419588
v 1.278293 0.239329 0.413355
v 1.276776 0.239329 0.406810
v 1.275023 0.239329 0.400056
v 1.273058 0.239329 0.393199
v 1.270906 0.239329 0.386341
v 1.268591 0.239329 0.379588
v 1.266136 0.239329 0.373043
v 1.263567 0.239329 0.366810
v 1.260908 0.239329 0.360994
v 1.258183 0.239329 0.355699
v 1.271871 0.239329 0.355929
v 1.285354 0.239329 0.356120
v 1.298511 0.239329 0.356277
v 1.311220 0.239329 0.356403
v 1.323360 0.239329 0.356500
v 1.334808 0.239329 0.356574
v 1.345444 0.239329 0.356627
v 1.355146 0.239329 0.356662
v 1.363793 0.239329 0.356683
v 1.371262 0.239329 0.356694
v 1.377433 0.239329 0.356698
v 1.382183 0.239329 0.356699
v 1.385958 0.239329 0.356361
v 1.389294 0.239329 0.355833
v 1.392215 0.239329 0.355089
v 1.394739 0.239329 0.354106
v 1.396888 0.239329 0.352859
v 1.398683 0.239329 0.351324
v 1.400145 0.239329 0.349476
v 1.401294 0.239329 0.347291
v 1.402152 0.239329 0.344746
v 1.402739 0.239329 0.341815
v 1.403076 0.239329 0.338474
v 1.403183 0.239329 0.334699
v 1.403183 0.239329 -0.106301
v 1.104183 0.239329 -0.106301
v 1.104183 0.239329 -0.444301
v 1.439183 0.239329 -0.444301
v 1.477183 0.239329 -0.444301
v 1.015183 0.239329 -0.107301
v 0.724183 0.239329 -0.107301
v 0.724183 0.239329 0.433699
v 0.650183 0.239329 0.433699
v 0.650183 0.239329 -0.444301
v 1.015183 0.239329 -0.444301
v -0.206928 0.239329 0.200641
v -0.190539 0.239329 0.156403
v -0.173067 0.239329 0.107386
v -0.154928 0.239329 0.054995
v -0.136539 0.239329 0.000632
v -0.118317 0.239329 -0.054301
v -0.100678 0.239329 -0.108401
v -0.084039 0.239329 -0.160264
v -0.068817 0.239329 -0.208489
v -0.055428 0.239329 -0.251671
v -0.044289 0.239329 -0.288410
v -0.035817 0.239329 -0.317301
v -0.032979 0.239329 -0.328357
v -0.030451 0.239329 -0.338579
v -0.028208 0.239329 -0.348051
v -0.026224 0.239329 -0.356857
v -0.024477 0.239329 -0.365079
v -0.022942 0.239329 -0.372801
v -0.021594 0.239329 -0.380107
v -0.020409 0.239329 -0.387079
v -0.019364 0.239329 -0.393801
v -0.018433 0.239329 -0.400357
v -0.017592 0.239329 -0.406829
v -0.016817 0.239329 -0.413301
v 0.083183 0.239329 -0.393301
v 0.080662 0.239329 -0.387022
v 0.078095 0.239329 -0.380648
v 0.075480 0.239329 -0.374129
v 0.072813 0.239329 -0.367412
v 0.070090 0.239329 -0.360445
v 0.067308 0.239329 -0.353176
v 0.064464 0.239329 -0.345553
v 0.061553 0.239329 -0.337523
v 0.058574 0.239329 -0.329036
v 0.055521 0.239329 -0.320037
v 0.052392 0.239329 -0.310477
v 0.049183 0.239329 -0.300301
v 0.040544 0.239329 -0.272589
v 0.029401 0.239329 -0.237357
v 0.016168 0.239329 -0.195957
v 0.001257 0.239329 -0.149746
v -0.014917 0.239329 -0.100075
v -0.031942 0.239329 -0.048301
v -0.049404 0.239329 0.004223
v -0.066891 0.239329 0.056143
v -0.083989 0.239329 0.106105
v -0.100284 0.239329 0.152754
v -0.115365 0.239329 0.194737
v -0.128817 0.239329 0.230699
v -0.091203 0.239329 0.227061
v -0.052155 0.239329 0.223176
v -0.012114 0.239329 0.219089
v 0.028479 0.239329 0.214847
v 0.069184 0.239329 0.210493
v 0.109558 0.239329 0.206074
v 0.149162 0.239329 0.201633
v 0.187554 0.239329 0.197217
v 0.224293 0.239329 0.192871
v 0.258938 0.239329 0.188639
v 0.291049 0.239329 0.184566
v 0.320183 0.239329 0.180699
v 0.310087 0.239329 0.160986
v 0.299827 0.239329 0.141416
v 0.289449 0.239329 0.122089
v 0.278998 0.239329 0.103106
v 0.268520 0.239329 0.084567
v 0.258058 0.239329 0.066574
v 0.247660 0.239329 0.049226
v 0.237369 0.239329 0.032625
v 0.227230 0.239329 0.016871
v 0.217290 0.239329 0.002065
v 0.207592 0.239329 -0.011693
v 0.198183 0.239329 -0.024301
v 0.273183 0.239329 -0.058301
v 0.291664 0.239329 -0.030623
v 0.311363 0.239329 0.000458
v 0.331917 0.239329 0.034261
v 0.352961 0.239329 0.070106
v 0.374129 0.239329 0.107312
v 0.395058 0.239329 0.145199
v 0.415383 0.239329 0.183085
v 0.434739 0.239329 0.220291
v 0.452761 0.239329 0.256136
v 0.469086 0.239329 0.289940
v 0.483348 0.239329 0.321021
v 0.495183 0.239329 0.348699
v 0.411183 0.239329 0.386699
v 0.407809 0.239329 0.377495
v 0.404193 0.239329 0.367898
v 0.400340 0.239329 0.357933
v 0.396257 0.239329 0.347625
v 0.391953 0.239329 0.336997
v 0.387433 0.239329 0.326074
v 0.382705 0.239329 0.314880
v 0.377776 0.239329 0.303440
v 0.372652 0.239329 0.291777
v 0.367341 0.239329 0.279916
v 0.361849 0.239329 0.267882
v 0.356183 0.239329 0.255699
v 0.314134 0.239329 0.261029
v 0.265869 0.239329 0.266921
v 0.212715 0.239329 0.273230
v 0.155998 0.239329 0.279810
v 0.097046 0.239329 0.286515
v 0.037183 0.239329 0.293199
v -0.022262 0.239329 0.299716
v -0.079965 0.239329 0.305921
v -0.134598 0.239329 0.311668
v -0.184835 0.239329 0.316810
v -0.229350 0.239329 0.321202
v -0.266817 0.239329 0.324699
v -0.273148 0.239329 0.325259
v -0.279632 0.239329 0.325930
v -0.286254 0.239329 0.326699
v -0.293002 0.239329 0.327551
v -0.299861 0.239329 0.328472
v -0.306817 0.239329 0.329449
v -0.313856 0.239329 0.330467
v -0.320965 0.239329 0.331514
v -0.328129 0.239329 0.332574
v -0.335335 0.239329 0.333634
v -0.342569 0.239329 0.334680
v -0.349817 0.239329 0.335699
v -0.364817 0.239329 0.242699
v -0.357239 0.239329 0.242908
v -0.349525 0.239329 0.243041
v -0.341707 0.239329 0.243105
v -0.333817 0.239329 0.243106
v -0.325885 0.239329 0.243052
v -0.317942 0.239329 0.242949
v -0.310020 0.239329 0.242804
v -0.302150 0.239329 0.242625
v -0.294364 0.239329 0.242418
v -0.286692 0.239329 0.242190
v -0.279166 0.239329 0.241948
v -0.271817 0.239329 0.241699
v -0.221817 0.239329 0.238699
v -1.172902 0.239329 -0.075301
v -1.136669 0.239329 -0.075301
v -1.091379 0.239329 -0.075301
v -1.039298 0.239329 -0.075301
v -0.982689 0.239329 -0.075301
v -0.923817 0.239329 -0.075301
v -0.864944 0.239329 -0.075301
v -0.808335 0.239329 -0.075301
v -0.756254 0.239329 -0.075301
v -0.710965 0.239329 -0.075301
v -0.674731 0.239329 -0.075301
v -0.649817 0.239329 -0.075301
v -0.637609 0.239329 -0.075361
v -0.625983 0.239329 -0.075533
v -0.614942 0.239329 -0.075801
v -0.604483 0.239329 -0.076153
v -0.594608 0.239329 -0.076574
v -0.585317 0.239329 -0.077051
v -0.576608 0.239329 -0.077570
v -0.568483 0.239329 -0.078116
v -0.560942 0.239329 -0.078676
v -0.553983 0.239329 -0.079236
v -0.547608 0.239329 -0.079783
v -0.541817 0.239329 -0.080301
v -0.541817 0.239329 0.017699
v -0.547264 0.239329 0.017390
v -0.553562 0.239329 0.016981
v -0.560645 0.239329 0.016496
v -0.568447 0.239329 0.015958
v -0.576901 0.239329 0.015393
v -0.585942 0.239329 0.014824
v -0.595504 0.239329 0.014276
v -0.605521 0.239329 0.013773
v -0.615926 0.239329 0.013339
v -0.626655 0.239329 0.013000
v -0.637640 0.239329 0.012778
v -0.648817 0.239329 0.012699
v -0.673942 0.239329 0.012699
v -0.710317 0.239329 0.012699
v -0.755692 0.239329 0.012699
v -0.807817 0.239329 0.012699
v -0.864442 0.239329 0.012699
v -0.923317 0.239329 0.012699
v -0.982192 0.239329 0.012699
v -1.038817 0.239329 0.012699
v -1.090942 0.239329 0.012699
v -1.136317 0.239329 0.012699
v -1.172692 0.239329 0.012699
v -1.197817 0.239329 0.012699
v -1.211514 0.239329 0.012740
v -1.225058 0.239329 0.012861
v -1.238379 0.239329 0.013058
v -1.251410 0.239329 0.013328
v -1.264078 0.239329 0.013668
v -1.276317 0.239329 0.014074
v -1.288055 0.239329 0.014542
v -1.299224 0.239329 0.015069
v -1.309754 0.239329 0.015652
v -1.319576 0.239329 0.016287
v -1.328620 0.239329 0.016970
v -1.336817 0.239329 0.017699
v -1.336817 0.239329 -0.080301
v -1.328849 0.239329 -0.079783
v -1.319993 0.239329 -0.079236
v -1.310317 0.239329 -0.078676
v -1.299891 0.239329 -0.078116
v -1.288784 0.239329 -0.077570
v -1.277067 0.239329 -0.077051
v -1.264807 0.239329 -0.076574
v -1.252076 0.239329 -0.076153
v -1.238942 0.239329 -0.075801
v -1.225474 0.239329 -0.075533
v -1.211743 0.239329 -0.075361
v -1.197817 0.239329 -0.075301
v -1.650817 0.239329 -0.276301
v -1.656096 0.239329 -0.286693
v -1.661886 0.239329 -0.297773
v -1.668114 0.239329 -0.309395
v -1.674706 0.239329 -0.321412
v -1.681589 0.239329 -0.333680
v -1.688692 0.239329 -0.346051
v -1.695940 0.239329 -0.358381
v -1.703261 0.239329 -0.370523
v -1.710582 0.239329 -0.382332
v -1.717831 0.239329 -0.393662
v -1.724933 0.239329 -0.404367
v -1.731817 0.239329 -0.414301
v -1.678817 0.239329 -0.437301
v -1.672333 0.239329 -0.427807
v -1.665451 0.239329 -0.417431
v -1.658270 0.239329 -0.406332
v -1.650891 0.239329 -0.394672
v -1.643414 0.239329 -0.382608
v -1.635942 0.239329 -0.370301
v -1.628573 0.239329 -0.357911
v -1.621409 0.239329 -0.345598
v -1.614551 0.239329 -0.333520
v -1.608099 0.239329 -0.321838
v -1.602154 0.239329 -0.310712
v -1.596817 0.239329 -0.300301
v -1.538817 0.239329 -0.317301
v -1.544518 0.239329 -0.328323
v -1.550590 0.239329 -0.339810
v -1.556989 0.239329 -0.351645
v -1.563668 0.239329 -0.363709
v -1.570585 0.239329 -0.375883
v -1.577692 0.239329 -0.388051
v -1.584945 0.239329 -0.400094
v -1.592298 0.239329 -0.411894
v -1.599707 0.239329 -0.423332
v -1.607127 0.239329 -0.434292
v -1.614512 0.239329 -0.444654
v -1.621817 0.239329 -0.454301
v -1.568817 0.239329 -0.477301
v -1.562065 0.239329 -0.467559
v -1.554886 0.239329 -0.456949
v -1.547395 0.239329 -0.445645
v -1.539706 0.239329 -0.433820
v -1.531933 0.239329 -0.421647
v -1.524192 0.239329 -0.409301
v -1.516596 0.239329 -0.396955
v -1.509261 0.239329 -0.384783
v -1.502301 0.239329 -0.372957
v -1.495831 0.239329 -0.361653
v -1.489964 0.239329 -0.351043
v -1.484817 0.239329 -0.341301
v -2.069360 0.239329 -0.322909
v -2.071993 0.239329 -0.315250
v -2.074723 0.239329 -0.307348
v -2.077558 0.239329 -0.299227
v -2.080503 0.239329 -0.290912
v -2.083567 0.239329 -0.282426
v -2.086756 0.239329 -0.273795
v -2.090076 0.239329 -0.265042
v -2.093535 0.239329 -0.256192
v -2.097141 0.239329 -0.247269
v -2.100899 0.239329 -0.238297
v -2.104817 0.239329 -0.229301
v -1.631817 0.239329 -0.229301
v -1.625499 0.239329 -0.229323
v -1.618608 0.239329 -0.229394
v -1.611239 0.239329 -0.229520
v -1.603483 0.239329 -0.229709
v -1.595437 0.239329 -0.229967
v -1.587192 0.239329 -0.230301
v -1.578843 0.239329 -0.230719
v -1.570483 0.239329 -0.231227
v -1.562207 0.239329 -0.231832
v -1.554108 0.239329 -0.232542
v -1.546280 0.239329 -0.233362
v -1.538817 0.239329 -0.234301
v -1.538817 0.239329 -0.148301
v -1.546720 0.239329 -0.148780
v -1.554872 0.239329 -0.149218
v -1.563192 0.239329 -0.149613
v -1.571594 0.239329 -0.149968
v -1.579997 0.239329 -0.150280
v -1.588317 0.239329 -0.150551
v -1.596470 0.239329 -0.150780
v -1.604372 0.239329 -0.150968
v -1.611942 0.239329 -0.151114
v -1.619095 0.239329 -0.151218
v -1.625747 0.239329 -0.151280
v -1.631817 0.239329 -0.151301
v -1.801817 0.239329 -0.151301
v -1.807796 0.239329 -0.082244
v -1.817650 0.239329 -0.017931
v -1.831254 0.239329 0.041855
v -1.848483 0.239329 0.097328
v -1.869213 0.239329 0.148705
v -1.893317 0.239329 0.196199
v -1.920671 0.239329 0.240026
v -1.951150 0.239329 0.280403
v -1.984629 0.239329 0.317543
v -2.020983 0.239329 0.351662
v -2.060088 0.239329 0.382975
v -2.101817 0.239329 0.411699
v -2.186817 0.239329 0.353699
v -2.179551 0.239329 0.350827
v -2.172275 0.239329 0.347722
v -2.165020 0.239329 0.344402
v -2.157817 0.239329 0.340884
v -2.150697 0.239329 0.337186
v -2.143692 0.239329 0.333324
v -2.136832 0.239329 0.329316
v -2.130150 0.239329 0.325180
v -2.123676 0.239329 0.320933
v -2.117442 0.239329 0.316592
v -2.111478 0.239329 0.312175
v -2.105817 0.239329 0.307699
v -2.081168 0.239329 0.287973
v -2.056460 0.239329 0.265643
v -2.032051 0.239329 0.240480
v -2.008298 0.239329 0.212254
v -1.985559 0.239329 0.180737
v -1.964192 0.239329 0.145699
v -1.944553 0.239329 0.106911
v -1.927002 0.239329 0.064143
v -1.911895 0.239329 0.017168
v -1.899590 0.239329 -0.034246
v -1.890445 0.239329 -0.090325
v -1.884817 0.239329 -0.151301
v -2.141817 0.239329 -0.151301
v -2.152378 0.239329 -0.132252
v -2.163974 0.239329 -0.112741
v -2.176473 0.239329 -0.092973
v -2.189743 0.239329 -0.073153
v -2.203651 0.239329 -0.053486
v -2.218067 0.239329 -0.034176
v -2.232857 0.239329 -0.015429
v -2.247891 0.239329 0.002551
v -2.263036 0.239329 0.019558
v -2.278159 0.239329 0.035389
v -2.293130 0.239329 0.049837
v -2.307817 0.239329 0.062699
v -2.386817 0.239329 0.015699
v -2.368858 0.239329 0.001710
v -2.351062 0.239329 -0.014046
v -2.333551 0.239329 -0.031254
v -2.316446 0.239329 -0.049597
v -2.299870 0.239329 -0.068760
v -2.283942 0.239329 -0.088426
v -2.268785 0.239329 -0.108280
v -2.254520 0.239329 -0.128005
v -2.241270 0.239329 -0.147285
v -2.229155 0.239329 -0.165806
v -2.218297 0.239329 -0.183250
v -2.208817 0.239329 -0.199301
v -2.202253 0.239329 -0.211815
v -2.196058 0.239329 -0.224324
v -2.190223 0.239329 -0.236786
v -2.184743 0.239329 -0.249153
v -2.179610 0.239329 -0.261382
v -2.174817 0.239329 -0.273426
v -2.170357 0.239329 -0.285242
v -2.166224 0.239329 -0.296783
v -2.162410 0.239329 -0.308004
v -2.158909 0.239329 -0.318861
v -2.155714 0.239329 -0.329309
v -2.152817 0.239329 -0.339301
v -2.150879 0.239329 -0.345841
v -2.149067 0.239329 -0.352449
v -2.147379 0.239329 -0.359114
v -2.145817 0.239329 -0.365820
v -2.144379 0.239329 -0.372554
v -2.143067 0.239329 -0.379301
v -2.141879 0.239329 -0.386049
v -2.140817 0.239329 -0.392783
v -2.139879 0.239329 -0.399489
v -2.139067 0.239329 -0.406153
v -2.138379 0.239329 -0.412762
v -2.137817 0.239329 -0.419301
v -2.040817 0.239329 -0.400301
v -2.043085 0.239329 -0.394474
v -2.045382 0.239329 -0.388519
v -2.047692 0.239329 -0.382473
v -2.050002 0.239329 -0.376375
v -2.052298 0.239329 -0.370263
v -2.054567 0.239329 -0.364176
v -2.056794 0.239329 -0.358151
v -2.058965 0.239329 -0.352227
v -2.061067 0.239329 -0.346442
v -2.063085 0.239329 -0.340834
v -2.065006 0.239329 -0.335441
v -2.066817 0.239329 -0.330301
v 2.466183 0.039329 0.430699
v 2.394183 0.039329 0.430699
v 2.394183 0.039329 0.388699
v 2.092183 0.039329 0.388699
v 2.092183 0.039329 0.432699
v 2.023183 0.039329 0.432699
v 2.023183 0.039329 0.025699
v 2.466183 0.039329 0.025699
v 2.394183 0.039329 0.093699
v 2.092183 0.039329 0.093699
v 2.092183 0.039329 0.321699
v 2.394183 0.039329 0.321699
v 1.969956 0.039329 -0.128713
v 1.974785 0.039329 -0.130931
v 1.979683 0.039329 -0.133926
v 1.984664 0.039329 -0.137672
v 1.989743 0.039329 -0.142139
v 1.994933 0.039329 -0.147301
v 2.000248 0.039329 -0.153130
v 2.005701 0.039329 -0.159597
v 2.011308 0.039329 -0.166676
v 2.017081 0.039329 -0.174338
v 2.023035 0.039329 -0.182556
v 2.029183 0.039329 -0.191301
v 2.037028 0.039329 -0.202282
v 2.046863 0.039329 -0.216982
v 2.058386 0.039329 -0.235036
v 2.071294 0.039329 -0.256079
v 2.085285 0.039329 -0.279747
v 2.100058 0.039329 -0.305676
v 2.115309 0.039329 -0.333501
v 2.130738 0.039329 -0.362857
v 2.146042 0.039329 -0.393379
v 2.160919 0.039329 -0.424704
v 2.175067 0.039329 -0.456466
v 2.188183 0.039329 -0.488301
v 2.266183 0.039329 -0.466301
v 2.252440 0.039329 -0.437316
v 2.238239 0.039329 -0.408422
v 2.223621 0.039329 -0.379707
v 2.208627 0.039329 -0.351264
v 2.193301 0.039329 -0.323182
v 2.177683 0.039329 -0.295551
v 2.161815 0.039329 -0.268462
v 2.145738 0.039329 -0.242005
v 2.129495 0.039329 -0.216270
v 2.113127 0.039329 -0.191347
v 2.096676 0.039329 -0.167328
v 2.080183 0.039329 -0.144301
v 2.399184 0.039329 -0.164301
v 2.391602 0.039329 -0.177316
v 2.383868 0.039329 -0.190338
v 2.375995 0.039329 -0.203332
v 2.367998 0.039329 -0.216264
v 2.359889 0.039329 -0.229099
v 2.351683 0.039329 -0.241801
v 2.343394 0.039329 -0.254337
v 2.335035 0.039329 -0.266672
v 2.326621 0.039329 -0.278770
v 2.318165 0.039329 -0.290597
v 2.309681 0.039329 -0.302119
v 2.301183 0.039329 -0.313301
v 2.361183 0.039329 -0.342301
v 2.378202 0.039329 -0.319967
v 2.395160 0.039329 -0.296625
v 2.411918 0.039329 -0.272520
v 2.428332 0.039329 -0.247894
v 2.444259 0.039329 -0.222990
v 2.459559 0.039329 -0.198051
v 2.474087 0.039329 -0.173321
v 2.487702 0.039329 -0.149042
v 2.500262 0.039329 -0.125457
v 2.511623 0.039329 -0.102810
v 2.521644 0.039329 -0.081344
v 2.530183 0.039329 -0.061301
v 2.466183 0.039329 -0.028301
v 2.464122 0.039329 -0.033613
v 2.461938 0.039329 -0.039047
v 2.459636 0.039329 -0.044598
v 2.457220 0.039329 -0.050264
v 2.454693 0.039329 -0.056041
v 2.452058 0.039329 -0.061926
v 2.449319 0.039329 -0.067915
v 2.446480 0.039329 -0.074005
v 2.443543 0.039329 -0.080192
v 2.440512 0.039329 -0.086472
v 2.437391 0.039329 -0.092843
v 2.434183 0.039329 -0.099301
v 2.347855 0.039329 -0.092553
v 2.274141 0.039329 -0.086732
v 2.211948 0.039329 -0.081723
v 2.160183 0.039329 -0.077412
v 2.117750 0.039329 -0.073685
v 2.083558 0.039329 -0.070426
v 2.056511 0.039329 -0.067522
v 2.035517 0.039329 -0.064857
v 2.019480 0.039329 -0.062317
v 2.007308 0.039329 -0.059787
v 1.997907 0.039329 -0.057154
v 1.990183 0.039329 -0.054301
v 1.989022 0.039329 -0.058717
v 1.987567 0.039329 -0.063875
v 1.985855 0.039329 -0.069645
v 1.983924 0.039329 -0.075894
v 1.981812 0.039329 -0.082490
v 1.979558 0.039329 -0.089301
v 1.977199 0.039329 -0.096196
v 1.974775 0.039329 -0.103042
v 1.972323 0.039329 -0.109707
v 1.969882 0.039329 -0.116060
v 1.967489 0.039329 -0.121969
v 1.965183 0.039329 -0.127301
v 1.713703 0.039329 0.039760
v 1.722257 0.039329 0.045935
v 1.730839 0.039329 0.052215
v 1.739443 0.039329 0.058588
v 1.748060 0.039329 0.065044
v 1.756683 0.039329 0.071574
v 1.765307 0.039329 0.078166
v 1.773924 0.039329 0.084810
v 1.782527 0.039329 0.091496
v 1.791109 0.039329 0.098213
v 1.799664 0.039329 0.104951
v 1.808183 0.039329 0.111699
v 1.816454 0.039329 0.089282
v 1.824267 0.039329 0.066032
v 1.831621 0.039329 0.041949
v 1.838517 0.039329 0.017032
v 1.844954 0.039329 -0.008718
v 1.850933 0.039329 -0.035301
v 1.856454 0.039329 -0.062718
v 1.861517 0.039329 -0.090968
v 1.866121 0.039329 -0.120051
v 1.870267 0.039329 -0.149968
v 1.873954 0.039329 -0.180718
v 1.877183 0.039329 -0.212301
v 1.763183 0.039329 -0.212301
v 1.758624 0.039329 -0.190331
v 1.753957 0.039329 -0.168454
v 1.749199 0.039329 -0.146723
v 1.744369 0.039329 -0.125190
v 1.739483 0.039329 -0.103907
v 1.734558 0.039329 -0.082926
v 1.729614 0.039329 -0.062299
v 1.724665 0.039329 -0.042079
v 1.719730 0.039329 -0.022317
v 1.714827 0.039329 -0.003065
v 1.709972 0.039329 0.015624
v 1.705183 0.039329 0.033699
v 1.604183 0.039329 -0.212301
v 1.604183 0.039329 -0.282301
v 1.709183 0.039329 -0.282301
v 1.712371 0.039329 -0.299777
v 1.715433 0.039329 -0.317190
v 1.718371 0.039329 -0.334520
v 1.721184 0.039329 -0.351746
v 1.723871 0.039329 -0.368846
v 1.726434 0.039329 -0.385801
v 1.728871 0.039329 -0.402589
v 1.731184 0.039329 -0.419190
v 1.733371 0.039329 -0.435582
v 1.735433 0.039329 -0.451746
v 1.737371 0.039329 -0.467659
v 1.739183 0.039329 -0.483301
v 1.809183 0.039329 -0.478301
v 1.807122 0.039329 -0.462929
v 1.804938 0.039329 -0.447324
v 1.802636 0.039329 -0.431504
v 1.800220 0.039329 -0.415486
v 1.797693 0.039329 -0.399288
v 1.795058 0.039329 -0.382926
v 1.792319 0.039329 -0.366419
v 1.789479 0.039329 -0.349783
v 1.786543 0.039329 -0.333036
v 1.783512 0.039329 -0.316195
v 1.780391 0.039329 -0.299277
v 1.777183 0.039329 -0.282301
v 1.894183 0.039329 -0.282301
v 1.906183 0.039329 -0.284301
v 1.950183 0.039329 -0.277301
v 1.946849 0.039329 -0.232609
v 1.942840 0.039329 -0.189514
v 1.938152 0.039329 -0.147989
v 1.932775 0.039329 -0.108005
v 1.926705 0.039329 -0.069535
v 1.919933 0.039329 -0.032551
v 1.912452 0.039329 0.002974
v 1.904257 0.039329 0.037069
v 1.895339 0.039329 0.069761
v 1.885692 0.039329 0.101078
v 1.875309 0.039329 0.131048
v 1.864183 0.039329 0.159699
v 1.875053 0.039329 0.169445
v 1.885650 0.039329 0.179171
v 1.895948 0.039329 0.188855
v 1.905923 0.039329 0.198477
v 1.915551 0.039329 0.208015
v 1.924807 0.039329 0.217449
v 1.933668 0.039329 0.226758
v 1.942108 0.039329 0.235921
v 1.950104 0.039329 0.244918
v 1.957632 0.039329 0.253727
v 1.964666 0.039329 0.262327
v 1.971183 0.039329 0.270699
v 1.925183 0.039329 0.331699
v 1.919457 0.039329 0.323867
v 1.913294 0.039329 0.315875
v 1.906714 0.039329 0.307730
v 1.899738 0.039329 0.299440
v 1.892388 0.039329 0.291010
v 1.884683 0.039329 0.282449
v 1.876645 0.039329 0.273762
v 1.868294 0.039329 0.264958
v 1.859652 0.039329 0.256043
v 1.850739 0.039329 0.247023
v 1.841575 0.039329 0.237906
v 1.832183 0.039329 0.228699
v 1.819911 0.039329 0.250682
v 1.807091 0.039329 0.271648
v 1.793714 0.039329 0.291621
v 1.779776 0.039329 0.310625
v 1.765268 0.039329 0.328684
v 1.750183 0.039329 0.345824
v 1.734515 0.039329 0.362067
v 1.718257 0.039329 0.377440
v 1.701402 0.039329 0.391964
v 1.683943 0.039329 0.405666
v 1.665872 0.039329 0.418570
v 1.647183 0.039329 0.430699
v 1.644484 0.039329 0.426024
v 1.641416 0.039329 0.421051
v 1.638028 0.039329 0.415855
v 1.634369 0.039329 0.410514
v 1.630488 0.039329 0.405103
v 1.626434 0.039329 0.399699
v 1.622254 0.039329 0.394378
v 1.617998 0.039329 0.389217
v 1.613715 0.039329 0.384293
v 1.609452 0.039329 0.379680
v 1.605259 0.039329 0.375457
v 1.601183 0.039329 0.371699
v 1.618912 0.039329 0.361427
v 1.636100 0.039329 0.350111
v 1.652746 0.039329 0.337746
v 1.668850 0.039329 0.324328
v 1.684413 0.039329 0.309856
v 1.699434 0.039329 0.294324
v 1.713913 0.039329 0.277730
v 1.727850 0.039329 0.260069
v 1.741246 0.039329 0.241339
v 1.754100 0.039329 0.221537
v 1.766412 0.039329 0.200658
v 1.778183 0.039329 0.178699
v 1.765854 0.039329 0.168204
v 1.753382 0.039329 0.157736
v 1.740793 0.039329 0.147324
v 1.728109 0.039329 0.136995
v 1.715356 0.039329 0.126778
v 1.702558 0.039329 0.116699
v 1.689739 0.039329 0.106787
v 1.676924 0.039329 0.097069
v 1.664136 0.039329 0.087574
v 1.651401 0.039329 0.078328
v 1.638742 0.039329 0.069361
v 1.626183 0.039329 0.060699
v 1.631972 0.039329 0.042379
v 1.637822 0.039329 0.022977
v 1.643715 0.039329 0.002574
v 1.649628 0.039329 -0.018746
v 1.655541 0.039329 -0.040898
v 1.661433 0.039329 -0.063801
v 1.667284 0.039329 -0.087371
v 1.673073 0.039329 -0.111523
v 1.678777 0.039329 -0.136176
v 1.684378 0.039329 -0.161246
v 1.689853 0.039329 -0.186648
v 1.695183 0.039329 -0.212301
v 0.987183 0.039329 0.126699
v 1.127183 0.039329 0.126699
v 1.127183 0.039329 0.017699
v 0.987183 0.039329 0.017699
v 0.921183 0.039329 0.017699
v 0.812183 0.039329 0.017699
v 0.812183 0.039329 -0.044301
v 1.309183 0.039329 -0.044301
v 1.309183 0.039329 0.017699
v 1.194183 0.039329 0.017699
v 1.194183 0.039329 0.126699
v 1.330183 0.039329 0.126699
v 1.330183 0.039329 0.190699
v 1.194183 0.039329 0.190699
v 1.194183 0.039329 0.413699
v 1.127183 0.039329 0.413699
v 1.127183 0.039329 0.190699
v 0.985183 0.039329 0.190699
v 0.982890 0.039329 0.208215
v 0.979419 0.039329 0.227078
v 0.974636 0.039329 0.247011
v 0.968405 0.039329 0.267736
v 0.960591 0.039329 0.288974
v 0.951058 0.039329 0.310449
v 0.939671 0.039329 0.331882
v 0.926295 0.039329 0.352995
v 0.910793 0.039329 0.373511
v 0.893031 0.039329 0.393153
v 0.872873 0.039329 0.411641
v 0.850183 0.039329 0.428699
v 0.847194 0.039329 0.425063
v 0.843771 0.039329 0.421194
v 0.839980 0.039329 0.417152
v 0.835887 0.039329 0.412995
v 0.831558 0.039329 0.408783
v 0.827058 0.039329 0.404574
v 0.822455 0.039329 0.400427
v 0.817813 0.039329 0.396403
v 0.813199 0.039329 0.392558
v 0.808679 0.039329 0.388954
v 0.804318 0.039329 0.385647
v 0.800183 0.039329 0.382699
v 0.820037 0.039329 0.369315
v 0.837679 0.039329 0.354796
v 0.853230 0.039329 0.339339
v 0.866813 0.039329 0.323143
v 0.878549 0.039329 0.306405
v 0.888558 0.039329 0.289324
v 0.896964 0.039329 0.272096
v 0.903887 0.039329 0.254921
v 0.909449 0.039329 0.237996
v 0.913771 0.039329 0.221518
v 0.916975 0.039329 0.205687
v 0.919183 0.039329 0.190699
v 0.794183 0.039329 0.190699
v 0.794183 0.039329 0.126699
v 0.921183 0.039329 0.126699
v 0.724183 0.039329 -0.165301
v 0.944183 0.039329 -0.165301
v 0.944183 0.039329 -0.252301
v 0.724183 0.039329 -0.252301
v 0.724183 0.039329 -0.387301
v 0.724183 0.039329 -0.305301
v 0.944183 0.039329 -0.305301
v 0.944183 0.039329 -0.387301
v 1.175183 0.039329 -0.164301
v 1.403183 0.039329 -0.164301
v 1.403183 0.039329 -0.252301
v 1.175183 0.039329 -0.252301
v 1.175183 0.039329 -0.387301
v 1.175183 0.039329 -0.305301
v 1.403183 0.039329 -0.305301
v 1.403183 0.039329 -0.387301
v 1.477183 0.039329 0.335699
v 1.476970 0.039329 0.346517
v 1.476308 0.039329 0.356495
v 1.475168 0.039329 0.365668
v 1.473517 0.039329 0.374069
v 1.471324 0.039329 0.381735
v 1.468558 0.039329 0.388699
v 1.465189 0.039329 0.394996
v 1.461183 0.039329 0.400662
v 1.456511 0.039329 0.405730
v 1.451142 0.039329 0.410236
v 1.445043 0.039329 0.414214
v 1.438183 0.039329 0.417699
v 1.430262 0.039329 0.420495
v 1.421484 0.039329 0.422898
v 1.411824 0.039329 0.424933
v 1.401257 0.039329 0.426625
v 1.389760 0.039329 0.427997
v 1.377308 0.039329 0.429074
v 1.363877 0.039329 0.429880
v 1.349442 0.039329 0.430440
v 1.333980 0.039329 0.430777
v 1.317466 0.039329 0.430916
v 1.299875 0.039329 0.430882
v 1.281183 0.039329 0.430699
v 1.280521 0.039329 0.425404
v 1.279549 0.039329 0.419588
v 1.278293 0.039329 0.413355
v 1.276776 0.039329 0.406810
v 1.275023 0.039329 0.400056
v 1.273058 0.039329 0.393199
v 1.270906 0.039329 0.386341
v 1.268591 0.039329 0.379588
v 1.266136 0.039329 0.373043
v 1.263567 0.039329 0.366810
v 1.260908 0.039329 0.360994
v 1.258183 0.039329 0.355699
v 1.271871 0.039329 0.355929
v 1.285354 0.039329 0.356120
v 1.298511 0.039329 0.356277
v 1.311220 0.039329 0.356403
v 1.323360 0.039329 0.356500
v 1.334808 0.039329 0.356574
v 1.345444 0.039329 0.356627
v 1.355146 0.039329 0.356662
v 1.363793 0.039329 0.356683
v 1.371262 0.039329 0.356694
v 1.377433 0.039329 0.356698
v 1.382183 0.039329 0.356699
v 1.385958 0.039329 0.356361
v 1.389294 0.039329 0.355833
v 1.392215 0.039329 0.355089
v 1.394739 0.039329 0.354106
v 1.396888 0.039329 0.352859
v 1.398683 0.039329 0.351324
v 1.400145 0.039329 0.349476
v 1.401294 0.039329 0.347291
v 1.402152 0.039329 0.344746
v 1.402739 0.039329 0.341815
v 1.403076 0.039329 0.338474
v 1.403183 0.039329 0.334699
v 1.403183 0.039329 -0.106301
v 1.104183 0.039329 -0.106301
v 1.104183 0.039329 -0.444301
v 1.439183 0.039329 -0.444301
v 1.477183 0.039329 -0.444301
v 1.015183 0.039329 -0.107301
v 0.724183 0.039329 -0.107301
v 0.724183 0.039329 0.433699
v 0.650183 0.039329 0.433699
v 0.650183 0.039329 -0.444301
v 1.015183 0.039329 -0.444301
v -0.206928 0.039329 0.200641
v -0.190539 0.039329 0.156403
v -0.173067 0.039329 0.107386
v -0.154928 0.039329 0.054995
v -0.136539 0.039329 0.000632
v -0.118317 0.039329 -0.054301
v -0.100678 0.039329 -0.108401
v -0.084039 0.039329 -0.160264
v -0.068817 0.039329 -0.208489
v -0.055428 0.039329 -0.251671
v -0.044289 0.039329 -0.288410
v -0.035817 0.039329 -0.317301
v -0.032979 0.039329 -0.328357
v -0.030451 0.039329 -0.338579
v -0.028208 0.039329 -0.348051
v -0.026224 0.039329 -0.356857
v -0.024477 0.039329 -0.365079
v -0.022942 0.039329 -0.372801
v -0.021594 0.039329 -0.380107
v -0.020409 0.039329 -0.387079
v -0.019364 0.039329 -0.393801
v -0.018433 0.039329 -0.400357
v -0.017592 0.039329 -0.406829
v -0.016817 0.039329 -0.413301
v 0.083183 0.039329 -0.393301
v 0.080662 0.039329 -0.387022
v 0.078095 0.039329 -0.380648
v 0.075480 0.039329 -0.374129
v 0.072813 0.039329 -0.367412
v 0.070090 0.039329 -0.360445
v 0.067308 0.039329 -0.353176
v 0.064464 0.039329 -0.345553
v 0.061553 0.039329 -0.337523
v 0.058574 0.039329 -0.329036
v 0.055521 0.039329 -0.320037
v 0.052392 0.039329 -0.310477
v 0.049183 0.039329 -0.300301
v 0.040544 0.039329 -0.272589
v 0.029401 0.039329 -0.237357
v 0.016168 0.039329 -0.195957
v 0.001257 0.039329 -0.149746
v -0.014917 0.039329 -0.100075
v -0.031942 0.039329 -0.048301
v -0.049404 0.039329 0.004223
v -0.066891 0.039329 0.056143
v -0.083989 0.039329 0.106105
v -0.100284 0.039329 0.152754
v -0.115365 0.039329 0.194737
v -0.128817 0.039329 0.230699
v -0.091203 0.039329 0.227061
v -0.052155 0.039329 0.223176
v -0.012114 0.039329 0.219089
v 0.028479 0.039329 0.214847
v 0.069184 0.039329 0.210493
v 0.109558 0.039329 0.206074
v 0.149162 0.039329 0.201633
v 0.187554 0.039329 0.197217
v 0.224293 0.039329 0.192871
v 0.258938 0.039329 0.188639
v 0.291049 0.039329 0.184566
v 0.320183 0.039329 0.180699
v 0.310087 0.039329 0.160986
v 0.299827 0.039329 0.141416
v 0.289449 0.039329 0.122089
v 0.278998 0.039329 0.103106
v 0.268520 0.039329 0.084567
v 0.258058 0.039329 0.066574
v 0.247660 0.039329 0.049226
v 0.237369 0.039329 0.032625
v 0.227230 0.039329 0.016871
v 0.217290 0.039329 0.002065
v 0.207592 0.039329 -0.011693
v 0.198183 0.039329 -0.024301
v 0.273183 0.039329 -0.058301
v 0.291664 0.039329 -0.030623
v 0.311363 0.039329 0.000458
v 0.331917 0.039329 0.034261
v 0.352961 0.039329 0.070106
v 0.374129 0.039329 0.107312
v 0.395058 0.039329 0.145199
v 0.415383 0.039329 0.183085
v 0.434739 0.039329 0.220291
v 0.452761 0.039329 0.256136
v 0.469086 0.039329 0.289940
v 0.483348 0.039329 0.321021
v 0.495183 0.039329 0.348699
v 0.411183 0.039329 0.386699
v 0.407809 0.039329 0.377495
v 0.404193 0.039329 0.367898
v 0.400340 0.039329 0.357933
v 0.396257 0.039329 0.347625
v 0.391953 0.039329 0.336997
v 0.387433 0.039329 0.326074
v 0.382705 0.039329 0.314880
v 0.377776 0.039329 0.303440
v 0.372652 0.039329 0.291777
v 0.367341 0.039329 0.279916
v 0.361849 0.039329 0.267882
v 0.356183 0.039329 0.255699
v 0.314134 0.039329 0.261029
v 0.265869 0.039329 0.266921
v 0.212715 0.039329 0.273230
v 0.155998 0.039329 0.279810
v 0.097046 0.039329 0.286515
v 0.037183 0.039329 0.293199
v -0.022262 0.039329 0.299716
v -0.079965 0.039329 0.305921
v -0.134598 0.039329 0.311668
v -0.184835 0.039329 0.316810
v -0.229350 0.039329 0.321202
v -0.266817 0.039329 0.324699
v -0.273148 0.039329 0.325259
v -0.279632 0.039329 0.325930
v -0.286254 0.039329 0.326699
v -0.293002 0.039329 0.327551
v -0.299861 0.039329 0.328472
v -0.306817 0.039329 0.329449
v -0.313856 0.039329 0.330467
v -0.320965 0.039329 0.331514
v -0.328129 0.039329 0.332574
v -0.335335 0.039329 0.333634
v -0.342569 0.039329 0.334680
v -0.349817 0.039329 0.335699
v -0.364817 0.039329 0.242699
v -0.357239 0.039329 0.242908
v -0.349525 0.039329 0.243041
v -0.341707 0.039329 0.243105
v -0.333817 0.039329 0.243106
v -0.325885 0.039329 0.243052
v -0.317942 0.039329 0.242949
v -0.310020 0.039329 0.242804
v -0.302150 0.039329 0.242625
v -0.294364 0.039329 0.242418
v -0.286692 0.039329 0.242190
v -0.279166 0.039329 0.241948
v -0.271817 0.039329 0.241699
v -0.221817 0.039329 0.238699
v -1.172902 0.039329 -0.075301
v -1.136669 0.039329 -0.075301
v -1.091379 0.039329 -0.075301
v -1.039298 0.039329 -0.075301
v -0.982689 0.039329 -0.075301
v -0.923817 0.039329 -0.075301
v -0.864944 0.039329 -0.075301
v -0.808335 0.039329 -0.075301
v -0.756254 0.039329 -0.075301
v -0.710965 0.039329 -0.075301
v -0.674731 0.039329 -0.075301
v -0.649817 0.039329 -0.075301
v -0.637609 0.039329 -0.075361
v -0.625983 0.039329 -0.075533
v -0.614942 0.039329 -0.075801
v -0.604483 0.039329 -0.076153
v -0.594608 0.039329 -0.076574
v -0.585317 0.039329 -0.077051
v -0.576608 0.039329 -0.077570
v -0.568483 0.039329 -0.078116
v -0.560942 0.039329 -0.078676
v -0.553983 0.039329 -0.079236
v -0.547608 0.039329 -0.079783
v -0.541817 0.039329 -0.080301
v -0.541817 0.039329 0.017699
v -0.547264 0.039329 0.017390
v -0.553562 0.039329 0.016981
v -0.560645 0.039329 0.016496
v -0.568447 0.039329 0.015958
v -0.576901 0.039329 0.015393
v -0.585942 0.039329 0.014824
v -0.595504 0.039329 0.014276
v -0.605521 0.039329 0.013773
v -0.615926 0.039329 0.013339
v -0.626655 0.039329 0.013000
v -0.637640 0.039329 0.012778
v -0.648817 0.039329 0.012699
v -0.673942 0.039329 0.012699
v -0.710317 0.039329 0.012699
v -0.755692 0.039329 0.012699
v -0.807817 0.039329 0.012699
v -0.864442 0.039329 0.012699
v -0.923317 0.039329 0.012699
v -0.982192 0.039329 0.012699
v -1.038817 0.039329 0.012699
v -1.090942 0.039329 0.012699
v -1.136317 0.039329 0.012699
v -1.172692 0.039329 0.012699
v -1.197817 0.039329 0.012699
v -1.211514 0.039329 0.012740
v -1.225058 0.039329 0.012861
v -1.238379 0.039329 0.013058
v -1.251410 0.039329 0.013328
v -1.264078 0.039329 0.013668
v -1.276317 0.039329 0.014074
v -1.288055 0.039329 0.014542
v -1.299224 0.039329 0.015069
v -1.309754 0.039329 0.015652
v -1.319576 0.039329 0.016287
v -1.328620 0.039329 0.016970
v -1.336817 0.039329 0.017699
v -1.336817 0.039329 -0.080301
v -1.328849 0.039329 -0.079783
v -1.319993 0.039329 -0.079236
v -1.310317 0.039329 -0.078676
v -1.299891 0.039329 -0.078116
v -1.288784 0.039329 -0.077570
v -1.277067 0.039329 -0.077051
v -1.264807 0.039329 -0.076574
v -1.252076 0.039329 -0.076153
v -1.238942 0.039329 -0.075801
v -1.225474 0.039329 -0.075533
v -1.211743 0.039329 -0.075361
v -1.197817 0.039329 -0.075301
v -1.650817 0.039329 -0.276301
v -1.656096 0.039329 -0.286693
v -1.661886 0.039329 -0.297773
v -1.668114 0.039329 -0.309395
v -1.674706 0.039329 -0.321412
v -1.681589 0.039329 -0.333680
v -1.688692 0.039329 -0.346051
v -1.695940 0.039329 -0.358381
v -1.703261 0.039329 -0.370523
v -1.710582 0.039329 -0.382332
v -1.717831 0.039329 -0.393662
v -1.724933 0.039329 -0.404367
v -1.731817 0.039329 -0.414301
v -1.678817 0.039329 -0.437301
v -1.672333 0.039329 -0.427807
v -1.665451 0.039329 -0.417431
v -1.658270 0.039329 -0.406332
v -1.650891 0.039329 -0.394672
v -1.643414 0.039329 -0.382608
v -1.635942 0.039329 -0.370301
v -1.628573 0.039329 -0.357911
v -1.621409 0.039329 -0.345598
v -1.614551 0.039329 -0.333520
v -1.608099 0.039329 -0.321838
v -1.602154 0.039329 -0.310712
v -1.596817 0.039329 -0.300301
v -1.538817 0.039329 -0.317301
v -1.544518 0.039329 -0.328323
v -1.550590 0.039329 -0.339810
v -1.556989 0.039329 -0.351645
v -1.563668 0.039329 -0.363709
v -1.570585 0.039329 -0.375883
v -1.577692 0.039329 -0.388051
v -1.584945 0.039329 -0.400094
v -1.592298 0.039329 -0.411894
v -1.599707 0.039329 -0.423332
v -1.607127 0.039329 -0.434292
v -1.614512 0.039329 -0.444654
v -1.621817 0.039329 -0.454301
v -1.568817 0.039329 -0.477301
v -1.562065 0.039329 -0.467559
v -1.554886 0.039329 -0.456949
v -1.547395 0.039329 -0.445645
v -1.539706 0.039329 -0.433820
v -1.531933 0.039329 -0.421647
v -1.524192 0.039329 -0.409301
v -1.516596 0.039329 -0.396955
v -1.509261 0.039329 -0.384783
v -1.502301 0.039329 -0.372957
v -1.495831 0.039329 -0.361653
v -1.489964 0.039329 -0.351043
v -1.484817 0.039329 -0.341301
v -2.069360 0.039329 -0.322909
v -2.071993 0.039329 -0.315250
v -2.074723 0.039329 -0.307348
v -2.077558 0.039329 -0.299227
v -2.080503 0.039329 -0.290912
v -2.083567 0.039329 -0.282426
v -2.086756 0.039329 -0.273795
v -2.090076 0.039329 -0.265042
v -2.093535 0.039329 -0.256192
v -2.097141 0.039329 -0.247269
v -2.100899 0.039329 -0.238297
v -2.104817 0.039329 -0.229301
v -1.631817 0.039329 -0.229301
v -1.625499 0.039329 -0.229323
v -1.618608 0.039329 -0.229394
v -1.611239 0.039329 -0.229520
v -1.603483 0.039329 -0.229709
v -1.595437 0.039329 -0.229967
v -1.587192 0.039329 -0.230301
v -1.578843 0.039329 -0.230719
v -1.570483 0.039329 -0.231227
v -1.562207 0.039329 -0.231832
v -1.554108 0.039329 -0.232542
v -1.546280 0.039329 -0.233362
v -1.538817 0.039329 -0.234301
v -1.538817 0.039329 -0.148301
v -1.546720 0.039329 -0.148780
v -1.554872 0.039329 -0.149218
v -1.563192 0.039329 -0.149613
v -1.571594 0.039329 -0.149968
v -1.579997 0.039329 -0.150280
v -1.588317 0.039329 -0.150551
v -1.596470 0.039329 -0.150780
v -1.604372 0.039329 -0.150968
v -1.611942 0.039329 -0.151114
v -1.619095 0.039329 -0.151218
v -1.625747 0.039329 -0.151280
v -1.631817 0.039329 -0.151301
v -1.801817 0.039329 -0.151301
v -1.807796 0.039329 -0.082244
v -1.817650 0.039329 -0.017931
v -1.831254 0.039329 0.041855
v -1.848483 0.039329 0.097328
v -1.869213 0.039329 0.148705
v -1.893317 0.039329 0.196199
v -1.920671 0.039329 0.240026
v -1.951150 0.039329 0.280403
v -1.984629 0.039329 0.317543
v -2.020983 0.039329 0.351662
v -2.060088 0.039329 0.382975
v -2.101817 0.039329 0.411699
v -2.186817 0.039329 0.353699
v -2.179551 0.039329 0.350827
v -2.172275 0.039329 0.347722
v -2.165020 0.039329 0.344402
v -2.157817 0.039329 0.340884
v -2.150697 0.039329 0.337186
v -2.143692 0.039329 0.333324
v -2.136832 0.039329 0.329316
v -2.130150 0.039329 0.325180
v -2.123676 0.039329 0.320933
v -2.117442 0.039329 0.316592
v -2.111478 0.039329 0.312175
v -2.105817 0.039329 0.307699
v -2.081168 0.039329 0.287973
v -2.056460 0.039329 0.265643
v -2.032051 0.039329 0.240480
v -2.008298 0.039329 0.212254
v -1.985559 0.039329 0.180737
v -1.964192 0.039329 0.145699
v -1.944553 0.039329 0.106911
v -1.927002 0.039329 0.064143
v -1.911895 0.039329 0.017168
v -1.899590 0.039329 -0.034246
v -1.890445 0.039329 -0.090325
v -1.884817 0.039329 -0.151301
v -2.141817 0.039329 -0.151301
v -2.152378 0.039329 -0.132252
v -2.163974 0.039329 -0.112741
v -2.176473 0.039329 -0.092973
v -2.189743 0.039329 -0.073153
v -2.203651 0.039329 -0.053486
v -2.218067 0.039329 -0.034176
v -2.232857 0.039329 -0.015429
v -2.247891 0.039329 0.002551
v -2.263036 0.039329 0.019558
v -2.278159 0.039329 0.035389
v -2.293130 0.039329 0.049837
v -2.307817 0.039329 0.062699
v -2.386817 0.039329 0.015699
v -2.368858 0.039329 0.001710
v -2.351062 0.039329 -0.014046
v -2.333551 0.039329 -0.031254
v -2.316446 0.039329 -0.049597
v -2.299870 0.039329 -0.068760
v -2.283942 0.039329 -0.088426
v -2.268785 0.039329 -0.108280
v -2.254520 0.039329 -0.128005
v -2.241270 0.039329 -0.147285
v -2.229155 0.039329 -0.165806
v -2.218297 0.039329 -0.183250
v -2.208817 0.039329 -0.199301
v -2.202253 0.039329 -0.211815
v -2.196058 0.039329 -0.224324
v -2.190223 0.039329 -0.236786
v -2.184743 0.039329 -0.249153
v -2.179610 0.039329 -0.261382
v -2.174817 0.039329 -0.273426
v -2.170357 0.039329 -0.285242
v -2.166224 0.039329 -0.296783
v -2.162410 0.039329 -0.308004
v -2.158909 0.039329 -0.318861
v -2.155714 0.039329 -0.329309
v -2.152817 0.039329 -0.339301
v -2.150879 0.039329 -0.345841
v -2.149067 0.039329 -0.352449
v -2.147379 0.039329 -0.359114
v -2.145817 0.039329 -0.365820
v -2.144379 0.039329 -0.372554
v -2.143067 0.039329 -0.379301
v -2.141879 0.039329 -0.386049
v -2.140817 0.039329 -0.392783
v -2.139879 0.039329 -0.399489
v -2.139067 0.039329 -0.406153
v -2.138379 0.039329 -0.412762
v -2.137817 0.039329 -0.419301
v -2.040817 0.039329 -0.400301
v -2.043085 0.039329 -0.394474
v -2.045382 0.039329 -0.388519
v -2.047692 0.039329 -0.382473
v -2.050002 0.039329 -0.376375
v -2.052298 0.039329 -0.370263
v -2.054567 0.039329 -0.364176
v -2.056794 0.039329 -0.358151
v -2.058965 0.039329 -0.352227
v -2.061067 0.039329 -0.346442
v -2.063085 0.039329 -0.340834
v -2.065006 0.039329 -0.335441
v -2.066817 0.039329 -0.330301
v -1.650817 0.039329 -0.276301
v -1.650817 0.239329 -0.276301
v -1.656096 0.039329 -0.286693
v -1.656096 0.239329 -0.286693
v -1.661886 0.039329 -0.297773
v -1.661886 0.239329 -0.297773
v -1.668114 0.039329 -0.309395
v -1.668114 0.239329 -0.309395
v -1.674706 0.039329 -0.321412
v -1.674706 0.239329 -0.321412
v -1.681589 0.039329 -0.333680
v -1.681589 0.239329 -0.333680
v -1.688692 0.039329 -0.346051
v -1.688692 0.239329 -0.346051
v -1.695940 0.039329 -0.358381
v -1.695940 0.239329 -0.358381
v -1.703261 0.039329 -0.370523
v -1.703261 0.239329 -0.370523
v -1.710582 0.039329 -0.382332
v -1.710582 0.239329 -0.382332
v -1.717831 0.039329 -0.393662
v -1.717831 0.239329 -0.393662
v -1.724933 0.039329 -0.404367
v -1.724933 0.239329 -0.404367
v -1.731817 0.039329 -0.414301
v -1.731817 0.239329 -0.414301
v -1.678817 0.039329 -0.437301
v -1.678817 0.239329 -0.437301
v -1.672333 0.039329 -0.427807
v -1.672333 0.239329 -0.427807
v -1.665451 0.039329 -0.417431
v -1.665451 0.239329 -0.417431
v -1.658270 0.039329 -0.406332
v -1.658270 0.239329 -0.406332
v -1.650891 0.039329 -0.394672
v -1.650891 0.239329 -0.394672
v -1.643414 0.039329 -0.382608
v -1.643414 0.239329 -0.382608
v -1.635942 0.039329 -0.370301
v -1.635942 0.239329 -0.370301
v -1.628573 0.039329 -0.357911
v -1.628573 0.239329 -0.357911
v -1.621409 0.039329 -0.345598
v -1.621409 0.239329 -0.345598
v -1.614551 0.039329 -0.333520
v -1.614551 0.239329 -0.333520
v -1.608099 0.039329 -0.321838
v -1.608099 0.239329 -0.321838
v -1.602154 0.039329 -0.310712
v -1.602154 0.239329 -0.310712
v -1.596817 0.039329 -0.300301
v -1.596817 0.239329 -0.300301
v -1.538817 0.039329 -0.317301
v -1.538817 0.239329 -0.317301
v -1.544518 0.039329 -0.328323
v -1.544518 0.239329 -0.328323
v -1.550590 0.039329 -0.339810
v -1.550590 0.239329 -0.339810
v -1.556989 0.039329 -0.351645
v -1.556989 0.239329 -0.351645
v -1.563668 0.039329 -0.363709
v -1.563668 0.239329 -0.363709
v -1.570585 0.039329 -0.375883
v -1.570585 0.239329 -0.375883
v -1.577692 0.039329 -0.388051
v -1.577692 0.239329 -0.388051
v -1.584945 0.039329 -0.400094
v -1.584945 0.239329 -0.400094
v -1.592298 0.039329 -0.411894
v -1.592298 0.239329 -0.411894
v -1.599707 0.039329 -0.423332
v -1.599707 0.239329 -0.423332
v -1.607127 0.039329 -0.434292
v -1.607127 0.239329 -0.434292
v -1.614512 0.039329 -0.444654
v -1.614512 0.239329 -0.444654
v -1.621817 0.039329 -0.454301
v -1.621817 0.239329 -0.454301
v -1.568817 0.039329 -0.477301
v -1.568817 0.239329 -0.477301
v -1.562065 0.039329 -0.467559
v -1.562065 0.239329 -0.467559
v -1.554886 0.039329 -0.456949
v -1.554886 0.239329 -0.456949
v -1.547395 0.039329 -0.445645
v -1.547395 0.239329 -0.445645
v -1.539706 0.039329 -0.433820
v -1.539706 0.239329 -0.433820
v -1.531933 0.039329 -0.421647
v -1.531933 0.239329 -0.421647
v -1.524192 0.039329 -0.409301
v -1.524192 0.239329 -0.409301
v -1.516596 0.039329 -0.396955
v -1.516596 0.239329 -0.396955
v -1.509261 0.039329 -0.384783
v -1.509261 0.239329 -0.384783
v -1.502301 0.039329 -0.372957
v -1.502301 0.239329 -0.372957
v -1.495831 0.039329 -0.361653
v -1.495831 0.239329 -0.361653
v -1.489964 0.039329 -0.351043
v -1.489964 0.239329 -0.351043
v -1.484817 0.039329 -0.341301
v -1.484817 0.239329 -0.341301
v -2.069360 0.039329 -0.322909
v -2.069360 0.239329 -0.322909
v -2.071993 0.039329 -0.315250
v -2.071993 0.239329 -0.315250
v -2.074723 0.039329 -0.307348
v -2.074723 0.239329 -0.307348
v -2.077558 0.039329 -0.299227
v -2.077558 0.239329 -0.299227
v -2.080503 0.039329 -0.290912
v -2.080503 0.239329 -0.290912
v -2.083567 0.039329 -0.282426
v -2.083567 0.239329 -0.282426
v -2.086756 0.039329 -0.273795
v -2.086756 0.239329 -0.273795
v -2.090076 0.039329 -0.265042
v -2.090076 0.239329 -0.265042
v -2.093535 0.039329 -0.256192
v -2.093535 0.239329 -0.256192
v -2.097141 0.039329 -0.247269
v -2.097141 0.239329 -0.247269
v -2.100899 0.039329 -0.238297
v -2.100899 0.239329 -0.238297
v -2.104817 0.039329 -0.229301
v -2.104817 0.239329 -0.229301
v -1.631817 0.039329 -0.229301
v -1.631817 0.239329 -0.229301
v -1.625499 0.039329 -0.229323
v -1.625499 0.239329 -0.229323
v -1.618608 0.039329 -0.229394
v -1.618608 0.239329 -0.229394
v -1.611239 0.039329 -0.229520
v -1.611239 0.239329 -0.229520
v -1.603483 0.039329 -0.229709
v -1.603483 0.239329 -0.229709
v -1.595437 0.039329 -0.229967
v -1.595437 0.239329 -0.229967
v -1.587192 0.039329 -0.230301
v -1.587192 0.239329 -0.230301
v -1.578843 0.039329 -0.230719
v -1.578843 0.239329 -0.230719
v -1.570483 0.039329 -0.231227
v -1.570483 0.239329 -0.231227
v -1.562207 0.039329 -0.231832
v -1.562207 0.239329 -0.231832
v -1.554108 0.039329 -0.232542
v -1.554108 0.239329 -0.232542
v -1.546280 0.039329 -0.233362
v -1.546280 0.239329 -0.233362
v -1.538817 0.039329 -0.234301
v -1.538817 0.239329 -0.234301
v -1.538817 0.039329 -0.148301
v -1.538817 0.239329 -0.148301
v -1.546720 0.039329 -0.148780
v -1.546720 0.239329 -0.148780
v -1.554872 0.039329 -0.149218
v -1.554872 0.239329 -0.149218
v -1.563192 0.039329 -0.149613
v -1.563192 0.239329 -0.149613
v -1.571594 0.039329 -0.149968
v -1.571594 0.239329 -0.149968
v -1.579997 0.039329 -0.150280
v -1.579997 0.239329 -0.150280
v -1.588317 0.039329 -0.150551
v -1.588317 0.239329 -0.150551
v -1.596470 0.039329 -0.150780
v -1.596470 0.239329 -0.150780
v -1.604372 0.039329 -0.150968
v -1.604372 0.239329 -0.150968
v -1.611942 0.039329 -0.151114
v -1.611942 0.239329 -0.151114
v -1.619095 0.039329 -0.151218
v -1.619095 0.239329 -0.151218
v -1.625747 0.039329 -0.151280
v -1.625747 0.239329 -0.151280
v -1.631817 0.039329 -0.151301
v -1.631817 0.239329 -0.151301
v -1.801817 0.039329 -0.151301
v -1.801817 0.239329 -0.151301
v -1.807796 0.039329 -0.082244
v -1.807796 0.239329 -0.082244
v -1.817650 0.039329 -0.017931
v -1.817650 0.239329 -0.017931
v -1.831254 0.039329 0.041855
v -1.831254 0.239329 0.041855
v -1.848483 0.039329 0.097328
v -1.848483 0.239329 0.097328
v -1.869213 0.039329 0.148705
v -1.869213 0.239329 0.148705
v -1.893317 0.039329 0.196199
v -1.893317 0.239329 0.196199
v -1.920671 0.039329 0.240026
v -1.920671 0.239329 0.240026
v -1.951150 0.039329 0.280403
v -1.951150 0.239329 0.280403
v -1.984629 0.039329 0.317543
v -1.984629 0.239329 0.317543
v -2.020983 0.039329 0.351662
v -2.020983 0.239329 0.351662
v -2.060088 0.039329 0.382975
v -2.060088 0.239329 0.382975
v -2.101817 0.039329 0.411699
v -2.101817 0.239329 0.411699
v -2.186817 0.039329 0.353699
v -2.186817 0.239329 0.353699
v -2.179551 0.039329 0.350827
v -2.179551 0.239329 0.350827
v -2.172275 0.039329 0.347722
v -2.172275 0.239329 0.347722
v -2.165020 0.039329 0.344402
v -2.165020 0.239329 0.344402
v -2.157817 0.039329 0.340884
v -2.157817 0.239329 0.340884
v -2.150697 0.039329 0.337186
v -2.150697 0.239329 0.337186
v -2.143692 0.039329 0.333324
v -2.143692 0.239329 0.333324
v -2.136832 0.039329 0.329316
v -2.136832 0.239329 0.329316
v -2.130150 0.039329 0.325180
v -2.130150 0.239329 0.325180
v -2.123676 0.039329 0.320933
v -2.123676 0.239329 0.320933
v -2.117442 0.039329 0.316592
v -2.117442 0.239329 0.316592
v -2.111478 0.039329 0.312175
v -2.111478 0.239329 0.312175
v -2.105817 0.039329 0.307699
v -2.105817 0.239329 0.307699
v -2.081168 0.039329 0.287973
v -2.081168 0.239329 0.287973
v -2.056460 0.039329 0.265643
v -2.056460 0.239329 0.265643
v -2.032051 0.039329 0.240480
v -2.032051 0.239329 0.240480
v -2.008298 0.039329 0.212254
v -2.008298 0.239329 0.212254
v -1.985559 0.039329 0.180737
v -1.985559 0.239329 0.180737
v -1.964192 0.039329 0.145699
v -1.964192 0.239329 0.145699
v -1.944553 0.039329 0.106911
v -1.944553 0.239329 0.106911
v -1.927002 0.039329 0.064143
v -1.927002 0.239329 0.064143
v -1.911895 0.039329 0.017168
v -1.911895 0.239329 0.017168
v -1.899590 0.039329 -0.034246
v -1.899590 0.239329 -0.034246
v -1.890445 0.039329 -0.090325
v -1.890445 0.239329 -0.090325
v -1.884817 0.039329 -0.151301
v -1.884817 0.239329 -0.151301
v -2.141817 0.039329 -0.151301
v -2.141817 0.239329 -0.151301
v -2.152378 0.039329 -0.132252
v -2.152378 0.239329 -0.132252
v -2.163974 0.039329 -0.112741
v -2.163974 0.239329 -0.112741
v -2.176473 0.039329 -0.092973
v -2.176473 0.239329 -0.092973
v -2.189743 0.039329 -0.073153
v -2.189743 0.239329 -0.073153
v -2.203651 0.039329 -0.053486
v -2.203651 0.239329 -0.053486
v -2.218067 0.039329 -0.034176
v -2.218067 0.239329 -0.034176
v -2.232857 0.039329 -0.015429
v -2.232857 0.239329 -0.015429
v -2.247891 0.039329 0.002551
v -2.247891 0.239329 0.002551
v -2.263036 0.039329 0.019558
v -2.263036 0.239329 0.019558
v -2.278159 0.039329 0.035389
v -2.278159 0.239329 0.035389
v -2.293130 0.039329 0.049837
v -2.293130 0.239329 0.049837
v -2.307817 0.039329 0.062699
v -2.307817 0.239329 0.062699
v -2.386817 0.039329 0.015699
v -2.386817 0.239329 0.015699
v -2.368858 0.039329 0.001710
v -2.368858 0.239329 0.001710
v -2.351062 0.039329 -0.014046
v -2.351062 0.239329 -0.014046
v -2.333551 0.039329 -0.031254
v -2.333551 0.239329 -0.031254
v -2.316446 0.039329 -0.049597
v -2.316446 0.239329 -0.049597
v -2.299870 0.039329 -0.068760
v -2.299870 0.239329 -0.068760
v -2.283942 0.039329 -0.088426
v -2.283942 0.239329 -0.088426
v -2.268785 0.039329 -0.108280
v -2.268785 0.239329 -0.108280
v -2.254520 0.039329 -0.128005
v -2.254520 0.239329 -0.128005
v -2.241270 0.039329 -0.147285
v -2.241270 0.239329 -0.147285
v -2.229155 0.039329 -0.165806
v -2.229155 0.239329 -0.165806
v -2.218297 0.039329 -0.183250
v -2.218297 0.239329 -0.183250
v -2.208817 0.039329 -0.199301
v -2.208817 0.239329 -0.199301
v -2.202253 0.039329 -0.211815
v -2.202253 0.239329 -0.211815
v -2.196058 0.039329 -0.224324
v -2.196058 0.239329 -0.224324
v -2.190223 0.039329 -0.236786
v -2.190223 0.239329 -0.236786
v -2.184743 0.039329 -0.249153
v -2.184743 0.239329 -0.249153
v -2.179610 0.039329 -0.261382
v -2.179610 0.239329 -0.261382
v -2.174817 0.039329 -0.273426
v -2.174817 0.239329 -0.273426
v -2.170357 0.039329 -0.285242
v -2.170357 0.239329 -0.285242
v -2.166224 0.039329 -0.296783
v -2.166224 0.239329 -0.296783
v -2.162410 0.039329 -0.308004
v -2.162410 0.239329 -0.308004
v -2.158909 0.039329 -0.318861
v -2.158909 0.239329 -0.318861
v -2.155714 0.039329 -0.329309
v -2.155714 0.239329 -0.329309
v -2.152817 0.039329 -0.339301
v -2.152817 0.239329 -0.339301
v -2.150879 0.039329 -0.345841
v -2.150879 0.239329 -0.345841
v -2.149067 0.039329 -0.352449
v -2.149067 0.239329 -0.352449
v -2.147379 0.039329 -0.359114
v -2.147379 0.239329 -0.359114
v -2.145817 0.039329 -0.365820
v -2.145817 0.239329 -0.365820
v -2.144379 0.039329 -0.372554
v -2.144379 0.239329 -0.372554
v -2.143067 0.039329 -0.379301
v -2.143067 0.239329 -0.379301
v -2.141879 0.039329 -0.386049
v -2.141879 0.239329 -0.386049
v -2.140817 0.039329 -0.392783
v -2.140817 0.239329 -0.392783
v -2.139879 0.039329 -0.399489
v -2.139879 0.239329 -0.399489
v -2.139067 0.039329 -0.406153
v -2.139067 0.239329 -0.406153
v -2.138379 0.039329 -0.412762
v -2.138379 0.239329 -0.412762
v -2.137817 0.039329 -0.419301
v -2.137817 0.239329 -0.419301
v -2.040817 0.039329 -0.400301
v -2.040817 0.239329 -0.400301
v -2.043085 0.039329 -0.394474
v -2.043085 0.239329 -0.394474
v -2.045382 0.039329 -0.388519
v -2.045382 0.239329 -0.388519
v -2.047692 0.039329 -0.382473
v -2.047692 0.239329 -0.382473
v -2.050002 0.039329 -0.376375
v -2.050002 0.239329 -0.376375
v -2.052298 0.039329 -0.370263
v -2.052298 0.239329 -0.370263
v -2.054567 0.039329 -0.364176
v -2.054567 0.239329 -0.364176
v -2.056794 0.039329 -0.358151
v -2.056794 0.239329 -0.358151
v -2.058965 0.039329 -0.352227
v -2.058965 0.239329 -0.352227
v -2.061067 0.039329 -0.346442
v -2.061067 0.239329 -0.346442
v -2.063085 0.039329 -0.340834
v -2.063085 0.239329 -0.340834
v -2.065006 0.039329 -0.335441
v -2.065006 0.239329 -0.335441
v -2.066817 0.039329 -0.330301
v -2.066817 0.239329 -0.330301
v -1.172902 0.039329 -0.075301
v -1.172902 0.239329 -0.075301
v -1.136669 0.039329 -0.075301
v -1.136669 0.239329 -0.075301
v -1.091379 0.039329 -0.075301
v -1.091379 0.239329 -0.075301
v -1.039298 0.039329 -0.075301
v -1.039298 0.239329 -0.075301
v -0.982689 0.039329 -0.075301
v -0.982689 0.239329 -0.075301
v -0.923817 0.039329 -0.075301
v -0.923817 0.239329 -0.075301
v -0.864944 0.039329 -0.075301
v -0.864944 0.239329 -0.075301
v -0.808335 0.039329 -0.075301
v -0.808335 0.239329 -0.075301
v -0.756254 0.039329 -0.075301
v -0.756254 0.239329 -0.075301
v -0.710965 0.039329 -0.075301
v -0.710965 0.239329 -0.075301
v -0.674731 0.039329 -0.075301
v -0.674731 0.239329 -0.075301
v -0.649817 0.039329 -0.075301
v -0.649817 0.239329 -0.075301
v -0.637609 0.039329 -0.075361
v -0.637609 0.239329 -0.075361
v -0.625983 0.039329 -0.075533
v -0.625983 0.239329 -0.075533
v -0.614942 0.039329 -0.075801
v -0.614942 0.239329 -0.075801
v -0.604483 0.039329 -0.076153
v -0.604483 0.239329 -0.076153
v -0.594608 0.039329 -0.076574
v -0.594608 0.239329 -0.076574
v -0.585317 0.039329 -0.077051
v -0.585317 0.239329 -0.077051
v -0.576608 0.039329 -0.077570
v -0.576608 0.239329 -0.077570
v -0.568483 0.039329 -0.078116
v -0.568483 0.239329 -0.078116
v -0.560942 0.039329 -0.078676
v -0.560942 0.239329 -0.078676
v -0.553983 0.039329 -0.079236
v -0.553983 0.239329 -0.079236
v -0.547608 0.039329 -0.079783
v -0.547608 0.239329 -0.079783
v -0.541817 0.039329 -0.080301
v -0.541817 0.239329 -0.080301
v -0.541817 0.039329 0.017699
v -0.541817 0.239329 0.017699
v -0.547264 0.039329 0.017390
v -0.547264 0.239329 0.017390
v -0.553562 0.039329 0.016981
v -0.553562 0.239329 0.016981
v -0.560645 0.039329 0.016496
v -0.560645 0.239329 0.016496
v -0.568447 0.039329 0.015958
v -0.568447 0.239329 0.015958
v -0.576901 0.039329 0.015393
v -0.576901 0.239329 0.015393
v -0.585942 0.039329 0.014824
v -0.585942 0.239329 0.014824
v -0.595504 0.039329 0.014276
v -0.595504 0.239329 0.014276
v -0.605521 0.039329 0.013773
v -0.605521 0.239329 0.013773
v -0.615926 0.039329 0.013339
v -0.615926 0.239329 0.013339
v -0.626655 0.039329 0.013000
v -0.626655 0.239329 0.013000
v -0.637640 0.039329 0.012778
v -0.637640 0.239329 0.012778
v -0.648817 0.039329 0.012699
v -0.648817 0.239329 0.012699
v -0.673942 0.039329 0.012699
v -0.673942 0.239329 0.012699
v -0.710317 0.039329 0.012699
v -0.710317 0.239329 0.012699
v -0.755692 0.039329 0.012699
v -0.755692 0.239329 0.012699
v -0.807817 0.039329 0.012699
v -0.807817 0.239329 0.012699
v -0.864442 0.039329 0.012699
v -0.864442 0.239329 0.012699
v -0.923317 0.039329 0.012699
v -0.923317 0.239329 0.012699
v -0.982192 0.039329 0.012699
v -0.982192 0.239329 0.012699
v -1.038817 0.039329 0.012699
v -1.038817 0.239329 0.012699
v -1.090942 0.039329 0.012699
v -1.090942 0.239329 0.012699
v -1.136317 0.039329 0.012699
v -1.136317 0.239329 0.012699
v -1.172692 0.039329 0.012699
v -1.172692 0.239329 0.012699
v -1.197817 0.039329 0.012699
v -1.197817 0.239329 0.012699
v -1.211514 0.039329 0.012740
v -1.211514 0.239329 0.012740
v -1.225058 0.039329 0.012861
v -1.225058 0.239329 0.012861
v -1.238379 0.039329 0.013058
v -1.238379 0.239329 0.013058
v -1.251410 0.039329 0.013328
v -1.251410 0.239329 0.013328
v -1.264078 0.039329 0.013668
v -1.264078 0.239329 0.013668
v -1.276317 0.039329 0.014074
v -1.276317 0.239329 0.014074
v -1.288055 0.039329 0.014542
v -1.288055 0.239329 0.014542
v -1.299224 0.039329 0.015069
v -1.299224 0.239329 0.015069
v -1.309754 0.039329 0.015652
v -1.309754 0.239329 0.015652
v -1.319576 0.039329 0.016287
v -1.319576 0.239329 0.016287
v -1.328620 0.039329 0.016970
v -1.328620 0.239329 0.016970
v -1.336817 0.039329 0.017699
v -1.336817 0.239329 0.017699
v -1.336817 0.039329 -0.080301
v -1.336817 0.239329 -0.080301
v -1.328849 0.039329 -0.079783
v -1.328849 0.239329 -0.079783
v -1.319993 0.039329 -0.079236
v -1.319993 0.239329 -0.079236
v -1.310317 0.039329 -0.078676
v -1.310317 0.239329 -0.078676
v -1.299891 0.039329 -0.078116
v -1.299891 0.239329 -0.078116
v -1.288784 0.039329 -0.077570
v -1.288784 0.239329 -0.077570
v -1.277067 0.039329 -0.077051
v -1.277067 0.239329 -0.077051
v -1.264807 0.039329 -0.076574
v -1.264807 0.239329 -0.076574
v -1.252076 0.039329 -0.076153
v -1.252076 0.239329 -0.076153
v -1.238942 0.039329 -0.075801
v -1.238942 0.239329 -0.075801
v -1.225474 0.039329 -0.075533
v -1.225474 0.239329 -0.075533
v -1.211743 0.039329 -0.075361
v -1.211743 0.239329 -0.075361
v -1.197817 0.039329 -0.075301
v -1.197817 0.239329 -0.075301
v -0.206928 0.039329 0.200641
v -0.206928 0.239329 0.200641
v -0.190539 0.039329 0.156403
v -0.190539 0.239329 0.156403
v -0.173067 0.039329 0.107386
v -0.173067 0.239329 0.107386
v -0.154928 0.039329 0.054995
v -0.154928 0.239329 0.054995
v -0.136539 0.039329 0.000632
v -0.136539 0.239329 0.000632
v -0.118317 0.039329 -0.054301
v -0.118317 0.239329 -0.054301
v -0.100678 0.039329 -0.108401
v -0.100678 0.239329 -0.108401
v -0.084039 0.039329 -0.160264
v -0.084039 0.239329 -0.160264
v -0.068817 0.039329 -0.208489
v -0.068817 0.239329 -0.208489
v -0.055428 0.039329 -0.251671
v -0.055428 0.239329 -0.251671
v -0.044289 0.039329 -0.288410
v -0.044289 0.239329 -0.288410
v -0.035817 0.039329 -0.317301
v -0.035817 0.239329 -0.317301
v -0.032979 0.039329 -0.328357
v -0.032979 0.239329 -0.328357
v -0.030451 0.039329 -0.338579
v -0.030451 0.239329 -0.338579
v -0.028208 0.039329 -0.348051
v -0.028208 0.239329 -0.348051
v -0.026224 0.039329 -0.356857
v -0.026224 0.239329 -0.356857
v -0.024477 0.039329 -0.365079
v -0.024477 0.239329 -0.365079
v -0.022942 0.039329 -0.372801
v -0.022942 0.239329 -0.372801
v -0.021594 0.039329 -0.380107
v -0.021594 0.239329 -0.380107
v -0.020409 0.039329 -0.387079
v -0.020409 0.239329 -0.387079
v -0.019364 0.039329 -0.393801
v -0.019364 0.239329 -0.393801
v -0.018433 0.039329 -0.400357
v -0.018433 0.239329 -0.400357
v -0.017592 0.039329 -0.406829
v -0.017592 0.239329 -0.406829
v -0.016817 0.039329 -0.413301
v -0.016817 0.239329 -0.413301
v 0.083183 0.039329 -0.393301
v 0.083183 0.239329 -0.393301
v 0.080662 0.039329 -0.387022
v 0.080662 0.239329 -0.387022
v 0.078095 0.039329 -0.380648
v 0.078095 0.239329 -0.380648
v 0.075480 0.039329 -0.374129
v 0.075480 0.239329 -0.374129
v 0.072813 0.039329 -0.367412
v 0.072813 0.239329 -0.367412
v 0.070090 0.039329 -0.360445
v 0.070090 0.239329 -0.360445
v 0.067308 0.039329 -0.353176
v 0.067308 0.239329 -0.353176
v 0.064464 0.039329 -0.345553
v 0.064464 0.239329 -0.345553
v 0.061553 0.039329 -0.337523
v 0.061553 0.239329 -0.337523
v 0.058574 0.039329 -0.329036
v 0.058574 0.239329 -0.329036
v 0.055521 0.039329 -0.320037
v 0.055521 0.239329 -0.320037
v 0.052392 0.039329 -0.310477
v 0.052392 0.239329 -0.310477
v 0.049183 0.039329 -0.300301
v 0.049183 0.239329 -0.300301
v 0.040544 0.039329 -0.272589
v 0.040544 0.239329 -0.272589
v 0.029401 0.039329 -0.237357
v 0.029401 0.239329 -0.237357
v 0.016168 0.039329 -0.195957
v 0.016168 0.239329 -0.195957
v 0.001257 0.039329 -0.149746
v 0.001257 0.239329 -0.149746
v -0.014917 0.039329 -0.100075
v -0.014917 0.239329 -0.100075
v -0.031942 0.039329 -0.048301
v -0.031942 0.239329 -0.048301
v -0.049404 0.039329 0.004223
v -0.049404 0.239329 0.004223
v -0.066891 0.039329 0.056143
v -0.066891 0.239329 0.056143
v -0.083989 0.039329 0.106105
v -0.083989 0.239329 0.106105
v -0.100284 0.039329 0.152754
v -0.100284 0.239329 0.152754
v -0.115365 0.039329 0.194737
v -0.115365 0.239329 0.194737
v -0.128817 0.039329 0.230699
v -0.128817 0.239329 0.230699
v -0.091203 0.039329 0.227061
v -0.091203 0.239329 0.227061
v -0.052155 0.039329 0.223176
v -0.052155 0.239329 0.223176
v -0.012114 0.039329 0.219089
v -0.012114 0.239329 0.219089
v 0.028479 0.039329 0.214847
v 0.028479 0.239329 0.214847
v 0.069184 0.039329 0.210493
v 0.069184 0.239329 0.210493
v 0.109558 0.039329 0.206074
v 0.109558 0.239329 0.206074
v 0.149162 0.039329 0.201633
v 0.149162 0.239329 0.201633
v 0.187554 0.039329 0.197217
v 0.187554 0.239329 0.197217
v 0.224293 0.039329 0.192871
v 0.224293 0.239329 0.192871
v 0.258938 0.039329 0.188639
v 0.258938 0.239329 0.188639
v 0.291049 0.039329 0.184566
v 0.291049 0.239329 0.184566
v 0.320183 0.039329 0.180699
v 0.320183 0.239329 0.180699
v 0.310087 0.039329 0.160986
v 0.310087 0.239329 0.160986
v 0.299827 0.039329 0.141416
v 0.299827 0.239329 0.141416
v 0.289449 0.039329 0.122089
v 0.289449 0.239329 0.122089
v 0.278998 0.039329 0.103106
v 0.278998 0.239329 0.103106
v 0.268520 0.039329 0.084567
v 0.268520 0.239329 0.084567
v 0.258058 0.039329 0.066574
v 0.258058 0.239329 0.066574
v 0.247660 0.039329 0.049226
v 0.247660 0.239329 0.049226
v 0.237369 0.039329 0.032625
v 0.237369 0.239329 0.032625
v 0.227230 0.039329 0.016871
v 0.227230 0.239329 0.016871
v 0.217290 0.039329 0.002065
v 0.217290 0.239329 0.002065
v 0.207592 0.039329 -0.011693
v 0.207592 0.239329 -0.011693
v 0.198183 0.039329 -0.024301
v 0.198183 0.239329 -0.024301
v 0.273183 0.039329 -0.058301
v 0.273183 0.239329 -0.058301
v 0.291664 0.039329 -0.030623
v 0.291664 0.239329 -0.030623
v 0.311363 0.039329 0.000458
v 0.311363 0.239329 0.000458
v 0.331917 0.039329 0.034261
v 0.331917 0.239329 0.034261
v 0.352961 0.039329 0.070106
v 0.352961 0.239329 0.070106
v 0.374129 0.039329 0.107312
v 0.374129 0.239329 0.107312
v 0.395058 0.039329 0.145199
v 0.395058 0.239329 0.145199
v 0.415383 0.039329 0.183085
v 0.415383 0.239329 0.183085
v 0.434739 0.039329 0.220291
v 0.434739 0.239329 0.220291
v 0.452761 0.039329 0.256136
v 0.452761 0.239329 0.256136
v 0.469086 0.039329 0.289940
v 0.469086 0.239329 0.289940
v 0.483348 0.039329 0.321021
v 0.483348 0.239329 0.321021
v 0.495183 0.039329 0.348699
v 0.495183 0.239329 0.348699
v 0.411183 0.039329 0.386699
v 0.411183 0.239329 0.386699
v 0.407809 0.039329 0.377495
v 0.407809 0.239329 0.377495
v 0.404193 0.039329 0.367898
v 0.404193 0.239329 0.367898
v 0.400340 0.039329 0.357933
v 0.400340 0.239329 0.357933
v 0.396257 0.039329 0.347625
v 0.396257 0.239329 0.347625
v 0.391953 0.039329 0.336997
v 0.391953 0.239329 0.336997
v 0.387433 0.039329 0.326074
v 0.387433 0.239329 0.326074
v 0.382705 0.039329 0.314880
v 0.382705 0.239329 0.314880
v 0.377776 0.039329 0.303440
v 0.377776 0.239329 0.303440
v 0.372652 0.039329 0.291777
v 0.372652 0.239329 0.291777
v 0.367341 0.039329 0.279916
v 0.367341 0.239329 0.279916
v 0.361849 0.039329 0.267882
v 0.361849 0.239329 0.267882
v 0.356183 0.039329 0.255699
v 0.356183 0.239329 0.255699
v 0.314134 0.039329 0.261029
v 0.314134 0.239329 0.261029
v 0.265869 0.039329 0.266921
v 0.265869 0.239329 0.266921
v 0.212715 0.039329 0.273230
v 0.212715 0.239329 0.273230
v 0.155998 0.039329 0.279810
v 0.155998 0.239329 0.279810
v 0.097046 0.039329 0.286515
v 0.097046 0.239329 0.286515
v 0.037183 0.039329 0.293199
v 0.037183 0.239329 0.293199
v -0.022262 0.039329 0.299716
v -0.022262 0.239329 0.299716
v -0.079965 0.039329 0.305921
v -0.079965 0.239329 0.305921
v -0.134598 0.039329 0.311668
v -0.134598 0.239329 0.311668
v -0.184835 0.039329 0.316810
v -0.184835 0.239329 0.316810
v -0.229350 0.039329 0.321202
v -0.229350 0.239329 0.321202
v -0.266817 0.039329 0.324699
v -0.266817 0.239329 0.324699
v -0.273148 0.039329 0.325259
v -0.273148 0.239329 0.325259
v -0.279632 0.039329 0.325930
v -0.279632 0.239329 0.325930
v -0.286254 0.039329 0.326699
v -0.286254 0.239329 0.326699
v -0.293002 0.039329 0.327551
v -0.293002 0.239329 0.327551
v -0.299861 0.039329 0.328472
v -0.299861 0.239329 0.328472
v -0.306817 0.039329 0.329449
v -0.306817 0.239329 0.329449
v -0.313856 0.039329 0.330467
v -0.313856 0.239329 0.330467
v -0.320965 0.039329 0.331514
v -0.320965 0.239329 0.331514
v -0.328129 0.039329 0.332574
v -0.328129 0.239329 0.332574
v -0.335335 0.039329 0.333634
v -0.335335 0.239329 0.333634
v -0.342569 0.039329 0.334680
v -0.342569 0.239329 0.334680
v -0.349817 0.039329 0.335699
v -0.349817 0.239329 0.335699
v -0.364817 0.039329 0.242699
v -0.364817 0.239329 0.242699
v -0.357239 0.039329 0.242908
v -0.357239 0.239329 0.242908
v -0.349525 0.039329 0.243041
v -0.349525 0.239329 0.243041
v -0.341707 0.039329 0.243105
v -0.341707 0.239329 0.243105
v -0.333817 0.039329 0.243106
v -0.333817 0.239329 0.243106
v -0.325885 0.039329 0.243052
v -0.325885 0.239329 0.243052
v -0.317942 0.039329 0.242949
v -0.317942 0.239329 0.242949
v -0.310020 0.039329 0.242804
v -0.310020 0.239329 0.242804
v -0.302150 0.039329 0.242625
v -0.302150 0.239329 0.242625
v -0.294364 0.039329 0.242418
v -0.294364 0.239329 0.242418
v -0.286692 0.039329 0.242190
v -0.286692 0.239329 0.242190
v -0.279166 0.039329 0.241948
v -0.279166 0.239329 0.241948
v -0.271817 0.039329 0.241699
v -0.271817 0.239329 0.241699
v -0.221817 0.039329 0.238699
v -0.221817 0.239329 0.238699
v 0.987183 0.039329 0.126699
v 0.987183 0.239329 0.126699
v 1.127183 0.039329 0.126699
v 1.127183 0.239329 0.126699
v 1.127183 0.039329 0.017699
v 1.127183 0.239329 0.017699
v 0.987183 0.039329 0.017699
v 0.987183 0.239329 0.017699
v 0.921183 0.039329 0.017699
v 0.921183 0.239329 0.017699
v 0.812183 0.039329 0.017699
v 0.812183 0.239329 0.017699
v 0.812183 0.039329 -0.044301
v 0.812183 0.239329 -0.044301
v 1.309183 0.039329 -0.044301
v 1.309183 0.239329 -0.044301
v 1.309183 0.039329 0.017699
v 1.309183 0.239329 0.017699
v 1.194183 0.039329 0.017699
v 1.194183 0.239329 0.017699
v 1.194183 0.039329 0.126699
v 1.194183 0.239329 0.126699
v 1.330183 0.039329 0.126699
v 1.330183 0.239329 0.126699
v 1.330183 0.039329 0.190699
v 1.330183 0.239329 0.190699
v 1.194183 0.039329 0.190699
v 1.194183 0.239329 0.190699
v 1.194183 0.039329 0.413699
v 1.194183 0.239329 0.413699
v 1.127183 0.039329 0.413699
v 1.127183 0.239329 0.413699
v 1.127183 0.039329 0.190699
v 1.127183 0.239329 0.190699
v 0.985183 0.039329 0.190699
v 0.985183 0.239329 0.190699
v 0.982890 0.039329 0.208215
v 0.982890 0.239329 0.208215
v 0.979419 0.039329 0.227078
v 0.979419 0.239329 0.227078
v 0.974636 0.039329 0.247011
v 0.974636 0.239329 0.247011
v 0.968405 0.039329 0.267736
v 0.968405 0.239329 0.267736
v 0.960591 0.039329 0.288974
v 0.960591 0.239329 0.288974
v 0.951058 0.039329 0.310449
v 0.951058 0.239329 0.310449
v 0.939671 0.039329 0.331882
v 0.939671 0.239329 0.331882
v 0.926295 0.039329 0.352995
v 0.926295 0.239329 0.352995
v 0.910793 0.039329 0.373511
v 0.910793 0.239329 0.373511
v 0.893031 0.039329 0.393153
v 0.893031 0.239329 0.393153
v 0.872873 0.039329 0.411641
v 0.872873 0.239329 0.411641
v 0.850183 0.039329 0.428699
v 0.850183 0.239329 0.428699
v 0.847194 0.039329 0.425063
v 0.847194 0.239329 0.425063
v 0.843771 0.039329 0.421194
v 0.843771 0.239329 0.421194
v 0.839980 0.039329 0.417152
v 0.839980 0.239329 0.417152
v 0.835887 0.039329 0.412995
v 0.835887 0.239329 0.412995
v 0.831558 0.039329 0.408783
v 0.831558 0.239329 0.408783
v 0.827058 0.039329 0.404574
v 0.827058 0.239329 0.404574
v 0.822455 0.039329 0.400427
v 0.822455 0.239329 0.400427
v 0.817813 0.039329 0.396403
v 0.817813 0.239329 0.396403
v 0.813199 0.039329 0.392558
v 0.813199 0.239329 0.392558
v 0.808679 0.039329 0.388954
v 0.808679 0.239329 0.388954
v 0.804318 0.039329 0.385647
v 0.804318 0.239329 0.385647
v 0.800183 0.039329 0.382699
v 0.800183 0.239329 0.382699
v 0.820037 0.039329 0.369315
v 0.820037 0.239329 0.369315
v 0.837679 0.039329 0.354796
v 0.837679 0.239329 0.354796
v 0.853230 0.039329 0.339339
v 0.853230 0.239329 0.339339
v 0.866813 0.039329 0.323143
v 0.866813 0.239329 0.323143
v 0.878549 0.039329 0.306405
v 0.878549 0.239329 0.306405
v 0.888558 0.039329 0.289324
v 0.888558 0.239329 0.289324
v 0.896964 0.039329 0.272096
v 0.896964 0.239329 0.272096
v 0.903887 0.039329 0.254921
v 0.903887 0.239329 0.254921
v 0.909449 0.039329 0.237996
v 0.909449 0.239329 0.237996
v 0.913771 0.039329 0.221518
v 0.913771 0.239329 0.221518
v 0.916975 0.039329 0.205687
v 0.916975 0.239329 0.205687
v 0.919183 0.039329 0.190699
v 0.919183 0.239329 0.190699
v 0.794183 0.039329 0.190699
v 0.794183 0.239329 0.190699
v 0.794183 0.039329 0.126699
v 0.794183 0.239329 0.126699
v 0.921183 0.039329 0.126699
v 0.921183 0.239329 0.126699
v 0.724183 0.039329 -0.165301
v 0.724183 0.239329 -0.165301
v 0.944183 0.039329 -0.165301
v 0.944183 0.239329 -0.165301
v 0.944183 0.039329 -0.252301
v 0.944183 0.239329 -0.252301
v 0.724183 0.039329 -0.252301
v 0.724183 0.239329 -0.252301
v 0.724183 0.039329 -0.387301
v 0.724183 0.239329 -0.387301
v 0.724183 0.039329 -0.305301
v 0.724183 0.239329 -0.305301
v 0.944183 0.039329 -0.305301
v 0.944183 0.239329 -0.305301
v 0.944183 0.039329 -0.387301
v 0.944183 0.239329 -0.387301
v 1.175183 0.039329 -0.164301
v 1.175183 0.239329 -0.164301
v 1.403183 0.039329 -0.164301
v 1.403183 0.239329 -0.164301
v 1.403183 0.039329 -0.252301
v 1.403183 0.239329 -0.252301
v 1.175183 0.039329 -0.252301
v 1.175183 0.239329 -0.252301
v 1.175183 0.039329 -0.387301
v 1.175183 0.239329 -0.387301
v 1.175183 0.039329 -0.305301
v 1.175183 0.239329 -0.305301
v 1.403183 0.039329 -0.305301
v 1.403183 0.239329 -0.305301
v 1.403183 0.039329 -0.387301
v 1.403183 0.239329 -0.387301
v 1.477183 0.039329 0.335699
v 1.477183 0.239329 0.335699
v 1.476970 0.039329 0.346517
v 1.476970 0.239329 0.346517
v 1.476308 0.039329 0.356495
v 1.476308 0.239329 0.356495
v 1.475168 0.039329 0.365668
v 1.475168 0.239329 0.365668
v 1.473517 0.039329 0.374069
v 1.473517 0.239329 0.374069
v 1.471324 0.039329 0.381735
v 1.471324 0.239329 0.381735
v 1.468558 0.039329 0.388699
v 1.468558 0.239329 0.388699
v 1.465189 0.039329 0.394996
v 1.465189 0.239329 0.394996
v 1.461183 0.039329 0.400662
v 1.461183 0.239329 0.400662
v 1.456511 0.039329 0.405730
v 1.456511 0.239329 0.405730
v 1.451142 0.039329 0.410236
v 1.451142 0.239329 0.410236
v 1.445043 0.039329 0.414214
v 1.445043 0.239329 0.414214
v 1.438183 0.039329 0.417699
v 1.438183 0.239329 0.417699
v 1.430262 0.039329 0.420495
v 1.430262 0.239329 0.420495
v 1.421484 0.039329 0.422898
v 1.421484 0.239329 0.422898
v 1.411824 0.039329 0.424933
v 1.411824 0.239329 0.424933
v 1.401257 0.039329 0.426625
v 1.401257 0.239329 0.426625
v 1.389760 0.039329 0.427997
v 1.389760 0.239329 0.427997
v 1.377308 0.039329 0.429074
v 1.377308 0.239329 0.429074
v 1.363877 0.039329 0.429880
v 1.363877 0.239329 0.429880
v 1.349442 0.039329 0.430440
v 1.349442 0.239329 0.430440
v 1.333980 0.039329 0.430777
v 1.333980 0.239329 0.430777
v 1.317466 0.039329 0.430916
v 1.317466 0.239329 0.430916
v 1.299875 0.039329 0.430882
v 1.299875 0.239329 0.430882
v 1.281183 0.039329 0.430699
v 1.281183 0.239329 0.430699
v 1.280521 0.039329 0.425404
v 1.280521 0.239329 0.425404
v 1.279549 0.039329 0.419588
v 1.279549 0.239329 0.419588
v 1.278293 0.039329 0.413355
v 1.278293 0.239329 0.413355
v 1.276776 0.039329 0.406810
v 1.276776 0.239329 0.406810
v 1.275023 0.039329 0.400056
v 1.275023 0.239329 0.400056
v 1.273058 0.039329 0.393199
v 1.273058 0.239329 0.393199
v 1.270906 0.039329 0.386341
v 1.270906 0.239329 0.386341
v 1.268591 0.039329 0.379588
v 1.268591 0.239329 0.379588
v 1.266136 0.039329 0.373043
v 1.266136 0.239329 0.373043
v 1.263567 0.039329 0.366810
v 1.263567 0.239329 0.366810
v 1.260908 0.039329 0.360994
v 1.260908 0.239329 0.360994
v 1.258183 0.039329 0.355699
v 1.258183 0.239329 0.355699
v 1.271871 0.039329 0.355929
v 1.271871 0.239329 0.355929
v 1.285354 0.039329 0.356120
v 1.285354 0.239329 0.356120
v 1.298511 0.039329 0.356277
v 1.298511 0.239329 0.356277
v 1.311220 0.039329 0.356403
v 1.311220 0.239329 0.356403
v 1.323360 0.039329 0.356500
v 1.323360 0.239329 0.356500
v 1.334808 0.039329 0.356574
v 1.334808 0.239329 0.356574
v 1.345444 0.039329 0.356627
v 1.345444 0.239329 0.356627
v 1.355146 0.039329 0.356662
v 1.355146 0.239329 0.356662
v 1.363793 0.039329 0.356683
v 1.363793 0.239329 0.356683
v 1.371262 0.039329 0.356694
v 1.371262 0.239329 0.356694
v 1.377433 0.039329 0.356698
v 1.377433 0.239329 0.356698
v 1.382183 0.039329 0.356699
v 1.382183 0.239329 0.356699
v 1.385958 0.039329 0.356361
v 1.385958 0.239329 0.356361
v 1.389294 0.039329 0.355833
v 1.389294 0.239329 0.355833
v 1.392215 0.039329 0.355089
v 1.392215 0.239329 0.355089
v 1.394739 0.039329 0.354106
v 1.394739 0.239329 0.354106
v 1.396888 0.039329 0.352859
v 1.396888 0.239329 0.352859
v 1.398683 0.039329 0.351324
v 1.398683 0.239329 0.351324
v 1.400145 0.039329 0.349476
v 1.400145 0.239329 0.349476
v 1.401294 0.039329 0.347291
v 1.401294 0.239329 0.347291
v 1.402152 0.039329 0.344746
v 1.402152 0.239329 0.344746
v 1.402739 0.039329 0.341815
v 1.402739 0.239329 0.341815
v 1.403076 0.039329 0.338474
v 1.403076 0.239329 0.338474
v 1.403183 0.039329 0.334699
v 1.403183 0.239329 0.334699
v 1.403183 0.039329 -0.106301
v 1.403183 0.239329 -0.106301
v 1.104183 0.039329 -0.106301
v 1.104183 0.239329 -0.106301
v 1.104183 0.039329 -0.444301
v 1.104183 0.239329 -0.444301
v 1.439183 0.039329 -0.444301
v 1.439183 0.239329 -0.444301
v 1.477183 0.039329 -0.444301
v 1.477183 0.239329 -0.444301
v 1.015183 0.039329 -0.107301
v 1.015183 0.239329 -0.107301
v 0.724183 0.039329 -0.107301
v 0.724183 0.239329 -0.107301
v 0.724183 0.039329 0.433699
v 0.724183 0.239329 0.433699
v 0.650183 0.039329 0.433699
v 0.650183 0.239329 0.433699
v 0.650183 0.039329 -0.444301
v 0.650183 0.239329 -0.444301
v 1.015183 0.039329 -0.444301
v 1.015183 0.239329 -0.444301
v 2.466183 0.039329 0.430699
v 2.466183 0.239329 0.430699
v 2.394183 0.039329 0.430699
v 2.394183 0.239329 0.430699
v 2.394183 0.039329 0.388699
v 2.394183 0.239329 0.388699
v 2.092183 0.039329 0.388699
v 2.092183 0.239329 0.388699
v 2.092183 0.039329 0.432699
v 2.092183 0.239329 0.432699
v 2.023183 0.039329 0.432699
v 2.023183 0.239329 0.432699
v 2.023183 0.039329 0.025699
v 2.023183 0.239329 0.025699
v 2.466183 0.039329 0.025699
v 2.466183 0.239329 0.025699
v 2.394183 0.039329 0.093699
v 2.394183 0.239329 0.093699
v 2.092183 0.039329 0.093699
v 2.092183 0.239329 0.093699
v 2.092183 0.039329 0.321699
v 2.092183 0.239329 0.321699
v 2.394183 0.039329 0.321699
v 2.394183 0.239329 0.321699
v 1.969956 0.039329 -0.128713
v 1.969956 0.239329 -0.128713
v 1.974785 0.039329 -0.130931
v 1.974785 0.239329 -0.130931
v 1.979683 0.039329 -0.133926
v 1.979683 0.239329 -0.133926
v 1.984664 0.039329 -0.137672
v 1.984664 0.239329 -0.137672
v 1.989743 0.039329 -0.142139
v 1.989743 0.239329 -0.142139
v 1.994933 0.039329 -0.147301
v 1.994933 0.239329 -0.147301
v 2.000248 0.039329 -0.153130
v 2.000248 0.239329 -0.153130
v 2.005701 0.039329 -0.159597
v 2.005701 0.239329 -0.159597
v 2.011308 0.039329 -0.166676
v 2.011308 0.239329 -0.166676
v 2.017081 0.039329 -0.174338
v 2.017081 0.239329 -0.174338
v 2.023035 0.039329 -0.182556
v 2.023035 0.239329 -0.182556
v 2.029183 0.039329 -0.191301
v 2.029183 0.239329 -0.191301
v 2.037028 0.039329 -0.202282
v 2.037028 0.239329 -0.202282
v 2.046863 0.039329 -0.216982
v 2.046863 0.239329 -0.216982
v 2.058386 0.039329 -0.235036
v 2.058386 0.239329 -0.235036
v 2.071294 0.039329 -0.256079
v 2.071294 0.239329 -0.256079
v 2.085285 0.039329 -0.279747
v 2.085285 0.239329 -0.279747
v 2.100058 0.039329 -0.305676
v 2.100058 0.239329 -0.305676
v 2.115309 0.039329 -0.333501
v 2.115309 0.239329 -0.333501
v 2.130738 0.039329 -0.362857
v 2.130738 0.239329 -0.362857
v 2.146042 0.039329 -0.393379
v 2.146042 0.239329 -0.393379
v 2.160919 0.039329 -0.424704
v 2.160919 0.239329 -0.424704
v 2.175067 0.039329 -0.456466
v 2.175067 0.239329 -0.456466
v 2.188183 0.039329 -0.488301
v 2.188183 0.239329 -0.488301
v 2.266183 0.039329 -0.466301
v 2.266183 0.239329 -0.466301
v 2.252440 0.039329 -0.437316
v 2.252440 0.239329 -0.437316
v 2.238239 0.039329 -0.408422
v 2.238239 0.239329 -0.408422
v 2.223621 0.039329 -0.379707
v 2.223621 0.239329 -0.379707
v 2.208627 0.039329 -0.351264
v 2.208627 0.239329 -0.351264
v 2.193301 0.039329 -0.323182
v 2.193301 0.239329 -0.323182
v 2.177683 0.039329 -0.295551
v 2.177683 0.239329 -0.295551
v 2.161815 0.039329 -0.268462
v 2.161815 0.239329 -0.268462
v 2.145738 0.039329 -0.242005
v 2.145738 0.239329 -0.242005
v 2.129495 0.039329 -0.216270
v 2.129495 0.239329 -0.216270
v 2.113127 0.039329 -0.191347
v 2.113127 0.239329 -0.191347
v 2.096676 0.039329 -0.167328
v 2.096676 0.239329 -0.167328
v 2.080183 0.039329 -0.144301
v 2.080183 0.239329 -0.144301
v 2.399184 0.039329 -0.164301
v 2.399184 0.239329 -0.164301
v 2.391602 0.039329 -0.177316
v 2.391602 0.239329 -0.177316
v 2.383868 0.039329 -0.190338
v 2.383868 0.239329 -0.190338
v 2.375995 0.039329 -0.203332
v 2.375995 0.239329 -0.203332
v 2.367998 0.039329 -0.216264
v 2.367998 0.239329 -0.216264
v 2.359889 0.039329 -0.229099
v 2.359889 0.239329 -0.229099
v 2.351683 0.039329 -0.241801
v 2.351683 0.239329 -0.241801
v 2.343394 0.039329 -0.254337
v 2.343394 0.239329 -0.254337
v 2.335035 0.039329 -0.266672
v 2.335035 0.239329 -0.266672
v 2.326621 0.039329 -0.278770
v 2.326621 0.239329 -0.278770
v 2.318165 0.039329 -0.290597
v 2.318165 0.239329 -0.290597
v 2.309681 0.039329 -0.302119
v 2.309681 0.239329 -0.302119
v 2.301183 0.039329 -0.313301
v 2.301183 0.239329 -0.313301
v 2.361183 0.039329 -0.342301
v 2.361183 0.239329 -0.342301
v 2.378202 0.039329 -0.319967
v 2.378202 0.239329 -0.319967
v 2.395160 0.039329 -0.296625
v 2.395160 0.239329 -0.296625
v 2.411918 0.039329 -0.272520
v 2.411918 0.239329 -0.272520
v 2.428332 0.039329 -0.247894
v 2.428332 0.239329 -0.247894
v 2.444259 0.039329 -0.222990
v 2.444259 0.239329 -0.222990
v 2.459559 0.039329 -0.198051
v 2.459559 0.239329 -0.198051
v 2.474087 0.039329 -0.173321
v 2.474087 0.239329 -0.173321
v 2.487702 0.039329 -0.149042
v 2.487702 0.239329 -0.149042
v 2.500262 0.039329 -0.125457
v 2.500262 0.239329 -0.125457
v 2.511623 0.039329 -0.102810
v 2.511623 0.239329 -0.102810
v 2.521644 0.039329 -0.081344
v 2.521644 0.239329 -0.081344
v 2.530183 0.039329 -0.061301
v 2.530183 0.239329 -0.061301
v 2.466183 0.039329 -0.028301
v 2.466183 0.239329 -0.028301
v 2.464122 0.039329 -0.033613
v 2.464122 0.239329 -0.033613
v 2.461938 0.039329 -0.039047
v 2.461938 0.239329 -0.039047
v 2.459636 0.039329 -0.044598
v 2.459636 0.239329 -0.044598
v 2.457220 0.039329 -0.050264
v 2.457220 0.239329 -0.050264
v 2.454693 0.039329 -0.056041
v 2.454693 0.239329 -0.056041
v 2.452058 0.039329 -0.061926
v 2.452058 0.239329 -0.061926
v 2.449319 0.039329 -0.067915
v 2.449319 0.239329 -0.067915
v 2.446480 0.039329 -0.074005
v 2.446480 0.239329 -0.074005
v 2.443543 0.039329 -0.080192
v 2.443543 0.239329 -0.080192
v 2.440512 0.039329 -0.086472
v 2.440512 0.239329 -0.086472
v 2.437391 0.039329 -0.092843
v 2.437391 0.239329 -0.092843
v 2.434183 0.039329 -0.099301
v 2.434183 0.239329 -0.099301
v 2.347855 0.039329 -0.092553
v 2.347855 0.239329 -0.092553
v 2.274141 0.039329 -0.086732
v 2.274141 0.239329 -0.086732
v 2.211948 0.039329 -0.081723
v 2.211948 0.239329 -0.081723
v 2.160183 0.039329 -0.077412
v 2.160183 0.239329 -0.077412
v 2.117750 0.039329 -0.073685
v 2.117750 0.239329 -0.073685
v 2.083558 0.039329 -0.070426
v 2.083558 0.239329 -0.070426
v 2.056511 0.039329 -0.067522
v 2.056511 0.239329 -0.067522
v 2.035517 0.039329 -0.064857
v 2.035517 0.239329 -0.064857
v 2.019480 0.039329 -0.062317
v 2.019480 0.239329 -0.062317
v 2.007308 0.039329 -0.059787
v 2.007308 0.239329 -0.059787
v 1.997907 0.039329 -0.057154
v 1.997907 0.239329 -0.057154
v 1.990183 0.039329 -0.054301
v 1.990183 0.239329 -0.054301
v 1.989022 0.039329 -0.058717
v 1.989022 0.239329 -0.058717
v 1.987567 0.039329 -0.063875
v 1.987567 0.239329 -0.063875
v 1.985855 0.039329 -0.069645
v 1.985855 0.239329 -0.069645
v 1.983924 0.039329 -0.075894
v 1.983924 0.239329 -0.075894
v 1.981812 0.039329 -0.082490
v 1.981812 0.239329 -0.082490
v 1.979558 0.039329 -0.089301
v 1.979558 0.239329 -0.089301
v 1.977199 0.039329 -0.096196
v 1.977199 0.239329 -0.096196
v 1.974775 0.039329 -0.103042
v 1.974775 0.239329 -0.103042
v 1.972323 0.039329 -0.109707
v 1.972323 0.239329 -0.109707
v 1.969882 0.039329 -0.116060
v 1.969882 0.239329 -0.116060
v 1.967489 0.039329 -0.121969
v 1.967489 0.239329 -0.121969
v 1.965183 0.039329 -0.127301
v 1.965183 0.239329 -0.127301
v 1.713703 0.039329 0.039760
v 1.713703 0.239329 0.039760
v 1.722257 0.039329 0.045935
v 1.722257 0.239329 0.045935
v 1.730839 0.039329 0.052215
v 1.730839 0.239329 0.052215
v 1.739443 0.039329 0.058588
v 1.739443 0.239329 0.058588
v 1.748060 0.039329 0.065044
v 1.748060 0.239329 0.065044
v 1.756683 0.039329 0.071574
v 1.756683 0.239329 0.071574
v 1.765307 0.039329 0.078166
v 1.765307 0.239329 0.078166
v 1.773924 0.039329 0.084810
v 1.773924 0.239329 0.084810
v 1.782527 0.039329 0.091496
v 1.782527 0.239329 0.091496
v 1.791109 0.039329 0.098213
v 1.791109 0.239329 0.098213
v 1.799664 0.039329 0.104951
v 1.799664 0.239329 0.104951
v 1.808183 0.039329 0.111699
v 1.808183 0.239329 0.111699
v 1.816454 0.039329 0.089282
v 1.816454 0.239329 0.089282
v 1.824267 0.039329 0.066032
v 1.824267 0.239329 0.066032
v 1.831621 0.039329 0.041949
v 1.831621 0.239329 0.041949
v 1.838517 0.039329 0.017032
v 1.838517 0.239329 0.017032
v 1.844954 0.039329 -0.008718
v 1.844954 0.239329 -0.008718
v 1.850933 0.039329 -0.035301
v 1.850933 0.239329 -0.035301
v 1.856454 0.039329 -0.062718
v 1.856454 0.239329 -0.062718
v 1.861517 0.039329 -0.090968
v 1.861517 0.239329 -0.090968
v 1.866121 0.039329 -0.120051
v 1.866121 0.239329 -0.120051
v 1.870267 0.039329 -0.149968
v 1.870267 0.239329 -0.149968
v 1.873954 0.039329 -0.180718
v 1.873954 0.239329 -0.180718
v 1.877183 0.039329 -0.212301
v 1.877183 0.239329 -0.212301
v 1.763183 0.039329 -0.212301
v 1.763183 0.239329 -0.212301
v 1.758624 0.039329 -0.190331
v 1.758624 0.239329 -0.190331
v 1.753957 0.039329 -0.168454
v 1.753957 0.239329 -0.168454
v 1.749199 0.039329 -0.146723
v 1.749199 0.239329 -0.146723
v 1.744369 0.039329 -0.125190
v 1.744369 0.239329 -0.125190
v 1.739483 0.039329 -0.103907
v 1.739483 0.239329 -0.103907
v 1.734558 0.039329 -0.082926
v 1.734558 0.239329 -0.082926
v 1.729614 0.039329 -0.062299
v 1.729614 0.239329 -0.062299
v 1.724665 0.039329 -0.042079
v 1.724665 0.239329 -0.042079
v 1.719730 0.039329 -0.022317
v 1.719730 0.239329 -0.022317
v 1.714827 0.039329 -0.003065
v 1.714827 0.239329 -0.003065
v 1.709972 0.039329 0.015624
v 1.709972 0.239329 0.015624
v 1.705183 0.039329 0.033699
v 1.705183 0.239329 0.033699
v 1.604183 0.039329 -0.212301
v 1.604183 0.239329 -0.212301
v 1.604183 0.039329 -0.282301
v 1.604183 0.239329 -0.282301
v 1.709183 0.039329 -0.282301
v 1.709183 0.239329 -0.282301
v 1.712371 0.039329 -0.299777
v 1.712371 0.239329 -0.299777
v 1.715433 0.039329 -0.317190
v 1.715433 0.239329 -0.317190
v 1.718371 0.039329 -0.334520
v 1.718371 0.239329 -0.334520
v 1.721184 0.039329 -0.351746
v 1.721184 0.239329 -0.351746
v 1.723871 0.039329 -0.368846
v 1.723871 0.239329 -0.368846
v 1.726434 0.039329 -0.385801
v 1.726434 0.239329 -0.385801
v 1.728871 0.039329 -0.402589
v 1.728871 0.239329 -0.402589
v 1.731184 0.039329 -0.419190
v 1.731184 0.239329 -0.419190
v 1.733371 0.039329 -0.435582
v 1.733371 0.239329 -0.435582
v 1.735433 0.039329 -0.451746
v 1.735433 0.239329 -0.451746
v 1.737371 0.039329 -0.467659
v 1.737371 0.239329 -0.467659
v 1.739183 0.039329 -0.483301
v 1.739183 0.239329 -0.483301
v 1.809183 0.039329 -0.478301
v 1.809183 0.239329 -0.478301
v 1.807122 0.039329 -0.462929
v 1.807122 0.239329 -0.462929
v 1.804938 0.039329 -0.447324
v 1.804938 0.239329 -0.447324
v 1.802636 0.039329 -0.431504
v 1.802636 0.239329 -0.431504
v 1.800220 0.039329 -0.415486
v 1.800220 0.239329 -0.415486
v 1.797693 0.039329 -0.399288
v 1.797693 0.239329 -0.399288
v 1.795058 0.039329 -0.382926
v 1.795058 0.239329 -0.382926
v 1.792319 0.039329 -0.366419
v 1.792319 0.239329 -0.366419
v 1.789479 0.039329 -0.349783
v 1.789479 0.239329 -0.349783
v 1.786543 0.039329 -0.333036
v 1.786543 0.239329 -0.333036
v 1.783512 0.039329 -0.316195
v 1.783512 0.239329 -0.316195
v 1.780391 0.039329 -0.299277
v 1.780391 0.239329 -0.299277
v 1.777183 0.039329 -0.282301
v 1.777183 0.239329 -0.282301
v 1.894183 0.039329 -0.282301
v 1.894183 0.239329 -0.282301
v 1.906183 0.039329 -0.284301
v 1.906183 0.239329 -0.284301
v 1.950183 0.039329 -0.277301
v 1.950183 0.239329 -0.277301
v 1.946849 0.039329 -0.232609
v 1.946849 0.239329 -0.232609
v 1.942840 0.039329 -0.189514
v 1.942840 0.239329 -0.189514
v 1.938152 0.039329 -0.147989
v 1.938152 0.239329 -0.147989
v 1.932775 0.039329 -0.108005
v 1.932775 0.239329 -0.108005
v 1.926705 0.039329 -0.069535
v 1.926705 0.239329 -0.069535
v 1.919933 0.039329 -0.032551
v 1.919933 0.239329 -0.032551
v 1.912452 0.039329 0.002974
v 1.912452 0.239329 0.002974
v 1.904257 0.039329 0.037069
v 1.904257 0.239329 0.037069
v 1.895339 0.039329 0.069761
v 1.895339 0.239329 0.069761
v 1.885692 0.039329 0.101078
v 1.885692 0.239329 0.101078
v 1.875309 0.039329 0.131048
v 1.875309 0.239329 0.131048
v 1.864183 0.039329 0.159699
v 1.864183 0.239329 0.159699
v 1.875053 0.039329 0.169445
v 1.875053 0.239329 0.169445
v 1.885650 0.039329 0.179171
v 1.885650 0.239329 0.179171
v 1.895948 0.039329 0.188855
v 1.895948 0.239329 0.188855
v 1.905923 0.039329 0.198477
v 1.905923 0.239329 0.198477
v 1.915551 0.039329 0.208015
v 1.915551 0.239329 0.208015
v 1.924807 0.039329 0.217449
v 1.924807 0.239329 0.217449
v 1.933668 0.039329 0.226758
v 1.933668 0.239329 0.226758
v 1.942108 0.039329 0.235921
v 1.942108 0.239329 0.235921
v 1.950104 0.039329 0.244918
v 1.950104 0.239329 0.244918
v 1.957632 0.039329 0.253727
v 1.957632 0.239329 0.253727
v 1.964666 0.039329 0.262327
v 1.964666 0.239329 0.262327
v 1.971183 0.039329 0.270699
v 1.971183 0.239329 0.270699
v 1.925183 0.039329 0.331699
v 1.925183 0.239329 0.331699
v 1.919457 0.039329 0.323867
v 1.919457 0.239329 0.323867
v 1.913294 0.039329 0.315875
v 1.913294 0.239329 0.315875
v 1.906714 0.039329 0.307730
v 1.906714 0.239329 0.307730
v 1.899738 0.039329 0.299440
v 1.899738 0.239329 0.299440
v 1.892388 0.039329 0.291010
v 1.892388 0.239329 0.291010
v 1.884683 0.039329 0.282449
v 1.884683 0.239329 0.282449
v 1.876645 0.039329 0.273762
v 1.876645 0.239329 0.273762
v 1.868294 0.039329 0.264958
v 1.868294 0.239329 0.264958
v 1.859652 0.039329 0.256043
v 1.859652 0.239329 0.256043
v 1.850739 0.039329 0.247023
v 1.850739 0.239329 0.247023
v 1.841575 0.039329 0.237906
v 1.841575 0.239329 0.237906
v 1.832183 0.039329 0.228699
v 1.832183 0.239329 0.228699
v 1.819911 0.039329 0.250682
v 1.819911 0.239329 0.250682
v 1.807091 0.039329 0.271648
v 1.807091 0.239329 0.271648
v 1.793714 0.039329 0.291621
v 1.793714 0.239329 0.291621
v 1.779776 0.039329 0.310625
v 1.779776 0.239329 0.310625
v 1.765268 0.039329 0.328684
v 1.765268 0.239329 0.328684
v 1.750183 0.039329 0.345824
v 1.750183 0.239329 0.345824
v 1.734515 0.039329 0.362067
v 1.734515 0.239329 0.362067
v 1.718257 0.039329 0.377440
v 1.718257 0.239329 0.377440
v 1.701402 0.039329 0.391964
v 1.701402 0.239329 0.391964
v 1.683943 0.039329 0.405666
v 1.683943 0.239329 0.405666
v 1.665872 0.039329 0.418570
v 1.665872 0.239329 0.418570
v 1.647183 0.039329 0.430699
v 1.647183 0.239329 0.430699
v 1.644484 0.039329 0.426024
v 1.644484 0.239329 0.426024
v 1.641416 0.039329 0.421051
v 1.641416 0.239329 0.421051
v 1.638028 0.039329 0.415855
v 1.638028 0.239329 0.415855
v 1.634369 0.039329 0.410514
v 1.634369 0.239329 0.410514
v 1.630488 0.039329 0.405103
v 1.630488 0.239329 0.405103
v 1.626434 0.039329 0.399699
v 1.626434 0.239329 0.399699
v 1.622254 0.039329 0.394378
v 1.622254 0.239329 0.394378
v 1.617998 0.039329 0.389217
v 1.617998 0.239329 0.389217
v 1.613715 0.039329 0.384293
v 1.613715 0.239329 0.384293
v 1.609452 0.039329 0.379680
v 1.609452 0.239329 0.379680
v 1.605259 0.039329 0.375457
v 1.605259 0.239329 0.375457
v 1.601183 0.039329 0.371699
v 1.601183 0.239329 0.371699
v 1.618912 0.039329 0.361427
v 1.618912 0.239329 0.361427
v 1.636100 0.039329 0.350111
v 1.636100 0.239329 0.350111
v 1.652746 0.039329 0.337746
v 1.652746 0.239329 0.337746
v 1.668850 0.039329 0.324328
v 1.668850 0.239329 0.324328
v 1.684413 0.039329 0.309856
v 1.684413 0.239329 0.309856
v 1.699434 0.039329 0.294324
v 1.699434 0.239329 0.294324
v 1.713913 0.039329 0.277730
v 1.713913 0.239329 0.277730
v 1.727850 0.039329 0.260069
v 1.727850 0.239329 0.260069
v 1.741246 0.039329 0.241339
v 1.741246 0.239329 0.241339
v 1.754100 0.039329 0.221537
v 1.754100 0.239329 0.221537
v 1.766412 0.039329 0.200658
v 1.766412 0.239329 0.200658
v 1.778183 0.039329 0.178699
v 1.778183 0.239329 0.178699
v 1.765854 0.039329 0.168204
v 1.765854 0.239329 0.168204
v 1.753382 0.039329 0.157736
v 1.753382 0.239329 0.157736
v 1.740793 0.039329 0.147324
v 1.740793 0.239329 0.147324
v 1.728109 0.039329 0.136995
v 1.728109 0.239329 0.136995
v 1.715356 0.039329 0.126778
v 1.715356 0.239329 0.126778
v 1.702558 0.039329 0.116699
v 1.702558 0.239329 0.116699
v 1.689739 0.039329 0.106787
v 1.689739 0.239329 0.106787
v 1.676924 0.039329 0.097069
v 1.676924 0.239329 0.097069
v 1.664136 0.039329 0.087574
v 1.664136 0.239329 0.087574
v 1.651401 0.039329 0.078328
v 1.651401 0.239329 0.078328
v 1.638742 0.039329 0.069361
v 1.638742 0.239329 0.069361
v 1.626183 0.039329 0.060699
v 1.626183 0.239329 0.060699
v 1.631972 0.039329 0.042379
v 1.631972 0.239329 0.042379
v 1.637822 0.039329 0.022977
v 1.637822 0.239329 0.022977
v 1.643715 0.039329 0.002574
v 1.643715 0.239329 0.002574
v 1.649628 0.039329 -0.018746
v 1.649628 0.239329 -0.018746
v 1.655541 0.039329 -0.040898
v 1.655541 0.239329 -0.040898
v 1.661433 0.039329 -0.063801
v 1.661433 0.239329 -0.063801
v 1.667284 0.039329 -0.087371
v 1.667284 0.239329 -0.087371
v 1.673073 0.039329 -0.111523
v 1.673073 0.239329 -0.111523
v 1.678777 0.039329 -0.136176
v 1.678777 0.239329 -0.136176
v 1.684378 0.039329 -0.161246
v 1.684378 0.239329 -0.161246
v 1.689853 0.039329 -0.186648
v 1.689853 0.239329 -0.186648
v 1.695183 0.039329 -0.212301
v 1.695183 0.239329 -0.212301
vn -0.0000 1.0000 -0.0000
vn -0.0000 -1.0000 -0.0000
vn -0.8889 -0.0000 0.4580
vn -0.3347 -0.0000 0.9423
vn -0.8839 -0.0000 0.4677
vn -0.8791 -0.0000 0.4766
vn -0.8744 -0.0000 0.4852
vn -0.8697 -0.0000 0.4936
vn -0.8647 -0.0000 0.5023
vn -0.8592 -0.0000 0.5116
vn -0.8532 -0.0000 0.5216
vn -0.8462 -0.0000 0.5329
vn -0.8379 -0.0000 0.5459
vn -0.8277 -0.0000 0.5612
vn -0.9617 -0.0000 -0.2741
vn 0.2774 -0.0000 -0.9607
vn 0.8296 -0.0000 -0.5584
vn 0.8365 -0.0000 -0.5480
vn 0.8423 -0.0000 -0.5390
vn 0.8475 -0.0000 -0.5308
vn 0.8524 -0.0000 -0.5229
vn 0.8571 -0.0000 -0.5151
vn 0.8619 -0.0000 -0.5070
vn 0.8670 -0.0000 -0.4983
vn 0.8725 -0.0000 -0.4886
vn 0.8787 -0.0000 -0.4774
vn 0.8860 -0.0000 -0.4638
vn 0.9430 -0.0000 0.3329
vn -0.8862 -0.0000 0.4634
vn -0.3313 -0.0000 0.9435
vn -0.8819 -0.0000 0.4715
vn -0.8773 -0.0000 0.4800
vn -0.8722 -0.0000 0.4892
vn -0.8665 -0.0000 0.4992
vn -0.8601 -0.0000 0.5101
vn -0.8527 -0.0000 0.5224
vn -0.8440 -0.0000 0.5363
vn -0.8337 -0.0000 0.5522
vn -0.8213 -0.0000 0.5705
vn -0.8059 -0.0000 0.5921
vn -0.9673 -0.0000 -0.2538
vn 0.2741 -0.0000 -0.9617
vn 0.8251 -0.0000 -0.5650
vn 0.8309 -0.0000 -0.5564
vn 0.8360 -0.0000 -0.5488
vn 0.8406 -0.0000 -0.5417
vn 0.8450 -0.0000 -0.5347
vn 0.8495 -0.0000 -0.5276
vn 0.8541 -0.0000 -0.5201
vn 0.8592 -0.0000 -0.5117
vn 0.8649 -0.0000 -0.5020
vn 0.8715 -0.0000 -0.4903
vn 0.8797 -0.0000 -0.4755
vn 0.9450 -0.0000 0.3271
vn 0.8797 -0.0000 -0.4756
vn 0.9454 -0.0000 0.3258
vn 0.9456 -0.0000 0.3252
vn 0.9447 -0.0000 0.3281
vn 0.9434 -0.0000 0.3317
vn 0.9416 -0.0000 0.3367
vn 0.9393 -0.0000 0.3431
vn 0.9365 -0.0000 0.3506
vn 0.9332 -0.0000 0.3594
vn 0.9293 -0.0000 0.3694
vn 0.9248 -0.0000 0.3805
vn 0.9196 -0.0000 0.3928
vn -0.0017 -0.0000 -1.0000
vn -0.0069 -0.0000 -1.0000
vn -0.0137 -0.0000 -0.9999
vn -0.0207 -0.0000 -0.9998
vn -0.0282 -0.0000 -0.9996
vn -0.0363 -0.0000 -0.9993
vn -0.0453 -0.0000 -0.9990
vn -0.0553 -0.0000 -0.9985
vn -0.0668 -0.0000 -0.9978
vn -0.0801 -0.0000 -0.9968
vn -0.0958 -0.0000 -0.9954
vn -0.1145 -0.0000 -0.9934
vn 0.6615 -0.0000 -0.7499
vn 0.6854 -0.0000 0.7282
vn -0.0570 -0.0000 0.9984
vn -0.0506 -0.0000 0.9987
vn -0.0448 -0.0000 0.9990
vn -0.0396 -0.0000 0.9992
vn -0.0349 -0.0000 0.9994
vn -0.0303 -0.0000 0.9995
vn -0.0259 -0.0000 0.9997
vn -0.0215 -0.0000 0.9998
vn -0.0169 -0.0000 0.9999
vn -0.0120 -0.0000 0.9999
vn -0.0064 -0.0000 1.0000
vn -0.0017 -0.0000 1.0000
vn 0.6759 -0.0000 0.7370
vn 0.9929 -0.0000 0.1189
vn 0.9824 -0.0000 0.1868
vn 0.9658 -0.0000 0.2594
vn 0.9420 -0.0000 0.3357
vn 0.9104 -0.0000 0.4138
vn 0.8709 -0.0000 0.4915
vn 0.8240 -0.0000 0.5665
vn 0.7712 -0.0000 0.6366
vn 0.7142 -0.0000 0.7000
vn 0.6552 -0.0000 0.7555
vn 0.5964 -0.0000 0.8027
vn 0.0020 -0.0000 1.0000
vn -0.9938 -0.0000 -0.1110
vn -0.3801 -0.0000 -0.9250
vn -0.4043 -0.0000 -0.9146
vn -0.4275 -0.0000 -0.9040
vn -0.4499 -0.0000 -0.8931
vn -0.4719 -0.0000 -0.8816
vn -0.4936 -0.0000 -0.8697
vn -0.5154 -0.0000 -0.8569
vn -0.5375 -0.0000 -0.8433
vn -0.5600 -0.0000 -0.8285
vn -0.5834 -0.0000 -0.8122
vn -0.6078 -0.0000 -0.7941
vn -0.6225 -0.0000 -0.7826
vn -0.6480 -0.0000 -0.7617
vn -0.6945 -0.0000 -0.7195
vn -0.7419 -0.0000 -0.6705
vn -0.7886 -0.0000 -0.6149
vn -0.8330 -0.0000 -0.5533
vn -0.8736 -0.0000 -0.4866
vn -0.9094 -0.0000 -0.4160
vn -0.9393 -0.0000 -0.3432
vn -0.9630 -0.0000 -0.2697
vn -0.9804 -0.0000 -0.1970
vn -0.9920 -0.0000 -0.1265
vn -0.7389 -0.0000 0.6739
vn 0.5075 -0.0000 0.8617
vn -0.7389 -0.0000 0.6738
vn 0.8672 -0.0000 0.4980
vn 0.8525 -0.0000 0.5227
vn 0.8382 -0.0000 0.5454
vn 0.8238 -0.0000 0.5669
vn 0.8090 -0.0000 0.5879
vn 0.7933 -0.0000 0.6089
vn 0.7762 -0.0000 0.6305
vn 0.7571 -0.0000 0.6533
vn 0.7351 -0.0000 0.6780
vn 0.7089 -0.0000 0.7053
vn 0.6768 -0.0000 0.7361
vn 0.0912 -0.0000 0.9958
vn -0.9980 -0.0000 0.0625
vn -0.6390 -0.0000 -0.7692
vn -0.6821 -0.0000 -0.7312
vn -0.7163 -0.0000 -0.6978
vn -0.7440 -0.0000 -0.6682
vn -0.7668 -0.0000 -0.6419
vn -0.7861 -0.0000 -0.6182
vn -0.8026 -0.0000 -0.5965
vn -0.8173 -0.0000 -0.5762
vn -0.8305 -0.0000 -0.5569
vn -0.8430 -0.0000 -0.5380
vn -0.8551 -0.0000 -0.5185
vn -0.8736 -0.0000 -0.4867
vn -0.8909 -0.0000 -0.4542
vn -0.9009 -0.0000 -0.4339
vn -0.9100 -0.0000 -0.4146
vn -0.9182 -0.0000 -0.3961
vn -0.9256 -0.0000 -0.3784
vn -0.9324 -0.0000 -0.3614
vn -0.9385 -0.0000 -0.3451
vn -0.9442 -0.0000 -0.3295
vn -0.9493 -0.0000 -0.3144
vn -0.9540 -0.0000 -0.2997
vn -0.9584 -0.0000 -0.2855
vn -0.9596 -0.0000 -0.2813
vn -0.9616 -0.0000 -0.2743
vn -0.9669 -0.0000 -0.2550
vn -0.9717 -0.0000 -0.2362
vn -0.9760 -0.0000 -0.2179
vn -0.9798 -0.0000 -0.1999
vn -0.9833 -0.0000 -0.1821
vn -0.9864 -0.0000 -0.1646
vn -0.9891 -0.0000 -0.1472
vn -0.9915 -0.0000 -0.1297
vn -0.9937 -0.0000 -0.1122
vn -0.9955 -0.0000 -0.0946
vn -0.9937 -0.0000 -0.1123
vn -0.6018 -0.0000 -0.7986
vn 0.8761 -0.0000 -0.4821
vn 0.9325 -0.0000 0.3613
vn 0.9336 -0.0000 0.3583
vn 0.9346 -0.0000 0.3556
vn 0.9336 -0.0000 0.3584
vn 0.9356 -0.0000 0.3530
vn 0.9366 -0.0000 0.3505
vn 0.9375 -0.0000 0.3479
vn 0.9385 -0.0000 0.3454
vn 0.9394 -0.0000 0.3428
vn 0.9404 -0.0000 0.3401
vn 0.9415 -0.0000 0.3371
vn 0.9426 -0.0000 0.3339
vn 0.9444 -0.0000 0.3288
vn -0.0000 -0.0000 -1.0000
vn -0.0025 -0.0000 -1.0000
vn -0.0098 -0.0000 -1.0000
vn -0.0195 -0.0000 -0.9998
vn -0.0290 -0.0000 -0.9996
vn -0.0381 -0.0000 -0.9993
vn -0.0469 -0.0000 -0.9989
vn -0.0633 -0.0000 -0.9980
vn -0.0706 -0.0000 -0.9975
vn -0.0772 -0.0000 -0.9970
vn -0.0828 -0.0000 -0.9966
vn -0.0873 -0.0000 -0.9962
vn 0.6748 -0.0000 -0.7380
vn 0.6868 -0.0000 0.7268
vn -0.0607 -0.0000 0.9982
vn -0.0666 -0.0000 0.9978
vn -0.0686 -0.0000 0.9976
vn -0.0677 -0.0000 0.9977
vn -0.0648 -0.0000 0.9979
vn -0.0600 -0.0000 0.9982
vn -0.0537 -0.0000 0.9986
vn -0.0459 -0.0000 0.9989
vn -0.0366 -0.0000 0.9993
vn -0.0136 -0.0000 0.9999
vn -0.0035 -0.0000 1.0000
vn -0.0000 -0.0000 1.0000
vn 0.0015 -0.0000 1.0000
vn 0.0060 -0.0000 1.0000
vn 0.0119 -0.0000 0.9999
vn 0.0178 -0.0000 0.9998
vn 0.0238 -0.0000 0.9997
vn 0.0300 -0.0000 0.9996
vn 0.0365 -0.0000 0.9993
vn 0.0435 -0.0000 0.9991
vn 0.0512 -0.0000 0.9987
vn 0.0599 -0.0000 0.9982
vn 0.0699 -0.0000 0.9976
vn 0.0819 -0.0000 0.9966
vn -0.6751 -0.0000 0.7378
vn -0.6837 -0.0000 -0.7297
vn 0.0633 -0.0000 -0.9980
vn -0.6838 -0.0000 -0.7297
vn 0.0597 -0.0000 -0.9982
vn 0.0557 -0.0000 -0.9984
vn 0.0514 -0.0000 -0.9987
vn 0.0467 -0.0000 -0.9989
vn 0.0415 -0.0000 -0.9991
vn 0.0360 -0.0000 -0.9994
vn 0.0299 -0.0000 -0.9996
vn 0.0234 -0.0000 -0.9997
vn 0.0162 -0.0000 -0.9999
vn 0.0084 -0.0000 -1.0000
vn 0.0022 -0.0000 -1.0000
vn -0.9399 -0.0000 -0.3416
vn -0.9345 -0.0000 -0.3559
vn -0.9435 -0.0000 -0.3315
vn -0.9461 -0.0000 -0.3238
vn -0.9482 -0.0000 -0.3176
vn -0.9499 -0.0000 -0.3124
vn -0.9515 -0.0000 -0.3077
vn -0.9529 -0.0000 -0.3033
vn -0.9544 -0.0000 -0.2986
vn -0.9529 -0.0000 -0.3032
vn -0.9561 -0.0000 -0.2931
vn -0.9583 -0.0000 -0.2858
vn -0.9642 -0.0000 -0.2650
vn -0.9697 -0.0000 -0.2444
vn -0.9719 -0.0000 -0.2353
vn -0.9697 -0.0000 -0.2443
vn -0.9743 -0.0000 -0.2251
vn -0.9769 -0.0000 -0.2138
vn -0.9795 -0.0000 -0.2014
vn -0.9821 -0.0000 -0.1882
vn -0.9847 -0.0000 -0.1745
vn -0.9870 -0.0000 -0.1606
vn -0.9891 -0.0000 -0.1471
vn -0.9909 -0.0000 -0.1347
vn -0.9923 -0.0000 -0.1238
vn -0.9909 -0.0000 -0.1348
vn -0.5868 -0.0000 -0.8097
vn -0.9923 -0.0000 -0.1239
vn 0.8796 -0.0000 -0.4757
vn 0.9278 -0.0000 0.3731
vn 0.9278 -0.0000 0.3730
vn 0.9288 -0.0000 0.3707
vn 0.9279 -0.0000 0.3729
vn 0.9304 -0.0000 0.3665
vn 0.9327 -0.0000 0.3607
vn 0.9354 -0.0000 0.3535
vn 0.9385 -0.0000 0.3452
vn 0.9419 -0.0000 0.3360
vn 0.9385 -0.0000 0.3451
vn 0.9453 -0.0000 0.3263
vn 0.9487 -0.0000 0.3162
vn 0.9521 -0.0000 0.3059
vn 0.9542 -0.0000 0.2992
vn 0.9541 -0.0000 0.2996
vn 0.9530 -0.0000 0.3030
vn 0.9521 -0.0000 0.3058
vn 0.9513 -0.0000 0.3083
vn 0.9504 -0.0000 0.3110
vn 0.9494 -0.0000 0.3139
vn 0.9483 -0.0000 0.3173
vn 0.9469 -0.0000 0.3215
vn 0.9451 -0.0000 0.3268
vn 0.9389 -0.0000 0.3442
vn 0.7933 -0.0000 -0.6089
vn -0.0976 -0.0000 -0.9952
vn -0.1003 -0.0000 -0.9950
vn -0.1027 -0.0000 -0.9947
vn -0.1051 -0.0000 -0.9945
vn -0.1076 -0.0000 -0.9942
vn -0.1101 -0.0000 -0.9939
vn -0.1128 -0.0000 -0.9936
vn -0.1159 -0.0000 -0.9933
vn -0.1194 -0.0000 -0.9928
vn -0.1235 -0.0000 -0.9923
vn -0.1287 -0.0000 -0.9917
vn -0.8857 -0.0000 -0.4642
vn -0.8879 -0.0000 0.4601
vn -0.8833 -0.0000 0.4687
vn -0.8785 -0.0000 0.4777
vn -0.8834 -0.0000 0.4687
vn -0.8733 -0.0000 0.4872
vn -0.8676 -0.0000 0.4973
vn -0.8611 -0.0000 0.5084
vn -0.8538 -0.0000 0.5205
vn -0.8455 -0.0000 0.5340
vn -0.8539 -0.0000 0.5205
vn -0.8356 -0.0000 0.5493
vn -0.8455 -0.0000 0.5341
vn -0.8238 -0.0000 0.5668
vn -0.8095 -0.0000 0.5872
vn -0.9684 -0.0000 -0.2494
vn 0.2747 -0.0000 -0.9615
vn -0.9684 -0.0000 -0.2493
vn 0.8382 -0.0000 -0.5454
vn 0.8496 -0.0000 -0.5275
vn 0.8584 -0.0000 -0.5129
vn 0.8658 -0.0000 -0.5004
vn 0.8723 -0.0000 -0.4890
vn 0.8783 -0.0000 -0.4781
vn 0.8842 -0.0000 -0.4671
vn 0.8903 -0.0000 -0.4554
vn 0.8970 -0.0000 -0.4421
vn 0.9047 -0.0000 -0.4260
vn 0.9143 -0.0000 -0.4051
vn 0.9320 -0.0000 0.3625
vn -0.3870 -0.0000 0.9221
vn -0.9373 -0.0000 0.3484
vn -0.9342 -0.0000 0.3567
vn -0.9312 -0.0000 0.3644
vn -0.9283 -0.0000 0.3718
vn -0.9254 -0.0000 0.3789
vn -0.9226 -0.0000 0.3858
vn -0.9255 -0.0000 0.3788
vn -0.9198 -0.0000 0.3924
vn -0.9226 -0.0000 0.3857
vn -0.9170 -0.0000 0.3990
vn -0.9141 -0.0000 0.4055
vn -0.9112 -0.0000 0.4120
vn -0.9141 -0.0000 0.4054
vn -0.9082 -0.0000 0.4184
vn -0.9112 -0.0000 0.4119
vn -0.4836 -0.0000 0.8753
vn -0.9083 -0.0000 0.4184
vn 0.1235 -0.0000 0.9923
vn 0.1195 -0.0000 0.9928
vn 0.1166 -0.0000 0.9932
vn 0.1141 -0.0000 0.9935
vn 0.1120 -0.0000 0.9937
vn 0.1100 -0.0000 0.9939
vn 0.1079 -0.0000 0.9942
vn 0.1058 -0.0000 0.9944
vn 0.1032 -0.0000 0.9947
vn 0.1000 -0.0000 0.9950
vn 0.0956 -0.0000 0.9954
vn 0.0905 -0.0000 0.9959
vn 0.1091 -0.0000 0.9940
vn 0.1203 -0.0000 0.9927
vn 0.1292 -0.0000 0.9916
vn 0.1361 -0.0000 0.9907
vn 0.1411 -0.0000 0.9900
vn 0.1444 -0.0000 0.9895
vn 0.1460 -0.0000 0.9893
vn 0.1412 -0.0000 0.9900
vn -0.5937 -0.0000 0.8047
vn -0.7523 -0.0000 -0.6588
vn 0.0224 -0.0000 -0.9997
vn 0.0127 -0.0000 -0.9999
vn 0.0041 -0.0000 -1.0000
vn -0.0034 -0.0000 -1.0000
vn -0.0099 -0.0000 -1.0000
vn -0.0156 -0.0000 -0.9999
vn -0.0205 -0.0000 -0.9998
vn -0.0247 -0.0000 -0.9997
vn -0.0309 -0.0000 -0.9995
vn -0.0330 -0.0000 -0.9995
vn -0.5883 -0.0000 -0.8087
vn -0.7071 -0.0000 -0.7071
vn 0.7071 -0.0000 -0.7071
vn -0.7071 -0.0000 0.7071
vn 0.7071 -0.0000 0.7071
vn 0.6596 -0.0000 0.7516
vn 0.9878 -0.0000 0.1554
vn 0.9783 -0.0000 0.2072
vn 0.9654 -0.0000 0.2607
vn 0.9485 -0.0000 0.3167
vn 0.9267 -0.0000 0.3757
vn 0.9485 -0.0000 0.3168
vn 0.8991 -0.0000 0.4377
vn 0.8645 -0.0000 0.5026
vn 0.8220 -0.0000 0.5695
vn 0.7705 -0.0000 0.6374
vn 0.7096 -0.0000 0.7046
vn 0.6392 -0.0000 0.7691
vn -0.1188 -0.0000 0.9929
vn -0.7608 -0.0000 0.6490
vn -0.7392 -0.0000 0.6735
vn -0.7608 -0.0000 0.6489
vn -0.7210 -0.0000 0.6929
vn -0.7393 -0.0000 0.6734
vn -0.7050 -0.0000 0.7092
vn -0.6903 -0.0000 0.7235
vn -0.6762 -0.0000 0.7367
vn -0.6903 -0.0000 0.7236
vn -0.6622 -0.0000 0.7493
vn -0.6476 -0.0000 0.7619
vn -0.6318 -0.0000 0.7751
vn -0.6139 -0.0000 0.7894
vn -0.6319 -0.0000 0.7751
vn -0.5924 -0.0000 0.8056
vn -0.9999 -0.0000 -0.0131
vn -0.5925 -0.0000 0.8056
vn -0.5979 -0.0000 -0.8016
vn -0.9999 -0.0000 -0.0132
vn -0.6709 -0.0000 -0.7415
vn -0.7363 -0.0000 -0.6766
vn -0.7932 -0.0000 -0.6089
vn -0.8415 -0.0000 -0.5403
vn -0.8814 -0.0000 -0.4724
vn -0.9137 -0.0000 -0.4064
vn -0.9591 -0.0000 -0.2831
vn -0.9741 -0.0000 -0.2261
vn -0.9851 -0.0000 -0.1721
vn -0.9741 -0.0000 -0.2262
vn -0.7569 -0.0000 0.6535
vn -0.7569 -0.0000 0.6536
vn 0.9991 -0.0000 0.0429
vn 1.0000 -0.0000 0.0099
vn 0.9955 -0.0000 0.0948
vn 0.9991 -0.0000 0.0430
vn 0.9874 -0.0000 0.1582
vn 0.9722 -0.0000 0.2341
vn 0.9466 -0.0000 0.3224
vn 0.9722 -0.0000 0.2342
vn 0.9070 -0.0000 0.4211
vn 0.9466 -0.0000 0.3225
vn 0.8508 -0.0000 0.5255
vn 0.7776 -0.0000 0.6288
vn 0.8508 -0.0000 0.5256
vn 0.6904 -0.0000 0.7234
vn 0.7775 -0.0000 0.6288
vn 0.5956 -0.0000 0.8033
vn 0.5004 -0.0000 0.8658
vn 0.3937 -0.0000 0.9192
vn 0.5003 -0.0000 0.8658
vn 0.2986 -0.0000 0.9544
vn 0.2352 -0.0000 0.9719
vn 0.1822 -0.0000 0.9833
vn 0.1383 -0.0000 0.9904
vn 0.1024 -0.0000 0.9947
vn 0.0730 -0.0000 0.9973
vn 0.1023 -0.0000 0.9947
vn 0.0493 -0.0000 0.9988
vn 0.0303 -0.0000 0.9995
vn 0.0151 -0.0000 0.9999
vn 0.0033 -0.0000 1.0000
vn -0.0059 -0.0000 1.0000
vn -0.6654 -0.0000 0.7464
vn -0.9895 -0.0000 0.1445
vn -0.6654 -0.0000 0.7465
vn -0.9834 -0.0000 0.1813
vn -0.9773 -0.0000 0.2117
vn -0.9835 -0.0000 0.1812
vn -0.9711 -0.0000 0.2385
vn -0.9647 -0.0000 0.2634
vn -0.9578 -0.0000 0.2875
vn -0.9647 -0.0000 0.2633
vn -0.9501 -0.0000 0.3119
vn -0.9413 -0.0000 0.3377
vn -0.9306 -0.0000 0.3661
vn -0.9412 -0.0000 0.3378
vn -0.9172 -0.0000 0.3985
vn -0.9306 -0.0000 0.3662
vn -0.8996 -0.0000 0.4368
vn -0.8493 -0.0000 -0.5279
vn 0.0155 -0.0000 -0.9999
vn 0.0131 -0.0000 -0.9999
vn 0.0109 -0.0000 -0.9999
vn 0.0090 -0.0000 -1.0000
vn 0.0072 -0.0000 -1.0000
vn 0.0057 -0.0000 -1.0000
vn 0.0043 -0.0000 -1.0000
vn 0.0031 -0.0000 -1.0000
vn 0.0020 -0.0000 -1.0000
vn 0.0011 -0.0000 -1.0000
vn 0.0004 -0.0000 -1.0000
vn -0.0445 -0.0000 -0.9990
vn -0.1228 -0.0000 -0.9924
vn -0.2018 -0.0000 -0.9794
vn -0.3054 -0.0000 -0.9522
vn -0.4337 -0.0000 -0.9011
vn -0.5783 -0.0000 -0.8158
vn -0.7204 -0.0000 -0.6935
vn -0.5784 -0.0000 -0.8158
vn -0.8382 -0.0000 -0.5454
vn -0.7206 -0.0000 -0.6934
vn -0.9193 -0.0000 -0.3937
vn -0.8383 -0.0000 -0.5453
vn -0.9660 -0.0000 -0.2584
vn -0.9889 -0.0000 -0.1485
vn -0.9661 -0.0000 -0.2583
vn -0.9979 -0.0000 -0.0644
vn -0.9889 -0.0000 -0.1484
vn -0.9999 -0.0000 -0.0142
vn -0.9979 -0.0000 -0.0645
vn -0.9999 -0.0000 -0.0143
vn -0.4703 -0.0000 -0.8825
vn -0.3514 -0.0000 -0.9362
vn -0.5620 -0.0000 -0.8271
vn -0.4704 -0.0000 -0.8825
vn -0.6312 -0.0000 -0.7756
vn -0.6831 -0.0000 -0.7303
vn -0.7223 -0.0000 -0.6916
vn -0.6832 -0.0000 -0.7302
vn -0.7518 -0.0000 -0.6593
vn -0.7743 -0.0000 -0.6329
vn -0.7519 -0.0000 -0.6593
vn -0.7913 -0.0000 -0.6114
vn -0.7743 -0.0000 -0.6328
vn -0.8043 -0.0000 -0.5943
vn -0.7914 -0.0000 -0.6114
vn -0.8139 -0.0000 -0.5809
vn -0.8159 -0.0000 -0.5782
vn -0.8225 -0.0000 -0.5688
vn -0.8371 -0.0000 -0.5471
vn -0.8477 -0.0000 -0.5305
vn -0.8567 -0.0000 -0.5159
vn -0.8477 -0.0000 -0.5304
vn -0.8649 -0.0000 -0.5020
vn -0.8729 -0.0000 -0.4879
vn -0.8811 -0.0000 -0.4730
vn -0.8896 -0.0000 -0.4567
vn -0.8987 -0.0000 -0.4386
vn -0.9085 -0.0000 -0.4180
vn -0.9191 -0.0000 -0.3940
vn -0.4372 -0.0000 -0.8993
vn 0.9104 -0.0000 -0.4137
vn -0.4373 -0.0000 -0.8993
vn 0.9005 -0.0000 0.4348
vn 0.9104 -0.0000 -0.4138
vn 0.8943 -0.0000 0.4474
vn 0.8879 -0.0000 0.4600
vn 0.8812 -0.0000 0.4727
vn 0.8742 -0.0000 0.4856
vn 0.8667 -0.0000 0.4988
vn 0.8588 -0.0000 0.5124
vn 0.8502 -0.0000 0.5265
vn 0.8408 -0.0000 0.5414
vn 0.8305 -0.0000 0.5570
vn 0.8190 -0.0000 0.5737
vn 0.8747 -0.0000 -0.4846
vn 0.8191 -0.0000 0.5737
vn -0.8822 -0.0000 -0.4709
vn -0.8619 -0.0000 0.5070
vn -0.8575 -0.0000 0.5144
vn -0.8620 -0.0000 0.5070
vn -0.8529 -0.0000 0.5221
vn -0.8576 -0.0000 0.5144
vn -0.8480 -0.0000 0.5301
vn -0.8427 -0.0000 0.5384
vn -0.8480 -0.0000 0.5300
vn -0.8371 -0.0000 0.5471
vn -0.8310 -0.0000 0.5563
vn -0.8244 -0.0000 0.5660
vn -0.8172 -0.0000 0.5763
vn -0.8094 -0.0000 0.5873
vn -0.8007 -0.0000 0.5990
vn -0.9724 -0.0000 -0.2332
vn -0.8008 -0.0000 0.5990
vn 0.2326 -0.0000 -0.9726
vn 0.8023 -0.0000 -0.5970
vn 0.8151 -0.0000 -0.5793
vn 0.8266 -0.0000 -0.5627
vn 0.8373 -0.0000 -0.5467
vn 0.8474 -0.0000 -0.5309
vn 0.8573 -0.0000 -0.5148
vn 0.8475 -0.0000 -0.5309
vn 0.8673 -0.0000 -0.4978
vn 0.8573 -0.0000 -0.5147
vn 0.8775 -0.0000 -0.4796
vn 0.8673 -0.0000 -0.4979
vn 0.8883 -0.0000 -0.4593
vn 0.9001 -0.0000 -0.4358
vn 0.9132 -0.0000 -0.4075
vn 0.9407 -0.0000 0.3391
vn -0.3544 -0.0000 0.9351
vn 0.9408 -0.0000 0.3391
vn -0.9301 -0.0000 0.3674
vn -0.9258 -0.0000 0.3779
vn -0.9218 -0.0000 0.3877
vn -0.9180 -0.0000 0.3965
vn -0.9218 -0.0000 0.3876
vn -0.9145 -0.0000 0.4047
vn -0.9180 -0.0000 0.3966
vn -0.9111 -0.0000 0.4122
vn -0.9144 -0.0000 0.4047
vn -0.9079 -0.0000 0.4192
vn -0.9110 -0.0000 0.4123
vn -0.9049 -0.0000 0.4257
vn -0.9079 -0.0000 0.4193
vn -0.9020 -0.0000 0.4317
vn -0.9048 -0.0000 0.4257
vn -0.8993 -0.0000 0.4372
vn -0.9020 -0.0000 0.4318
vn -0.8969 -0.0000 0.4423
vn -0.8993 -0.0000 0.4373
vn -0.4934 -0.0000 0.8698
vn -0.8968 -0.0000 0.4425
vn 0.0783 -0.0000 0.9969
vn -0.4933 -0.0000 0.8699
vn 0.0795 -0.0000 0.9968
vn 0.0816 -0.0000 0.9967
vn 0.0852 -0.0000 0.9964
vn 0.1008 -0.0000 0.9949
vn 0.1164 -0.0000 0.9932
vn 0.1800 -0.0000 0.9837
vn 0.2367 -0.0000 0.9716
vn 0.3083 -0.0000 0.9513
vn 0.2368 -0.0000 0.9716
vn -0.4618 -0.0000 0.8870
vn 0.3084 -0.0000 0.9513
vn -0.9648 -0.0000 0.2628
vn -0.4617 -0.0000 0.8870
vn -0.9606 -0.0000 0.2780
vn -0.9648 -0.0000 0.2629
vn -0.9571 -0.0000 0.2899
vn -0.9539 -0.0000 0.3001
vn -0.9509 -0.0000 0.3096
vn -0.9478 -0.0000 0.3189
vn -0.9509 -0.0000 0.3095
vn -0.9444 -0.0000 0.3287
vn -0.9406 -0.0000 0.3395
vn -0.9360 -0.0000 0.3520
vn -0.9302 -0.0000 0.3671
vn -0.9224 -0.0000 0.3862
vn -0.9302 -0.0000 0.3670
vn -0.9058 -0.0000 -0.4237
vn 0.5879 -0.0000 -0.8089
vn 0.5825 -0.0000 -0.8128
vn 0.5929 -0.0000 -0.8053
vn 0.5975 -0.0000 -0.8019
vn 0.6017 -0.0000 -0.7987
vn 0.5974 -0.0000 -0.8019
vn 0.6055 -0.0000 -0.7959
vn 0.6016 -0.0000 -0.7988
vn 0.6090 -0.0000 -0.7932
vn 0.6121 -0.0000 -0.7908
vn 0.6089 -0.0000 -0.7932
vn 0.6150 -0.0000 -0.7885
vn 0.6175 -0.0000 -0.7865
vn 0.6198 -0.0000 -0.7847
vn 0.6176 -0.0000 -0.7865
vn -0.2703 -0.0000 -0.9628
vn -0.9431 -0.0000 -0.3324
vn -0.9522 -0.0000 -0.3053
vn -0.9432 -0.0000 -0.3324
vn -0.9602 -0.0000 -0.2794
vn -0.9523 -0.0000 -0.3053
vn -0.9670 -0.0000 -0.2547
vn -0.9730 -0.0000 -0.2310
vn -0.9780 -0.0000 -0.2084
vn -0.9824 -0.0000 -0.1869
vn -0.9861 -0.0000 -0.1664
vn -0.9892 -0.0000 -0.1468
vn -0.9918 -0.0000 -0.1282
vn -0.9939 -0.0000 -0.1104
vn -0.7422 -0.0000 0.6702
vn 0.6312 -0.0000 0.7756
vn 0.9786 -0.0000 0.2059
vn 0.9774 -0.0000 0.2113
vn 0.9763 -0.0000 0.2164
vn 0.9774 -0.0000 0.2112
vn 0.9752 -0.0000 0.2213
vn 0.9741 -0.0000 0.2261
vn 0.9730 -0.0000 0.2308
vn 0.9719 -0.0000 0.2354
vn 0.9708 -0.0000 0.2400
vn 0.9696 -0.0000 0.2445
vn 0.9685 -0.0000 0.2491
vn 0.9696 -0.0000 0.2446
vn 0.9673 -0.0000 0.2537
vn 0.9405 -0.0000 -0.3398
vn 0.9673 -0.0000 0.2538
vn -0.6406 -0.0000 -0.7679
vn -0.9843 -0.0000 -0.1763
vn -0.6405 -0.0000 -0.7679
vn -0.9854 -0.0000 -0.1701
vn -0.9843 -0.0000 -0.1764
vn -0.9864 -0.0000 -0.1641
vn -0.9854 -0.0000 -0.1702
vn -0.9874 -0.0000 -0.1582
vn -0.9883 -0.0000 -0.1523
vn -0.9892 -0.0000 -0.1466
vn -0.9900 -0.0000 -0.1408
vn -0.9908 -0.0000 -0.1351
vn -0.9916 -0.0000 -0.1294
vn -0.9923 -0.0000 -0.1237
vn -0.9930 -0.0000 -0.1180
vn -0.6381 -0.0000 -0.7699
vn 0.7756 -0.0000 -0.6312
vn 0.9907 -0.0000 0.1358
vn 0.9900 -0.0000 0.1413
vn 0.9907 -0.0000 0.1357
vn 0.9892 -0.0000 0.1466
vn 0.9884 -0.0000 0.1517
vn 0.9877 -0.0000 0.1566
vn 0.9884 -0.0000 0.1516
vn 0.9869 -0.0000 0.1614
vn 0.9861 -0.0000 0.1660
vn 0.9869 -0.0000 0.1613
vn 0.9854 -0.0000 0.1705
vn 0.9846 -0.0000 0.1749
vn 0.9838 -0.0000 0.1793
vn 0.9830 -0.0000 0.1836
vn 0.7700 -0.0000 -0.6381
vn 0.9830 -0.0000 0.1835
vn -0.0825 -0.0000 -0.9966
vn -0.0037 -0.0000 -1.0000
vn 0.7843 -0.0000 -0.6204
vn 0.9965 -0.0000 0.0835
vn 0.9947 -0.0000 0.1024
vn 0.9924 -0.0000 0.1227
vn 0.9895 -0.0000 0.1446
vn 0.9858 -0.0000 0.1680
vn 0.9812 -0.0000 0.1931
vn 0.9755 -0.0000 0.2199
vn 0.9686 -0.0000 0.2485
vn 0.9603 -0.0000 0.2788
vn 0.9504 -0.0000 0.3109
vn 0.9387 -0.0000 0.3447
vn 0.9726 -0.0000 -0.2326
vn 0.9387 -0.0000 0.3448
vn 0.6719 -0.0000 -0.7406
vn 0.6807 -0.0000 -0.7326
vn 0.6719 -0.0000 -0.7407
vn 0.6897 -0.0000 -0.7241
vn 0.6806 -0.0000 -0.7327
vn 0.6990 -0.0000 -0.7151
vn 0.6896 -0.0000 -0.7242
vn 0.7088 -0.0000 -0.7054
vn 0.7191 -0.0000 -0.6949
vn 0.7299 -0.0000 -0.6835
vn 0.7415 -0.0000 -0.6709
vn 0.7300 -0.0000 -0.6835
vn 0.7539 -0.0000 -0.6570
vn 0.7672 -0.0000 -0.6414
vn 0.7817 -0.0000 -0.6237
vn 1.0000 -0.0000 -0.0077
vn 0.7816 -0.0000 -0.6237
vn -0.0074 -0.0000 1.0000
vn -0.7996 -0.0000 0.6005
vn -0.7850 -0.0000 0.6196
vn -0.7716 -0.0000 0.6361
vn -0.7849 -0.0000 0.6196
vn -0.7595 -0.0000 0.6505
vn -0.7715 -0.0000 0.6362
vn -0.7485 -0.0000 0.6631
vn -0.7595 -0.0000 0.6506
vn -0.7387 -0.0000 0.6741
vn -0.7298 -0.0000 0.6837
vn -0.7218 -0.0000 0.6921
vn -0.7147 -0.0000 0.6995
vn -0.7083 -0.0000 0.7059
vn -0.7027 -0.0000 0.7115
vn 0.1426 -0.0000 0.9898
vn 0.8633 -0.0000 0.5047
vn 0.8422 -0.0000 0.5392
vn 0.8188 -0.0000 0.5741
vn 0.7932 -0.0000 0.6090
vn 0.7653 -0.0000 0.6436
vn 0.7354 -0.0000 0.6776
vn 0.7036 -0.0000 0.7106
vn 0.6701 -0.0000 0.7423
vn 0.6352 -0.0000 0.7723
vn 0.5994 -0.0000 0.8005
vn 0.6353 -0.0000 0.7723
vn 0.5629 -0.0000 0.8265
vn 0.5994 -0.0000 0.8004
vn -0.2336 -0.0000 0.9723
vn -0.8587 -0.0000 0.5126
vn -0.8445 -0.0000 0.5356
vn -0.8586 -0.0000 0.5126
vn -0.8314 -0.0000 0.5557
vn -0.8444 -0.0000 0.5358
vn -0.8188 -0.0000 0.5741
vn -0.8063 -0.0000 0.5915
vn -0.8189 -0.0000 0.5740
vn -0.7932 -0.0000 0.6089
vn -0.7790 -0.0000 0.6270
vn -0.7932 -0.0000 0.6090
vn -0.7631 -0.0000 0.6463
vn -0.7445 -0.0000 0.6676
vn -0.7221 -0.0000 0.6918
vn -0.6940 -0.0000 0.7200
vn -0.9940 -0.0000 -0.1097
vn -0.6939 -0.0000 0.7200
vn -0.5258 -0.0000 -0.8506
vn -0.5733 -0.0000 -0.8193
vn -0.6184 -0.0000 -0.7858
vn -0.6608 -0.0000 -0.7506
vn -0.6185 -0.0000 -0.7858
vn -0.7002 -0.0000 -0.7140
vn -0.7364 -0.0000 -0.6765
vn -0.7695 -0.0000 -0.6387
vn -0.7994 -0.0000 -0.6008
vn -0.8263 -0.0000 -0.5632
vn -0.8503 -0.0000 -0.5263
vn -0.8716 -0.0000 -0.4903
vn -0.9826 -0.0000 0.1857
vn -0.6455 -0.0000 0.7637
vn -0.6401 -0.0000 0.7683
vn -0.6456 -0.0000 0.7637
vn -0.6344 -0.0000 0.7730
vn -0.6284 -0.0000 0.7779
vn -0.6220 -0.0000 0.7830
vn -0.6152 -0.0000 0.7884
vn -0.6080 -0.0000 0.7940
vn -0.6002 -0.0000 0.7999
vn -0.5918 -0.0000 0.8061
vn -0.6002 -0.0000 0.7998
vn -0.5828 -0.0000 0.8126
vn -0.5729 -0.0000 0.8196
vn -0.9459 -0.0000 0.3245
vn -0.9555 -0.0000 -0.2950
vn -0.9622 -0.0000 -0.2724
vn -0.9649 -0.0000 -0.2626
vn -0.9673 -0.0000 -0.2535
vn -0.9695 -0.0000 -0.2450
vn -0.9715 -0.0000 -0.2370
vn -0.9734 -0.0000 -0.2293
vn -0.9751 -0.0000 -0.2218
vn -0.9734 -0.0000 -0.2292
vn -0.9767 -0.0000 -0.2144
vn -0.9751 -0.0000 -0.2217
vn -0.9783 -0.0000 -0.2071
vn -0.9768 -0.0000 -0.2144
vn -0.7757 -0.0000 0.6311
vt 0.855072 0.000000
vt 0.873188 0.000000
vt 0.858696 0.000000
vt 0.862319 0.000000
vt 0.865942 0.000000
vt 0.869565 0.000000
vt 0.851449 0.000000
vt 0.847826 0.000000
vt 0.876812 0.000000
vt 0.829710 0.000000
vt 0.826087 0.000000
vt 0.822464 0.000000
vt 0.833333 0.000000
vt 0.836957 0.000000
vt 0.840580 0.000000
vt 0.844203 0.000000
vt 0.960145 0.000000
vt 0.956522 0.000000
vt 0.952899 0.000000
vt 0.949275 0.000000
vt 0.811594 0.000000
vt 0.807971 0.000000
vt 0.887681 0.000000
vt 0.413043 0.000000
vt 0.409420 0.000000
vt 0.938406 0.000000
vt 0.818841 0.000000
vt 0.880435 0.000000
vt 0.815217 0.000000
vt 0.884058 0.000000
vt 0.942029 0.000000
vt 0.405797 0.000000
vt 0.945652 0.000000
vt 0.536232 0.000000
vt 0.963768 0.000000
vt 0.967391 0.000000
vt 0.532609 0.000000
vt 0.971014 0.000000
vt 0.528986 0.000000
vt 0.525362 0.000000
vt 0.974638 0.000000
vt 0.521739 0.000000
vt 0.978261 0.000000
vt 0.518116 0.000000
vt 0.981884 0.000000
vt 0.514493 0.000000
vt 0.985507 0.000000
vt 0.543478 0.000000
vt 0.539855 0.000000
vt 1.000000 0.000000
vt 0.547101 0.000000
vt 0.923913 0.000000
vt 0.920290 0.000000
vt 0.438406 0.000000
vt 0.434783 0.000000
vt 0.431159 0.000000
vt 0.782609 0.000000
vt 0.778986 0.000000
vt 0.699275 0.000000
vt 0.695652 0.000000
vt 0.692029 0.000000
vt 0.688406 0.000000
vt 0.445652 0.000000
vt 0.449275 0.000000
vt 0.684783 0.000000
vt 0.452899 0.000000
vt 0.902174 0.000000
vt 0.793478 0.000000
vt 0.789855 0.000000
vt 0.905797 0.000000
vt 0.786232 0.000000
vt 0.909420 0.000000
vt 0.913043 0.000000
vt 0.916667 0.000000
vt 0.442029 0.000000
vt 0.637681 0.000000
vt 0.492754 0.000000
vt 0.489130 0.000000
vt 0.605072 0.000000
vt 0.601449 0.000000
vt 0.583333 0.000000
vt 0.586957 0.000000
vt 0.597826 0.000000
vt 0.590580 0.000000
vt 0.594203 0.000000
vt 0.804348 0.000000
vt 0.891304 0.000000
vt 0.800725 0.000000
vt 0.894928 0.000000
vt 0.797101 0.000000
vt 0.898551 0.000000
vt 0.927536 0.000000
vt 0.427536 0.000000
vt 0.931159 0.000000
vt 0.423913 0.000000
vt 0.420290 0.000000
vt 0.934783 0.000000
vt 0.416667 0.000000
vt 0.510870 0.000000
vt 0.989130 0.000000
vt 0.507246 0.000000
vt 0.992754 0.000000
vt 0.503623 0.000000
vt 0.500000 0.000000
vt 0.996377 0.000000
vt 0.496377 0.000000
vt 0.550725 0.000000
vt 0.634058 0.000000
vt 0.554348 0.000000
vt 0.630435 0.000000
vt 0.557971 0.000000
vt 0.626812 0.000000
vt 0.561594 0.000000
vt 0.623188 0.000000
vt 0.565217 0.000000
vt 0.619565 0.000000
vt 0.568841 0.000000
vt 0.615942 0.000000
vt 0.572464 0.000000
vt 0.612319 0.000000
vt 0.576087 0.000000
vt 0.608696 0.000000
vt 0.579710 0.000000
vt 0.398551 0.000000
vt 0.394928 0.000000
vt 0.047101 0.000000
vt 0.043478 0.000000
vt 0.402174 0.000000
vt 0.742754 0.000000
vt 0.739130 0.000000
vt 0.735507 0.000000
vt 0.746377 0.000000
vt 0.731884 0.000000
vt 0.750000 0.000000
vt 0.728261 0.000000
vt 0.753623 0.000000
vt 0.724638 0.000000
vt 0.644928 0.000000
vt 0.641304 0.000000
vt 0.652174 0.000000
vt 0.648551 0.000000
vt 0.362319 0.000000
vt 0.358696 0.000000
vt 0.355072 0.000000
vt 0.365942 0.000000
vt 0.369565 0.000000
vt 0.351449 0.000000
vt 0.373188 0.000000
vt 0.054348 0.000000
vt 0.384058 0.000000
vt 0.057971 0.000000
vt 0.173913 0.000000
vt 0.340580 0.000000
vt 0.336957 0.000000
vt 0.014493 0.000000
vt 0.010870 0.000000
vt 0.018116 0.000000
vt 0.036232 0.000000
vt 0.344203 0.000000
vt 0.079710 0.000000
vt 0.076087 0.000000
vt 0.083333 0.000000
vt 0.347826 0.000000
vt 0.376812 0.000000
vt 0.380435 0.000000
vt 0.061594 0.000000
vt 0.065217 0.000000
vt 0.068841 0.000000
vt 0.072464 0.000000
vt 0.032609 0.000000
vt 0.021739 0.000000
vt 0.387681 0.000000
vt 0.391304 0.000000
vt 0.050725 0.000000
vt 0.155797 0.000000
vt 0.152174 0.000000
vt 0.105072 0.000000
vt 0.108696 0.000000
vt 0.148551 0.000000
vt 0.112319 0.000000
vt 0.213768 0.000000
vt 0.224638 0.000000
vt 0.217391 0.000000
vt 0.221014 0.000000
vt 0.144928 0.000000
vt 0.115942 0.000000
vt 0.141304 0.000000
vt 0.119565 0.000000
vt 0.137681 0.000000
vt 0.123188 0.000000
vt 0.134058 0.000000
vt 0.126812 0.000000
vt 0.130435 0.000000
vt 0.184783 0.000000
vt 0.181159 0.000000
vt 0.242754 0.000000
vt 0.188406 0.000000
vt 0.239130 0.000000
vt 0.271739 0.000000
vt 0.268116 0.000000
vt 0.275362 0.000000
vt 0.278986 0.000000
vt 0.282609 0.000000
vt 0.264493 0.000000
vt 0.286232 0.000000
vt 0.289855 0.000000
vt 0.293478 0.000000
vt 0.260870 0.000000
vt 0.297101 0.000000
vt 0.300725 0.000000
vt 0.007246 0.000000
vt 0.003623 0.000000
vt 0.000000 0.000000
vt 0.039855 0.000000
vt 0.025362 0.000000
vt 0.028986 0.000000
vt 0.304348 0.000000
vt 0.257246 0.000000
vt 0.307971 0.000000
vt 0.311594 0.000000
vt 0.315217 0.000000
vt 0.253623 0.000000
vt 0.250000 0.000000
vt 0.177536 0.000000
vt 0.246377 0.000000
vt 0.318841 0.000000
vt 0.192029 0.000000
vt 0.195652 0.000000
vt 0.235507 0.000000
vt 0.199275 0.000000
vt 0.231884 0.000000
vt 0.202899 0.000000
vt 0.206522 0.000000
vt 0.228261 0.000000
vt 0.210145 0.000000
vt 0.333333 0.000000
vt 0.329710 0.000000
vt 0.170290 0.000000
vt 0.086957 0.000000
vt 0.090580 0.000000
vt 0.166667 0.000000
vt 0.094203 0.000000
vt 0.163043 0.000000
vt 0.097826 0.000000
vt 0.159420 0.000000
vt 0.101449 0.000000
vt 0.757246 0.000000
vt 0.721014 0.000000
vt 0.760870 0.000000
vt 0.717391 0.000000
vt 0.764493 0.000000
vt 0.713768 0.000000
vt 0.768116 0.000000
vt 0.710145 0.000000
vt 0.771739 0.000000
vt 0.706522 0.000000
vt 0.775362 0.000000
vt 0.702899 0.000000
vt 0.681159 0.000000
vt 0.456522 0.000000
vt 0.677536 0.000000
vt 0.460145 0.000000
vt 0.463768 0.000000
vt 0.673913 0.000000
vt 0.467391 0.000000
vt 0.670290 0.000000
vt 0.471014 0.000000
vt 0.666667 0.000000
vt 0.474638 0.000000
vt 0.663043 0.000000
vt 0.478261 0.000000
vt 0.481884 0.000000
vt 0.659420 0.000000
vt 0.485507 0.000000
vt 0.655797 0.000000
vt 0.322464 0.000000
vt 0.326087 0.000000
vt 0.993056 0.000000
vt 0.986111 0.000000
vt 0.972222 0.000000
vt 0.395833 0.000000
vt 0.430556 0.000000
vt 0.423611 0.000000
vt 0.263889 0.000000
vt 0.256944 0.000000
vt 0.291667 0.000000
vt 0.270833 0.000000
vt 0.277778 0.000000
vt 0.284722 0.000000
vt 0.979167 0.000000
vt 0.243056 0.000000
vt 0.236111 0.000000
vt 0.298611 0.000000
vt 0.208333 0.000000
vt 0.201389 0.000000
vt 0.194444 0.000000
vt 0.215278 0.000000
vt 0.222222 0.000000
vt 0.229167 0.000000
vt 0.187500 0.000000
vt 0.305556 0.000000
vt 0.138889 0.000000
vt 0.131944 0.000000
vt 0.354167 0.000000
vt 0.361111 0.000000
vt 0.125000 0.000000
vt 0.368056 0.000000
vt 0.118056 0.000000
vt 0.111111 0.000000
vt 0.090278 0.000000
vt 0.069444 0.000000
vt 0.006944 0.000000
vt 0.013889 0.000000
vt 0.451389 0.000000
vt 0.472222 0.000000
vt 0.937500 0.000000
vt 0.486111 0.000000
vt 0.944444 0.000000
vt 0.479167 0.000000
vt 0.388889 0.000000
vt 0.027778 0.000000
vt 0.020833 0.000000
vt 0.409722 0.000000
vt 0.402778 0.000000
vt 0.965278 0.000000
vt 0.444444 0.000000
vt 0.437500 0.000000
vt 0.180556 0.000000
vt 0.312500 0.000000
vt 0.173611 0.000000
vt 0.319444 0.000000
vt 0.326389 0.000000
vt 0.159722 0.000000
vt 0.152778 0.000000
vt 0.340278 0.000000
vt 0.145833 0.000000
vt 0.347222 0.000000
vt 0.381944 0.000000
vt 0.375000 0.000000
vt 0.041667 0.000000
vt 0.034722 0.000000
vt 0.736111 0.000000
vt 0.763889 0.000000
vt 0.743056 0.000000
vt 0.756944 0.000000
vt 0.680556 0.000000
vt 0.673611 0.000000
vt 0.687500 0.000000
vt 0.694444 0.000000
vt 0.701389 0.000000
vt 0.722222 0.000000
vt 0.715278 0.000000
vt 0.777778 0.000000
vt 0.770833 0.000000
vt 0.729167 0.000000
vt 0.652778 0.000000
vt 0.798611 0.000000
vt 0.791667 0.000000
vt 0.659722 0.000000
vt 0.784722 0.000000
vt 0.805556 0.000000
vt 0.645833 0.000000
vt 0.812500 0.000000
vt 0.631944 0.000000
vt 0.840278 0.000000
vt 0.826389 0.000000
vt 0.638889 0.000000
vt 0.819444 0.000000
vt 0.708333 0.000000
vt 0.055556 0.000000
vt 0.048611 0.000000
vt 0.062500 0.000000
vt 0.847222 0.000000
vt 0.625000 0.000000
vt 0.618056 0.000000
vt 0.854167 0.000000
vt 0.861111 0.000000
vt 0.951389 0.000000
vt 0.958333 0.000000
vt 0.611111 0.000000
vt 0.868056 0.000000
vt 0.604167 0.000000
vt 0.875000 0.000000
vt 0.597222 0.000000
vt 0.590278 0.000000
vt 0.881944 0.000000
vt 0.576389 0.000000
vt 0.569444 0.000000
vt 0.562500 0.000000
vt 0.888889 0.000000
vt 0.555556 0.000000
vt 0.548611 0.000000
vt 0.541667 0.000000
vt 0.534722 0.000000
vt 0.895833 0.000000
vt 0.527778 0.000000
vt 0.902778 0.000000
vt 0.520833 0.000000
vt 0.909722 0.000000
vt 0.513889 0.000000
vt 0.506944 0.000000
vt 0.923611 0.000000
vt 0.930556 0.000000
vt 0.458333 0.000000
vt 0.465278 0.000000
vt 0.493056 0.000000
vt 0.104167 0.000000
vt 0.097222 0.000000
vt 0.076389 0.000000
vt 0.911765 0.000000
vt 0.904412 0.000000
vt 0.897059 0.000000
vt 0.919118 0.000000
vt 0.926471 0.000000
vt 0.889706 0.000000
vt 0.882353 0.000000
vt 0.852941 0.000000
vt 0.845588 0.000000
vt 0.955882 0.000000
vt 0.963235 0.000000
vt 0.941176 0.000000
vt 0.867647 0.000000
vt 0.860294 0.000000
vt 0.948529 0.000000
vt 0.933824 0.000000
vt 0.970588 0.000000
vt 0.838235 0.000000
vt 0.830882 0.000000
vt 0.977941 0.000000
vt 0.985294 0.000000
vt 0.823529 0.000000
vt 0.816176 0.000000
vt 0.992647 0.000000
vt 0.801471 0.000000
vt 0.794118 0.000000
vt 0.808824 0.000000
vt 0.352941 0.000000
vt 0.786765 0.000000
vt 0.779412 0.000000
vt 0.360294 0.000000
vt 0.367647 0.000000
vt 0.772059 0.000000
vt 0.036765 0.000000
vt 0.316176 0.000000
vt 0.308824 0.000000
vt 0.044118 0.000000
vt 0.301471 0.000000
vt 0.051471 0.000000
vt 0.294118 0.000000
vt 0.058824 0.000000
vt 0.345588 0.000000
vt 0.007353 0.000000
vt 0.338235 0.000000
vt 0.014706 0.000000
vt 0.330882 0.000000
vt 0.022059 0.000000
vt 0.323529 0.000000
vt 0.029412 0.000000
vt 0.382353 0.000000
vt 0.764706 0.000000
vt 0.389706 0.000000
vt 0.404412 0.000000
vt 0.411765 0.000000
vt 0.397059 0.000000
vt 0.757353 0.000000
vt 0.742647 0.000000
vt 0.419118 0.000000
vt 0.441176 0.000000
vt 0.727941 0.000000
vt 0.720588 0.000000
vt 0.433824 0.000000
vt 0.735294 0.000000
vt 0.470588 0.000000
vt 0.463235 0.000000
vt 0.566176 0.000000
vt 0.477941 0.000000
vt 0.558824 0.000000
vt 0.639706 0.000000
vt 0.632353 0.000000
vt 0.647059 0.000000
vt 0.617647 0.000000
vt 0.654412 0.000000
vt 0.661765 0.000000
vt 0.669118 0.000000
vt 0.610294 0.000000
vt 0.676471 0.000000
vt 0.683824 0.000000
vt 0.602941 0.000000
vt 0.691176 0.000000
vt 0.698529 0.000000
vt 0.705882 0.000000
vt 0.595588 0.000000
vt 0.713235 0.000000
vt 0.588235 0.000000
vt 0.580882 0.000000
vt 0.448529 0.000000
vt 0.573529 0.000000
vt 0.455882 0.000000
vt 0.426471 0.000000
vt 0.485294 0.000000
vt 0.551471 0.000000
vt 0.492647 0.000000
vt 0.544118 0.000000
vt 0.507353 0.000000
vt 0.514706 0.000000
vt 0.536765 0.000000
vt 0.522059 0.000000
vt 0.529412 0.000000
vt 0.286765 0.000000
vt 0.066176 0.000000
vt 0.279412 0.000000
vt 0.073529 0.000000
vt 0.272059 0.000000
vt 0.080882 0.000000
vt 0.264706 0.000000
vt 0.088235 0.000000
vt 0.257353 0.000000
vt 0.095588 0.000000
vt 0.102941 0.000000
vt 0.242647 0.000000
vt 0.110294 0.000000
vt 0.235294 0.000000
vt 0.117647 0.000000
vt 0.227941 0.000000
vt 0.220588 0.000000
vt 0.132353 0.000000
vt 0.213235 0.000000
vt 0.139706 0.000000
vt 0.205882 0.000000
vt 0.147059 0.000000
vt 0.198529 0.000000
vt 0.154412 0.000000
vt 0.191176 0.000000
vt 0.161765 0.000000
vt 0.183824 0.000000
vt 0.169118 0.000000
vt 0.176471 0.000000
vt 0.835616 0.000000
vt 0.821918 0.000000
vt 0.808219 0.000000
vt 0.849315 0.000000
vt 0.876712 0.000000
vt 0.780822 0.000000
vt 0.890411 0.000000
vt 0.794521 0.000000
vt 0.863014 0.000000
vt 0.904110 0.000000
vt 0.767123 0.000000
vt 0.753425 0.000000
vt 0.917808 0.000000
vt 0.945205 0.000000
vt 0.726027 0.000000
vt 0.712329 0.000000
vt 0.931507 0.000000
vt 0.739726 0.000000
vt 0.684932 0.000000
vt 0.972603 0.000000
vt 0.698630 0.000000
vt 0.958904 0.000000
vt 0.657534 0.000000
vt 0.671233 0.000000
vt 0.986301 0.000000
vt 0.027397 0.000000
vt 0.630137 0.000000
vt 0.616438 0.000000
vt 0.013699 0.000000
vt 0.643836 0.000000
vt 0.054795 0.000000
vt 0.589041 0.000000
vt 0.068493 0.000000
vt 0.602740 0.000000
vt 0.041096 0.000000
vt 0.082192 0.000000
vt 0.575342 0.000000
vt 0.561644 0.000000
vt 0.095890 0.000000
vt 0.123288 0.000000
vt 0.534247 0.000000
vt 0.520548 0.000000
vt 0.109589 0.000000
vt 0.547945 0.000000
vt 0.493151 0.000000
vt 0.150685 0.000000
vt 0.506849 0.000000
vt 0.136986 0.000000
vt 0.178082 0.000000
vt 0.465753 0.000000
vt 0.452055 0.000000
vt 0.164384 0.000000
vt 0.479452 0.000000
vt 0.424658 0.000000
vt 0.205479 0.000000
vt 0.438356 0.000000
vt 0.191781 0.000000
vt 0.232877 0.000000
vt 0.397260 0.000000
vt 0.246575 0.000000
vt 0.410959 0.000000
vt 0.219178 0.000000
vt 0.260274 0.000000
vt 0.383562 0.000000
vt 0.369863 0.000000
vt 0.273973 0.000000
vt 0.342466 0.000000
vt 0.328767 0.000000
vt 0.301370 0.000000
vt 0.315068 0.000000
vt 0.356164 0.000000
vt 0.287671 0.000000
vt 0.747368 0.000000
vt 0.742105 0.000000
vt 0.736842 0.000000
vt 0.752632 0.000000
vt 0.731579 0.000000
vt 0.726316 0.000000
vt 0.757895 0.000000
vt 0.721053 0.000000
vt 0.763158 0.000000
vt 0.715789 0.000000
vt 0.768421 0.000000
vt 0.710526 0.000000
vt 0.705263 0.000000
vt 0.773684 0.000000
vt 0.700000 0.000000
vt 0.778947 0.000000
vt 0.694737 0.000000
vt 0.784211 0.000000
vt 0.689474 0.000000
vt 0.789474 0.000000
vt 0.684211 0.000000
vt 0.794737 0.000000
vt 0.678947 0.000000
vt 0.800000 0.000000
vt 0.578947 0.000000
vt 0.573684 0.000000
vt 0.536842 0.000000
vt 0.584211 0.000000
vt 0.526316 0.000000
vt 0.615789 0.000000
vt 0.610526 0.000000
vt 0.531579 0.000000
vt 0.589474 0.000000
vt 0.594737 0.000000
vt 0.600000 0.000000
vt 0.605263 0.000000
vt 0.984211 0.000000
vt 0.978947 0.000000
vt 0.894737 0.000000
vt 0.900000 0.000000
vt 0.973684 0.000000
vt 0.905263 0.000000
vt 0.968421 0.000000
vt 0.910526 0.000000
vt 0.963158 0.000000
vt 0.957895 0.000000
vt 0.915789 0.000000
vt 0.952632 0.000000
vt 0.921053 0.000000
vt 0.947368 0.000000
vt 0.926316 0.000000
vt 0.942105 0.000000
vt 0.931579 0.000000
vt 0.936842 0.000000
vt 0.547368 0.000000
vt 0.542105 0.000000
vt 0.552632 0.000000
vt 0.557895 0.000000
vt 0.563158 0.000000
vt 0.568421 0.000000
vt 0.673684 0.000000
vt 0.805263 0.000000
vt 0.810526 0.000000
vt 0.815789 0.000000
vt 0.331579 0.000000
vt 0.821053 0.000000
vt 0.826316 0.000000
vt 0.831579 0.000000
vt 0.326316 0.000000
vt 0.836842 0.000000
vt 0.321053 0.000000
vt 0.842105 0.000000
vt 0.315789 0.000000
vt 0.310526 0.000000
vt 0.847368 0.000000
vt 0.305263 0.000000
vt 0.852632 0.000000
vt 0.300000 0.000000
vt 0.857895 0.000000
vt 0.294737 0.000000
vt 0.289474 0.000000
vt 0.863158 0.000000
vt 0.284211 0.000000
vt 0.868421 0.000000
vt 0.278947 0.000000
vt 0.873684 0.000000
vt 0.273684 0.000000
vt 0.878947 0.000000
vt 0.884211 0.000000
vt 0.994737 0.000000
vt 0.989474 0.000000
vt 0.889474 0.000000
vt 0.510526 0.000000
vt 0.505263 0.000000
vt 0.631579 0.000000
vt 0.636842 0.000000
vt 0.642105 0.000000
vt 0.494737 0.000000
vt 0.647368 0.000000
vt 0.489474 0.000000
vt 0.652632 0.000000
vt 0.484211 0.000000
vt 0.657895 0.000000
vt 0.663158 0.000000
vt 0.478947 0.000000
vt 0.668421 0.000000
vt 0.473684 0.000000
vt 0.463158 0.000000
vt 0.336842 0.000000
vt 0.468421 0.000000
vt 0.457895 0.000000
vt 0.347368 0.000000
vt 0.342105 0.000000
vt 0.015789 0.000000
vt 0.010526 0.000000
vt 0.115789 0.000000
vt 0.110526 0.000000
vt 0.021053 0.000000
vt 0.105263 0.000000
vt 0.026316 0.000000
vt 0.100000 0.000000
vt 0.031579 0.000000
vt 0.094737 0.000000
vt 0.036842 0.000000
vt 0.089474 0.000000
vt 0.042105 0.000000
vt 0.084211 0.000000
vt 0.047368 0.000000
vt 0.078947 0.000000
vt 0.052632 0.000000
vt 0.073684 0.000000
vt 0.057895 0.000000
vt 0.068421 0.000000
vt 0.063158 0.000000
vt 0.352632 0.000000
vt 0.452632 0.000000
vt 0.447368 0.000000
vt 0.442105 0.000000
vt 0.363158 0.000000
vt 0.357895 0.000000
vt 0.368421 0.000000
vt 0.436842 0.000000
vt 0.431579 0.000000
vt 0.373684 0.000000
vt 0.426316 0.000000
vt 0.378947 0.000000
vt 0.384211 0.000000
vt 0.421053 0.000000
vt 0.415789 0.000000
vt 0.410526 0.000000
vt 0.394737 0.000000
vt 0.389474 0.000000
vt 0.268421 0.000000
vt 0.263158 0.000000
vt 0.136842 0.000000
vt 0.405263 0.000000
vt 0.400000 0.000000
vt 0.142105 0.000000
vt 0.257895 0.000000
vt 0.147368 0.000000
vt 0.252632 0.000000
vt 0.152632 0.000000
vt 0.247368 0.000000
vt 0.157895 0.000000
vt 0.242105 0.000000
vt 0.163158 0.000000
vt 0.236842 0.000000
vt 0.168421 0.000000
vt 0.231579 0.000000
vt 0.173684 0.000000
vt 0.226316 0.000000
vt 0.178947 0.000000
vt 0.221053 0.000000
vt 0.184211 0.000000
vt 0.215789 0.000000
vt 0.189474 0.000000
vt 0.210526 0.000000
vt 0.194737 0.000000
vt 0.205263 0.000000
vt 0.131579 0.000000
vt 0.126316 0.000000
vt 0.005263 0.000000
vt 0.121053 0.000000
vt 0.200000 0.000000
vt 0.521053 0.000000
vt 0.621053 0.000000
vt 0.515789 0.000000
vt 0.626316 0.000000
vt 0.038462 1.000000
vt 0.000000 1.000000
vt 0.076923 1.000000
vt 0.038462 0.000000
vt 0.115385 1.000000
vt 0.076923 0.000000
vt 0.153846 1.000000
vt 0.115385 0.000000
vt 0.192308 1.000000
vt 0.153846 0.000000
vt 0.230769 1.000000
vt 0.192308 0.000000
vt 0.269231 1.000000
vt 0.230769 0.000000
vt 0.307692 1.000000
vt 0.269231 0.000000
vt 0.346154 1.000000
vt 0.307692 0.000000
vt 0.384615 1.000000
vt 0.346154 0.000000
vt 0.423077 1.000000
vt 0.384615 0.000000
vt 0.461538 1.000000
vt 0.423077 0.000000
vt 0.500000 1.000000
vt 0.461538 0.000000
vt 0.538462 1.000000
vt 0.576923 1.000000
vt 0.538462 0.000000
vt 0.615385 1.000000
vt 0.576923 0.000000
vt 0.653846 1.000000
vt 0.615385 0.000000
vt 0.692308 1.000000
vt 0.653846 0.000000
vt 0.730769 1.000000
vt 0.692308 0.000000
vt 0.769231 1.000000
vt 0.730769 0.000000
vt 0.807692 1.000000
vt 0.769231 0.000000
vt 0.846154 1.000000
vt 0.807692 0.000000
vt 0.884615 1.000000
vt 0.846154 0.000000
vt 0.923077 1.000000
vt 0.884615 0.000000
vt 0.961538 1.000000
vt 0.923077 0.000000
vt 1.000000 1.000000
vt 0.961538 0.000000
vt 0.007194 1.000000
vt 0.014388 1.000000
vt 0.007194 0.000000
vt 0.021583 1.000000
vt 0.014388 0.000000
vt 0.028777 1.000000
vt 0.021583 0.000000
vt 0.035971 1.000000
vt 0.028777 0.000000
vt 0.043165 1.000000
vt 0.035971 0.000000
vt 0.050360 1.000000
vt 0.043165 0.000000
vt 0.057554 1.000000
vt 0.050360 0.000000
vt 0.064748 1.000000
vt 0.057554 0.000000
vt 0.071942 1.000000
vt 0.064748 0.000000
vt 0.079137 1.000000
vt 0.071942 0.000000
vt 0.086331 1.000000
vt 0.079137 0.000000
vt 0.093525 1.000000
vt 0.086331 0.000000
vt 0.100719 1.000000
vt 0.093525 0.000000
vt 0.107914 1.000000
vt 0.100719 0.000000
vt 0.115108 1.000000
vt 0.107914 0.000000
vt 0.122302 1.000000
vt 0.115108 0.000000
vt 0.129496 1.000000
vt 0.122302 0.000000
vt 0.136691 1.000000
vt 0.129496 0.000000
vt 0.143885 1.000000
vt 0.136691 0.000000
vt 0.151079 1.000000
vt 0.143885 0.000000
vt 0.158273 1.000000
vt 0.151079 0.000000
vt 0.165468 1.000000
vt 0.158273 0.000000
vt 0.172662 1.000000
vt 0.165468 0.000000
vt 0.179856 1.000000
vt 0.172662 0.000000
vt 0.187050 1.000000
vt 0.179856 0.000000
vt 0.194245 1.000000
vt 0.187050 0.000000
vt 0.201439 1.000000
vt 0.194245 0.000000
vt 0.208633 1.000000
vt 0.201439 0.000000
vt 0.215827 1.000000
vt 0.208633 0.000000
vt 0.223022 1.000000
vt 0.215827 0.000000
vt 0.230216 1.000000
vt 0.223022 0.000000
vt 0.237410 1.000000
vt 0.230216 0.000000
vt 0.244604 1.000000
vt 0.237410 0.000000
vt 0.251799 1.000000
vt 0.244604 0.000000
vt 0.258993 1.000000
vt 0.251799 0.000000
vt 0.266187 1.000000
vt 0.258993 0.000000
vt 0.273381 1.000000
vt 0.266187 0.000000
vt 0.280576 1.000000
vt 0.273381 0.000000
vt 0.287770 1.000000
vt 0.280576 0.000000
vt 0.294964 1.000000
vt 0.287770 0.000000
vt 0.302158 1.000000
vt 0.294964 0.000000
vt 0.309353 1.000000
vt 0.302158 0.000000
vt 0.316547 1.000000
vt 0.309353 0.000000
vt 0.323741 1.000000
vt 0.316547 0.000000
vt 0.330935 1.000000
vt 0.323741 0.000000
vt 0.338129 1.000000
vt 0.330935 0.000000
vt 0.345324 1.000000
vt 0.338129 0.000000
vt 0.352518 1.000000
vt 0.345324 0.000000
vt 0.359712 1.000000
vt 0.352518 0.000000
vt 0.366906 1.000000
vt 0.359712 0.000000
vt 0.374101 1.000000
vt 0.366906 0.000000
vt 0.381295 1.000000
vt 0.374101 0.000000
vt 0.388489 1.000000
vt 0.381295 0.000000
vt 0.395683 1.000000
vt 0.388489 0.000000
vt 0.402878 1.000000
vt 0.395683 0.000000
vt 0.410072 1.000000
vt 0.402878 0.000000
vt 0.417266 1.000000
vt 0.410072 0.000000
vt 0.424460 1.000000
vt 0.417266 0.000000
vt 0.431655 1.000000
vt 0.424460 0.000000
vt 0.438849 1.000000
vt 0.431655 0.000000
vt 0.446043 1.000000
vt 0.438849 0.000000
vt 0.453237 1.000000
vt 0.446043 0.000000
vt 0.460432 1.000000
vt 0.453237 0.000000
vt 0.467626 1.000000
vt 0.460432 0.000000
vt 0.474820 1.000000
vt 0.467626 0.000000
vt 0.482014 1.000000
vt 0.474820 0.000000
vt 0.489209 1.000000
vt 0.482014 0.000000
vt 0.496403 1.000000
vt 0.489209 0.000000
vt 0.503597 1.000000
vt 0.496403 0.000000
vt 0.510791 1.000000
vt 0.503597 0.000000
vt 0.517986 1.000000
vt 0.510791 0.000000
vt 0.525180 1.000000
vt 0.517986 0.000000
vt 0.532374 1.000000
vt 0.525180 0.000000
vt 0.539568 1.000000
vt 0.532374 0.000000
vt 0.546763 1.000000
vt 0.539568 0.000000
vt 0.553957 1.000000
vt 0.546763 0.000000
vt 0.561151 1.000000
vt 0.553957 0.000000
vt 0.568345 1.000000
vt 0.561151 0.000000
vt 0.575540 1.000000
vt 0.568345 0.000000
vt 0.582734 1.000000
vt 0.575540 0.000000
vt 0.589928 1.000000
vt 0.582734 0.000000
vt 0.597122 1.000000
vt 0.589928 0.000000
vt 0.604317 1.000000
vt 0.597122 0.000000
vt 0.611511 1.000000
vt 0.604317 0.000000
vt 0.618705 1.000000
vt 0.611511 0.000000
vt 0.625899 1.000000
vt 0.618705 0.000000
vt 0.633094 1.000000
vt 0.625899 0.000000
vt 0.640288 1.000000
vt 0.633094 0.000000
vt 0.647482 1.000000
vt 0.640288 0.000000
vt 0.654676 1.000000
vt 0.647482 0.000000
vt 0.661870 1.000000
vt 0.654676 0.000000
vt 0.669065 1.000000
vt 0.661870 0.000000
vt 0.676259 1.000000
vt 0.669065 0.000000
vt 0.683453 1.000000
vt 0.676259 0.000000
vt 0.690647 1.000000
vt 0.683453 0.000000
vt 0.697842 1.000000
vt 0.690647 0.000000
vt 0.705036 1.000000
vt 0.697842 0.000000
vt 0.712230 1.000000
vt 0.705036 0.000000
vt 0.719424 1.000000
vt 0.712230 0.000000
vt 0.726619 1.000000
vt 0.719424 0.000000
vt 0.733813 1.000000
vt 0.726619 0.000000
vt 0.741007 1.000000
vt 0.733813 0.000000
vt 0.748201 1.000000
vt 0.741007 0.000000
vt 0.755396 1.000000
vt 0.748201 0.000000
vt 0.762590 1.000000
vt 0.755396 0.000000
vt 0.769784 1.000000
vt 0.762590 0.000000
vt 0.776978 1.000000
vt 0.769784 0.000000
vt 0.784173 1.000000
vt 0.776978 0.000000
vt 0.791367 1.000000
vt 0.784173 0.000000
vt 0.798561 1.000000
vt 0.791367 0.000000
vt 0.805755 1.000000
vt 0.798561 0.000000
vt 0.812950 1.000000
vt 0.805755 0.000000
vt 0.820144 1.000000
vt 0.812950 0.000000
vt 0.827338 1.000000
vt 0.820144 0.000000
vt 0.834532 1.000000
vt 0.827338 0.000000
vt 0.841727 1.000000
vt 0.834532 0.000000
vt 0.848921 1.000000
vt 0.841727 0.000000
vt 0.856115 1.000000
vt 0.848921 0.000000
vt 0.863309 1.000000
vt 0.856115 0.000000
vt 0.870504 1.000000
vt 0.863309 0.000000
vt 0.877698 1.000000
vt 0.870504 0.000000
vt 0.884892 1.000000
vt 0.877698 0.000000
vt 0.892086 1.000000
vt 0.884892 0.000000
vt 0.899281 1.000000
vt 0.892086 0.000000
vt 0.906475 1.000000
vt 0.899281 0.000000
vt 0.913669 1.000000
vt 0.906475 0.000000
vt 0.920863 1.000000
vt 0.913669 0.000000
vt 0.928058 1.000000
vt 0.920863 0.000000
vt 0.935252 1.000000
vt 0.928058 0.000000
vt 0.942446 1.000000
vt 0.935252 0.000000
vt 0.949640 1.000000
vt 0.942446 0.000000
vt 0.956835 1.000000
vt 0.949640 0.000000
vt 0.964029 1.000000
vt 0.956835 0.000000
vt 0.971223 1.000000
vt 0.964029 0.000000
vt 0.978417 1.000000
vt 0.971223 0.000000
vt 0.985611 1.000000
vt 0.978417 0.000000
vt 0.992806 1.000000
vt 0.985611 0.000000
vt 0.992806 0.000000
vt 0.013514 1.000000
vt 0.027027 1.000000
vt 0.013514 0.000000
vt 0.040541 1.000000
vt 0.027027 0.000000
vt 0.054054 1.000000
vt 0.040541 0.000000
vt 0.067568 1.000000
vt 0.054054 0.000000
vt 0.081081 1.000000
vt 0.067568 0.000000
vt 0.094595 1.000000
vt 0.081081 0.000000
vt 0.108108 1.000000
vt 0.094595 0.000000
vt 0.121622 1.000000
vt 0.108108 0.000000
vt 0.135135 1.000000
vt 0.121622 0.000000
vt 0.148649 1.000000
vt 0.135135 0.000000
vt 0.162162 1.000000
vt 0.148649 0.000000
vt 0.175676 1.000000
vt 0.162162 0.000000
vt 0.189189 1.000000
vt 0.175676 0.000000
vt 0.202703 1.000000
vt 0.189189 0.000000
vt 0.216216 1.000000
vt 0.202703 0.000000
vt 0.229730 1.000000
vt 0.216216 0.000000
vt 0.243243 1.000000
vt 0.229730 0.000000
vt 0.256757 1.000000
vt 0.243243 0.000000
vt 0.270270 1.000000
vt 0.256757 0.000000
vt 0.283784 1.000000
vt 0.270270 0.000000
vt 0.297297 1.000000
vt 0.283784 0.000000
vt 0.310811 1.000000
vt 0.297297 0.000000
vt 0.324324 1.000000
vt 0.310811 0.000000
vt 0.337838 1.000000
vt 0.324324 0.000000
vt 0.351351 1.000000
vt 0.337838 0.000000
vt 0.364865 1.000000
vt 0.351351 0.000000
vt 0.378378 1.000000
vt 0.364865 0.000000
vt 0.391892 1.000000
vt 0.378378 0.000000
vt 0.405405 1.000000
vt 0.391892 0.000000
vt 0.418919 1.000000
vt 0.405405 0.000000
vt 0.432432 1.000000
vt 0.418919 0.000000
vt 0.445946 1.000000
vt 0.432432 0.000000
vt 0.459459 1.000000
vt 0.445946 0.000000
vt 0.472973 1.000000
vt 0.459459 0.000000
vt 0.486486 1.000000
vt 0.472973 0.000000
vt 0.486486 0.000000
vt 0.513514 1.000000
vt 0.527027 1.000000
vt 0.513514 0.000000
vt 0.540541 1.000000
vt 0.527027 0.000000
vt 0.554054 1.000000
vt 0.540541 0.000000
vt 0.567568 1.000000
vt 0.554054 0.000000
vt 0.581081 1.000000
vt 0.567568 0.000000
vt 0.594595 1.000000
vt 0.581081 0.000000
vt 0.608108 1.000000
vt 0.594595 0.000000
vt 0.621622 1.000000
vt 0.608108 0.000000
vt 0.635135 1.000000
vt 0.621622 0.000000
vt 0.648649 1.000000
vt 0.635135 0.000000
vt 0.662162 1.000000
vt 0.648649 0.000000
vt 0.675676 1.000000
vt 0.662162 0.000000
vt 0.689189 1.000000
vt 0.675676 0.000000
vt 0.702703 1.000000
vt 0.689189 0.000000
vt 0.716216 1.000000
vt 0.702703 0.000000
vt 0.729730 1.000000
vt 0.716216 0.000000
vt 0.743243 1.000000
vt 0.729730 0.000000
vt 0.756757 1.000000
vt 0.743243 0.000000
vt 0.770270 1.000000
vt 0.756757 0.000000
vt 0.783784 1.000000
vt 0.770270 0.000000
vt 0.797297 1.000000
vt 0.783784 0.000000
vt 0.810811 1.000000
vt 0.797297 0.000000
vt 0.824324 1.000000
vt 0.810811 0.000000
vt 0.837838 1.000000
vt 0.824324 0.000000
vt 0.851351 1.000000
vt 0.837838 0.000000
vt 0.864865 1.000000
vt 0.851351 0.000000
vt 0.878378 1.000000
vt 0.864865 0.000000
vt 0.891892 1.000000
vt 0.878378 0.000000
vt 0.905405 1.000000
vt 0.891892 0.000000
vt 0.918919 1.000000
vt 0.905405 0.000000
vt 0.932432 1.000000
vt 0.918919 0.000000
vt 0.945946 1.000000
vt 0.932432 0.000000
vt 0.959459 1.000000
vt 0.945946 0.000000
vt 0.972973 1.000000
vt 0.959459 0.000000
vt 0.986486 1.000000
vt 0.972973 0.000000
vt 0.986486 0.000000
vt 0.007299 1.000000
vt 0.014599 1.000000
vt 0.007299 0.000000
vt 0.021898 1.000000
vt 0.014599 0.000000
vt 0.029197 1.000000
vt 0.021898 0.000000
vt 0.036496 1.000000
vt 0.029197 0.000000
vt 0.043796 1.000000
vt 0.036496 0.000000
vt 0.051095 1.000000
vt 0.043796 0.000000
vt 0.058394 1.000000
vt 0.051095 0.000000
vt 0.065693 1.000000
vt 0.058394 0.000000
vt 0.072993 1.000000
vt 0.065693 0.000000
vt 0.080292 1.000000
vt 0.072993 0.000000
vt 0.087591 1.000000
vt 0.080292 0.000000
vt 0.094891 1.000000
vt 0.087591 0.000000
vt 0.102190 1.000000
vt 0.094891 0.000000
vt 0.109489 1.000000
vt 0.102190 0.000000
vt 0.116788 1.000000
vt 0.109489 0.000000
vt 0.124088 1.000000
vt 0.116788 0.000000
vt 0.131387 1.000000
vt 0.124088 0.000000
vt 0.138686 1.000000
vt 0.131387 0.000000
vt 0.145985 1.000000
vt 0.138686 0.000000
vt 0.153285 1.000000
vt 0.145985 0.000000
vt 0.160584 1.000000
vt 0.153285 0.000000
vt 0.167883 1.000000
vt 0.160584 0.000000
vt 0.175182 1.000000
vt 0.167883 0.000000
vt 0.182482 1.000000
vt 0.175182 0.000000
vt 0.189781 1.000000
vt 0.182482 0.000000
vt 0.197080 1.000000
vt 0.189781 0.000000
vt 0.204380 1.000000
vt 0.197080 0.000000
vt 0.211679 1.000000
vt 0.204380 0.000000
vt 0.218978 1.000000
vt 0.211679 0.000000
vt 0.226277 1.000000
vt 0.218978 0.000000
vt 0.233577 1.000000
vt 0.226277 0.000000
vt 0.240876 1.000000
vt 0.233577 0.000000
vt 0.248175 1.000000
vt 0.240876 0.000000
vt 0.255474 1.000000
vt 0.248175 0.000000
vt 0.262774 1.000000
vt 0.255474 0.000000
vt 0.270073 1.000000
vt 0.262774 0.000000
vt 0.277372 1.000000
vt 0.270073 0.000000
vt 0.284672 1.000000
vt 0.277372 0.000000
vt 0.291971 1.000000
vt 0.284672 0.000000
vt 0.299270 1.000000
vt 0.291971 0.000000
vt 0.306569 1.000000
vt 0.299270 0.000000
vt 0.313869 1.000000
vt 0.306569 0.000000
vt 0.321168 1.000000
vt 0.313869 0.000000
vt 0.328467 1.000000
vt 0.321168 0.000000
vt 0.335766 1.000000
vt 0.328467 0.000000
vt 0.343066 1.000000
vt 0.335766 0.000000
vt 0.350365 1.000000
vt 0.343066 0.000000
vt 0.357664 1.000000
vt 0.350365 0.000000
vt 0.364964 1.000000
vt 0.357664 0.000000
vt 0.372263 1.000000
vt 0.364964 0.000000
vt 0.379562 1.000000
vt 0.372263 0.000000
vt 0.386861 1.000000
vt 0.379562 0.000000
vt 0.394161 1.000000
vt 0.386861 0.000000
vt 0.401460 1.000000
vt 0.394161 0.000000
vt 0.408759 1.000000
vt 0.401460 0.000000
vt 0.416058 1.000000
vt 0.408759 0.000000
vt 0.423358 1.000000
vt 0.416058 0.000000
vt 0.430657 1.000000
vt 0.423358 0.000000
vt 0.437956 1.000000
vt 0.430657 0.000000
vt 0.445255 1.000000
vt 0.437956 0.000000
vt 0.452555 1.000000
vt 0.445255 0.000000
vt 0.459854 1.000000
vt 0.452555 0.000000
vt 0.467153 1.000000
vt 0.459854 0.000000
vt 0.474453 1.000000
vt 0.467153 0.000000
vt 0.481752 1.000000
vt 0.474453 0.000000
vt 0.489051 1.000000
vt 0.481752 0.000000
vt 0.496350 1.000000
vt 0.489051 0.000000
vt 0.503650 1.000000
vt 0.496350 0.000000
vt 0.510949 1.000000
vt 0.503650 0.000000
vt 0.518248 1.000000
vt 0.510949 0.000000
vt 0.525547 1.000000
vt 0.518248 0.000000
vt 0.532847 1.000000
vt 0.525547 0.000000
vt 0.540146 1.000000
vt 0.532847 0.000000
vt 0.547445 1.000000
vt 0.540146 0.000000
vt 0.554745 1.000000
vt 0.547445 0.000000
vt 0.562044 1.000000
vt 0.554745 0.000000
vt 0.569343 1.000000
vt 0.562044 0.000000
vt 0.576642 1.000000
vt 0.569343 0.000000
vt 0.583942 1.000000
vt 0.576642 0.000000
vt 0.591241 1.000000
vt 0.583942 0.000000
vt 0.598540 1.000000
vt 0.591241 0.000000
vt 0.605839 1.000000
vt 0.598540 0.000000
vt 0.613139 1.000000
vt 0.605839 0.000000
vt 0.620438 1.000000
vt 0.613139 0.000000
vt 0.627737 1.000000
vt 0.620438 0.000000
vt 0.635036 1.000000
vt 0.627737 0.000000
vt 0.642336 1.000000
vt 0.635036 0.000000
vt 0.649635 1.000000
vt 0.642336 0.000000
vt 0.656934 1.000000
vt 0.649635 0.000000
vt 0.664234 1.000000
vt 0.656934 0.000000
vt 0.671533 1.000000
vt 0.664234 0.000000
vt 0.678832 1.000000
vt 0.671533 0.000000
vt 0.686131 1.000000
vt 0.678832 0.000000
vt 0.693431 1.000000
vt 0.686131 0.000000
vt 0.700730 1.000000
vt 0.693431 0.000000
vt 0.708029 1.000000
vt 0.700730 0.000000
vt 0.715328 1.000000
vt 0.708029 0.000000
vt 0.722628 1.000000
vt 0.715328 0.000000
vt 0.729927 1.000000
vt 0.722628 0.000000
vt 0.737226 1.000000
vt 0.729927 0.000000
vt 0.744526 1.000000
vt 0.737226 0.000000
vt 0.751825 1.000000
vt 0.744526 0.000000
vt 0.759124 1.000000
vt 0.751825 0.000000
vt 0.766423 1.000000
vt 0.759124 0.000000
vt 0.773723 1.000000
vt 0.766423 0.000000
vt 0.781022 1.000000
vt 0.773723 0.000000
vt 0.788321 1.000000
vt 0.781022 0.000000
vt 0.795620 1.000000
vt 0.788321 0.000000
vt 0.802920 1.000000
vt 0.795620 0.000000
vt 0.810219 1.000000
vt 0.802920 0.000000
vt 0.817518 1.000000
vt 0.810219 0.000000
vt 0.824818 1.000000
vt 0.817518 0.000000
vt 0.832117 1.000000
vt 0.824818 0.000000
vt 0.839416 1.000000
vt 0.832117 0.000000
vt 0.846715 1.000000
vt 0.839416 0.000000
vt 0.854015 1.000000
vt 0.846715 0.000000
vt 0.861314 1.000000
vt 0.854015 0.000000
vt 0.868613 1.000000
vt 0.861314 0.000000
vt 0.875912 1.000000
vt 0.868613 0.000000
vt 0.883212 1.000000
vt 0.875912 0.000000
vt 0.890511 1.000000
vt 0.883212 0.000000
vt 0.897810 1.000000
vt 0.890511 0.000000
vt 0.905109 1.000000
vt 0.897810 0.000000
vt 0.912409 1.000000
vt 0.905109 0.000000
vt 0.919708 1.000000
vt 0.912409 0.000000
vt 0.927007 1.000000
vt 0.919708 0.000000
vt 0.934307 1.000000
vt 0.927007 0.000000
vt 0.941606 1.000000
vt 0.934307 0.000000
vt 0.948905 1.000000
vt 0.941606 0.000000
vt 0.956204 1.000000
vt 0.948905 0.000000
vt 0.963504 1.000000
vt 0.956204 0.000000
vt 0.970803 1.000000
vt 0.963504 0.000000
vt 0.978102 1.000000
vt 0.970803 0.000000
vt 0.985401 1.000000
vt 0.978102 0.000000
vt 0.992701 1.000000
vt 0.985401 0.000000
vt 0.992701 0.000000
vt 0.250000 1.000000
vt 0.750000 1.000000
vt 0.018868 1.000000
vt 0.037736 1.000000
vt 0.018868 0.000000
vt 0.056604 1.000000
vt 0.037736 0.000000
vt 0.075472 1.000000
vt 0.056604 0.000000
vt 0.094340 1.000000
vt 0.075472 0.000000
vt 0.113208 1.000000
vt 0.094340 0.000000
vt 0.132075 1.000000
vt 0.113208 0.000000
vt 0.150943 1.000000
vt 0.132075 0.000000
vt 0.169811 1.000000
vt 0.150943 0.000000
vt 0.188679 1.000000
vt 0.169811 0.000000
vt 0.207547 1.000000
vt 0.188679 0.000000
vt 0.226415 1.000000
vt 0.207547 0.000000
vt 0.245283 1.000000
vt 0.226415 0.000000
vt 0.264151 1.000000
vt 0.245283 0.000000
vt 0.283019 1.000000
vt 0.264151 0.000000
vt 0.301887 1.000000
vt 0.283019 0.000000
vt 0.320755 1.000000
vt 0.301887 0.000000
vt 0.339623 1.000000
vt 0.320755 0.000000
vt 0.358491 1.000000
vt 0.339623 0.000000
vt 0.377358 1.000000
vt 0.358491 0.000000
vt 0.396226 1.000000
vt 0.377358 0.000000
vt 0.415094 1.000000
vt 0.396226 0.000000
vt 0.433962 1.000000
vt 0.415094 0.000000
vt 0.452830 1.000000
vt 0.433962 0.000000
vt 0.471698 1.000000
vt 0.452830 0.000000
vt 0.490566 1.000000
vt 0.471698 0.000000
vt 0.509434 1.000000
vt 0.490566 0.000000
vt 0.528302 1.000000
vt 0.509434 0.000000
vt 0.547170 1.000000
vt 0.528302 0.000000
vt 0.566038 1.000000
vt 0.547170 0.000000
vt 0.584906 1.000000
vt 0.566038 0.000000
vt 0.603774 1.000000
vt 0.584906 0.000000
vt 0.622642 1.000000
vt 0.603774 0.000000
vt 0.641509 1.000000
vt 0.622642 0.000000
vt 0.660377 1.000000
vt 0.641509 0.000000
vt 0.679245 1.000000
vt 0.660377 0.000000
vt 0.698113 1.000000
vt 0.679245 0.000000
vt 0.716981 1.000000
vt 0.698113 0.000000
vt 0.735849 1.000000
vt 0.716981 0.000000
vt 0.754717 1.000000
vt 0.735849 0.000000
vt 0.773585 1.000000
vt 0.754717 0.000000
vt 0.792453 1.000000
vt 0.773585 0.000000
vt 0.811321 1.000000
vt 0.792453 0.000000
vt 0.830189 1.000000
vt 0.811321 0.000000
vt 0.849057 1.000000
vt 0.830189 0.000000
vt 0.867925 1.000000
vt 0.849057 0.000000
vt 0.886792 1.000000
vt 0.867925 0.000000
vt 0.905660 1.000000
vt 0.886792 0.000000
vt 0.924528 1.000000
vt 0.905660 0.000000
vt 0.943396 1.000000
vt 0.924528 0.000000
vt 0.962264 1.000000
vt 0.943396 0.000000
vt 0.981132 1.000000
vt 0.962264 0.000000
vt 0.981132 0.000000
vt 0.015152 1.000000
vt 0.030303 1.000000
vt 0.015152 0.000000
vt 0.045455 1.000000
vt 0.030303 0.000000
vt 0.060606 1.000000
vt 0.045455 0.000000
vt 0.075758 1.000000
vt 0.060606 0.000000
vt 0.090909 1.000000
vt 0.075758 0.000000
vt 0.106061 1.000000
vt 0.090909 0.000000
vt 0.121212 1.000000
vt 0.106061 0.000000
vt 0.136364 1.000000
vt 0.121212 0.000000
vt 0.151515 1.000000
vt 0.136364 0.000000
vt 0.166667 1.000000
vt 0.151515 0.000000
vt 0.181818 1.000000
vt 0.196970 1.000000
vt 0.181818 0.000000
vt 0.212121 1.000000
vt 0.196970 0.000000
vt 0.227273 1.000000
vt 0.212121 0.000000
vt 0.242424 1.000000
vt 0.227273 0.000000
vt 0.257576 1.000000
vt 0.242424 0.000000
vt 0.272727 1.000000
vt 0.257576 0.000000
vt 0.287879 1.000000
vt 0.272727 0.000000
vt 0.303030 1.000000
vt 0.287879 0.000000
vt 0.318182 1.000000
vt 0.303030 0.000000
vt 0.333333 1.000000
vt 0.318182 0.000000
vt 0.348485 1.000000
vt 0.363636 1.000000
vt 0.348485 0.000000
vt 0.378788 1.000000
vt 0.363636 0.000000
vt 0.393939 1.000000
vt 0.378788 0.000000
vt 0.409091 1.000000
vt 0.393939 0.000000
vt 0.424242 1.000000
vt 0.409091 0.000000
vt 0.439394 1.000000
vt 0.424242 0.000000
vt 0.454545 1.000000
vt 0.439394 0.000000
vt 0.469697 1.000000
vt 0.454545 0.000000
vt 0.484848 1.000000
vt 0.469697 0.000000
vt 0.484848 0.000000
vt 0.515152 1.000000
vt 0.530303 1.000000
vt 0.515152 0.000000
vt 0.545455 1.000000
vt 0.530303 0.000000
vt 0.560606 1.000000
vt 0.545455 0.000000
vt 0.575758 1.000000
vt 0.560606 0.000000
vt 0.590909 1.000000
vt 0.575758 0.000000
vt 0.606061 1.000000
vt 0.590909 0.000000
vt 0.621212 1.000000
vt 0.606061 0.000000
vt 0.636364 1.000000
vt 0.621212 0.000000
vt 0.651515 1.000000
vt 0.636364 0.000000
vt 0.666667 1.000000
vt 0.651515 0.000000
vt 0.681818 1.000000
vt 0.696970 1.000000
vt 0.681818 0.000000
vt 0.712121 1.000000
vt 0.696970 0.000000
vt 0.727273 1.000000
vt 0.712121 0.000000
vt 0.742424 1.000000
vt 0.727273 0.000000
vt 0.757576 1.000000
vt 0.742424 0.000000
vt 0.772727 1.000000
vt 0.757576 0.000000
vt 0.787879 1.000000
vt 0.772727 0.000000
vt 0.803030 1.000000
vt 0.787879 0.000000
vt 0.818182 1.000000
vt 0.803030 0.000000
vt 0.833333 1.000000
vt 0.818182 0.000000
vt 0.848485 1.000000
vt 0.863636 1.000000
vt 0.848485 0.000000
vt 0.878788 1.000000
vt 0.863636 0.000000
vt 0.893939 1.000000
vt 0.878788 0.000000
vt 0.909091 1.000000
vt 0.893939 0.000000
vt 0.924242 1.000000
vt 0.909091 0.000000
vt 0.939394 1.000000
vt 0.924242 0.000000
vt 0.954545 1.000000
vt 0.939394 0.000000
vt 0.969697 1.000000
vt 0.954545 0.000000
vt 0.984848 1.000000
vt 0.969697 0.000000
vt 0.984848 0.000000
vt 0.125000 1.000000
vt 0.375000 1.000000
vt 0.625000 1.000000
vt 0.875000 1.000000
vt 0.010000 1.000000
vt 0.020000 1.000000
vt 0.010000 0.000000
vt 0.030000 1.000000
vt 0.020000 0.000000
vt 0.040000 1.000000
vt 0.030000 0.000000
vt 0.050000 1.000000
vt 0.040000 0.000000
vt 0.060000 1.000000
vt 0.050000 0.000000
vt 0.070000 1.000000
vt 0.060000 0.000000
vt 0.080000 1.000000
vt 0.070000 0.000000
vt 0.090000 1.000000
vt 0.080000 0.000000
vt 0.100000 1.000000
vt 0.090000 0.000000
vt 0.110000 1.000000
vt 0.120000 1.000000
vt 0.110000 0.000000
vt 0.130000 1.000000
vt 0.120000 0.000000
vt 0.140000 1.000000
vt 0.130000 0.000000
vt 0.150000 1.000000
vt 0.140000 0.000000
vt 0.160000 1.000000
vt 0.150000 0.000000
vt 0.170000 1.000000
vt 0.160000 0.000000
vt 0.180000 1.000000
vt 0.170000 0.000000
vt 0.190000 1.000000
vt 0.180000 0.000000
vt 0.200000 1.000000
vt 0.190000 0.000000
vt 0.210000 1.000000
vt 0.220000 1.000000
vt 0.210000 0.000000
vt 0.230000 1.000000
vt 0.220000 0.000000
vt 0.240000 1.000000
vt 0.230000 0.000000
vt 0.240000 0.000000
vt 0.260000 1.000000
vt 0.270000 1.000000
vt 0.260000 0.000000
vt 0.280000 1.000000
vt 0.270000 0.000000
vt 0.290000 1.000000
vt 0.280000 0.000000
vt 0.300000 1.000000
vt 0.290000 0.000000
vt 0.310000 1.000000
vt 0.320000 1.000000
vt 0.310000 0.000000
vt 0.330000 1.000000
vt 0.320000 0.000000
vt 0.340000 1.000000
vt 0.330000 0.000000
vt 0.350000 1.000000
vt 0.340000 0.000000
vt 0.360000 1.000000
vt 0.350000 0.000000
vt 0.370000 1.000000
vt 0.360000 0.000000
vt 0.380000 1.000000
vt 0.370000 0.000000
vt 0.390000 1.000000
vt 0.380000 0.000000
vt 0.400000 1.000000
vt 0.390000 0.000000
vt 0.410000 1.000000
vt 0.420000 1.000000
vt 0.410000 0.000000
vt 0.430000 1.000000
vt 0.420000 0.000000
vt 0.440000 1.000000
vt 0.430000 0.000000
vt 0.450000 1.000000
vt 0.440000 0.000000
vt 0.460000 1.000000
vt 0.450000 0.000000
vt 0.470000 1.000000
vt 0.460000 0.000000
vt 0.480000 1.000000
vt 0.470000 0.000000
vt 0.490000 1.000000
vt 0.480000 0.000000
vt 0.490000 0.000000
vt 0.510000 1.000000
vt 0.520000 1.000000
vt 0.510000 0.000000
vt 0.530000 1.000000
vt 0.520000 0.000000
vt 0.540000 1.000000
vt 0.530000 0.000000
vt 0.550000 1.000000
vt 0.540000 0.000000
vt 0.560000 1.000000
vt 0.550000 0.000000
vt 0.570000 1.000000
vt 0.560000 0.000000
vt 0.580000 1.000000
vt 0.570000 0.000000
vt 0.590000 1.000000
vt 0.580000 0.000000
vt 0.600000 1.000000
vt 0.590000 0.000000
vt 0.610000 1.000000
vt 0.620000 1.000000
vt 0.610000 0.000000
vt 0.630000 1.000000
vt 0.620000 0.000000
vt 0.640000 1.000000
vt 0.630000 0.000000
vt 0.650000 1.000000
vt 0.640000 0.000000
vt 0.660000 1.000000
vt 0.650000 0.000000
vt 0.670000 1.000000
vt 0.660000 0.000000
vt 0.680000 1.000000
vt 0.670000 0.000000
vt 0.690000 1.000000
vt 0.680000 0.000000
vt 0.700000 1.000000
vt 0.690000 0.000000
vt 0.710000 1.000000
vt 0.720000 1.000000
vt 0.710000 0.000000
vt 0.730000 1.000000
vt 0.720000 0.000000
vt 0.740000 1.000000
vt 0.730000 0.000000
vt 0.740000 0.000000
vt 0.760000 1.000000
vt 0.770000 1.000000
vt 0.760000 0.000000
vt 0.780000 1.000000
vt 0.770000 0.000000
vt 0.790000 1.000000
vt 0.780000 0.000000
vt 0.800000 1.000000
vt 0.790000 0.000000
vt 0.810000 1.000000
vt 0.820000 1.000000
vt 0.810000 0.000000
vt 0.830000 1.000000
vt 0.820000 0.000000
vt 0.840000 1.000000
vt 0.830000 0.000000
vt 0.850000 1.000000
vt 0.840000 0.000000
vt 0.860000 1.000000
vt 0.850000 0.000000
vt 0.870000 1.000000
vt 0.860000 0.000000
vt 0.880000 1.000000
vt 0.870000 0.000000
vt 0.890000 1.000000
vt 0.880000 0.000000
vt 0.900000 1.000000
vt 0.890000 0.000000
vt 0.910000 1.000000
vt 0.920000 1.000000
vt 0.910000 0.000000
vt 0.930000 1.000000
vt 0.920000 0.000000
vt 0.940000 1.000000
vt 0.930000 0.000000
vt 0.950000 1.000000
vt 0.940000 0.000000
vt 0.960000 1.000000
vt 0.950000 0.000000
vt 0.970000 1.000000
vt 0.960000 0.000000
vt 0.980000 1.000000
vt 0.970000 0.000000
vt 0.990000 1.000000
vt 0.980000 0.000000
vt 0.990000 0.000000
vt 0.007812 1.000000
vt 0.015625 1.000000
vt 0.007812 0.000000
vt 0.023438 1.000000
vt 0.015625 0.000000
vt 0.031250 1.000000
vt 0.023438 0.000000
vt 0.039062 1.000000
vt 0.031250 0.000000
vt 0.046875 1.000000
vt 0.039062 0.000000
vt 0.054688 1.000000
vt 0.046875 0.000000
vt 0.062500 1.000000
vt 0.054688 0.000000
vt 0.070312 1.000000
vt 0.078125 1.000000
vt 0.070312 0.000000
vt 0.085938 1.000000
vt 0.078125 0.000000
vt 0.093750 1.000000
vt 0.085938 0.000000
vt 0.101562 1.000000
vt 0.093750 0.000000
vt 0.109375 1.000000
vt 0.101562 0.000000
vt 0.117188 1.000000
vt 0.109375 0.000000
vt 0.117188 0.000000
vt 0.132812 1.000000
vt 0.140625 1.000000
vt 0.132812 0.000000
vt 0.148438 1.000000
vt 0.140625 0.000000
vt 0.156250 1.000000
vt 0.148438 0.000000
vt 0.164062 1.000000
vt 0.156250 0.000000
vt 0.171875 1.000000
vt 0.164062 0.000000
vt 0.179688 1.000000
vt 0.171875 0.000000
vt 0.187500 1.000000
vt 0.179688 0.000000
vt 0.195312 1.000000
vt 0.203125 1.000000
vt 0.195312 0.000000
vt 0.210938 1.000000
vt 0.203125 0.000000
vt 0.218750 1.000000
vt 0.210938 0.000000
vt 0.226562 1.000000
vt 0.218750 0.000000
vt 0.234375 1.000000
vt 0.226562 0.000000
vt 0.242188 1.000000
vt 0.234375 0.000000
vt 0.242188 0.000000
vt 0.257812 1.000000
vt 0.265625 1.000000
vt 0.257812 0.000000
vt 0.273438 1.000000
vt 0.265625 0.000000
vt 0.281250 1.000000
vt 0.273438 0.000000
vt 0.289062 1.000000
vt 0.281250 0.000000
vt 0.296875 1.000000
vt 0.289062 0.000000
vt 0.304688 1.000000
vt 0.296875 0.000000
vt 0.312500 1.000000
vt 0.304688 0.000000
vt 0.320312 1.000000
vt 0.328125 1.000000
vt 0.320312 0.000000
vt 0.335938 1.000000
vt 0.328125 0.000000
vt 0.343750 1.000000
vt 0.335938 0.000000
vt 0.351562 1.000000
vt 0.343750 0.000000
vt 0.359375 1.000000
vt 0.351562 0.000000
vt 0.367188 1.000000
vt 0.359375 0.000000
vt 0.367188 0.000000
vt 0.382812 1.000000
vt 0.390625 1.000000
vt 0.382812 0.000000
vt 0.398438 1.000000
vt 0.390625 0.000000
vt 0.406250 1.000000
vt 0.398438 0.000000
vt 0.414062 1.000000
vt 0.406250 0.000000
vt 0.421875 1.000000
vt 0.414062 0.000000
vt 0.429688 1.000000
vt 0.421875 0.000000
vt 0.437500 1.000000
vt 0.429688 0.000000
vt 0.445312 1.000000
vt 0.453125 1.000000
vt 0.445312 0.000000
vt 0.460938 1.000000
vt 0.453125 0.000000
vt 0.468750 1.000000
vt 0.460938 0.000000
vt 0.476562 1.000000
vt 0.468750 0.000000
vt 0.484375 1.000000
vt 0.476562 0.000000
vt 0.492188 1.000000
vt 0.484375 0.000000
vt 0.492188 0.000000
vt 0.507812 1.000000
vt 0.515625 1.000000
vt 0.507812 0.000000
vt 0.523438 1.000000
vt 0.515625 0.000000
vt 0.531250 1.000000
vt 0.523438 0.000000
vt 0.539062 1.000000
vt 0.531250 0.000000
vt 0.546875 1.000000
vt 0.539062 0.000000
vt 0.554688 1.000000
vt 0.546875 0.000000
vt 0.562500 1.000000
vt 0.554688 0.000000
vt 0.570312 1.000000
vt 0.578125 1.000000
vt 0.570312 0.000000
vt 0.585938 1.000000
vt 0.578125 0.000000
vt 0.593750 1.000000
vt 0.585938 0.000000
vt 0.601562 1.000000
vt 0.593750 0.000000
vt 0.609375 1.000000
vt 0.601562 0.000000
vt 0.617188 1.000000
vt 0.609375 0.000000
vt 0.617188 0.000000
vt 0.632812 1.000000
vt 0.640625 1.000000
vt 0.632812 0.000000
vt 0.648438 1.000000
vt 0.640625 0.000000
vt 0.656250 1.000000
vt 0.648438 0.000000
vt 0.664062 1.000000
vt 0.656250 0.000000
vt 0.671875 1.000000
vt 0.664062 0.000000
vt 0.679688 1.000000
vt 0.671875 0.000000
vt 0.687500 1.000000
vt 0.679688 0.000000
vt 0.695312 1.000000
vt 0.703125 1.000000
vt 0.695312 0.000000
vt 0.710938 1.000000
vt 0.703125 0.000000
vt 0.718750 1.000000
vt 0.710938 0.000000
vt 0.726562 1.000000
vt 0.718750 0.000000
vt 0.734375 1.000000
vt 0.726562 0.000000
vt 0.742188 1.000000
vt 0.734375 0.000000
vt 0.742188 0.000000
vt 0.757812 1.000000
vt 0.765625 1.000000
vt 0.757812 0.000000
vt 0.773438 1.000000
vt 0.765625 0.000000
vt 0.781250 1.000000
vt 0.773438 0.000000
vt 0.789062 1.000000
vt 0.781250 0.000000
vt 0.796875 1.000000
vt 0.789062 0.000000
vt 0.804688 1.000000
vt 0.796875 0.000000
vt 0.812500 1.000000
vt 0.804688 0.000000
vt 0.820312 1.000000
vt 0.828125 1.000000
vt 0.820312 0.000000
vt 0.835938 1.000000
vt 0.828125 0.000000
vt 0.843750 1.000000
vt 0.835938 0.000000
vt 0.851562 1.000000
vt 0.843750 0.000000
vt 0.859375 1.000000
vt 0.851562 0.000000
vt 0.867188 1.000000
vt 0.859375 0.000000
vt 0.867188 0.000000
vt 0.882812 1.000000
vt 0.890625 1.000000
vt 0.882812 0.000000
vt 0.898438 1.000000
vt 0.890625 0.000000
vt 0.906250 1.000000
vt 0.898438 0.000000
vt 0.914062 1.000000
vt 0.906250 0.000000
vt 0.921875 1.000000
vt 0.914062 0.000000
vt 0.929688 1.000000
vt 0.921875 0.000000
vt 0.937500 1.000000
vt 0.929688 0.000000
vt 0.945312 1.000000
vt 0.953125 1.000000
vt 0.945312 0.000000
vt 0.960938 1.000000
vt 0.953125 0.000000
vt 0.968750 1.000000
vt 0.960938 0.000000
vt 0.976562 1.000000
vt 0.968750 0.000000
vt 0.984375 1.000000
vt 0.976562 0.000000
vt 0.992188 1.000000
vt 0.984375 0.000000
vt 0.992188 0.000000
s 0
f 237/1/1 242/2/1 238/3/1
f 239/4/1 238/3/1 242/2/1
f 239/4/1 242/2/1 240/5/1
f 241/6/1 240/5/1 242/2/1
f 236/7/1 235/8/1 243/9/1
f 242/2/1 237/1/1 236/7/1
f 236/7/1 243/9/1 242/2/1
f 230/10/1 229/11/1 228/12/1
f 231/13/1 230/10/1 228/12/1
f 231/13/1 228/12/1 232/14/1
f 233/15/1 232/14/1 228/12/1
f 234/16/1 233/15/1 228/12/1
f 266/17/1 265/18/1 264/19/1
f 264/19/1 263/20/1 266/17/1
f 225/21/1 224/22/1 246/23/1
f 115/24/1 114/25/1 260/26/1
f 234/16/1 228/12/1 227/27/1
f 235/8/1 234/16/1 227/27/1
f 243/9/1 235/8/1 227/27/1
f 244/28/1 243/9/1 227/27/1
f 227/27/1 226/29/1 244/28/1
f 245/30/1 244/28/1 226/29/1
f 226/29/1 225/21/1 245/30/1
f 225/21/1 246/23/1 245/30/1
f 260/26/1 114/25/1 261/31/1
f 114/25/1 113/32/1 261/31/1
f 262/33/1 261/31/1 113/32/1
f 113/32/1 149/34/1 262/33/1
f 263/20/1 262/33/1 149/34/1
f 266/17/1 263/20/1 149/34/1
f 267/35/1 266/17/1 149/34/1
f 268/36/1 267/35/1 149/34/1
f 149/34/1 148/37/1 268/36/1
f 269/38/1 268/36/1 148/37/1
f 148/37/1 147/39/1 269/38/1
f 147/39/1 146/40/1 269/38/1
f 270/41/1 269/38/1 146/40/1
f 146/40/1 145/42/1 270/41/1
f 271/43/1 270/41/1 145/42/1
f 145/42/1 144/44/1 271/43/1
f 272/45/1 271/43/1 144/44/1
f 144/44/1 143/46/1 272/45/1
f 273/47/1 272/45/1 143/46/1
f 151/48/1 150/49/1 277/50/1
f 277/50/1 152/51/1 151/48/1
f 256/52/1 255/53/1 122/54/1
f 122/54/1 121/55/1 256/52/1
f 121/55/1 120/56/1 256/52/1
f 217/57/1 216/58/1 194/59/1
f 194/59/1 193/60/1 217/57/1
f 193/60/1 192/61/1 217/57/1
f 192/61/1 191/62/1 124/63/1
f 125/64/1 124/63/1 191/62/1
f 191/62/1 190/65/1 125/64/1
f 126/66/1 125/64/1 190/65/1
f 250/67/1 220/68/1 219/69/1
f 251/70/1 250/67/1 219/69/1
f 219/69/1 218/71/1 251/70/1
f 252/72/1 251/70/1 218/71/1
f 218/71/1 217/57/1 252/72/1
f 253/73/1 252/72/1 217/57/1
f 217/57/1 192/61/1 253/73/1
f 192/61/1 124/63/1 253/73/1
f 254/74/1 253/73/1 124/63/1
f 255/53/1 254/74/1 124/63/1
f 124/63/1 123/75/1 255/53/1
f 122/54/1 255/53/1 123/75/1
f 177/76/1 137/77/1 136/78/1
f 168/79/1 167/80/1 162/81/1
f 163/82/1 162/81/1 167/80/1
f 167/80/1 166/83/1 163/82/1
f 164/84/1 163/82/1 166/83/1
f 166/83/1 165/85/1 164/84/1
f 246/23/1 224/22/1 223/86/1
f 247/87/1 246/23/1 223/86/1
f 223/86/1 222/88/1 247/87/1
f 248/89/1 247/87/1 222/88/1
f 222/88/1 221/90/1 248/89/1
f 249/91/1 248/89/1 221/90/1
f 221/90/1 220/68/1 249/91/1
f 220/68/1 250/67/1 249/91/1
f 256/52/1 120/56/1 257/92/1
f 120/56/1 119/93/1 257/92/1
f 258/94/1 257/92/1 119/93/1
f 119/93/1 118/95/1 258/94/1
f 118/95/1 117/96/1 258/94/1
f 259/97/1 258/94/1 117/96/1
f 117/96/1 116/98/1 259/97/1
f 260/26/1 259/97/1 116/98/1
f 115/24/1 260/26/1 116/98/1
f 273/47/1 143/46/1 142/99/1
f 274/100/1 273/47/1 142/99/1
f 142/99/1 141/101/1 274/100/1
f 275/102/1 274/100/1 141/101/1
f 141/101/1 140/103/1 275/102/1
f 140/103/1 139/104/1 275/102/1
f 276/105/1 275/102/1 139/104/1
f 139/104/1 138/106/1 276/105/1
f 277/50/1 276/105/1 138/106/1
f 138/106/1 137/77/1 277/50/1
f 152/51/1 277/50/1 137/77/1
f 137/77/1 177/76/1 152/51/1
f 153/107/1 152/51/1 177/76/1
f 177/76/1 176/108/1 153/107/1
f 154/109/1 153/107/1 176/108/1
f 176/108/1 175/110/1 154/109/1
f 155/111/1 154/109/1 175/110/1
f 175/110/1 174/112/1 155/111/1
f 156/113/1 155/111/1 174/112/1
f 174/112/1 173/114/1 156/113/1
f 157/115/1 156/113/1 173/114/1
f 173/114/1 172/116/1 157/115/1
f 158/117/1 157/115/1 172/116/1
f 172/116/1 171/118/1 158/117/1
f 159/119/1 158/117/1 171/118/1
f 171/118/1 170/120/1 159/119/1
f 160/121/1 159/119/1 170/120/1
f 170/120/1 169/122/1 160/121/1
f 161/123/1 160/121/1 169/122/1
f 169/122/1 168/79/1 161/123/1
f 168/79/1 162/81/1 161/123/1
f 111/124/1 110/125/1 14/126/1
f 14/126/1 13/127/1 111/124/1
f 112/128/1 111/124/1 13/127/1
f 206/129/1 205/130/1 204/131/1
f 207/132/1 206/129/1 204/131/1
f 204/131/1 203/133/1 207/132/1
f 208/134/1 207/132/1 203/133/1
f 203/133/1 202/135/1 208/134/1
f 209/136/1 208/134/1 202/135/1
f 202/135/1 201/137/1 209/136/1
f 179/138/1 178/139/1 181/140/1
f 181/140/1 180/141/1 179/138/1
f 101/142/1 100/143/1 99/144/1
f 101/142/1 99/144/1 102/145/1
f 103/146/1 102/145/1 99/144/1
f 99/144/1 98/147/1 103/146/1
f 104/148/1 103/146/1 98/147/1
f 16/149/1 107/150/1 17/151/1
f 49/152/1 95/153/1 94/154/1
f 5/155/1 4/156/1 6/157/1
f 4/156/1 11/158/1 6/157/1
f 95/153/1 49/152/1 96/159/1
f 23/160/1 22/161/1 49/152/1
f 24/162/1 23/160/1 49/152/1
f 104/148/1 98/147/1 97/163/1
f 105/164/1 104/148/1 97/163/1
f 106/165/1 105/164/1 97/163/1
f 97/163/1 96/159/1 106/165/1
f 107/150/1 106/165/1 96/159/1
f 17/151/1 107/150/1 96/159/1
f 18/166/1 17/151/1 96/159/1
f 19/167/1 18/166/1 96/159/1
f 96/159/1 49/152/1 19/167/1
f 20/168/1 19/167/1 49/152/1
f 21/169/1 20/168/1 49/152/1
f 49/152/1 22/161/1 21/169/1
f 11/158/1 10/170/1 7/171/1
f 107/150/1 16/149/1 108/172/1
f 109/173/1 108/172/1 16/149/1
f 16/149/1 15/174/1 109/173/1
f 110/125/1 109/173/1 15/174/1
f 14/126/1 110/125/1 15/174/1
f 44/175/1 43/176/1 30/177/1
f 31/178/1 30/177/1 43/176/1
f 43/176/1 42/179/1 31/178/1
f 32/180/1 31/178/1 42/179/1
f 60/181/1 63/182/1 61/183/1
f 62/184/1 61/183/1 63/182/1
f 32/180/1 42/179/1 41/185/1
f 33/186/1 32/180/1 41/185/1
f 41/185/1 40/187/1 33/186/1
f 34/188/1 33/186/1 40/187/1
f 40/187/1 39/189/1 34/188/1
f 35/190/1 34/188/1 39/189/1
f 39/189/1 38/191/1 35/190/1
f 36/192/1 35/190/1 38/191/1
f 38/191/1 37/193/1 36/192/1
f 52/194/1 51/195/1 68/196/1
f 53/197/1 52/194/1 68/196/1
f 68/196/1 67/198/1 53/197/1
f 76/199/1 75/200/1 77/201/1
f 78/202/1 77/201/1 75/200/1
f 79/203/1 78/202/1 75/200/1
f 75/200/1 74/204/1 79/203/1
f 80/205/1 79/203/1 74/204/1
f 81/206/1 80/205/1 74/204/1
f 82/207/1 81/206/1 74/204/1
f 74/204/1 73/208/1 82/207/1
f 83/209/1 82/207/1 73/208/1
f 84/210/1 83/209/1 73/208/1
f 3/211/1 2/212/1 1/213/1
f 12/214/1 3/211/1 1/213/1
f 1/213/1 8/215/1 12/214/1
f 9/216/1 12/214/1 8/215/1
f 84/210/1 73/208/1 85/217/1
f 73/208/1 72/218/1 85/217/1
f 86/219/1 85/217/1 72/218/1
f 87/220/1 86/219/1 72/218/1
f 88/221/1 87/220/1 72/218/1
f 72/218/1 71/222/1 88/221/1
f 71/222/1 70/223/1 88/221/1
f 50/224/1 88/221/1 70/223/1
f 70/223/1 69/225/1 50/224/1
f 51/195/1 50/224/1 69/225/1
f 68/196/1 51/195/1 69/225/1
f 88/221/1 50/224/1 89/226/1
f 53/197/1 67/198/1 54/227/1
f 55/228/1 54/227/1 67/198/1
f 67/198/1 66/229/1 55/228/1
f 56/230/1 55/228/1 66/229/1
f 66/229/1 65/231/1 56/230/1
f 57/232/1 56/230/1 65/231/1
f 58/233/1 57/232/1 65/231/1
f 65/231/1 64/234/1 58/233/1
f 59/235/1 58/233/1 64/234/1
f 60/181/1 59/235/1 64/234/1
f 63/182/1 60/181/1 64/234/1
f 11/158/1 4/156/1 3/211/1
f 3/211/1 12/214/1 11/158/1
f 10/170/1 9/216/1 7/171/1
f 49/152/1 94/154/1 93/236/1
f 93/236/1 92/237/1 49/152/1
f 24/162/1 49/152/1 48/238/1
f 25/239/1 24/162/1 48/238/1
f 26/240/1 25/239/1 48/238/1
f 48/238/1 47/241/1 26/240/1
f 27/242/1 26/240/1 47/241/1
f 47/241/1 46/243/1 27/242/1
f 28/244/1 27/242/1 46/243/1
f 46/243/1 45/245/1 28/244/1
f 29/246/1 28/244/1 45/245/1
f 45/245/1 44/175/1 29/246/1
f 44/175/1 30/177/1 29/246/1
f 209/136/1 201/137/1 210/247/1
f 201/137/1 200/248/1 210/247/1
f 211/249/1 210/247/1 200/248/1
f 200/248/1 199/250/1 211/249/1
f 212/251/1 211/249/1 199/250/1
f 199/250/1 198/252/1 212/251/1
f 213/253/1 212/251/1 198/252/1
f 198/252/1 197/254/1 213/253/1
f 214/255/1 213/253/1 197/254/1
f 197/254/1 196/256/1 214/255/1
f 215/257/1 214/255/1 196/256/1
f 196/256/1 195/258/1 215/257/1
f 216/58/1 215/257/1 195/258/1
f 194/59/1 216/58/1 195/258/1
f 126/66/1 190/65/1 189/259/1
f 127/260/1 126/66/1 189/259/1
f 189/259/1 188/261/1 127/260/1
f 128/262/1 127/260/1 188/261/1
f 129/263/1 128/262/1 188/261/1
f 188/261/1 187/264/1 129/263/1
f 130/265/1 129/263/1 187/264/1
f 187/264/1 186/266/1 130/265/1
f 131/267/1 130/265/1 186/266/1
f 186/266/1 185/268/1 131/267/1
f 132/269/1 131/267/1 185/268/1
f 185/268/1 184/270/1 132/269/1
f 133/271/1 132/269/1 184/270/1
f 134/272/1 133/271/1 184/270/1
f 184/270/1 183/273/1 134/272/1
f 135/274/1 134/272/1 183/273/1
f 183/273/1 182/275/1 135/274/1
f 136/78/1 135/274/1 182/275/1
f 182/275/1 181/140/1 136/78/1
f 181/140/1 178/139/1 136/78/1
f 177/76/1 136/78/1 178/139/1
f 6/157/1 11/158/1 7/171/1
f 9/216/1 8/215/1 7/171/1
f 90/276/1 89/226/1 50/224/1
f 50/224/1 49/152/1 90/276/1
f 91/277/1 90/276/1 49/152/1
f 92/237/1 91/277/1 49/152/1
f 421/278/1 420/279/1 418/280/1
f 421/278/1 418/280/1 335/281/1
f 335/281/1 338/98/1 421/278/1
f 338/98/1 340/282/1 421/278/1
f 340/282/1 339/283/1 421/278/1
f 316/284/1 315/285/1 320/286/1
f 316/284/1 320/286/1 317/287/1
f 318/288/1 317/287/1 320/286/1
f 319/289/1 318/288/1 320/286/1
f 420/279/1 419/290/1 418/280/1
f 313/291/1 312/292/1 321/293/1
f 308/294/1 307/295/1 306/296/1
f 309/297/1 308/294/1 306/296/1
f 310/298/1 309/297/1 306/296/1
f 311/299/1 310/298/1 306/296/1
f 312/292/1 311/299/1 306/296/1
f 321/293/1 312/292/1 306/296/1
f 306/296/1 305/300/1 321/293/1
f 305/300/1 322/301/1 321/293/1
f 320/286/1 315/285/1 314/223/1
f 314/223/1 313/291/1 320/286/1
f 313/291/1 321/293/1 320/286/1
f 298/302/1 297/303/1 329/304/1
f 330/305/1 329/304/1 297/303/1
f 297/303/1 296/306/1 330/305/1
f 331/307/1 330/305/1 296/306/1
f 278/213/1 295/308/1 294/309/1
f 291/310/1 288/311/1 279/312/1
f 280/313/1 279/312/1 288/311/1
f 291/310/1 279/312/1 294/309/1
f 278/213/1 294/309/1 279/312/1
f 343/314/1 346/315/1 413/316/1
f 346/315/1 348/317/1 414/318/1
f 348/317/1 347/319/1 414/318/1
f 331/307/1 296/306/1 295/308/1
f 334/320/1 331/307/1 295/308/1
f 295/308/1 278/213/1 334/320/1
f 282/321/1 334/320/1 278/213/1
f 278/213/1 281/322/1 282/321/1
f 337/323/1 336/324/1 417/325/1
f 342/326/1 341/327/1 422/50/1
f 322/301/1 305/300/1 304/328/1
f 323/329/1 322/301/1 304/328/1
f 304/328/1 303/330/1 323/329/1
f 324/331/1 323/329/1 303/330/1
f 303/330/1 302/241/1 324/331/1
f 325/332/1 324/331/1 302/241/1
f 302/241/1 301/333/1 325/332/1
f 326/236/1 325/332/1 301/333/1
f 301/333/1 300/334/1 326/236/1
f 327/335/1 326/236/1 300/334/1
f 300/334/1 299/336/1 327/335/1
f 328/337/1 327/335/1 299/336/1
f 299/336/1 298/302/1 328/337/1
f 298/302/1 329/304/1 328/337/1
f 333/338/1 332/339/1 331/307/1
f 331/307/1 334/320/1 333/338/1
f 284/340/1 283/341/1 282/321/1
f 282/321/1 281/322/1 284/340/1
f 340/282/1 338/98/1 337/323/1
f 337/323/1 341/327/1 340/282/1
f 342/326/1 422/50/1 339/283/1
f 421/278/1 339/283/1 422/50/1
f 384/342/1 388/343/1 385/344/1
f 386/134/1 385/344/1 388/343/1
f 387/345/1 386/134/1 388/343/1
f 376/346/1 375/347/1 374/268/1
f 376/346/1 374/268/1 377/348/1
f 378/349/1 377/348/1 374/268/1
f 379/350/1 378/349/1 374/268/1
f 382/351/1 381/352/1 390/353/1
f 390/353/1 389/354/1 382/351/1
f 383/355/1 382/351/1 389/354/1
f 384/342/1 383/355/1 389/354/1
f 388/343/1 384/342/1 389/354/1
f 372/356/1 393/357/1 392/358/1
f 372/356/1 392/358/1 373/359/1
f 391/360/1 373/359/1 392/358/1
f 394/361/1 371/362/1 395/363/1
f 398/13/1 369/364/1 399/365/1
f 397/366/1 370/367/1 369/364/1
f 369/364/1 398/13/1 397/366/1
f 395/363/1 371/362/1 370/367/1
f 396/368/1 395/363/1 370/367/1
f 370/367/1 397/366/1 396/368/1
f 371/362/1 394/361/1 372/356/1
f 393/357/1 372/356/1 394/361/1
f 379/350/1 374/268/1 373/359/1
f 380/369/1 379/350/1 373/359/1
f 373/359/1 391/360/1 380/369/1
f 381/352/1 380/369/1 391/360/1
f 390/353/1 381/352/1 391/360/1
f 286/370/1 285/371/1 287/372/1
f 400/373/1 368/374/1 367/375/1
f 401/376/1 400/373/1 367/375/1
f 402/377/1 401/376/1 367/375/1
f 415/378/1 350/104/1 416/379/1
f 402/377/1 367/375/1 366/380/1
f 403/381/1 402/377/1 366/380/1
f 366/380/1 365/382/1 403/381/1
f 404/383/1 403/381/1 365/382/1
f 365/382/1 364/384/1 404/383/1
f 364/384/1 363/385/1 404/383/1
f 405/386/1 404/383/1 363/385/1
f 363/385/1 362/81/1 405/386/1
f 362/81/1 361/387/1 405/386/1
f 361/387/1 360/388/1 405/386/1
f 360/388/1 359/389/1 405/386/1
f 406/390/1 405/386/1 359/389/1
f 359/389/1 358/391/1 406/390/1
f 358/391/1 357/392/1 406/390/1
f 357/392/1 356/393/1 406/390/1
f 356/393/1 355/394/1 406/390/1
f 407/395/1 406/390/1 355/394/1
f 355/394/1 354/396/1 407/395/1
f 408/397/1 407/395/1 354/396/1
f 354/396/1 353/398/1 408/397/1
f 409/399/1 408/397/1 353/398/1
f 353/398/1 352/400/1 409/399/1
f 410/74/1 409/399/1 352/400/1
f 352/400/1 351/401/1 410/74/1
f 411/402/1 410/74/1 351/401/1
f 351/401/1 416/379/1 412/403/1
f 344/404/1 412/403/1 416/379/1
f 345/405/1 344/404/1 416/379/1
f 349/406/1 345/405/1 416/379/1
f 416/379/1 350/104/1 349/406/1
f 399/365/1 369/364/1 368/374/1
f 368/374/1 400/373/1 399/365/1
f 411/402/1 351/401/1 412/403/1
f 412/403/1 344/404/1 343/314/1
f 294/309/1 293/407/1 292/408/1
f 288/311/1 291/310/1 290/162/1
f 290/162/1 289/409/1 288/311/1
f 280/313/1 288/311/1 287/372/1
f 348/317/1 346/315/1 345/405/1
f 345/405/1 349/406/1 348/317/1
f 350/104/1 415/378/1 347/319/1
f 414/318/1 347/319/1 415/378/1
f 335/281/1 418/280/1 336/324/1
f 287/372/1 285/371/1 280/313/1
f 285/371/1 284/340/1 280/313/1
f 281/322/1 280/313/1 284/340/1
f 291/310/1 294/309/1 292/408/1
f 343/314/1 413/316/1 412/403/1
f 341/327/1 337/323/1 422/50/1
f 413/316/1 346/315/1 414/318/1
f 417/325/1 336/324/1 418/280/1
f 337/323/1 417/325/1 422/50/1
f 547/410/1 546/411/1 545/412/1
f 545/412/1 548/413/1 547/410/1
f 549/414/1 544/415/1 543/416/1
f 548/413/1 545/412/1 544/415/1
f 544/415/1 549/414/1 548/413/1
f 539/417/1 538/418/1 553/419/1
f 538/418/1 554/420/1 553/419/1
f 551/421/1 541/422/1 540/423/1
f 552/424/1 551/421/1 540/423/1
f 540/423/1 539/417/1 552/424/1
f 539/417/1 553/419/1 552/424/1
f 549/414/1 543/416/1 542/383/1
f 550/425/1 549/414/1 542/383/1
f 542/383/1 541/422/1 550/425/1
f 541/422/1 551/421/1 550/425/1
f 555/426/1 537/427/1 536/428/1
f 536/428/1 556/429/1 555/426/1
f 557/430/1 535/431/1 534/432/1
f 534/432/1 558/433/1 557/430/1
f 556/429/1 536/428/1 535/431/1
f 535/431/1 557/430/1 556/429/1
f 559/50/1 532/434/1 531/435/1
f 558/433/1 534/432/1 533/436/1
f 533/436/1 532/434/1 558/433/1
f 532/434/1 559/50/1 558/433/1
f 554/420/1 538/418/1 537/427/1
f 537/427/1 555/426/1 554/420/1
f 471/437/1 530/438/1 529/439/1
f 472/440/1 471/437/1 529/439/1
f 529/439/1 473/441/1 472/440/1
f 473/441/1 529/439/1 528/442/1
f 528/442/1 474/339/1 473/441/1
f 428/443/1 466/444/1 465/445/1
f 429/446/1 428/443/1 465/445/1
f 465/445/1 464/447/1 429/446/1
f 430/448/1 429/446/1 464/447/1
f 464/447/1 463/449/1 430/448/1
f 431/450/1 430/448/1 463/449/1
f 530/438/1 471/437/1 531/435/1
f 559/50/1 531/435/1 471/437/1
f 423/213/1 559/50/1 471/437/1
f 471/437/1 470/451/1 423/213/1
f 424/452/1 423/213/1 470/451/1
f 470/451/1 469/453/1 424/452/1
f 425/454/1 424/452/1 469/453/1
f 469/453/1 468/455/1 425/454/1
f 426/456/1 425/454/1 468/455/1
f 468/455/1 467/457/1 426/456/1
f 427/458/1 426/456/1 467/457/1
f 467/457/1 466/444/1 427/458/1
f 466/444/1 428/443/1 427/458/1
f 475/459/1 527/460/1 476/461/1
f 478/462/1 525/134/1 479/463/1
f 477/464/1 526/465/1 525/134/1
f 525/134/1 478/462/1 477/464/1
f 479/463/1 525/134/1 524/466/1
f 524/466/1 480/467/1 479/463/1
f 476/461/1 527/460/1 526/465/1
f 526/465/1 477/464/1 476/461/1
f 483/468/1 522/469/1 521/470/1
f 482/471/1 523/472/1 522/469/1
f 522/469/1 483/468/1 482/471/1
f 487/473/1 486/474/1 500/475/1
f 488/476/1 487/473/1 500/475/1
f 500/475/1 499/477/1 488/476/1
f 510/478/1 509/479/1 508/374/1
f 511/480/1 510/478/1 508/374/1
f 508/374/1 507/481/1 511/480/1
f 511/480/1 507/481/1 512/482/1
f 513/483/1 512/482/1 507/481/1
f 514/484/1 513/483/1 507/481/1
f 507/481/1 506/485/1 514/484/1
f 515/486/1 514/484/1 506/485/1
f 516/487/1 515/486/1 506/485/1
f 506/485/1 505/488/1 516/487/1
f 517/489/1 516/487/1 505/488/1
f 518/490/1 517/489/1 505/488/1
f 518/490/1 505/488/1 519/491/1
f 505/488/1 504/492/1 519/491/1
f 520/493/1 519/491/1 504/492/1
f 521/470/1 520/493/1 504/492/1
f 504/492/1 503/494/1 521/470/1
f 483/468/1 521/470/1 503/494/1
f 503/494/1 502/495/1 483/468/1
f 484/496/1 483/468/1 502/495/1
f 502/495/1 501/497/1 484/496/1
f 485/498/1 484/496/1 501/497/1
f 486/474/1 485/498/1 501/497/1
f 500/475/1 486/474/1 501/497/1
f 480/467/1 524/466/1 523/472/1
f 481/499/1 480/467/1 523/472/1
f 523/472/1 482/471/1 481/499/1
f 488/476/1 499/477/1 489/500/1
f 499/477/1 498/501/1 489/500/1
f 490/502/1 489/500/1 498/501/1
f 491/104/1 490/502/1 498/501/1
f 498/501/1 497/503/1 491/104/1
f 492/504/1 491/104/1 497/503/1
f 493/505/1 492/504/1 497/503/1
f 497/503/1 496/506/1 493/505/1
f 494/507/1 493/505/1 496/506/1
f 495/508/1 494/507/1 496/506/1
f 474/339/1 528/442/1 527/460/1
f 527/460/1 475/459/1 474/339/1
f 431/450/1 463/449/1 462/509/1
f 432/510/1 431/450/1 462/509/1
f 462/509/1 461/511/1 432/510/1
f 433/512/1 432/510/1 461/511/1
f 461/511/1 460/513/1 433/512/1
f 434/514/1 433/512/1 460/513/1
f 460/513/1 459/515/1 434/514/1
f 435/516/1 434/514/1 459/515/1
f 459/515/1 458/517/1 435/516/1
f 436/518/1 435/516/1 458/517/1
f 458/517/1 457/223/1 436/518/1
f 437/519/1 436/518/1 457/223/1
f 457/223/1 456/520/1 437/519/1
f 438/521/1 437/519/1 456/520/1
f 456/520/1 455/522/1 438/521/1
f 439/523/1 438/521/1 455/522/1
f 455/522/1 454/524/1 439/523/1
f 440/306/1 439/523/1 454/524/1
f 454/524/1 453/525/1 440/306/1
f 441/526/1 440/306/1 453/525/1
f 453/525/1 452/527/1 441/526/1
f 442/528/1 441/526/1 452/527/1
f 452/527/1 451/529/1 442/528/1
f 443/530/1 442/528/1 451/529/1
f 451/529/1 450/531/1 443/530/1
f 444/532/1 443/530/1 450/531/1
f 450/531/1 449/533/1 444/532/1
f 445/534/1 444/532/1 449/533/1
f 449/533/1 448/535/1 445/534/1
f 446/536/1 445/534/1 448/535/1
f 448/535/1 447/537/1 446/536/1
f 621/538/1 620/539/1 619/540/1
f 619/540/1 622/541/1 621/538/1
f 624/542/1 617/543/1 625/544/1
f 617/543/1 624/542/1 618/545/1
f 623/546/1 618/545/1 624/542/1
f 622/541/1 619/540/1 618/545/1
f 618/545/1 623/546/1 622/541/1
f 626/547/1 616/548/1 615/549/1
f 615/549/1 627/550/1 626/547/1
f 629/551/1 613/552/1 612/553/1
f 628/554/1 614/555/1 613/552/1
f 613/552/1 629/551/1 628/554/1
f 627/550/1 615/549/1 614/555/1
f 614/555/1 628/554/1 627/550/1
f 625/544/1 617/543/1 616/548/1
f 616/548/1 626/547/1 625/544/1
f 610/556/1 631/557/1 611/558/1
f 630/559/1 611/558/1 631/557/1
f 633/50/1 608/560/1 560/213/1
f 608/560/1 633/50/1 609/561/1
f 632/562/1 609/561/1 633/50/1
f 609/561/1 632/562/1 610/556/1
f 631/557/1 610/556/1 632/562/1
f 562/563/1 606/564/1 605/565/1
f 561/566/1 607/567/1 606/564/1
f 606/564/1 562/563/1 561/566/1
f 564/568/1 603/569/1 565/570/1
f 603/569/1 564/568/1 604/571/1
f 563/572/1 604/571/1 564/568/1
f 604/571/1 563/572/1 605/565/1
f 562/563/1 605/565/1 563/572/1
f 560/213/1 608/560/1 607/567/1
f 607/567/1 561/566/1 560/213/1
f 611/558/1 630/559/1 612/553/1
f 629/551/1 612/553/1 630/559/1
f 566/573/1 602/574/1 601/575/1
f 601/575/1 567/576/1 566/573/1
f 569/577/1 599/578/1 598/579/1
f 568/580/1 600/581/1 599/578/1
f 599/578/1 569/577/1 568/580/1
f 567/576/1 601/575/1 600/581/1
f 600/581/1 568/580/1 567/576/1
f 596/582/1 571/583/1 597/584/1
f 570/585/1 597/584/1 571/583/1
f 573/586/1 594/587/1 593/588/1
f 572/589/1 595/590/1 594/587/1
f 594/587/1 573/586/1 572/589/1
f 595/590/1 572/589/1 596/582/1
f 571/583/1 596/582/1 572/589/1
f 597/584/1 570/585/1 598/579/1
f 569/577/1 598/579/1 570/585/1
f 591/591/1 575/592/1 592/593/1
f 574/594/1 592/593/1 575/592/1
f 577/595/1 589/596/1 578/597/1
f 589/596/1 577/595/1 590/598/1
f 576/599/1 590/598/1 577/595/1
f 590/598/1 576/599/1 591/591/1
f 575/592/1 591/591/1 576/599/1
f 579/600/1 588/601/1 587/602/1
f 587/602/1 580/603/1 579/600/1
f 585/604/1 584/605/1 582/606/1
f 584/605/1 583/607/1 582/606/1
f 580/603/1 587/602/1 586/608/1
f 581/609/1 580/603/1 586/608/1
f 586/608/1 585/604/1 581/609/1
f 585/604/1 582/606/1 581/609/1
f 578/597/1 589/596/1 588/601/1
f 588/601/1 579/600/1 578/597/1
f 592/593/1 574/594/1 593/588/1
f 573/586/1 593/588/1 574/594/1
f 565/570/1 603/569/1 602/574/1
f 602/574/1 566/573/1 565/570/1
f 776/610/1 775/611/1 774/612/1
f 777/613/1 776/610/1 774/612/1
f 774/612/1 773/614/1 777/613/1
f 773/614/1 772/615/1 777/613/1
f 778/616/1 777/613/1 772/615/1
f 778/616/1 772/615/1 771/617/1
f 779/618/1 778/616/1 771/617/1
f 771/617/1 770/619/1 779/618/1
f 780/620/1 779/618/1 770/619/1
f 770/619/1 769/621/1 780/620/1
f 769/621/1 768/622/1 780/620/1
f 781/623/1 780/620/1 768/622/1
f 768/622/1 767/624/1 781/623/1
f 782/625/1 781/623/1 767/624/1
f 782/625/1 767/624/1 766/626/1
f 783/627/1 782/625/1 766/626/1
f 766/626/1 765/628/1 783/627/1
f 784/629/1 783/627/1 765/628/1
f 765/628/1 764/630/1 784/629/1
f 785/631/1 784/629/1 764/630/1
f 764/630/1 763/632/1 785/631/1
f 786/633/1 785/631/1 763/632/1
f 744/634/1 743/635/1 736/636/1
f 745/637/1 744/634/1 736/636/1
f 734/638/1 751/639/1 750/640/1
f 745/637/1 736/636/1 735/641/1
f 746/642/1 745/637/1 735/641/1
f 747/643/1 746/642/1 735/641/1
f 748/644/1 747/643/1 735/641/1
f 749/645/1 748/644/1 735/641/1
f 735/641/1 734/638/1 749/645/1
f 734/638/1 750/640/1 749/645/1
f 821/646/1 820/647/1 804/648/1
f 805/649/1 804/648/1 820/647/1
f 820/647/1 819/650/1 805/649/1
f 806/651/1 805/649/1 819/650/1
f 819/650/1 818/652/1 806/651/1
f 807/653/1 806/651/1 818/652/1
f 818/652/1 817/654/1 807/653/1
f 817/654/1 816/655/1 807/653/1
f 808/656/1 807/653/1 816/655/1
f 816/655/1 815/657/1 808/656/1
f 809/658/1 808/656/1 815/657/1
f 815/657/1 814/659/1 809/658/1
f 810/660/1 809/658/1 814/659/1
f 814/659/1 813/661/1 810/660/1
f 811/662/1 810/660/1 813/661/1
f 813/661/1 812/663/1 811/662/1
f 738/664/1 737/665/1 736/636/1
f 739/666/1 738/664/1 736/636/1
f 740/667/1 739/666/1 736/636/1
f 741/668/1 740/667/1 736/636/1
f 742/669/1 741/668/1 736/636/1
f 736/636/1 743/635/1 742/669/1
f 786/633/1 763/632/1 762/670/1
f 787/671/1 786/633/1 762/670/1
f 788/672/1 787/671/1 762/670/1
f 789/673/1 788/672/1 762/670/1
f 762/670/1 697/674/1 789/673/1
f 790/675/1 789/673/1 697/674/1
f 791/676/1 790/675/1 697/674/1
f 792/677/1 791/676/1 697/674/1
f 697/674/1 696/678/1 792/677/1
f 793/679/1 792/677/1 696/678/1
f 696/678/1 695/680/1 793/679/1
f 794/681/1 793/679/1 695/680/1
f 695/680/1 694/682/1 794/681/1
f 694/682/1 693/683/1 794/681/1
f 795/684/1 794/681/1 693/683/1
f 693/683/1 692/685/1 795/684/1
f 796/686/1 795/684/1 692/685/1
f 692/685/1 691/687/1 796/686/1
f 797/688/1 796/686/1 691/687/1
f 691/687/1 690/689/1 797/688/1
f 690/689/1 689/690/1 797/688/1
f 798/691/1 797/688/1 689/690/1
f 689/690/1 688/692/1 798/691/1
f 799/693/1 798/691/1 688/692/1
f 688/692/1 687/694/1 799/693/1
f 800/695/1 799/693/1 687/694/1
f 687/694/1 686/696/1 800/695/1
f 801/697/1 800/695/1 686/696/1
f 686/696/1 824/50/1 801/697/1
f 802/698/1 801/697/1 824/50/1
f 824/50/1 823/699/1 802/698/1
f 823/699/1 822/700/1 802/698/1
f 803/701/1 802/698/1 822/700/1
f 822/700/1 821/646/1 803/701/1
f 821/646/1 804/648/1 803/701/1
f 731/702/1 730/703/1 754/704/1
f 755/705/1 754/704/1 730/703/1
f 755/705/1 730/703/1 729/104/1
f 756/706/1 755/705/1 729/104/1
f 729/104/1 728/707/1 756/706/1
f 757/708/1 756/706/1 728/707/1
f 728/707/1 727/709/1 757/708/1
f 758/710/1 757/708/1 727/709/1
f 727/709/1 726/711/1 758/710/1
f 759/712/1 758/710/1 726/711/1
f 760/713/1 759/712/1 726/711/1
f 726/711/1 725/714/1 760/713/1
f 761/715/1 760/713/1 725/714/1
f 725/714/1 724/716/1 761/715/1
f 722/717/1 698/718/1 723/719/1
f 721/720/1 700/721/1 699/722/1
f 721/720/1 699/722/1 722/717/1
f 698/718/1 722/717/1 699/722/1
f 637/723/1 636/724/1 656/725/1
f 656/725/1 655/726/1 637/723/1
f 638/727/1 637/723/1 655/726/1
f 655/726/1 654/728/1 638/727/1
f 639/729/1 638/727/1 654/728/1
f 654/728/1 653/730/1 639/729/1
f 640/731/1 639/729/1 653/730/1
f 653/730/1 652/732/1 640/731/1
f 723/719/1 698/718/1 724/716/1
f 640/731/1 652/732/1 641/733/1
f 652/732/1 651/734/1 641/733/1
f 642/735/1 641/733/1 651/734/1
f 651/734/1 650/736/1 642/735/1
f 643/737/1 642/735/1 650/736/1
f 650/736/1 649/738/1 643/737/1
f 644/739/1 643/737/1 649/738/1
f 649/738/1 648/740/1 644/739/1
f 645/741/1 644/739/1 648/740/1
f 648/740/1 647/742/1 645/741/1
f 646/743/1 645/741/1 647/742/1
f 701/744/1 720/745/1 719/746/1
f 718/747/1 703/748/1 702/749/1
f 718/747/1 702/749/1 719/746/1
f 701/744/1 719/746/1 702/749/1
f 704/750/1 717/751/1 716/752/1
f 716/752/1 705/753/1 704/750/1
f 705/753/1 716/752/1 715/754/1
f 715/754/1 706/755/1 705/753/1
f 703/748/1 718/747/1 717/751/1
f 717/751/1 704/750/1 703/748/1
f 707/756/1 714/757/1 713/758/1
f 712/759/1 709/760/1 708/761/1
f 712/759/1 708/761/1 713/758/1
f 707/756/1 713/758/1 708/761/1
f 685/762/1 684/763/1 660/764/1
f 709/760/1 712/759/1 711/765/1
f 711/765/1 710/766/1 709/760/1
f 660/764/1 684/763/1 661/767/1
f 684/763/1 683/768/1 661/767/1
f 662/769/1 661/767/1 683/768/1
f 683/768/1 682/770/1 662/769/1
f 663/771/1 662/769/1 682/770/1
f 682/770/1 681/772/1 663/771/1
f 706/755/1 715/754/1 714/757/1
f 714/757/1 707/756/1 706/755/1
f 663/771/1 681/772/1 664/773/1
f 681/772/1 680/774/1 664/773/1
f 665/775/1 664/773/1 680/774/1
f 680/774/1 679/776/1 665/775/1
f 666/777/1 665/775/1 679/776/1
f 679/776/1 678/778/1 666/777/1
f 667/779/1 666/777/1 678/778/1
f 678/778/1 677/780/1 667/779/1
f 668/781/1 667/779/1 677/780/1
f 677/780/1 676/782/1 668/781/1
f 669/783/1 668/781/1 676/782/1
f 676/782/1 675/784/1 669/783/1
f 670/785/1 669/783/1 675/784/1
f 675/784/1 674/786/1 670/785/1
f 671/787/1 670/785/1 674/786/1
f 673/788/1 671/787/1 674/786/1
f 700/721/1 721/720/1 720/745/1
f 720/745/1 701/744/1 700/721/1
f 659/789/1 658/790/1 634/213/1
f 635/791/1 634/213/1 658/790/1
f 658/790/1 657/792/1 635/791/1
f 636/724/1 635/791/1 657/792/1
f 656/725/1 636/724/1 657/792/1
f 671/787/1 673/788/1 672/793/1
f 751/639/1 734/638/1 733/794/1
f 752/795/1 751/639/1 733/794/1
f 733/794/1 732/796/1 752/795/1
f 753/797/1 752/795/1 732/796/1
f 732/796/1 731/702/1 753/797/1
f 731/702/1 754/704/1 753/797/1
f 697/674/1 762/670/1 761/715/1
f 761/715/1 724/716/1 698/718/1
f 697/674/1 761/715/1 698/718/1
f 1061/1/2 1062/3/2 1066/2/2
f 1063/4/2 1066/2/2 1062/3/2
f 1063/4/2 1064/5/2 1066/2/2
f 1065/6/2 1066/2/2 1064/5/2
f 1060/7/2 1067/9/2 1059/8/2
f 1066/2/2 1060/7/2 1061/1/2
f 1060/7/2 1066/2/2 1067/9/2
f 1054/10/2 1052/12/2 1053/11/2
f 1055/13/2 1052/12/2 1054/10/2
f 1055/13/2 1056/14/2 1052/12/2
f 1057/15/2 1052/12/2 1056/14/2
f 1058/16/2 1052/12/2 1057/15/2
f 1090/17/2 1088/19/2 1089/18/2
f 1088/19/2 1090/17/2 1087/20/2
f 1049/21/2 1070/23/2 1048/22/2
f 939/24/2 1084/26/2 938/25/2
f 1058/16/2 1051/27/2 1052/12/2
f 1059/8/2 1051/27/2 1058/16/2
f 1067/9/2 1051/27/2 1059/8/2
f 1068/28/2 1051/27/2 1067/9/2
f 1051/27/2 1068/28/2 1050/29/2
f 1069/30/2 1050/29/2 1068/28/2
f 1050/29/2 1069/30/2 1049/21/2
f 1049/21/2 1069/30/2 1070/23/2
f 1084/26/2 1085/31/2 938/25/2
f 938/25/2 1085/31/2 937/32/2
f 1086/33/2 937/32/2 1085/31/2
f 937/32/2 1086/33/2 973/34/2
f 1087/20/2 973/34/2 1086/33/2
f 1090/17/2 973/34/2 1087/20/2
f 1091/35/2 973/34/2 1090/17/2
f 1092/36/2 973/34/2 1091/35/2
f 973/34/2 1092/36/2 972/37/2
f 1093/38/2 972/37/2 1092/36/2
f 972/37/2 1093/38/2 971/39/2
f 971/39/2 1093/38/2 970/40/2
f 1094/41/2 970/40/2 1093/38/2
f 970/40/2 1094/41/2 969/42/2
f 1095/43/2 969/42/2 1094/41/2
f 969/42/2 1095/43/2 968/44/2
f 1096/45/2 968/44/2 1095/43/2
f 968/44/2 1096/45/2 967/46/2
f 1097/47/2 967/46/2 1096/45/2
f 975/48/2 1101/50/2 974/49/2
f 1101/50/2 975/48/2 976/51/2
f 1080/52/2 946/54/2 1079/53/2
f 946/54/2 1080/52/2 945/55/2
f 945/55/2 1080/52/2 944/56/2
f 1041/57/2 1018/59/2 1040/58/2
f 1018/59/2 1041/57/2 1017/60/2
f 1017/60/2 1041/57/2 1016/61/2
f 1016/61/2 948/63/2 1015/62/2
f 949/64/2 1015/62/2 948/63/2
f 1015/62/2 949/64/2 1014/65/2
f 950/66/2 1014/65/2 949/64/2
f 1074/67/2 1043/69/2 1044/68/2
f 1075/70/2 1043/69/2 1074/67/2
f 1043/69/2 1075/70/2 1042/71/2
f 1076/72/2 1042/71/2 1075/70/2
f 1042/71/2 1076/72/2 1041/57/2
f 1077/73/2 1041/57/2 1076/72/2
f 1041/57/2 1077/73/2 1016/61/2
f 1016/61/2 1077/73/2 948/63/2
f 1078/74/2 948/63/2 1077/73/2
f 1079/53/2 948/63/2 1078/74/2
f 948/63/2 1079/53/2 947/75/2
f 946/54/2 947/75/2 1079/53/2
f 1001/76/2 960/78/2 961/77/2
f 992/79/2 986/81/2 991/80/2
f 987/82/2 991/80/2 986/81/2
f 991/80/2 987/82/2 990/83/2
f 988/84/2 990/83/2 987/82/2
f 990/83/2 988/84/2 989/85/2
f 1070/23/2 1047/86/2 1048/22/2
f 1071/87/2 1047/86/2 1070/23/2
f 1047/86/2 1071/87/2 1046/88/2
f 1072/89/2 1046/88/2 1071/87/2
f 1046/88/2 1072/89/2 1045/90/2
f 1073/91/2 1045/90/2 1072/89/2
f 1045/90/2 1073/91/2 1044/68/2
f 1044/68/2 1073/91/2 1074/67/2
f 1080/52/2 1081/92/2 944/56/2
f 944/56/2 1081/92/2 943/93/2
f 1082/94/2 943/93/2 1081/92/2
f 943/93/2 1082/94/2 942/95/2
f 942/95/2 1082/94/2 941/96/2
f 1083/97/2 941/96/2 1082/94/2
f 941/96/2 1083/97/2 940/98/2
f 1084/26/2 940/98/2 1083/97/2
f 939/24/2 940/98/2 1084/26/2
f 1097/47/2 966/99/2 967/46/2
f 1098/100/2 966/99/2 1097/47/2
f 966/99/2 1098/100/2 965/101/2
f 1099/102/2 965/101/2 1098/100/2
f 965/101/2 1099/102/2 964/103/2
f 964/103/2 1099/102/2 963/104/2
f 1100/105/2 963/104/2 1099/102/2
f 963/104/2 1100/105/2 962/106/2
f 1101/50/2 962/106/2 1100/105/2
f 962/106/2 1101/50/2 961/77/2
f 976/51/2 961/77/2 1101/50/2
f 961/77/2 976/51/2 1001/76/2
f 977/107/2 1001/76/2 976/51/2
f 1001/76/2 977/107/2 1000/108/2
f 978/109/2 1000/108/2 977/107/2
f 1000/108/2 978/109/2 999/110/2
f 979/111/2 999/110/2 978/109/2
f 999/110/2 979/111/2 998/112/2
f 980/113/2 998/112/2 979/111/2
f 998/112/2 980/113/2 997/114/2
f 981/115/2 997/114/2 980/113/2
f 997/114/2 981/115/2 996/116/2
f 982/117/2 996/116/2 981/115/2
f 996/116/2 982/117/2 995/118/2
f 983/119/2 995/118/2 982/117/2
f 995/118/2 983/119/2 994/120/2
f 984/121/2 994/120/2 983/119/2
f 994/120/2 984/121/2 993/122/2
f 985/123/2 993/122/2 984/121/2
f 993/122/2 985/123/2 992/79/2
f 992/79/2 985/123/2 986/81/2
f 935/124/2 838/126/2 934/125/2
f 838/126/2 935/124/2 837/127/2
f 936/128/2 837/127/2 935/124/2
f 1030/129/2 1028/131/2 1029/130/2
f 1031/132/2 1028/131/2 1030/129/2
f 1028/131/2 1031/132/2 1027/133/2
f 1032/134/2 1027/133/2 1031/132/2
f 1027/133/2 1032/134/2 1026/135/2
f 1033/136/2 1026/135/2 1032/134/2
f 1026/135/2 1033/136/2 1025/137/2
f 1003/138/2 1005/140/2 1002/139/2
f 1005/140/2 1003/138/2 1004/141/2
f 925/142/2 923/144/2 924/143/2
f 925/142/2 926/145/2 923/144/2
f 927/146/2 923/144/2 926/145/2
f 923/144/2 927/146/2 922/147/2
f 928/148/2 922/147/2 927/146/2
f 840/149/2 841/151/2 931/150/2
f 873/152/2 918/154/2 919/153/2
f 829/155/2 830/157/2 828/156/2
f 828/156/2 830/157/2 835/158/2
f 919/153/2 920/159/2 873/152/2
f 847/160/2 873/152/2 846/161/2
f 848/162/2 873/152/2 847/160/2
f 928/148/2 921/163/2 922/147/2
f 929/164/2 921/163/2 928/148/2
f 930/165/2 921/163/2 929/164/2
f 921/163/2 930/165/2 920/159/2
f 931/150/2 920/159/2 930/165/2
f 841/151/2 920/159/2 931/150/2
f 842/166/2 920/159/2 841/151/2
f 843/167/2 920/159/2 842/166/2
f 920/159/2 843/167/2 873/152/2
f 844/168/2 873/152/2 843/167/2
f 845/169/2 873/152/2 844/168/2
f 873/152/2 845/169/2 846/161/2
f 835/158/2 831/171/2 834/170/2
f 931/150/2 932/172/2 840/149/2
f 933/173/2 840/149/2 932/172/2
f 840/149/2 933/173/2 839/174/2
f 934/125/2 839/174/2 933/173/2
f 838/126/2 839/174/2 934/125/2
f 868/175/2 854/177/2 867/176/2
f 855/178/2 867/176/2 854/177/2
f 867/176/2 855/178/2 866/179/2
f 856/180/2 866/179/2 855/178/2
f 884/181/2 885/183/2 887/182/2
f 886/184/2 887/182/2 885/183/2
f 856/180/2 865/185/2 866/179/2
f 857/186/2 865/185/2 856/180/2
f 865/185/2 857/186/2 864/187/2
f 858/188/2 864/187/2 857/186/2
f 864/187/2 858/188/2 863/189/2
f 859/190/2 863/189/2 858/188/2
f 863/189/2 859/190/2 862/191/2
f 860/192/2 862/191/2 859/190/2
f 862/191/2 860/192/2 861/193/2
f 876/194/2 892/196/2 875/195/2
f 877/197/2 892/196/2 876/194/2
f 892/196/2 877/197/2 891/198/2
f 900/199/2 901/201/2 899/200/2
f 902/202/2 899/200/2 901/201/2
f 903/203/2 899/200/2 902/202/2
f 899/200/2 903/203/2 898/204/2
f 904/205/2 898/204/2 903/203/2
f 905/206/2 898/204/2 904/205/2
f 906/207/2 898/204/2 905/206/2
f 898/204/2 906/207/2 897/208/2
f 907/209/2 897/208/2 906/207/2
f 908/210/2 897/208/2 907/209/2
f 827/211/2 825/213/2 826/212/2
f 836/214/2 825/213/2 827/211/2
f 825/213/2 836/214/2 832/215/2
f 833/216/2 832/215/2 836/214/2
f 908/210/2 909/217/2 897/208/2
f 897/208/2 909/217/2 896/218/2
f 910/219/2 896/218/2 909/217/2
f 911/220/2 896/218/2 910/219/2
f 912/221/2 896/218/2 911/220/2
f 896/218/2 912/221/2 895/222/2
f 895/222/2 912/221/2 894/223/2
f 874/224/2 894/223/2 912/221/2
f 894/223/2 874/224/2 893/225/2
f 875/195/2 893/225/2 874/224/2
f 892/196/2 893/225/2 875/195/2
f 912/221/2 913/226/2 874/224/2
f 877/197/2 878/227/2 891/198/2
f 879/228/2 891/198/2 878/227/2
f 891/198/2 879/228/2 890/229/2
f 880/230/2 890/229/2 879/228/2
f 890/229/2 880/230/2 889/231/2
f 881/232/2 889/231/2 880/230/2
f 882/233/2 889/231/2 881/232/2
f 889/231/2 882/233/2 888/234/2
f 883/235/2 888/234/2 882/233/2
f 884/181/2 888/234/2 883/235/2
f 887/182/2 888/234/2 884/181/2
f 835/158/2 827/211/2 828/156/2
f 827/211/2 835/158/2 836/214/2
f 834/170/2 831/171/2 833/216/2
f 873/152/2 917/236/2 918/154/2
f 917/236/2 873/152/2 916/237/2
f 848/162/2 872/238/2 873/152/2
f 849/239/2 872/238/2 848/162/2
f 850/240/2 872/238/2 849/239/2
f 872/238/2 850/240/2 871/241/2
f 851/242/2 871/241/2 850/240/2
f 871/241/2 851/242/2 870/243/2
f 852/244/2 870/243/2 851/242/2
f 870/243/2 852/244/2 869/245/2
f 853/246/2 869/245/2 852/244/2
f 869/245/2 853/246/2 868/175/2
f 868/175/2 853/246/2 854/177/2
f 1033/136/2 1034/247/2 1025/137/2
f 1025/137/2 1034/247/2 1024/248/2
f 1035/249/2 1024/248/2 1034/247/2
f 1024/248/2 1035/249/2 1023/250/2
f 1036/251/2 1023/250/2 1035/249/2
f 1023/250/2 1036/251/2 1022/252/2
f 1037/253/2 1022/252/2 1036/251/2
f 1022/252/2 1037/253/2 1021/254/2
f 1038/255/2 1021/254/2 1037/253/2
f 1021/254/2 1038/255/2 1020/256/2
f 1039/257/2 1020/256/2 1038/255/2
f 1020/256/2 1039/257/2 1019/258/2
f 1040/58/2 1019/258/2 1039/257/2
f 1018/59/2 1019/258/2 1040/58/2
f 950/66/2 1013/259/2 1014/65/2
f 951/260/2 1013/259/2 950/66/2
f 1013/259/2 951/260/2 1012/261/2
f 952/262/2 1012/261/2 951/260/2
f 953/263/2 1012/261/2 952/262/2
f 1012/261/2 953/263/2 1011/264/2
f 954/265/2 1011/264/2 953/263/2
f 1011/264/2 954/265/2 1010/266/2
f 955/267/2 1010/266/2 954/265/2
f 1010/266/2 955/267/2 1009/268/2
f 956/269/2 1009/268/2 955/267/2
f 1009/268/2 956/269/2 1008/270/2
f 957/271/2 1008/270/2 956/269/2
f 958/272/2 1008/270/2 957/271/2
f 1008/270/2 958/272/2 1007/273/2
f 959/274/2 1007/273/2 958/272/2
f 1007/273/2 959/274/2 1006/275/2
f 960/78/2 1006/275/2 959/274/2
f 1006/275/2 960/78/2 1005/140/2
f 1005/140/2 960/78/2 1002/139/2
f 1001/76/2 1002/139/2 960/78/2
f 830/157/2 831/171/2 835/158/2
f 833/216/2 831/171/2 832/215/2
f 914/276/2 874/224/2 913/226/2
f 874/224/2 914/276/2 873/152/2
f 915/277/2 873/152/2 914/276/2
f 916/237/2 873/152/2 915/277/2
f 1245/278/2 1242/280/2 1244/279/2
f 1245/278/2 1159/281/2 1242/280/2
f 1159/281/2 1245/278/2 1162/98/2
f 1162/98/2 1245/278/2 1164/282/2
f 1164/282/2 1245/278/2 1163/283/2
f 1140/284/2 1144/286/2 1139/285/2
f 1140/284/2 1141/287/2 1144/286/2
f 1142/288/2 1144/286/2 1141/287/2
f 1143/289/2 1144/286/2 1142/288/2
f 1244/279/2 1242/280/2 1243/290/2
f 1137/291/2 1145/293/2 1136/292/2
f 1132/294/2 1130/296/2 1131/295/2
f 1133/297/2 1130/296/2 1132/294/2
f 1134/298/2 1130/296/2 1133/297/2
f 1135/299/2 1130/296/2 1134/298/2
f 1136/292/2 1130/296/2 1135/299/2
f 1145/293/2 1130/296/2 1136/292/2
f 1130/296/2 1145/293/2 1129/300/2
f 1129/300/2 1145/293/2 1146/301/2
f 1144/286/2 1138/223/2 1139/285/2
f 1138/223/2 1144/286/2 1137/291/2
f 1137/291/2 1144/286/2 1145/293/2
f 1122/302/2 1153/304/2 1121/303/2
f 1154/305/2 1121/303/2 1153/304/2
f 1121/303/2 1154/305/2 1120/306/2
f 1155/307/2 1120/306/2 1154/305/2
f 1102/213/2 1118/309/2 1119/308/2
f 1115/310/2 1103/312/2 1112/311/2
f 1104/313/2 1112/311/2 1103/312/2
f 1115/310/2 1118/309/2 1103/312/2
f 1102/213/2 1103/312/2 1118/309/2
f 1167/314/2 1237/316/2 1170/315/2
f 1170/315/2 1238/318/2 1172/317/2
f 1172/317/2 1238/318/2 1171/319/2
f 1155/307/2 1119/308/2 1120/306/2
f 1158/320/2 1119/308/2 1155/307/2
f 1119/308/2 1158/320/2 1102/213/2
f 1106/321/2 1102/213/2 1158/320/2
f 1102/213/2 1106/321/2 1105/322/2
f 1161/323/2 1241/325/2 1160/324/2
f 1166/326/2 1246/50/2 1165/327/2
f 1146/301/2 1128/328/2 1129/300/2
f 1147/329/2 1128/328/2 1146/301/2
f 1128/328/2 1147/329/2 1127/330/2
f 1148/331/2 1127/330/2 1147/329/2
f 1127/330/2 1148/331/2 1126/241/2
f 1149/332/2 1126/241/2 1148/331/2
f 1126/241/2 1149/332/2 1125/333/2
f 1150/236/2 1125/333/2 1149/332/2
f 1125/333/2 1150/236/2 1124/334/2
f 1151/335/2 1124/334/2 1150/236/2
f 1124/334/2 1151/335/2 1123/336/2
f 1152/337/2 1123/336/2 1151/335/2
f 1123/336/2 1152/337/2 1122/302/2
f 1122/302/2 1152/337/2 1153/304/2
f 1157/338/2 1155/307/2 1156/339/2
f 1155/307/2 1157/338/2 1158/320/2
f 1108/340/2 1106/321/2 1107/341/2
f 1106/321/2 1108/340/2 1105/322/2
f 1164/282/2 1161/323/2 1162/98/2
f 1161/323/2 1164/282/2 1165/327/2
f 1166/326/2 1163/283/2 1246/50/2
f 1245/278/2 1246/50/2 1163/283/2
f 1208/342/2 1209/344/2 1212/343/2
f 1210/134/2 1212/343/2 1209/344/2
f 1211/345/2 1212/343/2 1210/134/2
f 1200/346/2 1198/268/2 1199/347/2
f 1200/346/2 1201/348/2 1198/268/2
f 1202/349/2 1198/268/2 1201/348/2
f 1203/350/2 1198/268/2 1202/349/2
f 1206/351/2 1214/353/2 1205/352/2
f 1214/353/2 1206/351/2 1213/354/2
f 1207/355/2 1213/354/2 1206/351/2
f 1208/342/2 1213/354/2 1207/355/2
f 1212/343/2 1213/354/2 1208/342/2
f 1196/356/2 1216/358/2 1217/357/2
f 1196/356/2 1197/359/2 1216/358/2
f 1215/360/2 1216/358/2 1197/359/2
f 1218/361/2 1219/363/2 1195/362/2
f 1222/13/2 1223/365/2 1193/364/2
f 1221/366/2 1193/364/2 1194/367/2
f 1193/364/2 1221/366/2 1222/13/2
f 1219/363/2 1194/367/2 1195/362/2
f 1220/368/2 1194/367/2 1219/363/2
f 1194/367/2 1220/368/2 1221/366/2
f 1195/362/2 1196/356/2 1218/361/2
f 1217/357/2 1218/361/2 1196/356/2
f 1203/350/2 1197/359/2 1198/268/2
f 1204/369/2 1197/359/2 1203/350/2
f 1197/359/2 1204/369/2 1215/360/2
f 1205/352/2 1215/360/2 1204/369/2
f 1214/353/2 1215/360/2 1205/352/2
f 1110/370/2 1111/372/2 1109/371/2
f 1224/373/2 1191/375/2 1192/374/2
f 1225/376/2 1191/375/2 1224/373/2
f 1226/377/2 1191/375/2 1225/376/2
f 1239/378/2 1240/379/2 1174/104/2
f 1226/377/2 1190/380/2 1191/375/2
f 1227/381/2 1190/380/2 1226/377/2
f 1190/380/2 1227/381/2 1189/382/2
f 1228/383/2 1189/382/2 1227/381/2
f 1189/382/2 1228/383/2 1188/384/2
f 1188/384/2 1228/383/2 1187/385/2
f 1229/386/2 1187/385/2 1228/383/2
f 1187/385/2 1229/386/2 1186/81/2
f 1186/81/2 1229/386/2 1185/387/2
f 1185/387/2 1229/386/2 1184/388/2
f 1184/388/2 1229/386/2 1183/389/2
f 1230/390/2 1183/389/2 1229/386/2
f 1183/389/2 1230/390/2 1182/391/2
f 1182/391/2 1230/390/2 1181/392/2
f 1181/392/2 1230/390/2 1180/393/2
f 1180/393/2 1230/390/2 1179/394/2
f 1231/395/2 1179/394/2 1230/390/2
f 1179/394/2 1231/395/2 1178/396/2
f 1232/397/2 1178/396/2 1231/395/2
f 1178/396/2 1232/397/2 1177/398/2
f 1233/399/2 1177/398/2 1232/397/2
f 1177/398/2 1233/399/2 1176/400/2
f 1234/74/2 1176/400/2 1233/399/2
f 1176/400/2 1234/74/2 1175/401/2
f 1235/402/2 1175/401/2 1234/74/2
f 1175/401/2 1236/403/2 1240/379/2
f 1168/404/2 1240/379/2 1236/403/2
f 1169/405/2 1240/379/2 1168/404/2
f 1173/406/2 1240/379/2 1169/405/2
f 1240/379/2 1173/406/2 1174/104/2
f 1223/365/2 1192/374/2 1193/364/2
f 1192/374/2 1223/365/2 1224/373/2
f 1235/402/2 1236/403/2 1175/401/2
f 1236/403/2 1167/314/2 1168/404/2
f 1118/309/2 1116/408/2 1117/407/2
f 1112/311/2 1114/162/2 1115/310/2
f 1114/162/2 1112/311/2 1113/409/2
f 1104/313/2 1111/372/2 1112/311/2
f 1172/317/2 1169/405/2 1170/315/2
f 1169/405/2 1172/317/2 1173/406/2
f 1174/104/2 1171/319/2 1239/378/2
f 1238/318/2 1239/378/2 1171/319/2
f 1159/281/2 1160/324/2 1242/280/2
f 1111/372/2 1104/313/2 1109/371/2
f 1109/371/2 1104/313/2 1108/340/2
f 1105/322/2 1108/340/2 1104/313/2
f 1115/310/2 1116/408/2 1118/309/2
f 1167/314/2 1236/403/2 1237/316/2
f 1165/327/2 1246/50/2 1161/323/2
f 1237/316/2 1238/318/2 1170/315/2
f 1241/325/2 1242/280/2 1160/324/2
f 1161/323/2 1246/50/2 1241/325/2
f 1371/410/2 1369/412/2 1370/411/2
f 1369/412/2 1371/410/2 1372/413/2
f 1373/414/2 1367/416/2 1368/415/2
f 1372/413/2 1368/415/2 1369/412/2
f 1368/415/2 1372/413/2 1373/414/2
f 1363/417/2 1377/419/2 1362/418/2
f 1362/418/2 1377/419/2 1378/420/2
f 1375/421/2 1364/423/2 1365/422/2
f 1376/424/2 1364/423/2 1375/421/2
f 1364/423/2 1376/424/2 1363/417/2
f 1363/417/2 1376/424/2 1377/419/2
f 1373/414/2 1366/383/2 1367/416/2
f 1374/425/2 1366/383/2 1373/414/2
f 1366/383/2 1374/425/2 1365/422/2
f 1365/422/2 1374/425/2 1375/421/2
f 1379/426/2 1360/428/2 1361/427/2
f 1360/428/2 1379/426/2 1380/429/2
f 1381/430/2 1358/432/2 1359/431/2
f 1358/432/2 1381/430/2 1382/433/2
f 1380/429/2 1359/431/2 1360/428/2
f 1359/431/2 1380/429/2 1381/430/2
f 1383/50/2 1355/435/2 1356/434/2
f 1382/433/2 1357/436/2 1358/432/2
f 1357/436/2 1382/433/2 1356/434/2
f 1356/434/2 1382/433/2 1383/50/2
f 1378/420/2 1361/427/2 1362/418/2
f 1361/427/2 1378/420/2 1379/426/2
f 1295/437/2 1353/439/2 1354/438/2
f 1296/440/2 1353/439/2 1295/437/2
f 1353/439/2 1296/440/2 1297/441/2
f 1297/441/2 1352/442/2 1353/439/2
f 1352/442/2 1297/441/2 1298/339/2
f 1252/443/2 1289/445/2 1290/444/2
f 1253/446/2 1289/445/2 1252/443/2
f 1289/445/2 1253/446/2 1288/447/2
f 1254/448/2 1288/447/2 1253/446/2
f 1288/447/2 1254/448/2 1287/449/2
f 1255/450/2 1287/449/2 1254/448/2
f 1354/438/2 1355/435/2 1295/437/2
f 1383/50/2 1295/437/2 1355/435/2
f 1247/213/2 1295/437/2 1383/50/2
f 1295/437/2 1247/213/2 1294/451/2
f 1248/452/2 1294/451/2 1247/213/2
f 1294/451/2 1248/452/2 1293/453/2
f 1249/454/2 1293/453/2 1248/452/2
f 1293/453/2 1249/454/2 1292/455/2
f 1250/456/2 1292/455/2 1249/454/2
f 1292/455/2 1250/456/2 1291/457/2
f 1251/458/2 1291/457/2 1250/456/2
f 1291/457/2 1251/458/2 1290/444/2
f 1290/444/2 1251/458/2 1252/443/2
f 1299/459/2 1300/461/2 1351/460/2
f 1302/462/2 1303/463/2 1349/134/2
f 1301/464/2 1349/134/2 1350/465/2
f 1349/134/2 1301/464/2 1302/462/2
f 1303/463/2 1348/466/2 1349/134/2
f 1348/466/2 1303/463/2 1304/467/2
f 1300/461/2 1350/465/2 1351/460/2
f 1350/465/2 1300/461/2 1301/464/2
f 1307/468/2 1345/470/2 1346/469/2
f 1306/471/2 1346/469/2 1347/472/2
f 1346/469/2 1306/471/2 1307/468/2
f 1311/473/2 1324/475/2 1310/474/2
f 1312/476/2 1324/475/2 1311/473/2
f 1324/475/2 1312/476/2 1323/477/2
f 1334/478/2 1332/374/2 1333/479/2
f 1335/480/2 1332/374/2 1334/478/2
f 1332/374/2 1335/480/2 1331/481/2
f 1335/480/2 1336/482/2 1331/481/2
f 1337/483/2 1331/481/2 1336/482/2
f 1338/484/2 1331/481/2 1337/483/2
f 1331/481/2 1338/484/2 1330/485/2
f 1339/486/2 1330/485/2 1338/484/2
f 1340/487/2 1330/485/2 1339/486/2
f 1330/485/2 1340/487/2 1329/488/2
f 1341/489/2 1329/488/2 1340/487/2
f 1342/490/2 1329/488/2 1341/489/2
f 1342/490/2 1343/491/2 1329/488/2
f 1329/488/2 1343/491/2 1328/492/2
f 1344/493/2 1328/492/2 1343/491/2
f 1345/470/2 1328/492/2 1344/493/2
f 1328/492/2 1345/470/2 1327/494/2
f 1307/468/2 1327/494/2 1345/470/2
f 1327/494/2 1307/468/2 1326/495/2
f 1308/496/2 1326/495/2 1307/468/2
f 1326/495/2 1308/496/2 1325/497/2
f 1309/498/2 1325/497/2 1308/496/2
f 1310/474/2 1325/497/2 1309/498/2
f 1324/475/2 1325/497/2 1310/474/2
f 1304/467/2 1347/472/2 1348/466/2
f 1305/499/2 1347/472/2 1304/467/2
f 1347/472/2 1305/499/2 1306/471/2
f 1312/476/2 1313/500/2 1323/477/2
f 1323/477/2 1313/500/2 1322/501/2
f 1314/502/2 1322/501/2 1313/500/2
f 1315/104/2 1322/501/2 1314/502/2
f 1322/501/2 1315/104/2 1321/503/2
f 1316/504/2 1321/503/2 1315/104/2
f 1317/505/2 1321/503/2 1316/504/2
f 1321/503/2 1317/505/2 1320/506/2
f 1318/507/2 1320/506/2 1317/505/2
f 1319/508/2 1320/506/2 1318/507/2
f 1298/339/2 1351/460/2 1352/442/2
f 1351/460/2 1298/339/2 1299/459/2
f 1255/450/2 1286/509/2 1287/449/2
f 1256/510/2 1286/509/2 1255/450/2
f 1286/509/2 1256/510/2 1285/511/2
f 1257/512/2 1285/511/2 1256/510/2
f 1285/511/2 1257/512/2 1284/513/2
f 1258/514/2 1284/513/2 1257/512/2
f 1284/513/2 1258/514/2 1283/515/2
f 1259/516/2 1283/515/2 1258/514/2
f 1283/515/2 1259/516/2 1282/517/2
f 1260/518/2 1282/517/2 1259/516/2
f 1282/517/2 1260/518/2 1281/223/2
f 1261/519/2 1281/223/2 1260/518/2
f 1281/223/2 1261/519/2 1280/520/2
f 1262/521/2 1280/520/2 1261/519/2
f 1280/520/2 1262/521/2 1279/522/2
f 1263/523/2 1279/522/2 1262/521/2
f 1279/522/2 1263/523/2 1278/524/2
f 1264/306/2 1278/524/2 1263/523/2
f 1278/524/2 1264/306/2 1277/525/2
f 1265/526/2 1277/525/2 1264/306/2
f 1277/525/2 1265/526/2 1276/527/2
f 1266/528/2 1276/527/2 1265/526/2
f 1276/527/2 1266/528/2 1275/529/2
f 1267/530/2 1275/529/2 1266/528/2
f 1275/529/2 1267/530/2 1274/531/2
f 1268/532/2 1274/531/2 1267/530/2
f 1274/531/2 1268/532/2 1273/533/2
f 1269/534/2 1273/533/2 1268/532/2
f 1273/533/2 1269/534/2 1272/535/2
f 1270/536/2 1272/535/2 1269/534/2
f 1272/535/2 1270/536/2 1271/537/2
f 1445/538/2 1443/540/2 1444/539/2
f 1443/540/2 1445/538/2 1446/541/2
f 1448/542/2 1449/544/2 1441/543/2
f 1441/543/2 1442/545/2 1448/542/2
f 1447/546/2 1448/542/2 1442/545/2
f 1446/541/2 1442/545/2 1443/540/2
f 1442/545/2 1446/541/2 1447/546/2
f 1450/547/2 1439/549/2 1440/548/2
f 1439/549/2 1450/547/2 1451/550/2
f 1453/551/2 1436/553/2 1437/552/2
f 1452/554/2 1437/552/2 1438/555/2
f 1437/552/2 1452/554/2 1453/551/2
f 1451/550/2 1438/555/2 1439/549/2
f 1438/555/2 1451/550/2 1452/554/2
f 1449/544/2 1440/548/2 1441/543/2
f 1440/548/2 1449/544/2 1450/547/2
f 1434/556/2 1435/558/2 1455/557/2
f 1454/559/2 1455/557/2 1435/558/2
f 1457/50/2 1384/213/2 1432/560/2
f 1432/560/2 1433/561/2 1457/50/2
f 1456/562/2 1457/50/2 1433/561/2
f 1433/561/2 1434/556/2 1456/562/2
f 1455/557/2 1456/562/2 1434/556/2
f 1386/563/2 1429/565/2 1430/564/2
f 1385/566/2 1430/564/2 1431/567/2
f 1430/564/2 1385/566/2 1386/563/2
f 1388/568/2 1389/570/2 1427/569/2
f 1427/569/2 1428/571/2 1388/568/2
f 1387/572/2 1388/568/2 1428/571/2
f 1428/571/2 1429/565/2 1387/572/2
f 1386/563/2 1387/572/2 1429/565/2
f 1384/213/2 1431/567/2 1432/560/2
f 1431/567/2 1384/213/2 1385/566/2
f 1435/558/2 1436/553/2 1454/559/2
f 1453/551/2 1454/559/2 1436/553/2
f 1390/573/2 1425/575/2 1426/574/2
f 1425/575/2 1390/573/2 1391/576/2
f 1393/577/2 1422/579/2 1423/578/2
f 1392/580/2 1423/578/2 1424/581/2
f 1423/578/2 1392/580/2 1393/577/2
f 1391/576/2 1424/581/2 1425/575/2
f 1424/581/2 1391/576/2 1392/580/2
f 1420/582/2 1421/584/2 1395/583/2
f 1394/585/2 1395/583/2 1421/584/2
f 1397/586/2 1417/588/2 1418/587/2
f 1396/589/2 1418/587/2 1419/590/2
f 1418/587/2 1396/589/2 1397/586/2
f 1419/590/2 1420/582/2 1396/589/2
f 1395/583/2 1396/589/2 1420/582/2
f 1421/584/2 1422/579/2 1394/585/2
f 1393/577/2 1394/585/2 1422/579/2
f 1415/591/2 1416/593/2 1399/592/2
f 1398/594/2 1399/592/2 1416/593/2
f 1401/595/2 1402/597/2 1413/596/2
f 1413/596/2 1414/598/2 1401/595/2
f 1400/599/2 1401/595/2 1414/598/2
f 1414/598/2 1415/591/2 1400/599/2
f 1399/592/2 1400/599/2 1415/591/2
f 1403/600/2 1411/602/2 1412/601/2
f 1411/602/2 1403/600/2 1404/603/2
f 1409/604/2 1406/606/2 1408/605/2
f 1408/605/2 1406/606/2 1407/607/2
f 1404/603/2 1410/608/2 1411/602/2
f 1405/609/2 1410/608/2 1404/603/2
f 1410/608/2 1405/609/2 1409/604/2
f 1409/604/2 1405/609/2 1406/606/2
f 1402/597/2 1412/601/2 1413/596/2
f 1412/601/2 1402/597/2 1403/600/2
f 1416/593/2 1417/588/2 1398/594/2
f 1397/586/2 1398/594/2 1417/588/2
f 1389/570/2 1426/574/2 1427/569/2
f 1426/574/2 1389/570/2 1390/573/2
f 1600/610/2 1598/612/2 1599/611/2
f 1601/613/2 1598/612/2 1600/610/2
f 1598/612/2 1601/613/2 1597/614/2
f 1597/614/2 1601/613/2 1596/615/2
f 1602/616/2 1596/615/2 1601/613/2
f 1602/616/2 1595/617/2 1596/615/2
f 1603/618/2 1595/617/2 1602/616/2
f 1595/617/2 1603/618/2 1594/619/2
f 1604/620/2 1594/619/2 1603/618/2
f 1594/619/2 1604/620/2 1593/621/2
f 1593/621/2 1604/620/2 1592/622/2
f 1605/623/2 1592/622/2 1604/620/2
f 1592/622/2 1605/623/2 1591/624/2
f 1606/625/2 1591/624/2 1605/623/2
f 1606/625/2 1590/626/2 1591/624/2
f 1607/627/2 1590/626/2 1606/625/2
f 1590/626/2 1607/627/2 1589/628/2
f 1608/629/2 1589/628/2 1607/627/2
f 1589/628/2 1608/629/2 1588/630/2
f 1609/631/2 1588/630/2 1608/629/2
f 1588/630/2 1609/631/2 1587/632/2
f 1610/633/2 1587/632/2 1609/631/2
f 1568/634/2 1560/636/2 1567/635/2
f 1569/637/2 1560/636/2 1568/634/2
f 1558/638/2 1574/640/2 1575/639/2
f 1569/637/2 1559/641/2 1560/636/2
f 1570/642/2 1559/641/2 1569/637/2
f 1571/643/2 1559/641/2 1570/642/2
f 1572/644/2 1559/641/2 1571/643/2
f 1573/645/2 1559/641/2 1572/644/2
f 1559/641/2 1573/645/2 1558/638/2
f 1558/638/2 1573/645/2 1574/640/2
f 1645/646/2 1628/648/2 1644/647/2
f 1629/649/2 1644/647/2 1628/648/2
f 1644/647/2 1629/649/2 1643/650/2
f 1630/651/2 1643/650/2 1629/649/2
f 1643/650/2 1630/651/2 1642/652/2
f 1631/653/2 1642/652/2 1630/651/2
f 1642/652/2 1631/653/2 1641/654/2
f 1641/654/2 1631/653/2 1640/655/2
f 1632/656/2 1640/655/2 1631/653/2
f 1640/655/2 1632/656/2 1639/657/2
f 1633/658/2 1639/657/2 1632/656/2
f 1639/657/2 1633/658/2 1638/659/2
f 1634/660/2 1638/659/2 1633/658/2
f 1638/659/2 1634/660/2 1637/661/2
f 1635/662/2 1637/661/2 1634/660/2
f 1637/661/2 1635/662/2 1636/663/2
f 1562/664/2 1560/636/2 1561/665/2
f 1563/666/2 1560/636/2 1562/664/2
f 1564/667/2 1560/636/2 1563/666/2
f 1565/668/2 1560/636/2 1564/667/2
f 1566/669/2 1560/636/2 1565/668/2
f 1560/636/2 1566/669/2 1567/635/2
f 1610/633/2 1586/670/2 1587/632/2
f 1611/671/2 1586/670/2 1610/633/2
f 1612/672/2 1586/670/2 1611/671/2
f 1613/673/2 1586/670/2 1612/672/2
f 1586/670/2 1613/673/2 1521/674/2
f 1614/675/2 1521/674/2 1613/673/2
f 1615/676/2 1521/674/2 1614/675/2
f 1616/677/2 1521/674/2 1615/676/2
f 1521/674/2 1616/677/2 1520/678/2
f 1617/679/2 1520/678/2 1616/677/2
f 1520/678/2 1617/679/2 1519/680/2
f 1618/681/2 1519/680/2 1617/679/2
f 1519/680/2 1618/681/2 1518/682/2
f 1518/682/2 1618/681/2 1517/683/2
f 1619/684/2 1517/683/2 1618/681/2
f 1517/683/2 1619/684/2 1516/685/2
f 1620/686/2 1516/685/2 1619/684/2
f 1516/685/2 1620/686/2 1515/687/2
f 1621/688/2 1515/687/2 1620/686/2
f 1515/687/2 1621/688/2 1514/689/2
f 1514/689/2 1621/688/2 1513/690/2
f 1622/691/2 1513/690/2 1621/688/2
f 1513/690/2 1622/691/2 1512/692/2
f 1623/693/2 1512/692/2 1622/691/2
f 1512/692/2 1623/693/2 1511/694/2
f 1624/695/2 1511/694/2 1623/693/2
f 1511/694/2 1624/695/2 1510/696/2
f 1625/697/2 1510/696/2 1624/695/2
f 1510/696/2 1625/697/2 1648/50/2
f 1626/698/2 1648/50/2 1625/697/2
f 1648/50/2 1626/698/2 1647/699/2
f 1647/699/2 1626/698/2 1646/700/2
f 1627/701/2 1646/700/2 1626/698/2
f 1646/700/2 1627/701/2 1645/646/2
f 1645/646/2 1627/701/2 1628/648/2
f 1555/702/2 1578/704/2 1554/703/2
f 1579/705/2 1554/703/2 1578/704/2
f 1579/705/2 1553/104/2 1554/703/2
f 1580/706/2 1553/104/2 1579/705/2
f 1553/104/2 1580/706/2 1552/707/2
f 1581/708/2 1552/707/2 1580/706/2
f 1552/707/2 1581/708/2 1551/709/2
f 1582/710/2 1551/709/2 1581/708/2
f 1551/709/2 1582/710/2 1550/711/2
f 1583/712/2 1550/711/2 1582/710/2
f 1584/713/2 1550/711/2 1583/712/2
f 1550/711/2 1584/713/2 1549/714/2
f 1585/715/2 1549/714/2 1584/713/2
f 1549/714/2 1585/715/2 1548/716/2
f 1546/717/2 1547/719/2 1522/718/2
f 1545/720/2 1523/722/2 1524/721/2
f 1545/720/2 1546/717/2 1523/722/2
f 1522/718/2 1523/722/2 1546/717/2
f 1461/723/2 1480/725/2 1460/724/2
f 1480/725/2 1461/723/2 1479/726/2
f 1462/727/2 1479/726/2 1461/723/2
f 1479/726/2 1462/727/2 1478/728/2
f 1463/729/2 1478/728/2 1462/727/2
f 1478/728/2 1463/729/2 1477/730/2
f 1464/731/2 1477/730/2 1463/729/2
f 1477/730/2 1464/731/2 1476/732/2
f 1547/719/2 1548/716/2 1522/718/2
f 1464/731/2 1465/733/2 1476/732/2
f 1476/732/2 1465/733/2 1475/734/2
f 1466/735/2 1475/734/2 1465/733/2
f 1475/734/2 1466/735/2 1474/736/2
f 1467/737/2 1474/736/2 1466/735/2
f 1474/736/2 1467/737/2 1473/738/2
f 1468/739/2 1473/738/2 1467/737/2
f 1473/738/2 1468/739/2 1472/740/2
f 1469/741/2 1472/740/2 1468/739/2
f 1472/740/2 1469/741/2 1471/742/2
f 1470/743/2 1471/742/2 1469/741/2
f 1525/744/2 1543/746/2 1544/745/2
f 1542/747/2 1526/749/2 1527/748/2
f 1542/747/2 1543/746/2 1526/749/2
f 1525/744/2 1526/749/2 1543/746/2
f 1528/750/2 1540/752/2 1541/751/2
f 1540/752/2 1528/750/2 1529/753/2
f 1529/753/2 1539/754/2 1540/752/2
f 1539/754/2 1529/753/2 1530/755/2
f 1527/748/2 1541/751/2 1542/747/2
f 1541/751/2 1527/748/2 1528/750/2
f 1531/756/2 1537/758/2 1538/757/2
f 1536/759/2 1532/761/2 1533/760/2
f 1536/759/2 1537/758/2 1532/761/2
f 1531/756/2 1532/761/2 1537/758/2
f 1509/762/2 1484/764/2 1508/763/2
f 1533/760/2 1535/765/2 1536/759/2
f 1535/765/2 1533/760/2 1534/766/2
f 1484/764/2 1485/767/2 1508/763/2
f 1508/763/2 1485/767/2 1507/768/2
f 1486/769/2 1507/768/2 1485/767/2
f 1507/768/2 1486/769/2 1506/770/2
f 1487/771/2 1506/770/2 1486/769/2
f 1506/770/2 1487/771/2 1505/772/2
f 1530/755/2 1538/757/2 1539/754/2
f 1538/757/2 1530/755/2 1531/756/2
f 1487/771/2 1488/773/2 1505/772/2
f 1505/772/2 1488/773/2 1504/774/2
f 1489/775/2 1504/774/2 1488/773/2
f 1504/774/2 1489/775/2 1503/776/2
f 1490/777/2 1503/776/2 1489/775/2
f 1503/776/2 1490/777/2 1502/778/2
f 1491/779/2 1502/778/2 1490/777/2
f 1502/778/2 1491/779/2 1501/780/2
f 1492/781/2 1501/780/2 1491/779/2
f 1501/780/2 1492/781/2 1500/782/2
f 1493/783/2 1500/782/2 1492/781/2
f 1500/782/2 1493/783/2 1499/784/2
f 1494/785/2 1499/784/2 1493/783/2
f 1499/784/2 1494/785/2 1498/786/2
f 1495/787/2 1498/786/2 1494/785/2
f 1497/788/2 1498/786/2 1495/787/2
f 1524/721/2 1544/745/2 1545/720/2
f 1544/745/2 1524/721/2 1525/744/2
f 1483/789/2 1458/213/2 1482/790/2
f 1459/791/2 1482/790/2 1458/213/2
f 1482/790/2 1459/791/2 1481/792/2
f 1460/724/2 1481/792/2 1459/791/2
f 1480/725/2 1481/792/2 1460/724/2
f 1495/787/2 1496/793/2 1497/788/2
f 1575/639/2 1557/794/2 1558/638/2
f 1576/795/2 1557/794/2 1575/639/2
f 1557/794/2 1576/795/2 1556/796/2
f 1577/797/2 1556/796/2 1576/795/2
f 1556/796/2 1577/797/2 1555/702/2
f 1555/702/2 1577/797/2 1578/704/2
f 1521/674/2 1585/715/2 1586/670/2
f 1585/715/2 1522/718/2 1548/716/2
f 1521/674/2 1522/718/2 1585/715/2
s 1
f 1652/798/3 1649/213/4 1650/799/4
f 1654/800/5 1651/801/3 1652/798/3
f 1656/802/6 1653/803/5 1654/800/5
f 1658/804/7 1655/805/6 1656/802/6
f 1660/806/8 1657/807/7 1658/804/7
f 1662/808/9 1659/809/8 1660/806/8
f 1664/810/10 1661/811/9 1662/808/9
f 1666/812/11 1663/813/10 1664/810/10
f 1668/814/12 1665/815/11 1666/812/11
f 1670/816/13 1667/817/12 1668/814/12
f 1672/818/14 1669/819/13 1670/816/13
f 1674/820/15 1671/821/14 1672/818/14
f 1676/822/16 1673/823/15 1674/820/15
f 1678/824/17 1675/104/16 1676/822/16
f 1680/825/18 1677/826/17 1678/824/17
f 1682/827/19 1679/828/18 1680/825/18
f 1684/829/20 1681/830/19 1682/827/19
f 1686/831/21 1683/832/20 1684/829/20
f 1688/833/22 1685/834/21 1686/831/21
f 1690/835/23 1687/836/22 1688/833/22
f 1692/837/24 1689/838/23 1690/835/23
f 1694/839/25 1691/840/24 1692/837/24
f 1696/841/26 1693/842/25 1694/839/25
f 1698/843/27 1695/844/26 1696/841/26
f 1700/845/28 1697/846/27 1698/843/27
f 1650/847/4 1699/848/28 1700/845/28
f 1704/798/29 1701/213/30 1702/799/30
f 1706/800/31 1703/801/29 1704/798/29
f 1708/802/32 1705/803/31 1706/800/31
f 1710/804/33 1707/805/32 1708/802/32
f 1712/806/34 1709/807/33 1710/804/33
f 1714/808/35 1711/809/34 1712/806/34
f 1716/810/36 1713/811/35 1714/808/35
f 1718/812/37 1715/813/36 1716/810/36
f 1720/814/38 1717/815/37 1718/812/37
f 1722/816/39 1719/817/38 1720/814/38
f 1724/818/40 1721/819/39 1722/816/39
f 1726/820/41 1723/821/40 1724/818/40
f 1728/822/42 1725/823/41 1726/820/41
f 1730/824/43 1727/104/42 1728/822/42
f 1732/825/44 1729/826/43 1730/824/43
f 1734/827/45 1731/828/44 1732/825/44
f 1736/829/46 1733/830/45 1734/827/45
f 1738/831/47 1735/832/46 1736/829/46
f 1740/833/48 1737/834/47 1738/831/47
f 1742/835/49 1739/836/48 1740/833/48
f 1744/837/50 1741/838/49 1742/835/49
f 1746/839/51 1743/840/50 1744/837/50
f 1748/841/52 1745/842/51 1746/839/51
f 1750/843/53 1747/844/52 1748/841/52
f 1752/845/54 1749/846/55 1750/843/53
f 1702/847/30 1751/848/54 1752/845/54
f 1756/849/56 1753/213/57 1754/799/57
f 1758/850/58 1755/851/56 1756/849/56
f 1760/852/59 1757/853/58 1758/850/58
f 1762/854/60 1759/855/59 1760/852/59
f 1764/856/61 1761/857/60 1762/854/60
f 1766/858/62 1763/859/61 1764/856/61
f 1768/860/63 1765/861/62 1766/858/62
f 1770/862/64 1767/863/63 1768/860/63
f 1772/864/65 1769/865/64 1770/862/64
f 1774/866/66 1771/867/65 1772/864/65
f 1776/868/18 1773/869/66 1774/866/66
f 1778/870/67 1775/871/18 1776/868/18
f 1780/872/68 1777/873/67 1778/870/67
f 1782/874/69 1779/875/68 1780/872/68
f 1784/876/70 1781/877/69 1782/874/69
f 1786/878/71 1783/879/70 1784/876/70
f 1788/880/72 1785/881/71 1786/878/71
f 1790/882/73 1787/883/72 1788/880/72
f 1792/884/74 1789/885/73 1790/882/73
f 1794/886/75 1791/887/74 1792/884/74
f 1796/888/76 1793/889/75 1794/886/75
f 1798/890/77 1795/891/76 1796/888/76
f 1800/892/78 1797/893/77 1798/890/77
f 1802/894/79 1799/895/78 1800/892/78
f 1804/896/80 1801/897/79 1802/894/79
f 1806/898/81 1803/899/80 1804/896/80
f 1808/900/82 1805/901/81 1806/898/81
f 1810/902/83 1807/903/82 1808/900/82
f 1812/904/84 1809/905/83 1810/902/83
f 1814/906/85 1811/907/84 1812/904/84
f 1816/908/86 1813/909/85 1814/906/85
f 1818/910/87 1815/911/86 1816/908/86
f 1820/912/88 1817/913/87 1818/910/87
f 1822/914/89 1819/915/88 1820/912/88
f 1824/916/90 1821/917/89 1822/914/89
f 1826/918/91 1823/919/90 1824/916/90
f 1828/920/92 1825/921/91 1826/918/91
f 1830/922/93 1827/923/92 1828/920/92
f 1832/924/94 1829/925/93 1830/922/93
f 1834/926/95 1831/927/94 1832/924/94
f 1836/928/96 1833/929/95 1834/926/95
f 1838/930/97 1835/931/96 1836/928/96
f 1840/932/98 1837/933/97 1838/930/97
f 1842/934/99 1839/935/98 1840/932/98
f 1844/936/100 1841/937/99 1842/934/99
f 1846/938/101 1843/939/100 1844/936/100
f 1848/940/102 1845/941/101 1846/938/101
f 1850/942/103 1847/943/102 1848/940/102
f 1852/944/104 1849/945/103 1850/942/103
f 1854/946/105 1851/947/104 1852/944/104
f 1856/948/106 1853/949/105 1854/946/105
f 1858/950/107 1855/951/106 1856/948/106
f 1860/952/108 1857/953/107 1858/950/107
f 1862/954/109 1859/955/108 1860/952/108
f 1864/956/110 1861/957/109 1862/954/109
f 1866/958/111 1863/959/110 1864/956/110
f 1868/960/112 1865/961/111 1866/958/111
f 1870/962/113 1867/963/112 1868/960/112
f 1872/964/114 1869/965/113 1870/962/113
f 1874/966/115 1871/967/114 1872/964/114
f 1876/968/116 1873/969/115 1874/966/115
f 1878/970/117 1875/971/116 1876/968/116
f 1880/972/118 1877/973/117 1878/970/117
f 1882/974/119 1879/975/118 1880/972/118
f 1884/976/120 1881/977/119 1882/974/119
f 1886/978/121 1883/979/120 1884/976/120
f 1888/980/122 1885/981/121 1886/978/121
f 1890/982/123 1887/983/122 1888/980/122
f 1892/984/124 1889/985/123 1890/982/123
f 1894/986/125 1891/987/124 1892/984/124
f 1896/988/126 1893/989/125 1894/986/125
f 1898/990/127 1895/991/126 1896/988/126
f 1900/992/128 1897/993/127 1898/990/127
f 1902/994/129 1899/995/128 1900/992/128
f 1904/996/130 1901/997/129 1902/994/129
f 1906/998/131 1903/999/132 1904/996/130
f 1908/1000/133 1905/1001/131 1906/998/131
f 1910/1002/134 1907/1003/133 1908/1000/133
f 1912/1004/135 1909/1005/134 1910/1002/134
f 1914/1006/136 1911/1007/135 1912/1004/135
f 1916/1008/137 1913/1009/136 1914/1006/136
f 1918/1010/138 1915/1011/137 1916/1008/137
f 1920/1012/139 1917/1013/138 1918/1010/138
f 1922/1014/140 1919/1015/139 1920/1012/139
f 1924/1016/141 1921/1017/140 1922/1014/140
f 1926/1018/142 1923/1019/141 1924/1016/141
f 1928/1020/143 1925/1021/142 1926/1018/142
f 1930/1022/144 1927/1023/143 1928/1020/143
f 1932/1024/145 1929/1025/144 1930/1022/144
f 1934/1026/146 1931/1027/145 1932/1024/145
f 1936/1028/147 1933/1029/146 1934/1026/146
f 1938/1030/148 1935/1031/147 1936/1028/147
f 1940/1032/149 1937/1033/148 1938/1030/148
f 1942/1034/150 1939/1035/149 1940/1032/149
f 1944/1036/151 1941/1037/150 1942/1034/150
f 1946/1038/152 1943/1039/151 1944/1036/151
f 1948/1040/153 1945/1041/152 1946/1038/152
f 1950/1042/154 1947/1043/153 1948/1040/153
f 1952/1044/155 1949/1045/154 1950/1042/154
f 1954/1046/156 1951/1047/155 1952/1044/155
f 1956/1048/157 1953/1049/156 1954/1046/156
f 1958/1050/158 1955/1051/157 1956/1048/157
f 1960/1052/159 1957/1053/158 1958/1050/158
f 1962/1054/160 1959/1055/159 1960/1052/159
f 1964/1056/161 1961/1057/160 1962/1054/160
f 1966/1058/162 1963/1059/161 1964/1056/161
f 1968/1060/163 1965/1061/162 1966/1058/162
f 1970/1062/164 1967/1063/163 1968/1060/163
f 1972/1064/165 1969/1065/164 1970/1062/164
f 1974/1066/166 1971/1067/165 1972/1064/165
f 1976/1068/167 1973/1069/166 1974/1066/166
f 1978/1070/168 1975/1071/167 1976/1068/167
f 1980/1072/169 1977/1073/168 1978/1070/168
f 1982/1074/170 1979/1075/169 1980/1072/169
f 1984/1076/171 1981/1077/170 1982/1074/170
f 1986/1078/172 1983/1079/171 1984/1076/171
f 1988/1080/173 1985/1081/172 1986/1078/172
f 1990/1082/174 1987/1083/173 1988/1080/173
f 1992/1084/175 1989/1085/174 1990/1082/174
f 1994/1086/176 1991/1087/175 1992/1084/175
f 1996/1088/177 1993/1089/176 1994/1086/176
f 1998/1090/178 1995/1091/177 1996/1088/177
f 2000/1092/179 1997/1093/178 1998/1090/178
f 2002/1094/180 1999/1095/181 2000/1092/179
f 2004/1096/182 2001/1097/180 2002/1094/180
f 2006/1098/183 2003/1099/182 2004/1096/182
f 2008/1100/184 2005/1101/183 2006/1098/183
f 2010/1102/185 2007/1103/184 2008/1100/184
f 2012/1104/186 2009/1105/187 2010/1102/185
f 2014/1106/188 2011/1107/186 2012/1104/186
f 2016/1108/189 2013/1109/188 2014/1106/188
f 2018/1110/190 2015/1111/189 2016/1108/189
f 2020/1112/191 2017/1113/190 2018/1110/190
f 2022/1114/192 2019/1115/191 2020/1112/191
f 2024/1116/193 2021/1117/192 2022/1114/192
f 2026/1118/194 2023/1119/193 2024/1116/193
f 2028/1120/195 2025/1121/194 2026/1118/194
f 2030/1122/196 2027/1123/195 2028/1120/195
f 1754/847/57 2029/1124/196 2030/1122/196
f 2034/1125/197 2031/213/197 2032/799/197
f 2036/1126/197 2033/1127/197 2034/1125/197
f 2038/1128/197 2035/1129/197 2036/1126/197
f 2040/1130/197 2037/1131/197 2038/1128/197
f 2042/1132/197 2039/1133/197 2040/1130/197
f 2044/1134/197 2041/1135/197 2042/1132/197
f 2046/1136/197 2043/1137/197 2044/1134/197
f 2048/1138/197 2045/1139/197 2046/1136/197
f 2050/1140/197 2047/1141/197 2048/1138/197
f 2052/1142/197 2049/1143/197 2050/1140/197
f 2054/1144/198 2051/1145/197 2052/1142/197
f 2056/1146/199 2053/1147/198 2054/1144/198
f 2058/1148/200 2055/1149/199 2056/1146/199
f 2060/1150/201 2057/1151/200 2058/1148/200
f 2062/1152/202 2059/1153/201 2060/1150/201
f 2064/1154/203 2061/1155/202 2062/1152/202
f 2066/1156/74 2063/1157/203 2064/1154/203
f 2068/1158/204 2065/1159/74 2066/1156/74
f 2070/1160/205 2067/1161/204 2068/1158/204
f 2072/1162/206 2069/1163/205 2070/1160/205
f 2074/1164/207 2071/1165/206 2072/1162/206
f 2076/1166/208 2073/1167/207 2074/1164/207
f 2078/1168/209 2075/1169/208 2076/1166/208
f 2080/1170/210 2077/1171/209 2078/1168/209
f 2082/1172/211 2079/1173/210 2080/1170/210
f 2084/1174/212 2081/1175/211 2082/1172/211
f 2086/1176/213 2083/1177/212 2084/1174/212
f 2088/1178/214 2085/1179/213 2086/1176/213
f 2090/1180/215 2087/1181/214 2088/1178/214
f 2092/1182/216 2089/1183/215 2090/1180/215
f 2094/1184/217 2091/1185/216 2092/1182/216
f 2096/1186/218 2093/1187/217 2094/1184/217
f 2098/1188/219 2095/1189/218 2096/1186/218
f 2100/1190/87 2097/1191/219 2098/1188/219
f 2102/1192/220 2099/1193/87 2100/1190/87
f 2104/1194/221 2101/1195/220 2102/1192/220
f 2106/822/222 2103/1196/221 2104/1194/221
f 2108/1197/222 2105/104/222 2106/822/222
f 2110/1198/222 2107/1199/222 2108/1197/222
f 2112/1200/222 2109/1201/222 2110/1198/222
f 2114/1202/222 2111/1203/222 2112/1200/222
f 2116/1204/222 2113/1205/222 2114/1202/222
f 2118/1206/222 2115/1207/222 2116/1204/222
f 2120/1208/222 2117/1209/222 2118/1206/222
f 2122/1210/222 2119/1211/222 2120/1208/222
f 2124/1212/222 2121/1213/222 2122/1210/222
f 2126/1214/222 2123/1215/222 2124/1212/222
f 2128/1216/223 2125/1217/222 2126/1214/222
f 2130/1218/224 2127/1219/223 2128/1216/223
f 2132/1220/225 2129/1221/224 2130/1218/224
f 2134/1222/226 2131/1223/225 2132/1220/225
f 2136/1224/227 2133/1225/226 2134/1222/226
f 2138/1226/228 2135/1227/227 2136/1224/227
f 2140/1228/229 2137/1229/228 2138/1226/228
f 2142/1230/230 2139/1231/229 2140/1228/229
f 2144/1232/231 2141/1233/230 2142/1230/230
f 2146/1234/232 2143/1235/231 2144/1232/231
f 2148/1236/233 2145/1237/232 2146/1234/232
f 2150/1238/234 2147/1239/233 2148/1236/233
f 2152/1240/235 2149/1241/234 2150/1238/234
f 2154/1242/236 2151/1243/235 2152/1240/235
f 2156/1244/237 2153/1245/238 2154/1242/236
f 2158/1246/239 2155/1247/237 2156/1244/237
f 2160/1248/240 2157/1249/239 2158/1246/239
f 2162/1250/241 2159/1251/240 2160/1248/240
f 2164/1252/242 2161/1253/241 2162/1250/241
f 2166/1254/243 2163/1255/242 2164/1252/242
f 2168/1256/244 2165/1257/243 2166/1254/243
f 2170/1258/245 2167/1259/244 2168/1256/244
f 2172/1260/246 2169/1261/245 2170/1258/245
f 2174/1262/247 2171/1263/246 2172/1260/246
f 2176/1264/248 2173/1265/247 2174/1262/247
f 2178/1266/249 2175/1267/248 2176/1264/248
f 2032/847/197 2177/1268/249 2178/1266/249
f 2182/1269/250 2179/213/251 2180/799/251
f 2184/1270/252 2181/1271/250 2182/1269/250
f 2186/1272/253 2183/1273/252 2184/1270/252
f 2188/1274/254 2185/1275/253 2186/1272/253
f 2190/1276/255 2187/1277/254 2188/1274/254
f 2192/1278/256 2189/1279/255 2190/1276/255
f 2194/1280/257 2191/1281/256 2192/1278/256
f 2196/1282/258 2193/1283/259 2194/1280/257
f 2198/1284/260 2195/1285/258 2196/1282/258
f 2200/1286/261 2197/1287/260 2198/1284/260
f 2202/1288/262 2199/1289/261 2200/1286/261
f 2204/1290/263 2201/1291/262 2202/1288/262
f 2206/1292/264 2203/1293/265 2204/1290/263
f 2208/1294/266 2205/1295/264 2206/1292/264
f 2210/1296/267 2207/1297/266 2208/1294/266
f 2212/1298/268 2209/1299/267 2210/1296/267
f 2214/1300/269 2211/1301/268 2212/1298/268
f 2216/1302/270 2213/1303/269 2214/1300/269
f 2218/1304/271 2215/1305/270 2216/1302/270
f 2220/1306/272 2217/1307/271 2218/1304/271
f 2222/1308/273 2219/1309/177 2220/1306/272
f 2224/1310/274 2221/1311/275 2222/1308/273
f 2226/1312/276 2223/1313/277 2224/1310/274
f 2228/1314/278 2225/1315/276 2226/1312/276
f 2230/1316/279 2227/1317/278 2228/1314/278
f 2232/1318/280 2229/1319/280 2230/1316/279
f 2234/1320/281 2231/1321/282 2232/1318/280
f 2236/1322/283 2233/1323/281 2234/1320/281
f 2238/1324/284 2235/1325/283 2236/1322/283
f 2240/1326/285 2237/1327/284 2238/1324/284
f 2242/1328/286 2239/1329/285 2240/1326/285
f 2244/1330/287 2241/1331/288 2242/1328/286
f 2246/1332/289 2243/1333/287 2244/1330/287
f 2248/1334/290 2245/1335/289 2246/1332/289
f 2250/1336/291 2247/1337/290 2248/1334/290
f 2252/1338/292 2249/1339/291 2250/1336/291
f 2254/1340/293 2251/1341/292 2252/1338/292
f 2256/1342/294 2253/1343/293 2254/1340/293
f 2258/1344/295 2255/1345/294 2256/1342/294
f 2260/1346/296 2257/1347/295 2258/1344/295
f 2262/1348/297 2259/1349/296 2260/1346/296
f 2264/1350/298 2261/1351/297 2262/1348/297
f 2266/1352/299 2263/1353/298 2264/1350/298
f 2268/1354/300 2265/1355/299 2266/1352/299
f 2270/1356/301 2267/1357/300 2268/1354/300
f 2272/1358/195 2269/1359/301 2270/1356/301
f 2274/1360/302 2271/1361/195 2272/1358/195
f 2276/1362/303 2273/1363/302 2274/1360/302
f 2278/1364/304 2275/1365/303 2276/1362/303
f 2280/1366/305 2277/1367/304 2278/1364/304
f 2282/1368/306 2279/1369/305 2280/1366/305
f 2284/1370/307 2281/1371/306 2282/1368/306
f 2286/1372/308 2283/1373/307 2284/1370/307
f 2288/1374/309 2285/1375/308 2286/1372/308
f 2290/1376/310 2287/1377/309 2288/1374/309
f 2292/1378/311 2289/1379/310 2290/1376/310
f 2294/1380/312 2291/1381/311 2292/1378/311
f 2296/1382/313 2293/1383/312 2294/1380/312
f 2298/1384/314 2295/1385/313 2296/1382/313
f 2300/1386/315 2297/1387/314 2298/1384/314
f 2302/1388/316 2299/1389/315 2300/1386/315
f 2304/1390/317 2301/1391/316 2302/1388/316
f 2306/1392/318 2303/1393/319 2304/1390/317
f 2308/1394/320 2305/1395/318 2306/1392/318
f 2310/1396/321 2307/1397/320 2308/1394/320
f 2312/1398/322 2309/1399/321 2310/1396/321
f 2314/1400/323 2311/1401/322 2312/1398/322
f 2316/1402/324 2313/1403/325 2314/1400/323
f 2318/1404/326 2315/1405/327 2316/1402/324
f 2320/1406/328 2317/1407/326 2318/1404/326
f 2322/1408/329 2319/1409/328 2320/1406/328
f 2324/1410/330 2321/1411/329 2322/1408/329
f 2326/1412/331 2323/1413/332 2324/1410/330
f 2328/1414/333 2325/1415/331 2326/1412/331
f 2330/1416/334 2327/1417/333 2328/1414/333
f 2332/1418/335 2329/1419/334 2330/1416/334
f 2334/1420/336 2331/1421/335 2332/1418/335
f 2336/1422/337 2333/1423/336 2334/1420/336
f 2338/1424/338 2335/1425/337 2336/1422/337
f 2340/1426/339 2337/1427/338 2338/1424/338
f 2342/1428/340 2339/1429/339 2340/1426/339
f 2344/1430/341 2341/1431/340 2342/1428/340
f 2346/1432/342 2343/1433/341 2344/1430/341
f 2348/1434/343 2345/1435/342 2346/1432/342
f 2350/1436/344 2347/1437/343 2348/1434/343
f 2352/1438/345 2349/1439/344 2350/1436/344
f 2354/1440/346 2351/1441/345 2352/1438/345
f 2356/1442/347 2353/1443/346 2354/1440/346
f 2358/1444/348 2355/1445/347 2356/1442/347
f 2360/1446/349 2357/1447/348 2358/1444/348
f 2362/1448/350 2359/1449/349 2360/1446/349
f 2364/1450/351 2361/1451/352 2362/1448/350
f 2366/1452/353 2363/1453/354 2364/1450/351
f 2368/1454/355 2365/1455/353 2366/1452/353
f 2370/1456/356 2367/1457/355 2368/1454/355
f 2372/1458/357 2369/1459/358 2370/1456/356
f 2374/1460/359 2371/1461/360 2372/1458/357
f 2376/1462/361 2373/1463/362 2374/1460/359
f 2378/1464/363 2375/1465/361 2376/1462/361
f 2380/1466/364 2377/1467/363 2378/1464/363
f 2382/1468/365 2379/1469/364 2380/1466/364
f 2384/1470/366 2381/1471/365 2382/1468/365
f 2386/1472/367 2383/1473/366 2384/1470/366
f 2388/1474/368 2385/1475/367 2386/1472/367
f 2390/1476/369 2387/1477/368 2388/1474/368
f 2392/1478/370 2389/1479/369 2390/1476/369
f 2394/1480/371 2391/1481/370 2392/1478/370
f 2396/1482/372 2393/1483/371 2394/1480/371
f 2398/1484/373 2395/1485/372 2396/1482/372
f 2400/1486/374 2397/1487/373 2398/1484/373
f 2402/1488/373 2399/1489/374 2400/1486/374
f 2404/1490/375 2401/1491/373 2402/1488/373
f 2406/1492/376 2403/1493/375 2404/1490/375
f 2408/1494/377 2405/1495/376 2406/1492/376
f 2410/1496/378 2407/1497/377 2408/1494/377
f 2412/1498/379 2409/1499/378 2410/1496/378
f 2414/1500/380 2411/1501/379 2412/1498/379
f 2416/1502/381 2413/1503/380 2414/1500/380
f 2418/1504/381 2415/1505/381 2416/1502/381
f 2420/1506/380 2417/1507/381 2418/1504/381
f 2422/1508/382 2419/1509/380 2420/1506/380
f 2424/1510/383 2421/1511/382 2422/1508/382
f 2426/1512/384 2423/1513/383 2424/1510/383
f 2428/1514/385 2425/1515/384 2426/1512/384
f 2430/1516/386 2427/1517/385 2428/1514/385
f 2432/1518/387 2429/1519/386 2430/1516/386
f 2434/1520/388 2431/1521/387 2432/1518/387
f 2436/1522/389 2433/1523/388 2434/1520/388
f 2438/1524/390 2435/1525/389 2436/1522/389
f 2440/1526/391 2437/1527/390 2438/1524/390
f 2442/1528/392 2439/1529/391 2440/1526/391
f 2444/1530/71 2441/1531/392 2442/1528/392
f 2446/1532/393 2443/1533/71 2444/1530/71
f 2448/1534/394 2445/1535/393 2446/1532/393
f 2450/1536/203 2447/1537/394 2448/1534/394
f 2452/1538/395 2449/1539/203 2450/1536/203
f 2180/847/251 2451/1540/395 2452/1538/395
f 2456/1541/396 2453/213/397 2454/799/397
f 2458/822/398 2455/223/396 2456/1541/396
f 2460/1542/399 2457/104/398 2458/822/398
f 2454/847/397 2459/134/399 2460/1542/399
f 2464/1543/398 2461/213/398 2462/799/398
f 2466/1544/396 2463/1545/398 2464/1543/398
f 2468/1546/397 2465/1547/396 2466/1544/396
f 2470/1548/399 2467/1549/397 2468/1546/397
f 2472/1550/399 2469/1551/399 2470/1548/399
f 2474/1552/397 2471/1553/399 2472/1550/399
f 2476/1554/397 2473/1555/397 2474/1552/397
f 2478/1556/399 2475/1557/397 2476/1554/397
f 2480/1558/399 2477/1559/399 2478/1556/399
f 2482/1560/399 2479/1561/399 2480/1558/399
f 2484/1562/398 2481/1563/399 2482/1560/399
f 2486/1564/398 2483/1565/398 2484/1562/398
f 2488/1566/400 2485/1567/398 2486/1564/398
f 2490/1568/401 2487/1569/400 2488/1566/400
f 2492/1570/402 2489/1571/401 2490/1568/401
f 2494/1572/403 2491/1573/402 2492/1570/402
f 2496/1574/404 2493/1575/403 2494/1572/403
f 2498/1576/405 2495/1577/406 2496/1574/404
f 2500/1578/407 2497/1579/405 2498/1576/405
f 2502/1580/408 2499/1581/407 2500/1578/407
f 2504/1582/409 2501/1583/408 2502/1580/408
f 2506/1584/410 2503/1585/409 2504/1582/409
f 2508/1586/411 2505/1587/410 2506/1584/410
f 2510/1588/412 2507/1589/411 2508/1586/411
f 2512/1590/413 2509/1591/412 2510/1588/412
f 2514/1592/414 2511/1593/413 2512/1590/413
f 2516/1594/415 2513/1595/416 2514/1592/414
f 2518/1596/417 2515/1597/418 2516/1594/415
f 2520/1598/419 2517/1599/417 2518/1596/417
f 2522/1600/420 2519/1601/419 2520/1598/419
f 2524/1602/421 2521/1603/422 2522/1600/420
f 2526/1604/423 2523/1605/421 2524/1602/421
f 2528/1606/424 2525/1607/423 2526/1604/423
f 2530/1608/425 2527/1609/424 2528/1606/424
f 2532/1610/426 2529/1611/427 2530/1608/425
f 2534/1612/428 2531/1613/426 2532/1610/426
f 2536/1614/429 2533/1615/430 2534/1612/428
f 2538/1616/431 2535/1617/432 2536/1614/429
f 2540/1618/433 2537/1619/431 2538/1616/431
f 2542/1620/434 2539/1621/433 2540/1618/433
f 2544/1622/435 2541/1623/434 2542/1620/434
f 2546/1624/436 2543/1625/435 2544/1622/435
f 2548/1626/437 2545/1627/436 2546/1624/436
f 2550/1628/438 2547/1629/437 2548/1626/437
f 2552/1630/126 2549/1631/438 2550/1628/438
f 2554/1632/439 2551/1633/126 2552/1630/126
f 2556/1634/440 2553/1635/439 2554/1632/439
f 2558/1636/441 2555/1637/442 2556/1634/440
f 2560/1638/443 2557/1639/441 2558/1636/441
f 2562/1640/398 2559/1641/444 2560/1638/443
f 2564/1642/396 2561/1643/398 2562/1640/398
f 2566/1644/396 2563/1645/396 2564/1642/396
f 2462/847/398 2565/1646/396 2566/1644/396
f 2570/1541/396 2567/213/397 2568/799/397
f 2572/822/398 2569/223/396 2570/1541/396
f 2574/1542/399 2571/104/398 2572/822/398
f 2568/847/397 2573/134/399 2574/1542/399
f 2578/1541/397 2575/213/399 2576/799/399
f 2580/822/396 2577/223/397 2578/1541/397
f 2582/1542/398 2579/104/396 2580/822/396
f 2576/847/399 2581/134/398 2582/1542/398
f 2586/1541/396 2583/213/397 2584/799/397
f 2588/822/398 2585/223/396 2586/1541/396
f 2590/1542/399 2587/104/398 2588/822/398
f 2584/847/397 2589/134/399 2590/1542/399
f 2594/1541/397 2591/213/399 2592/799/399
f 2596/822/396 2593/223/397 2594/1541/397
f 2598/1542/398 2595/104/396 2596/822/396
f 2592/847/399 2597/134/398 2598/1542/398
f 2602/1647/445 2599/213/446 2600/799/446
f 2604/1648/447 2601/1649/448 2602/1647/445
f 2606/1650/449 2603/1651/447 2604/1648/447
f 2608/1652/450 2605/1653/449 2606/1650/449
f 2610/1654/451 2607/1655/452 2608/1652/450
f 2612/1656/453 2609/1657/454 2610/1654/451
f 2614/1658/455 2611/1659/453 2612/1656/453
f 2616/1660/456 2613/1661/457 2614/1658/455
f 2618/1662/458 2615/1663/459 2616/1660/456
f 2620/1664/460 2617/1665/458 2618/1662/458
f 2622/1666/461 2619/1667/460 2620/1664/460
f 2624/1668/462 2621/241/463 2622/1666/461
f 2626/1669/464 2623/1670/462 2624/1668/462
f 2628/1671/465 2625/1672/464 2626/1669/464
f 2630/1673/466 2627/1674/465 2628/1671/465
f 2632/1675/467 2629/1676/466 2630/1673/466
f 2634/1677/468 2631/1678/467 2632/1675/467
f 2636/1679/469 2633/1680/470 2634/1677/468
f 2638/1681/471 2635/1682/469 2636/1679/469
f 2640/1683/472 2637/1684/471 2638/1681/471
f 2642/1685/473 2639/1686/472 2640/1683/472
f 2644/1687/474 2641/1688/473 2642/1685/473
f 2646/1689/475 2643/236/474 2644/1687/474
f 2648/1690/476 2645/1691/475 2646/1689/475
f 2650/1692/477 2647/1693/478 2648/1690/476
f 2652/1694/479 2649/1695/477 2650/1692/477
f 2654/1696/480 2651/1697/481 2652/1694/479
f 2656/1698/482 2653/1699/480 2654/1696/480
f 2658/1700/483 2655/1701/482 2656/1698/482
f 2660/1702/484 2657/1703/485 2658/1700/483
f 2662/1704/486 2659/1705/484 2660/1702/484
f 2664/1706/487 2661/1707/486 2662/1704/486
f 2666/822/488 2663/1708/489 2664/1706/487
f 2668/1709/490 2665/104/491 2666/822/488
f 2670/1710/492 2667/1711/490 2668/1709/490
f 2672/1712/493 2669/1713/492 2670/1710/492
f 2674/1714/494 2671/1715/493 2672/1712/493
f 2676/1716/495 2673/1717/494 2674/1714/494
f 2678/1718/496 2675/1719/495 2676/1716/495
f 2680/1720/497 2677/1721/496 2678/1718/496
f 2682/1722/498 2679/1723/497 2680/1720/497
f 2684/1724/499 2681/1725/498 2682/1722/498
f 2686/1726/500 2683/1727/499 2684/1724/499
f 2688/1728/501 2685/1729/500 2686/1726/500
f 2690/1730/502 2687/268/501 2688/1728/501
f 2692/1731/503 2689/1732/502 2690/1730/502
f 2694/1733/504 2691/1734/503 2692/1731/503
f 2696/1735/505 2693/1736/504 2694/1733/504
f 2698/1737/506 2695/1738/505 2696/1735/505
f 2700/1739/507 2697/1740/506 2698/1737/506
f 2702/1741/508 2699/1742/507 2700/1739/507
f 2704/1743/509 2701/1744/508 2702/1741/508
f 2706/1745/510 2703/1746/509 2704/1743/509
f 2708/1747/511 2705/1748/512 2706/1745/510
f 2710/1749/513 2707/1750/514 2708/1747/511
f 2712/1751/515 2709/13/516 2710/1749/513
f 2714/1752/517 2711/1753/515 2712/1751/515
f 2716/1754/518 2713/1755/519 2714/1752/517
f 2718/1756/520 2715/1757/521 2716/1754/518
f 2720/1758/522 2717/1759/523 2718/1756/520
f 2722/1760/398 2719/1761/524 2720/1758/522
f 2724/1762/398 2721/1763/398 2722/1760/398
f 2726/1764/396 2723/1765/398 2724/1762/398
f 2728/1766/197 2725/1767/396 2726/1764/396
f 2730/1768/397 2727/1769/197 2728/1766/197
f 2600/847/446 2729/1770/397 2730/1768/397
f 2734/1666/399 2731/213/399 2732/799/399
f 2736/1687/399 2733/241/399 2734/1666/399
f 2738/822/398 2735/236/399 2736/1687/399
f 2740/1728/396 2737/104/398 2738/822/398
f 2742/1749/397 2739/268/396 2740/1728/396
f 2732/847/399 2741/13/397 2742/1749/397
f 2746/1771/398 2743/213/399 2744/799/399
f 2748/1541/398 2745/306/398 2746/1771/398
f 2750/1772/399 2747/223/398 2748/1541/398
f 2752/822/399 2749/339/399 2750/1772/399
f 2754/1773/398 2751/104/399 2752/822/399
f 2756/1542/396 2753/374/398 2754/1773/398
f 2758/1774/397 2755/134/396 2756/1542/396
f 2744/847/399 2757/383/397 2758/1774/397
f 2762/1541/399 2759/213/398 2760/799/398
f 2764/822/397 2761/223/399 2762/1541/399
f 2766/1542/396 2763/104/397 2764/822/397
f 2760/847/398 2765/134/396 2766/1542/396
f 2770/1775/525 2767/213/526 2768/799/526
f 2772/1776/527 2769/1777/528 2770/1775/525
f 2774/1778/529 2771/1779/527 2772/1776/527
f 2776/1780/530 2773/1781/529 2774/1778/529
f 2778/1782/531 2775/1783/532 2776/1780/530
f 2780/1784/533 2777/1785/531 2778/1782/531
f 2782/1786/534 2779/1787/535 2780/1784/533
f 2784/1788/536 2781/1789/537 2782/1786/534
f 2786/1790/538 2783/1791/539 2784/1788/536
f 2788/1792/540 2785/1793/538 2786/1790/538
f 2790/1794/541 2787/730/540 2788/1792/540
f 2792/1795/542 2789/1796/541 2790/1794/541
f 2794/1797/543 2791/1798/542 2792/1795/542
f 2796/1799/544 2793/1800/543 2794/1797/543
f 2798/1801/545 2795/1802/546 2796/1799/544
f 2800/1803/547 2797/1804/545 2798/1801/545
f 2802/1805/548 2799/1806/547 2800/1803/547
f 2804/1807/549 2801/1808/548 2802/1805/548
f 2806/1809/550 2803/1810/549 2804/1807/549
f 2808/1811/551 2805/1812/550 2806/1809/550
f 2810/1813/552 2807/793/551 2808/1811/551
f 2812/1814/553 2809/1815/552 2810/1813/552
f 2814/1816/554 2811/1817/553 2812/1814/553
f 2816/1818/555 2813/1819/556 2814/1816/554
f 2818/1541/557 2815/1820/558 2816/1818/555
f 2820/1821/559 2817/223/557 2818/1541/557
f 2822/1822/560 2819/1823/559 2820/1821/559
f 2824/1824/561 2821/1825/560 2822/1822/560
f 2826/1826/562 2823/1827/561 2824/1824/561
f 2828/1828/563 2825/1829/562 2826/1826/562
f 2830/1830/564 2827/687/563 2828/1828/563
f 2832/1831/565 2829/1832/564 2830/1830/564
f 2834/1833/566 2831/1834/565 2832/1831/565
f 2836/1835/567 2833/1836/566 2834/1833/566
f 2838/1837/568 2835/1838/567 2836/1835/567
f 2840/1839/569 2837/1840/570 2838/1837/568
f 2842/1841/571 2839/1842/569 2840/1839/569
f 2844/1843/572 2841/1844/571 2842/1841/571
f 2846/1845/573 2843/1846/574 2844/1843/572
f 2848/1847/575 2845/1848/576 2846/1845/573
f 2850/1849/577 2847/766/575 2848/1847/575
f 2852/1850/578 2849/1851/579 2850/1849/577
f 2854/1852/580 2851/1853/578 2852/1850/578
f 2856/1854/581 2853/1855/580 2854/1852/580
f 2858/1856/582 2855/1857/581 2856/1854/581
f 2860/1858/583 2857/1859/582 2858/1856/582
f 2862/1860/584 2859/1861/583 2860/1858/583
f 2864/1862/585 2861/1863/584 2862/1860/584
f 2866/1864/586 2863/1865/587 2864/1862/585
f 2868/822/588 2865/1866/586 2866/1864/586
f 2870/1867/589 2867/104/588 2868/822/588
f 2872/1868/590 2869/1869/589 2870/1867/589
f 2874/1870/591 2871/1871/590 2872/1868/590
f 2876/1872/592 2873/1873/591 2874/1870/591
f 2878/1874/593 2875/1875/592 2876/1872/592
f 2880/1876/594 2877/1877/595 2878/1874/593
f 2882/1878/596 2879/1879/597 2880/1876/594
f 2884/1880/598 2881/1881/599 2882/1878/596
f 2886/1882/600 2883/1883/598 2884/1880/598
f 2888/1884/601 2885/1885/600 2886/1882/600
f 2890/1886/602 2887/644/601 2888/1884/601
f 2892/1887/603 2889/1888/602 2890/1886/602
f 2894/1889/604 2891/1890/605 2892/1887/603
f 2896/1891/606 2893/1892/604 2894/1889/604
f 2898/1893/607 2895/1894/606 2896/1891/606
f 2900/1895/608 2897/1896/607 2898/1893/607
f 2902/1897/609 2899/1898/610 2900/1895/608
f 2904/1899/611 2901/1900/612 2902/1897/609
f 2906/1901/613 2903/1902/614 2904/1899/611
f 2908/1903/615 2905/1904/616 2906/1901/613
f 2910/1905/617 2907/624/618 2908/1903/615
f 2912/1906/619 2909/1907/620 2910/1905/617
f 2914/1908/621 2911/1909/622 2912/1906/619
f 2916/1910/623 2913/1911/624 2914/1908/621
f 2918/1542/625 2915/1912/626 2916/1910/623
f 2920/1913/627 2917/134/628 2918/1542/625
f 2922/1914/629 2919/1915/627 2920/1913/627
f 2924/1916/630 2921/1917/629 2922/1914/629
f 2926/1918/631 2923/1919/630 2924/1916/630
f 2928/1920/144 2925/1921/631 2926/1918/631
f 2930/1922/632 2927/633/144 2928/1920/144
f 2932/1923/633 2929/1924/632 2930/1922/632
f 2934/1925/382 2931/1926/633 2932/1923/633
f 2936/1927/634 2933/1928/382 2934/1925/382
f 2938/1929/635 2935/1930/634 2936/1927/634
f 2940/1931/636 2937/1932/637 2938/1929/635
f 2942/1933/638 2939/1934/639 2940/1931/636
f 2944/1935/640 2941/1936/641 2942/1933/638
f 2946/1937/642 2943/1938/643 2944/1935/640
f 2948/1939/644 2945/1940/642 2946/1937/642
f 2950/1941/645 2947/649/644 2948/1939/644
f 2952/1942/646 2949/1943/645 2950/1941/645
f 2954/1944/647 2951/1945/648 2952/1942/646
f 2956/1946/649 2953/1947/647 2954/1944/647
f 2958/1948/650 2955/1949/649 2956/1946/649
f 2960/1950/651 2957/1951/650 2958/1948/650
f 2962/1952/652 2959/1953/651 2960/1950/651
f 2964/1954/653 2961/1955/654 2962/1952/652
f 2966/1956/655 2963/1957/653 2964/1954/653
f 2768/847/526 2965/1958/655 2966/1956/655
f 2970/1126/656 2967/213/657 2968/799/657
f 2972/1130/658 2969/1129/656 2970/1126/656
f 2974/1134/659 2971/1133/658 2972/1130/658
f 2976/1138/660 2973/1137/661 2974/1134/659
f 2978/1142/662 2975/1141/663 2976/1138/660
f 2980/1146/664 2977/1145/662 2978/1142/662
f 2982/1150/665 2979/1149/666 2980/1146/664
f 2984/1154/667 2981/1153/665 2982/1150/665
f 2986/1158/668 2983/1157/667 2984/1154/667
f 2988/1162/669 2985/1161/670 2986/1158/668
f 2990/1166/671 2987/1165/669 2988/1162/669
f 2992/1170/672 2989/1169/671 2990/1166/671
f 2994/1174/673 2991/1173/674 2992/1170/672
f 2996/1178/675 2993/1177/676 2994/1174/673
f 2998/1182/677 2995/1181/675 2996/1178/675
f 3000/1186/678 2997/1185/677 2998/1182/677
f 3002/1190/679 2999/1189/678 3000/1186/678
f 3004/1194/680 3001/1193/679 3002/1190/679
f 3006/1197/681 3003/1196/680 3004/1194/680
f 3008/1200/682 3005/1199/681 3006/1197/681
f 3010/1204/683 3007/1203/682 3008/1200/682
f 3012/1208/684 3009/1207/683 3010/1204/683
f 3014/1212/685 3011/1211/684 3012/1208/684
f 3016/1216/686 3013/1215/685 3014/1212/685
f 3018/1220/687 3015/1219/686 3016/1216/686
f 3020/1224/688 3017/1223/687 3018/1220/687
f 3022/1228/689 3019/1227/690 3020/1224/688
f 3024/1232/691 3021/1231/689 3022/1228/689
f 3026/1236/692 3023/1235/691 3024/1232/691
f 3028/1240/693 3025/1239/692 3026/1236/692
f 3030/1244/694 3027/1243/693 3028/1240/693
f 3032/1248/695 3029/1247/694 3030/1244/694
f 3034/1252/696 3031/1251/695 3032/1248/695
f 3036/1256/697 3033/1255/698 3034/1252/696
f 3038/1260/699 3035/1259/697 3036/1256/697
f 3040/1264/700 3037/1263/701 3038/1260/699
f 2968/847/657 3039/1267/700 3040/1264/700
f 3044/1959/396 3041/213/398 3042/799/398
f 3046/1960/702 3043/1961/396 3044/1959/396
f 3048/1962/703 3045/1963/704 3046/1960/702
f 3050/1964/705 3047/1965/706 3048/1962/703
f 3052/1966/707 3049/1967/708 3050/1964/705
f 3054/1968/709 3051/1969/707 3052/1966/707
f 3056/1970/710 3053/1971/709 3054/1968/709
f 3058/1972/711 3055/1973/710 3056/1970/710
f 3060/1974/712 3057/372/711 3058/1972/711
f 3062/1975/713 3059/1976/712 3060/1974/712
f 3064/1977/714 3061/1978/713 3062/1975/713
f 3066/1979/715 3063/1980/714 3064/1977/714
f 3068/1981/716 3065/1982/715 3066/1979/715
f 3070/1983/717 3067/1984/716 3068/1981/716
f 3072/1985/718 3069/1986/717 3070/1983/717
f 3074/1771/719 3071/1987/718 3072/1985/718
f 3076/1988/720 3073/306/721 3074/1771/719
f 3078/1989/722 3075/1990/720 3076/1988/720
f 3080/1991/723 3077/1992/722 3078/1989/722
f 3082/1993/724 3079/1994/725 3080/1991/723
f 3084/1995/726 3081/1996/724 3082/1993/724
f 3086/1997/727 3083/1998/728 3084/1995/726
f 3088/1999/729 3085/2000/727 3086/1997/727
f 3090/2001/730 3087/2002/729 3088/1999/729
f 3092/2003/731 3089/300/730 3090/2001/730
f 3094/2004/732 3091/2005/731 3092/2003/731
f 3096/2006/733 3093/2007/734 3094/2004/732
f 3098/2008/735 3095/2009/733 3096/2006/733
f 3100/2010/736 3097/2011/735 3098/2008/735
f 3102/2012/737 3099/2013/736 3100/2010/736
f 3104/2014/738 3101/2015/737 3102/2012/737
f 3106/1541/739 3103/2016/738 3104/2014/738
f 3108/2017/740 3105/223/739 3106/1541/739
f 3110/2018/741 3107/2019/740 3108/2017/740
f 3112/2020/742 3109/2021/741 3110/2018/741
f 3114/2022/743 3111/2023/742 3112/2020/742
f 3116/2024/744 3113/2025/743 3114/2022/743
f 3118/2026/745 3115/2027/744 3116/2024/744
f 3120/2028/746 3117/2029/745 3118/2026/745
f 3122/2030/747 3119/2031/746 3120/2028/746
f 3124/2032/748 3121/329/747 3122/2030/747
f 3126/2033/749 3123/2034/750 3124/2032/748
f 3128/2035/751 3125/2036/749 3126/2033/749
f 3130/2037/752 3127/2038/753 3128/2035/751
f 3132/2039/754 3129/2040/755 3130/2037/752
f 3134/2041/756 3131/2042/757 3132/2039/754
f 3136/2043/758 3133/2044/756 3134/2041/756
f 3138/1772/759 3135/2045/758 3136/2043/758
f 3140/2046/760 3137/339/759 3138/1772/759
f 3142/2047/761 3139/2048/762 3140/2046/760
f 3144/2049/763 3141/2050/761 3142/2047/761
f 3146/2051/764 3143/2052/763 3144/2049/763
f 3148/2053/765 3145/2054/764 3146/2051/764
f 3150/2055/766 3147/2056/767 3148/2053/765
f 3152/2057/768 3149/2058/766 3150/2055/766
f 3154/2059/769 3151/2060/768 3152/2057/768
f 3156/2061/770 3153/327/769 3154/2059/769
f 3158/2062/771 3155/2063/772 3156/2061/770
f 3160/2064/773 3157/2065/774 3158/2062/771
f 3162/2066/775 3159/2067/776 3160/2064/773
f 3164/2068/777 3161/2069/775 3162/2066/775
f 3166/2070/778 3163/2071/777 3164/2068/777
f 3168/2072/779 3165/2073/778 3166/2070/778
f 3170/822/780 3167/2074/779 3168/2072/779
f 3172/2075/781 3169/104/780 3170/822/780
f 3174/2076/782 3171/2077/781 3172/2075/781
f 3176/2078/783 3173/2079/782 3174/2076/782
f 3178/2080/784 3175/2081/783 3176/2078/783
f 3180/2082/785 3177/2083/784 3178/2080/784
f 3182/2084/786 3179/2085/785 3180/2082/785
f 3184/2086/787 3181/2087/786 3182/2084/786
f 3186/2088/788 3183/2089/787 3184/2086/787
f 3188/2090/789 3185/389/788 3186/2088/788
f 3190/2091/790 3187/2092/789 3188/2090/789
f 3192/2093/791 3189/2094/790 3190/2091/790
f 3194/2095/792 3191/2096/791 3192/2093/791
f 3196/2097/793 3193/2098/794 3194/2095/792
f 3198/2099/795 3195/2100/796 3196/2097/793
f 3200/2101/797 3197/2102/795 3198/2099/795
f 3202/1773/798 3199/2103/797 3200/2101/797
f 3204/2104/799 3201/374/800 3202/1773/798
f 3206/2105/801 3203/2106/802 3204/2104/799
f 3208/2107/803 3205/2108/801 3206/2105/801
f 3210/2109/804 3207/2110/805 3208/2107/803
f 3212/2111/806 3209/2112/804 3210/2109/804
f 3214/2113/807 3211/2114/808 3212/2111/806
f 3216/2115/809 3213/2116/807 3214/2113/807
f 3218/2117/810 3215/2118/809 3216/2115/809
f 3220/2119/811 3217/348/810 3218/2117/810
f 3222/2120/812 3219/2121/811 3220/2119/811
f 3224/2122/813 3221/2123/814 3222/2120/812
f 3226/2124/815 3223/2125/813 3224/2122/813
f 3228/2126/816 3225/2127/815 3226/2124/815
f 3230/2128/817 3227/2129/816 3228/2126/816
f 3232/2130/818 3229/2131/819 3230/2128/817
f 3234/1542/820 3231/2132/818 3232/2130/818
f 3236/2133/821 3233/134/820 3234/1542/820
f 3238/2134/822 3235/2135/821 3236/2133/821
f 3240/2136/823 3237/2137/822 3238/2134/822
f 3242/2138/824 3239/2139/823 3240/2136/823
f 3244/2140/825 3241/2141/824 3242/2138/824
f 3246/2142/826 3243/2143/825 3244/2140/825
f 3248/2144/827 3245/2145/826 3246/2142/826
f 3250/2146/828 3247/2147/827 3248/2144/827
f 3252/2148/829 3249/363/830 3250/2146/828
f 3254/2149/831 3251/2150/829 3252/2148/829
f 3256/2151/832 3253/2152/831 3254/2149/831
f 3258/2153/833 3255/2154/832 3256/2151/832
f 3260/2155/834 3257/2156/833 3258/2153/833
f 3262/2157/835 3259/2158/834 3260/2155/834
f 3264/2159/836 3261/2160/835 3262/2157/835
f 3266/1774/837 3263/2161/838 3264/2159/836
f 3268/2162/839 3265/383/837 3266/1774/837
f 3270/2163/840 3267/2164/839 3268/2162/839
f 3272/2165/841 3269/2166/840 3270/2163/840
f 3274/2167/842 3271/2168/841 3272/2165/841
f 3276/2169/439 3273/2170/842 3274/2167/842
f 3278/2171/843 3275/2172/439 3276/2169/439
f 3280/2173/844 3277/2174/843 3278/2171/843
f 3282/2175/845 3279/2176/844 3280/2173/844
f 3284/2177/846 3281/316/845 3282/2175/845
f 3286/2178/847 3283/2179/846 3284/2177/846
f 3288/2180/848 3285/2181/847 3286/2178/847
f 3290/2182/849 3287/2183/850 3288/2180/848
f 3292/2184/851 3289/2185/852 3290/2182/849
f 3294/2186/853 3291/2187/854 3292/2184/851
f 3296/2188/855 3293/2189/853 3294/2186/853
f 3042/847/398 3295/2190/855 3296/2188/855
f 1652/798/3 1651/801/3 1649/213/4
f 1654/800/5 1653/803/5 1651/801/3
f 1656/802/6 1655/805/6 1653/803/5
f 1658/804/7 1657/807/7 1655/805/6
f 1660/806/8 1659/809/8 1657/807/7
f 1662/808/9 1661/811/9 1659/809/8
f 1664/810/10 1663/813/10 1661/811/9
f 1666/812/11 1665/815/11 1663/813/10
f 1668/814/12 1667/817/12 1665/815/11
f 1670/816/13 1669/819/13 1667/817/12
f 1672/818/14 1671/821/14 1669/819/13
f 1674/820/15 1673/823/15 1671/821/14
f 1676/822/16 1675/104/16 1673/823/15
f 1678/824/17 1677/826/17 1675/104/16
f 1680/825/18 1679/828/18 1677/826/17
f 1682/827/19 1681/830/19 1679/828/18
f 1684/829/20 1683/832/20 1681/830/19
f 1686/831/21 1685/834/21 1683/832/20
f 1688/833/22 1687/836/22 1685/834/21
f 1690/835/23 1689/838/23 1687/836/22
f 1692/837/24 1691/840/24 1689/838/23
f 1694/839/25 1693/842/25 1691/840/24
f 1696/841/26 1695/844/26 1693/842/25
f 1698/843/27 1697/846/27 1695/844/26
f 1700/845/28 1699/848/28 1697/846/27
f 1650/847/4 1649/50/4 1699/848/28
f 1704/798/29 1703/801/29 1701/213/30
f 1706/800/31 1705/803/31 1703/801/29
f 1708/802/32 1707/805/32 1705/803/31
f 1710/804/33 1709/807/33 1707/805/32
f 1712/806/34 1711/809/34 1709/807/33
f 1714/808/35 1713/811/35 1711/809/34
f 1716/810/36 1715/813/36 1713/811/35
f 1718/812/37 1717/815/37 1715/813/36
f 1720/814/38 1719/817/38 1717/815/37
f 1722/816/39 1721/819/39 1719/817/38
f 1724/818/40 1723/821/40 1721/819/39
f 1726/820/41 1725/823/41 1723/821/40
f 1728/822/42 1727/104/42 1725/823/41
f 1730/824/43 1729/826/43 1727/104/42
f 1732/825/44 1731/828/44 1729/826/43
f 1734/827/45 1733/830/45 1731/828/44
f 1736/829/46 1735/832/46 1733/830/45
f 1738/831/47 1737/834/47 1735/832/46
f 1740/833/48 1739/836/48 1737/834/47
f 1742/835/49 1741/838/49 1739/836/48
f 1744/837/50 1743/840/50 1741/838/49
f 1746/839/51 1745/842/51 1743/840/50
f 1748/841/52 1747/844/52 1745/842/51
f 1750/843/53 1749/846/55 1747/844/52
f 1752/845/54 1751/848/54 1749/846/55
f 1702/847/30 1701/50/30 1751/848/54
f 1756/849/56 1755/851/56 1753/213/57
f 1758/850/58 1757/853/58 1755/851/56
f 1760/852/59 1759/855/59 1757/853/58
f 1762/854/60 1761/857/60 1759/855/59
f 1764/856/61 1763/859/61 1761/857/60
f 1766/858/62 1765/861/62 1763/859/61
f 1768/860/63 1767/863/63 1765/861/62
f 1770/862/64 1769/865/64 1767/863/63
f 1772/864/65 1771/867/65 1769/865/64
f 1774/866/66 1773/869/66 1771/867/65
f 1776/868/18 1775/871/18 1773/869/66
f 1778/870/67 1777/873/67 1775/871/18
f 1780/872/68 1779/875/68 1777/873/67
f 1782/874/69 1781/877/69 1779/875/68
f 1784/876/70 1783/879/70 1781/877/69
f 1786/878/71 1785/881/71 1783/879/70
f 1788/880/72 1787/883/72 1785/881/71
f 1790/882/73 1789/885/73 1787/883/72
f 1792/884/74 1791/887/74 1789/885/73
f 1794/886/75 1793/889/75 1791/887/74
f 1796/888/76 1795/891/76 1793/889/75
f 1798/890/77 1797/893/77 1795/891/76
f 1800/892/78 1799/895/78 1797/893/77
f 1802/894/79 1801/897/79 1799/895/78
f 1804/896/80 1803/899/80 1801/897/79
f 1806/898/81 1805/901/81 1803/899/80
f 1808/900/82 1807/903/82 1805/901/81
f 1810/902/83 1809/905/83 1807/903/82
f 1812/904/84 1811/907/84 1809/905/83
f 1814/906/85 1813/909/85 1811/907/84
f 1816/908/86 1815/911/86 1813/909/85
f 1818/910/87 1817/913/87 1815/911/86
f 1820/912/88 1819/915/88 1817/913/87
f 1822/914/89 1821/917/89 1819/915/88
f 1824/916/90 1823/919/90 1821/917/89
f 1826/918/91 1825/921/91 1823/919/90
f 1828/920/92 1827/923/92 1825/921/91
f 1830/922/93 1829/925/93 1827/923/92
f 1832/924/94 1831/927/94 1829/925/93
f 1834/926/95 1833/929/95 1831/927/94
f 1836/928/96 1835/931/96 1833/929/95
f 1838/930/97 1837/933/97 1835/931/96
f 1840/932/98 1839/935/98 1837/933/97
f 1842/934/99 1841/937/99 1839/935/98
f 1844/936/100 1843/939/100 1841/937/99
f 1846/938/101 1845/941/101 1843/939/100
f 1848/940/102 1847/943/102 1845/941/101
f 1850/942/103 1849/945/103 1847/943/102
f 1852/944/104 1851/947/104 1849/945/103
f 1854/946/105 1853/949/105 1851/947/104
f 1856/948/106 1855/951/106 1853/949/105
f 1858/950/107 1857/953/107 1855/951/106
f 1860/952/108 1859/955/108 1857/953/107
f 1862/954/109 1861/957/109 1859/955/108
f 1864/956/110 1863/959/110 1861/957/109
f 1866/958/111 1865/961/111 1863/959/110
f 1868/960/112 1867/963/112 1865/961/111
f 1870/962/113 1869/965/113 1867/963/112
f 1872/964/114 1871/967/114 1869/965/113
f 1874/966/115 1873/969/115 1871/967/114
f 1876/968/116 1875/971/116 1873/969/115
f 1878/970/117 1877/973/117 1875/971/116
f 1880/972/118 1879/975/118 1877/973/117
f 1882/974/119 1881/977/119 1879/975/118
f 1884/976/120 1883/979/120 1881/977/119
f 1886/978/121 1885/981/121 1883/979/120
f 1888/980/122 1887/983/122 1885/981/121
f 1890/982/123 1889/985/123 1887/983/122
f 1892/984/124 1891/987/124 1889/985/123
f 1894/986/125 1893/989/125 1891/987/124
f 1896/988/126 1895/991/126 1893/989/125
f 1898/990/127 1897/993/127 1895/991/126
f 1900/992/128 1899/995/128 1897/993/127
f 1902/994/129 1901/997/129 1899/995/128
f 1904/996/130 1903/999/132 1901/997/129
f 1906/998/131 1905/1001/131 1903/999/132
f 1908/1000/133 1907/1003/133 1905/1001/131
f 1910/1002/134 1909/1005/134 1907/1003/133
f 1912/1004/135 1911/1007/135 1909/1005/134
f 1914/1006/136 1913/1009/136 1911/1007/135
f 1916/1008/137 1915/1011/137 1913/1009/136
f 1918/1010/138 1917/1013/138 1915/1011/137
f 1920/1012/139 1919/1015/139 1917/1013/138
f 1922/1014/140 1921/1017/140 1919/1015/139
f 1924/1016/141 1923/1019/141 1921/1017/140
f 1926/1018/142 1925/1021/142 1923/1019/141
f 1928/1020/143 1927/1023/143 1925/1021/142
f 1930/1022/144 1929/1025/144 1927/1023/143
f 1932/1024/145 1931/1027/145 1929/1025/144
f 1934/1026/146 1933/1029/146 1931/1027/145
f 1936/1028/147 1935/1031/147 1933/1029/146
f 1938/1030/148 1937/1033/148 1935/1031/147
f 1940/1032/149 1939/1035/149 1937/1033/148
f 1942/1034/150 1941/1037/150 1939/1035/149
f 1944/1036/151 1943/1039/151 1941/1037/150
f 1946/1038/152 1945/1041/152 1943/1039/151
f 1948/1040/153 1947/1043/153 1945/1041/152
f 1950/1042/154 1949/1045/154 1947/1043/153
f 1952/1044/155 1951/1047/155 1949/1045/154
f 1954/1046/156 1953/1049/156 1951/1047/155
f 1956/1048/157 1955/1051/157 1953/1049/156
f 1958/1050/158 1957/1053/158 1955/1051/157
f 1960/1052/159 1959/1055/159 1957/1053/158
f 1962/1054/160 1961/1057/160 1959/1055/159
f 1964/1056/161 1963/1059/161 1961/1057/160
f 1966/1058/162 1965/1061/162 1963/1059/161
f 1968/1060/163 1967/1063/163 1965/1061/162
f 1970/1062/164 1969/1065/164 1967/1063/163
f 1972/1064/165 1971/1067/165 1969/1065/164
f 1974/1066/166 1973/1069/166 1971/1067/165
f 1976/1068/167 1975/1071/167 1973/1069/166
f 1978/1070/168 1977/1073/168 1975/1071/167
f 1980/1072/169 1979/1075/169 1977/1073/168
f 1982/1074/170 1981/1077/170 1979/1075/169
f 1984/1076/171 1983/1079/171 1981/1077/170
f 1986/1078/172 1985/1081/172 1983/1079/171
f 1988/1080/173 1987/1083/173 1985/1081/172
f 1990/1082/174 1989/1085/174 1987/1083/173
f 1992/1084/175 1991/1087/175 1989/1085/174
f 1994/1086/176 1993/1089/176 1991/1087/175
f 1996/1088/177 1995/1091/177 1993/1089/176
f 1998/1090/178 1997/1093/178 1995/1091/177
f 2000/1092/179 1999/1095/181 1997/1093/178
f 2002/1094/180 2001/1097/180 1999/1095/181
f 2004/1096/182 2003/1099/182 2001/1097/180
f 2006/1098/183 2005/1101/183 2003/1099/182
f 2008/1100/184 2007/1103/184 2005/1101/183
f 2010/1102/185 2009/1105/187 2007/1103/184
f 2012/1104/186 2011/1107/186 2009/1105/187
f 2014/1106/188 2013/1109/188 2011/1107/186
f 2016/1108/189 2015/1111/189 2013/1109/188
f 2018/1110/190 2017/1113/190 2015/1111/189
f 2020/1112/191 2019/1115/191 2017/1113/190
f 2022/1114/192 2021/1117/192 2019/1115/191
f 2024/1116/193 2023/1119/193 2021/1117/192
f 2026/1118/194 2025/1121/194 2023/1119/193
f 2028/1120/195 2027/1123/195 2025/1121/194
f 2030/1122/196 2029/1124/196 2027/1123/195
f 1754/847/57 1753/50/57 2029/1124/196
f 2034/1125/197 2033/1127/197 2031/213/197
f 2036/1126/197 2035/1129/197 2033/1127/197
f 2038/1128/197 2037/1131/197 2035/1129/197
f 2040/1130/197 2039/1133/197 2037/1131/197
f 2042/1132/197 2041/1135/197 2039/1133/197
f 2044/1134/197 2043/1137/197 2041/1135/197
f 2046/1136/197 2045/1139/197 2043/1137/197
f 2048/1138/197 2047/1141/197 2045/1139/197
f 2050/1140/197 2049/1143/197 2047/1141/197
f 2052/1142/197 2051/1145/197 2049/1143/197
f 2054/1144/198 2053/1147/198 2051/1145/197
f 2056/1146/199 2055/1149/199 2053/1147/198
f 2058/1148/200 2057/1151/200 2055/1149/199
f 2060/1150/201 2059/1153/201 2057/1151/200
f 2062/1152/202 2061/1155/202 2059/1153/201
f 2064/1154/203 2063/1157/203 2061/1155/202
f 2066/1156/74 2065/1159/74 2063/1157/203
f 2068/1158/204 2067/1161/204 2065/1159/74
f 2070/1160/205 2069/1163/205 2067/1161/204
f 2072/1162/206 2071/1165/206 2069/1163/205
f 2074/1164/207 2073/1167/207 2071/1165/206
f 2076/1166/208 2075/1169/208 2073/1167/207
f 2078/1168/209 2077/1171/209 2075/1169/208
f 2080/1170/210 2079/1173/210 2077/1171/209
f 2082/1172/211 2081/1175/211 2079/1173/210
f 2084/1174/212 2083/1177/212 2081/1175/211
f 2086/1176/213 2085/1179/213 2083/1177/212
f 2088/1178/214 2087/1181/214 2085/1179/213
f 2090/1180/215 2089/1183/215 2087/1181/214
f 2092/1182/216 2091/1185/216 2089/1183/215
f 2094/1184/217 2093/1187/217 2091/1185/216
f 2096/1186/218 2095/1189/218 2093/1187/217
f 2098/1188/219 2097/1191/219 2095/1189/218
f 2100/1190/87 2099/1193/87 2097/1191/219
f 2102/1192/220 2101/1195/220 2099/1193/87
f 2104/1194/221 2103/1196/221 2101/1195/220
f 2106/822/222 2105/104/222 2103/1196/221
f 2108/1197/222 2107/1199/222 2105/104/222
f 2110/1198/222 2109/1201/222 2107/1199/222
f 2112/1200/222 2111/1203/222 2109/1201/222
f 2114/1202/222 2113/1205/222 2111/1203/222
f 2116/1204/222 2115/1207/222 2113/1205/222
f 2118/1206/222 2117/1209/222 2115/1207/222
f 2120/1208/222 2119/1211/222 2117/1209/222
f 2122/1210/222 2121/1213/222 2119/1211/222
f 2124/1212/222 2123/1215/222 2121/1213/222
f 2126/1214/222 2125/1217/222 2123/1215/222
f 2128/1216/223 2127/1219/223 2125/1217/222
f 2130/1218/224 2129/1221/224 2127/1219/223
f 2132/1220/225 2131/1223/225 2129/1221/224
f 2134/1222/226 2133/1225/226 2131/1223/225
f 2136/1224/227 2135/1227/227 2133/1225/226
f 2138/1226/228 2137/1229/228 2135/1227/227
f 2140/1228/229 2139/1231/229 2137/1229/228
f 2142/1230/230 2141/1233/230 2139/1231/229
f 2144/1232/231 2143/1235/231 2141/1233/230
f 2146/1234/232 2145/1237/232 2143/1235/231
f 2148/1236/233 2147/1239/233 2145/1237/232
f 2150/1238/234 2149/1241/234 2147/1239/233
f 2152/1240/235 2151/1243/235 2149/1241/234
f 2154/1242/236 2153/1245/238 2151/1243/235
f 2156/1244/237 2155/1247/237 2153/1245/238
f 2158/1246/239 2157/1249/239 2155/1247/237
f 2160/1248/240 2159/1251/240 2157/1249/239
f 2162/1250/241 2161/1253/241 2159/1251/240
f 2164/1252/242 2163/1255/242 2161/1253/241
f 2166/1254/243 2165/1257/243 2163/1255/242
f 2168/1256/244 2167/1259/244 2165/1257/243
f 2170/1258/245 2169/1261/245 2167/1259/244
f 2172/1260/246 2171/1263/246 2169/1261/245
f 2174/1262/247 2173/1265/247 2171/1263/246
f 2176/1264/248 2175/1267/248 2173/1265/247
f 2178/1266/249 2177/1268/249 2175/1267/248
f 2032/847/197 2031/50/197 2177/1268/249
f 2182/1269/250 2181/1271/250 2179/213/251
f 2184/1270/252 2183/1273/252 2181/1271/250
f 2186/1272/253 2185/1275/253 2183/1273/252
f 2188/1274/254 2187/1277/254 2185/1275/253
f 2190/1276/255 2189/1279/255 2187/1277/254
f 2192/1278/256 2191/1281/256 2189/1279/255
f 2194/1280/257 2193/1283/259 2191/1281/256
f 2196/1282/258 2195/1285/258 2193/1283/259
f 2198/1284/260 2197/1287/260 2195/1285/258
f 2200/1286/261 2199/1289/261 2197/1287/260
f 2202/1288/262 2201/1291/262 2199/1289/261
f 2204/1290/263 2203/1293/265 2201/1291/262
f 2206/1292/264 2205/1295/264 2203/1293/265
f 2208/1294/266 2207/1297/266 2205/1295/264
f 2210/1296/267 2209/1299/267 2207/1297/266
f 2212/1298/268 2211/1301/268 2209/1299/267
f 2214/1300/269 2213/1303/269 2211/1301/268
f 2216/1302/270 2215/1305/270 2213/1303/269
f 2218/1304/271 2217/1307/271 2215/1305/270
f 2220/1306/272 2219/1309/177 2217/1307/271
f 2222/1308/273 2221/1311/275 2219/1309/177
f 2224/1310/274 2223/1313/277 2221/1311/275
f 2226/1312/276 2225/1315/276 2223/1313/277
f 2228/1314/278 2227/1317/278 2225/1315/276
f 2230/1316/279 2229/1319/280 2227/1317/278
f 2232/1318/280 2231/1321/282 2229/1319/280
f 2234/1320/281 2233/1323/281 2231/1321/282
f 2236/1322/283 2235/1325/283 2233/1323/281
f 2238/1324/284 2237/1327/284 2235/1325/283
f 2240/1326/285 2239/1329/285 2237/1327/284
f 2242/1328/286 2241/1331/288 2239/1329/285
f 2244/1330/287 2243/1333/287 2241/1331/288
f 2246/1332/289 2245/1335/289 2243/1333/287
f 2248/1334/290 2247/1337/290 2245/1335/289
f 2250/1336/291 2249/1339/291 2247/1337/290
f 2252/1338/292 2251/1341/292 2249/1339/291
f 2254/1340/293 2253/1343/293 2251/1341/292
f 2256/1342/294 2255/1345/294 2253/1343/293
f 2258/1344/295 2257/1347/295 2255/1345/294
f 2260/1346/296 2259/1349/296 2257/1347/295
f 2262/1348/297 2261/1351/297 2259/1349/296
f 2264/1350/298 2263/1353/298 2261/1351/297
f 2266/1352/299 2265/1355/299 2263/1353/298
f 2268/1354/300 2267/1357/300 2265/1355/299
f 2270/1356/301 2269/1359/301 2267/1357/300
f 2272/1358/195 2271/1361/195 2269/1359/301
f 2274/1360/302 2273/1363/302 2271/1361/195
f 2276/1362/303 2275/1365/303 2273/1363/302
f 2278/1364/304 2277/1367/304 2275/1365/303
f 2280/1366/305 2279/1369/305 2277/1367/304
f 2282/1368/306 2281/1371/306 2279/1369/305
f 2284/1370/307 2283/1373/307 2281/1371/306
f 2286/1372/308 2285/1375/308 2283/1373/307
f 2288/1374/309 2287/1377/309 2285/1375/308
f 2290/1376/310 2289/1379/310 2287/1377/309
f 2292/1378/311 2291/1381/311 2289/1379/310
f 2294/1380/312 2293/1383/312 2291/1381/311
f 2296/1382/313 2295/1385/313 2293/1383/312
f 2298/1384/314 2297/1387/314 2295/1385/313
f 2300/1386/315 2299/1389/315 2297/1387/314
f 2302/1388/316 2301/1391/316 2299/1389/315
f 2304/1390/317 2303/1393/319 2301/1391/316
f 2306/1392/318 2305/1395/318 2303/1393/319
f 2308/1394/320 2307/1397/320 2305/1395/318
f 2310/1396/321 2309/1399/321 2307/1397/320
f 2312/1398/322 2311/1401/322 2309/1399/321
f 2314/1400/323 2313/1403/325 2311/1401/322
f 2316/1402/324 2315/1405/327 2313/1403/325
f 2318/1404/326 2317/1407/326 2315/1405/327
f 2320/1406/328 2319/1409/328 2317/1407/326
f 2322/1408/329 2321/1411/329 2319/1409/328
f 2324/1410/330 2323/1413/332 2321/1411/329
f 2326/1412/331 2325/1415/331 2323/1413/332
f 2328/1414/333 2327/1417/333 2325/1415/331
f 2330/1416/334 2329/1419/334 2327/1417/333
f 2332/1418/335 2331/1421/335 2329/1419/334
f 2334/1420/336 2333/1423/336 2331/1421/335
f 2336/1422/337 2335/1425/337 2333/1423/336
f 2338/1424/338 2337/1427/338 2335/1425/337
f 2340/1426/339 2339/1429/339 2337/1427/338
f 2342/1428/340 2341/1431/340 2339/1429/339
f 2344/1430/341 2343/1433/341 2341/1431/340
f 2346/1432/342 2345/1435/342 2343/1433/341
f 2348/1434/343 2347/1437/343 2345/1435/342
f 2350/1436/344 2349/1439/344 2347/1437/343
f 2352/1438/345 2351/1441/345 2349/1439/344
f 2354/1440/346 2353/1443/346 2351/1441/345
f 2356/1442/347 2355/1445/347 2353/1443/346
f 2358/1444/348 2357/1447/348 2355/1445/347
f 2360/1446/349 2359/1449/349 2357/1447/348
f 2362/1448/350 2361/1451/352 2359/1449/349
f 2364/1450/351 2363/1453/354 2361/1451/352
f 2366/1452/353 2365/1455/353 2363/1453/354
f 2368/1454/355 2367/1457/355 2365/1455/353
f 2370/1456/356 2369/1459/358 2367/1457/355
f 2372/1458/357 2371/1461/360 2369/1459/358
f 2374/1460/359 2373/1463/362 2371/1461/360
f 2376/1462/361 2375/1465/361 2373/1463/362
f 2378/1464/363 2377/1467/363 2375/1465/361
f 2380/1466/364 2379/1469/364 2377/1467/363
f 2382/1468/365 2381/1471/365 2379/1469/364
f 2384/1470/366 2383/1473/366 2381/1471/365
f 2386/1472/367 2385/1475/367 2383/1473/366
f 2388/1474/368 2387/1477/368 2385/1475/367
f 2390/1476/369 2389/1479/369 2387/1477/368
f 2392/1478/370 2391/1481/370 2389/1479/369
f 2394/1480/371 2393/1483/371 2391/1481/370
f 2396/1482/372 2395/1485/372 2393/1483/371
f 2398/1484/373 2397/1487/373 2395/1485/372
f 2400/1486/374 2399/1489/374 2397/1487/373
f 2402/1488/373 2401/1491/373 2399/1489/374
f 2404/1490/375 2403/1493/375 2401/1491/373
f 2406/1492/376 2405/1495/376 2403/1493/375
f 2408/1494/377 2407/1497/377 2405/1495/376
f 2410/1496/378 2409/1499/378 2407/1497/377
f 2412/1498/379 2411/1501/379 2409/1499/378
f 2414/1500/380 2413/1503/380 2411/1501/379
f 2416/1502/381 2415/1505/381 2413/1503/380
f 2418/1504/381 2417/1507/381 2415/1505/381
f 2420/1506/380 2419/1509/380 2417/1507/381
f 2422/1508/382 2421/1511/382 2419/1509/380
f 2424/1510/383 2423/1513/383 2421/1511/382
f 2426/1512/384 2425/1515/384 2423/1513/383
f 2428/1514/385 2427/1517/385 2425/1515/384
f 2430/1516/386 2429/1519/386 2427/1517/385
f 2432/1518/387 2431/1521/387 2429/1519/386
f 2434/1520/388 2433/1523/388 2431/1521/387
f 2436/1522/389 2435/1525/389 2433/1523/388
f 2438/1524/390 2437/1527/390 2435/1525/389
f 2440/1526/391 2439/1529/391 2437/1527/390
f 2442/1528/392 2441/1531/392 2439/1529/391
f 2444/1530/71 2443/1533/71 2441/1531/392
f 2446/1532/393 2445/1535/393 2443/1533/71
f 2448/1534/394 2447/1537/394 2445/1535/393
f 2450/1536/203 2449/1539/203 2447/1537/394
f 2452/1538/395 2451/1540/395 2449/1539/203
f 2180/847/251 2179/50/251 2451/1540/395
f 2456/1541/396 2455/223/396 2453/213/397
f 2458/822/398 2457/104/398 2455/223/396
f 2460/1542/399 2459/134/399 2457/104/398
f 2454/847/397 2453/50/397 2459/134/399
f 2464/1543/398 2463/1545/398 2461/213/398
f 2466/1544/396 2465/1547/396 2463/1545/398
f 2468/1546/397 2467/1549/397 2465/1547/396
f 2470/1548/399 2469/1551/399 2467/1549/397
f 2472/1550/399 2471/1553/399 2469/1551/399
f 2474/1552/397 2473/1555/397 2471/1553/399
f 2476/1554/397 2475/1557/397 2473/1555/397
f 2478/1556/399 2477/1559/399 2475/1557/397
f 2480/1558/399 2479/1561/399 2477/1559/399
f 2482/1560/399 2481/1563/399 2479/1561/399
f 2484/1562/398 2483/1565/398 2481/1563/399
f 2486/1564/398 2485/1567/398 2483/1565/398
f 2488/1566/400 2487/1569/400 2485/1567/398
f 2490/1568/401 2489/1571/401 2487/1569/400
f 2492/1570/402 2491/1573/402 2489/1571/401
f 2494/1572/403 2493/1575/403 2491/1573/402
f 2496/1574/404 2495/1577/406 2493/1575/403
f 2498/1576/405 2497/1579/405 2495/1577/406
f 2500/1578/407 2499/1581/407 2497/1579/405
f 2502/1580/408 2501/1583/408 2499/1581/407
f 2504/1582/409 2503/1585/409 2501/1583/408
f 2506/1584/410 2505/1587/410 2503/1585/409
f 2508/1586/411 2507/1589/411 2505/1587/410
f 2510/1588/412 2509/1591/412 2507/1589/411
f 2512/1590/413 2511/1593/413 2509/1591/412
f 2514/1592/414 2513/1595/416 2511/1593/413
f 2516/1594/415 2515/1597/418 2513/1595/416
f 2518/1596/417 2517/1599/417 2515/1597/418
f 2520/1598/419 2519/1601/419 2517/1599/417
f 2522/1600/420 2521/1603/422 2519/1601/419
f 2524/1602/421 2523/1605/421 2521/1603/422
f 2526/1604/423 2525/1607/423 2523/1605/421
f 2528/1606/424 2527/1609/424 2525/1607/423
f 2530/1608/425 2529/1611/427 2527/1609/424
f 2532/1610/426 2531/1613/426 2529/1611/427
f 2534/1612/428 2533/1615/430 2531/1613/426
f 2536/1614/429 2535/1617/432 2533/1615/430
f 2538/1616/431 2537/1619/431 2535/1617/432
f 2540/1618/433 2539/1621/433 2537/1619/431
f 2542/1620/434 2541/1623/434 2539/1621/433
f 2544/1622/435 2543/1625/435 2541/1623/434
f 2546/1624/436 2545/1627/436 2543/1625/435
f 2548/1626/437 2547/1629/437 2545/1627/436
f 2550/1628/438 2549/1631/438 2547/1629/437
f 2552/1630/126 2551/1633/126 2549/1631/438
f 2554/1632/439 2553/1635/439 2551/1633/126
f 2556/1634/440 2555/1637/442 2553/1635/439
f 2558/1636/441 2557/1639/441 2555/1637/442
f 2560/1638/443 2559/1641/444 2557/1639/441
f 2562/1640/398 2561/1643/398 2559/1641/444
f 2564/1642/396 2563/1645/396 2561/1643/398
f 2566/1644/396 2565/1646/396 2563/1645/396
f 2462/847/398 2461/50/398 2565/1646/396
f 2570/1541/396 2569/223/396 2567/213/397
f 2572/822/398 2571/104/398 2569/223/396
f 2574/1542/399 2573/134/399 2571/104/398
f 2568/847/397 2567/50/397 2573/134/399
f 2578/1541/397 2577/223/397 2575/213/399
f 2580/822/396 2579/104/396 2577/223/397
f 2582/1542/398 2581/134/398 2579/104/396
f 2576/847/399 2575/50/399 2581/134/398
f 2586/1541/396 2585/223/396 2583/213/397
f 2588/822/398 2587/104/398 2585/223/396
f 2590/1542/399 2589/134/399 2587/104/398
f 2584/847/397 2583/50/397 2589/134/399
f 2594/1541/397 2593/223/397 2591/213/399
f 2596/822/396 2595/104/396 2593/223/397
f 2598/1542/398 2597/134/398 2595/104/396
f 2592/847/399 2591/50/399 2597/134/398
f 2602/1647/445 2601/1649/448 2599/213/446
f 2604/1648/447 2603/1651/447 2601/1649/448
f 2606/1650/449 2605/1653/449 2603/1651/447
f 2608/1652/450 2607/1655/452 2605/1653/449
f 2610/1654/451 2609/1657/454 2607/1655/452
f 2612/1656/453 2611/1659/453 2609/1657/454
f 2614/1658/455 2613/1661/457 2611/1659/453
f 2616/1660/456 2615/1663/459 2613/1661/457
f 2618/1662/458 2617/1665/458 2615/1663/459
f 2620/1664/460 2619/1667/460 2617/1665/458
f 2622/1666/461 2621/241/463 2619/1667/460
f 2624/1668/462 2623/1670/462 2621/241/463
f 2626/1669/464 2625/1672/464 2623/1670/462
f 2628/1671/465 2627/1674/465 2625/1672/464
f 2630/1673/466 2629/1676/466 2627/1674/465
f 2632/1675/467 2631/1678/467 2629/1676/466
f 2634/1677/468 2633/1680/470 2631/1678/467
f 2636/1679/469 2635/1682/469 2633/1680/470
f 2638/1681/471 2637/1684/471 2635/1682/469
f 2640/1683/472 2639/1686/472 2637/1684/471
f 2642/1685/473 2641/1688/473 2639/1686/472
f 2644/1687/474 2643/236/474 2641/1688/473
f 2646/1689/475 2645/1691/475 2643/236/474
f 2648/1690/476 2647/1693/478 2645/1691/475
f 2650/1692/477 2649/1695/477 2647/1693/478
f 2652/1694/479 2651/1697/481 2649/1695/477
f 2654/1696/480 2653/1699/480 2651/1697/481
f 2656/1698/482 2655/1701/482 2653/1699/480
f 2658/1700/483 2657/1703/485 2655/1701/482
f 2660/1702/484 2659/1705/484 2657/1703/485
f 2662/1704/486 2661/1707/486 2659/1705/484
f 2664/1706/487 2663/1708/489 2661/1707/486
f 2666/822/488 2665/104/491 2663/1708/489
f 2668/1709/490 2667/1711/490 2665/104/491
f 2670/1710/492 2669/1713/492 2667/1711/490
f 2672/1712/493 2671/1715/493 2669/1713/492
f 2674/1714/494 2673/1717/494 2671/1715/493
f 2676/1716/495 2675/1719/495 2673/1717/494
f 2678/1718/496 2677/1721/496 2675/1719/495
f 2680/1720/497 2679/1723/497 2677/1721/496
f 2682/1722/498 2681/1725/498 2679/1723/497
f 2684/1724/499 2683/1727/499 2681/1725/498
f 2686/1726/500 2685/1729/500 2683/1727/499
f 2688/1728/501 2687/268/501 2685/1729/500
f 2690/1730/502 2689/1732/502 2687/268/501
f 2692/1731/503 2691/1734/503 2689/1732/502
f 2694/1733/504 2693/1736/504 2691/1734/503
f 2696/1735/505 2695/1738/505 2693/1736/504
f 2698/1737/506 2697/1740/506 2695/1738/505
f 2700/1739/507 2699/1742/507 2697/1740/506
f 2702/1741/508 2701/1744/508 2699/1742/507
f 2704/1743/509 2703/1746/509 2701/1744/508
f 2706/1745/510 2705/1748/512 2703/1746/509
f 2708/1747/511 2707/1750/514 2705/1748/512
f 2710/1749/513 2709/13/516 2707/1750/514
f 2712/1751/515 2711/1753/515 2709/13/516
f 2714/1752/517 2713/1755/519 2711/1753/515
f 2716/1754/518 2715/1757/521 2713/1755/519
f 2718/1756/520 2717/1759/523 2715/1757/521
f 2720/1758/522 2719/1761/524 2717/1759/523
f 2722/1760/398 2721/1763/398 2719/1761/524
f 2724/1762/398 2723/1765/398 2721/1763/398
f 2726/1764/396 2725/1767/396 2723/1765/398
f 2728/1766/197 2727/1769/197 2725/1767/396
f 2730/1768/397 2729/1770/397 2727/1769/197
f 2600/847/446 2599/50/446 2729/1770/397
f 2734/1666/399 2733/241/399 2731/213/399
f 2736/1687/399 2735/236/399 2733/241/399
f 2738/822/398 2737/104/398 2735/236/399
f 2740/1728/396 2739/268/396 2737/104/398
f 2742/1749/397 2741/13/397 2739/268/396
f 2732/847/399 2731/50/399 2741/13/397
f 2746/1771/398 2745/306/398 2743/213/399
f 2748/1541/398 2747/223/398 2745/306/398
f 2750/1772/399 2749/339/399 2747/223/398
f 2752/822/399 2751/104/399 2749/339/399
f 2754/1773/398 2753/374/398 2751/104/399
f 2756/1542/396 2755/134/396 2753/374/398
f 2758/1774/397 2757/383/397 2755/134/396
f 2744/847/399 2743/50/399 2757/383/397
f 2762/1541/399 2761/223/399 2759/213/398
f 2764/822/397 2763/104/397 2761/223/399
f 2766/1542/396 2765/134/396 2763/104/397
f 2760/847/398 2759/50/398 2765/134/396
f 2770/1775/525 2769/1777/528 2767/213/526
f 2772/1776/527 2771/1779/527 2769/1777/528
f 2774/1778/529 2773/1781/529 2771/1779/527
f 2776/1780/530 2775/1783/532 2773/1781/529
f 2778/1782/531 2777/1785/531 2775/1783/532
f 2780/1784/533 2779/1787/535 2777/1785/531
f 2782/1786/534 2781/1789/537 2779/1787/535
f 2784/1788/536 2783/1791/539 2781/1789/537
f 2786/1790/538 2785/1793/538 2783/1791/539
f 2788/1792/540 2787/730/540 2785/1793/538
f 2790/1794/541 2789/1796/541 2787/730/540
f 2792/1795/542 2791/1798/542 2789/1796/541
f 2794/1797/543 2793/1800/543 2791/1798/542
f 2796/1799/544 2795/1802/546 2793/1800/543
f 2798/1801/545 2797/1804/545 2795/1802/546
f 2800/1803/547 2799/1806/547 2797/1804/545
f 2802/1805/548 2801/1808/548 2799/1806/547
f 2804/1807/549 2803/1810/549 2801/1808/548
f 2806/1809/550 2805/1812/550 2803/1810/549
f 2808/1811/551 2807/793/551 2805/1812/550
f 2810/1813/552 2809/1815/552 2807/793/551
f 2812/1814/553 2811/1817/553 2809/1815/552
f 2814/1816/554 2813/1819/556 2811/1817/553
f 2816/1818/555 2815/1820/558 2813/1819/556
f 2818/1541/557 2817/223/557 2815/1820/558
f 2820/1821/559 2819/1823/559 2817/223/557
f 2822/1822/560 2821/1825/560 2819/1823/559
f 2824/1824/561 2823/1827/561 2821/1825/560
f 2826/1826/562 2825/1829/562 2823/1827/561
f 2828/1828/563 2827/687/563 2825/1829/562
f 2830/1830/564 2829/1832/564 2827/687/563
f 2832/1831/565 2831/1834/565 2829/1832/564
f 2834/1833/566 2833/1836/566 2831/1834/565
f 2836/1835/567 2835/1838/567 2833/1836/566
f 2838/1837/568 2837/1840/570 2835/1838/567
f 2840/1839/569 2839/1842/569 2837/1840/570
f 2842/1841/571 2841/1844/571 2839/1842/569
f 2844/1843/572 2843/1846/574 2841/1844/571
f 2846/1845/573 2845/1848/576 2843/1846/574
f 2848/1847/575 2847/766/575 2845/1848/576
f 2850/1849/577 2849/1851/579 2847/766/575
f 2852/1850/578 2851/1853/578 2849/1851/579
f 2854/1852/580 2853/1855/580 2851/1853/578
f 2856/1854/581 2855/1857/581 2853/1855/580
f 2858/1856/582 2857/1859/582 2855/1857/581
f 2860/1858/583 2859/1861/583 2857/1859/582
f 2862/1860/584 2861/1863/584 2859/1861/583
f 2864/1862/585 2863/1865/587 2861/1863/584
f 2866/1864/586 2865/1866/586 2863/1865/587
f 2868/822/588 2867/104/588 2865/1866/586
f 2870/1867/589 2869/1869/589 2867/104/588
f 2872/1868/590 2871/1871/590 2869/1869/589
f 2874/1870/591 2873/1873/591 2871/1871/590
f 2876/1872/592 2875/1875/592 2873/1873/591
f 2878/1874/593 2877/1877/595 2875/1875/592
f 2880/1876/594 2879/1879/597 2877/1877/595
f 2882/1878/596 2881/1881/599 2879/1879/597
f 2884/1880/598 2883/1883/598 2881/1881/599
f 2886/1882/600 2885/1885/600 2883/1883/598
f 2888/1884/601 2887/644/601 2885/1885/600
f 2890/1886/602 2889/1888/602 2887/644/601
f 2892/1887/603 2891/1890/605 2889/1888/602
f 2894/1889/604 2893/1892/604 2891/1890/605
f 2896/1891/606 2895/1894/606 2893/1892/604
f 2898/1893/607 2897/1896/607 2895/1894/606
f 2900/1895/608 2899/1898/610 2897/1896/607
f 2902/1897/609 2901/1900/612 2899/1898/610
f 2904/1899/611 2903/1902/614 2901/1900/612
f 2906/1901/613 2905/1904/616 2903/1902/614
f 2908/1903/615 2907/624/618 2905/1904/616
f 2910/1905/617 2909/1907/620 2907/624/618
f 2912/1906/619 2911/1909/622 2909/1907/620
f 2914/1908/621 2913/1911/624 2911/1909/622
f 2916/1910/623 2915/1912/626 2913/1911/624
f 2918/1542/625 2917/134/628 2915/1912/626
f 2920/1913/627 2919/1915/627 2917/134/628
f 2922/1914/629 2921/1917/629 2919/1915/627
f 2924/1916/630 2923/1919/630 2921/1917/629
f 2926/1918/631 2925/1921/631 2923/1919/630
f 2928/1920/144 2927/633/144 2925/1921/631
f 2930/1922/632 2929/1924/632 2927/633/144
f 2932/1923/633 2931/1926/633 2929/1924/632
f 2934/1925/382 2933/1928/382 2931/1926/633
f 2936/1927/634 2935/1930/634 2933/1928/382
f 2938/1929/635 2937/1932/637 2935/1930/634
f 2940/1931/636 2939/1934/639 2937/1932/637
f 2942/1933/638 2941/1936/641 2939/1934/639
f 2944/1935/640 2943/1938/643 2941/1936/641
f 2946/1937/642 2945/1940/642 2943/1938/643
f 2948/1939/644 2947/649/644 2945/1940/642
f 2950/1941/645 2949/1943/645 2947/649/644
f 2952/1942/646 2951/1945/648 2949/1943/645
f 2954/1944/647 2953/1947/647 2951/1945/648
f 2956/1946/649 2955/1949/649 2953/1947/647
f 2958/1948/650 2957/1951/650 2955/1949/649
f 2960/1950/651 2959/1953/651 2957/1951/650
f 2962/1952/652 2961/1955/654 2959/1953/651
f 2964/1954/653 2963/1957/653 2961/1955/654
f 2966/1956/655 2965/1958/655 2963/1957/653
f 2768/847/526 2767/50/526 2965/1958/655
f 2970/1126/656 2969/1129/656 2967/213/657
f 2972/1130/658 2971/1133/658 2969/1129/656
f 2974/1134/659 2973/1137/661 2971/1133/658
f 2976/1138/660 2975/1141/663 2973/1137/661
f 2978/1142/662 2977/1145/662 2975/1141/663
f 2980/1146/664 2979/1149/666 2977/1145/662
f 2982/1150/665 2981/1153/665 2979/1149/666
f 2984/1154/667 2983/1157/667 2981/1153/665
f 2986/1158/668 2985/1161/670 2983/1157/667
f 2988/1162/669 2987/1165/669 2985/1161/670
f 2990/1166/671 2989/1169/671 2987/1165/669
f 2992/1170/672 2991/1173/674 2989/1169/671
f 2994/1174/673 2993/1177/676 2991/1173/674
f 2996/1178/675 2995/1181/675 2993/1177/676
f 2998/1182/677 2997/1185/677 2995/1181/675
f 3000/1186/678 2999/1189/678 2997/1185/677
f 3002/1190/679 3001/1193/679 2999/1189/678
f 3004/1194/680 3003/1196/680 3001/1193/679
f 3006/1197/681 3005/1199/681 3003/1196/680
f 3008/1200/682 3007/1203/682 3005/1199/681
f 3010/1204/683 3009/1207/683 3007/1203/682
f 3012/1208/684 3011/1211/684 3009/1207/683
f 3014/1212/685 3013/1215/685 3011/1211/684
f 3016/1216/686 3015/1219/686 3013/1215/685
f 3018/1220/687 3017/1223/687 3015/1219/686
f 3020/1224/688 3019/1227/690 3017/1223/687
f 3022/1228/689 3021/1231/689 3019/1227/690
f 3024/1232/691 3023/1235/691 3021/1231/689
f 3026/1236/692 3025/1239/692 3023/1235/691
f 3028/1240/693 3027/1243/693 3025/1239/692
f 3030/1244/694 3029/1247/694 3027/1243/693
f 3032/1248/695 3031/1251/695 3029/1247/694
f 3034/1252/696 3033/1255/698 3031/1251/695
f 3036/1256/697 3035/1259/697 3033/1255/698
f 3038/1260/699 3037/1263/701 3035/1259/697
f 3040/1264/700 3039/1267/700 3037/1263/701
f 2968/847/657 2967/50/657 3039/1267/700
f 3044/1959/396 3043/1961/396 3041/213/398
f 3046/1960/702 3045/1963/704 3043/1961/396
f 3048/1962/703 3047/1965/706 3045/1963/704
f 3050/1964/705 3049/1967/708 3047/1965/706
f 3052/1966/707 3051/1969/707 3049/1967/708
f 3054/1968/709 3053/1971/709 3051/1969/707
f 3056/1970/710 3055/1973/710 3053/1971/709
f 3058/1972/711 3057/372/711 3055/1973/710
f 3060/1974/712 3059/1976/712 3057/372/711
f 3062/1975/713 3061/1978/713 3059/1976/712
f 3064/1977/714 3063/1980/714 3061/1978/713
f 3066/1979/715 3065/1982/715 3063/1980/714
f 3068/1981/716 3067/1984/716 3065/1982/715
f 3070/1983/717 3069/1986/717 3067/1984/716
f 3072/1985/718 3071/1987/718 3069/1986/717
f 3074/1771/719 3073/306/721 3071/1987/718
f 3076/1988/720 3075/1990/720 3073/306/721
f 3078/1989/722 3077/1992/722 3075/1990/720
f 3080/1991/723 3079/1994/725 3077/1992/722
f 3082/1993/724 3081/1996/724 3079/1994/725
f 3084/1995/726 3083/1998/728 3081/1996/724
f 3086/1997/727 3085/2000/727 3083/1998/728
f 3088/1999/729 3087/2002/729 3085/2000/727
f 3090/2001/730 3089/300/730 3087/2002/729
f 3092/2003/731 3091/2005/731 3089/300/730
f 3094/2004/732 3093/2007/734 3091/2005/731
f 3096/2006/733 3095/2009/733 3093/2007/734
f 3098/2008/735 3097/2011/735 3095/2009/733
f 3100/2010/736 3099/2013/736 3097/2011/735
f 3102/2012/737 3101/2015/737 3099/2013/736
f 3104/2014/738 3103/2016/738 3101/2015/737
f 3106/1541/739 3105/223/739 3103/2016/738
f 3108/2017/740 3107/2019/740 3105/223/739
f 3110/2018/741 3109/2021/741 3107/2019/740
f 3112/2020/742 3111/2023/742 3109/2021/741
f 3114/2022/743 3113/2025/743 3111/2023/742
f 3116/2024/744 3115/2027/744 3113/2025/743
f 3118/2026/745 3117/2029/745 3115/2027/744
f 3120/2028/746 3119/2031/746 3117/2029/745
f 3122/2030/747 3121/329/747 3119/2031/746
f 3124/2032/748 3123/2034/750 3121/329/747
f 3126/2033/749 3125/2036/749 3123/2034/750
f 3128/2035/751 3127/2038/753 3125/2036/749
f 3130/2037/752 3129/2040/755 3127/2038/753
f 3132/2039/754 3131/2042/757 3129/2040/755
f 3134/2041/756 3133/2044/756 3131/2042/757
f 3136/2043/758 3135/2045/758 3133/2044/756
f 3138/1772/759 3137/339/759 3135/2045/758
f 3140/2046/760 3139/2048/762 3137/339/759
f 3142/2047/761 3141/2050/761 3139/2048/762
f 3144/2049/763 3143/2052/763 3141/2050/761
f 3146/2051/764 3145/2054/764 3143/2052/763
f 3148/2053/765 3147/2056/767 3145/2054/764
f 3150/2055/766 3149/2058/766 3147/2056/767
f 3152/2057/768 3151/2060/768 3149/2058/766
f 3154/2059/769 3153/327/769 3151/2060/768
f 3156/2061/770 3155/2063/772 3153/327/769
f 3158/2062/771 3157/2065/774 3155/2063/772
f 3160/2064/773 3159/2067/776 3157/2065/774
f 3162/2066/775 3161/2069/775 3159/2067/776
f 3164/2068/777 3163/2071/777 3161/2069/775
f 3166/2070/778 3165/2073/778 3163/2071/777
f 3168/2072/779 3167/2074/779 3165/2073/778
f 3170/822/780 3169/104/780 3167/2074/779
f 3172/2075/781 3171/2077/781 3169/104/780
f 3174/2076/782 3173/2079/782 3171/2077/781
f 3176/2078/783 3175/2081/783 3173/2079/782
f 3178/2080/784 3177/2083/784 3175/2081/783
f 3180/2082/785 3179/2085/785 3177/2083/784
f 3182/2084/786 3181/2087/786 3179/2085/785
f 3184/2086/787 3183/2089/787 3181/2087/786
f 3186/2088/788 3185/389/788 3183/2089/787
f 3188/2090/789 3187/2092/789 3185/389/788
f 3190/2091/790 3189/2094/790 3187/2092/789
f 3192/2093/791 3191/2096/791 3189/2094/790
f 3194/2095/792 3193/2098/794 3191/2096/791
f 3196/2097/793 3195/2100/796 3193/2098/794
f 3198/2099/795 3197/2102/795 3195/2100/796
f 3200/2101/797 3199/2103/797 3197/2102/795
f 3202/1773/798 3201/374/800 3199/2103/797
f 3204/2104/799 3203/2106/802 3201/374/800
f 3206/2105/801 3205/2108/801 3203/2106/802
f 3208/2107/803 3207/2110/805 3205/2108/801
f 3210/2109/804 3209/2112/804 3207/2110/805
f 3212/2111/806 3211/2114/808 3209/2112/804
f 3214/2113/807 3213/2116/807 3211/2114/808
f 3216/2115/809 3215/2118/809 3213/2116/807
f 3218/2117/810 3217/348/810 3215/2118/809
f 3220/2119/811 3219/2121/811 3217/348/810
f 3222/2120/812 3221/2123/814 3219/2121/811
f 3224/2122/813 3223/2125/813 3221/2123/814
f 3226/2124/815 3225/2127/815 3223/2125/813
f 3228/2126/816 3227/2129/816 3225/2127/815
f 3230/2128/817 3229/2131/819 3227/2129/816
f 3232/2130/818 3231/2132/818 3229/2131/819
f 3234/1542/820 3233/134/820 3231/2132/818
f 3236/2133/821 3235/2135/821 3233/134/820
f 3238/2134/822 3237/2137/822 3235/2135/821
f 3240/2136/823 3239/2139/823 3237/2137/822
f 3242/2138/824 3241/2141/824 3239/2139/823
f 3244/2140/825 3243/2143/825 3241/2141/824
f 3246/2142/826 3245/2145/826 3243/2143/825
f 3248/2144/827 3247/2147/827 3245/2145/826
f 3250/2146/828 3249/363/830 3247/2147/827
f 3252/2148/829 3251/2150/829 3249/363/830
f 3254/2149/831 3253/2152/831 3251/2150/829
f 3256/2151/832 3255/2154/832 3253/2152/831
f 3258/2153/833 3257/2156/833 3255/2154/832
f 3260/2155/834 3259/2158/834 3257/2156/833
f 3262/2157/835 3261/2160/835 3259/2158/834
f 3264/2159/836 3263/2161/838 3261/2160/835
f 3266/1774/837 3265/383/837 3263/2161/838
f 3268/2162/839 3267/2164/839 3265/383/837
f 3270/2163/840 3269/2166/840 3267/2164/839
f 3272/2165/841 3271/2168/841 3269/2166/840
f 3274/2167/842 3273/2170/842 3271/2168/841
f 3276/2169/439 3275/2172/439 3273/2170/842
f 3278/2171/843 3277/2174/843 3275/2172/439
f 3280/2173/844 3279/2176/844 3277/2174/843
f 3282/2175/845 3281/316/845 3279/2176/844
f 3284/2177/846 3283/2179/846 3281/316/845
f 3286/2178/847 3285/2181/847 3283/2179/846
f 3288/2180/848 3287/2183/850 3285/2181/847
f 3290/2182/849 3289/2185/852 3287/2183/850
f 3292/2184/851 3291/2187/854 3289/2185/852
f 3294/2186/853 3293/2189/853 3291/2187/854
f 3296/2188/855 3295/2190/855 3293/2189/853
f 3042/847/398 3041/50/398 3295/2190/855
