# Blender 5.1.1
# www.blender.org
mtllib Option.mtl
o Text
o Text.001
v 0.289642 0.239329 -0.005843
v 0.288017 0.239329 0.005527
v 0.286308 0.239329 0.016808
v 0.284517 0.239329 0.027995
v 0.282642 0.239329 0.039085
v 0.280683 0.239329 0.050074
v 0.278642 0.239329 0.060959
v 0.276517 0.239329 0.071736
v 0.274308 0.239329 0.082402
v 0.272017 0.239329 0.092954
v 0.269642 0.239329 0.103387
v 0.267183 0.239329 0.113699
v 0.277430 0.239329 0.139001
v 0.288660 0.239329 0.162449
v 0.300855 0.239329 0.184105
v 0.313998 0.239329 0.204032
v 0.328072 0.239329 0.222293
v 0.343058 0.239329 0.238949
v 0.358941 0.239329 0.254063
v 0.375702 0.239329 0.267699
v 0.393324 0.239329 0.279918
v 0.411790 0.239329 0.290782
v 0.431082 0.239329 0.300355
v 0.451183 0.239329 0.308699
v 0.451183 0.239329 -0.106301
v 0.202183 0.239329 -0.106301
v 0.202183 0.239329 -0.179301
v 0.786183 0.239329 -0.179301
v 0.786183 0.239329 -0.106301
v 0.529183 0.239329 -0.106301
v 0.529183 0.239329 0.057699
v 0.827183 0.239329 0.057699
v 0.827183 0.239329 0.127699
v 0.529183 0.239329 0.127699
v 0.529183 0.239329 0.329699
v 0.541787 0.239329 0.331826
v 0.554595 0.239329 0.333713
v 0.567605 0.239329 0.335371
v 0.580813 0.239329 0.336810
v 0.594215 0.239329 0.338041
v 0.607808 0.239329 0.339074
v 0.621589 0.239329 0.339919
v 0.635554 0.239329 0.340588
v 0.649699 0.239329 0.341089
v 0.664021 0.239329 0.341435
v 0.678517 0.239329 0.341635
v 0.693183 0.239329 0.341699
v 0.705096 0.239329 0.341698
v 0.721739 0.239329 0.341694
v 0.742214 0.239329 0.341683
v 0.765628 0.239329 0.341662
v 0.791082 0.239329 0.341627
v 0.817683 0.239329 0.341574
v 0.844534 0.239329 0.341500
v 0.870739 0.239329 0.341403
v 0.895402 0.239329 0.341277
v 0.917628 0.239329 0.341120
v 0.936520 0.239329 0.340929
v 0.951183 0.239329 0.340699
v 0.948379 0.239329 0.345555
v 0.945498 0.239329 0.351051
v 0.942590 0.239329 0.357074
v 0.939702 0.239329 0.363514
v 0.936883 0.239329 0.370259
v 0.934183 0.239329 0.377199
v 0.931650 0.239329 0.384222
v 0.929331 0.239329 0.391217
v 0.927277 0.239329 0.398074
v 0.925535 0.239329 0.404680
v 0.924154 0.239329 0.410926
v 0.923183 0.239329 0.416699
v 0.689183 0.239329 0.416699
v 0.638162 0.239329 0.415910
v 0.589595 0.239329 0.413305
v 0.543480 0.239329 0.408527
v 0.499813 0.239329 0.401217
v 0.458590 0.239329 0.391019
v 0.419808 0.239329 0.377574
v 0.383464 0.239329 0.360525
v 0.349553 0.239329 0.339514
v 0.318074 0.239329 0.314183
v 0.289021 0.239329 0.284176
v 0.262392 0.239329 0.249133
v 0.238183 0.239329 0.208699
v 0.229159 0.239329 0.231594
v 0.219572 0.239329 0.253778
v 0.209402 0.239329 0.275246
v 0.198628 0.239329 0.295995
v 0.187228 0.239329 0.316022
v 0.175183 0.239329 0.335324
v 0.162471 0.239329 0.353896
v 0.149072 0.239329 0.371736
v 0.134964 0.239329 0.388839
v 0.120128 0.239329 0.405203
v 0.104541 0.239329 0.420824
v 0.088183 0.239329 0.435699
v 0.084806 0.239329 0.431984
v 0.080748 0.239329 0.427898
v 0.076120 0.239329 0.423527
v 0.071035 0.239329 0.418958
v 0.065602 0.239329 0.414278
v 0.059933 0.239329 0.409574
v 0.054139 0.239329 0.404932
v 0.048331 0.239329 0.400440
v 0.042621 0.239329 0.396183
v 0.037118 0.239329 0.392250
v 0.031935 0.239329 0.388726
v 0.027183 0.239329 0.385699
v 0.054009 0.239329 0.362793
v 0.078540 0.239329 0.337616
v 0.100855 0.239329 0.310230
v 0.121035 0.239329 0.280699
v 0.139160 0.239329 0.249084
v 0.155308 0.239329 0.215449
v 0.169561 0.239329 0.179855
v 0.181998 0.239329 0.142366
v 0.192699 0.239329 0.103043
v 0.201743 0.239329 0.061949
v 0.209211 0.239329 0.019147
v 0.215183 0.239329 -0.025301
v 0.291183 0.239329 -0.017301
v 0.496755 0.239329 -0.484798
v 0.502424 0.239329 -0.474857
v 0.508121 0.239329 -0.464583
v 0.513776 0.239329 -0.454079
v 0.519320 0.239329 -0.443451
v 0.524683 0.239329 -0.432801
v 0.529797 0.239329 -0.422235
v 0.534591 0.239329 -0.411857
v 0.538996 0.239329 -0.401770
v 0.542943 0.239329 -0.392079
v 0.546361 0.239329 -0.382888
v 0.549183 0.239329 -0.374301
v 0.909183 0.239329 -0.374301
v 0.909183 0.239329 -0.156301
v 0.832183 0.239329 -0.156301
v 0.832183 0.239329 -0.303301
v 0.147183 0.239329 -0.303301
v 0.147183 0.239329 -0.156301
v 0.073183 0.239329 -0.156301
v 0.073183 0.239329 -0.374301
v 0.463183 0.239329 -0.374301
v 0.460292 0.239329 -0.382188
v 0.457137 0.239329 -0.390315
v 0.453746 0.239329 -0.398629
v 0.450146 0.239329 -0.407079
v 0.446366 0.239329 -0.415612
v 0.442433 0.239329 -0.424176
v 0.438375 0.239329 -0.432720
v 0.434220 0.239329 -0.441190
v 0.429996 0.239329 -0.449536
v 0.425730 0.239329 -0.457704
v 0.421449 0.239329 -0.465643
v 0.417183 0.239329 -0.473301
v 0.491183 0.239329 -0.494301
v -0.622817 0.239329 -0.125301
v -0.919817 0.239329 -0.125301
v -0.919817 0.239329 -0.185301
v -0.622817 0.239329 -0.185301
v -0.621817 0.239329 0.005699
v -0.919817 0.239329 0.005699
v -0.919817 0.239329 -0.053301
v -0.621817 0.239329 -0.053301
v -0.580817 0.239329 -0.255301
v -0.961817 0.239329 -0.255301
v -0.961817 0.239329 -0.317301
v -0.580817 0.239329 -0.317301
v -0.786515 0.239329 -0.481048
v -0.779155 0.239329 -0.470357
v -0.771801 0.239329 -0.459332
v -0.764521 0.239329 -0.448079
v -0.757379 0.239329 -0.436700
v -0.750442 0.239329 -0.425301
v -0.743776 0.239329 -0.413985
v -0.737446 0.239329 -0.402857
v -0.731520 0.239329 -0.392020
v -0.726062 0.239329 -0.381579
v -0.721139 0.239329 -0.371638
v -0.716817 0.239329 -0.362301
v -0.777817 0.239329 -0.327301
v -0.781928 0.239329 -0.336736
v -0.786706 0.239329 -0.346949
v -0.792067 0.239329 -0.357801
v -0.797928 0.239329 -0.369153
v -0.804206 0.239329 -0.380866
v -0.810817 0.239329 -0.392801
v -0.817678 0.239329 -0.404820
v -0.824706 0.239329 -0.416783
v -0.831817 0.239329 -0.428551
v -0.838928 0.239329 -0.439986
v -0.845956 0.239329 -0.450949
v -0.852817 0.239329 -0.461301
v -0.793817 0.239329 -0.491301
v -0.149817 0.239329 -0.048301
v -0.102817 0.239329 -0.028301
v -0.112373 0.239329 0.001640
v -0.123016 0.239329 0.030477
v -0.134707 0.239329 0.058230
v -0.147409 0.239329 0.084921
v -0.161084 0.239329 0.110570
v -0.175692 0.239329 0.135199
v -0.191196 0.239329 0.158827
v -0.207557 0.239329 0.181477
v -0.224739 0.239329 0.203168
v -0.242701 0.239329 0.223921
v -0.261406 0.239329 0.243758
v -0.280817 0.239329 0.262699
v -0.263568 0.239329 0.273948
v -0.245826 0.239329 0.284690
v -0.227598 0.239329 0.294918
v -0.208891 0.239329 0.304625
v -0.189712 0.239329 0.313804
v -0.170067 0.239329 0.322449
v -0.149964 0.239329 0.330552
v -0.129409 0.239329 0.338106
v -0.108411 0.239329 0.345105
v -0.086974 0.239329 0.351541
v -0.065107 0.239329 0.357408
v -0.042817 0.239329 0.362699
v -0.047141 0.239329 0.367016
v -0.051581 0.239329 0.371903
v -0.056082 0.239329 0.377261
v -0.060595 0.239329 0.382995
v -0.065065 0.239329 0.389007
v -0.069442 0.239329 0.395199
v -0.073673 0.239329 0.401474
v -0.077706 0.239329 0.407736
v -0.081489 0.239329 0.413886
v -0.084970 0.239329 0.419829
v -0.088096 0.239329 0.425465
v -0.090817 0.239329 0.430699
v -0.114317 0.239329 0.424347
v -0.137317 0.239329 0.417301
v -0.159817 0.239329 0.409574
v -0.181817 0.239329 0.401180
v -0.203317 0.239329 0.392134
v -0.224317 0.239329 0.382449
v -0.244817 0.239329 0.372139
v -0.264817 0.239329 0.361217
v -0.284317 0.239329 0.349699
v -0.303317 0.239329 0.337597
v -0.321817 0.239329 0.324926
v -0.339817 0.239329 0.311699
v -0.358772 0.239329 0.325137
v -0.378122 0.239329 0.337954
v -0.397848 0.239329 0.350152
v -0.417928 0.239329 0.361736
v -0.438341 0.239329 0.372709
v -0.459067 0.239329 0.383074
v -0.480084 0.239329 0.392835
v -0.501372 0.239329 0.401995
v -0.522911 0.239329 0.410558
v -0.544678 0.239329 0.418528
v -0.566654 0.239329 0.425907
v -0.588817 0.239329 0.432699
v -0.590728 0.239329 0.428252
v -0.592942 0.239329 0.423458
v -0.595426 0.239329 0.418386
v -0.598150 0.239329 0.413106
v -0.601082 0.239329 0.407687
v -0.604192 0.239329 0.402199
v -0.607447 0.239329 0.396710
v -0.610817 0.239329 0.391291
v -0.614270 0.239329 0.386011
v -0.617775 0.239329 0.380940
v -0.621301 0.239329 0.376146
v -0.624817 0.239329 0.371699
v -0.853817 0.239329 0.371699
v -0.853817 0.239329 0.419699
v -0.919817 0.239329 0.419699
v -0.919817 0.239329 0.079699
v -0.622817 0.239329 0.079699
v -0.622817 0.239329 0.363699
v -0.602883 0.239329 0.358408
v -0.583095 0.239329 0.352537
v -0.563473 0.239329 0.346089
v -0.544039 0.239329 0.339069
v -0.524813 0.239329 0.331480
v -0.505817 0.239329 0.323324
v -0.487070 0.239329 0.314606
v -0.468595 0.239329 0.305328
v -0.450411 0.239329 0.295496
v -0.432539 0.239329 0.285111
v -0.415001 0.239329 0.274177
v -0.397817 0.239329 0.262699
v -0.413316 0.239329 0.246929
v -0.428312 0.239329 0.230625
v -0.442801 0.239329 0.213793
v -0.456780 0.239329 0.196440
v -0.470244 0.239329 0.178573
v -0.483192 0.239329 0.160199
v -0.495618 0.239329 0.141325
v -0.507520 0.239329 0.121958
v -0.518895 0.239329 0.102105
v -0.529738 0.239329 0.081773
v -0.540047 0.239329 0.060969
v -0.549817 0.239329 0.039699
v -0.505817 0.239329 0.024699
v -0.591817 0.239329 0.024699
v -0.591817 0.239329 -0.045301
v -0.162817 0.239329 -0.045301
v -0.689817 0.239329 0.308699
v -0.689817 0.239329 0.142699
v -0.853817 0.239329 0.142699
v -0.853817 0.239329 0.308699
v -0.187817 0.239329 -0.219301
v -0.187790 0.239329 -0.212462
v -0.187683 0.239329 -0.206417
v -0.187457 0.239329 -0.201129
v -0.187076 0.239329 -0.196561
v -0.186500 0.239329 -0.192672
v -0.185692 0.239329 -0.189426
v -0.184613 0.239329 -0.186784
v -0.183224 0.239329 -0.184709
v -0.181489 0.239329 -0.183161
v -0.179368 0.239329 -0.182102
v -0.176823 0.239329 -0.181495
v -0.173817 0.239329 -0.181301
v -0.170516 0.239329 -0.181301
v -0.166243 0.239329 -0.181301
v -0.161192 0.239329 -0.181301
v -0.155558 0.239329 -0.181301
v -0.149534 0.239329 -0.181301
v -0.143317 0.239329 -0.181301
v -0.137099 0.239329 -0.181301
v -0.131076 0.239329 -0.181301
v -0.125442 0.239329 -0.181301
v -0.120391 0.239329 -0.181301
v -0.116118 0.239329 -0.181301
v -0.112817 0.239329 -0.181301
v -0.109679 0.239329 -0.181342
v -0.106294 0.239329 -0.181463
v -0.102707 0.239329 -0.181661
v -0.098965 0.239329 -0.181931
v -0.095111 0.239329 -0.182270
v -0.091192 0.239329 -0.182676
v -0.087251 0.239329 -0.183144
v -0.083335 0.239329 -0.183672
v -0.079489 0.239329 -0.184254
v -0.075757 0.239329 -0.184889
v -0.072184 0.239329 -0.185573
v -0.068817 0.239329 -0.186301
v -0.068546 0.239329 -0.181356
v -0.068233 0.239329 -0.176070
v -0.067879 0.239329 -0.170520
v -0.067483 0.239329 -0.164783
v -0.067046 0.239329 -0.158934
v -0.066567 0.239329 -0.153051
v -0.066046 0.239329 -0.147210
v -0.065483 0.239329 -0.141486
v -0.064879 0.239329 -0.135957
v -0.064233 0.239329 -0.130699
v -0.063546 0.239329 -0.125788
v -0.062817 0.239329 -0.121301
v -0.065959 0.239329 -0.120363
v -0.069368 0.239329 -0.119542
v -0.073020 0.239329 -0.118832
v -0.076891 0.239329 -0.118227
v -0.080956 0.239329 -0.117719
v -0.085192 0.239329 -0.117301
v -0.089573 0.239329 -0.116967
v -0.094076 0.239329 -0.116709
v -0.098676 0.239329 -0.116520
v -0.103349 0.239329 -0.116394
v -0.108071 0.239329 -0.116323
v -0.112817 0.239329 -0.116301
v -0.116617 0.239329 -0.116301
v -0.121386 0.239329 -0.116301
v -0.126926 0.239329 -0.116301
v -0.133039 0.239329 -0.116301
v -0.139527 0.239329 -0.116301
v -0.146192 0.239329 -0.116301
v -0.152836 0.239329 -0.116301
v -0.159261 0.239329 -0.116301
v -0.165270 0.239329 -0.116301
v -0.170664 0.239329 -0.116301
v -0.175246 0.239329 -0.116301
v -0.178817 0.239329 -0.116301
v -0.194255 0.239329 -0.116896
v -0.207659 0.239329 -0.118727
v -0.219160 0.239329 -0.121864
v -0.228891 0.239329 -0.126375
v -0.236982 0.239329 -0.132331
v -0.243567 0.239329 -0.139801
v -0.248776 0.239329 -0.148854
v -0.252743 0.239329 -0.159560
v -0.255598 0.239329 -0.171989
v -0.257474 0.239329 -0.186209
v -0.258503 0.239329 -0.202290
v -0.258817 0.239329 -0.220301
v -0.258817 0.239329 -0.381301
v -0.424817 0.239329 -0.381301
v -0.424817 0.239329 -0.339301
v -0.425417 0.239329 -0.316458
v -0.427368 0.239329 -0.293056
v -0.430895 0.239329 -0.269286
v -0.436224 0.239329 -0.245338
v -0.443581 0.239329 -0.221405
v -0.453192 0.239329 -0.197676
v -0.465281 0.239329 -0.174343
v -0.480076 0.239329 -0.151597
v -0.497801 0.239329 -0.129629
v -0.518683 0.239329 -0.108630
v -0.542946 0.239329 -0.088790
v -0.570817 0.239329 -0.070301
v -0.573404 0.239329 -0.074324
v -0.576599 0.239329 -0.078820
v -0.580301 0.239329 -0.083676
v -0.584409 0.239329 -0.088783
v -0.588823 0.239329 -0.094028
v -0.593442 0.239329 -0.099301
v -0.598165 0.239329 -0.104491
v -0.602891 0.239329 -0.109486
v -0.607520 0.239329 -0.114176
v -0.611951 0.239329 -0.118449
v -0.616084 0.239329 -0.122195
v -0.619817 0.239329 -0.125301
v -0.594670 0.239329 -0.141200
v -0.573058 0.239329 -0.157829
v -0.554723 0.239329 -0.175082
v -0.539409 0.239329 -0.192857
v -0.526860 0.239329 -0.211048
v -0.516817 0.239329 -0.229551
v -0.509024 0.239329 -0.248263
v -0.503224 0.239329 -0.267079
v -0.499161 0.239329 -0.285895
v -0.496576 0.239329 -0.304607
v -0.495214 0.239329 -0.323110
v -0.494817 0.239329 -0.341301
v -0.494817 0.239329 -0.451301
v -0.187817 0.239329 -0.451301
v -0.473256 0.239329 0.043010
v -0.464076 0.239329 0.060935
v -0.454286 0.239329 0.078465
v -0.443891 0.239329 0.095588
v -0.432899 0.239329 0.112294
v -0.421317 0.239329 0.128574
v -0.409151 0.239329 0.144416
v -0.396409 0.239329 0.159810
v -0.383098 0.239329 0.174746
v -0.369224 0.239329 0.189213
v -0.354795 0.239329 0.203201
v -0.339817 0.239329 0.216699
v -0.325279 0.239329 0.203449
v -0.311178 0.239329 0.189699
v -0.297536 0.239329 0.175449
v -0.284372 0.239329 0.160699
v -0.271709 0.239329 0.145449
v -0.259567 0.239329 0.129699
v -0.247966 0.239329 0.113449
v -0.236928 0.239329 0.096699
v -0.226473 0.239329 0.079449
v -0.216622 0.239329 0.061699
v -0.207397 0.239329 0.043449
v -0.198817 0.239329 0.024699
v -0.481817 0.239329 0.024699
v 0.289642 0.039329 -0.005843
v 0.288017 0.039329 0.005527
v 0.286308 0.039329 0.016808
v 0.284517 0.039329 0.027995
v 0.282642 0.039329 0.039085
v 0.280683 0.039329 0.050074
v 0.278642 0.039329 0.060959
v 0.276517 0.039329 0.071736
v 0.274308 0.039329 0.082402
v 0.272017 0.039329 0.092954
v 0.269642 0.039329 0.103387
v 0.267183 0.039329 0.113699
v 0.277430 0.039329 0.139001
v 0.288660 0.039329 0.162449
v 0.300855 0.039329 0.184105
v 0.313998 0.039329 0.204032
v 0.328072 0.039329 0.222293
v 0.343058 0.039329 0.238949
v 0.358941 0.039329 0.254063
v 0.375702 0.039329 0.267699
v 0.393324 0.039329 0.279918
v 0.411790 0.039329 0.290782
v 0.431082 0.039329 0.300355
v 0.451183 0.039329 0.308699
v 0.451183 0.039329 -0.106301
v 0.202183 0.039329 -0.106301
v 0.202183 0.039329 -0.179301
v 0.786183 0.039329 -0.179301
v 0.786183 0.039329 -0.106301
v 0.529183 0.039329 -0.106301
v 0.529183 0.039329 0.057699
v 0.827183 0.039329 0.057699
v 0.827183 0.039329 0.127699
v 0.529183 0.039329 0.127699
v 0.529183 0.039329 0.329699
v 0.541787 0.039329 0.331826
v 0.554595 0.039329 0.333713
v 0.567605 0.039329 0.335371
v 0.580813 0.039329 0.336810
v 0.594215 0.039329 0.338041
v 0.607808 0.039329 0.339074
v 0.621589 0.039329 0.339919
v 0.635554 0.039329 0.340588
v 0.649699 0.039329 0.341089
v 0.664021 0.039329 0.341435
v 0.678517 0.039329 0.341635
v 0.693183 0.039329 0.341699
v 0.705096 0.039329 0.341698
v 0.721739 0.039329 0.341694
v 0.742214 0.039329 0.341683
v 0.765628 0.039329 0.341662
v 0.791082 0.039329 0.341627
v 0.817683 0.039329 0.341574
v 0.844534 0.039329 0.341500
v 0.870739 0.039329 0.341403
v 0.895402 0.039329 0.341277
v 0.917628 0.039329 0.341120
v 0.936520 0.039329 0.340929
v 0.951183 0.039329 0.340699
v 0.948379 0.039329 0.345555
v 0.945498 0.039329 0.351051
v 0.942590 0.039329 0.357074
v 0.939702 0.039329 0.363514
v 0.936883 0.039329 0.370259
v 0.934183 0.039329 0.377199
v 0.931650 0.039329 0.384222
v 0.929331 0.039329 0.391217
v 0.927277 0.039329 0.398074
v 0.925535 0.039329 0.404680
v 0.924154 0.039329 0.410926
v 0.923183 0.039329 0.416699
v 0.689183 0.039329 0.416699
v 0.638162 0.039329 0.415910
v 0.589595 0.039329 0.413305
v 0.543480 0.039329 0.408527
v 0.499813 0.039329 0.401217
v 0.458590 0.039329 0.391019
v 0.419808 0.039329 0.377574
v 0.383464 0.039329 0.360525
v 0.349553 0.039329 0.339514
v 0.318074 0.039329 0.314183
v 0.289021 0.039329 0.284176
v 0.262392 0.039329 0.249133
v 0.238183 0.039329 0.208699
v 0.229159 0.039329 0.231594
v 0.219572 0.039329 0.253778
v 0.209402 0.039329 0.275246
v 0.198628 0.039329 0.295995
v 0.187228 0.039329 0.316022
v 0.175183 0.039329 0.335324
v 0.162471 0.039329 0.353896
v 0.149072 0.039329 0.371736
v 0.134964 0.039329 0.388839
v 0.120128 0.039329 0.405203
v 0.104541 0.039329 0.420824
v 0.088183 0.039329 0.435699
v 0.084806 0.039329 0.431984
v 0.080748 0.039329 0.427898
v 0.076120 0.039329 0.423527
v 0.071035 0.039329 0.418958
v 0.065602 0.039329 0.414278
v 0.059933 0.039329 0.409574
v 0.054139 0.039329 0.404932
v 0.048331 0.039329 0.400440
v 0.042621 0.039329 0.396183
v 0.037118 0.039329 0.392250
v 0.031935 0.039329 0.388726
v 0.027183 0.039329 0.385699
v 0.054009 0.039329 0.362793
v 0.078540 0.039329 0.337616
v 0.100855 0.039329 0.310230
v 0.121035 0.039329 0.280699
v 0.139160 0.039329 0.249084
v 0.155308 0.039329 0.215449
v 0.169561 0.039329 0.179855
v 0.181998 0.039329 0.142366
v 0.192699 0.039329 0.103043
v 0.201743 0.039329 0.061949
v 0.209211 0.039329 0.019147
v 0.215183 0.039329 -0.025301
v 0.291183 0.039329 -0.017301
v 0.496755 0.039329 -0.484798
v 0.502424 0.039329 -0.474857
v 0.508121 0.039329 -0.464583
v 0.513776 0.039329 -0.454079
v 0.519320 0.039329 -0.443451
v 0.524683 0.039329 -0.432801
v 0.529797 0.039329 -0.422235
v 0.534591 0.039329 -0.411857
v 0.538996 0.039329 -0.401770
v 0.542943 0.039329 -0.392079
v 0.546361 0.039329 -0.382888
v 0.549183 0.039329 -0.374301
v 0.909183 0.039329 -0.374301
v 0.909183 0.039329 -0.156301
v 0.832183 0.039329 -0.156301
v 0.832183 0.039329 -0.303301
v 0.147183 0.039329 -0.303301
v 0.147183 0.039329 -0.156301
v 0.073183 0.039329 -0.156301
v 0.073183 0.039329 -0.374301
v 0.463183 0.039329 -0.374301
v 0.460292 0.039329 -0.382188
v 0.457137 0.039329 -0.390315
v 0.453746 0.039329 -0.398629
v 0.450146 0.039329 -0.407079
v 0.446366 0.039329 -0.415612
v 0.442433 0.039329 -0.424176
v 0.438375 0.039329 -0.432720
v 0.434220 0.039329 -0.441190
v 0.429996 0.039329 -0.449536
v 0.425730 0.039329 -0.457704
v 0.421449 0.039329 -0.465643
v 0.417183 0.039329 -0.473301
v 0.491183 0.039329 -0.494301
v -0.622817 0.039329 -0.125301
v -0.919817 0.039329 -0.125301
v -0.919817 0.039329 -0.185301
v -0.622817 0.039329 -0.185301
v -0.621817 0.039329 0.005699
v -0.919817 0.039329 0.005699
v -0.919817 0.039329 -0.053301
v -0.621817 0.039329 -0.053301
v -0.580817 0.039329 -0.255301
v -0.961817 0.039329 -0.255301
v -0.961817 0.039329 -0.317301
v -0.580817 0.039329 -0.317301
v -0.786515 0.039329 -0.481048
v -0.779155 0.039329 -0.470357
v -0.771801 0.039329 -0.459332
v -0.764521 0.039329 -0.448079
v -0.757379 0.039329 -0.436700
v -0.750442 0.039329 -0.425301
v -0.743776 0.039329 -0.413985
v -0.737446 0.039329 -0.402857
v -0.731520 0.039329 -0.392020
v -0.726062 0.039329 -0.381579
v -0.721139 0.039329 -0.371638
v -0.716817 0.039329 -0.362301
v -0.777817 0.039329 -0.327301
v -0.781928 0.039329 -0.336736
v -0.786706 0.039329 -0.346949
v -0.792067 0.039329 -0.357801
v -0.797928 0.039329 -0.369153
v -0.804206 0.039329 -0.380866
v -0.810817 0.039329 -0.392801
v -0.817678 0.039329 -0.404820
v -0.824706 0.039329 -0.416783
v -0.831817 0.039329 -0.428551
v -0.838928 0.039329 -0.439986
v -0.845956 0.039329 -0.450949
v -0.852817 0.039329 -0.461301
v -0.793817 0.039329 -0.491301
v -0.149817 0.039329 -0.048301
v -0.102817 0.039329 -0.028301
v -0.112373 0.039329 0.001640
v -0.123016 0.039329 0.030477
v -0.134707 0.039329 0.058230
v -0.147409 0.039329 0.084921
v -0.161084 0.039329 0.110570
v -0.175692 0.039329 0.135199
v -0.191196 0.039329 0.158827
v -0.207557 0.039329 0.181477
v -0.224739 0.039329 0.203168
v -0.242701 0.039329 0.223921
v -0.261406 0.039329 0.243758
v -0.280817 0.039329 0.262699
v -0.263568 0.039329 0.273948
v -0.245826 0.039329 0.284690
v -0.227598 0.039329 0.294918
v -0.208891 0.039329 0.304625
v -0.189712 0.039329 0.313804
v -0.170067 0.039329 0.322449
v -0.149964 0.039329 0.330552
v -0.129409 0.039329 0.338106
v -0.108411 0.039329 0.345105
v -0.086974 0.039329 0.351541
v -0.065107 0.039329 0.357408
v -0.042817 0.039329 0.362699
v -0.047141 0.039329 0.367016
v -0.051581 0.039329 0.371903
v -0.056082 0.039329 0.377261
v -0.060595 0.039329 0.382995
v -0.065065 0.039329 0.389007
v -0.069442 0.039329 0.395199
v -0.073673 0.039329 0.401474
v -0.077706 0.039329 0.407736
v -0.081489 0.039329 0.413886
v -0.084970 0.039329 0.419829
v -0.088096 0.039329 0.425465
v -0.090817 0.039329 0.430699
v -0.114317 0.039329 0.424347
v -0.137317 0.039329 0.417301
v -0.159817 0.039329 0.409574
v -0.181817 0.039329 0.401180
v -0.203317 0.039329 0.392134
v -0.224317 0.039329 0.382449
v -0.244817 0.039329 0.372139
v -0.264817 0.039329 0.361217
v -0.284317 0.039329 0.349699
v -0.303317 0.039329 0.337597
v -0.321817 0.039329 0.324926
v -0.339817 0.039329 0.311699
v -0.358772 0.039329 0.325137
v -0.378122 0.039329 0.337954
v -0.397848 0.039329 0.350152
v -0.417928 0.039329 0.361736
v -0.438341 0.039329 0.372709
v -0.459067 0.039329 0.383074
v -0.480084 0.039329 0.392835
v -0.501372 0.039329 0.401995
v -0.522911 0.039329 0.410558
v -0.544678 0.039329 0.418528
v -0.566654 0.039329 0.425907
v -0.588817 0.039329 0.432699
v -0.590728 0.039329 0.428252
v -0.592942 0.039329 0.423458
v -0.595426 0.039329 0.418386
v -0.598150 0.039329 0.413106
v -0.601082 0.039329 0.407687
v -0.604192 0.039329 0.402199
v -0.607447 0.039329 0.396710
v -0.610817 0.039329 0.391291
v -0.614270 0.039329 0.386011
v -0.617775 0.039329 0.380940
v -0.621301 0.039329 0.376146
v -0.624817 0.039329 0.371699
v -0.853817 0.039329 0.371699
v -0.853817 0.039329 0.419699
v -0.919817 0.039329 0.419699
v -0.919817 0.039329 0.079699
v -0.622817 0.039329 0.079699
v -0.622817 0.039329 0.363699
v -0.602883 0.039329 0.358408
v -0.583095 0.039329 0.352537
v -0.563473 0.039329 0.346089
v -0.544039 0.039329 0.339069
v -0.524813 0.039329 0.331480
v -0.505817 0.039329 0.323324
v -0.487070 0.039329 0.314606
v -0.468595 0.039329 0.305328
v -0.450411 0.039329 0.295496
v -0.432539 0.039329 0.285111
v -0.415001 0.039329 0.274177
v -0.397817 0.039329 0.262699
v -0.413316 0.039329 0.246929
v -0.428312 0.039329 0.230625
v -0.442801 0.039329 0.213793
v -0.456780 0.039329 0.196440
v -0.470244 0.039329 0.178573
v -0.483192 0.039329 0.160199
v -0.495618 0.039329 0.141325
v -0.507520 0.039329 0.121958
v -0.518895 0.039329 0.102105
v -0.529738 0.039329 0.081773
v -0.540047 0.039329 0.060969
v -0.549817 0.039329 0.039699
v -0.505817 0.039329 0.024699
v -0.591817 0.039329 0.024699
v -0.591817 0.039329 -0.045301
v -0.162817 0.039329 -0.045301
v -0.689817 0.039329 0.308699
v -0.689817 0.039329 0.142699
v -0.853817 0.039329 0.142699
v -0.853817 0.039329 0.308699
v -0.187817 0.039329 -0.219301
v -0.187790 0.039329 -0.212462
v -0.187683 0.039329 -0.206417
v -0.187457 0.039329 -0.201129
v -0.187076 0.039329 -0.196561
v -0.186500 0.039329 -0.192672
v -0.185692 0.039329 -0.189426
v -0.184613 0.039329 -0.186784
v -0.183224 0.039329 -0.184709
v -0.181489 0.039329 -0.183161
v -0.179368 0.039329 -0.182102
v -0.176823 0.039329 -0.181495
v -0.173817 0.039329 -0.181301
v -0.170516 0.039329 -0.181301
v -0.166243 0.039329 -0.181301
v -0.161192 0.039329 -0.181301
v -0.155558 0.039329 -0.181301
v -0.149534 0.039329 -0.181301
v -0.143317 0.039329 -0.181301
v -0.137099 0.039329 -0.181301
v -0.131076 0.039329 -0.181301
v -0.125442 0.039329 -0.181301
v -0.120391 0.039329 -0.181301
v -0.116118 0.039329 -0.181301
v -0.112817 0.039329 -0.181301
v -0.109679 0.039329 -0.181342
v -0.106294 0.039329 -0.181463
v -0.102707 0.039329 -0.181661
v -0.098965 0.039329 -0.181931
v -0.095111 0.039329 -0.182270
v -0.091192 0.039329 -0.182676
v -0.087251 0.039329 -0.183144
v -0.083335 0.039329 -0.183672
v -0.079489 0.039329 -0.184254
v -0.075757 0.039329 -0.184889
v -0.072184 0.039329 -0.185573
v -0.068817 0.039329 -0.186301
v -0.068546 0.039329 -0.181356
v -0.068233 0.039329 -0.176070
v -0.067879 0.039329 -0.170520
v -0.067483 0.039329 -0.164783
v -0.067046 0.039329 -0.158934
v -0.066567 0.039329 -0.153051
v -0.066046 0.039329 -0.147210
v -0.065483 0.039329 -0.141486
v -0.064879 0.039329 -0.135957
v -0.064233 0.039329 -0.130699
v -0.063546 0.039329 -0.125788
v -0.062817 0.039329 -0.121301
v -0.065959 0.039329 -0.120363
v -0.069368 0.039329 -0.119542
v -0.073020 0.039329 -0.118832
v -0.076891 0.039329 -0.118227
v -0.080956 0.039329 -0.117719
v -0.085192 0.039329 -0.117301
v -0.089573 0.039329 -0.116967
v -0.094076 0.039329 -0.116709
v -0.098676 0.039329 -0.116520
v -0.103349 0.039329 -0.116394
v -0.108071 0.039329 -0.116323
v -0.112817 0.039329 -0.116301
v -0.116617 0.039329 -0.116301
v -0.121386 0.039329 -0.116301
v -0.126926 0.039329 -0.116301
v -0.133039 0.039329 -0.116301
v -0.139527 0.039329 -0.116301
v -0.146192 0.039329 -0.116301
v -0.152836 0.039329 -0.116301
v -0.159261 0.039329 -0.116301
v -0.165270 0.039329 -0.116301
v -0.170664 0.039329 -0.116301
v -0.175246 0.039329 -0.116301
v -0.178817 0.039329 -0.116301
v -0.194255 0.039329 -0.116896
v -0.207659 0.039329 -0.118727
v -0.219160 0.039329 -0.121864
v -0.228891 0.039329 -0.126375
v -0.236982 0.039329 -0.132331
v -0.243567 0.039329 -0.139801
v -0.248776 0.039329 -0.148854
v -0.252743 0.039329 -0.159560
v -0.255598 0.039329 -0.171989
v -0.257474 0.039329 -0.186209
v -0.258503 0.039329 -0.202290
v -0.258817 0.039329 -0.220301
v -0.258817 0.039329 -0.381301
v -0.424817 0.039329 -0.381301
v -0.424817 0.039329 -0.339301
v -0.425417 0.039329 -0.316458
v -0.427368 0.039329 -0.293056
v -0.430895 0.039329 -0.269286
v -0.436224 0.039329 -0.245338
v -0.443581 0.039329 -0.221405
v -0.453192 0.039329 -0.197676
v -0.465281 0.039329 -0.174343
v -0.480076 0.039329 -0.151597
v -0.497801 0.039329 -0.129629
v -0.518683 0.039329 -0.108630
v -0.542946 0.039329 -0.088790
v -0.570817 0.039329 -0.070301
v -0.573404 0.039329 -0.074324
v -0.576599 0.039329 -0.078820
v -0.580301 0.039329 -0.083676
v -0.584409 0.039329 -0.088783
v -0.588823 0.039329 -0.094028
v -0.593442 0.039329 -0.099301
v -0.598165 0.039329 -0.104491
v -0.602891 0.039329 -0.109486
v -0.607520 0.039329 -0.114176
v -0.611951 0.039329 -0.118449
v -0.616084 0.039329 -0.122195
v -0.619817 0.039329 -0.125301
v -0.594670 0.039329 -0.141200
v -0.573058 0.039329 -0.157829
v -0.554723 0.039329 -0.175082
v -0.539409 0.039329 -0.192857
v -0.526860 0.039329 -0.211048
v -0.516817 0.039329 -0.229551
v -0.509024 0.039329 -0.248263
v -0.503224 0.039329 -0.267079
v -0.499161 0.039329 -0.285895
v -0.496576 0.039329 -0.304607
v -0.495214 0.039329 -0.323110
v -0.494817 0.039329 -0.341301
v -0.494817 0.039329 -0.451301
v -0.187817 0.039329 -0.451301
v -0.473256 0.039329 0.043010
v -0.464076 0.039329 0.060935
v -0.454286 0.039329 0.078465
v -0.443891 0.039329 0.095588
v -0.432899 0.039329 0.112294
v -0.421317 0.039329 0.128574
v -0.409151 0.039329 0.144416
v -0.396409 0.039329 0.159810
v -0.383098 0.039329 0.174746
v -0.369224 0.039329 0.189213
v -0.354795 0.039329 0.203201
v -0.339817 0.039329 0.216699
v -0.325279 0.039329 0.203449
v -0.311178 0.039329 0.189699
v -0.297536 0.039329 0.175449
v -0.284372 0.039329 0.160699
v -0.271709 0.039329 0.145449
v -0.259567 0.039329 0.129699
v -0.247966 0.039329 0.113449
v -0.236928 0.039329 0.096699
v -0.226473 0.039329 0.079449
v -0.216622 0.039329 0.061699
v -0.207397 0.039329 0.043449
v -0.198817 0.039329 0.024699
v -0.481817 0.039329 0.024699
v -0.622817 0.039329 -0.125301
v -0.622817 0.239329 -0.125301
v -0.919817 0.039329 -0.125301
v -0.919817 0.239329 -0.125301
v -0.919817 0.039329 -0.185301
v -0.919817 0.239329 -0.185301
v -0.622817 0.039329 -0.185301
v -0.622817 0.239329 -0.185301
v -0.621817 0.039329 0.005699
v -0.621817 0.239329 0.005699
v -0.919817 0.039329 0.005699
v -0.919817 0.239329 0.005699
v -0.919817 0.039329 -0.053301
v -0.919817 0.239329 -0.053301
v -0.621817 0.039329 -0.053301
v -0.621817 0.239329 -0.053301
v -0.580817 0.039329 -0.255301
v -0.580817 0.239329 -0.255301
v -0.961817 0.039329 -0.255301
v -0.961817 0.239329 -0.255301
v -0.961817 0.039329 -0.317301
v -0.961817 0.239329 -0.317301
v -0.580817 0.039329 -0.317301
v -0.580817 0.239329 -0.317301
v -0.786515 0.039329 -0.481048
v -0.786515 0.239329 -0.481048
v -0.779155 0.039329 -0.470357
v -0.779155 0.239329 -0.470357
v -0.771801 0.039329 -0.459332
v -0.771801 0.239329 -0.459332
v -0.764521 0.039329 -0.448079
v -0.764521 0.239329 -0.448079
v -0.757379 0.039329 -0.436700
v -0.757379 0.239329 -0.436700
v -0.750442 0.039329 -0.425301
v -0.750442 0.239329 -0.425301
v -0.743776 0.039329 -0.413985
v -0.743776 0.239329 -0.413985
v -0.737446 0.039329 -0.402857
v -0.737446 0.239329 -0.402857
v -0.731520 0.039329 -0.392020
v -0.731520 0.239329 -0.392020
v -0.726062 0.039329 -0.381579
v -0.726062 0.239329 -0.381579
v -0.721139 0.039329 -0.371638
v -0.721139 0.239329 -0.371638
v -0.716817 0.039329 -0.362301
v -0.716817 0.239329 -0.362301
v -0.777817 0.039329 -0.327301
v -0.777817 0.239329 -0.327301
v -0.781928 0.039329 -0.336736
v -0.781928 0.239329 -0.336736
v -0.786706 0.039329 -0.346949
v -0.786706 0.239329 -0.346949
v -0.792067 0.039329 -0.357801
v -0.792067 0.239329 -0.357801
v -0.797928 0.039329 -0.369153
v -0.797928 0.239329 -0.369153
v -0.804206 0.039329 -0.380866
v -0.804206 0.239329 -0.380866
v -0.810817 0.039329 -0.392801
v -0.810817 0.239329 -0.392801
v -0.817678 0.039329 -0.404820
v -0.817678 0.239329 -0.404820
v -0.824706 0.039329 -0.416783
v -0.824706 0.239329 -0.416783
v -0.831817 0.039329 -0.428551
v -0.831817 0.239329 -0.428551
v -0.838928 0.039329 -0.439986
v -0.838928 0.239329 -0.439986
v -0.845956 0.039329 -0.450949
v -0.845956 0.239329 -0.450949
v -0.852817 0.039329 -0.461301
v -0.852817 0.239329 -0.461301
v -0.793817 0.039329 -0.491301
v -0.793817 0.239329 -0.491301
v -0.149817 0.039329 -0.048301
v -0.149817 0.239329 -0.048301
v -0.102817 0.039329 -0.028301
v -0.102817 0.239329 -0.028301
v -0.112373 0.039329 0.001640
v -0.112373 0.239329 0.001640
v -0.123016 0.039329 0.030477
v -0.123016 0.239329 0.030477
v -0.134707 0.039329 0.058230
v -0.134707 0.239329 0.058230
v -0.147409 0.039329 0.084921
v -0.147409 0.239329 0.084921
v -0.161084 0.039329 0.110570
v -0.161084 0.239329 0.110570
v -0.175692 0.039329 0.135199
v -0.175692 0.239329 0.135199
v -0.191196 0.039329 0.158827
v -0.191196 0.239329 0.158827
v -0.207557 0.039329 0.181477
v -0.207557 0.239329 0.181477
v -0.224739 0.039329 0.203168
v -0.224739 0.239329 0.203168
v -0.242701 0.039329 0.223921
v -0.242701 0.239329 0.223921
v -0.261406 0.039329 0.243758
v -0.261406 0.239329 0.243758
v -0.280817 0.039329 0.262699
v -0.280817 0.239329 0.262699
v -0.263568 0.039329 0.273948
v -0.263568 0.239329 0.273948
v -0.245826 0.039329 0.284690
v -0.245826 0.239329 0.284690
v -0.227598 0.039329 0.294918
v -0.227598 0.239329 0.294918
v -0.208891 0.039329 0.304625
v -0.208891 0.239329 0.304625
v -0.189712 0.039329 0.313804
v -0.189712 0.239329 0.313804
v -0.170067 0.039329 0.322449
v -0.170067 0.239329 0.322449
v -0.149964 0.039329 0.330552
v -0.149964 0.239329 0.330552
v -0.129409 0.039329 0.338106
v -0.129409 0.239329 0.338106
v -0.108411 0.039329 0.345105
v -0.108411 0.239329 0.345105
v -0.086974 0.039329 0.351541
v -0.086974 0.239329 0.351541
v -0.065107 0.039329 0.357408
v -0.065107 0.239329 0.357408
v -0.042817 0.039329 0.362699
v -0.042817 0.239329 0.362699
v -0.047141 0.039329 0.367016
v -0.047141 0.239329 0.367016
v -0.051581 0.039329 0.371903
v -0.051581 0.239329 0.371903
v -0.056082 0.039329 0.377261
v -0.056082 0.239329 0.377261
v -0.060595 0.039329 0.382995
v -0.060595 0.239329 0.382995
v -0.065065 0.039329 0.389007
v -0.065065 0.239329 0.389007
v -0.069442 0.039329 0.395199
v -0.069442 0.239329 0.395199
v -0.073673 0.039329 0.401474
v -0.073673 0.239329 0.401474
v -0.077706 0.039329 0.407736
v -0.077706 0.239329 0.407736
v -0.081489 0.039329 0.413886
v -0.081489 0.239329 0.413886
v -0.084970 0.039329 0.419829
v -0.084970 0.239329 0.419829
v -0.088096 0.039329 0.425465
v -0.088096 0.239329 0.425465
v -0.090817 0.039329 0.430699
v -0.090817 0.239329 0.430699
v -0.114317 0.039329 0.424347
v -0.114317 0.239329 0.424347
v -0.137317 0.039329 0.417301
v -0.137317 0.239329 0.417301
v -0.159817 0.039329 0.409574
v -0.159817 0.239329 0.409574
v -0.181817 0.039329 0.401180
v -0.181817 0.239329 0.401180
v -0.203317 0.039329 0.392134
v -0.203317 0.239329 0.392134
v -0.224317 0.039329 0.382449
v -0.224317 0.239329 0.382449
v -0.244817 0.039329 0.372139
v -0.244817 0.239329 0.372139
v -0.264817 0.039329 0.361217
v -0.264817 0.239329 0.361217
v -0.284317 0.039329 0.349699
v -0.284317 0.239329 0.349699
v -0.303317 0.039329 0.337597
v -0.303317 0.239329 0.337597
v -0.321817 0.039329 0.324926
v -0.321817 0.239329 0.324926
v -0.339817 0.039329 0.311699
v -0.339817 0.239329 0.311699
v -0.358772 0.039329 0.325137
v -0.358772 0.239329 0.325137
v -0.378122 0.039329 0.337954
v -0.378122 0.239329 0.337954
v -0.397848 0.039329 0.350152
v -0.397848 0.239329 0.350152
v -0.417928 0.039329 0.361736
v -0.417928 0.239329 0.361736
v -0.438341 0.039329 0.372709
v -0.438341 0.239329 0.372709
v -0.459067 0.039329 0.383074
v -0.459067 0.239329 0.383074
v -0.480084 0.039329 0.392835
v -0.480084 0.239329 0.392835
v -0.501372 0.039329 0.401995
v -0.501372 0.239329 0.401995
v -0.522911 0.039329 0.410558
v -0.522911 0.239329 0.410558
v -0.544678 0.039329 0.418528
v -0.544678 0.239329 0.418528
v -0.566654 0.039329 0.425907
v -0.566654 0.239329 0.425907
v -0.588817 0.039329 0.432699
v -0.588817 0.239329 0.432699
v -0.590728 0.039329 0.428252
v -0.590728 0.239329 0.428252
v -0.592942 0.039329 0.423458
v -0.592942 0.239329 0.423458
v -0.595426 0.039329 0.418386
v -0.595426 0.239329 0.418386
v -0.598150 0.039329 0.413106
v -0.598150 0.239329 0.413106
v -0.601082 0.039329 0.407687
v -0.601082 0.239329 0.407687
v -0.604192 0.039329 0.402199
v -0.604192 0.239329 0.402199
v -0.607447 0.039329 0.396710
v -0.607447 0.239329 0.396710
v -0.610817 0.039329 0.391291
v -0.610817 0.239329 0.391291
v -0.614270 0.039329 0.386011
v -0.614270 0.239329 0.386011
v -0.617775 0.039329 0.380940
v -0.617775 0.239329 0.380940
v -0.621301 0.039329 0.376146
v -0.621301 0.239329 0.376146
v -0.624817 0.039329 0.371699
v -0.624817 0.239329 0.371699
v -0.853817 0.039329 0.371699
v -0.853817 0.239329 0.371699
v -0.853817 0.039329 0.419699
v -0.853817 0.239329 0.419699
v -0.919817 0.039329 0.419699
v -0.919817 0.239329 0.419699
v -0.919817 0.039329 0.079699
v -0.919817 0.239329 0.079699
v -0.622817 0.039329 0.079699
v -0.622817 0.239329 0.079699
v -0.622817 0.039329 0.363699
v -0.622817 0.239329 0.363699
v -0.602883 0.039329 0.358408
v -0.602883 0.239329 0.358408
v -0.583095 0.039329 0.352537
v -0.583095 0.239329 0.352537
v -0.563473 0.039329 0.346089
v -0.563473 0.239329 0.346089
v -0.544039 0.039329 0.339069
v -0.544039 0.239329 0.339069
v -0.524813 0.039329 0.331480
v -0.524813 0.239329 0.331480
v -0.505817 0.039329 0.323324
v -0.505817 0.239329 0.323324
v -0.487070 0.039329 0.314606
v -0.487070 0.239329 0.314606
v -0.468595 0.039329 0.305328
v -0.468595 0.239329 0.305328
v -0.450411 0.039329 0.295496
v -0.450411 0.239329 0.295496
v -0.432539 0.039329 0.285111
v -0.432539 0.239329 0.285111
v -0.415001 0.039329 0.274177
v -0.415001 0.239329 0.274177
v -0.397817 0.039329 0.262699
v -0.397817 0.239329 0.262699
v -0.413316 0.039329 0.246929
v -0.413316 0.239329 0.246929
v -0.428312 0.039329 0.230625
v -0.428312 0.239329 0.230625
v -0.442801 0.039329 0.213793
v -0.442801 0.239329 0.213793
v -0.456780 0.039329 0.196440
v -0.456780 0.239329 0.196440
v -0.470244 0.039329 0.178573
v -0.470244 0.239329 0.178573
v -0.483192 0.039329 0.160199
v -0.483192 0.239329 0.160199
v -0.495618 0.039329 0.141325
v -0.495618 0.239329 0.141325
v -0.507520 0.039329 0.121958
v -0.507520 0.239329 0.121958
v -0.518895 0.039329 0.102105
v -0.518895 0.239329 0.102105
v -0.529738 0.039329 0.081773
v -0.529738 0.239329 0.081773
v -0.540047 0.039329 0.060969
v -0.540047 0.239329 0.060969
v -0.549817 0.039329 0.039699
v -0.549817 0.239329 0.039699
v -0.505817 0.039329 0.024699
v -0.505817 0.239329 0.024699
v -0.591817 0.039329 0.024699
v -0.591817 0.239329 0.024699
v -0.591817 0.039329 -0.045301
v -0.591817 0.239329 -0.045301
v -0.162817 0.039329 -0.045301
v -0.162817 0.239329 -0.045301
v -0.689817 0.039329 0.308699
v -0.689817 0.239329 0.308699
v -0.689817 0.039329 0.142699
v -0.689817 0.239329 0.142699
v -0.853817 0.039329 0.142699
v -0.853817 0.239329 0.142699
v -0.853817 0.039329 0.308699
v -0.853817 0.239329 0.308699
v -0.187817 0.039329 -0.219301
v -0.187817 0.239329 -0.219301
v -0.187790 0.039329 -0.212462
v -0.187790 0.239329 -0.212462
v -0.187683 0.039329 -0.206417
v -0.187683 0.239329 -0.206417
v -0.187457 0.039329 -0.201129
v -0.187457 0.239329 -0.201129
v -0.187076 0.039329 -0.196561
v -0.187076 0.239329 -0.196561
v -0.186500 0.039329 -0.192672
v -0.186500 0.239329 -0.192672
v -0.185692 0.039329 -0.189426
v -0.185692 0.239329 -0.189426
v -0.184613 0.039329 -0.186784
v -0.184613 0.239329 -0.186784
v -0.183224 0.039329 -0.184709
v -0.183224 0.239329 -0.184709
v -0.181489 0.039329 -0.183161
v -0.181489 0.239329 -0.183161
v -0.179368 0.039329 -0.182102
v -0.179368 0.239329 -0.182102
v -0.176823 0.039329 -0.181495
v -0.176823 0.239329 -0.181495
v -0.173817 0.039329 -0.181301
v -0.173817 0.239329 -0.181301
v -0.170516 0.039329 -0.181301
v -0.170516 0.239329 -0.181301
v -0.166243 0.039329 -0.181301
v -0.166243 0.239329 -0.181301
v -0.161192 0.039329 -0.181301
v -0.161192 0.239329 -0.181301
v -0.155558 0.039329 -0.181301
v -0.155558 0.239329 -0.181301
v -0.149534 0.039329 -0.181301
v -0.149534 0.239329 -0.181301
v -0.143317 0.039329 -0.181301
v -0.143317 0.239329 -0.181301
v -0.137099 0.039329 -0.181301
v -0.137099 0.239329 -0.181301
v -0.131076 0.039329 -0.181301
v -0.131076 0.239329 -0.181301
v -0.125442 0.039329 -0.181301
v -0.125442 0.239329 -0.181301
v -0.120391 0.039329 -0.181301
v -0.120391 0.239329 -0.181301
v -0.116118 0.039329 -0.181301
v -0.116118 0.239329 -0.181301
v -0.112817 0.039329 -0.181301
v -0.112817 0.239329 -0.181301
v -0.109679 0.039329 -0.181342
v -0.109679 0.239329 -0.181342
v -0.106294 0.039329 -0.181463
v -0.106294 0.239329 -0.181463
v -0.102707 0.039329 -0.181661
v -0.102707 0.239329 -0.181661
v -0.098965 0.039329 -0.181931
v -0.098965 0.239329 -0.181931
v -0.095111 0.039329 -0.182270
v -0.095111 0.239329 -0.182270
v -0.091192 0.039329 -0.182676
v -0.091192 0.239329 -0.182676
v -0.087251 0.039329 -0.183144
v -0.087251 0.239329 -0.183144
v -0.083335 0.039329 -0.183672
v -0.083335 0.239329 -0.183672
v -0.079489 0.039329 -0.184254
v -0.079489 0.239329 -0.184254
v -0.075757 0.039329 -0.184889
v -0.075757 0.239329 -0.184889
v -0.072184 0.039329 -0.185573
v -0.072184 0.239329 -0.185573
v -0.068817 0.039329 -0.186301
v -0.068817 0.239329 -0.186301
v -0.068546 0.039329 -0.181356
v -0.068546 0.239329 -0.181356
v -0.068233 0.039329 -0.176070
v -0.068233 0.239329 -0.176070
v -0.067879 0.039329 -0.170520
v -0.067879 0.239329 -0.170520
v -0.067483 0.039329 -0.164783
v -0.067483 0.239329 -0.164783
v -0.067046 0.039329 -0.158934
v -0.067046 0.239329 -0.158934
v -0.066567 0.039329 -0.153051
v -0.066567 0.239329 -0.153051
v -0.066046 0.039329 -0.147210
v -0.066046 0.239329 -0.147210
v -0.065483 0.039329 -0.141486
v -0.065483 0.239329 -0.141486
v -0.064879 0.039329 -0.135957
v -0.064879 0.239329 -0.135957
v -0.064233 0.039329 -0.130699
v -0.064233 0.239329 -0.130699
v -0.063546 0.039329 -0.125788
v -0.063546 0.239329 -0.125788
v -0.062817 0.039329 -0.121301
v -0.062817 0.239329 -0.121301
v -0.065959 0.039329 -0.120363
v -0.065959 0.239329 -0.120363
v -0.069368 0.039329 -0.119542
v -0.069368 0.239329 -0.119542
v -0.073020 0.039329 -0.118832
v -0.073020 0.239329 -0.118832
v -0.076891 0.039329 -0.118227
v -0.076891 0.239329 -0.118227
v -0.080956 0.039329 -0.117719
v -0.080956 0.239329 -0.117719
v -0.085192 0.039329 -0.117301
v -0.085192 0.239329 -0.117301
v -0.089573 0.039329 -0.116967
v -0.089573 0.239329 -0.116967
v -0.094076 0.039329 -0.116709
v -0.094076 0.239329 -0.116709
v -0.098676 0.039329 -0.116520
v -0.098676 0.239329 -0.116520
v -0.103349 0.039329 -0.116394
v -0.103349 0.239329 -0.116394
v -0.108071 0.039329 -0.116323
v -0.108071 0.239329 -0.116323
v -0.112817 0.039329 -0.116301
v -0.112817 0.239329 -0.116301
v -0.116617 0.039329 -0.116301
v -0.116617 0.239329 -0.116301
v -0.121386 0.039329 -0.116301
v -0.121386 0.239329 -0.116301
v -0.126926 0.039329 -0.116301
v -0.126926 0.239329 -0.116301
v -0.133039 0.039329 -0.116301
v -0.133039 0.239329 -0.116301
v -0.139527 0.039329 -0.116301
v -0.139527 0.239329 -0.116301
v -0.146192 0.039329 -0.116301
v -0.146192 0.239329 -0.116301
v -0.152836 0.039329 -0.116301
v -0.152836 0.239329 -0.116301
v -0.159261 0.039329 -0.116301
v -0.159261 0.239329 -0.116301
v -0.165270 0.039329 -0.116301
v -0.165270 0.239329 -0.116301
v -0.170664 0.039329 -0.116301
v -0.170664 0.239329 -0.116301
v -0.175246 0.039329 -0.116301
v -0.175246 0.239329 -0.116301
v -0.178817 0.039329 -0.116301
v -0.178817 0.239329 -0.116301
v -0.194255 0.039329 -0.116896
v -0.194255 0.239329 -0.116896
v -0.207659 0.039329 -0.118727
v -0.207659 0.239329 -0.118727
v -0.219160 0.039329 -0.121864
v -0.219160 0.239329 -0.121864
v -0.228891 0.039329 -0.126375
v -0.228891 0.239329 -0.126375
v -0.236982 0.039329 -0.132331
v -0.236982 0.239329 -0.132331
v -0.243567 0.039329 -0.139801
v -0.243567 0.239329 -0.139801
v -0.248776 0.039329 -0.148854
v -0.248776 0.239329 -0.148854
v -0.252743 0.039329 -0.159560
v -0.252743 0.239329 -0.159560
v -0.255598 0.039329 -0.171989
v -0.255598 0.239329 -0.171989
v -0.257474 0.039329 -0.186209
v -0.257474 0.239329 -0.186209
v -0.258503 0.039329 -0.202290
v -0.258503 0.239329 -0.202290
v -0.258817 0.039329 -0.220301
v -0.258817 0.239329 -0.220301
v -0.258817 0.039329 -0.381301
v -0.258817 0.239329 -0.381301
v -0.424817 0.039329 -0.381301
v -0.424817 0.239329 -0.381301
v -0.424817 0.039329 -0.339301
v -0.424817 0.239329 -0.339301
v -0.425417 0.039329 -0.316458
v -0.425417 0.239329 -0.316458
v -0.427368 0.039329 -0.293056
v -0.427368 0.239329 -0.293056
v -0.430895 0.039329 -0.269286
v -0.430895 0.239329 -0.269286
v -0.436224 0.039329 -0.245338
v -0.436224 0.239329 -0.245338
v -0.443581 0.039329 -0.221405
v -0.443581 0.239329 -0.221405
v -0.453192 0.039329 -0.197676
v -0.453192 0.239329 -0.197676
v -0.465281 0.039329 -0.174343
v -0.465281 0.239329 -0.174343
v -0.480076 0.039329 -0.151597
v -0.480076 0.239329 -0.151597
v -0.497801 0.039329 -0.129629
v -0.497801 0.239329 -0.129629
v -0.518683 0.039329 -0.108630
v -0.518683 0.239329 -0.108630
v -0.542946 0.039329 -0.088790
v -0.542946 0.239329 -0.088790
v -0.570817 0.039329 -0.070301
v -0.570817 0.239329 -0.070301
v -0.573404 0.039329 -0.074324
v -0.573404 0.239329 -0.074324
v -0.576599 0.039329 -0.078820
v -0.576599 0.239329 -0.078820
v -0.580301 0.039329 -0.083676
v -0.580301 0.239329 -0.083676
v -0.584409 0.039329 -0.088783
v -0.584409 0.239329 -0.088783
v -0.588823 0.039329 -0.094028
v -0.588823 0.239329 -0.094028
v -0.593442 0.039329 -0.099301
v -0.593442 0.239329 -0.099301
v -0.598165 0.039329 -0.104491
v -0.598165 0.239329 -0.104491
v -0.602891 0.039329 -0.109486
v -0.602891 0.239329 -0.109486
v -0.607520 0.039329 -0.114176
v -0.607520 0.239329 -0.114176
v -0.611951 0.039329 -0.118449
v -0.611951 0.239329 -0.118449
v -0.616084 0.039329 -0.122195
v -0.616084 0.239329 -0.122195
v -0.619817 0.039329 -0.125301
v -0.619817 0.239329 -0.125301
v -0.594670 0.039329 -0.141200
v -0.594670 0.239329 -0.141200
v -0.573058 0.039329 -0.157829
v -0.573058 0.239329 -0.157829
v -0.554723 0.039329 -0.175082
v -0.554723 0.239329 -0.175082
v -0.539409 0.039329 -0.192857
v -0.539409 0.239329 -0.192857
v -0.526860 0.039329 -0.211048
v -0.526860 0.239329 -0.211048
v -0.516817 0.039329 -0.229551
v -0.516817 0.239329 -0.229551
v -0.509024 0.039329 -0.248263
v -0.509024 0.239329 -0.248263
v -0.503224 0.039329 -0.267079
v -0.503224 0.239329 -0.267079
v -0.499161 0.039329 -0.285895
v -0.499161 0.239329 -0.285895
v -0.496576 0.039329 -0.304607
v -0.496576 0.239329 -0.304607
v -0.495214 0.039329 -0.323110
v -0.495214 0.239329 -0.323110
v -0.494817 0.039329 -0.341301
v -0.494817 0.239329 -0.341301
v -0.494817 0.039329 -0.451301
v -0.494817 0.239329 -0.451301
v -0.187817 0.039329 -0.451301
v -0.187817 0.239329 -0.451301
v -0.473256 0.039329 0.043010
v -0.473256 0.239329 0.043010
v -0.464076 0.039329 0.060935
v -0.464076 0.239329 0.060935
v -0.454286 0.039329 0.078465
v -0.454286 0.239329 0.078465
v -0.443891 0.039329 0.095588
v -0.443891 0.239329 0.095588
v -0.432899 0.039329 0.112294
v -0.432899 0.239329 0.112294
v -0.421317 0.039329 0.128574
v -0.421317 0.239329 0.128574
v -0.409151 0.039329 0.144416
v -0.409151 0.239329 0.144416
v -0.396409 0.039329 0.159810
v -0.396409 0.239329 0.159810
v -0.383098 0.039329 0.174746
v -0.383098 0.239329 0.174746
v -0.369224 0.039329 0.189213
v -0.369224 0.239329 0.189213
v -0.354795 0.039329 0.203201
v -0.354795 0.239329 0.203201
v -0.339817 0.039329 0.216699
v -0.339817 0.239329 0.216699
v -0.325279 0.039329 0.203449
v -0.325279 0.239329 0.203449
v -0.311178 0.039329 0.189699
v -0.311178 0.239329 0.189699
v -0.297536 0.039329 0.175449
v -0.297536 0.239329 0.175449
v -0.284372 0.039329 0.160699
v -0.284372 0.239329 0.160699
v -0.271709 0.039329 0.145449
v -0.271709 0.239329 0.145449
v -0.259567 0.039329 0.129699
v -0.259567 0.239329 0.129699
v -0.247966 0.039329 0.113449
v -0.247966 0.239329 0.113449
v -0.236928 0.039329 0.096699
v -0.236928 0.239329 0.096699
v -0.226473 0.039329 0.079449
v -0.226473 0.239329 0.079449
v -0.216622 0.039329 0.061699
v -0.216622 0.239329 0.061699
v -0.207397 0.039329 0.043449
v -0.207397 0.239329 0.043449
v -0.198817 0.039329 0.024699
v -0.198817 0.239329 0.024699
v -0.481817 0.039329 0.024699
v -0.481817 0.239329 0.024699
v 0.289642 0.039329 -0.005843
v 0.289642 0.239329 -0.005843
v 0.288017 0.039329 0.005527
v 0.288017 0.239329 0.005527
v 0.286308 0.039329 0.016808
v 0.286308 0.239329 0.016808
v 0.284517 0.039329 0.027995
v 0.284517 0.239329 0.027995
v 0.282642 0.039329 0.039085
v 0.282642 0.239329 0.039085
v 0.280683 0.039329 0.050074
v 0.280683 0.239329 0.050074
v 0.278642 0.039329 0.060959
v 0.278642 0.239329 0.060959
v 0.276517 0.039329 0.071736
v 0.276517 0.239329 0.071736
v 0.274308 0.039329 0.082402
v 0.274308 0.239329 0.082402
v 0.272017 0.039329 0.092954
v 0.272017 0.239329 0.092954
v 0.269642 0.039329 0.103387
v 0.269642 0.239329 0.103387
v 0.267183 0.039329 0.113699
v 0.267183 0.239329 0.113699
v 0.277430 0.039329 0.139001
v 0.277430 0.239329 0.139001
v 0.288660 0.039329 0.162449
v 0.288660 0.239329 0.162449
v 0.300855 0.039329 0.184105
v 0.300855 0.239329 0.184105
v 0.313998 0.039329 0.204032
v 0.313998 0.239329 0.204032
v 0.328072 0.039329 0.222293
v 0.328072 0.239329 0.222293
v 0.343058 0.039329 0.238949
v 0.343058 0.239329 0.238949
v 0.358941 0.039329 0.254063
v 0.358941 0.239329 0.254063
v 0.375702 0.039329 0.267699
v 0.375702 0.239329 0.267699
v 0.393324 0.039329 0.279918
v 0.393324 0.239329 0.279918
v 0.411790 0.039329 0.290782
v 0.411790 0.239329 0.290782
v 0.431082 0.039329 0.300355
v 0.431082 0.239329 0.300355
v 0.451183 0.039329 0.308699
v 0.451183 0.239329 0.308699
v 0.451183 0.039329 -0.106301
v 0.451183 0.239329 -0.106301
v 0.202183 0.039329 -0.106301
v 0.202183 0.239329 -0.106301
v 0.202183 0.039329 -0.179301
v 0.202183 0.239329 -0.179301
v 0.786183 0.039329 -0.179301
v 0.786183 0.239329 -0.179301
v 0.786183 0.039329 -0.106301
v 0.786183 0.239329 -0.106301
v 0.529183 0.039329 -0.106301
v 0.529183 0.239329 -0.106301
v 0.529183 0.039329 0.057699
v 0.529183 0.239329 0.057699
v 0.827183 0.039329 0.057699
v 0.827183 0.239329 0.057699
v 0.827183 0.039329 0.127699
v 0.827183 0.239329 0.127699
v 0.529183 0.039329 0.127699
v 0.529183 0.239329 0.127699
v 0.529183 0.039329 0.329699
v 0.529183 0.239329 0.329699
v 0.541787 0.039329 0.331826
v 0.541787 0.239329 0.331826
v 0.554595 0.039329 0.333713
v 0.554595 0.239329 0.333713
v 0.567605 0.039329 0.335371
v 0.567605 0.239329 0.335371
v 0.580813 0.039329 0.336810
v 0.580813 0.239329 0.336810
v 0.594215 0.039329 0.338041
v 0.594215 0.239329 0.338041
v 0.607808 0.039329 0.339074
v 0.607808 0.239329 0.339074
v 0.621589 0.039329 0.339919
v 0.621589 0.239329 0.339919
v 0.635554 0.039329 0.340588
v 0.635554 0.239329 0.340588
v 0.649699 0.039329 0.341089
v 0.649699 0.239329 0.341089
v 0.664021 0.039329 0.341435
v 0.664021 0.239329 0.341435
v 0.678517 0.039329 0.341635
v 0.678517 0.239329 0.341635
v 0.693183 0.039329 0.341699
v 0.693183 0.239329 0.341699
v 0.705096 0.039329 0.341698
v 0.705096 0.239329 0.341698
v 0.721739 0.039329 0.341694
v 0.721739 0.239329 0.341694
v 0.742214 0.039329 0.341683
v 0.742214 0.239329 0.341683
v 0.765628 0.039329 0.341662
v 0.765628 0.239329 0.341662
v 0.791082 0.039329 0.341627
v 0.791082 0.239329 0.341627
v 0.817683 0.039329 0.341574
v 0.817683 0.239329 0.341574
v 0.844534 0.039329 0.341500
v 0.844534 0.239329 0.341500
v 0.870739 0.039329 0.341403
v 0.870739 0.239329 0.341403
v 0.895402 0.039329 0.341277
v 0.895402 0.239329 0.341277
v 0.917628 0.039329 0.341120
v 0.917628 0.239329 0.341120
v 0.936520 0.039329 0.340929
v 0.936520 0.239329 0.340929
v 0.951183 0.039329 0.340699
v 0.951183 0.239329 0.340699
v 0.948379 0.039329 0.345555
v 0.948379 0.239329 0.345555
v 0.945498 0.039329 0.351051
v 0.945498 0.239329 0.351051
v 0.942590 0.039329 0.357074
v 0.942590 0.239329 0.357074
v 0.939702 0.039329 0.363514
v 0.939702 0.239329 0.363514
v 0.936883 0.039329 0.370259
v 0.936883 0.239329 0.370259
v 0.934183 0.039329 0.377199
v 0.934183 0.239329 0.377199
v 0.931650 0.039329 0.384222
v 0.931650 0.239329 0.384222
v 0.929331 0.039329 0.391217
v 0.929331 0.239329 0.391217
v 0.927277 0.039329 0.398074
v 0.927277 0.239329 0.398074
v 0.925535 0.039329 0.404680
v 0.925535 0.239329 0.404680
v 0.924154 0.039329 0.410926
v 0.924154 0.239329 0.410926
v 0.923183 0.039329 0.416699
v 0.923183 0.239329 0.416699
v 0.689183 0.039329 0.416699
v 0.689183 0.239329 0.416699
v 0.638162 0.039329 0.415910
v 0.638162 0.239329 0.415910
v 0.589595 0.039329 0.413305
v 0.589595 0.239329 0.413305
v 0.543480 0.039329 0.408527
v 0.543480 0.239329 0.408527
v 0.499813 0.039329 0.401217
v 0.499813 0.239329 0.401217
v 0.458590 0.039329 0.391019
v 0.458590 0.239329 0.391019
v 0.419808 0.039329 0.377574
v 0.419808 0.239329 0.377574
v 0.383464 0.039329 0.360525
v 0.383464 0.239329 0.360525
v 0.349553 0.039329 0.339514
v 0.349553 0.239329 0.339514
v 0.318074 0.039329 0.314183
v 0.318074 0.239329 0.314183
v 0.289021 0.039329 0.284176
v 0.289021 0.239329 0.284176
v 0.262392 0.039329 0.249133
v 0.262392 0.239329 0.249133
v 0.238183 0.039329 0.208699
v 0.238183 0.239329 0.208699
v 0.229159 0.039329 0.231594
v 0.229159 0.239329 0.231594
v 0.219572 0.039329 0.253778
v 0.219572 0.239329 0.253778
v 0.209402 0.039329 0.275246
v 0.209402 0.239329 0.275246
v 0.198628 0.039329 0.295995
v 0.198628 0.239329 0.295995
v 0.187228 0.039329 0.316022
v 0.187228 0.239329 0.316022
v 0.175183 0.039329 0.335324
v 0.175183 0.239329 0.335324
v 0.162471 0.039329 0.353896
v 0.162471 0.239329 0.353896
v 0.149072 0.039329 0.371736
v 0.149072 0.239329 0.371736
v 0.134964 0.039329 0.388839
v 0.134964 0.239329 0.388839
v 0.120128 0.039329 0.405203
v 0.120128 0.239329 0.405203
v 0.104541 0.039329 0.420824
v 0.104541 0.239329 0.420824
v 0.088183 0.039329 0.435699
v 0.088183 0.239329 0.435699
v 0.084806 0.039329 0.431984
v 0.084806 0.239329 0.431984
v 0.080748 0.039329 0.427898
v 0.080748 0.239329 0.427898
v 0.076120 0.039329 0.423527
v 0.076120 0.239329 0.423527
v 0.071035 0.039329 0.418958
v 0.071035 0.239329 0.418958
v 0.065602 0.039329 0.414278
v 0.065602 0.239329 0.414278
v 0.059933 0.039329 0.409574
v 0.059933 0.239329 0.409574
v 0.054139 0.039329 0.404932
v 0.054139 0.239329 0.404932
v 0.048331 0.039329 0.400440
v 0.048331 0.239329 0.400440
v 0.042621 0.039329 0.396183
v 0.042621 0.239329 0.396183
v 0.037118 0.039329 0.392250
v 0.037118 0.239329 0.392250
v 0.031935 0.039329 0.388726
v 0.031935 0.239329 0.388726
v 0.027183 0.039329 0.385699
v 0.027183 0.239329 0.385699
v 0.054009 0.039329 0.362793
v 0.054009 0.239329 0.362793
v 0.078540 0.039329 0.337616
v 0.078540 0.239329 0.337616
v 0.100855 0.039329 0.310230
v 0.100855 0.239329 0.310230
v 0.121035 0.039329 0.280699
v 0.121035 0.239329 0.280699
v 0.139160 0.039329 0.249084
v 0.139160 0.239329 0.249084
v 0.155308 0.039329 0.215449
v 0.155308 0.239329 0.215449
v 0.169561 0.039329 0.179855
v 0.169561 0.239329 0.179855
v 0.181998 0.039329 0.142366
v 0.181998 0.239329 0.142366
v 0.192699 0.039329 0.103043
v 0.192699 0.239329 0.103043
v 0.201743 0.039329 0.061949
v 0.201743 0.239329 0.061949
v 0.209211 0.039329 0.019147
v 0.209211 0.239329 0.019147
v 0.215183 0.039329 -0.025301
v 0.215183 0.239329 -0.025301
v 0.291183 0.039329 -0.017301
v 0.291183 0.239329 -0.017301
v 0.496755 0.039329 -0.484798
v 0.496755 0.239329 -0.484798
v 0.502424 0.039329 -0.474857
v 0.502424 0.239329 -0.474857
v 0.508121 0.039329 -0.464583
v 0.508121 0.239329 -0.464583
v 0.513776 0.039329 -0.454079
v 0.513776 0.239329 -0.454079
v 0.519320 0.039329 -0.443451
v 0.519320 0.239329 -0.443451
v 0.524683 0.039329 -0.432801
v 0.524683 0.239329 -0.432801
v 0.529797 0.039329 -0.422235
v 0.529797 0.239329 -0.422235
v 0.534591 0.039329 -0.411857
v 0.534591 0.239329 -0.411857
v 0.538996 0.039329 -0.401770
v 0.538996 0.239329 -0.401770
v 0.542943 0.039329 -0.392079
v 0.542943 0.239329 -0.392079
v 0.546361 0.039329 -0.382888
v 0.546361 0.239329 -0.382888
v 0.549183 0.039329 -0.374301
v 0.549183 0.239329 -0.374301
v 0.909183 0.039329 -0.374301
v 0.909183 0.239329 -0.374301
v 0.909183 0.039329 -0.156301
v 0.909183 0.239329 -0.156301
v 0.832183 0.039329 -0.156301
v 0.832183 0.239329 -0.156301
v 0.832183 0.039329 -0.303301
v 0.832183 0.239329 -0.303301
v 0.147183 0.039329 -0.303301
v 0.147183 0.239329 -0.303301
v 0.147183 0.039329 -0.156301
v 0.147183 0.239329 -0.156301
v 0.073183 0.039329 -0.156301
v 0.073183 0.239329 -0.156301
v 0.073183 0.039329 -0.374301
v 0.073183 0.239329 -0.374301
v 0.463183 0.039329 -0.374301
v 0.463183 0.239329 -0.374301
v 0.460292 0.039329 -0.382188
v 0.460292 0.239329 -0.382188
v 0.457137 0.039329 -0.390315
v 0.457137 0.239329 -0.390315
v 0.453746 0.039329 -0.398629
v 0.453746 0.239329 -0.398629
v 0.450146 0.039329 -0.407079
v 0.450146 0.239329 -0.407079
v 0.446366 0.039329 -0.415612
v 0.446366 0.239329 -0.415612
v 0.442433 0.039329 -0.424176
v 0.442433 0.239329 -0.424176
v 0.438375 0.039329 -0.432720
v 0.438375 0.239329 -0.432720
v 0.434220 0.039329 -0.441190
v 0.434220 0.239329 -0.441190
v 0.429996 0.039329 -0.449536
v 0.429996 0.239329 -0.449536
v 0.425730 0.039329 -0.457704
v 0.425730 0.239329 -0.457704
v 0.421449 0.039329 -0.465643
v 0.421449 0.239329 -0.465643
v 0.417183 0.039329 -0.473301
v 0.417183 0.239329 -0.473301
v 0.491183 0.039329 -0.494301
v 0.491183 0.239329 -0.494301
vn -0.0000 1.0000 -0.0000
vn -0.0000 -1.0000 -0.0000
vn -0.7071 -0.0000 0.7071
vn 0.7071 -0.0000 0.7071
vn -0.7071 -0.0000 -0.7071
vn 0.7071 -0.0000 -0.7071
vn 0.8278 -0.0000 -0.5610
vn 0.8191 -0.0000 -0.5736
vn 0.8358 -0.0000 -0.5491
vn 0.8433 -0.0000 -0.5374
vn 0.8506 -0.0000 -0.5257
vn 0.8580 -0.0000 -0.5137
vn 0.8655 -0.0000 -0.5010
vn 0.8733 -0.0000 -0.4871
vn 0.8818 -0.0000 -0.4716
vn 0.8912 -0.0000 -0.4535
vn 0.9019 -0.0000 -0.4320
vn 0.9529 -0.0000 0.3033
vn -0.3141 -0.0000 0.9494
vn -0.9114 -0.0000 0.4116
vn -0.9012 -0.0000 0.4334
vn -0.8926 -0.0000 0.4509
vn -0.8850 -0.0000 0.4656
vn -0.8781 -0.0000 0.4785
vn -0.8716 -0.0000 0.4902
vn -0.8654 -0.0000 0.5012
vn -0.8591 -0.0000 0.5119
vn -0.8526 -0.0000 0.5226
vn -0.8456 -0.0000 0.5339
vn -0.8377 -0.0000 0.5461
vn -0.9670 -0.0000 -0.2547
vn 0.2385 -0.0000 -0.9711
vn 0.9091 -0.0000 -0.4166
vn 0.0876 -0.0000 -0.9962
vn 0.9456 -0.0000 0.3252
vn 0.9091 -0.0000 -0.4167
vn 0.9301 -0.0000 0.3673
vn 0.9125 -0.0000 0.4091
vn 0.8929 -0.0000 0.4502
vn 0.8715 -0.0000 0.4904
vn 0.8483 -0.0000 0.5295
vn 0.8236 -0.0000 0.5672
vn 0.7974 -0.0000 0.6034
vn 0.7702 -0.0000 0.6378
vn 0.7420 -0.0000 0.6704
vn 0.7131 -0.0000 0.7010
vn 0.9952 -0.0000 -0.0975
vn 0.5322 -0.0000 -0.8466
vn 0.5037 -0.0000 -0.8639
vn 0.4750 -0.0000 -0.8800
vn 0.4462 -0.0000 -0.8949
vn 0.4173 -0.0000 -0.9088
vn 0.3884 -0.0000 -0.9215
vn 0.3595 -0.0000 -0.9332
vn 0.3306 -0.0000 -0.9438
vn 0.3019 -0.0000 -0.9533
vn 0.2734 -0.0000 -0.9619
vn 0.2451 -0.0000 -0.9695
vn 0.9622 -0.0000 -0.2723
vn 0.7236 -0.0000 0.6903
vn 0.9622 -0.0000 -0.2722
vn 0.7531 -0.0000 0.6579
vn 0.7235 -0.0000 0.6903
vn 0.7759 -0.0000 0.6309
vn 0.7942 -0.0000 0.6076
vn 0.8096 -0.0000 0.5870
vn 0.8229 -0.0000 0.5681
vn 0.8350 -0.0000 0.5503
vn 0.8463 -0.0000 0.5327
vn 0.8574 -0.0000 0.5147
vn 0.8687 -0.0000 0.4953
vn 0.8810 -0.0000 0.4732
vn 0.4020 -0.0000 0.9156
vn -0.2770 -0.0000 0.9609
vn -0.3089 -0.0000 0.9511
vn -0.3407 -0.0000 0.9402
vn -0.3722 -0.0000 0.9282
vn -0.4034 -0.0000 0.9150
vn -0.4341 -0.0000 0.9009
vn -0.4644 -0.0000 0.8856
vn -0.4940 -0.0000 0.8695
vn -0.5230 -0.0000 0.8523
vn -0.5512 -0.0000 0.8344
vn -0.5787 -0.0000 0.8155
vn -0.0085 -0.0000 1.0000
vn 0.5653 -0.0000 0.8249
vn 0.5391 -0.0000 0.8422
vn 0.5129 -0.0000 0.8585
vn 0.4866 -0.0000 0.8736
vn 0.4604 -0.0000 0.8877
vn 0.4343 -0.0000 0.9008
vn 0.4083 -0.0000 0.9129
vn 0.3824 -0.0000 0.9240
vn 0.3567 -0.0000 0.9342
vn 0.3311 -0.0000 0.9436
vn 0.3057 -0.0000 0.9521
vn -0.4202 -0.0000 0.9074
vn -0.9134 -0.0000 0.4071
vn -0.4203 -0.0000 0.9074
vn -0.9030 -0.0000 0.4296
vn -0.8934 -0.0000 0.4492
vn -0.8841 -0.0000 0.4672
vn -0.8748 -0.0000 0.4844
vn -0.8651 -0.0000 0.5016
vn -0.8547 -0.0000 0.5191
vn -0.8431 -0.0000 0.5377
vn -0.8298 -0.0000 0.5580
vn -0.8142 -0.0000 0.5806
vn -0.7951 -0.0000 0.6064
vn -0.4358 -0.0000 0.9001
vn 0.6097 -0.0000 -0.7926
vn -0.2705 -0.0000 -0.9627
vn -0.2983 -0.0000 -0.9545
vn -0.3260 -0.0000 -0.9454
vn -0.3535 -0.0000 -0.9354
vn -0.3809 -0.0000 -0.9246
vn -0.4081 -0.0000 -0.9129
vn -0.4353 -0.0000 -0.9003
vn -0.4622 -0.0000 -0.8868
vn -0.4891 -0.0000 -0.8722
vn -0.5158 -0.0000 -0.8567
vn -0.5423 -0.0000 -0.8402
vn -0.9947 -0.0000 -0.1024
vn -0.7247 -0.0000 0.6891
vn -0.7471 -0.0000 0.6648
vn -0.7684 -0.0000 0.6399
vn -0.7888 -0.0000 0.6147
vn -0.8081 -0.0000 0.5890
vn -0.8264 -0.0000 0.5630
vn -0.8437 -0.0000 0.5368
vn -0.8599 -0.0000 0.5104
vn -0.8751 -0.0000 0.4839
vn -0.8893 -0.0000 0.4573
vn -0.9025 -0.0000 0.4307
vn -0.9188 -0.0000 -0.3948
vn -0.9865 -0.0000 0.1636
vn -0.9866 -0.0000 0.1634
vn -0.1132 -0.0000 -0.9936
vn 0.9999 -0.0000 -0.0109
vn 1.0000 -0.0000 -0.0020
vn 0.9995 -0.0000 -0.0301
vn 0.9999 -0.0000 -0.0108
vn 0.9980 -0.0000 -0.0629
vn 0.9934 -0.0000 -0.1149
vn 0.9809 -0.0000 -0.1943
vn 0.9505 -0.0000 -0.3107
vn 0.8830 -0.0000 -0.4694
vn 0.9505 -0.0000 -0.3108
vn 0.7545 -0.0000 -0.6563
vn 0.8829 -0.0000 -0.4695
vn 0.5610 -0.0000 -0.8278
vn 0.3415 -0.0000 -0.9399
vn 0.1488 -0.0000 -0.9889
vn 0.0322 -0.0000 -0.9995
vn 0.1487 -0.0000 -0.9889
vn -0.0000 -0.0000 -1.0000
vn -0.0065 -0.0000 -1.0000
vn -0.0244 -0.0000 -0.9997
vn -0.0453 -0.0000 -0.9990
vn -0.0635 -0.0000 -0.9980
vn -0.0799 -0.0000 -0.9968
vn -0.0954 -0.0000 -0.9954
vn -0.1105 -0.0000 -0.9939
vn -0.1257 -0.0000 -0.9921
vn -0.1416 -0.0000 -0.9899
vn -0.1587 -0.0000 -0.9873
vn -0.1778 -0.0000 -0.9841
vn -0.1997 -0.0000 -0.9799
vn 0.6064 -0.0000 -0.7952
vn 0.9984 -0.0000 -0.0569
vn 0.9981 -0.0000 -0.0614
vn 0.9978 -0.0000 -0.0663
vn 0.9974 -0.0000 -0.0717
vn 0.9970 -0.0000 -0.0779
vn 0.9964 -0.0000 -0.0850
vn 0.9956 -0.0000 -0.0933
vn 0.9947 -0.0000 -0.1032
vn 0.9933 -0.0000 -0.1153
vn 0.9915 -0.0000 -0.1303
vn 0.9888 -0.0000 -0.1495
vn 0.8474 -0.0000 0.5309
vn 0.2602 -0.0000 0.9655
vn 0.2124 -0.0000 0.9772
vn 0.1726 -0.0000 0.9850
vn 0.1393 -0.0000 0.9903
vn 0.1111 -0.0000 0.9938
vn 0.0872 -0.0000 0.9962
vn 0.0667 -0.0000 0.9978
vn 0.0491 -0.0000 0.9988
vn 0.0340 -0.0000 0.9994
vn 0.0210 -0.0000 0.9998
vn 0.0098 -0.0000 1.0000
vn 0.0023 -0.0000 1.0000
vn -0.0000 -0.0000 1.0000
vn -0.0193 -0.0000 0.9998
vn -0.0870 -0.0000 0.9962
vn -0.1997 -0.0000 0.9799
vn -0.3431 -0.0000 0.9393
vn -0.5093 -0.0000 0.8606
vn -0.6753 -0.0000 0.7375
vn -0.8125 -0.0000 0.5829
vn -0.9054 -0.0000 0.4246
vn -0.9582 -0.0000 0.2863
vn -0.9841 -0.0000 0.1776
vn -0.9952 -0.0000 0.0974
vn -0.9992 -0.0000 0.0406
vn -1.0000 -0.0000 0.0087
vn 0.9999 -0.0000 0.0131
vn 0.9985 -0.0000 0.0547
vn 0.9934 -0.0000 0.1150
vn 0.9833 -0.0000 0.1821
vn 0.9667 -0.0000 0.2557
vn 0.9422 -0.0000 0.3349
vn 0.9084 -0.0000 0.4182
vn 0.8641 -0.0000 0.5033
vn 0.8093 -0.0000 0.5874
vn 0.7447 -0.0000 0.6674
vn 0.6719 -0.0000 0.7406
vn 0.5936 -0.0000 0.8047
vn -0.2053 -0.0000 0.9787
vn -0.8283 -0.0000 0.5603
vn -0.8053 -0.0000 0.5929
vn -0.7873 -0.0000 0.6166
vn -0.7722 -0.0000 0.6354
vn -0.7587 -0.0000 0.6514
vn -0.7460 -0.0000 0.6660
vn -0.7330 -0.0000 0.6802
vn -0.7191 -0.0000 0.6949
vn -0.7030 -0.0000 0.7112
vn -0.6829 -0.0000 0.7305
vn -0.6557 -0.0000 0.7550
vn -0.9979 -0.0000 -0.0651
vn -0.5727 -0.0000 -0.8198
vn -0.6484 -0.0000 -0.7613
vn -0.7224 -0.0000 -0.6914
vn -0.7915 -0.0000 -0.6112
vn -0.8522 -0.0000 -0.5232
vn -0.9022 -0.0000 -0.4313
vn -0.9405 -0.0000 -0.3399
vn -0.9674 -0.0000 -0.2531
vn -0.9847 -0.0000 -0.1741
vn -0.9945 -0.0000 -0.1052
vn -0.9989 -0.0000 -0.0476
vn -0.9999 -0.0000 -0.0109
vn 0.8817 -0.0000 -0.4718
vn 0.8981 -0.0000 -0.4397
vn 0.8641 -0.0000 -0.5034
vn 0.8453 -0.0000 -0.5344
vn 0.8252 -0.0000 -0.5648
vn 0.8041 -0.0000 -0.5945
vn 0.7819 -0.0000 -0.6234
vn 0.7586 -0.0000 -0.6516
vn 0.7343 -0.0000 -0.6789
vn 0.7090 -0.0000 -0.7052
vn 0.6829 -0.0000 -0.7305
vn -0.0028 -0.0000 -1.0000
vn -0.6860 -0.0000 -0.7276
vn -0.7103 -0.0000 -0.7038
vn -0.7343 -0.0000 -0.6788
vn -0.7578 -0.0000 -0.6524
vn -0.7808 -0.0000 -0.6248
vn -0.8031 -0.0000 -0.5959
vn -0.8246 -0.0000 -0.5657
vn -0.8452 -0.0000 -0.5344
vn -0.8649 -0.0000 -0.5019
vn -0.8836 -0.0000 -0.4683
vn -0.9011 -0.0000 -0.4337
vn -0.8415 -0.0000 0.5403
vn 0.8437 -0.0000 0.5369
vn -0.8414 -0.0000 0.5403
vn 0.9893 -0.0000 0.1456
vn 0.9905 -0.0000 0.1374
vn 0.9881 -0.0000 0.1539
vn 0.9867 -0.0000 0.1624
vn 0.9853 -0.0000 0.1711
vn 0.9837 -0.0000 0.1799
vn 0.9820 -0.0000 0.1889
vn 0.9802 -0.0000 0.1981
vn 0.9782 -0.0000 0.2075
vn 0.9761 -0.0000 0.2171
vn 0.9739 -0.0000 0.2269
vn 0.9972 -0.0000 -0.0753
vn 0.9148 -0.0000 -0.4038
vn 0.8871 -0.0000 -0.4616
vn 0.9148 -0.0000 -0.4039
vn 0.8536 -0.0000 -0.5209
vn 0.8140 -0.0000 -0.5809
vn 0.7683 -0.0000 -0.6401
vn 0.7169 -0.0000 -0.6972
vn 0.6607 -0.0000 -0.7506
vn 0.6009 -0.0000 -0.7993
vn 0.5388 -0.0000 -0.8424
vn 0.4761 -0.0000 -0.8794
vn 0.4142 -0.0000 -0.9102
vn -0.5553 -0.0000 -0.8317
vn -0.5552 -0.0000 -0.8317
vn 0.7637 -0.0000 -0.6456
vn 0.1561 -0.0000 -0.9877
vn 0.1361 -0.0000 -0.9907
vn 0.1174 -0.0000 -0.9931
vn 0.0999 -0.0000 -0.9950
vn 0.0836 -0.0000 -0.9965
vn 0.0685 -0.0000 -0.9977
vn 0.0545 -0.0000 -0.9985
vn 0.0416 -0.0000 -0.9991
vn 0.0298 -0.0000 -0.9996
vn 0.0189 -0.0000 -0.9998
vn 0.0091 -0.0000 -1.0000
vn 0.0022 -0.0000 -1.0000
vn -0.0001 -0.0000 -1.0000
vn -0.0004 -0.0000 -1.0000
vn -0.0007 -0.0000 -1.0000
vn -0.0012 -0.0000 -1.0000
vn -0.0017 -0.0000 -1.0000
vn -0.0024 -0.0000 -1.0000
vn -0.0032 -0.0000 -1.0000
vn -0.0044 -0.0000 -1.0000
vn -0.0061 -0.0000 -1.0000
vn -0.0086 -0.0000 -1.0000
vn -0.0129 -0.0000 -0.9999
vn 0.8621 -0.0000 -0.5067
vn 0.8760 -0.0000 0.4823
vn 0.8932 -0.0000 0.4497
vn 0.9066 -0.0000 0.4221
vn 0.8932 -0.0000 0.4496
vn 0.9177 -0.0000 0.3974
vn 0.9066 -0.0000 0.4220
vn 0.9274 -0.0000 0.3741
vn 0.9364 -0.0000 0.3510
vn 0.9450 -0.0000 0.3270
vn 0.9537 -0.0000 0.3008
vn 0.9626 -0.0000 0.2710
vn 0.9719 -0.0000 0.2355
vn 0.9816 -0.0000 0.1909
vn 0.6458 -0.0000 0.7635
vn -0.0077 -0.0000 1.0000
vn -0.0345 -0.0000 0.9994
vn -0.0783 -0.0000 0.9969
vn -0.1341 -0.0000 0.9910
vn -0.2028 -0.0000 0.9792
vn -0.2842 -0.0000 0.9588
vn -0.3766 -0.0000 0.9264
vn -0.4765 -0.0000 0.8792
vn -0.5779 -0.0000 0.8161
vn -0.6740 -0.0000 0.7388
vn -0.7587 -0.0000 0.6515
vn -0.8283 -0.0000 0.5602
vn 0.0820 -0.0000 0.9966
vn 0.9243 -0.0000 0.3818
vn 0.0819 -0.0000 0.9966
vn 0.9110 -0.0000 0.4125
vn 0.8958 -0.0000 0.4445
vn 0.8784 -0.0000 0.4778
vn 0.8958 -0.0000 0.4446
vn 0.8589 -0.0000 0.5121
vn 0.8370 -0.0000 0.5472
vn 0.8589 -0.0000 0.5122
vn 0.8126 -0.0000 0.5828
vn 0.7857 -0.0000 0.6186
vn 0.7563 -0.0000 0.6542
vn 0.7246 -0.0000 0.6892
vn 0.6905 -0.0000 0.7233
vn -0.0475 -0.0000 0.9989
vn -0.7249 -0.0000 0.6889
vn -0.6982 -0.0000 0.7159
vn -0.7249 -0.0000 0.6888
vn -0.6775 -0.0000 0.7355
vn -0.6605 -0.0000 0.7508
vn -0.6457 -0.0000 0.7636
vn -0.6319 -0.0000 0.7750
vn -0.6186 -0.0000 0.7857
vn -0.6047 -0.0000 0.7964
vn -0.5896 -0.0000 0.8077
vn -0.5719 -0.0000 0.8203
vn -0.5498 -0.0000 0.8353
vn -0.9976 -0.0000 0.0697
vn -0.6835 -0.0000 -0.7299
vn -0.7465 -0.0000 -0.6654
vn -0.8011 -0.0000 -0.5985
vn -0.8473 -0.0000 -0.5312
vn -0.8851 -0.0000 -0.4654
vn -0.9154 -0.0000 -0.4025
vn -0.9392 -0.0000 -0.3435
vn -0.9574 -0.0000 -0.2888
vn -0.9711 -0.0000 -0.2388
vn -0.9811 -0.0000 -0.1935
vn -0.9883 -0.0000 -0.1525
vn -0.6180 -0.0000 -0.7862
vn -0.9883 -0.0000 -0.1526
vn 0.7863 -0.0000 -0.6179
vn 0.7862 -0.0000 -0.6179
vn 0.8716 -0.0000 -0.4902
vn 0.8657 -0.0000 -0.5006
vn 0.8775 -0.0000 -0.4795
vn 0.8836 -0.0000 -0.4683
vn 0.8899 -0.0000 -0.4562
vn 0.8966 -0.0000 -0.4427
vn 0.9040 -0.0000 -0.4275
vn 0.8967 -0.0000 -0.4427
vn 0.9122 -0.0000 -0.4098
vn 0.9214 -0.0000 -0.3887
vn 0.9318 -0.0000 -0.3630
vn 0.9213 -0.0000 -0.3887
vn 0.9438 -0.0000 -0.3305
vn 0.5864 -0.0000 -0.8100
vn -0.8198 -0.0000 -0.5726
vn -0.9356 -0.0000 0.3531
vn -0.9291 -0.0000 0.3698
vn -0.9230 -0.0000 0.3848
vn -0.9172 -0.0000 0.3985
vn -0.9116 -0.0000 0.4112
vn -0.9060 -0.0000 0.4232
vn -0.9115 -0.0000 0.4112
vn -0.9006 -0.0000 0.4347
vn -0.8950 -0.0000 0.4460
vn -0.8833 -0.0000 0.4688
vn -0.8769 -0.0000 0.4806
vn -0.8833 -0.0000 0.4687
vn -0.9238 -0.0000 -0.3830
vn 0.3728 -0.0000 -0.9279
vn -0.9238 -0.0000 -0.3829
vt 0.701299 0.000000
vt 0.668831 0.000000
vt 0.662338 0.000000
vt 0.655844 0.000000
vt 0.649351 0.000000
vt 0.675325 0.000000
vt 0.681818 0.000000
vt 0.688312 0.000000
vt 0.694805 0.000000
vt 0.616883 0.000000
vt 0.610390 0.000000
vt 0.623377 0.000000
vt 0.629870 0.000000
vt 0.636364 0.000000
vt 0.642857 0.000000
vt 0.577922 0.000000
vt 0.571429 0.000000
vt 0.720779 0.000000
vt 0.564935 0.000000
vt 0.727273 0.000000
vt 0.603896 0.000000
vt 0.707792 0.000000
vt 0.597403 0.000000
vt 0.590909 0.000000
vt 0.714286 0.000000
vt 0.584416 0.000000
vt 0.896104 0.000000
vt 0.889610 0.000000
vt 0.902597 0.000000
vt 0.909091 0.000000
vt 0.084416 0.000000
vt 0.077922 0.000000
vt 0.538961 0.000000
vt 0.519481 0.000000
vt 0.116883 0.000000
vt 0.525974 0.000000
vt 0.110390 0.000000
vt 0.103896 0.000000
vt 0.500000 0.000000
vt 0.142857 0.000000
vt 0.506494 0.000000
vt 0.136364 0.000000
vt 0.512987 0.000000
vt 0.129870 0.000000
vt 0.123377 0.000000
vt 0.532468 0.000000
vt 0.097403 0.000000
vt 0.090909 0.000000
vt 0.772727 0.000000
vt 0.006494 0.000000
vt 0.000000 0.000000
vt 0.779221 0.000000
vt 0.558442 0.000000
vt 0.551948 0.000000
vt 0.733766 0.000000
vt 0.545455 0.000000
vt 0.740260 0.000000
vt 0.746753 0.000000
vt 0.071429 0.000000
vt 0.753247 0.000000
vt 0.064935 0.000000
vt 0.759740 0.000000
vt 0.058442 0.000000
vt 0.051948 0.000000
vt 0.045455 0.000000
vt 0.038961 0.000000
vt 0.032468 0.000000
vt 0.766234 0.000000
vt 0.025974 0.000000
vt 0.019481 0.000000
vt 0.012987 0.000000
vt 0.915584 0.000000
vt 0.948052 0.000000
vt 0.941558 0.000000
vt 0.811688 0.000000
vt 0.805195 0.000000
vt 0.954545 0.000000
vt 0.798701 0.000000
vt 0.961039 0.000000
vt 0.792208 0.000000
vt 0.967532 0.000000
vt 0.785714 0.000000
vt 0.240260 0.000000
vt 0.233766 0.000000
vt 0.480519 0.000000
vt 0.266234 0.000000
vt 0.259740 0.000000
vt 0.474026 0.000000
vt 0.253247 0.000000
vt 0.246753 0.000000
vt 0.227273 0.000000
vt 0.220779 0.000000
vt 0.487013 0.000000
vt 0.493506 0.000000
vt 0.149351 0.000000
vt 0.214286 0.000000
vt 0.194805 0.000000
vt 0.188312 0.000000
vt 0.155844 0.000000
vt 0.857143 0.000000
vt 0.850649 0.000000
vt 0.844156 0.000000
vt 0.837662 0.000000
vt 0.831169 0.000000
vt 0.922078 0.000000
vt 0.824675 0.000000
vt 0.928571 0.000000
vt 0.935065 0.000000
vt 0.818182 0.000000
vt 0.285714 0.000000
vt 0.279221 0.000000
vt 0.467532 0.000000
vt 0.272727 0.000000
vt 0.311688 0.000000
vt 0.305195 0.000000
vt 0.461039 0.000000
vt 0.298701 0.000000
vt 0.292208 0.000000
vt 0.337662 0.000000
vt 0.331169 0.000000
vt 0.324675 0.000000
vt 0.318182 0.000000
vt 0.350649 0.000000
vt 0.344156 0.000000
vt 0.454545 0.000000
vt 0.448052 0.000000
vt 0.441558 0.000000
vt 0.435065 0.000000
vt 0.357143 0.000000
vt 0.396104 0.000000
vt 0.389610 0.000000
vt 0.370130 0.000000
vt 0.383117 0.000000
vt 0.376623 0.000000
vt 0.428571 0.000000
vt 0.422078 0.000000
vt 0.415584 0.000000
vt 0.363636 0.000000
vt 0.409091 0.000000
vt 0.402597 0.000000
vt 0.883117 0.000000
vt 0.876623 0.000000
vt 0.870130 0.000000
vt 0.863636 0.000000
vt 0.207792 0.000000
vt 0.201299 0.000000
vt 0.181818 0.000000
vt 0.175325 0.000000
vt 0.168831 0.000000
vt 0.162338 0.000000
vt 0.974026 0.000000
vt 1.000000 0.000000
vt 0.980519 0.000000
vt 0.987013 0.000000
vt 0.993506 0.000000
vt 0.380000 0.000000
vt 0.376667 0.000000
vt 0.373333 0.000000
vt 0.496667 0.000000
vt 0.383333 0.000000
vt 0.493333 0.000000
vt 0.490000 0.000000
vt 0.086667 0.000000
vt 0.083333 0.000000
vt 0.073333 0.000000
vt 0.070000 0.000000
vt 0.090000 0.000000
vt 0.066667 0.000000
vt 0.093333 0.000000
vt 0.063333 0.000000
vt 0.096667 0.000000
vt 0.060000 0.000000
vt 0.056667 0.000000
vt 0.100000 0.000000
vt 0.053333 0.000000
vt 0.026667 0.000000
vt 0.036667 0.000000
vt 0.030000 0.000000
vt 0.103333 0.000000
vt 0.050000 0.000000
vt 0.106667 0.000000
vt 0.046667 0.000000
vt 0.110000 0.000000
vt 0.043333 0.000000
vt 0.113333 0.000000
vt 0.040000 0.000000
vt 0.116667 0.000000
vt 0.123333 0.000000
vt 0.120000 0.000000
vt 0.486667 0.000000
vt 0.370000 0.000000
vt 0.390000 0.000000
vt 0.366667 0.000000
vt 0.850000 0.000000
vt 0.873333 0.000000
vt 0.853333 0.000000
vt 0.856667 0.000000
vt 0.350000 0.000000
vt 0.346667 0.000000
vt 0.396667 0.000000
vt 0.846667 0.000000
vt 0.353333 0.000000
vt 0.393333 0.000000
vt 0.356667 0.000000
vt 0.360000 0.000000
vt 0.363333 0.000000
vt 0.860000 0.000000
vt 0.863333 0.000000
vt 0.866667 0.000000
vt 0.870000 0.000000
vt 0.020000 0.000000
vt 0.016667 0.000000
vt 0.013333 0.000000
vt 0.023333 0.000000
vt 0.006667 0.000000
vt 0.003333 0.000000
vt 0.010000 0.000000
vt 0.080000 0.000000
vt 0.076667 0.000000
vt 0.323333 0.000000
vt 0.320000 0.000000
vt 0.400000 0.000000
vt 0.403333 0.000000
vt 0.833333 0.000000
vt 0.830000 0.000000
vt 0.826667 0.000000
vt 0.836667 0.000000
vt 0.840000 0.000000
vt 0.316667 0.000000
vt 0.406667 0.000000
vt 0.466667 0.000000
vt 0.463333 0.000000
vt 0.473333 0.000000
vt 0.470000 0.000000
vt 0.876667 0.000000
vt 0.823333 0.000000
vt 0.880000 0.000000
vt 0.820000 0.000000
vt 0.883333 0.000000
vt 0.433333 0.000000
vt 0.430000 0.000000
vt 0.953333 0.000000
vt 0.950000 0.000000
vt 0.296667 0.000000
vt 0.293333 0.000000
vt 0.426667 0.000000
vt 0.436667 0.000000
vt 0.946667 0.000000
vt 0.416667 0.000000
vt 0.306667 0.000000
vt 0.303333 0.000000
vt 0.420000 0.000000
vt 0.300000 0.000000
vt 0.423333 0.000000
vt 0.440000 0.000000
vt 0.943333 0.000000
vt 0.443333 0.000000
vt 0.940000 0.000000
vt 0.446667 0.000000
vt 0.936667 0.000000
vt 0.313333 0.000000
vt 0.410000 0.000000
vt 0.310000 0.000000
vt 0.413333 0.000000
vt 0.450000 0.000000
vt 0.933333 0.000000
vt 0.453333 0.000000
vt 0.930000 0.000000
vt 0.456667 0.000000
vt 0.926667 0.000000
vt 0.460000 0.000000
vt 0.923333 0.000000
vt 0.920000 0.000000
vt 0.816667 0.000000
vt 0.886667 0.000000
vt 0.813333 0.000000
vt 0.810000 0.000000
vt 0.890000 0.000000
vt 0.806667 0.000000
vt 0.893333 0.000000
vt 0.803333 0.000000
vt 0.896667 0.000000
vt 0.800000 0.000000
vt 0.900000 0.000000
vt 0.796667 0.000000
vt 0.903333 0.000000
vt 0.793333 0.000000
vt 0.906667 0.000000
vt 0.790000 0.000000
vt 0.910000 0.000000
vt 0.786667 0.000000
vt 0.913333 0.000000
vt 0.333333 0.000000
vt 0.330000 0.000000
vt 0.326667 0.000000
vt 0.336667 0.000000
vt 0.340000 0.000000
vt 0.343333 0.000000
vt 0.480000 0.000000
vt 0.476667 0.000000
vt 0.843333 0.000000
vt 0.286667 0.000000
vt 0.283333 0.000000
vt 0.173333 0.000000
vt 0.170000 0.000000
vt 0.290000 0.000000
vt 0.956667 0.000000
vt 0.960000 0.000000
vt 0.166667 0.000000
vt 0.963333 0.000000
vt 0.270000 0.000000
vt 0.183333 0.000000
vt 0.273333 0.000000
vt 0.180000 0.000000
vt 0.276667 0.000000
vt 0.176667 0.000000
vt 0.280000 0.000000
vt 0.163333 0.000000
vt 0.966667 0.000000
vt 0.970000 0.000000
vt 0.160000 0.000000
vt 0.973333 0.000000
vt 0.540000 0.000000
vt 0.733333 0.000000
vt 0.543333 0.000000
vt 0.736667 0.000000
vt 0.740000 0.000000
vt 0.536667 0.000000
vt 0.730000 0.000000
vt 0.550000 0.000000
vt 0.546667 0.000000
vt 0.553333 0.000000
vt 0.726667 0.000000
vt 0.723333 0.000000
vt 0.266667 0.000000
vt 0.263333 0.000000
vt 0.190000 0.000000
vt 0.186667 0.000000
vt 0.743333 0.000000
vt 0.533333 0.000000
vt 0.530000 0.000000
vt 0.746667 0.000000
vt 0.156667 0.000000
vt 0.976667 0.000000
vt 0.153333 0.000000
vt 0.980000 0.000000
vt 0.150000 0.000000
vt 0.983333 0.000000
vt 0.986667 0.000000
vt 0.146667 0.000000
vt 0.990000 0.000000
vt 0.750000 0.000000
vt 0.526667 0.000000
vt 0.753333 0.000000
vt 0.756667 0.000000
vt 0.760000 0.000000
vt 0.763333 0.000000
vt 0.523333 0.000000
vt 0.766667 0.000000
vt 0.770000 0.000000
vt 0.520000 0.000000
vt 0.516667 0.000000
vt 0.773333 0.000000
vt 0.513333 0.000000
vt 0.510000 0.000000
vt 0.776667 0.000000
vt 0.506667 0.000000
vt 0.503333 0.000000
vt 0.780000 0.000000
vt 0.783333 0.000000
vt 0.916667 0.000000
vt 0.560000 0.000000
vt 0.720000 0.000000
vt 0.716667 0.000000
vt 0.563333 0.000000
vt 0.556667 0.000000
vt 0.710000 0.000000
vt 0.566667 0.000000
vt 0.713333 0.000000
vt 0.573333 0.000000
vt 0.706667 0.000000
vt 0.703333 0.000000
vt 0.570000 0.000000
vt 0.700000 0.000000
vt 0.580000 0.000000
vt 0.576667 0.000000
vt 0.696667 0.000000
vt 0.586667 0.000000
vt 0.583333 0.000000
vt 0.690000 0.000000
vt 0.590000 0.000000
vt 0.693333 0.000000
vt 0.253333 0.000000
vt 0.200000 0.000000
vt 0.256667 0.000000
vt 0.196667 0.000000
vt 0.133333 0.000000
vt 0.130000 0.000000
vt 0.126667 0.000000
vt 0.623333 0.000000
vt 0.620000 0.000000
vt 0.616667 0.000000
vt 0.613333 0.000000
vt 0.236667 0.000000
vt 0.233333 0.000000
vt 0.203333 0.000000
vt 0.230000 0.000000
vt 0.226667 0.000000
vt 0.223333 0.000000
vt 0.206667 0.000000
vt 0.220000 0.000000
vt 0.216667 0.000000
vt 0.213333 0.000000
vt 0.210000 0.000000
vt 0.660000 0.000000
vt 0.656667 0.000000
vt 0.663333 0.000000
vt 0.666667 0.000000
vt 0.653333 0.000000
vt 0.670000 0.000000
vt 0.673333 0.000000
vt 0.650000 0.000000
vt 0.676667 0.000000
vt 0.646667 0.000000
vt 0.680000 0.000000
vt 0.633333 0.000000
vt 0.630000 0.000000
vt 0.603333 0.000000
vt 0.606667 0.000000
vt 0.610000 0.000000
vt 0.626667 0.000000
vt 0.250000 0.000000
vt 0.246667 0.000000
vt 0.243333 0.000000
vt 0.240000 0.000000
vt 0.683333 0.000000
vt 0.643333 0.000000
vt 0.686667 0.000000
vt 0.640000 0.000000
vt 0.593333 0.000000
vt 0.636667 0.000000
vt 0.596667 0.000000
vt 0.600000 0.000000
vt 0.260000 0.000000
vt 0.193333 0.000000
vt 0.143333 0.000000
vt 0.993333 0.000000
vt 0.140000 0.000000
vt 0.996667 0.000000
vt 0.136667 0.000000
vt 0.483333 0.000000
vt 0.033333 0.000000
vt 0.386667 0.000000
vt 0.250000 1.000000
vt 0.000000 1.000000
vt 0.500000 1.000000
vt 0.750000 1.000000
vt 1.000000 1.000000
vt 0.038462 1.000000
vt 0.076923 1.000000
vt 0.038462 0.000000
vt 0.115385 1.000000
vt 0.076923 0.000000
vt 0.153846 1.000000
vt 0.115385 0.000000
vt 0.192308 1.000000
vt 0.153846 0.000000
vt 0.230769 1.000000
vt 0.192308 0.000000
vt 0.269231 1.000000
vt 0.230769 0.000000
vt 0.307692 1.000000
vt 0.269231 0.000000
vt 0.346154 1.000000
vt 0.307692 0.000000
vt 0.384615 1.000000
vt 0.346154 0.000000
vt 0.423077 1.000000
vt 0.384615 0.000000
vt 0.461538 1.000000
vt 0.423077 0.000000
vt 0.461538 0.000000
vt 0.538462 1.000000
vt 0.576923 1.000000
vt 0.538462 0.000000
vt 0.615385 1.000000
vt 0.576923 0.000000
vt 0.653846 1.000000
vt 0.615385 0.000000
vt 0.692308 1.000000
vt 0.653846 0.000000
vt 0.730769 1.000000
vt 0.692308 0.000000
vt 0.769231 1.000000
vt 0.730769 0.000000
vt 0.807692 1.000000
vt 0.769231 0.000000
vt 0.846154 1.000000
vt 0.807692 0.000000
vt 0.884615 1.000000
vt 0.846154 0.000000
vt 0.923077 1.000000
vt 0.884615 0.000000
vt 0.961538 1.000000
vt 0.923077 0.000000
vt 0.961538 0.000000
vt 0.009259 1.000000
vt 0.018519 1.000000
vt 0.009259 0.000000
vt 0.027778 1.000000
vt 0.018519 0.000000
vt 0.037037 1.000000
vt 0.027778 0.000000
vt 0.046296 1.000000
vt 0.037037 0.000000
vt 0.055556 1.000000
vt 0.046296 0.000000
vt 0.064815 1.000000
vt 0.055556 0.000000
vt 0.074074 1.000000
vt 0.064815 0.000000
vt 0.083333 1.000000
vt 0.074074 0.000000
vt 0.092593 1.000000
vt 0.101852 1.000000
vt 0.092593 0.000000
vt 0.111111 1.000000
vt 0.101852 0.000000
vt 0.120370 1.000000
vt 0.111111 0.000000
vt 0.129630 1.000000
vt 0.120370 0.000000
vt 0.138889 1.000000
vt 0.129630 0.000000
vt 0.148148 1.000000
vt 0.138889 0.000000
vt 0.157407 1.000000
vt 0.148148 0.000000
vt 0.166667 1.000000
vt 0.157407 0.000000
vt 0.175926 1.000000
vt 0.185185 1.000000
vt 0.175926 0.000000
vt 0.194444 1.000000
vt 0.185185 0.000000
vt 0.203704 1.000000
vt 0.194444 0.000000
vt 0.212963 1.000000
vt 0.203704 0.000000
vt 0.222222 1.000000
vt 0.212963 0.000000
vt 0.231481 1.000000
vt 0.222222 0.000000
vt 0.240741 1.000000
vt 0.231481 0.000000
vt 0.240741 0.000000
vt 0.259259 1.000000
vt 0.268519 1.000000
vt 0.259259 0.000000
vt 0.277778 1.000000
vt 0.268519 0.000000
vt 0.287037 1.000000
vt 0.277778 0.000000
vt 0.296296 1.000000
vt 0.287037 0.000000
vt 0.305556 1.000000
vt 0.296296 0.000000
vt 0.314815 1.000000
vt 0.305556 0.000000
vt 0.324074 1.000000
vt 0.314815 0.000000
vt 0.333333 1.000000
vt 0.324074 0.000000
vt 0.342593 1.000000
vt 0.351852 1.000000
vt 0.342593 0.000000
vt 0.361111 1.000000
vt 0.351852 0.000000
vt 0.370370 1.000000
vt 0.361111 0.000000
vt 0.379630 1.000000
vt 0.370370 0.000000
vt 0.388889 1.000000
vt 0.379630 0.000000
vt 0.398148 1.000000
vt 0.388889 0.000000
vt 0.407407 1.000000
vt 0.398148 0.000000
vt 0.416667 1.000000
vt 0.407407 0.000000
vt 0.425926 1.000000
vt 0.435185 1.000000
vt 0.425926 0.000000
vt 0.444444 1.000000
vt 0.435185 0.000000
vt 0.453704 1.000000
vt 0.444444 0.000000
vt 0.462963 1.000000
vt 0.453704 0.000000
vt 0.472222 1.000000
vt 0.462963 0.000000
vt 0.481481 1.000000
vt 0.472222 0.000000
vt 0.490741 1.000000
vt 0.481481 0.000000
vt 0.490741 0.000000
vt 0.509259 1.000000
vt 0.518519 1.000000
vt 0.509259 0.000000
vt 0.527778 1.000000
vt 0.518519 0.000000
vt 0.537037 1.000000
vt 0.527778 0.000000
vt 0.546296 1.000000
vt 0.537037 0.000000
vt 0.555556 1.000000
vt 0.546296 0.000000
vt 0.564815 1.000000
vt 0.555556 0.000000
vt 0.574074 1.000000
vt 0.564815 0.000000
vt 0.583333 1.000000
vt 0.574074 0.000000
vt 0.592593 1.000000
vt 0.601852 1.000000
vt 0.592593 0.000000
vt 0.611111 1.000000
vt 0.601852 0.000000
vt 0.620370 1.000000
vt 0.611111 0.000000
vt 0.629630 1.000000
vt 0.620370 0.000000
vt 0.638889 1.000000
vt 0.629630 0.000000
vt 0.648148 1.000000
vt 0.638889 0.000000
vt 0.657407 1.000000
vt 0.648148 0.000000
vt 0.666667 1.000000
vt 0.657407 0.000000
vt 0.675926 1.000000
vt 0.685185 1.000000
vt 0.675926 0.000000
vt 0.694444 1.000000
vt 0.685185 0.000000
vt 0.703704 1.000000
vt 0.694444 0.000000
vt 0.712963 1.000000
vt 0.703704 0.000000
vt 0.722222 1.000000
vt 0.712963 0.000000
vt 0.731481 1.000000
vt 0.722222 0.000000
vt 0.740741 1.000000
vt 0.731481 0.000000
vt 0.740741 0.000000
vt 0.759259 1.000000
vt 0.768519 1.000000
vt 0.759259 0.000000
vt 0.777778 1.000000
vt 0.768519 0.000000
vt 0.787037 1.000000
vt 0.777778 0.000000
vt 0.796296 1.000000
vt 0.787037 0.000000
vt 0.805556 1.000000
vt 0.796296 0.000000
vt 0.814815 1.000000
vt 0.805556 0.000000
vt 0.824074 1.000000
vt 0.814815 0.000000
vt 0.833333 1.000000
vt 0.824074 0.000000
vt 0.842593 1.000000
vt 0.851852 1.000000
vt 0.842593 0.000000
vt 0.861111 1.000000
vt 0.851852 0.000000
vt 0.870370 1.000000
vt 0.861111 0.000000
vt 0.879630 1.000000
vt 0.870370 0.000000
vt 0.888889 1.000000
vt 0.879630 0.000000
vt 0.898148 1.000000
vt 0.888889 0.000000
vt 0.907407 1.000000
vt 0.898148 0.000000
vt 0.916667 1.000000
vt 0.907407 0.000000
vt 0.925926 1.000000
vt 0.935185 1.000000
vt 0.925926 0.000000
vt 0.944444 1.000000
vt 0.935185 0.000000
vt 0.953704 1.000000
vt 0.944444 0.000000
vt 0.962963 1.000000
vt 0.953704 0.000000
vt 0.972222 1.000000
vt 0.962963 0.000000
vt 0.981481 1.000000
vt 0.972222 0.000000
vt 0.990741 1.000000
vt 0.981481 0.000000
vt 0.990741 0.000000
vt 0.007937 1.000000
vt 0.015873 1.000000
vt 0.007937 0.000000
vt 0.023810 1.000000
vt 0.015873 0.000000
vt 0.031746 1.000000
vt 0.023810 0.000000
vt 0.039683 1.000000
vt 0.031746 0.000000
vt 0.047619 1.000000
vt 0.039683 0.000000
vt 0.047619 0.000000
vt 0.063492 1.000000
vt 0.071429 1.000000
vt 0.063492 0.000000
vt 0.079365 1.000000
vt 0.087302 1.000000
vt 0.079365 0.000000
vt 0.095238 1.000000
vt 0.087302 0.000000
vt 0.103175 1.000000
vt 0.095238 0.000000
vt 0.103175 0.000000
vt 0.119048 1.000000
vt 0.126984 1.000000
vt 0.119048 0.000000
vt 0.134921 1.000000
vt 0.126984 0.000000
vt 0.142857 1.000000
vt 0.134921 0.000000
vt 0.150794 1.000000
vt 0.158730 1.000000
vt 0.150794 0.000000
vt 0.158730 0.000000
vt 0.174603 1.000000
vt 0.182540 1.000000
vt 0.174603 0.000000
vt 0.190476 1.000000
vt 0.182540 0.000000
vt 0.198413 1.000000
vt 0.190476 0.000000
vt 0.206349 1.000000
vt 0.198413 0.000000
vt 0.214286 1.000000
vt 0.206349 0.000000
vt 0.230159 1.000000
vt 0.238095 1.000000
vt 0.230159 0.000000
vt 0.246032 1.000000
vt 0.238095 0.000000
vt 0.253968 1.000000
vt 0.246032 0.000000
vt 0.261905 1.000000
vt 0.253968 0.000000
vt 0.269841 1.000000
vt 0.261905 0.000000
vt 0.269841 0.000000
vt 0.285714 1.000000
vt 0.293651 1.000000
vt 0.301587 1.000000
vt 0.293651 0.000000
vt 0.309524 1.000000
vt 0.301587 0.000000
vt 0.317460 1.000000
vt 0.309524 0.000000
vt 0.325397 1.000000
vt 0.317460 0.000000
vt 0.325397 0.000000
vt 0.341270 1.000000
vt 0.349206 1.000000
vt 0.341270 0.000000
vt 0.357143 1.000000
vt 0.349206 0.000000
vt 0.365079 1.000000
vt 0.373016 1.000000
vt 0.365079 0.000000
vt 0.380952 1.000000
vt 0.373016 0.000000
vt 0.380952 0.000000
vt 0.396825 1.000000
vt 0.404762 1.000000
vt 0.396825 0.000000
vt 0.412698 1.000000
vt 0.404762 0.000000
vt 0.420635 1.000000
vt 0.412698 0.000000
vt 0.428571 1.000000
vt 0.420635 0.000000
vt 0.436508 1.000000
vt 0.436508 0.000000
vt 0.452381 1.000000
vt 0.460317 1.000000
vt 0.452381 0.000000
vt 0.468254 1.000000
vt 0.460317 0.000000
vt 0.476190 1.000000
vt 0.468254 0.000000
vt 0.484127 1.000000
vt 0.476190 0.000000
vt 0.492063 1.000000
vt 0.484127 0.000000
vt 0.492063 0.000000
vt 0.507937 1.000000
vt 0.515873 1.000000
vt 0.507937 0.000000
vt 0.523810 1.000000
vt 0.515873 0.000000
vt 0.531746 1.000000
vt 0.523810 0.000000
vt 0.539683 1.000000
vt 0.531746 0.000000
vt 0.547619 1.000000
vt 0.539683 0.000000
vt 0.547619 0.000000
vt 0.563492 1.000000
vt 0.571429 1.000000
vt 0.563492 0.000000
vt 0.579365 1.000000
vt 0.587302 1.000000
vt 0.579365 0.000000
vt 0.595238 1.000000
vt 0.587302 0.000000
vt 0.603175 1.000000
vt 0.595238 0.000000
vt 0.603175 0.000000
vt 0.619048 1.000000
vt 0.626984 1.000000
vt 0.619048 0.000000
vt 0.634921 1.000000
vt 0.626984 0.000000
vt 0.642857 1.000000
vt 0.634921 0.000000
vt 0.650794 1.000000
vt 0.658730 1.000000
vt 0.650794 0.000000
vt 0.658730 0.000000
vt 0.674603 1.000000
vt 0.682540 1.000000
vt 0.674603 0.000000
vt 0.690476 1.000000
vt 0.682540 0.000000
vt 0.698413 1.000000
vt 0.690476 0.000000
vt 0.706349 1.000000
vt 0.698413 0.000000
vt 0.714286 1.000000
vt 0.706349 0.000000
vt 0.730159 1.000000
vt 0.738095 1.000000
vt 0.730159 0.000000
vt 0.746032 1.000000
vt 0.738095 0.000000
vt 0.753968 1.000000
vt 0.746032 0.000000
vt 0.761905 1.000000
vt 0.753968 0.000000
vt 0.769841 1.000000
vt 0.761905 0.000000
vt 0.769841 0.000000
vt 0.785714 1.000000
vt 0.793651 1.000000
vt 0.801587 1.000000
vt 0.793651 0.000000
vt 0.809524 1.000000
vt 0.801587 0.000000
vt 0.817460 1.000000
vt 0.809524 0.000000
vt 0.825397 1.000000
vt 0.817460 0.000000
vt 0.825397 0.000000
vt 0.841270 1.000000
vt 0.849206 1.000000
vt 0.841270 0.000000
vt 0.857143 1.000000
vt 0.849206 0.000000
vt 0.865079 1.000000
vt 0.873016 1.000000
vt 0.865079 0.000000
vt 0.880952 1.000000
vt 0.873016 0.000000
vt 0.880952 0.000000
vt 0.896825 1.000000
vt 0.904762 1.000000
vt 0.896825 0.000000
vt 0.912698 1.000000
vt 0.904762 0.000000
vt 0.920635 1.000000
vt 0.912698 0.000000
vt 0.928571 1.000000
vt 0.920635 0.000000
vt 0.936508 1.000000
vt 0.936508 0.000000
vt 0.952381 1.000000
vt 0.960317 1.000000
vt 0.952381 0.000000
vt 0.968254 1.000000
vt 0.960317 0.000000
vt 0.976190 1.000000
vt 0.968254 0.000000
vt 0.984127 1.000000
vt 0.976190 0.000000
vt 0.992063 1.000000
vt 0.984127 0.000000
vt 0.992063 0.000000
vt 0.040000 1.000000
vt 0.080000 1.000000
vt 0.120000 1.000000
vt 0.160000 1.000000
vt 0.200000 1.000000
vt 0.240000 1.000000
vt 0.280000 1.000000
vt 0.320000 1.000000
vt 0.360000 1.000000
vt 0.400000 1.000000
vt 0.440000 1.000000
vt 0.480000 1.000000
vt 0.520000 1.000000
vt 0.560000 1.000000
vt 0.600000 1.000000
vt 0.640000 1.000000
vt 0.680000 1.000000
vt 0.720000 1.000000
vt 0.760000 1.000000
vt 0.800000 1.000000
vt 0.840000 1.000000
vt 0.880000 1.000000
vt 0.920000 1.000000
vt 0.960000 1.000000
vt 0.008264 1.000000
vt 0.016529 1.000000
vt 0.008264 0.000000
vt 0.024793 1.000000
vt 0.016529 0.000000
vt 0.033058 1.000000
vt 0.024793 0.000000
vt 0.041322 1.000000
vt 0.033058 0.000000
vt 0.049587 1.000000
vt 0.041322 0.000000
vt 0.057851 1.000000
vt 0.049587 0.000000
vt 0.066116 1.000000
vt 0.057851 0.000000
vt 0.074380 1.000000
vt 0.066116 0.000000
vt 0.082645 1.000000
vt 0.074380 0.000000
vt 0.090909 1.000000
vt 0.082645 0.000000
vt 0.099174 1.000000
vt 0.107438 1.000000
vt 0.099174 0.000000
vt 0.115702 1.000000
vt 0.107438 0.000000
vt 0.123967 1.000000
vt 0.115702 0.000000
vt 0.132231 1.000000
vt 0.123967 0.000000
vt 0.140496 1.000000
vt 0.132231 0.000000
vt 0.148760 1.000000
vt 0.140496 0.000000
vt 0.157025 1.000000
vt 0.148760 0.000000
vt 0.165289 1.000000
vt 0.157025 0.000000
vt 0.173554 1.000000
vt 0.165289 0.000000
vt 0.181818 1.000000
vt 0.173554 0.000000
vt 0.190083 1.000000
vt 0.198347 1.000000
vt 0.190083 0.000000
vt 0.206612 1.000000
vt 0.198347 0.000000
vt 0.214876 1.000000
vt 0.206612 0.000000
vt 0.223140 1.000000
vt 0.214876 0.000000
vt 0.231405 1.000000
vt 0.223140 0.000000
vt 0.239669 1.000000
vt 0.231405 0.000000
vt 0.247934 1.000000
vt 0.239669 0.000000
vt 0.256198 1.000000
vt 0.247934 0.000000
vt 0.264463 1.000000
vt 0.256198 0.000000
vt 0.272727 1.000000
vt 0.264463 0.000000
vt 0.280992 1.000000
vt 0.289256 1.000000
vt 0.280992 0.000000
vt 0.297521 1.000000
vt 0.289256 0.000000
vt 0.305785 1.000000
vt 0.297521 0.000000
vt 0.314050 1.000000
vt 0.305785 0.000000
vt 0.322314 1.000000
vt 0.314050 0.000000
vt 0.330579 1.000000
vt 0.322314 0.000000
vt 0.338843 1.000000
vt 0.330579 0.000000
vt 0.347107 1.000000
vt 0.338843 0.000000
vt 0.355372 1.000000
vt 0.347107 0.000000
vt 0.363636 1.000000
vt 0.355372 0.000000
vt 0.371901 1.000000
vt 0.380165 1.000000
vt 0.371901 0.000000
vt 0.388430 1.000000
vt 0.380165 0.000000
vt 0.396694 1.000000
vt 0.388430 0.000000
vt 0.404959 1.000000
vt 0.396694 0.000000
vt 0.413223 1.000000
vt 0.404959 0.000000
vt 0.421488 1.000000
vt 0.413223 0.000000
vt 0.429752 1.000000
vt 0.421488 0.000000
vt 0.438017 1.000000
vt 0.429752 0.000000
vt 0.446281 1.000000
vt 0.438017 0.000000
vt 0.454545 1.000000
vt 0.446281 0.000000
vt 0.462810 1.000000
vt 0.471074 1.000000
vt 0.462810 0.000000
vt 0.479339 1.000000
vt 0.471074 0.000000
vt 0.487603 1.000000
vt 0.479339 0.000000
vt 0.495868 1.000000
vt 0.487603 0.000000
vt 0.504132 1.000000
vt 0.495868 0.000000
vt 0.512397 1.000000
vt 0.504132 0.000000
vt 0.520661 1.000000
vt 0.512397 0.000000
vt 0.528926 1.000000
vt 0.520661 0.000000
vt 0.537190 1.000000
vt 0.528926 0.000000
vt 0.545455 1.000000
vt 0.537190 0.000000
vt 0.553719 1.000000
vt 0.561983 1.000000
vt 0.553719 0.000000
vt 0.570248 1.000000
vt 0.561983 0.000000
vt 0.578512 1.000000
vt 0.570248 0.000000
vt 0.586777 1.000000
vt 0.578512 0.000000
vt 0.595041 1.000000
vt 0.586777 0.000000
vt 0.603306 1.000000
vt 0.595041 0.000000
vt 0.611570 1.000000
vt 0.603306 0.000000
vt 0.619835 1.000000
vt 0.611570 0.000000
vt 0.628099 1.000000
vt 0.619835 0.000000
vt 0.636364 1.000000
vt 0.628099 0.000000
vt 0.644628 1.000000
vt 0.652893 1.000000
vt 0.644628 0.000000
vt 0.661157 1.000000
vt 0.652893 0.000000
vt 0.669421 1.000000
vt 0.661157 0.000000
vt 0.677686 1.000000
vt 0.669421 0.000000
vt 0.685950 1.000000
vt 0.677686 0.000000
vt 0.694215 1.000000
vt 0.685950 0.000000
vt 0.702479 1.000000
vt 0.694215 0.000000
vt 0.710744 1.000000
vt 0.702479 0.000000
vt 0.719008 1.000000
vt 0.710744 0.000000
vt 0.727273 1.000000
vt 0.719008 0.000000
vt 0.735537 1.000000
vt 0.743802 1.000000
vt 0.735537 0.000000
vt 0.752066 1.000000
vt 0.743802 0.000000
vt 0.760331 1.000000
vt 0.752066 0.000000
vt 0.768595 1.000000
vt 0.760331 0.000000
vt 0.776860 1.000000
vt 0.768595 0.000000
vt 0.785124 1.000000
vt 0.776860 0.000000
vt 0.793388 1.000000
vt 0.785124 0.000000
vt 0.801653 1.000000
vt 0.793388 0.000000
vt 0.809917 1.000000
vt 0.801653 0.000000
vt 0.818182 1.000000
vt 0.809917 0.000000
vt 0.826446 1.000000
vt 0.834711 1.000000
vt 0.826446 0.000000
vt 0.842975 1.000000
vt 0.834711 0.000000
vt 0.851240 1.000000
vt 0.842975 0.000000
vt 0.859504 1.000000
vt 0.851240 0.000000
vt 0.867769 1.000000
vt 0.859504 0.000000
vt 0.876033 1.000000
vt 0.867769 0.000000
vt 0.884298 1.000000
vt 0.876033 0.000000
vt 0.892562 1.000000
vt 0.884298 0.000000
vt 0.900826 1.000000
vt 0.892562 0.000000
vt 0.909091 1.000000
vt 0.900826 0.000000
vt 0.917355 1.000000
vt 0.925620 1.000000
vt 0.917355 0.000000
vt 0.933884 1.000000
vt 0.925620 0.000000
vt 0.942149 1.000000
vt 0.933884 0.000000
vt 0.950413 1.000000
vt 0.942149 0.000000
vt 0.958678 1.000000
vt 0.950413 0.000000
vt 0.966942 1.000000
vt 0.958678 0.000000
vt 0.975207 1.000000
vt 0.966942 0.000000
vt 0.983471 1.000000
vt 0.975207 0.000000
vt 0.991736 1.000000
vt 0.983471 0.000000
vt 0.991736 0.000000
vt 0.029412 1.000000
vt 0.058824 1.000000
vt 0.029412 0.000000
vt 0.088235 1.000000
vt 0.058824 0.000000
vt 0.117647 1.000000
vt 0.088235 0.000000
vt 0.147059 1.000000
vt 0.117647 0.000000
vt 0.176471 1.000000
vt 0.147059 0.000000
vt 0.205882 1.000000
vt 0.176471 0.000000
vt 0.235294 1.000000
vt 0.205882 0.000000
vt 0.264706 1.000000
vt 0.235294 0.000000
vt 0.294118 1.000000
vt 0.264706 0.000000
vt 0.323529 1.000000
vt 0.294118 0.000000
vt 0.352941 1.000000
vt 0.323529 0.000000
vt 0.382353 1.000000
vt 0.352941 0.000000
vt 0.411765 1.000000
vt 0.382353 0.000000
vt 0.441176 1.000000
vt 0.411765 0.000000
vt 0.470588 1.000000
vt 0.441176 0.000000
vt 0.470588 0.000000
vt 0.529412 1.000000
vt 0.558824 1.000000
vt 0.529412 0.000000
vt 0.588235 1.000000
vt 0.558824 0.000000
vt 0.617647 1.000000
vt 0.588235 0.000000
vt 0.647059 1.000000
vt 0.617647 0.000000
vt 0.676471 1.000000
vt 0.647059 0.000000
vt 0.705882 1.000000
vt 0.676471 0.000000
vt 0.735294 1.000000
vt 0.705882 0.000000
vt 0.764706 1.000000
vt 0.735294 0.000000
vt 0.794118 1.000000
vt 0.764706 0.000000
vt 0.823529 1.000000
vt 0.794118 0.000000
vt 0.852941 1.000000
vt 0.823529 0.000000
vt 0.882353 1.000000
vt 0.852941 0.000000
vt 0.911765 1.000000
vt 0.882353 0.000000
vt 0.941176 1.000000
vt 0.911765 0.000000
vt 0.970588 1.000000
vt 0.941176 0.000000
vt 0.970588 0.000000
s 0
f 109/1/1 104/2/1 103/3/1
f 103/3/1 102/4/1 109/1/1
f 102/4/1 101/5/1 109/1/1
f 104/2/1 109/1/1 105/6/1
f 106/7/1 105/6/1 109/1/1
f 107/8/1 106/7/1 109/1/1
f 108/9/1 107/8/1 109/1/1
f 96/10/1 95/11/1 97/12/1
f 98/13/1 97/12/1 95/11/1
f 98/13/1 95/11/1 99/14/1
f 100/15/1 99/14/1 95/11/1
f 100/15/1 95/11/1 101/5/1
f 90/16/1 89/17/1 112/18/1
f 89/17/1 88/19/1 112/18/1
f 113/20/1 112/18/1 88/19/1
f 101/5/1 95/11/1 94/21/1
f 109/1/1 101/5/1 94/21/1
f 110/22/1 109/1/1 94/21/1
f 94/21/1 93/23/1 110/22/1
f 93/23/1 92/24/1 110/22/1
f 111/25/1 110/22/1 92/24/1
f 92/24/1 91/26/1 111/25/1
f 91/26/1 90/16/1 111/25/1
f 90/16/1 112/18/1 111/25/1
f 139/27/1 138/28/1 140/29/1
f 141/30/1 140/29/1 138/28/1
f 14/31/1 13/32/1 84/33/1
f 81/34/1 19/35/1 82/36/1
f 19/35/1 18/37/1 82/36/1
f 18/37/1 17/38/1 82/36/1
f 78/39/1 23/40/1 79/41/1
f 22/42/1 79/41/1 23/40/1
f 79/41/1 22/42/1 80/43/1
f 22/42/1 21/44/1 80/43/1
f 21/44/1 20/45/1 80/43/1
f 81/34/1 80/43/1 20/45/1
f 19/35/1 81/34/1 20/45/1
f 82/36/1 17/38/1 83/46/1
f 17/38/1 16/47/1 83/46/1
f 16/47/1 15/48/1 83/46/1
f 84/33/1 83/46/1 15/48/1
f 14/31/1 84/33/1 15/48/1
f 120/49/1 2/50/1 1/51/1
f 1/51/1 121/52/1 120/49/1
f 113/20/1 88/19/1 87/53/1
f 87/53/1 86/54/1 113/20/1
f 114/55/1 113/20/1 86/54/1
f 86/54/1 85/56/1 114/55/1
f 115/57/1 114/55/1 85/56/1
f 85/56/1 84/33/1 115/57/1
f 116/58/1 115/57/1 84/33/1
f 84/33/1 13/32/1 116/58/1
f 13/32/1 12/59/1 116/58/1
f 117/60/1 116/58/1 12/59/1
f 12/59/1 11/61/1 117/60/1
f 118/62/1 117/60/1 11/61/1
f 11/61/1 10/63/1 118/62/1
f 10/63/1 9/64/1 118/62/1
f 9/64/1 8/65/1 118/62/1
f 8/65/1 7/66/1 118/62/1
f 7/66/1 6/67/1 118/62/1
f 119/68/1 118/62/1 6/67/1
f 6/67/1 5/69/1 119/68/1
f 5/69/1 4/70/1 119/68/1
f 4/70/1 3/71/1 119/68/1
f 3/71/1 2/50/1 119/68/1
f 2/50/1 120/49/1 119/68/1
f 141/30/1 138/28/1 142/72/1
f 147/73/1 146/74/1 126/75/1
f 126/75/1 125/76/1 147/73/1
f 148/77/1 147/73/1 125/76/1
f 125/76/1 124/78/1 148/77/1
f 149/79/1 148/77/1 124/78/1
f 124/78/1 123/80/1 149/79/1
f 150/81/1 149/79/1 123/80/1
f 123/80/1 122/82/1 150/81/1
f 38/83/1 37/84/1 75/85/1
f 42/86/1 41/87/1 74/88/1
f 41/87/1 40/89/1 74/88/1
f 39/90/1 74/88/1 40/89/1
f 74/88/1 39/90/1 75/85/1
f 38/83/1 75/85/1 39/90/1
f 36/91/1 35/92/1 75/85/1
f 75/85/1 37/84/1 36/91/1
f 75/85/1 35/92/1 76/93/1
f 77/94/1 76/93/1 35/92/1
f 24/95/1 77/94/1 35/92/1
f 35/92/1 34/96/1 24/95/1
f 31/97/1 30/98/1 25/99/1
f 133/100/1 132/101/1 142/72/1
f 132/101/1 131/102/1 142/72/1
f 131/102/1 130/103/1 142/72/1
f 130/103/1 129/104/1 142/72/1
f 143/105/1 142/72/1 129/104/1
f 129/104/1 128/106/1 143/105/1
f 144/107/1 143/105/1 128/106/1
f 145/108/1 144/107/1 128/106/1
f 128/106/1 127/109/1 145/108/1
f 146/74/1 145/108/1 127/109/1
f 126/75/1 146/74/1 127/109/1
f 45/110/1 44/111/1 73/112/1
f 43/113/1 73/112/1 44/111/1
f 49/114/1 48/115/1 72/116/1
f 48/115/1 47/117/1 72/116/1
f 46/118/1 72/116/1 47/117/1
f 45/110/1 73/112/1 72/116/1
f 72/116/1 46/118/1 45/110/1
f 53/119/1 52/120/1 72/116/1
f 52/120/1 51/121/1 72/116/1
f 51/121/1 50/122/1 72/116/1
f 49/114/1 72/116/1 50/122/1
f 55/123/1 54/124/1 71/125/1
f 71/125/1 70/126/1 55/123/1
f 70/126/1 69/127/1 55/123/1
f 69/127/1 68/128/1 55/123/1
f 56/129/1 55/123/1 68/128/1
f 62/130/1 61/131/1 58/132/1
f 61/131/1 60/133/1 58/132/1
f 60/133/1 59/134/1 58/132/1
f 56/129/1 68/128/1 67/135/1
f 67/135/1 66/136/1 56/129/1
f 66/136/1 65/137/1 56/129/1
f 57/138/1 56/129/1 65/137/1
f 65/137/1 64/139/1 57/138/1
f 64/139/1 63/140/1 57/138/1
f 63/140/1 62/130/1 57/138/1
f 62/130/1 58/132/1 57/138/1
f 53/119/1 72/116/1 71/125/1
f 71/125/1 54/124/1 53/119/1
f 137/141/1 136/142/1 135/143/1
f 135/143/1 134/144/1 137/141/1
f 42/86/1 74/88/1 73/112/1
f 73/112/1 43/113/1 42/86/1
f 31/97/1 34/96/1 33/145/1
f 33/145/1 32/146/1 31/97/1
f 29/147/1 28/148/1 30/98/1
f 133/100/1 142/72/1 137/141/1
f 137/141/1 134/144/1 133/100/1
f 77/94/1 24/95/1 78/39/1
f 23/40/1 78/39/1 24/95/1
f 34/96/1 31/97/1 25/99/1
f 27/149/1 26/150/1 25/99/1
f 25/99/1 30/98/1 27/149/1
f 150/81/1 122/82/1 151/151/1
f 122/82/1 155/152/1 151/151/1
f 152/153/1 151/151/1 155/152/1
f 153/154/1 152/153/1 155/152/1
f 154/155/1 153/154/1 155/152/1
f 24/95/1 34/96/1 25/99/1
f 30/98/1 28/148/1 27/149/1
f 142/72/1 138/28/1 137/141/1
f 270/156/1 269/157/1 268/158/1
f 268/158/1 305/159/1 270/156/1
f 271/160/1 270/156/1 305/159/1
f 305/159/1 304/161/1 271/160/1
f 271/160/1 304/161/1 303/162/1
f 182/163/1 181/164/1 178/165/1
f 178/165/1 177/166/1 182/163/1
f 183/167/1 182/163/1 177/166/1
f 177/166/1 176/168/1 183/167/1
f 184/169/1 183/167/1 176/168/1
f 176/168/1 175/170/1 184/169/1
f 185/171/1 184/169/1 175/170/1
f 175/170/1 174/172/1 185/171/1
f 174/172/1 173/173/1 185/171/1
f 186/174/1 185/171/1 173/173/1
f 173/173/1 172/175/1 186/174/1
f 164/176/1 167/177/1 165/178/1
f 186/174/1 172/175/1 187/179/1
f 172/175/1 171/180/1 187/179/1
f 188/181/1 187/179/1 171/180/1
f 171/180/1 170/182/1 188/181/1
f 189/183/1 188/181/1 170/182/1
f 170/182/1 169/184/1 189/183/1
f 190/185/1 189/183/1 169/184/1
f 169/184/1 168/186/1 190/185/1
f 191/187/1 190/185/1 168/186/1
f 168/186/1 193/188/1 191/187/1
f 192/189/1 191/187/1 193/188/1
f 302/190/1 267/191/1 273/192/1
f 273/192/1 267/191/1 266/193/1
f 411/194/1 418/195/1 412/196/1
f 412/196/1 418/195/1 413/197/1
f 261/198/1 260/199/1 275/200/1
f 418/195/1 411/194/1 410/201/1
f 261/198/1 275/200/1 262/202/1
f 275/200/1 274/203/1 262/202/1
f 263/204/1 262/202/1 274/203/1
f 264/205/1 263/204/1 274/203/1
f 265/206/1 264/205/1 274/203/1
f 266/193/1 265/206/1 274/203/1
f 273/192/1 266/193/1 274/203/1
f 413/197/1 418/195/1 414/207/1
f 415/208/1 414/207/1 418/195/1
f 416/209/1 415/208/1 418/195/1
f 417/210/1 416/209/1 418/195/1
f 267/191/1 302/190/1 268/158/1
f 305/159/1 268/158/1 302/190/1
f 162/211/1 161/212/1 160/213/1
f 160/213/1 163/214/1 162/211/1
f 158/215/1 157/216/1 156/51/1
f 156/51/1 159/217/1 158/215/1
f 181/164/1 180/218/1 179/219/1
f 178/165/1 181/164/1 179/219/1
f 253/220/1 252/221/1 276/222/1
f 252/221/1 277/223/1 276/222/1
f 406/224/1 405/225/1 404/226/1
f 407/227/1 406/224/1 404/226/1
f 408/228/1 407/227/1 404/226/1
f 277/223/1 252/221/1 251/229/1
f 278/230/1 277/223/1 251/229/1
f 296/231/1 295/232/1 298/233/1
f 297/234/1 296/231/1 298/233/1
f 419/235/1 404/226/1 403/236/1
f 420/237/1 419/235/1 403/236/1
f 403/236/1 402/238/1 420/237/1
f 421/239/1 420/237/1 402/238/1
f 286/240/1 285/241/1 442/242/1
f 442/242/1 441/243/1 286/240/1
f 245/244/1 244/245/1 284/246/1
f 244/245/1 285/241/1 284/246/1
f 286/240/1 441/243/1 287/247/1
f 441/243/1 440/248/1 287/247/1
f 281/249/1 248/250/1 247/251/1
f 282/252/1 281/249/1 247/251/1
f 247/251/1 246/253/1 282/252/1
f 283/254/1 282/252/1 246/253/1
f 246/253/1 245/244/1 283/254/1
f 245/244/1 284/246/1 283/254/1
f 287/247/1 440/248/1 288/255/1
f 440/248/1 439/256/1 288/255/1
f 289/257/1 288/255/1 439/256/1
f 439/256/1 438/258/1 289/257/1
f 290/259/1 289/257/1 438/258/1
f 438/258/1 437/260/1 290/259/1
f 278/230/1 251/229/1 250/261/1
f 279/262/1 278/230/1 250/261/1
f 250/261/1 249/263/1 279/262/1
f 280/264/1 279/262/1 249/263/1
f 249/263/1 248/250/1 280/264/1
f 248/250/1 281/249/1 280/264/1
f 290/259/1 437/260/1 291/265/1
f 437/260/1 436/266/1 291/265/1
f 292/267/1 291/265/1 436/266/1
f 436/266/1 435/268/1 292/267/1
f 293/269/1 292/267/1 435/268/1
f 435/268/1 434/270/1 293/269/1
f 294/271/1 293/269/1 434/270/1
f 434/270/1 433/272/1 294/271/1
f 295/232/1 294/271/1 433/272/1
f 433/272/1 432/273/1 295/232/1
f 298/233/1 295/232/1 432/273/1
f 456/152/1 298/233/1 432/273/1
f 421/239/1 402/238/1 401/274/1
f 422/275/1 421/239/1 401/274/1
f 401/274/1 400/276/1 422/275/1
f 400/276/1 399/277/1 422/275/1
f 423/278/1 422/275/1 399/277/1
f 399/277/1 398/279/1 423/278/1
f 424/280/1 423/278/1 398/279/1
f 398/279/1 397/281/1 424/280/1
f 425/282/1 424/280/1 397/281/1
f 397/281/1 396/283/1 425/282/1
f 426/284/1 425/282/1 396/283/1
f 396/283/1 395/285/1 426/284/1
f 427/286/1 426/284/1 395/285/1
f 395/285/1 394/287/1 427/286/1
f 428/288/1 427/286/1 394/287/1
f 394/287/1 393/289/1 428/288/1
f 429/290/1 428/288/1 393/289/1
f 393/289/1 392/291/1 429/290/1
f 430/292/1 429/290/1 392/291/1
f 256/293/1 255/294/1 254/295/1
f 257/296/1 256/293/1 254/295/1
f 258/297/1 257/296/1 254/295/1
f 259/298/1 258/297/1 254/295/1
f 260/199/1 259/298/1 254/295/1
f 275/200/1 260/199/1 254/295/1
f 254/295/1 253/220/1 275/200/1
f 253/220/1 276/222/1 275/200/1
f 303/162/1 302/190/1 273/192/1
f 300/299/1 299/300/1 298/233/1
f 298/233/1 456/152/1 300/299/1
f 408/228/1 404/226/1 409/301/1
f 410/201/1 409/301/1 404/226/1
f 418/195/1 410/201/1 404/226/1
f 404/226/1 419/235/1 418/195/1
f 242/302/1 241/303/1 208/304/1
f 208/304/1 207/305/1 242/302/1
f 243/306/1 242/302/1 207/305/1
f 443/307/1 243/306/1 207/305/1
f 444/308/1 443/307/1 207/305/1
f 207/305/1 206/309/1 444/308/1
f 445/310/1 444/308/1 206/309/1
f 237/311/1 211/312/1 238/313/1
f 211/312/1 210/314/1 238/313/1
f 238/313/1 210/314/1 239/315/1
f 210/314/1 209/316/1 239/315/1
f 240/317/1 239/315/1 209/316/1
f 241/303/1 240/317/1 209/316/1
f 208/304/1 241/303/1 209/316/1
f 445/310/1 206/309/1 205/318/1
f 446/319/1 445/310/1 205/318/1
f 447/320/1 446/319/1 205/318/1
f 205/318/1 204/321/1 447/320/1
f 448/322/1 447/320/1 204/321/1
f 318/323/1 376/324/1 319/325/1
f 376/324/1 318/323/1 377/326/1
f 377/326/1 318/323/1 378/327/1
f 317/328/1 378/327/1 318/323/1
f 375/329/1 321/330/1 320/331/1
f 322/332/1 374/333/1 373/334/1
f 321/330/1 375/329/1 374/333/1
f 374/333/1 322/332/1 321/330/1
f 375/329/1 320/331/1 376/324/1
f 319/325/1 376/324/1 320/331/1
f 236/335/1 235/336/1 213/337/1
f 212/338/1 236/335/1 213/337/1
f 378/327/1 317/328/1 379/339/1
f 317/328/1 316/340/1 379/339/1
f 316/340/1 315/341/1 379/339/1
f 380/342/1 379/339/1 315/341/1
f 236/335/1 212/338/1 237/311/1
f 211/312/1 237/311/1 212/338/1
f 448/322/1 204/321/1 203/343/1
f 449/344/1 448/322/1 203/343/1
f 203/343/1 202/345/1 449/344/1
f 450/346/1 449/344/1 202/345/1
f 202/345/1 201/347/1 450/346/1
f 451/348/1 450/346/1 201/347/1
f 452/349/1 451/348/1 201/347/1
f 201/347/1 200/350/1 452/349/1
f 453/351/1 452/349/1 200/350/1
f 380/342/1 315/341/1 381/352/1
f 315/341/1 314/353/1 381/352/1
f 382/354/1 381/352/1 314/353/1
f 383/355/1 382/354/1 314/353/1
f 384/356/1 383/355/1 314/353/1
f 385/357/1 384/356/1 314/353/1
f 314/353/1 313/358/1 385/357/1
f 386/359/1 385/357/1 313/358/1
f 387/360/1 386/359/1 313/358/1
f 313/358/1 312/361/1 387/360/1
f 312/361/1 311/362/1 387/360/1
f 388/363/1 387/360/1 311/362/1
f 311/362/1 310/364/1 388/363/1
f 310/364/1 309/365/1 388/363/1
f 389/366/1 388/363/1 309/365/1
f 309/365/1 308/367/1 389/366/1
f 308/367/1 307/368/1 389/366/1
f 390/369/1 389/366/1 307/368/1
f 307/368/1 306/39/1 390/369/1
f 391/370/1 390/369/1 306/39/1
f 306/39/1 431/371/1 391/370/1
f 324/372/1 372/373/1 371/374/1
f 371/374/1 325/375/1 324/372/1
f 372/373/1 324/372/1 323/376/1
f 369/377/1 326/378/1 370/379/1
f 328/380/1 368/381/1 367/382/1
f 368/381/1 328/380/1 327/383/1
f 368/381/1 327/383/1 369/377/1
f 326/378/1 369/377/1 327/383/1
f 325/375/1 371/374/1 370/379/1
f 370/379/1 326/378/1 325/375/1
f 366/384/1 330/385/1 329/386/1
f 365/387/1 332/388/1 331/389/1
f 365/387/1 331/389/1 366/384/1
f 330/385/1 366/384/1 331/389/1
f 363/390/1 333/391/1 364/392/1
f 332/388/1 365/387/1 364/392/1
f 364/392/1 333/391/1 332/388/1
f 232/393/1 216/394/1 233/395/1
f 215/396/1 233/395/1 216/394/1
f 196/397/1 195/398/1 194/399/1
f 366/384/1 329/386/1 367/382/1
f 328/380/1 367/382/1 329/386/1
f 343/400/1 342/401/1 341/402/1
f 343/400/1 341/402/1 340/403/1
f 227/404/1 226/405/1 217/406/1
f 226/405/1 225/407/1 217/406/1
f 224/408/1 223/409/1 218/410/1
f 223/409/1 222/411/1 218/410/1
f 222/411/1 221/412/1 218/410/1
f 221/412/1 220/413/1 218/410/1
f 220/413/1 219/414/1 218/410/1
f 354/415/1 353/416/1 355/417/1
f 217/406/1 225/407/1 224/408/1
f 224/408/1 218/410/1 217/406/1
f 355/417/1 353/416/1 356/418/1
f 353/416/1 352/419/1 356/418/1
f 357/420/1 356/418/1 352/419/1
f 358/421/1 357/420/1 352/419/1
f 352/419/1 351/422/1 358/421/1
f 359/423/1 358/421/1 351/422/1
f 351/422/1 350/424/1 359/423/1
f 360/425/1 359/423/1 350/424/1
f 346/426/1 345/427/1 337/428/1
f 338/429/1 337/428/1 345/427/1
f 339/430/1 338/429/1 345/427/1
f 345/427/1 344/431/1 339/430/1
f 340/403/1 339/430/1 344/431/1
f 343/400/1 340/403/1 344/431/1
f 232/393/1 231/432/1 230/433/1
f 230/433/1 229/434/1 232/393/1
f 229/434/1 228/435/1 232/393/1
f 228/435/1 227/404/1 232/393/1
f 216/394/1 232/393/1 227/404/1
f 227/404/1 217/406/1 216/394/1
f 360/425/1 350/424/1 361/436/1
f 350/424/1 349/437/1 361/436/1
f 362/438/1 361/436/1 349/437/1
f 349/437/1 348/439/1 362/438/1
f 363/390/1 362/438/1 348/439/1
f 333/391/1 363/390/1 348/439/1
f 334/440/1 333/391/1 348/439/1
f 348/439/1 347/441/1 334/440/1
f 335/442/1 334/440/1 347/441/1
f 336/443/1 335/442/1 347/441/1
f 347/441/1 346/426/1 336/443/1
f 346/426/1 337/428/1 336/443/1
f 233/395/1 215/396/1 234/444/1
f 215/396/1 214/445/1 234/444/1
f 235/336/1 234/444/1 214/445/1
f 213/337/1 235/336/1 214/445/1
f 453/351/1 200/350/1 199/446/1
f 454/447/1 453/351/1 199/446/1
f 199/446/1 198/448/1 454/447/1
f 455/449/1 454/447/1 198/448/1
f 198/448/1 197/450/1 455/449/1
f 301/451/1 455/449/1 197/450/1
f 197/450/1 196/397/1 301/451/1
f 196/397/1 194/399/1 301/451/1
f 372/373/1 323/376/1 373/334/1
f 322/332/1 373/334/1 323/376/1
f 285/241/1 244/245/1 243/306/1
f 243/306/1 443/307/1 285/241/1
f 442/242/1 285/241/1 443/307/1
f 430/292/1 392/291/1 391/370/1
f 391/370/1 431/371/1 430/292/1
f 166/452/1 165/178/1 167/177/1
f 303/162/1 272/453/1 271/160/1
f 272/453/1 303/162/1 273/192/1
f 301/451/1 300/299/1 456/152/1
f 455/449/1 301/451/1 456/152/1
f 565/1/2 559/3/2 560/2/2
f 559/3/2 565/1/2 558/4/2
f 558/4/2 565/1/2 557/5/2
f 560/2/2 561/6/2 565/1/2
f 562/7/2 565/1/2 561/6/2
f 563/8/2 565/1/2 562/7/2
f 564/9/2 565/1/2 563/8/2
f 552/10/2 553/12/2 551/11/2
f 554/13/2 551/11/2 553/12/2
f 554/13/2 555/14/2 551/11/2
f 556/15/2 551/11/2 555/14/2
f 556/15/2 557/5/2 551/11/2
f 546/16/2 568/18/2 545/17/2
f 545/17/2 568/18/2 544/19/2
f 569/20/2 544/19/2 568/18/2
f 557/5/2 550/21/2 551/11/2
f 565/1/2 550/21/2 557/5/2
f 566/22/2 550/21/2 565/1/2
f 550/21/2 566/22/2 549/23/2
f 549/23/2 566/22/2 548/24/2
f 567/25/2 548/24/2 566/22/2
f 548/24/2 567/25/2 547/26/2
f 547/26/2 567/25/2 546/16/2
f 546/16/2 567/25/2 568/18/2
f 595/27/2 596/29/2 594/28/2
f 597/30/2 594/28/2 596/29/2
f 470/31/2 540/33/2 469/32/2
f 537/34/2 538/36/2 475/35/2
f 475/35/2 538/36/2 474/37/2
f 474/37/2 538/36/2 473/38/2
f 534/39/2 535/41/2 479/40/2
f 478/42/2 479/40/2 535/41/2
f 535/41/2 536/43/2 478/42/2
f 478/42/2 536/43/2 477/44/2
f 477/44/2 536/43/2 476/45/2
f 537/34/2 476/45/2 536/43/2
f 475/35/2 476/45/2 537/34/2
f 538/36/2 539/46/2 473/38/2
f 473/38/2 539/46/2 472/47/2
f 472/47/2 539/46/2 471/48/2
f 540/33/2 471/48/2 539/46/2
f 470/31/2 471/48/2 540/33/2
f 576/49/2 457/51/2 458/50/2
f 457/51/2 576/49/2 577/52/2
f 569/20/2 543/53/2 544/19/2
f 543/53/2 569/20/2 542/54/2
f 570/55/2 542/54/2 569/20/2
f 542/54/2 570/55/2 541/56/2
f 571/57/2 541/56/2 570/55/2
f 541/56/2 571/57/2 540/33/2
f 572/58/2 540/33/2 571/57/2
f 540/33/2 572/58/2 469/32/2
f 469/32/2 572/58/2 468/59/2
f 573/60/2 468/59/2 572/58/2
f 468/59/2 573/60/2 467/61/2
f 574/62/2 467/61/2 573/60/2
f 467/61/2 574/62/2 466/63/2
f 466/63/2 574/62/2 465/64/2
f 465/64/2 574/62/2 464/65/2
f 464/65/2 574/62/2 463/66/2
f 463/66/2 574/62/2 462/67/2
f 575/68/2 462/67/2 574/62/2
f 462/67/2 575/68/2 461/69/2
f 461/69/2 575/68/2 460/70/2
f 460/70/2 575/68/2 459/71/2
f 459/71/2 575/68/2 458/50/2
f 458/50/2 575/68/2 576/49/2
f 597/30/2 598/72/2 594/28/2
f 603/73/2 582/75/2 602/74/2
f 582/75/2 603/73/2 581/76/2
f 604/77/2 581/76/2 603/73/2
f 581/76/2 604/77/2 580/78/2
f 605/79/2 580/78/2 604/77/2
f 580/78/2 605/79/2 579/80/2
f 606/81/2 579/80/2 605/79/2
f 579/80/2 606/81/2 578/82/2
f 494/83/2 531/85/2 493/84/2
f 498/86/2 530/88/2 497/87/2
f 497/87/2 530/88/2 496/89/2
f 495/90/2 496/89/2 530/88/2
f 530/88/2 531/85/2 495/90/2
f 494/83/2 495/90/2 531/85/2
f 492/91/2 531/85/2 491/92/2
f 531/85/2 492/91/2 493/84/2
f 531/85/2 532/93/2 491/92/2
f 533/94/2 491/92/2 532/93/2
f 480/95/2 491/92/2 533/94/2
f 491/92/2 480/95/2 490/96/2
f 487/97/2 481/99/2 486/98/2
f 589/100/2 598/72/2 588/101/2
f 588/101/2 598/72/2 587/102/2
f 587/102/2 598/72/2 586/103/2
f 586/103/2 598/72/2 585/104/2
f 599/105/2 585/104/2 598/72/2
f 585/104/2 599/105/2 584/106/2
f 600/107/2 584/106/2 599/105/2
f 601/108/2 584/106/2 600/107/2
f 584/106/2 601/108/2 583/109/2
f 602/74/2 583/109/2 601/108/2
f 582/75/2 583/109/2 602/74/2
f 501/110/2 529/112/2 500/111/2
f 499/113/2 500/111/2 529/112/2
f 505/114/2 528/116/2 504/115/2
f 504/115/2 528/116/2 503/117/2
f 502/118/2 503/117/2 528/116/2
f 501/110/2 528/116/2 529/112/2
f 528/116/2 501/110/2 502/118/2
f 509/119/2 528/116/2 508/120/2
f 508/120/2 528/116/2 507/121/2
f 507/121/2 528/116/2 506/122/2
f 505/114/2 506/122/2 528/116/2
f 511/123/2 527/125/2 510/124/2
f 527/125/2 511/123/2 526/126/2
f 526/126/2 511/123/2 525/127/2
f 525/127/2 511/123/2 524/128/2
f 512/129/2 524/128/2 511/123/2
f 518/130/2 514/132/2 517/131/2
f 517/131/2 514/132/2 516/133/2
f 516/133/2 514/132/2 515/134/2
f 512/129/2 523/135/2 524/128/2
f 523/135/2 512/129/2 522/136/2
f 522/136/2 512/129/2 521/137/2
f 513/138/2 521/137/2 512/129/2
f 521/137/2 513/138/2 520/139/2
f 520/139/2 513/138/2 519/140/2
f 519/140/2 513/138/2 518/130/2
f 518/130/2 513/138/2 514/132/2
f 509/119/2 527/125/2 528/116/2
f 527/125/2 509/119/2 510/124/2
f 593/141/2 591/143/2 592/142/2
f 591/143/2 593/141/2 590/144/2
f 498/86/2 529/112/2 530/88/2
f 529/112/2 498/86/2 499/113/2
f 487/97/2 489/145/2 490/96/2
f 489/145/2 487/97/2 488/146/2
f 485/147/2 486/98/2 484/148/2
f 589/100/2 593/141/2 598/72/2
f 593/141/2 589/100/2 590/144/2
f 533/94/2 534/39/2 480/95/2
f 479/40/2 480/95/2 534/39/2
f 490/96/2 481/99/2 487/97/2
f 483/149/2 481/99/2 482/150/2
f 481/99/2 483/149/2 486/98/2
f 606/81/2 607/151/2 578/82/2
f 578/82/2 607/151/2 611/152/2
f 608/153/2 611/152/2 607/151/2
f 609/154/2 611/152/2 608/153/2
f 610/155/2 611/152/2 609/154/2
f 480/95/2 481/99/2 490/96/2
f 486/98/2 483/149/2 484/148/2
f 598/72/2 593/141/2 594/28/2
f 726/156/2 724/158/2 725/157/2
f 724/158/2 726/156/2 761/159/2
f 727/160/2 761/159/2 726/156/2
f 761/159/2 727/160/2 760/161/2
f 727/160/2 759/162/2 760/161/2
f 638/163/2 634/165/2 637/164/2
f 634/165/2 638/163/2 633/166/2
f 639/167/2 633/166/2 638/163/2
f 633/166/2 639/167/2 632/168/2
f 640/169/2 632/168/2 639/167/2
f 632/168/2 640/169/2 631/170/2
f 641/171/2 631/170/2 640/169/2
f 631/170/2 641/171/2 630/172/2
f 630/172/2 641/171/2 629/173/2
f 642/174/2 629/173/2 641/171/2
f 629/173/2 642/174/2 628/175/2
f 620/176/2 621/178/2 623/177/2
f 642/174/2 643/179/2 628/175/2
f 628/175/2 643/179/2 627/180/2
f 644/181/2 627/180/2 643/179/2
f 627/180/2 644/181/2 626/182/2
f 645/183/2 626/182/2 644/181/2
f 626/182/2 645/183/2 625/184/2
f 646/185/2 625/184/2 645/183/2
f 625/184/2 646/185/2 624/186/2
f 647/187/2 624/186/2 646/185/2
f 624/186/2 647/187/2 649/188/2
f 648/189/2 649/188/2 647/187/2
f 758/190/2 729/192/2 723/191/2
f 729/192/2 722/193/2 723/191/2
f 867/194/2 868/196/2 874/195/2
f 868/196/2 869/197/2 874/195/2
f 717/198/2 731/200/2 716/199/2
f 874/195/2 866/201/2 867/194/2
f 717/198/2 718/202/2 731/200/2
f 731/200/2 718/202/2 730/203/2
f 719/204/2 730/203/2 718/202/2
f 720/205/2 730/203/2 719/204/2
f 721/206/2 730/203/2 720/205/2
f 722/193/2 730/203/2 721/206/2
f 729/192/2 730/203/2 722/193/2
f 869/197/2 870/207/2 874/195/2
f 871/208/2 874/195/2 870/207/2
f 872/209/2 874/195/2 871/208/2
f 873/210/2 874/195/2 872/209/2
f 723/191/2 724/158/2 758/190/2
f 761/159/2 758/190/2 724/158/2
f 618/211/2 616/213/2 617/212/2
f 616/213/2 618/211/2 619/214/2
f 614/215/2 612/51/2 613/216/2
f 612/51/2 614/215/2 615/217/2
f 637/164/2 635/219/2 636/218/2
f 634/165/2 635/219/2 637/164/2
f 709/220/2 732/222/2 708/221/2
f 708/221/2 732/222/2 733/223/2
f 862/224/2 860/226/2 861/225/2
f 863/227/2 860/226/2 862/224/2
f 864/228/2 860/226/2 863/227/2
f 733/223/2 707/229/2 708/221/2
f 734/230/2 707/229/2 733/223/2
f 752/231/2 754/233/2 751/232/2
f 753/234/2 754/233/2 752/231/2
f 875/235/2 859/236/2 860/226/2
f 876/237/2 859/236/2 875/235/2
f 859/236/2 876/237/2 858/238/2
f 877/239/2 858/238/2 876/237/2
f 742/240/2 898/242/2 741/241/2
f 898/242/2 742/240/2 897/243/2
f 701/244/2 740/246/2 700/245/2
f 700/245/2 740/246/2 741/241/2
f 742/240/2 743/247/2 897/243/2
f 897/243/2 743/247/2 896/248/2
f 737/249/2 703/251/2 704/250/2
f 738/252/2 703/251/2 737/249/2
f 703/251/2 738/252/2 702/253/2
f 739/254/2 702/253/2 738/252/2
f 702/253/2 739/254/2 701/244/2
f 701/244/2 739/254/2 740/246/2
f 743/247/2 744/255/2 896/248/2
f 896/248/2 744/255/2 895/256/2
f 745/257/2 895/256/2 744/255/2
f 895/256/2 745/257/2 894/258/2
f 746/259/2 894/258/2 745/257/2
f 894/258/2 746/259/2 893/260/2
f 734/230/2 706/261/2 707/229/2
f 735/262/2 706/261/2 734/230/2
f 706/261/2 735/262/2 705/263/2
f 736/264/2 705/263/2 735/262/2
f 705/263/2 736/264/2 704/250/2
f 704/250/2 736/264/2 737/249/2
f 746/259/2 747/265/2 893/260/2
f 893/260/2 747/265/2 892/266/2
f 748/267/2 892/266/2 747/265/2
f 892/266/2 748/267/2 891/268/2
f 749/269/2 891/268/2 748/267/2
f 891/268/2 749/269/2 890/270/2
f 750/271/2 890/270/2 749/269/2
f 890/270/2 750/271/2 889/272/2
f 751/232/2 889/272/2 750/271/2
f 889/272/2 751/232/2 888/273/2
f 754/233/2 888/273/2 751/232/2
f 912/152/2 888/273/2 754/233/2
f 877/239/2 857/274/2 858/238/2
f 878/275/2 857/274/2 877/239/2
f 857/274/2 878/275/2 856/276/2
f 856/276/2 878/275/2 855/277/2
f 879/278/2 855/277/2 878/275/2
f 855/277/2 879/278/2 854/279/2
f 880/280/2 854/279/2 879/278/2
f 854/279/2 880/280/2 853/281/2
f 881/282/2 853/281/2 880/280/2
f 853/281/2 881/282/2 852/283/2
f 882/284/2 852/283/2 881/282/2
f 852/283/2 882/284/2 851/285/2
f 883/286/2 851/285/2 882/284/2
f 851/285/2 883/286/2 850/287/2
f 884/288/2 850/287/2 883/286/2
f 850/287/2 884/288/2 849/289/2
f 885/290/2 849/289/2 884/288/2
f 849/289/2 885/290/2 848/291/2
f 886/292/2 848/291/2 885/290/2
f 712/293/2 710/295/2 711/294/2
f 713/296/2 710/295/2 712/293/2
f 714/297/2 710/295/2 713/296/2
f 715/298/2 710/295/2 714/297/2
f 716/199/2 710/295/2 715/298/2
f 731/200/2 710/295/2 716/199/2
f 710/295/2 731/200/2 709/220/2
f 709/220/2 731/200/2 732/222/2
f 759/162/2 729/192/2 758/190/2
f 756/299/2 754/233/2 755/300/2
f 754/233/2 756/299/2 912/152/2
f 864/228/2 865/301/2 860/226/2
f 866/201/2 860/226/2 865/301/2
f 874/195/2 860/226/2 866/201/2
f 860/226/2 874/195/2 875/235/2
f 698/302/2 664/304/2 697/303/2
f 664/304/2 698/302/2 663/305/2
f 699/306/2 663/305/2 698/302/2
f 899/307/2 663/305/2 699/306/2
f 900/308/2 663/305/2 899/307/2
f 663/305/2 900/308/2 662/309/2
f 901/310/2 662/309/2 900/308/2
f 693/311/2 694/313/2 667/312/2
f 667/312/2 694/313/2 666/314/2
f 694/313/2 695/315/2 666/314/2
f 666/314/2 695/315/2 665/316/2
f 696/317/2 665/316/2 695/315/2
f 697/303/2 665/316/2 696/317/2
f 664/304/2 665/316/2 697/303/2
f 901/310/2 661/318/2 662/309/2
f 902/319/2 661/318/2 901/310/2
f 903/320/2 661/318/2 902/319/2
f 661/318/2 903/320/2 660/321/2
f 904/322/2 660/321/2 903/320/2
f 774/323/2 775/325/2 832/324/2
f 832/324/2 833/326/2 774/323/2
f 833/326/2 834/327/2 774/323/2
f 773/328/2 774/323/2 834/327/2
f 831/329/2 776/331/2 777/330/2
f 778/332/2 829/334/2 830/333/2
f 777/330/2 830/333/2 831/329/2
f 830/333/2 777/330/2 778/332/2
f 831/329/2 832/324/2 776/331/2
f 775/325/2 776/331/2 832/324/2
f 692/335/2 669/337/2 691/336/2
f 668/338/2 669/337/2 692/335/2
f 834/327/2 835/339/2 773/328/2
f 773/328/2 835/339/2 772/340/2
f 772/340/2 835/339/2 771/341/2
f 836/342/2 771/341/2 835/339/2
f 692/335/2 693/311/2 668/338/2
f 667/312/2 668/338/2 693/311/2
f 904/322/2 659/343/2 660/321/2
f 905/344/2 659/343/2 904/322/2
f 659/343/2 905/344/2 658/345/2
f 906/346/2 658/345/2 905/344/2
f 658/345/2 906/346/2 657/347/2
f 907/348/2 657/347/2 906/346/2
f 908/349/2 657/347/2 907/348/2
f 657/347/2 908/349/2 656/350/2
f 909/351/2 656/350/2 908/349/2
f 836/342/2 837/352/2 771/341/2
f 771/341/2 837/352/2 770/353/2
f 838/354/2 770/353/2 837/352/2
f 839/355/2 770/353/2 838/354/2
f 840/356/2 770/353/2 839/355/2
f 841/357/2 770/353/2 840/356/2
f 770/353/2 841/357/2 769/358/2
f 842/359/2 769/358/2 841/357/2
f 843/360/2 769/358/2 842/359/2
f 769/358/2 843/360/2 768/361/2
f 768/361/2 843/360/2 767/362/2
f 844/363/2 767/362/2 843/360/2
f 767/362/2 844/363/2 766/364/2
f 766/364/2 844/363/2 765/365/2
f 845/366/2 765/365/2 844/363/2
f 765/365/2 845/366/2 764/367/2
f 764/367/2 845/366/2 763/368/2
f 846/369/2 763/368/2 845/366/2
f 763/368/2 846/369/2 762/39/2
f 847/370/2 762/39/2 846/369/2
f 762/39/2 847/370/2 887/371/2
f 780/372/2 827/374/2 828/373/2
f 827/374/2 780/372/2 781/375/2
f 828/373/2 779/376/2 780/372/2
f 825/377/2 826/379/2 782/378/2
f 784/380/2 823/382/2 824/381/2
f 824/381/2 783/383/2 784/380/2
f 824/381/2 825/377/2 783/383/2
f 782/378/2 783/383/2 825/377/2
f 781/375/2 826/379/2 827/374/2
f 826/379/2 781/375/2 782/378/2
f 822/384/2 785/386/2 786/385/2
f 821/387/2 787/389/2 788/388/2
f 821/387/2 822/384/2 787/389/2
f 786/385/2 787/389/2 822/384/2
f 819/390/2 820/392/2 789/391/2
f 788/388/2 820/392/2 821/387/2
f 820/392/2 788/388/2 789/391/2
f 688/393/2 689/395/2 672/394/2
f 671/396/2 672/394/2 689/395/2
f 652/397/2 650/399/2 651/398/2
f 822/384/2 823/382/2 785/386/2
f 784/380/2 785/386/2 823/382/2
f 799/400/2 797/402/2 798/401/2
f 799/400/2 796/403/2 797/402/2
f 683/404/2 673/406/2 682/405/2
f 682/405/2 673/406/2 681/407/2
f 680/408/2 674/410/2 679/409/2
f 679/409/2 674/410/2 678/411/2
f 678/411/2 674/410/2 677/412/2
f 677/412/2 674/410/2 676/413/2
f 676/413/2 674/410/2 675/414/2
f 810/415/2 811/417/2 809/416/2
f 673/406/2 680/408/2 681/407/2
f 680/408/2 673/406/2 674/410/2
f 811/417/2 812/418/2 809/416/2
f 809/416/2 812/418/2 808/419/2
f 813/420/2 808/419/2 812/418/2
f 814/421/2 808/419/2 813/420/2
f 808/419/2 814/421/2 807/422/2
f 815/423/2 807/422/2 814/421/2
f 807/422/2 815/423/2 806/424/2
f 816/425/2 806/424/2 815/423/2
f 802/426/2 793/428/2 801/427/2
f 794/429/2 801/427/2 793/428/2
f 795/430/2 801/427/2 794/429/2
f 801/427/2 795/430/2 800/431/2
f 796/403/2 800/431/2 795/430/2
f 799/400/2 800/431/2 796/403/2
f 688/393/2 686/433/2 687/432/2
f 686/433/2 688/393/2 685/434/2
f 685/434/2 688/393/2 684/435/2
f 684/435/2 688/393/2 683/404/2
f 672/394/2 683/404/2 688/393/2
f 683/404/2 672/394/2 673/406/2
f 816/425/2 817/436/2 806/424/2
f 806/424/2 817/436/2 805/437/2
f 818/438/2 805/437/2 817/436/2
f 805/437/2 818/438/2 804/439/2
f 819/390/2 804/439/2 818/438/2
f 789/391/2 804/439/2 819/390/2
f 790/440/2 804/439/2 789/391/2
f 804/439/2 790/440/2 803/441/2
f 791/442/2 803/441/2 790/440/2
f 792/443/2 803/441/2 791/442/2
f 803/441/2 792/443/2 802/426/2
f 802/426/2 792/443/2 793/428/2
f 689/395/2 690/444/2 671/396/2
f 671/396/2 690/444/2 670/445/2
f 691/336/2 670/445/2 690/444/2
f 669/337/2 670/445/2 691/336/2
f 909/351/2 655/446/2 656/350/2
f 910/447/2 655/446/2 909/351/2
f 655/446/2 910/447/2 654/448/2
f 911/449/2 654/448/2 910/447/2
f 654/448/2 911/449/2 653/450/2
f 757/451/2 653/450/2 911/449/2
f 653/450/2 757/451/2 652/397/2
f 652/397/2 757/451/2 650/399/2
f 828/373/2 829/334/2 779/376/2
f 778/332/2 779/376/2 829/334/2
f 741/241/2 699/306/2 700/245/2
f 699/306/2 741/241/2 899/307/2
f 898/242/2 899/307/2 741/241/2
f 886/292/2 847/370/2 848/291/2
f 847/370/2 886/292/2 887/371/2
f 622/452/2 623/177/2 621/178/2
f 759/162/2 727/160/2 728/453/2
f 728/453/2 729/192/2 759/162/2
f 757/451/2 912/152/2 756/299/2
f 911/449/2 912/152/2 757/451/2
s 1
f 916/454/3 913/51/4 914/455/4
f 918/456/5 915/432/3 916/454/3
f 920/457/6 917/39/5 918/456/5
f 914/458/4 919/352/6 920/457/6
f 924/454/3 921/51/4 922/455/4
f 926/456/5 923/432/3 924/454/3
f 928/457/6 925/39/5 926/456/5
f 922/458/4 927/352/6 928/457/6
f 932/454/3 929/51/4 930/455/4
f 934/456/5 931/432/3 932/454/3
f 936/457/6 933/39/5 934/456/5
f 930/458/4 935/352/6 936/457/6
f 940/459/7 937/51/8 938/455/8
f 942/460/9 939/461/7 940/459/7
f 944/462/10 941/463/9 942/460/9
f 946/464/11 943/465/10 944/462/10
f 948/466/12 945/467/11 946/464/11
f 950/468/13 947/469/12 948/466/12
f 952/470/14 949/471/13 950/468/13
f 954/472/15 951/473/14 952/470/14
f 956/474/16 953/475/15 954/472/15
f 958/476/17 955/477/16 956/474/16
f 960/478/18 957/479/17 958/476/17
f 962/480/19 959/481/18 960/478/18
f 964/456/20 961/482/19 962/480/19
f 966/483/21 963/39/20 964/456/20
f 968/484/22 965/485/21 966/483/21
f 970/486/23 967/487/22 968/484/22
f 972/488/24 969/489/23 970/486/23
f 974/490/25 971/491/24 972/488/24
f 976/492/26 973/493/25 974/490/25
f 978/494/27 975/495/26 976/492/26
f 980/496/28 977/497/27 978/494/27
f 982/498/29 979/499/28 980/496/28
f 984/500/30 981/501/29 982/498/29
f 986/502/31 983/503/30 984/500/30
f 988/504/32 985/505/31 986/502/31
f 938/458/8 987/506/32 988/504/32
f 992/507/33 989/51/34 990/455/34
f 994/508/35 991/509/36 992/507/33
f 996/510/37 993/511/35 994/508/35
f 998/512/38 995/513/37 996/510/37
f 1000/514/39 997/515/38 998/512/38
f 1002/516/40 999/517/39 1000/514/39
f 1004/518/41 1001/519/40 1002/516/40
f 1006/520/42 1003/521/41 1004/518/41
f 1008/522/43 1005/523/42 1006/520/42
f 1010/524/44 1007/164/43 1008/522/43
f 1012/525/45 1009/526/44 1010/524/44
f 1014/527/46 1011/528/45 1012/525/45
f 1016/529/47 1013/530/46 1014/527/46
f 1018/531/48 1015/532/47 1016/529/47
f 1020/533/49 1017/534/48 1018/531/48
f 1022/535/50 1019/536/49 1020/533/49
f 1024/537/51 1021/538/50 1022/535/50
f 1026/539/52 1023/540/51 1024/537/51
f 1028/541/53 1025/309/52 1026/539/52
f 1030/542/54 1027/543/53 1028/541/53
f 1032/544/55 1029/545/54 1030/542/54
f 1034/546/56 1031/547/55 1032/544/55
f 1036/548/57 1033/549/56 1034/546/56
f 1038/550/58 1035/551/57 1036/548/57
f 1040/552/59 1037/553/58 1038/550/58
f 1042/554/60 1039/555/61 1040/552/59
f 1044/454/62 1041/556/63 1042/554/60
f 1046/557/64 1043/432/62 1044/454/62
f 1048/558/65 1045/559/64 1046/557/64
f 1050/560/66 1047/561/65 1048/558/65
f 1052/562/67 1049/563/66 1050/560/66
f 1054/564/68 1051/565/67 1052/562/67
f 1056/566/69 1053/567/68 1054/564/68
f 1058/568/70 1055/569/69 1056/566/69
f 1060/570/71 1057/571/70 1058/568/70
f 1062/572/72 1059/573/71 1060/570/71
f 1064/574/73 1061/293/72 1062/572/72
f 1066/575/74 1063/576/73 1064/574/73
f 1068/577/75 1065/578/74 1066/575/74
f 1070/579/76 1067/580/75 1068/577/75
f 1072/581/77 1069/582/76 1070/579/76
f 1074/583/78 1071/584/77 1072/581/77
f 1076/585/79 1073/586/78 1074/583/78
f 1078/587/80 1075/588/79 1076/585/79
f 1080/589/81 1077/590/80 1078/587/80
f 1082/591/82 1079/249/81 1080/589/81
f 1084/592/83 1081/593/82 1082/591/82
f 1086/594/84 1083/595/83 1084/592/83
f 1088/596/85 1085/597/84 1086/594/84
f 1090/598/86 1087/599/85 1088/596/85
f 1092/600/87 1089/601/86 1090/598/86
f 1094/602/88 1091/603/87 1092/600/87
f 1096/604/89 1093/605/88 1094/602/88
f 1098/456/90 1095/606/89 1096/604/89
f 1100/607/91 1097/39/90 1098/456/90
f 1102/608/92 1099/609/91 1100/607/91
f 1104/610/93 1101/611/92 1102/608/92
f 1106/612/94 1103/613/93 1104/610/93
f 1108/614/95 1105/615/94 1106/612/94
f 1110/616/96 1107/617/95 1108/614/95
f 1112/618/97 1109/619/96 1110/616/96
f 1114/620/98 1111/621/99 1112/618/97
f 1116/622/100 1113/623/98 1114/620/98
f 1118/624/101 1115/389/100 1116/622/100
f 1120/625/102 1117/626/101 1118/624/101
f 1122/627/103 1119/628/102 1120/625/102
f 1124/629/104 1121/630/103 1122/627/103
f 1126/631/105 1123/632/104 1124/629/104
f 1128/633/106 1125/634/105 1126/631/105
f 1130/635/107 1127/636/106 1128/633/106
f 1132/637/108 1129/638/107 1130/635/107
f 1134/639/109 1131/640/108 1132/637/108
f 1136/641/110 1133/418/109 1134/639/109
f 1138/642/4 1135/643/110 1136/641/110
f 1140/644/4 1137/645/4 1138/642/4
f 1142/646/3 1139/647/4 1140/644/4
f 1144/648/5 1141/649/3 1142/646/3
f 1146/650/6 1143/651/5 1144/648/5
f 1148/652/111 1145/653/6 1146/650/6
f 1150/654/112 1147/655/111 1148/652/111
f 1152/457/113 1149/656/112 1150/654/112
f 1154/657/114 1151/352/113 1152/457/113
f 1156/658/115 1153/659/114 1154/657/114
f 1158/660/116 1155/661/115 1156/658/115
f 1160/662/117 1157/663/116 1158/660/116
f 1162/664/118 1159/665/117 1160/662/117
f 1164/666/119 1161/667/118 1162/664/118
f 1166/668/120 1163/669/119 1164/666/119
f 1168/670/121 1165/671/120 1166/668/120
f 1170/672/122 1167/673/121 1168/670/121
f 1172/674/123 1169/224/122 1170/672/122
f 1174/675/124 1171/676/123 1172/674/123
f 1176/677/125 1173/678/124 1174/675/124
f 1178/679/126 1175/680/125 1176/677/125
f 1180/681/127 1177/682/126 1178/679/126
f 1182/683/128 1179/684/127 1180/681/127
f 1184/685/129 1181/686/128 1182/683/128
f 1186/687/130 1183/688/129 1184/685/129
f 1188/689/131 1185/690/130 1186/687/130
f 1190/691/132 1187/371/131 1188/689/131
f 1192/692/133 1189/693/132 1190/691/132
f 1194/694/134 1191/695/133 1192/692/133
f 1196/696/135 1193/697/134 1194/694/134
f 1198/698/136 1195/699/135 1196/696/135
f 1200/700/3 1197/701/137 1198/698/136
f 1202/702/5 1199/703/3 1200/700/3
f 1204/704/138 1201/705/5 1202/702/5
f 990/458/34 1203/706/138 1204/704/138
f 1208/454/3 1205/51/5 1206/455/5
f 1210/456/4 1207/432/3 1208/454/3
f 1212/457/6 1209/39/4 1210/456/4
f 1206/458/5 1211/352/6 1212/457/6
f 1216/707/139 1213/51/140 1214/455/140
f 1218/708/141 1215/709/142 1216/707/139
f 1220/710/143 1217/711/141 1218/708/141
f 1222/712/144 1219/713/143 1220/710/143
f 1224/714/145 1221/715/144 1222/712/144
f 1226/716/146 1223/717/145 1224/714/145
f 1228/516/147 1225/718/148 1226/716/146
f 1230/719/149 1227/519/150 1228/516/147
f 1232/720/151 1229/721/149 1230/719/149
f 1234/722/152 1231/59/151 1232/720/151
f 1236/723/153 1233/724/152 1234/722/152
f 1238/725/154 1235/726/155 1236/723/153
f 1240/727/156 1237/728/154 1238/725/154
f 1242/527/156 1239/729/156 1240/727/156
f 1244/730/156 1241/530/156 1242/527/156
f 1246/731/156 1243/732/156 1244/730/156
f 1248/733/156 1245/734/156 1246/731/156
f 1250/735/156 1247/736/156 1248/733/156
f 1252/737/156 1249/40/156 1250/735/156
f 1254/738/156 1251/739/156 1252/737/156
f 1256/539/156 1253/740/156 1254/738/156
f 1258/741/156 1255/309/156 1256/539/156
f 1260/742/156 1257/743/156 1258/741/156
f 1262/744/157 1259/745/156 1260/742/156
f 1264/746/158 1261/747/157 1262/744/157
f 1266/748/159 1263/749/158 1264/746/158
f 1268/750/160 1265/751/159 1266/748/159
f 1270/550/161 1267/96/160 1268/750/160
f 1272/752/162 1269/553/161 1270/550/161
f 1274/753/163 1271/754/162 1272/752/162
f 1276/755/164 1273/756/163 1274/753/163
f 1278/757/165 1275/758/164 1276/755/164
f 1280/759/166 1277/760/165 1278/757/165
f 1282/761/167 1279/762/166 1280/759/166
f 1284/560/168 1281/763/167 1282/761/167
f 1286/764/169 1283/563/168 1284/560/168
f 1288/765/170 1285/110/169 1286/764/169
f 1290/766/171 1287/767/170 1288/765/170
f 1292/768/172 1289/769/171 1290/766/171
f 1294/770/173 1291/771/172 1292/768/172
f 1296/772/174 1293/773/173 1294/770/173
f 1298/572/175 1295/774/174 1296/772/174
f 1300/775/176 1297/293/175 1298/572/175
f 1302/776/177 1299/777/176 1300/775/176
f 1304/778/178 1301/779/177 1302/776/177
f 1306/780/179 1303/129/178 1304/778/178
f 1308/781/180 1305/782/179 1306/780/179
f 1310/783/181 1307/784/180 1308/781/180
f 1312/583/182 1309/785/181 1310/783/181
f 1314/786/183 1311/586/182 1312/583/182
f 1316/787/184 1313/788/183 1314/786/183
f 1318/789/185 1315/790/184 1316/787/184
f 1320/791/186 1317/792/185 1318/789/185
f 1322/793/187 1319/794/186 1320/791/186
f 1324/795/188 1321/135/187 1322/793/187
f 1326/594/189 1323/796/188 1324/795/188
f 1328/797/190 1325/597/189 1326/594/189
f 1330/798/191 1327/799/190 1328/797/190
f 1332/800/192 1329/801/191 1330/798/191
f 1334/802/193 1331/803/192 1332/800/192
f 1336/804/194 1333/805/193 1334/802/193
f 1338/806/194 1335/807/194 1336/804/194
f 1340/456/194 1337/808/194 1338/806/194
f 1342/809/194 1339/39/194 1340/456/194
f 1344/810/194 1341/811/194 1342/809/194
f 1346/812/194 1343/813/194 1344/810/194
f 1348/814/194 1345/815/194 1346/812/194
f 1350/816/194 1347/817/194 1348/814/194
f 1352/818/194 1349/819/194 1350/816/194
f 1354/616/194 1351/820/194 1352/818/194
f 1356/821/194 1353/619/194 1354/616/194
f 1358/822/195 1355/823/194 1356/821/194
f 1360/824/196 1357/17/195 1358/822/195
f 1362/825/197 1359/826/196 1360/824/196
f 1364/827/198 1361/828/197 1362/825/197
f 1366/829/199 1363/830/198 1364/827/198
f 1368/627/200 1365/831/199 1366/829/199
f 1370/832/201 1367/630/200 1368/627/200
f 1372/833/202 1369/834/201 1370/832/201
f 1374/835/203 1371/836/202 1372/833/202
f 1376/837/204 1373/838/203 1374/835/203
f 1378/839/205 1375/15/204 1376/837/204
f 1380/840/206 1377/841/205 1378/839/205
f 1382/639/207 1379/842/206 1380/840/206
f 1384/843/3 1381/418/207 1382/639/207
f 1386/844/4 1383/845/3 1384/843/3
f 1388/846/208 1385/847/4 1386/844/4
f 1390/848/209 1387/849/208 1388/846/208
f 1392/850/210 1389/851/209 1390/848/209
f 1394/852/211 1391/853/210 1392/850/210
f 1396/650/212 1393/25/211 1394/852/211
f 1398/854/213 1395/653/212 1396/650/212
f 1400/855/214 1397/856/213 1398/854/213
f 1402/857/215 1399/858/214 1400/855/214
f 1404/859/216 1401/860/215 1402/857/215
f 1406/861/217 1403/862/216 1404/859/216
f 1408/863/218 1405/864/217 1406/861/217
f 1410/660/219 1407/865/218 1408/863/218
f 1412/866/220 1409/663/219 1410/660/219
f 1414/867/221 1411/82/220 1412/866/220
f 1416/868/222 1413/869/221 1414/867/221
f 1418/870/223 1415/871/222 1416/868/222
f 1420/872/224 1417/873/223 1418/870/223
f 1422/874/225 1419/875/224 1420/872/224
f 1424/672/226 1421/876/225 1422/874/225
f 1426/877/227 1423/224/226 1424/672/226
f 1428/878/228 1425/879/227 1426/877/227
f 1430/880/229 1427/881/228 1428/878/228
f 1432/882/230 1429/100/229 1430/880/229
f 1434/883/231 1431/884/230 1432/882/230
f 1436/885/232 1433/886/231 1434/883/231
f 1438/683/233 1435/887/232 1436/885/232
f 1440/888/234 1437/686/233 1438/683/233
f 1442/889/235 1439/890/234 1440/888/234
f 1444/891/236 1441/892/235 1442/889/235
f 1446/893/237 1443/894/236 1444/891/236
f 1448/895/238 1445/896/237 1446/893/237
f 1450/897/239 1447/107/238 1448/895/238
f 1452/694/240 1449/898/239 1450/897/239
f 1454/899/241 1451/697/240 1452/694/240
f 1456/900/242 1453/901/241 1454/899/241
f 1458/902/243 1455/903/242 1456/900/242
f 1460/904/244 1457/905/243 1458/902/243
f 1462/906/5 1459/907/244 1460/904/244
f 1464/908/6 1461/909/5 1462/906/5
f 1214/458/140 1463/910/6 1464/908/6
f 1468/911/245 1465/51/246 1466/455/246
f 1470/912/247 1467/186/245 1468/911/245
f 1472/913/248 1469/218/247 1470/912/247
f 1474/914/249 1471/189/248 1472/913/248
f 1476/915/250 1473/321/249 1474/914/249
f 1478/916/251 1475/394/250 1476/915/250
f 1480/917/252 1477/435/251 1478/916/251
f 1482/918/253 1479/317/252 1480/917/252
f 1484/919/254 1481/221/253 1482/918/253
f 1486/920/255 1483/205/254 1484/919/254
f 1488/921/256 1485/222/255 1486/920/255
f 1490/922/257 1487/255/256 1488/921/256
f 1492/923/258 1489/299/257 1490/922/257
f 1494/924/259 1491/361/258 1492/923/258
f 1496/925/260 1493/372/259 1494/924/259
f 1498/926/261 1495/443/260 1496/925/260
f 1500/927/262 1497/439/261 1498/926/261
f 1502/928/263 1499/425/262 1500/927/262
f 1504/929/264 1501/373/263 1502/928/263
f 1506/930/265 1503/356/264 1504/929/264
f 1508/931/266 1505/283/265 1506/930/265
f 1510/932/267 1507/228/266 1508/931/266
f 1512/933/268 1509/237/267 1510/932/267
f 1514/934/269 1511/273/270 1512/933/268
f 1466/458/246 1513/308/269 1514/934/269
f 1518/935/271 1515/51/272 1516/455/272
f 1520/936/273 1517/937/271 1518/935/271
f 1522/938/274 1519/939/273 1520/936/273
f 1524/940/275 1521/941/274 1522/938/274
f 1526/942/276 1523/943/275 1524/940/275
f 1528/944/277 1525/945/276 1526/942/276
f 1530/946/278 1527/947/277 1528/944/277
f 1532/948/279 1529/949/278 1530/946/278
f 1534/950/280 1531/951/279 1532/948/279
f 1536/952/281 1533/953/280 1534/950/280
f 1538/954/282 1535/955/281 1536/952/281
f 1540/956/283 1537/48/282 1538/954/282
f 1542/957/284 1539/958/285 1540/956/283
f 1544/959/286 1541/960/284 1542/957/284
f 1546/961/287 1543/962/286 1544/959/286
f 1548/963/288 1545/964/287 1546/961/287
f 1550/965/289 1547/966/288 1548/963/288
f 1552/967/290 1549/968/289 1550/965/289
f 1554/969/291 1551/970/290 1552/967/290
f 1556/971/292 1553/972/291 1554/969/291
f 1558/973/293 1555/974/292 1556/971/292
f 1560/975/294 1557/976/293 1558/973/293
f 1562/977/295 1559/147/294 1560/975/294
f 1564/978/3 1561/979/296 1562/977/295
f 1566/980/3 1563/981/3 1564/978/3
f 1568/982/5 1565/983/3 1566/980/3
f 1570/984/6 1567/985/5 1568/982/5
f 1572/986/4 1569/987/6 1570/984/6
f 1574/988/4 1571/989/4 1572/986/4
f 1576/990/6 1573/991/4 1574/988/4
f 1578/992/6 1575/993/6 1576/990/6
f 1580/994/4 1577/995/6 1578/992/6
f 1582/996/4 1579/997/4 1580/994/4
f 1584/998/297 1581/113/4 1582/996/4
f 1586/999/298 1583/1000/297 1584/998/297
f 1588/1001/299 1585/1002/298 1586/999/298
f 1590/1003/300 1587/1004/299 1588/1001/299
f 1592/1005/301 1589/1006/300 1590/1003/300
f 1594/1007/302 1591/1008/301 1592/1005/301
f 1596/1009/303 1593/1010/302 1594/1007/302
f 1598/1011/304 1595/1012/303 1596/1009/303
f 1600/1013/305 1597/1014/304 1598/1011/304
f 1602/1015/306 1599/1016/305 1600/1013/305
f 1604/1017/307 1601/1018/306 1602/1015/306
f 1606/1019/308 1603/138/307 1604/1017/307
f 1608/1020/309 1605/1021/308 1606/1019/308
f 1610/1022/310 1607/1023/309 1608/1020/309
f 1612/1024/311 1609/1025/310 1610/1022/310
f 1614/1026/312 1611/1027/311 1612/1024/311
f 1616/1028/313 1613/1029/312 1614/1026/312
f 1618/1030/314 1615/1031/313 1616/1028/313
f 1620/1032/315 1617/1033/314 1618/1030/314
f 1622/1034/316 1619/1035/315 1620/1032/315
f 1624/1036/317 1621/1037/316 1622/1034/316
f 1626/1038/318 1623/1039/317 1624/1036/317
f 1628/1040/319 1625/125/318 1626/1038/318
f 1630/1041/320 1627/1042/319 1628/1040/319
f 1632/1043/321 1629/1044/320 1630/1041/320
f 1634/1045/322 1631/1046/321 1632/1043/321
f 1636/1047/323 1633/1048/322 1634/1045/322
f 1638/1049/324 1635/1050/325 1636/1047/323
f 1640/1051/326 1637/1052/327 1638/1049/324
f 1642/1053/328 1639/1054/326 1640/1051/326
f 1644/1055/329 1641/1056/328 1642/1053/328
f 1646/1057/330 1643/1058/329 1644/1055/329
f 1648/1059/331 1645/1060/330 1646/1057/330
f 1650/1061/332 1647/56/331 1648/1059/331
f 1652/1062/333 1649/1063/332 1650/1061/332
f 1654/1064/334 1651/1065/333 1652/1062/333
f 1656/1066/335 1653/1067/334 1654/1064/334
f 1658/1068/336 1655/1069/335 1656/1066/335
f 1660/1070/337 1657/1071/336 1658/1068/336
f 1662/1072/338 1659/1073/337 1660/1070/337
f 1664/1074/339 1661/1075/338 1662/1072/338
f 1666/1076/340 1663/1077/339 1664/1074/339
f 1668/1078/341 1665/1079/340 1666/1076/340
f 1670/1080/342 1667/1081/341 1668/1078/341
f 1672/1082/343 1669/14/342 1670/1080/342
f 1674/1083/344 1671/1084/343 1672/1082/343
f 1676/1085/345 1673/1086/344 1674/1083/344
f 1678/1087/346 1675/1088/345 1676/1085/345
f 1680/1089/347 1677/1090/346 1678/1087/346
f 1682/1091/348 1679/1092/347 1680/1089/347
f 1684/1093/349 1681/1094/350 1682/1091/348
f 1686/1095/351 1683/1096/349 1684/1093/349
f 1688/1097/352 1685/1098/351 1686/1095/351
f 1690/1099/353 1687/1100/354 1688/1097/352
f 1692/1101/355 1689/1102/353 1690/1099/353
f 1694/1103/356 1691/20/357 1692/1101/355
f 1696/1104/358 1693/1105/356 1694/1103/356
f 1698/1106/359 1695/1107/358 1696/1104/358
f 1700/1108/360 1697/1109/359 1698/1106/359
f 1702/1110/361 1699/1111/360 1700/1108/360
f 1704/1112/362 1701/1113/361 1702/1110/361
f 1706/1114/363 1703/1115/362 1704/1112/362
f 1708/1116/364 1705/1117/363 1706/1114/363
f 1710/1118/365 1707/1119/366 1708/1116/364
f 1712/1120/367 1709/1121/365 1710/1118/365
f 1714/1122/368 1711/1123/367 1712/1120/367
f 1716/1124/369 1713/109/368 1714/1122/368
f 1718/1125/370 1715/1126/369 1716/1124/369
f 1720/1127/371 1717/1128/370 1718/1125/370
f 1722/1129/372 1719/1130/371 1720/1127/371
f 1724/1131/373 1721/1132/372 1722/1129/372
f 1726/1133/374 1723/1134/373 1724/1131/373
f 1728/1135/375 1725/1136/374 1726/1133/374
f 1730/1137/376 1727/1138/375 1728/1135/375
f 1732/1139/377 1729/1140/376 1730/1137/376
f 1734/1141/378 1731/1142/377 1732/1139/377
f 1736/1143/379 1733/1144/378 1734/1141/378
f 1738/1145/380 1735/30/379 1736/1143/379
f 1740/1146/381 1737/1147/380 1738/1145/380
f 1742/1148/382 1739/1149/381 1740/1146/381
f 1744/1150/383 1741/1151/382 1742/1148/382
f 1746/1152/384 1743/1153/383 1744/1150/383
f 1748/1154/385 1745/1155/384 1746/1152/384
f 1750/1156/386 1747/1157/385 1748/1154/385
f 1752/1158/387 1749/1159/386 1750/1156/386
f 1754/1160/388 1751/1161/389 1752/1158/387
f 1756/1162/390 1753/1163/388 1754/1160/388
f 1516/458/272 1755/1164/391 1756/1162/390
f 1760/1165/392 1757/51/393 1758/455/393
f 1762/1166/394 1759/1167/392 1760/1165/392
f 1764/1168/395 1761/1169/394 1762/1166/394
f 1766/1170/396 1763/1171/395 1764/1168/395
f 1768/1172/397 1765/1173/396 1766/1170/396
f 1770/1174/398 1767/1175/399 1768/1172/397
f 1772/1176/400 1769/1177/398 1770/1174/398
f 1774/1178/401 1771/1179/400 1772/1176/400
f 1776/1180/402 1773/1181/403 1774/1178/401
f 1778/1182/404 1775/1183/402 1776/1180/402
f 1780/1184/405 1777/1185/404 1778/1182/404
f 1782/1186/6 1779/1187/405 1780/1184/405
f 1784/1188/4 1781/1189/6 1782/1186/6
f 1786/1190/3 1783/1191/4 1784/1188/4
f 1788/1192/3 1785/1193/3 1786/1190/3
f 1790/1194/4 1787/1195/3 1788/1192/3
f 1792/456/4 1789/1196/4 1790/1194/4
f 1794/1197/3 1791/39/4 1792/456/4
f 1796/1198/5 1793/1199/3 1794/1197/3
f 1798/1200/406 1795/1201/5 1796/1198/5
f 1800/1202/407 1797/1203/406 1798/1200/406
f 1802/1204/408 1799/1205/407 1800/1202/407
f 1804/1206/409 1801/1207/408 1802/1204/408
f 1806/1208/410 1803/1209/409 1804/1206/409
f 1808/1210/411 1805/1211/410 1806/1208/410
f 1810/1212/412 1807/1213/413 1808/1210/411
f 1812/1214/414 1809/1215/412 1810/1212/412
f 1814/1216/415 1811/1217/414 1812/1214/414
f 1816/1218/133 1813/1219/415 1814/1216/415
f 1818/1220/416 1815/1221/133 1816/1218/133
f 1820/1222/417 1817/1223/418 1818/1220/416
f 1822/1224/419 1819/1225/417 1820/1222/417
f 1824/1226/420 1821/1227/421 1822/1224/419
f 1758/458/393 1823/1228/420 1824/1226/420
f 916/454/3 915/432/3 913/51/4
f 918/456/5 917/39/5 915/432/3
f 920/457/6 919/352/6 917/39/5
f 914/458/4 913/152/4 919/352/6
f 924/454/3 923/432/3 921/51/4
f 926/456/5 925/39/5 923/432/3
f 928/457/6 927/352/6 925/39/5
f 922/458/4 921/152/4 927/352/6
f 932/454/3 931/432/3 929/51/4
f 934/456/5 933/39/5 931/432/3
f 936/457/6 935/352/6 933/39/5
f 930/458/4 929/152/4 935/352/6
f 940/459/7 939/461/7 937/51/8
f 942/460/9 941/463/9 939/461/7
f 944/462/10 943/465/10 941/463/9
f 946/464/11 945/467/11 943/465/10
f 948/466/12 947/469/12 945/467/11
f 950/468/13 949/471/13 947/469/12
f 952/470/14 951/473/14 949/471/13
f 954/472/15 953/475/15 951/473/14
f 956/474/16 955/477/16 953/475/15
f 958/476/17 957/479/17 955/477/16
f 960/478/18 959/481/18 957/479/17
f 962/480/19 961/482/19 959/481/18
f 964/456/20 963/39/20 961/482/19
f 966/483/21 965/485/21 963/39/20
f 968/484/22 967/487/22 965/485/21
f 970/486/23 969/489/23 967/487/22
f 972/488/24 971/491/24 969/489/23
f 974/490/25 973/493/25 971/491/24
f 976/492/26 975/495/26 973/493/25
f 978/494/27 977/497/27 975/495/26
f 980/496/28 979/499/28 977/497/27
f 982/498/29 981/501/29 979/499/28
f 984/500/30 983/503/30 981/501/29
f 986/502/31 985/505/31 983/503/30
f 988/504/32 987/506/32 985/505/31
f 938/458/8 937/152/8 987/506/32
f 992/507/33 991/509/36 989/51/34
f 994/508/35 993/511/35 991/509/36
f 996/510/37 995/513/37 993/511/35
f 998/512/38 997/515/38 995/513/37
f 1000/514/39 999/517/39 997/515/38
f 1002/516/40 1001/519/40 999/517/39
f 1004/518/41 1003/521/41 1001/519/40
f 1006/520/42 1005/523/42 1003/521/41
f 1008/522/43 1007/164/43 1005/523/42
f 1010/524/44 1009/526/44 1007/164/43
f 1012/525/45 1011/528/45 1009/526/44
f 1014/527/46 1013/530/46 1011/528/45
f 1016/529/47 1015/532/47 1013/530/46
f 1018/531/48 1017/534/48 1015/532/47
f 1020/533/49 1019/536/49 1017/534/48
f 1022/535/50 1021/538/50 1019/536/49
f 1024/537/51 1023/540/51 1021/538/50
f 1026/539/52 1025/309/52 1023/540/51
f 1028/541/53 1027/543/53 1025/309/52
f 1030/542/54 1029/545/54 1027/543/53
f 1032/544/55 1031/547/55 1029/545/54
f 1034/546/56 1033/549/56 1031/547/55
f 1036/548/57 1035/551/57 1033/549/56
f 1038/550/58 1037/553/58 1035/551/57
f 1040/552/59 1039/555/61 1037/553/58
f 1042/554/60 1041/556/63 1039/555/61
f 1044/454/62 1043/432/62 1041/556/63
f 1046/557/64 1045/559/64 1043/432/62
f 1048/558/65 1047/561/65 1045/559/64
f 1050/560/66 1049/563/66 1047/561/65
f 1052/562/67 1051/565/67 1049/563/66
f 1054/564/68 1053/567/68 1051/565/67
f 1056/566/69 1055/569/69 1053/567/68
f 1058/568/70 1057/571/70 1055/569/69
f 1060/570/71 1059/573/71 1057/571/70
f 1062/572/72 1061/293/72 1059/573/71
f 1064/574/73 1063/576/73 1061/293/72
f 1066/575/74 1065/578/74 1063/576/73
f 1068/577/75 1067/580/75 1065/578/74
f 1070/579/76 1069/582/76 1067/580/75
f 1072/581/77 1071/584/77 1069/582/76
f 1074/583/78 1073/586/78 1071/584/77
f 1076/585/79 1075/588/79 1073/586/78
f 1078/587/80 1077/590/80 1075/588/79
f 1080/589/81 1079/249/81 1077/590/80
f 1082/591/82 1081/593/82 1079/249/81
f 1084/592/83 1083/595/83 1081/593/82
f 1086/594/84 1085/597/84 1083/595/83
f 1088/596/85 1087/599/85 1085/597/84
f 1090/598/86 1089/601/86 1087/599/85
f 1092/600/87 1091/603/87 1089/601/86
f 1094/602/88 1093/605/88 1091/603/87
f 1096/604/89 1095/606/89 1093/605/88
f 1098/456/90 1097/39/90 1095/606/89
f 1100/607/91 1099/609/91 1097/39/90
f 1102/608/92 1101/611/92 1099/609/91
f 1104/610/93 1103/613/93 1101/611/92
f 1106/612/94 1105/615/94 1103/613/93
f 1108/614/95 1107/617/95 1105/615/94
f 1110/616/96 1109/619/96 1107/617/95
f 1112/618/97 1111/621/99 1109/619/96
f 1114/620/98 1113/623/98 1111/621/99
f 1116/622/100 1115/389/100 1113/623/98
f 1118/624/101 1117/626/101 1115/389/100
f 1120/625/102 1119/628/102 1117/626/101
f 1122/627/103 1121/630/103 1119/628/102
f 1124/629/104 1123/632/104 1121/630/103
f 1126/631/105 1125/634/105 1123/632/104
f 1128/633/106 1127/636/106 1125/634/105
f 1130/635/107 1129/638/107 1127/636/106
f 1132/637/108 1131/640/108 1129/638/107
f 1134/639/109 1133/418/109 1131/640/108
f 1136/641/110 1135/643/110 1133/418/109
f 1138/642/4 1137/645/4 1135/643/110
f 1140/644/4 1139/647/4 1137/645/4
f 1142/646/3 1141/649/3 1139/647/4
f 1144/648/5 1143/651/5 1141/649/3
f 1146/650/6 1145/653/6 1143/651/5
f 1148/652/111 1147/655/111 1145/653/6
f 1150/654/112 1149/656/112 1147/655/111
f 1152/457/113 1151/352/113 1149/656/112
f 1154/657/114 1153/659/114 1151/352/113
f 1156/658/115 1155/661/115 1153/659/114
f 1158/660/116 1157/663/116 1155/661/115
f 1160/662/117 1159/665/117 1157/663/116
f 1162/664/118 1161/667/118 1159/665/117
f 1164/666/119 1163/669/119 1161/667/118
f 1166/668/120 1165/671/120 1163/669/119
f 1168/670/121 1167/673/121 1165/671/120
f 1170/672/122 1169/224/122 1167/673/121
f 1172/674/123 1171/676/123 1169/224/122
f 1174/675/124 1173/678/124 1171/676/123
f 1176/677/125 1175/680/125 1173/678/124
f 1178/679/126 1177/682/126 1175/680/125
f 1180/681/127 1179/684/127 1177/682/126
f 1182/683/128 1181/686/128 1179/684/127
f 1184/685/129 1183/688/129 1181/686/128
f 1186/687/130 1185/690/130 1183/688/129
f 1188/689/131 1187/371/131 1185/690/130
f 1190/691/132 1189/693/132 1187/371/131
f 1192/692/133 1191/695/133 1189/693/132
f 1194/694/134 1193/697/134 1191/695/133
f 1196/696/135 1195/699/135 1193/697/134
f 1198/698/136 1197/701/137 1195/699/135
f 1200/700/3 1199/703/3 1197/701/137
f 1202/702/5 1201/705/5 1199/703/3
f 1204/704/138 1203/706/138 1201/705/5
f 990/458/34 989/152/34 1203/706/138
f 1208/454/3 1207/432/3 1205/51/5
f 1210/456/4 1209/39/4 1207/432/3
f 1212/457/6 1211/352/6 1209/39/4
f 1206/458/5 1205/152/5 1211/352/6
f 1216/707/139 1215/709/142 1213/51/140
f 1218/708/141 1217/711/141 1215/709/142
f 1220/710/143 1219/713/143 1217/711/141
f 1222/712/144 1221/715/144 1219/713/143
f 1224/714/145 1223/717/145 1221/715/144
f 1226/716/146 1225/718/148 1223/717/145
f 1228/516/147 1227/519/150 1225/718/148
f 1230/719/149 1229/721/149 1227/519/150
f 1232/720/151 1231/59/151 1229/721/149
f 1234/722/152 1233/724/152 1231/59/151
f 1236/723/153 1235/726/155 1233/724/152
f 1238/725/154 1237/728/154 1235/726/155
f 1240/727/156 1239/729/156 1237/728/154
f 1242/527/156 1241/530/156 1239/729/156
f 1244/730/156 1243/732/156 1241/530/156
f 1246/731/156 1245/734/156 1243/732/156
f 1248/733/156 1247/736/156 1245/734/156
f 1250/735/156 1249/40/156 1247/736/156
f 1252/737/156 1251/739/156 1249/40/156
f 1254/738/156 1253/740/156 1251/739/156
f 1256/539/156 1255/309/156 1253/740/156
f 1258/741/156 1257/743/156 1255/309/156
f 1260/742/156 1259/745/156 1257/743/156
f 1262/744/157 1261/747/157 1259/745/156
f 1264/746/158 1263/749/158 1261/747/157
f 1266/748/159 1265/751/159 1263/749/158
f 1268/750/160 1267/96/160 1265/751/159
f 1270/550/161 1269/553/161 1267/96/160
f 1272/752/162 1271/754/162 1269/553/161
f 1274/753/163 1273/756/163 1271/754/162
f 1276/755/164 1275/758/164 1273/756/163
f 1278/757/165 1277/760/165 1275/758/164
f 1280/759/166 1279/762/166 1277/760/165
f 1282/761/167 1281/763/167 1279/762/166
f 1284/560/168 1283/563/168 1281/763/167
f 1286/764/169 1285/110/169 1283/563/168
f 1288/765/170 1287/767/170 1285/110/169
f 1290/766/171 1289/769/171 1287/767/170
f 1292/768/172 1291/771/172 1289/769/171
f 1294/770/173 1293/773/173 1291/771/172
f 1296/772/174 1295/774/174 1293/773/173
f 1298/572/175 1297/293/175 1295/774/174
f 1300/775/176 1299/777/176 1297/293/175
f 1302/776/177 1301/779/177 1299/777/176
f 1304/778/178 1303/129/178 1301/779/177
f 1306/780/179 1305/782/179 1303/129/178
f 1308/781/180 1307/784/180 1305/782/179
f 1310/783/181 1309/785/181 1307/784/180
f 1312/583/182 1311/586/182 1309/785/181
f 1314/786/183 1313/788/183 1311/586/182
f 1316/787/184 1315/790/184 1313/788/183
f 1318/789/185 1317/792/185 1315/790/184
f 1320/791/186 1319/794/186 1317/792/185
f 1322/793/187 1321/135/187 1319/794/186
f 1324/795/188 1323/796/188 1321/135/187
f 1326/594/189 1325/597/189 1323/796/188
f 1328/797/190 1327/799/190 1325/597/189
f 1330/798/191 1329/801/191 1327/799/190
f 1332/800/192 1331/803/192 1329/801/191
f 1334/802/193 1333/805/193 1331/803/192
f 1336/804/194 1335/807/194 1333/805/193
f 1338/806/194 1337/808/194 1335/807/194
f 1340/456/194 1339/39/194 1337/808/194
f 1342/809/194 1341/811/194 1339/39/194
f 1344/810/194 1343/813/194 1341/811/194
f 1346/812/194 1345/815/194 1343/813/194
f 1348/814/194 1347/817/194 1345/815/194
f 1350/816/194 1349/819/194 1347/817/194
f 1352/818/194 1351/820/194 1349/819/194
f 1354/616/194 1353/619/194 1351/820/194
f 1356/821/194 1355/823/194 1353/619/194
f 1358/822/195 1357/17/195 1355/823/194
f 1360/824/196 1359/826/196 1357/17/195
f 1362/825/197 1361/828/197 1359/826/196
f 1364/827/198 1363/830/198 1361/828/197
f 1366/829/199 1365/831/199 1363/830/198
f 1368/627/200 1367/630/200 1365/831/199
f 1370/832/201 1369/834/201 1367/630/200
f 1372/833/202 1371/836/202 1369/834/201
f 1374/835/203 1373/838/203 1371/836/202
f 1376/837/204 1375/15/204 1373/838/203
f 1378/839/205 1377/841/205 1375/15/204
f 1380/840/206 1379/842/206 1377/841/205
f 1382/639/207 1381/418/207 1379/842/206
f 1384/843/3 1383/845/3 1381/418/207
f 1386/844/4 1385/847/4 1383/845/3
f 1388/846/208 1387/849/208 1385/847/4
f 1390/848/209 1389/851/209 1387/849/208
f 1392/850/210 1391/853/210 1389/851/209
f 1394/852/211 1393/25/211 1391/853/210
f 1396/650/212 1395/653/212 1393/25/211
f 1398/854/213 1397/856/213 1395/653/212
f 1400/855/214 1399/858/214 1397/856/213
f 1402/857/215 1401/860/215 1399/858/214
f 1404/859/216 1403/862/216 1401/860/215
f 1406/861/217 1405/864/217 1403/862/216
f 1408/863/218 1407/865/218 1405/864/217
f 1410/660/219 1409/663/219 1407/865/218
f 1412/866/220 1411/82/220 1409/663/219
f 1414/867/221 1413/869/221 1411/82/220
f 1416/868/222 1415/871/222 1413/869/221
f 1418/870/223 1417/873/223 1415/871/222
f 1420/872/224 1419/875/224 1417/873/223
f 1422/874/225 1421/876/225 1419/875/224
f 1424/672/226 1423/224/226 1421/876/225
f 1426/877/227 1425/879/227 1423/224/226
f 1428/878/228 1427/881/228 1425/879/227
f 1430/880/229 1429/100/229 1427/881/228
f 1432/882/230 1431/884/230 1429/100/229
f 1434/883/231 1433/886/231 1431/884/230
f 1436/885/232 1435/887/232 1433/886/231
f 1438/683/233 1437/686/233 1435/887/232
f 1440/888/234 1439/890/234 1437/686/233
f 1442/889/235 1441/892/235 1439/890/234
f 1444/891/236 1443/894/236 1441/892/235
f 1446/893/237 1445/896/237 1443/894/236
f 1448/895/238 1447/107/238 1445/896/237
f 1450/897/239 1449/898/239 1447/107/238
f 1452/694/240 1451/697/240 1449/898/239
f 1454/899/241 1453/901/241 1451/697/240
f 1456/900/242 1455/903/242 1453/901/241
f 1458/902/243 1457/905/243 1455/903/242
f 1460/904/244 1459/907/244 1457/905/243
f 1462/906/5 1461/909/5 1459/907/244
f 1464/908/6 1463/910/6 1461/909/5
f 1214/458/140 1213/152/140 1463/910/6
f 1468/911/245 1467/186/245 1465/51/246
f 1470/912/247 1469/218/247 1467/186/245
f 1472/913/248 1471/189/248 1469/218/247
f 1474/914/249 1473/321/249 1471/189/248
f 1476/915/250 1475/394/250 1473/321/249
f 1478/916/251 1477/435/251 1475/394/250
f 1480/917/252 1479/317/252 1477/435/251
f 1482/918/253 1481/221/253 1479/317/252
f 1484/919/254 1483/205/254 1481/221/253
f 1486/920/255 1485/222/255 1483/205/254
f 1488/921/256 1487/255/256 1485/222/255
f 1490/922/257 1489/299/257 1487/255/256
f 1492/923/258 1491/361/258 1489/299/257
f 1494/924/259 1493/372/259 1491/361/258
f 1496/925/260 1495/443/260 1493/372/259
f 1498/926/261 1497/439/261 1495/443/260
f 1500/927/262 1499/425/262 1497/439/261
f 1502/928/263 1501/373/263 1499/425/262
f 1504/929/264 1503/356/264 1501/373/263
f 1506/930/265 1505/283/265 1503/356/264
f 1508/931/266 1507/228/266 1505/283/265
f 1510/932/267 1509/237/267 1507/228/266
f 1512/933/268 1511/273/270 1509/237/267
f 1514/934/269 1513/308/269 1511/273/270
f 1466/458/246 1465/152/246 1513/308/269
f 1518/935/271 1517/937/271 1515/51/272
f 1520/936/273 1519/939/273 1517/937/271
f 1522/938/274 1521/941/274 1519/939/273
f 1524/940/275 1523/943/275 1521/941/274
f 1526/942/276 1525/945/276 1523/943/275
f 1528/944/277 1527/947/277 1525/945/276
f 1530/946/278 1529/949/278 1527/947/277
f 1532/948/279 1531/951/279 1529/949/278
f 1534/950/280 1533/953/280 1531/951/279
f 1536/952/281 1535/955/281 1533/953/280
f 1538/954/282 1537/48/282 1535/955/281
f 1540/956/283 1539/958/285 1537/48/282
f 1542/957/284 1541/960/284 1539/958/285
f 1544/959/286 1543/962/286 1541/960/284
f 1546/961/287 1545/964/287 1543/962/286
f 1548/963/288 1547/966/288 1545/964/287
f 1550/965/289 1549/968/289 1547/966/288
f 1552/967/290 1551/970/290 1549/968/289
f 1554/969/291 1553/972/291 1551/970/290
f 1556/971/292 1555/974/292 1553/972/291
f 1558/973/293 1557/976/293 1555/974/292
f 1560/975/294 1559/147/294 1557/976/293
f 1562/977/295 1561/979/296 1559/147/294
f 1564/978/3 1563/981/3 1561/979/296
f 1566/980/3 1565/983/3 1563/981/3
f 1568/982/5 1567/985/5 1565/983/3
f 1570/984/6 1569/987/6 1567/985/5
f 1572/986/4 1571/989/4 1569/987/6
f 1574/988/4 1573/991/4 1571/989/4
f 1576/990/6 1575/993/6 1573/991/4
f 1578/992/6 1577/995/6 1575/993/6
f 1580/994/4 1579/997/4 1577/995/6
f 1582/996/4 1581/113/4 1579/997/4
f 1584/998/297 1583/1000/297 1581/113/4
f 1586/999/298 1585/1002/298 1583/1000/297
f 1588/1001/299 1587/1004/299 1585/1002/298
f 1590/1003/300 1589/1006/300 1587/1004/299
f 1592/1005/301 1591/1008/301 1589/1006/300
f 1594/1007/302 1593/1010/302 1591/1008/301
f 1596/1009/303 1595/1012/303 1593/1010/302
f 1598/1011/304 1597/1014/304 1595/1012/303
f 1600/1013/305 1599/1016/305 1597/1014/304
f 1602/1015/306 1601/1018/306 1599/1016/305
f 1604/1017/307 1603/138/307 1601/1018/306
f 1606/1019/308 1605/1021/308 1603/138/307
f 1608/1020/309 1607/1023/309 1605/1021/308
f 1610/1022/310 1609/1025/310 1607/1023/309
f 1612/1024/311 1611/1027/311 1609/1025/310
f 1614/1026/312 1613/1029/312 1611/1027/311
f 1616/1028/313 1615/1031/313 1613/1029/312
f 1618/1030/314 1617/1033/314 1615/1031/313
f 1620/1032/315 1619/1035/315 1617/1033/314
f 1622/1034/316 1621/1037/316 1619/1035/315
f 1624/1036/317 1623/1039/317 1621/1037/316
f 1626/1038/318 1625/125/318 1623/1039/317
f 1628/1040/319 1627/1042/319 1625/125/318
f 1630/1041/320 1629/1044/320 1627/1042/319
f 1632/1043/321 1631/1046/321 1629/1044/320
f 1634/1045/322 1633/1048/322 1631/1046/321
f 1636/1047/323 1635/1050/325 1633/1048/322
f 1638/1049/324 1637/1052/327 1635/1050/325
f 1640/1051/326 1639/1054/326 1637/1052/327
f 1642/1053/328 1641/1056/328 1639/1054/326
f 1644/1055/329 1643/1058/329 1641/1056/328
f 1646/1057/330 1645/1060/330 1643/1058/329
f 1648/1059/331 1647/56/331 1645/1060/330
f 1650/1061/332 1649/1063/332 1647/56/331
f 1652/1062/333 1651/1065/333 1649/1063/332
f 1654/1064/334 1653/1067/334 1651/1065/333
f 1656/1066/335 1655/1069/335 1653/1067/334
f 1658/1068/336 1657/1071/336 1655/1069/335
f 1660/1070/337 1659/1073/337 1657/1071/336
f 1662/1072/338 1661/1075/338 1659/1073/337
f 1664/1074/339 1663/1077/339 1661/1075/338
f 1666/1076/340 1665/1079/340 1663/1077/339
f 1668/1078/341 1667/1081/341 1665/1079/340
f 1670/1080/342 1669/14/342 1667/1081/341
f 1672/1082/343 1671/1084/343 1669/14/342
f 1674/1083/344 1673/1086/344 1671/1084/343
f 1676/1085/345 1675/1088/345 1673/1086/344
f 1678/1087/346 1677/1090/346 1675/1088/345
f 1680/1089/347 1679/1092/347 1677/1090/346
f 1682/1091/348 1681/1094/350 1679/1092/347
f 1684/1093/349 1683/1096/349 1681/1094/350
f 1686/1095/351 1685/1098/351 1683/1096/349
f 1688/1097/352 1687/1100/354 1685/1098/351
f 1690/1099/353 1689/1102/353 1687/1100/354
f 1692/1101/355 1691/20/357 1689/1102/353
f 1694/1103/356 1693/1105/356 1691/20/357
f 1696/1104/358 1695/1107/358 1693/1105/356
f 1698/1106/359 1697/1109/359 1695/1107/358
f 1700/1108/360 1699/1111/360 1697/1109/359
f 1702/1110/361 1701/1113/361 1699/1111/360
f 1704/1112/362 1703/1115/362 1701/1113/361
f 1706/1114/363 1705/1117/363 1703/1115/362
f 1708/1116/364 1707/1119/366 1705/1117/363
f 1710/1118/365 1709/1121/365 1707/1119/366
f 1712/1120/367 1711/1123/367 1709/1121/365
f 1714/1122/368 1713/109/368 1711/1123/367
f 1716/1124/369 1715/1126/369 1713/109/368
f 1718/1125/370 1717/1128/370 1715/1126/369
f 1720/1127/371 1719/1130/371 1717/1128/370
f 1722/1129/372 1721/1132/372 1719/1130/371
f 1724/1131/373 1723/1134/373 1721/1132/372
f 1726/1133/374 1725/1136/374 1723/1134/373
f 1728/1135/375 1727/1138/375 1725/1136/374
f 1730/1137/376 1729/1140/376 1727/1138/375
f 1732/1139/377 1731/1142/377 1729/1140/376
f 1734/1141/378 1733/1144/378 1731/1142/377
f 1736/1143/379 1735/30/379 1733/1144/378
f 1738/1145/380 1737/1147/380 1735/30/379
f 1740/1146/381 1739/1149/381 1737/1147/380
f 1742/1148/382 1741/1151/382 1739/1149/381
f 1744/1150/383 1743/1153/383 1741/1151/382
f 1746/1152/384 1745/1155/384 1743/1153/383
f 1748/1154/385 1747/1157/385 1745/1155/384
f 1750/1156/386 1749/1159/386 1747/1157/385
f 1752/1158/387 1751/1161/389 1749/1159/386
f 1754/1160/388 1753/1163/388 1751/1161/389
f 1756/1162/390 1755/1164/391 1753/1163/388
f 1516/458/272 1515/152/272 1755/1164/391
f 1760/1165/392 1759/1167/392 1757/51/393
f 1762/1166/394 1761/1169/394 1759/1167/392
f 1764/1168/395 1763/1171/395 1761/1169/394
f 1766/1170/396 1765/1173/396 1763/1171/395
f 1768/1172/397 1767/1175/399 1765/1173/396
f 1770/1174/398 1769/1177/398 1767/1175/399
f 1772/1176/400 1771/1179/400 1769/1177/398
f 1774/1178/401 1773/1181/403 1771/1179/400
f 1776/1180/402 1775/1183/402 1773/1181/403
f 1778/1182/404 1777/1185/404 1775/1183/402
f 1780/1184/405 1779/1187/405 1777/1185/404
f 1782/1186/6 1781/1189/6 1779/1187/405
f 1784/1188/4 1783/1191/4 1781/1189/6
f 1786/1190/3 1785/1193/3 1783/1191/4
f 1788/1192/3 1787/1195/3 1785/1193/3
f 1790/1194/4 1789/1196/4 1787/1195/3
f 1792/456/4 1791/39/4 1789/1196/4
f 1794/1197/3 1793/1199/3 1791/39/4
f 1796/1198/5 1795/1201/5 1793/1199/3
f 1798/1200/406 1797/1203/406 1795/1201/5
f 1800/1202/407 1799/1205/407 1797/1203/406
f 1802/1204/408 1801/1207/408 1799/1205/407
f 1804/1206/409 1803/1209/409 1801/1207/408
f 1806/1208/410 1805/1211/410 1803/1209/409
f 1808/1210/411 1807/1213/413 1805/1211/410
f 1810/1212/412 1809/1215/412 1807/1213/413
f 1812/1214/414 1811/1217/414 1809/1215/412
f 1814/1216/415 1813/1219/415 1811/1217/414
f 1816/1218/133 1815/1221/133 1813/1219/415
f 1818/1220/416 1817/1223/418 1815/1221/133
f 1820/1222/417 1819/1225/417 1817/1223/418
f 1822/1224/419 1821/1227/421 1819/1225/417
f 1824/1226/420 1823/1228/420 1821/1227/421
f 1758/458/393 1757/152/393 1823/1228/420
