# MagicaVoxel @ Ephtracy

# group
o 

# material
mtllib enemy.mtl
usemtl palette

# normals
vn -1 0 0
vn 1 0 0
vn 0 0 1
vn 0 0 -1
vn 0 -1 0
vn 0 1 0

# texcoords
vt 0.130859 0.5
vt 0.150391 0.5
vt 0.154297 0.5
vt 0.958984 0.5
vt 0.982422 0.5
vt 0.986328 0.5
vt 0.990234 0.5

# verts
v -2 1.3 0.1
v -2 1.3 -0.1
v -2 1.5 0.1
v -2 1.5 -0.1
v -1.9 1.2 0.2
v -1.9 1.2 -0.2
v -1.9 1.3 0.1
v -1.9 1.3 -0.1
v -1.9 1.5 0.1
v -1.9 1.5 -0.1
v -1.9 1.6 0.2
v -1.9 1.6 -0.2
v -1.8 1.1 0.2
v -1.8 1.1 -0.2
v -1.8 1.2 0.3
v -1.8 1.2 0.2
v -1.8 1.2 -0.2
v -1.8 1.2 -0.3
v -1.8 1.6 0.3
v -1.8 1.6 0.2
v -1.8 1.6 -0.2
v -1.8 1.6 -0.3
v -1.8 1.7 0.2
v -1.8 1.7 -0.2
v -1.7 1 0.1
v -1.7 1 -0.1
v -1.7 1.1 0.1
v -1.7 1.1 -0.1
v -1.7 1.3 0.4
v -1.7 1.3 0.3
v -1.7 1.3 -0.3
v -1.7 1.3 -0.4
v -1.7 1.5 0.4
v -1.7 1.5 0.3
v -1.7 1.5 -0.3
v -1.7 1.5 -0.4
v -1.7 1.7 0.1
v -1.7 1.7 -0.1
v -1.7 1.8 0.1
v -1.7 1.8 -0.1
v -1.6 2.1 0.3
v -1.6 2.1 0.2
v -1.6 2.1 -0.2
v -1.6 2.1 -0.3
v -1.6 2.2 0.3
v -1.6 2.2 0.2
v -1.6 2.2 -0.2
v -1.6 2.2 -0.3
v -1.6 2.3 0.2
v -1.6 2.3 -0.2
v -1.5 1.1 0.1
v -1.5 1.1 -0.1
v -1.5 1.2 0.1
v -1.5 1.2 -0.1
v -1.5 1.3 0.3
v -1.5 1.3 0.2
v -1.5 1.3 -0.2
v -1.5 1.3 -0.3
v -1.5 1.5 0.3
v -1.5 1.5 0.2
v -1.5 1.5 -0.2
v -1.5 1.5 -0.3
v -1.5 1.6 0.1
v -1.5 1.6 -0.1
v -1.5 1.7 0.1
v -1.5 1.7 -0.1
v -1.5 2.1 0.4
v -1.5 2.1 0.3
v -1.5 2.1 -0.3
v -1.5 2.1 -0.4
v -1.5 2.2 0.4
v -1.5 2.2 0.3
v -1.5 2.2 0.2
v -1.5 2.2 -0.2
v -1.5 2.2 -0.3
v -1.5 2.2 -0.4
v -1.5 2.3 0.4
v -1.5 2.3 0.2
v -1.5 2.3 -0.2
v -1.5 2.3 -0.4
v -1.5 2.4 0.2
v -1.5 2.4 -0.2
v -1.4 1.2 0.2
v -1.4 1.2 -0.2
v -1.4 1.3 0.1
v -1.4 1.3 -0.1
v -1.4 1.5 0.1
v -1.4 1.5 -0.1
v -1.4 1.6 0.2
v -1.4 1.6 -0.2
v -1.4 2 0.5
v -1.4 2 0.4
v -1.4 2 0.3
v -1.4 2 -0.3
v -1.4 2 -0.4
v -1.4 2 -0.5
v -1.4 2.1 0.5
v -1.4 2.1 0.4
v -1.4 2.1 0.3
v -1.4 2.1 -0.3
v -1.4 2.1 -0.4
v -1.4 2.1 -0.5
v -1.4 2.3 0.3
v -1.4 2.3 0.2
v -1.4 2.3 -0.2
v -1.4 2.3 -0.3
v -1.4 2.4 0.3
v -1.4 2.4 0.2
v -1.4 2.4 0.1
v -1.4 2.4 -0.1
v -1.4 2.4 -0.2
v -1.4 2.4 -0.3
v -1.4 2.5 0.1
v -1.4 2.5 -0.1
v -1.3 1.3 0.1
v -1.3 1.3 -0.1
v -1.3 1.5 0.1
v -1.3 1.5 -0.1
v -1.3 1.9 0.5
v -1.3 1.9 0.3
v -1.3 1.9 -0.3
v -1.3 1.9 -0.5
v -1.3 2 0.5
v -1.3 2 0.4
v -1.3 2 0.3
v -1.3 2 -0.3
v -1.3 2 -0.4
v -1.3 2 -0.5
v -1.3 2.1 0.5
v -1.3 2.1 0.4
v -1.3 2.1 -0.4
v -1.3 2.1 -0.5
v -1.3 2.2 0.5
v -1.3 2.2 0.4
v -1.3 2.2 -0.4
v -1.3 2.2 -0.5
v -1.2 1.8 0.5
v -1.2 1.8 0.3
v -1.2 1.8 -0.3
v -1.2 1.8 -0.5
v -1.2 1.9 0.5
v -1.2 1.9 0.3
v -1.2 1.9 -0.3
v -1.2 1.9 -0.5
v -1.2 2.1 0.3
v -1.2 2.1 0.2
v -1.2 2.1 -0.2
v -1.2 2.1 -0.3
v -1.2 2.2 0.3
v -1.2 2.2 0.2
v -1.2 2.2 -0.2
v -1.2 2.2 -0.3
v -1.1 1.6 0.3
v -1.1 1.6 0.2
v -1.1 1.6 -0.2
v -1.1 1.6 -0.3
v -1.1 1.7 0.4
v -1.1 1.7 0.3
v -1.1 1.7 0.2
v -1.1 1.7 -0.2
v -1.1 1.7 -0.3
v -1.1 1.7 -0.4
v -1.1 1.8 0.4
v -1.1 1.8 0.3
v -1.1 1.8 0.2
v -1.1 1.8 -0.2
v -1.1 1.8 -0.3
v -1.1 1.8 -0.4
v -1.1 2 0.3
v -1.1 2 0.2
v -1.1 2 -0.2
v -1.1 2 -0.3
v -1.1 2.1 0.3
v -1.1 2.1 0.2
v -1.1 2.1 -0.2
v -1.1 2.1 -0.3
v -1 1.6 0.4
v -1 1.6 0.3
v -1 1.6 -0.3
v -1 1.6 -0.4
v -1 1.7 0.4
v -1 1.7 0.3
v -1 1.7 0.2
v -1 1.7 -0.2
v -1 1.7 -0.3
v -1 1.7 -0.4
v -1 1.8 0.3
v -1 1.8 0.2
v -1 1.8 -0.2
v -1 1.8 -0.3
v -1 1.9 0.2
v -1 1.9 -0.2
v -1 2 0.3
v -1 2 0.2
v -1 2 -0.2
v -1 2 -0.3
v -1 2.1 0.2
v -1 2.1 -0.2
v -1 2.2 0.2
v -1 2.2 -0.2
v -0.9 1.2 0.1
v -0.9 1.2 -0.1
v -0.9 1.3 0.2
v -0.9 1.3 0.1
v -0.9 1.3 -0.1
v -0.9 1.3 -0.2
v -0.9 1.4 0.3
v -0.9 1.4 0.2
v -0.9 1.4 -0.2
v -0.9 1.4 -0.3
v -0.9 1.5 0.4
v -0.9 1.5 0.3
v -0.9 1.5 -0.3
v -0.9 1.5 -0.4
v -0.9 1.6 0.4
v -0.9 1.6 0.2
v -0.9 1.6 -0.2
v -0.9 1.6 -0.4
v -0.9 1.7 0.2
v -0.9 1.7 -0.2
v -0.9 1.9 0.2
v -0.9 1.9 -0.2
v -0.9 2.1 0.2
v -0.9 2.1 -0.2
v -0.8 1.1 0.3
v -0.8 1.1 -0.3
v -0.8 1.2 0.4
v -0.8 1.2 0.3
v -0.8 1.2 0.2
v -0.8 1.2 0.1
v -0.8 1.2 -0.1
v -0.8 1.2 -0.2
v -0.8 1.2 -0.3
v -0.8 1.2 -0.4
v -0.8 1.3 0.3
v -0.8 1.3 0.2
v -0.8 1.3 0.1
v -0.8 1.3 -0.1
v -0.8 1.3 -0.2
v -0.8 1.3 -0.3
v -0.8 1.4 0.5
v -0.8 1.4 0.4
v -0.8 1.4 0.3
v -0.8 1.4 0.2
v -0.8 1.4 -0.2
v -0.8 1.4 -0.3
v -0.8 1.4 -0.4
v -0.8 1.4 -0.5
v -0.8 1.5 0.4
v -0.8 1.5 0.3
v -0.8 1.5 -0.3
v -0.8 1.5 -0.4
v -0.8 1.9 0.4
v -0.8 1.9 -0.4
v -0.8 2 0.5
v -0.8 2 0.4
v -0.8 2 -0.4
v -0.8 2 -0.5
v -0.7 1 0.4
v -0.7 1 -0.4
v -0.7 1.1 0.5
v -0.7 1.1 0.4
v -0.7 1.1 0.3
v -0.7 1.1 -0.3
v -0.7 1.1 -0.4
v -0.7 1.1 -0.5
v -0.7 1.2 0.4
v -0.7 1.2 0.3
v -0.7 1.2 -0.3
v -0.7 1.2 -0.4
v -0.7 1.4 0.6
v -0.7 1.4 0.5
v -0.7 1.4 0.4
v -0.7 1.4 -0.4
v -0.7 1.4 -0.5
v -0.7 1.4 -0.6
v -0.7 1.9 0.6
v -0.7 1.9 0.5
v -0.7 1.9 -0.5
v -0.7 1.9 -0.6
v -0.7 2 0.5
v -0.7 2 0.3
v -0.7 2 -0.3
v -0.7 2 -0.5
v -0.7 2.1 0.5
v -0.7 2.1 0.3
v -0.7 2.1 -0.3
v -0.7 2.1 -0.5
v -0.7 2.4 0.1
v -0.7 2.4 -0.1
v -0.7 2.8 0.1
v -0.7 2.8 -0.1
v -0.6 0 0.3
v -0.6 0 -0.3
v -0.6 0.1 0.3
v -0.6 0.1 0.2
v -0.6 0.1 -0.2
v -0.6 0.1 -0.3
v -0.6 0.2 0.2
v -0.6 0.2 0.1
v -0.6 0.2 -0.1
v -0.6 0.2 -0.2
v -0.6 0.3 0.1
v -0.6 0.3 -0.1
v -0.6 0.9 0.4
v -0.6 0.9 0.1
v -0.6 0.9 -0.1
v -0.6 0.9 -0.4
v -0.6 1 0.5
v -0.6 1 0.4
v -0.6 1 0.1
v -0.6 1 -0.1
v -0.6 1 -0.4
v -0.6 1 -0.5
v -0.6 1.1 0.5
v -0.6 1.1 0.4
v -0.6 1.1 -0.4
v -0.6 1.1 -0.5
v -0.6 1.2 0.6
v -0.6 1.2 0.5
v -0.6 1.2 -0.5
v -0.6 1.2 -0.6
v -0.6 1.3 0.6
v -0.6 1.3 0.5
v -0.6 1.3 -0.5
v -0.6 1.3 -0.6
v -0.6 1.4 0.6
v -0.6 1.4 0.5
v -0.6 1.4 -0.5
v -0.6 1.4 -0.6
v -0.6 1.5 0.7
v -0.6 1.5 0.6
v -0.6 1.5 -0.6
v -0.6 1.5 -0.7
v -0.6 1.7 0.7
v -0.6 1.7 0.6
v -0.6 1.7 -0.6
v -0.6 1.7 -0.7
v -0.6 1.9 0.6
v -0.6 1.9 0.5
v -0.6 1.9 -0.5
v -0.6 1.9 -0.6
v -0.6 2 0.6
v -0.6 2 0.5
v -0.6 2 -0.5
v -0.6 2 -0.6
v -0.6 2.1 0.2
v -0.6 2.1 -0.2
v -0.6 2.2 0.2
v -0.6 2.2 -0.2
v -0.6 2.3 0.2
v -0.6 2.3 -0.2
v -0.6 2.4 0.1
v -0.6 2.4 -0.1
v -0.6 2.5 0.3
v -0.6 2.5 0.2
v -0.6 2.5 -0.2
v -0.6 2.5 -0.3
v -0.6 2.7 0.3
v -0.6 2.7 0.2
v -0.6 2.7 -0.2
v -0.6 2.7 -0.3
v -0.6 2.8 0.1
v -0.6 2.8 -0.1
v -0.6 2.9 0.2
v -0.6 2.9 -0.2
v -0.5 0 0.5
v -0.5 0 0.3
v -0.5 0 -0.3
v -0.5 0 -0.5
v -0.5 0.1 0.5
v -0.5 0.1 0.4
v -0.5 0.1 0.3
v -0.5 0.1 0.2
v -0.5 0.1 -0.2
v -0.5 0.1 -0.3
v -0.5 0.1 -0.4
v -0.5 0.1 -0.5
v -0.5 0.2 0.2
v -0.5 0.2 0.1
v -0.5 0.2 -0.1
v -0.5 0.2 -0.2
v -0.5 0.3 0.4
v -0.5 0.3 0.3
v -0.5 0.3 0.1
v -0.5 0.3 -0.1
v -0.5 0.3 -0.3
v -0.5 0.3 -0.4
v -0.5 0.4 0.3
v -0.5 0.4 0.1
v -0.5 0.4 -0.1
v -0.5 0.4 -0.3
v -0.5 0.5 0.1
v -0.5 0.5 -0.1
v -0.5 1 0.3
v -0.5 1 0.2
v -0.5 1 -0.2
v -0.5 1 -0.3
v -0.5 1.1 0.6
v -0.5 1.1 0.5
v -0.5 1.1 0.3
v -0.5 1.1 0.2
v -0.5 1.1 -0.2
v -0.5 1.1 -0.3
v -0.5 1.1 -0.5
v -0.5 1.1 -0.6
v -0.5 1.2 0.6
v -0.5 1.2 0.5
v -0.5 1.2 -0.5
v -0.5 1.2 -0.6
v -0.5 1.4 0.7
v -0.5 1.4 0.6
v -0.5 1.4 -0.6
v -0.5 1.4 -0.7
v -0.5 1.5 0.7
v -0.5 1.5 0.6
v -0.5 1.5 -0.6
v -0.5 1.5 -0.7
v -0.5 1.7 0.7
v -0.5 1.7 0.6
v -0.5 1.7 -0.6
v -0.5 1.7 -0.7
v -0.5 1.8 0.7
v -0.5 1.8 0.6
v -0.5 1.8 -0.6
v -0.5 1.8 -0.7
v -0.5 2 0.6
v -0.5 2 0.5
v -0.5 2 -0.5
v -0.5 2 -0.6
v -0.5 2.1 0.6
v -0.5 2.1 0.5
v -0.5 2.1 0.3
v -0.5 2.1 0.2
v -0.5 2.1 -0.2
v -0.5 2.1 -0.3
v -0.5 2.1 -0.5
v -0.5 2.1 -0.6
v -0.5 2.2 0.3
v -0.5 2.2 0.2
v -0.5 2.2 -0.2
v -0.5 2.2 -0.3
v -0.5 2.3 0.3
v -0.5 2.3 0.2
v -0.5 2.3 -0.2
v -0.5 2.3 -0.3
v -0.5 2.5 0.3
v -0.5 2.5 0.2
v -0.5 2.5 -0.2
v -0.5 2.5 -0.3
v -0.5 2.7 0.3
v -0.5 2.7 0.2
v -0.5 2.7 -0.2
v -0.5 2.7 -0.3
v -0.5 2.9 0.3
v -0.5 2.9 0.2
v -0.5 2.9 -0.2
v -0.5 2.9 -0.3
v -0.5 3 0.2
v -0.5 3 0.1
v -0.5 3 -0.1
v -0.5 3 -0.2
v -0.5 3.1 0.1
v -0.5 3.1 -0.1
v -0.4 0.1 0.5
v -0.4 0.1 0.4
v -0.4 0.1 -0.4
v -0.4 0.1 -0.5
v -0.4 0.3 0.5
v -0.4 0.3 0.4
v -0.4 0.3 0.3
v -0.4 0.3 -0.3
v -0.4 0.3 -0.4
v -0.4 0.3 -0.5
v -0.4 0.4 0.4
v -0.4 0.4 0.3
v -0.4 0.4 0.1
v -0.4 0.4 -0.1
v -0.4 0.4 -0.3
v -0.4 0.4 -0.4
v -0.4 0.5 0.3
v -0.4 0.5 0.1
v -0.4 0.5 -0.1
v -0.4 0.5 -0.3
v -0.4 0.9 0.5
v -0.4 0.9 0.4
v -0.4 0.9 -0.4
v -0.4 0.9 -0.5
v -0.4 1 0.5
v -0.4 1 0.4
v -0.4 1 -0.4
v -0.4 1 -0.5
v -0.4 1.3 0.7
v -0.4 1.3 0.6
v -0.4 1.3 -0.6
v -0.4 1.3 -0.7
v -0.4 1.4 0.7
v -0.4 1.4 0.6
v -0.4 1.4 -0.6
v -0.4 1.4 -0.7
v -0.4 1.8 0.7
v -0.4 1.8 0.6
v -0.4 1.8 -0.6
v -0.4 1.8 -0.7
v -0.4 1.9 0.7
v -0.4 1.9 0.6
v -0.4 1.9 -0.6
v -0.4 1.9 -0.7
v -0.4 2.1 0.4
v -0.4 2.1 0.3
v -0.4 2.1 -0.3
v -0.4 2.1 -0.4
v -0.4 2.2 0.4
v -0.4 2.2 0.3
v -0.4 2.2 0.2
v -0.4 2.2 -0.2
v -0.4 2.2 -0.3
v -0.4 2.2 -0.4
v -0.4 2.3 0.3
v -0.4 2.3 0.2
v -0.4 2.3 -0.2
v -0.4 2.3 -0.3
v -0.4 2.5 0.4
v -0.4 2.5 0.3
v -0.4 2.7 0.4
v -0.4 2.7 0.3
v -0.4 2.9 0.3
v -0.4 2.9 0.2
v -0.4 2.9 -0.2
v -0.4 2.9 -0.3
v -0.4 3 0.3
v -0.4 3 0.2
v -0.4 3 0.1
v -0.4 3 -0.1
v -0.4 3 -0.2
v -0.4 3 -0.3
v -0.4 3.1 0.2
v -0.4 3.1 0.1
v -0.4 3.1 -0.1
v -0.4 3.1 -0.2
v -0.3 0 0.6
v -0.3 0 0.5
v -0.3 0 -0.5
v -0.3 0 -0.6
v -0.3 0.1 0.6
v -0.3 0.1 0.5
v -0.3 0.1 -0.5
v -0.3 0.1 -0.6
v -0.3 0.3 0.5
v -0.3 0.3 0.4
v -0.3 0.3 -0.4
v -0.3 0.3 -0.5
v -0.3 0.4 0.5
v -0.3 0.4 0.4
v -0.3 0.4 0.3
v -0.3 0.4 -0.3
v -0.3 0.4 -0.4
v -0.3 0.4 -0.5
v -0.3 0.5 0.4
v -0.3 0.5 0.3
v -0.3 0.5 -0.3
v -0.3 0.5 -0.4
v -0.3 1 0.6
v -0.3 1 0.5
v -0.3 1 -0.5
v -0.3 1 -0.6
v -0.3 1.1 0.6
v -0.3 1.1 0.5
v -0.3 1.1 -0.5
v -0.3 1.1 -0.6
v -0.3 1.2 0.7
v -0.3 1.2 0.6
v -0.3 1.2 -0.6
v -0.3 1.2 -0.7
v -0.3 1.3 0.7
v -0.3 1.3 0.6
v -0.3 1.3 -0.6
v -0.3 1.3 -0.7
v -0.3 2 0.1
v -0.3 2 -0.1
v -0.3 2.1 0.1
v -0.3 2.1 -0.1
v -0.3 2.4 0.4
v -0.3 2.4 0.3
v -0.3 2.5 0.4
v -0.3 2.5 0.3
v -0.3 2.5 0.1
v -0.3 2.5 -5.96046e-08
v -0.3 2.7 0.4
v -0.3 2.7 0.3
v -0.3 2.8 0.4
v -0.3 2.8 0.3
v -0.3 2.8 0.1
v -0.3 2.8 -5.96046e-08
v -0.3 3.1 0.1
v -0.3 3.1 -0.1
v -0.3 3.2 0.1
v -0.3 3.2 -0.1
v -0.2 0.1 0.6
v -0.2 0.1 0.5
v -0.2 0.1 -0.5
v -0.2 0.1 -0.6
v -0.2 0.2 0.6
v -0.2 0.2 0.5
v -0.2 0.2 -0.5
v -0.2 0.2 -0.6
v -0.2 2 0.2
v -0.2 2 0.1
v -0.2 2 -0.1
v -0.2 2 -0.2
v -0.2 2.1 0.2
v -0.2 2.1 0.1
v -0.2 2.1 -0.1
v -0.2 2.1 -0.2
v -0.2 2.3 0.4
v -0.2 2.3 0.3
v -0.2 2.4 0.4
v -0.2 2.4 0.3
v -0.2 2.6 -0.2
v -0.2 2.6 -0.3
v -0.2 2.7 -0.2
v -0.2 2.7 -0.3
v -0.2 2.8 0.4
v -0.2 2.8 0.3
v -0.2 2.9 0.4
v -0.2 2.9 0.3
v -0.2 3 0.3
v -0.2 3 0.2
v -0.2 3 -0.2
v -0.2 3 -0.3
v -0.2 3.1 0.3
v -0.2 3.1 0.2
v -0.2 3.1 0.1
v -0.2 3.1 -0.1
v -0.2 3.1 -0.2
v -0.2 3.1 -0.3
v -0.2 3.2 0.2
v -0.2 3.2 0.1
v -0.2 3.2 -0.1
v -0.2 3.2 -0.2
v -0.0999999 0.2 0.6
v -0.0999999 0.2 0.5
v -0.0999999 0.2 -0.5
v -0.0999999 0.2 -0.6
v -0.0999999 0.3 0.6
v -0.0999999 0.3 0.5
v -0.0999999 0.3 -0.5
v -0.0999999 0.3 -0.6
v -0.0999999 0.4 0.5
v -0.0999999 0.4 0.4
v -0.0999999 0.4 -0.4
v -0.0999999 0.4 -0.5
v -0.0999999 0.5 0.5
v -0.0999999 0.5 0.4
v -0.0999999 0.5 -0.4
v -0.0999999 0.5 -0.5
v -0.0999999 1.9 0.2
v -0.0999999 1.9 -0.2
v -0.0999999 2 0.2
v -0.0999999 2 -0.2
v -0.0999999 2.5 -0.2
v -0.0999999 2.5 -0.3
v -0.0999999 2.6 -0.2
v -0.0999999 2.6 -0.3
v -0.0999999 2.7 -0.2
v -0.0999999 2.7 -0.3
v -0.0999999 2.9 -0.2
v -0.0999999 2.9 -0.3
v -0.0999999 3.2 0.1
v -0.0999999 3.2 -0.1
v -0.0999999 3.3 0.1
v -0.0999999 3.3 -0.1
v 0.2 0.4 0.3
v 0.2 0.4 0.2
v 0.2 0.4 -0.2
v 0.2 0.4 -0.3
v 0.2 0.5 0.3
v 0.2 0.5 0.2
v 0.2 0.5 -0.2
v 0.2 0.5 -0.3
v 0.2 1 0.6
v 0.2 1 0.5
v 0.2 1 -0.5
v 0.2 1 -0.6
v 0.2 1.1 0.6
v 0.2 1.1 0.5
v 0.2 1.1 -0.5
v 0.2 1.1 -0.6
v 0.2 2.3 -0.2
v 0.2 2.3 -0.3
v 0.2 2.4 -0.2
v 0.2 2.4 -0.3
v 0.2 3 0.1
v 0.2 3 -0.2
v 0.2 3.1 0.1
v 0.2 3.1 -0.2
v 0.3 0.4 0.2
v 0.3 0.4 -0.2
v 0.3 0.5 0.2
v 0.3 0.5 -0.2
v 0.3 0.9 0.5
v 0.3 0.9 0.4
v 0.3 0.9 -0.4
v 0.3 0.9 -0.5
v 0.3 1 0.5
v 0.3 1 0.4
v 0.3 1 -0.4
v 0.3 1 -0.5
v 0.3 2.4 -0.2
v 0.3 2.4 -0.3
v 0.3 2.5 -0.2
v 0.3 2.5 -0.3
v 0.3 2.8 -0.2
v 0.3 2.8 -0.3
v 0.3 2.9 -0.2
v 0.3 2.9 -0.3
v 0.4 0.9 0.3
v 0.4 0.9 0.2
v 0.4 0.9 -0.2
v 0.4 0.9 -0.3
v 0.4 1 0.3
v 0.4 1 0.2
v 0.4 1 -0.2
v 0.4 1 -0.3
v 0.4 2 0.4
v 0.4 2 0.3
v 0.4 2 -0.3
v 0.4 2 -0.4
v 0.4 2.1 0.4
v 0.4 2.1 0.3
v 0.4 2.1 -0.3
v 0.4 2.1 -0.4
v 0.4 2.2 0.1
v 0.4 2.2 -0.2
v 0.4 2.3 0.1
v 0.4 2.3 -0.2
v 0.4 2.5 -0.2
v 0.4 2.5 -0.3
v 0.4 2.8 -0.2
v 0.4 2.8 -0.3
v 0.4 2.9 0.1
v 0.4 2.9 -0.2
v 0.4 3 0.1
v 0.4 3 -0.2
v 0.5 0.9 0.2
v 0.5 0.9 0.1
v 0.5 0.9 -0.1
v 0.5 0.9 -0.2
v 0.5 1 0.2
v 0.5 1 0.1
v 0.5 1 -0.1
v 0.5 1 -0.2
v 0.5 1.1 0.5
v 0.5 1.1 0.4
v 0.5 1.1 -0.4
v 0.5 1.1 -0.5
v 0.5 1.2 0.5
v 0.5 1.2 0.4
v 0.5 1.2 -0.4
v 0.5 1.2 -0.5
v 0.5 2 0.3
v 0.5 2 0.2
v 0.5 2 -0.2
v 0.5 2 -0.3
v 0.5 2.1 0.3
v 0.5 2.1 0.2
v 0.5 2.1 -0.2
v 0.5 2.1 -0.3
v 0.5 2.3 0.1
v 0.5 2.3 -0.2
v 0.5 2.9 0.1
v 0.5 2.9 -0.2
v 0.6 1 0.3
v 0.6 1 0.2
v 0.6 1 -0.2
v 0.6 1 -0.3
v 0.6 1.1 0.4
v 0.6 1.1 0.3
v 0.6 1.1 0.2
v 0.6 1.1 -0.2
v 0.6 1.1 -0.3
v 0.6 1.1 -0.4
v 0.6 1.2 0.5
v 0.6 1.2 0.4
v 0.6 1.2 0.3
v 0.6 1.2 -0.3
v 0.6 1.2 -0.4
v 0.6 1.2 -0.5
v 0.6 1.3 -0.5
v 0.6 1.4 0.5
v 0.6 1.4 0.4
v 0.6 1.4 -0.4
v 0.6 1.4 -0.5
v 0.6 1.5 0.5
v 0.6 1.5 0.4
v 0.6 1.5 -0.4
v 0.6 1.5 -0.5
v 0.6 1.9 0.5
v 0.6 1.9 0.4
v 0.6 1.9 -0.4
v 0.6 1.9 -0.5
v 0.6 2 0.5
v 0.6 2 0.4
v 0.6 2 0.2
v 0.6 2 -0.2
v 0.6 2 -0.4
v 0.6 2 -0.5
v 0.6 2.1 0.2
v 0.6 2.1 -0.2
v 0.7 1.1 0.3
v 0.7 1.1 -0.3
v 0.7 1.2 0.4
v 0.7 1.2 0.3
v 0.7 1.2 0.2
v 0.7 1.2 -0.2
v 0.7 1.2 -0.3
v 0.7 1.2 -0.4
v 0.7 1.3 0.3
v 0.7 1.3 0.2
v 0.7 1.3 -0.2
v 0.7 1.3 -0.3
v 0.7 1.4 0.4
v 0.7 1.4 0.3
v 0.7 1.4 -0.3
v 0.7 1.4 -0.4
v 0.7 1.5 0.5
v 0.7 1.5 0.4
v 0.7 1.5 -0.4
v 0.7 1.5 -0.5
v 0.7 1.6 0.2
v 0.7 1.6 -0.2
v 0.7 1.7 0.3
v 0.7 1.7 0.2
v 0.7 1.7 -0.2
v 0.7 1.7 -0.3
v 0.7 1.8 0.3
v 0.7 1.8 -0.3
v 0.7 1.9 0.5
v 0.7 1.9 0.4
v 0.7 1.9 0.3
v 0.7 1.9 0.1
v 0.7 1.9 -0.1
v 0.7 1.9 -0.3
v 0.7 1.9 -0.4
v 0.7 1.9 -0.5
v 0.7 2 0.4
v 0.7 2 0.1
v 0.7 2 -0.1
v 0.7 2 -0.4
v 0.7 2.1 0.2
v 0.7 2.1 -0.2
v 0.7 2.2 0.2
v 0.7 2.2 -0.2
v 0.8 1.6 0.2
v 0.8 1.6 -0.2
v 0.8 1.7 0.3
v 0.8 1.7 0.2
v 0.8 1.7 -0.2
v 0.8 1.7 -0.3
v 0.8 1.8 0.3
v 0.8 1.8 0.2
v 0.8 1.8 -0.2
v 0.8 1.8 -0.3
v 0.8 2.2 0.2
v 0.8 2.2 -0.2
v 0.8 2.3 0.2
v 0.8 2.3 -0.2
v 0.9 2 0.4
v 0.9 2 0.3
v 0.9 2 -0.3
v 0.9 2 -0.4
v 0.9 2.1 0.4
v 0.9 2.1 0.3
v 0.9 2.1 0.2
v 0.9 2.1 -0.2
v 0.9 2.1 -0.3
v 0.9 2.1 -0.4
v 0.9 2.2 0.4
v 0.9 2.2 0.2
v 0.9 2.2 -0.2
v 0.9 2.2 -0.4
v 0.9 2.3 0.2
v 0.9 2.3 -0.2
v 0.9 2.4 0.2
v 0.9 2.4 -0.2
v 1 1.8 0.5
v 1 1.8 0.4
v 1 1.8 -0.4
v 1 1.8 -0.5
v 1 1.9 0.5
v 1 1.9 0.4
v 1 1.9 -0.4
v 1 1.9 -0.5
v 1 2 0.5
v 1 2 0.4
v 1 2 -0.4
v 1 2 -0.5
v 1 2.2 0.3
v 1 2.2 0.2
v 1 2.2 -0.2
v 1 2.2 -0.3
v 1 2.3 0.3
v 1 2.3 0.2
v 1 2.3 -0.2
v 1 2.3 -0.3
v 1 2.4 0.1
v 1 2.4 -0.1
v 1 2.5 0.1
v 1 2.5 -0.1
v 1.1 2 0.5
v 1.1 2 0.4
v 1.1 2 -0.4
v 1.1 2 -0.5
v 1.1 2.1 0.5
v 1.1 2.1 0.4
v 1.1 2.1 -0.4
v 1.1 2.1 -0.5
v 1.1 2.2 0.4
v 1.1 2.2 0.3
v 1.1 2.2 -0.3
v 1.1 2.2 -0.4
v 1.1 2.3 0.4
v 1.1 2.3 0.3
v 1.1 2.3 0.2
v 1.1 2.3 -0.2
v 1.1 2.3 -0.3
v 1.1 2.3 -0.4
v 1.1 2.4 0.3
v 1.1 2.4 0.2
v 1.1 2.4 -0.2
v 1.1 2.4 -0.3
v 1.2 1.3 0.1
v 1.2 1.3 -0.1
v 1.2 1.5 0.1
v 1.2 1.5 -0.1
v 1.2 2.1 0.5
v 1.2 2.1 0.4
v 1.2 2.1 -0.4
v 1.2 2.1 -0.5
v 1.2 2.2 0.5
v 1.2 2.2 0.4
v 1.2 2.2 -0.4
v 1.2 2.2 -0.5
v 1.3 1.2 0.2
v 1.3 1.2 -0.2
v 1.3 1.3 0.1
v 1.3 1.3 -0.1
v 1.3 1.5 0.1
v 1.3 1.5 -0.1
v 1.3 1.6 0.2
v 1.3 1.6 -0.2
v 1.3 2.1 0.3
v 1.3 2.1 0.2
v 1.3 2.1 -0.2
v 1.3 2.1 -0.3
v 1.3 2.2 0.3
v 1.3 2.2 0.2
v 1.3 2.2 -0.2
v 1.3 2.2 -0.3
v 1.4 1.1 0.2
v 1.4 1.1 -0.2
v 1.4 1.2 0.3
v 1.4 1.2 0.2
v 1.4 1.2 -0.2
v 1.4 1.2 -0.3
v 1.4 1.6 0.3
v 1.4 1.6 0.2
v 1.4 1.6 -0.2
v 1.4 1.6 -0.3
v 1.4 1.7 0.2
v 1.4 1.7 -0.2
v 1.4 2.1 0.2
v 1.4 2.1 0.1
v 1.4 2.1 -0.1
v 1.4 2.1 -0.2
v 1.4 2.2 0.2
v 1.4 2.2 0.1
v 1.4 2.2 -0.1
v 1.4 2.2 -0.2
v 1.5 1 0.1
v 1.5 1 -0.1
v 1.5 1.1 0.1
v 1.5 1.1 -0.1
v 1.5 1.3 0.4
v 1.5 1.3 0.3
v 1.5 1.3 -0.3
v 1.5 1.3 -0.4
v 1.5 1.5 0.4
v 1.5 1.5 0.3
v 1.5 1.5 -0.3
v 1.5 1.5 -0.4
v 1.5 1.7 0.1
v 1.5 1.7 -0.1
v 1.5 1.8 0.1
v 1.5 1.8 -0.1
v 1.5 2.1 0.1
v 1.5 2.1 -0.1
v 1.5 2.2 0.1
v 1.5 2.2 -0.1
v 1.7 1.1 0.1
v 1.7 1.1 -0.1
v 1.7 1.2 0.1
v 1.7 1.2 -0.1
v 1.7 1.3 0.3
v 1.7 1.3 0.2
v 1.7 1.3 -0.2
v 1.7 1.3 -0.3
v 1.7 1.5 0.3
v 1.7 1.5 0.2
v 1.7 1.5 -0.2
v 1.7 1.5 -0.3
v 1.7 1.6 0.1
v 1.7 1.6 -0.1
v 1.7 1.7 0.1
v 1.7 1.7 -0.1
v 1.8 1.2 0.2
v 1.8 1.2 -0.2
v 1.8 1.3 0.1
v 1.8 1.3 -0.1
v 1.8 1.5 0.1
v 1.8 1.5 -0.1
v 1.8 1.6 0.2
v 1.8 1.6 -0.2
v 1.9 1.3 0.1
v 1.9 1.3 -0.1
v 1.9 1.5 0.1
v 1.9 1.5 -0.1
v -1.9 1.3 0.1
v -1.9 1.3 -0.1
v -1.9 1.5 0.1
v -1.9 1.5 -0.1
v -1.8 1.2 0.2
v -1.8 1.2 -0.2
v -1.8 1.3 0.1
v -1.8 1.3 -0.1
v -1.8 1.5 0.1
v -1.8 1.5 -0.1
v -1.8 1.6 0.2
v -1.8 1.6 -0.2
v -1.7 1.1 0.1
v -1.7 1.1 -0.1
v -1.7 1.2 0.1
v -1.7 1.2 -0.1
v -1.7 1.3 0.3
v -1.7 1.3 0.2
v -1.7 1.3 -0.2
v -1.7 1.3 -0.3
v -1.7 1.5 0.3
v -1.7 1.5 0.2
v -1.7 1.5 -0.2
v -1.7 1.5 -0.3
v -1.7 1.6 0.1
v -1.7 1.6 -0.1
v -1.7 1.7 0.1
v -1.7 1.7 -0.1
v -1.5 1 0.1
v -1.5 1 -0.1
v -1.5 1.1 0.1
v -1.5 1.1 -0.1
v -1.5 1.3 0.4
v -1.5 1.3 0.3
v -1.5 1.3 -0.3
v -1.5 1.3 -0.4
v -1.5 1.5 0.4
v -1.5 1.5 0.3
v -1.5 1.5 -0.3
v -1.5 1.5 -0.4
v -1.5 1.7 0.1
v -1.5 1.7 -0.1
v -1.5 1.8 0.1
v -1.5 1.8 -0.1
v -1.5 2.1 0.1
v -1.5 2.1 -0.1
v -1.5 2.2 0.1
v -1.5 2.2 -0.1
v -1.4 1.1 0.2
v -1.4 1.1 -0.2
v -1.4 1.2 0.3
v -1.4 1.2 0.2
v -1.4 1.2 -0.2
v -1.4 1.2 -0.3
v -1.4 1.6 0.3
v -1.4 1.6 0.2
v -1.4 1.6 -0.2
v -1.4 1.6 -0.3
v -1.4 1.7 0.2
v -1.4 1.7 -0.2
v -1.4 2.1 0.2
v -1.4 2.1 0.1
v -1.4 2.1 -0.1
v -1.4 2.1 -0.2
v -1.4 2.2 0.2
v -1.4 2.2 0.1
v -1.4 2.2 -0.1
v -1.4 2.2 -0.2
v -1.3 1.2 0.2
v -1.3 1.2 -0.2
v -1.3 1.3 0.1
v -1.3 1.3 -0.1
v -1.3 1.5 0.1
v -1.3 1.5 -0.1
v -1.3 1.6 0.2
v -1.3 1.6 -0.2
v -1.3 2.1 0.3
v -1.3 2.1 0.2
v -1.3 2.1 -0.2
v -1.3 2.1 -0.3
v -1.3 2.2 0.3
v -1.3 2.2 0.2
v -1.3 2.2 -0.2
v -1.3 2.2 -0.3
v -1.2 1.3 0.1
v -1.2 1.3 -0.1
v -1.2 1.5 0.1
v -1.2 1.5 -0.1
v -1.2 2.1 0.5
v -1.2 2.1 0.4
v -1.2 2.1 -0.4
v -1.2 2.1 -0.5
v -1.2 2.2 0.5
v -1.2 2.2 0.4
v -1.2 2.2 -0.4
v -1.2 2.2 -0.5
v -1.1 2 0.5
v -1.1 2 0.4
v -1.1 2 -0.4
v -1.1 2 -0.5
v -1.1 2.1 0.5
v -1.1 2.1 0.4
v -1.1 2.1 -0.4
v -1.1 2.1 -0.5
v -1.1 2.2 0.4
v -1.1 2.2 0.3
v -1.1 2.2 -0.3
v -1.1 2.2 -0.4
v -1.1 2.3 0.4
v -1.1 2.3 0.3
v -1.1 2.3 0.2
v -1.1 2.3 -0.2
v -1.1 2.3 -0.3
v -1.1 2.3 -0.4
v -1.1 2.4 0.3
v -1.1 2.4 0.2
v -1.1 2.4 -0.2
v -1.1 2.4 -0.3
v -1 1.8 0.5
v -1 1.8 0.4
v -1 1.8 -0.4
v -1 1.8 -0.5
v -1 1.9 0.5
v -1 1.9 0.4
v -1 1.9 -0.4
v -1 1.9 -0.5
v -1 2 0.5
v -1 2 0.4
v -1 2 -0.4
v -1 2 -0.5
v -1 2.2 0.3
v -1 2.2 0.2
v -1 2.2 -0.2
v -1 2.2 -0.3
v -1 2.3 0.3
v -1 2.3 0.2
v -1 2.3 -0.2
v -1 2.3 -0.3
v -1 2.4 0.1
v -1 2.4 -0.1
v -1 2.5 0.1
v -1 2.5 -0.1
v -0.9 2 0.4
v -0.9 2 0.3
v -0.9 2 -0.3
v -0.9 2 -0.4
v -0.9 2.1 0.4
v -0.9 2.1 0.3
v -0.9 2.1 0.2
v -0.9 2.1 -0.2
v -0.9 2.1 -0.3
v -0.9 2.1 -0.4
v -0.9 2.2 0.4
v -0.9 2.2 0.2
v -0.9 2.2 -0.2
v -0.9 2.2 -0.4
v -0.9 2.3 0.2
v -0.9 2.3 -0.2
v -0.9 2.4 0.2
v -0.9 2.4 -0.2
v -0.8 1.6 0.2
v -0.8 1.6 -0.2
v -0.8 1.7 0.3
v -0.8 1.7 0.2
v -0.8 1.7 -0.2
v -0.8 1.7 -0.3
v -0.8 1.8 0.3
v -0.8 1.8 0.2
v -0.8 1.8 -0.2
v -0.8 1.8 -0.3
v -0.8 2.2 0.2
v -0.8 2.2 -0.2
v -0.8 2.3 0.2
v -0.8 2.3 -0.2
v -0.7 1.1 0.3
v -0.7 1.1 -0.3
v -0.7 1.2 0.4
v -0.7 1.2 0.3
v -0.7 1.2 0.2
v -0.7 1.2 -0.2
v -0.7 1.2 -0.3
v -0.7 1.2 -0.4
v -0.7 1.3 0.3
v -0.7 1.3 0.2
v -0.7 1.3 -0.2
v -0.7 1.3 -0.3
v -0.7 1.4 0.4
v -0.7 1.4 0.3
v -0.7 1.4 -0.3
v -0.7 1.4 -0.4
v -0.7 1.5 0.5
v -0.7 1.5 0.4
v -0.7 1.5 -0.4
v -0.7 1.5 -0.5
v -0.7 1.6 0.2
v -0.7 1.6 -0.2
v -0.7 1.7 0.3
v -0.7 1.7 0.2
v -0.7 1.7 -0.2
v -0.7 1.7 -0.3
v -0.7 1.8 0.3
v -0.7 1.8 -0.3
v -0.7 1.9 0.5
v -0.7 1.9 0.4
v -0.7 1.9 0.3
v -0.7 1.9 0.1
v -0.7 1.9 -0.1
v -0.7 1.9 -0.3
v -0.7 1.9 -0.4
v -0.7 1.9 -0.5
v -0.7 2 0.4
v -0.7 2 0.1
v -0.7 2 -0.1
v -0.7 2 -0.4
v -0.7 2.1 0.2
v -0.7 2.1 -0.2
v -0.7 2.2 0.2
v -0.7 2.2 -0.2
v -0.6 1 0.3
v -0.6 1 0.2
v -0.6 1 -0.2
v -0.6 1 -0.3
v -0.6 1.1 0.4
v -0.6 1.1 0.3
v -0.6 1.1 0.2
v -0.6 1.1 -0.2
v -0.6 1.1 -0.3
v -0.6 1.1 -0.4
v -0.6 1.2 0.5
v -0.6 1.2 0.4
v -0.6 1.2 0.3
v -0.6 1.2 -0.3
v -0.6 1.2 -0.4
v -0.6 1.2 -0.5
v -0.6 1.3 0.5
v -0.6 1.3 -0.5
v -0.6 1.4 0.5
v -0.6 1.4 0.4
v -0.6 1.4 -0.4
v -0.6 1.4 -0.5
v -0.6 1.5 0.5
v -0.6 1.5 0.4
v -0.6 1.5 -0.4
v -0.6 1.5 -0.5
v -0.6 1.9 0.5
v -0.6 1.9 0.4
v -0.6 1.9 -0.4
v -0.6 1.9 -0.5
v -0.6 2 0.5
v -0.6 2 0.4
v -0.6 2 0.2
v -0.6 2 -0.2
v -0.6 2 -0.4
v -0.6 2 -0.5
v -0.6 2.1 0.2
v -0.6 2.1 -0.2
v -0.5 0.9 0.2
v -0.5 0.9 0.1
v -0.5 0.9 -0.1
v -0.5 0.9 -0.2
v -0.5 1 0.2
v -0.5 1 0.1
v -0.5 1 -0.1
v -0.5 1 -0.2
v -0.5 1.1 0.5
v -0.5 1.1 0.4
v -0.5 1.1 -0.4
v -0.5 1.1 -0.5
v -0.5 1.2 0.5
v -0.5 1.2 0.4
v -0.5 1.2 -0.4
v -0.5 1.2 -0.5
v -0.5 2 0.3
v -0.5 2 0.2
v -0.5 2 -0.2
v -0.5 2 -0.3
v -0.5 2.1 0.3
v -0.5 2.1 0.2
v -0.5 2.1 -0.2
v -0.5 2.1 -0.3
v -0.5 2.3 0.1
v -0.5 2.3 -0.2
v -0.5 2.9 0.1
v -0.5 2.9 -0.2
v -0.4 0.9 0.3
v -0.4 0.9 0.2
v -0.4 0.9 -0.2
v -0.4 0.9 -0.3
v -0.4 1 0.3
v -0.4 1 0.2
v -0.4 1 -0.2
v -0.4 1 -0.3
v -0.4 2 0.4
v -0.4 2 0.3
v -0.4 2 -0.3
v -0.4 2 -0.4
v -0.4 2.1 0.4
v -0.4 2.1 0.3
v -0.4 2.1 -0.3
v -0.4 2.1 -0.4
v -0.4 2.2 0.1
v -0.4 2.2 -0.2
v -0.4 2.3 0.1
v -0.4 2.3 -0.2
v -0.4 2.5 -0.2
v -0.4 2.5 -0.3
v -0.4 2.8 -0.2
v -0.4 2.8 -0.3
v -0.4 2.9 0.1
v -0.4 2.9 -0.2
v -0.4 3 0.1
v -0.4 3 -0.2
v -0.3 0.4 0.2
v -0.3 0.4 -0.2
v -0.3 0.5 0.2
v -0.3 0.5 -0.2
v -0.3 0.9 0.5
v -0.3 0.9 0.4
v -0.3 0.9 -0.4
v -0.3 0.9 -0.5
v -0.3 1 0.5
v -0.3 1 0.4
v -0.3 1 -0.4
v -0.3 1 -0.5
v -0.3 2.4 -0.2
v -0.3 2.4 -0.3
v -0.3 2.5 -0.2
v -0.3 2.5 -0.3
v -0.3 2.8 -0.2
v -0.3 2.8 -0.3
v -0.3 2.9 -0.2
v -0.3 2.9 -0.3
v -0.2 0.4 0.3
v -0.2 0.4 0.2
v -0.2 0.4 -0.2
v -0.2 0.4 -0.3
v -0.2 0.5 0.3
v -0.2 0.5 0.2
v -0.2 0.5 -0.2
v -0.2 0.5 -0.3
v -0.2 1 0.6
v -0.2 1 0.5
v -0.2 1 -0.5
v -0.2 1 -0.6
v -0.2 1.1 0.6
v -0.2 1.1 0.5
v -0.2 1.1 -0.5
v -0.2 1.1 -0.6
v -0.2 2.3 -0.2
v -0.2 2.3 -0.3
v -0.2 2.4 -0.2
v -0.2 2.4 -0.3
v -0.2 3 0.1
v -0.2 3 -0.2
v -0.2 3.1 0.1
v -0.2 3.1 -0.2
v 0.1 0.2 0.6
v 0.1 0.2 0.5
v 0.1 0.2 -0.5
v 0.1 0.2 -0.6
v 0.1 0.3 0.6
v 0.1 0.3 0.5
v 0.1 0.3 -0.5
v 0.1 0.3 -0.6
v 0.1 0.4 0.5
v 0.1 0.4 0.4
v 0.1 0.4 -0.4
v 0.1 0.4 -0.5
v 0.1 0.5 0.5
v 0.1 0.5 0.4
v 0.1 0.5 -0.4
v 0.1 0.5 -0.5
v 0.1 1.9 0.2
v 0.1 1.9 -0.2
v 0.1 2 0.2
v 0.1 2 -0.2
v 0.1 2.5 -0.2
v 0.1 2.5 -0.3
v 0.1 2.6 -0.2
v 0.1 2.6 -0.3
v 0.1 2.7 -0.2
v 0.1 2.7 -0.3
v 0.1 2.9 -0.2
v 0.1 2.9 -0.3
v 0.1 3.2 0.1
v 0.1 3.2 -0.1
v 0.1 3.3 0.1
v 0.1 3.3 -0.1
v 0.2 0.1 0.6
v 0.2 0.1 0.5
v 0.2 0.1 -0.5
v 0.2 0.1 -0.6
v 0.2 0.2 0.6
v 0.2 0.2 0.5
v 0.2 0.2 -0.5
v 0.2 0.2 -0.6
v 0.2 2 0.2
v 0.2 2 0.1
v 0.2 2 -0.1
v 0.2 2 -0.2
v 0.2 2.1 0.2
v 0.2 2.1 0.1
v 0.2 2.1 -0.1
v 0.2 2.1 -0.2
v 0.2 2.3 0.4
v 0.2 2.3 0.3
v 0.2 2.4 0.4
v 0.2 2.4 0.3
v 0.2 2.6 -0.2
v 0.2 2.6 -0.3
v 0.2 2.7 -0.2
v 0.2 2.7 -0.3
v 0.2 2.8 0.4
v 0.2 2.8 0.3
v 0.2 2.9 0.4
v 0.2 2.9 0.3
v 0.2 3 0.3
v 0.2 3 0.2
v 0.2 3 -0.2
v 0.2 3 -0.3
v 0.2 3.1 0.3
v 0.2 3.1 0.2
v 0.2 3.1 0.1
v 0.2 3.1 -0.1
v 0.2 3.1 -0.2
v 0.2 3.1 -0.3
v 0.2 3.2 0.2
v 0.2 3.2 0.1
v 0.2 3.2 -0.1
v 0.2 3.2 -0.2
v 0.3 0 0.6
v 0.3 0 0.5
v 0.3 0 -0.5
v 0.3 0 -0.6
v 0.3 0.1 0.6
v 0.3 0.1 0.5
v 0.3 0.1 -0.5
v 0.3 0.1 -0.6
v 0.3 0.3 0.5
v 0.3 0.3 0.4
v 0.3 0.3 -0.4
v 0.3 0.3 -0.5
v 0.3 0.4 0.5
v 0.3 0.4 0.4
v 0.3 0.4 0.3
v 0.3 0.4 -0.3
v 0.3 0.4 -0.4
v 0.3 0.4 -0.5
v 0.3 0.5 0.4
v 0.3 0.5 0.3
v 0.3 0.5 -0.3
v 0.3 0.5 -0.4
v 0.3 1 0.6
v 0.3 1 0.5
v 0.3 1 -0.5
v 0.3 1 -0.6
v 0.3 1.1 0.6
v 0.3 1.1 0.5
v 0.3 1.1 -0.5
v 0.3 1.1 -0.6
v 0.3 1.2 0.7
v 0.3 1.2 0.6
v 0.3 1.2 -0.6
v 0.3 1.2 -0.7
v 0.3 1.3 0.7
v 0.3 1.3 0.6
v 0.3 1.3 -0.6
v 0.3 1.3 -0.7
v 0.3 2 0.1
v 0.3 2 -0.1
v 0.3 2.1 0.1
v 0.3 2.1 -0.1
v 0.3 2.4 0.4
v 0.3 2.4 0.3
v 0.3 2.5 0.4
v 0.3 2.5 0.3
v 0.3 2.5 0.1
v 0.3 2.5 -5.96046e-08
v 0.3 2.7 0.4
v 0.3 2.7 0.3
v 0.3 2.8 0.4
v 0.3 2.8 0.3
v 0.3 2.8 0.1
v 0.3 2.8 -5.96046e-08
v 0.3 3.1 0.1
v 0.3 3.1 -0.1
v 0.3 3.2 0.1
v 0.3 3.2 -0.1
v 0.4 0.1 0.5
v 0.4 0.1 0.4
v 0.4 0.1 -0.4
v 0.4 0.1 -0.5
v 0.4 0.3 0.5
v 0.4 0.3 0.4
v 0.4 0.3 0.3
v 0.4 0.3 -0.3
v 0.4 0.3 -0.4
v 0.4 0.3 -0.5
v 0.4 0.4 0.4
v 0.4 0.4 0.3
v 0.4 0.4 0.1
v 0.4 0.4 -0.1
v 0.4 0.4 -0.3
v 0.4 0.4 -0.4
v 0.4 0.5 0.3
v 0.4 0.5 0.1
v 0.4 0.5 -0.1
v 0.4 0.5 -0.3
v 0.4 0.9 0.5
v 0.4 0.9 0.4
v 0.4 0.9 -0.4
v 0.4 0.9 -0.5
v 0.4 1 0.5
v 0.4 1 0.4
v 0.4 1 -0.4
v 0.4 1 -0.5
v 0.4 1.3 0.7
v 0.4 1.3 0.6
v 0.4 1.3 -0.6
v 0.4 1.3 -0.7
v 0.4 1.4 0.7
v 0.4 1.4 0.6
v 0.4 1.4 -0.6
v 0.4 1.4 -0.7
v 0.4 1.8 0.7
v 0.4 1.8 0.6
v 0.4 1.8 -0.6
v 0.4 1.8 -0.7
v 0.4 1.9 0.7
v 0.4 1.9 0.6
v 0.4 1.9 -0.6
v 0.4 1.9 -0.7
v 0.4 2.1 0.4
v 0.4 2.1 0.3
v 0.4 2.1 -0.3
v 0.4 2.1 -0.4
v 0.4 2.2 0.4
v 0.4 2.2 0.3
v 0.4 2.2 0.2
v 0.4 2.2 -0.2
v 0.4 2.2 -0.3
v 0.4 2.2 -0.4
v 0.4 2.3 0.3
v 0.4 2.3 0.2
v 0.4 2.3 -0.2
v 0.4 2.3 -0.3
v 0.4 2.5 0.4
v 0.4 2.5 0.3
v 0.4 2.7 0.4
v 0.4 2.7 0.3
v 0.4 2.9 0.3
v 0.4 2.9 0.2
v 0.4 2.9 -0.2
v 0.4 2.9 -0.3
v 0.4 3 0.3
v 0.4 3 0.2
v 0.4 3 0.1
v 0.4 3 -0.1
v 0.4 3 -0.2
v 0.4 3 -0.3
v 0.4 3.1 0.2
v 0.4 3.1 0.1
v 0.4 3.1 -0.1
v 0.4 3.1 -0.2
v 0.5 0 0.5
v 0.5 0 0.3
v 0.5 0 -0.3
v 0.5 0 -0.5
v 0.5 0.1 0.5
v 0.5 0.1 0.4
v 0.5 0.1 0.3
v 0.5 0.1 0.2
v 0.5 0.1 -0.2
v 0.5 0.1 -0.3
v 0.5 0.1 -0.4
v 0.5 0.1 -0.5
v 0.5 0.2 0.2
v 0.5 0.2 0.1
v 0.5 0.2 -0.1
v 0.5 0.2 -0.2
v 0.5 0.3 0.4
v 0.5 0.3 0.3
v 0.5 0.3 0.1
v 0.5 0.3 -0.1
v 0.5 0.3 -0.3
v 0.5 0.3 -0.4
v 0.5 0.4 0.3
v 0.5 0.4 0.1
v 0.5 0.4 -0.1
v 0.5 0.4 -0.3
v 0.5 0.5 0.1
v 0.5 0.5 -0.1
v 0.5 1 0.3
v 0.5 1 0.2
v 0.5 1 -0.2
v 0.5 1 -0.3
v 0.5 1.1 0.6
v 0.5 1.1 0.5
v 0.5 1.1 0.3
v 0.5 1.1 0.2
v 0.5 1.1 -0.2
v 0.5 1.1 -0.3
v 0.5 1.1 -0.5
v 0.5 1.1 -0.6
v 0.5 1.2 0.6
v 0.5 1.2 0.5
v 0.5 1.2 -0.5
v 0.5 1.2 -0.6
v 0.5 1.4 0.7
v 0.5 1.4 0.6
v 0.5 1.4 -0.6
v 0.5 1.4 -0.7
v 0.5 1.5 0.7
v 0.5 1.5 0.6
v 0.5 1.5 -0.6
v 0.5 1.5 -0.7
v 0.5 1.7 0.7
v 0.5 1.7 0.6
v 0.5 1.7 -0.6
v 0.5 1.7 -0.7
v 0.5 1.8 0.7
v 0.5 1.8 0.6
v 0.5 1.8 -0.6
v 0.5 1.8 -0.7
v 0.5 2 0.6
v 0.5 2 0.5
v 0.5 2 -0.5
v 0.5 2 -0.6
v 0.5 2.1 0.6
v 0.5 2.1 0.5
v 0.5 2.1 0.3
v 0.5 2.1 0.2
v 0.5 2.1 -0.2
v 0.5 2.1 -0.3
v 0.5 2.1 -0.5
v 0.5 2.1 -0.6
v 0.5 2.2 0.3
v 0.5 2.2 0.2
v 0.5 2.2 -0.2
v 0.5 2.2 -0.3
v 0.5 2.3 0.3
v 0.5 2.3 0.2
v 0.5 2.3 -0.2
v 0.5 2.3 -0.3
v 0.5 2.5 0.3
v 0.5 2.5 0.2
v 0.5 2.5 -0.2
v 0.5 2.5 -0.3
v 0.5 2.7 0.3
v 0.5 2.7 0.2
v 0.5 2.7 -0.2
v 0.5 2.7 -0.3
v 0.5 2.9 0.3
v 0.5 2.9 0.2
v 0.5 2.9 -0.2
v 0.5 2.9 -0.3
v 0.5 3 0.2
v 0.5 3 0.1
v 0.5 3 -0.1
v 0.5 3 -0.2
v 0.5 3.1 0.1
v 0.5 3.1 -0.1
v 0.6 0 0.3
v 0.6 0 -0.3
v 0.6 0.1 0.3
v 0.6 0.1 0.2
v 0.6 0.1 -0.2
v 0.6 0.1 -0.3
v 0.6 0.2 0.2
v 0.6 0.2 0.1
v 0.6 0.2 -0.1
v 0.6 0.2 -0.2
v 0.6 0.3 0.1
v 0.6 0.3 -0.1
v 0.6 0.9 0.4
v 0.6 0.9 0.1
v 0.6 0.9 -0.1
v 0.6 0.9 -0.4
v 0.6 1 0.5
v 0.6 1 0.4
v 0.6 1 0.1
v 0.6 1 -0.1
v 0.6 1 -0.4
v 0.6 1 -0.5
v 0.6 1.1 0.5
v 0.6 1.1 0.4
v 0.6 1.1 -0.4
v 0.6 1.1 -0.5
v 0.6 1.2 0.6
v 0.6 1.2 0.5
v 0.6 1.2 -0.5
v 0.6 1.2 -0.6
v 0.6 1.3 -0.5
v 0.6 1.3 -0.6
v 0.6 1.4 0.6
v 0.6 1.4 0.5
v 0.6 1.4 -0.5
v 0.6 1.4 -0.6
v 0.6 1.5 0.7
v 0.6 1.5 0.6
v 0.6 1.5 -0.6
v 0.6 1.5 -0.7
v 0.6 1.7 0.7
v 0.6 1.7 0.6
v 0.6 1.7 -0.6
v 0.6 1.7 -0.7
v 0.6 1.9 0.6
v 0.6 1.9 0.5
v 0.6 1.9 -0.5
v 0.6 1.9 -0.6
v 0.6 2 0.6
v 0.6 2 0.5
v 0.6 2 -0.5
v 0.6 2 -0.6
v 0.6 2.1 0.2
v 0.6 2.1 -0.2
v 0.6 2.2 0.2
v 0.6 2.2 -0.2
v 0.6 2.3 0.2
v 0.6 2.3 -0.2
v 0.6 2.4 0.1
v 0.6 2.4 -0.1
v 0.6 2.5 0.3
v 0.6 2.5 0.2
v 0.6 2.5 -0.2
v 0.6 2.5 -0.3
v 0.6 2.7 0.3
v 0.6 2.7 0.2
v 0.6 2.7 -0.2
v 0.6 2.7 -0.3
v 0.6 2.8 0.1
v 0.6 2.8 -0.1
v 0.6 2.9 0.2
v 0.6 2.9 -0.2
v 0.7 1 0.4
v 0.7 1 -0.4
v 0.7 1.1 0.5
v 0.7 1.1 0.4
v 0.7 1.1 0.3
v 0.7 1.1 -0.3
v 0.7 1.1 -0.4
v 0.7 1.1 -0.5
v 0.7 1.2 0.4
v 0.7 1.2 0.3
v 0.7 1.2 -0.3
v 0.7 1.2 -0.4
v 0.7 1.4 0.6
v 0.7 1.4 0.5
v 0.7 1.4 0.4
v 0.7 1.4 -0.4
v 0.7 1.4 -0.5
v 0.7 1.4 -0.6
v 0.7 1.9 0.6
v 0.7 1.9 0.5
v 0.7 1.9 -0.5
v 0.7 1.9 -0.6
v 0.7 2 0.5
v 0.7 2 0.3
v 0.7 2 -0.3
v 0.7 2 -0.5
v 0.7 2.1 0.5
v 0.7 2.1 0.3
v 0.7 2.1 -0.3
v 0.7 2.1 -0.5
v 0.7 2.4 0.1
v 0.7 2.4 -0.1
v 0.7 2.8 0.1
v 0.7 2.8 -0.1
v 0.8 1.1 0.3
v 0.8 1.1 -0.3
v 0.8 1.2 0.4
v 0.8 1.2 0.3
v 0.8 1.2 0.2
v 0.8 1.2 0.1
v 0.8 1.2 -0.1
v 0.8 1.2 -0.2
v 0.8 1.2 -0.3
v 0.8 1.2 -0.4
v 0.8 1.3 0.3
v 0.8 1.3 0.2
v 0.8 1.3 0.1
v 0.8 1.3 -0.1
v 0.8 1.3 -0.2
v 0.8 1.3 -0.3
v 0.8 1.4 0.5
v 0.8 1.4 0.4
v 0.8 1.4 0.3
v 0.8 1.4 0.2
v 0.8 1.4 -0.2
v 0.8 1.4 -0.3
v 0.8 1.4 -0.4
v 0.8 1.4 -0.5
v 0.8 1.5 0.4
v 0.8 1.5 0.3
v 0.8 1.5 -0.3
v 0.8 1.5 -0.4
v 0.8 1.9 0.4
v 0.8 1.9 -0.4
v 0.8 2 0.5
v 0.8 2 0.4
v 0.8 2 -0.4
v 0.8 2 -0.5
v 0.9 1.2 0.1
v 0.9 1.2 -0.1
v 0.9 1.3 0.2
v 0.9 1.3 0.1
v 0.9 1.3 -0.1
v 0.9 1.3 -0.2
v 0.9 1.4 0.3
v 0.9 1.4 0.2
v 0.9 1.4 -0.2
v 0.9 1.4 -0.3
v 0.9 1.5 0.4
v 0.9 1.5 0.3
v 0.9 1.5 -0.3
v 0.9 1.5 -0.4
v 0.9 1.6 0.4
v 0.9 1.6 0.2
v 0.9 1.6 -0.2
v 0.9 1.6 -0.4
v 0.9 1.7 0.2
v 0.9 1.7 -0.2
v 0.9 1.9 0.2
v 0.9 1.9 -0.2
v 0.9 2.1 0.2
v 0.9 2.1 -0.2
v 1 1.6 0.4
v 1 1.6 0.3
v 1 1.6 -0.3
v 1 1.6 -0.4
v 1 1.7 0.4
v 1 1.7 0.3
v 1 1.7 0.2
v 1 1.7 -0.2
v 1 1.7 -0.3
v 1 1.7 -0.4
v 1 1.8 0.3
v 1 1.8 0.2
v 1 1.8 -0.2
v 1 1.8 -0.3
v 1 1.9 0.2
v 1 1.9 -0.2
v 1 2 0.3
v 1 2 0.2
v 1 2 -0.2
v 1 2 -0.3
v 1 2.1 0.2
v 1 2.1 -0.2
v 1 2.2 0.2
v 1 2.2 -0.2
v 1.1 1.6 0.3
v 1.1 1.6 0.2
v 1.1 1.6 -0.2
v 1.1 1.6 -0.3
v 1.1 1.7 0.4
v 1.1 1.7 0.3
v 1.1 1.7 0.2
v 1.1 1.7 -0.2
v 1.1 1.7 -0.3
v 1.1 1.7 -0.4
v 1.1 1.8 0.4
v 1.1 1.8 0.3
v 1.1 1.8 0.2
v 1.1 1.8 -0.2
v 1.1 1.8 -0.3
v 1.1 1.8 -0.4
v 1.1 2 0.3
v 1.1 2 0.2
v 1.1 2 -0.2
v 1.1 2 -0.3
v 1.1 2.1 0.3
v 1.1 2.1 0.2
v 1.1 2.1 -0.2
v 1.1 2.1 -0.3
v 1.2 1.8 0.5
v 1.2 1.8 0.3
v 1.2 1.8 -0.3
v 1.2 1.8 -0.5
v 1.2 1.9 0.5
v 1.2 1.9 0.3
v 1.2 1.9 -0.3
v 1.2 1.9 -0.5
v 1.2 2.1 0.3
v 1.2 2.1 0.2
v 1.2 2.1 -0.2
v 1.2 2.1 -0.3
v 1.2 2.2 0.3
v 1.2 2.2 0.2
v 1.2 2.2 -0.2
v 1.2 2.2 -0.3
v 1.3 1.3 0.1
v 1.3 1.3 -0.1
v 1.3 1.5 0.1
v 1.3 1.5 -0.1
v 1.3 1.9 0.5
v 1.3 1.9 0.3
v 1.3 1.9 -0.3
v 1.3 1.9 -0.5
v 1.3 2 0.5
v 1.3 2 0.4
v 1.3 2 0.3
v 1.3 2 -0.3
v 1.3 2 -0.4
v 1.3 2 -0.5
v 1.3 2.1 0.5
v 1.3 2.1 0.4
v 1.3 2.1 -0.4
v 1.3 2.1 -0.5
v 1.3 2.2 0.5
v 1.3 2.2 0.4
v 1.3 2.2 -0.4
v 1.3 2.2 -0.5
v 1.4 1.2 0.2
v 1.4 1.2 -0.2
v 1.4 1.3 0.1
v 1.4 1.3 -0.1
v 1.4 1.5 0.1
v 1.4 1.5 -0.1
v 1.4 1.6 0.2
v 1.4 1.6 -0.2
v 1.4 2 0.5
v 1.4 2 0.4
v 1.4 2 0.3
v 1.4 2 -0.3
v 1.4 2 -0.4
v 1.4 2 -0.5
v 1.4 2.1 0.5
v 1.4 2.1 0.4
v 1.4 2.1 0.3
v 1.4 2.1 -0.3
v 1.4 2.1 -0.4
v 1.4 2.1 -0.5
v 1.4 2.3 0.3
v 1.4 2.3 0.2
v 1.4 2.3 -0.2
v 1.4 2.3 -0.3
v 1.4 2.4 0.3
v 1.4 2.4 0.2
v 1.4 2.4 0.1
v 1.4 2.4 -0.1
v 1.4 2.4 -0.2
v 1.4 2.4 -0.3
v 1.4 2.5 0.1
v 1.4 2.5 -0.1
v 1.5 1.1 0.1
v 1.5 1.1 -0.1
v 1.5 1.2 0.1
v 1.5 1.2 -0.1
v 1.5 1.3 0.3
v 1.5 1.3 0.2
v 1.5 1.3 -0.2
v 1.5 1.3 -0.3
v 1.5 1.5 0.3
v 1.5 1.5 0.2
v 1.5 1.5 -0.2
v 1.5 1.5 -0.3
v 1.5 1.6 0.1
v 1.5 1.6 -0.1
v 1.5 1.7 0.1
v 1.5 1.7 -0.1
v 1.5 2.1 0.4
v 1.5 2.1 0.3
v 1.5 2.1 -0.3
v 1.5 2.1 -0.4
v 1.5 2.2 0.4
v 1.5 2.2 0.3
v 1.5 2.2 0.2
v 1.5 2.2 -0.2
v 1.5 2.2 -0.3
v 1.5 2.2 -0.4
v 1.5 2.3 0.4
v 1.5 2.3 0.2
v 1.5 2.3 -0.2
v 1.5 2.3 -0.4
v 1.5 2.4 0.2
v 1.5 2.4 -0.2
v 1.6 2.1 0.3
v 1.6 2.1 0.2
v 1.6 2.1 -0.2
v 1.6 2.1 -0.3
v 1.6 2.2 0.3
v 1.6 2.2 0.2
v 1.6 2.2 -0.2
v 1.6 2.2 -0.3
v 1.6 2.3 0.2
v 1.6 2.3 -0.2
v 1.7 1 0.1
v 1.7 1 -0.1
v 1.7 1.1 0.1
v 1.7 1.1 -0.1
v 1.7 1.3 0.4
v 1.7 1.3 0.3
v 1.7 1.3 -0.3
v 1.7 1.3 -0.4
v 1.7 1.5 0.4
v 1.7 1.5 0.3
v 1.7 1.5 -0.3
v 1.7 1.5 -0.4
v 1.7 1.7 0.1
v 1.7 1.7 -0.1
v 1.7 1.8 0.1
v 1.7 1.8 -0.1
v 1.8 1.1 0.2
v 1.8 1.1 -0.2
v 1.8 1.2 0.3
v 1.8 1.2 0.2
v 1.8 1.2 -0.2
v 1.8 1.2 -0.3
v 1.8 1.6 0.3
v 1.8 1.6 0.2
v 1.8 1.6 -0.2
v 1.8 1.6 -0.3
v 1.8 1.7 0.2
v 1.8 1.7 -0.2
v 1.9 1.2 0.2
v 1.9 1.2 -0.2
v 1.9 1.3 0.1
v 1.9 1.3 -0.1
v 1.9 1.5 0.1
v 1.9 1.5 -0.1
v 1.9 1.6 0.2
v 1.9 1.6 -0.2
v 2 1.3 0.1
v 2 1.3 -0.1
v 2 1.5 0.1
v 2 1.5 -0.1
v -0.6 1.5 0.7
v -0.6 1.7 0.7
v -0.5 1.4 0.7
v -0.5 1.5 0.7
v -0.5 1.7 0.7
v -0.5 1.8 0.7
v -0.4 1.3 0.7
v -0.4 1.4 0.7
v -0.4 1.8 0.7
v -0.4 1.9 0.7
v -0.3 1.2 0.7
v -0.3 1.3 0.7
v 0.3 1.2 0.7
v 0.3 1.3 0.7
v 0.4 1.3 0.7
v 0.4 1.4 0.7
v 0.4 1.8 0.7
v 0.4 1.9 0.7
v 0.5 1.4 0.7
v 0.5 1.5 0.7
v 0.5 1.7 0.7
v 0.5 1.8 0.7
v 0.6 1.5 0.7
v 0.6 1.7 0.7
v -0.7 1.4 0.6
v -0.7 1.9 0.6
v -0.6 1.2 0.6
v -0.6 1.3 0.6
v -0.6 1.4 0.6
v -0.6 1.5 0.6
v -0.6 1.7 0.6
v -0.6 1.9 0.6
v -0.6 2 0.6
v -0.5 1.1 0.6
v -0.5 1.2 0.6
v -0.5 1.4 0.6
v -0.5 1.5 0.6
v -0.5 1.7 0.6
v -0.5 1.8 0.6
v -0.5 2 0.6
v -0.5 2.1 0.6
v -0.4 1.2 0.6
v -0.4 1.3 0.6
v -0.4 1.4 0.6
v -0.4 1.8 0.6
v -0.4 1.9 0.6
v -0.3 0 0.6
v -0.3 0.1 0.6
v -0.3 1 0.6
v -0.3 1.1 0.6
v -0.3 1.2 0.6
v -0.3 1.3 0.6
v -0.2 0.1 0.6
v -0.2 0.2 0.6
v -0.2 1 0.6
v -0.2 1.1 0.6
v -0.2 1.2 0.6
v -0.0999999 0.2 0.6
v -0.0999999 0.3 0.6
v 0.1 0.2 0.6
v 0.1 0.3 0.6
v 0.2 0.1 0.6
v 0.2 0.2 0.6
v 0.2 1 0.6
v 0.2 1.1 0.6
v 0.3 0 0.6
v 0.3 0.1 0.6
v 0.3 1 0.6
v 0.3 1.1 0.6
v 0.3 1.2 0.6
v 0.3 1.3 0.6
v 0.4 1.3 0.6
v 0.4 1.4 0.6
v 0.4 1.8 0.6
v 0.4 1.9 0.6
v 0.5 1.1 0.6
v 0.5 1.2 0.6
v 0.5 1.4 0.6
v 0.5 1.5 0.6
v 0.5 1.7 0.6
v 0.5 1.8 0.6
v 0.5 2 0.6
v 0.5 2.1 0.6
v 0.6 1.2 0.6
v 0.6 1.4 0.6
v 0.6 1.5 0.6
v 0.6 1.7 0.6
v 0.6 1.9 0.6
v 0.6 2 0.6
v 0.7 1.4 0.6
v 0.7 1.9 0.6
v -1.4 2 0.5
v -1.4 2.1 0.5
v -1.3 1.9 0.5
v -1.3 2 0.5
v -1.3 2.1 0.5
v -1.3 2.2 0.5
v -1.2 1.8 0.5
v -1.2 1.9 0.5
v -1.2 2 0.5
v -1.2 2.1 0.5
v -1.2 2.2 0.5
v -1.1 1.9 0.5
v -1.1 2 0.5
v -1.1 2.1 0.5
v -1 1.8 0.5
v -1 1.9 0.5
v -1 2 0.5
v -0.8 1.4 0.5
v -0.8 2 0.5
v -0.7 1.1 0.5
v -0.7 1.4 0.5
v -0.7 1.9 0.5
v -0.7 2 0.5
v -0.7 2.1 0.5
v -0.6 1 0.5
v -0.6 1.1 0.5
v -0.6 1.2 0.5
v -0.6 1.3 0.5
v -0.6 1.4 0.5
v -0.6 1.9 0.5
v -0.6 2 0.5
v -0.5 0 0.5
v -0.5 0.1 0.5
v -0.5 1.1 0.5
v -0.5 1.2 0.5
v -0.5 2 0.5
v -0.5 2.1 0.5
v -0.4 0.1 0.5
v -0.4 0.3 0.5
v -0.4 0.9 0.5
v -0.4 1 0.5
v -0.3 0 0.5
v -0.3 0.1 0.5
v -0.3 0.3 0.5
v -0.3 0.4 0.5
v -0.3 0.9 0.5
v -0.3 1 0.5
v -0.3 1.1 0.5
v -0.2 0.1 0.5
v -0.2 0.2 0.5
v -0.2 1 0.5
v -0.2 1.1 0.5
v -0.0999999 0.2 0.5
v -0.0999999 0.3 0.5
v -0.0999999 0.4 0.5
v -0.0999999 0.5 0.5
v 0.1 0.2 0.5
v 0.1 0.3 0.5
v 0.1 0.4 0.5
v 0.1 0.5 0.5
v 0.2 0.1 0.5
v 0.2 0.2 0.5
v 0.2 1 0.5
v 0.2 1.1 0.5
v 0.3 0 0.5
v 0.3 0.1 0.5
v 0.3 0.3 0.5
v 0.3 0.4 0.5
v 0.3 0.9 0.5
v 0.3 1 0.5
v 0.3 1.1 0.5
v 0.4 0.1 0.5
v 0.4 0.3 0.5
v 0.4 0.9 0.5
v 0.4 1 0.5
v 0.5 0 0.5
v 0.5 0.1 0.5
v 0.5 1.1 0.5
v 0.5 1.2 0.5
v 0.5 2 0.5
v 0.5 2.1 0.5
v 0.6 1 0.5
v 0.6 1.1 0.5
v 0.6 1.2 0.5
v 0.6 1.4 0.5
v 0.6 1.9 0.5
v 0.6 2 0.5
v 0.7 1.1 0.5
v 0.7 1.4 0.5
v 0.7 1.9 0.5
v 0.7 2 0.5
v 0.7 2.1 0.5
v 0.8 1.4 0.5
v 0.8 2 0.5
v 1 1.8 0.5
v 1 1.9 0.5
v 1 2 0.5
v 1.1 1.9 0.5
v 1.1 2 0.5
v 1.1 2.1 0.5
v 1.2 1.8 0.5
v 1.2 1.9 0.5
v 1.2 2 0.5
v 1.2 2.1 0.5
v 1.2 2.2 0.5
v 1.3 1.9 0.5
v 1.3 2 0.5
v 1.3 2.1 0.5
v 1.3 2.2 0.5
v 1.4 2 0.5
v 1.4 2.1 0.5
v -1.7 1.3 0.4
v -1.7 1.5 0.4
v -1.5 1.3 0.4
v -1.5 1.5 0.4
v -1.5 2.1 0.4
v -1.5 2.2 0.4
v -1.5 2.3 0.4
v -1.4 2.1 0.4
v -1.3 2.1 0.4
v -1.3 2.2 0.4
v -1.2 2.1 0.4
v -1.2 2.2 0.4
v -1.1 1.7 0.4
v -1.1 1.8 0.4
v -1.1 2 0.4
v -1.1 2.1 0.4
v -1.1 2.2 0.4
v -1.1 2.3 0.4
v -1 1.6 0.4
v -1 1.7 0.4
v -1 1.8 0.4
v -1 1.9 0.4
v -1 2 0.4
v -0.9 1.5 0.4
v -0.9 1.6 0.4
v -0.9 1.9 0.4
v -0.9 2 0.4
v -0.9 2.1 0.4
v -0.9 2.2 0.4
v -0.8 1.2 0.4
v -0.8 1.4 0.4
v -0.8 1.5 0.4
v -0.8 1.9 0.4
v -0.8 2 0.4
v -0.7 1 0.4
v -0.7 1.1 0.4
v -0.7 1.2 0.4
v -0.7 1.4 0.4
v -0.6 0.9 0.4
v -0.6 1 0.4
v -0.6 1.1 0.4
v -0.5 0.1 0.4
v -0.5 0.3 0.4
v -0.4 0.1 0.4
v -0.4 0.3 0.4
v -0.4 0.4 0.4
v -0.4 0.9 0.4
v -0.4 1 0.4
v -0.4 2.1 0.4
v -0.4 2.2 0.4
v -0.4 2.5 0.4
v -0.4 2.7 0.4
v -0.3 0.3 0.4
v -0.3 0.4 0.4
v -0.3 0.5 0.4
v -0.3 0.9 0.4
v -0.3 1 0.4
v -0.3 2.4 0.4
v -0.3 2.5 0.4
v -0.3 2.7 0.4
v -0.3 2.8 0.4
v -0.2 1 0.4
v -0.2 2.3 0.4
v -0.2 2.4 0.4
v -0.2 2.8 0.4
v -0.2 2.9 0.4
v -0.0999999 0.4 0.4
v -0.0999999 0.5 0.4
v 0.1 0.4 0.4
v 0.1 0.5 0.4
v 0.2 1 0.4
v 0.2 2.3 0.4
v 0.2 2.4 0.4
v 0.2 2.8 0.4
v 0.2 2.9 0.4
v 0.3 0.3 0.4
v 0.3 0.4 0.4
v 0.3 0.5 0.4
v 0.3 0.9 0.4
v 0.3 1 0.4
v 0.3 2.4 0.4
v 0.3 2.5 0.4
v 0.3 2.7 0.4
v 0.3 2.8 0.4
v 0.4 0.1 0.4
v 0.4 0.3 0.4
v 0.4 0.4 0.4
v 0.4 0.9 0.4
v 0.4 1 0.4
v 0.4 2.1 0.4
v 0.4 2.2 0.4
v 0.4 2.5 0.4
v 0.4 2.7 0.4
v 0.5 0.1 0.4
v 0.5 0.3 0.4
v 0.6 0.9 0.4
v 0.6 1 0.4
v 0.6 1.1 0.4
v 0.7 1 0.4
v 0.7 1.1 0.4
v 0.7 1.2 0.4
v 0.7 1.4 0.4
v 0.8 1.2 0.4
v 0.8 1.4 0.4
v 0.8 1.5 0.4
v 0.8 1.9 0.4
v 0.8 2 0.4
v 0.9 1.5 0.4
v 0.9 1.6 0.4
v 0.9 1.9 0.4
v 0.9 2 0.4
v 0.9 2.1 0.4
v 0.9 2.2 0.4
v 1 1.6 0.4
v 1 1.7 0.4
v 1 1.8 0.4
v 1 1.9 0.4
v 1 2 0.4
v 1.1 1.7 0.4
v 1.1 1.8 0.4
v 1.1 2 0.4
v 1.1 2.1 0.4
v 1.1 2.2 0.4
v 1.1 2.3 0.4
v 1.2 2.1 0.4
v 1.2 2.2 0.4
v 1.3 2.1 0.4
v 1.3 2.2 0.4
v 1.4 2.1 0.4
v 1.5 1.3 0.4
v 1.5 1.5 0.4
v 1.5 2.1 0.4
v 1.5 2.2 0.4
v 1.5 2.3 0.4
v 1.7 1.3 0.4
v 1.7 1.5 0.4
v -1.8 1.2 0.3
v -1.8 1.6 0.3
v -1.7 1.3 0.3
v -1.7 1.5 0.3
v -1.6 2.1 0.3
v -1.6 2.2 0.3
v -1.5 1.3 0.3
v -1.5 1.5 0.3
v -1.5 2.1 0.3
v -1.5 2.2 0.3
v -1.4 1.2 0.3
v -1.4 1.6 0.3
v -1.4 2.3 0.3
v -1.4 2.4 0.3
v -1.1 1.6 0.3
v -1.1 1.7 0.3
v -1.1 2.2 0.3
v -1.1 2.3 0.3
v -1.1 2.4 0.3
v -1 1.6 0.3
v -1 1.7 0.3
v -1 2.2 0.3
v -1 2.3 0.3
v -0.9 1.4 0.3
v -0.9 1.5 0.3
v -0.9 2 0.3
v -0.9 2.1 0.3
v -0.8 1.1 0.3
v -0.8 1.2 0.3
v -0.8 1.4 0.3
v -0.8 1.5 0.3
v -0.8 2 0.3
v -0.8 2.1 0.3
v -0.7 1.1 0.3
v -0.7 1.2 0.3
v -0.7 2 0.3
v -0.7 2.1 0.3
v -0.6 0 0.3
v -0.6 0.1 0.3
v -0.6 2.5 0.3
v -0.6 2.7 0.3
v -0.5 0 0.3
v -0.5 0.1 0.3
v -0.5 0.3 0.3
v -0.5 0.4 0.3
v -0.5 2.1 0.3
v -0.5 2.2 0.3
v -0.5 2.3 0.3
v -0.5 2.5 0.3
v -0.5 2.7 0.3
v -0.5 2.9 0.3
v -0.4 0.3 0.3
v -0.4 0.4 0.3
v -0.4 0.5 0.3
v -0.4 2.1 0.3
v -0.4 2.2 0.3
v -0.4 2.3 0.3
v -0.4 2.5 0.3
v -0.4 2.7 0.3
v -0.4 2.9 0.3
v -0.4 3 0.3
v -0.3 0.4 0.3
v -0.3 0.5 0.3
v -0.3 2.4 0.3
v -0.3 2.5 0.3
v -0.3 2.7 0.3
v -0.3 2.8 0.3
v -0.2 2.3 0.3
v -0.2 2.4 0.3
v -0.2 2.8 0.3
v -0.2 2.9 0.3
v -0.2 3 0.3
v -0.2 3.1 0.3
v 0.2 2.3 0.3
v 0.2 2.4 0.3
v 0.2 2.8 0.3
v 0.2 2.9 0.3
v 0.2 3 0.3
v 0.2 3.1 0.3
v 0.3 0.4 0.3
v 0.3 0.5 0.3
v 0.3 2.4 0.3
v 0.3 2.5 0.3
v 0.3 2.7 0.3
v 0.3 2.8 0.3
v 0.4 0.3 0.3
v 0.4 0.4 0.3
v 0.4 0.5 0.3
v 0.4 2.1 0.3
v 0.4 2.2 0.3
v 0.4 2.3 0.3
v 0.4 2.5 0.3
v 0.4 2.7 0.3
v 0.4 2.9 0.3
v 0.4 3 0.3
v 0.5 0 0.3
v 0.5 0.1 0.3
v 0.5 0.3 0.3
v 0.5 0.4 0.3
v 0.5 2.1 0.3
v 0.5 2.2 0.3
v 0.5 2.3 0.3
v 0.5 2.5 0.3
v 0.5 2.7 0.3
v 0.5 2.9 0.3
v 0.6 0 0.3
v 0.6 0.1 0.3
v 0.6 2.5 0.3
v 0.6 2.7 0.3
v 0.7 1.1 0.3
v 0.7 1.2 0.3
v 0.7 2 0.3
v 0.7 2.1 0.3
v 0.8 1.1 0.3
v 0.8 1.2 0.3
v 0.8 1.4 0.3
v 0.8 1.5 0.3
v 0.8 2 0.3
v 0.8 2.1 0.3
v 0.9 1.4 0.3
v 0.9 1.5 0.3
v 0.9 2 0.3
v 0.9 2.1 0.3
v 1 1.6 0.3
v 1 1.7 0.3
v 1 2.2 0.3
v 1 2.3 0.3
v 1.1 1.6 0.3
v 1.1 1.7 0.3
v 1.1 2.2 0.3
v 1.1 2.3 0.3
v 1.1 2.4 0.3
v 1.4 1.2 0.3
v 1.4 1.6 0.3
v 1.4 2.3 0.3
v 1.4 2.4 0.3
v 1.5 1.3 0.3
v 1.5 1.5 0.3
v 1.5 2.1 0.3
v 1.5 2.2 0.3
v 1.6 2.1 0.3
v 1.6 2.2 0.3
v 1.7 1.3 0.3
v 1.7 1.5 0.3
v 1.8 1.2 0.3
v 1.8 1.6 0.3
v -1.9 1.2 0.2
v -1.9 1.6 0.2
v -1.8 1.1 0.2
v -1.8 1.2 0.2
v -1.8 1.6 0.2
v -1.8 1.7 0.2
v -1.6 2.2 0.2
v -1.6 2.3 0.2
v -1.5 2.2 0.2
v -1.5 2.3 0.2
v -1.5 2.4 0.2
v -1.4 1.1 0.2
v -1.4 1.2 0.2
v -1.4 1.6 0.2
v -1.4 1.7 0.2
v -1.4 2.3 0.2
v -1.4 2.4 0.2
v -1.3 1.2 0.2
v -1.3 1.6 0.2
v -1.1 2.3 0.2
v -1.1 2.4 0.2
v -1 2.2 0.2
v -1 2.3 0.2
v -0.9 1.3 0.2
v -0.9 1.4 0.2
v -0.9 2.1 0.2
v -0.9 2.2 0.2
v -0.9 2.3 0.2
v -0.9 2.4 0.2
v -0.8 1.3 0.2
v -0.8 1.4 0.2
v -0.8 2.1 0.2
v -0.8 2.2 0.2
v -0.8 2.3 0.2
v -0.7 2.1 0.2
v -0.7 2.2 0.2
v -0.6 0.1 0.2
v -0.6 0.2 0.2
v -0.6 1 0.2
v -0.6 1.1 0.2
v -0.6 2.1 0.2
v -0.6 2.2 0.2
v -0.6 2.3 0.2
v -0.6 2.5 0.2
v -0.6 2.7 0.2
v -0.6 2.9 0.2
v -0.5 0.1 0.2
v -0.5 0.2 0.2
v -0.5 1 0.2
v -0.5 1.1 0.2
v -0.5 2.1 0.2
v -0.5 2.2 0.2
v -0.5 2.3 0.2
v -0.5 2.5 0.2
v -0.5 2.7 0.2
v -0.5 2.9 0.2
v -0.5 3 0.2
v -0.4 2.2 0.2
v -0.4 2.3 0.2
v -0.4 2.9 0.2
v -0.4 3 0.2
v -0.4 3.1 0.2
v -0.2 2 0.2
v -0.2 2.1 0.2
v -0.2 3 0.2
v -0.2 3.1 0.2
v -0.2 3.2 0.2
v -0.0999999 1.9 0.2
v -0.0999999 2 0.2
v 0.1 1.9 0.2
v 0.1 2 0.2
v 0.2 2 0.2
v 0.2 2.1 0.2
v 0.2 3 0.2
v 0.2 3.1 0.2
v 0.2 3.2 0.2
v 0.4 2.2 0.2
v 0.4 2.3 0.2
v 0.4 2.9 0.2
v 0.4 3 0.2
v 0.4 3.1 0.2
v 0.5 0.1 0.2
v 0.5 0.2 0.2
v 0.5 1 0.2
v 0.5 1.1 0.2
v 0.5 2.1 0.2
v 0.5 2.2 0.2
v 0.5 2.3 0.2
v 0.5 2.5 0.2
v 0.5 2.7 0.2
v 0.5 2.9 0.2
v 0.5 3 0.2
v 0.6 0.1 0.2
v 0.6 0.2 0.2
v 0.6 1 0.2
v 0.6 1.1 0.2
v 0.6 2.1 0.2
v 0.6 2.2 0.2
v 0.6 2.3 0.2
v 0.6 2.5 0.2
v 0.6 2.7 0.2
v 0.6 2.9 0.2
v 0.7 2.1 0.2
v 0.7 2.2 0.2
v 0.8 1.3 0.2
v 0.8 1.4 0.2
v 0.8 2.1 0.2
v 0.8 2.2 0.2
v 0.8 2.3 0.2
v 0.9 1.3 0.2
v 0.9 1.4 0.2
v 0.9 2.1 0.2
v 0.9 2.2 0.2
v 0.9 2.3 0.2
v 0.9 2.4 0.2
v 1 2.2 0.2
v 1 2.3 0.2
v 1.1 2.3 0.2
v 1.1 2.4 0.2
v 1.3 1.2 0.2
v 1.3 1.6 0.2
v 1.4 1.1 0.2
v 1.4 1.2 0.2
v 1.4 1.6 0.2
v 1.4 1.7 0.2
v 1.4 2.3 0.2
v 1.4 2.4 0.2
v 1.5 2.2 0.2
v 1.5 2.3 0.2
v 1.5 2.4 0.2
v 1.6 2.2 0.2
v 1.6 2.3 0.2
v 1.8 1.1 0.2
v 1.8 1.2 0.2
v 1.8 1.6 0.2
v 1.8 1.7 0.2
v 1.9 1.2 0.2
v 1.9 1.6 0.2
v -2 1.3 0.1
v -2 1.5 0.1
v -1.9 1.3 0.1
v -1.9 1.5 0.1
v -1.7 1 0.1
v -1.7 1.1 0.1
v -1.7 1.7 0.1
v -1.7 1.8 0.1
v -1.5 1 0.1
v -1.5 1.1 0.1
v -1.5 1.7 0.1
v -1.5 1.8 0.1
v -1.4 2.4 0.1
v -1.4 2.5 0.1
v -1.3 1.3 0.1
v -1.3 1.5 0.1
v -1.2 1.3 0.1
v -1.2 1.5 0.1
v -1 2.4 0.1
v -1 2.5 0.1
v -0.9 1.2 0.1
v -0.9 1.3 0.1
v -0.8 1.2 0.1
v -0.8 1.3 0.1
v -0.7 2.4 0.1
v -0.7 2.8 0.1
v -0.6 0.2 0.1
v -0.6 0.3 0.1
v -0.6 2.4 0.1
v -0.6 2.8 0.1
v -0.5 0.2 0.1
v -0.5 0.3 0.1
v -0.5 0.4 0.1
v -0.5 0.5 0.1
v -0.5 3 0.1
v -0.5 3.1 0.1
v -0.4 0.4 0.1
v -0.4 0.5 0.1
v -0.4 3 0.1
v -0.4 3.1 0.1
v -0.3 2 0.1
v -0.3 2.1 0.1
v -0.3 3.1 0.1
v -0.3 3.2 0.1
v -0.2 2 0.1
v -0.2 2.1 0.1
v -0.2 3.1 0.1
v -0.2 3.2 0.1
v -0.0999999 3.2 0.1
v -0.0999999 3.3 0.1
v 0.1 3.2 0.1
v 0.1 3.3 0.1
v 0.2 2 0.1
v 0.2 2.1 0.1
v 0.2 3.1 0.1
v 0.2 3.2 0.1
v 0.3 2 0.1
v 0.3 2.1 0.1
v 0.3 3.1 0.1
v 0.3 3.2 0.1
v 0.4 0.4 0.1
v 0.4 0.5 0.1
v 0.4 3 0.1
v 0.4 3.1 0.1
v 0.5 0.2 0.1
v 0.5 0.3 0.1
v 0.5 0.4 0.1
v 0.5 0.5 0.1
v 0.5 3 0.1
v 0.5 3.1 0.1
v 0.6 0.2 0.1
v 0.6 0.3 0.1
v 0.6 2.4 0.1
v 0.6 2.8 0.1
v 0.7 2.4 0.1
v 0.7 2.8 0.1
v 0.8 1.2 0.1
v 0.8 1.3 0.1
v 0.9 1.2 0.1
v 0.9 1.3 0.1
v 1 2.4 0.1
v 1 2.5 0.1
v 1.2 1.3 0.1
v 1.2 1.5 0.1
v 1.3 1.3 0.1
v 1.3 1.5 0.1
v 1.4 2.4 0.1
v 1.4 2.5 0.1
v 1.5 1 0.1
v 1.5 1.1 0.1
v 1.5 1.7 0.1
v 1.5 1.8 0.1
v 1.7 1 0.1
v 1.7 1.1 0.1
v 1.7 1.7 0.1
v 1.7 1.8 0.1
v 1.9 1.3 0.1
v 1.9 1.5 0.1
v 2 1.3 0.1
v 2 1.5 0.1
v -1.9 1.3 -0.1
v -1.9 1.5 -0.1
v -1.8 1.3 -0.1
v -1.8 1.5 -0.1
v -1.7 1.1 -0.1
v -1.7 1.2 -0.1
v -1.7 1.6 -0.1
v -1.7 1.7 -0.1
v -1.5 1.1 -0.1
v -1.5 1.2 -0.1
v -1.5 1.6 -0.1
v -1.5 1.7 -0.1
v -1.5 2.1 -0.1
v -1.5 2.2 -0.1
v -1.4 1.3 -0.1
v -1.4 1.5 -0.1
v -1.4 2.1 -0.1
v -1.4 2.2 -0.1
v -1.3 1.3 -0.1
v -1.3 1.5 -0.1
v 1.3 1.3 -0.1
v 1.3 1.5 -0.1
v 1.4 1.3 -0.1
v 1.4 1.5 -0.1
v 1.4 2.1 -0.1
v 1.4 2.2 -0.1
v 1.5 1.1 -0.1
v 1.5 1.2 -0.1
v 1.5 1.6 -0.1
v 1.5 1.7 -0.1
v 1.5 2.1 -0.1
v 1.5 2.2 -0.1
v 1.7 1.1 -0.1
v 1.7 1.2 -0.1
v 1.7 1.6 -0.1
v 1.7 1.7 -0.1
v 1.8 1.3 -0.1
v 1.8 1.5 -0.1
v 1.9 1.3 -0.1
v 1.9 1.5 -0.1
v -1.8 1.2 -0.2
v -1.8 1.6 -0.2
v -1.7 1.3 -0.2
v -1.7 1.5 -0.2
v -1.5 1.3 -0.2
v -1.5 1.5 -0.2
v -1.4 1.2 -0.2
v -1.4 1.6 -0.2
v -1.4 2.1 -0.2
v -1.4 2.2 -0.2
v -1.3 2.1 -0.2
v -1.3 2.2 -0.2
v -1.2 2.1 -0.2
v -1.2 2.2 -0.2
v -1.1 1.6 -0.2
v -1.1 1.7 -0.2
v -1.1 1.8 -0.2
v -1.1 2 -0.2
v -1.1 2.1 -0.2
v -1 1.7 -0.2
v -1 1.8 -0.2
v -1 1.9 -0.2
v -1 2 -0.2
v -1 2.1 -0.2
v -1 2.2 -0.2
v -0.9 1.6 -0.2
v -0.9 1.7 -0.2
v -0.9 1.9 -0.2
v -0.9 2.1 -0.2
v -0.8 1.6 -0.2
v -0.8 1.7 -0.2
v -0.7 1.6 -0.2
v -0.7 1.7 -0.2
v -0.6 2 -0.2
v -0.6 2.1 -0.2
v -0.5 0.9 -0.2
v -0.5 1 -0.2
v -0.5 2 -0.2
v -0.5 2.1 -0.2
v -0.5 2.3 -0.2
v -0.5 2.9 -0.2
v -0.4 0.9 -0.2
v -0.4 1 -0.2
v -0.4 2.2 -0.2
v -0.4 2.3 -0.2
v -0.4 2.5 -0.2
v -0.4 2.8 -0.2
v -0.4 2.9 -0.2
v -0.4 3 -0.2
v -0.3 0.4 -0.2
v -0.3 0.5 -0.2
v -0.3 2.4 -0.2
v -0.3 2.5 -0.2
v -0.3 2.8 -0.2
v -0.3 2.9 -0.2
v -0.2 0.4 -0.2
v -0.2 0.5 -0.2
v -0.2 2.2 -0.2
v -0.2 2.3 -0.2
v -0.2 2.4 -0.2
v -0.2 2.6 -0.2
v -0.2 2.7 -0.2
v -0.2 3 -0.2
v -0.2 3.1 -0.2
v -0.0999999 2.5 -0.2
v -0.0999999 2.6 -0.2
v -0.0999999 2.7 -0.2
v -0.0999999 2.9 -0.2
v 0.1 2.5 -0.2
v 0.1 2.6 -0.2
v 0.1 2.7 -0.2
v 0.1 2.9 -0.2
v 0.2 0.4 -0.2
v 0.2 0.5 -0.2
v 0.2 2.2 -0.2
v 0.2 2.3 -0.2
v 0.2 2.4 -0.2
v 0.2 2.6 -0.2
v 0.2 2.7 -0.2
v 0.2 3 -0.2
v 0.2 3.1 -0.2
v 0.3 0.4 -0.2
v 0.3 0.5 -0.2
v 0.3 2.4 -0.2
v 0.3 2.5 -0.2
v 0.3 2.8 -0.2
v 0.3 2.9 -0.2
v 0.4 0.9 -0.2
v 0.4 1 -0.2
v 0.4 2.2 -0.2
v 0.4 2.3 -0.2
v 0.4 2.5 -0.2
v 0.4 2.8 -0.2
v 0.4 2.9 -0.2
v 0.4 3 -0.2
v 0.5 0.9 -0.2
v 0.5 1 -0.2
v 0.5 2 -0.2
v 0.5 2.1 -0.2
v 0.5 2.3 -0.2
v 0.5 2.9 -0.2
v 0.6 2 -0.2
v 0.6 2.1 -0.2
v 0.7 1.6 -0.2
v 0.7 1.7 -0.2
v 0.8 1.6 -0.2
v 0.8 1.7 -0.2
v 0.9 1.6 -0.2
v 0.9 1.7 -0.2
v 0.9 1.9 -0.2
v 0.9 2.1 -0.2
v 1 1.7 -0.2
v 1 1.8 -0.2
v 1 1.9 -0.2
v 1 2 -0.2
v 1 2.1 -0.2
v 1 2.2 -0.2
v 1.1 1.6 -0.2
v 1.1 1.7 -0.2
v 1.1 1.8 -0.2
v 1.1 2 -0.2
v 1.1 2.1 -0.2
v 1.2 2.1 -0.2
v 1.2 2.2 -0.2
v 1.3 2.1 -0.2
v 1.3 2.2 -0.2
v 1.4 1.2 -0.2
v 1.4 1.6 -0.2
v 1.4 2.1 -0.2
v 1.4 2.2 -0.2
v 1.5 1.3 -0.2
v 1.5 1.5 -0.2
v 1.7 1.3 -0.2
v 1.7 1.5 -0.2
v 1.8 1.2 -0.2
v 1.8 1.6 -0.2
v -1.7 1.3 -0.3
v -1.7 1.5 -0.3
v -1.5 1.3 -0.3
v -1.5 1.5 -0.3
v -1.4 2 -0.3
v -1.4 2.1 -0.3
v -1.3 1.9 -0.3
v -1.3 2 -0.3
v -1.3 2.1 -0.3
v -1.3 2.2 -0.3
v -1.2 1.8 -0.3
v -1.2 1.9 -0.3
v -1.2 2 -0.3
v -1.2 2.1 -0.3
v -1.2 2.2 -0.3
v -1.1 1.8 -0.3
v -1.1 1.9 -0.3
v -1.1 2 -0.3
v -1.1 2.1 -0.3
v -1 1.8 -0.3
v -1 2 -0.3
v -0.8 1.7 -0.3
v -0.8 1.8 -0.3
v -0.7 1.1 -0.3
v -0.7 1.2 -0.3
v -0.7 1.7 -0.3
v -0.7 1.8 -0.3
v -0.6 1 -0.3
v -0.6 1.1 -0.3
v -0.6 1.2 -0.3
v -0.5 1 -0.3
v -0.5 1.1 -0.3
v -0.5 2 -0.3
v -0.5 2.1 -0.3
v -0.4 0.9 -0.3
v -0.4 1 -0.3
v -0.4 2 -0.3
v -0.4 2.1 -0.3
v -0.3 0.9 -0.3
v -0.3 1 -0.3
v -0.2 0.4 -0.3
v -0.2 0.5 -0.3
v 0.2 0.4 -0.3
v 0.2 0.5 -0.3
v 0.3 0.9 -0.3
v 0.3 1 -0.3
v 0.4 0.9 -0.3
v 0.4 1 -0.3
v 0.4 2 -0.3
v 0.4 2.1 -0.3
v 0.5 1 -0.3
v 0.5 1.1 -0.3
v 0.5 2 -0.3
v 0.5 2.1 -0.3
v 0.6 1 -0.3
v 0.6 1.1 -0.3
v 0.6 1.2 -0.3
v 0.7 1.1 -0.3
v 0.7 1.2 -0.3
v 0.7 1.7 -0.3
v 0.7 1.8 -0.3
v 0.8 1.7 -0.3
v 0.8 1.8 -0.3
v 1 1.8 -0.3
v 1 2 -0.3
v 1.1 1.8 -0.3
v 1.1 1.9 -0.3
v 1.1 2 -0.3
v 1.1 2.1 -0.3
v 1.2 1.8 -0.3
v 1.2 1.9 -0.3
v 1.2 2 -0.3
v 1.2 2.1 -0.3
v 1.2 2.2 -0.3
v 1.3 1.9 -0.3
v 1.3 2 -0.3
v 1.3 2.1 -0.3
v 1.3 2.2 -0.3
v 1.4 2 -0.3
v 1.4 2.1 -0.3
v 1.5 1.3 -0.3
v 1.5 1.5 -0.3
v 1.7 1.3 -0.3
v 1.7 1.5 -0.3
v -0.7 1.2 -0.4
v -0.7 1.4 -0.4
v -0.7 1.5 -0.4
v -0.7 1.9 -0.4
v -0.7 2 -0.4
v -0.6 1.1 -0.4
v -0.6 1.2 -0.4
v -0.6 1.4 -0.4
v -0.6 1.5 -0.4
v -0.6 1.9 -0.4
v -0.6 2 -0.4
v -0.5 1.1 -0.4
v -0.5 1.2 -0.4
v -0.4 2 -0.4
v -0.4 2.1 -0.4
v 0.4 2 -0.4
v 0.4 2.1 -0.4
v 0.5 1.1 -0.4
v 0.5 1.2 -0.4
v 0.6 1.1 -0.4
v 0.6 1.2 -0.4
v 0.6 1.4 -0.4
v 0.6 1.5 -0.4
v 0.6 1.9 -0.4
v 0.6 2 -0.4
v 0.7 1.2 -0.4
v 0.7 1.4 -0.4
v 0.7 1.5 -0.4
v 0.7 1.9 -0.4
v 0.7 2 -0.4
v -0.7 1.5 -0.5
v -0.7 1.9 -0.5
v -0.6 1.2 -0.5
v -0.6 1.3 -0.5
v -0.6 1.4 -0.5
v -0.6 1.5 -0.5
v -0.6 1.9 -0.5
v -0.6 2 -0.5
v -0.5 1.1 -0.5
v -0.5 1.2 -0.5
v -0.4 1.2 -0.5
v -0.4 1.3 -0.5
v -0.3 1.1 -0.5
v -0.2 1.1 -0.5
v -0.2 1.2 -0.5
v 0.2 1.1 -0.5
v 0.2 1.2 -0.5
v 0.3 1.1 -0.5
v 0.4 1.2 -0.5
v 0.4 1.3 -0.5
v 0.5 1.1 -0.5
v 0.5 1.2 -0.5
v 0.6 1.2 -0.5
v 0.6 1.3 -0.5
v 0.6 1.4 -0.5
v 0.6 1.5 -0.5
v 0.6 1.9 -0.5
v 0.6 2 -0.5
v 0.7 1.5 -0.5
v 0.7 1.9 -0.5
v -0.7 1.5 0.5
v -0.7 1.9 0.5
v -0.6 1.2 0.5
v -0.6 1.3 0.5
v -0.6 1.4 0.5
v -0.6 1.5 0.5
v -0.6 1.9 0.5
v -0.6 2 0.5
v -0.5 1.1 0.5
v -0.5 1.2 0.5
v -0.4 1.2 0.5
v -0.4 1.3 0.5
v -0.3 1.1 0.5
v -0.2 1.1 0.5
v -0.2 1.2 0.5
v 0.2 1.1 0.5
v 0.3 1.1 0.5
v 0.5 1.1 0.5
v 0.5 1.2 0.5
v 0.6 1.2 0.5
v 0.6 1.4 0.5
v 0.6 1.5 0.5
v 0.6 1.9 0.5
v 0.6 2 0.5
v 0.7 1.5 0.5
v 0.7 1.9 0.5
v -0.7 1.2 0.4
v -0.7 1.4 0.4
v -0.7 1.5 0.4
v -0.7 1.9 0.4
v -0.7 2 0.4
v -0.6 1.1 0.4
v -0.6 1.2 0.4
v -0.6 1.4 0.4
v -0.6 1.5 0.4
v -0.6 1.9 0.4
v -0.6 2 0.4
v -0.5 1.1 0.4
v -0.5 1.2 0.4
v -0.4 2 0.4
v -0.4 2.1 0.4
v 0.4 2 0.4
v 0.4 2.1 0.4
v 0.5 1.1 0.4
v 0.5 1.2 0.4
v 0.6 1.1 0.4
v 0.6 1.2 0.4
v 0.6 1.4 0.4
v 0.6 1.5 0.4
v 0.6 1.9 0.4
v 0.6 2 0.4
v 0.7 1.2 0.4
v 0.7 1.4 0.4
v 0.7 1.5 0.4
v 0.7 1.9 0.4
v 0.7 2 0.4
v -1.7 1.3 0.3
v -1.7 1.5 0.3
v -1.5 1.3 0.3
v -1.5 1.5 0.3
v -1.4 2 0.3
v -1.4 2.1 0.3
v -1.3 1.9 0.3
v -1.3 2 0.3
v -1.3 2.1 0.3
v -1.3 2.2 0.3
v -1.2 1.8 0.3
v -1.2 1.9 0.3
v -1.2 2 0.3
v -1.2 2.1 0.3
v -1.2 2.2 0.3
v -1.1 1.8 0.3
v -1.1 1.9 0.3
v -1.1 2 0.3
v -1.1 2.1 0.3
v -1 1.8 0.3
v -1 2 0.3
v -0.8 1.7 0.3
v -0.8 1.8 0.3
v -0.7 1.1 0.3
v -0.7 1.2 0.3
v -0.7 1.7 0.3
v -0.7 1.8 0.3
v -0.6 1 0.3
v -0.6 1.1 0.3
v -0.6 1.2 0.3
v -0.5 1 0.3
v -0.5 1.1 0.3
v -0.5 2 0.3
v -0.5 2.1 0.3
v -0.4 0.9 0.3
v -0.4 1 0.3
v -0.4 2 0.3
v -0.4 2.1 0.3
v -0.3 0.9 0.3
v -0.3 1 0.3
v -0.2 0.4 0.3
v -0.2 0.5 0.3
v 0.2 0.4 0.3
v 0.2 0.5 0.3
v 0.3 0.9 0.3
v 0.3 1 0.3
v 0.4 0.9 0.3
v 0.4 1 0.3
v 0.4 2 0.3
v 0.4 2.1 0.3
v 0.5 1 0.3
v 0.5 1.1 0.3
v 0.5 2 0.3
v 0.5 2.1 0.3
v 0.6 1 0.3
v 0.6 1.1 0.3
v 0.6 1.2 0.3
v 0.7 1.1 0.3
v 0.7 1.2 0.3
v 0.7 1.7 0.3
v 0.7 1.8 0.3
v 0.8 1.7 0.3
v 0.8 1.8 0.3
v 1 1.8 0.3
v 1 2 0.3
v 1.1 1.8 0.3
v 1.1 1.9 0.3
v 1.1 2 0.3
v 1.1 2.1 0.3
v 1.2 1.8 0.3
v 1.2 1.9 0.3
v 1.2 2 0.3
v 1.2 2.1 0.3
v 1.2 2.2 0.3
v 1.3 1.9 0.3
v 1.3 2 0.3
v 1.3 2.1 0.3
v 1.3 2.2 0.3
v 1.4 2 0.3
v 1.4 2.1 0.3
v 1.5 1.3 0.3
v 1.5 1.5 0.3
v 1.7 1.3 0.3
v 1.7 1.5 0.3
v -1.8 1.2 0.2
v -1.8 1.6 0.2
v -1.7 1.3 0.2
v -1.7 1.5 0.2
v -1.5 1.3 0.2
v -1.5 1.5 0.2
v -1.4 1.2 0.2
v -1.4 1.6 0.2
v -1.4 2.1 0.2
v -1.4 2.2 0.2
v -1.3 2.1 0.2
v -1.3 2.2 0.2
v -1.2 2.1 0.2
v -1.2 2.2 0.2
v -1.1 1.6 0.2
v -1.1 1.7 0.2
v -1.1 1.8 0.2
v -1.1 2 0.2
v -1.1 2.1 0.2
v -1 1.7 0.2
v -1 1.8 0.2
v -1 1.9 0.2
v -1 2 0.2
v -1 2.1 0.2
v -1 2.2 0.2
v -0.9 1.6 0.2
v -0.9 1.7 0.2
v -0.9 1.9 0.2
v -0.9 2.1 0.2
v -0.8 1.6 0.2
v -0.8 1.7 0.2
v -0.7 1.6 0.2
v -0.7 1.7 0.2
v -0.6 2 0.2
v -0.6 2.1 0.2
v -0.5 0.9 0.2
v -0.5 1 0.2
v -0.5 2 0.2
v -0.5 2.1 0.2
v -0.4 0.9 0.2
v -0.4 1 0.2
v -0.3 0.4 0.2
v -0.3 0.5 0.2
v -0.2 0.4 0.2
v -0.2 0.5 0.2
v 0.2 0.4 0.2
v 0.2 0.5 0.2
v 0.3 0.4 0.2
v 0.3 0.5 0.2
v 0.4 0.9 0.2
v 0.4 1 0.2
v 0.5 0.9 0.2
v 0.5 1 0.2
v 0.5 2 0.2
v 0.5 2.1 0.2
v 0.6 2 0.2
v 0.6 2.1 0.2
v 0.7 1.6 0.2
v 0.7 1.7 0.2
v 0.8 1.6 0.2
v 0.8 1.7 0.2
v 0.9 1.6 0.2
v 0.9 1.7 0.2
v 0.9 1.9 0.2
v 0.9 2.1 0.2
v 1 1.7 0.2
v 1 1.8 0.2
v 1 1.9 0.2
v 1 2 0.2
v 1 2.1 0.2
v 1 2.2 0.2
v 1.1 1.6 0.2
v 1.1 1.7 0.2
v 1.1 1.8 0.2
v 1.1 2 0.2
v 1.1 2.1 0.2
v 1.2 2.1 0.2
v 1.2 2.2 0.2
v 1.3 2.1 0.2
v 1.3 2.2 0.2
v 1.4 1.2 0.2
v 1.4 1.6 0.2
v 1.4 2.1 0.2
v 1.4 2.2 0.2
v 1.5 1.3 0.2
v 1.5 1.5 0.2
v 1.7 1.3 0.2
v 1.7 1.5 0.2
v 1.8 1.2 0.2
v 1.8 1.6 0.2
v -1.9 1.3 0.1
v -1.9 1.5 0.1
v -1.8 1.3 0.1
v -1.8 1.5 0.1
v -1.7 1.1 0.1
v -1.7 1.2 0.1
v -1.7 1.6 0.1
v -1.7 1.7 0.1
v -1.5 1.1 0.1
v -1.5 1.2 0.1
v -1.5 1.6 0.1
v -1.5 1.7 0.1
v -1.5 2.1 0.1
v -1.5 2.2 0.1
v -1.4 1.3 0.1
v -1.4 1.5 0.1
v -1.4 2.1 0.1
v -1.4 2.2 0.1
v -1.3 1.3 0.1
v -1.3 1.5 0.1
v -0.5 2.3 0.1
v -0.5 2.9 0.1
v -0.4 2.2 0.1
v -0.4 2.3 0.1
v -0.4 2.9 0.1
v -0.4 3 0.1
v -0.3 2.5 0.1
v -0.3 2.8 0.1
v -0.2 2.2 0.1
v -0.2 3 0.1
v -0.2 3.1 0.1
v 0.2 2.2 0.1
v 0.2 3 0.1
v 0.2 3.1 0.1
v 0.3 2.5 0.1
v 0.3 2.8 0.1
v 0.4 2.2 0.1
v 0.4 2.3 0.1
v 0.4 2.9 0.1
v 0.4 3 0.1
v 0.5 2.3 0.1
v 0.5 2.9 0.1
v 1.3 1.3 0.1
v 1.3 1.5 0.1
v 1.4 1.3 0.1
v 1.4 1.5 0.1
v 1.4 2.1 0.1
v 1.4 2.2 0.1
v 1.5 1.1 0.1
v 1.5 1.2 0.1
v 1.5 1.6 0.1
v 1.5 1.7 0.1
v 1.5 2.1 0.1
v 1.5 2.2 0.1
v 1.7 1.1 0.1
v 1.7 1.2 0.1
v 1.7 1.6 0.1
v 1.7 1.7 0.1
v 1.8 1.3 0.1
v 1.8 1.5 0.1
v 1.9 1.3 0.1
v 1.9 1.5 0.1
v -0.3 2.5 -5.96046e-08
v -0.3 2.8 -5.96046e-08
v 0.3 2.5 -5.96046e-08
v 0.3 2.8 -5.96046e-08
v -2 1.3 -0.1
v -2 1.5 -0.1
v -1.9 1.3 -0.1
v -1.9 1.5 -0.1
v -1.7 1 -0.1
v -1.7 1.1 -0.1
v -1.7 1.7 -0.1
v -1.7 1.8 -0.1
v -1.5 1 -0.1
v -1.5 1.1 -0.1
v -1.5 1.7 -0.1
v -1.5 1.8 -0.1
v -1.4 2.4 -0.1
v -1.4 2.5 -0.1
v -1.3 1.3 -0.1
v -1.3 1.5 -0.1
v -1.2 1.3 -0.1
v -1.2 1.5 -0.1
v -1 2.4 -0.1
v -1 2.5 -0.1
v -0.9 1.2 -0.1
v -0.9 1.3 -0.1
v -0.8 1.2 -0.1
v -0.8 1.3 -0.1
v -0.7 2.4 -0.1
v -0.7 2.8 -0.1
v -0.6 0.2 -0.1
v -0.6 0.3 -0.1
v -0.6 2.4 -0.1
v -0.6 2.8 -0.1
v -0.5 0.2 -0.1
v -0.5 0.3 -0.1
v -0.5 0.4 -0.1
v -0.5 0.5 -0.1
v -0.5 3 -0.1
v -0.5 3.1 -0.1
v -0.4 0.4 -0.1
v -0.4 0.5 -0.1
v -0.4 3 -0.1
v -0.4 3.1 -0.1
v -0.3 2 -0.1
v -0.3 2.1 -0.1
v -0.3 3.1 -0.1
v -0.3 3.2 -0.1
v -0.2 2 -0.1
v -0.2 2.1 -0.1
v -0.2 3.1 -0.1
v -0.2 3.2 -0.1
v -0.0999999 3.2 -0.1
v -0.0999999 3.3 -0.1
v 0.1 3.2 -0.1
v 0.1 3.3 -0.1
v 0.2 2 -0.1
v 0.2 2.1 -0.1
v 0.2 3.1 -0.1
v 0.2 3.2 -0.1
v 0.3 2 -0.1
v 0.3 2.1 -0.1
v 0.3 3.1 -0.1
v 0.3 3.2 -0.1
v 0.4 0.4 -0.1
v 0.4 0.5 -0.1
v 0.4 3 -0.1
v 0.4 3.1 -0.1
v 0.5 0.2 -0.1
v 0.5 0.3 -0.1
v 0.5 0.4 -0.1
v 0.5 0.5 -0.1
v 0.5 3 -0.1
v 0.5 3.1 -0.1
v 0.6 0.2 -0.1
v 0.6 0.3 -0.1
v 0.6 2.4 -0.1
v 0.6 2.8 -0.1
v 0.7 2.4 -0.1
v 0.7 2.8 -0.1
v 0.8 1.2 -0.1
v 0.8 1.3 -0.1
v 0.9 1.2 -0.1
v 0.9 1.3 -0.1
v 1 2.4 -0.1
v 1 2.5 -0.1
v 1.2 1.3 -0.1
v 1.2 1.5 -0.1
v 1.3 1.3 -0.1
v 1.3 1.5 -0.1
v 1.4 2.4 -0.1
v 1.4 2.5 -0.1
v 1.5 1 -0.1
v 1.5 1.1 -0.1
v 1.5 1.7 -0.1
v 1.5 1.8 -0.1
v 1.7 1 -0.1
v 1.7 1.1 -0.1
v 1.7 1.7 -0.1
v 1.7 1.8 -0.1
v 1.9 1.3 -0.1
v 1.9 1.5 -0.1
v 2 1.3 -0.1
v 2 1.5 -0.1
v -1.9 1.2 -0.2
v -1.9 1.6 -0.2
v -1.8 1.1 -0.2
v -1.8 1.2 -0.2
v -1.8 1.6 -0.2
v -1.8 1.7 -0.2
v -1.6 2.2 -0.2
v -1.6 2.3 -0.2
v -1.5 2.2 -0.2
v -1.5 2.3 -0.2
v -1.5 2.4 -0.2
v -1.4 1.1 -0.2
v -1.4 1.2 -0.2
v -1.4 1.6 -0.2
v -1.4 1.7 -0.2
v -1.4 2.3 -0.2
v -1.4 2.4 -0.2
v -1.3 1.2 -0.2
v -1.3 1.6 -0.2
v -1.1 2.3 -0.2
v -1.1 2.4 -0.2
v -1 2.2 -0.2
v -1 2.3 -0.2
v -0.9 1.3 -0.2
v -0.9 1.4 -0.2
v -0.9 2.1 -0.2
v -0.9 2.2 -0.2
v -0.9 2.3 -0.2
v -0.9 2.4 -0.2
v -0.8 1.3 -0.2
v -0.8 1.4 -0.2
v -0.8 2.1 -0.2
v -0.8 2.2 -0.2
v -0.8 2.3 -0.2
v -0.7 2.1 -0.2
v -0.7 2.2 -0.2
v -0.6 0.1 -0.2
v -0.6 0.2 -0.2
v -0.6 1 -0.2
v -0.6 1.1 -0.2
v -0.6 2.1 -0.2
v -0.6 2.2 -0.2
v -0.6 2.3 -0.2
v -0.6 2.5 -0.2
v -0.6 2.7 -0.2
v -0.6 2.9 -0.2
v -0.5 0.1 -0.2
v -0.5 0.2 -0.2
v -0.5 1 -0.2
v -0.5 1.1 -0.2
v -0.5 2.1 -0.2
v -0.5 2.2 -0.2
v -0.5 2.3 -0.2
v -0.5 2.5 -0.2
v -0.5 2.7 -0.2
v -0.5 2.9 -0.2
v -0.5 3 -0.2
v -0.4 2.2 -0.2
v -0.4 2.3 -0.2
v -0.4 2.9 -0.2
v -0.4 3 -0.2
v -0.4 3.1 -0.2
v -0.2 2 -0.2
v -0.2 2.1 -0.2
v -0.2 3 -0.2
v -0.2 3.1 -0.2
v -0.2 3.2 -0.2
v -0.0999999 1.9 -0.2
v -0.0999999 2 -0.2
v 0.1 1.9 -0.2
v 0.1 2 -0.2
v 0.2 2 -0.2
v 0.2 2.1 -0.2
v 0.2 3 -0.2
v 0.2 3.1 -0.2
v 0.2 3.2 -0.2
v 0.4 2.2 -0.2
v 0.4 2.3 -0.2
v 0.4 2.9 -0.2
v 0.4 3 -0.2
v 0.4 3.1 -0.2
v 0.5 0.1 -0.2
v 0.5 0.2 -0.2
v 0.5 1 -0.2
v 0.5 1.1 -0.2
v 0.5 2.1 -0.2
v 0.5 2.2 -0.2
v 0.5 2.3 -0.2
v 0.5 2.5 -0.2
v 0.5 2.7 -0.2
v 0.5 2.9 -0.2
v 0.5 3 -0.2
v 0.6 0.1 -0.2
v 0.6 0.2 -0.2
v 0.6 1 -0.2
v 0.6 1.1 -0.2
v 0.6 2.1 -0.2
v 0.6 2.2 -0.2
v 0.6 2.3 -0.2
v 0.6 2.5 -0.2
v 0.6 2.7 -0.2
v 0.6 2.9 -0.2
v 0.7 2.1 -0.2
v 0.7 2.2 -0.2
v 0.8 1.3 -0.2
v 0.8 1.4 -0.2
v 0.8 2.1 -0.2
v 0.8 2.2 -0.2
v 0.8 2.3 -0.2
v 0.9 1.3 -0.2
v 0.9 1.4 -0.2
v 0.9 2.1 -0.2
v 0.9 2.2 -0.2
v 0.9 2.3 -0.2
v 0.9 2.4 -0.2
v 1 2.2 -0.2
v 1 2.3 -0.2
v 1.1 2.3 -0.2
v 1.1 2.4 -0.2
v 1.3 1.2 -0.2
v 1.3 1.6 -0.2
v 1.4 1.1 -0.2
v 1.4 1.2 -0.2
v 1.4 1.6 -0.2
v 1.4 1.7 -0.2
v 1.4 2.3 -0.2
v 1.4 2.4 -0.2
v 1.5 2.2 -0.2
v 1.5 2.3 -0.2
v 1.5 2.4 -0.2
v 1.6 2.2 -0.2
v 1.6 2.3 -0.2
v 1.8 1.1 -0.2
v 1.8 1.2 -0.2
v 1.8 1.6 -0.2
v 1.8 1.7 -0.2
v 1.9 1.2 -0.2
v 1.9 1.6 -0.2
v -1.8 1.2 -0.3
v -1.8 1.6 -0.3
v -1.7 1.3 -0.3
v -1.7 1.5 -0.3
v -1.6 2.1 -0.3
v -1.6 2.2 -0.3
v -1.5 1.3 -0.3
v -1.5 1.5 -0.3
v -1.5 2.1 -0.3
v -1.5 2.2 -0.3
v -1.4 1.2 -0.3
v -1.4 1.6 -0.3
v -1.4 2.3 -0.3
v -1.4 2.4 -0.3
v -1.1 1.6 -0.3
v -1.1 1.7 -0.3
v -1.1 2.2 -0.3
v -1.1 2.3 -0.3
v -1.1 2.4 -0.3
v -1 1.6 -0.3
v -1 1.7 -0.3
v -1 2.2 -0.3
v -1 2.3 -0.3
v -0.9 1.4 -0.3
v -0.9 1.5 -0.3
v -0.9 2 -0.3
v -0.9 2.1 -0.3
v -0.8 1.1 -0.3
v -0.8 1.2 -0.3
v -0.8 1.4 -0.3
v -0.8 1.5 -0.3
v -0.8 2 -0.3
v -0.8 2.1 -0.3
v -0.7 1.1 -0.3
v -0.7 1.2 -0.3
v -0.7 2 -0.3
v -0.7 2.1 -0.3
v -0.6 0 -0.3
v -0.6 0.1 -0.3
v -0.6 2.5 -0.3
v -0.6 2.7 -0.3
v -0.5 0 -0.3
v -0.5 0.1 -0.3
v -0.5 0.3 -0.3
v -0.5 0.4 -0.3
v -0.5 2.1 -0.3
v -0.5 2.2 -0.3
v -0.5 2.3 -0.3
v -0.5 2.5 -0.3
v -0.5 2.7 -0.3
v -0.5 2.9 -0.3
v -0.4 0.3 -0.3
v -0.4 0.4 -0.3
v -0.4 0.5 -0.3
v -0.4 2.1 -0.3
v -0.4 2.2 -0.3
v -0.4 2.3 -0.3
v -0.4 2.5 -0.3
v -0.4 2.8 -0.3
v -0.4 2.9 -0.3
v -0.4 3 -0.3
v -0.3 0.4 -0.3
v -0.3 0.5 -0.3
v -0.3 2.4 -0.3
v -0.3 2.5 -0.3
v -0.3 2.8 -0.3
v -0.3 2.9 -0.3
v -0.2 2.3 -0.3
v -0.2 2.4 -0.3
v -0.2 2.6 -0.3
v -0.2 2.7 -0.3
v -0.2 3 -0.3
v -0.2 3.1 -0.3
v -0.0999999 2.5 -0.3
v -0.0999999 2.6 -0.3
v -0.0999999 2.7 -0.3
v -0.0999999 2.9 -0.3
v 0.1 2.5 -0.3
v 0.1 2.6 -0.3
v 0.1 2.7 -0.3
v 0.1 2.9 -0.3
v 0.2 2.3 -0.3
v 0.2 2.4 -0.3
v 0.2 2.6 -0.3
v 0.2 2.7 -0.3
v 0.2 3 -0.3
v 0.2 3.1 -0.3
v 0.3 0.4 -0.3
v 0.3 0.5 -0.3
v 0.3 2.4 -0.3
v 0.3 2.5 -0.3
v 0.3 2.8 -0.3
v 0.3 2.9 -0.3
v 0.4 0.3 -0.3
v 0.4 0.4 -0.3
v 0.4 0.5 -0.3
v 0.4 2.1 -0.3
v 0.4 2.2 -0.3
v 0.4 2.3 -0.3
v 0.4 2.5 -0.3
v 0.4 2.8 -0.3
v 0.4 2.9 -0.3
v 0.4 3 -0.3
v 0.5 0 -0.3
v 0.5 0.1 -0.3
v 0.5 0.3 -0.3
v 0.5 0.4 -0.3
v 0.5 2.1 -0.3
v 0.5 2.2 -0.3
v 0.5 2.3 -0.3
v 0.5 2.5 -0.3
v 0.5 2.7 -0.3
v 0.5 2.9 -0.3
v 0.6 0 -0.3
v 0.6 0.1 -0.3
v 0.6 2.5 -0.3
v 0.6 2.7 -0.3
v 0.7 1.1 -0.3
v 0.7 1.2 -0.3
v 0.7 2 -0.3
v 0.7 2.1 -0.3
v 0.8 1.1 -0.3
v 0.8 1.2 -0.3
v 0.8 1.4 -0.3
v 0.8 1.5 -0.3
v 0.8 2 -0.3
v 0.8 2.1 -0.3
v 0.9 1.4 -0.3
v 0.9 1.5 -0.3
v 0.9 2 -0.3
v 0.9 2.1 -0.3
v 1 1.6 -0.3
v 1 1.7 -0.3
v 1 2.2 -0.3
v 1 2.3 -0.3
v 1.1 1.6 -0.3
v 1.1 1.7 -0.3
v 1.1 2.2 -0.3
v 1.1 2.3 -0.3
v 1.1 2.4 -0.3
v 1.4 1.2 -0.3
v 1.4 1.6 -0.3
v 1.4 2.3 -0.3
v 1.4 2.4 -0.3
v 1.5 1.3 -0.3
v 1.5 1.5 -0.3
v 1.5 2.1 -0.3
v 1.5 2.2 -0.3
v 1.6 2.1 -0.3
v 1.6 2.2 -0.3
v 1.7 1.3 -0.3
v 1.7 1.5 -0.3
v 1.8 1.2 -0.3
v 1.8 1.6 -0.3
v -1.7 1.3 -0.4
v -1.7 1.5 -0.4
v -1.5 1.3 -0.4
v -1.5 1.5 -0.4
v -1.5 2.1 -0.4
v -1.5 2.2 -0.4
v -1.5 2.3 -0.4
v -1.4 2.1 -0.4
v -1.3 2.1 -0.4
v -1.3 2.2 -0.4
v -1.2 2.1 -0.4
v -1.2 2.2 -0.4
v -1.1 1.7 -0.4
v -1.1 1.8 -0.4
v -1.1 2 -0.4
v -1.1 2.1 -0.4
v -1.1 2.2 -0.4
v -1.1 2.3 -0.4
v -1 1.6 -0.4
v -1 1.7 -0.4
v -1 1.8 -0.4
v -1 1.9 -0.4
v -1 2 -0.4
v -0.9 1.5 -0.4
v -0.9 1.6 -0.4
v -0.9 1.9 -0.4
v -0.9 2 -0.4
v -0.9 2.1 -0.4
v -0.9 2.2 -0.4
v -0.8 1.2 -0.4
v -0.8 1.4 -0.4
v -0.8 1.5 -0.4
v -0.8 1.9 -0.4
v -0.8 2 -0.4
v -0.7 1 -0.4
v -0.7 1.1 -0.4
v -0.7 1.2 -0.4
v -0.7 1.4 -0.4
v -0.6 0.9 -0.4
v -0.6 1 -0.4
v -0.6 1.1 -0.4
v -0.5 0.1 -0.4
v -0.5 0.3 -0.4
v -0.4 0.1 -0.4
v -0.4 0.3 -0.4
v -0.4 0.4 -0.4
v -0.4 0.9 -0.4
v -0.4 1 -0.4
v -0.4 2.1 -0.4
v -0.4 2.2 -0.4
v -0.3 0.3 -0.4
v -0.3 0.4 -0.4
v -0.3 0.5 -0.4
v -0.3 0.9 -0.4
v -0.3 1 -0.4
v -0.2 1 -0.4
v -0.0999999 0.4 -0.4
v -0.0999999 0.5 -0.4
v 0.1 0.4 -0.4
v 0.1 0.5 -0.4
v 0.2 1 -0.4
v 0.3 0.3 -0.4
v 0.3 0.4 -0.4
v 0.3 0.5 -0.4
v 0.3 0.9 -0.4
v 0.3 1 -0.4
v 0.4 0.1 -0.4
v 0.4 0.3 -0.4
v 0.4 0.4 -0.4
v 0.4 0.9 -0.4
v 0.4 1 -0.4
v 0.4 2.1 -0.4
v 0.4 2.2 -0.4
v 0.5 0.1 -0.4
v 0.5 0.3 -0.4
v 0.6 0.9 -0.4
v 0.6 1 -0.4
v 0.6 1.1 -0.4
v 0.7 1 -0.4
v 0.7 1.1 -0.4
v 0.7 1.2 -0.4
v 0.7 1.4 -0.4
v 0.8 1.2 -0.4
v 0.8 1.4 -0.4
v 0.8 1.5 -0.4
v 0.8 1.9 -0.4
v 0.8 2 -0.4
v 0.9 1.5 -0.4
v 0.9 1.6 -0.4
v 0.9 1.9 -0.4
v 0.9 2 -0.4
v 0.9 2.1 -0.4
v 0.9 2.2 -0.4
v 1 1.6 -0.4
v 1 1.7 -0.4
v 1 1.8 -0.4
v 1 1.9 -0.4
v 1 2 -0.4
v 1.1 1.7 -0.4
v 1.1 1.8 -0.4
v 1.1 2 -0.4
v 1.1 2.1 -0.4
v 1.1 2.2 -0.4
v 1.1 2.3 -0.4
v 1.2 2.1 -0.4
v 1.2 2.2 -0.4
v 1.3 2.1 -0.4
v 1.3 2.2 -0.4
v 1.4 2.1 -0.4
v 1.5 1.3 -0.4
v 1.5 1.5 -0.4
v 1.5 2.1 -0.4
v 1.5 2.2 -0.4
v 1.5 2.3 -0.4
v 1.7 1.3 -0.4
v 1.7 1.5 -0.4
v -1.4 2 -0.5
v -1.4 2.1 -0.5
v -1.3 1.9 -0.5
v -1.3 2 -0.5
v -1.3 2.1 -0.5
v -1.3 2.2 -0.5
v -1.2 1.8 -0.5
v -1.2 1.9 -0.5
v -1.2 2 -0.5
v -1.2 2.1 -0.5
v -1.2 2.2 -0.5
v -1.1 1.9 -0.5
v -1.1 2 -0.5
v -1.1 2.1 -0.5
v -1 1.8 -0.5
v -1 1.9 -0.5
v -1 2 -0.5
v -0.8 1.4 -0.5
v -0.8 2 -0.5
v -0.7 1.1 -0.5
v -0.7 1.4 -0.5
v -0.7 1.9 -0.5
v -0.7 2 -0.5
v -0.7 2.1 -0.5
v -0.6 1 -0.5
v -0.6 1.1 -0.5
v -0.6 1.2 -0.5
v -0.6 1.3 -0.5
v -0.6 1.4 -0.5
v -0.6 1.9 -0.5
v -0.6 2 -0.5
v -0.5 0 -0.5
v -0.5 0.1 -0.5
v -0.5 1.1 -0.5
v -0.5 1.2 -0.5
v -0.5 2 -0.5
v -0.5 2.1 -0.5
v -0.4 0.1 -0.5
v -0.4 0.3 -0.5
v -0.4 0.9 -0.5
v -0.4 1 -0.5
v -0.3 0 -0.5
v -0.3 0.1 -0.5
v -0.3 0.3 -0.5
v -0.3 0.4 -0.5
v -0.3 0.9 -0.5
v -0.3 1 -0.5
v -0.3 1.1 -0.5
v -0.2 0.1 -0.5
v -0.2 0.2 -0.5
v -0.2 1 -0.5
v -0.2 1.1 -0.5
v -0.0999999 0.2 -0.5
v -0.0999999 0.3 -0.5
v -0.0999999 0.4 -0.5
v -0.0999999 0.5 -0.5
v 0.1 0.2 -0.5
v 0.1 0.3 -0.5
v 0.1 0.4 -0.5
v 0.1 0.5 -0.5
v 0.2 0.1 -0.5
v 0.2 0.2 -0.5
v 0.2 1 -0.5
v 0.2 1.1 -0.5
v 0.3 0 -0.5
v 0.3 0.1 -0.5
v 0.3 0.3 -0.5
v 0.3 0.4 -0.5
v 0.3 0.9 -0.5
v 0.3 1 -0.5
v 0.3 1.1 -0.5
v 0.4 0.1 -0.5
v 0.4 0.3 -0.5
v 0.4 0.9 -0.5
v 0.4 1 -0.5
v 0.5 0 -0.5
v 0.5 0.1 -0.5
v 0.5 1.1 -0.5
v 0.5 1.2 -0.5
v 0.5 2 -0.5
v 0.5 2.1 -0.5
v 0.6 1 -0.5
v 0.6 1.1 -0.5
v 0.6 1.2 -0.5
v 0.6 1.3 -0.5
v 0.6 1.4 -0.5
v 0.6 1.9 -0.5
v 0.6 2 -0.5
v 0.7 1.1 -0.5
v 0.7 1.4 -0.5
v 0.7 1.9 -0.5
v 0.7 2 -0.5
v 0.7 2.1 -0.5
v 0.8 1.4 -0.5
v 0.8 2 -0.5
v 1 1.8 -0.5
v 1 1.9 -0.5
v 1 2 -0.5
v 1.1 1.9 -0.5
v 1.1 2 -0.5
v 1.1 2.1 -0.5
v 1.2 1.8 -0.5
v 1.2 1.9 -0.5
v 1.2 2 -0.5
v 1.2 2.1 -0.5
v 1.2 2.2 -0.5
v 1.3 1.9 -0.5
v 1.3 2 -0.5
v 1.3 2.1 -0.5
v 1.3 2.2 -0.5
v 1.4 2 -0.5
v 1.4 2.1 -0.5
v -0.7 1.4 -0.6
v -0.7 1.9 -0.6
v -0.6 1.2 -0.6
v -0.6 1.3 -0.6
v -0.6 1.4 -0.6
v -0.6 1.5 -0.6
v -0.6 1.7 -0.6
v -0.6 1.9 -0.6
v -0.6 2 -0.6
v -0.5 1.1 -0.6
v -0.5 1.2 -0.6
v -0.5 1.4 -0.6
v -0.5 1.5 -0.6
v -0.5 1.7 -0.6
v -0.5 1.8 -0.6
v -0.5 2 -0.6
v -0.5 2.1 -0.6
v -0.4 1.2 -0.6
v -0.4 1.3 -0.6
v -0.4 1.4 -0.6
v -0.4 1.8 -0.6
v -0.4 1.9 -0.6
v -0.3 0 -0.6
v -0.3 0.1 -0.6
v -0.3 1 -0.6
v -0.3 1.1 -0.6
v -0.3 1.2 -0.6
v -0.3 1.3 -0.6
v -0.2 0.1 -0.6
v -0.2 0.2 -0.6
v -0.2 1 -0.6
v -0.2 1.1 -0.6
v -0.2 1.2 -0.6
v -0.0999999 0.2 -0.6
v -0.0999999 0.3 -0.6
v 0.1 0.2 -0.6
v 0.1 0.3 -0.6
v 0.2 0.1 -0.6
v 0.2 0.2 -0.6
v 0.2 1 -0.6
v 0.2 1.1 -0.6
v 0.2 1.2 -0.6
v 0.3 0 -0.6
v 0.3 0.1 -0.6
v 0.3 1 -0.6
v 0.3 1.1 -0.6
v 0.3 1.2 -0.6
v 0.3 1.3 -0.6
v 0.4 1.2 -0.6
v 0.4 1.3 -0.6
v 0.4 1.4 -0.6
v 0.4 1.8 -0.6
v 0.4 1.9 -0.6
v 0.5 1.1 -0.6
v 0.5 1.2 -0.6
v 0.5 1.4 -0.6
v 0.5 1.5 -0.6
v 0.5 1.7 -0.6
v 0.5 1.8 -0.6
v 0.5 2 -0.6
v 0.5 2.1 -0.6
v 0.6 1.2 -0.6
v 0.6 1.3 -0.6
v 0.6 1.4 -0.6
v 0.6 1.5 -0.6
v 0.6 1.7 -0.6
v 0.6 1.9 -0.6
v 0.6 2 -0.6
v 0.7 1.4 -0.6
v 0.7 1.9 -0.6
v -0.6 1.5 -0.7
v -0.6 1.7 -0.7
v -0.5 1.4 -0.7
v -0.5 1.5 -0.7
v -0.5 1.7 -0.7
v -0.5 1.8 -0.7
v -0.4 1.3 -0.7
v -0.4 1.4 -0.7
v -0.4 1.8 -0.7
v -0.4 1.9 -0.7
v -0.3 1.2 -0.7
v -0.3 1.3 -0.7
v 0.3 1.2 -0.7
v 0.3 1.3 -0.7
v 0.4 1.3 -0.7
v 0.4 1.4 -0.7
v 0.4 1.8 -0.7
v 0.4 1.9 -0.7
v 0.5 1.4 -0.7
v 0.5 1.5 -0.7
v 0.5 1.7 -0.7
v 0.5 1.8 -0.7
v 0.6 1.5 -0.7
v 0.6 1.7 -0.7
v -0.3 0 0.6
v 0.3 0 0.6
v -0.5 0 0.5
v -0.3 0 0.5
v 0.3 0 0.5
v 0.5 0 0.5
v -0.6 0 0.3
v -0.5 0 0.3
v 0.5 0 0.3
v 0.6 0 0.3
v -0.6 0 -0.3
v -0.5 0 -0.3
v 0.5 0 -0.3
v 0.6 0 -0.3
v -0.5 0 -0.5
v -0.3 0 -0.5
v 0.3 0 -0.5
v 0.5 0 -0.5
v -0.3 0 -0.6
v 0.3 0 -0.6
v -0.4 0.9 0.5
v -0.3 0.9 0.5
v 0.3 0.9 0.5
v 0.4 0.9 0.5
v -0.6 0.9 0.4
v -0.4 0.9 0.4
v -0.3 0.9 0.4
v 0.3 0.9 0.4
v 0.4 0.9 0.4
v 0.6 0.9 0.4
v -0.4 0.9 0.3
v -0.3 0.9 0.3
v 0.3 0.9 0.3
v 0.4 0.9 0.3
v -0.5 0.9 0.2
v -0.4 0.9 0.2
v 0.4 0.9 0.2
v 0.5 0.9 0.2
v -0.6 0.9 0.1
v -0.5 0.9 0.1
v 0.5 0.9 0.1
v 0.6 0.9 0.1
v -0.6 0.9 -0.1
v -0.5 0.9 -0.1
v 0.5 0.9 -0.1
v 0.6 0.9 -0.1
v -0.5 0.9 -0.2
v -0.4 0.9 -0.2
v 0.4 0.9 -0.2
v 0.5 0.9 -0.2
v -0.4 0.9 -0.3
v -0.3 0.9 -0.3
v 0.3 0.9 -0.3
v 0.4 0.9 -0.3
v -0.6 0.9 -0.4
v -0.4 0.9 -0.4
v -0.3 0.9 -0.4
v 0.3 0.9 -0.4
v 0.4 0.9 -0.4
v 0.6 0.9 -0.4
v -0.4 0.9 -0.5
v -0.3 0.9 -0.5
v 0.3 0.9 -0.5
v 0.4 0.9 -0.5
v -0.3 1 0.6
v -0.2 1 0.6
v 0.2 1 0.6
v 0.3 1 0.6
v -0.6 1 0.5
v -0.4 1 0.5
v -0.3 1 0.5
v -0.2 1 0.5
v 0.2 1 0.5
v 0.3 1 0.5
v 0.4 1 0.5
v 0.6 1 0.5
v -0.7 1 0.4
v -0.6 1 0.4
v -0.4 1 0.4
v -0.3 1 0.4
v -0.2 1 0.4
v 0.2 1 0.4
v 0.3 1 0.4
v 0.4 1 0.4
v 0.6 1 0.4
v 0.7 1 0.4
v -0.4 1 0.3
v -0.3 1 0.3
v 0.3 1 0.3
v 0.4 1 0.3
v -0.5 1 0.2
v -0.4 1 0.2
v 0.4 1 0.2
v 0.5 1 0.2
v -1.7 1 0.1
v -1.5 1 0.1
v -0.6 1 0.1
v -0.5 1 0.1
v 0.5 1 0.1
v 0.6 1 0.1
v 1.5 1 0.1
v 1.7 1 0.1
v -1.7 1 -0.1
v -1.5 1 -0.1
v -0.6 1 -0.1
v -0.5 1 -0.1
v 0.5 1 -0.1
v 0.6 1 -0.1
v 1.5 1 -0.1
v 1.7 1 -0.1
v -0.5 1 -0.2
v -0.4 1 -0.2
v 0.4 1 -0.2
v 0.5 1 -0.2
v -0.4 1 -0.3
v -0.3 1 -0.3
v 0.3 1 -0.3
v 0.4 1 -0.3
v -0.7 1 -0.4
v -0.6 1 -0.4
v -0.4 1 -0.4
v -0.3 1 -0.4
v -0.2 1 -0.4
v 0.2 1 -0.4
v 0.3 1 -0.4
v 0.4 1 -0.4
v 0.6 1 -0.4
v 0.7 1 -0.4
v -0.6 1 -0.5
v -0.4 1 -0.5
v -0.3 1 -0.5
v -0.2 1 -0.5
v 0.2 1 -0.5
v 0.3 1 -0.5
v 0.4 1 -0.5
v 0.6 1 -0.5
v -0.3 1 -0.6
v -0.2 1 -0.6
v 0.2 1 -0.6
v 0.3 1 -0.6
v -0.5 1.1 0.6
v -0.3 1.1 0.6
v -0.2 1.1 0.6
v 0.2 1.1 0.6
v 0.3 1.1 0.6
v 0.5 1.1 0.6
v -0.7 1.1 0.5
v -0.6 1.1 0.5
v -0.5 1.1 0.5
v -0.3 1.1 0.5
v -0.2 1.1 0.5
v 0.2 1.1 0.5
v 0.3 1.1 0.5
v 0.5 1.1 0.5
v 0.6 1.1 0.5
v 0.7 1.1 0.5
v -0.7 1.1 0.4
v -0.6 1.1 0.4
v 0.6 1.1 0.4
v 0.7 1.1 0.4
v -0.8 1.1 0.3
v -0.7 1.1 0.3
v 0.7 1.1 0.3
v 0.8 1.1 0.3
v -1.8 1.1 0.2
v -1.4 1.1 0.2
v 1.4 1.1 0.2
v 1.8 1.1 0.2
v -1.7 1.1 0.1
v -1.5 1.1 0.1
v 1.5 1.1 0.1
v 1.7 1.1 0.1
v -1.7 1.1 -0.1
v -1.5 1.1 -0.1
v 1.5 1.1 -0.1
v 1.7 1.1 -0.1
v -1.8 1.1 -0.2
v -1.4 1.1 -0.2
v 1.4 1.1 -0.2
v 1.8 1.1 -0.2
v -0.8 1.1 -0.3
v -0.7 1.1 -0.3
v 0.7 1.1 -0.3
v 0.8 1.1 -0.3
v -0.7 1.1 -0.4
v -0.6 1.1 -0.4
v 0.6 1.1 -0.4
v 0.7 1.1 -0.4
v -0.7 1.1 -0.5
v -0.6 1.1 -0.5
v -0.5 1.1 -0.5
v -0.3 1.1 -0.5
v -0.2 1.1 -0.5
v 0.2 1.1 -0.5
v 0.3 1.1 -0.5
v 0.5 1.1 -0.5
v 0.6 1.1 -0.5
v 0.7 1.1 -0.5
v -0.5 1.1 -0.6
v -0.3 1.1 -0.6
v -0.2 1.1 -0.6
v 0.2 1.1 -0.6
v 0.3 1.1 -0.6
v 0.5 1.1 -0.6
v -0.3 1.2 0.7
v 0.3 1.2 0.7
v -0.6 1.2 0.6
v -0.5 1.2 0.6
v -0.3 1.2 0.6
v -0.2 1.2 0.6
v 0.3 1.2 0.6
v 0.5 1.2 0.6
v 0.6 1.2 0.6
v -0.6 1.2 0.5
v -0.5 1.2 0.5
v 0.5 1.2 0.5
v 0.6 1.2 0.5
v -0.8 1.2 0.4
v -0.7 1.2 0.4
v 0.7 1.2 0.4
v 0.8 1.2 0.4
v -1.8 1.2 0.3
v -1.4 1.2 0.3
v -0.8 1.2 0.3
v -0.7 1.2 0.3
v 0.7 1.2 0.3
v 0.8 1.2 0.3
v 1.4 1.2 0.3
v 1.8 1.2 0.3
v -1.9 1.2 0.2
v -1.8 1.2 0.2
v -1.4 1.2 0.2
v -1.3 1.2 0.2
v 1.3 1.2 0.2
v 1.4 1.2 0.2
v 1.8 1.2 0.2
v 1.9 1.2 0.2
v -0.9 1.2 0.1
v -0.8 1.2 0.1
v 0.8 1.2 0.1
v 0.9 1.2 0.1
v -0.9 1.2 -0.1
v -0.8 1.2 -0.1
v 0.8 1.2 -0.1
v 0.9 1.2 -0.1
v -1.9 1.2 -0.2
v -1.8 1.2 -0.2
v -1.4 1.2 -0.2
v -1.3 1.2 -0.2
v 1.3 1.2 -0.2
v 1.4 1.2 -0.2
v 1.8 1.2 -0.2
v 1.9 1.2 -0.2
v -1.8 1.2 -0.3
v -1.4 1.2 -0.3
v -0.8 1.2 -0.3
v -0.7 1.2 -0.3
v 0.7 1.2 -0.3
v 0.8 1.2 -0.3
v 1.4 1.2 -0.3
v 1.8 1.2 -0.3
v -0.8 1.2 -0.4
v -0.7 1.2 -0.4
v 0.7 1.2 -0.4
v 0.8 1.2 -0.4
v -0.6 1.2 -0.5
v -0.5 1.2 -0.5
v 0.5 1.2 -0.5
v 0.6 1.2 -0.5
v -0.6 1.2 -0.6
v -0.5 1.2 -0.6
v -0.3 1.2 -0.6
v -0.2 1.2 -0.6
v 0.2 1.2 -0.6
v 0.3 1.2 -0.6
v 0.5 1.2 -0.6
v 0.6 1.2 -0.6
v -0.3 1.2 -0.7
v 0.3 1.2 -0.7
v -0.4 1.3 0.7
v -0.3 1.3 0.7
v 0.3 1.3 0.7
v 0.4 1.3 0.7
v -0.4 1.3 0.6
v -0.3 1.3 0.6
v 0.3 1.3 0.6
v 0.4 1.3 0.6
v -1.7 1.3 0.4
v -1.5 1.3 0.4
v 1.5 1.3 0.4
v 1.7 1.3 0.4
v -1.7 1.3 0.3
v -1.5 1.3 0.3
v 1.5 1.3 0.3
v 1.7 1.3 0.3
v -0.9 1.3 0.2
v -0.8 1.3 0.2
v 0.8 1.3 0.2
v 0.9 1.3 0.2
v -2 1.3 0.1
v -1.9 1.3 0.1
v -1.3 1.3 0.1
v -1.2 1.3 0.1
v -0.9 1.3 0.1
v -0.8 1.3 0.1
v 0.8 1.3 0.1
v 0.9 1.3 0.1
v 1.2 1.3 0.1
v 1.3 1.3 0.1
v 1.9 1.3 0.1
v 2 1.3 0.1
v -2 1.3 -0.1
v -1.9 1.3 -0.1
v -1.3 1.3 -0.1
v -1.2 1.3 -0.1
v -0.9 1.3 -0.1
v -0.8 1.3 -0.1
v 0.8 1.3 -0.1
v 0.9 1.3 -0.1
v 1.2 1.3 -0.1
v 1.3 1.3 -0.1
v 1.9 1.3 -0.1
v 2 1.3 -0.1
v -0.9 1.3 -0.2
v -0.8 1.3 -0.2
v 0.8 1.3 -0.2
v 0.9 1.3 -0.2
v -1.7 1.3 -0.3
v -1.5 1.3 -0.3
v 1.5 1.3 -0.3
v 1.7 1.3 -0.3
v -1.7 1.3 -0.4
v -1.5 1.3 -0.4
v 1.5 1.3 -0.4
v 1.7 1.3 -0.4
v -0.4 1.3 -0.6
v -0.3 1.3 -0.6
v 0.3 1.3 -0.6
v 0.4 1.3 -0.6
v -0.4 1.3 -0.7
v -0.3 1.3 -0.7
v 0.3 1.3 -0.7
v 0.4 1.3 -0.7
v -0.5 1.4 0.7
v -0.4 1.4 0.7
v 0.4 1.4 0.7
v 0.5 1.4 0.7
v -0.7 1.4 0.6
v -0.6 1.4 0.6
v -0.5 1.4 0.6
v -0.4 1.4 0.6
v 0.4 1.4 0.6
v 0.5 1.4 0.6
v 0.6 1.4 0.6
v 0.7 1.4 0.6
v -0.8 1.4 0.5
v -0.7 1.4 0.5
v -0.6 1.4 0.5
v 0.6 1.4 0.5
v 0.7 1.4 0.5
v 0.8 1.4 0.5
v -0.8 1.4 0.4
v -0.7 1.4 0.4
v 0.7 1.4 0.4
v 0.8 1.4 0.4
v -0.9 1.4 0.3
v -0.8 1.4 0.3
v 0.8 1.4 0.3
v 0.9 1.4 0.3
v -0.9 1.4 0.2
v -0.8 1.4 0.2
v 0.8 1.4 0.2
v 0.9 1.4 0.2
v -0.9 1.4 -0.2
v -0.8 1.4 -0.2
v 0.8 1.4 -0.2
v 0.9 1.4 -0.2
v -0.9 1.4 -0.3
v -0.8 1.4 -0.3
v 0.8 1.4 -0.3
v 0.9 1.4 -0.3
v -0.8 1.4 -0.4
v -0.7 1.4 -0.4
v 0.7 1.4 -0.4
v 0.8 1.4 -0.4
v -0.8 1.4 -0.5
v -0.7 1.4 -0.5
v -0.6 1.4 -0.5
v 0.6 1.4 -0.5
v 0.7 1.4 -0.5
v 0.8 1.4 -0.5
v -0.7 1.4 -0.6
v -0.6 1.4 -0.6
v -0.5 1.4 -0.6
v -0.4 1.4 -0.6
v 0.4 1.4 -0.6
v 0.5 1.4 -0.6
v 0.6 1.4 -0.6
v 0.7 1.4 -0.6
v -0.5 1.4 -0.7
v -0.4 1.4 -0.7
v 0.4 1.4 -0.7
v 0.5 1.4 -0.7
v -0.6 1.5 0.7
v -0.5 1.5 0.7
v 0.5 1.5 0.7
v 0.6 1.5 0.7
v -0.6 1.5 0.6
v -0.5 1.5 0.6
v 0.5 1.5 0.6
v 0.6 1.5 0.6
v -0.9 1.5 0.4
v -0.8 1.5 0.4
v 0.8 1.5 0.4
v 0.9 1.5 0.4
v -1.7 1.5 0.3
v -1.5 1.5 0.3
v -0.9 1.5 0.3
v -0.8 1.5 0.3
v 0.8 1.5 0.3
v 0.9 1.5 0.3
v 1.5 1.5 0.3
v 1.7 1.5 0.3
v -1.7 1.5 0.2
v -1.5 1.5 0.2
v 1.5 1.5 0.2
v 1.7 1.5 0.2
v -1.9 1.5 0.1
v -1.8 1.5 0.1
v -1.4 1.5 0.1
v -1.3 1.5 0.1
v 1.3 1.5 0.1
v 1.4 1.5 0.1
v 1.8 1.5 0.1
v 1.9 1.5 0.1
v -1.9 1.5 -0.1
v -1.8 1.5 -0.1
v -1.4 1.5 -0.1
v -1.3 1.5 -0.1
v 1.3 1.5 -0.1
v 1.4 1.5 -0.1
v 1.8 1.5 -0.1
v 1.9 1.5 -0.1
v -1.7 1.5 -0.2
v -1.5 1.5 -0.2
v 1.5 1.5 -0.2
v 1.7 1.5 -0.2
v -1.7 1.5 -0.3
v -1.5 1.5 -0.3
v -0.9 1.5 -0.3
v -0.8 1.5 -0.3
v 0.8 1.5 -0.3
v 0.9 1.5 -0.3
v 1.5 1.5 -0.3
v 1.7 1.5 -0.3
v -0.9 1.5 -0.4
v -0.8 1.5 -0.4
v 0.8 1.5 -0.4
v 0.9 1.5 -0.4
v -0.6 1.5 -0.6
v -0.5 1.5 -0.6
v 0.5 1.5 -0.6
v 0.6 1.5 -0.6
v -0.6 1.5 -0.7
v -0.5 1.5 -0.7
v 0.5 1.5 -0.7
v 0.6 1.5 -0.7
v -1 1.6 0.4
v -0.9 1.6 0.4
v 0.9 1.6 0.4
v 1 1.6 0.4
v -1.1 1.6 0.3
v -1 1.6 0.3
v 1 1.6 0.3
v 1.1 1.6 0.3
v -1.8 1.6 0.2
v -1.4 1.6 0.2
v -1.1 1.6 0.2
v -0.9 1.6 0.2
v 0.9 1.6 0.2
v 1.1 1.6 0.2
v 1.4 1.6 0.2
v 1.8 1.6 0.2
v -1.7 1.6 0.1
v -1.5 1.6 0.1
v 1.5 1.6 0.1
v 1.7 1.6 0.1
v -1.7 1.6 -0.1
v -1.5 1.6 -0.1
v 1.5 1.6 -0.1
v 1.7 1.6 -0.1
v -1.8 1.6 -0.2
v -1.4 1.6 -0.2
v -1.1 1.6 -0.2
v -0.9 1.6 -0.2
v 0.9 1.6 -0.2
v 1.1 1.6 -0.2
v 1.4 1.6 -0.2
v 1.8 1.6 -0.2
v -1.1 1.6 -0.3
v -1 1.6 -0.3
v 1 1.6 -0.3
v 1.1 1.6 -0.3
v -1 1.6 -0.4
v -0.9 1.6 -0.4
v 0.9 1.6 -0.4
v 1 1.6 -0.4
v -1.1 1.7 0.4
v -1 1.7 0.4
v 1 1.7 0.4
v 1.1 1.7 0.4
v -1.1 1.7 0.3
v -1 1.7 0.3
v 1 1.7 0.3
v 1.1 1.7 0.3
v -1 1.7 0.2
v -0.9 1.7 0.2
v 0.9 1.7 0.2
v 1 1.7 0.2
v -1.7 1.7 0.1
v -1.5 1.7 0.1
v 1.5 1.7 0.1
v 1.7 1.7 0.1
v -1.7 1.7 -0.1
v -1.5 1.7 -0.1
v 1.5 1.7 -0.1
v 1.7 1.7 -0.1
v -1 1.7 -0.2
v -0.9 1.7 -0.2
v 0.9 1.7 -0.2
v 1 1.7 -0.2
v -1.1 1.7 -0.3
v -1 1.7 -0.3
v 1 1.7 -0.3
v 1.1 1.7 -0.3
v -1.1 1.7 -0.4
v -1 1.7 -0.4
v 1 1.7 -0.4
v 1.1 1.7 -0.4
v -1.2 1.8 0.5
v -1 1.8 0.5
v 1 1.8 0.5
v 1.2 1.8 0.5
v -1.1 1.8 0.4
v -1 1.8 0.4
v 1 1.8 0.4
v 1.1 1.8 0.4
v -1.2 1.8 0.3
v -1.1 1.8 0.3
v -0.8 1.8 0.3
v -0.7 1.8 0.3
v 0.7 1.8 0.3
v 0.8 1.8 0.3
v 1.1 1.8 0.3
v 1.2 1.8 0.3
v -0.8 1.8 0.2
v 0.8 1.8 0.2
v -0.8 1.8 -0.2
v 0.8 1.8 -0.2
v -1.2 1.8 -0.3
v -1.1 1.8 -0.3
v -0.8 1.8 -0.3
v -0.7 1.8 -0.3
v 0.7 1.8 -0.3
v 0.8 1.8 -0.3
v 1.1 1.8 -0.3
v 1.2 1.8 -0.3
v -1.1 1.8 -0.4
v -1 1.8 -0.4
v 1 1.8 -0.4
v 1.1 1.8 -0.4
v -1.2 1.8 -0.5
v -1 1.8 -0.5
v 1 1.8 -0.5
v 1.2 1.8 -0.5
v -1.3 1.9 0.5
v -1.2 1.9 0.5
v -0.7 1.9 0.5
v -0.6 1.9 0.5
v 0.6 1.9 0.5
v 0.7 1.9 0.5
v 1.2 1.9 0.5
v 1.3 1.9 0.5
v -0.7 1.9 0.4
v -0.6 1.9 0.4
v 0.6 1.9 0.4
v 0.7 1.9 0.4
v -1.3 1.9 0.3
v -1.2 1.9 0.3
v 1.2 1.9 0.3
v 1.3 1.9 0.3
v -0.0999999 1.9 0.2
v 0.1 1.9 0.2
v -0.0999999 1.9 -0.2
v 0.1 1.9 -0.2
v -1.3 1.9 -0.3
v -1.2 1.9 -0.3
v 1.2 1.9 -0.3
v 1.3 1.9 -0.3
v -0.7 1.9 -0.4
v -0.6 1.9 -0.4
v 0.6 1.9 -0.4
v 0.7 1.9 -0.4
v -1.3 1.9 -0.5
v -1.2 1.9 -0.5
v -0.7 1.9 -0.5
v -0.6 1.9 -0.5
v 0.6 1.9 -0.5
v 0.7 1.9 -0.5
v 1.2 1.9 -0.5
v 1.3 1.9 -0.5
v -1.4 2 0.5
v -1.3 2 0.5
v -0.6 2 0.5
v 0.6 2 0.5
v 1.3 2 0.5
v 1.4 2 0.5
v -1.4 2 0.4
v -1.3 2 0.4
v -0.7 2 0.4
v -0.6 2 0.4
v -0.4 2 0.4
v 0.4 2 0.4
v 0.6 2 0.4
v 0.7 2 0.4
v 1.3 2 0.4
v 1.4 2 0.4
v -1.4 2 0.3
v -1.3 2 0.3
v -1.1 2 0.3
v -1 2 0.3
v -0.5 2 0.3
v -0.4 2 0.3
v 0.4 2 0.3
v 0.5 2 0.3
v 1 2 0.3
v 1.1 2 0.3
v 1.3 2 0.3
v 1.4 2 0.3
v -1.1 2 0.2
v -1 2 0.2
v -0.6 2 0.2
v -0.5 2 0.2
v -0.2 2 0.2
v -0.0999999 2 0.2
v 0.1 2 0.2
v 0.2 2 0.2
v 0.5 2 0.2
v 0.6 2 0.2
v 1 2 0.2
v 1.1 2 0.2
v -0.7 2 0.1
v -0.3 2 0.1
v -0.2 2 0.1
v 0.2 2 0.1
v 0.3 2 0.1
v 0.7 2 0.1
v -0.7 2 -0.1
v -0.3 2 -0.1
v -0.2 2 -0.1
v 0.2 2 -0.1
v 0.3 2 -0.1
v 0.7 2 -0.1
v -1.1 2 -0.2
v -1 2 -0.2
v -0.6 2 -0.2
v -0.5 2 -0.2
v -0.2 2 -0.2
v -0.0999999 2 -0.2
v 0.1 2 -0.2
v 0.2 2 -0.2
v 0.5 2 -0.2
v 0.6 2 -0.2
v 1 2 -0.2
v 1.1 2 -0.2
v -1.4 2 -0.3
v -1.3 2 -0.3
v -1.1 2 -0.3
v -1 2 -0.3
v -0.5 2 -0.3
v -0.4 2 -0.3
v 0.4 2 -0.3
v 0.5 2 -0.3
v 1 2 -0.3
v 1.1 2 -0.3
v 1.3 2 -0.3
v 1.4 2 -0.3
v -1.4 2 -0.4
v -1.3 2 -0.4
v -0.7 2 -0.4
v -0.6 2 -0.4
v -0.4 2 -0.4
v 0.4 2 -0.4
v 0.6 2 -0.4
v 0.7 2 -0.4
v 1.3 2 -0.4
v 1.4 2 -0.4
v -1.4 2 -0.5
v -1.3 2 -0.5
v -0.6 2 -0.5
v 0.6 2 -0.5
v 1.3 2 -0.5
v 1.4 2 -0.5
v -1.5 2.1 0.4
v -1.4 2.1 0.4
v -0.4 2.1 0.4
v 0.4 2.1 0.4
v 1.4 2.1 0.4
v 1.5 2.1 0.4
v -1.6 2.1 0.3
v -1.5 2.1 0.3
v -1.4 2.1 0.3
v -1.3 2.1 0.3
v -1.2 2.1 0.3
v -1.1 2.1 0.3
v -0.5 2.1 0.3
v -0.4 2.1 0.3
v -0.2 2.1 0.3
v 0.2 2.1 0.3
v 0.4 2.1 0.3
v 0.5 2.1 0.3
v 1.1 2.1 0.3
v 1.2 2.1 0.3
v 1.3 2.1 0.3
v 1.4 2.1 0.3
v 1.5 2.1 0.3
v 1.6 2.1 0.3
v -1.6 2.1 0.2
v -1.5 2.1 0.2
v -1.4 2.1 0.2
v -1.3 2.1 0.2
v -1.2 2.1 0.2
v -1.1 2.1 0.2
v -1 2.1 0.2
v -0.9 2.1 0.2
v -0.6 2.1 0.2
v -0.5 2.1 0.2
v -0.4 2.1 0.2
v -0.2 2.1 0.2
v 0.2 2.1 0.2
v 0.4 2.1 0.2
v 0.5 2.1 0.2
v 0.6 2.1 0.2
v 0.9 2.1 0.2
v 1 2.1 0.2
v 1.1 2.1 0.2
v 1.2 2.1 0.2
v 1.3 2.1 0.2
v 1.4 2.1 0.2
v 1.5 2.1 0.2
v 1.6 2.1 0.2
v -1.5 2.1 0.1
v -1.4 2.1 0.1
v -0.5 2.1 0.1
v -0.4 2.1 0.1
v -0.3 2.1 0.1
v -0.2 2.1 0.1
v 0.2 2.1 0.1
v 0.3 2.1 0.1
v 0.4 2.1 0.1
v 0.5 2.1 0.1
v 1.4 2.1 0.1
v 1.5 2.1 0.1
v -1.5 2.1 -0.1
v -1.4 2.1 -0.1
v -0.5 2.1 -0.1
v -0.4 2.1 -0.1
v -0.3 2.1 -0.1
v -0.2 2.1 -0.1
v 0.2 2.1 -0.1
v 0.3 2.1 -0.1
v 0.4 2.1 -0.1
v 0.5 2.1 -0.1
v 1.4 2.1 -0.1
v 1.5 2.1 -0.1
v -1.6 2.1 -0.2
v -1.5 2.1 -0.2
v -1.4 2.1 -0.2
v -1.3 2.1 -0.2
v -1.2 2.1 -0.2
v -1.1 2.1 -0.2
v -1 2.1 -0.2
v -0.9 2.1 -0.2
v -0.6 2.1 -0.2
v -0.5 2.1 -0.2
v -0.4 2.1 -0.2
v -0.2 2.1 -0.2
v 0.2 2.1 -0.2
v 0.4 2.1 -0.2
v 0.5 2.1 -0.2
v 0.6 2.1 -0.2
v 0.9 2.1 -0.2
v 1 2.1 -0.2
v 1.1 2.1 -0.2
v 1.2 2.1 -0.2
v 1.3 2.1 -0.2
v 1.4 2.1 -0.2
v 1.5 2.1 -0.2
v 1.6 2.1 -0.2
v -1.6 2.1 -0.3
v -1.5 2.1 -0.3
v -1.4 2.1 -0.3
v -1.3 2.1 -0.3
v -1.2 2.1 -0.3
v -1.1 2.1 -0.3
v -0.5 2.1 -0.3
v -0.4 2.1 -0.3
v -0.2 2.1 -0.3
v 0.2 2.1 -0.3
v 0.4 2.1 -0.3
v 0.5 2.1 -0.3
v 1.1 2.1 -0.3
v 1.2 2.1 -0.3
v 1.3 2.1 -0.3
v 1.4 2.1 -0.3
v 1.5 2.1 -0.3
v 1.6 2.1 -0.3
v -1.5 2.1 -0.4
v -1.4 2.1 -0.4
v -0.4 2.1 -0.4
v 0.4 2.1 -0.4
v 1.4 2.1 -0.4
v 1.5 2.1 -0.4
v -1.3 2.2 0.3
v -1.2 2.2 0.3
v 1.2 2.2 0.3
v 1.3 2.2 0.3
v -1.4 2.2 0.2
v -1.3 2.2 0.2
v -1.2 2.2 0.2
v -1 2.2 0.2
v 1 2.2 0.2
v 1.2 2.2 0.2
v 1.3 2.2 0.2
v 1.4 2.2 0.2
v -1.5 2.2 0.1
v -1.4 2.2 0.1
v 1.4 2.2 0.1
v 1.5 2.2 0.1
v -1.5 2.2 -0.1
v -1.4 2.2 -0.1
v 1.4 2.2 -0.1
v 1.5 2.2 -0.1
v -1.4 2.2 -0.2
v -1.3 2.2 -0.2
v -1.2 2.2 -0.2
v -1 2.2 -0.2
v 1 2.2 -0.2
v 1.2 2.2 -0.2
v 1.3 2.2 -0.2
v 1.4 2.2 -0.2
v -1.3 2.2 -0.3
v -1.2 2.2 -0.3
v 1.2 2.2 -0.3
v 1.3 2.2 -0.3
v -0.2 2.3 0.4
v 0.2 2.3 0.4
v -0.5 2.3 0.3
v -0.4 2.3 0.3
v -0.2 2.3 0.3
v 0.2 2.3 0.3
v 0.4 2.3 0.3
v 0.5 2.3 0.3
v -0.6 2.3 0.2
v -0.5 2.3 0.2
v -0.4 2.3 0.2
v 0.4 2.3 0.2
v 0.5 2.3 0.2
v 0.6 2.3 0.2
v -0.6 2.3 -0.2
v -0.5 2.3 -0.2
v -0.4 2.3 -0.2
v 0.4 2.3 -0.2
v 0.5 2.3 -0.2
v 0.6 2.3 -0.2
v -0.5 2.3 -0.3
v -0.4 2.3 -0.3
v 0.4 2.3 -0.3
v 0.5 2.3 -0.3
v -0.3 2.4 0.4
v -0.2 2.4 0.4
v 0.2 2.4 0.4
v 0.3 2.4 0.4
v -0.3 2.4 0.3
v -0.2 2.4 0.3
v 0.2 2.4 0.3
v 0.3 2.4 0.3
v -0.7 2.4 0.1
v -0.6 2.4 0.1
v 0.6 2.4 0.1
v 0.7 2.4 0.1
v -0.7 2.4 -0.1
v -0.6 2.4 -0.1
v 0.6 2.4 -0.1
v 0.7 2.4 -0.1
v -0.4 2.5 0.4
v -0.3 2.5 0.4
v 0.3 2.5 0.4
v 0.4 2.5 0.4
v -0.6 2.5 0.3
v -0.5 2.5 0.3
v -0.4 2.5 0.3
v -0.3 2.5 0.3
v 0.3 2.5 0.3
v 0.4 2.5 0.3
v 0.5 2.5 0.3
v 0.6 2.5 0.3
v -0.6 2.5 0.2
v -0.5 2.5 0.2
v 0.5 2.5 0.2
v 0.6 2.5 0.2
v -0.3 2.5 0.1
v 0.3 2.5 0.1
v -0.3 2.5 -5.96046e-08
v 0.3 2.5 -5.96046e-08
v -0.6 2.5 -0.2
v -0.5 2.5 -0.2
v -0.0999999 2.5 -0.2
v 0.1 2.5 -0.2
v 0.5 2.5 -0.2
v 0.6 2.5 -0.2
v -0.6 2.5 -0.3
v -0.5 2.5 -0.3
v -0.0999999 2.5 -0.3
v 0.1 2.5 -0.3
v 0.5 2.5 -0.3
v 0.6 2.5 -0.3
v -0.2 2.6 -0.2
v -0.0999999 2.6 -0.2
v 0.1 2.6 -0.2
v 0.2 2.6 -0.2
v -0.2 2.6 -0.3
v -0.0999999 2.6 -0.3
v 0.1 2.6 -0.3
v 0.2 2.6 -0.3
v -0.4 2.8 -0.2
v -0.3 2.8 -0.2
v 0.3 2.8 -0.2
v 0.4 2.8 -0.2
v -0.4 2.8 -0.3
v -0.3 2.8 -0.3
v 0.3 2.8 -0.3
v 0.4 2.8 -0.3
v -0.5 2.9 0.1
v -0.4 2.9 0.1
v 0.4 2.9 0.1
v 0.5 2.9 0.1
v -0.5 2.9 -0.2
v -0.4 2.9 -0.2
v -0.3 2.9 -0.2
v -0.0999999 2.9 -0.2
v 0.1 2.9 -0.2
v 0.3 2.9 -0.2
v 0.4 2.9 -0.2
v 0.5 2.9 -0.2
v -0.3 2.9 -0.3
v -0.0999999 2.9 -0.3
v 0.1 2.9 -0.3
v 0.3 2.9 -0.3
v -0.4 3 0.1
v -0.2 3 0.1
v 0.2 3 0.1
v 0.4 3 0.1
v -0.4 3 -0.2
v -0.2 3 -0.2
v 0.2 3 -0.2
v 0.4 3 -0.2
v -0.2 3.1 0.1
v 0.2 3.1 0.1
v -0.2 3.1 -0.2
v 0.2 3.1 -0.2
v -0.3 0.1 0.6
v -0.2 0.1 0.6
v 0.2 0.1 0.6
v 0.3 0.1 0.6
v -0.5 0.1 0.5
v -0.4 0.1 0.5
v -0.3 0.1 0.5
v -0.2 0.1 0.5
v 0.2 0.1 0.5
v 0.3 0.1 0.5
v 0.4 0.1 0.5
v 0.5 0.1 0.5
v -0.5 0.1 0.4
v -0.4 0.1 0.4
v 0.4 0.1 0.4
v 0.5 0.1 0.4
v -0.6 0.1 0.3
v -0.5 0.1 0.3
v 0.5 0.1 0.3
v 0.6 0.1 0.3
v -0.6 0.1 0.2
v -0.5 0.1 0.2
v 0.5 0.1 0.2
v 0.6 0.1 0.2
v -0.6 0.1 -0.2
v -0.5 0.1 -0.2
v 0.5 0.1 -0.2
v 0.6 0.1 -0.2
v -0.6 0.1 -0.3
v -0.5 0.1 -0.3
v 0.5 0.1 -0.3
v 0.6 0.1 -0.3
v -0.5 0.1 -0.4
v -0.4 0.1 -0.4
v 0.4 0.1 -0.4
v 0.5 0.1 -0.4
v -0.5 0.1 -0.5
v -0.4 0.1 -0.5
v -0.3 0.1 -0.5
v -0.2 0.1 -0.5
v 0.2 0.1 -0.5
v 0.3 0.1 -0.5
v 0.4 0.1 -0.5
v 0.5 0.1 -0.5
v -0.3 0.1 -0.6
v -0.2 0.1 -0.6
v 0.2 0.1 -0.6
v 0.3 0.1 -0.6
v -0.2 0.2 0.6
v -0.0999999 0.2 0.6
v 0.1 0.2 0.6
v 0.2 0.2 0.6
v -0.2 0.2 0.5
v -0.0999999 0.2 0.5
v 0.1 0.2 0.5
v 0.2 0.2 0.5
v -0.6 0.2 0.2
v -0.5 0.2 0.2
v 0.5 0.2 0.2
v 0.6 0.2 0.2
v -0.6 0.2 0.1
v -0.5 0.2 0.1
v 0.5 0.2 0.1
v 0.6 0.2 0.1
v -0.6 0.2 -0.1
v -0.5 0.2 -0.1
v 0.5 0.2 -0.1
v 0.6 0.2 -0.1
v -0.6 0.2 -0.2
v -0.5 0.2 -0.2
v 0.5 0.2 -0.2
v 0.6 0.2 -0.2
v -0.2 0.2 -0.5
v -0.0999999 0.2 -0.5
v 0.1 0.2 -0.5
v 0.2 0.2 -0.5
v -0.2 0.2 -0.6
v -0.0999999 0.2 -0.6
v 0.1 0.2 -0.6
v 0.2 0.2 -0.6
v -0.0999999 0.3 0.6
v 0.1 0.3 0.6
v -0.4 0.3 0.5
v -0.3 0.3 0.5
v -0.0999999 0.3 0.5
v 0.1 0.3 0.5
v 0.3 0.3 0.5
v 0.4 0.3 0.5
v -0.5 0.3 0.4
v -0.4 0.3 0.4
v -0.3 0.3 0.4
v 0.3 0.3 0.4
v 0.4 0.3 0.4
v 0.5 0.3 0.4
v -0.5 0.3 0.3
v -0.4 0.3 0.3
v 0.4 0.3 0.3
v 0.5 0.3 0.3
v -0.6 0.3 0.1
v -0.5 0.3 0.1
v 0.5 0.3 0.1
v 0.6 0.3 0.1
v -0.6 0.3 -0.1
v -0.5 0.3 -0.1
v 0.5 0.3 -0.1
v 0.6 0.3 -0.1
v -0.5 0.3 -0.3
v -0.4 0.3 -0.3
v 0.4 0.3 -0.3
v 0.5 0.3 -0.3
v -0.5 0.3 -0.4
v -0.4 0.3 -0.4
v -0.3 0.3 -0.4
v 0.3 0.3 -0.4
v 0.4 0.3 -0.4
v 0.5 0.3 -0.4
v -0.4 0.3 -0.5
v -0.3 0.3 -0.5
v -0.0999999 0.3 -0.5
v 0.1 0.3 -0.5
v 0.3 0.3 -0.5
v 0.4 0.3 -0.5
v -0.0999999 0.3 -0.6
v 0.1 0.3 -0.6
v -0.3 0.4 0.5
v -0.0999999 0.4 0.5
v 0.1 0.4 0.5
v 0.3 0.4 0.5
v -0.4 0.4 0.4
v -0.3 0.4 0.4
v -0.0999999 0.4 0.4
v 0.1 0.4 0.4
v 0.3 0.4 0.4
v 0.4 0.4 0.4
v -0.5 0.4 0.3
v -0.4 0.4 0.3
v -0.3 0.4 0.3
v -0.2 0.4 0.3
v 0.2 0.4 0.3
v 0.3 0.4 0.3
v 0.4 0.4 0.3
v 0.5 0.4 0.3
v -0.3 0.4 0.2
v -0.2 0.4 0.2
v 0.2 0.4 0.2
v 0.3 0.4 0.2
v -0.5 0.4 0.1
v -0.4 0.4 0.1
v 0.4 0.4 0.1
v 0.5 0.4 0.1
v -0.5 0.4 -0.1
v -0.4 0.4 -0.1
v 0.4 0.4 -0.1
v 0.5 0.4 -0.1
v -0.3 0.4 -0.2
v -0.2 0.4 -0.2
v 0.2 0.4 -0.2
v 0.3 0.4 -0.2
v -0.5 0.4 -0.3
v -0.4 0.4 -0.3
v -0.3 0.4 -0.3
v -0.2 0.4 -0.3
v 0.2 0.4 -0.3
v 0.3 0.4 -0.3
v 0.4 0.4 -0.3
v 0.5 0.4 -0.3
v -0.4 0.4 -0.4
v -0.3 0.4 -0.4
v -0.0999999 0.4 -0.4
v 0.1 0.4 -0.4
v 0.3 0.4 -0.4
v 0.4 0.4 -0.4
v -0.3 0.4 -0.5
v -0.0999999 0.4 -0.5
v 0.1 0.4 -0.5
v 0.3 0.4 -0.5
v -0.0999999 0.5 0.5
v 0.1 0.5 0.5
v -0.3 0.5 0.4
v -0.0999999 0.5 0.4
v 0.1 0.5 0.4
v 0.3 0.5 0.4
v -0.4 0.5 0.3
v -0.3 0.5 0.3
v -0.2 0.5 0.3
v 0.2 0.5 0.3
v 0.3 0.5 0.3
v 0.4 0.5 0.3
v -0.3 0.5 0.2
v -0.2 0.5 0.2
v 0.2 0.5 0.2
v 0.3 0.5 0.2
v -0.5 0.5 0.1
v -0.4 0.5 0.1
v 0.4 0.5 0.1
v 0.5 0.5 0.1
v -0.5 0.5 -0.1
v -0.4 0.5 -0.1
v 0.4 0.5 -0.1
v 0.5 0.5 -0.1
v -0.3 0.5 -0.2
v -0.2 0.5 -0.2
v 0.2 0.5 -0.2
v 0.3 0.5 -0.2
v -0.4 0.5 -0.3
v -0.3 0.5 -0.3
v -0.2 0.5 -0.3
v 0.2 0.5 -0.3
v 0.3 0.5 -0.3
v 0.4 0.5 -0.3
v -0.3 0.5 -0.4
v -0.0999999 0.5 -0.4
v 0.1 0.5 -0.4
v 0.3 0.5 -0.4
v -0.0999999 0.5 -0.5
v 0.1 0.5 -0.5
v -0.6 1 0.3
v -0.5 1 0.3
v 0.5 1 0.3
v 0.6 1 0.3
v -0.6 1 0.2
v -0.5 1 0.2
v 0.5 1 0.2
v 0.6 1 0.2
v -0.6 1 -0.2
v -0.5 1 -0.2
v 0.5 1 -0.2
v 0.6 1 -0.2
v -0.6 1 -0.3
v -0.5 1 -0.3
v 0.5 1 -0.3
v 0.6 1 -0.3
v -0.5 1.1 0.5
v -0.3 1.1 0.5
v -0.2 1.1 0.5
v 0.2 1.1 0.5
v 0.3 1.1 0.5
v 0.5 1.1 0.5
v -0.6 1.1 0.4
v -0.5 1.1 0.4
v -0.3 1.1 0.4
v -0.2 1.1 0.4
v 0.2 1.1 0.4
v 0.3 1.1 0.4
v 0.5 1.1 0.4
v 0.6 1.1 0.4
v -0.7 1.1 0.3
v -0.6 1.1 0.3
v -0.5 1.1 0.3
v -0.4 1.1 0.3
v -0.3 1.1 0.3
v 0.3 1.1 0.3
v 0.4 1.1 0.3
v 0.5 1.1 0.3
v 0.6 1.1 0.3
v 0.7 1.1 0.3
v -0.6 1.1 0.2
v -0.5 1.1 0.2
v -0.4 1.1 0.2
v 0.4 1.1 0.2
v 0.5 1.1 0.2
v 0.6 1.1 0.2
v -1.7 1.1 0.1
v -1.5 1.1 0.1
v -0.6 1.1 0.1
v -0.5 1.1 0.1
v 0.5 1.1 0.1
v 0.6 1.1 0.1
v 1.5 1.1 0.1
v 1.7 1.1 0.1
v -1.7 1.1 -0.1
v -1.5 1.1 -0.1
v -0.6 1.1 -0.1
v -0.5 1.1 -0.1
v 0.5 1.1 -0.1
v 0.6 1.1 -0.1
v 1.5 1.1 -0.1
v 1.7 1.1 -0.1
v -0.6 1.1 -0.2
v -0.5 1.1 -0.2
v -0.4 1.1 -0.2
v 0.4 1.1 -0.2
v 0.5 1.1 -0.2
v 0.6 1.1 -0.2
v -0.7 1.1 -0.3
v -0.6 1.1 -0.3
v -0.5 1.1 -0.3
v -0.4 1.1 -0.3
v -0.3 1.1 -0.3
v 0.3 1.1 -0.3
v 0.4 1.1 -0.3
v 0.5 1.1 -0.3
v 0.6 1.1 -0.3
v 0.7 1.1 -0.3
v -0.6 1.1 -0.4
v -0.5 1.1 -0.4
v -0.3 1.1 -0.4
v -0.2 1.1 -0.4
v 0.2 1.1 -0.4
v 0.3 1.1 -0.4
v 0.5 1.1 -0.4
v 0.6 1.1 -0.4
v -0.5 1.1 -0.5
v -0.3 1.1 -0.5
v -0.2 1.1 -0.5
v 0.2 1.1 -0.5
v 0.3 1.1 -0.5
v 0.5 1.1 -0.5
v -0.6 1.2 0.5
v -0.5 1.2 0.5
v 0.5 1.2 0.5
v 0.6 1.2 0.5
v -0.7 1.2 0.4
v -0.6 1.2 0.4
v -0.5 1.2 0.4
v 0.5 1.2 0.4
v 0.6 1.2 0.4
v 0.7 1.2 0.4
v -0.7 1.2 0.3
v -0.6 1.2 0.3
v 0.6 1.2 0.3
v 0.7 1.2 0.3
v -1.8 1.2 0.2
v -1.4 1.2 0.2
v 1.4 1.2 0.2
v 1.8 1.2 0.2
v -1.7 1.2 0.1
v -1.5 1.2 0.1
v 1.5 1.2 0.1
v 1.7 1.2 0.1
v -1.7 1.2 -0.1
v -1.5 1.2 -0.1
v 1.5 1.2 -0.1
v 1.7 1.2 -0.1
v -1.8 1.2 -0.2
v -1.4 1.2 -0.2
v 1.4 1.2 -0.2
v 1.8 1.2 -0.2
v -0.7 1.2 -0.3
v -0.6 1.2 -0.3
v 0.6 1.2 -0.3
v 0.7 1.2 -0.3
v -0.7 1.2 -0.4
v -0.6 1.2 -0.4
v -0.5 1.2 -0.4
v 0.5 1.2 -0.4
v 0.6 1.2 -0.4
v 0.7 1.2 -0.4
v -0.6 1.2 -0.5
v -0.5 1.2 -0.5
v 0.5 1.2 -0.5
v 0.6 1.2 -0.5
v -1.7 1.3 0.3
v -1.5 1.3 0.3
v 1.5 1.3 0.3
v 1.7 1.3 0.3
v -1.7 1.3 0.2
v -1.5 1.3 0.2
v 1.5 1.3 0.2
v 1.7 1.3 0.2
v -1.9 1.3 0.1
v -1.8 1.3 0.1
v -1.4 1.3 0.1
v -1.3 1.3 0.1
v 1.3 1.3 0.1
v 1.4 1.3 0.1
v 1.8 1.3 0.1
v 1.9 1.3 0.1
v -1.9 1.3 -0.1
v -1.8 1.3 -0.1
v -1.4 1.3 -0.1
v -1.3 1.3 -0.1
v 1.3 1.3 -0.1
v 1.4 1.3 -0.1
v 1.8 1.3 -0.1
v 1.9 1.3 -0.1
v -1.7 1.3 -0.2
v -1.5 1.3 -0.2
v 1.5 1.3 -0.2
v 1.7 1.3 -0.2
v -1.7 1.3 -0.3
v -1.5 1.3 -0.3
v 1.5 1.3 -0.3
v 1.7 1.3 -0.3
v -0.7 1.5 0.5
v -0.6 1.5 0.5
v 0.6 1.5 0.5
v 0.7 1.5 0.5
v -1.7 1.5 0.4
v -1.5 1.5 0.4
v -0.7 1.5 0.4
v -0.6 1.5 0.4
v 0.6 1.5 0.4
v 0.7 1.5 0.4
v 1.5 1.5 0.4
v 1.7 1.5 0.4
v -1.7 1.5 0.3
v -1.5 1.5 0.3
v 1.5 1.5 0.3
v 1.7 1.5 0.3
v -2 1.5 0.1
v -1.9 1.5 0.1
v -1.3 1.5 0.1
v -1.2 1.5 0.1
v 1.2 1.5 0.1
v 1.3 1.5 0.1
v 1.9 1.5 0.1
v 2 1.5 0.1
v -2 1.5 -0.1
v -1.9 1.5 -0.1
v -1.3 1.5 -0.1
v -1.2 1.5 -0.1
v 1.2 1.5 -0.1
v 1.3 1.5 -0.1
v 1.9 1.5 -0.1
v 2 1.5 -0.1
v -1.7 1.5 -0.3
v -1.5 1.5 -0.3
v 1.5 1.5 -0.3
v 1.7 1.5 -0.3
v -1.7 1.5 -0.4
v -1.5 1.5 -0.4
v -0.7 1.5 -0.4
v -0.6 1.5 -0.4
v 0.6 1.5 -0.4
v 0.7 1.5 -0.4
v 1.5 1.5 -0.4
v 1.7 1.5 -0.4
v -0.7 1.5 -0.5
v -0.6 1.5 -0.5
v 0.6 1.5 -0.5
v 0.7 1.5 -0.5
v -1.8 1.6 0.3
v -1.4 1.6 0.3
v 1.4 1.6 0.3
v 1.8 1.6 0.3
v -1.9 1.6 0.2
v -1.8 1.6 0.2
v -1.4 1.6 0.2
v -1.3 1.6 0.2
v -0.8 1.6 0.2
v -0.7 1.6 0.2
v 0.7 1.6 0.2
v 0.8 1.6 0.2
v 1.3 1.6 0.2
v 1.4 1.6 0.2
v 1.8 1.6 0.2
v 1.9 1.6 0.2
v -1.9 1.6 -0.2
v -1.8 1.6 -0.2
v -1.4 1.6 -0.2
v -1.3 1.6 -0.2
v -0.8 1.6 -0.2
v -0.7 1.6 -0.2
v 0.7 1.6 -0.2
v 0.8 1.6 -0.2
v 1.3 1.6 -0.2
v 1.4 1.6 -0.2
v 1.8 1.6 -0.2
v 1.9 1.6 -0.2
v -1.8 1.6 -0.3
v -1.4 1.6 -0.3
v 1.4 1.6 -0.3
v 1.8 1.6 -0.3
v -0.6 1.7 0.7
v -0.5 1.7 0.7
v 0.5 1.7 0.7
v 0.6 1.7 0.7
v -0.6 1.7 0.6
v -0.5 1.7 0.6
v 0.5 1.7 0.6
v 0.6 1.7 0.6
v -0.8 1.7 0.3
v -0.7 1.7 0.3
v 0.7 1.7 0.3
v 0.8 1.7 0.3
v -1.8 1.7 0.2
v -1.4 1.7 0.2
v -0.8 1.7 0.2
v -0.7 1.7 0.2
v 0.7 1.7 0.2
v 0.8 1.7 0.2
v 1.4 1.7 0.2
v 1.8 1.7 0.2
v -1.7 1.7 0.1
v -1.5 1.7 0.1
v 1.5 1.7 0.1
v 1.7 1.7 0.1
v -1.7 1.7 -0.1
v -1.5 1.7 -0.1
v 1.5 1.7 -0.1
v 1.7 1.7 -0.1
v -1.8 1.7 -0.2
v -1.4 1.7 -0.2
v -0.8 1.7 -0.2
v -0.7 1.7 -0.2
v 0.7 1.7 -0.2
v 0.8 1.7 -0.2
v 1.4 1.7 -0.2
v 1.8 1.7 -0.2
v -0.8 1.7 -0.3
v -0.7 1.7 -0.3
v 0.7 1.7 -0.3
v 0.8 1.7 -0.3
v -0.6 1.7 -0.6
v -0.5 1.7 -0.6
v 0.5 1.7 -0.6
v 0.6 1.7 -0.6
v -0.6 1.7 -0.7
v -0.5 1.7 -0.7
v 0.5 1.7 -0.7
v 0.6 1.7 -0.7
v -0.5 1.8 0.7
v -0.4 1.8 0.7
v 0.4 1.8 0.7
v 0.5 1.8 0.7
v -0.5 1.8 0.6
v -0.4 1.8 0.6
v 0.4 1.8 0.6
v 0.5 1.8 0.6
v -1.1 1.8 0.3
v -1 1.8 0.3
v 1 1.8 0.3
v 1.1 1.8 0.3
v -1.1 1.8 0.2
v -1 1.8 0.2
v 1 1.8 0.2
v 1.1 1.8 0.2
v -1.7 1.8 0.1
v -1.5 1.8 0.1
v 1.5 1.8 0.1
v 1.7 1.8 0.1
v -1.7 1.8 -0.1
v -1.5 1.8 -0.1
v 1.5 1.8 -0.1
v 1.7 1.8 -0.1
v -1.1 1.8 -0.2
v -1 1.8 -0.2
v 1 1.8 -0.2
v 1.1 1.8 -0.2
v -1.1 1.8 -0.3
v -1 1.8 -0.3
v 1 1.8 -0.3
v 1.1 1.8 -0.3
v -0.5 1.8 -0.6
v -0.4 1.8 -0.6
v 0.4 1.8 -0.6
v 0.5 1.8 -0.6
v -0.5 1.8 -0.7
v -0.4 1.8 -0.7
v 0.4 1.8 -0.7
v 0.5 1.8 -0.7
v -0.4 1.9 0.7
v 0.4 1.9 0.7
v -0.7 1.9 0.6
v -0.6 1.9 0.6
v -0.4 1.9 0.6
v 0.4 1.9 0.6
v 0.6 1.9 0.6
v 0.7 1.9 0.6
v -0.7 1.9 0.5
v -0.6 1.9 0.5
v 0.6 1.9 0.5
v 0.7 1.9 0.5
v -1 1.9 0.2
v -0.9 1.9 0.2
v 0.9 1.9 0.2
v 1 1.9 0.2
v -1 1.9 -0.2
v -0.9 1.9 -0.2
v 0.9 1.9 -0.2
v 1 1.9 -0.2
v -0.7 1.9 -0.5
v -0.6 1.9 -0.5
v 0.6 1.9 -0.5
v 0.7 1.9 -0.5
v -0.7 1.9 -0.6
v -0.6 1.9 -0.6
v -0.4 1.9 -0.6
v 0.4 1.9 -0.6
v 0.6 1.9 -0.6
v 0.7 1.9 -0.6
v -0.4 1.9 -0.7
v 0.4 1.9 -0.7
v -0.6 2 0.6
v -0.5 2 0.6
v 0.5 2 0.6
v 0.6 2 0.6
v -1.1 2 0.5
v -1 2 0.5
v -0.8 2 0.5
v -0.7 2 0.5
v -0.6 2 0.5
v -0.5 2 0.5
v 0.5 2 0.5
v 0.6 2 0.5
v 0.7 2 0.5
v 0.8 2 0.5
v 1 2 0.5
v 1.1 2 0.5
v -1.1 2 0.4
v -1 2 0.4
v -0.9 2 0.4
v -0.8 2 0.4
v 0.8 2 0.4
v 0.9 2 0.4
v 1 2 0.4
v 1.1 2 0.4
v -0.9 2 0.3
v -0.8 2 0.3
v -0.7 2 0.3
v 0.7 2 0.3
v 0.8 2 0.3
v 0.9 2 0.3
v -0.9 2 -0.3
v -0.8 2 -0.3
v -0.7 2 -0.3
v 0.7 2 -0.3
v 0.8 2 -0.3
v 0.9 2 -0.3
v -1.1 2 -0.4
v -1 2 -0.4
v -0.9 2 -0.4
v -0.8 2 -0.4
v 0.8 2 -0.4
v 0.9 2 -0.4
v 1 2 -0.4
v 1.1 2 -0.4
v -1.1 2 -0.5
v -1 2 -0.5
v -0.8 2 -0.5
v -0.7 2 -0.5
v -0.6 2 -0.5
v -0.5 2 -0.5
v 0.5 2 -0.5
v 0.6 2 -0.5
v 0.7 2 -0.5
v 0.8 2 -0.5
v 1 2 -0.5
v 1.1 2 -0.5
v -0.6 2 -0.6
v -0.5 2 -0.6
v 0.5 2 -0.6
v 0.6 2 -0.6
v -0.5 2.1 0.6
v 0.5 2.1 0.6
v -1.4 2.1 0.5
v -1.3 2.1 0.5
v -1.2 2.1 0.5
v -1.1 2.1 0.5
v -0.7 2.1 0.5
v -0.5 2.1 0.5
v 0.5 2.1 0.5
v 0.7 2.1 0.5
v 1.1 2.1 0.5
v 1.2 2.1 0.5
v 1.3 2.1 0.5
v 1.4 2.1 0.5
v -1.4 2.1 0.4
v -1.3 2.1 0.4
v -1.2 2.1 0.4
v -1.1 2.1 0.4
v -0.4 2.1 0.4
v 0.4 2.1 0.4
v 1.1 2.1 0.4
v 1.2 2.1 0.4
v 1.3 2.1 0.4
v 1.4 2.1 0.4
v -0.9 2.1 0.3
v -0.8 2.1 0.3
v -0.7 2.1 0.3
v -0.5 2.1 0.3
v -0.4 2.1 0.3
v 0.4 2.1 0.3
v 0.5 2.1 0.3
v 0.7 2.1 0.3
v 0.8 2.1 0.3
v 0.9 2.1 0.3
v -0.9 2.1 0.2
v -0.8 2.1 0.2
v -0.7 2.1 0.2
v -0.6 2.1 0.2
v -0.5 2.1 0.2
v 0.5 2.1 0.2
v 0.6 2.1 0.2
v 0.7 2.1 0.2
v 0.8 2.1 0.2
v 0.9 2.1 0.2
v -0.9 2.1 -0.2
v -0.8 2.1 -0.2
v -0.7 2.1 -0.2
v -0.6 2.1 -0.2
v -0.5 2.1 -0.2
v 0.5 2.1 -0.2
v 0.6 2.1 -0.2
v 0.7 2.1 -0.2
v 0.8 2.1 -0.2
v 0.9 2.1 -0.2
v -0.9 2.1 -0.3
v -0.8 2.1 -0.3
v -0.7 2.1 -0.3
v -0.5 2.1 -0.3
v -0.4 2.1 -0.3
v 0.4 2.1 -0.3
v 0.5 2.1 -0.3
v 0.7 2.1 -0.3
v 0.8 2.1 -0.3
v 0.9 2.1 -0.3
v -1.4 2.1 -0.4
v -1.3 2.1 -0.4
v -1.2 2.1 -0.4
v -1.1 2.1 -0.4
v -0.4 2.1 -0.4
v 0.4 2.1 -0.4
v 1.1 2.1 -0.4
v 1.2 2.1 -0.4
v 1.3 2.1 -0.4
v 1.4 2.1 -0.4
v -1.4 2.1 -0.5
v -1.3 2.1 -0.5
v -1.2 2.1 -0.5
v -1.1 2.1 -0.5
v -0.7 2.1 -0.5
v -0.5 2.1 -0.5
v 0.5 2.1 -0.5
v 0.7 2.1 -0.5
v 1.1 2.1 -0.5
v 1.2 2.1 -0.5
v 1.3 2.1 -0.5
v 1.4 2.1 -0.5
v -0.5 2.1 -0.6
v 0.5 2.1 -0.6
v -1.3 2.2 0.5
v -1.2 2.2 0.5
v 1.2 2.2 0.5
v 1.3 2.2 0.5
v -1.3 2.2 0.4
v -1.2 2.2 0.4
v -1.1 2.2 0.4
v -0.9 2.2 0.4
v -0.4 2.2 0.4
v 0.4 2.2 0.4
v 0.9 2.2 0.4
v 1.1 2.2 0.4
v 1.2 2.2 0.4
v 1.3 2.2 0.4
v -1.6 2.2 0.3
v -1.5 2.2 0.3
v -1.1 2.2 0.3
v -1 2.2 0.3
v -0.5 2.2 0.3
v -0.4 2.2 0.3
v 0.4 2.2 0.3
v 0.5 2.2 0.3
v 1 2.2 0.3
v 1.1 2.2 0.3
v 1.5 2.2 0.3
v 1.6 2.2 0.3
v -1.6 2.2 0.2
v -1.5 2.2 0.2
v -1 2.2 0.2
v -0.9 2.2 0.2
v -0.8 2.2 0.2
v -0.7 2.2 0.2
v -0.6 2.2 0.2
v -0.5 2.2 0.2
v -0.4 2.2 0.2
v 0.4 2.2 0.2
v 0.5 2.2 0.2
v 0.6 2.2 0.2
v 0.7 2.2 0.2
v 0.8 2.2 0.2
v 0.9 2.2 0.2
v 1 2.2 0.2
v 1.5 2.2 0.2
v 1.6 2.2 0.2
v -0.4 2.2 0.1
v -0.2 2.2 0.1
v 0.2 2.2 0.1
v 0.4 2.2 0.1
v -1.6 2.2 -0.2
v -1.5 2.2 -0.2
v -1 2.2 -0.2
v -0.9 2.2 -0.2
v -0.8 2.2 -0.2
v -0.7 2.2 -0.2
v -0.6 2.2 -0.2
v -0.5 2.2 -0.2
v -0.4 2.2 -0.2
v -0.2 2.2 -0.2
v 0.2 2.2 -0.2
v 0.4 2.2 -0.2
v 0.5 2.2 -0.2
v 0.6 2.2 -0.2
v 0.7 2.2 -0.2
v 0.8 2.2 -0.2
v 0.9 2.2 -0.2
v 1 2.2 -0.2
v 1.5 2.2 -0.2
v 1.6 2.2 -0.2
v -1.6 2.2 -0.3
v -1.5 2.2 -0.3
v -1.1 2.2 -0.3
v -1 2.2 -0.3
v -0.5 2.2 -0.3
v -0.4 2.2 -0.3
v 0.4 2.2 -0.3
v 0.5 2.2 -0.3
v 1 2.2 -0.3
v 1.1 2.2 -0.3
v 1.5 2.2 -0.3
v 1.6 2.2 -0.3
v -1.3 2.2 -0.4
v -1.2 2.2 -0.4
v -1.1 2.2 -0.4
v -0.9 2.2 -0.4
v -0.4 2.2 -0.4
v 0.4 2.2 -0.4
v 0.9 2.2 -0.4
v 1.1 2.2 -0.4
v 1.2 2.2 -0.4
v 1.3 2.2 -0.4
v -1.3 2.2 -0.5
v -1.2 2.2 -0.5
v 1.2 2.2 -0.5
v 1.3 2.2 -0.5
v -1.5 2.3 0.4
v -1.1 2.3 0.4
v 1.1 2.3 0.4
v 1.5 2.3 0.4
v -1.4 2.3 0.3
v -1.1 2.3 0.3
v -1 2.3 0.3
v 1 2.3 0.3
v 1.1 2.3 0.3
v 1.4 2.3 0.3
v -1.6 2.3 0.2
v -1.5 2.3 0.2
v -1.4 2.3 0.2
v -1.1 2.3 0.2
v -1 2.3 0.2
v -0.9 2.3 0.2
v -0.8 2.3 0.2
v 0.8 2.3 0.2
v 0.9 2.3 0.2
v 1 2.3 0.2
v 1.1 2.3 0.2
v 1.4 2.3 0.2
v 1.5 2.3 0.2
v 1.6 2.3 0.2
v -0.5 2.3 0.1
v -0.4 2.3 0.1
v 0.4 2.3 0.1
v 0.5 2.3 0.1
v -1.6 2.3 -0.2
v -1.5 2.3 -0.2
v -1.4 2.3 -0.2
v -1.1 2.3 -0.2
v -1 2.3 -0.2
v -0.9 2.3 -0.2
v -0.8 2.3 -0.2
v -0.5 2.3 -0.2
v -0.4 2.3 -0.2
v -0.2 2.3 -0.2
v 0.2 2.3 -0.2
v 0.4 2.3 -0.2
v 0.5 2.3 -0.2
v 0.8 2.3 -0.2
v 0.9 2.3 -0.2
v 1 2.3 -0.2
v 1.1 2.3 -0.2
v 1.4 2.3 -0.2
v 1.5 2.3 -0.2
v 1.6 2.3 -0.2
v -1.4 2.3 -0.3
v -1.1 2.3 -0.3
v -1 2.3 -0.3
v -0.2 2.3 -0.3
v 0.2 2.3 -0.3
v 1 2.3 -0.3
v 1.1 2.3 -0.3
v 1.4 2.3 -0.3
v -1.5 2.3 -0.4
v -1.1 2.3 -0.4
v 1.1 2.3 -0.4
v 1.5 2.3 -0.4
v -1.4 2.4 0.3
v -1.1 2.4 0.3
v 1.1 2.4 0.3
v 1.4 2.4 0.3
v -1.5 2.4 0.2
v -1.4 2.4 0.2
v -1.1 2.4 0.2
v -0.9 2.4 0.2
v 0.9 2.4 0.2
v 1.1 2.4 0.2
v 1.4 2.4 0.2
v 1.5 2.4 0.2
v -1.4 2.4 0.1
v -1 2.4 0.1
v 1 2.4 0.1
v 1.4 2.4 0.1
v -1.4 2.4 -0.1
v -1 2.4 -0.1
v 1 2.4 -0.1
v 1.4 2.4 -0.1
v -1.5 2.4 -0.2
v -1.4 2.4 -0.2
v -1.1 2.4 -0.2
v -0.9 2.4 -0.2
v -0.3 2.4 -0.2
v -0.2 2.4 -0.2
v 0.2 2.4 -0.2
v 0.3 2.4 -0.2
v 0.9 2.4 -0.2
v 1.1 2.4 -0.2
v 1.4 2.4 -0.2
v 1.5 2.4 -0.2
v -1.4 2.4 -0.3
v -1.1 2.4 -0.3
v -0.3 2.4 -0.3
v -0.2 2.4 -0.3
v 0.2 2.4 -0.3
v 0.3 2.4 -0.3
v 1.1 2.4 -0.3
v 1.4 2.4 -0.3
v -1.4 2.5 0.1
v -1 2.5 0.1
v 1 2.5 0.1
v 1.4 2.5 0.1
v -1.4 2.5 -0.1
v -1 2.5 -0.1
v 1 2.5 -0.1
v 1.4 2.5 -0.1
v -0.4 2.5 -0.2
v -0.3 2.5 -0.2
v 0.3 2.5 -0.2
v 0.4 2.5 -0.2
v -0.4 2.5 -0.3
v -0.3 2.5 -0.3
v 0.3 2.5 -0.3
v 0.4 2.5 -0.3
v -0.4 2.7 0.4
v -0.3 2.7 0.4
v 0.3 2.7 0.4
v 0.4 2.7 0.4
v -0.6 2.7 0.3
v -0.5 2.7 0.3
v -0.4 2.7 0.3
v -0.3 2.7 0.3
v 0.3 2.7 0.3
v 0.4 2.7 0.3
v 0.5 2.7 0.3
v 0.6 2.7 0.3
v -0.6 2.7 0.2
v -0.5 2.7 0.2
v 0.5 2.7 0.2
v 0.6 2.7 0.2
v -0.6 2.7 -0.2
v -0.5 2.7 -0.2
v -0.2 2.7 -0.2
v -0.0999999 2.7 -0.2
v 0.1 2.7 -0.2
v 0.2 2.7 -0.2
v 0.5 2.7 -0.2
v 0.6 2.7 -0.2
v -0.6 2.7 -0.3
v -0.5 2.7 -0.3
v -0.2 2.7 -0.3
v -0.0999999 2.7 -0.3
v 0.1 2.7 -0.3
v 0.2 2.7 -0.3
v 0.5 2.7 -0.3
v 0.6 2.7 -0.3
v -0.3 2.8 0.4
v -0.2 2.8 0.4
v 0.2 2.8 0.4
v 0.3 2.8 0.4
v -0.3 2.8 0.3
v -0.2 2.8 0.3
v 0.2 2.8 0.3
v 0.3 2.8 0.3
v -0.7 2.8 0.1
v -0.6 2.8 0.1
v -0.3 2.8 0.1
v 0.3 2.8 0.1
v 0.6 2.8 0.1
v 0.7 2.8 0.1
v -0.3 2.8 -5.96046e-08
v 0.3 2.8 -5.96046e-08
v -0.7 2.8 -0.1
v -0.6 2.8 -0.1
v 0.6 2.8 -0.1
v 0.7 2.8 -0.1
v -0.2 2.9 0.4
v 0.2 2.9 0.4
v -0.5 2.9 0.3
v -0.4 2.9 0.3
v -0.2 2.9 0.3
v 0.2 2.9 0.3
v 0.4 2.9 0.3
v 0.5 2.9 0.3
v -0.6 2.9 0.2
v -0.5 2.9 0.2
v -0.4 2.9 0.2
v 0.4 2.9 0.2
v 0.5 2.9 0.2
v 0.6 2.9 0.2
v -0.6 2.9 -0.2
v -0.5 2.9 -0.2
v -0.4 2.9 -0.2
v 0.4 2.9 -0.2
v 0.5 2.9 -0.2
v 0.6 2.9 -0.2
v -0.5 2.9 -0.3
v -0.4 2.9 -0.3
v 0.4 2.9 -0.3
v 0.5 2.9 -0.3
v -0.4 3 0.3
v -0.2 3 0.3
v 0.2 3 0.3
v 0.4 3 0.3
v -0.5 3 0.2
v -0.4 3 0.2
v -0.2 3 0.2
v 0.2 3 0.2
v 0.4 3 0.2
v 0.5 3 0.2
v -0.5 3 0.1
v -0.4 3 0.1
v 0.4 3 0.1
v 0.5 3 0.1
v -0.5 3 -0.1
v -0.4 3 -0.1
v 0.4 3 -0.1
v 0.5 3 -0.1
v -0.5 3 -0.2
v -0.4 3 -0.2
v -0.2 3 -0.2
v 0.2 3 -0.2
v 0.4 3 -0.2
v 0.5 3 -0.2
v -0.4 3 -0.3
v -0.2 3 -0.3
v 0.2 3 -0.3
v 0.4 3 -0.3
v -0.2 3.1 0.3
v 0.2 3.1 0.3
v -0.4 3.1 0.2
v -0.2 3.1 0.2
v 0.2 3.1 0.2
v 0.4 3.1 0.2
v -0.5 3.1 0.1
v -0.4 3.1 0.1
v -0.3 3.1 0.1
v -0.2 3.1 0.1
v 0.2 3.1 0.1
v 0.3 3.1 0.1
v 0.4 3.1 0.1
v 0.5 3.1 0.1
v -0.5 3.1 -0.1
v -0.4 3.1 -0.1
v -0.3 3.1 -0.1
v -0.2 3.1 -0.1
v 0.2 3.1 -0.1
v 0.3 3.1 -0.1
v 0.4 3.1 -0.1
v 0.5 3.1 -0.1
v -0.4 3.1 -0.2
v -0.2 3.1 -0.2
v 0.2 3.1 -0.2
v 0.4 3.1 -0.2
v -0.2 3.1 -0.3
v 0.2 3.1 -0.3
v -0.2 3.2 0.2
v 0.2 3.2 0.2
v -0.3 3.2 0.1
v -0.2 3.2 0.1
v -0.0999999 3.2 0.1
v 0.1 3.2 0.1
v 0.2 3.2 0.1
v 0.3 3.2 0.1
v -0.3 3.2 -0.1
v -0.2 3.2 -0.1
v -0.0999999 3.2 -0.1
v 0.1 3.2 -0.1
v 0.2 3.2 -0.1
v 0.3 3.2 -0.1
v -0.2 3.2 -0.2
v 0.2 3.2 -0.2
v -0.0999999 3.3 0.1
v 0.1 3.3 0.1
v -0.0999999 3.3 -0.1
v 0.1 3.3 -0.1

# faces
f 3/1/1 2/1/1 1/1/1
f 4/1/1 2/1/1 3/1/1
f 7/1/1 6/1/1 5/1/1
f 8/1/1 6/1/1 7/1/1
f 9/1/1 7/1/1 5/1/1
f 10/1/1 6/1/1 8/1/1
f 11/1/1 9/1/1 5/1/1
f 11/1/1 10/1/1 9/1/1
f 12/1/1 6/1/1 10/1/1
f 12/1/1 10/1/1 11/1/1
f 16/1/1 14/1/1 13/1/1
f 17/1/1 14/1/1 16/1/1
f 19/1/1 16/1/1 15/1/1
f 20/1/1 16/1/1 19/1/1
f 21/1/1 18/1/1 17/1/1
f 22/1/1 18/1/1 21/1/1
f 23/1/1 21/1/1 20/1/1
f 24/1/1 21/1/1 23/1/1
f 27/1/1 26/1/1 25/1/1
f 28/1/1 26/1/1 27/1/1
f 33/1/1 30/1/1 29/1/1
f 34/1/1 30/1/1 33/1/1
f 35/1/1 32/1/1 31/1/1
f 36/1/1 32/1/1 35/1/1
f 39/1/1 38/1/1 37/1/1
f 40/1/1 38/1/1 39/1/1
f 45/2/1 42/2/1 41/2/1
f 46/3/1 43/3/1 42/3/1
f 46/2/1 42/2/1 45/2/1
f 47/2/1 44/2/1 43/2/1
f 47/3/1 43/3/1 46/3/1
f 48/2/1 44/2/1 47/2/1
f 49/2/1 47/2/1 46/2/1
f 50/2/1 47/2/1 49/2/1
f 53/1/1 52/1/1 51/1/1
f 54/1/1 52/1/1 53/1/1
f 59/1/1 56/1/1 55/1/1
f 60/1/1 56/1/1 59/1/1
f 61/1/1 58/1/1 57/1/1
f 62/1/1 58/1/1 61/1/1
f 65/1/1 64/1/1 63/1/1
f 66/1/1 64/1/1 65/1/1
f 71/3/1 68/3/1 67/3/1
f 72/3/1 68/3/1 71/3/1
f 75/3/1 70/3/1 69/3/1
f 76/3/1 70/3/1 75/3/1
f 77/2/1 73/2/1 72/2/1
f 77/2/1 72/2/1 71/2/1
f 78/2/1 73/2/1 77/2/1
f 79/2/1 76/2/1 75/2/1
f 79/2/1 75/2/1 74/2/1
f 80/2/1 76/2/1 79/2/1
f 81/2/1 79/2/1 78/2/1
f 82/2/1 79/2/1 81/2/1
f 85/1/1 84/1/1 83/1/1
f 86/1/1 84/1/1 85/1/1
f 87/1/1 85/1/1 83/1/1
f 88/1/1 84/1/1 86/1/1
f 89/1/1 87/1/1 83/1/1
f 89/1/1 88/1/1 87/1/1
f 90/1/1 84/1/1 88/1/1
f 90/1/1 88/1/1 89/1/1
f 97/2/1 92/2/1 91/2/1
f 98/3/1 93/3/1 92/3/1
f 98/2/1 92/2/1 97/2/1
f 99/3/1 93/3/1 98/3/1
f 100/3/1 95/3/1 94/3/1
f 101/2/1 96/2/1 95/2/1
f 101/3/1 95/3/1 100/3/1
f 102/2/1 96/2/1 101/2/1
f 107/2/1 104/2/1 103/2/1
f 108/2/1 104/2/1 107/2/1
f 111/2/1 106/2/1 105/2/1
f 112/2/1 106/2/1 111/2/1
f 113/2/1 110/2/1 109/2/1
f 114/2/1 110/2/1 113/2/1
f 117/1/1 116/1/1 115/1/1
f 118/1/1 116/1/1 117/1/1
f 123/3/1 120/3/1 119/3/1
f 124/3/1 120/3/1 123/3/1
f 125/3/1 120/3/1 124/3/1
f 126/3/1 122/3/1 121/3/1
f 127/3/1 122/3/1 126/3/1
f 128/3/1 122/3/1 127/3/1
f 133/2/1 130/2/1 129/2/1
f 134/2/1 130/2/1 133/2/1
f 135/2/1 132/2/1 131/2/1
f 136/2/1 132/2/1 135/2/1
f 141/3/1 138/3/1 137/3/1
f 142/3/1 138/3/1 141/3/1
f 143/3/1 140/3/1 139/3/1
f 144/3/1 140/3/1 143/3/1
f 149/5/1 146/5/1 145/5/1
f 150/5/1 146/5/1 149/5/1
f 151/5/1 148/5/1 147/5/1
f 152/5/1 148/5/1 151/5/1
f 158/3/1 154/3/1 153/3/1
f 159/3/1 154/3/1 158/3/1
f 160/3/1 156/3/1 155/3/1
f 161/3/1 156/3/1 160/3/1
f 163/3/1 158/3/1 157/3/1
f 164/5/1 159/5/1 158/5/1
f 164/3/1 158/3/1 163/3/1
f 165/5/1 159/5/1 164/5/1
f 166/5/1 161/5/1 160/5/1
f 167/3/1 162/3/1 161/3/1
f 167/5/1 161/5/1 166/5/1
f 168/3/1 162/3/1 167/3/1
f 173/5/1 170/5/1 169/5/1
f 174/5/1 170/5/1 173/5/1
f 175/5/1 172/5/1 171/5/1
f 176/5/1 172/5/1 175/5/1
f 181/3/1 178/3/1 177/3/1
f 182/3/1 178/3/1 181/3/1
f 185/3/1 180/3/1 179/3/1
f 186/3/1 180/3/1 185/3/1
f 188/5/1 184/5/1 183/5/1
f 189/5/1 184/5/1 188/5/1
f 191/5/1 188/5/1 187/5/1
f 191/5/1 190/5/1 189/5/1
f 191/5/1 189/5/1 188/5/1
f 192/5/1 190/5/1 191/5/1
f 193/5/1 191/5/1 187/5/1
f 194/5/1 191/5/1 193/5/1
f 195/5/1 190/5/1 192/5/1
f 196/5/1 190/5/1 195/5/1
f 199/5/1 198/5/1 197/5/1
f 200/5/1 198/5/1 199/5/1
f 204/1/1 202/1/1 201/1/1
f 205/1/1 202/1/1 204/1/1
f 208/1/1 204/1/1 203/1/1
f 208/1/1 206/1/1 205/1/1
f 208/1/1 205/1/1 204/1/1
f 209/1/1 206/1/1 208/1/1
f 212/1/1 208/1/1 207/1/1
f 212/1/1 210/1/1 209/1/1
f 212/1/1 209/1/1 208/1/1
f 213/1/1 210/1/1 212/1/1
f 215/1/1 212/1/1 211/1/1
f 215/1/1 214/1/1 213/1/1
f 215/1/1 213/1/1 212/1/1
f 216/1/1 214/1/1 215/1/1
f 217/1/1 214/1/1 216/1/1
f 218/1/1 214/1/1 217/1/1
f 219/3/1 217/3/1 216/3/1
f 220/3/1 217/3/1 219/3/1
f 223/5/1 222/5/1 221/5/1
f 224/5/1 222/5/1 223/5/1
f 228/2/1 226/2/1 225/2/1
f 229/2/1 226/2/1 228/2/1
f 230/2/1 226/2/1 229/2/1
f 231/2/1 226/2/1 230/2/1
f 232/2/1 226/2/1 231/2/1
f 233/2/1 226/2/1 232/2/1
f 235/2/1 228/2/1 227/2/1
f 235/2/1 229/2/1 228/2/1
f 236/1/1 230/1/1 229/1/1
f 236/2/1 229/2/1 235/2/1
f 237/1/1 230/1/1 236/1/1
f 238/1/1 232/1/1 231/1/1
f 239/2/1 234/2/1 233/2/1
f 239/1/1 232/1/1 238/1/1
f 239/2/1 233/2/1 232/2/1
f 240/2/1 234/2/1 239/2/1
f 242/2/1 235/2/1 227/2/1
f 243/1/1 236/1/1 235/1/1
f 243/2/1 235/2/1 242/2/1
f 244/1/1 236/1/1 243/1/1
f 245/1/1 240/1/1 239/1/1
f 246/2/1 234/2/1 240/2/1
f 246/1/1 240/1/1 245/1/1
f 247/2/1 234/2/1 246/2/1
f 249/1/1 242/1/1 241/1/1
f 249/1/1 243/1/1 242/1/1
f 250/1/1 243/1/1 249/1/1
f 251/1/1 248/1/1 247/1/1
f 251/1/1 247/1/1 246/1/1
f 252/1/1 248/1/1 251/1/1
f 253/1/1 249/1/1 241/1/1
f 254/1/1 248/1/1 252/1/1
f 255/1/1 253/1/1 241/1/1
f 256/1/1 253/1/1 255/1/1
f 257/1/1 248/1/1 254/1/1
f 258/1/1 248/1/1 257/1/1
f 262/2/1 260/2/1 259/2/1
f 263/2/1 260/2/1 262/2/1
f 264/2/1 260/2/1 263/2/1
f 265/2/1 260/2/1 264/2/1
f 267/2/1 262/2/1 261/2/1
f 267/2/1 263/2/1 262/2/1
f 268/2/1 263/2/1 267/2/1
f 269/2/1 266/2/1 265/2/1
f 269/2/1 265/2/1 264/2/1
f 270/2/1 266/2/1 269/2/1
f 272/2/1 267/2/1 261/2/1
f 273/2/1 267/2/1 272/2/1
f 274/2/1 266/2/1 270/2/1
f 275/2/1 266/2/1 274/2/1
f 277/1/1 272/1/1 271/1/1
f 278/1/1 272/1/1 277/1/1
f 279/1/1 276/1/1 275/1/1
f 280/1/1 276/1/1 279/1/1
f 285/1/1 282/1/1 281/1/1
f 286/1/1 282/1/1 285/1/1
f 287/1/1 284/1/1 283/1/1
f 288/1/1 284/1/1 287/1/1
f 291/3/1 290/3/1 289/3/1
f 292/3/1 290/3/1 291/3/1
f 295/1/1 294/1/1 293/1/1
f 296/1/1 294/1/1 295/1/1
f 297/1/1 294/1/1 296/1/1
f 298/1/1 294/1/1 297/1/1
f 299/1/1 297/1/1 296/1/1
f 300/1/1 297/1/1 299/1/1
f 301/1/1 297/1/1 300/1/1
f 302/1/1 297/1/1 301/1/1
f 303/1/1 301/1/1 300/1/1
f 304/1/1 301/1/1 303/1/1
f 310/2/1 306/2/1 305/2/1
f 311/6/1 307/6/1 306/6/1
f 311/2/1 306/2/1 310/2/1
f 312/2/1 308/2/1 307/2/1
f 312/6/1 307/6/1 311/6/1
f 313/2/1 308/2/1 312/2/1
f 315/2/1 310/2/1 309/2/1
f 316/2/1 310/2/1 315/2/1
f 317/2/1 314/2/1 313/2/1
f 318/2/1 314/2/1 317/2/1
f 323/2/1 320/2/1 319/2/1
f 324/2/1 320/2/1 323/2/1
f 325/2/1 322/2/1 321/2/1
f 326/2/1 322/2/1 325/2/1
f 327/1/1 324/1/1 323/1/1
f 328/1/1 324/1/1 327/1/1
f 329/1/1 326/1/1 325/1/1
f 330/1/1 326/1/1 329/1/1
f 335/1/1 332/1/1 331/1/1
f 336/1/1 332/1/1 335/1/1
f 337/1/1 334/1/1 333/1/1
f 338/1/1 334/1/1 337/1/1
f 343/1/1 340/1/1 339/1/1
f 344/1/1 340/1/1 343/1/1
f 345/1/1 342/1/1 341/1/1
f 346/1/1 342/1/1 345/1/1
f 349/1/1 348/1/1 347/1/1
f 350/1/1 348/1/1 349/1/1
f 353/3/1 352/3/1 351/3/1
f 354/3/1 352/3/1 353/3/1
f 356/3/1 353/3/1 351/3/1
f 357/3/1 352/3/1 354/3/1
f 359/3/1 356/3/1 355/3/1
f 360/3/1 353/3/1 356/3/1
f 360/3/1 356/3/1 359/3/1
f 361/3/1 357/3/1 354/3/1
f 361/3/1 358/3/1 357/3/1
f 362/3/1 358/3/1 361/3/1
f 363/3/1 353/3/1 360/3/1
f 364/3/1 361/3/1 354/3/1
f 365/3/1 363/3/1 360/3/1
f 365/3/1 364/3/1 363/3/1
f 366/3/1 361/3/1 364/3/1
f 366/3/1 364/3/1 365/3/1
f 371/1/1 368/1/1 367/1/1
f 372/1/1 368/1/1 371/1/1
f 373/1/1 368/1/1 372/1/1
f 376/1/1 370/1/1 369/1/1
f 377/1/1 370/1/1 376/1/1
f 378/1/1 370/1/1 377/1/1
f 379/1/1 374/1/1 373/1/1
f 379/1/1 373/1/1 372/1/1
f 382/1/1 377/1/1 376/1/1
f 382/1/1 376/1/1 375/1/1
f 383/1/1 380/1/1 379/1/1
f 383/1/1 379/1/1 372/1/1
f 384/1/1 380/1/1 383/1/1
f 385/1/1 380/1/1 384/1/1
f 386/1/1 382/1/1 381/1/1
f 387/1/1 377/1/1 382/1/1
f 387/1/1 382/1/1 386/1/1
f 388/1/1 377/1/1 387/1/1
f 389/1/1 385/1/1 384/1/1
f 389/1/1 386/1/1 385/1/1
f 389/1/1 387/1/1 386/1/1
f 390/1/1 387/1/1 389/1/1
f 391/1/1 387/1/1 390/1/1
f 392/1/1 387/1/1 391/1/1
f 393/1/1 391/1/1 390/1/1
f 394/1/1 391/1/1 393/1/1
f 401/7/1 396/7/1 395/7/1
f 402/7/1 396/7/1 401/7/1
f 403/7/1 398/7/1 397/7/1
f 404/7/1 398/7/1 403/7/1
f 407/2/1 400/2/1 399/2/1
f 408/2/1 400/2/1 407/2/1
f 409/2/1 406/2/1 405/2/1
f 410/2/1 406/2/1 409/2/1
f 415/1/1 412/1/1 411/1/1
f 416/1/1 412/1/1 415/1/1
f 417/1/1 414/1/1 413/1/1
f 418/1/1 414/1/1 417/1/1
f 423/1/1 420/1/1 419/1/1
f 424/1/1 420/1/1 423/1/1
f 425/1/1 422/1/1 421/1/1
f 426/1/1 422/1/1 425/1/1
f 431/1/1 428/1/1 427/1/1
f 432/1/1 428/1/1 431/1/1
f 437/1/1 430/1/1 429/1/1
f 438/1/1 430/1/1 437/1/1
f 439/1/1 434/1/1 433/1/1
f 440/1/1 434/1/1 439/1/1
f 441/1/1 436/1/1 435/1/1
f 442/1/1 436/1/1 441/1/1
f 444/3/1 441/3/1 440/3/1
f 445/3/1 441/3/1 444/3/1
f 447/3/1 444/3/1 443/3/1
f 448/3/1 444/3/1 447/3/1
f 449/3/1 446/3/1 445/3/1
f 450/3/1 446/3/1 449/3/1
f 455/3/1 452/3/1 451/3/1
f 456/3/1 452/3/1 455/3/1
f 457/3/1 454/3/1 453/3/1
f 458/3/1 454/3/1 457/3/1
f 459/3/1 457/3/1 456/3/1
f 460/3/1 457/3/1 459/3/1
f 461/3/1 457/3/1 460/3/1
f 462/3/1 457/3/1 461/3/1
f 463/3/1 461/3/1 460/3/1
f 464/3/1 461/3/1 463/3/1
f 469/1/1 466/1/1 465/1/1
f 470/1/1 466/1/1 469/1/1
f 473/1/1 468/1/1 467/1/1
f 474/1/1 468/1/1 473/1/1
f 475/1/1 471/1/1 470/1/1
f 476/1/1 471/1/1 475/1/1
f 479/1/1 473/1/1 472/1/1
f 480/1/1 473/1/1 479/1/1
f 481/1/1 477/1/1 476/1/1
f 482/1/1 477/1/1 481/1/1
f 483/1/1 479/1/1 478/1/1
f 484/1/1 479/1/1 483/1/1
f 489/2/1 486/2/1 485/2/1
f 490/2/1 486/2/1 489/2/1
f 491/2/1 488/2/1 487/2/1
f 492/2/1 488/2/1 491/2/1
f 497/1/1 494/1/1 493/1/1
f 498/1/1 494/1/1 497/1/1
f 499/1/1 496/1/1 495/1/1
f 500/1/1 496/1/1 499/1/1
f 505/1/1 502/1/1 501/1/1
f 506/1/1 502/1/1 505/1/1
f 507/1/1 504/1/1 503/1/1
f 508/1/1 504/1/1 507/1/1
f 513/1/1 510/1/1 509/1/1
f 514/1/1 510/1/1 513/1/1
f 517/1/1 512/1/1 511/1/1
f 518/1/1 512/1/1 517/1/1
f 519/3/1 515/3/1 514/3/1
f 520/3/1 515/3/1 519/3/1
f 521/3/1 517/3/1 516/3/1
f 522/3/1 517/3/1 521/3/1
f 525/3/1 524/3/1 523/3/1
f 526/3/1 524/3/1 525/3/1
f 531/3/1 528/3/1 527/3/1
f 532/3/1 528/3/1 531/3/1
f 535/3/1 530/3/1 529/3/1
f 536/3/1 530/3/1 535/3/1
f 537/3/1 533/3/1 532/3/1
f 538/3/1 533/3/1 537/3/1
f 539/3/1 535/3/1 534/3/1
f 540/3/1 535/3/1 539/3/1
f 545/1/1 542/1/1 541/1/1
f 546/1/1 542/1/1 545/1/1
f 547/1/1 544/1/1 543/1/1
f 548/1/1 544/1/1 547/1/1
f 553/1/1 550/1/1 549/1/1
f 554/1/1 550/1/1 553/1/1
f 557/1/1 552/1/1 551/1/1
f 558/1/1 552/1/1 557/1/1
f 559/1/1 555/1/1 554/1/1
f 560/1/1 555/1/1 559/1/1
f 561/1/1 557/1/1 556/1/1
f 562/1/1 557/1/1 561/1/1
f 567/2/1 564/2/1 563/2/1
f 568/2/1 564/2/1 567/2/1
f 569/2/1 566/2/1 565/2/1
f 570/2/1 566/2/1 569/2/1
f 575/1/1 572/1/1 571/1/1
f 576/1/1 572/1/1 575/1/1
f 577/1/1 574/1/1 573/1/1
f 578/1/1 574/1/1 577/1/1
f 581/3/1 580/3/1 579/3/1
f 582/3/1 580/3/1 581/3/1
f 585/3/1 584/3/1 583/3/1
f 586/3/1 584/3/1 585/3/1
f 591/3/1 590/3/1 589/3/1
f 592/3/1 590/3/1 591/3/1
f 593/4/1 588/4/1 587/4/1
f 594/4/1 588/4/1 593/4/1
f 597/3/1 596/3/1 595/3/1
f 598/3/1 596/3/1 597/3/1
f 603/1/1 600/1/1 599/1/1
f 604/1/1 600/1/1 603/1/1
f 605/1/1 602/1/1 601/1/1
f 606/1/1 602/1/1 605/1/1
f 611/3/1 608/3/1 607/3/1
f 612/3/1 608/3/1 611/3/1
f 613/3/1 610/3/1 609/3/1
f 614/3/1 610/3/1 613/3/1
f 617/3/1 616/3/1 615/3/1
f 618/3/1 616/3/1 617/3/1
f 621/3/1 620/3/1 619/3/1
f 622/3/1 620/3/1 621/3/1
f 625/3/1 624/3/1 623/3/1
f 626/3/1 624/3/1 625/3/1
f 631/3/1 628/3/1 627/3/1
f 632/3/1 628/3/1 631/3/1
f 635/3/1 630/3/1 629/3/1
f 636/3/1 630/3/1 635/3/1
f 637/3/1 633/3/1 632/3/1
f 638/3/1 633/3/1 637/3/1
f 639/3/1 635/3/1 634/3/1
f 640/3/1 635/3/1 639/3/1
f 645/1/1 642/1/1 641/1/1
f 646/1/1 642/1/1 645/1/1
f 647/1/1 644/1/1 643/1/1
f 648/1/1 644/1/1 647/1/1
f 653/1/1 650/1/1 649/1/1
f 654/1/1 650/1/1 653/1/1
f 655/1/1 652/1/1 651/1/1
f 656/1/1 652/1/1 655/1/1
f 659/3/1 658/3/1 657/3/1
f 660/3/1 658/3/1 659/3/1
f 663/3/1 662/3/1 661/3/1
f 664/3/1 662/3/1 663/3/1
f 667/3/1 666/3/1 665/3/1
f 668/3/1 666/3/1 667/3/1
f 671/3/1 670/3/1 669/3/1
f 672/3/1 670/3/1 671/3/1
f 677/1/1 674/1/1 673/1/1
f 678/1/1 674/1/1 677/1/1
f 679/1/1 676/1/1 675/1/1
f 680/1/1 676/1/1 679/1/1
f 685/1/1 682/1/1 681/1/1
f 686/1/1 682/1/1 685/1/1
f 687/2/1 684/2/1 683/2/1
f 688/2/1 684/2/1 687/2/1
f 691/3/1 690/3/1 689/3/1
f 692/3/1 690/3/1 691/3/1
f 695/3/1 694/3/1 693/3/1
f 696/3/1 694/3/1 695/3/1
f 699/1/1 698/1/1 697/1/1
f 700/1/1 698/1/1 699/1/1
f 705/2/1 702/2/1 701/2/1
f 706/2/1 702/2/1 705/2/1
f 707/2/1 704/2/1 703/2/1
f 708/2/1 704/2/1 707/2/1
f 711/3/1 710/3/1 709/3/1
f 712/3/1 710/3/1 711/3/1
f 715/3/1 714/3/1 713/3/1
f 716/3/1 714/3/1 715/3/1
f 721/2/1 718/2/1 717/2/1
f 722/2/1 718/2/1 721/2/1
f 723/2/1 720/2/1 719/2/1
f 724/2/1 720/2/1 723/2/1
f 729/1/1 726/1/1 725/1/1
f 730/1/1 726/1/1 729/1/1
f 731/1/1 728/1/1 727/1/1
f 732/1/1 728/1/1 731/1/1
f 735/3/1 734/3/1 733/3/1
f 736/3/1 734/3/1 735/3/1
f 739/3/1 738/3/1 737/3/1
f 740/3/1 738/3/1 739/3/1
f 743/3/1 742/3/1 741/3/1
f 744/3/1 742/3/1 743/3/1
f 749/2/1 746/2/1 745/2/1
f 750/6/1 747/6/1 746/6/1
f 750/2/1 746/2/1 749/2/1
f 751/2/1 748/2/1 747/2/1
f 751/6/1 747/6/1 750/6/1
f 752/2/1 748/2/1 751/2/1
f 757/2/1 754/2/1 753/2/1
f 758/2/1 754/2/1 757/2/1
f 759/2/1 756/2/1 755/2/1
f 760/2/1 756/2/1 759/2/1
f 765/1/1 762/1/1 761/1/1
f 766/1/1 762/1/1 765/1/1
f 767/1/1 764/1/1 763/1/1
f 768/1/1 764/1/1 767/1/1
f 771/3/1 770/3/1 769/3/1
f 772/3/1 770/3/1 771/3/1
f 778/2/1 774/2/1 773/2/1
f 779/2/1 774/2/1 778/2/1
f 780/2/1 776/2/1 775/2/1
f 781/2/1 776/2/1 780/2/1
f 784/2/1 778/2/1 777/2/1
f 785/2/1 778/2/1 784/2/1
f 786/2/1 782/2/1 781/2/1
f 787/2/1 782/2/1 786/2/1
f 789/2/1 788/2/1 787/2/1
f 790/2/1 784/2/1 783/2/1
f 791/2/1 784/2/1 790/2/1
f 792/2/1 789/2/1 787/2/1
f 793/2/1 789/2/1 792/2/1
f 794/1/1 791/1/1 790/1/1
f 795/1/1 791/1/1 794/1/1
f 796/1/1 793/1/1 792/1/1
f 797/1/1 793/1/1 796/1/1
f 802/1/1 799/1/1 798/1/1
f 803/1/1 799/1/1 802/1/1
f 806/1/1 801/1/1 800/1/1
f 807/1/1 801/1/1 806/1/1
f 808/1/1 805/1/1 804/1/1
f 809/1/1 805/1/1 808/1/1
f 813/2/1 811/2/1 810/2/1
f 814/2/1 811/2/1 813/2/1
f 815/2/1 811/2/1 814/2/1
f 816/2/1 811/2/1 815/2/1
f 818/2/1 813/2/1 812/2/1
f 818/2/1 814/2/1 813/2/1
f 819/1/1 815/1/1 814/1/1
f 819/2/1 814/2/1 818/2/1
f 820/2/1 817/2/1 816/2/1
f 820/1/1 815/1/1 819/1/1
f 820/2/1 816/2/1 815/2/1
f 821/2/1 817/2/1 820/2/1
f 822/2/1 818/2/1 812/2/1
f 823/1/1 819/1/1 818/1/1
f 823/2/1 818/2/1 822/2/1
f 823/1/1 820/1/1 819/1/1
f 823/1/1 821/1/1 820/1/1
f 824/2/1 817/2/1 821/2/1
f 824/1/1 821/1/1 823/1/1
f 825/2/1 817/2/1 824/2/1
f 827/1/1 823/1/1 822/1/1
f 827/1/1 824/1/1 823/1/1
f 827/1/1 825/1/1 824/1/1
f 828/1/1 825/1/1 827/1/1
f 830/1/1 828/1/1 827/1/1
f 830/1/1 829/1/1 828/1/1
f 830/1/1 827/1/1 826/1/1
f 831/1/1 829/1/1 830/1/1
f 832/1/1 830/1/1 826/1/1
f 833/1/1 830/1/1 832/1/1
f 834/1/1 829/1/1 831/1/1
f 835/1/1 829/1/1 834/1/1
f 836/1/1 832/1/1 826/1/1
f 837/1/1 829/1/1 835/1/1
f 838/1/1 836/1/1 826/1/1
f 839/1/1 836/1/1 838/1/1
f 840/3/1 837/3/1 836/3/1
f 840/1/1 836/1/1 839/1/1
f 841/3/1 837/3/1 840/3/1
f 842/3/1 837/3/1 841/3/1
f 843/1/1 829/1/1 837/1/1
f 843/3/1 837/3/1 842/3/1
f 844/1/1 829/1/1 843/1/1
f 845/1/1 829/1/1 844/1/1
f 846/1/1 840/1/1 839/1/1
f 846/1/1 841/1/1 840/1/1
f 847/3/1 842/3/1 841/3/1
f 847/1/1 841/1/1 846/1/1
f 848/1/1 844/1/1 843/1/1
f 848/3/1 842/3/1 847/3/1
f 848/1/1 843/1/1 842/1/1
f 849/1/1 844/1/1 848/1/1
f 852/2/1 851/2/1 850/2/1
f 853/2/1 851/2/1 852/2/1
f 857/3/1 855/3/1 854/3/1
f 858/3/1 855/3/1 857/3/1
f 860/3/1 857/3/1 856/3/1
f 861/1/1 858/1/1 857/1/1
f 861/3/1 857/3/1 860/3/1
f 862/3/1 859/3/1 858/3/1
f 862/1/1 858/1/1 861/1/1
f 863/3/1 859/3/1 862/3/1
f 866/2/1 865/2/1 864/2/1
f 867/2/1 865/2/1 866/2/1
f 872/3/1 869/3/1 868/3/1
f 873/3/1 869/3/1 872/3/1
f 876/3/1 871/3/1 870/3/1
f 877/3/1 871/3/1 876/3/1
f 878/2/1 874/2/1 873/2/1
f 878/2/1 873/2/1 872/2/1
f 879/2/1 874/2/1 878/2/1
f 880/2/1 877/2/1 876/2/1
f 880/2/1 876/2/1 875/2/1
f 881/2/1 877/2/1 880/2/1
f 884/2/1 883/2/1 882/2/1
f 885/2/1 883/2/1 884/2/1
f 890/3/1 887/3/1 886/3/1
f 891/3/1 887/3/1 890/3/1
f 892/3/1 889/3/1 888/3/1
f 893/3/1 889/3/1 892/3/1
f 894/2/1 891/2/1 890/2/1
f 895/2/1 891/2/1 894/2/1
f 896/2/1 893/2/1 892/2/1
f 897/2/1 893/2/1 896/2/1
f 902/2/1 899/2/1 898/2/1
f 903/2/1 899/2/1 902/2/1
f 904/2/1 901/2/1 900/2/1
f 905/2/1 901/2/1 904/2/1
f 908/2/1 907/2/1 906/2/1
f 909/2/1 907/2/1 908/2/1
f 914/2/1 911/2/1 910/2/1
f 915/2/1 911/2/1 914/2/1
f 916/2/1 913/2/1 912/2/1
f 917/2/1 913/2/1 916/2/1
f 922/2/1 919/2/1 918/2/1
f 923/2/1 919/2/1 922/2/1
f 926/2/1 921/2/1 920/2/1
f 927/2/1 921/2/1 926/2/1
f 928/2/1 924/2/1 923/2/1
f 929/2/1 924/2/1 928/2/1
f 930/2/1 926/2/1 925/2/1
f 931/2/1 926/2/1 930/2/1
f 934/1/1 933/1/1 932/1/1
f 935/1/1 933/1/1 934/1/1
f 940/2/1 937/2/1 936/2/1
f 941/2/1 937/2/1 940/2/1
f 942/2/1 939/2/1 938/2/1
f 943/2/1 939/2/1 942/2/1
f 946/1/1 945/1/1 944/1/1
f 947/1/1 945/1/1 946/1/1
f 948/1/1 946/1/1 944/1/1
f 949/1/1 945/1/1 947/1/1
f 950/1/1 948/1/1 944/1/1
f 950/1/1 949/1/1 948/1/1
f 951/1/1 945/1/1 949/1/1
f 951/1/1 949/1/1 950/1/1
f 956/5/1 953/5/1 952/5/1
f 957/5/1 953/5/1 956/5/1
f 958/5/1 955/5/1 954/5/1
f 959/5/1 955/5/1 958/5/1
f 963/1/1 961/1/1 960/1/1
f 964/1/1 961/1/1 963/1/1
f 966/1/1 963/1/1 962/1/1
f 967/1/1 963/1/1 966/1/1
f 968/1/1 965/1/1 964/1/1
f 969/1/1 965/1/1 968/1/1
f 970/1/1 968/1/1 967/1/1
f 971/1/1 968/1/1 970/1/1
f 976/5/1 973/5/1 972/5/1
f 977/5/1 973/5/1 976/5/1
f 978/5/1 975/5/1 974/5/1
f 979/5/1 975/5/1 978/5/1
f 982/1/1 981/1/1 980/1/1
f 983/1/1 981/1/1 982/1/1
f 988/1/1 985/1/1 984/1/1
f 989/1/1 985/1/1 988/1/1
f 990/1/1 987/1/1 986/1/1
f 991/1/1 987/1/1 990/1/1
f 994/1/1 993/1/1 992/1/1
f 995/1/1 993/1/1 994/1/1
f 998/3/1 997/3/1 996/3/1
f 999/3/1 997/3/1 998/3/1
f 1002/1/1 1001/1/1 1000/1/1
f 1003/1/1 1001/1/1 1002/1/1
f 1008/1/1 1005/1/1 1004/1/1
f 1009/1/1 1005/1/1 1008/1/1
f 1010/1/1 1007/1/1 1006/1/1
f 1011/1/1 1007/1/1 1010/1/1
f 1014/1/1 1013/1/1 1012/1/1
f 1015/1/1 1013/1/1 1014/1/1
f 1018/1/1 1017/1/1 1016/1/1
f 1019/1/1 1017/1/1 1018/1/1
f 1020/1/1 1018/1/1 1016/1/1
f 1021/1/1 1017/1/1 1019/1/1
f 1022/1/1 1020/1/1 1016/1/1
f 1022/1/1 1021/1/1 1020/1/1
f 1023/1/1 1017/1/1 1021/1/1
f 1023/1/1 1021/1/1 1022/1/1
f 1026/1/1 1025/1/1 1024/1/1
f 1027/1/1 1025/1/1 1026/1/1
f 1028/1/2 1029/1/2 1030/1/2
f 1030/1/2 1029/1/2 1031/1/2
f 1032/1/2 1033/1/2 1034/1/2
f 1034/1/2 1033/1/2 1035/1/2
f 1032/1/2 1034/1/2 1036/1/2
f 1035/1/2 1033/1/2 1037/1/2
f 1032/1/2 1036/1/2 1038/1/2
f 1036/1/2 1037/1/2 1038/1/2
f 1037/1/2 1033/1/2 1039/1/2
f 1038/1/2 1037/1/2 1039/1/2
f 1040/1/2 1041/1/2 1042/1/2
f 1042/1/2 1041/1/2 1043/1/2
f 1044/1/2 1045/1/2 1048/1/2
f 1048/1/2 1045/1/2 1049/1/2
f 1046/1/2 1047/1/2 1050/1/2
f 1050/1/2 1047/1/2 1051/1/2
f 1052/1/2 1053/1/2 1054/1/2
f 1054/1/2 1053/1/2 1055/1/2
f 1056/1/2 1057/1/2 1058/1/2
f 1058/1/2 1057/1/2 1059/1/2
f 1060/1/2 1061/1/2 1064/1/2
f 1064/1/2 1061/1/2 1065/1/2
f 1062/1/2 1063/1/2 1066/1/2
f 1066/1/2 1063/1/2 1067/1/2
f 1068/1/2 1069/1/2 1070/1/2
f 1070/1/2 1069/1/2 1071/1/2
f 1072/3/2 1073/3/2 1074/3/2
f 1074/3/2 1073/3/2 1075/3/2
f 1076/1/2 1077/1/2 1079/1/2
f 1079/1/2 1077/1/2 1080/1/2
f 1078/1/2 1079/1/2 1082/1/2
f 1082/1/2 1079/1/2 1083/1/2
f 1080/1/2 1081/1/2 1084/1/2
f 1084/1/2 1081/1/2 1085/1/2
f 1083/1/2 1084/1/2 1086/1/2
f 1086/1/2 1084/1/2 1087/1/2
f 1088/5/2 1089/5/2 1092/5/2
f 1092/5/2 1089/5/2 1093/5/2
f 1090/5/2 1091/5/2 1094/5/2
f 1094/5/2 1091/5/2 1095/5/2
f 1096/1/2 1097/1/2 1098/1/2
f 1098/1/2 1097/1/2 1099/1/2
f 1096/1/2 1098/1/2 1100/1/2
f 1099/1/2 1097/1/2 1101/1/2
f 1096/1/2 1100/1/2 1102/1/2
f 1100/1/2 1101/1/2 1102/1/2
f 1101/1/2 1097/1/2 1103/1/2
f 1102/1/2 1101/1/2 1103/1/2
f 1104/5/2 1105/5/2 1108/5/2
f 1108/5/2 1105/5/2 1109/5/2
f 1106/5/2 1107/5/2 1110/5/2
f 1110/5/2 1107/5/2 1111/5/2
f 1112/1/2 1113/1/2 1114/1/2
f 1114/1/2 1113/1/2 1115/1/2
f 1116/2/2 1117/2/2 1120/2/2
f 1120/2/2 1117/2/2 1121/2/2
f 1118/2/2 1119/2/2 1122/2/2
f 1122/2/2 1119/2/2 1123/2/2
f 1124/2/2 1125/2/2 1128/2/2
f 1128/2/2 1125/2/2 1129/2/2
f 1126/2/2 1127/2/2 1130/2/2
f 1130/2/2 1127/2/2 1131/2/2
f 1132/2/2 1133/2/2 1136/2/2
f 1136/2/2 1133/2/2 1137/2/2
f 1134/2/2 1135/2/2 1140/2/2
f 1140/2/2 1135/2/2 1141/2/2
f 1137/2/2 1138/2/2 1142/2/2
f 1142/2/2 1138/2/2 1143/2/2
f 1139/2/2 1140/2/2 1144/2/2
f 1144/2/2 1140/2/2 1145/2/2
f 1146/3/2 1147/3/2 1150/3/2
f 1150/3/2 1147/3/2 1151/3/2
f 1148/3/2 1149/3/2 1152/3/2
f 1152/3/2 1149/3/2 1153/3/2
f 1150/2/2 1151/2/2 1154/2/2
f 1154/2/2 1151/2/2 1155/2/2
f 1152/2/2 1153/2/2 1156/2/2
f 1156/2/2 1153/2/2 1157/2/2
f 1158/2/2 1159/2/2 1162/2/2
f 1162/2/2 1159/2/2 1163/2/2
f 1160/2/2 1161/2/2 1164/2/2
f 1164/2/2 1161/2/2 1165/2/2
f 1166/2/2 1167/2/2 1168/2/2
f 1168/2/2 1167/2/2 1169/2/2
f 1170/3/2 1171/3/2 1174/3/2
f 1174/3/2 1171/3/2 1175/3/2
f 1172/3/2 1173/3/2 1178/3/2
f 1178/3/2 1173/3/2 1179/3/2
f 1175/2/2 1176/2/2 1180/2/2
f 1174/2/2 1175/2/2 1180/2/2
f 1180/2/2 1176/2/2 1181/2/2
f 1178/2/2 1179/2/2 1182/2/2
f 1177/2/2 1178/2/2 1182/2/2
f 1182/2/2 1179/2/2 1183/2/2
f 1184/2/2 1185/2/2 1186/2/2
f 1186/2/2 1185/2/2 1187/2/2
f 1188/3/2 1189/3/2 1191/3/2
f 1191/3/2 1189/3/2 1192/3/2
f 1190/3/2 1191/3/2 1194/3/2
f 1191/1/2 1192/1/2 1195/1/2
f 1194/3/2 1191/3/2 1195/3/2
f 1192/3/2 1193/3/2 1196/3/2
f 1195/1/2 1192/1/2 1196/1/2
f 1196/3/2 1193/3/2 1197/3/2
f 1198/2/2 1199/2/2 1200/2/2
f 1200/2/2 1199/2/2 1201/2/2
f 1202/2/2 1203/2/2 1205/2/2
f 1205/2/2 1203/2/2 1206/2/2
f 1206/2/2 1203/2/2 1207/2/2
f 1207/2/2 1203/2/2 1208/2/2
f 1204/2/2 1205/2/2 1210/2/2
f 1205/2/2 1206/2/2 1210/2/2
f 1206/1/2 1207/1/2 1211/1/2
f 1210/2/2 1206/2/2 1211/2/2
f 1208/2/2 1209/2/2 1212/2/2
f 1211/1/2 1207/1/2 1212/1/2
f 1207/2/2 1208/2/2 1212/2/2
f 1212/2/2 1209/2/2 1213/2/2
f 1204/2/2 1210/2/2 1214/2/2
f 1210/1/2 1211/1/2 1215/1/2
f 1214/2/2 1210/2/2 1215/2/2
f 1211/1/2 1212/1/2 1215/1/2
f 1212/1/2 1213/1/2 1215/1/2
f 1213/2/2 1209/2/2 1216/2/2
f 1215/1/2 1213/1/2 1216/1/2
f 1216/2/2 1209/2/2 1217/2/2
f 1214/1/2 1215/1/2 1219/1/2
f 1215/1/2 1216/1/2 1219/1/2
f 1216/1/2 1217/1/2 1219/1/2
f 1219/1/2 1217/1/2 1220/1/2
f 1219/1/2 1220/1/2 1222/1/2
f 1220/1/2 1221/1/2 1222/1/2
f 1218/1/2 1219/1/2 1222/1/2
f 1222/1/2 1221/1/2 1223/1/2
f 1218/1/2 1222/1/2 1224/1/2
f 1224/1/2 1222/1/2 1225/1/2
f 1223/1/2 1221/1/2 1226/1/2
f 1226/1/2 1221/1/2 1227/1/2
f 1218/1/2 1224/1/2 1228/1/2
f 1227/1/2 1221/1/2 1229/1/2
f 1218/1/2 1228/1/2 1230/1/2
f 1230/1/2 1228/1/2 1231/1/2
f 1228/3/2 1229/3/2 1232/3/2
f 1231/1/2 1228/1/2 1232/1/2
f 1232/3/2 1229/3/2 1233/3/2
f 1233/3/2 1229/3/2 1234/3/2
f 1229/1/2 1221/1/2 1235/1/2
f 1234/3/2 1229/3/2 1235/3/2
f 1235/1/2 1221/1/2 1236/1/2
f 1236/1/2 1221/1/2 1237/1/2
f 1231/1/2 1232/1/2 1238/1/2
f 1232/1/2 1233/1/2 1238/1/2
f 1233/3/2 1234/3/2 1239/3/2
f 1238/1/2 1233/1/2 1239/1/2
f 1235/1/2 1236/1/2 1240/1/2
f 1239/3/2 1234/3/2 1240/3/2
f 1234/1/2 1235/1/2 1240/1/2
f 1240/1/2 1236/1/2 1241/1/2
f 1242/2/2 1243/2/2 1244/2/2
f 1244/2/2 1243/2/2 1245/2/2
f 1246/2/2 1247/2/2 1251/2/2
f 1251/2/2 1247/2/2 1252/2/2
f 1248/2/2 1249/2/2 1253/2/2
f 1253/2/2 1249/2/2 1254/2/2
f 1250/2/2 1251/2/2 1257/2/2
f 1257/2/2 1251/2/2 1258/2/2
f 1254/2/2 1255/2/2 1259/2/2
f 1259/2/2 1255/2/2 1260/2/2
f 1256/2/2 1257/2/2 1262/2/2
f 1260/2/2 1261/2/2 1263/2/2
f 1262/2/2 1257/2/2 1264/2/2
f 1264/2/2 1257/2/2 1265/2/2
f 1260/2/2 1263/2/2 1266/2/2
f 1266/2/2 1263/2/2 1267/2/2
f 1264/1/2 1265/1/2 1268/1/2
f 1268/1/2 1265/1/2 1269/1/2
f 1266/1/2 1267/1/2 1270/1/2
f 1270/1/2 1267/1/2 1271/1/2
f 1272/1/2 1273/1/2 1276/1/2
f 1276/1/2 1273/1/2 1277/1/2
f 1274/1/2 1275/1/2 1280/1/2
f 1280/1/2 1275/1/2 1281/1/2
f 1278/1/2 1279/1/2 1282/1/2
f 1282/1/2 1279/1/2 1283/1/2
f 1284/2/2 1285/2/2 1288/2/2
f 1285/6/2 1286/6/2 1289/6/2
f 1288/2/2 1285/2/2 1289/2/2
f 1286/2/2 1287/2/2 1290/2/2
f 1289/6/2 1286/6/2 1290/6/2
f 1290/2/2 1287/2/2 1291/2/2
f 1292/2/2 1293/2/2 1296/2/2
f 1296/2/2 1293/2/2 1297/2/2
f 1294/2/2 1295/2/2 1298/2/2
f 1298/2/2 1295/2/2 1299/2/2
f 1300/1/2 1301/1/2 1304/1/2
f 1304/1/2 1301/1/2 1305/1/2
f 1302/1/2 1303/1/2 1306/1/2
f 1306/1/2 1303/1/2 1307/1/2
f 1308/3/2 1309/3/2 1310/3/2
f 1310/3/2 1309/3/2 1311/3/2
f 1312/2/2 1313/2/2 1316/2/2
f 1316/2/2 1313/2/2 1317/2/2
f 1314/2/2 1315/2/2 1318/2/2
f 1318/2/2 1315/2/2 1319/2/2
f 1320/1/2 1321/1/2 1324/1/2
f 1324/1/2 1321/1/2 1325/1/2
f 1322/1/2 1323/1/2 1326/1/2
f 1326/1/2 1323/1/2 1327/1/2
f 1328/3/2 1329/3/2 1330/3/2
f 1330/3/2 1329/3/2 1331/3/2
f 1332/3/2 1333/3/2 1334/3/2
f 1334/3/2 1333/3/2 1335/3/2
f 1336/3/2 1337/3/2 1338/3/2
f 1338/3/2 1337/3/2 1339/3/2
f 1340/1/2 1341/1/2 1342/1/2
f 1342/1/2 1341/1/2 1343/1/2
f 1344/2/2 1345/2/2 1348/2/2
f 1348/2/2 1345/2/2 1349/2/2
f 1346/2/2 1347/2/2 1350/2/2
f 1350/2/2 1347/2/2 1351/2/2
f 1352/3/2 1353/3/2 1354/3/2
f 1354/3/2 1353/3/2 1355/3/2
f 1356/3/2 1357/3/2 1358/3/2
f 1358/3/2 1357/3/2 1359/3/2
f 1360/1/2 1361/1/2 1364/1/2
f 1364/1/2 1361/1/2 1365/1/2
f 1362/1/2 1363/1/2 1366/1/2
f 1366/1/2 1363/1/2 1367/1/2
f 1368/2/2 1369/2/2 1372/2/2
f 1372/2/2 1369/2/2 1373/2/2
f 1370/2/2 1371/2/2 1374/2/2
f 1374/2/2 1371/2/2 1375/2/2
f 1376/3/2 1377/3/2 1378/3/2
f 1378/3/2 1377/3/2 1379/3/2
f 1380/3/2 1381/3/2 1382/3/2
f 1382/3/2 1381/3/2 1383/3/2
f 1384/1/2 1385/1/2 1388/1/2
f 1388/1/2 1385/1/2 1389/1/2
f 1386/1/2 1387/1/2 1390/1/2
f 1390/1/2 1387/1/2 1391/1/2
f 1392/1/2 1393/1/2 1396/1/2
f 1396/1/2 1393/1/2 1397/1/2
f 1394/1/2 1395/1/2 1398/1/2
f 1398/1/2 1395/1/2 1399/1/2
f 1400/3/2 1401/3/2 1402/3/2
f 1402/3/2 1401/3/2 1403/3/2
f 1404/3/2 1405/3/2 1406/3/2
f 1406/3/2 1405/3/2 1407/3/2
f 1408/3/2 1409/3/2 1410/3/2
f 1410/3/2 1409/3/2 1411/3/2
f 1412/3/2 1413/3/2 1414/3/2
f 1414/3/2 1413/3/2 1415/3/2
f 1416/1/2 1417/1/2 1420/1/2
f 1420/1/2 1417/1/2 1421/1/2
f 1418/1/2 1419/1/2 1422/1/2
f 1422/1/2 1419/1/2 1423/1/2
f 1424/3/2 1425/3/2 1428/3/2
f 1428/3/2 1425/3/2 1429/3/2
f 1426/3/2 1427/3/2 1430/3/2
f 1430/3/2 1427/3/2 1431/3/2
f 1432/3/2 1433/3/2 1434/3/2
f 1434/3/2 1433/3/2 1435/3/2
f 1436/3/2 1437/3/2 1438/3/2
f 1438/3/2 1437/3/2 1439/3/2
f 1440/3/2 1441/3/2 1442/3/2
f 1442/3/2 1441/3/2 1443/3/2
f 1444/3/2 1445/3/2 1448/3/2
f 1448/3/2 1445/3/2 1449/3/2
f 1446/3/2 1447/3/2 1452/3/2
f 1452/3/2 1447/3/2 1453/3/2
f 1449/3/2 1450/3/2 1454/3/2
f 1454/3/2 1450/3/2 1455/3/2
f 1451/3/2 1452/3/2 1456/3/2
f 1456/3/2 1452/3/2 1457/3/2
f 1458/1/2 1459/1/2 1462/1/2
f 1462/1/2 1459/1/2 1463/1/2
f 1460/1/2 1461/1/2 1464/1/2
f 1464/1/2 1461/1/2 1465/1/2
f 1466/1/2 1467/1/2 1470/1/2
f 1470/1/2 1467/1/2 1471/1/2
f 1468/1/2 1469/1/2 1474/1/2
f 1474/1/2 1469/1/2 1475/1/2
f 1471/1/2 1472/1/2 1476/1/2
f 1476/1/2 1472/1/2 1477/1/2
f 1473/1/2 1474/1/2 1478/1/2
f 1478/1/2 1474/1/2 1479/1/2
f 1480/1/2 1481/1/2 1484/1/2
f 1484/1/2 1481/1/2 1485/1/2
f 1482/2/2 1483/2/2 1486/2/2
f 1486/2/2 1483/2/2 1487/2/2
f 1488/1/2 1489/1/2 1492/1/2
f 1492/1/2 1489/1/2 1493/1/2
f 1490/1/2 1491/1/2 1494/1/2
f 1494/1/2 1491/1/2 1495/1/2
f 1496/3/2 1497/3/2 1498/3/2
f 1498/3/2 1497/3/2 1499/3/2
f 1500/3/2 1501/3/2 1502/3/2
f 1502/3/2 1501/3/2 1503/3/2
f 1506/3/2 1507/3/2 1508/3/2
f 1508/3/2 1507/3/2 1509/3/2
f 1504/4/2 1505/4/2 1510/4/2
f 1510/4/2 1505/4/2 1511/4/2
f 1512/3/2 1513/3/2 1514/3/2
f 1514/3/2 1513/3/2 1515/3/2
f 1516/1/2 1517/1/2 1520/1/2
f 1520/1/2 1517/1/2 1521/1/2
f 1518/1/2 1519/1/2 1524/1/2
f 1524/1/2 1519/1/2 1525/1/2
f 1521/1/2 1522/1/2 1526/1/2
f 1526/1/2 1522/1/2 1527/1/2
f 1523/1/2 1524/1/2 1530/1/2
f 1530/1/2 1524/1/2 1531/1/2
f 1527/1/2 1528/1/2 1532/1/2
f 1532/1/2 1528/1/2 1533/1/2
f 1529/1/2 1530/1/2 1534/1/2
f 1534/1/2 1530/1/2 1535/1/2
f 1536/2/2 1537/2/2 1540/2/2
f 1540/2/2 1537/2/2 1541/2/2
f 1538/2/2 1539/2/2 1542/2/2
f 1542/2/2 1539/2/2 1543/2/2
f 1544/1/2 1545/1/2 1548/1/2
f 1548/1/2 1545/1/2 1549/1/2
f 1546/1/2 1547/1/2 1550/1/2
f 1550/1/2 1547/1/2 1551/1/2
f 1552/1/2 1553/1/2 1556/1/2
f 1556/1/2 1553/1/2 1557/1/2
f 1554/1/2 1555/1/2 1558/1/2
f 1558/1/2 1555/1/2 1559/1/2
f 1560/1/2 1561/1/2 1564/1/2
f 1564/1/2 1561/1/2 1565/1/2
f 1562/1/2 1563/1/2 1568/1/2
f 1568/1/2 1563/1/2 1569/1/2
f 1565/3/2 1566/3/2 1570/3/2
f 1570/3/2 1566/3/2 1571/3/2
f 1567/3/2 1568/3/2 1572/3/2
f 1572/3/2 1568/3/2 1573/3/2
f 1574/3/2 1575/3/2 1576/3/2
f 1576/3/2 1575/3/2 1577/3/2
f 1578/3/2 1579/3/2 1582/3/2
f 1582/3/2 1579/3/2 1583/3/2
f 1580/3/2 1581/3/2 1586/3/2
f 1586/3/2 1581/3/2 1587/3/2
f 1583/3/2 1584/3/2 1588/3/2
f 1588/3/2 1584/3/2 1589/3/2
f 1585/3/2 1586/3/2 1590/3/2
f 1590/3/2 1586/3/2 1591/3/2
f 1592/1/2 1593/1/2 1596/1/2
f 1596/1/2 1593/1/2 1597/1/2
f 1597/1/2 1593/1/2 1598/1/2
f 1594/1/2 1595/1/2 1601/1/2
f 1601/1/2 1595/1/2 1602/1/2
f 1602/1/2 1595/1/2 1603/1/2
f 1598/1/2 1599/1/2 1604/1/2
f 1597/1/2 1598/1/2 1604/1/2
f 1601/1/2 1602/1/2 1607/1/2
f 1600/1/2 1601/1/2 1607/1/2
f 1604/1/2 1605/1/2 1608/1/2
f 1597/1/2 1604/1/2 1608/1/2
f 1608/1/2 1605/1/2 1609/1/2
f 1609/1/2 1605/1/2 1610/1/2
f 1606/1/2 1607/1/2 1611/1/2
f 1607/1/2 1602/1/2 1612/1/2
f 1611/1/2 1607/1/2 1612/1/2
f 1612/1/2 1602/1/2 1613/1/2
f 1609/1/2 1610/1/2 1614/1/2
f 1610/1/2 1611/1/2 1614/1/2
f 1611/1/2 1612/1/2 1614/1/2
f 1614/1/2 1612/1/2 1615/1/2
f 1615/1/2 1612/1/2 1616/1/2
f 1616/1/2 1612/1/2 1617/1/2
f 1615/1/2 1616/1/2 1618/1/2
f 1618/1/2 1616/1/2 1619/1/2
f 1620/7/2 1621/7/2 1626/7/2
f 1626/7/2 1621/7/2 1627/7/2
f 1622/7/2 1623/7/2 1628/7/2
f 1628/7/2 1623/7/2 1629/7/2
f 1624/1/2 1625/1/2 1632/1/2
f 1632/1/2 1625/1/2 1633/1/2
f 1630/2/2 1631/2/2 1634/2/2
f 1634/2/2 1631/2/2 1635/2/2
f 1636/1/2 1637/1/2 1640/1/2
f 1640/1/2 1637/1/2 1641/1/2
f 1638/1/2 1639/1/2 1642/1/2
f 1642/1/2 1639/1/2 1643/1/2
f 1644/1/2 1645/1/2 1648/1/2
f 1648/1/2 1645/1/2 1649/1/2
f 1646/1/2 1647/1/2 1650/1/2
f 1650/1/2 1647/1/2 1651/1/2
f 1652/1/2 1653/1/2 1656/1/2
f 1656/1/2 1653/1/2 1657/1/2
f 1654/1/2 1655/1/2 1662/1/2
f 1662/1/2 1655/1/2 1663/1/2
f 1658/1/2 1659/1/2 1664/1/2
f 1664/1/2 1659/1/2 1665/1/2
f 1660/1/2 1661/1/2 1666/1/2
f 1666/1/2 1661/1/2 1667/1/2
f 1665/3/2 1666/3/2 1669/3/2
f 1669/3/2 1666/3/2 1670/3/2
f 1668/3/2 1669/3/2 1672/3/2
f 1672/3/2 1669/3/2 1673/3/2
f 1670/3/2 1671/3/2 1674/3/2
f 1674/3/2 1671/3/2 1675/3/2
f 1676/3/2 1677/3/2 1680/3/2
f 1680/3/2 1677/3/2 1681/3/2
f 1678/3/2 1679/3/2 1682/3/2
f 1682/3/2 1679/3/2 1683/3/2
f 1681/3/2 1682/3/2 1684/3/2
f 1684/3/2 1682/3/2 1685/3/2
f 1685/3/2 1682/3/2 1686/3/2
f 1686/3/2 1682/3/2 1687/3/2
f 1685/3/2 1686/3/2 1688/3/2
f 1688/3/2 1686/3/2 1689/3/2
f 1690/1/2 1691/1/2 1692/1/2
f 1692/1/2 1691/1/2 1693/1/2
f 1693/1/2 1691/1/2 1694/1/2
f 1694/1/2 1691/1/2 1695/1/2
f 1693/1/2 1694/1/2 1696/1/2
f 1696/1/2 1694/1/2 1697/1/2
f 1697/1/2 1694/1/2 1698/1/2
f 1698/1/2 1694/1/2 1699/1/2
f 1697/1/2 1698/1/2 1700/1/2
f 1700/1/2 1698/1/2 1701/1/2
f 1702/2/2 1703/2/2 1707/2/2
f 1703/6/2 1704/6/2 1708/6/2
f 1707/2/2 1703/2/2 1708/2/2
f 1704/2/2 1705/2/2 1709/2/2
f 1708/6/2 1704/6/2 1709/6/2
f 1709/2/2 1705/2/2 1710/2/2
f 1706/2/2 1707/2/2 1712/2/2
f 1712/2/2 1707/2/2 1713/2/2
f 1710/2/2 1711/2/2 1714/2/2
f 1714/2/2 1711/2/2 1715/2/2
f 1718/2/2 1719/2/2 1720/2/2
f 1720/2/2 1719/2/2 1721/2/2
f 1716/1/2 1717/1/2 1722/1/2
f 1722/1/2 1717/1/2 1723/1/2
f 1720/1/2 1721/1/2 1724/1/2
f 1724/1/2 1721/1/2 1725/1/2
f 1726/1/2 1727/1/2 1730/1/2
f 1730/1/2 1727/1/2 1731/1/2
f 1728/1/2 1729/1/2 1732/1/2
f 1732/1/2 1729/1/2 1733/1/2
f 1734/1/2 1735/1/2 1738/1/2
f 1738/1/2 1735/1/2 1739/1/2
f 1736/1/2 1737/1/2 1740/1/2
f 1740/1/2 1737/1/2 1741/1/2
f 1742/1/2 1743/1/2 1744/1/2
f 1744/1/2 1743/1/2 1745/1/2
f 1746/3/2 1747/3/2 1748/3/2
f 1748/3/2 1747/3/2 1749/3/2
f 1746/3/2 1748/3/2 1751/3/2
f 1749/3/2 1747/3/2 1752/3/2
f 1750/3/2 1751/3/2 1754/3/2
f 1751/3/2 1748/3/2 1755/3/2
f 1754/3/2 1751/3/2 1755/3/2
f 1749/3/2 1752/3/2 1756/3/2
f 1752/3/2 1753/3/2 1756/3/2
f 1756/3/2 1753/3/2 1757/3/2
f 1755/3/2 1748/3/2 1758/3/2
f 1749/3/2 1756/3/2 1759/3/2
f 1755/3/2 1758/3/2 1760/3/2
f 1758/3/2 1759/3/2 1760/3/2
f 1759/3/2 1756/3/2 1761/3/2
f 1760/3/2 1759/3/2 1761/3/2
f 1762/2/2 1763/2/2 1765/2/2
f 1765/2/2 1763/2/2 1766/2/2
f 1766/2/2 1763/2/2 1767/2/2
f 1767/2/2 1763/2/2 1768/2/2
f 1764/2/2 1765/2/2 1770/2/2
f 1765/2/2 1766/2/2 1770/2/2
f 1770/2/2 1766/2/2 1771/2/2
f 1768/2/2 1769/2/2 1772/2/2
f 1767/2/2 1768/2/2 1772/2/2
f 1772/2/2 1769/2/2 1773/2/2
f 1764/2/2 1770/2/2 1775/2/2
f 1775/2/2 1770/2/2 1776/2/2
f 1773/2/2 1769/2/2 1777/2/2
f 1777/2/2 1769/2/2 1778/2/2
f 1774/1/2 1775/1/2 1780/1/2
f 1780/1/2 1775/1/2 1781/1/2
f 1778/1/2 1779/1/2 1782/1/2
f 1782/1/2 1779/1/2 1783/1/2
f 1784/1/2 1785/1/2 1788/1/2
f 1788/1/2 1785/1/2 1789/1/2
f 1786/1/2 1787/1/2 1790/1/2
f 1790/1/2 1787/1/2 1791/1/2
f 1792/3/2 1793/3/2 1794/3/2
f 1794/3/2 1793/3/2 1795/3/2
f 1796/2/2 1797/2/2 1799/2/2
f 1799/2/2 1797/2/2 1800/2/2
f 1800/2/2 1797/2/2 1801/2/2
f 1801/2/2 1797/2/2 1802/2/2
f 1802/2/2 1797/2/2 1803/2/2
f 1803/2/2 1797/2/2 1804/2/2
f 1798/2/2 1799/2/2 1806/2/2
f 1799/2/2 1800/2/2 1806/2/2
f 1800/1/2 1801/1/2 1807/1/2
f 1806/2/2 1800/2/2 1807/2/2
f 1807/1/2 1801/1/2 1808/1/2
f 1802/1/2 1803/1/2 1809/1/2
f 1804/2/2 1805/2/2 1810/2/2
f 1809/1/2 1803/1/2 1810/1/2
f 1803/2/2 1804/2/2 1810/2/2
f 1810/2/2 1805/2/2 1811/2/2
f 1798/2/2 1806/2/2 1813/2/2
f 1806/1/2 1807/1/2 1814/1/2
f 1813/2/2 1806/2/2 1814/2/2
f 1814/1/2 1807/1/2 1815/1/2
f 1810/1/2 1811/1/2 1816/1/2
f 1811/2/2 1805/2/2 1817/2/2
f 1816/1/2 1811/1/2 1817/1/2
f 1817/2/2 1805/2/2 1818/2/2
f 1812/1/2 1813/1/2 1820/1/2
f 1813/1/2 1814/1/2 1820/1/2
f 1820/1/2 1814/1/2 1821/1/2
f 1818/1/2 1819/1/2 1822/1/2
f 1817/1/2 1818/1/2 1822/1/2
f 1822/1/2 1819/1/2 1823/1/2
f 1812/1/2 1820/1/2 1824/1/2
f 1823/1/2 1819/1/2 1825/1/2
f 1812/1/2 1824/1/2 1826/1/2
f 1826/1/2 1824/1/2 1827/1/2
f 1825/1/2 1819/1/2 1828/1/2
f 1828/1/2 1819/1/2 1829/1/2
f 1830/1/2 1831/1/2 1833/1/2
f 1833/1/2 1831/1/2 1834/1/2
f 1832/1/2 1833/1/2 1837/1/2
f 1834/1/2 1835/1/2 1837/1/2
f 1833/1/2 1834/1/2 1837/1/2
f 1837/1/2 1835/1/2 1838/1/2
f 1836/1/2 1837/1/2 1841/1/2
f 1838/1/2 1839/1/2 1841/1/2
f 1837/1/2 1838/1/2 1841/1/2
f 1841/1/2 1839/1/2 1842/1/2
f 1840/1/2 1841/1/2 1844/1/2
f 1842/1/2 1843/1/2 1844/1/2
f 1841/1/2 1842/1/2 1844/1/2
f 1844/1/2 1843/1/2 1845/1/2
f 1845/1/2 1843/1/2 1846/1/2
f 1846/1/2 1843/1/2 1847/1/2
f 1845/3/2 1846/3/2 1848/3/2
f 1848/3/2 1846/3/2 1849/3/2
f 1850/5/2 1851/5/2 1852/5/2
f 1852/5/2 1851/5/2 1853/5/2
f 1854/3/2 1855/3/2 1858/3/2
f 1858/3/2 1855/3/2 1859/3/2
f 1856/3/2 1857/3/2 1862/3/2
f 1862/3/2 1857/3/2 1863/3/2
f 1860/5/2 1861/5/2 1865/5/2
f 1865/5/2 1861/5/2 1866/5/2
f 1864/5/2 1865/5/2 1868/5/2
f 1866/5/2 1867/5/2 1868/5/2
f 1865/5/2 1866/5/2 1868/5/2
f 1868/5/2 1867/5/2 1869/5/2
f 1864/5/2 1868/5/2 1870/5/2
f 1870/5/2 1868/5/2 1871/5/2
f 1869/5/2 1867/5/2 1872/5/2
f 1872/5/2 1867/5/2 1873/5/2
f 1874/5/2 1875/5/2 1876/5/2
f 1876/5/2 1875/5/2 1877/5/2
f 1878/3/2 1879/3/2 1883/3/2
f 1883/3/2 1879/3/2 1884/3/2
f 1880/3/2 1881/3/2 1885/3/2
f 1885/3/2 1881/3/2 1886/3/2
f 1882/3/2 1883/3/2 1888/3/2
f 1883/5/2 1884/5/2 1889/5/2
f 1888/3/2 1883/3/2 1889/3/2
f 1889/5/2 1884/5/2 1890/5/2
f 1885/5/2 1886/5/2 1891/5/2
f 1886/3/2 1887/3/2 1892/3/2
f 1891/5/2 1886/5/2 1892/5/2
f 1892/3/2 1887/3/2 1893/3/2
f 1894/5/2 1895/5/2 1898/5/2
f 1898/5/2 1895/5/2 1899/5/2
f 1896/5/2 1897/5/2 1900/5/2
f 1900/5/2 1897/5/2 1901/5/2
f 1902/3/2 1903/3/2 1906/3/2
f 1906/3/2 1903/3/2 1907/3/2
f 1904/3/2 1905/3/2 1908/3/2
f 1908/3/2 1905/3/2 1909/3/2
f 1910/5/2 1911/5/2 1914/5/2
f 1914/5/2 1911/5/2 1915/5/2
f 1912/5/2 1913/5/2 1916/5/2
f 1916/5/2 1913/5/2 1917/5/2
f 1918/1/2 1919/1/2 1920/1/2
f 1920/1/2 1919/1/2 1921/1/2
f 1922/3/2 1923/3/2 1926/3/2
f 1926/3/2 1923/3/2 1927/3/2
f 1927/3/2 1923/3/2 1928/3/2
f 1924/3/2 1925/3/2 1929/3/2
f 1929/3/2 1925/3/2 1930/3/2
f 1930/3/2 1925/3/2 1931/3/2
f 1932/2/2 1933/2/2 1936/2/2
f 1936/2/2 1933/2/2 1937/2/2
f 1934/2/2 1935/2/2 1938/2/2
f 1938/2/2 1935/2/2 1939/2/2
f 1940/1/2 1941/1/2 1942/1/2
f 1942/1/2 1941/1/2 1943/1/2
f 1940/1/2 1942/1/2 1944/1/2
f 1943/1/2 1941/1/2 1945/1/2
f 1940/1/2 1944/1/2 1946/1/2
f 1944/1/2 1945/1/2 1946/1/2
f 1945/1/2 1941/1/2 1947/1/2
f 1946/1/2 1945/1/2 1947/1/2
f 1948/2/2 1949/2/2 1954/2/2
f 1949/3/2 1950/3/2 1955/3/2
f 1954/2/2 1949/2/2 1955/2/2
f 1955/3/2 1950/3/2 1956/3/2
f 1951/3/2 1952/3/2 1957/3/2
f 1952/2/2 1953/2/2 1958/2/2
f 1957/3/2 1952/3/2 1958/3/2
f 1958/2/2 1953/2/2 1959/2/2
f 1960/2/2 1961/2/2 1964/2/2
f 1964/2/2 1961/2/2 1965/2/2
f 1962/2/2 1963/2/2 1968/2/2
f 1968/2/2 1963/2/2 1969/2/2
f 1966/2/2 1967/2/2 1970/2/2
f 1970/2/2 1967/2/2 1971/2/2
f 1972/1/2 1973/1/2 1974/1/2
f 1974/1/2 1973/1/2 1975/1/2
f 1976/1/2 1977/1/2 1980/1/2
f 1980/1/2 1977/1/2 1981/1/2
f 1978/1/2 1979/1/2 1982/1/2
f 1982/1/2 1979/1/2 1983/1/2
f 1984/1/2 1985/1/2 1986/1/2
f 1986/1/2 1985/1/2 1987/1/2
f 1988/3/2 1989/3/2 1992/3/2
f 1992/3/2 1989/3/2 1993/3/2
f 1990/3/2 1991/3/2 1996/3/2
f 1996/3/2 1991/3/2 1997/3/2
f 1993/2/2 1994/2/2 1998/2/2
f 1992/2/2 1993/2/2 1998/2/2
f 1998/2/2 1994/2/2 1999/2/2
f 1996/2/2 1997/2/2 2000/2/2
f 1995/2/2 1996/2/2 2000/2/2
f 2000/2/2 1997/2/2 2001/2/2
f 1999/2/2 2000/2/2 2002/2/2
f 2002/2/2 2000/2/2 2003/2/2
f 2004/2/2 2005/2/2 2008/2/2
f 2005/3/2 2006/3/2 2009/3/2
f 2008/2/2 2005/2/2 2009/2/2
f 2006/2/2 2007/2/2 2010/2/2
f 2009/3/2 2006/3/2 2010/3/2
f 2010/2/2 2007/2/2 2011/2/2
f 2009/2/2 2010/2/2 2012/2/2
f 2012/2/2 2010/2/2 2013/2/2
f 2014/1/2 2015/1/2 2016/1/2
f 2016/1/2 2015/1/2 2017/1/2
f 2018/1/2 2019/1/2 2022/1/2
f 2022/1/2 2019/1/2 2023/1/2
f 2020/1/2 2021/1/2 2024/1/2
f 2024/1/2 2021/1/2 2025/1/2
f 2026/1/2 2027/1/2 2028/1/2
f 2028/1/2 2027/1/2 2029/1/2
f 2030/1/2 2031/1/2 2033/1/2
f 2033/1/2 2031/1/2 2034/1/2
f 2032/1/2 2033/1/2 2036/1/2
f 2036/1/2 2033/1/2 2037/1/2
f 2034/1/2 2035/1/2 2038/1/2
f 2038/1/2 2035/1/2 2039/1/2
f 2037/1/2 2038/1/2 2040/1/2
f 2040/1/2 2038/1/2 2041/1/2
f 2042/1/2 2043/1/2 2044/1/2
f 2044/1/2 2043/1/2 2045/1/2
f 2042/1/2 2044/1/2 2046/1/2
f 2045/1/2 2043/1/2 2047/1/2
f 2042/1/2 2046/1/2 2048/1/2
f 2046/1/2 2047/1/2 2048/1/2
f 2047/1/2 2043/1/2 2049/1/2
f 2048/1/2 2047/1/2 2049/1/2
f 2050/1/2 2051/1/2 2052/1/2
f 2052/1/2 2051/1/2 2053/1/2
f 2057/1/3 2055/1/3 2054/1/3
f 2058/1/3 2055/1/3 2057/1/3
f 2061/1/3 2057/1/3 2056/1/3
f 2061/1/3 2059/1/3 2058/1/3
f 2061/1/3 2058/1/3 2057/1/3
f 2062/1/3 2059/1/3 2061/1/3
f 2065/1/3 2061/1/3 2060/1/3
f 2065/1/3 2063/1/3 2062/1/3
f 2065/1/3 2062/1/3 2061/1/3
f 2066/1/3 2065/1/3 2064/1/3
f 2067/1/3 2063/1/3 2065/1/3
f 2067/1/3 2065/1/3 2066/1/3
f 2068/1/3 2063/1/3 2067/1/3
f 2069/1/3 2063/1/3 2068/1/3
f 2070/1/3 2063/1/3 2069/1/3
f 2071/1/3 2063/1/3 2070/1/3
f 2072/1/3 2070/1/3 2069/1/3
f 2073/1/3 2070/1/3 2072/1/3
f 2074/1/3 2070/1/3 2073/1/3
f 2075/1/3 2070/1/3 2074/1/3
f 2076/1/3 2074/1/3 2073/1/3
f 2077/1/3 2074/1/3 2076/1/3
f 2082/1/3 2079/1/3 2078/1/3
f 2083/1/3 2079/1/3 2082/1/3
f 2084/1/3 2079/1/3 2083/1/3
f 2085/1/3 2079/1/3 2084/1/3
f 2088/2/3 2081/2/3 2080/2/3
f 2089/1/3 2082/1/3 2081/1/3
f 2089/1/3 2083/1/3 2082/1/3
f 2090/1/3 2083/1/3 2089/1/3
f 2091/1/3 2085/1/3 2084/1/3
f 2091/1/3 2086/1/3 2085/1/3
f 2092/1/3 2086/1/3 2091/1/3
f 2093/1/3 2086/1/3 2092/1/3
f 2095/2/3 2088/2/3 2087/2/3
f 2095/2/3 2081/2/3 2088/2/3
f 2096/1/3 2089/1/3 2081/1/3
f 2096/2/3 2081/2/3 2095/2/3
f 2097/1/3 2089/1/3 2096/1/3
f 2098/1/3 2094/1/3 2093/1/3
f 2098/1/3 2093/1/3 2092/1/3
f 2099/1/3 2094/1/3 2098/1/3
f 2103/2/3 2095/2/3 2087/2/3
f 2104/1/3 2096/1/3 2095/1/3
f 2104/2/3 2095/2/3 2103/2/3
f 2105/1/3 2096/1/3 2104/1/3
f 2106/1/3 2101/1/3 2100/1/3
f 2108/2/3 2103/2/3 2102/2/3
f 2108/2/3 2104/2/3 2103/2/3
f 2109/2/3 2104/2/3 2108/2/3
f 2110/2/3 2104/2/3 2109/2/3
f 2111/1/3 2107/1/3 2106/1/3
f 2113/1/3 2111/1/3 2106/1/3
f 2113/1/3 2112/1/3 2111/1/3
f 2114/1/3 2112/1/3 2113/1/3
f 2115/1/3 2106/1/3 2100/1/3
f 2115/1/3 2113/1/3 2106/1/3
f 2116/1/3 2113/1/3 2115/1/3
f 2118/1/3 2110/1/3 2109/1/3
f 2119/1/3 2115/1/3 2100/1/3
f 2120/1/3 2115/1/3 2119/1/3
f 2121/1/3 2118/1/3 2117/1/3
f 2122/1/3 2110/1/3 2118/1/3
f 2122/1/3 2118/1/3 2121/1/3
f 2123/1/3 2110/1/3 2122/1/3
f 2125/1/3 2123/1/3 2122/1/3
f 2125/1/3 2124/1/3 2123/1/3
f 2128/1/3 2094/1/3 2099/1/3
f 2129/1/3 2126/1/3 2125/1/3
f 2129/1/3 2125/1/3 2122/1/3
f 2130/1/3 2126/1/3 2129/1/3
f 2131/1/3 2126/1/3 2130/1/3
f 2134/1/3 2128/1/3 2127/1/3
f 2135/1/3 2094/1/3 2128/1/3
f 2135/1/3 2128/1/3 2134/1/3
f 2136/1/3 2094/1/3 2135/1/3
f 2137/1/3 2132/1/3 2131/1/3
f 2137/1/3 2131/1/3 2130/1/3
f 2138/1/3 2132/1/3 2137/1/3
f 2139/1/3 2132/1/3 2138/1/3
f 2140/1/3 2134/1/3 2133/1/3
f 2140/1/3 2135/1/3 2134/1/3
f 2141/1/3 2135/1/3 2140/1/3
f 2142/1/3 2135/1/3 2141/1/3
f 2143/1/3 2139/1/3 2138/1/3
f 2143/1/3 2141/1/3 2140/1/3
f 2143/1/3 2140/1/3 2139/1/3
f 2144/1/3 2141/1/3 2143/1/3
f 2148/2/3 2146/2/3 2145/2/3
f 2149/2/3 2146/2/3 2148/2/3
f 2152/3/3 2148/3/3 2147/3/3
f 2152/3/3 2149/3/3 2148/3/3
f 2153/3/3 2149/3/3 2152/3/3
f 2154/2/3 2150/2/3 2149/2/3
f 2154/3/3 2149/3/3 2153/3/3
f 2155/2/3 2150/2/3 2154/2/3
f 2156/3/3 2153/3/3 2152/3/3
f 2156/3/3 2152/3/3 2151/3/3
f 2157/2/3 2154/2/3 2153/2/3
f 2157/3/3 2153/3/3 2156/3/3
f 2158/2/3 2154/2/3 2157/2/3
f 2159/3/3 2156/3/3 2151/3/3
f 2160/2/3 2157/2/3 2156/2/3
f 2160/3/3 2156/3/3 2159/3/3
f 2161/2/3 2157/2/3 2160/2/3
f 2165/1/3 2163/1/3 2162/1/3
f 2166/1/3 2163/1/3 2165/1/3
f 2167/1/3 2163/1/3 2166/1/3
f 2170/2/3 2165/2/3 2164/2/3
f 2171/2/3 2165/2/3 2170/2/3
f 2172/2/3 2165/2/3 2171/2/3
f 2173/2/3 2165/2/3 2172/2/3
f 2174/1/3 2167/1/3 2166/1/3
f 2174/1/3 2168/1/3 2167/1/3
f 2175/1/3 2168/1/3 2174/1/3
f 2178/2/3 2170/2/3 2169/2/3
f 2178/2/3 2171/2/3 2170/2/3
f 2179/2/3 2171/2/3 2178/2/3
f 2180/1/3 2168/1/3 2175/1/3
f 2181/1/3 2168/1/3 2180/1/3
f 2182/1/3 2177/1/3 2176/1/3
f 2185/2/3 2178/2/3 2169/2/3
f 2186/1/3 2183/1/3 2182/1/3
f 2186/1/3 2182/1/3 2176/1/3
f 2187/1/3 2183/1/3 2186/1/3
f 2188/1/3 2183/1/3 2187/1/3
f 2190/2/3 2185/2/3 2184/2/3
f 2191/2/3 2178/2/3 2185/2/3
f 2191/2/3 2185/2/3 2190/2/3
f 2192/2/3 2178/2/3 2191/2/3
f 2193/1/3 2189/1/3 2188/1/3
f 2193/1/3 2188/1/3 2187/1/3
f 2194/1/3 2189/1/3 2193/1/3
f 2197/1/3 2189/1/3 2194/1/3
f 2198/1/3 2189/1/3 2197/1/3
f 2199/1/3 2189/1/3 2198/1/3
f 2202/1/3 2200/1/3 2199/1/3
f 2202/1/3 2199/1/3 2198/1/3
f 2203/1/3 2200/1/3 2202/1/3
f 2204/1/3 2200/1/3 2203/1/3
f 2206/1/3 2202/1/3 2201/1/3
f 2206/1/3 2203/1/3 2202/1/3
f 2207/6/3 2196/6/3 2195/6/3
f 2208/6/3 2196/6/3 2207/6/3
f 2210/1/3 2206/1/3 2205/1/3
f 2211/1/3 2203/1/3 2206/1/3
f 2211/1/3 2206/1/3 2210/1/3
f 2212/1/3 2203/1/3 2211/1/3
f 2216/1/3 2210/1/3 2209/1/3
f 2216/1/3 2211/1/3 2210/1/3
f 2217/1/3 2211/1/3 2216/1/3
f 2218/2/3 2215/2/3 2214/2/3
f 2218/2/3 2214/2/3 2213/2/3
f 2219/2/3 2215/2/3 2218/2/3
f 2220/1/3 2216/1/3 2209/1/3
f 2221/1/3 2216/1/3 2220/1/3
f 2222/2/3 2215/2/3 2219/2/3
f 2226/2/3 2222/2/3 2219/2/3
f 2226/2/3 2223/2/3 2222/2/3
f 2227/2/3 2223/2/3 2226/2/3
f 2228/2/3 2223/2/3 2227/2/3
f 2231/1/3 2225/1/3 2224/1/3
f 2232/2/3 2229/2/3 2228/2/3
f 2232/2/3 2228/2/3 2227/2/3
f 2233/2/3 2229/2/3 2232/2/3
f 2234/1/3 2231/1/3 2230/1/3
f 2235/1/3 2225/1/3 2231/1/3
f 2235/1/3 2231/1/3 2234/1/3
f 2236/1/3 2225/1/3 2235/1/3
f 2237/1/3 2234/1/3 2233/1/3
f 2237/1/3 2235/1/3 2234/1/3
f 2238/1/3 2235/1/3 2237/1/3
f 2242/3/3 2240/3/3 2239/3/3
f 2242/2/3 2241/2/3 2240/2/3
f 2243/2/3 2241/2/3 2242/2/3
f 2245/3/3 2243/3/3 2242/3/3
f 2245/3/3 2242/3/3 2239/3/3
f 2246/3/3 2243/3/3 2245/3/3
f 2247/2/3 2244/2/3 2243/2/3
f 2247/3/3 2243/3/3 2246/3/3
f 2248/2/3 2244/2/3 2247/2/3
f 2250/3/3 2248/3/3 2247/3/3
f 2250/3/3 2247/3/3 2246/3/3
f 2251/3/3 2248/3/3 2250/3/3
f 2252/2/3 2249/2/3 2248/2/3
f 2252/3/3 2248/3/3 2251/3/3
f 2253/2/3 2249/2/3 2252/2/3
f 2254/2/3 2252/2/3 2251/2/3
f 2255/2/3 2252/2/3 2254/2/3
f 2258/1/3 2257/1/3 2256/1/3
f 2259/1/3 2257/1/3 2258/1/3
f 2263/3/3 2261/3/3 2260/3/3
f 2264/3/3 2261/3/3 2263/3/3
f 2265/2/3 2262/2/3 2261/2/3
f 2265/3/3 2261/3/3 2264/3/3
f 2267/2/3 2262/2/3 2265/2/3
f 2271/3/3 2267/3/3 2266/3/3
f 2272/2/3 2262/2/3 2267/2/3
f 2272/3/3 2267/3/3 2271/3/3
f 2273/2/3 2262/2/3 2272/2/3
f 2275/3/3 2269/3/3 2268/3/3
f 2276/3/3 2269/3/3 2275/3/3
f 2278/3/3 2271/3/3 2270/3/3
f 2280/3/3 2277/3/3 2276/3/3
f 2280/3/3 2278/3/3 2277/3/3
f 2280/3/3 2275/3/3 2274/3/3
f 2280/3/3 2276/3/3 2275/3/3
f 2281/3/3 2278/3/3 2280/3/3
f 2282/3/3 2271/3/3 2278/3/3
f 2282/3/3 2278/3/3 2281/3/3
f 2283/2/3 2272/2/3 2271/2/3
f 2283/3/3 2271/3/3 2282/3/3
f 2284/2/3 2272/2/3 2283/2/3
f 2287/1/3 2281/1/3 2280/1/3
f 2287/1/3 2280/1/3 2279/1/3
f 2288/2/3 2282/2/3 2281/2/3
f 2288/1/3 2281/1/3 2287/1/3
f 2289/2/3 2282/2/3 2288/2/3
f 2292/2/3 2286/2/3 2285/2/3
f 2293/2/3 2286/2/3 2292/2/3
f 2295/2/3 2291/2/3 2290/2/3
f 2296/2/3 2291/2/3 2295/2/3
f 2299/1/3 2298/1/3 2297/1/3
f 2300/1/3 2298/1/3 2299/1/3
f 2302/2/3 2295/2/3 2294/2/3
f 2303/2/3 2295/2/3 2302/2/3
f 2308/1/3 2301/1/3 2300/1/3
f 2309/1/3 2301/1/3 2308/1/3
f 2314/3/3 2307/3/3 2306/3/3
f 2315/3/3 2307/3/3 2314/3/3
f 2317/6/3 2312/6/3 2311/6/3
f 2319/3/3 2316/3/3 2315/3/3
f 2319/3/3 2315/3/3 2314/3/3
f 2319/3/3 2314/3/3 2313/3/3
f 2320/3/3 2316/3/3 2319/3/3
f 2322/1/3 2310/1/3 2309/1/3
f 2323/1/3 2310/1/3 2322/1/3
f 2326/6/3 2317/6/3 2311/6/3
f 2327/3/3 2321/3/3 2320/3/3
f 2327/3/3 2319/3/3 2318/3/3
f 2327/3/3 2320/3/3 2319/3/3
f 2328/3/3 2321/3/3 2327/3/3
f 2329/3/3 2321/3/3 2328/3/3
f 2330/3/3 2321/3/3 2329/3/3
f 2332/1/3 2325/1/3 2324/1/3
f 2333/1/3 2325/1/3 2332/1/3
f 2334/6/3 2326/6/3 2311/6/3
f 2335/6/3 2326/6/3 2334/6/3
f 2336/3/3 2329/3/3 2328/3/3
f 2337/3/3 2329/3/3 2336/3/3
f 2338/3/3 2329/3/3 2337/3/3
f 2339/3/3 2329/3/3 2338/3/3
f 2341/1/3 2332/1/3 2331/1/3
f 2342/1/3 2332/1/3 2341/1/3
f 2345/1/3 2305/1/3 2304/1/3
f 2346/1/3 2305/1/3 2345/1/3
f 2347/3/3 2338/3/3 2337/3/3
f 2348/3/3 2338/3/3 2347/3/3
f 2349/1/3 2341/1/3 2340/1/3
f 2350/1/3 2341/1/3 2349/1/3
f 2351/2/3 2344/2/3 2343/2/3
f 2352/2/3 2344/2/3 2351/2/3
f 2354/2/3 2353/2/3 2352/2/3
f 2355/2/3 2353/2/3 2354/2/3
f 2358/2/3 2357/2/3 2356/2/3
f 2359/2/3 2357/2/3 2358/2/3
f 2363/1/3 2361/1/3 2360/1/3
f 2364/1/3 2361/1/3 2363/1/3
f 2365/2/3 2362/2/3 2361/2/3
f 2365/1/3 2361/1/3 2364/1/3
f 2366/2/3 2362/2/3 2365/2/3
f 2369/3/3 2365/3/3 2364/3/3
f 2369/3/3 2367/3/3 2366/3/3
f 2369/3/3 2366/3/3 2365/3/3
f 2370/3/3 2367/3/3 2369/3/3
f 2371/3/3 2367/3/3 2370/3/3
f 2372/3/3 2367/3/3 2371/3/3
f 2373/3/3 2367/3/3 2372/3/3
f 2374/3/3 2371/3/3 2370/3/3
f 2375/3/3 2371/3/3 2374/3/3
f 2376/3/3 2367/3/3 2373/3/3
f 2377/2/3 2368/2/3 2367/2/3
f 2377/3/3 2367/3/3 2376/3/3
f 2378/2/3 2368/2/3 2377/2/3
f 2380/3/3 2378/3/3 2377/3/3
f 2381/2/3 2379/2/3 2378/2/3
f 2381/3/3 2378/3/3 2380/3/3
f 2383/2/3 2379/2/3 2381/2/3
f 2384/3/3 2383/3/3 2382/3/3
f 2387/3/3 2383/3/3 2384/3/3
f 2388/2/3 2379/2/3 2383/2/3
f 2388/3/3 2383/3/3 2387/3/3
f 2389/2/3 2379/2/3 2388/2/3
f 2390/1/3 2386/1/3 2385/1/3
f 2391/1/3 2386/1/3 2390/1/3
f 2394/1/3 2393/1/3 2392/1/3
f 2395/1/3 2393/1/3 2394/1/3
f 2398/1/3 2394/1/3 2392/1/3
f 2399/1/3 2393/1/3 2395/1/3
f 2400/2/3 2397/2/3 2396/2/3
f 2401/2/3 2397/2/3 2400/2/3
f 2402/1/3 2399/1/3 2398/1/3
f 2402/1/3 2398/1/3 2392/1/3
f 2403/1/3 2393/1/3 2399/1/3
f 2403/1/3 2399/1/3 2402/1/3
f 2409/2/3 2405/2/3 2404/2/3
f 2410/2/3 2405/2/3 2409/2/3
f 2411/3/3 2407/3/3 2406/3/3
f 2412/3/3 2407/3/3 2411/3/3
f 2413/2/3 2409/2/3 2408/2/3
f 2414/2/3 2409/2/3 2413/2/3
f 2421/1/3 2416/1/3 2415/1/3
f 2422/1/3 2416/1/3 2421/1/3
f 2423/2/3 2418/2/3 2417/2/3
f 2424/2/3 2418/2/3 2423/2/3
f 2425/2/3 2420/2/3 2419/2/3
f 2426/2/3 2420/2/3 2425/2/3
f 2427/1/3 2424/1/3 2423/1/3
f 2428/1/3 2424/1/3 2427/1/3
f 2433/1/3 2430/1/3 2429/1/3
f 2434/1/3 2430/1/3 2433/1/3
f 2440/3/3 2432/3/3 2431/3/3
f 2441/3/3 2432/3/3 2440/3/3
f 2443/1/3 2436/1/3 2435/1/3
f 2444/1/3 2436/1/3 2443/1/3
f 2446/1/3 2438/1/3 2437/1/3
f 2447/1/3 2438/1/3 2446/1/3
f 2448/3/3 2442/3/3 2441/3/3
f 2448/3/3 2441/3/3 2440/3/3
f 2448/3/3 2440/3/3 2439/3/3
f 2449/3/3 2442/3/3 2448/3/3
f 2450/3/3 2442/3/3 2449/3/3
f 2451/3/3 2442/3/3 2450/3/3
f 2453/1/3 2445/1/3 2444/1/3
f 2454/1/3 2445/1/3 2453/1/3
f 2455/3/3 2449/3/3 2448/3/3
f 2455/3/3 2448/3/3 2447/3/3
f 2456/3/3 2449/3/3 2455/3/3
f 2457/3/3 2452/3/3 2451/3/3
f 2457/3/3 2451/3/3 2450/3/3
f 2458/3/3 2452/3/3 2457/3/3
f 2459/3/3 2455/3/3 2447/3/3
f 2460/3/3 2455/3/3 2459/3/3
f 2461/3/3 2452/3/3 2458/3/3
f 2462/3/3 2452/3/3 2461/3/3
f 2463/3/3 2452/3/3 2462/3/3
f 2465/3/3 2459/3/3 2447/3/3
f 2468/3/3 2464/3/3 2463/3/3
f 2468/3/3 2463/3/3 2462/3/3
f 2469/3/3 2464/3/3 2468/3/3
f 2470/3/3 2464/3/3 2469/3/3
f 2473/3/3 2466/3/3 2465/3/3
f 2476/3/3 2468/3/3 2467/3/3
f 2476/3/3 2469/3/3 2468/3/3
f 2478/1/3 2472/1/3 2471/1/3
f 2479/1/3 2472/1/3 2478/1/3
f 2481/3/3 2465/3/3 2447/3/3
f 2481/3/3 2474/3/3 2473/3/3
f 2481/3/3 2473/3/3 2465/3/3
f 2482/3/3 2474/3/3 2481/3/3
f 2483/3/3 2474/3/3 2482/3/3
f 2484/3/3 2476/3/3 2475/3/3
f 2485/3/3 2469/3/3 2476/3/3
f 2485/3/3 2476/3/3 2484/3/3
f 2486/3/3 2469/3/3 2485/3/3
f 2489/1/3 2478/1/3 2477/1/3
f 2490/1/3 2478/1/3 2489/1/3
f 2491/1/3 2481/1/3 2480/1/3
f 2492/1/3 2481/1/3 2491/1/3
f 2493/3/3 2483/3/3 2482/3/3
f 2493/3/3 2484/3/3 2483/3/3
f 2493/3/3 2485/3/3 2484/3/3
f 2494/3/3 2485/3/3 2493/3/3
f 2495/3/3 2485/3/3 2494/3/3
f 2496/3/3 2485/3/3 2495/3/3
f 2497/1/3 2488/1/3 2487/1/3
f 2498/1/3 2488/1/3 2497/1/3
f 2499/3/3 2495/3/3 2494/3/3
f 2500/3/3 2495/3/3 2499/3/3
f 2505/2/3 2502/2/3 2501/2/3
f 2506/2/3 2502/2/3 2505/2/3
f 2509/1/3 2504/1/3 2503/1/3
f 2510/1/3 2504/1/3 2509/1/3
f 2511/1/3 2508/1/3 2507/1/3
f 2512/1/3 2508/1/3 2511/1/3
f 2513/2/3 2510/2/3 2509/2/3
f 2514/2/3 2510/2/3 2513/2/3
f 2519/3/3 2516/3/3 2515/3/3
f 2520/3/3 2516/3/3 2519/3/3
f 2521/2/3 2518/2/3 2517/2/3
f 2522/2/3 2518/2/3 2521/2/3
f 2526/2/3 2523/2/3 2522/2/3
f 2527/2/3 2523/2/3 2526/2/3
f 2528/1/3 2525/1/3 2524/1/3
f 2529/1/3 2525/1/3 2528/1/3
f 2532/2/3 2531/2/3 2530/2/3
f 2533/2/3 2531/2/3 2532/2/3
f 2534/1/3 2528/1/3 2524/1/3
f 2535/1/3 2525/1/3 2529/1/3
f 2536/1/3 2534/1/3 2524/1/3
f 2536/1/3 2535/1/3 2534/1/3
f 2537/1/3 2525/1/3 2535/1/3
f 2537/1/3 2535/1/3 2536/1/3
f 2541/1/3 2539/1/3 2538/1/3
f 2542/1/3 2539/1/3 2541/1/3
f 2546/2/3 2545/2/3 2544/2/3
f 2547/2/3 2545/2/3 2546/2/3
f 2549/1/3 2541/1/3 2540/1/3
f 2550/1/3 2541/1/3 2549/1/3
f 2551/1/3 2543/1/3 2542/1/3
f 2552/1/3 2543/1/3 2551/1/3
f 2553/2/3 2548/2/3 2547/2/3
f 2554/2/3 2548/2/3 2553/2/3
f 2555/1/3 2551/1/3 2550/1/3
f 2556/1/3 2551/1/3 2555/1/3
f 2560/2/3 2558/2/3 2557/2/3
f 2564/3/3 2560/3/3 2559/3/3
f 2565/2/3 2558/2/3 2560/2/3
f 2565/3/3 2560/3/3 2564/3/3
f 2566/2/3 2558/2/3 2565/2/3
f 2567/1/3 2562/1/3 2561/1/3
f 2568/1/3 2562/1/3 2567/1/3
f 2569/3/3 2564/3/3 2563/3/3
f 2570/2/3 2565/2/3 2564/2/3
f 2570/3/3 2564/3/3 2569/3/3
f 2571/2/3 2565/2/3 2570/2/3
f 2572/2/3 2570/2/3 2569/2/3
f 2573/2/3 2570/2/3 2572/2/3
f 2584/1/3 2575/1/3 2574/1/3
f 2585/1/3 2575/1/3 2584/1/3
f 2586/7/3 2577/7/3 2576/7/3
f 2587/7/3 2577/7/3 2586/7/3
f 2588/1/3 2579/1/3 2578/1/3
f 2589/1/3 2579/1/3 2588/1/3
f 2590/3/3 2581/3/3 2580/3/3
f 2591/3/3 2581/3/3 2590/3/3
f 2592/3/3 2583/3/3 2582/3/3
f 2593/3/3 2583/3/3 2592/3/3
f 2595/3/3 2590/3/3 2589/3/3
f 2596/3/3 2590/3/3 2595/3/3
f 2597/3/3 2594/3/3 2593/3/3
f 2598/3/3 2594/3/3 2597/3/3
f 2602/3/3 2599/3/3 2598/3/3
f 2603/3/3 2599/3/3 2602/3/3
f 2606/3/3 2601/3/3 2600/3/3
f 2607/3/3 2606/3/3 2605/3/3
f 2608/3/3 2601/3/3 2606/3/3
f 2608/3/3 2606/3/3 2607/3/3
f 2609/3/3 2601/3/3 2608/3/3
f 2610/3/3 2601/3/3 2609/3/3
f 2612/3/3 2604/3/3 2603/3/3
f 2613/3/3 2604/3/3 2612/3/3
f 2617/3/3 2612/3/3 2611/3/3
f 2618/3/3 2612/3/3 2617/3/3
f 2624/3/3 2615/3/3 2614/3/3
f 2625/3/3 2615/3/3 2624/3/3
f 2628/3/3 2617/3/3 2616/3/3
f 2629/3/3 2617/3/3 2628/3/3
f 2630/1/3 2620/1/3 2619/1/3
f 2631/1/3 2620/1/3 2630/1/3
f 2632/7/3 2622/7/3 2621/7/3
f 2633/7/3 2622/7/3 2632/7/3
f 2634/1/3 2624/1/3 2623/1/3
f 2635/1/3 2624/1/3 2634/1/3
f 2636/3/3 2626/3/3 2625/3/3
f 2637/3/3 2626/3/3 2636/3/3
f 2638/3/3 2628/3/3 2627/3/3
f 2639/3/3 2628/3/3 2638/3/3
f 2644/2/3 2641/2/3 2640/2/3
f 2645/2/3 2641/2/3 2644/2/3
f 2647/1/3 2643/1/3 2642/1/3
f 2648/1/3 2643/1/3 2647/1/3
f 2649/3/3 2645/3/3 2644/3/3
f 2650/2/3 2646/2/3 2645/2/3
f 2650/3/3 2645/3/3 2649/3/3
f 2651/2/3 2646/2/3 2650/2/3
f 2653/3/3 2651/3/3 2650/3/3
f 2654/2/3 2652/2/3 2651/2/3
f 2654/3/3 2651/3/3 2653/3/3
f 2655/2/3 2652/2/3 2654/2/3
f 2656/2/3 2652/2/3 2655/2/3
f 2660/1/3 2658/1/3 2657/1/3
f 2661/1/3 2658/1/3 2660/1/3
f 2666/2/3 2664/2/3 2663/2/3
f 2667/2/3 2664/2/3 2666/2/3
f 2668/2/3 2666/2/3 2665/2/3
f 2669/2/3 2666/2/3 2668/2/3
f 2670/1/3 2660/1/3 2659/1/3
f 2671/1/3 2660/1/3 2670/1/3
f 2672/1/3 2662/1/3 2661/1/3
f 2673/1/3 2662/1/3 2672/1/3
f 2674/1/3 2672/1/3 2671/1/3
f 2675/1/3 2672/1/3 2674/1/3
f 2678/1/3 2677/1/3 2676/1/3
f 2679/1/3 2677/1/3 2678/1/3
f 2684/1/3 2681/1/3 2680/1/3
f 2685/1/3 2681/1/3 2684/1/3
f 2686/1/3 2683/1/3 2682/1/3
f 2687/1/3 2683/1/3 2686/1/3
f 2692/1/3 2691/1/3 2690/1/3
f 2693/1/3 2691/1/3 2692/1/3
f 2694/2/3 2689/2/3 2688/2/3
f 2695/2/3 2689/2/3 2694/2/3
f 2698/1/3 2697/1/3 2696/1/3
f 2699/1/3 2697/1/3 2698/1/3
f 2704/3/3 2701/3/3 2700/3/3
f 2705/3/3 2701/3/3 2704/3/3
f 2706/1/3 2703/1/3 2702/1/3
f 2707/1/3 2703/1/3 2706/1/3
f 2712/1/3 2709/1/3 2708/1/3
f 2713/1/3 2709/1/3 2712/1/3
f 2714/3/3 2711/3/3 2710/3/3
f 2715/3/3 2711/3/3 2714/3/3
f 2720/3/3 2717/3/3 2716/3/3
f 2721/3/3 2717/3/3 2720/3/3
f 2722/3/3 2719/3/3 2718/3/3
f 2723/3/3 2719/3/3 2722/3/3
f 2726/3/3 2725/3/3 2724/3/3
f 2727/3/3 2725/3/3 2726/3/3
f 2732/3/3 2729/3/3 2728/3/3
f 2733/3/3 2729/3/3 2732/3/3
f 2734/3/3 2731/3/3 2730/3/3
f 2735/3/3 2731/3/3 2734/3/3
f 2742/1/3 2737/1/3 2736/1/3
f 2743/1/3 2737/1/3 2742/1/3
f 2744/3/3 2739/3/3 2738/3/3
f 2745/3/3 2739/3/3 2744/3/3
f 2746/1/3 2741/1/3 2740/1/3
f 2747/1/3 2741/1/3 2746/1/3
f 2750/3/3 2749/3/3 2748/3/3
f 2751/3/3 2749/3/3 2750/3/3
f 2754/1/3 2753/1/3 2752/1/3
f 2755/1/3 2753/1/3 2754/1/3
f 2760/1/3 2759/1/3 2758/1/3
f 2761/1/3 2759/1/3 2760/1/3
f 2762/2/3 2757/2/3 2756/2/3
f 2763/2/3 2757/2/3 2762/2/3
f 2768/1/3 2765/1/3 2764/1/3
f 2769/1/3 2765/1/3 2768/1/3
f 2770/1/3 2767/1/3 2766/1/3
f 2771/1/3 2767/1/3 2770/1/3
f 2774/1/3 2773/1/3 2772/1/3
f 2775/1/3 2773/1/3 2774/1/3
f 2778/1/3 2777/1/3 2776/1/3
f 2779/1/3 2777/1/3 2778/1/3
f 2784/1/3 2781/1/3 2780/1/3
f 2785/1/3 2781/1/3 2784/1/3
f 2786/1/3 2783/1/3 2782/1/3
f 2787/1/3 2783/1/3 2786/1/3
f 2792/5/3 2789/5/3 2788/5/3
f 2793/5/3 2789/5/3 2792/5/3
f 2794/1/3 2791/1/3 2790/1/3
f 2795/1/3 2791/1/3 2794/1/3
f 2798/1/3 2797/1/3 2796/1/3
f 2799/1/3 2797/1/3 2798/1/3
f 2806/5/3 2801/5/3 2800/5/3
f 2807/5/3 2801/5/3 2806/5/3
f 2808/1/3 2803/1/3 2802/1/3
f 2809/1/3 2803/1/3 2808/1/3
f 2810/1/3 2805/1/3 2804/1/3
f 2811/1/3 2805/1/3 2810/1/3
f 2814/1/3 2813/1/3 2812/1/3
f 2815/1/3 2813/1/3 2814/1/3
f 2818/1/3 2817/1/3 2816/1/3
f 2819/1/3 2817/1/3 2818/1/3
f 2820/1/3 2818/1/3 2816/1/3
f 2821/1/3 2817/1/3 2819/1/3
f 2822/1/3 2820/1/3 2816/1/3
f 2822/1/3 2821/1/3 2820/1/3
f 2823/1/3 2817/1/3 2821/1/3
f 2823/1/3 2821/1/3 2822/1/3
f 2826/5/3 2825/5/3 2824/5/3
f 2827/5/3 2825/5/3 2826/5/3
f 2834/5/3 2829/5/3 2828/5/3
f 2835/5/3 2832/5/3 2831/5/3
f 2835/3/3 2831/3/3 2830/3/3
f 2836/5/3 2832/5/3 2835/5/3
f 2838/5/3 2834/5/3 2833/5/3
f 2839/5/3 2829/5/3 2834/5/3
f 2839/5/3 2834/5/3 2838/5/3
f 2840/5/3 2829/5/3 2839/5/3
f 2841/3/3 2835/3/3 2830/3/3
f 2842/3/3 2835/3/3 2841/3/3
f 2843/5/3 2838/5/3 2837/5/3
f 2843/5/3 2839/5/3 2838/5/3
f 2844/5/3 2839/5/3 2843/5/3
f 2847/1/3 2846/1/3 2845/1/3
f 2848/1/3 2846/1/3 2847/1/3
f 2853/1/3 2850/1/3 2849/1/3
f 2854/1/3 2850/1/3 2853/1/3
f 2857/2/3 2852/2/3 2851/2/3
f 2858/2/3 2852/2/3 2857/2/3
f 2860/3/3 2856/3/3 2855/3/3
f 2861/3/3 2856/3/3 2860/3/3
f 2862/3/3 2856/3/3 2861/3/3
f 2863/3/3 2856/3/3 2862/3/3
f 2867/3/3 2860/3/3 2859/3/3
f 2867/3/3 2861/3/3 2860/3/3
f 2868/3/3 2861/3/3 2867/3/3
f 2869/3/3 2864/3/3 2863/3/3
f 2869/3/3 2863/3/3 2862/3/3
f 2870/3/3 2864/3/3 2869/3/3
f 2871/1/3 2866/1/3 2865/1/3
f 2872/1/3 2866/1/3 2871/1/3
f 2873/3/3 2867/3/3 2859/3/3
f 2874/3/3 2867/3/3 2873/3/3
f 2875/3/3 2867/3/3 2874/3/3
f 2878/3/3 2864/3/3 2870/3/3
f 2881/3/3 2877/3/3 2876/3/3
f 2882/3/3 2877/3/3 2881/3/3
f 2883/3/3 2878/3/3 2870/3/3
f 2883/3/3 2879/3/3 2878/3/3
f 2884/3/3 2882/3/3 2881/3/3
f 2884/3/3 2883/3/3 2882/3/3
f 2884/3/3 2881/3/3 2880/3/3
f 2885/3/3 2883/3/3 2884/3/3
f 2886/3/3 2883/3/3 2885/3/3
f 2887/3/3 2879/3/3 2883/3/3
f 2887/3/3 2883/3/3 2886/3/3
f 2890/3/3 2874/3/3 2873/3/3
f 2891/3/3 2874/3/3 2890/3/3
f 2893/3/3 2886/3/3 2885/3/3
f 2894/3/3 2886/3/3 2893/3/3
f 2895/3/3 2879/3/3 2887/3/3
f 2896/3/3 2879/3/3 2895/3/3
f 2897/1/3 2889/1/3 2888/1/3
f 2898/1/3 2889/1/3 2897/1/3
f 2899/3/3 2892/3/3 2891/3/3
f 2899/3/3 2891/3/3 2890/3/3
f 2902/3/3 2895/3/3 2887/3/3
f 2905/3/3 2900/3/3 2899/3/3
f 2905/3/3 2899/3/3 2890/3/3
f 2906/3/3 2900/3/3 2905/3/3
f 2907/3/3 2900/3/3 2906/3/3
f 2908/3/3 2902/3/3 2901/3/3
f 2909/3/3 2895/3/3 2902/3/3
f 2909/3/3 2902/3/3 2908/3/3
f 2910/3/3 2895/3/3 2909/3/3
f 2911/2/3 2904/2/3 2903/2/3
f 2912/2/3 2904/2/3 2911/2/3
f 2915/3/3 2907/3/3 2906/3/3
f 2915/3/3 2908/3/3 2907/3/3
f 2915/3/3 2909/3/3 2908/3/3
f 2916/3/3 2909/3/3 2915/3/3
f 2917/1/3 2914/1/3 2913/1/3
f 2918/1/3 2914/1/3 2917/1/3
f 2921/1/3 2920/1/3 2919/1/3
f 2922/1/3 2920/1/3 2921/1/3
f 2927/3/3 2924/3/3 2923/3/3
f 2929/5/3 2926/5/3 2925/5/3
f 2930/5/3 2926/5/3 2929/5/3
f 2931/5/3 2926/5/3 2930/5/3
f 2933/3/3 2927/3/3 2923/3/3
f 2934/5/3 2928/5/3 2927/5/3
f 2934/3/3 2927/3/3 2933/3/3
f 2935/5/3 2928/5/3 2934/5/3
f 2936/5/3 2931/5/3 2930/5/3
f 2936/5/3 2932/5/3 2931/5/3
f 2937/5/3 2932/5/3 2936/5/3
f 2938/5/3 2932/5/3 2937/5/3
f 2939/5/3 2932/5/3 2938/5/3
f 2944/5/3 2941/5/3 2940/5/3
f 2945/5/3 2941/5/3 2944/5/3
f 2946/1/3 2943/1/3 2942/1/3
f 2947/1/3 2943/1/3 2946/1/3
f 2948/1/3 2946/1/3 2942/1/3
f 2949/1/3 2943/1/3 2947/1/3
f 2950/1/3 2948/1/3 2942/1/3
f 2950/1/3 2949/1/3 2948/1/3
f 2951/1/3 2943/1/3 2949/1/3
f 2951/1/3 2949/1/3 2950/1/3
f 2954/1/3 2953/1/3 2952/1/3
f 2955/1/3 2953/1/3 2954/1/3
f 2959/3/3 2957/3/3 2956/3/3
f 2960/3/3 2957/3/3 2959/3/3
f 2963/3/3 2959/3/3 2958/3/3
f 2964/5/3 2961/5/3 2960/5/3
f 2964/5/3 2960/5/3 2959/5/3
f 2964/3/3 2959/3/3 2963/3/3
f 2965/5/3 2961/5/3 2964/5/3
f 2966/5/3 2961/5/3 2965/5/3
f 2967/3/3 2963/3/3 2962/3/3
f 2968/5/3 2964/5/3 2963/5/3
f 2968/3/3 2963/3/3 2967/3/3
f 2968/5/3 2965/5/3 2964/5/3
f 2969/5/3 2965/5/3 2968/5/3
f 2970/5/3 2965/5/3 2969/5/3
f 2971/5/3 2968/5/3 2967/5/3
f 2971/5/3 2969/5/3 2968/5/3
f 2972/5/3 2969/5/3 2971/5/3
f 2977/1/3 2974/1/3 2973/1/3
f 2978/1/3 2974/1/3 2977/1/3
f 2980/2/3 2976/2/3 2975/2/3
f 2981/2/3 2976/2/3 2980/2/3
f 2982/7/3 2980/7/3 2979/7/3
f 2983/7/3 2980/7/3 2982/7/3
f 2988/1/3 2985/1/3 2984/1/3
f 2989/1/3 2985/1/3 2988/1/3
f 2990/2/3 2987/2/3 2986/2/3
f 2991/2/3 2987/2/3 2990/2/3
f 2994/1/3 2993/1/3 2992/1/3
f 2995/1/3 2993/1/3 2994/1/3
f 2996/6/3 2991/6/3 2990/6/3
f 2997/6/3 2991/6/3 2996/6/3
f 2998/2/3 2997/2/3 2996/2/3
f 2999/2/3 2997/2/3 2998/2/3
f 3004/1/3 3001/1/3 3000/1/3
f 3005/1/3 3001/1/3 3004/1/3
f 3006/7/3 3003/7/3 3002/7/3
f 3007/7/3 3003/7/3 3006/7/3
f 3009/2/3 3008/2/3 3007/2/3
f 3010/2/3 3008/2/3 3009/2/3
f 3013/1/3 3012/1/3 3011/1/3
f 3014/1/3 3012/1/3 3013/1/3
f 3017/5/3 3016/5/3 3015/5/3
f 3018/5/3 3016/5/3 3017/5/3
f 3019/5/3 3016/5/3 3018/5/3
f 3021/3/3 3018/3/3 3017/3/3
f 3022/5/3 3020/5/3 3019/5/3
f 3022/3/3 3018/3/3 3021/3/3
f 3022/5/3 3019/5/3 3018/5/3
f 3023/5/3 3020/5/3 3022/5/3
f 3024/5/3 3020/5/3 3023/5/3
f 3026/3/3 3023/3/3 3022/3/3
f 3027/5/3 3024/5/3 3023/5/3
f 3027/3/3 3023/3/3 3026/3/3
f 3027/5/3 3025/5/3 3024/5/3
f 3028/5/3 3025/5/3 3027/5/3
f 3029/5/3 3025/5/3 3028/5/3
f 3030/3/3 3028/3/3 3027/3/3
f 3031/3/3 3028/3/3 3030/3/3
f 3034/1/3 3033/1/3 3032/1/3
f 3035/1/3 3033/1/3 3034/1/3
f 3042/2/3 3037/2/3 3036/2/3
f 3043/1/3 3038/1/3 3037/1/3
f 3043/2/3 3037/2/3 3042/2/3
f 3044/1/3 3038/1/3 3043/1/3
f 3045/1/3 3040/1/3 3039/1/3
f 3046/1/3 3040/1/3 3045/1/3
f 3047/2/3 3042/2/3 3041/2/3
f 3048/2/3 3042/2/3 3047/2/3
f 3051/1/3 3050/1/3 3049/1/3
f 3052/1/3 3050/1/3 3051/1/3
f 3055/2/3 3054/2/3 3053/2/3
f 3056/2/3 3054/2/3 3055/2/3
f 3061/2/3 3057/2/3 3056/2/3
f 3062/1/3 3058/1/3 3057/1/3
f 3062/2/3 3057/2/3 3061/2/3
f 3063/1/3 3058/1/3 3062/1/3
f 3064/1/3 3060/1/3 3059/1/3
f 3065/1/3 3060/1/3 3064/1/3
f 3071/1/3 3067/1/3 3066/1/3
f 3072/1/3 3067/1/3 3071/1/3
f 3075/2/3 3069/2/3 3068/2/3
f 3076/2/3 3069/2/3 3075/2/3
f 3076/2/3 3075/2/3 3074/2/3
f 3077/1/3 3070/1/3 3069/1/3
f 3077/2/3 3069/2/3 3076/2/3
f 3077/1/3 3073/1/3 3072/1/3
f 3077/1/3 3071/1/3 3070/1/3
f 3077/1/3 3072/1/3 3071/1/3
f 3078/2/3 3076/2/3 3074/2/3
f 3079/2/3 3076/2/3 3078/2/3
f 3080/1/3 3077/1/3 3076/1/3
f 3080/2/3 3076/2/3 3079/2/3
f 3081/1/3 3080/1/3 3079/1/3
f 3082/1/3 3077/1/3 3080/1/3
f 3082/1/3 3080/1/3 3081/1/3
f 3083/2/3 3082/2/3 3081/2/3
f 3084/1/3 3077/1/3 3082/1/3
f 3084/2/3 3082/2/3 3083/2/3
f 3085/1/3 3073/1/3 3077/1/3
f 3085/1/3 3077/1/3 3084/1/3
f 3086/2/3 3084/2/3 3083/2/3
f 3086/2/3 3085/2/3 3084/2/3
f 3087/2/3 3085/2/3 3086/2/3
f 3088/2/3 3085/2/3 3087/2/3
f 3089/1/3 3073/1/3 3085/1/3
f 3089/2/3 3085/2/3 3088/2/3
f 3090/1/3 3073/1/3 3089/1/3
f 3091/1/3 3073/1/3 3090/1/3
f 3092/1/3 3073/1/3 3091/1/3
f 3093/1/3 3073/1/3 3092/1/3
f 3094/1/3 3092/1/3 3091/1/3
f 3095/1/3 3092/1/3 3094/1/3
f 3096/1/4 3097/1/4 3101/1/4
f 3101/1/4 3097/1/4 3102/1/4
f 3098/2/4 3099/2/4 3105/2/4
f 3105/2/4 3099/2/4 3106/2/4
f 3104/2/4 3105/2/4 3106/2/4
f 3099/1/4 3100/1/4 3107/1/4
f 3106/2/4 3099/2/4 3107/2/4
f 3102/1/4 3103/1/4 3107/1/4
f 3100/1/4 3101/1/4 3107/1/4
f 3101/1/4 3102/1/4 3107/1/4
f 3104/2/4 3106/2/4 3108/2/4
f 3108/2/4 3106/2/4 3109/2/4
f 3106/1/4 3107/1/4 3110/1/4
f 3109/2/4 3106/2/4 3110/2/4
f 3109/1/4 3110/1/4 3111/1/4
f 3111/1/4 3110/1/4 3112/1/4
f 3112/1/4 3110/1/4 3113/1/4
f 3110/1/4 3107/1/4 3114/1/4
f 3113/1/4 3110/1/4 3114/1/4
f 3114/1/4 3107/1/4 3115/1/4
f 3107/1/4 3103/1/4 3116/1/4
f 3115/1/4 3107/1/4 3116/1/4
f 3116/1/4 3103/1/4 3117/1/4
f 3117/1/4 3103/1/4 3118/1/4
f 3118/1/4 3103/1/4 3119/1/4
f 3117/1/4 3118/1/4 3120/1/4
f 3120/1/4 3118/1/4 3121/1/4
f 3122/2/4 3123/2/4 3128/2/4
f 3123/1/4 3124/1/4 3129/1/4
f 3128/2/4 3123/2/4 3129/2/4
f 3129/1/4 3124/1/4 3130/1/4
f 3125/1/4 3126/1/4 3131/1/4
f 3131/1/4 3126/1/4 3132/1/4
f 3127/2/4 3128/2/4 3133/2/4
f 3133/2/4 3128/2/4 3134/2/4
f 3135/1/4 3136/1/4 3137/1/4
f 3137/1/4 3136/1/4 3138/1/4
f 3139/2/4 3140/2/4 3141/2/4
f 3141/2/4 3140/2/4 3142/2/4
f 3142/2/4 3143/2/4 3147/2/4
f 3143/1/4 3144/1/4 3148/1/4
f 3147/2/4 3143/2/4 3148/2/4
f 3148/1/4 3144/1/4 3149/1/4
f 3145/1/4 3146/1/4 3150/1/4
f 3150/1/4 3146/1/4 3151/1/4
f 3152/1/4 3153/1/4 3154/1/4
f 3154/1/4 3153/1/4 3155/1/4
f 3156/3/4 3157/3/4 3159/3/4
f 3159/3/4 3157/3/4 3160/3/4
f 3158/3/4 3159/3/4 3163/3/4
f 3160/5/4 3161/5/4 3164/5/4
f 3159/5/4 3160/5/4 3164/5/4
f 3163/3/4 3159/3/4 3164/3/4
f 3164/5/4 3161/5/4 3165/5/4
f 3165/5/4 3161/5/4 3166/5/4
f 3162/3/4 3163/3/4 3167/3/4
f 3163/5/4 3164/5/4 3168/5/4
f 3167/3/4 3163/3/4 3168/3/4
f 3164/5/4 3165/5/4 3168/5/4
f 3168/5/4 3165/5/4 3169/5/4
f 3169/5/4 3165/5/4 3170/5/4
f 3167/5/4 3168/5/4 3171/5/4
f 3168/5/4 3169/5/4 3171/5/4
f 3171/5/4 3169/5/4 3172/5/4
f 3173/1/4 3174/1/4 3177/1/4
f 3177/1/4 3174/1/4 3178/1/4
f 3175/2/4 3176/2/4 3180/2/4
f 3180/2/4 3176/2/4 3181/2/4
f 3179/7/4 3180/7/4 3182/7/4
f 3182/7/4 3180/7/4 3183/7/4
f 3184/1/4 3185/1/4 3188/1/4
f 3188/1/4 3185/1/4 3189/1/4
f 3186/2/4 3187/2/4 3190/2/4
f 3190/2/4 3187/2/4 3191/2/4
f 3192/1/4 3193/1/4 3194/1/4
f 3194/1/4 3193/1/4 3195/1/4
f 3190/6/4 3191/6/4 3196/6/4
f 3196/6/4 3191/6/4 3197/6/4
f 3196/2/4 3197/2/4 3198/2/4
f 3198/2/4 3197/2/4 3199/2/4
f 3200/1/4 3201/1/4 3204/1/4
f 3204/1/4 3201/1/4 3205/1/4
f 3202/7/4 3203/7/4 3206/7/4
f 3206/7/4 3203/7/4 3207/7/4
f 3207/2/4 3208/2/4 3209/2/4
f 3209/2/4 3208/2/4 3210/2/4
f 3211/1/4 3212/1/4 3213/1/4
f 3213/1/4 3212/1/4 3214/1/4
f 3215/5/4 3216/5/4 3217/5/4
f 3217/5/4 3216/5/4 3218/5/4
f 3218/5/4 3216/5/4 3219/5/4
f 3217/3/4 3218/3/4 3221/3/4
f 3219/5/4 3220/5/4 3222/5/4
f 3221/3/4 3218/3/4 3222/3/4
f 3218/5/4 3219/5/4 3222/5/4
f 3222/5/4 3220/5/4 3223/5/4
f 3223/5/4 3220/5/4 3224/5/4
f 3222/3/4 3223/3/4 3226/3/4
f 3223/5/4 3224/5/4 3227/5/4
f 3226/3/4 3223/3/4 3227/3/4
f 3224/5/4 3225/5/4 3227/5/4
f 3227/5/4 3225/5/4 3228/5/4
f 3228/5/4 3225/5/4 3229/5/4
f 3227/3/4 3228/3/4 3230/3/4
f 3230/3/4 3228/3/4 3231/3/4
f 3232/1/4 3233/1/4 3234/1/4
f 3234/1/4 3233/1/4 3235/1/4
f 3236/1/4 3237/1/4 3238/1/4
f 3238/1/4 3237/1/4 3239/1/4
f 3236/1/4 3238/1/4 3240/1/4
f 3239/1/4 3237/1/4 3241/1/4
f 3236/1/4 3240/1/4 3242/1/4
f 3240/1/4 3241/1/4 3242/1/4
f 3241/1/4 3237/1/4 3243/1/4
f 3242/1/4 3241/1/4 3243/1/4
f 3244/5/4 3245/5/4 3246/5/4
f 3246/5/4 3245/5/4 3247/5/4
f 3248/5/4 3249/5/4 3254/5/4
f 3251/5/4 3252/5/4 3255/5/4
f 3250/3/4 3251/3/4 3255/3/4
f 3255/5/4 3252/5/4 3256/5/4
f 3253/5/4 3254/5/4 3258/5/4
f 3254/5/4 3249/5/4 3259/5/4
f 3258/5/4 3254/5/4 3259/5/4
f 3259/5/4 3249/5/4 3260/5/4
f 3250/3/4 3255/3/4 3261/3/4
f 3261/3/4 3255/3/4 3262/3/4
f 3257/5/4 3258/5/4 3263/5/4
f 3258/5/4 3259/5/4 3263/5/4
f 3263/5/4 3259/5/4 3264/5/4
f 3265/1/4 3266/1/4 3267/1/4
f 3267/1/4 3266/1/4 3268/1/4
f 3269/1/4 3270/1/4 3273/1/4
f 3273/1/4 3270/1/4 3274/1/4
f 3271/2/4 3272/2/4 3275/2/4
f 3275/2/4 3272/2/4 3276/2/4
f 3277/1/4 3278/1/4 3279/1/4
f 3279/1/4 3278/1/4 3280/1/4
f 3281/1/4 3282/1/4 3283/1/4
f 3283/1/4 3282/1/4 3284/1/4
f 3285/2/4 3286/2/4 3287/2/4
f 3287/2/4 3286/2/4 3288/2/4
f 3289/1/4 3290/1/4 3291/1/4
f 3291/1/4 3290/1/4 3292/1/4
f 3293/1/4 3294/1/4 3295/1/4
f 3295/1/4 3294/1/4 3296/1/4
f 3297/3/4 3298/3/4 3301/3/4
f 3299/5/4 3300/5/4 3303/5/4
f 3303/5/4 3300/5/4 3304/5/4
f 3304/5/4 3300/5/4 3305/5/4
f 3297/3/4 3301/3/4 3307/3/4
f 3301/5/4 3302/5/4 3308/5/4
f 3307/3/4 3301/3/4 3308/3/4
f 3308/5/4 3302/5/4 3309/5/4
f 3304/5/4 3305/5/4 3310/5/4
f 3305/5/4 3306/5/4 3310/5/4
f 3310/5/4 3306/5/4 3311/5/4
f 3311/5/4 3306/5/4 3312/5/4
f 3312/5/4 3306/5/4 3313/5/4
f 3314/5/4 3315/5/4 3318/5/4
f 3318/5/4 3315/5/4 3319/5/4
f 3316/1/4 3317/1/4 3320/1/4
f 3320/1/4 3317/1/4 3321/1/4
f 3316/1/4 3320/1/4 3322/1/4
f 3321/1/4 3317/1/4 3323/1/4
f 3316/1/4 3322/1/4 3324/1/4
f 3322/1/4 3323/1/4 3324/1/4
f 3323/1/4 3317/1/4 3325/1/4
f 3324/1/4 3323/1/4 3325/1/4
f 3326/1/4 3327/1/4 3328/1/4
f 3328/1/4 3327/1/4 3329/1/4
f 3330/1/4 3331/1/4 3334/1/4
f 3334/1/4 3331/1/4 3335/1/4
f 3332/1/4 3333/1/4 3336/1/4
f 3336/1/4 3333/1/4 3337/1/4
f 3338/5/4 3339/5/4 3342/5/4
f 3342/5/4 3339/5/4 3343/5/4
f 3340/1/4 3341/1/4 3344/1/4
f 3344/1/4 3341/1/4 3345/1/4
f 3346/6/4 3347/6/4 3349/6/4
f 3349/6/4 3347/6/4 3350/6/4
f 3348/6/4 3349/6/4 3352/6/4
f 3350/6/4 3351/6/4 3352/6/4
f 3349/6/4 3350/6/4 3352/6/4
f 3352/6/4 3351/6/4 3353/6/4
f 3348/6/4 3352/6/4 3354/6/4
f 3353/6/4 3351/6/4 3355/6/4
f 3354/6/4 3352/6/4 3357/6/4
f 3355/6/4 3356/6/4 3358/6/4
f 3353/6/4 3355/6/4 3358/6/4
f 3358/6/4 3356/6/4 3359/6/4
f 3357/6/4 3352/6/4 3360/6/4
f 3353/6/4 3358/6/4 3361/6/4
f 3357/6/4 3360/6/4 3362/6/4
f 3360/6/4 3361/6/4 3362/6/4
f 3362/6/4 3361/6/4 3363/6/4
f 3361/6/4 3358/6/4 3364/6/4
f 3363/6/4 3361/6/4 3364/6/4
f 3364/6/4 3358/6/4 3365/6/4
f 3363/6/4 3364/6/4 3366/6/4
f 3366/6/4 3364/6/4 3367/6/4
f 3368/1/4 3369/1/4 3370/1/4
f 3370/1/4 3369/1/4 3371/1/4
f 3372/5/4 3373/5/4 3378/5/4
f 3378/5/4 3373/5/4 3379/5/4
f 3374/1/4 3375/1/4 3380/1/4
f 3380/1/4 3375/1/4 3381/1/4
f 3376/1/4 3377/1/4 3382/1/4
f 3382/1/4 3377/1/4 3383/1/4
f 3384/1/4 3385/1/4 3386/1/4
f 3386/1/4 3385/1/4 3387/1/4
f 3388/4/4 3389/4/4 3390/4/4
f 3390/4/4 3389/4/4 3391/4/4
f 3392/1/4 3393/1/4 3394/1/4
f 3394/1/4 3393/1/4 3395/1/4
f 3396/1/4 3397/1/4 3400/1/4
f 3400/1/4 3397/1/4 3401/1/4
f 3398/1/4 3399/1/4 3402/1/4
f 3402/1/4 3399/1/4 3403/1/4
f 3406/1/4 3407/1/4 3408/1/4
f 3408/1/4 3407/1/4 3409/1/4
f 3404/2/4 3405/2/4 3410/2/4
f 3410/2/4 3405/2/4 3411/2/4
f 3412/1/4 3413/1/4 3414/1/4
f 3414/1/4 3413/1/4 3415/1/4
f 3416/3/4 3417/3/4 3420/3/4
f 3420/3/4 3417/3/4 3421/3/4
f 3418/1/4 3419/1/4 3422/1/4
f 3422/1/4 3419/1/4 3423/1/4
f 3424/1/4 3425/1/4 3428/1/4
f 3428/1/4 3425/1/4 3429/1/4
f 3426/3/4 3427/3/4 3430/3/4
f 3430/3/4 3427/3/4 3431/3/4
f 3432/3/4 3433/3/4 3436/3/4
f 3436/3/4 3433/3/4 3437/3/4
f 3434/3/4 3435/3/4 3438/3/4
f 3438/3/4 3435/3/4 3439/3/4
f 3440/3/4 3441/3/4 3442/3/4
f 3442/3/4 3441/3/4 3443/3/4
f 3444/3/4 3445/3/4 3448/3/4
f 3448/3/4 3445/3/4 3449/3/4
f 3446/3/4 3447/3/4 3450/3/4
f 3450/3/4 3447/3/4 3451/3/4
f 3452/1/4 3453/1/4 3458/1/4
f 3458/1/4 3453/1/4 3459/1/4
f 3454/3/4 3455/3/4 3460/3/4
f 3460/3/4 3455/3/4 3461/3/4
f 3456/1/4 3457/1/4 3462/1/4
f 3462/1/4 3457/1/4 3463/1/4
f 3464/3/4 3465/3/4 3466/3/4
f 3466/3/4 3465/3/4 3467/3/4
f 3468/1/4 3469/1/4 3470/1/4
f 3470/1/4 3469/1/4 3471/1/4
f 3474/1/4 3475/1/4 3476/1/4
f 3476/1/4 3475/1/4 3477/1/4
f 3472/2/4 3473/2/4 3478/2/4
f 3478/2/4 3473/2/4 3479/2/4
f 3480/1/4 3481/1/4 3484/1/4
f 3484/1/4 3481/1/4 3485/1/4
f 3482/1/4 3483/1/4 3486/1/4
f 3486/1/4 3483/1/4 3487/1/4
f 3488/1/4 3489/1/4 3490/1/4
f 3490/1/4 3489/1/4 3491/1/4
f 3492/1/4 3493/1/4 3495/1/4
f 3495/1/4 3493/1/4 3496/1/4
f 3498/2/4 3499/2/4 3500/2/4
f 3500/2/4 3499/2/4 3501/2/4
f 3494/1/4 3495/1/4 3503/1/4
f 3503/1/4 3495/1/4 3504/1/4
f 3496/1/4 3497/1/4 3505/1/4
f 3505/1/4 3497/1/4 3506/1/4
f 3501/2/4 3502/2/4 3507/2/4
f 3507/2/4 3502/2/4 3508/2/4
f 3504/1/4 3505/1/4 3509/1/4
f 3509/1/4 3505/1/4 3510/1/4
f 3511/2/4 3512/2/4 3514/2/4
f 3513/3/4 3514/3/4 3518/3/4
f 3514/2/4 3512/2/4 3519/2/4
f 3518/3/4 3514/3/4 3519/3/4
f 3519/2/4 3512/2/4 3520/2/4
f 3515/1/4 3516/1/4 3521/1/4
f 3521/1/4 3516/1/4 3522/1/4
f 3517/3/4 3518/3/4 3523/3/4
f 3518/2/4 3519/2/4 3524/2/4
f 3523/3/4 3518/3/4 3524/3/4
f 3524/2/4 3519/2/4 3525/2/4
f 3523/2/4 3524/2/4 3526/2/4
f 3526/2/4 3524/2/4 3527/2/4
f 3528/1/4 3529/1/4 3538/1/4
f 3538/1/4 3529/1/4 3539/1/4
f 3530/7/4 3531/7/4 3540/7/4
f 3540/7/4 3531/7/4 3541/7/4
f 3532/1/4 3533/1/4 3542/1/4
f 3542/1/4 3533/1/4 3543/1/4
f 3534/3/4 3535/3/4 3544/3/4
f 3544/3/4 3535/3/4 3545/3/4
f 3536/3/4 3537/3/4 3546/3/4
f 3546/3/4 3537/3/4 3547/3/4
f 3543/3/4 3544/3/4 3549/3/4
f 3549/3/4 3544/3/4 3550/3/4
f 3547/3/4 3548/3/4 3551/3/4
f 3551/3/4 3548/3/4 3552/3/4
f 3552/3/4 3553/3/4 3556/3/4
f 3556/3/4 3553/3/4 3557/3/4
f 3554/3/4 3555/3/4 3560/3/4
f 3559/3/4 3560/3/4 3561/3/4
f 3560/3/4 3555/3/4 3562/3/4
f 3561/3/4 3560/3/4 3562/3/4
f 3562/3/4 3555/3/4 3563/3/4
f 3563/3/4 3555/3/4 3564/3/4
f 3557/3/4 3558/3/4 3566/3/4
f 3566/3/4 3558/3/4 3567/3/4
f 3565/3/4 3566/3/4 3571/3/4
f 3571/3/4 3566/3/4 3572/3/4
f 3568/3/4 3569/3/4 3578/3/4
f 3578/3/4 3569/3/4 3579/3/4
f 3570/3/4 3571/3/4 3582/3/4
f 3582/3/4 3571/3/4 3583/3/4
f 3573/1/4 3574/1/4 3584/1/4
f 3584/1/4 3574/1/4 3585/1/4
f 3575/7/4 3576/7/4 3586/7/4
f 3586/7/4 3576/7/4 3587/7/4
f 3577/1/4 3578/1/4 3588/1/4
f 3588/1/4 3578/1/4 3589/1/4
f 3579/3/4 3580/3/4 3590/3/4
f 3590/3/4 3580/3/4 3591/3/4
f 3581/3/4 3582/3/4 3592/3/4
f 3592/3/4 3582/3/4 3593/3/4
f 3594/2/4 3595/2/4 3598/2/4
f 3598/2/4 3595/2/4 3599/2/4
f 3596/1/4 3597/1/4 3601/1/4
f 3601/1/4 3597/1/4 3602/1/4
f 3598/3/4 3599/3/4 3603/3/4
f 3599/2/4 3600/2/4 3604/2/4
f 3603/3/4 3599/3/4 3604/3/4
f 3604/2/4 3600/2/4 3605/2/4
f 3604/3/4 3605/3/4 3607/3/4
f 3605/2/4 3606/2/4 3608/2/4
f 3607/3/4 3605/3/4 3608/3/4
f 3608/2/4 3606/2/4 3609/2/4
f 3609/2/4 3606/2/4 3610/2/4
f 3611/1/4 3612/1/4 3614/1/4
f 3614/1/4 3612/1/4 3615/1/4
f 3617/2/4 3618/2/4 3620/2/4
f 3620/2/4 3618/2/4 3621/2/4
f 3619/2/4 3620/2/4 3622/2/4
f 3622/2/4 3620/2/4 3623/2/4
f 3613/1/4 3614/1/4 3624/1/4
f 3624/1/4 3614/1/4 3625/1/4
f 3615/1/4 3616/1/4 3626/1/4
f 3626/1/4 3616/1/4 3627/1/4
f 3625/1/4 3626/1/4 3628/1/4
f 3628/1/4 3626/1/4 3629/1/4
f 3630/1/4 3631/1/4 3632/1/4
f 3632/1/4 3631/1/4 3633/1/4
f 3630/1/4 3632/1/4 3636/1/4
f 3633/1/4 3631/1/4 3637/1/4
f 3634/2/4 3635/2/4 3638/2/4
f 3638/2/4 3635/2/4 3639/2/4
f 3636/1/4 3637/1/4 3640/1/4
f 3630/1/4 3636/1/4 3640/1/4
f 3637/1/4 3631/1/4 3641/1/4
f 3640/1/4 3637/1/4 3641/1/4
f 3642/2/4 3643/2/4 3647/2/4
f 3647/2/4 3643/2/4 3648/2/4
f 3644/3/4 3645/3/4 3649/3/4
f 3649/3/4 3645/3/4 3650/3/4
f 3646/2/4 3647/2/4 3651/2/4
f 3651/2/4 3647/2/4 3652/2/4
f 3653/1/4 3654/1/4 3659/1/4
f 3659/1/4 3654/1/4 3660/1/4
f 3655/2/4 3656/2/4 3661/2/4
f 3661/2/4 3656/2/4 3662/2/4
f 3657/2/4 3658/2/4 3663/2/4
f 3663/2/4 3658/2/4 3664/2/4
f 3661/1/4 3662/1/4 3665/1/4
f 3665/1/4 3662/1/4 3666/1/4
f 3667/1/4 3668/1/4 3671/1/4
f 3671/1/4 3668/1/4 3672/1/4
f 3669/3/4 3670/3/4 3678/3/4
f 3678/3/4 3670/3/4 3679/3/4
f 3673/1/4 3674/1/4 3681/1/4
f 3681/1/4 3674/1/4 3682/1/4
f 3675/1/4 3676/1/4 3684/1/4
f 3684/1/4 3676/1/4 3685/1/4
f 3679/3/4 3680/3/4 3686/3/4
f 3678/3/4 3679/3/4 3686/3/4
f 3677/3/4 3678/3/4 3686/3/4
f 3686/3/4 3680/3/4 3687/3/4
f 3687/3/4 3680/3/4 3688/3/4
f 3688/3/4 3680/3/4 3689/3/4
f 3682/1/4 3683/1/4 3691/1/4
f 3691/1/4 3683/1/4 3692/1/4
f 3686/3/4 3687/3/4 3693/3/4
f 3685/3/4 3686/3/4 3693/3/4
f 3693/3/4 3687/3/4 3694/3/4
f 3689/3/4 3690/3/4 3695/3/4
f 3688/3/4 3689/3/4 3695/3/4
f 3695/3/4 3690/3/4 3696/3/4
f 3685/3/4 3693/3/4 3697/3/4
f 3697/3/4 3693/3/4 3698/3/4
f 3696/3/4 3690/3/4 3701/3/4
f 3699/3/4 3700/3/4 3704/3/4
f 3704/3/4 3700/3/4 3705/3/4
f 3696/3/4 3701/3/4 3706/3/4
f 3701/3/4 3702/3/4 3706/3/4
f 3704/3/4 3705/3/4 3707/3/4
f 3705/3/4 3706/3/4 3707/3/4
f 3703/3/4 3704/3/4 3707/3/4
f 3707/3/4 3706/3/4 3708/3/4
f 3708/3/4 3706/3/4 3709/3/4
f 3706/3/4 3702/3/4 3710/3/4
f 3709/3/4 3706/3/4 3710/3/4
f 3685/3/4 3697/3/4 3711/3/4
f 3708/3/4 3709/3/4 3713/3/4
f 3713/3/4 3709/3/4 3714/3/4
f 3710/3/4 3702/3/4 3715/3/4
f 3715/3/4 3702/3/4 3716/3/4
f 3711/3/4 3712/3/4 3719/3/4
f 3710/3/4 3715/3/4 3722/3/4
f 3717/1/4 3718/1/4 3724/1/4
f 3724/1/4 3718/1/4 3725/1/4
f 3685/3/4 3711/3/4 3727/3/4
f 3719/3/4 3720/3/4 3727/3/4
f 3711/3/4 3719/3/4 3727/3/4
f 3727/3/4 3720/3/4 3728/3/4
f 3728/3/4 3720/3/4 3729/3/4
f 3721/3/4 3722/3/4 3730/3/4
f 3722/3/4 3715/3/4 3731/3/4
f 3730/3/4 3722/3/4 3731/3/4
f 3731/3/4 3715/3/4 3732/3/4
f 3723/1/4 3724/1/4 3735/1/4
f 3735/1/4 3724/1/4 3736/1/4
f 3726/1/4 3727/1/4 3737/1/4
f 3737/1/4 3727/1/4 3738/1/4
f 3728/3/4 3729/3/4 3739/3/4
f 3729/3/4 3730/3/4 3739/3/4
f 3730/3/4 3731/3/4 3739/3/4
f 3739/3/4 3731/3/4 3740/3/4
f 3740/3/4 3731/3/4 3741/3/4
f 3741/3/4 3731/3/4 3742/3/4
f 3733/1/4 3734/1/4 3743/1/4
f 3743/1/4 3734/1/4 3744/1/4
f 3740/3/4 3741/3/4 3745/3/4
f 3745/3/4 3741/3/4 3746/3/4
f 3747/2/4 3748/2/4 3751/2/4
f 3751/2/4 3748/2/4 3752/2/4
f 3749/1/4 3750/1/4 3755/1/4
f 3755/1/4 3750/1/4 3756/1/4
f 3753/1/4 3754/1/4 3757/1/4
f 3757/1/4 3754/1/4 3758/1/4
f 3755/2/4 3756/2/4 3759/2/4
f 3759/2/4 3756/2/4 3760/2/4
f 3761/3/4 3762/3/4 3765/3/4
f 3765/3/4 3762/3/4 3766/3/4
f 3763/2/4 3764/2/4 3767/2/4
f 3767/2/4 3764/2/4 3768/2/4
f 3768/2/4 3769/2/4 3772/2/4
f 3772/2/4 3769/2/4 3773/2/4
f 3770/1/4 3771/1/4 3774/1/4
f 3774/1/4 3771/1/4 3775/1/4
f 3776/2/4 3777/2/4 3778/2/4
f 3778/2/4 3777/2/4 3779/2/4
f 3770/1/4 3774/1/4 3780/1/4
f 3775/1/4 3771/1/4 3781/1/4
f 3770/1/4 3780/1/4 3782/1/4
f 3780/1/4 3781/1/4 3782/1/4
f 3781/1/4 3771/1/4 3783/1/4
f 3782/1/4 3781/1/4 3783/1/4
f 3784/1/4 3785/1/4 3786/1/4
f 3786/1/4 3785/1/4 3787/1/4
f 3788/3/4 3789/3/4 3791/3/4
f 3791/3/4 3789/3/4 3792/3/4
f 3789/2/4 3790/2/4 3793/2/4
f 3792/3/4 3789/3/4 3793/3/4
f 3793/2/4 3790/2/4 3795/2/4
f 3794/3/4 3795/3/4 3799/3/4
f 3795/2/4 3790/2/4 3800/2/4
f 3799/3/4 3795/3/4 3800/3/4
f 3800/2/4 3790/2/4 3801/2/4
f 3796/3/4 3797/3/4 3803/3/4
f 3803/3/4 3797/3/4 3804/3/4
f 3798/3/4 3799/3/4 3806/3/4
f 3804/3/4 3805/3/4 3808/3/4
f 3805/3/4 3806/3/4 3808/3/4
f 3802/3/4 3803/3/4 3808/3/4
f 3803/3/4 3804/3/4 3808/3/4
f 3808/3/4 3806/3/4 3809/3/4
f 3806/3/4 3799/3/4 3810/3/4
f 3809/3/4 3806/3/4 3810/3/4
f 3799/2/4 3800/2/4 3811/2/4
f 3810/3/4 3799/3/4 3811/3/4
f 3811/2/4 3800/2/4 3812/2/4
f 3808/1/4 3809/1/4 3815/1/4
f 3807/1/4 3808/1/4 3815/1/4
f 3809/2/4 3810/2/4 3816/2/4
f 3815/1/4 3809/1/4 3816/1/4
f 3816/2/4 3810/2/4 3817/2/4
f 3813/2/4 3814/2/4 3820/2/4
f 3820/2/4 3814/2/4 3821/2/4
f 3818/2/4 3819/2/4 3823/2/4
f 3823/2/4 3819/2/4 3824/2/4
f 3825/1/4 3826/1/4 3827/1/4
f 3827/1/4 3826/1/4 3828/1/4
f 3822/2/4 3823/2/4 3830/2/4
f 3830/2/4 3823/2/4 3831/2/4
f 3828/1/4 3829/1/4 3834/1/4
f 3834/1/4 3829/1/4 3835/1/4
f 3837/6/4 3838/6/4 3839/6/4
f 3835/1/4 3836/1/4 3840/1/4
f 3840/1/4 3836/1/4 3841/1/4
f 3837/6/4 3839/6/4 3844/6/4
f 3842/1/4 3843/1/4 3846/1/4
f 3846/1/4 3843/1/4 3847/1/4
f 3837/6/4 3844/6/4 3848/6/4
f 3848/6/4 3844/6/4 3849/6/4
f 3845/1/4 3846/1/4 3851/1/4
f 3851/1/4 3846/1/4 3852/1/4
f 3832/1/4 3833/1/4 3855/1/4
f 3855/1/4 3833/1/4 3856/1/4
f 3850/1/4 3851/1/4 3857/1/4
f 3857/1/4 3851/1/4 3858/1/4
f 3853/2/4 3854/2/4 3859/2/4
f 3859/2/4 3854/2/4 3860/2/4
f 3860/2/4 3861/2/4 3862/2/4
f 3862/2/4 3861/2/4 3863/2/4
f 3864/2/4 3865/2/4 3866/2/4
f 3866/2/4 3865/2/4 3867/2/4
f 3868/1/4 3869/1/4 3871/1/4
f 3871/1/4 3869/1/4 3872/1/4
f 3869/2/4 3870/2/4 3873/2/4
f 3872/1/4 3869/1/4 3873/1/4
f 3873/2/4 3870/2/4 3874/2/4
f 3872/3/4 3873/3/4 3877/3/4
f 3874/3/4 3875/3/4 3877/3/4
f 3873/3/4 3874/3/4 3877/3/4
f 3877/3/4 3875/3/4 3878/3/4
f 3878/3/4 3875/3/4 3879/3/4
f 3879/3/4 3875/3/4 3880/3/4
f 3880/3/4 3875/3/4 3881/3/4
f 3878/3/4 3879/3/4 3882/3/4
f 3882/3/4 3879/3/4 3883/3/4
f 3881/3/4 3875/3/4 3884/3/4
f 3875/2/4 3876/2/4 3885/2/4
f 3884/3/4 3875/3/4 3885/3/4
f 3885/2/4 3876/2/4 3886/2/4
f 3885/3/4 3886/3/4 3888/3/4
f 3886/2/4 3887/2/4 3889/2/4
f 3888/3/4 3886/3/4 3889/3/4
f 3889/2/4 3887/2/4 3891/2/4
f 3890/3/4 3891/3/4 3892/3/4
f 3892/3/4 3891/3/4 3895/3/4
f 3891/2/4 3887/2/4 3896/2/4
f 3895/3/4 3891/3/4 3896/3/4
f 3896/2/4 3887/2/4 3897/2/4
f 3893/1/4 3894/1/4 3898/1/4
f 3898/1/4 3894/1/4 3899/1/4
f 3900/2/4 3901/2/4 3903/2/4
f 3903/2/4 3901/2/4 3904/2/4
f 3902/3/4 3903/3/4 3907/3/4
f 3903/3/4 3904/3/4 3907/3/4
f 3907/3/4 3904/3/4 3908/3/4
f 3904/2/4 3905/2/4 3909/2/4
f 3908/3/4 3904/3/4 3909/3/4
f 3909/2/4 3905/2/4 3910/2/4
f 3907/3/4 3908/3/4 3911/3/4
f 3906/3/4 3907/3/4 3911/3/4
f 3908/2/4 3909/2/4 3912/2/4
f 3911/3/4 3908/3/4 3912/3/4
f 3912/2/4 3909/2/4 3913/2/4
f 3906/3/4 3911/3/4 3914/3/4
f 3911/2/4 3912/2/4 3915/2/4
f 3914/3/4 3911/3/4 3915/3/4
f 3915/2/4 3912/2/4 3916/2/4
f 3917/1/4 3918/1/4 3920/1/4
f 3920/1/4 3918/1/4 3921/1/4
f 3921/1/4 3918/1/4 3922/1/4
f 3919/2/4 3920/2/4 3925/2/4
f 3925/2/4 3920/2/4 3926/2/4
f 3926/2/4 3920/2/4 3927/2/4
f 3927/2/4 3920/2/4 3928/2/4
f 3921/1/4 3922/1/4 3929/1/4
f 3922/1/4 3923/1/4 3929/1/4
f 3929/1/4 3923/1/4 3930/1/4
f 3924/2/4 3925/2/4 3933/2/4
f 3925/2/4 3926/2/4 3933/2/4
f 3933/2/4 3926/2/4 3934/2/4
f 3930/1/4 3923/1/4 3935/1/4
f 3935/1/4 3923/1/4 3936/1/4
f 3931/1/4 3932/1/4 3937/1/4
f 3924/2/4 3933/2/4 3940/2/4
f 3937/1/4 3938/1/4 3941/1/4
f 3931/1/4 3937/1/4 3941/1/4
f 3941/1/4 3938/1/4 3942/1/4
f 3942/1/4 3938/1/4 3943/1/4
f 3939/2/4 3940/2/4 3945/2/4
f 3940/2/4 3933/2/4 3946/2/4
f 3945/2/4 3940/2/4 3946/2/4
f 3946/2/4 3933/2/4 3947/2/4
f 3943/1/4 3944/1/4 3948/1/4
f 3942/1/4 3943/1/4 3948/1/4
f 3948/1/4 3944/1/4 3949/1/4
f 3949/1/4 3944/1/4 3952/1/4
f 3952/1/4 3944/1/4 3953/1/4
f 3953/1/4 3944/1/4 3954/1/4
f 3954/1/4 3955/1/4 3957/1/4
f 3953/1/4 3954/1/4 3957/1/4
f 3957/1/4 3955/1/4 3958/1/4
f 3958/1/4 3955/1/4 3959/1/4
f 3956/1/4 3957/1/4 3961/1/4
f 3957/1/4 3958/1/4 3961/1/4
f 3950/6/4 3951/6/4 3962/6/4
f 3962/6/4 3951/6/4 3963/6/4
f 3960/1/4 3961/1/4 3965/1/4
f 3961/1/4 3958/1/4 3966/1/4
f 3965/1/4 3961/1/4 3966/1/4
f 3966/1/4 3958/1/4 3967/1/4
f 3964/1/4 3965/1/4 3971/1/4
f 3965/1/4 3966/1/4 3971/1/4
f 3971/1/4 3966/1/4 3972/1/4
f 3969/2/4 3970/2/4 3973/2/4
f 3968/2/4 3969/2/4 3973/2/4
f 3973/2/4 3970/2/4 3974/2/4
f 3964/1/4 3971/1/4 3975/1/4
f 3975/1/4 3971/1/4 3976/1/4
f 3974/2/4 3970/2/4 3977/2/4
f 3974/2/4 3977/2/4 3981/2/4
f 3977/2/4 3978/2/4 3981/2/4
f 3981/2/4 3978/2/4 3982/2/4
f 3982/2/4 3978/2/4 3983/2/4
f 3979/1/4 3980/1/4 3987/1/4
f 3984/2/4 3985/2/4 3988/2/4
f 3982/2/4 3983/2/4 3988/2/4
f 3983/2/4 3984/2/4 3988/2/4
f 3988/2/4 3985/2/4 3989/2/4
f 3986/1/4 3987/1/4 3990/1/4
f 3987/1/4 3980/1/4 3991/1/4
f 3990/1/4 3987/1/4 3991/1/4
f 3991/1/4 3980/1/4 3992/1/4
f 3989/1/4 3990/1/4 3993/1/4
f 3990/1/4 3991/1/4 3993/1/4
f 3993/1/4 3991/1/4 3994/1/4
f 3995/3/4 3996/3/4 3998/3/4
f 3996/2/4 3997/2/4 3998/2/4
f 3998/2/4 3997/2/4 3999/2/4
f 3998/3/4 3999/3/4 4001/3/4
f 3995/3/4 3998/3/4 4001/3/4
f 4001/3/4 3999/3/4 4002/3/4
f 3999/2/4 4000/2/4 4003/2/4
f 4002/3/4 3999/3/4 4003/3/4
f 4003/2/4 4000/2/4 4004/2/4
f 4003/3/4 4004/3/4 4006/3/4
f 4002/3/4 4003/3/4 4006/3/4
f 4006/3/4 4004/3/4 4007/3/4
f 4004/2/4 4005/2/4 4008/2/4
f 4007/3/4 4004/3/4 4008/3/4
f 4008/2/4 4005/2/4 4009/2/4
f 4007/2/4 4008/2/4 4010/2/4
f 4010/2/4 4008/2/4 4011/2/4
f 4012/1/4 4013/1/4 4016/1/4
f 4016/1/4 4013/1/4 4017/1/4
f 4017/1/4 4013/1/4 4018/1/4
f 4018/1/4 4013/1/4 4019/1/4
f 4014/2/4 4015/2/4 4022/2/4
f 4015/1/4 4016/1/4 4023/1/4
f 4016/1/4 4017/1/4 4023/1/4
f 4023/1/4 4017/1/4 4024/1/4
f 4018/1/4 4019/1/4 4025/1/4
f 4019/1/4 4020/1/4 4025/1/4
f 4025/1/4 4020/1/4 4026/1/4
f 4026/1/4 4020/1/4 4027/1/4
f 4021/2/4 4022/2/4 4029/2/4
f 4022/2/4 4015/2/4 4029/2/4
f 4015/1/4 4023/1/4 4030/1/4
f 4029/2/4 4015/2/4 4030/2/4
f 4030/1/4 4023/1/4 4031/1/4
f 4027/1/4 4028/1/4 4032/1/4
f 4026/1/4 4027/1/4 4032/1/4
f 4032/1/4 4028/1/4 4033/1/4
f 4021/2/4 4029/2/4 4037/2/4
f 4029/1/4 4030/1/4 4038/1/4
f 4037/2/4 4029/2/4 4038/2/4
f 4038/1/4 4030/1/4 4039/1/4
f 4034/1/4 4035/1/4 4040/1/4
f 4036/2/4 4037/2/4 4042/2/4
f 4037/2/4 4038/2/4 4042/2/4
f 4042/2/4 4038/2/4 4043/2/4
f 4043/2/4 4038/2/4 4044/2/4
f 4040/1/4 4041/1/4 4045/1/4
f 4040/1/4 4045/1/4 4047/1/4
f 4045/1/4 4046/1/4 4047/1/4
f 4047/1/4 4046/1/4 4048/1/4
f 4034/1/4 4040/1/4 4049/1/4
f 4040/1/4 4047/1/4 4049/1/4
f 4049/1/4 4047/1/4 4050/1/4
f 4043/1/4 4044/1/4 4052/1/4
f 4052/1/4 4044/1/4 4053/1/4
f 4034/1/4 4049/1/4 4054/1/4
f 4054/1/4 4049/1/4 4055/1/4
f 4052/2/4 4053/2/4 4056/2/4
f 4051/2/4 4052/2/4 4056/2/4
f 4056/2/4 4053/2/4 4057/2/4
f 4057/2/4 4053/2/4 4058/2/4
f 4057/2/4 4058/2/4 4060/2/4
f 4058/1/4 4059/1/4 4060/1/4
f 4060/1/4 4059/1/4 4061/1/4
f 4033/1/4 4028/1/4 4064/1/4
f 4060/2/4 4061/2/4 4065/2/4
f 4057/2/4 4060/2/4 4065/2/4
f 4065/2/4 4061/2/4 4066/2/4
f 4061/1/4 4062/1/4 4067/1/4
f 4063/1/4 4064/1/4 4070/1/4
f 4064/1/4 4028/1/4 4071/1/4
f 4070/1/4 4064/1/4 4071/1/4
f 4071/1/4 4028/1/4 4072/1/4
f 4066/2/4 4061/2/4 4073/2/4
f 4067/1/4 4068/1/4 4074/1/4
f 4073/2/4 4061/2/4 4074/2/4
f 4061/1/4 4067/1/4 4074/1/4
f 4074/1/4 4068/1/4 4075/1/4
f 4075/1/4 4068/1/4 4076/1/4
f 4069/1/4 4070/1/4 4077/1/4
f 4070/1/4 4071/1/4 4077/1/4
f 4077/1/4 4071/1/4 4078/1/4
f 4078/1/4 4071/1/4 4079/1/4
f 4075/1/4 4076/1/4 4080/1/4
f 4077/1/4 4078/1/4 4080/1/4
f 4076/1/4 4077/1/4 4080/1/4
f 4080/1/4 4078/1/4 4081/1/4
f 4082/1/4 4083/1/4 4085/1/4
f 4085/1/4 4083/1/4 4086/1/4
f 4084/1/4 4085/1/4 4089/1/4
f 4086/1/4 4087/1/4 4089/1/4
f 4085/1/4 4086/1/4 4089/1/4
f 4089/1/4 4087/1/4 4090/1/4
f 4088/1/4 4089/1/4 4093/1/4
f 4090/1/4 4091/1/4 4093/1/4
f 4089/1/4 4090/1/4 4093/1/4
f 4092/1/4 4093/1/4 4094/1/4
f 4093/1/4 4091/1/4 4095/1/4
f 4094/1/4 4093/1/4 4095/1/4
f 4095/1/4 4091/1/4 4096/1/4
f 4096/1/4 4091/1/4 4097/1/4
f 4097/1/4 4091/1/4 4098/1/4
f 4098/1/4 4091/1/4 4099/1/4
f 4097/1/4 4098/1/4 4100/1/4
f 4100/1/4 4098/1/4 4101/1/4
f 4101/1/4 4098/1/4 4102/1/4
f 4102/1/4 4098/1/4 4103/1/4
f 4101/1/4 4102/1/4 4104/1/4
f 4104/1/4 4102/1/4 4105/1/4
f 4109/1/5 4107/1/5 4106/1/5
f 4110/1/5 4107/1/5 4109/1/5
f 4113/1/5 4109/1/5 4108/1/5
f 4113/1/5 4111/1/5 4110/1/5
f 4113/1/5 4110/1/5 4109/1/5
f 4114/1/5 4111/1/5 4113/1/5
f 4116/1/5 4113/1/5 4112/1/5
f 4116/1/5 4115/1/5 4114/1/5
f 4116/1/5 4114/1/5 4113/1/5
f 4117/1/5 4115/1/5 4116/1/5
f 4118/1/5 4115/1/5 4117/1/5
f 4119/1/5 4115/1/5 4118/1/5
f 4120/1/5 4118/1/5 4117/1/5
f 4121/1/5 4118/1/5 4120/1/5
f 4122/1/5 4118/1/5 4121/1/5
f 4123/1/5 4118/1/5 4122/1/5
f 4124/1/5 4122/1/5 4121/1/5
f 4125/1/5 4122/1/5 4124/1/5
f 4131/2/5 4127/2/5 4126/2/5
f 4132/2/5 4127/2/5 4131/2/5
f 4133/2/5 4129/2/5 4128/2/5
f 4134/2/5 4129/2/5 4133/2/5
f 4136/2/5 4132/2/5 4131/2/5
f 4136/2/5 4131/2/5 4130/2/5
f 4137/6/5 4133/6/5 4132/6/5
f 4137/2/5 4132/2/5 4136/2/5
f 4138/2/5 4135/2/5 4134/2/5
f 4138/6/5 4133/6/5 4137/6/5
f 4138/2/5 4134/2/5 4133/2/5
f 4139/2/5 4135/2/5 4138/2/5
f 4140/2/5 4136/2/5 4130/2/5
f 4141/2/5 4136/2/5 4140/2/5
f 4142/2/5 4135/2/5 4139/2/5
f 4143/2/5 4135/2/5 4142/2/5
f 4144/2/5 4140/2/5 4130/2/5
f 4145/2/5 4140/2/5 4144/2/5
f 4146/2/5 4135/2/5 4143/2/5
f 4147/2/5 4135/2/5 4146/2/5
f 4148/6/5 4145/6/5 4144/6/5
f 4149/6/5 4145/6/5 4148/6/5
f 4150/6/5 4147/6/5 4146/6/5
f 4151/6/5 4147/6/5 4150/6/5
f 4152/2/5 4149/2/5 4148/2/5
f 4155/2/5 4151/2/5 4150/2/5
f 4156/2/5 4153/2/5 4152/2/5
f 4159/2/5 4155/2/5 4154/2/5
f 4160/2/5 4152/2/5 4148/2/5
f 4160/2/5 4156/2/5 4152/2/5
f 4160/2/5 4157/2/5 4156/2/5
f 4161/2/5 4157/2/5 4160/2/5
f 4162/6/5 4158/6/5 4157/6/5
f 4162/2/5 4157/2/5 4161/2/5
f 4163/2/5 4159/2/5 4158/2/5
f 4163/6/5 4158/6/5 4162/6/5
f 4164/2/5 4155/2/5 4159/2/5
f 4164/2/5 4159/2/5 4163/2/5
f 4165/2/5 4151/2/5 4155/2/5
f 4165/2/5 4155/2/5 4164/2/5
f 4166/2/5 4162/2/5 4161/2/5
f 4167/2/5 4162/2/5 4166/2/5
f 4168/2/5 4164/2/5 4163/2/5
f 4169/2/5 4164/2/5 4168/2/5
f 4176/2/5 4171/2/5 4170/2/5
f 4177/2/5 4171/2/5 4176/2/5
f 4178/1/5 4173/1/5 4172/1/5
f 4179/1/5 4173/1/5 4178/1/5
f 4183/2/5 4175/2/5 4174/2/5
f 4184/2/5 4175/2/5 4183/2/5
f 4185/1/5 4177/1/5 4176/1/5
f 4186/6/5 4178/6/5 4177/6/5
f 4186/1/5 4177/1/5 4185/1/5
f 4187/1/5 4179/1/5 4178/1/5
f 4187/6/5 4178/6/5 4186/6/5
f 4188/1/5 4179/1/5 4187/1/5
f 4189/2/5 4181/2/5 4180/2/5
f 4190/2/5 4181/2/5 4189/2/5
f 4197/6/5 4193/6/5 4192/6/5
f 4197/6/5 4195/6/5 4194/6/5
f 4197/6/5 4194/6/5 4193/6/5
f 4198/6/5 4195/6/5 4197/6/5
f 4202/2/5 4183/2/5 4182/2/5
f 4203/6/5 4197/6/5 4196/6/5
f 4203/6/5 4198/6/5 4197/6/5
f 4203/6/5 4199/6/5 4198/6/5
f 4204/6/5 4199/6/5 4203/6/5
f 4205/2/5 4191/2/5 4190/2/5
f 4208/1/5 4201/1/5 4200/1/5
f 4209/1/5 4201/1/5 4208/1/5
f 4210/2/5 4202/2/5 4182/2/5
f 4211/6/5 4204/6/5 4203/6/5
f 4212/6/5 4204/6/5 4211/6/5
f 4213/2/5 4191/2/5 4205/2/5
f 4214/1/5 4207/1/5 4206/1/5
f 4215/1/5 4207/1/5 4214/1/5
f 4216/6/5 4212/6/5 4211/6/5
f 4217/6/5 4212/6/5 4216/6/5
f 4218/6/5 4212/6/5 4217/6/5
f 4219/6/5 4212/6/5 4218/6/5
f 4220/6/5 4218/6/5 4217/6/5
f 4221/6/5 4218/6/5 4220/6/5
f 4222/6/5 4218/6/5 4221/6/5
f 4223/6/5 4218/6/5 4222/6/5
f 4224/2/5 4210/2/5 4182/2/5
f 4225/2/5 4210/2/5 4224/2/5
f 4232/2/5 4191/2/5 4213/2/5
f 4233/2/5 4191/2/5 4232/2/5
f 4234/2/5 4226/2/5 4225/2/5
f 4235/2/5 4226/2/5 4234/2/5
f 4236/1/5 4228/1/5 4227/1/5
f 4237/6/5 4229/6/5 4228/6/5
f 4237/1/5 4228/1/5 4236/1/5
f 4238/1/5 4230/1/5 4229/1/5
f 4238/6/5 4229/6/5 4237/6/5
f 4239/1/5 4230/1/5 4238/1/5
f 4240/2/5 4232/2/5 4231/2/5
f 4241/2/5 4232/2/5 4240/2/5
f 4242/2/5 4237/2/5 4236/2/5
f 4243/2/5 4237/2/5 4242/2/5
f 4244/2/5 4239/2/5 4238/2/5
f 4245/2/5 4239/2/5 4244/2/5
f 4254/2/5 4247/2/5 4246/2/5
f 4255/2/5 4247/2/5 4254/2/5
f 4256/1/5 4249/1/5 4248/1/5
f 4257/1/5 4249/1/5 4256/1/5
f 4258/1/5 4251/1/5 4250/1/5
f 4259/1/5 4251/1/5 4258/1/5
f 4262/2/5 4253/2/5 4252/2/5
f 4263/2/5 4253/2/5 4262/2/5
f 4264/2/5 4261/2/5 4260/2/5
f 4265/2/5 4261/2/5 4264/2/5
f 4274/1/5 4271/1/5 4270/1/5
f 4275/1/5 4271/1/5 4274/1/5
f 4276/1/5 4273/1/5 4272/1/5
f 4277/1/5 4273/1/5 4276/1/5
f 4278/1/5 4274/1/5 4270/1/5
f 4279/1/5 4271/1/5 4275/1/5
f 4280/1/5 4276/1/5 4272/1/5
f 4281/1/5 4273/1/5 4277/1/5
f 4282/1/5 4278/1/5 4270/1/5
f 4282/1/5 4279/1/5 4278/1/5
f 4283/1/5 4271/1/5 4279/1/5
f 4283/1/5 4279/1/5 4282/1/5
f 4284/1/5 4281/1/5 4280/1/5
f 4284/1/5 4280/1/5 4272/1/5
f 4285/1/5 4273/1/5 4281/1/5
f 4285/1/5 4281/1/5 4284/1/5
f 4286/2/5 4267/2/5 4266/2/5
f 4287/2/5 4267/2/5 4286/2/5
f 4288/2/5 4269/2/5 4268/2/5
f 4289/2/5 4269/2/5 4288/2/5
f 4294/2/5 4291/2/5 4290/2/5
f 4295/2/5 4291/2/5 4294/2/5
f 4302/2/5 4293/2/5 4292/2/5
f 4303/2/5 4293/2/5 4302/2/5
f 4304/2/5 4297/2/5 4296/2/5
f 4305/2/5 4297/2/5 4304/2/5
f 4306/1/5 4299/1/5 4298/1/5
f 4307/1/5 4299/1/5 4306/1/5
f 4308/2/5 4301/2/5 4300/2/5
f 4309/2/5 4301/2/5 4308/2/5
f 4314/1/5 4311/1/5 4310/1/5
f 4315/1/5 4311/1/5 4314/1/5
f 4316/1/5 4311/1/5 4315/1/5
f 4319/2/5 4313/2/5 4312/2/5
f 4320/2/5 4313/2/5 4319/2/5
f 4321/1/5 4318/1/5 4317/1/5
f 4322/1/5 4318/1/5 4321/1/5
f 4329/2/5 4324/2/5 4323/2/5
f 4330/2/5 4324/2/5 4329/2/5
f 4331/2/5 4326/2/5 4325/2/5
f 4332/2/5 4326/2/5 4331/2/5
f 4336/1/5 4328/1/5 4327/1/5
f 4337/1/5 4328/1/5 4336/1/5
f 4340/1/5 4334/1/5 4333/1/5
f 4341/1/5 4334/1/5 4340/1/5
f 4347/1/5 4344/1/5 4343/1/5
f 4348/1/5 4344/1/5 4347/1/5
f 4349/1/5 4346/1/5 4345/1/5
f 4350/1/5 4346/1/5 4349/1/5
f 4351/1/5 4336/1/5 4335/1/5
f 4352/1/5 4336/1/5 4351/1/5
f 4353/1/5 4338/1/5 4337/1/5
f 4354/1/5 4338/1/5 4353/1/5
f 4355/1/5 4340/1/5 4339/1/5
f 4356/1/5 4340/1/5 4355/1/5
f 4357/1/5 4342/1/5 4341/1/5
f 4358/1/5 4342/1/5 4357/1/5
f 4359/1/5 4353/1/5 4352/1/5
f 4360/1/5 4353/1/5 4359/1/5
f 4365/1/5 4357/1/5 4356/1/5
f 4366/1/5 4357/1/5 4365/1/5
f 4367/2/5 4362/2/5 4361/2/5
f 4368/2/5 4362/2/5 4367/2/5
f 4369/2/5 4364/2/5 4363/2/5
f 4370/2/5 4364/2/5 4369/2/5
f 4375/2/5 4372/2/5 4371/2/5
f 4376/2/5 4372/2/5 4375/2/5
f 4381/2/5 4374/2/5 4373/2/5
f 4382/2/5 4374/2/5 4381/2/5
f 4383/1/5 4380/1/5 4379/1/5
f 4383/1/5 4378/1/5 4377/1/5
f 4383/1/5 4379/1/5 4378/1/5
f 4384/1/5 4380/1/5 4383/1/5
f 4389/1/5 4386/1/5 4385/1/5
f 4390/1/5 4386/1/5 4389/1/5
f 4391/1/5 4388/1/5 4387/1/5
f 4392/1/5 4388/1/5 4391/1/5
f 4397/1/5 4394/1/5 4393/1/5
f 4398/1/5 4394/1/5 4397/1/5
f 4399/1/5 4396/1/5 4395/1/5
f 4400/1/5 4396/1/5 4399/1/5
f 4409/1/5 4402/1/5 4401/1/5
f 4410/1/5 4402/1/5 4409/1/5
f 4411/1/5 4404/1/5 4403/1/5
f 4412/1/5 4404/1/5 4411/1/5
f 4417/1/5 4406/1/5 4405/1/5
f 4418/1/5 4406/1/5 4417/1/5
f 4419/1/5 4408/1/5 4407/1/5
f 4420/1/5 4408/1/5 4419/1/5
f 4425/1/5 4414/1/5 4413/1/5
f 4426/1/5 4414/1/5 4425/1/5
f 4427/1/5 4416/1/5 4415/1/5
f 4428/1/5 4416/1/5 4427/1/5
f 4429/1/5 4422/1/5 4421/1/5
f 4430/1/5 4422/1/5 4429/1/5
f 4431/1/5 4424/1/5 4423/1/5
f 4432/1/5 4424/1/5 4431/1/5
f 4437/1/5 4434/1/5 4433/1/5
f 4438/1/5 4434/1/5 4437/1/5
f 4439/1/5 4436/1/5 4435/1/5
f 4440/1/5 4436/1/5 4439/1/5
f 4445/1/5 4442/1/5 4441/1/5
f 4446/1/5 4442/1/5 4445/1/5
f 4447/1/5 4444/1/5 4443/1/5
f 4448/1/5 4444/1/5 4447/1/5
f 4455/1/5 4450/1/5 4449/1/5
f 4456/1/5 4450/1/5 4455/1/5
f 4457/1/5 4452/1/5 4451/1/5
f 4458/1/5 4452/1/5 4457/1/5
f 4462/1/5 4454/1/5 4453/1/5
f 4463/1/5 4454/1/5 4462/1/5
f 4464/1/5 4460/1/5 4459/1/5
f 4465/1/5 4460/1/5 4464/1/5
f 4467/1/5 4462/1/5 4461/1/5
f 4468/1/5 4462/1/5 4467/1/5
f 4469/1/5 4466/1/5 4465/1/5
f 4470/1/5 4466/1/5 4469/1/5
f 4475/1/5 4472/1/5 4471/1/5
f 4476/1/5 4472/1/5 4475/1/5
f 4477/1/5 4474/1/5 4473/1/5
f 4478/1/5 4474/1/5 4477/1/5
f 4483/1/5 4480/1/5 4479/1/5
f 4484/1/5 4480/1/5 4483/1/5
f 4485/1/5 4482/1/5 4481/1/5
f 4486/1/5 4482/1/5 4485/1/5
f 4491/1/5 4488/1/5 4487/1/5
f 4492/1/5 4488/1/5 4491/1/5
f 4495/1/5 4490/1/5 4489/1/5
f 4496/1/5 4490/1/5 4495/1/5
f 4497/1/5 4493/1/5 4492/1/5
f 4498/1/5 4493/1/5 4497/1/5
f 4503/1/5 4495/1/5 4494/1/5
f 4504/1/5 4495/1/5 4503/1/5
f 4505/1/5 4500/1/5 4499/1/5
f 4506/1/5 4500/1/5 4505/1/5
f 4507/1/5 4502/1/5 4501/1/5
f 4508/1/5 4502/1/5 4507/1/5
f 4513/1/5 4510/1/5 4509/1/5
f 4514/1/5 4510/1/5 4513/1/5
f 4515/1/5 4512/1/5 4511/1/5
f 4516/1/5 4512/1/5 4515/1/5
f 4523/1/5 4518/1/5 4517/1/5
f 4524/1/5 4518/1/5 4523/1/5
f 4525/1/5 4520/1/5 4519/1/5
f 4526/1/5 4520/1/5 4525/1/5
f 4529/1/5 4522/1/5 4521/1/5
f 4530/1/5 4522/1/5 4529/1/5
f 4531/1/5 4528/1/5 4527/1/5
f 4532/1/5 4528/1/5 4531/1/5
f 4541/1/5 4534/1/5 4533/1/5
f 4542/1/5 4534/1/5 4541/1/5
f 4543/1/5 4536/1/5 4535/1/5
f 4544/1/5 4536/1/5 4543/1/5
f 4545/1/5 4538/1/5 4537/1/5
f 4546/1/5 4538/1/5 4545/1/5
f 4547/1/5 4540/1/5 4539/1/5
f 4548/1/5 4540/1/5 4547/1/5
f 4553/1/5 4550/1/5 4549/1/5
f 4554/1/5 4550/1/5 4553/1/5
f 4559/1/5 4552/1/5 4551/1/5
f 4560/1/5 4552/1/5 4559/1/5
f 4561/1/5 4556/1/5 4555/1/5
f 4562/1/5 4556/1/5 4561/1/5
f 4563/1/5 4558/1/5 4557/1/5
f 4564/1/5 4558/1/5 4563/1/5
f 4569/1/5 4566/1/5 4565/1/5
f 4570/1/5 4566/1/5 4569/1/5
f 4571/1/5 4568/1/5 4567/1/5
f 4572/1/5 4568/1/5 4571/1/5
f 4578/3/5 4574/3/5 4573/3/5
f 4579/3/5 4576/3/5 4575/3/5
f 4583/3/5 4578/3/5 4577/3/5
f 4584/3/5 4574/3/5 4578/3/5
f 4584/3/5 4578/3/5 4583/3/5
f 4585/3/5 4579/3/5 4575/3/5
f 4585/3/5 4580/3/5 4579/3/5
f 4586/3/5 4580/3/5 4585/3/5
f 4589/1/5 4582/1/5 4581/1/5
f 4590/1/5 4582/1/5 4589/1/5
f 4591/1/5 4588/1/5 4587/1/5
f 4592/1/5 4588/1/5 4591/1/5
f 4593/1/5 4589/1/5 4581/1/5
f 4594/1/5 4582/1/5 4590/1/5
f 4595/1/5 4591/1/5 4587/1/5
f 4596/1/5 4588/1/5 4592/1/5
f 4597/1/5 4593/1/5 4581/1/5
f 4597/1/5 4594/1/5 4593/1/5
f 4598/1/5 4582/1/5 4594/1/5
f 4598/1/5 4594/1/5 4597/1/5
f 4603/1/5 4596/1/5 4595/1/5
f 4603/1/5 4595/1/5 4587/1/5
f 4604/1/5 4588/1/5 4596/1/5
f 4604/1/5 4596/1/5 4603/1/5
f 4605/3/5 4600/3/5 4599/3/5
f 4606/3/5 4600/3/5 4605/3/5
f 4607/3/5 4602/3/5 4601/3/5
f 4608/3/5 4602/3/5 4607/3/5
f 4609/3/5 4600/3/5 4606/3/5
f 4610/3/5 4600/3/5 4609/3/5
f 4611/3/5 4607/3/5 4601/3/5
f 4612/3/5 4607/3/5 4611/3/5
f 4617/3/5 4614/3/5 4613/3/5
f 4618/3/5 4614/3/5 4617/3/5
f 4619/3/5 4616/3/5 4615/3/5
f 4620/3/5 4616/3/5 4619/3/5
f 4629/1/5 4626/1/5 4625/1/5
f 4630/1/5 4626/1/5 4629/1/5
f 4631/1/5 4628/1/5 4627/1/5
f 4632/1/5 4628/1/5 4631/1/5
f 4633/5/5 4622/5/5 4621/5/5
f 4634/5/5 4622/5/5 4633/5/5
f 4635/5/5 4624/5/5 4623/5/5
f 4636/5/5 4624/5/5 4635/5/5
f 4641/3/5 4638/3/5 4637/3/5
f 4642/3/5 4638/3/5 4641/3/5
f 4643/3/5 4640/3/5 4639/3/5
f 4644/3/5 4640/3/5 4643/3/5
f 4649/3/5 4646/3/5 4645/3/5
f 4650/3/5 4646/3/5 4649/3/5
f 4651/3/5 4648/3/5 4647/3/5
f 4652/3/5 4648/3/5 4651/3/5
f 4653/3/5 4649/3/5 4645/3/5
f 4654/3/5 4649/3/5 4653/3/5
f 4659/3/5 4648/3/5 4652/3/5
f 4660/3/5 4648/3/5 4659/3/5
f 4661/3/5 4656/3/5 4655/3/5
f 4662/3/5 4658/3/5 4657/3/5
f 4663/3/5 4656/3/5 4661/3/5
f 4664/3/5 4662/3/5 4657/3/5
f 4667/3/5 4656/3/5 4663/3/5
f 4668/3/5 4656/3/5 4667/3/5
f 4669/3/5 4664/3/5 4657/3/5
f 4670/3/5 4664/3/5 4669/3/5
f 4673/3/5 4666/3/5 4665/3/5
f 4676/3/5 4672/3/5 4671/3/5
f 4677/3/5 4674/3/5 4673/3/5
f 4677/3/5 4673/3/5 4665/3/5
f 4678/3/5 4674/3/5 4677/3/5
f 4679/3/5 4676/3/5 4675/3/5
f 4680/3/5 4672/3/5 4676/3/5
f 4680/3/5 4676/3/5 4679/3/5
f 4689/1/5 4684/1/5 4683/1/5
f 4690/1/5 4684/1/5 4689/1/5
f 4691/1/5 4686/1/5 4685/1/5
f 4692/1/5 4686/1/5 4691/1/5
f 4693/3/5 4682/3/5 4681/3/5
f 4694/3/5 4682/3/5 4693/3/5
f 4695/3/5 4688/3/5 4687/3/5
f 4696/3/5 4688/3/5 4695/3/5
f 4699/3/5 4698/3/5 4697/3/5
f 4700/3/5 4698/3/5 4699/3/5
f 4709/3/5 4702/3/5 4701/3/5
f 4710/3/5 4702/3/5 4709/3/5
f 4711/1/5 4706/1/5 4705/1/5
f 4712/1/5 4706/1/5 4711/1/5
f 4713/1/5 4708/1/5 4707/1/5
f 4714/1/5 4708/1/5 4713/1/5
f 4715/3/5 4704/3/5 4703/3/5
f 4716/3/5 4704/3/5 4715/3/5
f 4723/2/5 4718/2/5 4717/2/5
f 4724/2/5 4718/2/5 4723/2/5
f 4726/1/5 4720/1/5 4719/1/5
f 4727/1/5 4720/1/5 4726/1/5
f 4728/1/5 4720/1/5 4727/1/5
f 4729/1/5 4720/1/5 4728/1/5
f 4731/2/5 4722/2/5 4721/2/5
f 4732/2/5 4722/2/5 4731/2/5
f 4733/3/5 4724/3/5 4723/3/5
f 4734/3/5 4724/3/5 4733/3/5
f 4737/1/5 4726/1/5 4725/1/5
f 4737/1/5 4727/1/5 4726/1/5
f 4738/1/5 4727/1/5 4737/1/5
f 4739/1/5 4730/1/5 4729/1/5
f 4739/1/5 4729/1/5 4728/1/5
f 4740/1/5 4730/1/5 4739/1/5
f 4743/3/5 4732/3/5 4731/3/5
f 4744/3/5 4732/3/5 4743/3/5
f 4745/5/5 4736/5/5 4735/5/5
f 4746/5/5 4736/5/5 4745/5/5
f 4747/1/5 4737/1/5 4725/1/5
f 4748/1/5 4737/1/5 4747/1/5
f 4753/1/5 4730/1/5 4740/1/5
f 4754/1/5 4730/1/5 4753/1/5
f 4755/5/5 4742/5/5 4741/5/5
f 4756/5/5 4742/5/5 4755/5/5
f 4757/1/5 4747/1/5 4725/1/5
f 4759/3/5 4750/3/5 4749/3/5
f 4760/3/5 4752/3/5 4751/3/5
f 4762/1/5 4730/1/5 4754/1/5
f 4763/1/5 4747/1/5 4757/1/5
f 4764/3/5 4759/3/5 4758/3/5
f 4765/3/5 4750/3/5 4759/3/5
f 4765/3/5 4759/3/5 4764/3/5
f 4766/3/5 4761/3/5 4760/3/5
f 4766/3/5 4760/3/5 4751/3/5
f 4767/3/5 4761/3/5 4766/3/5
f 4768/1/5 4762/1/5 4754/1/5
f 4771/1/5 4747/1/5 4763/1/5
f 4773/3/5 4750/3/5 4765/3/5
f 4774/3/5 4750/3/5 4773/3/5
f 4775/3/5 4766/3/5 4751/3/5
f 4776/3/5 4766/3/5 4775/3/5
f 4778/1/5 4768/1/5 4754/1/5
f 4783/5/5 4770/5/5 4769/5/5
f 4784/5/5 4770/5/5 4783/5/5
f 4785/1/5 4772/1/5 4771/1/5
f 4788/1/5 4778/1/5 4777/1/5
f 4789/5/5 4780/5/5 4779/5/5
f 4790/5/5 4780/5/5 4789/5/5
f 4793/3/5 4782/3/5 4781/3/5
f 4794/3/5 4782/3/5 4793/3/5
f 4795/1/5 4786/1/5 4785/1/5
f 4795/1/5 4771/1/5 4763/1/5
f 4795/1/5 4785/1/5 4771/1/5
f 4796/1/5 4786/1/5 4795/1/5
f 4797/1/5 4786/1/5 4796/1/5
f 4798/1/5 4788/1/5 4787/1/5
f 4799/1/5 4778/1/5 4788/1/5
f 4799/1/5 4768/1/5 4778/1/5
f 4799/1/5 4788/1/5 4798/1/5
f 4800/1/5 4768/1/5 4799/1/5
f 4801/3/5 4792/3/5 4791/3/5
f 4802/3/5 4792/3/5 4801/3/5
f 4803/2/5 4794/2/5 4793/2/5
f 4804/2/5 4794/2/5 4803/2/5
f 4805/1/5 4798/1/5 4797/1/5
f 4805/1/5 4797/1/5 4796/1/5
f 4805/1/5 4799/1/5 4798/1/5
f 4806/1/5 4799/1/5 4805/1/5
f 4807/2/5 4802/2/5 4801/2/5
f 4808/2/5 4802/2/5 4807/2/5
f 4816/3/5 4810/3/5 4809/3/5
f 4817/3/5 4810/3/5 4816/3/5
f 4822/1/5 4812/1/5 4811/1/5
f 4823/1/5 4812/1/5 4822/1/5
f 4824/1/5 4812/1/5 4823/1/5
f 4825/1/5 4812/1/5 4824/1/5
f 4830/3/5 4814/3/5 4813/3/5
f 4831/3/5 4814/3/5 4830/3/5
f 4833/2/5 4816/2/5 4815/2/5
f 4834/3/5 4817/3/5 4816/3/5
f 4834/2/5 4816/2/5 4833/2/5
f 4835/5/5 4818/5/5 4817/5/5
f 4835/3/5 4817/3/5 4834/3/5
f 4836/5/5 4818/5/5 4835/5/5
f 4837/5/5 4820/5/5 4819/5/5
f 4838/5/5 4820/5/5 4837/5/5
f 4842/1/5 4822/1/5 4821/1/5
f 4842/1/5 4823/1/5 4822/1/5
f 4843/1/5 4823/1/5 4842/1/5
f 4844/3/5 4824/3/5 4823/3/5
f 4844/1/5 4823/1/5 4843/1/5
f 4845/1/5 4825/1/5 4824/1/5
f 4845/3/5 4824/3/5 4844/3/5
f 4845/1/5 4826/1/5 4825/1/5
f 4846/1/5 4826/1/5 4845/1/5
f 4847/1/5 4826/1/5 4846/1/5
f 4851/5/5 4828/5/5 4827/5/5
f 4852/5/5 4828/5/5 4851/5/5
f 4853/5/5 4830/5/5 4829/5/5
f 4854/3/5 4831/3/5 4830/3/5
f 4854/5/5 4830/5/5 4853/5/5
f 4855/2/5 4832/2/5 4831/2/5
f 4855/3/5 4831/3/5 4854/3/5
f 4856/2/5 4832/2/5 4855/2/5
f 4857/3/5 4834/3/5 4833/3/5
f 4857/5/5 4835/5/5 4834/5/5
f 4858/5/5 4835/5/5 4857/5/5
f 4859/1/5 4843/1/5 4842/1/5
f 4859/1/5 4842/1/5 4841/1/5
f 4860/3/5 4844/3/5 4843/3/5
f 4860/1/5 4843/1/5 4859/1/5
f 4861/3/5 4844/3/5 4860/3/5
f 4862/3/5 4844/3/5 4861/3/5
f 4863/3/5 4846/3/5 4845/3/5
f 4864/3/5 4846/3/5 4863/3/5
f 4865/1/5 4848/1/5 4847/1/5
f 4865/3/5 4846/3/5 4864/3/5
f 4865/1/5 4847/1/5 4846/1/5
f 4866/1/5 4848/1/5 4865/1/5
f 4867/5/5 4855/5/5 4854/5/5
f 4868/3/5 4856/3/5 4855/3/5
f 4868/5/5 4855/5/5 4867/5/5
f 4869/3/5 4857/3/5 4833/3/5
f 4871/1/5 4859/1/5 4841/1/5
f 4871/3/5 4861/3/5 4860/3/5
f 4871/3/5 4860/3/5 4859/3/5
f 4872/3/5 4861/3/5 4871/3/5
f 4873/3/5 4861/3/5 4872/3/5
f 4876/3/5 4866/3/5 4865/3/5
f 4876/3/5 4865/3/5 4864/3/5
f 4877/3/5 4866/3/5 4876/3/5
f 4878/1/5 4848/1/5 4866/1/5
f 4878/3/5 4866/3/5 4877/3/5
f 4880/3/5 4856/3/5 4868/3/5
f 4881/3/5 4869/3/5 4833/3/5
f 4882/5/5 4870/5/5 4869/5/5
f 4882/3/5 4869/3/5 4881/3/5
f 4883/5/5 4870/5/5 4882/5/5
f 4887/5/5 4840/5/5 4839/5/5
f 4888/5/5 4840/5/5 4887/5/5
f 4889/1/5 4871/1/5 4841/1/5
f 4889/1/5 4872/1/5 4871/1/5
f 4890/1/5 4872/1/5 4889/1/5
f 4891/3/5 4874/3/5 4873/3/5
f 4891/1/5 4872/1/5 4890/1/5
f 4891/3/5 4873/3/5 4872/3/5
f 4892/3/5 4874/3/5 4891/3/5
f 4893/3/5 4877/3/5 4876/3/5
f 4893/3/5 4876/3/5 4875/3/5
f 4894/1/5 4878/1/5 4877/1/5
f 4894/3/5 4877/3/5 4893/3/5
f 4895/1/5 4848/1/5 4878/1/5
f 4895/1/5 4878/1/5 4894/1/5
f 4896/1/5 4848/1/5 4895/1/5
f 4897/5/5 4850/5/5 4849/5/5
f 4898/5/5 4850/5/5 4897/5/5
f 4902/5/5 4880/5/5 4879/5/5
f 4903/3/5 4856/3/5 4880/3/5
f 4903/5/5 4880/5/5 4902/5/5
f 4904/3/5 4856/3/5 4903/3/5
f 4905/2/5 4882/2/5 4881/2/5
f 4906/3/5 4883/3/5 4882/3/5
f 4906/2/5 4882/2/5 4905/2/5
f 4907/5/5 4884/5/5 4883/5/5
f 4907/3/5 4883/3/5 4906/3/5
f 4908/5/5 4884/5/5 4907/5/5
f 4909/5/5 4886/5/5 4885/5/5
f 4910/5/5 4886/5/5 4909/5/5
f 4911/1/5 4892/1/5 4891/1/5
f 4911/1/5 4891/1/5 4890/1/5
f 4912/1/5 4892/1/5 4911/1/5
f 4913/3/5 4893/3/5 4892/3/5
f 4913/1/5 4892/1/5 4912/1/5
f 4914/1/5 4894/1/5 4893/1/5
f 4914/3/5 4893/3/5 4913/3/5
f 4914/1/5 4895/1/5 4894/1/5
f 4915/1/5 4895/1/5 4914/1/5
f 4916/1/5 4895/1/5 4915/1/5
f 4917/5/5 4900/5/5 4899/5/5
f 4918/5/5 4900/5/5 4917/5/5
f 4919/5/5 4902/5/5 4901/5/5
f 4920/3/5 4903/3/5 4902/3/5
f 4920/5/5 4902/5/5 4919/5/5
f 4921/2/5 4904/2/5 4903/2/5
f 4921/3/5 4903/3/5 4920/3/5
f 4922/2/5 4904/2/5 4921/2/5
f 4923/3/5 4907/3/5 4906/3/5
f 4924/3/5 4907/3/5 4923/3/5
f 4925/1/5 4913/1/5 4912/1/5
f 4925/1/5 4915/1/5 4914/1/5
f 4925/1/5 4914/1/5 4913/1/5
f 4926/1/5 4915/1/5 4925/1/5
f 4927/3/5 4921/3/5 4920/3/5
f 4928/3/5 4921/3/5 4927/3/5
f 4934/5/5 4930/5/5 4929/5/5
f 4935/5/5 4930/5/5 4934/5/5
f 4938/5/5 4932/5/5 4931/5/5
f 4939/5/5 4932/5/5 4938/5/5
f 4942/5/5 4936/5/5 4935/5/5
f 4942/5/5 4934/5/5 4933/5/5
f 4942/5/5 4935/5/5 4934/5/5
f 4943/5/5 4940/5/5 4939/5/5
f 4943/5/5 4939/5/5 4938/5/5
f 4943/5/5 4938/5/5 4937/5/5
f 4945/5/5 4942/5/5 4941/5/5
f 4946/5/5 4936/5/5 4942/5/5
f 4946/5/5 4942/5/5 4945/5/5
f 4947/5/5 4944/5/5 4943/5/5
f 4947/5/5 4943/5/5 4937/5/5
f 4948/5/5 4944/5/5 4947/5/5
f 4949/5/5 4936/5/5 4946/5/5
f 4950/5/5 4936/5/5 4949/5/5
f 4951/5/5 4936/5/5 4950/5/5
f 4952/5/5 4936/5/5 4951/5/5
f 4953/5/5 4947/5/5 4937/5/5
f 4954/5/5 4947/5/5 4953/5/5
f 4955/5/5 4947/5/5 4954/5/5
f 4956/5/5 4947/5/5 4955/5/5
f 4957/5/5 4951/5/5 4950/5/5
f 4958/5/5 4951/5/5 4957/5/5
f 4959/5/5 4955/5/5 4954/5/5
f 4960/5/5 4955/5/5 4959/5/5
f 4965/3/5 4962/3/5 4961/3/5
f 4966/3/5 4962/3/5 4965/3/5
f 4970/3/5 4964/3/5 4963/3/5
f 4971/3/5 4964/3/5 4970/3/5
f 4972/3/5 4968/3/5 4967/3/5
f 4973/3/5 4968/3/5 4972/3/5
f 4975/3/5 4970/3/5 4969/3/5
f 4976/3/5 4970/3/5 4975/3/5
f 4979/3/5 4974/3/5 4973/3/5
f 4980/3/5 4974/3/5 4979/3/5
f 4981/3/5 4977/3/5 4976/3/5
f 4982/3/5 4977/3/5 4981/3/5
f 4983/3/5 4979/3/5 4978/3/5
f 4984/3/5 4979/3/5 4983/3/5
f 4989/3/5 4986/3/5 4985/3/5
f 4990/3/5 4986/3/5 4989/3/5
f 4991/3/5 4988/3/5 4987/3/5
f 4992/3/5 4988/3/5 4991/3/5
f 4997/3/5 4994/3/5 4993/3/5
f 4998/3/5 4994/3/5 4997/3/5
f 4999/3/5 4996/3/5 4995/3/5
f 5000/3/5 4996/3/5 4999/3/5
f 5007/3/5 5002/3/5 5001/3/5
f 5008/3/5 5002/3/5 5007/3/5
f 5009/3/5 5004/3/5 5003/3/5
f 5010/3/5 5004/3/5 5009/3/5
f 5013/3/5 5006/3/5 5005/3/5
f 5014/3/5 5006/3/5 5013/3/5
f 5015/3/5 5012/3/5 5011/3/5
f 5016/3/5 5012/3/5 5015/3/5
f 5019/4/5 5018/4/5 5017/4/5
f 5020/4/5 5018/4/5 5019/4/5
f 5027/3/5 5022/3/5 5021/3/5
f 5028/3/5 5022/3/5 5027/3/5
f 5029/3/5 5024/3/5 5023/3/5
f 5030/3/5 5024/3/5 5029/3/5
f 5031/3/5 5026/3/5 5025/3/5
f 5032/3/5 5026/3/5 5031/3/5
f 5037/3/5 5034/3/5 5033/3/5
f 5038/3/5 5034/3/5 5037/3/5
f 5039/3/5 5036/3/5 5035/3/5
f 5040/3/5 5036/3/5 5039/3/5
f 5045/3/5 5042/3/5 5041/3/5
f 5046/3/5 5042/3/5 5045/3/5
f 5047/3/5 5044/3/5 5043/3/5
f 5048/3/5 5044/3/5 5047/3/5
f 5053/3/5 5050/3/5 5049/3/5
f 5054/3/5 5050/3/5 5053/3/5
f 5059/3/5 5052/3/5 5051/3/5
f 5060/3/5 5052/3/5 5059/3/5
f 5061/3/5 5056/3/5 5055/3/5
f 5062/3/5 5056/3/5 5061/3/5
f 5063/3/5 5058/3/5 5057/3/5
f 5064/3/5 5058/3/5 5063/3/5
f 5069/3/5 5066/3/5 5065/3/5
f 5070/3/5 5066/3/5 5069/3/5
f 5071/3/5 5068/3/5 5067/3/5
f 5072/3/5 5068/3/5 5071/3/5
f 5075/3/5 5074/3/5 5073/3/5
f 5076/3/5 5074/3/5 5075/3/5
f 5077/1/6 5078/1/6 5083/1/6
f 5083/1/6 5078/1/6 5084/1/6
f 5079/1/6 5080/1/6 5085/1/6
f 5085/1/6 5080/1/6 5086/1/6
f 5081/1/6 5082/1/6 5089/1/6
f 5089/1/6 5082/1/6 5090/1/6
f 5087/1/6 5088/1/6 5091/1/6
f 5091/1/6 5088/1/6 5092/1/6
f 5093/1/6 5094/1/6 5097/1/6
f 5097/1/6 5094/1/6 5098/1/6
f 5095/1/6 5096/1/6 5099/1/6
f 5099/1/6 5096/1/6 5100/1/6
f 5101/1/6 5102/1/6 5105/1/6
f 5105/1/6 5102/1/6 5106/1/6
f 5103/1/6 5104/1/6 5107/1/6
f 5107/1/6 5104/1/6 5108/1/6
f 5109/1/6 5110/1/6 5113/1/6
f 5113/1/6 5110/1/6 5114/1/6
f 5111/1/6 5112/1/6 5119/1/6
f 5119/1/6 5112/1/6 5120/1/6
f 5115/1/6 5116/1/6 5121/1/6
f 5121/1/6 5116/1/6 5122/1/6
f 5117/1/6 5118/1/6 5123/1/6
f 5123/1/6 5118/1/6 5124/1/6
f 5125/1/6 5126/1/6 5129/1/6
f 5129/1/6 5126/1/6 5130/1/6
f 5127/1/6 5128/1/6 5131/1/6
f 5131/1/6 5128/1/6 5132/1/6
f 5133/1/6 5134/1/6 5137/1/6
f 5137/1/6 5134/1/6 5138/1/6
f 5135/1/6 5136/1/6 5139/1/6
f 5139/1/6 5136/1/6 5140/1/6
f 5141/1/6 5142/1/6 5145/1/6
f 5145/1/6 5142/1/6 5146/1/6
f 5143/1/6 5144/1/6 5147/1/6
f 5147/1/6 5144/1/6 5148/1/6
f 5149/1/6 5150/1/6 5153/1/6
f 5153/1/6 5150/1/6 5154/1/6
f 5151/1/6 5152/1/6 5155/1/6
f 5155/1/6 5152/1/6 5156/1/6
f 5157/1/6 5158/1/6 5161/1/6
f 5161/1/6 5158/1/6 5162/1/6
f 5159/1/6 5160/1/6 5166/1/6
f 5166/1/6 5160/1/6 5167/1/6
f 5163/1/6 5164/1/6 5168/1/6
f 5168/1/6 5164/1/6 5169/1/6
f 5165/1/6 5166/1/6 5171/1/6
f 5171/1/6 5166/1/6 5172/1/6
f 5169/1/6 5170/1/6 5173/1/6
f 5173/1/6 5170/1/6 5174/1/6
f 5175/1/6 5176/1/6 5179/1/6
f 5179/1/6 5176/1/6 5180/1/6
f 5177/1/6 5178/1/6 5181/1/6
f 5181/1/6 5178/1/6 5182/1/6
f 5183/1/6 5184/1/6 5187/1/6
f 5187/1/6 5184/1/6 5188/1/6
f 5185/1/6 5186/1/6 5191/1/6
f 5191/1/6 5186/1/6 5192/1/6
f 5188/1/6 5189/1/6 5193/1/6
f 5193/1/6 5189/1/6 5194/1/6
f 5190/1/6 5191/1/6 5197/1/6
f 5197/1/6 5191/1/6 5198/1/6
f 5195/1/6 5196/1/6 5199/1/6
f 5199/1/6 5196/1/6 5200/1/6
f 5201/1/6 5202/1/6 5206/1/6
f 5206/1/6 5202/1/6 5207/1/6
f 5203/1/6 5204/1/6 5208/1/6
f 5208/1/6 5204/1/6 5209/1/6
f 5205/1/6 5206/1/6 5212/1/6
f 5212/1/6 5206/1/6 5213/1/6
f 5209/1/6 5210/1/6 5216/1/6
f 5216/1/6 5210/1/6 5217/1/6
f 5214/6/6 5215/6/6 5220/6/6
f 5220/6/6 5215/6/6 5221/6/6
f 5211/1/6 5212/1/6 5223/1/6
f 5223/1/6 5212/1/6 5224/1/6
f 5217/1/6 5218/1/6 5225/1/6
f 5225/1/6 5218/1/6 5226/1/6
f 5221/6/6 5222/6/6 5231/6/6
f 5219/6/6 5220/6/6 5231/6/6
f 5220/6/6 5221/6/6 5231/6/6
f 5231/6/6 5222/6/6 5232/6/6
f 5232/6/6 5222/6/6 5233/6/6
f 5233/6/6 5222/6/6 5234/6/6
f 5227/1/6 5228/1/6 5235/1/6
f 5235/1/6 5228/1/6 5236/1/6
f 5232/6/6 5233/6/6 5238/6/6
f 5238/6/6 5233/6/6 5239/6/6
f 5229/1/6 5230/1/6 5241/1/6
f 5241/1/6 5230/1/6 5242/1/6
f 5236/1/6 5237/1/6 5243/1/6
f 5243/1/6 5237/1/6 5244/1/6
f 5240/1/6 5241/1/6 5247/1/6
f 5247/1/6 5241/1/6 5248/1/6
f 5244/1/6 5245/1/6 5249/1/6
f 5249/1/6 5245/1/6 5250/1/6
f 5246/1/6 5247/1/6 5251/1/6
f 5251/1/6 5247/1/6 5252/1/6
f 5253/1/6 5254/1/6 5256/1/6
f 5256/1/6 5254/1/6 5257/1/6
f 5255/1/6 5256/1/6 5260/1/6
f 5257/1/6 5258/1/6 5260/1/6
f 5256/1/6 5257/1/6 5260/1/6
f 5260/1/6 5258/1/6 5261/1/6
f 5261/1/6 5258/1/6 5262/1/6
f 5262/1/6 5258/1/6 5263/1/6
f 5259/1/6 5260/1/6 5265/1/6
f 5260/1/6 5261/1/6 5265/1/6
f 5265/1/6 5261/1/6 5266/1/6
f 5263/1/6 5264/1/6 5267/1/6
f 5262/1/6 5263/1/6 5267/1/6
f 5267/1/6 5264/1/6 5268/1/6
f 5259/1/6 5265/1/6 5270/1/6
f 5268/1/6 5264/1/6 5271/1/6
f 5269/1/6 5270/1/6 5273/1/6
f 5270/1/6 5265/1/6 5274/1/6
f 5273/1/6 5270/1/6 5274/1/6
f 5271/1/6 5272/1/6 5275/1/6
f 5268/1/6 5271/1/6 5275/1/6
f 5275/1/6 5272/1/6 5276/1/6
f 5274/1/6 5265/1/6 5277/1/6
f 5268/1/6 5275/1/6 5280/1/6
f 5277/1/6 5278/1/6 5281/1/6
f 5274/1/6 5277/1/6 5281/1/6
f 5281/1/6 5278/1/6 5282/1/6
f 5282/1/6 5278/1/6 5283/1/6
f 5279/1/6 5280/1/6 5284/1/6
f 5280/1/6 5275/1/6 5285/1/6
f 5284/1/6 5280/1/6 5285/1/6
f 5285/1/6 5275/1/6 5286/1/6
f 5282/1/6 5283/1/6 5287/1/6
f 5283/1/6 5284/1/6 5287/1/6
f 5284/1/6 5285/1/6 5287/1/6
f 5287/1/6 5285/1/6 5288/1/6
f 5288/1/6 5285/1/6 5289/1/6
f 5289/1/6 5285/1/6 5290/1/6
f 5288/1/6 5289/1/6 5291/1/6
f 5291/1/6 5289/1/6 5292/1/6
f 5293/2/6 5294/2/6 5297/2/6
f 5297/2/6 5294/2/6 5298/2/6
f 5295/2/6 5296/2/6 5299/2/6
f 5299/2/6 5296/2/6 5300/2/6
f 5301/2/6 5302/2/6 5305/2/6
f 5305/2/6 5302/2/6 5306/2/6
f 5303/2/6 5304/2/6 5307/2/6
f 5307/2/6 5304/2/6 5308/2/6
f 5309/2/6 5310/2/6 5316/2/6
f 5310/1/6 5311/1/6 5317/1/6
f 5316/2/6 5310/2/6 5317/2/6
f 5311/6/6 5312/6/6 5318/6/6
f 5317/1/6 5311/1/6 5318/1/6
f 5312/1/6 5313/1/6 5319/1/6
f 5318/6/6 5312/6/6 5319/6/6
f 5313/2/6 5314/2/6 5320/2/6
f 5319/1/6 5313/1/6 5320/1/6
f 5320/2/6 5314/2/6 5321/2/6
f 5315/7/6 5316/7/6 5324/7/6
f 5316/7/6 5317/7/6 5324/7/6
f 5324/7/6 5317/7/6 5325/7/6
f 5325/7/6 5317/7/6 5326/7/6
f 5318/6/6 5319/6/6 5327/6/6
f 5326/7/6 5317/7/6 5327/7/6
f 5317/6/6 5318/6/6 5327/6/6
f 5319/6/6 5320/6/6 5327/6/6
f 5321/7/6 5322/7/6 5328/7/6
f 5327/6/6 5320/6/6 5328/6/6
f 5320/7/6 5321/7/6 5328/7/6
f 5328/7/6 5322/7/6 5329/7/6
f 5329/7/6 5322/7/6 5330/7/6
f 5330/7/6 5322/7/6 5331/7/6
f 5323/2/6 5324/2/6 5333/2/6
f 5325/7/6 5326/7/6 5334/7/6
f 5326/6/6 5327/6/6 5335/6/6
f 5327/6/6 5328/6/6 5335/6/6
f 5334/7/6 5326/7/6 5335/7/6
f 5328/6/6 5329/6/6 5335/6/6
f 5329/7/6 5330/7/6 5336/7/6
f 5335/6/6 5329/6/6 5336/6/6
f 5336/7/6 5330/7/6 5337/7/6
f 5331/2/6 5332/2/6 5338/2/6
f 5323/2/6 5333/2/6 5341/2/6
f 5333/7/6 5334/7/6 5341/7/6
f 5336/6/6 5337/6/6 5342/6/6
f 5341/7/6 5334/7/6 5342/7/6
f 5334/6/6 5335/6/6 5342/6/6
f 5335/6/6 5336/6/6 5342/6/6
f 5337/7/6 5338/7/6 5343/7/6
f 5342/6/6 5337/6/6 5343/6/6
f 5338/2/6 5332/2/6 5344/2/6
f 5343/7/6 5338/7/6 5344/7/6
f 5339/1/6 5340/1/6 5347/1/6
f 5347/1/6 5340/1/6 5348/1/6
f 5341/6/6 5342/6/6 5349/6/6
f 5323/2/6 5341/2/6 5349/2/6
f 5342/6/6 5343/6/6 5349/6/6
f 5343/6/6 5344/6/6 5349/6/6
f 5349/6/6 5344/6/6 5350/6/6
f 5350/6/6 5344/6/6 5351/6/6
f 5344/2/6 5332/2/6 5352/2/6
f 5351/6/6 5344/6/6 5352/6/6
f 5345/1/6 5346/1/6 5353/1/6
f 5353/1/6 5346/1/6 5354/1/6
f 5323/2/6 5349/2/6 5355/2/6
f 5349/7/6 5350/7/6 5355/7/6
f 5350/6/6 5351/6/6 5356/6/6
f 5355/7/6 5350/7/6 5356/7/6
f 5356/6/6 5351/6/6 5357/6/6
f 5357/6/6 5351/6/6 5358/6/6
f 5351/7/6 5352/7/6 5359/7/6
f 5358/6/6 5351/6/6 5359/6/6
f 5352/2/6 5332/2/6 5360/2/6
f 5359/7/6 5352/7/6 5360/7/6
f 5323/2/6 5355/2/6 5361/2/6
f 5361/2/6 5355/2/6 5362/2/6
f 5356/7/6 5357/7/6 5363/7/6
f 5357/6/6 5358/6/6 5364/6/6
f 5363/7/6 5357/7/6 5364/7/6
f 5364/6/6 5358/6/6 5365/6/6
f 5365/6/6 5358/6/6 5366/6/6
f 5358/7/6 5359/7/6 5367/7/6
f 5366/6/6 5358/6/6 5367/6/6
f 5367/7/6 5359/7/6 5368/7/6
f 5360/2/6 5332/2/6 5369/2/6
f 5369/2/6 5332/2/6 5370/2/6
f 5362/7/6 5363/7/6 5371/7/6
f 5363/7/6 5364/7/6 5371/7/6
f 5364/7/6 5365/7/6 5371/7/6
f 5371/7/6 5365/7/6 5372/7/6
f 5365/6/6 5366/6/6 5373/6/6
f 5372/7/6 5365/7/6 5373/7/6
f 5373/6/6 5366/6/6 5374/6/6
f 5374/6/6 5366/6/6 5375/6/6
f 5367/7/6 5368/7/6 5376/7/6
f 5375/6/6 5366/6/6 5376/6/6
f 5368/7/6 5369/7/6 5376/7/6
f 5366/7/6 5367/7/6 5376/7/6
f 5376/7/6 5369/7/6 5377/7/6
f 5377/7/6 5369/7/6 5378/7/6
f 5372/2/6 5373/2/6 5379/2/6
f 5373/1/6 5374/1/6 5380/1/6
f 5379/2/6 5373/2/6 5380/2/6
f 5374/6/6 5375/6/6 5381/6/6
f 5380/1/6 5374/1/6 5381/1/6
f 5375/1/6 5376/1/6 5382/1/6
f 5381/6/6 5375/6/6 5382/6/6
f 5376/2/6 5377/2/6 5383/2/6
f 5382/1/6 5376/1/6 5383/1/6
f 5383/2/6 5377/2/6 5384/2/6
f 5385/2/6 5386/2/6 5390/2/6
f 5390/2/6 5386/2/6 5391/2/6
f 5387/2/6 5388/2/6 5392/2/6
f 5392/2/6 5388/2/6 5393/2/6
f 5389/2/6 5390/2/6 5395/2/6
f 5395/2/6 5390/2/6 5396/2/6
f 5393/2/6 5394/2/6 5397/2/6
f 5397/2/6 5394/2/6 5398/2/6
f 5399/1/6 5400/1/6 5403/1/6
f 5403/1/6 5400/1/6 5404/1/6
f 5401/1/6 5402/1/6 5405/1/6
f 5405/1/6 5402/1/6 5406/1/6
f 5399/1/6 5403/1/6 5407/1/6
f 5404/1/6 5400/1/6 5408/1/6
f 5401/1/6 5405/1/6 5409/1/6
f 5406/1/6 5402/1/6 5410/1/6
f 5399/1/6 5407/1/6 5411/1/6
f 5407/1/6 5408/1/6 5411/1/6
f 5408/1/6 5400/1/6 5412/1/6
f 5411/1/6 5408/1/6 5412/1/6
f 5409/1/6 5410/1/6 5413/1/6
f 5401/1/6 5409/1/6 5413/1/6
f 5410/1/6 5402/1/6 5414/1/6
f 5413/1/6 5410/1/6 5414/1/6
f 5415/2/6 5416/2/6 5419/2/6
f 5419/2/6 5416/2/6 5420/2/6
f 5417/2/6 5418/2/6 5423/2/6
f 5423/2/6 5418/2/6 5424/2/6
f 5420/2/6 5421/2/6 5425/2/6
f 5425/2/6 5421/2/6 5426/2/6
f 5422/2/6 5423/2/6 5427/2/6
f 5427/2/6 5423/2/6 5428/2/6
f 5429/1/6 5430/1/6 5433/1/6
f 5433/1/6 5430/1/6 5434/1/6
f 5431/1/6 5432/1/6 5435/1/6
f 5435/1/6 5432/1/6 5436/1/6
f 5437/1/6 5438/1/6 5445/1/6
f 5445/1/6 5438/1/6 5446/1/6
f 5439/1/6 5440/1/6 5447/1/6
f 5447/1/6 5440/1/6 5448/1/6
f 5441/1/6 5442/1/6 5449/1/6
f 5449/1/6 5442/1/6 5450/1/6
f 5443/1/6 5444/1/6 5451/1/6
f 5451/1/6 5444/1/6 5452/1/6
f 5453/1/6 5454/1/6 5457/1/6
f 5457/1/6 5454/1/6 5458/1/6
f 5455/1/6 5456/1/6 5459/1/6
f 5459/1/6 5456/1/6 5460/1/6
f 5461/1/6 5462/1/6 5467/1/6
f 5467/1/6 5462/1/6 5468/1/6
f 5463/1/6 5464/1/6 5469/1/6
f 5469/1/6 5464/1/6 5470/1/6
f 5465/1/6 5466/1/6 5473/1/6
f 5473/1/6 5466/1/6 5474/1/6
f 5471/1/6 5472/1/6 5475/1/6
f 5475/1/6 5472/1/6 5476/1/6
f 5477/1/6 5478/1/6 5485/1/6
f 5485/1/6 5478/1/6 5486/1/6
f 5479/1/6 5480/1/6 5487/1/6
f 5487/1/6 5480/1/6 5488/1/6
f 5481/1/6 5482/1/6 5489/1/6
f 5489/1/6 5482/1/6 5490/1/6
f 5483/1/6 5484/1/6 5491/1/6
f 5491/1/6 5484/1/6 5492/1/6
f 5493/1/6 5494/1/6 5497/1/6
f 5497/1/6 5494/1/6 5498/1/6
f 5495/1/6 5496/1/6 5503/1/6
f 5503/1/6 5496/1/6 5504/1/6
f 5499/1/6 5500/1/6 5505/1/6
f 5505/1/6 5500/1/6 5506/1/6
f 5501/1/6 5502/1/6 5507/1/6
f 5507/1/6 5502/1/6 5508/1/6
f 5509/1/6 5510/1/6 5514/1/6
f 5514/1/6 5510/1/6 5515/1/6
f 5511/1/6 5512/1/6 5522/1/6
f 5522/1/6 5512/1/6 5523/1/6
f 5513/1/6 5514/1/6 5525/1/6
f 5525/1/6 5514/1/6 5526/1/6
f 5515/1/6 5516/1/6 5527/1/6
f 5527/1/6 5516/1/6 5528/1/6
f 5517/1/6 5518/1/6 5529/1/6
f 5529/1/6 5518/1/6 5530/1/6
f 5519/1/6 5520/1/6 5531/1/6
f 5531/1/6 5520/1/6 5532/1/6
f 5521/1/6 5522/1/6 5533/1/6
f 5533/1/6 5522/1/6 5534/1/6
f 5523/1/6 5524/1/6 5535/1/6
f 5535/1/6 5524/1/6 5536/1/6
f 5526/1/6 5527/1/6 5537/1/6
f 5537/1/6 5527/1/6 5538/1/6
f 5534/1/6 5535/1/6 5539/1/6
f 5539/1/6 5535/1/6 5540/1/6
f 5541/1/6 5542/1/6 5545/1/6
f 5545/1/6 5542/1/6 5546/1/6
f 5543/1/6 5544/1/6 5547/1/6
f 5547/1/6 5544/1/6 5548/1/6
f 5549/1/6 5550/1/6 5555/1/6
f 5555/1/6 5550/1/6 5556/1/6
f 5551/1/6 5552/1/6 5557/1/6
f 5557/1/6 5552/1/6 5558/1/6
f 5553/1/6 5554/1/6 5561/1/6
f 5561/1/6 5554/1/6 5562/1/6
f 5559/1/6 5560/1/6 5563/1/6
f 5563/1/6 5560/1/6 5564/1/6
f 5553/1/6 5561/1/6 5565/1/6
f 5562/1/6 5554/1/6 5566/1/6
f 5559/1/6 5563/1/6 5567/1/6
f 5564/1/6 5560/1/6 5568/1/6
f 5553/1/6 5565/1/6 5569/1/6
f 5565/1/6 5566/1/6 5569/1/6
f 5566/1/6 5554/1/6 5570/1/6
f 5569/1/6 5566/1/6 5570/1/6
f 5567/1/6 5568/1/6 5575/1/6
f 5559/1/6 5567/1/6 5575/1/6
f 5568/1/6 5560/1/6 5576/1/6
f 5575/1/6 5568/1/6 5576/1/6
f 5571/1/6 5572/1/6 5577/1/6
f 5577/1/6 5572/1/6 5578/1/6
f 5573/1/6 5574/1/6 5579/1/6
f 5579/1/6 5574/1/6 5580/1/6
f 5581/1/6 5582/1/6 5585/1/6
f 5585/1/6 5582/1/6 5586/1/6
f 5583/1/6 5584/1/6 5587/1/6
f 5587/1/6 5584/1/6 5588/1/6
f 5589/1/6 5590/1/6 5593/1/6
f 5593/1/6 5590/1/6 5594/1/6
f 5591/1/6 5592/1/6 5595/1/6
f 5595/1/6 5592/1/6 5596/1/6
f 5597/5/6 5598/5/6 5601/5/6
f 5601/5/6 5598/5/6 5602/5/6
f 5599/5/6 5600/5/6 5603/5/6
f 5603/5/6 5600/5/6 5604/5/6
f 5605/1/6 5606/1/6 5609/1/6
f 5609/1/6 5606/1/6 5610/1/6
f 5607/1/6 5608/1/6 5611/1/6
f 5611/1/6 5608/1/6 5612/1/6
f 5613/5/6 5614/5/6 5617/5/6
f 5617/5/6 5614/5/6 5618/5/6
f 5615/5/6 5616/5/6 5619/5/6
f 5619/5/6 5616/5/6 5620/5/6
f 5621/1/6 5622/1/6 5625/1/6
f 5625/1/6 5622/1/6 5626/1/6
f 5623/1/6 5624/1/6 5627/1/6
f 5627/1/6 5624/1/6 5628/1/6
f 5629/1/6 5630/1/6 5633/1/6
f 5633/1/6 5630/1/6 5634/1/6
f 5631/1/6 5632/1/6 5637/1/6
f 5637/1/6 5632/1/6 5638/1/6
f 5635/1/6 5636/1/6 5639/1/6
f 5639/1/6 5636/1/6 5640/1/6
f 5641/5/6 5642/5/6 5645/5/6
f 5645/5/6 5642/5/6 5646/5/6
f 5643/5/6 5644/5/6 5647/5/6
f 5647/5/6 5644/5/6 5648/5/6
f 5649/1/6 5650/1/6 5653/1/6
f 5653/1/6 5650/1/6 5654/1/6
f 5651/1/6 5652/1/6 5657/1/6
f 5657/1/6 5652/1/6 5658/1/6
f 5655/1/6 5656/1/6 5659/1/6
f 5659/1/6 5656/1/6 5660/1/6
f 5661/1/6 5662/1/6 5669/1/6
f 5669/1/6 5662/1/6 5670/1/6
f 5663/1/6 5664/1/6 5671/1/6
f 5671/1/6 5664/1/6 5672/1/6
f 5665/2/6 5666/2/6 5677/2/6
f 5677/2/6 5666/2/6 5678/2/6
f 5667/1/6 5668/1/6 5680/1/6
f 5673/1/6 5674/1/6 5681/1/6
f 5675/2/6 5676/2/6 5683/2/6
f 5683/2/6 5676/2/6 5684/2/6
f 5679/2/6 5680/2/6 5685/2/6
f 5680/1/6 5668/1/6 5686/1/6
f 5685/2/6 5680/2/6 5686/2/6
f 5686/1/6 5668/1/6 5687/1/6
f 5673/1/6 5681/1/6 5688/1/6
f 5681/2/6 5682/2/6 5689/2/6
f 5688/1/6 5681/1/6 5689/1/6
f 5689/2/6 5682/2/6 5690/2/6
f 5691/2/6 5692/2/6 5699/2/6
f 5692/1/6 5693/1/6 5700/1/6
f 5699/2/6 5692/2/6 5700/2/6
f 5694/1/6 5695/1/6 5701/1/6
f 5695/2/6 5696/2/6 5701/2/6
f 5701/2/6 5696/2/6 5702/2/6
f 5697/2/6 5698/2/6 5705/2/6
f 5705/2/6 5698/2/6 5706/2/6
f 5700/1/6 5693/1/6 5707/1/6
f 5707/1/6 5693/1/6 5708/1/6
f 5694/1/6 5701/1/6 5713/1/6
f 5713/1/6 5701/1/6 5714/1/6
f 5703/2/6 5704/2/6 5715/2/6
f 5715/2/6 5704/2/6 5716/2/6
f 5709/1/6 5710/1/6 5717/1/6
f 5717/1/6 5710/1/6 5718/1/6
f 5711/1/6 5712/1/6 5719/1/6
f 5719/1/6 5712/1/6 5720/1/6
f 5721/1/6 5722/1/6 5728/1/6
f 5728/1/6 5722/1/6 5729/1/6
f 5723/2/6 5724/2/6 5735/2/6
f 5735/2/6 5724/2/6 5736/2/6
f 5725/2/6 5726/2/6 5737/2/6
f 5737/2/6 5726/2/6 5738/2/6
f 5727/1/6 5728/1/6 5739/1/6
f 5728/1/6 5729/1/6 5739/1/6
f 5729/1/6 5730/1/6 5739/1/6
f 5739/1/6 5730/1/6 5740/1/6
f 5731/2/6 5732/2/6 5741/2/6
f 5741/2/6 5732/2/6 5742/2/6
f 5733/2/6 5734/2/6 5743/2/6
f 5743/2/6 5734/2/6 5744/2/6
f 5727/1/6 5739/1/6 5747/1/6
f 5747/1/6 5739/1/6 5748/1/6
f 5748/1/6 5739/1/6 5749/1/6
f 5740/1/6 5730/1/6 5750/1/6
f 5750/1/6 5730/1/6 5751/1/6
f 5751/1/6 5730/1/6 5752/1/6
f 5745/2/6 5746/2/6 5755/2/6
f 5746/1/6 5747/1/6 5756/1/6
f 5755/2/6 5746/2/6 5756/2/6
f 5747/1/6 5748/1/6 5756/1/6
f 5756/1/6 5748/1/6 5757/1/6
f 5757/1/6 5748/1/6 5758/1/6
f 5758/1/6 5748/1/6 5759/1/6
f 5752/1/6 5753/1/6 5760/1/6
f 5751/1/6 5752/1/6 5760/1/6
f 5760/1/6 5753/1/6 5761/1/6
f 5761/1/6 5753/1/6 5762/1/6
f 5753/2/6 5754/2/6 5763/2/6
f 5762/1/6 5753/1/6 5763/1/6
f 5763/2/6 5754/2/6 5764/2/6
f 5757/1/6 5758/1/6 5767/1/6
f 5767/1/6 5758/1/6 5768/1/6
f 5761/1/6 5762/1/6 5771/1/6
f 5771/1/6 5762/1/6 5772/1/6
f 5765/2/6 5766/2/6 5775/2/6
f 5768/1/6 5769/1/6 5776/1/6
f 5775/2/6 5766/2/6 5776/2/6
f 5766/1/6 5767/1/6 5776/1/6
f 5767/1/6 5768/1/6 5776/1/6
f 5776/1/6 5769/1/6 5777/1/6
f 5777/1/6 5769/1/6 5778/1/6
f 5772/1/6 5773/1/6 5781/1/6
f 5771/1/6 5772/1/6 5781/1/6
f 5770/1/6 5771/1/6 5781/1/6
f 5781/1/6 5773/1/6 5782/1/6
f 5773/2/6 5774/2/6 5783/2/6
f 5782/1/6 5773/1/6 5783/1/6
f 5783/2/6 5774/2/6 5784/2/6
f 5778/1/6 5779/1/6 5789/1/6
f 5777/1/6 5778/1/6 5789/1/6
f 5781/1/6 5782/1/6 5790/1/6
f 5780/1/6 5781/1/6 5790/1/6
f 5785/2/6 5786/2/6 5795/2/6
f 5795/2/6 5786/2/6 5796/2/6
f 5787/2/6 5788/2/6 5797/2/6
f 5797/2/6 5788/2/6 5798/2/6
f 5789/1/6 5790/1/6 5799/1/6
f 5777/1/6 5789/1/6 5799/1/6
f 5799/1/6 5790/1/6 5800/1/6
f 5790/1/6 5782/1/6 5801/1/6
f 5800/1/6 5790/1/6 5801/1/6
f 5801/1/6 5782/1/6 5802/1/6
f 5791/2/6 5792/2/6 5803/2/6
f 5803/2/6 5792/2/6 5804/2/6
f 5793/2/6 5794/2/6 5805/2/6
f 5805/2/6 5794/2/6 5806/2/6
f 5800/1/6 5801/1/6 5807/1/6
f 5807/1/6 5801/1/6 5808/1/6
f 5809/2/6 5810/2/6 5813/2/6
f 5813/2/6 5810/2/6 5814/2/6
f 5811/2/6 5812/2/6 5821/2/6
f 5821/2/6 5812/2/6 5822/2/6
f 5815/2/6 5816/2/6 5825/2/6
f 5825/2/6 5816/2/6 5826/2/6
f 5817/1/6 5818/1/6 5828/1/6
f 5828/1/6 5818/1/6 5829/1/6
f 5819/2/6 5820/2/6 5831/2/6
f 5831/2/6 5820/2/6 5832/2/6
f 5823/2/6 5824/2/6 5835/2/6
f 5835/2/6 5824/2/6 5836/2/6
f 5826/2/6 5816/2/6 5837/2/6
f 5837/2/6 5816/2/6 5838/2/6
f 5827/1/6 5828/1/6 5842/1/6
f 5842/1/6 5828/1/6 5843/1/6
f 5829/1/6 5830/1/6 5844/1/6
f 5844/1/6 5830/1/6 5845/1/6
f 5819/2/6 5831/2/6 5849/2/6
f 5849/2/6 5831/2/6 5850/2/6
f 5833/2/6 5834/2/6 5851/2/6
f 5851/2/6 5834/2/6 5852/2/6
f 5839/2/6 5840/2/6 5861/2/6
f 5861/2/6 5840/2/6 5862/2/6
f 5841/1/6 5842/1/6 5863/1/6
f 5863/1/6 5842/1/6 5864/1/6
f 5853/3/6 5854/3/6 5865/3/6
f 5854/2/6 5855/2/6 5866/2/6
f 5865/3/6 5854/3/6 5866/3/6
f 5855/3/6 5856/3/6 5867/3/6
f 5866/2/6 5855/2/6 5867/2/6
f 5867/3/6 5856/3/6 5868/3/6
f 5845/1/6 5846/1/6 5869/1/6
f 5869/1/6 5846/1/6 5870/1/6
f 5847/2/6 5848/2/6 5871/2/6
f 5871/2/6 5848/2/6 5872/2/6
f 5857/2/6 5858/2/6 5877/2/6
f 5877/2/6 5858/2/6 5878/2/6
f 5859/2/6 5860/2/6 5880/2/6
f 5864/1/6 5865/1/6 5881/1/6
f 5881/1/6 5865/1/6 5882/1/6
f 5868/1/6 5869/1/6 5883/1/6
f 5883/1/6 5869/1/6 5884/1/6
f 5873/2/6 5874/2/6 5885/2/6
f 5875/2/6 5876/2/6 5887/2/6
f 5887/2/6 5876/2/6 5888/2/6
f 5879/2/6 5880/2/6 5891/2/6
f 5880/2/6 5860/2/6 5892/2/6
f 5891/2/6 5880/2/6 5892/2/6
f 5882/1/6 5883/1/6 5893/1/6
f 5893/1/6 5883/1/6 5894/1/6
f 5885/2/6 5886/2/6 5895/2/6
f 5873/2/6 5885/2/6 5895/2/6
f 5895/2/6 5886/2/6 5896/2/6
f 5889/2/6 5890/2/6 5899/2/6
f 5899/2/6 5890/2/6 5900/2/6
f 5897/2/6 5898/2/6 5901/2/6
f 5901/2/6 5898/2/6 5902/2/6
f 5903/2/6 5904/2/6 5907/2/6
f 5907/2/6 5904/2/6 5908/2/6
f 5905/2/6 5906/2/6 5911/2/6
f 5911/2/6 5906/2/6 5912/2/6
f 5903/2/6 5907/2/6 5914/2/6
f 5914/2/6 5907/2/6 5915/2/6
f 5908/2/6 5909/2/6 5916/2/6
f 5916/2/6 5909/2/6 5917/2/6
f 5910/2/6 5911/2/6 5922/2/6
f 5922/2/6 5911/2/6 5923/2/6
f 5912/2/6 5906/2/6 5924/2/6
f 5924/2/6 5906/2/6 5925/2/6
f 5913/2/6 5914/2/6 5931/2/6
f 5931/2/6 5914/2/6 5932/2/6
f 5918/2/6 5919/2/6 5936/2/6
f 5936/2/6 5919/2/6 5937/2/6
f 5927/3/6 5928/3/6 5938/3/6
f 5938/3/6 5928/3/6 5939/3/6
f 5929/3/6 5930/3/6 5942/3/6
f 5942/3/6 5930/3/6 5943/3/6
f 5920/2/6 5921/2/6 5944/2/6
f 5944/2/6 5921/2/6 5945/2/6
f 5925/2/6 5926/2/6 5949/2/6
f 5949/2/6 5926/2/6 5950/2/6
f 5932/2/6 5933/2/6 5951/2/6
f 5934/2/6 5935/2/6 5952/2/6
f 5952/2/6 5935/2/6 5953/2/6
f 5940/3/6 5941/3/6 5954/3/6
f 5954/3/6 5941/3/6 5955/3/6
f 5946/2/6 5947/2/6 5956/2/6
f 5956/2/6 5947/2/6 5957/2/6
f 5948/2/6 5949/2/6 5958/2/6
f 5932/2/6 5951/2/6 5959/2/6
f 5951/2/6 5952/2/6 5959/2/6
f 5959/2/6 5952/2/6 5960/2/6
f 5957/2/6 5958/2/6 5961/2/6
f 5958/2/6 5949/2/6 5962/2/6
f 5961/2/6 5958/2/6 5962/2/6
f 5963/2/6 5964/2/6 5968/2/6
f 5968/2/6 5964/2/6 5969/2/6
f 5965/2/6 5966/2/6 5972/2/6
f 5972/2/6 5966/2/6 5973/2/6
f 5969/2/6 5970/2/6 5975/2/6
f 5967/2/6 5968/2/6 5975/2/6
f 5968/2/6 5969/2/6 5975/2/6
f 5975/2/6 5970/2/6 5976/2/6
f 5973/2/6 5974/2/6 5977/2/6
f 5972/2/6 5973/2/6 5977/2/6
f 5971/2/6 5972/2/6 5977/2/6
f 5977/2/6 5974/2/6 5978/2/6
f 5967/2/6 5975/2/6 5979/2/6
f 5976/2/6 5970/2/6 5980/2/6
f 5971/2/6 5977/2/6 5981/2/6
f 5978/2/6 5974/2/6 5982/2/6
f 5967/2/6 5979/2/6 5983/2/6
f 5979/2/6 5980/2/6 5983/2/6
f 5983/2/6 5980/2/6 5984/2/6
f 5984/2/6 5980/2/6 5985/2/6
f 5980/2/6 5970/2/6 5986/2/6
f 5985/2/6 5980/2/6 5986/2/6
f 5981/2/6 5982/2/6 5991/2/6
f 5971/2/6 5981/2/6 5991/2/6
f 5991/2/6 5982/2/6 5992/2/6
f 5982/2/6 5974/2/6 5993/2/6
f 5992/2/6 5982/2/6 5993/2/6
f 5993/2/6 5974/2/6 5994/2/6
f 5984/2/6 5985/2/6 5995/2/6
f 5995/2/6 5985/2/6 5996/2/6
f 5987/3/6 5988/3/6 5997/3/6
f 5997/3/6 5988/3/6 5998/3/6
f 5989/3/6 5990/3/6 5999/3/6
f 5999/3/6 5990/3/6 6000/3/6
f 5992/2/6 5993/2/6 6001/2/6
f 6001/2/6 5993/2/6 6002/2/6
f 6003/2/6 6004/2/6 6007/2/6
f 6007/2/6 6004/2/6 6008/2/6
f 6005/2/6 6006/2/6 6009/2/6
f 6009/2/6 6006/2/6 6010/2/6
f 6011/3/6 6012/3/6 6015/3/6
f 6015/3/6 6012/3/6 6016/3/6
f 6013/3/6 6014/3/6 6017/3/6
f 6017/3/6 6014/3/6 6018/3/6
f 6019/3/6 6020/3/6 6025/3/6
f 6025/3/6 6020/3/6 6026/3/6
f 6021/3/6 6022/3/6 6027/3/6
f 6027/3/6 6022/3/6 6028/3/6
f 6023/3/6 6024/3/6 6031/3/6
f 6031/3/6 6024/3/6 6032/3/6
f 6029/3/6 6030/3/6 6033/3/6
f 6033/3/6 6030/3/6 6034/3/6
f 6035/3/6 6036/3/6 6043/3/6
f 6043/3/6 6036/3/6 6044/3/6
f 6037/3/6 6038/3/6 6045/3/6
f 6045/3/6 6038/3/6 6046/3/6
f 6039/3/6 6040/3/6 6047/3/6
f 6047/3/6 6040/3/6 6048/3/6
f 6041/3/6 6042/3/6 6049/3/6
f 6049/3/6 6042/3/6 6050/3/6
f 6051/3/6 6052/3/6 6055/3/6
f 6055/3/6 6052/3/6 6056/3/6
f 6053/3/6 6054/3/6 6057/3/6
f 6057/3/6 6054/3/6 6058/3/6
f 6061/4/6 6062/4/6 6065/4/6
f 6065/4/6 6062/4/6 6066/4/6
f 6059/3/6 6060/3/6 6067/3/6
f 6067/3/6 6060/3/6 6068/3/6
f 6063/3/6 6064/3/6 6069/3/6
f 6069/3/6 6064/3/6 6070/3/6
f 6071/3/6 6072/3/6 6075/3/6
f 6075/3/6 6072/3/6 6076/3/6
f 6073/3/6 6074/3/6 6080/3/6
f 6080/3/6 6074/3/6 6081/3/6
f 6077/3/6 6078/3/6 6082/3/6
f 6082/3/6 6078/3/6 6083/3/6
f 6079/3/6 6080/3/6 6085/3/6
f 6085/3/6 6080/3/6 6086/3/6
f 6083/3/6 6084/3/6 6089/3/6
f 6089/3/6 6084/3/6 6090/3/6
f 6086/3/6 6087/3/6 6091/3/6
f 6091/3/6 6087/3/6 6092/3/6
f 6088/3/6 6089/3/6 6093/3/6
f 6093/3/6 6089/3/6 6094/3/6
f 6095/3/6 6096/3/6 6100/3/6
f 6100/3/6 6096/3/6 6101/3/6
f 6097/3/6 6098/3/6 6102/3/6
f 6102/3/6 6098/3/6 6103/3/6
f 6099/3/6 6100/3/6 6105/3/6
f 6105/3/6 6100/3/6 6106/3/6
f 6103/3/6 6104/3/6 6107/3/6
f 6107/3/6 6104/3/6 6108/3/6
f 6109/3/6 6110/3/6 6113/3/6
f 6113/3/6 6110/3/6 6114/3/6
f 6111/3/6 6112/3/6 6117/3/6
f 6117/3/6 6112/3/6 6118/3/6
f 6114/3/6 6115/3/6 6119/3/6
f 6119/3/6 6115/3/6 6120/3/6
f 6116/3/6 6117/3/6 6121/3/6
f 6121/3/6 6117/3/6 6122/3/6
f 6123/3/6 6124/3/6 6126/3/6
f 6126/3/6 6124/3/6 6127/3/6
f 6125/3/6 6126/3/6 6130/3/6
f 6130/3/6 6126/3/6 6131/3/6
f 6131/3/6 6126/3/6 6132/3/6
f 6127/3/6 6128/3/6 6133/3/6
f 6133/3/6 6128/3/6 6134/3/6
f 6134/3/6 6128/3/6 6135/3/6
f 6129/3/6 6130/3/6 6137/3/6
f 6130/3/6 6131/3/6 6137/3/6
f 6137/3/6 6131/3/6 6138/3/6
f 6138/3/6 6131/3/6 6139/3/6
f 6135/3/6 6136/3/6 6142/3/6
f 6134/3/6 6135/3/6 6142/3/6
f 6142/3/6 6136/3/6 6143/3/6
f 6143/3/6 6136/3/6 6144/3/6
f 6139/3/6 6140/3/6 6145/3/6
f 6138/3/6 6139/3/6 6145/3/6
f 6145/3/6 6140/3/6 6146/3/6
f 6142/3/6 6143/3/6 6147/3/6
f 6141/3/6 6142/3/6 6147/3/6
f 6147/3/6 6143/3/6 6148/3/6
f 6146/3/6 6147/3/6 6149/3/6
f 6149/3/6 6147/3/6 6150/3/6
f 6151/3/6 6152/3/6 6154/3/6
f 6154/3/6 6152/3/6 6155/3/6
f 6155/3/6 6152/3/6 6156/3/6
f 6156/3/6 6152/3/6 6157/3/6
f 6153/3/6 6154/3/6 6159/3/6
f 6154/3/6 6155/3/6 6159/3/6
f 6159/3/6 6155/3/6 6160/3/6
f 6160/3/6 6155/3/6 6161/3/6
f 6157/3/6 6158/3/6 6162/3/6
f 6156/3/6 6157/3/6 6162/3/6
f 6162/3/6 6158/3/6 6163/3/6
f 6163/3/6 6158/3/6 6164/3/6
f 6160/3/6 6161/3/6 6165/3/6
f 6162/3/6 6163/3/6 6165/3/6
f 6161/3/6 6162/3/6 6165/3/6
f 6165/3/6 6163/3/6 6166/3/6
f 6167/3/6 6168/3/6 6169/3/6
f 6169/3/6 6168/3/6 6170/3/6
