# Blender 5.1.1
# www.blender.org
mtllib Quit.mtl
o Text
o Text.001
v 0.825183 0.239329 -0.413301
v 0.884183 0.239329 -0.370301
v 0.860988 0.239329 -0.345910
v 0.836035 0.239329 -0.321343
v 0.809527 0.239329 -0.296754
v 0.781665 0.239329 -0.272301
v 0.752650 0.239329 -0.248140
v 0.722683 0.239329 -0.224426
v 0.691967 0.239329 -0.201317
v 0.660702 0.239329 -0.178968
v 0.629089 0.239329 -0.157536
v 0.597331 0.239329 -0.137176
v 0.565629 0.239329 -0.118046
v 0.534183 0.239329 -0.100301
v 0.534183 0.239329 0.335699
v 0.533904 0.239329 0.347646
v 0.533035 0.239329 0.358523
v 0.531527 0.239329 0.368386
v 0.529331 0.239329 0.377291
v 0.526399 0.239329 0.385294
v 0.522683 0.239329 0.392449
v 0.518133 0.239329 0.398812
v 0.512702 0.239329 0.404440
v 0.506339 0.239329 0.409386
v 0.498998 0.239329 0.413708
v 0.490629 0.239329 0.417460
v 0.481183 0.239329 0.420699
v 0.470865 0.239329 0.423246
v 0.459391 0.239329 0.425407
v 0.446730 0.239329 0.427215
v 0.432850 0.239329 0.428699
v 0.417720 0.239329 0.429892
v 0.401308 0.239329 0.430824
v 0.383584 0.239329 0.431527
v 0.364516 0.239329 0.432032
v 0.344074 0.239329 0.432371
v 0.322225 0.239329 0.432574
v 0.298938 0.239329 0.432673
v 0.274183 0.239329 0.432699
v 0.272982 0.239329 0.427002
v 0.271405 0.239329 0.420958
v 0.269496 0.239329 0.414636
v 0.267294 0.239329 0.408106
v 0.264843 0.239329 0.401437
v 0.262183 0.239329 0.394699
v 0.259357 0.239329 0.387960
v 0.256405 0.239329 0.381291
v 0.253371 0.239329 0.374761
v 0.250294 0.239329 0.368440
v 0.247218 0.239329 0.362396
v 0.244183 0.239329 0.356699
v 0.264780 0.239329 0.357387
v 0.284961 0.239329 0.357953
v 0.304558 0.239329 0.358402
v 0.323405 0.239329 0.358736
v 0.341336 0.239329 0.358959
v 0.358183 0.239329 0.359074
v 0.373780 0.239329 0.359085
v 0.387961 0.239329 0.358995
v 0.400558 0.239329 0.358808
v 0.411405 0.239329 0.358528
v 0.420336 0.239329 0.358157
v 0.427183 0.239329 0.357699
v 0.432356 0.239329 0.357571
v 0.436896 0.239329 0.357176
v 0.440839 0.239329 0.356496
v 0.444220 0.239329 0.355514
v 0.447073 0.239329 0.354212
v 0.449433 0.239329 0.352574
v 0.451335 0.239329 0.350581
v 0.452813 0.239329 0.348217
v 0.453902 0.239329 0.345464
v 0.454637 0.239329 0.342305
v 0.455052 0.239329 0.338723
v 0.455183 0.239329 0.334699
v 0.455183 0.239329 -0.138301
v 0.479446 0.239329 -0.150905
v 0.504123 0.239329 -0.164630
v 0.529042 0.239329 -0.179348
v 0.554035 0.239329 -0.194931
v 0.578930 0.239329 -0.211250
v 0.603558 0.239329 -0.228176
v 0.627749 0.239329 -0.245582
v 0.651331 0.239329 -0.263338
v 0.674136 0.239329 -0.281317
v 0.695993 0.239329 -0.299389
v 0.716733 0.239329 -0.317427
v 0.736183 0.239329 -0.335301
v 0.088183 0.239329 -0.335301
v 0.088183 0.239329 -0.409301
v 0.808183 0.239329 -0.409301
v -0.377996 0.239329 0.048326
v -0.359669 0.239329 0.056634
v -0.341035 0.239329 0.065511
v -0.322298 0.239329 0.074847
v -0.303658 0.239329 0.084530
v -0.285317 0.239329 0.094449
v -0.267475 0.239329 0.104493
v -0.250335 0.239329 0.114551
v -0.234098 0.239329 0.124511
v -0.218965 0.239329 0.134264
v -0.205137 0.239329 0.143697
v -0.192817 0.239329 0.152699
v -0.238817 0.239329 0.204699
v -0.251118 0.239329 0.195408
v -0.264896 0.239329 0.185620
v -0.279957 0.239329 0.175464
v -0.296113 0.239329 0.165069
v -0.313172 0.239329 0.154563
v -0.330942 0.239329 0.144074
v -0.349233 0.239329 0.133731
v -0.367854 0.239329 0.123662
v -0.386614 0.239329 0.113996
v -0.405321 0.239329 0.104861
v -0.423786 0.239329 0.096386
v -0.441817 0.239329 0.088699
v -0.395817 0.239329 0.040699
v -0.471981 0.239329 0.234337
v -0.437215 0.239329 0.245134
v -0.401879 0.239329 0.256918
v -0.366335 0.239329 0.269514
v -0.330944 0.239329 0.282749
v -0.296067 0.239329 0.296449
v -0.262065 0.239329 0.310441
v -0.229298 0.239329 0.324551
v -0.198129 0.239329 0.338605
v -0.168919 0.239329 0.352430
v -0.142027 0.239329 0.365853
v -0.117817 0.239329 0.378699
v -0.161817 0.239329 0.437699
v -0.185799 0.239329 0.424143
v -0.212506 0.239329 0.410088
v -0.241582 0.239329 0.395699
v -0.272669 0.239329 0.381143
v -0.305408 0.239329 0.366588
v -0.339442 0.239329 0.352199
v -0.374413 0.239329 0.338143
v -0.409965 0.239329 0.324588
v -0.445739 0.239329 0.311699
v -0.481377 0.239329 0.299643
v -0.516522 0.239329 0.288588
v -0.550817 0.239329 0.278699
v -0.505817 0.239329 0.224699
v -0.758822 0.239329 0.171337
v -0.755859 0.239329 0.189634
v -0.752957 0.239329 0.208418
v -0.750150 0.239329 0.227514
v -0.747468 0.239329 0.246749
v -0.744942 0.239329 0.265949
v -0.742603 0.239329 0.284941
v -0.740484 0.239329 0.303551
v -0.738614 0.239329 0.321605
v -0.737025 0.239329 0.338930
v -0.735749 0.239329 0.355353
v -0.734817 0.239329 0.370699
v -0.792817 0.239329 0.382699
v -0.793729 0.239329 0.367313
v -0.794951 0.239329 0.350782
v -0.796457 0.239329 0.333293
v -0.798224 0.239329 0.315032
v -0.800227 0.239329 0.296188
v -0.802442 0.239329 0.276949
v -0.804844 0.239329 0.257501
v -0.807409 0.239329 0.238032
v -0.810114 0.239329 0.218730
v -0.812933 0.239329 0.199782
v -0.815842 0.239329 0.181376
v -0.818817 0.239329 0.163699
v -0.761817 0.239329 0.153699
v -0.865730 0.239329 0.188572
v -0.868956 0.239329 0.210602
v -0.872473 0.239329 0.232652
v -0.876261 0.239329 0.254588
v -0.880299 0.239329 0.276273
v -0.884567 0.239329 0.297574
v -0.889042 0.239329 0.318353
v -0.893706 0.239329 0.338477
v -0.898536 0.239329 0.357808
v -0.903511 0.239329 0.376213
v -0.908612 0.239329 0.393555
v -0.913817 0.239329 0.409699
v -0.917403 0.239329 0.407891
v -0.921590 0.239329 0.405986
v -0.926270 0.239329 0.404011
v -0.931335 0.239329 0.401995
v -0.936679 0.239329 0.399965
v -0.942192 0.239329 0.397949
v -0.947768 0.239329 0.395974
v -0.953298 0.239329 0.394069
v -0.958676 0.239329 0.392261
v -0.963794 0.239329 0.390579
v -0.968543 0.239329 0.389048
v -0.972817 0.239329 0.387699
v -0.967022 0.239329 0.371867
v -0.961622 0.239329 0.354958
v -0.956598 0.239329 0.337105
v -0.951928 0.239329 0.318440
v -0.947591 0.239329 0.299094
v -0.943567 0.239329 0.279199
v -0.939834 0.239329 0.258887
v -0.936372 0.239329 0.238291
v -0.933161 0.239329 0.217543
v -0.930178 0.239329 0.196773
v -0.927404 0.239329 0.176114
v -0.924817 0.239329 0.155699
v -0.862817 0.239329 0.166699
v -0.658034 0.239329 0.144548
v -0.652224 0.239329 0.159991
v -0.646442 0.239329 0.175871
v -0.640743 0.239329 0.192032
v -0.635183 0.239329 0.208319
v -0.629817 0.239329 0.224574
v -0.624701 0.239329 0.240642
v -0.619891 0.239329 0.256366
v -0.615442 0.239329 0.271589
v -0.611409 0.239329 0.286157
v -0.607849 0.239329 0.299912
v -0.604817 0.239329 0.312699
v -0.660817 0.239329 0.331699
v -0.663599 0.239329 0.318873
v -0.666909 0.239329 0.305009
v -0.670692 0.239329 0.290277
v -0.674891 0.239329 0.274847
v -0.679451 0.239329 0.258889
v -0.684317 0.239329 0.242574
v -0.689433 0.239329 0.226071
v -0.694743 0.239329 0.209551
v -0.700192 0.239329 0.193183
v -0.705724 0.239329 0.177139
v -0.711284 0.239329 0.161587
v -0.716817 0.239329 0.146699
v -0.663817 0.239329 0.129699
v -0.430381 0.239329 -0.294114
v -0.422581 0.239329 -0.281056
v -0.414426 0.239329 -0.268129
v -0.405928 0.239329 -0.255338
v -0.397096 0.239329 -0.242686
v -0.387942 0.239329 -0.230176
v -0.378475 0.239329 -0.217812
v -0.368706 0.239329 -0.205597
v -0.358645 0.239329 -0.193536
v -0.348303 0.239329 -0.181630
v -0.337690 0.239329 -0.169884
v -0.326817 0.239329 -0.158301
v -0.314985 0.239329 -0.170176
v -0.303493 0.239329 -0.182297
v -0.292348 0.239329 -0.194661
v -0.281558 0.239329 -0.207264
v -0.271128 0.239329 -0.220104
v -0.261067 0.239329 -0.233176
v -0.251380 0.239329 -0.246478
v -0.242076 0.239329 -0.260005
v -0.233161 0.239329 -0.273754
v -0.224641 0.239329 -0.287722
v -0.216524 0.239329 -0.301906
v -0.208817 0.239329 -0.316301
v -0.431817 0.239329 -0.316301
v -0.437817 0.239329 -0.307301
v -0.351108 0.239329 -0.468761
v -0.354483 0.239329 -0.461148
v -0.357942 0.239329 -0.453473
v -0.361483 0.239329 -0.445746
v -0.365108 0.239329 -0.437977
v -0.368817 0.239329 -0.430176
v -0.372608 0.239329 -0.422355
v -0.376483 0.239329 -0.414523
v -0.380442 0.239329 -0.406692
v -0.384483 0.239329 -0.398871
v -0.388608 0.239329 -0.391070
v -0.392817 0.239329 -0.383301
v -0.169817 0.239329 -0.383301
v -0.156817 0.239329 -0.386301
v -0.110817 0.239329 -0.359301
v -0.120958 0.239329 -0.335572
v -0.131863 0.239329 -0.312385
v -0.143504 0.239329 -0.289739
v -0.155854 0.239329 -0.267635
v -0.168884 0.239329 -0.246072
v -0.182567 0.239329 -0.225051
v -0.196875 0.239329 -0.204572
v -0.211780 0.239329 -0.184635
v -0.227254 0.239329 -0.165239
v -0.243270 0.239329 -0.146385
v -0.259801 0.239329 -0.128072
v -0.276817 0.239329 -0.110301
v -0.259092 0.239329 -0.095036
v -0.240937 0.239329 -0.080260
v -0.222379 0.239329 -0.066004
v -0.203446 0.239329 -0.052301
v -0.184166 0.239329 -0.039181
v -0.164567 0.239329 -0.026676
v -0.144676 0.239329 -0.014817
v -0.124520 0.239329 -0.003635
v -0.104129 0.239329 0.006839
v -0.083530 0.239329 0.016574
v -0.062750 0.239329 0.025537
v -0.041817 0.239329 0.033699
v -0.046162 0.239329 0.037458
v -0.050659 0.239329 0.041690
v -0.055254 0.239329 0.046324
v -0.059891 0.239329 0.051291
v -0.064514 0.239329 0.056523
v -0.069067 0.239329 0.061949
v -0.073495 0.239329 0.067500
v -0.077743 0.239329 0.073106
v -0.081754 0.239329 0.078699
v -0.085474 0.239329 0.084208
v -0.088847 0.239329 0.089565
v -0.091817 0.239329 0.094699
v -0.112731 0.239329 0.085327
v -0.133460 0.239329 0.075222
v -0.153989 0.239329 0.064402
v -0.174298 0.239329 0.052884
v -0.194372 0.239329 0.040686
v -0.214192 0.239329 0.027824
v -0.233741 0.239329 0.014316
v -0.253002 0.239329 0.000180
v -0.271957 0.239329 -0.014567
v -0.290590 0.239329 -0.029908
v -0.308882 0.239329 -0.045825
v -0.326817 0.239329 -0.062301
v -0.345250 0.239329 -0.046803
v -0.364030 0.239329 -0.031815
v -0.383129 0.239329 -0.017348
v -0.402521 0.239329 -0.003412
v -0.422176 0.239329 0.009982
v -0.442067 0.239329 0.022824
v -0.462166 0.239329 0.035103
v -0.482446 0.239329 0.046810
v -0.502879 0.239329 0.057933
v -0.523437 0.239329 0.068463
v -0.544092 0.239329 0.078388
v -0.564817 0.239329 0.087699
v -0.567346 0.239329 0.082986
v -0.570382 0.239329 0.077912
v -0.573848 0.239329 0.072574
v -0.577669 0.239329 0.067069
v -0.581767 0.239329 0.061495
v -0.586067 0.239329 0.055949
v -0.590492 0.239329 0.050528
v -0.594965 0.239329 0.045328
v -0.599411 0.239329 0.040449
v -0.603752 0.239329 0.035986
v -0.607913 0.239329 0.032037
v -0.611817 0.239329 0.028699
v -0.591093 0.239329 0.020138
v -0.570446 0.239329 0.010963
v -0.549911 0.239329 0.001183
v -0.529521 0.239329 -0.009190
v -0.509311 0.239329 -0.020147
v -0.489317 0.239329 -0.031676
v -0.469573 0.239329 -0.043768
v -0.450113 0.239329 -0.056412
v -0.430973 0.239329 -0.069598
v -0.412187 0.239329 -0.083315
v -0.393790 0.239329 -0.097553
v -0.375817 0.239329 -0.112301
v -0.385482 0.239329 -0.123133
v -0.394974 0.239329 -0.134125
v -0.404286 0.239329 -0.145270
v -0.413409 0.239329 -0.156560
v -0.422339 0.239329 -0.167990
v -0.431067 0.239329 -0.179551
v -0.439587 0.239329 -0.191237
v -0.447891 0.239329 -0.203042
v -0.455973 0.239329 -0.214957
v -0.463826 0.239329 -0.226977
v -0.471443 0.239329 -0.239094
v -0.478817 0.239329 -0.251301
v -0.485880 0.239329 -0.242343
v -0.493076 0.239329 -0.233472
v -0.500411 0.239329 -0.224692
v -0.507891 0.239329 -0.216005
v -0.515524 0.239329 -0.207415
v -0.523317 0.239329 -0.198926
v -0.531276 0.239329 -0.190541
v -0.539409 0.239329 -0.182264
v -0.547723 0.239329 -0.174098
v -0.556224 0.239329 -0.166047
v -0.564920 0.239329 -0.158113
v -0.573817 0.239329 -0.150301
v -0.576845 0.239329 -0.154186
v -0.580377 0.239329 -0.158296
v -0.584332 0.239329 -0.162567
v -0.588632 0.239329 -0.166931
v -0.593195 0.239329 -0.171323
v -0.597942 0.239329 -0.175676
v -0.602793 0.239329 -0.179926
v -0.607669 0.239329 -0.184005
v -0.612489 0.239329 -0.187848
v -0.617173 0.239329 -0.191389
v -0.621643 0.239329 -0.194562
v -0.625817 0.239329 -0.197301
v -0.601254 0.239329 -0.219125
v -0.578067 0.239329 -0.241977
v -0.556254 0.239329 -0.265676
v -0.535817 0.239329 -0.290042
v -0.516754 0.239329 -0.314894
v -0.499067 0.239329 -0.340051
v -0.482754 0.239329 -0.365334
v -0.467817 0.239329 -0.390560
v -0.454254 0.239329 -0.415551
v -0.442067 0.239329 -0.440125
v -0.431254 0.239329 -0.464102
v -0.421817 0.239329 -0.487301
v -0.347817 0.239329 -0.476301
v -0.961541 0.239329 0.041037
v -0.956196 0.239329 0.038574
v -0.950754 0.239329 0.035340
v -0.945187 0.239329 0.031366
v -0.939467 0.239329 0.026683
v -0.933567 0.239329 0.021324
v -0.927458 0.239329 0.015319
v -0.921113 0.239329 0.008699
v -0.914504 0.239329 0.001496
v -0.907604 0.239329 -0.006259
v -0.900384 0.239329 -0.014536
v -0.892817 0.239329 -0.023301
v -0.888700 0.239329 -0.028084
v -0.883882 0.239329 -0.033898
v -0.878411 0.239329 -0.040692
v -0.872335 0.239329 -0.048412
v -0.865705 0.239329 -0.057008
v -0.858567 0.239329 -0.066426
v -0.850971 0.239329 -0.076615
v -0.842965 0.239329 -0.087523
v -0.834598 0.239329 -0.099098
v -0.825919 0.239329 -0.111287
v -0.816975 0.239329 -0.124039
v -0.807817 0.239329 -0.137301
v -0.832611 0.239329 -0.134213
v -0.854169 0.239329 -0.131426
v -0.872754 0.239329 -0.128911
v -0.888632 0.239329 -0.126635
v -0.902065 0.239329 -0.124567
v -0.913317 0.239329 -0.122676
v -0.922652 0.239329 -0.120931
v -0.930335 0.239329 -0.119301
v -0.936629 0.239329 -0.117754
v -0.941798 0.239329 -0.116259
v -0.946106 0.239329 -0.114786
v -0.949817 0.239329 -0.113301
v -0.950957 0.239329 -0.117427
v -0.952354 0.239329 -0.122227
v -0.953973 0.239329 -0.127582
v -0.955780 0.239329 -0.133375
v -0.957739 0.239329 -0.139488
v -0.959817 0.239329 -0.145801
v -0.961978 0.239329 -0.152198
v -0.964187 0.239329 -0.158560
v -0.966411 0.239329 -0.164770
v -0.968613 0.239329 -0.170709
v -0.970760 0.239329 -0.176258
v -0.972817 0.239329 -0.181301
v -0.968545 0.239329 -0.182632
v -0.964229 0.239329 -0.184616
v -0.959864 0.239329 -0.187239
v -0.955446 0.239329 -0.190486
v -0.950974 0.239329 -0.194345
v -0.946442 0.239329 -0.198801
v -0.941848 0.239329 -0.203840
v -0.937187 0.239329 -0.209449
v -0.932457 0.239329 -0.215614
v -0.927655 0.239329 -0.222320
v -0.922776 0.239329 -0.229553
v -0.917817 0.239329 -0.237301
v -0.911362 0.239329 -0.246290
v -0.903178 0.239329 -0.258542
v -0.893536 0.239329 -0.273739
v -0.882706 0.239329 -0.291560
v -0.870959 0.239329 -0.311688
v -0.858567 0.239329 -0.333801
v -0.845799 0.239329 -0.357581
v -0.832928 0.239329 -0.382709
v -0.820223 0.239329 -0.408864
v -0.807956 0.239329 -0.435727
v -0.796397 0.239329 -0.462979
v -0.785817 0.239329 -0.490301
v -0.716817 0.239329 -0.461301
v -0.728060 0.239329 -0.437483
v -0.739766 0.239329 -0.413593
v -0.751895 0.239329 -0.389723
v -0.764409 0.239329 -0.365968
v -0.777271 0.239329 -0.342421
v -0.790442 0.239329 -0.319176
v -0.803883 0.239329 -0.296327
v -0.817558 0.239329 -0.273968
v -0.831426 0.239329 -0.252192
v -0.845451 0.239329 -0.231093
v -0.859594 0.239329 -0.210765
v -0.873817 0.239329 -0.191301
v -0.766817 0.239329 -0.200301
v -0.760070 0.239329 -0.211132
v -0.753340 0.239329 -0.222111
v -0.746645 0.239329 -0.233223
v -0.740002 0.239329 -0.244449
v -0.733429 0.239329 -0.255773
v -0.726942 0.239329 -0.267176
v -0.720559 0.239329 -0.278642
v -0.714298 0.239329 -0.290153
v -0.708176 0.239329 -0.301692
v -0.702210 0.239329 -0.313241
v -0.696418 0.239329 -0.324783
v -0.690817 0.239329 -0.336301
v -0.625817 0.239329 -0.298301
v -0.642621 0.239329 -0.269276
v -0.659997 0.239329 -0.240264
v -0.677895 0.239329 -0.211364
v -0.696261 0.239329 -0.182672
v -0.715044 0.239329 -0.154285
v -0.734192 0.239329 -0.126301
v -0.753652 0.239329 -0.098817
v -0.773372 0.239329 -0.071931
v -0.793301 0.239329 -0.045739
v -0.813386 0.239329 -0.020338
v -0.833575 0.239329 0.004173
v -0.853817 0.239329 0.027699
v -0.702817 0.239329 0.006699
v -0.705357 0.239329 -0.001799
v -0.707970 0.239329 -0.010283
v -0.710645 0.239329 -0.018739
v -0.713372 0.239329 -0.027153
v -0.716141 0.239329 -0.035512
v -0.718942 0.239329 -0.043801
v -0.721763 0.239329 -0.052007
v -0.724595 0.239329 -0.060116
v -0.727426 0.239329 -0.068114
v -0.730247 0.239329 -0.075986
v -0.733048 0.239329 -0.083720
v -0.735817 0.239329 -0.091301
v -0.677817 0.239329 -0.106301
v -0.671077 0.239329 -0.088916
v -0.664396 0.239329 -0.070889
v -0.657832 0.239329 -0.052411
v -0.651446 0.239329 -0.033672
v -0.645297 0.239329 -0.014863
v -0.639442 0.239329 0.003824
v -0.633941 0.239329 0.022198
v -0.628854 0.239329 0.040069
v -0.624239 0.239329 0.057246
v -0.620155 0.239329 0.073537
v -0.616661 0.239329 0.088752
v -0.613817 0.239329 0.102699
v -0.674817 0.239329 0.121699
v -0.675588 0.239329 0.117388
v -0.676405 0.239329 0.112958
v -0.677270 0.239329 0.108418
v -0.678187 0.239329 0.103773
v -0.679160 0.239329 0.099031
v -0.680192 0.239329 0.094199
v -0.681286 0.239329 0.089283
v -0.682446 0.239329 0.084291
v -0.683676 0.239329 0.079230
v -0.684979 0.239329 0.074106
v -0.686358 0.239329 0.068927
v -0.687817 0.239329 0.063699
v -0.735975 0.239329 0.071194
v -0.777331 0.239329 0.077745
v -0.812457 0.239329 0.083449
v -0.841928 0.239329 0.088403
v -0.866315 0.239329 0.092703
v -0.886192 0.239329 0.096449
v -0.902131 0.239329 0.099736
v -0.914706 0.239329 0.102662
v -0.924489 0.239329 0.105324
v -0.932053 0.239329 0.107819
v -0.937971 0.239329 0.110245
v -0.942817 0.239329 0.112699
v -0.943977 0.239329 0.108533
v -0.945428 0.239329 0.103625
v -0.947129 0.239329 0.098105
v -0.949039 0.239329 0.092106
v -0.951115 0.239329 0.085760
v -0.953317 0.239329 0.079199
v -0.955602 0.239329 0.072554
v -0.957928 0.239329 0.065958
v -0.960254 0.239329 0.059543
v -0.962539 0.239329 0.053440
v -0.964740 0.239329 0.047781
v -0.966817 0.239329 0.042699
v 0.825183 0.039329 -0.413301
v 0.884183 0.039329 -0.370301
v 0.860988 0.039329 -0.345910
v 0.836035 0.039329 -0.321343
v 0.809527 0.039329 -0.296754
v 0.781665 0.039329 -0.272301
v 0.752650 0.039329 -0.248140
v 0.722683 0.039329 -0.224426
v 0.691967 0.039329 -0.201317
v 0.660702 0.039329 -0.178968
v 0.629089 0.039329 -0.157536
v 0.597331 0.039329 -0.137176
v 0.565629 0.039329 -0.118046
v 0.534183 0.039329 -0.100301
v 0.534183 0.039329 0.335699
v 0.533904 0.039329 0.347646
v 0.533035 0.039329 0.358523
v 0.531527 0.039329 0.368386
v 0.529331 0.039329 0.377291
v 0.526399 0.039329 0.385294
v 0.522683 0.039329 0.392449
v 0.518133 0.039329 0.398812
v 0.512702 0.039329 0.404440
v 0.506339 0.039329 0.409386
v 0.498998 0.039329 0.413708
v 0.490629 0.039329 0.417460
v 0.481183 0.039329 0.420699
v 0.470865 0.039329 0.423246
v 0.459391 0.039329 0.425407
v 0.446730 0.039329 0.427215
v 0.432850 0.039329 0.428699
v 0.417720 0.039329 0.429892
v 0.401308 0.039329 0.430824
v 0.383584 0.039329 0.431527
v 0.364516 0.039329 0.432032
v 0.344074 0.039329 0.432371
v 0.322225 0.039329 0.432574
v 0.298938 0.039329 0.432673
v 0.274183 0.039329 0.432699
v 0.272982 0.039329 0.427002
v 0.271405 0.039329 0.420958
v 0.269496 0.039329 0.414636
v 0.267294 0.039329 0.408106
v 0.264843 0.039329 0.401437
v 0.262183 0.039329 0.394699
v 0.259357 0.039329 0.387960
v 0.256405 0.039329 0.381291
v 0.253371 0.039329 0.374761
v 0.250294 0.039329 0.368440
v 0.247218 0.039329 0.362396
v 0.244183 0.039329 0.356699
v 0.264780 0.039329 0.357387
v 0.284961 0.039329 0.357953
v 0.304558 0.039329 0.358402
v 0.323405 0.039329 0.358736
v 0.341336 0.039329 0.358959
v 0.358183 0.039329 0.359074
v 0.373780 0.039329 0.359085
v 0.387961 0.039329 0.358995
v 0.400558 0.039329 0.358808
v 0.411405 0.039329 0.358528
v 0.420336 0.039329 0.358157
v 0.427183 0.039329 0.357699
v 0.432356 0.039329 0.357571
v 0.436896 0.039329 0.357176
v 0.440839 0.039329 0.356496
v 0.444220 0.039329 0.355514
v 0.447073 0.039329 0.354212
v 0.449433 0.039329 0.352574
v 0.451335 0.039329 0.350581
v 0.452813 0.039329 0.348217
v 0.453902 0.039329 0.345464
v 0.454637 0.039329 0.342305
v 0.455052 0.039329 0.338723
v 0.455183 0.039329 0.334699
v 0.455183 0.039329 -0.138301
v 0.479446 0.039329 -0.150905
v 0.504123 0.039329 -0.164630
v 0.529042 0.039329 -0.179348
v 0.554035 0.039329 -0.194931
v 0.578930 0.039329 -0.211250
v 0.603558 0.039329 -0.228176
v 0.627749 0.039329 -0.245582
v 0.651331 0.039329 -0.263338
v 0.674136 0.039329 -0.281317
v 0.695993 0.039329 -0.299389
v 0.716733 0.039329 -0.317427
v 0.736183 0.039329 -0.335301
v 0.088183 0.039329 -0.335301
v 0.088183 0.039329 -0.409301
v 0.808183 0.039329 -0.409301
v -0.377996 0.039329 0.048326
v -0.359669 0.039329 0.056634
v -0.341035 0.039329 0.065511
v -0.322298 0.039329 0.074847
v -0.303658 0.039329 0.084530
v -0.285317 0.039329 0.094449
v -0.267475 0.039329 0.104493
v -0.250335 0.039329 0.114551
v -0.234098 0.039329 0.124511
v -0.218965 0.039329 0.134264
v -0.205137 0.039329 0.143697
v -0.192817 0.039329 0.152699
v -0.238817 0.039329 0.204699
v -0.251118 0.039329 0.195408
v -0.264896 0.039329 0.185620
v -0.279957 0.039329 0.175464
v -0.296113 0.039329 0.165069
v -0.313172 0.039329 0.154563
v -0.330942 0.039329 0.144074
v -0.349233 0.039329 0.133731
v -0.367854 0.039329 0.123662
v -0.386614 0.039329 0.113996
v -0.405321 0.039329 0.104861
v -0.423786 0.039329 0.096386
v -0.441817 0.039329 0.088699
v -0.395817 0.039329 0.040699
v -0.471981 0.039329 0.234337
v -0.437215 0.039329 0.245134
v -0.401879 0.039329 0.256918
v -0.366335 0.039329 0.269514
v -0.330944 0.039329 0.282749
v -0.296067 0.039329 0.296449
v -0.262065 0.039329 0.310441
v -0.229298 0.039329 0.324551
v -0.198129 0.039329 0.338605
v -0.168919 0.039329 0.352430
v -0.142027 0.039329 0.365853
v -0.117817 0.039329 0.378699
v -0.161817 0.039329 0.437699
v -0.185799 0.039329 0.424143
v -0.212506 0.039329 0.410088
v -0.241582 0.039329 0.395699
v -0.272669 0.039329 0.381143
v -0.305408 0.039329 0.366588
v -0.339442 0.039329 0.352199
v -0.374413 0.039329 0.338143
v -0.409965 0.039329 0.324588
v -0.445739 0.039329 0.311699
v -0.481377 0.039329 0.299643
v -0.516522 0.039329 0.288588
v -0.550817 0.039329 0.278699
v -0.505817 0.039329 0.224699
v -0.758822 0.039329 0.171337
v -0.755859 0.039329 0.189634
v -0.752957 0.039329 0.208418
v -0.750150 0.039329 0.227514
v -0.747468 0.039329 0.246749
v -0.744942 0.039329 0.265949
v -0.742603 0.039329 0.284941
v -0.740484 0.039329 0.303551
v -0.738614 0.039329 0.321605
v -0.737025 0.039329 0.338930
v -0.735749 0.039329 0.355353
v -0.734817 0.039329 0.370699
v -0.792817 0.039329 0.382699
v -0.793729 0.039329 0.367313
v -0.794951 0.039329 0.350782
v -0.796457 0.039329 0.333293
v -0.798224 0.039329 0.315032
v -0.800227 0.039329 0.296188
v -0.802442 0.039329 0.276949
v -0.804844 0.039329 0.257501
v -0.807409 0.039329 0.238032
v -0.810114 0.039329 0.218730
v -0.812933 0.039329 0.199782
v -0.815842 0.039329 0.181376
v -0.818817 0.039329 0.163699
v -0.761817 0.039329 0.153699
v -0.865730 0.039329 0.188572
v -0.868956 0.039329 0.210602
v -0.872473 0.039329 0.232652
v -0.876261 0.039329 0.254588
v -0.880299 0.039329 0.276273
v -0.884567 0.039329 0.297574
v -0.889042 0.039329 0.318353
v -0.893706 0.039329 0.338477
v -0.898536 0.039329 0.357808
v -0.903511 0.039329 0.376213
v -0.908612 0.039329 0.393555
v -0.913817 0.039329 0.409699
v -0.917403 0.039329 0.407891
v -0.921590 0.039329 0.405986
v -0.926270 0.039329 0.404011
v -0.931335 0.039329 0.401995
v -0.936679 0.039329 0.399965
v -0.942192 0.039329 0.397949
v -0.947768 0.039329 0.395974
v -0.953298 0.039329 0.394069
v -0.958676 0.039329 0.392261
v -0.963794 0.039329 0.390579
v -0.968543 0.039329 0.389048
v -0.972817 0.039329 0.387699
v -0.967022 0.039329 0.371867
v -0.961622 0.039329 0.354958
v -0.956598 0.039329 0.337105
v -0.951928 0.039329 0.318440
v -0.947591 0.039329 0.299094
v -0.943567 0.039329 0.279199
v -0.939834 0.039329 0.258887
v -0.936372 0.039329 0.238291
v -0.933161 0.039329 0.217543
v -0.930178 0.039329 0.196773
v -0.927404 0.039329 0.176114
v -0.924817 0.039329 0.155699
v -0.862817 0.039329 0.166699
v -0.658034 0.039329 0.144548
v -0.652224 0.039329 0.159991
v -0.646442 0.039329 0.175871
v -0.640743 0.039329 0.192032
v -0.635183 0.039329 0.208319
v -0.629817 0.039329 0.224574
v -0.624701 0.039329 0.240642
v -0.619891 0.039329 0.256366
v -0.615442 0.039329 0.271589
v -0.611409 0.039329 0.286157
v -0.607849 0.039329 0.299912
v -0.604817 0.039329 0.312699
v -0.660817 0.039329 0.331699
v -0.663599 0.039329 0.318873
v -0.666909 0.039329 0.305009
v -0.670692 0.039329 0.290277
v -0.674891 0.039329 0.274847
v -0.679451 0.039329 0.258889
v -0.684317 0.039329 0.242574
v -0.689433 0.039329 0.226071
v -0.694743 0.039329 0.209551
v -0.700192 0.039329 0.193183
v -0.705724 0.039329 0.177139
v -0.711284 0.039329 0.161587
v -0.716817 0.039329 0.146699
v -0.663817 0.039329 0.129699
v -0.430381 0.039329 -0.294114
v -0.422581 0.039329 -0.281056
v -0.414426 0.039329 -0.268129
v -0.405928 0.039329 -0.255338
v -0.397096 0.039329 -0.242686
v -0.387942 0.039329 -0.230176
v -0.378475 0.039329 -0.217812
v -0.368706 0.039329 -0.205597
v -0.358645 0.039329 -0.193536
v -0.348303 0.039329 -0.181630
v -0.337690 0.039329 -0.169884
v -0.326817 0.039329 -0.158301
v -0.314985 0.039329 -0.170176
v -0.303493 0.039329 -0.182297
v -0.292348 0.039329 -0.194661
v -0.281558 0.039329 -0.207264
v -0.271128 0.039329 -0.220104
v -0.261067 0.039329 -0.233176
v -0.251380 0.039329 -0.246478
v -0.242076 0.039329 -0.260005
v -0.233161 0.039329 -0.273754
v -0.224641 0.039329 -0.287722
v -0.216524 0.039329 -0.301906
v -0.208817 0.039329 -0.316301
v -0.431817 0.039329 -0.316301
v -0.437817 0.039329 -0.307301
v -0.351108 0.039329 -0.468761
v -0.354483 0.039329 -0.461148
v -0.357942 0.039329 -0.453473
v -0.361483 0.039329 -0.445746
v -0.365108 0.039329 -0.437977
v -0.368817 0.039329 -0.430176
v -0.372608 0.039329 -0.422355
v -0.376483 0.039329 -0.414523
v -0.380442 0.039329 -0.406692
v -0.384483 0.039329 -0.398871
v -0.388608 0.039329 -0.391070
v -0.392817 0.039329 -0.383301
v -0.169817 0.039329 -0.383301
v -0.156817 0.039329 -0.386301
v -0.110817 0.039329 -0.359301
v -0.120958 0.039329 -0.335572
v -0.131863 0.039329 -0.312385
v -0.143504 0.039329 -0.289739
v -0.155854 0.039329 -0.267635
v -0.168884 0.039329 -0.246072
v -0.182567 0.039329 -0.225051
v -0.196875 0.039329 -0.204572
v -0.211780 0.039329 -0.184635
v -0.227254 0.039329 -0.165239
v -0.243270 0.039329 -0.146385
v -0.259801 0.039329 -0.128072
v -0.276817 0.039329 -0.110301
v -0.259092 0.039329 -0.095036
v -0.240937 0.039329 -0.080260
v -0.222379 0.039329 -0.066004
v -0.203446 0.039329 -0.052301
v -0.184166 0.039329 -0.039181
v -0.164567 0.039329 -0.026676
v -0.144676 0.039329 -0.014817
v -0.124520 0.039329 -0.003635
v -0.104129 0.039329 0.006839
v -0.083530 0.039329 0.016574
v -0.062750 0.039329 0.025537
v -0.041817 0.039329 0.033699
v -0.046162 0.039329 0.037458
v -0.050659 0.039329 0.041690
v -0.055254 0.039329 0.046324
v -0.059891 0.039329 0.051291
v -0.064514 0.039329 0.056523
v -0.069067 0.039329 0.061949
v -0.073495 0.039329 0.067500
v -0.077743 0.039329 0.073106
v -0.081754 0.039329 0.078699
v -0.085474 0.039329 0.084208
v -0.088847 0.039329 0.089565
v -0.091817 0.039329 0.094699
v -0.112731 0.039329 0.085327
v -0.133460 0.039329 0.075222
v -0.153989 0.039329 0.064402
v -0.174298 0.039329 0.052884
v -0.194372 0.039329 0.040686
v -0.214192 0.039329 0.027824
v -0.233741 0.039329 0.014316
v -0.253002 0.039329 0.000180
v -0.271957 0.039329 -0.014567
v -0.290590 0.039329 -0.029908
v -0.308882 0.039329 -0.045825
v -0.326817 0.039329 -0.062301
v -0.345250 0.039329 -0.046803
v -0.364030 0.039329 -0.031815
v -0.383129 0.039329 -0.017348
v -0.402521 0.039329 -0.003412
v -0.422176 0.039329 0.009982
v -0.442067 0.039329 0.022824
v -0.462166 0.039329 0.035103
v -0.482446 0.039329 0.046810
v -0.502879 0.039329 0.057933
v -0.523437 0.039329 0.068463
v -0.544092 0.039329 0.078388
v -0.564817 0.039329 0.087699
v -0.567346 0.039329 0.082986
v -0.570382 0.039329 0.077912
v -0.573848 0.039329 0.072574
v -0.577669 0.039329 0.067069
v -0.581767 0.039329 0.061495
v -0.586067 0.039329 0.055949
v -0.590492 0.039329 0.050528
v -0.594965 0.039329 0.045328
v -0.599411 0.039329 0.040449
v -0.603752 0.039329 0.035986
v -0.607913 0.039329 0.032037
v -0.611817 0.039329 0.028699
v -0.591093 0.039329 0.020138
v -0.570446 0.039329 0.010963
v -0.549911 0.039329 0.001183
v -0.529521 0.039329 -0.009190
v -0.509311 0.039329 -0.020147
v -0.489317 0.039329 -0.031676
v -0.469573 0.039329 -0.043768
v -0.450113 0.039329 -0.056412
v -0.430973 0.039329 -0.069598
v -0.412187 0.039329 -0.083315
v -0.393790 0.039329 -0.097553
v -0.375817 0.039329 -0.112301
v -0.385482 0.039329 -0.123133
v -0.394974 0.039329 -0.134125
v -0.404286 0.039329 -0.145270
v -0.413409 0.039329 -0.156560
v -0.422339 0.039329 -0.167990
v -0.431067 0.039329 -0.179551
v -0.439587 0.039329 -0.191237
v -0.447891 0.039329 -0.203042
v -0.455973 0.039329 -0.214957
v -0.463826 0.039329 -0.226977
v -0.471443 0.039329 -0.239094
v -0.478817 0.039329 -0.251301
v -0.485880 0.039329 -0.242343
v -0.493076 0.039329 -0.233472
v -0.500411 0.039329 -0.224692
v -0.507891 0.039329 -0.216005
v -0.515524 0.039329 -0.207415
v -0.523317 0.039329 -0.198926
v -0.531276 0.039329 -0.190541
v -0.539409 0.039329 -0.182264
v -0.547723 0.039329 -0.174098
v -0.556224 0.039329 -0.166047
v -0.564920 0.039329 -0.158113
v -0.573817 0.039329 -0.150301
v -0.576845 0.039329 -0.154186
v -0.580377 0.039329 -0.158296
v -0.584332 0.039329 -0.162567
v -0.588632 0.039329 -0.166931
v -0.593195 0.039329 -0.171323
v -0.597942 0.039329 -0.175676
v -0.602793 0.039329 -0.179926
v -0.607669 0.039329 -0.184005
v -0.612489 0.039329 -0.187848
v -0.617173 0.039329 -0.191389
v -0.621643 0.039329 -0.194562
v -0.625817 0.039329 -0.197301
v -0.601254 0.039329 -0.219125
v -0.578067 0.039329 -0.241977
v -0.556254 0.039329 -0.265676
v -0.535817 0.039329 -0.290042
v -0.516754 0.039329 -0.314894
v -0.499067 0.039329 -0.340051
v -0.482754 0.039329 -0.365334
v -0.467817 0.039329 -0.390560
v -0.454254 0.039329 -0.415551
v -0.442067 0.039329 -0.440125
v -0.431254 0.039329 -0.464102
v -0.421817 0.039329 -0.487301
v -0.347817 0.039329 -0.476301
v -0.961541 0.039329 0.041037
v -0.956196 0.039329 0.038574
v -0.950754 0.039329 0.035340
v -0.945187 0.039329 0.031366
v -0.939467 0.039329 0.026683
v -0.933567 0.039329 0.021324
v -0.927458 0.039329 0.015319
v -0.921113 0.039329 0.008699
v -0.914504 0.039329 0.001496
v -0.907604 0.039329 -0.006259
v -0.900384 0.039329 -0.014536
v -0.892817 0.039329 -0.023301
v -0.888700 0.039329 -0.028084
v -0.883882 0.039329 -0.033898
v -0.878411 0.039329 -0.040692
v -0.872335 0.039329 -0.048412
v -0.865705 0.039329 -0.057008
v -0.858567 0.039329 -0.066426
v -0.850971 0.039329 -0.076615
v -0.842965 0.039329 -0.087523
v -0.834598 0.039329 -0.099098
v -0.825919 0.039329 -0.111287
v -0.816975 0.039329 -0.124039
v -0.807817 0.039329 -0.137301
v -0.832611 0.039329 -0.134213
v -0.854169 0.039329 -0.131426
v -0.872754 0.039329 -0.128911
v -0.888632 0.039329 -0.126635
v -0.902065 0.039329 -0.124567
v -0.913317 0.039329 -0.122676
v -0.922652 0.039329 -0.120931
v -0.930335 0.039329 -0.119301
v -0.936629 0.039329 -0.117754
v -0.941798 0.039329 -0.116259
v -0.946106 0.039329 -0.114786
v -0.949817 0.039329 -0.113301
v -0.950957 0.039329 -0.117427
v -0.952354 0.039329 -0.122227
v -0.953973 0.039329 -0.127582
v -0.955780 0.039329 -0.133375
v -0.957739 0.039329 -0.139488
v -0.959817 0.039329 -0.145801
v -0.961978 0.039329 -0.152198
v -0.964187 0.039329 -0.158560
v -0.966411 0.039329 -0.164770
v -0.968613 0.039329 -0.170709
v -0.970760 0.039329 -0.176258
v -0.972817 0.039329 -0.181301
v -0.968545 0.039329 -0.182632
v -0.964229 0.039329 -0.184616
v -0.959864 0.039329 -0.187239
v -0.955446 0.039329 -0.190486
v -0.950974 0.039329 -0.194345
v -0.946442 0.039329 -0.198801
v -0.941848 0.039329 -0.203840
v -0.937187 0.039329 -0.209449
v -0.932457 0.039329 -0.215614
v -0.927655 0.039329 -0.222320
v -0.922776 0.039329 -0.229553
v -0.917817 0.039329 -0.237301
v -0.911362 0.039329 -0.246290
v -0.903178 0.039329 -0.258542
v -0.893536 0.039329 -0.273739
v -0.882706 0.039329 -0.291560
v -0.870959 0.039329 -0.311688
v -0.858567 0.039329 -0.333801
v -0.845799 0.039329 -0.357581
v -0.832928 0.039329 -0.382709
v -0.820223 0.039329 -0.408864
v -0.807956 0.039329 -0.435727
v -0.796397 0.039329 -0.462979
v -0.785817 0.039329 -0.490301
v -0.716817 0.039329 -0.461301
v -0.728060 0.039329 -0.437483
v -0.739766 0.039329 -0.413593
v -0.751895 0.039329 -0.389723
v -0.764409 0.039329 -0.365968
v -0.777271 0.039329 -0.342421
v -0.790442 0.039329 -0.319176
v -0.803883 0.039329 -0.296327
v -0.817558 0.039329 -0.273968
v -0.831426 0.039329 -0.252192
v -0.845451 0.039329 -0.231093
v -0.859594 0.039329 -0.210765
v -0.873817 0.039329 -0.191301
v -0.766817 0.039329 -0.200301
v -0.760070 0.039329 -0.211132
v -0.753340 0.039329 -0.222111
v -0.746645 0.039329 -0.233223
v -0.740002 0.039329 -0.244449
v -0.733429 0.039329 -0.255773
v -0.726942 0.039329 -0.267176
v -0.720559 0.039329 -0.278642
v -0.714298 0.039329 -0.290153
v -0.708176 0.039329 -0.301692
v -0.702210 0.039329 -0.313241
v -0.696418 0.039329 -0.324783
v -0.690817 0.039329 -0.336301
v -0.625817 0.039329 -0.298301
v -0.642621 0.039329 -0.269276
v -0.659997 0.039329 -0.240264
v -0.677895 0.039329 -0.211364
v -0.696261 0.039329 -0.182672
v -0.715044 0.039329 -0.154285
v -0.734192 0.039329 -0.126301
v -0.753652 0.039329 -0.098817
v -0.773372 0.039329 -0.071931
v -0.793301 0.039329 -0.045739
v -0.813386 0.039329 -0.020338
v -0.833575 0.039329 0.004173
v -0.853817 0.039329 0.027699
v -0.702817 0.039329 0.006699
v -0.705357 0.039329 -0.001799
v -0.707970 0.039329 -0.010283
v -0.710645 0.039329 -0.018739
v -0.713372 0.039329 -0.027153
v -0.716141 0.039329 -0.035512
v -0.718942 0.039329 -0.043801
v -0.721763 0.039329 -0.052007
v -0.724595 0.039329 -0.060116
v -0.727426 0.039329 -0.068114
v -0.730247 0.039329 -0.075986
v -0.733048 0.039329 -0.083720
v -0.735817 0.039329 -0.091301
v -0.677817 0.039329 -0.106301
v -0.671077 0.039329 -0.088916
v -0.664396 0.039329 -0.070889
v -0.657832 0.039329 -0.052411
v -0.651446 0.039329 -0.033672
v -0.645297 0.039329 -0.014863
v -0.639442 0.039329 0.003824
v -0.633941 0.039329 0.022198
v -0.628854 0.039329 0.040069
v -0.624239 0.039329 0.057246
v -0.620155 0.039329 0.073537
v -0.616661 0.039329 0.088752
v -0.613817 0.039329 0.102699
v -0.674817 0.039329 0.121699
v -0.675588 0.039329 0.117388
v -0.676405 0.039329 0.112958
v -0.677270 0.039329 0.108418
v -0.678187 0.039329 0.103773
v -0.679160 0.039329 0.099031
v -0.680192 0.039329 0.094199
v -0.681286 0.039329 0.089283
v -0.682446 0.039329 0.084291
v -0.683676 0.039329 0.079230
v -0.684979 0.039329 0.074106
v -0.686358 0.039329 0.068927
v -0.687817 0.039329 0.063699
v -0.735975 0.039329 0.071194
v -0.777331 0.039329 0.077745
v -0.812457 0.039329 0.083449
v -0.841928 0.039329 0.088403
v -0.866315 0.039329 0.092703
v -0.886192 0.039329 0.096449
v -0.902131 0.039329 0.099736
v -0.914706 0.039329 0.102662
v -0.924489 0.039329 0.105324
v -0.932053 0.039329 0.107819
v -0.937971 0.039329 0.110245
v -0.942817 0.039329 0.112699
v -0.943977 0.039329 0.108533
v -0.945428 0.039329 0.103625
v -0.947129 0.039329 0.098105
v -0.949039 0.039329 0.092106
v -0.951115 0.039329 0.085760
v -0.953317 0.039329 0.079199
v -0.955602 0.039329 0.072554
v -0.957928 0.039329 0.065958
v -0.960254 0.039329 0.059543
v -0.962539 0.039329 0.053440
v -0.964740 0.039329 0.047781
v -0.966817 0.039329 0.042699
v -0.377996 0.039329 0.048326
v -0.377996 0.239329 0.048326
v -0.359669 0.039329 0.056634
v -0.359669 0.239329 0.056634
v -0.341035 0.039329 0.065511
v -0.341035 0.239329 0.065511
v -0.322298 0.039329 0.074847
v -0.322298 0.239329 0.074847
v -0.303658 0.039329 0.084530
v -0.303658 0.239329 0.084530
v -0.285317 0.039329 0.094449
v -0.285317 0.239329 0.094449
v -0.267475 0.039329 0.104493
v -0.267475 0.239329 0.104493
v -0.250335 0.039329 0.114551
v -0.250335 0.239329 0.114551
v -0.234098 0.039329 0.124511
v -0.234098 0.239329 0.124511
v -0.218965 0.039329 0.134264
v -0.218965 0.239329 0.134264
v -0.205137 0.039329 0.143697
v -0.205137 0.239329 0.143697
v -0.192817 0.039329 0.152699
v -0.192817 0.239329 0.152699
v -0.238817 0.039329 0.204699
v -0.238817 0.239329 0.204699
v -0.251118 0.039329 0.195408
v -0.251118 0.239329 0.195408
v -0.264896 0.039329 0.185620
v -0.264896 0.239329 0.185620
v -0.279957 0.039329 0.175464
v -0.279957 0.239329 0.175464
v -0.296113 0.039329 0.165069
v -0.296113 0.239329 0.165069
v -0.313172 0.039329 0.154563
v -0.313172 0.239329 0.154563
v -0.330942 0.039329 0.144074
v -0.330942 0.239329 0.144074
v -0.349233 0.039329 0.133731
v -0.349233 0.239329 0.133731
v -0.367854 0.039329 0.123662
v -0.367854 0.239329 0.123662
v -0.386614 0.039329 0.113996
v -0.386614 0.239329 0.113996
v -0.405321 0.039329 0.104861
v -0.405321 0.239329 0.104861
v -0.423786 0.039329 0.096386
v -0.423786 0.239329 0.096386
v -0.441817 0.039329 0.088699
v -0.441817 0.239329 0.088699
v -0.395817 0.039329 0.040699
v -0.395817 0.239329 0.040699
v -0.471981 0.039329 0.234337
v -0.471981 0.239329 0.234337
v -0.437215 0.039329 0.245134
v -0.437215 0.239329 0.245134
v -0.401879 0.039329 0.256918
v -0.401879 0.239329 0.256918
v -0.366335 0.039329 0.269514
v -0.366335 0.239329 0.269514
v -0.330944 0.039329 0.282749
v -0.330944 0.239329 0.282749
v -0.296067 0.039329 0.296449
v -0.296067 0.239329 0.296449
v -0.262065 0.039329 0.310441
v -0.262065 0.239329 0.310441
v -0.229298 0.039329 0.324551
v -0.229298 0.239329 0.324551
v -0.198129 0.039329 0.338605
v -0.198129 0.239329 0.338605
v -0.168919 0.039329 0.352430
v -0.168919 0.239329 0.352430
v -0.142027 0.039329 0.365853
v -0.142027 0.239329 0.365853
v -0.117817 0.039329 0.378699
v -0.117817 0.239329 0.378699
v -0.161817 0.039329 0.437699
v -0.161817 0.239329 0.437699
v -0.185799 0.039329 0.424143
v -0.185799 0.239329 0.424143
v -0.212506 0.039329 0.410088
v -0.212506 0.239329 0.410088
v -0.241582 0.039329 0.395699
v -0.241582 0.239329 0.395699
v -0.272669 0.039329 0.381143
v -0.272669 0.239329 0.381143
v -0.305408 0.039329 0.366588
v -0.305408 0.239329 0.366588
v -0.339442 0.039329 0.352199
v -0.339442 0.239329 0.352199
v -0.374413 0.039329 0.338143
v -0.374413 0.239329 0.338143
v -0.409965 0.039329 0.324588
v -0.409965 0.239329 0.324588
v -0.445739 0.039329 0.311699
v -0.445739 0.239329 0.311699
v -0.481377 0.039329 0.299643
v -0.481377 0.239329 0.299643
v -0.516522 0.039329 0.288588
v -0.516522 0.239329 0.288588
v -0.550817 0.039329 0.278699
v -0.550817 0.239329 0.278699
v -0.505817 0.039329 0.224699
v -0.505817 0.239329 0.224699
v -0.758822 0.039329 0.171337
v -0.758822 0.239329 0.171337
v -0.755859 0.039329 0.189634
v -0.755859 0.239329 0.189634
v -0.752957 0.039329 0.208418
v -0.752957 0.239329 0.208418
v -0.750150 0.039329 0.227514
v -0.750150 0.239329 0.227514
v -0.747468 0.039329 0.246749
v -0.747468 0.239329 0.246749
v -0.744942 0.039329 0.265949
v -0.744942 0.239329 0.265949
v -0.742603 0.039329 0.284941
v -0.742603 0.239329 0.284941
v -0.740484 0.039329 0.303551
v -0.740484 0.239329 0.303551
v -0.738614 0.039329 0.321605
v -0.738614 0.239329 0.321605
v -0.737025 0.039329 0.338930
v -0.737025 0.239329 0.338930
v -0.735749 0.039329 0.355353
v -0.735749 0.239329 0.355353
v -0.734817 0.039329 0.370699
v -0.734817 0.239329 0.370699
v -0.792817 0.039329 0.382699
v -0.792817 0.239329 0.382699
v -0.793729 0.039329 0.367313
v -0.793729 0.239329 0.367313
v -0.794951 0.039329 0.350782
v -0.794951 0.239329 0.350782
v -0.796457 0.039329 0.333293
v -0.796457 0.239329 0.333293
v -0.798224 0.039329 0.315032
v -0.798224 0.239329 0.315032
v -0.800227 0.039329 0.296188
v -0.800227 0.239329 0.296188
v -0.802442 0.039329 0.276949
v -0.802442 0.239329 0.276949
v -0.804844 0.039329 0.257501
v -0.804844 0.239329 0.257501
v -0.807409 0.039329 0.238032
v -0.807409 0.239329 0.238032
v -0.810114 0.039329 0.218730
v -0.810114 0.239329 0.218730
v -0.812933 0.039329 0.199782
v -0.812933 0.239329 0.199782
v -0.815842 0.039329 0.181376
v -0.815842 0.239329 0.181376
v -0.818817 0.039329 0.163699
v -0.818817 0.239329 0.163699
v -0.761817 0.039329 0.153699
v -0.761817 0.239329 0.153699
v -0.865730 0.039329 0.188572
v -0.865730 0.239329 0.188572
v -0.868956 0.039329 0.210602
v -0.868956 0.239329 0.210602
v -0.872473 0.039329 0.232652
v -0.872473 0.239329 0.232652
v -0.876261 0.039329 0.254588
v -0.876261 0.239329 0.254588
v -0.880299 0.039329 0.276273
v -0.880299 0.239329 0.276273
v -0.884567 0.039329 0.297574
v -0.884567 0.239329 0.297574
v -0.889042 0.039329 0.318353
v -0.889042 0.239329 0.318353
v -0.893706 0.039329 0.338477
v -0.893706 0.239329 0.338477
v -0.898536 0.039329 0.357808
v -0.898536 0.239329 0.357808
v -0.903511 0.039329 0.376213
v -0.903511 0.239329 0.376213
v -0.908612 0.039329 0.393555
v -0.908612 0.239329 0.393555
v -0.913817 0.039329 0.409699
v -0.913817 0.239329 0.409699
v -0.917403 0.039329 0.407891
v -0.917403 0.239329 0.407891
v -0.921590 0.039329 0.405986
v -0.921590 0.239329 0.405986
v -0.926270 0.039329 0.404011
v -0.926270 0.239329 0.404011
v -0.931335 0.039329 0.401995
v -0.931335 0.239329 0.401995
v -0.936679 0.039329 0.399965
v -0.936679 0.239329 0.399965
v -0.942192 0.039329 0.397949
v -0.942192 0.239329 0.397949
v -0.947768 0.039329 0.395974
v -0.947768 0.239329 0.395974
v -0.953298 0.039329 0.394069
v -0.953298 0.239329 0.394069
v -0.958676 0.039329 0.392261
v -0.958676 0.239329 0.392261
v -0.963794 0.039329 0.390579
v -0.963794 0.239329 0.390579
v -0.968543 0.039329 0.389048
v -0.968543 0.239329 0.389048
v -0.972817 0.039329 0.387699
v -0.972817 0.239329 0.387699
v -0.967022 0.039329 0.371867
v -0.967022 0.239329 0.371867
v -0.961622 0.039329 0.354958
v -0.961622 0.239329 0.354958
v -0.956598 0.039329 0.337105
v -0.956598 0.239329 0.337105
v -0.951928 0.039329 0.318440
v -0.951928 0.239329 0.318440
v -0.947591 0.039329 0.299094
v -0.947591 0.239329 0.299094
v -0.943567 0.039329 0.279199
v -0.943567 0.239329 0.279199
v -0.939834 0.039329 0.258887
v -0.939834 0.239329 0.258887
v -0.936372 0.039329 0.238291
v -0.936372 0.239329 0.238291
v -0.933161 0.039329 0.217543
v -0.933161 0.239329 0.217543
v -0.930178 0.039329 0.196773
v -0.930178 0.239329 0.196773
v -0.927404 0.039329 0.176114
v -0.927404 0.239329 0.176114
v -0.924817 0.039329 0.155699
v -0.924817 0.239329 0.155699
v -0.862817 0.039329 0.166699
v -0.862817 0.239329 0.166699
v -0.658034 0.039329 0.144548
v -0.658034 0.239329 0.144548
v -0.652224 0.039329 0.159991
v -0.652224 0.239329 0.159991
v -0.646442 0.039329 0.175871
v -0.646442 0.239329 0.175871
v -0.640743 0.039329 0.192032
v -0.640743 0.239329 0.192032
v -0.635183 0.039329 0.208319
v -0.635183 0.239329 0.208319
v -0.629817 0.039329 0.224574
v -0.629817 0.239329 0.224574
v -0.624701 0.039329 0.240642
v -0.624701 0.239329 0.240642
v -0.619891 0.039329 0.256366
v -0.619891 0.239329 0.256366
v -0.615442 0.039329 0.271589
v -0.615442 0.239329 0.271589
v -0.611409 0.039329 0.286157
v -0.611409 0.239329 0.286157
v -0.607849 0.039329 0.299912
v -0.607849 0.239329 0.299912
v -0.604817 0.039329 0.312699
v -0.604817 0.239329 0.312699
v -0.660817 0.039329 0.331699
v -0.660817 0.239329 0.331699
v -0.663599 0.039329 0.318873
v -0.663599 0.239329 0.318873
v -0.666909 0.039329 0.305009
v -0.666909 0.239329 0.305009
v -0.670692 0.039329 0.290277
v -0.670692 0.239329 0.290277
v -0.674891 0.039329 0.274847
v -0.674891 0.239329 0.274847
v -0.679451 0.039329 0.258889
v -0.679451 0.239329 0.258889
v -0.684317 0.039329 0.242574
v -0.684317 0.239329 0.242574
v -0.689433 0.039329 0.226071
v -0.689433 0.239329 0.226071
v -0.694743 0.039329 0.209551
v -0.694743 0.239329 0.209551
v -0.700192 0.039329 0.193183
v -0.700192 0.239329 0.193183
v -0.705724 0.039329 0.177139
v -0.705724 0.239329 0.177139
v -0.711284 0.039329 0.161587
v -0.711284 0.239329 0.161587
v -0.716817 0.039329 0.146699
v -0.716817 0.239329 0.146699
v -0.663817 0.039329 0.129699
v -0.663817 0.239329 0.129699
v -0.430381 0.039329 -0.294114
v -0.430381 0.239329 -0.294114
v -0.422581 0.039329 -0.281056
v -0.422581 0.239329 -0.281056
v -0.414426 0.039329 -0.268129
v -0.414426 0.239329 -0.268129
v -0.405928 0.039329 -0.255338
v -0.405928 0.239329 -0.255338
v -0.397096 0.039329 -0.242686
v -0.397096 0.239329 -0.242686
v -0.387942 0.039329 -0.230176
v -0.387942 0.239329 -0.230176
v -0.378475 0.039329 -0.217812
v -0.378475 0.239329 -0.217812
v -0.368706 0.039329 -0.205597
v -0.368706 0.239329 -0.205597
v -0.358645 0.039329 -0.193536
v -0.358645 0.239329 -0.193536
v -0.348303 0.039329 -0.181630
v -0.348303 0.239329 -0.181630
v -0.337690 0.039329 -0.169884
v -0.337690 0.239329 -0.169884
v -0.326817 0.039329 -0.158301
v -0.326817 0.239329 -0.158301
v -0.314985 0.039329 -0.170176
v -0.314985 0.239329 -0.170176
v -0.303493 0.039329 -0.182297
v -0.303493 0.239329 -0.182297
v -0.292348 0.039329 -0.194661
v -0.292348 0.239329 -0.194661
v -0.281558 0.039329 -0.207264
v -0.281558 0.239329 -0.207264
v -0.271128 0.039329 -0.220104
v -0.271128 0.239329 -0.220104
v -0.261067 0.039329 -0.233176
v -0.261067 0.239329 -0.233176
v -0.251380 0.039329 -0.246478
v -0.251380 0.239329 -0.246478
v -0.242076 0.039329 -0.260005
v -0.242076 0.239329 -0.260005
v -0.233161 0.039329 -0.273754
v -0.233161 0.239329 -0.273754
v -0.224641 0.039329 -0.287722
v -0.224641 0.239329 -0.287722
v -0.216524 0.039329 -0.301906
v -0.216524 0.239329 -0.301906
v -0.208817 0.039329 -0.316301
v -0.208817 0.239329 -0.316301
v -0.431817 0.039329 -0.316301
v -0.431817 0.239329 -0.316301
v -0.437817 0.039329 -0.307301
v -0.437817 0.239329 -0.307301
v -0.351108 0.039329 -0.468761
v -0.351108 0.239329 -0.468761
v -0.354483 0.039329 -0.461148
v -0.354483 0.239329 -0.461148
v -0.357942 0.039329 -0.453473
v -0.357942 0.239329 -0.453473
v -0.361483 0.039329 -0.445746
v -0.361483 0.239329 -0.445746
v -0.365108 0.039329 -0.437977
v -0.365108 0.239329 -0.437977
v -0.368817 0.039329 -0.430176
v -0.368817 0.239329 -0.430176
v -0.372608 0.039329 -0.422355
v -0.372608 0.239329 -0.422355
v -0.376483 0.039329 -0.414523
v -0.376483 0.239329 -0.414523
v -0.380442 0.039329 -0.406692
v -0.380442 0.239329 -0.406692
v -0.384483 0.039329 -0.398871
v -0.384483 0.239329 -0.398871
v -0.388608 0.039329 -0.391070
v -0.388608 0.239329 -0.391070
v -0.392817 0.039329 -0.383301
v -0.392817 0.239329 -0.383301
v -0.169817 0.039329 -0.383301
v -0.169817 0.239329 -0.383301
v -0.156817 0.039329 -0.386301
v -0.156817 0.239329 -0.386301
v -0.110817 0.039329 -0.359301
v -0.110817 0.239329 -0.359301
v -0.120958 0.039329 -0.335572
v -0.120958 0.239329 -0.335572
v -0.131863 0.039329 -0.312385
v -0.131863 0.239329 -0.312385
v -0.143504 0.039329 -0.289739
v -0.143504 0.239329 -0.289739
v -0.155854 0.039329 -0.267635
v -0.155854 0.239329 -0.267635
v -0.168884 0.039329 -0.246072
v -0.168884 0.239329 -0.246072
v -0.182567 0.039329 -0.225051
v -0.182567 0.239329 -0.225051
v -0.196875 0.039329 -0.204572
v -0.196875 0.239329 -0.204572
v -0.211780 0.039329 -0.184635
v -0.211780 0.239329 -0.184635
v -0.227254 0.039329 -0.165239
v -0.227254 0.239329 -0.165239
v -0.243270 0.039329 -0.146385
v -0.243270 0.239329 -0.146385
v -0.259801 0.039329 -0.128072
v -0.259801 0.239329 -0.128072
v -0.276817 0.039329 -0.110301
v -0.276817 0.239329 -0.110301
v -0.259092 0.039329 -0.095036
v -0.259092 0.239329 -0.095036
v -0.240937 0.039329 -0.080260
v -0.240937 0.239329 -0.080260
v -0.222379 0.039329 -0.066004
v -0.222379 0.239329 -0.066004
v -0.203446 0.039329 -0.052301
v -0.203446 0.239329 -0.052301
v -0.184166 0.039329 -0.039181
v -0.184166 0.239329 -0.039181
v -0.164567 0.039329 -0.026676
v -0.164567 0.239329 -0.026676
v -0.144676 0.039329 -0.014817
v -0.144676 0.239329 -0.014817
v -0.124520 0.039329 -0.003635
v -0.124520 0.239329 -0.003635
v -0.104129 0.039329 0.006839
v -0.104129 0.239329 0.006839
v -0.083530 0.039329 0.016574
v -0.083530 0.239329 0.016574
v -0.062750 0.039329 0.025537
v -0.062750 0.239329 0.025537
v -0.041817 0.039329 0.033699
v -0.041817 0.239329 0.033699
v -0.046162 0.039329 0.037458
v -0.046162 0.239329 0.037458
v -0.050659 0.039329 0.041690
v -0.050659 0.239329 0.041690
v -0.055254 0.039329 0.046324
v -0.055254 0.239329 0.046324
v -0.059891 0.039329 0.051291
v -0.059891 0.239329 0.051291
v -0.064514 0.039329 0.056523
v -0.064514 0.239329 0.056523
v -0.069067 0.039329 0.061949
v -0.069067 0.239329 0.061949
v -0.073495 0.039329 0.067500
v -0.073495 0.239329 0.067500
v -0.077743 0.039329 0.073106
v -0.077743 0.239329 0.073106
v -0.081754 0.039329 0.078699
v -0.081754 0.239329 0.078699
v -0.085474 0.039329 0.084208
v -0.085474 0.239329 0.084208
v -0.088847 0.039329 0.089565
v -0.088847 0.239329 0.089565
v -0.091817 0.039329 0.094699
v -0.091817 0.239329 0.094699
v -0.112731 0.039329 0.085327
v -0.112731 0.239329 0.085327
v -0.133460 0.039329 0.075222
v -0.133460 0.239329 0.075222
v -0.153989 0.039329 0.064402
v -0.153989 0.239329 0.064402
v -0.174298 0.039329 0.052884
v -0.174298 0.239329 0.052884
v -0.194372 0.039329 0.040686
v -0.194372 0.239329 0.040686
v -0.214192 0.039329 0.027824
v -0.214192 0.239329 0.027824
v -0.233741 0.039329 0.014316
v -0.233741 0.239329 0.014316
v -0.253002 0.039329 0.000180
v -0.253002 0.239329 0.000180
v -0.271957 0.039329 -0.014567
v -0.271957 0.239329 -0.014567
v -0.290590 0.039329 -0.029908
v -0.290590 0.239329 -0.029908
v -0.308882 0.039329 -0.045825
v -0.308882 0.239329 -0.045825
v -0.326817 0.039329 -0.062301
v -0.326817 0.239329 -0.062301
v -0.345250 0.039329 -0.046803
v -0.345250 0.239329 -0.046803
v -0.364030 0.039329 -0.031815
v -0.364030 0.239329 -0.031815
v -0.383129 0.039329 -0.017348
v -0.383129 0.239329 -0.017348
v -0.402521 0.039329 -0.003412
v -0.402521 0.239329 -0.003412
v -0.422176 0.039329 0.009982
v -0.422176 0.239329 0.009982
v -0.442067 0.039329 0.022824
v -0.442067 0.239329 0.022824
v -0.462166 0.039329 0.035103
v -0.462166 0.239329 0.035103
v -0.482446 0.039329 0.046810
v -0.482446 0.239329 0.046810
v -0.502879 0.039329 0.057933
v -0.502879 0.239329 0.057933
v -0.523437 0.039329 0.068463
v -0.523437 0.239329 0.068463
v -0.544092 0.039329 0.078388
v -0.544092 0.239329 0.078388
v -0.564817 0.039329 0.087699
v -0.564817 0.239329 0.087699
v -0.567346 0.039329 0.082986
v -0.567346 0.239329 0.082986
v -0.570382 0.039329 0.077912
v -0.570382 0.239329 0.077912
v -0.573848 0.039329 0.072574
v -0.573848 0.239329 0.072574
v -0.577669 0.039329 0.067069
v -0.577669 0.239329 0.067069
v -0.581767 0.039329 0.061495
v -0.581767 0.239329 0.061495
v -0.586067 0.039329 0.055949
v -0.586067 0.239329 0.055949
v -0.590492 0.039329 0.050528
v -0.590492 0.239329 0.050528
v -0.594965 0.039329 0.045328
v -0.594965 0.239329 0.045328
v -0.599411 0.039329 0.040449
v -0.599411 0.239329 0.040449
v -0.603752 0.039329 0.035986
v -0.603752 0.239329 0.035986
v -0.607913 0.039329 0.032037
v -0.607913 0.239329 0.032037
v -0.611817 0.039329 0.028699
v -0.611817 0.239329 0.028699
v -0.591093 0.039329 0.020138
v -0.591093 0.239329 0.020138
v -0.570446 0.039329 0.010963
v -0.570446 0.239329 0.010963
v -0.549911 0.039329 0.001183
v -0.549911 0.239329 0.001183
v -0.529521 0.039329 -0.009190
v -0.529521 0.239329 -0.009190
v -0.509311 0.039329 -0.020147
v -0.509311 0.239329 -0.020147
v -0.489317 0.039329 -0.031676
v -0.489317 0.239329 -0.031676
v -0.469573 0.039329 -0.043768
v -0.469573 0.239329 -0.043768
v -0.450113 0.039329 -0.056412
v -0.450113 0.239329 -0.056412
v -0.430973 0.039329 -0.069598
v -0.430973 0.239329 -0.069598
v -0.412187 0.039329 -0.083315
v -0.412187 0.239329 -0.083315
v -0.393790 0.039329 -0.097553
v -0.393790 0.239329 -0.097553
v -0.375817 0.039329 -0.112301
v -0.375817 0.239329 -0.112301
v -0.385482 0.039329 -0.123133
v -0.385482 0.239329 -0.123133
v -0.394974 0.039329 -0.134125
v -0.394974 0.239329 -0.134125
v -0.404286 0.039329 -0.145270
v -0.404286 0.239329 -0.145270
v -0.413409 0.039329 -0.156560
v -0.413409 0.239329 -0.156560
v -0.422339 0.039329 -0.167990
v -0.422339 0.239329 -0.167990
v -0.431067 0.039329 -0.179551
v -0.431067 0.239329 -0.179551
v -0.439587 0.039329 -0.191237
v -0.439587 0.239329 -0.191237
v -0.447891 0.039329 -0.203042
v -0.447891 0.239329 -0.203042
v -0.455973 0.039329 -0.214957
v -0.455973 0.239329 -0.214957
v -0.463826 0.039329 -0.226977
v -0.463826 0.239329 -0.226977
v -0.471443 0.039329 -0.239094
v -0.471443 0.239329 -0.239094
v -0.478817 0.039329 -0.251301
v -0.478817 0.239329 -0.251301
v -0.485880 0.039329 -0.242343
v -0.485880 0.239329 -0.242343
v -0.493076 0.039329 -0.233472
v -0.493076 0.239329 -0.233472
v -0.500411 0.039329 -0.224692
v -0.500411 0.239329 -0.224692
v -0.507891 0.039329 -0.216005
v -0.507891 0.239329 -0.216005
v -0.515524 0.039329 -0.207415
v -0.515524 0.239329 -0.207415
v -0.523317 0.039329 -0.198926
v -0.523317 0.239329 -0.198926
v -0.531276 0.039329 -0.190541
v -0.531276 0.239329 -0.190541
v -0.539409 0.039329 -0.182264
v -0.539409 0.239329 -0.182264
v -0.547723 0.039329 -0.174098
v -0.547723 0.239329 -0.174098
v -0.556224 0.039329 -0.166047
v -0.556224 0.239329 -0.166047
v -0.564920 0.039329 -0.158113
v -0.564920 0.239329 -0.158113
v -0.573817 0.039329 -0.150301
v -0.573817 0.239329 -0.150301
v -0.576845 0.039329 -0.154186
v -0.576845 0.239329 -0.154186
v -0.580377 0.039329 -0.158296
v -0.580377 0.239329 -0.158296
v -0.584332 0.039329 -0.162567
v -0.584332 0.239329 -0.162567
v -0.588632 0.039329 -0.166931
v -0.588632 0.239329 -0.166931
v -0.593195 0.039329 -0.171323
v -0.593195 0.239329 -0.171323
v -0.597942 0.039329 -0.175676
v -0.597942 0.239329 -0.175676
v -0.602793 0.039329 -0.179926
v -0.602793 0.239329 -0.179926
v -0.607669 0.039329 -0.184005
v -0.607669 0.239329 -0.184005
v -0.612489 0.039329 -0.187848
v -0.612489 0.239329 -0.187848
v -0.617173 0.039329 -0.191389
v -0.617173 0.239329 -0.191389
v -0.621643 0.039329 -0.194562
v -0.621643 0.239329 -0.194562
v -0.625817 0.039329 -0.197301
v -0.625817 0.239329 -0.197301
v -0.601254 0.039329 -0.219125
v -0.601254 0.239329 -0.219125
v -0.578067 0.039329 -0.241977
v -0.578067 0.239329 -0.241977
v -0.556254 0.039329 -0.265676
v -0.556254 0.239329 -0.265676
v -0.535817 0.039329 -0.290042
v -0.535817 0.239329 -0.290042
v -0.516754 0.039329 -0.314894
v -0.516754 0.239329 -0.314894
v -0.499067 0.039329 -0.340051
v -0.499067 0.239329 -0.340051
v -0.482754 0.039329 -0.365334
v -0.482754 0.239329 -0.365334
v -0.467817 0.039329 -0.390560
v -0.467817 0.239329 -0.390560
v -0.454254 0.039329 -0.415551
v -0.454254 0.239329 -0.415551
v -0.442067 0.039329 -0.440125
v -0.442067 0.239329 -0.440125
v -0.431254 0.039329 -0.464102
v -0.431254 0.239329 -0.464102
v -0.421817 0.039329 -0.487301
v -0.421817 0.239329 -0.487301
v -0.347817 0.039329 -0.476301
v -0.347817 0.239329 -0.476301
v -0.961541 0.039329 0.041037
v -0.961541 0.239329 0.041037
v -0.956196 0.039329 0.038574
v -0.956196 0.239329 0.038574
v -0.950754 0.039329 0.035340
v -0.950754 0.239329 0.035340
v -0.945187 0.039329 0.031366
v -0.945187 0.239329 0.031366
v -0.939467 0.039329 0.026683
v -0.939467 0.239329 0.026683
v -0.933567 0.039329 0.021324
v -0.933567 0.239329 0.021324
v -0.927458 0.039329 0.015319
v -0.927458 0.239329 0.015319
v -0.921113 0.039329 0.008699
v -0.921113 0.239329 0.008699
v -0.914504 0.039329 0.001496
v -0.914504 0.239329 0.001496
v -0.907604 0.039329 -0.006259
v -0.907604 0.239329 -0.006259
v -0.900384 0.039329 -0.014536
v -0.900384 0.239329 -0.014536
v -0.892817 0.039329 -0.023301
v -0.892817 0.239329 -0.023301
v -0.888700 0.039329 -0.028084
v -0.888700 0.239329 -0.028084
v -0.883882 0.039329 -0.033898
v -0.883882 0.239329 -0.033898
v -0.878411 0.039329 -0.040692
v -0.878411 0.239329 -0.040692
v -0.872335 0.039329 -0.048412
v -0.872335 0.239329 -0.048412
v -0.865705 0.039329 -0.057008
v -0.865705 0.239329 -0.057008
v -0.858567 0.039329 -0.066426
v -0.858567 0.239329 -0.066426
v -0.850971 0.039329 -0.076615
v -0.850971 0.239329 -0.076615
v -0.842965 0.039329 -0.087523
v -0.842965 0.239329 -0.087523
v -0.834598 0.039329 -0.099098
v -0.834598 0.239329 -0.099098
v -0.825919 0.039329 -0.111287
v -0.825919 0.239329 -0.111287
v -0.816975 0.039329 -0.124039
v -0.816975 0.239329 -0.124039
v -0.807817 0.039329 -0.137301
v -0.807817 0.239329 -0.137301
v -0.832611 0.039329 -0.134213
v -0.832611 0.239329 -0.134213
v -0.854169 0.039329 -0.131426
v -0.854169 0.239329 -0.131426
v -0.872754 0.039329 -0.128911
v -0.872754 0.239329 -0.128911
v -0.888632 0.039329 -0.126635
v -0.888632 0.239329 -0.126635
v -0.902065 0.039329 -0.124567
v -0.902065 0.239329 -0.124567
v -0.913317 0.039329 -0.122676
v -0.913317 0.239329 -0.122676
v -0.922652 0.039329 -0.120931
v -0.922652 0.239329 -0.120931
v -0.930335 0.039329 -0.119301
v -0.930335 0.239329 -0.119301
v -0.936629 0.039329 -0.117754
v -0.936629 0.239329 -0.117754
v -0.941798 0.039329 -0.116259
v -0.941798 0.239329 -0.116259
v -0.946106 0.039329 -0.114786
v -0.946106 0.239329 -0.114786
v -0.949817 0.039329 -0.113301
v -0.949817 0.239329 -0.113301
v -0.950957 0.039329 -0.117427
v -0.950957 0.239329 -0.117427
v -0.952354 0.039329 -0.122227
v -0.952354 0.239329 -0.122227
v -0.953973 0.039329 -0.127582
v -0.953973 0.239329 -0.127582
v -0.955780 0.039329 -0.133375
v -0.955780 0.239329 -0.133375
v -0.957739 0.039329 -0.139488
v -0.957739 0.239329 -0.139488
v -0.959817 0.039329 -0.145801
v -0.959817 0.239329 -0.145801
v -0.961978 0.039329 -0.152198
v -0.961978 0.239329 -0.152198
v -0.964187 0.039329 -0.158560
v -0.964187 0.239329 -0.158560
v -0.966411 0.039329 -0.164770
v -0.966411 0.239329 -0.164770
v -0.968613 0.039329 -0.170709
v -0.968613 0.239329 -0.170709
v -0.970760 0.039329 -0.176258
v -0.970760 0.239329 -0.176258
v -0.972817 0.039329 -0.181301
v -0.972817 0.239329 -0.181301
v -0.968545 0.039329 -0.182632
v -0.968545 0.239329 -0.182632
v -0.964229 0.039329 -0.184616
v -0.964229 0.239329 -0.184616
v -0.959864 0.039329 -0.187239
v -0.959864 0.239329 -0.187239
v -0.955446 0.039329 -0.190486
v -0.955446 0.239329 -0.190486
v -0.950974 0.039329 -0.194345
v -0.950974 0.239329 -0.194345
v -0.946442 0.039329 -0.198801
v -0.946442 0.239329 -0.198801
v -0.941848 0.039329 -0.203840
v -0.941848 0.239329 -0.203840
v -0.937187 0.039329 -0.209449
v -0.937187 0.239329 -0.209449
v -0.932457 0.039329 -0.215614
v -0.932457 0.239329 -0.215614
v -0.927655 0.039329 -0.222320
v -0.927655 0.239329 -0.222320
v -0.922776 0.039329 -0.229553
v -0.922776 0.239329 -0.229553
v -0.917817 0.039329 -0.237301
v -0.917817 0.239329 -0.237301
v -0.911362 0.039329 -0.246290
v -0.911362 0.239329 -0.246290
v -0.903178 0.039329 -0.258542
v -0.903178 0.239329 -0.258542
v -0.893536 0.039329 -0.273739
v -0.893536 0.239329 -0.273739
v -0.882706 0.039329 -0.291560
v -0.882706 0.239329 -0.291560
v -0.870959 0.039329 -0.311688
v -0.870959 0.239329 -0.311688
v -0.858567 0.039329 -0.333801
v -0.858567 0.239329 -0.333801
v -0.845799 0.039329 -0.357581
v -0.845799 0.239329 -0.357581
v -0.832928 0.039329 -0.382709
v -0.832928 0.239329 -0.382709
v -0.820223 0.039329 -0.408864
v -0.820223 0.239329 -0.408864
v -0.807956 0.039329 -0.435727
v -0.807956 0.239329 -0.435727
v -0.796397 0.039329 -0.462979
v -0.796397 0.239329 -0.462979
v -0.785817 0.039329 -0.490301
v -0.785817 0.239329 -0.490301
v -0.716817 0.039329 -0.461301
v -0.716817 0.239329 -0.461301
v -0.728060 0.039329 -0.437483
v -0.728060 0.239329 -0.437483
v -0.739766 0.039329 -0.413593
v -0.739766 0.239329 -0.413593
v -0.751895 0.039329 -0.389723
v -0.751895 0.239329 -0.389723
v -0.764409 0.039329 -0.365968
v -0.764409 0.239329 -0.365968
v -0.777271 0.039329 -0.342421
v -0.777271 0.239329 -0.342421
v -0.790442 0.039329 -0.319176
v -0.790442 0.239329 -0.319176
v -0.803883 0.039329 -0.296327
v -0.803883 0.239329 -0.296327
v -0.817558 0.039329 -0.273968
v -0.817558 0.239329 -0.273968
v -0.831426 0.039329 -0.252192
v -0.831426 0.239329 -0.252192
v -0.845451 0.039329 -0.231093
v -0.845451 0.239329 -0.231093
v -0.859594 0.039329 -0.210765
v -0.859594 0.239329 -0.210765
v -0.873817 0.039329 -0.191301
v -0.873817 0.239329 -0.191301
v -0.766817 0.039329 -0.200301
v -0.766817 0.239329 -0.200301
v -0.760070 0.039329 -0.211132
v -0.760070 0.239329 -0.211132
v -0.753340 0.039329 -0.222111
v -0.753340 0.239329 -0.222111
v -0.746645 0.039329 -0.233223
v -0.746645 0.239329 -0.233223
v -0.740002 0.039329 -0.244449
v -0.740002 0.239329 -0.244449
v -0.733429 0.039329 -0.255773
v -0.733429 0.239329 -0.255773
v -0.726942 0.039329 -0.267176
v -0.726942 0.239329 -0.267176
v -0.720559 0.039329 -0.278642
v -0.720559 0.239329 -0.278642
v -0.714298 0.039329 -0.290153
v -0.714298 0.239329 -0.290153
v -0.708176 0.039329 -0.301692
v -0.708176 0.239329 -0.301692
v -0.702210 0.039329 -0.313241
v -0.702210 0.239329 -0.313241
v -0.696418 0.039329 -0.324783
v -0.696418 0.239329 -0.324783
v -0.690817 0.039329 -0.336301
v -0.690817 0.239329 -0.336301
v -0.625817 0.039329 -0.298301
v -0.625817 0.239329 -0.298301
v -0.642621 0.039329 -0.269276
v -0.642621 0.239329 -0.269276
v -0.659997 0.039329 -0.240264
v -0.659997 0.239329 -0.240264
v -0.677895 0.039329 -0.211364
v -0.677895 0.239329 -0.211364
v -0.696261 0.039329 -0.182672
v -0.696261 0.239329 -0.182672
v -0.715044 0.039329 -0.154285
v -0.715044 0.239329 -0.154285
v -0.734192 0.039329 -0.126301
v -0.734192 0.239329 -0.126301
v -0.753652 0.039329 -0.098817
v -0.753652 0.239329 -0.098817
v -0.773372 0.039329 -0.071931
v -0.773372 0.239329 -0.071931
v -0.793301 0.039329 -0.045739
v -0.793301 0.239329 -0.045739
v -0.813386 0.039329 -0.020338
v -0.813386 0.239329 -0.020338
v -0.833575 0.039329 0.004173
v -0.833575 0.239329 0.004173
v -0.853817 0.039329 0.027699
v -0.853817 0.239329 0.027699
v -0.702817 0.039329 0.006699
v -0.702817 0.239329 0.006699
v -0.705357 0.039329 -0.001799
v -0.705357 0.239329 -0.001799
v -0.707970 0.039329 -0.010283
v -0.707970 0.239329 -0.010283
v -0.710645 0.039329 -0.018739
v -0.710645 0.239329 -0.018739
v -0.713372 0.039329 -0.027153
v -0.713372 0.239329 -0.027153
v -0.716141 0.039329 -0.035512
v -0.716141 0.239329 -0.035512
v -0.718942 0.039329 -0.043801
v -0.718942 0.239329 -0.043801
v -0.721763 0.039329 -0.052007
v -0.721763 0.239329 -0.052007
v -0.724595 0.039329 -0.060116
v -0.724595 0.239329 -0.060116
v -0.727426 0.039329 -0.068114
v -0.727426 0.239329 -0.068114
v -0.730247 0.039329 -0.075986
v -0.730247 0.239329 -0.075986
v -0.733048 0.039329 -0.083720
v -0.733048 0.239329 -0.083720
v -0.735817 0.039329 -0.091301
v -0.735817 0.239329 -0.091301
v -0.677817 0.039329 -0.106301
v -0.677817 0.239329 -0.106301
v -0.671077 0.039329 -0.088916
v -0.671077 0.239329 -0.088916
v -0.664396 0.039329 -0.070889
v -0.664396 0.239329 -0.070889
v -0.657832 0.039329 -0.052411
v -0.657832 0.239329 -0.052411
v -0.651446 0.039329 -0.033672
v -0.651446 0.239329 -0.033672
v -0.645297 0.039329 -0.014863
v -0.645297 0.239329 -0.014863
v -0.639442 0.039329 0.003824
v -0.639442 0.239329 0.003824
v -0.633941 0.039329 0.022198
v -0.633941 0.239329 0.022198
v -0.628854 0.039329 0.040069
v -0.628854 0.239329 0.040069
v -0.624239 0.039329 0.057246
v -0.624239 0.239329 0.057246
v -0.620155 0.039329 0.073537
v -0.620155 0.239329 0.073537
v -0.616661 0.039329 0.088752
v -0.616661 0.239329 0.088752
v -0.613817 0.039329 0.102699
v -0.613817 0.239329 0.102699
v -0.674817 0.039329 0.121699
v -0.674817 0.239329 0.121699
v -0.675588 0.039329 0.117388
v -0.675588 0.239329 0.117388
v -0.676405 0.039329 0.112958
v -0.676405 0.239329 0.112958
v -0.677270 0.039329 0.108418
v -0.677270 0.239329 0.108418
v -0.678187 0.039329 0.103773
v -0.678187 0.239329 0.103773
v -0.679160 0.039329 0.099031
v -0.679160 0.239329 0.099031
v -0.680192 0.039329 0.094199
v -0.680192 0.239329 0.094199
v -0.681286 0.039329 0.089283
v -0.681286 0.239329 0.089283
v -0.682446 0.039329 0.084291
v -0.682446 0.239329 0.084291
v -0.683676 0.039329 0.079230
v -0.683676 0.239329 0.079230
v -0.684979 0.039329 0.074106
v -0.684979 0.239329 0.074106
v -0.686358 0.039329 0.068927
v -0.686358 0.239329 0.068927
v -0.687817 0.039329 0.063699
v -0.687817 0.239329 0.063699
v -0.735975 0.039329 0.071194
v -0.735975 0.239329 0.071194
v -0.777331 0.039329 0.077745
v -0.777331 0.239329 0.077745
v -0.812457 0.039329 0.083449
v -0.812457 0.239329 0.083449
v -0.841928 0.039329 0.088403
v -0.841928 0.239329 0.088403
v -0.866315 0.039329 0.092703
v -0.866315 0.239329 0.092703
v -0.886192 0.039329 0.096449
v -0.886192 0.239329 0.096449
v -0.902131 0.039329 0.099736
v -0.902131 0.239329 0.099736
v -0.914706 0.039329 0.102662
v -0.914706 0.239329 0.102662
v -0.924489 0.039329 0.105324
v -0.924489 0.239329 0.105324
v -0.932053 0.039329 0.107819
v -0.932053 0.239329 0.107819
v -0.937971 0.039329 0.110245
v -0.937971 0.239329 0.110245
v -0.942817 0.039329 0.112699
v -0.942817 0.239329 0.112699
v -0.943977 0.039329 0.108533
v -0.943977 0.239329 0.108533
v -0.945428 0.039329 0.103625
v -0.945428 0.239329 0.103625
v -0.947129 0.039329 0.098105
v -0.947129 0.239329 0.098105
v -0.949039 0.039329 0.092106
v -0.949039 0.239329 0.092106
v -0.951115 0.039329 0.085760
v -0.951115 0.239329 0.085760
v -0.953317 0.039329 0.079199
v -0.953317 0.239329 0.079199
v -0.955602 0.039329 0.072554
v -0.955602 0.239329 0.072554
v -0.957928 0.039329 0.065958
v -0.957928 0.239329 0.065958
v -0.960254 0.039329 0.059543
v -0.960254 0.239329 0.059543
v -0.962539 0.039329 0.053440
v -0.962539 0.239329 0.053440
v -0.964740 0.039329 0.047781
v -0.964740 0.239329 0.047781
v -0.966817 0.039329 0.042699
v -0.966817 0.239329 0.042699
v 0.825183 0.039329 -0.413301
v 0.825183 0.239329 -0.413301
v 0.884183 0.039329 -0.370301
v 0.884183 0.239329 -0.370301
v 0.860988 0.039329 -0.345910
v 0.860988 0.239329 -0.345910
v 0.836035 0.039329 -0.321343
v 0.836035 0.239329 -0.321343
v 0.809527 0.039329 -0.296754
v 0.809527 0.239329 -0.296754
v 0.781665 0.039329 -0.272301
v 0.781665 0.239329 -0.272301
v 0.752650 0.039329 -0.248140
v 0.752650 0.239329 -0.248140
v 0.722683 0.039329 -0.224426
v 0.722683 0.239329 -0.224426
v 0.691967 0.039329 -0.201317
v 0.691967 0.239329 -0.201317
v 0.660702 0.039329 -0.178968
v 0.660702 0.239329 -0.178968
v 0.629089 0.039329 -0.157536
v 0.629089 0.239329 -0.157536
v 0.597331 0.039329 -0.137176
v 0.597331 0.239329 -0.137176
v 0.565629 0.039329 -0.118046
v 0.565629 0.239329 -0.118046
v 0.534183 0.039329 -0.100301
v 0.534183 0.239329 -0.100301
v 0.534183 0.039329 0.335699
v 0.534183 0.239329 0.335699
v 0.533904 0.039329 0.347646
v 0.533904 0.239329 0.347646
v 0.533035 0.039329 0.358523
v 0.533035 0.239329 0.358523
v 0.531527 0.039329 0.368386
v 0.531527 0.239329 0.368386
v 0.529331 0.039329 0.377291
v 0.529331 0.239329 0.377291
v 0.526399 0.039329 0.385294
v 0.526399 0.239329 0.385294
v 0.522683 0.039329 0.392449
v 0.522683 0.239329 0.392449
v 0.518133 0.039329 0.398812
v 0.518133 0.239329 0.398812
v 0.512702 0.039329 0.404440
v 0.512702 0.239329 0.404440
v 0.506339 0.039329 0.409386
v 0.506339 0.239329 0.409386
v 0.498998 0.039329 0.413708
v 0.498998 0.239329 0.413708
v 0.490629 0.039329 0.417460
v 0.490629 0.239329 0.417460
v 0.481183 0.039329 0.420699
v 0.481183 0.239329 0.420699
v 0.470865 0.039329 0.423246
v 0.470865 0.239329 0.423246
v 0.459391 0.039329 0.425407
v 0.459391 0.239329 0.425407
v 0.446730 0.039329 0.427215
v 0.446730 0.239329 0.427215
v 0.432850 0.039329 0.428699
v 0.432850 0.239329 0.428699
v 0.417720 0.039329 0.429892
v 0.417720 0.239329 0.429892
v 0.401308 0.039329 0.430824
v 0.401308 0.239329 0.430824
v 0.383584 0.039329 0.431527
v 0.383584 0.239329 0.431527
v 0.364516 0.039329 0.432032
v 0.364516 0.239329 0.432032
v 0.344074 0.039329 0.432371
v 0.344074 0.239329 0.432371
v 0.322225 0.039329 0.432574
v 0.322225 0.239329 0.432574
v 0.298938 0.039329 0.432673
v 0.298938 0.239329 0.432673
v 0.274183 0.039329 0.432699
v 0.274183 0.239329 0.432699
v 0.272982 0.039329 0.427002
v 0.272982 0.239329 0.427002
v 0.271405 0.039329 0.420958
v 0.271405 0.239329 0.420958
v 0.269496 0.039329 0.414636
v 0.269496 0.239329 0.414636
v 0.267294 0.039329 0.408106
v 0.267294 0.239329 0.408106
v 0.264843 0.039329 0.401437
v 0.264843 0.239329 0.401437
v 0.262183 0.039329 0.394699
v 0.262183 0.239329 0.394699
v 0.259357 0.039329 0.387960
v 0.259357 0.239329 0.387960
v 0.256405 0.039329 0.381291
v 0.256405 0.239329 0.381291
v 0.253371 0.039329 0.374761
v 0.253371 0.239329 0.374761
v 0.250294 0.039329 0.368440
v 0.250294 0.239329 0.368440
v 0.247218 0.039329 0.362396
v 0.247218 0.239329 0.362396
v 0.244183 0.039329 0.356699
v 0.244183 0.239329 0.356699
v 0.264780 0.039329 0.357387
v 0.264780 0.239329 0.357387
v 0.284961 0.039329 0.357953
v 0.284961 0.239329 0.357953
v 0.304558 0.039329 0.358402
v 0.304558 0.239329 0.358402
v 0.323405 0.039329 0.358736
v 0.323405 0.239329 0.358736
v 0.341336 0.039329 0.358959
v 0.341336 0.239329 0.358959
v 0.358183 0.039329 0.359074
v 0.358183 0.239329 0.359074
v 0.373780 0.039329 0.359085
v 0.373780 0.239329 0.359085
v 0.387961 0.039329 0.358995
v 0.387961 0.239329 0.358995
v 0.400558 0.039329 0.358808
v 0.400558 0.239329 0.358808
v 0.411405 0.039329 0.358528
v 0.411405 0.239329 0.358528
v 0.420336 0.039329 0.358157
v 0.420336 0.239329 0.358157
v 0.427183 0.039329 0.357699
v 0.427183 0.239329 0.357699
v 0.432356 0.039329 0.357571
v 0.432356 0.239329 0.357571
v 0.436896 0.039329 0.357176
v 0.436896 0.239329 0.357176
v 0.440839 0.039329 0.356496
v 0.440839 0.239329 0.356496
v 0.444220 0.039329 0.355514
v 0.444220 0.239329 0.355514
v 0.447073 0.039329 0.354212
v 0.447073 0.239329 0.354212
v 0.449433 0.039329 0.352574
v 0.449433 0.239329 0.352574
v 0.451335 0.039329 0.350581
v 0.451335 0.239329 0.350581
v 0.452813 0.039329 0.348217
v 0.452813 0.239329 0.348217
v 0.453902 0.039329 0.345464
v 0.453902 0.239329 0.345464
v 0.454637 0.039329 0.342305
v 0.454637 0.239329 0.342305
v 0.455052 0.039329 0.338723
v 0.455052 0.239329 0.338723
v 0.455183 0.039329 0.334699
v 0.455183 0.239329 0.334699
v 0.455183 0.039329 -0.138301
v 0.455183 0.239329 -0.138301
v 0.479446 0.039329 -0.150905
v 0.479446 0.239329 -0.150905
v 0.504123 0.039329 -0.164630
v 0.504123 0.239329 -0.164630
v 0.529042 0.039329 -0.179348
v 0.529042 0.239329 -0.179348
v 0.554035 0.039329 -0.194931
v 0.554035 0.239329 -0.194931
v 0.578930 0.039329 -0.211250
v 0.578930 0.239329 -0.211250
v 0.603558 0.039329 -0.228176
v 0.603558 0.239329 -0.228176
v 0.627749 0.039329 -0.245582
v 0.627749 0.239329 -0.245582
v 0.651331 0.039329 -0.263338
v 0.651331 0.239329 -0.263338
v 0.674136 0.039329 -0.281317
v 0.674136 0.239329 -0.281317
v 0.695993 0.039329 -0.299389
v 0.695993 0.239329 -0.299389
v 0.716733 0.039329 -0.317427
v 0.716733 0.239329 -0.317427
v 0.736183 0.039329 -0.335301
v 0.736183 0.239329 -0.335301
v 0.088183 0.039329 -0.335301
v 0.088183 0.239329 -0.335301
v 0.088183 0.039329 -0.409301
v 0.088183 0.239329 -0.409301
v 0.808183 0.039329 -0.409301
v 0.808183 0.239329 -0.409301
vn -0.0000 1.0000 -0.0000
vn -0.0000 -1.0000 -0.0000
vn 0.4215 -0.0000 -0.9068
vn 0.4032 -0.0000 -0.9151
vn 0.4380 -0.0000 -0.8990
vn 0.4535 -0.0000 -0.8913
vn 0.4684 -0.0000 -0.8835
vn 0.4831 -0.0000 -0.8755
vn 0.4984 -0.0000 -0.8670
vn 0.5145 -0.0000 -0.8575
vn 0.5323 -0.0000 -0.8465
vn 0.5527 -0.0000 -0.8334
vn 0.5768 -0.0000 -0.8169
vn 0.9942 -0.0000 -0.1076
vn 0.0996 -0.0000 0.9950
vn -0.5910 -0.0000 0.8067
vn 0.0997 -0.0000 0.9950
vn -0.5691 -0.0000 0.8222
vn -0.5501 -0.0000 0.8351
vn -0.5328 -0.0000 0.8462
vn -0.5164 -0.0000 0.8564
vn -0.5003 -0.0000 0.8659
vn -0.4840 -0.0000 0.8751
vn -0.4669 -0.0000 0.8843
vn -0.4484 -0.0000 0.8938
vn -0.4280 -0.0000 0.9038
vn -0.4047 -0.0000 0.9145
vn -0.9797 -0.0000 0.2005
vn -0.1998 -0.0000 -0.9798
vn 0.3065 -0.0000 -0.9519
vn 0.2853 -0.0000 -0.9584
vn 0.3252 -0.0000 -0.9456
vn 0.3422 -0.0000 -0.9396
vn 0.3580 -0.0000 -0.9337
vn 0.3731 -0.0000 -0.9278
vn 0.3880 -0.0000 -0.9216
vn 0.4033 -0.0000 -0.9151
vn 0.4194 -0.0000 -0.9078
vn 0.4372 -0.0000 -0.8994
vn 0.4577 -0.0000 -0.8891
vn 0.9757 -0.0000 -0.2193
vn 0.2063 -0.0000 0.9785
vn -0.4789 -0.0000 0.8778
vn -0.4547 -0.0000 0.8907
vn -0.4338 -0.0000 0.9010
vn -0.4152 -0.0000 0.9097
vn -0.3978 -0.0000 0.9175
vn -0.3812 -0.0000 0.9245
vn -0.3646 -0.0000 0.9312
vn -0.3476 -0.0000 0.9376
vn -0.3297 -0.0000 0.9441
vn -0.3103 -0.0000 0.9506
vn -0.2886 -0.0000 0.9575
vn -0.9560 -0.0000 0.2933
vn -0.2948 -0.0000 -0.9556
vn -0.2948 -0.0000 -0.9555
vn 0.9877 -0.0000 -0.1563
vn 0.9865 -0.0000 -0.1636
vn 0.9888 -0.0000 -0.1490
vn 0.9899 -0.0000 -0.1418
vn 0.9909 -0.0000 -0.1343
vn 0.9920 -0.0000 -0.1263
vn 0.9930 -0.0000 -0.1177
vn 0.9941 -0.0000 -0.1081
vn 0.9953 -0.0000 -0.0972
vn 0.9964 -0.0000 -0.0844
vn 0.9976 -0.0000 -0.0691
vn 0.7942 -0.0000 0.6076
vn -0.6082 -0.0000 0.7938
vn -0.9978 -0.0000 0.0665
vn -0.9968 -0.0000 0.0798
vn -0.9958 -0.0000 0.0911
vn -0.9949 -0.0000 0.1010
vn -0.9939 -0.0000 0.1100
vn -0.9930 -0.0000 0.1185
vn -0.9920 -0.0000 0.1266
vn -0.9909 -0.0000 0.1347
vn -0.9897 -0.0000 0.1430
vn -0.9884 -0.0000 0.1516
vn -0.9897 -0.0000 0.1429
vn -0.9869 -0.0000 0.1610
vn -0.8167 -0.0000 -0.5771
vn 0.5765 -0.0000 -0.8171
vn 0.9885 -0.0000 0.1512
vn 0.9904 -0.0000 0.1385
vn 0.9865 -0.0000 0.1639
vn 0.9843 -0.0000 0.1766
vn 0.9818 -0.0000 0.1898
vn 0.9791 -0.0000 0.2035
vn 0.9759 -0.0000 0.2182
vn 0.9722 -0.0000 0.2341
vn 0.9678 -0.0000 0.2517
vn 0.9624 -0.0000 0.2716
vn 0.9556 -0.0000 0.2945
vn 0.3857 -0.0000 0.9226
vn -0.4322 -0.0000 0.9018
vn -0.4015 -0.0000 0.9159
vn -0.3793 -0.0000 0.9253
vn -0.3625 -0.0000 0.9320
vn -0.3493 -0.0000 0.9370
vn -0.3386 -0.0000 0.9409
vn -0.3222 -0.0000 0.9467
vn -0.3155 -0.0000 0.9489
vn -0.3095 -0.0000 0.9509
vn -0.3039 -0.0000 0.9527
vn -0.8974 -0.0000 0.4413
vn -0.9460 -0.0000 -0.3240
vn -0.9578 -0.0000 -0.2876
vn -0.9665 -0.0000 -0.2568
vn -0.9730 -0.0000 -0.2307
vn -0.9780 -0.0000 -0.2085
vn -0.9819 -0.0000 -0.1895
vn -0.9849 -0.0000 -0.1733
vn -0.9872 -0.0000 -0.1594
vn -0.9891 -0.0000 -0.1476
vn -0.9905 -0.0000 -0.1376
vn -0.9916 -0.0000 -0.1294
vn -0.5928 -0.0000 -0.8053
vn 0.8072 -0.0000 -0.5903
vn -0.5929 -0.0000 -0.8053
vn 0.9378 -0.0000 -0.3472
vn 0.9339 -0.0000 -0.3575
vn 0.9414 -0.0000 -0.3374
vn 0.9447 -0.0000 -0.3278
vn 0.9480 -0.0000 -0.3183
vn 0.9512 -0.0000 -0.3084
vn 0.9546 -0.0000 -0.2980
vn 0.9581 -0.0000 -0.2865
vn 0.9618 -0.0000 -0.2736
vn 0.9660 -0.0000 -0.2587
vn 0.9706 -0.0000 -0.2407
vn 0.8750 -0.0000 0.4842
vn -0.4926 -0.0000 0.8703
vn -0.9750 -0.0000 0.2221
vn -0.9707 -0.0000 0.2405
vn -0.9668 -0.0000 0.2556
vn -0.9632 -0.0000 0.2687
vn -0.9599 -0.0000 0.2803
vn -0.9567 -0.0000 0.2909
vn -0.9536 -0.0000 0.3011
vn -0.9504 -0.0000 0.3110
vn -0.9471 -0.0000 0.3209
vn -0.9504 -0.0000 0.3109
vn -0.9435 -0.0000 0.3313
vn -0.9395 -0.0000 0.3425
vn -0.8994 -0.0000 -0.4370
vn 0.4301 -0.0000 -0.9028
vn 0.4300 -0.0000 -0.9028
vn 0.8522 -0.0000 -0.5232
vn 0.8648 -0.0000 -0.5020
vn 0.8394 -0.0000 -0.5435
vn 0.8265 -0.0000 -0.5629
vn 0.8135 -0.0000 -0.5815
vn 0.8005 -0.0000 -0.5993
vn 0.7875 -0.0000 -0.6163
vn 0.7745 -0.0000 -0.6326
vn 0.7615 -0.0000 -0.6482
vn 0.7485 -0.0000 -0.6631
vn 0.7356 -0.0000 -0.6774
vn 0.0149 -0.0000 -0.9999
vn 0.7356 -0.0000 -0.6775
vn -0.7171 -0.0000 -0.6970
vn -0.7343 -0.0000 -0.6788
vn -0.7513 -0.0000 -0.6600
vn -0.7680 -0.0000 -0.6405
vn -0.7844 -0.0000 -0.6203
vn -0.8005 -0.0000 -0.5994
vn -0.8162 -0.0000 -0.5777
vn -0.8316 -0.0000 -0.5554
vn -0.8465 -0.0000 -0.5324
vn -0.8609 -0.0000 -0.5088
vn -0.8749 -0.0000 -0.4844
vn -0.8579 -0.0000 0.5138
vn -0.8748 -0.0000 -0.4844
vn 0.4718 -0.0000 0.8817
vn 0.9993 -0.0000 0.0373
vn 0.4719 -0.0000 0.8817
vn 0.9130 -0.0000 0.4080
vn 0.9153 -0.0000 0.4027
vn 0.9104 -0.0000 0.4137
vn 0.9130 -0.0000 0.4081
vn 0.9076 -0.0000 0.4197
vn 0.9047 -0.0000 0.4261
vn 0.9015 -0.0000 0.4328
vn 0.8981 -0.0000 0.4399
vn 0.8944 -0.0000 0.4473
vn 0.8904 -0.0000 0.4551
vn 0.8862 -0.0000 0.4633
vn 0.8817 -0.0000 0.4719
vn 0.8592 -0.0000 -0.5117
vn -0.1132 -0.0000 -0.9936
vn 0.8591 -0.0000 -0.5118
vn 0.1514 -0.0000 -0.9885
vn 0.9498 -0.0000 -0.3127
vn 0.9124 -0.0000 0.4094
vn 0.8973 -0.0000 0.4415
vn 0.8813 -0.0000 0.4725
vn 0.8646 -0.0000 0.5025
vn 0.8471 -0.0000 0.5314
vn 0.8290 -0.0000 0.5592
vn 0.8104 -0.0000 0.5858
vn 0.7914 -0.0000 0.6113
vn 0.7720 -0.0000 0.6356
vn 0.7523 -0.0000 0.6588
vn 0.7324 -0.0000 0.6809
vn 0.9988 -0.0000 -0.0480
vn 0.6420 -0.0000 -0.7667
vn 0.6203 -0.0000 -0.7844
vn 0.5978 -0.0000 -0.8016
vn 0.5745 -0.0000 -0.8185
vn 0.5503 -0.0000 -0.8350
vn 0.5250 -0.0000 -0.8511
vn 0.4987 -0.0000 -0.8668
vn 0.5251 -0.0000 -0.8511
vn 0.4711 -0.0000 -0.8821
vn 0.4421 -0.0000 -0.8969
vn 0.4117 -0.0000 -0.9113
vn 0.3797 -0.0000 -0.9251
vn 0.9855 -0.0000 -0.1699
vn 0.6699 -0.0000 0.7424
vn 0.6978 -0.0000 0.7163
vn 0.7207 -0.0000 0.6933
vn 0.7403 -0.0000 0.6723
vn 0.7578 -0.0000 0.6525
vn 0.7739 -0.0000 0.6333
vn 0.7895 -0.0000 0.6138
vn 0.8049 -0.0000 0.5934
vn 0.8207 -0.0000 0.5713
vn 0.8376 -0.0000 0.5463
vn 0.8208 -0.0000 0.5713
vn 0.8561 -0.0000 0.5168
vn 0.3075 -0.0000 0.9516
vn 0.8561 -0.0000 0.5169
vn -0.4236 -0.0000 0.9058
vn -0.4523 -0.0000 0.8919
vn -0.4798 -0.0000 0.8774
vn -0.5064 -0.0000 0.8623
vn -0.5319 -0.0000 0.8468
vn -0.5565 -0.0000 0.8309
vn -0.5801 -0.0000 0.8145
vn -0.6029 -0.0000 0.7978
vn -0.6249 -0.0000 0.7807
vn -0.6461 -0.0000 0.7633
vn -0.6665 -0.0000 0.7455
vn -0.0220 -0.0000 0.9998
vn 0.6337 -0.0000 0.7736
vn 0.6138 -0.0000 0.7894
vn 0.5937 -0.0000 0.8047
vn 0.5734 -0.0000 0.8193
vn 0.5528 -0.0000 0.8333
vn 0.5319 -0.0000 0.8468
vn 0.5107 -0.0000 0.8598
vn 0.4891 -0.0000 0.8722
vn 0.4670 -0.0000 0.8842
vn 0.4445 -0.0000 0.8958
vn 0.4215 -0.0000 0.9068
vn -0.8699 -0.0000 0.4933
vn -0.8486 -0.0000 0.5291
vn -0.8302 -0.0000 0.5575
vn -0.8485 -0.0000 0.5291
vn -0.8137 -0.0000 0.5813
vn -0.7981 -0.0000 0.6026
vn -0.7826 -0.0000 0.6226
vn -0.7664 -0.0000 0.6423
vn -0.7487 -0.0000 0.6629
vn -0.7281 -0.0000 0.6855
vn -0.7027 -0.0000 0.7114
vn -0.6694 -0.0000 0.7429
vn -0.9876 -0.0000 -0.1572
vn -0.3940 -0.0000 -0.9191
vn -0.4181 -0.0000 -0.9084
vn -0.4417 -0.0000 -0.8971
vn -0.4651 -0.0000 -0.8853
vn -0.4881 -0.0000 -0.8728
vn -0.5110 -0.0000 -0.8596
vn -0.5336 -0.0000 -0.8457
vn -0.5109 -0.0000 -0.8596
vn -0.5561 -0.0000 -0.8311
vn -0.5786 -0.0000 -0.8156
vn -0.6009 -0.0000 -0.7993
vn -0.6233 -0.0000 -0.7820
vn -0.9970 -0.0000 -0.0775
vn -0.7515 -0.0000 0.6597
vn -0.7622 -0.0000 0.6474
vn -0.7726 -0.0000 0.6349
vn -0.7829 -0.0000 0.6221
vn -0.7931 -0.0000 0.6091
vn -0.8031 -0.0000 0.5958
vn -0.8130 -0.0000 0.5823
vn -0.8228 -0.0000 0.5684
vn -0.8324 -0.0000 0.5542
vn -0.8419 -0.0000 0.5396
vn -0.8513 -0.0000 0.5246
vn -0.0621 -0.0000 0.9981
vn 0.7810 -0.0000 0.6246
vn 0.7721 -0.0000 0.6355
vn 0.7626 -0.0000 0.6468
vn 0.7527 -0.0000 0.6584
vn 0.7421 -0.0000 0.6703
vn 0.7310 -0.0000 0.6824
vn 0.7193 -0.0000 0.6947
vn 0.7070 -0.0000 0.7072
vn 0.6942 -0.0000 0.7198
vn 0.6808 -0.0000 0.7324
vn 0.6669 -0.0000 0.7451
vn -0.0939 -0.0000 0.9956
vn -0.7738 -0.0000 0.6334
vn -0.7462 -0.0000 0.6657
vn -0.7231 -0.0000 0.6908
vn -0.7030 -0.0000 0.7112
vn -0.6847 -0.0000 0.7288
vn -0.6674 -0.0000 0.7447
vn -0.6503 -0.0000 0.7596
vn -0.6326 -0.0000 0.7745
vn -0.6133 -0.0000 0.7899
vn -0.5639 -0.0000 0.8259
vn -0.9973 -0.0000 0.0728
vn -0.6833 -0.0000 -0.7301
vn -0.7191 -0.0000 -0.6949
vn -0.7512 -0.0000 -0.6601
vn -0.7800 -0.0000 -0.6258
vn -0.8059 -0.0000 -0.5920
vn -0.8293 -0.0000 -0.5588
vn -0.8505 -0.0000 -0.5259
vn -0.8698 -0.0000 -0.4933
vn -0.8875 -0.0000 -0.4607
vn -0.9039 -0.0000 -0.4278
vn -0.9191 -0.0000 -0.3940
vn -0.4955 -0.0000 -0.8686
vn 0.8748 -0.0000 -0.4845
vn -0.4654 -0.0000 -0.8851
vn -0.3602 -0.0000 -0.9329
vn -0.5464 -0.0000 -0.8375
vn -0.6075 -0.0000 -0.7943
vn -0.6531 -0.0000 -0.7573
vn -0.6868 -0.0000 -0.7268
vn -0.7116 -0.0000 -0.7026
vn -0.7294 -0.0000 -0.6840
vn -0.7420 -0.0000 -0.6704
vn -0.7503 -0.0000 -0.6611
vn -0.7553 -0.0000 -0.6554
vn -0.7574 -0.0000 -0.6529
vn -0.7640 -0.0000 -0.6452
vn -0.7744 -0.0000 -0.6327
vn -0.7824 -0.0000 -0.6228
vn -0.7888 -0.0000 -0.6146
vn -0.7944 -0.0000 -0.6074
vn -0.7994 -0.0000 -0.6008
vn -0.8040 -0.0000 -0.5947
vn -0.8083 -0.0000 -0.5888
vn -0.8125 -0.0000 -0.5829
vn -0.8208 -0.0000 -0.5712
vn -0.8550 -0.0000 0.5186
vn 0.1259 -0.0000 0.9920
vn 0.1312 -0.0000 0.9914
vn 0.1380 -0.0000 0.9904
vn 0.1470 -0.0000 0.9891
vn 0.1589 -0.0000 0.9873
vn 0.1747 -0.0000 0.9846
vn 0.1957 -0.0000 0.9807
vn 0.2231 -0.0000 0.9748
vn 0.2583 -0.0000 0.9661
vn 0.3009 -0.0000 0.9537
vn 0.3477 -0.0000 0.9376
vn -0.4443 -0.0000 0.8959
vn -0.9620 -0.0000 0.2729
vn -0.9587 -0.0000 0.2844
vn -0.9559 -0.0000 0.2936
vn -0.9535 -0.0000 0.3015
vn -0.9511 -0.0000 0.3089
vn -0.9487 -0.0000 0.3163
vn -0.9460 -0.0000 0.3240
vn -0.9431 -0.0000 0.3326
vn -0.9395 -0.0000 0.3424
vn -0.9351 -0.0000 0.3543
vn -0.9293 -0.0000 0.3692
vn -0.9044 -0.0000 -0.4266
vn -0.3583 -0.0000 -0.9336
vn -0.4670 -0.0000 -0.8843
vn -0.5543 -0.0000 -0.8323
vn -0.6775 -0.0000 -0.7355
vn -0.7203 -0.0000 -0.6936
vn -0.7543 -0.0000 -0.6566
vn -0.7814 -0.0000 -0.6240
vn -0.8033 -0.0000 -0.5956
vn -0.8211 -0.0000 -0.5708
vn -0.8357 -0.0000 -0.5492
vn -0.8275 -0.0000 -0.5614
vn -0.8220 -0.0000 -0.5695
vn -0.8380 -0.0000 -0.5456
vn -0.8495 -0.0000 -0.5276
vn -0.8592 -0.0000 -0.5117
vn -0.8680 -0.0000 -0.4965
vn -0.8767 -0.0000 -0.4810
vn -0.8856 -0.0000 -0.4645
vn -0.8948 -0.0000 -0.4464
vn -0.9046 -0.0000 -0.4262
vn -0.9152 -0.0000 -0.4030
vn -0.9267 -0.0000 -0.3758
vn -0.3910 -0.0000 -0.9204
vn 0.9338 -0.0000 -0.3578
vn 0.9012 -0.0000 0.4335
vn 0.8948 -0.0000 0.4465
vn 0.8881 -0.0000 0.4596
vn 0.8812 -0.0000 0.4727
vn 0.8739 -0.0000 0.4862
vn 0.8660 -0.0000 0.5000
vn 0.8575 -0.0000 0.5144
vn 0.8483 -0.0000 0.5295
vn 0.8382 -0.0000 0.5454
vn 0.8269 -0.0000 0.5624
vn 0.8142 -0.0000 0.5806
vn 0.8719 -0.0000 -0.4898
vn -0.5217 -0.0000 -0.8532
vn 0.8719 -0.0000 -0.4897
vn -0.8507 -0.0000 -0.5257
vn -0.8546 -0.0000 -0.5193
vn -0.8586 -0.0000 -0.5127
vn -0.8627 -0.0000 -0.5057
vn -0.8670 -0.0000 -0.4983
vn -0.8715 -0.0000 -0.4904
vn -0.8761 -0.0000 -0.4821
vn -0.8809 -0.0000 -0.4733
vn -0.8859 -0.0000 -0.4638
vn -0.8911 -0.0000 -0.4537
vn -0.8966 -0.0000 -0.4429
vn -0.2903 -0.0000 -0.9569
vn 0.9668 -0.0000 -0.2556
vn -0.2904 -0.0000 -0.9569
vn 0.8617 -0.0000 0.5074
vn 0.8541 -0.0000 0.5202
vn 0.8462 -0.0000 0.5328
vn 0.8381 -0.0000 0.5455
vn 0.8297 -0.0000 0.5583
vn 0.8113 -0.0000 0.5847
vn 0.8011 -0.0000 0.5985
vn 0.7901 -0.0000 0.6129
vn 0.7782 -0.0000 0.6280
vn 0.7650 -0.0000 0.6440
vn 0.8779 -0.0000 -0.4788
vn -0.8413 -0.0000 -0.5406
vn -0.9569 -0.0000 0.2904
vn -0.8413 -0.0000 -0.5405
vn -0.9546 -0.0000 0.2980
vn -0.9524 -0.0000 0.3050
vn -0.9503 -0.0000 0.3114
vn -0.9483 -0.0000 0.3173
vn -0.9465 -0.0000 0.3226
vn -0.9449 -0.0000 0.3274
vn -0.9434 -0.0000 0.3317
vn -0.9420 -0.0000 0.3355
vn -0.9408 -0.0000 0.3389
vn -0.9420 -0.0000 0.3356
vn -0.9398 -0.0000 0.3418
vn -0.8853 -0.0000 -0.4651
vn 0.4564 -0.0000 -0.8898
vn 0.9351 -0.0000 -0.3545
vn 0.9400 -0.0000 -0.3411
vn 0.9445 -0.0000 -0.3286
vn 0.9485 -0.0000 -0.3167
vn 0.9524 -0.0000 -0.3049
vn 0.9561 -0.0000 -0.2929
vn 0.9599 -0.0000 -0.2803
vn 0.9638 -0.0000 -0.2666
vn 0.9679 -0.0000 -0.2513
vn 0.9724 -0.0000 -0.2335
vn 0.9773 -0.0000 -0.2118
vn 0.8609 -0.0000 0.5088
vn -0.5192 -0.0000 0.8546
vn -0.9839 -0.0000 0.1787
vn -0.5192 -0.0000 0.8547
vn -0.9829 -0.0000 0.1842
vn -0.9817 -0.0000 0.1905
vn -0.9803 -0.0000 0.1974
vn -0.9788 -0.0000 0.2049
vn -0.9770 -0.0000 0.2131
vn -0.9751 -0.0000 0.2219
vn -0.9729 -0.0000 0.2313
vn -0.9705 -0.0000 0.2413
vn -0.9729 -0.0000 0.2312
vn -0.9678 -0.0000 0.2519
vn -0.9705 -0.0000 0.2412
vn -0.9648 -0.0000 0.2630
vn -0.9678 -0.0000 0.2518
vn -0.5414 -0.0000 0.8407
vn 0.1551 -0.0000 0.9879
vn 0.1584 -0.0000 0.9874
vn 0.1630 -0.0000 0.9866
vn 0.1697 -0.0000 0.9855
vn 0.1794 -0.0000 0.9838
vn 0.1936 -0.0000 0.9811
vn 0.2143 -0.0000 0.9768
vn 0.2446 -0.0000 0.9696
vn 0.2880 -0.0000 0.9576
vn 0.3465 -0.0000 0.9381
vn 0.4158 -0.0000 0.9094
vn -0.4034 -0.0000 0.9150
vn -0.9612 -0.0000 0.2759
vn -0.9573 -0.0000 0.2891
vn -0.9543 -0.0000 0.2990
vn -0.9517 -0.0000 0.3072
vn -0.9492 -0.0000 0.3145
vn -0.9469 -0.0000 0.3216
vn -0.9444 -0.0000 0.3289
vn -0.9416 -0.0000 0.3368
vn -0.9383 -0.0000 0.3458
vn -0.9343 -0.0000 0.3566
vn -0.9289 -0.0000 0.3704
vn -0.9052 -0.0000 -0.4250
vn 0.9959 -0.0000 -0.0902
vn 0.1980 -0.0000 -0.9802
vn 0.7132 -0.0000 0.7009
vn 0.6909 -0.0000 0.7229
vn 0.7132 -0.0000 0.7010
vn 0.6498 -0.0000 0.7601
vn 0.6303 -0.0000 0.7764
vn 0.6109 -0.0000 0.7917
vn 0.5914 -0.0000 0.8064
vn 0.5714 -0.0000 0.8207
vn 0.5505 -0.0000 0.8349
vn 0.5282 -0.0000 0.8491
vn 0.5041 -0.0000 0.8636
vn 0.8636 -0.0000 0.5043
vn 0.9999 -0.0000 0.0117
vn 0.8635 -0.0000 0.5043
vn 0.9987 -0.0000 0.0515
vn 0.9933 -0.0000 0.1155
vn 0.9807 -0.0000 0.1955
vn 0.9564 -0.0000 0.2921
vn 0.9151 -0.0000 0.4033
vn 0.8526 -0.0000 0.5226
vn 0.7686 -0.0000 0.6398
vn 0.6683 -0.0000 0.7438
vn 0.5617 -0.0000 0.8273
vn 0.6683 -0.0000 0.7439
vn 0.4589 -0.0000 0.8885
vn 0.3671 -0.0000 0.9302
vn 0.2823 -0.0000 0.9593
vn 0.2125 -0.0000 0.9772
vn 0.1633 -0.0000 0.9866
vn 0.1238 -0.0000 0.9923
vn 0.0925 -0.0000 0.9957
vn 0.0677 -0.0000 0.9977
vn 0.0482 -0.0000 0.9988
vn 0.0331 -0.0000 0.9995
vn 0.0215 -0.0000 0.9998
vn 0.0129 -0.0000 0.9999
vn 0.0068 -0.0000 1.0000
vn 0.0027 -0.0000 1.0000
vn -0.6295 -0.0000 0.7770
vn -0.9733 -0.0000 0.2294
vn -0.9626 -0.0000 0.2708
vn -0.9526 -0.0000 0.3044
vn -0.9432 -0.0000 0.3323
vn -0.9344 -0.0000 0.3561
vn -0.9262 -0.0000 0.3770
vn -0.9184 -0.0000 0.3958
vn -0.9107 -0.0000 0.4131
vn -0.9184 -0.0000 0.3957
vn -0.9031 -0.0000 0.4295
vn -0.8952 -0.0000 0.4456
vn -0.9030 -0.0000 0.4296
vn -0.8869 -0.0000 0.4619
vn -0.8487 -0.0000 -0.5289
vn 0.0307 -0.0000 -0.9995
vn -0.8487 -0.0000 -0.5290
vn 0.0255 -0.0000 -0.9997
vn 0.0203 -0.0000 -0.9998
vn 0.0151 -0.0000 -0.9999
vn 0.0096 -0.0000 -1.0000
vn 0.0038 -0.0000 -1.0000
vn -0.0028 -0.0000 -1.0000
vn -0.0106 -0.0000 -0.9999
vn -0.0204 -0.0000 -0.9998
vn -0.0337 -0.0000 -0.9994
vn -0.0541 -0.0000 -0.9985
vn -0.0457 -0.0000 -0.9990
vn -0.0557 -0.0000 -0.9984
vn -0.1284 -0.0000 -0.9917
vn -0.2248 -0.0000 -0.9744
vn -0.3479 -0.0000 -0.9375
vn -0.4946 -0.0000 -0.8691
vn -0.6501 -0.0000 -0.7598
vn -0.7897 -0.0000 -0.6135
vn -0.6502 -0.0000 -0.7598
vn -0.8926 -0.0000 -0.4509
vn -0.7898 -0.0000 -0.6134
vn -0.9546 -0.0000 -0.2980
vn -0.9853 -0.0000 -0.1711
vn -0.9545 -0.0000 -0.2981
vn -0.9973 -0.0000 -0.0739
vn -0.9852 -0.0000 -0.1712
vn -0.9999 -0.0000 -0.0163
vn -0.8547 -0.0000 -0.5192
vn -0.9999 -0.0000 -0.0162
vn -0.4736 -0.0000 -0.8808
vn -0.8547 -0.0000 -0.5191
vn -0.4974 -0.0000 -0.8675
vn -0.5189 -0.0000 -0.8549
vn -0.5387 -0.0000 -0.8425
vn -0.5573 -0.0000 -0.8303
vn -0.5753 -0.0000 -0.8180
vn -0.6103 -0.0000 -0.7921
vn -0.6282 -0.0000 -0.7780
vn -0.6468 -0.0000 -0.7627
vn -0.6665 -0.0000 -0.7455
vn -0.9318 -0.0000 0.3631
vn -0.7071 -0.0000 0.7071
vn -0.9318 -0.0000 0.3630
vn -0.7071 -0.0000 -0.7071
vn -0.1153 -0.0000 -0.9933
vt 0.522222 0.000000
vt 0.511111 0.000000
vt 0.566667 0.000000
vt 0.533333 0.000000
vt 0.544444 0.000000
vt 0.555556 0.000000
vt 0.600000 0.000000
vt 0.400000 0.000000
vt 0.611111 0.000000
vt 0.588889 0.000000
vt 0.411111 0.000000
vt 0.433333 0.000000
vt 0.422222 0.000000
vt 0.444444 0.000000
vt 0.455556 0.000000
vt 0.466667 0.000000
vt 0.477778 0.000000
vt 0.577778 0.000000
vt 0.488889 0.000000
vt 0.500000 0.000000
vt 0.633333 0.000000
vt 0.377778 0.000000
vt 0.366667 0.000000
vt 0.622222 0.000000
vt 0.388889 0.000000
vt 0.655556 0.000000
vt 0.644444 0.000000
vt 0.355556 0.000000
vt 0.666667 0.000000
vt 0.344444 0.000000
vt 0.677778 0.000000
vt 0.700000 0.000000
vt 0.688889 0.000000
vt 0.333333 0.000000
vt 0.322222 0.000000
vt 0.711111 0.000000
vt 0.722222 0.000000
vt 0.177778 0.000000
vt 0.166667 0.000000
vt 0.800000 0.000000
vt 0.811111 0.000000
vt 0.155556 0.000000
vt 0.822222 0.000000
vt 0.144444 0.000000
vt 0.833333 0.000000
vt 0.844444 0.000000
vt 0.855556 0.000000
vt 0.877778 0.000000
vt 0.133333 0.000000
vt 0.122222 0.000000
vt 0.888889 0.000000
vt 0.100000 0.000000
vt 0.088889 0.000000
vt 0.911111 0.000000
vt 0.922222 0.000000
vt 0.111111 0.000000
vt 0.900000 0.000000
vt 0.944444 0.000000
vt 0.077778 0.000000
vt 0.066667 0.000000
vt 0.955556 0.000000
vt 0.055556 0.000000
vt 0.966667 0.000000
vt 0.033333 0.000000
vt 0.022222 0.000000
vt 1.000000 0.000000
vt 0.000000 0.000000
vt 0.011111 0.000000
vt 0.044444 0.000000
vt 0.933333 0.000000
vt 0.866667 0.000000
vt 0.311111 0.000000
vt 0.733333 0.000000
vt 0.300000 0.000000
vt 0.744444 0.000000
vt 0.288889 0.000000
vt 0.755556 0.000000
vt 0.277778 0.000000
vt 0.266667 0.000000
vt 0.766667 0.000000
vt 0.255556 0.000000
vt 0.244444 0.000000
vt 0.233333 0.000000
vt 0.222222 0.000000
vt 0.777778 0.000000
vt 0.211111 0.000000
vt 0.200000 0.000000
vt 0.188889 0.000000
vt 0.788889 0.000000
vt 0.988889 0.000000
vt 0.977778 0.000000
vt 0.204918 0.000000
vt 0.209016 0.000000
vt 0.206967 0.000000
vt 0.741803 0.000000
vt 0.739754 0.000000
vt 0.743852 0.000000
vt 0.202869 0.000000
vt 0.737705 0.000000
vt 0.745902 0.000000
vt 0.200820 0.000000
vt 0.993852 0.000000
vt 0.647541 0.000000
vt 0.995902 0.000000
vt 0.645492 0.000000
vt 0.997951 0.000000
vt 0.735656 0.000000
vt 0.733607 0.000000
vt 0.750000 0.000000
vt 0.747951 0.000000
vt 0.717213 0.000000
vt 0.715164 0.000000
vt 0.719262 0.000000
vt 0.977459 0.000000
vt 0.975410 0.000000
vt 0.973361 0.000000
vt 0.979508 0.000000
vt 0.713115 0.000000
vt 0.721311 0.000000
vt 0.711066 0.000000
vt 0.198770 0.000000
vt 0.196721 0.000000
vt 0.211066 0.000000
vt 0.194672 0.000000
vt 0.653689 0.000000
vt 0.651639 0.000000
vt 0.989754 0.000000
vt 0.991803 0.000000
vt 0.649590 0.000000
vt 0.723361 0.000000
vt 0.725410 0.000000
vt 0.731557 0.000000
vt 0.752049 0.000000
vt 0.184426 0.000000
vt 0.182377 0.000000
vt 0.180328 0.000000
vt 0.186475 0.000000
vt 0.188525 0.000000
vt 0.190574 0.000000
vt 0.698770 0.000000
vt 0.817623 0.000000
vt 0.700820 0.000000
vt 0.961066 0.000000
vt 0.870902 0.000000
vt 0.963115 0.000000
vt 0.696721 0.000000
vt 0.161885 0.000000
vt 0.159836 0.000000
vt 0.227459 0.000000
vt 0.229508 0.000000
vt 0.233607 0.000000
vt 0.231557 0.000000
vt 0.657787 0.000000
vt 0.659836 0.000000
vt 0.661885 0.000000
vt 0.663934 0.000000
vt 0.665984 0.000000
vt 0.668033 0.000000
vt 0.702869 0.000000
vt 0.762295 0.000000
vt 0.760246 0.000000
vt 0.764344 0.000000
vt 0.766393 0.000000
vt 0.815574 0.000000
vt 0.768443 0.000000
vt 0.770492 0.000000
vt 0.813525 0.000000
vt 0.772541 0.000000
vt 0.192623 0.000000
vt 0.178279 0.000000
vt 0.176230 0.000000
vt 0.213115 0.000000
vt 0.174180 0.000000
vt 0.215164 0.000000
vt 0.172131 0.000000
vt 0.217213 0.000000
vt 0.170082 0.000000
vt 0.219262 0.000000
vt 0.168033 0.000000
vt 0.221311 0.000000
vt 0.165984 0.000000
vt 0.223361 0.000000
vt 0.163934 0.000000
vt 0.225410 0.000000
vt 0.971311 0.000000
vt 0.981557 0.000000
vt 0.969262 0.000000
vt 0.983607 0.000000
vt 0.985656 0.000000
vt 0.967213 0.000000
vt 0.987705 0.000000
vt 0.965164 0.000000
vt 0.655738 0.000000
vt 0.709016 0.000000
vt 0.727459 0.000000
vt 0.706967 0.000000
vt 0.729508 0.000000
vt 0.704918 0.000000
vt 0.754098 0.000000
vt 0.756148 0.000000
vt 0.758197 0.000000
vt 0.686475 0.000000
vt 0.684426 0.000000
vt 0.864754 0.000000
vt 0.131148 0.000000
vt 0.129098 0.000000
vt 0.133197 0.000000
vt 0.127049 0.000000
vt 0.135246 0.000000
vt 0.125000 0.000000
vt 0.137295 0.000000
vt 0.122951 0.000000
vt 0.139344 0.000000
vt 0.120902 0.000000
vt 0.141393 0.000000
vt 0.118852 0.000000
vt 0.143443 0.000000
vt 0.116803 0.000000
vt 0.145492 0.000000
vt 0.114754 0.000000
vt 0.147541 0.000000
vt 0.112705 0.000000
vt 0.149590 0.000000
vt 0.110656 0.000000
vt 0.151639 0.000000
vt 0.108607 0.000000
vt 0.153689 0.000000
vt 0.106557 0.000000
vt 0.155738 0.000000
vt 0.157787 0.000000
vt 0.862705 0.000000
vt 0.688525 0.000000
vt 0.690574 0.000000
vt 0.860656 0.000000
vt 0.692623 0.000000
vt 0.858607 0.000000
vt 0.819672 0.000000
vt 0.803279 0.000000
vt 0.801230 0.000000
vt 0.782787 0.000000
vt 0.784836 0.000000
vt 0.799180 0.000000
vt 0.786885 0.000000
vt 0.797131 0.000000
vt 0.788934 0.000000
vt 0.278689 0.000000
vt 0.276639 0.000000
vt 0.239754 0.000000
vt 0.237705 0.000000
vt 0.280738 0.000000
vt 0.235656 0.000000
vt 0.282787 0.000000
vt 0.286885 0.000000
vt 0.877049 0.000000
vt 0.875000 0.000000
vt 0.907787 0.000000
vt 0.879098 0.000000
vt 0.881148 0.000000
vt 0.905738 0.000000
vt 0.883197 0.000000
vt 0.885246 0.000000
vt 0.903689 0.000000
vt 0.887295 0.000000
vt 0.889344 0.000000
vt 0.901639 0.000000
vt 0.891393 0.000000
vt 0.893443 0.000000
vt 0.899590 0.000000
vt 0.895492 0.000000
vt 0.831967 0.000000
vt 0.829918 0.000000
vt 0.852459 0.000000
vt 0.850410 0.000000
vt 0.834016 0.000000
vt 0.836066 0.000000
vt 0.950820 0.000000
vt 0.872951 0.000000
vt 0.952869 0.000000
vt 0.897541 0.000000
vt 0.856557 0.000000
vt 0.854508 0.000000
vt 0.821721 0.000000
vt 0.823770 0.000000
vt 0.825820 0.000000
vt 0.827869 0.000000
vt 0.795082 0.000000
vt 0.790984 0.000000
vt 0.793033 0.000000
vt 0.959016 0.000000
vt 0.956967 0.000000
vt 0.954918 0.000000
vt 0.868852 0.000000
vt 0.670082 0.000000
vt 0.672131 0.000000
vt 0.674180 0.000000
vt 0.676230 0.000000
vt 0.866803 0.000000
vt 0.678279 0.000000
vt 0.680328 0.000000
vt 0.682377 0.000000
vt 0.694672 0.000000
vt 0.811475 0.000000
vt 0.774590 0.000000
vt 0.809426 0.000000
vt 0.776639 0.000000
vt 0.807377 0.000000
vt 0.778689 0.000000
vt 0.805328 0.000000
vt 0.780738 0.000000
vt 0.606557 0.000000
vt 0.618852 0.000000
vt 0.608607 0.000000
vt 0.610656 0.000000
vt 0.612705 0.000000
vt 0.614754 0.000000
vt 0.616803 0.000000
vt 0.508197 0.000000
vt 0.520492 0.000000
vt 0.510246 0.000000
vt 0.495902 0.000000
vt 0.493852 0.000000
vt 0.491803 0.000000
vt 0.497951 0.000000
vt 0.489754 0.000000
vt 0.522541 0.000000
vt 0.524590 0.000000
vt 0.502049 0.000000
vt 0.504098 0.000000
vt 0.506148 0.000000
vt 0.594262 0.000000
vt 0.592213 0.000000
vt 0.590164 0.000000
vt 0.596311 0.000000
vt 0.598361 0.000000
vt 0.588115 0.000000
vt 0.600410 0.000000
vt 0.602459 0.000000
vt 0.586066 0.000000
vt 0.604508 0.000000
vt 0.584016 0.000000
vt 0.581967 0.000000
vt 0.620902 0.000000
vt 0.512295 0.000000
vt 0.514344 0.000000
vt 0.516393 0.000000
vt 0.518443 0.000000
vt 0.098361 0.000000
vt 0.053279 0.000000
vt 0.100410 0.000000
vt 0.104508 0.000000
vt 0.528689 0.000000
vt 0.485656 0.000000
vt 0.483607 0.000000
vt 0.530738 0.000000
vt 0.481557 0.000000
vt 0.532787 0.000000
vt 0.045082 0.000000
vt 0.051230 0.000000
vt 0.047131 0.000000
vt 0.049180 0.000000
vt 0.557377 0.000000
vt 0.555328 0.000000
vt 0.299180 0.000000
vt 0.094262 0.000000
vt 0.057377 0.000000
vt 0.096311 0.000000
vt 0.055328 0.000000
vt 0.479508 0.000000
vt 0.534836 0.000000
vt 0.477459 0.000000
vt 0.536885 0.000000
vt 0.559426 0.000000
vt 0.297131 0.000000
vt 0.561475 0.000000
vt 0.295082 0.000000
vt 0.563525 0.000000
vt 0.293033 0.000000
vt 0.565574 0.000000
vt 0.290984 0.000000
vt 0.567623 0.000000
vt 0.288934 0.000000
vt 0.340164 0.000000
vt 0.627049 0.000000
vt 0.629098 0.000000
vt 0.338115 0.000000
vt 0.631148 0.000000
vt 0.633197 0.000000
vt 0.364754 0.000000
vt 0.635246 0.000000
vt 0.362705 0.000000
vt 0.102459 0.000000
vt 0.487705 0.000000
vt 0.526639 0.000000
vt 0.579918 0.000000
vt 0.577869 0.000000
vt 0.622951 0.000000
vt 0.575820 0.000000
vt 0.573770 0.000000
vt 0.571721 0.000000
vt 0.625000 0.000000
vt 0.569672 0.000000
vt 0.090164 0.000000
vt 0.061475 0.000000
vt 0.092213 0.000000
vt 0.059426 0.000000
vt 0.036885 0.000000
vt 0.034836 0.000000
vt 0.010246 0.000000
vt 0.008197 0.000000
vt 0.086066 0.000000
vt 0.065574 0.000000
vt 0.088115 0.000000
vt 0.063525 0.000000
vt 0.030738 0.000000
vt 0.014344 0.000000
vt 0.032787 0.000000
vt 0.012295 0.000000
vt 0.467213 0.000000
vt 0.465164 0.000000
vt 0.397541 0.000000
vt 0.395492 0.000000
vt 0.469262 0.000000
vt 0.311475 0.000000
vt 0.313525 0.000000
vt 0.393443 0.000000
vt 0.315574 0.000000
vt 0.038934 0.000000
vt 0.006148 0.000000
vt 0.040984 0.000000
vt 0.004098 0.000000
vt 0.543033 0.000000
vt 0.471311 0.000000
vt 0.545082 0.000000
vt 0.309426 0.000000
vt 0.079918 0.000000
vt 0.071721 0.000000
vt 0.081967 0.000000
vt 0.069672 0.000000
vt 0.084016 0.000000
vt 0.067623 0.000000
vt 0.022541 0.000000
vt 0.020492 0.000000
vt 0.024590 0.000000
vt 0.459016 0.000000
vt 0.456967 0.000000
vt 0.405738 0.000000
vt 0.403689 0.000000
vt 0.385246 0.000000
vt 0.383197 0.000000
vt 0.327869 0.000000
vt 0.329918 0.000000
vt 0.381148 0.000000
vt 0.331967 0.000000
vt 0.075820 0.000000
vt 0.073770 0.000000
vt 0.077869 0.000000
vt 0.372951 0.000000
vt 0.370902 0.000000
vt 0.368852 0.000000
vt 0.436475 0.000000
vt 0.434426 0.000000
vt 0.415984 0.000000
vt 0.428279 0.000000
vt 0.418033 0.000000
vt 0.430328 0.000000
vt 0.426230 0.000000
vt 0.424180 0.000000
vt 0.422131 0.000000
vt 0.420082 0.000000
vt 0.432377 0.000000
vt 0.444672 0.000000
vt 0.442623 0.000000
vt 0.446721 0.000000
vt 0.440574 0.000000
vt 0.438525 0.000000
vt 0.448770 0.000000
vt 0.413934 0.000000
vt 0.450820 0.000000
vt 0.411885 0.000000
vt 0.452869 0.000000
vt 0.409836 0.000000
vt 0.454918 0.000000
vt 0.407787 0.000000
vt 0.379098 0.000000
vt 0.334016 0.000000
vt 0.336066 0.000000
vt 0.377049 0.000000
vt 0.375000 0.000000
vt 0.366803 0.000000
vt 0.026639 0.000000
vt 0.018443 0.000000
vt 0.028689 0.000000
vt 0.016393 0.000000
vt 0.461066 0.000000
vt 0.401639 0.000000
vt 0.463115 0.000000
vt 0.399590 0.000000
vt 0.391393 0.000000
vt 0.317623 0.000000
vt 0.389344 0.000000
vt 0.319672 0.000000
vt 0.321721 0.000000
vt 0.387295 0.000000
vt 0.323770 0.000000
vt 0.325820 0.000000
vt 0.043033 0.000000
vt 0.002049 0.000000
vt 0.475410 0.000000
vt 0.538934 0.000000
vt 0.473361 0.000000
vt 0.540984 0.000000
vt 0.547131 0.000000
vt 0.307377 0.000000
vt 0.549180 0.000000
vt 0.305328 0.000000
vt 0.551230 0.000000
vt 0.303279 0.000000
vt 0.553279 0.000000
vt 0.301230 0.000000
vt 0.360656 0.000000
vt 0.637295 0.000000
vt 0.358607 0.000000
vt 0.356557 0.000000
vt 0.354508 0.000000
vt 0.639344 0.000000
vt 0.352459 0.000000
vt 0.350410 0.000000
vt 0.348361 0.000000
vt 0.641393 0.000000
vt 0.346311 0.000000
vt 0.344262 0.000000
vt 0.342213 0.000000
vt 0.643443 0.000000
vt 0.262295 0.000000
vt 0.260246 0.000000
vt 0.258197 0.000000
vt 0.256148 0.000000
vt 0.264344 0.000000
vt 0.254098 0.000000
vt 0.266393 0.000000
vt 0.252049 0.000000
vt 0.268443 0.000000
vt 0.250000 0.000000
vt 0.270492 0.000000
vt 0.247951 0.000000
vt 0.272541 0.000000
vt 0.245902 0.000000
vt 0.274590 0.000000
vt 0.243852 0.000000
vt 0.241803 0.000000
vt 0.932377 0.000000
vt 0.930328 0.000000
vt 0.924180 0.000000
vt 0.922131 0.000000
vt 0.934426 0.000000
vt 0.936475 0.000000
vt 0.938525 0.000000
vt 0.920082 0.000000
vt 0.940574 0.000000
vt 0.942623 0.000000
vt 0.944672 0.000000
vt 0.918033 0.000000
vt 0.946721 0.000000
vt 0.948770 0.000000
vt 0.915984 0.000000
vt 0.913934 0.000000
vt 0.911885 0.000000
vt 0.909836 0.000000
vt 0.848361 0.000000
vt 0.838115 0.000000
vt 0.840164 0.000000
vt 0.846311 0.000000
vt 0.842213 0.000000
vt 0.844262 0.000000
vt 0.284836 0.000000
vt 0.928279 0.000000
vt 0.926230 0.000000
vt 0.038462 1.000000
vt 0.000000 1.000000
vt 0.076923 1.000000
vt 0.038462 0.000000
vt 0.115385 1.000000
vt 0.076923 0.000000
vt 0.153846 1.000000
vt 0.115385 0.000000
vt 0.192308 1.000000
vt 0.153846 0.000000
vt 0.230769 1.000000
vt 0.192308 0.000000
vt 0.269231 1.000000
vt 0.230769 0.000000
vt 0.307692 1.000000
vt 0.269231 0.000000
vt 0.346154 1.000000
vt 0.307692 0.000000
vt 0.384615 1.000000
vt 0.346154 0.000000
vt 0.423077 1.000000
vt 0.384615 0.000000
vt 0.461538 1.000000
vt 0.423077 0.000000
vt 0.500000 1.000000
vt 0.461538 0.000000
vt 0.538462 1.000000
vt 0.576923 1.000000
vt 0.538462 0.000000
vt 0.615385 1.000000
vt 0.576923 0.000000
vt 0.653846 1.000000
vt 0.615385 0.000000
vt 0.692308 1.000000
vt 0.653846 0.000000
vt 0.730769 1.000000
vt 0.692308 0.000000
vt 0.769231 1.000000
vt 0.730769 0.000000
vt 0.807692 1.000000
vt 0.769231 0.000000
vt 0.846154 1.000000
vt 0.807692 0.000000
vt 0.884615 1.000000
vt 0.846154 0.000000
vt 0.923077 1.000000
vt 0.884615 0.000000
vt 0.961538 1.000000
vt 0.923077 0.000000
vt 1.000000 1.000000
vt 0.961538 0.000000
vt 0.027027 1.000000
vt 0.054054 1.000000
vt 0.027027 0.000000
vt 0.081081 1.000000
vt 0.054054 0.000000
vt 0.108108 1.000000
vt 0.081081 0.000000
vt 0.135135 1.000000
vt 0.108108 0.000000
vt 0.162162 1.000000
vt 0.135135 0.000000
vt 0.189189 1.000000
vt 0.162162 0.000000
vt 0.216216 1.000000
vt 0.189189 0.000000
vt 0.243243 1.000000
vt 0.216216 0.000000
vt 0.270270 1.000000
vt 0.243243 0.000000
vt 0.297297 1.000000
vt 0.270270 0.000000
vt 0.324324 1.000000
vt 0.297297 0.000000
vt 0.351351 1.000000
vt 0.324324 0.000000
vt 0.378378 1.000000
vt 0.351351 0.000000
vt 0.405405 1.000000
vt 0.378378 0.000000
vt 0.432432 1.000000
vt 0.405405 0.000000
vt 0.459459 1.000000
vt 0.432432 0.000000
vt 0.486486 1.000000
vt 0.459459 0.000000
vt 0.513514 1.000000
vt 0.486486 0.000000
vt 0.540541 1.000000
vt 0.513514 0.000000
vt 0.567568 1.000000
vt 0.540541 0.000000
vt 0.594595 1.000000
vt 0.567568 0.000000
vt 0.621622 1.000000
vt 0.594595 0.000000
vt 0.648649 1.000000
vt 0.621622 0.000000
vt 0.675676 1.000000
vt 0.648649 0.000000
vt 0.702703 1.000000
vt 0.675676 0.000000
vt 0.729730 1.000000
vt 0.702703 0.000000
vt 0.756757 1.000000
vt 0.729730 0.000000
vt 0.783784 1.000000
vt 0.756757 0.000000
vt 0.810811 1.000000
vt 0.783784 0.000000
vt 0.837838 1.000000
vt 0.810811 0.000000
vt 0.864865 1.000000
vt 0.837838 0.000000
vt 0.891892 1.000000
vt 0.864865 0.000000
vt 0.918919 1.000000
vt 0.891892 0.000000
vt 0.945946 1.000000
vt 0.918919 0.000000
vt 0.972973 1.000000
vt 0.945946 0.000000
vt 0.972973 0.000000
vt 0.006757 1.000000
vt 0.013514 1.000000
vt 0.006757 0.000000
vt 0.020270 1.000000
vt 0.013514 0.000000
vt 0.020270 0.000000
vt 0.033784 1.000000
vt 0.040541 1.000000
vt 0.033784 0.000000
vt 0.047297 1.000000
vt 0.040541 0.000000
vt 0.047297 0.000000
vt 0.060811 1.000000
vt 0.067568 1.000000
vt 0.060811 0.000000
vt 0.074324 1.000000
vt 0.067568 0.000000
vt 0.074324 0.000000
vt 0.087838 1.000000
vt 0.094595 1.000000
vt 0.087838 0.000000
vt 0.101351 1.000000
vt 0.094595 0.000000
vt 0.101351 0.000000
vt 0.114865 1.000000
vt 0.121622 1.000000
vt 0.114865 0.000000
vt 0.128378 1.000000
vt 0.121622 0.000000
vt 0.128378 0.000000
vt 0.141892 1.000000
vt 0.148649 1.000000
vt 0.141892 0.000000
vt 0.155405 1.000000
vt 0.148649 0.000000
vt 0.155405 0.000000
vt 0.168919 1.000000
vt 0.175676 1.000000
vt 0.168919 0.000000
vt 0.182432 1.000000
vt 0.175676 0.000000
vt 0.182432 0.000000
vt 0.195946 1.000000
vt 0.202703 1.000000
vt 0.195946 0.000000
vt 0.209459 1.000000
vt 0.202703 0.000000
vt 0.209459 0.000000
vt 0.222973 1.000000
vt 0.229730 1.000000
vt 0.222973 0.000000
vt 0.236486 1.000000
vt 0.229730 0.000000
vt 0.236486 0.000000
vt 0.250000 1.000000
vt 0.256757 1.000000
vt 0.263514 1.000000
vt 0.256757 0.000000
vt 0.263514 0.000000
vt 0.277027 1.000000
vt 0.283784 1.000000
vt 0.277027 0.000000
vt 0.290541 1.000000
vt 0.283784 0.000000
vt 0.290541 0.000000
vt 0.304054 1.000000
vt 0.310811 1.000000
vt 0.304054 0.000000
vt 0.317568 1.000000
vt 0.310811 0.000000
vt 0.317568 0.000000
vt 0.331081 1.000000
vt 0.337838 1.000000
vt 0.331081 0.000000
vt 0.344595 1.000000
vt 0.337838 0.000000
vt 0.344595 0.000000
vt 0.358108 1.000000
vt 0.364865 1.000000
vt 0.358108 0.000000
vt 0.371622 1.000000
vt 0.364865 0.000000
vt 0.371622 0.000000
vt 0.385135 1.000000
vt 0.391892 1.000000
vt 0.385135 0.000000
vt 0.398649 1.000000
vt 0.391892 0.000000
vt 0.398649 0.000000
vt 0.412162 1.000000
vt 0.418919 1.000000
vt 0.412162 0.000000
vt 0.425676 1.000000
vt 0.418919 0.000000
vt 0.425676 0.000000
vt 0.439189 1.000000
vt 0.445946 1.000000
vt 0.439189 0.000000
vt 0.452703 1.000000
vt 0.445946 0.000000
vt 0.452703 0.000000
vt 0.466216 1.000000
vt 0.472973 1.000000
vt 0.466216 0.000000
vt 0.479730 1.000000
vt 0.472973 0.000000
vt 0.479730 0.000000
vt 0.493243 1.000000
vt 0.493243 0.000000
vt 0.506757 1.000000
vt 0.506757 0.000000
vt 0.520270 1.000000
vt 0.527027 1.000000
vt 0.520270 0.000000
vt 0.533784 1.000000
vt 0.527027 0.000000
vt 0.533784 0.000000
vt 0.547297 1.000000
vt 0.554054 1.000000
vt 0.547297 0.000000
vt 0.560811 1.000000
vt 0.554054 0.000000
vt 0.560811 0.000000
vt 0.574324 1.000000
vt 0.581081 1.000000
vt 0.574324 0.000000
vt 0.587838 1.000000
vt 0.581081 0.000000
vt 0.587838 0.000000
vt 0.601351 1.000000
vt 0.608108 1.000000
vt 0.601351 0.000000
vt 0.614865 1.000000
vt 0.608108 0.000000
vt 0.614865 0.000000
vt 0.628378 1.000000
vt 0.635135 1.000000
vt 0.628378 0.000000
vt 0.641892 1.000000
vt 0.635135 0.000000
vt 0.641892 0.000000
vt 0.655405 1.000000
vt 0.662162 1.000000
vt 0.655405 0.000000
vt 0.668919 1.000000
vt 0.662162 0.000000
vt 0.668919 0.000000
vt 0.682432 1.000000
vt 0.689189 1.000000
vt 0.682432 0.000000
vt 0.695946 1.000000
vt 0.689189 0.000000
vt 0.695946 0.000000
vt 0.709459 1.000000
vt 0.716216 1.000000
vt 0.709459 0.000000
vt 0.722973 1.000000
vt 0.716216 0.000000
vt 0.722973 0.000000
vt 0.736486 1.000000
vt 0.743243 1.000000
vt 0.736486 0.000000
vt 0.750000 1.000000
vt 0.743243 0.000000
vt 0.763514 1.000000
vt 0.770270 1.000000
vt 0.763514 0.000000
vt 0.777027 1.000000
vt 0.770270 0.000000
vt 0.777027 0.000000
vt 0.790541 1.000000
vt 0.797297 1.000000
vt 0.790541 0.000000
vt 0.804054 1.000000
vt 0.797297 0.000000
vt 0.804054 0.000000
vt 0.817568 1.000000
vt 0.824324 1.000000
vt 0.817568 0.000000
vt 0.831081 1.000000
vt 0.824324 0.000000
vt 0.831081 0.000000
vt 0.844595 1.000000
vt 0.851351 1.000000
vt 0.844595 0.000000
vt 0.858108 1.000000
vt 0.851351 0.000000
vt 0.858108 0.000000
vt 0.871622 1.000000
vt 0.878378 1.000000
vt 0.871622 0.000000
vt 0.885135 1.000000
vt 0.878378 0.000000
vt 0.885135 0.000000
vt 0.898649 1.000000
vt 0.905405 1.000000
vt 0.898649 0.000000
vt 0.912162 1.000000
vt 0.905405 0.000000
vt 0.912162 0.000000
vt 0.925676 1.000000
vt 0.932432 1.000000
vt 0.925676 0.000000
vt 0.939189 1.000000
vt 0.932432 0.000000
vt 0.939189 0.000000
vt 0.952703 1.000000
vt 0.959459 1.000000
vt 0.952703 0.000000
vt 0.966216 1.000000
vt 0.959459 0.000000
vt 0.966216 0.000000
vt 0.979730 1.000000
vt 0.986486 1.000000
vt 0.979730 0.000000
vt 0.993243 1.000000
vt 0.986486 0.000000
vt 0.993243 0.000000
vt 0.005747 1.000000
vt 0.011494 1.000000
vt 0.005747 0.000000
vt 0.017241 1.000000
vt 0.011494 0.000000
vt 0.022989 1.000000
vt 0.017241 0.000000
vt 0.028736 1.000000
vt 0.022989 0.000000
vt 0.034483 1.000000
vt 0.028736 0.000000
vt 0.040230 1.000000
vt 0.034483 0.000000
vt 0.045977 1.000000
vt 0.040230 0.000000
vt 0.051724 1.000000
vt 0.045977 0.000000
vt 0.057471 1.000000
vt 0.051724 0.000000
vt 0.063218 1.000000
vt 0.057471 0.000000
vt 0.068966 1.000000
vt 0.063218 0.000000
vt 0.074713 1.000000
vt 0.068966 0.000000
vt 0.080460 1.000000
vt 0.074713 0.000000
vt 0.086207 1.000000
vt 0.080460 0.000000
vt 0.091954 1.000000
vt 0.086207 0.000000
vt 0.097701 1.000000
vt 0.091954 0.000000
vt 0.103448 1.000000
vt 0.097701 0.000000
vt 0.109195 1.000000
vt 0.103448 0.000000
vt 0.114943 1.000000
vt 0.109195 0.000000
vt 0.120690 1.000000
vt 0.114943 0.000000
vt 0.126437 1.000000
vt 0.120690 0.000000
vt 0.132184 1.000000
vt 0.126437 0.000000
vt 0.137931 1.000000
vt 0.132184 0.000000
vt 0.143678 1.000000
vt 0.137931 0.000000
vt 0.149425 1.000000
vt 0.143678 0.000000
vt 0.155172 1.000000
vt 0.149425 0.000000
vt 0.160920 1.000000
vt 0.155172 0.000000
vt 0.166667 1.000000
vt 0.160920 0.000000
vt 0.172414 1.000000
vt 0.178161 1.000000
vt 0.172414 0.000000
vt 0.183908 1.000000
vt 0.178161 0.000000
vt 0.189655 1.000000
vt 0.183908 0.000000
vt 0.195402 1.000000
vt 0.189655 0.000000
vt 0.201149 1.000000
vt 0.195402 0.000000
vt 0.206897 1.000000
vt 0.201149 0.000000
vt 0.212644 1.000000
vt 0.206897 0.000000
vt 0.218391 1.000000
vt 0.212644 0.000000
vt 0.224138 1.000000
vt 0.218391 0.000000
vt 0.229885 1.000000
vt 0.224138 0.000000
vt 0.235632 1.000000
vt 0.229885 0.000000
vt 0.241379 1.000000
vt 0.235632 0.000000
vt 0.247126 1.000000
vt 0.241379 0.000000
vt 0.252874 1.000000
vt 0.247126 0.000000
vt 0.258621 1.000000
vt 0.252874 0.000000
vt 0.264368 1.000000
vt 0.258621 0.000000
vt 0.270115 1.000000
vt 0.264368 0.000000
vt 0.275862 1.000000
vt 0.270115 0.000000
vt 0.281609 1.000000
vt 0.275862 0.000000
vt 0.287356 1.000000
vt 0.281609 0.000000
vt 0.293103 1.000000
vt 0.287356 0.000000
vt 0.298851 1.000000
vt 0.293103 0.000000
vt 0.304598 1.000000
vt 0.298851 0.000000
vt 0.310345 1.000000
vt 0.304598 0.000000
vt 0.316092 1.000000
vt 0.310345 0.000000
vt 0.321839 1.000000
vt 0.316092 0.000000
vt 0.327586 1.000000
vt 0.321839 0.000000
vt 0.333333 1.000000
vt 0.327586 0.000000
vt 0.339080 1.000000
vt 0.344828 1.000000
vt 0.339080 0.000000
vt 0.350575 1.000000
vt 0.344828 0.000000
vt 0.356322 1.000000
vt 0.350575 0.000000
vt 0.362069 1.000000
vt 0.356322 0.000000
vt 0.367816 1.000000
vt 0.362069 0.000000
vt 0.373563 1.000000
vt 0.367816 0.000000
vt 0.379310 1.000000
vt 0.373563 0.000000
vt 0.385057 1.000000
vt 0.379310 0.000000
vt 0.390805 1.000000
vt 0.385057 0.000000
vt 0.396552 1.000000
vt 0.390805 0.000000
vt 0.402299 1.000000
vt 0.396552 0.000000
vt 0.408046 1.000000
vt 0.402299 0.000000
vt 0.413793 1.000000
vt 0.408046 0.000000
vt 0.419540 1.000000
vt 0.413793 0.000000
vt 0.425287 1.000000
vt 0.419540 0.000000
vt 0.431034 1.000000
vt 0.425287 0.000000
vt 0.436782 1.000000
vt 0.431034 0.000000
vt 0.442529 1.000000
vt 0.436782 0.000000
vt 0.448276 1.000000
vt 0.442529 0.000000
vt 0.454023 1.000000
vt 0.448276 0.000000
vt 0.459770 1.000000
vt 0.454023 0.000000
vt 0.465517 1.000000
vt 0.459770 0.000000
vt 0.471264 1.000000
vt 0.465517 0.000000
vt 0.477012 1.000000
vt 0.471264 0.000000
vt 0.482759 1.000000
vt 0.477012 0.000000
vt 0.488506 1.000000
vt 0.482759 0.000000
vt 0.494253 1.000000
vt 0.488506 0.000000
vt 0.494253 0.000000
vt 0.505747 1.000000
vt 0.511494 1.000000
vt 0.505747 0.000000
vt 0.517241 1.000000
vt 0.511494 0.000000
vt 0.522988 1.000000
vt 0.517241 0.000000
vt 0.528736 1.000000
vt 0.522988 0.000000
vt 0.534483 1.000000
vt 0.528736 0.000000
vt 0.540230 1.000000
vt 0.534483 0.000000
vt 0.545977 1.000000
vt 0.540230 0.000000
vt 0.551724 1.000000
vt 0.545977 0.000000
vt 0.557471 1.000000
vt 0.551724 0.000000
vt 0.563218 1.000000
vt 0.557471 0.000000
vt 0.568965 1.000000
vt 0.563218 0.000000
vt 0.574713 1.000000
vt 0.568965 0.000000
vt 0.580460 1.000000
vt 0.574713 0.000000
vt 0.586207 1.000000
vt 0.580460 0.000000
vt 0.591954 1.000000
vt 0.586207 0.000000
vt 0.597701 1.000000
vt 0.591954 0.000000
vt 0.603448 1.000000
vt 0.597701 0.000000
vt 0.609195 1.000000
vt 0.603448 0.000000
vt 0.614943 1.000000
vt 0.609195 0.000000
vt 0.620690 1.000000
vt 0.614943 0.000000
vt 0.626437 1.000000
vt 0.620690 0.000000
vt 0.632184 1.000000
vt 0.626437 0.000000
vt 0.637931 1.000000
vt 0.632184 0.000000
vt 0.643678 1.000000
vt 0.637931 0.000000
vt 0.649425 1.000000
vt 0.643678 0.000000
vt 0.655172 1.000000
vt 0.649425 0.000000
vt 0.660920 1.000000
vt 0.655172 0.000000
vt 0.666667 1.000000
vt 0.660920 0.000000
vt 0.672414 1.000000
vt 0.678161 1.000000
vt 0.672414 0.000000
vt 0.683908 1.000000
vt 0.678161 0.000000
vt 0.689655 1.000000
vt 0.683908 0.000000
vt 0.695402 1.000000
vt 0.689655 0.000000
vt 0.701149 1.000000
vt 0.695402 0.000000
vt 0.706897 1.000000
vt 0.701149 0.000000
vt 0.712644 1.000000
vt 0.706897 0.000000
vt 0.718391 1.000000
vt 0.712644 0.000000
vt 0.724138 1.000000
vt 0.718391 0.000000
vt 0.729885 1.000000
vt 0.724138 0.000000
vt 0.735632 1.000000
vt 0.729885 0.000000
vt 0.741379 1.000000
vt 0.735632 0.000000
vt 0.747126 1.000000
vt 0.741379 0.000000
vt 0.752874 1.000000
vt 0.747126 0.000000
vt 0.758621 1.000000
vt 0.752874 0.000000
vt 0.764368 1.000000
vt 0.758621 0.000000
vt 0.770115 1.000000
vt 0.764368 0.000000
vt 0.775862 1.000000
vt 0.770115 0.000000
vt 0.781609 1.000000
vt 0.775862 0.000000
vt 0.787356 1.000000
vt 0.781609 0.000000
vt 0.793103 1.000000
vt 0.787356 0.000000
vt 0.798851 1.000000
vt 0.793103 0.000000
vt 0.804598 1.000000
vt 0.798851 0.000000
vt 0.810345 1.000000
vt 0.804598 0.000000
vt 0.816092 1.000000
vt 0.810345 0.000000
vt 0.821839 1.000000
vt 0.816092 0.000000
vt 0.827586 1.000000
vt 0.821839 0.000000
vt 0.833333 1.000000
vt 0.827586 0.000000
vt 0.839080 1.000000
vt 0.844828 1.000000
vt 0.839080 0.000000
vt 0.850575 1.000000
vt 0.844828 0.000000
vt 0.856322 1.000000
vt 0.850575 0.000000
vt 0.862069 1.000000
vt 0.856322 0.000000
vt 0.867816 1.000000
vt 0.862069 0.000000
vt 0.873563 1.000000
vt 0.867816 0.000000
vt 0.879310 1.000000
vt 0.873563 0.000000
vt 0.885057 1.000000
vt 0.879310 0.000000
vt 0.890805 1.000000
vt 0.885057 0.000000
vt 0.896552 1.000000
vt 0.890805 0.000000
vt 0.902299 1.000000
vt 0.896552 0.000000
vt 0.908046 1.000000
vt 0.902299 0.000000
vt 0.913793 1.000000
vt 0.908046 0.000000
vt 0.919540 1.000000
vt 0.913793 0.000000
vt 0.925287 1.000000
vt 0.919540 0.000000
vt 0.931035 1.000000
vt 0.925287 0.000000
vt 0.936782 1.000000
vt 0.931035 0.000000
vt 0.942529 1.000000
vt 0.936782 0.000000
vt 0.948276 1.000000
vt 0.942529 0.000000
vt 0.954023 1.000000
vt 0.948276 0.000000
vt 0.959770 1.000000
vt 0.954023 0.000000
vt 0.965517 1.000000
vt 0.959770 0.000000
vt 0.971264 1.000000
vt 0.965517 0.000000
vt 0.977012 1.000000
vt 0.971264 0.000000
vt 0.982759 1.000000
vt 0.977012 0.000000
vt 0.988506 1.000000
vt 0.982759 0.000000
vt 0.994253 1.000000
vt 0.988506 0.000000
vt 0.994253 0.000000
vt 0.010989 1.000000
vt 0.021978 1.000000
vt 0.010989 0.000000
vt 0.032967 1.000000
vt 0.021978 0.000000
vt 0.043956 1.000000
vt 0.032967 0.000000
vt 0.054945 1.000000
vt 0.043956 0.000000
vt 0.065934 1.000000
vt 0.054945 0.000000
vt 0.065934 0.000000
vt 0.087912 1.000000
vt 0.098901 1.000000
vt 0.087912 0.000000
vt 0.109890 1.000000
vt 0.098901 0.000000
vt 0.120879 1.000000
vt 0.109890 0.000000
vt 0.131868 1.000000
vt 0.120879 0.000000
vt 0.142857 1.000000
vt 0.131868 0.000000
vt 0.142857 0.000000
vt 0.164835 1.000000
vt 0.175824 1.000000
vt 0.164835 0.000000
vt 0.186813 1.000000
vt 0.175824 0.000000
vt 0.197802 1.000000
vt 0.186813 0.000000
vt 0.208791 1.000000
vt 0.197802 0.000000
vt 0.219780 1.000000
vt 0.208791 0.000000
vt 0.219780 0.000000
vt 0.241758 1.000000
vt 0.252747 1.000000
vt 0.241758 0.000000
vt 0.263736 1.000000
vt 0.252747 0.000000
vt 0.274725 1.000000
vt 0.263736 0.000000
vt 0.285714 1.000000
vt 0.274725 0.000000
vt 0.296703 1.000000
vt 0.285714 0.000000
vt 0.296703 0.000000
vt 0.318681 1.000000
vt 0.329670 1.000000
vt 0.318681 0.000000
vt 0.340659 1.000000
vt 0.329670 0.000000
vt 0.351648 1.000000
vt 0.340659 0.000000
vt 0.362637 1.000000
vt 0.351648 0.000000
vt 0.373626 1.000000
vt 0.362637 0.000000
vt 0.373626 0.000000
vt 0.395604 1.000000
vt 0.406593 1.000000
vt 0.395604 0.000000
vt 0.417582 1.000000
vt 0.406593 0.000000
vt 0.428571 1.000000
vt 0.417582 0.000000
vt 0.439560 1.000000
vt 0.428571 0.000000
vt 0.450549 1.000000
vt 0.439560 0.000000
vt 0.450549 0.000000
vt 0.472527 1.000000
vt 0.483516 1.000000
vt 0.472527 0.000000
vt 0.494505 1.000000
vt 0.483516 0.000000
vt 0.505495 1.000000
vt 0.494505 0.000000
vt 0.516484 1.000000
vt 0.505495 0.000000
vt 0.527473 1.000000
vt 0.516484 0.000000
vt 0.527473 0.000000
vt 0.549451 1.000000
vt 0.560440 1.000000
vt 0.549451 0.000000
vt 0.571429 1.000000
vt 0.560440 0.000000
vt 0.582418 1.000000
vt 0.571429 0.000000
vt 0.593407 1.000000
vt 0.582418 0.000000
vt 0.604396 1.000000
vt 0.593407 0.000000
vt 0.604396 0.000000
vt 0.626374 1.000000
vt 0.637363 1.000000
vt 0.626374 0.000000
vt 0.648352 1.000000
vt 0.637363 0.000000
vt 0.659341 1.000000
vt 0.648352 0.000000
vt 0.670330 1.000000
vt 0.659341 0.000000
vt 0.681319 1.000000
vt 0.670330 0.000000
vt 0.681319 0.000000
vt 0.703297 1.000000
vt 0.714286 1.000000
vt 0.703297 0.000000
vt 0.725275 1.000000
vt 0.714286 0.000000
vt 0.736264 1.000000
vt 0.725275 0.000000
vt 0.747253 1.000000
vt 0.736264 0.000000
vt 0.758242 1.000000
vt 0.747253 0.000000
vt 0.758242 0.000000
vt 0.780220 1.000000
vt 0.791209 1.000000
vt 0.780220 0.000000
vt 0.802198 1.000000
vt 0.791209 0.000000
vt 0.813187 1.000000
vt 0.802198 0.000000
vt 0.824176 1.000000
vt 0.813187 0.000000
vt 0.835165 1.000000
vt 0.824176 0.000000
vt 0.835165 0.000000
vt 0.857143 1.000000
vt 0.868132 1.000000
vt 0.857143 0.000000
vt 0.879121 1.000000
vt 0.868132 0.000000
vt 0.890110 1.000000
vt 0.879121 0.000000
vt 0.901099 1.000000
vt 0.890110 0.000000
vt 0.912088 1.000000
vt 0.901099 0.000000
vt 0.912088 0.000000
vt 0.934066 1.000000
vt 0.945055 1.000000
vt 0.934066 0.000000
vt 0.956044 1.000000
vt 0.945055 0.000000
vt 0.967033 1.000000
vt 0.956044 0.000000
vt 0.978022 1.000000
vt 0.967033 0.000000
vt 0.989011 1.000000
vt 0.978022 0.000000
vt 0.989011 0.000000
s 0
f 48/1/1 47/2/1 52/3/1
f 48/1/1 52/3/1 49/4/1
f 50/5/1 49/4/1 52/3/1
f 51/6/1 50/5/1 52/3/1
f 55/7/1 37/8/1 56/9/1
f 54/10/1 38/11/1 37/8/1
f 37/8/1 55/7/1 54/10/1
f 40/12/1 39/13/1 38/11/1
f 41/14/1 40/12/1 38/11/1
f 42/15/1 41/14/1 38/11/1
f 43/16/1 42/15/1 38/11/1
f 38/11/1 54/10/1 43/16/1
f 43/16/1 54/10/1 44/17/1
f 54/10/1 53/18/1 44/17/1
f 45/19/1 44/17/1 53/18/1
f 46/20/1 45/19/1 53/18/1
f 47/2/1 46/20/1 53/18/1
f 52/3/1 47/2/1 53/18/1
f 58/21/1 35/22/1 34/23/1
f 57/24/1 36/25/1 35/22/1
f 35/22/1 58/21/1 57/24/1
f 60/26/1 59/27/1 33/28/1
f 61/29/1 32/30/1 62/31/1
f 32/30/1 61/29/1 33/28/1
f 60/26/1 33/28/1 61/29/1
f 33/28/1 59/27/1 34/23/1
f 58/21/1 34/23/1 59/27/1
f 64/32/1 63/33/1 31/34/1
f 64/32/1 31/34/1 30/35/1
f 65/36/1 64/32/1 30/35/1
f 66/37/1 65/36/1 30/35/1
f 62/31/1 32/30/1 31/34/1
f 31/34/1 63/33/1 62/31/1
f 56/9/1 37/8/1 36/25/1
f 36/25/1 57/24/1 56/9/1
f 17/38/1 16/39/1 73/40/1
f 74/41/1 73/40/1 16/39/1
f 16/39/1 15/42/1 74/41/1
f 75/43/1 74/41/1 15/42/1
f 15/42/1 14/44/1 75/43/1
f 76/45/1 75/43/1 14/44/1
f 77/46/1 76/45/1 14/44/1
f 78/47/1 77/46/1 14/44/1
f 80/48/1 13/49/1 12/50/1
f 12/50/1 81/51/1 80/48/1
f 10/52/1 9/53/1 83/54/1
f 84/55/1 83/54/1 9/53/1
f 81/51/1 12/50/1 11/56/1
f 82/57/1 81/51/1 11/56/1
f 11/56/1 10/52/1 82/57/1
f 10/52/1 83/54/1 82/57/1
f 86/58/1 8/59/1 7/60/1
f 87/61/1 86/58/1 7/60/1
f 7/60/1 6/62/1 87/61/1
f 6/62/1 88/63/1 87/61/1
f 4/64/1 3/65/1 91/66/1
f 1/67/1 91/66/1 3/65/1
f 3/65/1 2/68/1 1/67/1
f 88/63/1 6/62/1 5/69/1
f 5/69/1 4/64/1 88/63/1
f 4/64/1 91/66/1 88/63/1
f 84/55/1 9/53/1 8/59/1
f 85/70/1 84/55/1 8/59/1
f 8/59/1 86/58/1 85/70/1
f 78/47/1 14/44/1 13/49/1
f 79/71/1 78/47/1 13/49/1
f 13/49/1 80/48/1 79/71/1
f 66/37/1 30/35/1 29/72/1
f 67/73/1 66/37/1 29/72/1
f 29/72/1 28/74/1 67/73/1
f 68/75/1 67/73/1 28/74/1
f 28/74/1 27/76/1 68/75/1
f 69/77/1 68/75/1 27/76/1
f 27/76/1 26/78/1 69/77/1
f 26/78/1 25/79/1 69/77/1
f 70/80/1 69/77/1 25/79/1
f 25/79/1 24/81/1 70/80/1
f 24/81/1 23/82/1 70/80/1
f 23/82/1 22/83/1 70/80/1
f 22/83/1 21/84/1 70/80/1
f 71/85/1 70/80/1 21/84/1
f 21/84/1 20/86/1 71/85/1
f 20/86/1 19/87/1 71/85/1
f 19/87/1 18/88/1 71/85/1
f 72/89/1 71/85/1 18/88/1
f 18/88/1 17/38/1 72/89/1
f 17/38/1 73/40/1 72/89/1
f 90/90/1 89/91/1 88/63/1
f 88/63/1 91/66/1 90/90/1
f 192/92/1 194/93/1 193/94/1
f 454/95/1 453/96/1 455/97/1
f 194/93/1 192/92/1 191/98/1
f 453/96/1 452/99/1 456/100/1
f 455/97/1 453/96/1 456/100/1
f 194/93/1 191/98/1 190/101/1
f 577/102/1 408/103/1 578/104/1
f 408/103/1 407/105/1 578/104/1
f 579/106/1 578/104/1 407/105/1
f 580/66/1 579/106/1 407/105/1
f 451/107/1 450/108/1 458/109/1
f 458/109/1 457/110/1 451/107/1
f 452/99/1 451/107/1 457/110/1
f 456/100/1 452/99/1 457/110/1
f 442/111/1 441/112/1 443/113/1
f 569/114/1 568/115/1 567/116/1
f 569/114/1 567/116/1 570/117/1
f 443/113/1 441/112/1 440/118/1
f 444/119/1 443/113/1 440/118/1
f 440/118/1 439/120/1 444/119/1
f 194/93/1 190/101/1 189/121/1
f 189/121/1 188/122/1 194/93/1
f 195/123/1 194/93/1 188/122/1
f 188/122/1 187/124/1 195/123/1
f 411/125/1 410/126/1 575/127/1
f 576/128/1 575/127/1 410/126/1
f 410/126/1 409/129/1 576/128/1
f 577/102/1 576/128/1 409/129/1
f 408/103/1 577/102/1 409/129/1
f 444/119/1 439/120/1 445/130/1
f 446/131/1 445/130/1 439/120/1
f 450/108/1 449/132/1 459/133/1
f 458/109/1 450/108/1 459/133/1
f 182/134/1 181/135/1 180/136/1
f 182/134/1 180/136/1 183/137/1
f 184/138/1 183/137/1 180/136/1
f 185/139/1 184/138/1 180/136/1
f 433/140/1 491/141/1 434/142/1
f 561/143/1 517/144/1 562/145/1
f 491/141/1 433/140/1 432/146/1
f 171/147/1 170/148/1 203/149/1
f 204/150/1 203/149/1 170/148/1
f 170/148/1 206/151/1 204/150/1
f 205/152/1 204/150/1 206/151/1
f 562/145/1 517/144/1 413/153/1
f 414/154/1 413/153/1 517/144/1
f 415/155/1 414/154/1 517/144/1
f 416/156/1 415/155/1 517/144/1
f 417/157/1 416/156/1 517/144/1
f 517/144/1 418/158/1 417/157/1
f 434/142/1 491/141/1 435/159/1
f 464/160/1 463/161/1 491/141/1
f 465/162/1 464/160/1 491/141/1
f 466/163/1 465/162/1 491/141/1
f 491/141/1 490/164/1 466/163/1
f 467/165/1 466/163/1 490/164/1
f 468/166/1 467/165/1 490/164/1
f 490/164/1 489/167/1 468/166/1
f 489/167/1 469/168/1 468/166/1
f 185/139/1 180/136/1 186/169/1
f 180/136/1 179/170/1 186/169/1
f 187/124/1 186/169/1 179/170/1
f 195/123/1 187/124/1 179/170/1
f 179/170/1 178/171/1 195/123/1
f 196/172/1 195/123/1 178/171/1
f 178/171/1 177/173/1 196/172/1
f 197/174/1 196/172/1 177/173/1
f 177/173/1 176/175/1 197/174/1
f 198/176/1 197/174/1 176/175/1
f 176/175/1 175/177/1 198/176/1
f 199/178/1 198/176/1 175/177/1
f 175/177/1 174/179/1 199/178/1
f 200/180/1 199/178/1 174/179/1
f 174/179/1 173/181/1 200/180/1
f 201/182/1 200/180/1 173/181/1
f 173/181/1 172/183/1 201/182/1
f 202/184/1 201/182/1 172/183/1
f 172/183/1 171/147/1 202/184/1
f 171/147/1 203/149/1 202/184/1
f 570/117/1 567/116/1 566/185/1
f 571/186/1 570/117/1 566/185/1
f 566/185/1 565/187/1 571/186/1
f 572/188/1 571/186/1 565/187/1
f 573/189/1 572/188/1 565/187/1
f 565/187/1 564/190/1 573/189/1
f 574/191/1 573/189/1 564/190/1
f 564/190/1 563/192/1 574/191/1
f 575/127/1 574/191/1 563/192/1
f 411/125/1 575/127/1 563/192/1
f 412/193/1 411/125/1 563/192/1
f 563/192/1 562/145/1 412/193/1
f 562/145/1 413/153/1 412/193/1
f 446/131/1 439/120/1 438/194/1
f 447/195/1 446/131/1 438/194/1
f 438/194/1 437/196/1 447/195/1
f 448/197/1 447/195/1 437/196/1
f 437/196/1 436/198/1 448/197/1
f 449/132/1 448/197/1 436/198/1
f 459/133/1 449/132/1 436/198/1
f 460/199/1 459/133/1 436/198/1
f 436/198/1 435/159/1 460/199/1
f 435/159/1 491/141/1 460/199/1
f 461/200/1 460/199/1 491/141/1
f 462/201/1 461/200/1 491/141/1
f 491/141/1 463/161/1 462/201/1
f 427/202/1 426/203/1 514/204/1
f 156/205/1 155/206/1 157/207/1
f 155/206/1 154/208/1 157/207/1
f 158/209/1 157/207/1 154/208/1
f 154/208/1 153/210/1 158/209/1
f 159/211/1 158/209/1 153/210/1
f 153/210/1 152/212/1 159/211/1
f 160/213/1 159/211/1 152/212/1
f 152/212/1 151/214/1 160/213/1
f 161/215/1 160/213/1 151/214/1
f 151/214/1 150/216/1 161/215/1
f 162/217/1 161/215/1 150/216/1
f 150/216/1 149/218/1 162/217/1
f 163/219/1 162/217/1 149/218/1
f 149/218/1 148/220/1 163/219/1
f 164/221/1 163/219/1 148/220/1
f 148/220/1 147/222/1 164/221/1
f 165/223/1 164/221/1 147/222/1
f 147/222/1 146/224/1 165/223/1
f 166/225/1 165/223/1 146/224/1
f 146/224/1 145/226/1 166/225/1
f 167/227/1 166/225/1 145/226/1
f 145/226/1 144/228/1 167/227/1
f 168/229/1 167/227/1 144/228/1
f 144/228/1 169/230/1 168/229/1
f 427/202/1 514/204/1 513/231/1
f 428/232/1 427/202/1 513/231/1
f 429/233/1 428/232/1 513/231/1
f 513/231/1 512/234/1 429/233/1
f 430/235/1 429/233/1 512/234/1
f 512/234/1 511/236/1 430/235/1
f 511/236/1 492/237/1 430/235/1
f 484/238/1 483/239/1 474/240/1
f 475/241/1 474/240/1 483/239/1
f 483/239/1 482/242/1 475/241/1
f 476/243/1 475/241/1 482/242/1
f 482/242/1 481/244/1 476/243/1
f 477/245/1 476/243/1 481/244/1
f 228/246/1 227/247/1 209/248/1
f 209/248/1 208/249/1 228/246/1
f 229/250/1 228/246/1 208/249/1
f 208/249/1 207/251/1 229/250/1
f 230/252/1 229/250/1 207/251/1
f 207/251/1 232/253/1 230/252/1
f 520/254/1 519/255/1 535/256/1
f 521/257/1 520/254/1 535/256/1
f 522/258/1 521/257/1 535/256/1
f 535/256/1 534/259/1 522/258/1
f 523/260/1 522/258/1 534/259/1
f 524/261/1 523/260/1 534/259/1
f 534/259/1 533/262/1 524/261/1
f 525/263/1 524/261/1 533/262/1
f 526/264/1 525/263/1 533/262/1
f 533/262/1 532/265/1 526/264/1
f 527/266/1 526/264/1 532/265/1
f 528/267/1 527/266/1 532/265/1
f 532/265/1 531/268/1 528/267/1
f 529/269/1 528/267/1 531/268/1
f 498/270/1 497/271/1 508/272/1
f 508/272/1 507/273/1 498/270/1
f 499/274/1 498/270/1 507/273/1
f 500/275/1 499/274/1 507/273/1
f 556/276/1 518/277/1 557/278/1
f 529/269/1 531/268/1 530/279/1
f 492/237/1 511/236/1 510/280/1
f 510/280/1 509/281/1 492/237/1
f 493/282/1 492/237/1 509/281/1
f 494/283/1 493/282/1 509/281/1
f 495/284/1 494/283/1 509/281/1
f 509/281/1 508/272/1 495/284/1
f 496/285/1 495/284/1 508/272/1
f 508/272/1 497/271/1 496/285/1
f 477/245/1 481/244/1 480/286/1
f 478/287/1 477/245/1 480/286/1
f 480/286/1 479/288/1 478/287/1
f 517/144/1 561/143/1 560/289/1
f 560/289/1 559/290/1 517/144/1
f 559/290/1 558/291/1 517/144/1
f 418/158/1 517/144/1 516/292/1
f 419/293/1 418/158/1 516/292/1
f 420/294/1 419/293/1 516/292/1
f 421/295/1 420/294/1 516/292/1
f 422/296/1 421/295/1 516/292/1
f 516/292/1 515/297/1 422/296/1
f 423/298/1 422/296/1 515/297/1
f 424/299/1 423/298/1 515/297/1
f 425/300/1 424/299/1 515/297/1
f 515/297/1 514/204/1 425/300/1
f 514/204/1 426/203/1 425/300/1
f 491/141/1 432/146/1 431/301/1
f 431/301/1 430/235/1 491/141/1
f 469/168/1 489/167/1 488/302/1
f 470/303/1 469/168/1 488/302/1
f 488/302/1 487/304/1 470/303/1
f 471/305/1 470/303/1 487/304/1
f 487/304/1 486/306/1 471/305/1
f 472/307/1 471/305/1 486/306/1
f 486/306/1 485/308/1 472/307/1
f 473/309/1 472/307/1 485/308/1
f 485/308/1 484/238/1 473/309/1
f 484/238/1 474/240/1 473/309/1
f 388/310/1 394/311/1 389/312/1
f 389/312/1 394/311/1 390/313/1
f 391/314/1 390/313/1 394/311/1
f 391/314/1 394/311/1 392/315/1
f 393/316/1 392/315/1 394/311/1
f 340/317/1 346/318/1 341/319/1
f 334/320/1 333/321/1 332/322/1
f 335/323/1 334/320/1 332/322/1
f 332/322/1 331/324/1 347/325/1
f 331/324/1 348/326/1 347/325/1
f 335/323/1 332/322/1 336/20/1
f 337/327/1 336/20/1 332/322/1
f 338/328/1 337/327/1 332/322/1
f 332/322/1 347/325/1 338/328/1
f 339/329/1 338/328/1 347/325/1
f 340/317/1 339/329/1 347/325/1
f 346/318/1 340/317/1 347/325/1
f 382/330/1 381/331/1 380/332/1
f 383/333/1 382/330/1 380/332/1
f 384/334/1 383/333/1 380/332/1
f 380/332/1 379/335/1 384/334/1
f 385/336/1 384/334/1 379/335/1
f 386/337/1 385/336/1 379/335/1
f 379/335/1 378/338/1 386/337/1
f 387/339/1 386/337/1 378/338/1
f 377/340/1 376/341/1 395/342/1
f 341/319/1 346/318/1 342/343/1
f 343/344/1 342/343/1 346/318/1
f 344/345/1 343/344/1 346/318/1
f 345/346/1 344/345/1 346/318/1
f 394/311/1 388/310/1 387/339/1
f 387/339/1 378/338/1 394/311/1
f 378/338/1 377/340/1 394/311/1
f 377/340/1 395/342/1 394/311/1
f 140/347/1 118/348/1 141/349/1
f 143/350/1 141/349/1 118/348/1
f 350/351/1 329/352/1 328/353/1
f 351/354/1 350/351/1 328/353/1
f 328/353/1 327/355/1 351/354/1
f 327/355/1 352/356/1 351/354/1
f 114/357/1 117/358/1 115/359/1
f 116/360/1 115/359/1 117/358/1
f 364/361/1 363/362/1 238/363/1
f 138/364/1 120/365/1 139/366/1
f 120/365/1 119/367/1 139/366/1
f 140/347/1 139/366/1 119/367/1
f 118/348/1 140/347/1 119/367/1
f 352/356/1 327/355/1 326/368/1
f 353/369/1 352/356/1 326/368/1
f 326/368/1 325/370/1 353/369/1
f 325/370/1 354/371/1 353/369/1
f 364/361/1 238/363/1 365/372/1
f 238/363/1 237/373/1 365/372/1
f 366/374/1 365/372/1 237/373/1
f 237/373/1 236/375/1 366/374/1
f 367/376/1 366/374/1 236/375/1
f 236/375/1 235/377/1 367/376/1
f 368/378/1 367/376/1 235/377/1
f 235/377/1 234/379/1 368/378/1
f 369/380/1 368/378/1 234/379/1
f 234/379/1 233/381/1 369/380/1
f 233/381/1 258/382/1 369/380/1
f 398/383/1 369/380/1 258/382/1
f 399/384/1 398/383/1 258/382/1
f 258/382/1 257/385/1 399/384/1
f 400/386/1 399/384/1 257/385/1
f 401/387/1 400/386/1 257/385/1
f 257/385/1 270/388/1 401/387/1
f 402/389/1 401/387/1 270/388/1
f 270/388/1 269/390/1 402/389/1
f 141/349/1 143/350/1 142/391/1
f 348/326/1 331/324/1 330/392/1
f 349/393/1 348/326/1 330/392/1
f 330/392/1 329/352/1 349/393/1
f 329/352/1 350/351/1 349/393/1
f 395/342/1 376/341/1 375/394/1
f 375/394/1 374/395/1 395/342/1
f 396/396/1 395/342/1 374/395/1
f 374/395/1 373/397/1 396/396/1
f 373/397/1 372/398/1 396/396/1
f 372/398/1 371/399/1 396/396/1
f 397/400/1 396/396/1 371/399/1
f 371/399/1 370/401/1 397/400/1
f 370/401/1 369/380/1 397/400/1
f 369/380/1 398/383/1 397/400/1
f 136/402/1 122/403/1 137/404/1
f 121/405/1 137/404/1 122/403/1
f 110/406/1 109/407/1 97/408/1
f 97/408/1 96/409/1 110/406/1
f 134/410/1 124/411/1 135/412/1
f 123/413/1 135/412/1 124/411/1
f 107/414/1 99/415/1 108/416/1
f 99/415/1 98/417/1 108/416/1
f 109/407/1 108/416/1 98/417/1
f 97/408/1 109/407/1 98/417/1
f 320/418/1 319/419/1 286/420/1
f 286/420/1 285/421/1 320/418/1
f 321/422/1 320/418/1 285/421/1
f 244/423/1 321/422/1 285/421/1
f 245/424/1 244/423/1 285/421/1
f 285/421/1 284/425/1 245/424/1
f 246/426/1 245/424/1 284/425/1
f 135/412/1 123/413/1 136/402/1
f 122/403/1 136/402/1 123/413/1
f 110/406/1 96/409/1 111/427/1
f 96/409/1 95/428/1 111/427/1
f 112/429/1 111/427/1 95/428/1
f 94/430/1 112/429/1 95/428/1
f 357/431/1 322/432/1 321/422/1
f 321/422/1 244/423/1 357/431/1
f 358/433/1 357/431/1 244/423/1
f 243/434/1 358/433/1 244/423/1
f 131/435/1 127/436/1 132/437/1
f 126/438/1 132/437/1 127/436/1
f 132/437/1 126/438/1 133/439/1
f 125/440/1 133/439/1 126/438/1
f 103/441/1 102/442/1 104/443/1
f 316/444/1 315/445/1 290/446/1
f 290/446/1 289/447/1 316/444/1
f 280/448/1 279/449/1 252/450/1
f 253/451/1 252/450/1 279/449/1
f 279/449/1 278/452/1 253/451/1
f 254/453/1 253/451/1 278/452/1
f 129/454/1 128/455/1 130/456/1
f 274/457/1 273/458/1 272/459/1
f 305/460/1 304/461/1 295/462/1
f 301/463/1 296/464/1 302/465/1
f 296/464/1 301/463/1 300/466/1
f 300/466/1 299/467/1 296/464/1
f 299/467/1 298/468/1 296/464/1
f 298/468/1 297/469/1 296/464/1
f 295/462/1 304/461/1 303/470/1
f 303/470/1 302/465/1 295/462/1
f 302/465/1 296/464/1 295/462/1
f 309/471/1 308/472/1 310/473/1
f 308/472/1 307/474/1 310/473/1
f 307/474/1 306/475/1 310/473/1
f 306/475/1 305/460/1 310/473/1
f 305/460/1 295/462/1 310/473/1
f 311/476/1 310/473/1 295/462/1
f 295/462/1 294/477/1 311/476/1
f 312/478/1 311/476/1 294/477/1
f 293/479/1 312/478/1 294/477/1
f 130/456/1 128/455/1 131/435/1
f 127/436/1 131/435/1 128/455/1
f 312/478/1 293/479/1 313/480/1
f 293/479/1 292/481/1 313/480/1
f 314/482/1 313/480/1 292/481/1
f 292/481/1 291/483/1 314/482/1
f 315/445/1 314/482/1 291/483/1
f 290/446/1 315/445/1 291/483/1
f 254/453/1 278/452/1 277/484/1
f 255/485/1 254/453/1 277/484/1
f 256/486/1 255/485/1 277/484/1
f 277/484/1 276/487/1 256/486/1
f 276/487/1 275/488/1 256/486/1
f 271/489/1 256/486/1 275/488/1
f 275/488/1 274/457/1 271/489/1
f 274/457/1 272/459/1 271/489/1
f 133/439/1 125/440/1 134/410/1
f 124/411/1 134/410/1 125/440/1
f 104/443/1 102/442/1 105/490/1
f 102/442/1 101/491/1 105/490/1
f 106/492/1 105/490/1 101/491/1
f 101/491/1 100/493/1 106/492/1
f 107/414/1 106/492/1 100/493/1
f 99/415/1 107/414/1 100/493/1
f 316/444/1 289/447/1 317/494/1
f 289/447/1 288/495/1 317/494/1
f 318/496/1 317/494/1 288/495/1
f 288/495/1 287/497/1 318/496/1
f 319/419/1 318/496/1 287/497/1
f 286/420/1 319/419/1 287/497/1
f 246/426/1 284/425/1 283/498/1
f 247/499/1 246/426/1 283/498/1
f 283/498/1 282/500/1 247/499/1
f 248/501/1 247/499/1 282/500/1
f 249/502/1 248/501/1 282/500/1
f 282/500/1 281/503/1 249/502/1
f 250/504/1 249/502/1 281/503/1
f 281/503/1 280/448/1 250/504/1
f 251/505/1 250/504/1 280/448/1
f 280/448/1 252/450/1 251/505/1
f 137/404/1 121/405/1 138/364/1
f 120/365/1 138/364/1 121/405/1
f 112/429/1 94/430/1 113/506/1
f 94/430/1 93/507/1 113/506/1
f 93/507/1 92/67/1 113/506/1
f 114/357/1 113/506/1 92/67/1
f 117/358/1 114/357/1 92/67/1
f 354/371/1 325/370/1 324/508/1
f 355/509/1 354/371/1 324/508/1
f 324/508/1 323/510/1 355/509/1
f 356/511/1 355/509/1 323/510/1
f 323/510/1 322/432/1 356/511/1
f 322/432/1 357/431/1 356/511/1
f 358/433/1 243/434/1 359/512/1
f 243/434/1 242/513/1 359/512/1
f 360/514/1 359/512/1 242/513/1
f 242/513/1 241/515/1 360/514/1
f 361/516/1 360/514/1 241/515/1
f 241/515/1 240/517/1 361/516/1
f 362/518/1 361/516/1 240/517/1
f 240/517/1 239/519/1 362/518/1
f 363/362/1 362/518/1 239/519/1
f 238/363/1 363/362/1 239/519/1
f 402/389/1 269/390/1 268/520/1
f 403/521/1 402/389/1 268/520/1
f 268/520/1 267/522/1 403/521/1
f 267/522/1 266/523/1 403/521/1
f 266/523/1 265/524/1 403/521/1
f 404/525/1 403/521/1 265/524/1
f 265/524/1 264/526/1 404/525/1
f 264/526/1 263/527/1 404/525/1
f 263/527/1 262/528/1 404/525/1
f 405/529/1 404/525/1 262/528/1
f 262/528/1 261/530/1 405/529/1
f 261/530/1 260/531/1 405/529/1
f 260/531/1 259/532/1 405/529/1
f 259/532/1 406/533/1 405/529/1
f 220/534/1 219/535/1 218/536/1
f 218/536/1 217/537/1 220/534/1
f 221/538/1 220/534/1 217/537/1
f 217/537/1 216/539/1 221/538/1
f 222/540/1 221/538/1 216/539/1
f 216/539/1 215/541/1 222/540/1
f 223/542/1 222/540/1 215/541/1
f 215/541/1 214/543/1 223/542/1
f 224/544/1 223/542/1 214/543/1
f 214/543/1 213/545/1 224/544/1
f 225/546/1 224/544/1 213/545/1
f 213/545/1 212/547/1 225/546/1
f 226/548/1 225/546/1 212/547/1
f 212/547/1 211/549/1 226/548/1
f 211/549/1 210/550/1 226/548/1
f 227/247/1 226/548/1 210/550/1
f 209/248/1 227/247/1 210/550/1
f 547/551/1 546/552/1 543/553/1
f 543/553/1 542/554/1 547/551/1
f 548/555/1 547/551/1 542/554/1
f 549/556/1 548/555/1 542/554/1
f 550/557/1 549/556/1 542/554/1
f 542/554/1 541/558/1 550/557/1
f 551/559/1 550/557/1 541/558/1
f 552/560/1 551/559/1 541/558/1
f 553/561/1 552/560/1 541/558/1
f 541/558/1 540/562/1 553/561/1
f 554/563/1 553/561/1 540/562/1
f 555/564/1 554/563/1 540/562/1
f 556/276/1 555/564/1 540/562/1
f 540/562/1 539/565/1 556/276/1
f 539/565/1 538/566/1 556/276/1
f 518/277/1 556/276/1 538/566/1
f 538/566/1 537/567/1 518/277/1
f 537/567/1 536/568/1 518/277/1
f 519/255/1 518/277/1 536/568/1
f 535/256/1 519/255/1 536/568/1
f 500/275/1 507/273/1 506/569/1
f 501/570/1 500/275/1 506/569/1
f 502/571/1 501/570/1 506/569/1
f 506/569/1 505/572/1 502/571/1
f 503/573/1 502/571/1 505/572/1
f 504/574/1 503/573/1 505/572/1
f 231/575/1 230/252/1 232/253/1
f 270/388/1 257/385/1 256/486/1
f 256/486/1 271/489/1 270/388/1
f 430/235/1 492/237/1 491/141/1
f 558/291/1 557/278/1 518/277/1
f 518/277/1 517/144/1 558/291/1
f 545/576/1 544/577/1 543/553/1
f 546/552/1 545/576/1 543/553/1
f 628/1/2 632/3/2 627/2/2
f 628/1/2 629/4/2 632/3/2
f 630/5/2 632/3/2 629/4/2
f 631/6/2 632/3/2 630/5/2
f 635/7/2 636/9/2 617/8/2
f 634/10/2 617/8/2 618/11/2
f 617/8/2 634/10/2 635/7/2
f 620/12/2 618/11/2 619/13/2
f 621/14/2 618/11/2 620/12/2
f 622/15/2 618/11/2 621/14/2
f 623/16/2 618/11/2 622/15/2
f 618/11/2 623/16/2 634/10/2
f 623/16/2 624/17/2 634/10/2
f 634/10/2 624/17/2 633/18/2
f 625/19/2 633/18/2 624/17/2
f 626/20/2 633/18/2 625/19/2
f 627/2/2 633/18/2 626/20/2
f 632/3/2 633/18/2 627/2/2
f 638/21/2 614/23/2 615/22/2
f 637/24/2 615/22/2 616/25/2
f 615/22/2 637/24/2 638/21/2
f 640/26/2 613/28/2 639/27/2
f 641/29/2 642/31/2 612/30/2
f 612/30/2 613/28/2 641/29/2
f 640/26/2 641/29/2 613/28/2
f 613/28/2 614/23/2 639/27/2
f 638/21/2 639/27/2 614/23/2
f 644/32/2 611/34/2 643/33/2
f 644/32/2 610/35/2 611/34/2
f 645/36/2 610/35/2 644/32/2
f 646/37/2 610/35/2 645/36/2
f 642/31/2 611/34/2 612/30/2
f 611/34/2 642/31/2 643/33/2
f 636/9/2 616/25/2 617/8/2
f 616/25/2 636/9/2 637/24/2
f 597/38/2 653/40/2 596/39/2
f 654/41/2 596/39/2 653/40/2
f 596/39/2 654/41/2 595/42/2
f 655/43/2 595/42/2 654/41/2
f 595/42/2 655/43/2 594/44/2
f 656/45/2 594/44/2 655/43/2
f 657/46/2 594/44/2 656/45/2
f 658/47/2 594/44/2 657/46/2
f 660/48/2 592/50/2 593/49/2
f 592/50/2 660/48/2 661/51/2
f 590/52/2 663/54/2 589/53/2
f 664/55/2 589/53/2 663/54/2
f 661/51/2 591/56/2 592/50/2
f 662/57/2 591/56/2 661/51/2
f 591/56/2 662/57/2 590/52/2
f 590/52/2 662/57/2 663/54/2
f 666/58/2 587/60/2 588/59/2
f 667/61/2 587/60/2 666/58/2
f 587/60/2 667/61/2 586/62/2
f 586/62/2 667/61/2 668/63/2
f 584/64/2 671/66/2 583/65/2
f 581/67/2 583/65/2 671/66/2
f 583/65/2 581/67/2 582/68/2
f 668/63/2 585/69/2 586/62/2
f 585/69/2 668/63/2 584/64/2
f 584/64/2 668/63/2 671/66/2
f 664/55/2 588/59/2 589/53/2
f 665/70/2 588/59/2 664/55/2
f 588/59/2 665/70/2 666/58/2
f 658/47/2 593/49/2 594/44/2
f 659/71/2 593/49/2 658/47/2
f 593/49/2 659/71/2 660/48/2
f 646/37/2 609/72/2 610/35/2
f 647/73/2 609/72/2 646/37/2
f 609/72/2 647/73/2 608/74/2
f 648/75/2 608/74/2 647/73/2
f 608/74/2 648/75/2 607/76/2
f 649/77/2 607/76/2 648/75/2
f 607/76/2 649/77/2 606/78/2
f 606/78/2 649/77/2 605/79/2
f 650/80/2 605/79/2 649/77/2
f 605/79/2 650/80/2 604/81/2
f 604/81/2 650/80/2 603/82/2
f 603/82/2 650/80/2 602/83/2
f 602/83/2 650/80/2 601/84/2
f 651/85/2 601/84/2 650/80/2
f 601/84/2 651/85/2 600/86/2
f 600/86/2 651/85/2 599/87/2
f 599/87/2 651/85/2 598/88/2
f 652/89/2 598/88/2 651/85/2
f 598/88/2 652/89/2 597/38/2
f 597/38/2 652/89/2 653/40/2
f 670/90/2 668/63/2 669/91/2
f 668/63/2 670/90/2 671/66/2
f 772/92/2 773/94/2 774/93/2
f 1034/95/2 1035/97/2 1033/96/2
f 774/93/2 771/98/2 772/92/2
f 1033/96/2 1036/100/2 1032/99/2
f 1035/97/2 1036/100/2 1033/96/2
f 774/93/2 770/101/2 771/98/2
f 1157/102/2 1158/104/2 988/103/2
f 988/103/2 1158/104/2 987/105/2
f 1159/106/2 987/105/2 1158/104/2
f 1160/66/2 987/105/2 1159/106/2
f 1031/107/2 1038/109/2 1030/108/2
f 1038/109/2 1031/107/2 1037/110/2
f 1032/99/2 1037/110/2 1031/107/2
f 1036/100/2 1037/110/2 1032/99/2
f 1022/111/2 1023/113/2 1021/112/2
f 1149/114/2 1147/116/2 1148/115/2
f 1149/114/2 1150/117/2 1147/116/2
f 1023/113/2 1020/118/2 1021/112/2
f 1024/119/2 1020/118/2 1023/113/2
f 1020/118/2 1024/119/2 1019/120/2
f 774/93/2 769/121/2 770/101/2
f 769/121/2 774/93/2 768/122/2
f 775/123/2 768/122/2 774/93/2
f 768/122/2 775/123/2 767/124/2
f 991/125/2 1155/127/2 990/126/2
f 1156/128/2 990/126/2 1155/127/2
f 990/126/2 1156/128/2 989/129/2
f 1157/102/2 989/129/2 1156/128/2
f 988/103/2 989/129/2 1157/102/2
f 1024/119/2 1025/130/2 1019/120/2
f 1026/131/2 1019/120/2 1025/130/2
f 1030/108/2 1039/133/2 1029/132/2
f 1038/109/2 1039/133/2 1030/108/2
f 762/134/2 760/136/2 761/135/2
f 762/134/2 763/137/2 760/136/2
f 764/138/2 760/136/2 763/137/2
f 765/139/2 760/136/2 764/138/2
f 1013/140/2 1014/142/2 1071/141/2
f 1141/143/2 1142/145/2 1097/144/2
f 1071/141/2 1012/146/2 1013/140/2
f 751/147/2 783/149/2 750/148/2
f 784/150/2 750/148/2 783/149/2
f 750/148/2 784/150/2 786/151/2
f 785/152/2 786/151/2 784/150/2
f 1142/145/2 993/153/2 1097/144/2
f 994/154/2 1097/144/2 993/153/2
f 995/155/2 1097/144/2 994/154/2
f 996/156/2 1097/144/2 995/155/2
f 997/157/2 1097/144/2 996/156/2
f 1097/144/2 997/157/2 998/158/2
f 1014/142/2 1015/159/2 1071/141/2
f 1044/160/2 1071/141/2 1043/161/2
f 1045/162/2 1071/141/2 1044/160/2
f 1046/163/2 1071/141/2 1045/162/2
f 1071/141/2 1046/163/2 1070/164/2
f 1047/165/2 1070/164/2 1046/163/2
f 1048/166/2 1070/164/2 1047/165/2
f 1070/164/2 1048/166/2 1069/167/2
f 1069/167/2 1048/166/2 1049/168/2
f 765/139/2 766/169/2 760/136/2
f 760/136/2 766/169/2 759/170/2
f 767/124/2 759/170/2 766/169/2
f 775/123/2 759/170/2 767/124/2
f 759/170/2 775/123/2 758/171/2
f 776/172/2 758/171/2 775/123/2
f 758/171/2 776/172/2 757/173/2
f 777/174/2 757/173/2 776/172/2
f 757/173/2 777/174/2 756/175/2
f 778/176/2 756/175/2 777/174/2
f 756/175/2 778/176/2 755/177/2
f 779/178/2 755/177/2 778/176/2
f 755/177/2 779/178/2 754/179/2
f 780/180/2 754/179/2 779/178/2
f 754/179/2 780/180/2 753/181/2
f 781/182/2 753/181/2 780/180/2
f 753/181/2 781/182/2 752/183/2
f 782/184/2 752/183/2 781/182/2
f 752/183/2 782/184/2 751/147/2
f 751/147/2 782/184/2 783/149/2
f 1150/117/2 1146/185/2 1147/116/2
f 1151/186/2 1146/185/2 1150/117/2
f 1146/185/2 1151/186/2 1145/187/2
f 1152/188/2 1145/187/2 1151/186/2
f 1153/189/2 1145/187/2 1152/188/2
f 1145/187/2 1153/189/2 1144/190/2
f 1154/191/2 1144/190/2 1153/189/2
f 1144/190/2 1154/191/2 1143/192/2
f 1155/127/2 1143/192/2 1154/191/2
f 991/125/2 1143/192/2 1155/127/2
f 992/193/2 1143/192/2 991/125/2
f 1143/192/2 992/193/2 1142/145/2
f 1142/145/2 992/193/2 993/153/2
f 1026/131/2 1018/194/2 1019/120/2
f 1027/195/2 1018/194/2 1026/131/2
f 1018/194/2 1027/195/2 1017/196/2
f 1028/197/2 1017/196/2 1027/195/2
f 1017/196/2 1028/197/2 1016/198/2
f 1029/132/2 1016/198/2 1028/197/2
f 1039/133/2 1016/198/2 1029/132/2
f 1040/199/2 1016/198/2 1039/133/2
f 1016/198/2 1040/199/2 1015/159/2
f 1015/159/2 1040/199/2 1071/141/2
f 1041/200/2 1071/141/2 1040/199/2
f 1042/201/2 1071/141/2 1041/200/2
f 1071/141/2 1042/201/2 1043/161/2
f 1007/202/2 1094/204/2 1006/203/2
f 736/205/2 737/207/2 735/206/2
f 735/206/2 737/207/2 734/208/2
f 738/209/2 734/208/2 737/207/2
f 734/208/2 738/209/2 733/210/2
f 739/211/2 733/210/2 738/209/2
f 733/210/2 739/211/2 732/212/2
f 740/213/2 732/212/2 739/211/2
f 732/212/2 740/213/2 731/214/2
f 741/215/2 731/214/2 740/213/2
f 731/214/2 741/215/2 730/216/2
f 742/217/2 730/216/2 741/215/2
f 730/216/2 742/217/2 729/218/2
f 743/219/2 729/218/2 742/217/2
f 729/218/2 743/219/2 728/220/2
f 744/221/2 728/220/2 743/219/2
f 728/220/2 744/221/2 727/222/2
f 745/223/2 727/222/2 744/221/2
f 727/222/2 745/223/2 726/224/2
f 746/225/2 726/224/2 745/223/2
f 726/224/2 746/225/2 725/226/2
f 747/227/2 725/226/2 746/225/2
f 725/226/2 747/227/2 724/228/2
f 748/229/2 724/228/2 747/227/2
f 724/228/2 748/229/2 749/230/2
f 1007/202/2 1093/231/2 1094/204/2
f 1008/232/2 1093/231/2 1007/202/2
f 1009/233/2 1093/231/2 1008/232/2
f 1093/231/2 1009/233/2 1092/234/2
f 1010/235/2 1092/234/2 1009/233/2
f 1092/234/2 1010/235/2 1091/236/2
f 1091/236/2 1010/235/2 1072/237/2
f 1064/238/2 1054/240/2 1063/239/2
f 1055/241/2 1063/239/2 1054/240/2
f 1063/239/2 1055/241/2 1062/242/2
f 1056/243/2 1062/242/2 1055/241/2
f 1062/242/2 1056/243/2 1061/244/2
f 1057/245/2 1061/244/2 1056/243/2
f 808/246/2 789/248/2 807/247/2
f 789/248/2 808/246/2 788/249/2
f 809/250/2 788/249/2 808/246/2
f 788/249/2 809/250/2 787/251/2
f 810/252/2 787/251/2 809/250/2
f 787/251/2 810/252/2 812/253/2
f 1100/254/2 1115/256/2 1099/255/2
f 1101/257/2 1115/256/2 1100/254/2
f 1102/258/2 1115/256/2 1101/257/2
f 1115/256/2 1102/258/2 1114/259/2
f 1103/260/2 1114/259/2 1102/258/2
f 1104/261/2 1114/259/2 1103/260/2
f 1114/259/2 1104/261/2 1113/262/2
f 1105/263/2 1113/262/2 1104/261/2
f 1106/264/2 1113/262/2 1105/263/2
f 1113/262/2 1106/264/2 1112/265/2
f 1107/266/2 1112/265/2 1106/264/2
f 1108/267/2 1112/265/2 1107/266/2
f 1112/265/2 1108/267/2 1111/268/2
f 1109/269/2 1111/268/2 1108/267/2
f 1078/270/2 1088/272/2 1077/271/2
f 1088/272/2 1078/270/2 1087/273/2
f 1079/274/2 1087/273/2 1078/270/2
f 1080/275/2 1087/273/2 1079/274/2
f 1136/276/2 1137/278/2 1098/277/2
f 1109/269/2 1110/279/2 1111/268/2
f 1072/237/2 1090/280/2 1091/236/2
f 1090/280/2 1072/237/2 1089/281/2
f 1073/282/2 1089/281/2 1072/237/2
f 1074/283/2 1089/281/2 1073/282/2
f 1075/284/2 1089/281/2 1074/283/2
f 1089/281/2 1075/284/2 1088/272/2
f 1076/285/2 1088/272/2 1075/284/2
f 1088/272/2 1076/285/2 1077/271/2
f 1057/245/2 1060/286/2 1061/244/2
f 1058/287/2 1060/286/2 1057/245/2
f 1060/286/2 1058/287/2 1059/288/2
f 1097/144/2 1140/289/2 1141/143/2
f 1140/289/2 1097/144/2 1139/290/2
f 1139/290/2 1097/144/2 1138/291/2
f 998/158/2 1096/292/2 1097/144/2
f 999/293/2 1096/292/2 998/158/2
f 1000/294/2 1096/292/2 999/293/2
f 1001/295/2 1096/292/2 1000/294/2
f 1002/296/2 1096/292/2 1001/295/2
f 1096/292/2 1002/296/2 1095/297/2
f 1003/298/2 1095/297/2 1002/296/2
f 1004/299/2 1095/297/2 1003/298/2
f 1005/300/2 1095/297/2 1004/299/2
f 1095/297/2 1005/300/2 1094/204/2
f 1094/204/2 1005/300/2 1006/203/2
f 1071/141/2 1011/301/2 1012/146/2
f 1011/301/2 1071/141/2 1010/235/2
f 1049/168/2 1068/302/2 1069/167/2
f 1050/303/2 1068/302/2 1049/168/2
f 1068/302/2 1050/303/2 1067/304/2
f 1051/305/2 1067/304/2 1050/303/2
f 1067/304/2 1051/305/2 1066/306/2
f 1052/307/2 1066/306/2 1051/305/2
f 1066/306/2 1052/307/2 1065/308/2
f 1053/309/2 1065/308/2 1052/307/2
f 1065/308/2 1053/309/2 1064/238/2
f 1064/238/2 1053/309/2 1054/240/2
f 968/310/2 969/312/2 974/311/2
f 969/312/2 970/313/2 974/311/2
f 971/314/2 974/311/2 970/313/2
f 971/314/2 972/315/2 974/311/2
f 973/316/2 974/311/2 972/315/2
f 920/317/2 921/319/2 926/318/2
f 914/320/2 912/322/2 913/321/2
f 915/323/2 912/322/2 914/320/2
f 912/322/2 927/325/2 911/324/2
f 911/324/2 927/325/2 928/326/2
f 915/323/2 916/20/2 912/322/2
f 917/327/2 912/322/2 916/20/2
f 918/328/2 912/322/2 917/327/2
f 912/322/2 918/328/2 927/325/2
f 919/329/2 927/325/2 918/328/2
f 920/317/2 927/325/2 919/329/2
f 926/318/2 927/325/2 920/317/2
f 962/330/2 960/332/2 961/331/2
f 963/333/2 960/332/2 962/330/2
f 964/334/2 960/332/2 963/333/2
f 960/332/2 964/334/2 959/335/2
f 965/336/2 959/335/2 964/334/2
f 966/337/2 959/335/2 965/336/2
f 959/335/2 966/337/2 958/338/2
f 967/339/2 958/338/2 966/337/2
f 957/340/2 975/342/2 956/341/2
f 921/319/2 922/343/2 926/318/2
f 923/344/2 926/318/2 922/343/2
f 924/345/2 926/318/2 923/344/2
f 925/346/2 926/318/2 924/345/2
f 974/311/2 967/339/2 968/310/2
f 967/339/2 974/311/2 958/338/2
f 958/338/2 974/311/2 957/340/2
f 957/340/2 974/311/2 975/342/2
f 720/347/2 721/349/2 698/348/2
f 723/350/2 698/348/2 721/349/2
f 930/351/2 908/353/2 909/352/2
f 931/354/2 908/353/2 930/351/2
f 908/353/2 931/354/2 907/355/2
f 907/355/2 931/354/2 932/356/2
f 694/357/2 695/359/2 697/358/2
f 696/360/2 697/358/2 695/359/2
f 944/361/2 818/363/2 943/362/2
f 718/364/2 719/366/2 700/365/2
f 700/365/2 719/366/2 699/367/2
f 720/347/2 699/367/2 719/366/2
f 698/348/2 699/367/2 720/347/2
f 932/356/2 906/368/2 907/355/2
f 933/369/2 906/368/2 932/356/2
f 906/368/2 933/369/2 905/370/2
f 905/370/2 933/369/2 934/371/2
f 944/361/2 945/372/2 818/363/2
f 818/363/2 945/372/2 817/373/2
f 946/374/2 817/373/2 945/372/2
f 817/373/2 946/374/2 816/375/2
f 947/376/2 816/375/2 946/374/2
f 816/375/2 947/376/2 815/377/2
f 948/378/2 815/377/2 947/376/2
f 815/377/2 948/378/2 814/379/2
f 949/380/2 814/379/2 948/378/2
f 814/379/2 949/380/2 813/381/2
f 813/381/2 949/380/2 838/382/2
f 978/383/2 838/382/2 949/380/2
f 979/384/2 838/382/2 978/383/2
f 838/382/2 979/384/2 837/385/2
f 980/386/2 837/385/2 979/384/2
f 981/387/2 837/385/2 980/386/2
f 837/385/2 981/387/2 850/388/2
f 982/389/2 850/388/2 981/387/2
f 850/388/2 982/389/2 849/390/2
f 721/349/2 722/391/2 723/350/2
f 928/326/2 910/392/2 911/324/2
f 929/393/2 910/392/2 928/326/2
f 910/392/2 929/393/2 909/352/2
f 909/352/2 929/393/2 930/351/2
f 975/342/2 955/394/2 956/341/2
f 955/394/2 975/342/2 954/395/2
f 976/396/2 954/395/2 975/342/2
f 954/395/2 976/396/2 953/397/2
f 953/397/2 976/396/2 952/398/2
f 952/398/2 976/396/2 951/399/2
f 977/400/2 951/399/2 976/396/2
f 951/399/2 977/400/2 950/401/2
f 950/401/2 977/400/2 949/380/2
f 949/380/2 977/400/2 978/383/2
f 716/402/2 717/404/2 702/403/2
f 701/405/2 702/403/2 717/404/2
f 690/406/2 677/408/2 689/407/2
f 677/408/2 690/406/2 676/409/2
f 714/410/2 715/412/2 704/411/2
f 703/413/2 704/411/2 715/412/2
f 687/414/2 688/416/2 679/415/2
f 679/415/2 688/416/2 678/417/2
f 689/407/2 678/417/2 688/416/2
f 677/408/2 678/417/2 689/407/2
f 900/418/2 866/420/2 899/419/2
f 866/420/2 900/418/2 865/421/2
f 901/422/2 865/421/2 900/418/2
f 824/423/2 865/421/2 901/422/2
f 825/424/2 865/421/2 824/423/2
f 865/421/2 825/424/2 864/425/2
f 826/426/2 864/425/2 825/424/2
f 715/412/2 716/402/2 703/413/2
f 702/403/2 703/413/2 716/402/2
f 690/406/2 691/427/2 676/409/2
f 676/409/2 691/427/2 675/428/2
f 692/429/2 675/428/2 691/427/2
f 674/430/2 675/428/2 692/429/2
f 937/431/2 901/422/2 902/432/2
f 901/422/2 937/431/2 824/423/2
f 938/433/2 824/423/2 937/431/2
f 823/434/2 824/423/2 938/433/2
f 711/435/2 712/437/2 707/436/2
f 706/438/2 707/436/2 712/437/2
f 712/437/2 713/439/2 706/438/2
f 705/440/2 706/438/2 713/439/2
f 683/441/2 684/443/2 682/442/2
f 896/444/2 870/446/2 895/445/2
f 870/446/2 896/444/2 869/447/2
f 860/448/2 832/450/2 859/449/2
f 833/451/2 859/449/2 832/450/2
f 859/449/2 833/451/2 858/452/2
f 834/453/2 858/452/2 833/451/2
f 709/454/2 710/456/2 708/455/2
f 854/457/2 852/459/2 853/458/2
f 885/460/2 875/462/2 884/461/2
f 881/463/2 882/465/2 876/464/2
f 876/464/2 880/466/2 881/463/2
f 880/466/2 876/464/2 879/467/2
f 879/467/2 876/464/2 878/468/2
f 878/468/2 876/464/2 877/469/2
f 875/462/2 883/470/2 884/461/2
f 883/470/2 875/462/2 882/465/2
f 882/465/2 875/462/2 876/464/2
f 889/471/2 890/473/2 888/472/2
f 888/472/2 890/473/2 887/474/2
f 887/474/2 890/473/2 886/475/2
f 886/475/2 890/473/2 885/460/2
f 885/460/2 890/473/2 875/462/2
f 891/476/2 875/462/2 890/473/2
f 875/462/2 891/476/2 874/477/2
f 892/478/2 874/477/2 891/476/2
f 873/479/2 874/477/2 892/478/2
f 710/456/2 711/435/2 708/455/2
f 707/436/2 708/455/2 711/435/2
f 892/478/2 893/480/2 873/479/2
f 873/479/2 893/480/2 872/481/2
f 894/482/2 872/481/2 893/480/2
f 872/481/2 894/482/2 871/483/2
f 895/445/2 871/483/2 894/482/2
f 870/446/2 871/483/2 895/445/2
f 834/453/2 857/484/2 858/452/2
f 835/485/2 857/484/2 834/453/2
f 836/486/2 857/484/2 835/485/2
f 857/484/2 836/486/2 856/487/2
f 856/487/2 836/486/2 855/488/2
f 851/489/2 855/488/2 836/486/2
f 855/488/2 851/489/2 854/457/2
f 854/457/2 851/489/2 852/459/2
f 713/439/2 714/410/2 705/440/2
f 704/411/2 705/440/2 714/410/2
f 684/443/2 685/490/2 682/442/2
f 682/442/2 685/490/2 681/491/2
f 686/492/2 681/491/2 685/490/2
f 681/491/2 686/492/2 680/493/2
f 687/414/2 680/493/2 686/492/2
f 679/415/2 680/493/2 687/414/2
f 896/444/2 897/494/2 869/447/2
f 869/447/2 897/494/2 868/495/2
f 898/496/2 868/495/2 897/494/2
f 868/495/2 898/496/2 867/497/2
f 899/419/2 867/497/2 898/496/2
f 866/420/2 867/497/2 899/419/2
f 826/426/2 863/498/2 864/425/2
f 827/499/2 863/498/2 826/426/2
f 863/498/2 827/499/2 862/500/2
f 828/501/2 862/500/2 827/499/2
f 829/502/2 862/500/2 828/501/2
f 862/500/2 829/502/2 861/503/2
f 830/504/2 861/503/2 829/502/2
f 861/503/2 830/504/2 860/448/2
f 831/505/2 860/448/2 830/504/2
f 860/448/2 831/505/2 832/450/2
f 717/404/2 718/364/2 701/405/2
f 700/365/2 701/405/2 718/364/2
f 692/429/2 693/506/2 674/430/2
f 674/430/2 693/506/2 673/507/2
f 673/507/2 693/506/2 672/67/2
f 694/357/2 672/67/2 693/506/2
f 697/358/2 672/67/2 694/357/2
f 934/371/2 904/508/2 905/370/2
f 935/509/2 904/508/2 934/371/2
f 904/508/2 935/509/2 903/510/2
f 936/511/2 903/510/2 935/509/2
f 903/510/2 936/511/2 902/432/2
f 902/432/2 936/511/2 937/431/2
f 938/433/2 939/512/2 823/434/2
f 823/434/2 939/512/2 822/513/2
f 940/514/2 822/513/2 939/512/2
f 822/513/2 940/514/2 821/515/2
f 941/516/2 821/515/2 940/514/2
f 821/515/2 941/516/2 820/517/2
f 942/518/2 820/517/2 941/516/2
f 820/517/2 942/518/2 819/519/2
f 943/362/2 819/519/2 942/518/2
f 818/363/2 819/519/2 943/362/2
f 982/389/2 848/520/2 849/390/2
f 983/521/2 848/520/2 982/389/2
f 848/520/2 983/521/2 847/522/2
f 847/522/2 983/521/2 846/523/2
f 846/523/2 983/521/2 845/524/2
f 984/525/2 845/524/2 983/521/2
f 845/524/2 984/525/2 844/526/2
f 844/526/2 984/525/2 843/527/2
f 843/527/2 984/525/2 842/528/2
f 985/529/2 842/528/2 984/525/2
f 842/528/2 985/529/2 841/530/2
f 841/530/2 985/529/2 840/531/2
f 840/531/2 985/529/2 839/532/2
f 839/532/2 985/529/2 986/533/2
f 800/534/2 798/536/2 799/535/2
f 798/536/2 800/534/2 797/537/2
f 801/538/2 797/537/2 800/534/2
f 797/537/2 801/538/2 796/539/2
f 802/540/2 796/539/2 801/538/2
f 796/539/2 802/540/2 795/541/2
f 803/542/2 795/541/2 802/540/2
f 795/541/2 803/542/2 794/543/2
f 804/544/2 794/543/2 803/542/2
f 794/543/2 804/544/2 793/545/2
f 805/546/2 793/545/2 804/544/2
f 793/545/2 805/546/2 792/547/2
f 806/548/2 792/547/2 805/546/2
f 792/547/2 806/548/2 791/549/2
f 791/549/2 806/548/2 790/550/2
f 807/247/2 790/550/2 806/548/2
f 789/248/2 790/550/2 807/247/2
f 1127/551/2 1123/553/2 1126/552/2
f 1123/553/2 1127/551/2 1122/554/2
f 1128/555/2 1122/554/2 1127/551/2
f 1129/556/2 1122/554/2 1128/555/2
f 1130/557/2 1122/554/2 1129/556/2
f 1122/554/2 1130/557/2 1121/558/2
f 1131/559/2 1121/558/2 1130/557/2
f 1132/560/2 1121/558/2 1131/559/2
f 1133/561/2 1121/558/2 1132/560/2
f 1121/558/2 1133/561/2 1120/562/2
f 1134/563/2 1120/562/2 1133/561/2
f 1135/564/2 1120/562/2 1134/563/2
f 1136/276/2 1120/562/2 1135/564/2
f 1120/562/2 1136/276/2 1119/565/2
f 1119/565/2 1136/276/2 1118/566/2
f 1098/277/2 1118/566/2 1136/276/2
f 1118/566/2 1098/277/2 1117/567/2
f 1117/567/2 1098/277/2 1116/568/2
f 1099/255/2 1116/568/2 1098/277/2
f 1115/256/2 1116/568/2 1099/255/2
f 1080/275/2 1086/569/2 1087/273/2
f 1081/570/2 1086/569/2 1080/275/2
f 1082/571/2 1086/569/2 1081/570/2
f 1086/569/2 1082/571/2 1085/572/2
f 1083/573/2 1085/572/2 1082/571/2
f 1084/574/2 1085/572/2 1083/573/2
f 811/575/2 812/253/2 810/252/2
f 850/388/2 836/486/2 837/385/2
f 836/486/2 850/388/2 851/489/2
f 1010/235/2 1071/141/2 1072/237/2
f 1138/291/2 1098/277/2 1137/278/2
f 1098/277/2 1138/291/2 1097/144/2
f 1125/576/2 1123/553/2 1124/577/2
f 1126/552/2 1123/553/2 1125/576/2
s 1
f 1164/578/3 1161/67/4 1162/579/4
f 1166/580/5 1163/581/3 1164/578/3
f 1168/582/6 1165/583/5 1166/580/5
f 1170/584/7 1167/585/6 1168/582/6
f 1172/586/8 1169/587/7 1170/584/7
f 1174/588/9 1171/589/8 1172/586/8
f 1176/590/10 1173/591/9 1174/588/9
f 1178/592/11 1175/593/10 1176/590/10
f 1180/594/12 1177/595/11 1178/592/11
f 1182/596/13 1179/597/12 1180/594/12
f 1184/598/14 1181/599/13 1182/596/13
f 1186/600/15 1183/601/14 1184/598/14
f 1188/602/16 1185/603/17 1186/600/15
f 1190/604/18 1187/20/16 1188/602/16
f 1192/605/19 1189/606/18 1190/604/18
f 1194/607/20 1191/608/19 1192/605/19
f 1196/609/21 1193/610/20 1194/607/20
f 1198/611/22 1195/612/21 1196/609/21
f 1200/613/23 1197/614/22 1198/611/22
f 1202/615/24 1199/616/23 1200/613/23
f 1204/617/25 1201/618/24 1202/615/24
f 1206/619/26 1203/620/25 1204/617/25
f 1208/621/27 1205/622/26 1206/619/26
f 1210/623/28 1207/624/27 1208/621/27
f 1212/625/29 1209/626/28 1210/623/28
f 1162/627/4 1211/628/29 1212/625/29
f 1216/578/30 1213/67/31 1214/579/31
f 1218/580/32 1215/581/30 1216/578/30
f 1220/582/33 1217/583/32 1218/580/32
f 1222/584/34 1219/585/33 1220/582/33
f 1224/586/35 1221/587/34 1222/584/34
f 1226/588/36 1223/589/35 1224/586/35
f 1228/590/37 1225/591/36 1226/588/36
f 1230/592/38 1227/593/37 1228/590/37
f 1232/594/39 1229/595/38 1230/592/38
f 1234/596/40 1231/597/39 1232/594/39
f 1236/598/41 1233/599/40 1234/596/40
f 1238/600/42 1235/601/41 1236/598/41
f 1240/602/43 1237/603/42 1238/600/42
f 1242/604/44 1239/20/43 1240/602/43
f 1244/605/45 1241/606/44 1242/604/44
f 1246/607/46 1243/608/45 1244/605/45
f 1248/609/47 1245/610/46 1246/607/46
f 1250/611/48 1247/612/47 1248/609/47
f 1252/613/49 1249/614/48 1250/611/48
f 1254/615/50 1251/616/49 1252/613/49
f 1256/617/51 1253/618/50 1254/615/50
f 1258/619/52 1255/620/51 1256/617/51
f 1260/621/53 1257/622/52 1258/619/52
f 1262/623/54 1259/624/53 1260/621/53
f 1264/625/55 1261/626/54 1262/623/54
f 1214/627/31 1263/628/56 1264/625/55
f 1268/578/57 1265/67/58 1266/579/58
f 1270/580/59 1267/581/57 1268/578/57
f 1272/582/60 1269/583/59 1270/580/59
f 1274/584/61 1271/585/60 1272/582/60
f 1276/586/62 1273/587/61 1274/584/61
f 1278/588/63 1275/589/62 1276/586/62
f 1280/590/64 1277/591/63 1278/588/63
f 1282/592/65 1279/593/64 1280/590/64
f 1284/594/66 1281/595/65 1282/592/65
f 1286/596/67 1283/597/66 1284/594/66
f 1288/598/68 1285/599/67 1286/596/67
f 1290/600/69 1287/601/68 1288/598/68
f 1292/602/70 1289/603/69 1290/600/69
f 1294/604/71 1291/20/70 1292/602/70
f 1296/605/72 1293/606/71 1294/604/71
f 1298/607/73 1295/608/72 1296/605/72
f 1300/609/74 1297/610/73 1298/607/73
f 1302/611/75 1299/612/74 1300/609/74
f 1304/613/76 1301/614/75 1302/611/75
f 1306/615/77 1303/616/76 1304/613/76
f 1308/617/78 1305/618/77 1306/615/77
f 1310/619/79 1307/620/80 1308/617/78
f 1312/621/81 1309/622/79 1310/619/79
f 1314/623/82 1311/624/81 1312/621/81
f 1316/625/83 1313/626/82 1314/623/82
f 1266/627/58 1315/628/83 1316/625/83
f 1320/629/84 1317/67/85 1318/579/85
f 1322/630/86 1319/631/84 1320/629/84
f 1324/632/87 1321/633/86 1322/630/86
f 1326/634/88 1323/635/87 1324/632/87
f 1328/636/89 1325/637/88 1326/634/88
f 1330/638/90 1327/639/89 1328/636/89
f 1332/640/91 1329/641/90 1330/638/90
f 1334/642/92 1331/643/91 1332/640/91
f 1336/644/93 1333/645/92 1334/642/92
f 1338/646/94 1335/647/93 1336/644/93
f 1340/648/95 1337/649/94 1338/646/94
f 1342/650/96 1339/651/95 1340/648/95
f 1344/652/97 1341/653/96 1342/650/96
f 1346/654/98 1343/655/97 1344/652/97
f 1348/656/99 1345/657/98 1346/654/98
f 1350/658/100 1347/659/99 1348/656/99
f 1352/660/101 1349/661/100 1350/658/100
f 1354/662/51 1351/663/101 1352/660/101
f 1356/664/102 1353/665/51 1354/662/51
f 1358/666/103 1355/667/102 1356/664/102
f 1360/668/104 1357/669/103 1358/666/103
f 1362/670/105 1359/671/104 1360/668/104
f 1364/672/106 1361/673/105 1362/670/105
f 1366/674/107 1363/675/106 1364/672/106
f 1368/676/108 1365/677/107 1366/674/107
f 1370/678/109 1367/679/108 1368/676/108
f 1372/680/110 1369/681/109 1370/678/109
f 1374/682/111 1371/683/110 1372/680/110
f 1376/684/112 1373/685/111 1374/682/111
f 1378/686/113 1375/687/112 1376/684/112
f 1380/688/114 1377/689/113 1378/686/113
f 1382/690/115 1379/691/114 1380/688/114
f 1384/692/116 1381/693/115 1382/690/115
f 1386/694/117 1383/695/116 1384/692/116
f 1388/696/118 1385/697/117 1386/694/117
f 1390/698/119 1387/699/120 1388/696/118
f 1318/627/85 1389/700/119 1390/698/119
f 1394/578/121 1391/67/122 1392/579/122
f 1396/580/123 1393/581/121 1394/578/121
f 1398/582/124 1395/583/123 1396/580/123
f 1400/584/125 1397/585/124 1398/582/124
f 1402/586/126 1399/587/125 1400/584/125
f 1404/588/127 1401/589/126 1402/586/126
f 1406/590/128 1403/591/127 1404/588/127
f 1408/592/129 1405/593/128 1406/590/128
f 1410/594/130 1407/595/129 1408/592/129
f 1412/596/131 1409/597/130 1410/594/130
f 1414/598/132 1411/599/131 1412/596/131
f 1416/600/133 1413/601/132 1414/598/132
f 1418/602/134 1415/603/133 1416/600/133
f 1420/604/135 1417/20/134 1418/602/134
f 1422/605/136 1419/606/135 1420/604/135
f 1424/607/137 1421/608/136 1422/605/136
f 1426/609/138 1423/610/137 1424/607/137
f 1428/611/139 1425/612/138 1426/609/138
f 1430/613/140 1427/614/139 1428/611/139
f 1432/615/141 1429/616/140 1430/613/140
f 1434/617/142 1431/618/143 1432/615/141
f 1436/619/144 1433/620/142 1434/617/142
f 1438/621/145 1435/622/144 1436/619/144
f 1440/623/146 1437/624/145 1438/621/145
f 1442/625/147 1439/626/146 1440/623/146
f 1392/627/122 1441/628/148 1442/625/147
f 1446/578/149 1443/67/150 1444/579/150
f 1448/580/151 1445/581/149 1446/578/149
f 1450/582/152 1447/583/151 1448/580/151
f 1452/584/153 1449/585/152 1450/582/152
f 1454/586/154 1451/587/153 1452/584/153
f 1456/588/155 1453/589/154 1454/586/154
f 1458/590/156 1455/591/155 1456/588/155
f 1460/592/157 1457/593/156 1458/590/156
f 1462/594/158 1459/595/157 1460/592/157
f 1464/596/159 1461/597/158 1462/594/158
f 1466/598/160 1463/599/161 1464/596/159
f 1468/600/162 1465/601/160 1466/598/160
f 1470/602/163 1467/603/162 1468/600/162
f 1472/604/164 1469/20/163 1470/602/163
f 1474/605/165 1471/606/164 1472/604/164
f 1476/607/166 1473/608/165 1474/605/165
f 1478/609/167 1475/610/166 1476/607/166
f 1480/611/168 1477/612/167 1478/609/167
f 1482/613/169 1479/614/168 1480/611/168
f 1484/615/170 1481/616/169 1482/613/169
f 1486/617/171 1483/618/170 1484/615/170
f 1488/619/172 1485/620/171 1486/617/171
f 1490/621/173 1487/622/174 1488/619/172
f 1492/623/175 1489/624/173 1490/621/173
f 1494/625/176 1491/626/177 1492/623/175
f 1444/627/150 1493/628/176 1494/625/176
f 1498/701/178 1495/67/179 1496/579/179
f 1500/702/180 1497/703/181 1498/701/178
f 1502/704/182 1499/705/180 1500/702/180
f 1504/629/183 1501/706/182 1502/704/182
f 1506/707/184 1503/631/183 1504/629/183
f 1508/708/185 1505/709/184 1506/707/184
f 1510/710/186 1507/711/185 1508/708/185
f 1512/630/187 1509/712/186 1510/710/186
f 1514/713/188 1511/633/187 1512/630/187
f 1516/714/189 1513/715/188 1514/713/188
f 1518/716/190 1515/717/189 1516/714/189
f 1520/632/191 1517/718/192 1518/716/190
f 1522/719/193 1519/635/191 1520/632/191
f 1524/720/194 1521/721/193 1522/719/193
f 1526/722/195 1523/723/194 1524/720/194
f 1528/634/196 1525/724/195 1526/722/195
f 1530/725/197 1527/637/196 1528/634/196
f 1532/726/198 1529/727/197 1530/725/197
f 1534/728/199 1531/729/198 1532/726/198
f 1536/636/200 1533/730/199 1534/728/199
f 1538/731/201 1535/639/200 1536/636/200
f 1540/732/202 1537/733/201 1538/731/201
f 1542/734/203 1539/735/202 1540/732/202
f 1544/638/204 1541/736/203 1542/734/203
f 1546/737/205 1543/641/204 1544/638/204
f 1548/738/206 1545/739/205 1546/737/205
f 1550/740/207 1547/741/206 1548/738/206
f 1552/640/208 1549/742/207 1550/740/207
f 1554/743/209 1551/643/208 1552/640/208
f 1556/744/210 1553/745/209 1554/743/209
f 1558/746/211 1555/747/210 1556/744/210
f 1560/642/212 1557/748/211 1558/746/211
f 1562/749/213 1559/645/214 1560/642/212
f 1564/750/215 1561/751/213 1562/749/213
f 1566/752/216 1563/753/215 1564/750/215
f 1568/644/217 1565/754/216 1566/752/216
f 1570/755/218 1567/647/217 1568/644/217
f 1572/756/219 1569/543/218 1570/755/218
f 1574/757/220 1571/758/219 1572/756/219
f 1576/646/221 1573/759/220 1574/757/220
f 1578/760/222 1575/649/221 1576/646/221
f 1580/761/223 1577/762/222 1578/760/222
f 1582/763/224 1579/764/223 1580/761/223
f 1584/648/225 1581/765/224 1582/763/224
f 1586/766/226 1583/651/225 1584/648/225
f 1588/767/227 1585/768/226 1586/766/226
f 1590/769/228 1587/770/227 1588/767/227
f 1592/650/229 1589/771/230 1590/769/228
f 1594/772/231 1591/653/229 1592/650/229
f 1596/773/232 1593/774/233 1594/772/231
f 1598/775/234 1595/776/232 1596/773/232
f 1600/652/235 1597/777/234 1598/775/234
f 1602/778/236 1599/655/235 1600/652/235
f 1604/779/237 1601/780/236 1602/778/236
f 1606/781/238 1603/782/237 1604/779/237
f 1608/654/239 1605/783/238 1606/781/238
f 1610/784/240 1607/657/239 1608/654/239
f 1612/785/241 1609/786/240 1610/784/240
f 1614/787/242 1611/788/241 1612/785/241
f 1616/656/243 1613/789/242 1614/787/242
f 1618/790/244 1615/659/243 1616/656/243
f 1620/791/245 1617/792/244 1618/790/244
f 1622/793/246 1619/794/245 1620/791/245
f 1624/658/247 1621/795/246 1622/793/246
f 1626/796/248 1623/661/247 1624/658/247
f 1628/797/249 1625/798/248 1626/796/248
f 1630/799/250 1627/800/249 1628/797/249
f 1632/660/251 1629/801/250 1630/799/250
f 1634/802/252 1631/663/251 1632/660/251
f 1636/803/253 1633/804/252 1634/802/252
f 1638/805/254 1635/806/253 1636/803/253
f 1640/662/255 1637/807/254 1638/805/254
f 1642/808/256 1639/665/255 1640/662/255
f 1644/602/102 1641/809/256 1642/808/256
f 1646/810/257 1643/20/102 1644/602/102
f 1648/664/258 1645/811/257 1646/810/257
f 1650/812/259 1647/667/260 1648/664/258
f 1652/813/261 1649/814/259 1650/812/259
f 1654/815/262 1651/816/261 1652/813/261
f 1656/666/263 1653/817/262 1654/815/262
f 1658/818/264 1655/669/263 1656/666/263
f 1660/819/265 1657/820/264 1658/818/264
f 1662/821/266 1659/822/265 1660/819/265
f 1664/668/267 1661/823/266 1662/821/266
f 1666/824/268 1663/671/267 1664/668/267
f 1668/825/269 1665/826/268 1666/824/268
f 1670/827/270 1667/828/269 1668/825/269
f 1672/670/271 1669/829/270 1670/827/270
f 1674/830/272 1671/673/271 1672/670/271
f 1676/831/273 1673/832/272 1674/830/272
f 1678/833/274 1675/834/273 1676/831/273
f 1680/672/275 1677/835/274 1678/833/274
f 1682/836/276 1679/675/277 1680/672/275
f 1684/837/278 1681/838/276 1682/836/276
f 1686/839/279 1683/840/278 1684/837/278
f 1688/674/280 1685/841/279 1686/839/279
f 1690/842/281 1687/677/280 1688/674/280
f 1692/843/282 1689/844/281 1690/842/281
f 1694/845/283 1691/846/282 1692/843/282
f 1696/676/284 1693/847/283 1694/845/283
f 1698/848/285 1695/679/284 1696/676/284
f 1700/849/286 1697/850/285 1698/848/285
f 1702/851/287 1699/852/286 1700/849/286
f 1704/678/288 1701/853/287 1702/851/287
f 1706/854/289 1703/681/288 1704/678/288
f 1708/855/290 1705/856/289 1706/854/289
f 1710/857/291 1707/858/290 1708/855/290
f 1712/680/292 1709/859/291 1710/857/291
f 1714/860/293 1711/683/292 1712/680/292
f 1716/861/294 1713/862/293 1714/860/293
f 1718/863/295 1715/864/294 1716/861/294
f 1720/682/296 1717/109/295 1718/863/295
f 1722/865/297 1719/685/296 1720/682/296
f 1724/866/298 1721/867/297 1722/865/297
f 1726/868/299 1723/869/298 1724/866/298
f 1728/684/300 1725/870/299 1726/868/299
f 1730/871/301 1727/687/300 1728/684/300
f 1732/872/302 1729/873/301 1730/871/301
f 1734/874/303 1731/875/302 1732/872/302
f 1736/686/304 1733/876/303 1734/874/303
f 1738/877/305 1735/689/304 1736/686/304
f 1740/878/306 1737/879/305 1738/877/305
f 1742/880/307 1739/881/306 1740/878/306
f 1744/688/308 1741/882/307 1742/880/307
f 1746/883/309 1743/691/308 1744/688/308
f 1748/884/310 1745/885/309 1746/883/309
f 1750/886/311 1747/887/310 1748/884/310
f 1752/690/312 1749/888/311 1750/886/311
f 1754/889/313 1751/693/312 1752/690/312
f 1756/890/314 1753/891/313 1754/889/313
f 1758/892/315 1755/893/314 1756/890/314
f 1760/692/16 1757/894/315 1758/892/315
f 1762/895/316 1759/695/16 1760/692/16
f 1764/896/317 1761/897/316 1762/895/316
f 1766/898/318 1763/899/317 1764/896/317
f 1768/694/319 1765/900/318 1766/898/318
f 1770/901/320 1767/697/319 1768/694/319
f 1772/902/321 1769/903/320 1770/901/320
f 1774/904/322 1771/905/321 1772/902/321
f 1776/696/323 1773/906/322 1774/904/322
f 1778/907/324 1775/699/323 1776/696/323
f 1780/908/325 1777/909/324 1778/907/324
f 1782/910/326 1779/911/325 1780/908/325
f 1784/698/327 1781/912/326 1782/910/326
f 1786/913/328 1783/700/327 1784/698/327
f 1788/914/329 1785/915/328 1786/913/328
f 1790/916/330 1787/917/329 1788/914/329
f 1496/627/179 1789/918/330 1790/916/330
f 1794/919/331 1791/67/332 1792/579/332
f 1796/920/333 1793/921/331 1794/919/331
f 1798/922/334 1795/923/333 1796/920/333
f 1800/924/335 1797/925/334 1798/922/334
f 1802/926/336 1799/927/335 1800/924/335
f 1804/928/337 1801/929/336 1802/926/336
f 1806/930/338 1803/931/337 1804/928/337
f 1808/932/339 1805/933/338 1806/930/338
f 1810/934/340 1807/935/339 1808/932/339
f 1812/936/341 1809/937/340 1810/934/340
f 1814/938/342 1811/939/341 1812/936/341
f 1816/940/343 1813/941/342 1814/938/342
f 1818/942/344 1815/943/343 1816/940/343
f 1820/944/345 1817/945/344 1818/942/344
f 1822/946/346 1819/947/345 1820/944/345
f 1824/948/347 1821/949/346 1822/946/346
f 1826/950/348 1823/951/347 1824/948/347
f 1828/952/349 1825/953/348 1826/950/348
f 1830/954/350 1827/955/349 1828/952/349
f 1832/956/351 1829/957/350 1830/954/350
f 1834/958/82 1831/959/351 1832/956/351
f 1836/960/352 1833/961/82 1834/958/82
f 1838/962/353 1835/963/352 1836/960/352
f 1840/964/354 1837/965/353 1838/962/353
f 1842/966/355 1839/967/354 1840/964/354
f 1844/968/356 1841/969/355 1842/966/355
f 1846/970/357 1843/971/356 1844/968/356
f 1848/972/358 1845/973/357 1846/970/357
f 1850/974/359 1847/975/358 1848/972/358
f 1852/976/360 1849/39/359 1850/974/359
f 1854/977/361 1851/978/360 1852/976/360
f 1856/979/362 1853/980/361 1854/977/361
f 1858/981/363 1855/982/362 1856/979/362
f 1860/983/364 1857/984/363 1858/981/363
f 1862/985/365 1859/986/364 1860/983/364
f 1864/987/366 1861/988/365 1862/985/365
f 1866/989/367 1863/990/366 1864/987/366
f 1868/991/368 1865/992/367 1866/989/367
f 1870/993/369 1867/994/368 1868/991/368
f 1872/995/370 1869/996/369 1870/993/369
f 1874/997/371 1871/998/370 1872/995/370
f 1876/999/372 1873/1000/371 1874/997/371
f 1878/1001/373 1875/1002/372 1876/999/372
f 1880/1003/374 1877/1004/373 1878/1001/373
f 1882/1005/375 1879/1006/374 1880/1003/374
f 1884/1007/376 1881/1008/375 1882/1005/375
f 1886/1009/377 1883/1010/376 1884/1007/376
f 1888/1011/378 1885/1012/377 1886/1009/377
f 1890/1013/379 1887/1014/378 1888/1011/378
f 1892/1015/380 1889/1016/379 1890/1013/379
f 1894/1017/281 1891/1018/380 1892/1015/380
f 1896/1019/381 1893/1020/281 1894/1017/281
f 1898/1021/382 1895/1022/381 1896/1019/381
f 1900/1023/383 1897/1024/382 1898/1021/382
f 1902/1025/384 1899/1026/383 1900/1023/383
f 1904/1027/385 1901/1028/384 1902/1025/384
f 1906/1029/386 1903/1030/385 1904/1027/385
f 1908/1031/387 1905/1032/386 1906/1029/386
f 1910/1033/388 1907/34/387 1908/1031/387
f 1912/1034/389 1909/1035/388 1910/1033/388
f 1914/1036/390 1911/1037/389 1912/1034/389
f 1916/1038/391 1913/1039/390 1914/1036/390
f 1918/1040/392 1915/1041/391 1916/1038/391
f 1920/1042/393 1917/1043/392 1918/1040/392
f 1922/1044/394 1919/1045/393 1920/1042/393
f 1924/1046/395 1921/1047/394 1922/1044/394
f 1926/1048/396 1923/1049/395 1924/1046/395
f 1928/1050/397 1925/1051/396 1926/1048/396
f 1930/1052/398 1927/1053/397 1928/1050/397
f 1932/1054/399 1929/1055/398 1930/1052/398
f 1934/1056/400 1931/1057/399 1932/1054/399
f 1936/1058/401 1933/1059/400 1934/1056/400
f 1938/1060/402 1935/1061/401 1936/1058/401
f 1940/1062/403 1937/1063/402 1938/1060/402
f 1942/1064/404 1939/1065/403 1940/1062/403
f 1944/1066/405 1941/1067/404 1942/1064/404
f 1946/1068/406 1943/1069/405 1944/1066/405
f 1948/1070/407 1945/1071/406 1946/1068/406
f 1950/1072/408 1947/1073/407 1948/1070/407
f 1952/1074/409 1949/1075/408 1950/1072/408
f 1954/1076/410 1951/1077/409 1952/1074/409
f 1956/1078/411 1953/1079/410 1954/1076/410
f 1958/1080/412 1955/1081/411 1956/1078/411
f 1960/1082/413 1957/1083/412 1958/1080/412
f 1962/1084/414 1959/1085/415 1960/1082/413
f 1964/1086/416 1961/1087/414 1962/1084/414
f 1966/602/417 1963/1088/416 1964/1086/416
f 1968/1089/418 1965/20/417 1966/602/417
f 1970/1090/419 1967/1091/418 1968/1089/418
f 1972/1092/420 1969/1093/419 1970/1090/419
f 1974/1094/421 1971/1095/420 1972/1092/420
f 1976/1096/422 1973/1097/421 1974/1094/421
f 1978/1098/423 1975/1099/422 1976/1096/422
f 1980/1100/424 1977/1101/423 1978/1098/423
f 1982/1102/425 1979/1103/424 1980/1100/424
f 1984/1104/426 1981/1105/425 1982/1102/425
f 1986/1106/427 1983/1107/426 1984/1104/426
f 1988/1108/428 1985/1109/429 1986/1106/427
f 1990/1110/430 1987/1111/428 1988/1108/428
f 1992/1112/431 1989/1113/430 1990/1110/430
f 1994/1114/432 1991/1115/431 1992/1112/431
f 1996/1116/433 1993/1117/432 1994/1114/432
f 1998/1118/434 1995/1119/433 1996/1116/433
f 2000/1120/228 1997/1121/434 1998/1118/434
f 2002/1122/435 1999/1123/228 2000/1120/228
f 2004/1124/436 2001/1125/435 2002/1122/435
f 2006/1126/437 2003/1127/436 2004/1124/436
f 2008/1128/438 2005/1129/437 2006/1126/437
f 2010/1130/439 2007/1131/438 2008/1128/438
f 2012/1132/440 2009/1133/439 2010/1130/439
f 2014/1134/441 2011/1135/440 2012/1132/440
f 2016/1136/442 2013/1137/443 2014/1134/441
f 2018/1138/444 2015/1139/442 2016/1136/442
f 2020/1140/445 2017/1141/444 2018/1138/444
f 2022/1142/446 2019/1143/445 2020/1140/445
f 2024/1144/447 2021/1145/446 2022/1142/446
f 2026/1146/448 2023/29/447 2024/1144/447
f 2028/1147/449 2025/1148/448 2026/1146/448
f 2030/1149/450 2027/1150/449 2028/1147/449
f 2032/1151/451 2029/1152/450 2030/1149/450
f 2034/1153/452 2031/1154/453 2032/1151/451
f 2036/1155/454 2033/1156/452 2034/1153/452
f 2038/1157/455 2035/1158/454 2036/1155/454
f 2040/1159/456 2037/1160/455 2038/1157/455
f 2042/1161/457 2039/1162/456 2040/1159/456
f 2044/1163/458 2041/1164/457 2042/1161/457
f 2046/1165/459 2043/1166/458 2044/1163/458
f 2048/1167/460 2045/1168/459 2046/1165/459
f 2050/1169/461 2047/1170/460 2048/1167/460
f 2052/1171/462 2049/1172/461 2050/1169/461
f 2054/1173/463 2051/1174/462 2052/1171/462
f 2056/1175/464 2053/1176/463 2054/1173/463
f 2058/1177/465 2055/1178/464 2056/1175/464
f 2060/1179/466 2057/1180/465 2058/1177/465
f 2062/1181/467 2059/1182/466 2060/1179/466
f 2064/1183/468 2061/1184/467 2062/1181/467
f 2066/1185/469 2063/1186/468 2064/1183/468
f 2068/1187/470 2065/1188/471 2066/1185/469
f 2070/1189/472 2067/1190/470 2068/1187/470
f 2072/1191/473 2069/1192/472 2070/1189/472
f 2074/1193/474 2071/1194/473 2072/1191/473
f 2076/1195/475 2073/1196/474 2074/1193/474
f 2078/1197/476 2075/1198/475 2076/1195/475
f 2080/1199/477 2077/1200/476 2078/1197/476
f 2082/1201/478 2079/1202/477 2080/1199/477
f 2084/1203/479 2081/45/480 2082/1201/478
f 2086/1204/481 2083/1205/482 2084/1203/479
f 2088/1206/483 2085/1207/484 2086/1204/481
f 2090/1208/485 2087/1209/483 2088/1206/483
f 2092/1210/486 2089/1211/485 2090/1208/485
f 2094/1212/487 2091/1213/486 2092/1210/486
f 2096/1214/488 2093/1215/487 2094/1212/487
f 2098/1216/489 2095/1217/488 2096/1214/488
f 2100/1218/490 2097/1219/489 2098/1216/489
f 2102/1220/491 2099/1221/490 2100/1218/490
f 2104/1222/492 2101/1223/491 2102/1220/491
f 2106/1224/493 2103/1225/492 2104/1222/492
f 2108/1226/494 2105/1227/493 2106/1224/493
f 2110/1228/495 2107/1229/494 2108/1226/494
f 2112/1230/496 2109/1231/495 2110/1228/495
f 2114/1232/497 2111/1233/496 2112/1230/496
f 2116/1234/498 2113/1235/497 2114/1232/497
f 2118/1236/499 2115/1237/498 2116/1234/498
f 2120/1238/500 2117/1239/499 2118/1236/499
f 2122/1240/501 2119/1241/500 2120/1238/500
f 2124/1242/502 2121/1243/501 2122/1240/501
f 2126/1244/503 2123/1245/502 2124/1242/502
f 2128/1246/504 2125/1247/503 2126/1244/503
f 2130/1248/505 2127/1249/504 2128/1246/504
f 2132/1250/506 2129/1251/505 2130/1248/505
f 2134/1252/507 2131/1253/506 2132/1250/506
f 2136/1254/508 2133/1255/507 2134/1252/507
f 2138/1256/509 2135/1257/508 2136/1254/508
f 1792/627/332 2137/1258/509 2138/1256/509
f 2142/1259/510 2139/67/511 2140/579/511
f 2144/1260/512 2141/1261/510 2142/1259/510
f 2146/1262/513 2143/1263/514 2144/1260/512
f 2148/1264/220 2145/1265/513 2146/1262/513
f 2150/1266/515 2147/1267/220 2148/1264/220
f 2152/1268/516 2149/1269/515 2150/1266/515
f 2154/580/517 2151/1270/516 2152/1268/516
f 2156/1271/518 2153/583/517 2154/580/517
f 2158/1272/519 2155/1273/518 2156/1271/518
f 2160/1274/520 2157/1275/519 2158/1272/519
f 2162/1276/521 2159/1277/520 2160/1274/520
f 2164/1278/522 2161/1279/521 2162/1276/521
f 2166/1280/523 2163/1281/522 2164/1278/522
f 2168/584/524 2165/1282/525 2166/1280/523
f 2170/1283/526 2167/587/524 2168/584/524
f 2172/1284/527 2169/1285/526 2170/1283/526
f 2174/1286/528 2171/1287/527 2172/1284/527
f 2176/1288/529 2173/1289/528 2174/1286/528
f 2178/1290/530 2175/1291/529 2176/1288/529
f 2180/1292/531 2177/1293/530 2178/1290/530
f 2182/588/532 2179/1294/531 2180/1292/531
f 2184/1295/533 2181/591/532 2182/588/532
f 2186/1296/534 2183/1297/535 2184/1295/533
f 2188/1298/536 2185/1299/534 2186/1296/534
f 2190/1300/537 2187/1301/536 2188/1298/536
f 2192/1302/538 2189/1303/537 2190/1300/537
f 2194/1304/539 2191/1305/538 2192/1302/538
f 2196/592/540 2193/1306/539 2194/1304/539
f 2198/1307/541 2195/595/540 2196/592/540
f 2200/1308/542 2197/1309/541 2198/1307/541
f 2202/1310/543 2199/1311/542 2200/1308/542
f 2204/1312/544 2201/1313/543 2202/1310/543
f 2206/1314/545 2203/1315/544 2204/1312/544
f 2208/1316/546 2205/1317/545 2206/1314/545
f 2210/596/547 2207/1318/546 2208/1316/546
f 2212/1319/548 2209/599/547 2210/596/547
f 2214/1320/549 2211/1321/548 2212/1319/548
f 2216/1322/550 2213/1323/549 2214/1320/549
f 2218/1324/551 2215/1325/550 2216/1322/550
f 2220/1326/552 2217/1327/551 2218/1324/551
f 2222/1328/553 2219/1329/552 2220/1326/552
f 2224/600/554 2221/1330/553 2222/1328/553
f 2226/1331/555 2223/603/554 2224/600/554
f 2228/1332/556 2225/1333/555 2226/1331/555
f 2230/1334/557 2227/1335/556 2228/1332/556
f 2232/1336/558 2229/1337/559 2230/1334/557
f 2234/1338/560 2231/1339/558 2232/1336/558
f 2236/1340/561 2233/1341/562 2234/1338/560
f 2238/604/563 2235/1342/561 2236/1340/561
f 2240/1343/564 2237/606/563 2238/604/563
f 2242/1344/565 2239/1345/566 2240/1343/564
f 2244/1346/567 2241/1347/565 2242/1344/565
f 2246/1348/568 2243/1349/567 2244/1346/567
f 2248/1350/569 2245/1351/568 2246/1348/568
f 2250/1352/570 2247/1353/569 2248/1350/569
f 2252/607/571 2249/1354/570 2250/1352/570
f 2254/1355/572 2251/610/571 2252/607/571
f 2256/1356/573 2253/1357/572 2254/1355/572
f 2258/1358/574 2255/1359/573 2256/1356/573
f 2260/1360/575 2257/1361/574 2258/1358/574
f 2262/1362/576 2259/1363/575 2260/1360/575
f 2264/1364/577 2261/1365/576 2262/1362/576
f 2266/611/578 2263/1366/577 2264/1364/577
f 2268/1367/579 2265/614/578 2266/611/578
f 2270/1368/580 2267/1369/579 2268/1367/579
f 2272/1370/581 2269/1371/580 2270/1368/580
f 2274/1372/582 2271/1373/581 2272/1370/581
f 2276/1374/583 2273/1375/582 2274/1372/582
f 2278/1376/584 2275/1377/585 2276/1374/583
f 2280/615/586 2277/1378/587 2278/1376/584
f 2282/1379/588 2279/618/586 2280/615/586
f 2284/1380/589 2281/1381/590 2282/1379/588
f 2286/1382/591 2283/1383/592 2284/1380/589
f 2288/1384/593 2285/1385/591 2286/1382/591
f 2290/1386/594 2287/1387/595 2288/1384/593
f 2292/1388/596 2289/1389/597 2290/1386/594
f 2294/619/598 2291/1390/596 2292/1388/596
f 2296/1391/599 2293/622/598 2294/619/598
f 2298/1392/600 2295/1393/599 2296/1391/599
f 2300/1394/601 2297/1395/600 2298/1392/600
f 2302/1396/602 2299/1397/601 2300/1394/601
f 2304/1398/118 2301/1399/602 2302/1396/602
f 2306/1400/603 2303/1401/118 2304/1398/118
f 2308/623/604 2305/1402/603 2306/1400/603
f 2310/1403/605 2307/626/604 2308/623/604
f 2312/1404/606 2309/1405/605 2310/1403/605
f 2314/1406/607 2311/1407/606 2312/1404/606
f 2316/1408/608 2313/1409/609 2314/1406/607
f 2318/1410/610 2315/1411/608 2316/1408/608
f 2320/1412/611 2317/1413/610 2318/1410/610
f 2140/627/511 2319/1414/611 2320/1412/611
f 1164/578/3 1163/581/3 1161/67/4
f 1166/580/5 1165/583/5 1163/581/3
f 1168/582/6 1167/585/6 1165/583/5
f 1170/584/7 1169/587/7 1167/585/6
f 1172/586/8 1171/589/8 1169/587/7
f 1174/588/9 1173/591/9 1171/589/8
f 1176/590/10 1175/593/10 1173/591/9
f 1178/592/11 1177/595/11 1175/593/10
f 1180/594/12 1179/597/12 1177/595/11
f 1182/596/13 1181/599/13 1179/597/12
f 1184/598/14 1183/601/14 1181/599/13
f 1186/600/15 1185/603/17 1183/601/14
f 1188/602/16 1187/20/16 1185/603/17
f 1190/604/18 1189/606/18 1187/20/16
f 1192/605/19 1191/608/19 1189/606/18
f 1194/607/20 1193/610/20 1191/608/19
f 1196/609/21 1195/612/21 1193/610/20
f 1198/611/22 1197/614/22 1195/612/21
f 1200/613/23 1199/616/23 1197/614/22
f 1202/615/24 1201/618/24 1199/616/23
f 1204/617/25 1203/620/25 1201/618/24
f 1206/619/26 1205/622/26 1203/620/25
f 1208/621/27 1207/624/27 1205/622/26
f 1210/623/28 1209/626/28 1207/624/27
f 1212/625/29 1211/628/29 1209/626/28
f 1162/627/4 1161/66/4 1211/628/29
f 1216/578/30 1215/581/30 1213/67/31
f 1218/580/32 1217/583/32 1215/581/30
f 1220/582/33 1219/585/33 1217/583/32
f 1222/584/34 1221/587/34 1219/585/33
f 1224/586/35 1223/589/35 1221/587/34
f 1226/588/36 1225/591/36 1223/589/35
f 1228/590/37 1227/593/37 1225/591/36
f 1230/592/38 1229/595/38 1227/593/37
f 1232/594/39 1231/597/39 1229/595/38
f 1234/596/40 1233/599/40 1231/597/39
f 1236/598/41 1235/601/41 1233/599/40
f 1238/600/42 1237/603/42 1235/601/41
f 1240/602/43 1239/20/43 1237/603/42
f 1242/604/44 1241/606/44 1239/20/43
f 1244/605/45 1243/608/45 1241/606/44
f 1246/607/46 1245/610/46 1243/608/45
f 1248/609/47 1247/612/47 1245/610/46
f 1250/611/48 1249/614/48 1247/612/47
f 1252/613/49 1251/616/49 1249/614/48
f 1254/615/50 1253/618/50 1251/616/49
f 1256/617/51 1255/620/51 1253/618/50
f 1258/619/52 1257/622/52 1255/620/51
f 1260/621/53 1259/624/53 1257/622/52
f 1262/623/54 1261/626/54 1259/624/53
f 1264/625/55 1263/628/56 1261/626/54
f 1214/627/31 1213/66/31 1263/628/56
f 1268/578/57 1267/581/57 1265/67/58
f 1270/580/59 1269/583/59 1267/581/57
f 1272/582/60 1271/585/60 1269/583/59
f 1274/584/61 1273/587/61 1271/585/60
f 1276/586/62 1275/589/62 1273/587/61
f 1278/588/63 1277/591/63 1275/589/62
f 1280/590/64 1279/593/64 1277/591/63
f 1282/592/65 1281/595/65 1279/593/64
f 1284/594/66 1283/597/66 1281/595/65
f 1286/596/67 1285/599/67 1283/597/66
f 1288/598/68 1287/601/68 1285/599/67
f 1290/600/69 1289/603/69 1287/601/68
f 1292/602/70 1291/20/70 1289/603/69
f 1294/604/71 1293/606/71 1291/20/70
f 1296/605/72 1295/608/72 1293/606/71
f 1298/607/73 1297/610/73 1295/608/72
f 1300/609/74 1299/612/74 1297/610/73
f 1302/611/75 1301/614/75 1299/612/74
f 1304/613/76 1303/616/76 1301/614/75
f 1306/615/77 1305/618/77 1303/616/76
f 1308/617/78 1307/620/80 1305/618/77
f 1310/619/79 1309/622/79 1307/620/80
f 1312/621/81 1311/624/81 1309/622/79
f 1314/623/82 1313/626/82 1311/624/81
f 1316/625/83 1315/628/83 1313/626/82
f 1266/627/58 1265/66/58 1315/628/83
f 1320/629/84 1319/631/84 1317/67/85
f 1322/630/86 1321/633/86 1319/631/84
f 1324/632/87 1323/635/87 1321/633/86
f 1326/634/88 1325/637/88 1323/635/87
f 1328/636/89 1327/639/89 1325/637/88
f 1330/638/90 1329/641/90 1327/639/89
f 1332/640/91 1331/643/91 1329/641/90
f 1334/642/92 1333/645/92 1331/643/91
f 1336/644/93 1335/647/93 1333/645/92
f 1338/646/94 1337/649/94 1335/647/93
f 1340/648/95 1339/651/95 1337/649/94
f 1342/650/96 1341/653/96 1339/651/95
f 1344/652/97 1343/655/97 1341/653/96
f 1346/654/98 1345/657/98 1343/655/97
f 1348/656/99 1347/659/99 1345/657/98
f 1350/658/100 1349/661/100 1347/659/99
f 1352/660/101 1351/663/101 1349/661/100
f 1354/662/51 1353/665/51 1351/663/101
f 1356/664/102 1355/667/102 1353/665/51
f 1358/666/103 1357/669/103 1355/667/102
f 1360/668/104 1359/671/104 1357/669/103
f 1362/670/105 1361/673/105 1359/671/104
f 1364/672/106 1363/675/106 1361/673/105
f 1366/674/107 1365/677/107 1363/675/106
f 1368/676/108 1367/679/108 1365/677/107
f 1370/678/109 1369/681/109 1367/679/108
f 1372/680/110 1371/683/110 1369/681/109
f 1374/682/111 1373/685/111 1371/683/110
f 1376/684/112 1375/687/112 1373/685/111
f 1378/686/113 1377/689/113 1375/687/112
f 1380/688/114 1379/691/114 1377/689/113
f 1382/690/115 1381/693/115 1379/691/114
f 1384/692/116 1383/695/116 1381/693/115
f 1386/694/117 1385/697/117 1383/695/116
f 1388/696/118 1387/699/120 1385/697/117
f 1390/698/119 1389/700/119 1387/699/120
f 1318/627/85 1317/66/85 1389/700/119
f 1394/578/121 1393/581/121 1391/67/122
f 1396/580/123 1395/583/123 1393/581/121
f 1398/582/124 1397/585/124 1395/583/123
f 1400/584/125 1399/587/125 1397/585/124
f 1402/586/126 1401/589/126 1399/587/125
f 1404/588/127 1403/591/127 1401/589/126
f 1406/590/128 1405/593/128 1403/591/127
f 1408/592/129 1407/595/129 1405/593/128
f 1410/594/130 1409/597/130 1407/595/129
f 1412/596/131 1411/599/131 1409/597/130
f 1414/598/132 1413/601/132 1411/599/131
f 1416/600/133 1415/603/133 1413/601/132
f 1418/602/134 1417/20/134 1415/603/133
f 1420/604/135 1419/606/135 1417/20/134
f 1422/605/136 1421/608/136 1419/606/135
f 1424/607/137 1423/610/137 1421/608/136
f 1426/609/138 1425/612/138 1423/610/137
f 1428/611/139 1427/614/139 1425/612/138
f 1430/613/140 1429/616/140 1427/614/139
f 1432/615/141 1431/618/143 1429/616/140
f 1434/617/142 1433/620/142 1431/618/143
f 1436/619/144 1435/622/144 1433/620/142
f 1438/621/145 1437/624/145 1435/622/144
f 1440/623/146 1439/626/146 1437/624/145
f 1442/625/147 1441/628/148 1439/626/146
f 1392/627/122 1391/66/122 1441/628/148
f 1446/578/149 1445/581/149 1443/67/150
f 1448/580/151 1447/583/151 1445/581/149
f 1450/582/152 1449/585/152 1447/583/151
f 1452/584/153 1451/587/153 1449/585/152
f 1454/586/154 1453/589/154 1451/587/153
f 1456/588/155 1455/591/155 1453/589/154
f 1458/590/156 1457/593/156 1455/591/155
f 1460/592/157 1459/595/157 1457/593/156
f 1462/594/158 1461/597/158 1459/595/157
f 1464/596/159 1463/599/161 1461/597/158
f 1466/598/160 1465/601/160 1463/599/161
f 1468/600/162 1467/603/162 1465/601/160
f 1470/602/163 1469/20/163 1467/603/162
f 1472/604/164 1471/606/164 1469/20/163
f 1474/605/165 1473/608/165 1471/606/164
f 1476/607/166 1475/610/166 1473/608/165
f 1478/609/167 1477/612/167 1475/610/166
f 1480/611/168 1479/614/168 1477/612/167
f 1482/613/169 1481/616/169 1479/614/168
f 1484/615/170 1483/618/170 1481/616/169
f 1486/617/171 1485/620/171 1483/618/170
f 1488/619/172 1487/622/174 1485/620/171
f 1490/621/173 1489/624/173 1487/622/174
f 1492/623/175 1491/626/177 1489/624/173
f 1494/625/176 1493/628/176 1491/626/177
f 1444/627/150 1443/66/150 1493/628/176
f 1498/701/178 1497/703/181 1495/67/179
f 1500/702/180 1499/705/180 1497/703/181
f 1502/704/182 1501/706/182 1499/705/180
f 1504/629/183 1503/631/183 1501/706/182
f 1506/707/184 1505/709/184 1503/631/183
f 1508/708/185 1507/711/185 1505/709/184
f 1510/710/186 1509/712/186 1507/711/185
f 1512/630/187 1511/633/187 1509/712/186
f 1514/713/188 1513/715/188 1511/633/187
f 1516/714/189 1515/717/189 1513/715/188
f 1518/716/190 1517/718/192 1515/717/189
f 1520/632/191 1519/635/191 1517/718/192
f 1522/719/193 1521/721/193 1519/635/191
f 1524/720/194 1523/723/194 1521/721/193
f 1526/722/195 1525/724/195 1523/723/194
f 1528/634/196 1527/637/196 1525/724/195
f 1530/725/197 1529/727/197 1527/637/196
f 1532/726/198 1531/729/198 1529/727/197
f 1534/728/199 1533/730/199 1531/729/198
f 1536/636/200 1535/639/200 1533/730/199
f 1538/731/201 1537/733/201 1535/639/200
f 1540/732/202 1539/735/202 1537/733/201
f 1542/734/203 1541/736/203 1539/735/202
f 1544/638/204 1543/641/204 1541/736/203
f 1546/737/205 1545/739/205 1543/641/204
f 1548/738/206 1547/741/206 1545/739/205
f 1550/740/207 1549/742/207 1547/741/206
f 1552/640/208 1551/643/208 1549/742/207
f 1554/743/209 1553/745/209 1551/643/208
f 1556/744/210 1555/747/210 1553/745/209
f 1558/746/211 1557/748/211 1555/747/210
f 1560/642/212 1559/645/214 1557/748/211
f 1562/749/213 1561/751/213 1559/645/214
f 1564/750/215 1563/753/215 1561/751/213
f 1566/752/216 1565/754/216 1563/753/215
f 1568/644/217 1567/647/217 1565/754/216
f 1570/755/218 1569/543/218 1567/647/217
f 1572/756/219 1571/758/219 1569/543/218
f 1574/757/220 1573/759/220 1571/758/219
f 1576/646/221 1575/649/221 1573/759/220
f 1578/760/222 1577/762/222 1575/649/221
f 1580/761/223 1579/764/223 1577/762/222
f 1582/763/224 1581/765/224 1579/764/223
f 1584/648/225 1583/651/225 1581/765/224
f 1586/766/226 1585/768/226 1583/651/225
f 1588/767/227 1587/770/227 1585/768/226
f 1590/769/228 1589/771/230 1587/770/227
f 1592/650/229 1591/653/229 1589/771/230
f 1594/772/231 1593/774/233 1591/653/229
f 1596/773/232 1595/776/232 1593/774/233
f 1598/775/234 1597/777/234 1595/776/232
f 1600/652/235 1599/655/235 1597/777/234
f 1602/778/236 1601/780/236 1599/655/235
f 1604/779/237 1603/782/237 1601/780/236
f 1606/781/238 1605/783/238 1603/782/237
f 1608/654/239 1607/657/239 1605/783/238
f 1610/784/240 1609/786/240 1607/657/239
f 1612/785/241 1611/788/241 1609/786/240
f 1614/787/242 1613/789/242 1611/788/241
f 1616/656/243 1615/659/243 1613/789/242
f 1618/790/244 1617/792/244 1615/659/243
f 1620/791/245 1619/794/245 1617/792/244
f 1622/793/246 1621/795/246 1619/794/245
f 1624/658/247 1623/661/247 1621/795/246
f 1626/796/248 1625/798/248 1623/661/247
f 1628/797/249 1627/800/249 1625/798/248
f 1630/799/250 1629/801/250 1627/800/249
f 1632/660/251 1631/663/251 1629/801/250
f 1634/802/252 1633/804/252 1631/663/251
f 1636/803/253 1635/806/253 1633/804/252
f 1638/805/254 1637/807/254 1635/806/253
f 1640/662/255 1639/665/255 1637/807/254
f 1642/808/256 1641/809/256 1639/665/255
f 1644/602/102 1643/20/102 1641/809/256
f 1646/810/257 1645/811/257 1643/20/102
f 1648/664/258 1647/667/260 1645/811/257
f 1650/812/259 1649/814/259 1647/667/260
f 1652/813/261 1651/816/261 1649/814/259
f 1654/815/262 1653/817/262 1651/816/261
f 1656/666/263 1655/669/263 1653/817/262
f 1658/818/264 1657/820/264 1655/669/263
f 1660/819/265 1659/822/265 1657/820/264
f 1662/821/266 1661/823/266 1659/822/265
f 1664/668/267 1663/671/267 1661/823/266
f 1666/824/268 1665/826/268 1663/671/267
f 1668/825/269 1667/828/269 1665/826/268
f 1670/827/270 1669/829/270 1667/828/269
f 1672/670/271 1671/673/271 1669/829/270
f 1674/830/272 1673/832/272 1671/673/271
f 1676/831/273 1675/834/273 1673/832/272
f 1678/833/274 1677/835/274 1675/834/273
f 1680/672/275 1679/675/277 1677/835/274
f 1682/836/276 1681/838/276 1679/675/277
f 1684/837/278 1683/840/278 1681/838/276
f 1686/839/279 1685/841/279 1683/840/278
f 1688/674/280 1687/677/280 1685/841/279
f 1690/842/281 1689/844/281 1687/677/280
f 1692/843/282 1691/846/282 1689/844/281
f 1694/845/283 1693/847/283 1691/846/282
f 1696/676/284 1695/679/284 1693/847/283
f 1698/848/285 1697/850/285 1695/679/284
f 1700/849/286 1699/852/286 1697/850/285
f 1702/851/287 1701/853/287 1699/852/286
f 1704/678/288 1703/681/288 1701/853/287
f 1706/854/289 1705/856/289 1703/681/288
f 1708/855/290 1707/858/290 1705/856/289
f 1710/857/291 1709/859/291 1707/858/290
f 1712/680/292 1711/683/292 1709/859/291
f 1714/860/293 1713/862/293 1711/683/292
f 1716/861/294 1715/864/294 1713/862/293
f 1718/863/295 1717/109/295 1715/864/294
f 1720/682/296 1719/685/296 1717/109/295
f 1722/865/297 1721/867/297 1719/685/296
f 1724/866/298 1723/869/298 1721/867/297
f 1726/868/299 1725/870/299 1723/869/298
f 1728/684/300 1727/687/300 1725/870/299
f 1730/871/301 1729/873/301 1727/687/300
f 1732/872/302 1731/875/302 1729/873/301
f 1734/874/303 1733/876/303 1731/875/302
f 1736/686/304 1735/689/304 1733/876/303
f 1738/877/305 1737/879/305 1735/689/304
f 1740/878/306 1739/881/306 1737/879/305
f 1742/880/307 1741/882/307 1739/881/306
f 1744/688/308 1743/691/308 1741/882/307
f 1746/883/309 1745/885/309 1743/691/308
f 1748/884/310 1747/887/310 1745/885/309
f 1750/886/311 1749/888/311 1747/887/310
f 1752/690/312 1751/693/312 1749/888/311
f 1754/889/313 1753/891/313 1751/693/312
f 1756/890/314 1755/893/314 1753/891/313
f 1758/892/315 1757/894/315 1755/893/314
f 1760/692/16 1759/695/16 1757/894/315
f 1762/895/316 1761/897/316 1759/695/16
f 1764/896/317 1763/899/317 1761/897/316
f 1766/898/318 1765/900/318 1763/899/317
f 1768/694/319 1767/697/319 1765/900/318
f 1770/901/320 1769/903/320 1767/697/319
f 1772/902/321 1771/905/321 1769/903/320
f 1774/904/322 1773/906/322 1771/905/321
f 1776/696/323 1775/699/323 1773/906/322
f 1778/907/324 1777/909/324 1775/699/323
f 1780/908/325 1779/911/325 1777/909/324
f 1782/910/326 1781/912/326 1779/911/325
f 1784/698/327 1783/700/327 1781/912/326
f 1786/913/328 1785/915/328 1783/700/327
f 1788/914/329 1787/917/329 1785/915/328
f 1790/916/330 1789/918/330 1787/917/329
f 1496/627/179 1495/66/179 1789/918/330
f 1794/919/331 1793/921/331 1791/67/332
f 1796/920/333 1795/923/333 1793/921/331
f 1798/922/334 1797/925/334 1795/923/333
f 1800/924/335 1799/927/335 1797/925/334
f 1802/926/336 1801/929/336 1799/927/335
f 1804/928/337 1803/931/337 1801/929/336
f 1806/930/338 1805/933/338 1803/931/337
f 1808/932/339 1807/935/339 1805/933/338
f 1810/934/340 1809/937/340 1807/935/339
f 1812/936/341 1811/939/341 1809/937/340
f 1814/938/342 1813/941/342 1811/939/341
f 1816/940/343 1815/943/343 1813/941/342
f 1818/942/344 1817/945/344 1815/943/343
f 1820/944/345 1819/947/345 1817/945/344
f 1822/946/346 1821/949/346 1819/947/345
f 1824/948/347 1823/951/347 1821/949/346
f 1826/950/348 1825/953/348 1823/951/347
f 1828/952/349 1827/955/349 1825/953/348
f 1830/954/350 1829/957/350 1827/955/349
f 1832/956/351 1831/959/351 1829/957/350
f 1834/958/82 1833/961/82 1831/959/351
f 1836/960/352 1835/963/352 1833/961/82
f 1838/962/353 1837/965/353 1835/963/352
f 1840/964/354 1839/967/354 1837/965/353
f 1842/966/355 1841/969/355 1839/967/354
f 1844/968/356 1843/971/356 1841/969/355
f 1846/970/357 1845/973/357 1843/971/356
f 1848/972/358 1847/975/358 1845/973/357
f 1850/974/359 1849/39/359 1847/975/358
f 1852/976/360 1851/978/360 1849/39/359
f 1854/977/361 1853/980/361 1851/978/360
f 1856/979/362 1855/982/362 1853/980/361
f 1858/981/363 1857/984/363 1855/982/362
f 1860/983/364 1859/986/364 1857/984/363
f 1862/985/365 1861/988/365 1859/986/364
f 1864/987/366 1863/990/366 1861/988/365
f 1866/989/367 1865/992/367 1863/990/366
f 1868/991/368 1867/994/368 1865/992/367
f 1870/993/369 1869/996/369 1867/994/368
f 1872/995/370 1871/998/370 1869/996/369
f 1874/997/371 1873/1000/371 1871/998/370
f 1876/999/372 1875/1002/372 1873/1000/371
f 1878/1001/373 1877/1004/373 1875/1002/372
f 1880/1003/374 1879/1006/374 1877/1004/373
f 1882/1005/375 1881/1008/375 1879/1006/374
f 1884/1007/376 1883/1010/376 1881/1008/375
f 1886/1009/377 1885/1012/377 1883/1010/376
f 1888/1011/378 1887/1014/378 1885/1012/377
f 1890/1013/379 1889/1016/379 1887/1014/378
f 1892/1015/380 1891/1018/380 1889/1016/379
f 1894/1017/281 1893/1020/281 1891/1018/380
f 1896/1019/381 1895/1022/381 1893/1020/281
f 1898/1021/382 1897/1024/382 1895/1022/381
f 1900/1023/383 1899/1026/383 1897/1024/382
f 1902/1025/384 1901/1028/384 1899/1026/383
f 1904/1027/385 1903/1030/385 1901/1028/384
f 1906/1029/386 1905/1032/386 1903/1030/385
f 1908/1031/387 1907/34/387 1905/1032/386
f 1910/1033/388 1909/1035/388 1907/34/387
f 1912/1034/389 1911/1037/389 1909/1035/388
f 1914/1036/390 1913/1039/390 1911/1037/389
f 1916/1038/391 1915/1041/391 1913/1039/390
f 1918/1040/392 1917/1043/392 1915/1041/391
f 1920/1042/393 1919/1045/393 1917/1043/392
f 1922/1044/394 1921/1047/394 1919/1045/393
f 1924/1046/395 1923/1049/395 1921/1047/394
f 1926/1048/396 1925/1051/396 1923/1049/395
f 1928/1050/397 1927/1053/397 1925/1051/396
f 1930/1052/398 1929/1055/398 1927/1053/397
f 1932/1054/399 1931/1057/399 1929/1055/398
f 1934/1056/400 1933/1059/400 1931/1057/399
f 1936/1058/401 1935/1061/401 1933/1059/400
f 1938/1060/402 1937/1063/402 1935/1061/401
f 1940/1062/403 1939/1065/403 1937/1063/402
f 1942/1064/404 1941/1067/404 1939/1065/403
f 1944/1066/405 1943/1069/405 1941/1067/404
f 1946/1068/406 1945/1071/406 1943/1069/405
f 1948/1070/407 1947/1073/407 1945/1071/406
f 1950/1072/408 1949/1075/408 1947/1073/407
f 1952/1074/409 1951/1077/409 1949/1075/408
f 1954/1076/410 1953/1079/410 1951/1077/409
f 1956/1078/411 1955/1081/411 1953/1079/410
f 1958/1080/412 1957/1083/412 1955/1081/411
f 1960/1082/413 1959/1085/415 1957/1083/412
f 1962/1084/414 1961/1087/414 1959/1085/415
f 1964/1086/416 1963/1088/416 1961/1087/414
f 1966/602/417 1965/20/417 1963/1088/416
f 1968/1089/418 1967/1091/418 1965/20/417
f 1970/1090/419 1969/1093/419 1967/1091/418
f 1972/1092/420 1971/1095/420 1969/1093/419
f 1974/1094/421 1973/1097/421 1971/1095/420
f 1976/1096/422 1975/1099/422 1973/1097/421
f 1978/1098/423 1977/1101/423 1975/1099/422
f 1980/1100/424 1979/1103/424 1977/1101/423
f 1982/1102/425 1981/1105/425 1979/1103/424
f 1984/1104/426 1983/1107/426 1981/1105/425
f 1986/1106/427 1985/1109/429 1983/1107/426
f 1988/1108/428 1987/1111/428 1985/1109/429
f 1990/1110/430 1989/1113/430 1987/1111/428
f 1992/1112/431 1991/1115/431 1989/1113/430
f 1994/1114/432 1993/1117/432 1991/1115/431
f 1996/1116/433 1995/1119/433 1993/1117/432
f 1998/1118/434 1997/1121/434 1995/1119/433
f 2000/1120/228 1999/1123/228 1997/1121/434
f 2002/1122/435 2001/1125/435 1999/1123/228
f 2004/1124/436 2003/1127/436 2001/1125/435
f 2006/1126/437 2005/1129/437 2003/1127/436
f 2008/1128/438 2007/1131/438 2005/1129/437
f 2010/1130/439 2009/1133/439 2007/1131/438
f 2012/1132/440 2011/1135/440 2009/1133/439
f 2014/1134/441 2013/1137/443 2011/1135/440
f 2016/1136/442 2015/1139/442 2013/1137/443
f 2018/1138/444 2017/1141/444 2015/1139/442
f 2020/1140/445 2019/1143/445 2017/1141/444
f 2022/1142/446 2021/1145/446 2019/1143/445
f 2024/1144/447 2023/29/447 2021/1145/446
f 2026/1146/448 2025/1148/448 2023/29/447
f 2028/1147/449 2027/1150/449 2025/1148/448
f 2030/1149/450 2029/1152/450 2027/1150/449
f 2032/1151/451 2031/1154/453 2029/1152/450
f 2034/1153/452 2033/1156/452 2031/1154/453
f 2036/1155/454 2035/1158/454 2033/1156/452
f 2038/1157/455 2037/1160/455 2035/1158/454
f 2040/1159/456 2039/1162/456 2037/1160/455
f 2042/1161/457 2041/1164/457 2039/1162/456
f 2044/1163/458 2043/1166/458 2041/1164/457
f 2046/1165/459 2045/1168/459 2043/1166/458
f 2048/1167/460 2047/1170/460 2045/1168/459
f 2050/1169/461 2049/1172/461 2047/1170/460
f 2052/1171/462 2051/1174/462 2049/1172/461
f 2054/1173/463 2053/1176/463 2051/1174/462
f 2056/1175/464 2055/1178/464 2053/1176/463
f 2058/1177/465 2057/1180/465 2055/1178/464
f 2060/1179/466 2059/1182/466 2057/1180/465
f 2062/1181/467 2061/1184/467 2059/1182/466
f 2064/1183/468 2063/1186/468 2061/1184/467
f 2066/1185/469 2065/1188/471 2063/1186/468
f 2068/1187/470 2067/1190/470 2065/1188/471
f 2070/1189/472 2069/1192/472 2067/1190/470
f 2072/1191/473 2071/1194/473 2069/1192/472
f 2074/1193/474 2073/1196/474 2071/1194/473
f 2076/1195/475 2075/1198/475 2073/1196/474
f 2078/1197/476 2077/1200/476 2075/1198/475
f 2080/1199/477 2079/1202/477 2077/1200/476
f 2082/1201/478 2081/45/480 2079/1202/477
f 2084/1203/479 2083/1205/482 2081/45/480
f 2086/1204/481 2085/1207/484 2083/1205/482
f 2088/1206/483 2087/1209/483 2085/1207/484
f 2090/1208/485 2089/1211/485 2087/1209/483
f 2092/1210/486 2091/1213/486 2089/1211/485
f 2094/1212/487 2093/1215/487 2091/1213/486
f 2096/1214/488 2095/1217/488 2093/1215/487
f 2098/1216/489 2097/1219/489 2095/1217/488
f 2100/1218/490 2099/1221/490 2097/1219/489
f 2102/1220/491 2101/1223/491 2099/1221/490
f 2104/1222/492 2103/1225/492 2101/1223/491
f 2106/1224/493 2105/1227/493 2103/1225/492
f 2108/1226/494 2107/1229/494 2105/1227/493
f 2110/1228/495 2109/1231/495 2107/1229/494
f 2112/1230/496 2111/1233/496 2109/1231/495
f 2114/1232/497 2113/1235/497 2111/1233/496
f 2116/1234/498 2115/1237/498 2113/1235/497
f 2118/1236/499 2117/1239/499 2115/1237/498
f 2120/1238/500 2119/1241/500 2117/1239/499
f 2122/1240/501 2121/1243/501 2119/1241/500
f 2124/1242/502 2123/1245/502 2121/1243/501
f 2126/1244/503 2125/1247/503 2123/1245/502
f 2128/1246/504 2127/1249/504 2125/1247/503
f 2130/1248/505 2129/1251/505 2127/1249/504
f 2132/1250/506 2131/1253/506 2129/1251/505
f 2134/1252/507 2133/1255/507 2131/1253/506
f 2136/1254/508 2135/1257/508 2133/1255/507
f 2138/1256/509 2137/1258/509 2135/1257/508
f 1792/627/332 1791/66/332 2137/1258/509
f 2142/1259/510 2141/1261/510 2139/67/511
f 2144/1260/512 2143/1263/514 2141/1261/510
f 2146/1262/513 2145/1265/513 2143/1263/514
f 2148/1264/220 2147/1267/220 2145/1265/513
f 2150/1266/515 2149/1269/515 2147/1267/220
f 2152/1268/516 2151/1270/516 2149/1269/515
f 2154/580/517 2153/583/517 2151/1270/516
f 2156/1271/518 2155/1273/518 2153/583/517
f 2158/1272/519 2157/1275/519 2155/1273/518
f 2160/1274/520 2159/1277/520 2157/1275/519
f 2162/1276/521 2161/1279/521 2159/1277/520
f 2164/1278/522 2163/1281/522 2161/1279/521
f 2166/1280/523 2165/1282/525 2163/1281/522
f 2168/584/524 2167/587/524 2165/1282/525
f 2170/1283/526 2169/1285/526 2167/587/524
f 2172/1284/527 2171/1287/527 2169/1285/526
f 2174/1286/528 2173/1289/528 2171/1287/527
f 2176/1288/529 2175/1291/529 2173/1289/528
f 2178/1290/530 2177/1293/530 2175/1291/529
f 2180/1292/531 2179/1294/531 2177/1293/530
f 2182/588/532 2181/591/532 2179/1294/531
f 2184/1295/533 2183/1297/535 2181/591/532
f 2186/1296/534 2185/1299/534 2183/1297/535
f 2188/1298/536 2187/1301/536 2185/1299/534
f 2190/1300/537 2189/1303/537 2187/1301/536
f 2192/1302/538 2191/1305/538 2189/1303/537
f 2194/1304/539 2193/1306/539 2191/1305/538
f 2196/592/540 2195/595/540 2193/1306/539
f 2198/1307/541 2197/1309/541 2195/595/540
f 2200/1308/542 2199/1311/542 2197/1309/541
f 2202/1310/543 2201/1313/543 2199/1311/542
f 2204/1312/544 2203/1315/544 2201/1313/543
f 2206/1314/545 2205/1317/545 2203/1315/544
f 2208/1316/546 2207/1318/546 2205/1317/545
f 2210/596/547 2209/599/547 2207/1318/546
f 2212/1319/548 2211/1321/548 2209/599/547
f 2214/1320/549 2213/1323/549 2211/1321/548
f 2216/1322/550 2215/1325/550 2213/1323/549
f 2218/1324/551 2217/1327/551 2215/1325/550
f 2220/1326/552 2219/1329/552 2217/1327/551
f 2222/1328/553 2221/1330/553 2219/1329/552
f 2224/600/554 2223/603/554 2221/1330/553
f 2226/1331/555 2225/1333/555 2223/603/554
f 2228/1332/556 2227/1335/556 2225/1333/555
f 2230/1334/557 2229/1337/559 2227/1335/556
f 2232/1336/558 2231/1339/558 2229/1337/559
f 2234/1338/560 2233/1341/562 2231/1339/558
f 2236/1340/561 2235/1342/561 2233/1341/562
f 2238/604/563 2237/606/563 2235/1342/561
f 2240/1343/564 2239/1345/566 2237/606/563
f 2242/1344/565 2241/1347/565 2239/1345/566
f 2244/1346/567 2243/1349/567 2241/1347/565
f 2246/1348/568 2245/1351/568 2243/1349/567
f 2248/1350/569 2247/1353/569 2245/1351/568
f 2250/1352/570 2249/1354/570 2247/1353/569
f 2252/607/571 2251/610/571 2249/1354/570
f 2254/1355/572 2253/1357/572 2251/610/571
f 2256/1356/573 2255/1359/573 2253/1357/572
f 2258/1358/574 2257/1361/574 2255/1359/573
f 2260/1360/575 2259/1363/575 2257/1361/574
f 2262/1362/576 2261/1365/576 2259/1363/575
f 2264/1364/577 2263/1366/577 2261/1365/576
f 2266/611/578 2265/614/578 2263/1366/577
f 2268/1367/579 2267/1369/579 2265/614/578
f 2270/1368/580 2269/1371/580 2267/1369/579
f 2272/1370/581 2271/1373/581 2269/1371/580
f 2274/1372/582 2273/1375/582 2271/1373/581
f 2276/1374/583 2275/1377/585 2273/1375/582
f 2278/1376/584 2277/1378/587 2275/1377/585
f 2280/615/586 2279/618/586 2277/1378/587
f 2282/1379/588 2281/1381/590 2279/618/586
f 2284/1380/589 2283/1383/592 2281/1381/590
f 2286/1382/591 2285/1385/591 2283/1383/592
f 2288/1384/593 2287/1387/595 2285/1385/591
f 2290/1386/594 2289/1389/597 2287/1387/595
f 2292/1388/596 2291/1390/596 2289/1389/597
f 2294/619/598 2293/622/598 2291/1390/596
f 2296/1391/599 2295/1393/599 2293/622/598
f 2298/1392/600 2297/1395/600 2295/1393/599
f 2300/1394/601 2299/1397/601 2297/1395/600
f 2302/1396/602 2301/1399/602 2299/1397/601
f 2304/1398/118 2303/1401/118 2301/1399/602
f 2306/1400/603 2305/1402/603 2303/1401/118
f 2308/623/604 2307/626/604 2305/1402/603
f 2310/1403/605 2309/1405/605 2307/626/604
f 2312/1404/606 2311/1407/606 2309/1405/605
f 2314/1406/607 2313/1409/609 2311/1407/606
f 2316/1408/608 2315/1411/608 2313/1409/609
f 2318/1410/610 2317/1413/610 2315/1411/608
f 2320/1412/611 2319/1414/611 2317/1413/610
f 2140/627/511 2139/66/511 2319/1414/611
