# Blender 5.1.1
# www.blender.org
mtllib Stage.mtl
o Untitled
v 11.200000 0.100000 -0.200001
v 11.200000 0.100000 0.199999
v 11.200000 0.200000 -0.200001
v 11.200000 0.200000 0.199999
v 11.200000 2.000000 -0.200001
v 11.200000 2.000000 0.199999
v 11.200000 2.100000 -0.200001
v 11.200000 2.100000 0.199999
v 11.100000 0.100000 -0.300001
v 11.100000 0.100000 -0.200001
v 11.100000 0.100000 0.199999
v 11.100000 0.100000 0.299999
v 11.100000 0.200000 -0.300001
v 11.100000 0.200000 -0.200001
v 11.100000 0.200000 0.199999
v 11.100000 0.200000 0.299999
v 11.100000 0.300000 -0.200001
v 11.100000 0.300000 0.199999
v 11.100000 1.900000 -0.200001
v 11.100000 1.900000 0.199999
v 11.100000 2.000000 -0.300001
v 11.100000 2.000000 -0.200001
v 11.100000 2.000000 0.199999
v 11.100000 2.000000 0.299999
v 11.100000 2.100000 -0.300001
v 11.100000 2.100000 -0.200001
v 11.100000 2.100000 -0.100000
v 11.100000 2.100000 0.099999
v 11.100000 2.100000 0.199999
v 11.100000 2.100000 0.299999
v 11.100000 2.200000 -0.100000
v 11.100000 2.200000 0.099999
v 11.000000 0.100000 -0.400001
v 11.000000 0.100000 -0.300001
v 11.000000 0.100000 0.299999
v 11.000000 0.100000 0.400000
v 11.000000 0.200000 -0.400001
v 11.000000 0.200000 -0.300001
v 11.000000 0.200000 -0.200001
v 11.000000 0.200000 0.199999
v 11.000000 0.200000 0.299999
v 11.000000 0.200000 0.400000
v 11.000000 0.300000 -0.300001
v 11.000000 0.300000 -0.200001
v 11.000000 0.300000 0.199999
v 11.000000 0.300000 0.299999
v 11.000000 0.400000 -0.200001
v 11.000000 0.400000 0.199999
v 11.000000 1.800000 -0.200001
v 11.000000 1.800000 0.199999
v 11.000000 1.900000 -0.300001
v 11.000000 1.900000 -0.200001
v 11.000000 1.900000 0.199999
v 11.000000 1.900000 0.299999
v 11.000000 2.000000 -0.400001
v 11.000000 2.000000 -0.300001
v 11.000000 2.000000 -0.200001
v 11.000000 2.000000 0.199999
v 11.000000 2.000000 0.299999
v 11.000000 2.000000 0.400000
v 11.000000 2.100000 -0.400001
v 11.000000 2.100000 -0.300001
v 11.000000 2.100000 -0.200001
v 11.000000 2.100000 -0.100000
v 11.000000 2.100000 0.099999
v 11.000000 2.100000 0.199999
v 11.000000 2.100000 0.299999
v 11.000000 2.100000 0.400000
v 11.000000 2.200000 -0.200001
v 11.000000 2.200000 -0.100000
v 11.000000 2.200000 0.099999
v 11.000000 2.200000 0.199999
v 10.900000 0.100000 -0.500001
v 10.900000 0.100000 -0.400001
v 10.900000 0.100000 0.400000
v 10.900000 0.100000 0.499999
v 10.900000 0.200000 -0.500001
v 10.900000 0.200000 -0.400001
v 10.900000 0.200000 -0.300001
v 10.900000 0.200000 0.299999
v 10.900000 0.200000 0.400000
v 10.900000 0.200000 0.499999
v 10.900000 0.300000 -0.400001
v 10.900000 0.300000 -0.300001
v 10.900000 0.300000 -0.200001
v 10.900000 0.300000 0.199999
v 10.900000 0.300000 0.299999
v 10.900000 0.300000 0.400000
v 10.900000 0.400000 -0.300001
v 10.900000 0.400000 -0.200001
v 10.900000 0.400000 0.199999
v 10.900000 0.400000 0.299999
v 10.900000 0.600000 -0.200001
v 10.900000 0.600000 -0.100000
v 10.900000 0.600000 0.099999
v 10.900000 0.600000 0.199999
v 10.900000 1.600000 -0.200001
v 10.900000 1.600000 -0.100000
v 10.900000 1.600000 0.099999
v 10.900000 1.600000 0.199999
v 10.900000 1.800000 -0.300001
v 10.900000 1.800000 -0.200001
v 10.900000 1.800000 0.199999
v 10.900000 1.800000 0.299999
v 10.900000 1.900000 -0.400001
v 10.900000 1.900000 -0.300001
v 10.900000 1.900000 -0.200001
v 10.900000 1.900000 0.199999
v 10.900000 1.900000 0.299999
v 10.900000 1.900000 0.400000
v 10.900000 2.000000 -0.500001
v 10.900000 2.000000 -0.400001
v 10.900000 2.000000 -0.300001
v 10.900000 2.000000 0.299999
v 10.900000 2.000000 0.400000
v 10.900000 2.000000 0.499999
v 10.900000 2.100000 -0.500001
v 10.900000 2.100000 -0.400001
v 10.900000 2.100000 -0.300001
v 10.900000 2.100000 -0.200001
v 10.900000 2.100000 0.199999
v 10.900000 2.100000 0.299999
v 10.900000 2.100000 0.400000
v 10.900000 2.100000 0.499999
v 10.900000 2.200000 -0.300001
v 10.900000 2.200000 -0.200001
v 10.900000 2.200000 -0.100000
v 10.900000 2.200000 0.099999
v 10.900000 2.200000 0.199999
v 10.900000 2.200000 0.299999
v 10.900000 2.300000 -0.100000
v 10.900000 2.300000 0.099999
v 10.800000 0.600000 -0.200001
v 10.800000 0.600000 -0.100000
v 10.800000 0.600000 0.099999
v 10.800000 0.600000 0.199999
v 10.800000 1.600000 -0.200001
v 10.800000 1.600000 -0.100000
v 10.800000 1.600000 0.099999
v 10.800000 1.600000 0.199999
v 10.800000 2.100000 -0.400001
v 10.800000 2.100000 -0.300001
v 10.800000 2.100000 0.299999
v 10.800000 2.100000 0.400000
v 10.800000 2.200000 -0.400001
v 10.800000 2.200000 -0.300001
v 10.800000 2.200000 -0.200001
v 10.800000 2.200000 -0.100000
v 10.800000 2.200000 0.099999
v 10.800000 2.200000 0.199999
v 10.800000 2.200000 0.299999
v 10.800000 2.200000 0.400000
v 10.800000 2.300000 -0.200001
v 10.800000 2.300000 -0.100000
v 10.800000 2.300000 0.099999
v 10.800000 2.300000 0.199999
v 8.900000 0.000000 -1.000001
v 8.900000 -0.000000 0.999999
v 8.900000 0.100000 -0.600000
v 8.900000 0.100000 0.599999
v 8.900000 1.400000 -0.600000
v 8.900000 1.400000 -0.500001
v 8.900000 1.400000 0.499999
v 8.900000 1.400000 0.599999
v 8.900000 1.500000 -0.500001
v 8.900000 1.500000 -0.400001
v 8.900000 1.500000 0.400000
v 8.900000 1.500000 0.499999
v 8.900000 1.600000 -0.400001
v 8.900000 1.600000 -0.300001
v 8.900000 1.600000 0.299999
v 8.900000 1.600000 0.400000
v 8.900000 1.700000 -0.300001
v 8.900000 1.700000 0.299999
v 8.900000 4.000000 -1.000000
v 8.900000 4.000000 1.000000
v 8.900000 4.800000 -1.000000
v 8.900000 4.800000 1.000000
v 8.800000 0.000000 -1.700001
v 8.800000 0.000000 -1.000001
v 8.800000 -0.000000 0.999999
v 8.800000 -0.000000 1.699999
v 8.800000 4.000000 -1.700001
v 8.800000 4.000000 -1.000000
v 8.800000 4.000000 1.000000
v 8.800000 4.000000 1.700000
v 8.800000 4.800000 -1.700000
v 8.800000 4.800000 -1.000000
v 8.800000 4.800000 1.000000
v 8.800000 4.800000 1.700000
v 8.700000 0.000000 -2.200001
v 8.700000 0.000000 -1.700001
v 8.700000 -0.000000 1.699999
v 8.700000 -0.000000 2.199999
v 8.700000 4.000000 -2.200001
v 8.700000 4.000000 -1.700001
v 8.700000 4.000000 1.700000
v 8.700000 4.000000 2.200000
v 8.700000 4.800000 -2.200001
v 8.700000 4.800000 -1.700000
v 8.700000 4.800000 1.700000
v 8.700000 4.800000 2.200000
v 8.600000 0.000000 -2.600001
v 8.600000 0.000000 -2.200001
v 8.600000 -0.000000 2.199999
v 8.600000 -0.000000 2.599999
v 8.600000 4.000000 -2.600000
v 8.600000 4.000000 -2.200001
v 8.600000 4.000000 2.200000
v 8.600000 4.000000 2.599999
v 8.600000 4.800000 -2.600000
v 8.600000 4.800000 -2.200001
v 8.600000 4.800000 2.200000
v 8.600000 4.800000 2.599999
v 8.500000 0.000000 -2.900001
v 8.500000 0.000000 -2.600001
v 8.500000 -0.000000 2.599999
v 8.500000 -0.000000 2.899999
v 8.500000 4.000000 -2.900001
v 8.500000 4.000000 -2.600000
v 8.500000 4.000000 2.599999
v 8.500000 4.000000 2.900000
v 8.500000 4.800000 -2.900001
v 8.500000 4.800000 -2.600000
v 8.500000 4.800000 2.599999
v 8.500000 4.800000 2.900000
v 8.400000 0.000000 -3.200001
v 8.400000 0.000000 -2.900001
v 8.400000 -0.000000 2.899999
v 8.400000 -0.000000 3.199999
v 8.400000 4.000000 -3.200001
v 8.400000 4.000000 -2.900001
v 8.400000 4.000000 2.900000
v 8.400000 4.000000 3.200000
v 8.400000 4.800001 -3.200001
v 8.400000 4.800000 -2.900001
v 8.400000 4.800000 2.900000
v 8.400000 4.800000 3.200000
v 8.300000 0.000000 -3.400001
v 8.300000 0.000000 -3.200001
v 8.300000 -0.000000 3.199999
v 8.300000 -0.000000 3.399999
v 8.300000 4.000000 -3.400001
v 8.300000 4.000000 -3.200001
v 8.300000 4.000000 3.200000
v 8.300000 4.000000 3.400000
v 8.300000 4.800001 -3.400001
v 8.300000 4.800001 -3.200001
v 8.300000 4.800000 3.200000
v 8.300000 4.800000 3.400000
v 8.200000 0.000000 -3.700001
v 8.200000 0.000000 -3.400001
v 8.200000 -0.000000 3.399999
v 8.200000 -0.000000 3.699999
v 8.200000 4.000000 -3.700001
v 8.200000 4.000000 -3.400001
v 8.200000 4.000000 3.400000
v 8.200000 4.000000 3.700000
v 8.200000 4.800001 -3.700000
v 8.200000 4.800001 -3.400000
v 8.200000 4.800000 3.400000
v 8.200000 4.800000 3.700000
v 8.100000 0.000000 -3.900001
v 8.100000 0.000000 -3.700001
v 8.100000 -0.000000 3.699999
v 8.100000 -0.000000 3.899999
v 8.100000 4.000000 -3.900001
v 8.100000 4.000000 -3.700001
v 8.100000 4.000000 3.700000
v 8.100000 4.000000 3.900000
v 8.100000 4.800001 -3.900000
v 8.100000 4.800001 -3.700000
v 8.100000 4.800000 3.700000
v 8.100000 4.800000 3.900000
v 8.000000 0.000000 -4.100000
v 8.000000 0.000000 -3.900001
v 8.000000 -0.000000 3.899999
v 8.000000 -0.000000 4.099999
v 8.000000 4.000000 -4.100000
v 8.000000 4.000000 -3.900001
v 8.000000 4.000000 3.900000
v 8.000000 4.000000 4.099999
v 8.000000 4.800001 -4.100000
v 8.000000 4.800001 -3.900000
v 8.000000 4.800000 3.900000
v 8.000000 4.800000 4.099999
v 7.900000 0.000000 -4.300001
v 7.900000 0.000000 -4.100000
v 7.900001 -0.000000 4.099999
v 7.900001 -0.000000 4.300000
v 7.900000 4.000000 -4.300001
v 7.900000 4.000000 -4.100000
v 7.900001 4.000000 4.099999
v 7.900001 4.000000 4.300000
v 7.900000 4.800001 -4.300001
v 7.900000 4.800001 -4.100000
v 7.900001 4.800000 4.099999
v 7.900001 4.800000 4.300000
v 7.800000 0.000000 -4.400001
v 7.800000 0.000000 -4.300001
v 7.800001 -0.000000 4.300000
v 7.800001 -0.000000 4.400000
v 7.800000 4.000000 -4.400001
v 7.800000 4.000000 -4.300001
v 7.800001 4.000000 4.300000
v 7.800001 4.000000 4.400000
v 7.800000 4.800001 -4.400001
v 7.800000 4.800001 -4.300001
v 7.800001 4.800000 4.300000
v 7.800001 4.800000 4.400000
v 7.699999 0.000000 -4.600000
v 7.699999 0.000000 -4.400001
v 7.700000 -0.000000 4.400000
v 7.700000 -0.000000 4.599999
v 7.699999 4.000000 -4.600000
v 7.699999 4.000000 -4.400001
v 7.700000 4.000000 4.400000
v 7.700000 4.000000 4.599999
v 7.699999 4.800001 -4.600000
v 7.699999 4.800001 -4.400001
v 7.700000 4.800000 4.400000
v 7.700000 4.800000 4.599999
v 7.599999 0.000000 -4.800001
v 7.599999 0.000000 -4.600000
v 7.600000 -0.000000 4.599999
v 7.600000 -0.000000 4.800000
v 7.599999 4.000000 -4.800001
v 7.599999 4.000000 -4.600000
v 7.600000 4.000000 4.599999
v 7.600000 4.000000 4.800000
v 7.599999 4.800001 -4.800001
v 7.599999 4.800001 -4.600000
v 7.600000 4.800000 4.599999
v 7.600000 4.800000 4.800000
v 7.500000 0.000000 -4.900001
v 7.500000 0.000000 -4.800001
v 7.500000 -0.000000 4.800000
v 7.500000 -0.000000 4.900000
v 7.500000 4.000000 -4.900001
v 7.500000 4.000000 -4.800001
v 7.500000 4.000000 4.800000
v 7.500000 4.000000 4.900000
v 7.500000 4.800001 -4.900001
v 7.500000 4.800001 -4.800001
v 7.500000 4.800000 4.800000
v 7.500000 4.800000 4.900000
v 7.400000 0.000000 -5.100000
v 7.400000 0.000000 -4.900001
v 7.400001 -0.000000 4.900000
v 7.400001 -0.000000 5.099999
v 7.400000 4.000000 -5.100000
v 7.400000 4.000000 -4.900001
v 7.400001 4.000000 4.900000
v 7.400001 4.000000 5.099999
v 7.400000 4.800001 -5.100000
v 7.400000 4.800001 -4.900001
v 7.400001 4.800000 4.900000
v 7.400001 4.800000 5.099999
v 7.300000 0.000000 -5.200000
v 7.300000 0.000000 -5.100000
v 7.300001 -0.000000 5.099999
v 7.300001 -0.000000 5.199999
v 7.300000 4.000000 -5.200000
v 7.300000 4.000000 -5.100000
v 7.300001 4.000000 5.099999
v 7.300001 4.000000 5.199999
v 7.300000 4.800001 -5.200000
v 7.300000 4.800001 -5.100000
v 7.300001 4.800000 5.099999
v 7.300001 4.800000 5.199999
v 7.199999 0.000000 -5.400001
v 7.199999 0.000000 -5.200000
v 7.200000 -0.000000 5.199999
v 7.200000 -0.000000 5.400000
v 7.199999 4.000000 -5.400001
v 7.199999 4.000000 -5.200000
v 7.200000 4.000000 5.199999
v 7.200000 4.000000 5.400000
v 7.199999 4.800001 -5.400001
v 7.199999 4.800001 -5.200000
v 7.200000 4.800000 5.199999
v 7.200000 4.800000 5.400000
v 7.099999 0.000000 -5.500000
v 7.099999 0.000000 -5.400001
v 7.100000 -0.000000 5.400000
v 7.100000 -0.000000 5.500000
v 7.099999 4.000000 -5.500000
v 7.099999 4.000000 -5.400001
v 7.100000 4.000000 5.400000
v 7.100000 4.000000 5.500000
v 7.099999 4.800001 -5.500000
v 7.099999 4.800001 -5.400001
v 7.100000 4.800000 5.400000
v 7.100000 4.800000 5.500000
v 7.000000 0.000000 -5.600000
v 7.000000 0.000000 -5.500000
v 7.000000 -0.000000 5.500000
v 7.000000 -0.000000 5.599999
v 7.000000 4.000000 -5.600000
v 7.000000 4.000000 -5.500000
v 7.000000 4.000000 5.500000
v 7.000000 4.000000 5.599999
v 7.000000 4.800001 -5.600000
v 7.000000 4.800001 -5.500000
v 7.000000 4.800000 5.500000
v 7.000000 4.800000 5.599999
v 6.900000 0.000000 -5.700000
v 6.900000 0.000000 -5.600000
v 6.900001 -0.000000 5.599999
v 6.900001 -0.000000 5.699999
v 6.900000 4.000000 -5.700000
v 6.900000 4.000000 -5.600000
v 6.900001 4.000000 5.599999
v 6.900001 4.000000 5.699999
v 6.900000 4.800001 -5.700000
v 6.900000 4.800001 -5.600000
v 6.900001 4.800000 5.599999
v 6.900001 4.800000 5.699999
v 6.800000 0.000000 -5.900001
v 6.800000 0.000000 -5.700000
v 6.800001 -0.000000 5.699999
v 6.800001 -0.000000 5.900000
v 6.800000 4.000000 -5.900001
v 6.800000 4.000000 -5.700000
v 6.800001 4.000000 5.699999
v 6.800001 4.000000 5.900000
v 6.800000 4.800001 -5.900000
v 6.800000 4.800001 -5.700000
v 6.800001 4.800000 5.700000
v 6.800001 4.800000 5.900000
v 6.699999 0.000000 -6.000000
v 6.699999 0.000000 -5.900001
v 6.700000 -0.000000 5.900000
v 6.700000 -0.000000 6.000000
v 6.699999 4.000000 -6.000000
v 6.699999 4.000000 -5.900001
v 6.700000 4.000000 5.900000
v 6.700000 4.000000 6.000000
v 6.699999 4.800001 -6.000000
v 6.699999 4.800001 -5.900000
v 6.700000 4.800000 5.900000
v 6.700000 4.800000 6.000000
v 6.599999 0.000000 -6.100000
v 6.599999 0.000000 -6.000000
v 6.600000 -0.000000 6.000000
v 6.600000 -0.000000 6.099999
v 6.599999 4.000000 -6.100000
v 6.599999 4.000000 -6.000000
v 6.600000 4.000000 6.000000
v 6.600000 4.000000 6.099999
v 6.599999 4.800001 -6.100000
v 6.599999 4.800001 -6.000000
v 6.600000 4.800000 6.000000
v 6.600000 4.800000 6.100000
v 6.500000 0.000000 -6.200000
v 6.500000 0.000000 -6.100000
v 6.500000 -0.000000 6.099999
v 6.500000 -0.000000 6.199999
v 6.500000 4.000000 -6.200000
v 6.500000 4.000000 -6.100000
v 6.500000 4.000000 6.099999
v 6.500000 4.000000 6.199999
v 6.500000 4.800001 -6.200000
v 6.500000 4.800001 -6.100000
v 6.500000 4.800000 6.100000
v 6.500000 4.800000 6.200000
v 6.400000 0.000000 -6.300001
v 6.400000 0.000000 -6.200000
v 6.400001 -0.000000 6.199999
v 6.400001 -0.000000 6.300000
v 6.400000 4.000000 -6.300001
v 6.400000 4.000000 -6.200000
v 6.400001 4.000000 6.199999
v 6.400001 4.000000 6.300000
v 6.400000 4.800001 -6.300000
v 6.400000 4.800001 -6.200000
v 6.400001 4.800000 6.200000
v 6.400001 4.800000 6.300000
v 6.300000 0.000000 -6.400001
v 6.300000 0.000000 -6.300001
v 6.300001 -0.000000 6.300000
v 6.300001 -0.000000 6.400000
v 6.300000 4.000000 -6.400001
v 6.300000 4.000000 -6.300001
v 6.300001 4.000000 6.300000
v 6.300001 4.000000 6.400000
v 6.300000 4.800001 -6.400000
v 6.300000 4.800001 -6.300000
v 6.300001 4.800000 6.300000
v 6.300001 4.800000 6.400000
v 6.199999 0.000000 -6.500000
v 6.199999 0.000000 -6.400001
v 6.200000 -0.000000 6.400000
v 6.200000 -0.000000 6.500000
v 6.199999 4.000000 -6.500000
v 6.199999 4.000000 -6.400001
v 6.200000 4.000000 6.400000
v 6.200000 4.000000 6.500000
v 6.199999 4.800001 -6.500000
v 6.199999 4.800001 -6.400000
v 6.200000 4.800000 6.400000
v 6.200000 4.800000 6.500000
v 6.099999 0.000000 -6.600000
v 6.099999 0.000000 -6.500000
v 6.100000 -0.000000 6.500000
v 6.100000 -0.000000 6.599999
v 6.099999 4.000000 -6.600000
v 6.099999 4.000000 -6.500000
v 6.100000 4.000000 6.500000
v 6.100000 4.000000 6.600000
v 6.099999 4.800001 -6.600000
v 6.099999 4.800001 -6.500000
v 6.100000 4.800000 6.500000
v 6.100000 4.800000 6.600000
v 6.000000 0.000001 -6.700000
v 6.000000 0.000000 -6.600000
v 6.000000 -0.000000 6.599999
v 6.000000 -0.000001 6.699999
v 6.000000 0.100000 -0.200001
v 6.000000 0.100000 0.199999
v 6.000000 0.200000 -0.200001
v 6.000000 0.200000 0.199999
v 6.000000 2.000000 -0.200000
v 6.000000 2.000000 0.200000
v 6.000000 2.100000 -0.200000
v 6.000000 2.100000 0.200000
v 6.000000 4.000000 -6.700000
v 6.000000 4.000000 -6.600000
v 6.000000 4.000000 6.600000
v 6.000000 4.000000 6.700000
v 6.000000 4.800001 -6.700000
v 6.000000 4.800001 -6.600000
v 6.000000 4.800000 6.600000
v 6.000000 4.800000 6.700000
v 5.900000 0.000001 -6.800001
v 5.900000 0.000001 -6.700000
v 5.900001 -0.000001 6.699999
v 5.900001 -0.000001 6.800000
v 5.900000 0.100000 -0.300001
v 5.900000 0.100000 -0.200001
v 5.900000 0.100000 0.199999
v 5.900000 0.100000 0.300000
v 5.900000 0.200000 -0.300001
v 5.900000 0.200000 -0.200001
v 5.900000 0.200000 0.199999
v 5.900000 0.200000 0.300000
v 5.900000 0.300000 -0.200000
v 5.900000 0.300000 0.200000
v 5.900000 1.900000 -0.200000
v 5.900000 1.900000 0.200000
v 5.900000 2.000000 -0.300000
v 5.900000 2.000000 -0.200000
v 5.900000 2.000000 0.200000
v 5.900000 2.000000 0.300000
v 5.900000 2.100000 -0.300000
v 5.900000 2.100000 -0.200000
v 5.900000 2.100000 -0.100000
v 5.900000 2.100000 0.100000
v 5.900000 2.100000 0.200000
v 5.900000 2.100000 0.300000
v 5.900000 2.200000 -0.100000
v 5.900000 2.200000 0.100000
v 5.900000 4.000000 -6.800000
v 5.900000 4.000000 -6.700000
v 5.900001 4.000000 6.700000
v 5.900001 4.000000 6.800000
v 5.900000 4.800001 -6.800000
v 5.900000 4.800001 -6.700000
v 5.900001 4.800000 6.700000
v 5.900001 4.800000 6.800000
v 5.800000 0.100000 -0.400001
v 5.800000 0.100000 -0.300001
v 5.800000 0.100000 0.300000
v 5.800000 0.100000 0.400000
v 5.800000 0.200000 -0.400001
v 5.800000 0.200000 -0.300001
v 5.800000 0.200000 -0.200000
v 5.800000 0.200000 0.200000
v 5.800000 0.200000 0.300000
v 5.800000 0.200000 0.400000
v 5.800000 0.300000 -0.300000
v 5.800000 0.300000 -0.200000
v 5.800000 0.300000 0.200000
v 5.800000 0.300000 0.300000
v 5.800000 0.400000 -0.200000
v 5.800000 0.400000 0.200000
v 5.800000 1.800000 -0.200000
v 5.800000 1.800000 0.200000
v 5.800000 1.900000 -0.300000
v 5.800000 1.900000 -0.200000
v 5.800000 1.900000 0.200000
v 5.800000 1.900000 0.300000
v 5.800000 2.000000 -0.400000
v 5.800000 2.000000 -0.300000
v 5.800000 2.000000 -0.200000
v 5.800000 2.000000 0.200000
v 5.800000 2.000000 0.300000
v 5.800000 2.000000 0.400001
v 5.800000 2.100000 -0.400000
v 5.800000 2.100000 -0.300000
v 5.800000 2.100000 -0.200000
v 5.800000 2.100000 -0.100000
v 5.800000 2.100000 0.100000
v 5.800000 2.100000 0.200000
v 5.800000 2.100000 0.300000
v 5.800000 2.100000 0.400001
v 5.800000 2.200000 -0.200000
v 5.800000 2.200000 -0.100000
v 5.800000 2.200000 0.100000
v 5.800000 2.200000 0.200000
v 5.699999 0.000001 -6.900001
v 5.699999 0.000001 -6.800001
v 5.700000 -0.000001 6.800000
v 5.700000 -0.000001 6.900000
v 5.700000 0.100000 -0.500000
v 5.700000 0.100000 -0.400000
v 5.700000 0.100000 0.400001
v 5.700000 0.100000 0.500000
v 5.700000 0.200000 -0.500000
v 5.700000 0.200000 -0.400000
v 5.700000 0.200000 -0.300000
v 5.700000 0.200000 0.300000
v 5.700000 0.200000 0.400001
v 5.700000 0.200000 0.500000
v 5.700000 0.300000 -0.400000
v 5.700000 0.300000 -0.300000
v 5.700000 0.300000 -0.200000
v 5.700000 0.300000 0.200000
v 5.700000 0.300000 0.300000
v 5.700000 0.300000 0.400001
v 5.700000 0.400000 -0.300000
v 5.700000 0.400000 -0.200000
v 5.700000 0.400000 0.200000
v 5.700000 0.400000 0.300000
v 5.700000 0.600000 -0.200000
v 5.700000 0.600000 -0.100000
v 5.700000 0.600000 0.100000
v 5.700000 0.600000 0.200000
v 5.700000 1.600000 -0.200000
v 5.700000 1.600000 -0.100000
v 5.700000 1.600000 0.100000
v 5.700000 1.600000 0.200000
v 5.700000 1.800000 -0.300000
v 5.700000 1.800000 -0.200000
v 5.700000 1.800000 0.200000
v 5.700000 1.800000 0.300000
v 5.700000 1.900000 -0.400000
v 5.700000 1.900000 -0.300000
v 5.700000 1.900000 -0.200000
v 5.700000 1.900000 0.200000
v 5.700000 1.900000 0.300000
v 5.700000 1.900000 0.400001
v 5.700000 2.000000 -0.500000
v 5.700000 2.000000 -0.400000
v 5.700000 2.000000 -0.300000
v 5.700000 2.000000 0.300000
v 5.700000 2.000000 0.400001
v 5.700000 2.000000 0.500000
v 5.700000 2.100000 -0.500000
v 5.700000 2.100000 -0.400000
v 5.700000 2.100000 -0.300000
v 5.700000 2.100000 -0.200000
v 5.700000 2.100000 0.200000
v 5.700000 2.100000 0.300000
v 5.700000 2.100000 0.400001
v 5.700000 2.100000 0.500000
v 5.700000 2.200000 -0.300000
v 5.700000 2.200000 -0.200000
v 5.700000 2.200000 -0.100000
v 5.700000 2.200000 0.100000
v 5.700000 2.200000 0.200000
v 5.700000 2.200000 0.300000
v 5.700000 2.300000 -0.100000
v 5.700000 2.300000 0.100000
v 5.699999 4.000000 -6.900000
v 5.699999 4.000000 -6.800000
v 5.700000 4.000000 6.800000
v 5.700000 4.000000 6.900000
v 5.699999 4.800001 -6.900000
v 5.699999 4.800001 -6.800000
v 5.700000 4.800000 6.800000
v 5.700000 4.800000 6.900000
v 5.599999 0.000001 -7.000000
v 5.599999 0.000001 -6.900001
v 5.600000 -0.000001 6.900000
v 5.600000 -0.000001 7.000000
v 5.600000 0.600000 -0.200000
v 5.600000 0.600000 -0.100000
v 5.600000 0.600000 0.100000
v 5.600000 0.600000 0.200000
v 5.600000 1.600000 -0.200000
v 5.600000 1.600000 -0.100000
v 5.600000 1.600000 0.100000
v 5.600000 1.600000 0.200000
v 5.600000 2.100000 -0.400000
v 5.600000 2.100000 -0.300000
v 5.600000 2.100000 0.300000
v 5.600000 2.100000 0.400001
v 5.600000 2.200000 -0.400000
v 5.600000 2.200000 -0.300000
v 5.600000 2.200000 -0.200000
v 5.600000 2.200000 -0.100000
v 5.600000 2.200000 0.100000
v 5.600000 2.200000 0.200000
v 5.600000 2.200000 0.300000
v 5.600000 2.200000 0.400001
v 5.600000 2.300000 -0.200000
v 5.600000 2.300000 -0.100000
v 5.600000 2.300000 0.100000
v 5.600000 2.300000 0.200000
v 5.599999 4.000000 -7.000000
v 5.599999 4.000000 -6.900000
v 5.600000 4.000000 6.900000
v 5.600000 4.000000 7.000000
v 5.599999 4.800001 -7.000000
v 5.599999 4.800001 -6.900000
v 5.600000 4.800000 6.900000
v 5.600000 4.800000 7.000000
v 5.500000 0.000001 -7.100000
v 5.500000 0.000001 -7.000000
v 5.500000 -0.000001 7.000000
v 5.500000 -0.000001 7.099999
v 5.500000 4.000000 -7.100000
v 5.500000 4.000000 -7.000000
v 5.500000 4.000000 7.000000
v 5.500000 4.000000 7.100000
v 5.500000 4.800001 -7.100000
v 5.500000 4.800001 -7.000000
v 5.500000 4.800000 7.000000
v 5.500000 4.800000 7.100000
v 5.400000 0.000001 -7.200000
v 5.400000 0.000001 -7.100000
v 5.400001 -0.000001 7.099999
v 5.400001 -0.000001 7.199999
v 5.400000 4.000000 -7.200000
v 5.400000 4.000000 -7.100000
v 5.400001 4.000000 7.100000
v 5.400001 4.000000 7.200000
v 5.400000 4.800001 -7.200000
v 5.400000 4.800001 -7.100000
v 5.400001 4.800000 7.100000
v 5.400001 4.800000 7.200000
v 5.199999 0.000001 -7.300001
v 5.199999 0.000001 -7.200000
v 5.200000 -0.000001 7.199999
v 5.200000 -0.000001 7.300000
v 5.199999 4.000000 -7.300000
v 5.199999 4.000000 -7.200000
v 5.200000 4.000000 7.200000
v 5.200000 4.000000 7.300000
v 5.199999 4.800001 -7.300000
v 5.199999 4.800001 -7.200000
v 5.200000 4.800000 7.200000
v 5.200000 4.800000 7.300000
v 5.099999 0.000001 -7.400001
v 5.099999 0.000001 -7.300001
v 5.100000 -0.000001 7.300000
v 5.100000 -0.000001 7.400000
v 5.099999 4.000000 -7.400000
v 5.099999 4.000000 -7.300000
v 5.100000 4.000000 7.300000
v 5.100000 4.000000 7.400000
v 5.099999 4.800001 -7.400000
v 5.099999 4.800001 -7.300000
v 5.100000 4.800000 7.300000
v 5.100000 4.800000 7.400000
v 4.900000 0.000001 -7.500000
v 4.900000 0.000001 -7.400001
v 4.900001 -0.000001 7.400000
v 4.900001 -0.000001 7.500000
v 4.900000 4.000000 -7.500000
v 4.900000 4.000000 -7.400000
v 4.900001 4.000000 7.400000
v 4.900001 4.000000 7.500000
v 4.900000 4.800001 -7.500000
v 4.900000 4.800001 -7.400000
v 4.900001 4.800000 7.400000
v 4.900001 4.800000 7.500000
v 4.800000 0.000001 -7.600000
v 4.800000 0.000001 -7.500000
v 4.800001 -0.000001 7.500000
v 4.800001 -0.000001 7.599999
v 4.800000 4.000000 -7.600000
v 4.800000 4.000000 -7.500000
v 4.800001 4.000000 7.500000
v 4.800001 4.000000 7.600000
v 4.800000 4.800001 -7.600000
v 4.800000 4.800001 -7.500000
v 4.800001 4.800000 7.500000
v 4.800001 4.800000 7.600000
v 4.599999 0.000001 -7.700000
v 4.599999 0.000001 -7.600000
v 4.600000 -0.000001 7.599999
v 4.600000 -0.000001 7.699999
v 4.599999 4.000000 -7.700000
v 4.599999 4.000000 -7.600000
v 4.600000 4.000000 7.600000
v 4.600000 4.000000 7.700000
v 4.599999 4.800001 -7.700000
v 4.599999 4.800001 -7.600000
v 4.600000 4.800000 7.600000
v 4.600000 4.800000 7.700000
v 4.500000 0.100000 -4.100000
v 4.500000 0.100000 -3.700001
v 4.500000 0.200000 -4.100000
v 4.500000 0.200000 -3.700001
v 4.500000 2.000000 -4.100000
v 4.500000 2.000000 -3.700000
v 4.500000 2.100000 -4.100000
v 4.500000 2.100000 -3.700000
v 4.400000 0.000001 -7.800001
v 4.400000 0.000001 -7.700000
v 4.400001 -0.000001 7.699999
v 4.400001 -0.000001 7.800000
v 4.400000 0.100000 -4.200000
v 4.400000 0.100000 -4.100000
v 4.400000 0.100000 -3.700001
v 4.400000 0.100000 -3.600000
v 4.400000 0.200000 -4.200000
v 4.400000 0.200000 -4.100000
v 4.400000 0.200000 -3.700001
v 4.400000 0.200000 -3.600000
v 4.400000 0.300000 -4.100000
v 4.400000 0.300000 -3.700001
v 4.400000 1.900000 -4.100000
v 4.400000 1.900000 -3.700000
v 4.400000 2.000000 -4.200000
v 4.400000 2.000000 -4.100000
v 4.400000 2.000000 -3.700000
v 4.400000 2.000000 -3.600000
v 4.400000 2.100000 -4.200000
v 4.400000 2.100000 -4.100000
v 4.400000 2.100000 -4.000000
v 4.400000 2.100000 -3.800000
v 4.400000 2.100000 -3.700000
v 4.400000 2.100000 -3.600000
v 4.400000 2.200000 -4.000000
v 4.400000 2.200000 -3.800000
v 4.400000 4.000000 -7.800000
v 4.400000 4.000000 -7.700000
v 4.400001 4.000000 7.700000
v 4.400001 4.000000 7.800000
v 4.400000 4.800001 -7.800000
v 4.400000 4.800001 -7.700000
v 4.400001 4.800000 7.700000
v 4.400001 4.800000 7.800000
v 4.300000 0.000001 -7.900001
v 4.300000 0.000001 -7.800001
v 4.300001 -0.000001 7.800000
v 4.300001 -0.000001 7.900000
v 4.300000 0.100000 -4.300001
v 4.300000 0.100000 -4.200000
v 4.300000 0.100000 -3.600000
v 4.300000 0.100000 -3.500000
v 4.300000 0.200000 -4.300001
v 4.300000 0.200000 -4.200000
v 4.300000 0.200000 -4.100000
v 4.300000 0.200000 -3.700001
v 4.300000 0.200000 -3.600000
v 4.300000 0.200000 -3.500000
v 4.300000 0.300000 -4.200000
v 4.300000 0.300000 -4.100000
v 4.300000 0.300000 -3.700000
v 4.300000 0.300000 -3.600000
v 4.300000 0.400000 -4.100000
v 4.300000 0.400000 -3.700000
v 4.300000 1.800000 -4.100000
v 4.300000 1.800000 -3.700000
v 4.300000 1.900000 -4.200000
v 4.300000 1.900000 -4.100000
v 4.300000 1.900000 -3.700000
v 4.300000 1.900000 -3.600000
v 4.300000 2.000000 -4.300000
v 4.300000 2.000000 -4.200000
v 4.300000 2.000000 -4.100000
v 4.300000 2.000000 -3.700000
v 4.300000 2.000000 -3.600000
v 4.300000 2.000000 -3.500000
v 4.300000 2.100000 -4.300000
v 4.300000 2.100000 -4.200000
v 4.300000 2.100000 -4.100000
v 4.300000 2.100000 -4.000000
v 4.300000 2.100000 -3.800000
v 4.300000 2.100000 -3.700000
v 4.300000 2.100000 -3.600000
v 4.300000 2.100000 -3.500000
v 4.300000 2.200000 -4.100000
v 4.300000 2.200000 -4.000000
v 4.300000 2.200000 -3.800000
v 4.300000 2.200000 -3.700000
v 4.300000 4.000000 -7.900000
v 4.300000 4.000000 -7.800000
v 4.300001 4.000000 7.800000
v 4.300001 3.999999 7.900000
v 4.300000 4.800001 -7.900000
v 4.300000 4.800001 -7.800000
v 4.300001 4.800000 7.800000
v 4.300001 4.800000 7.900000
v 4.199999 0.100000 -4.400001
v 4.199999 0.100000 -4.300001
v 4.199999 0.100000 -3.500000
v 4.199999 0.100000 -3.400001
v 4.199999 0.200000 -4.400001
v 4.199999 0.200000 -4.300001
v 4.199999 0.200000 -4.200000
v 4.199999 0.200000 -3.600000
v 4.199999 0.200000 -3.500000
v 4.199999 0.200000 -3.400000
v 4.199999 0.300000 -4.300001
v 4.199999 0.300000 -4.200000
v 4.199999 0.300000 -4.100000
v 4.199999 0.300000 -3.700000
v 4.199999 0.300000 -3.600000
v 4.199999 0.300000 -3.500000
v 4.199999 0.400000 -4.200000
v 4.199999 0.400000 -4.100000
v 4.199999 0.400000 -3.700000
v 4.199999 0.400000 -3.600000
v 4.199999 0.600000 -4.100000
v 4.199999 0.600000 -4.000000
v 4.199999 0.600000 -3.800000
v 4.199999 0.600000 -3.700000
v 4.199999 1.600000 -4.100000
v 4.199999 1.600000 -4.000000
v 4.199999 1.600000 -3.800000
v 4.199999 1.600000 -3.700000
v 4.199999 1.800000 -4.200000
v 4.199999 1.800000 -4.100000
v 4.199999 1.800000 -3.700000
v 4.199999 1.800000 -3.600000
v 4.199999 1.900000 -4.300000
v 4.199999 1.900000 -4.200000
v 4.199999 1.900000 -4.100000
v 4.199999 1.900000 -3.700000
v 4.199999 1.900000 -3.600000
v 4.199999 1.900000 -3.500000
v 4.199999 2.000000 -4.400000
v 4.199999 2.000000 -4.300000
v 4.199999 2.000000 -4.200000
v 4.199999 2.000000 -3.600000
v 4.199999 2.000000 -3.500000
v 4.199999 2.000000 -3.400000
v 4.199999 2.100000 -4.400000
v 4.199999 2.100000 -4.300000
v 4.199999 2.100000 -4.200000
v 4.199999 2.100000 -4.100000
v 4.199999 2.100000 -3.700000
v 4.199999 2.100000 -3.600000
v 4.199999 2.100000 -3.500000
v 4.199999 2.100000 -3.400000
v 4.199999 2.200000 -4.200000
v 4.199999 2.200000 -4.100000
v 4.199999 2.200000 -4.000000
v 4.199999 2.200000 -3.800000
v 4.199999 2.200000 -3.700000
v 4.199999 2.200000 -3.600000
v 4.199999 2.300000 -4.000000
v 4.199999 2.300000 -3.800000
v 4.099999 0.000001 -8.000000
v 4.099999 0.000001 -7.900001
v 4.100000 -0.000001 7.900000
v 4.100000 -0.000001 8.000000
v 4.099999 0.600000 -4.100000
v 4.099999 0.600000 -4.000000
v 4.099999 0.600000 -3.800000
v 4.099999 0.600000 -3.700000
v 4.099999 1.600000 -4.100000
v 4.099999 1.600000 -4.000000
v 4.099999 1.600000 -3.800000
v 4.099999 1.600000 -3.700000
v 4.099999 2.100000 -4.300000
v 4.099999 2.100000 -4.200000
v 4.099999 2.100000 -3.600000
v 4.099999 2.100000 -3.500000
v 4.099999 2.200000 -4.300000
v 4.099999 2.200000 -4.200000
v 4.099999 2.200000 -4.100000
v 4.099999 2.200000 -4.000000
v 4.099999 2.200000 -3.800000
v 4.099999 2.200000 -3.700000
v 4.099999 2.200000 -3.600000
v 4.099999 2.200000 -3.500000
v 4.099999 2.300000 -4.100000
v 4.099999 2.300000 -4.000000
v 4.099999 2.300000 -3.800000
v 4.099999 2.300000 -3.700000
v 4.099999 4.000000 -8.000000
v 4.099999 4.000000 -7.900000
v 4.100000 3.999999 7.900000
v 4.100000 3.999999 8.000000
v 4.099999 4.800001 -8.000000
v 4.099999 4.800001 -7.900000
v 4.100000 4.800000 7.900000
v 4.100000 4.800000 8.000000
v 3.899999 0.000001 -8.100000
v 3.899999 0.000001 -8.000000
v 3.900001 -0.000001 8.000000
v 3.900001 -0.000001 8.100000
v 3.899999 4.000000 -8.100000
v 3.899999 4.000000 -8.000000
v 3.900001 3.999999 8.000000
v 3.900001 3.999999 8.100000
v 3.899999 4.800001 -8.100000
v 3.899999 4.800001 -8.000000
v 3.900001 4.800000 8.000000
v 3.900001 4.800000 8.100000
v 3.699999 0.000001 -8.200000
v 3.699999 0.000001 -8.100000
v 3.700001 -0.000001 8.100000
v 3.700001 -0.000001 8.200000
v 3.699999 4.000000 -8.200000
v 3.699999 4.000000 -8.100000
v 3.700001 3.999999 8.100000
v 3.700001 3.999999 8.200000
v 3.699999 4.800001 -8.200000
v 3.699999 4.800001 -8.100000
v 3.700001 4.800000 8.100000
v 3.700001 4.800000 8.200000
v 3.399999 0.000001 -8.300000
v 3.399999 0.000001 -8.200000
v 3.400001 -0.000001 8.200000
v 3.400001 -0.000001 8.300000
v 3.399999 4.000000 -8.300000
v 3.399999 4.000000 -8.200000
v 3.400001 3.999999 8.200000
v 3.400001 3.999999 8.300000
v 3.399999 4.800001 -8.300000
v 3.399999 4.800001 -8.200000
v 3.400001 4.800000 8.200000
v 3.400001 4.800000 8.300000
v 3.199999 0.000001 -8.400000
v 3.199999 0.000001 -8.300000
v 3.200001 -0.000001 8.300000
v 3.200001 -0.000001 8.400000
v 3.199999 4.000000 -8.400000
v 3.199999 4.000000 -8.300000
v 3.200001 3.999999 8.300000
v 3.200001 3.999999 8.400000
v 3.199999 4.800001 -8.400000
v 3.199999 4.800001 -8.300000
v 3.200001 4.800000 8.300000
v 3.200001 4.800000 8.400000
v 2.899999 0.000001 -8.500000
v 2.899999 0.000001 -8.400000
v 2.900001 -0.000001 8.400000
v 2.900001 -0.000001 8.500000
v 2.899999 4.000000 -8.500000
v 2.899999 4.000000 -8.400000
v 2.900001 3.999999 8.400000
v 2.900001 3.999999 8.500000
v 2.899999 4.800001 -8.500000
v 2.899999 4.800001 -8.400000
v 2.900001 4.800000 8.400000
v 2.900001 4.800000 8.500000
v 2.599999 0.000001 -8.600000
v 2.599999 0.000001 -8.500000
v 2.600001 -0.000001 8.500000
v 2.600001 -0.000001 8.600000
v 2.599999 4.000000 -8.600000
v 2.599999 4.000000 -8.500000
v 2.600001 3.999999 8.500000
v 2.600001 3.999999 8.600000
v 2.599999 4.800001 -8.600000
v 2.599999 4.800001 -8.500000
v 2.600001 4.800000 8.500000
v 2.600001 4.800000 8.600000
v 2.199999 0.000001 -8.700000
v 2.199999 0.000001 -8.600000
v 2.200001 -0.000001 8.600000
v 2.200001 -0.000001 8.700000
v 2.199999 4.000000 -8.700000
v 2.199999 4.000000 -8.600000
v 2.200001 3.999999 8.600000
v 2.200001 3.999999 8.700000
v 2.199999 4.800001 -8.700000
v 2.199999 4.800001 -8.600000
v 2.200001 4.800000 8.600000
v 2.200001 4.800000 8.700000
v 1.699999 0.000001 -8.800000
v 1.699999 0.000001 -8.700000
v 1.700001 -0.000001 8.700000
v 1.700001 -0.000001 8.800000
v 1.699999 4.000000 -8.800000
v 1.699999 4.000000 -8.700000
v 1.700001 3.999999 8.700000
v 1.700001 3.999999 8.800000
v 1.699999 4.800001 -8.800000
v 1.699999 4.800001 -8.700000
v 1.700001 4.800000 8.700000
v 1.700001 4.800000 8.800000
v 0.999999 0.000001 -8.900000
v 0.999999 0.000001 -8.800000
v 1.000001 -0.000001 8.800000
v 1.000001 -0.000001 8.900000
v 0.999999 4.000000 -8.900000
v 0.999999 4.000000 -8.800000
v 1.000001 3.999999 8.800000
v 1.000001 3.999999 8.900000
v 0.999999 4.800001 -8.900000
v 0.999999 4.800001 -8.800000
v 1.000001 4.800000 8.800000
v 1.000001 4.800000 8.900000
v 0.499999 0.100000 -5.700000
v 0.500000 0.100000 -5.300000
v 0.499999 0.200000 -5.700000
v 0.500000 0.200000 -5.300000
v 0.499999 2.000000 -5.700000
v 0.500000 2.000000 -5.300000
v 0.499999 2.100000 -5.700000
v 0.500000 2.100000 -5.300000
v 0.399999 0.100000 -5.800000
v 0.399999 0.100000 -5.700000
v 0.400000 0.100000 -5.300000
v 0.400000 0.100000 -5.200000
v 0.399999 0.200000 -5.800000
v 0.399999 0.200000 -5.700000
v 0.400000 0.200000 -5.300000
v 0.400000 0.200000 -5.200000
v 0.399999 0.300000 -5.700000
v 0.400000 0.300000 -5.300000
v 0.399999 1.900000 -5.700000
v 0.400000 1.900000 -5.300000
v 0.399999 2.000000 -5.800000
v 0.399999 2.000000 -5.700000
v 0.400000 2.000000 -5.300000
v 0.400000 2.000000 -5.200000
v 0.399999 2.100000 -5.800000
v 0.399999 2.100000 -5.700000
v 0.400000 2.100000 -5.600000
v 0.400000 2.100000 -5.400000
v 0.400000 2.100000 -5.300000
v 0.400000 2.100000 -5.200000
v 0.400000 2.200001 -5.600000
v 0.400000 2.200001 -5.400000
v 0.300000 0.100000 -5.900000
v 0.300000 0.100000 -5.800000
v 0.300000 0.100000 -5.200000
v 0.300000 0.100000 -5.100000
v 0.300000 0.200000 -5.900000
v 0.300000 0.200000 -5.800000
v 0.300000 0.200000 -5.700000
v 0.300000 0.200000 -5.300000
v 0.300000 0.200000 -5.200000
v 0.300000 0.200000 -5.100000
v 0.300000 0.300000 -5.800000
v 0.300000 0.300000 -5.700000
v 0.300000 0.300000 -5.300000
v 0.300000 0.300000 -5.200000
v 0.300000 0.400000 -5.700000
v 0.300000 0.400000 -5.300000
v 0.300000 1.800000 -5.700000
v 0.300000 1.800000 -5.300000
v 0.300000 1.900000 -5.800000
v 0.300000 1.900000 -5.700000
v 0.300000 1.900000 -5.300000
v 0.300000 1.900000 -5.200000
v 0.300000 2.000000 -5.900000
v 0.300000 2.000000 -5.800000
v 0.300000 2.000000 -5.700000
v 0.300000 2.000000 -5.300000
v 0.300000 2.000000 -5.200000
v 0.300000 2.000000 -5.100000
v 0.300000 2.100000 -5.900000
v 0.300000 2.100000 -5.800000
v 0.300000 2.100000 -5.700000
v 0.300000 2.100000 -5.600000
v 0.300000 2.100000 -5.400000
v 0.300000 2.100000 -5.300000
v 0.300000 2.100000 -5.200000
v 0.300000 2.100000 -5.100000
v 0.300000 2.200001 -5.700000
v 0.300000 2.200001 -5.600000
v 0.300000 2.200001 -5.400000
v 0.300000 2.200001 -5.300000
v 0.200000 0.000000 -5.100000
v 0.200000 0.000000 -5.000000
v 0.199999 0.100000 -6.000000
v 0.199999 0.100000 -5.900000
v 0.200000 0.100000 -5.100000
v 0.200000 0.100000 -5.000000
v 0.199999 0.200000 -6.000000
v 0.199999 0.200000 -5.900000
v 0.199999 0.200000 -5.800000
v 0.200000 0.200000 -5.200000
v 0.200000 0.200000 -5.100000
v 0.200000 0.200000 -5.000000
v 0.199999 0.300000 -5.900000
v 0.199999 0.300000 -5.800000
v 0.200000 0.300000 -5.700000
v 0.200000 0.300000 -5.300000
v 0.200000 0.300000 -5.200000
v 0.200000 0.300000 -5.100000
v 0.199999 0.400000 -5.800000
v 0.200000 0.400000 -5.700000
v 0.200000 0.400000 -5.300000
v 0.200000 0.400000 -5.200000
v 0.200000 0.600000 -5.700000
v 0.200000 0.600000 -5.600000
v 0.200000 0.600000 -5.400000
v 0.200000 0.600000 -5.300000
v 0.200000 1.600001 -5.700000
v 0.200000 1.600001 -5.600000
v 0.200000 1.600000 -5.400000
v 0.200000 1.600000 -5.300000
v 0.199999 1.800000 -5.800000
v 0.200000 1.800000 -5.700000
v 0.200000 1.800000 -5.300000
v 0.200000 1.800000 -5.200000
v 0.199999 1.900000 -5.900000
v 0.199999 1.900000 -5.800000
v 0.200000 1.900000 -5.700000
v 0.200000 1.900000 -5.300000
v 0.200000 1.900000 -5.200000
v 0.200000 1.900000 -5.100000
v 0.199999 2.000000 -6.000000
v 0.199999 2.000000 -5.900000
v 0.199999 2.000000 -5.800000
v 0.200000 2.000000 -5.200000
v 0.200000 2.000000 -5.100000
v 0.200000 2.000000 -5.000000
v 0.199999 2.100000 -6.000000
v 0.199999 2.100000 -5.900000
v 0.199999 2.100000 -5.800000
v 0.200000 2.100000 -5.700000
v 0.200000 2.100000 -5.300000
v 0.200000 2.100000 -5.200000
v 0.200000 2.100000 -5.100000
v 0.200000 2.100000 -5.000000
v 0.199999 2.200001 -5.800000
v 0.200000 2.200001 -5.700000
v 0.200000 2.200001 -5.600000
v 0.200000 2.200001 -5.400000
v 0.200000 2.200001 -5.300000
v 0.200000 2.200001 -5.200000
v 0.200000 2.300000 -5.600000
v 0.200000 2.300000 -5.400000
v 0.100000 0.600000 -5.700000
v 0.100000 0.600000 -5.600000
v 0.100000 0.600000 -5.400000
v 0.100000 0.600000 -5.300000
v 0.100000 1.600001 -5.700000
v 0.100000 1.600001 -5.600000
v 0.100000 1.600000 -5.400000
v 0.100000 1.600000 -5.300000
v 0.099999 2.100000 -5.900000
v 0.099999 2.100000 -5.800000
v 0.100000 2.100000 -5.200000
v 0.100000 2.100000 -5.100000
v 0.099999 2.200001 -5.900000
v 0.099999 2.200001 -5.800000
v 0.100000 2.200001 -5.700000
v 0.100000 2.200001 -5.600000
v 0.100000 2.200001 -5.400000
v 0.100000 2.200001 -5.300000
v 0.100000 2.200001 -5.200000
v 0.100000 2.200001 -5.100000
v 0.100000 2.300000 -5.700000
v 0.100000 2.300000 -5.600000
v 0.100000 2.300000 -5.400000
v 0.100000 2.300000 -5.300000
v -0.800000 0.000000 -5.100000
v -0.800000 0.000000 -5.000000
v -0.800000 -0.000000 5.000000
v -0.800000 -0.000000 5.100000
v -0.800000 0.100000 -5.100000
v -0.800000 0.100000 -5.000000
v -0.800000 0.100000 5.000000
v -0.800000 0.100000 5.100000
v -0.900001 0.100001 -8.800000
v -0.900001 0.100001 -8.700000
v -0.899999 0.099999 8.700000
v -0.899999 0.099999 8.800000
v -0.900001 4.000000 -8.800000
v -0.900001 4.000000 -8.700000
v -0.900001 4.000000 -7.599999
v -0.900001 4.000000 -7.500000
v -0.899999 4.000000 7.500000
v -0.899999 4.000000 7.600000
v -0.899999 3.999999 8.700000
v -0.899999 3.999999 8.800000
v -0.900001 4.800001 -7.599999
v -0.900001 4.800001 -7.500000
v -0.899999 4.800000 7.500000
v -0.899999 4.800000 7.600000
v -1.300000 0.000000 -5.000000
v -1.300000 0.000000 -4.900000
v -1.299999 -0.000000 4.900000
v -1.299999 -0.000000 5.000000
v -1.300000 0.100000 -5.000000
v -1.300000 0.100000 -4.900000
v -1.299999 0.100000 4.900000
v -1.299999 0.100000 5.000000
v -1.600001 0.100001 -8.700000
v -1.600001 0.100001 -8.600000
v -1.599999 0.099999 8.600000
v -1.599999 0.099999 8.700000
v -1.600001 4.000000 -8.700000
v -1.600001 4.000000 -8.600000
v -1.600001 4.000000 -7.500000
v -1.600001 4.000000 -7.400000
v -1.599999 4.000000 7.400001
v -1.599999 4.000000 7.500000
v -1.599999 3.999999 8.600000
v -1.599999 3.999999 8.700000
v -1.600001 4.800001 -7.500000
v -1.600001 4.800001 -7.400000
v -1.599999 4.800000 7.400001
v -1.599999 4.800000 7.500000
v -1.700001 0.000000 -4.900000
v -1.700001 0.000000 -4.800000
v -1.700000 -0.000000 4.800000
v -1.700000 -0.000000 4.900000
v -1.700001 0.100000 -4.900000
v -1.700001 0.100000 -4.800000
v -1.700000 0.100000 4.800000
v -1.700000 0.100000 4.900000
v -1.900000 0.000000 -4.800000
v -1.900000 0.000000 -4.700000
v -1.900000 -0.000000 4.700000
v -1.899999 -0.000000 4.800000
v -1.900000 0.100000 -4.800000
v -1.900000 0.100000 -4.700000
v -1.900000 0.100000 4.700000
v -1.899999 0.100000 4.800000
v -2.100001 0.100001 -8.600000
v -2.100001 0.100001 -8.500000
v -2.099999 0.099999 8.500000
v -2.099999 0.099999 8.600000
v -2.100001 4.000000 -8.599999
v -2.100001 4.000000 -8.499999
v -2.100001 4.000000 -7.400000
v -2.100001 4.000000 -7.300000
v -2.099999 4.000000 7.300001
v -2.099999 4.000000 7.400001
v -2.099999 3.999999 8.500001
v -2.099999 3.999999 8.600001
v -2.100001 4.800001 -7.400000
v -2.100001 4.800001 -7.300000
v -2.099999 4.800000 7.300001
v -2.099999 4.800000 7.400001
v -2.200001 0.000000 -4.700000
v -2.200001 0.000000 -4.600000
v -2.200000 -0.000000 4.600000
v -2.200000 -0.000000 4.700000
v -2.200001 0.100000 -4.700000
v -2.200001 0.100000 -4.600000
v -2.200000 0.100000 4.600000
v -2.200000 0.100000 4.700000
v -2.400001 0.000000 -4.600000
v -2.400001 0.000000 -4.500000
v -2.400000 -0.000000 4.500000
v -2.400000 -0.000000 4.600000
v -2.400001 0.100000 -4.600000
v -2.400001 0.100000 -4.500000
v -2.400000 0.100000 4.500000
v -2.400000 0.100000 4.600000
v -2.500001 0.100001 -8.500000
v -2.500001 0.100001 -8.400000
v -2.499999 0.099999 8.400000
v -2.499999 0.099999 8.500000
v -2.500001 4.000000 -8.499999
v -2.500001 4.000000 -8.399999
v -2.500001 4.000000 -7.300000
v -2.500001 4.000000 -7.199999
v -2.499999 4.000000 7.200000
v -2.499999 4.000000 7.300001
v -2.499999 3.999999 8.400001
v -2.499999 3.999999 8.500001
v -2.500001 4.800001 -7.300000
v -2.500001 4.800001 -7.199999
v -2.499999 4.800000 7.200000
v -2.499999 4.800000 7.300001
v -2.600000 0.000000 -4.500000
v -2.600000 0.000000 -4.400000
v -2.599999 -0.000000 4.400000
v -2.599999 -0.000000 4.500000
v -2.600000 0.100000 -4.500000
v -2.600000 0.100000 -4.400000
v -2.599999 0.100000 4.400000
v -2.599999 0.100000 4.500000
v -2.700001 0.000000 -4.400000
v -2.700001 0.000000 -4.300000
v -2.700000 -0.000000 4.300000
v -2.700000 -0.000000 4.400000
v -2.700001 0.100000 -4.400000
v -2.700001 0.100000 -4.300000
v -2.700000 0.100000 4.300001
v -2.700000 0.100000 4.400001
v -2.800001 0.100001 -8.400000
v -2.800001 0.100001 -8.300000
v -2.799999 0.099999 8.300000
v -2.799999 0.099999 8.400000
v -2.800001 4.000000 -8.399999
v -2.800001 4.000000 -8.299999
v -2.800001 4.000000 -7.199999
v -2.800001 4.000000 -7.099999
v -2.799999 4.000000 7.100000
v -2.799999 4.000000 7.200000
v -2.799999 3.999999 8.300001
v -2.799999 3.999999 8.400001
v -2.800001 4.800001 -7.199999
v -2.800001 4.800001 -7.099999
v -2.799999 4.800000 7.100000
v -2.799999 4.800000 7.200000
v -2.900001 0.000000 -4.300000
v -2.900001 0.000000 -4.199999
v -2.900000 -0.000000 4.200000
v -2.900000 -0.000000 4.300001
v -2.900001 0.100000 -4.300000
v -2.900001 0.100000 -4.199999
v -2.900000 0.100000 4.200000
v -2.900000 0.100000 4.300001
v -3.000000 0.000000 -4.199999
v -3.000000 0.000000 -4.099999
v -3.000000 -0.000000 4.100000
v -3.000000 -0.000000 4.200000
v -3.000000 0.100000 -4.199999
v -3.000000 0.100000 -4.099999
v -3.000000 0.100000 4.100000
v -3.000000 0.100000 4.200000
v -3.100001 0.100001 -8.300000
v -3.100001 0.100001 -8.200000
v -3.099999 0.099999 8.200000
v -3.099999 0.099999 8.300000
v -3.100001 4.000000 -8.299999
v -3.100001 4.000000 -8.199999
v -3.100001 4.000000 -7.099999
v -3.100001 4.000000 -7.000000
v -3.099999 4.000000 7.000000
v -3.099999 4.000000 7.100000
v -3.099999 3.999999 8.200001
v -3.099999 3.999999 8.300001
v -3.100001 4.800001 -7.099999
v -3.100001 4.800001 -7.000000
v -3.099999 4.800000 7.000000
v -3.099999 4.800000 7.100000
v -3.200001 0.000000 -4.099999
v -3.200000 0.000000 -4.000000
v -3.200000 -0.000000 4.000000
v -3.200000 -0.000000 4.100000
v -3.200001 0.100000 -4.099999
v -3.200000 0.100000 -4.000000
v -3.200000 0.100000 4.000000
v -3.200000 0.100000 4.100000
v -3.300000 0.000000 -4.000000
v -3.300000 0.000000 -3.900000
v -3.300000 -0.000000 3.900000
v -3.300000 -0.000000 4.000000
v -3.300001 0.100001 -8.200000
v -3.300001 0.100001 -8.100000
v -3.300000 0.100000 -4.000000
v -3.300000 0.100000 -3.900000
v -3.300000 0.100000 3.900000
v -3.300000 0.100000 4.000000
v -3.299999 0.099999 8.100000
v -3.299999 0.099999 8.200000
v -3.300001 4.000000 -8.199999
v -3.300001 4.000000 -8.099999
v -3.300001 4.000000 -7.000000
v -3.300001 4.000000 -6.900000
v -3.299999 4.000000 6.900001
v -3.299999 4.000000 7.000000
v -3.299999 3.999999 8.100001
v -3.299999 3.999999 8.200001
v -3.300001 4.800001 -7.000000
v -3.300001 4.800001 -6.900000
v -3.299999 4.800000 6.900001
v -3.299999 4.800000 7.000000
v -3.400000 0.000000 -3.900000
v -3.400000 0.000000 -3.800000
v -3.400000 -0.000000 3.800000
v -3.400000 -0.000000 3.900000
v -3.400000 0.100000 -3.900000
v -3.400000 0.100000 -3.800000
v -3.400000 0.100000 3.800000
v -3.400000 0.100000 3.900000
v -3.500000 0.000000 -3.800000
v -3.500000 0.000000 -3.700000
v -3.500000 -0.000000 3.700000
v -3.500000 -0.000000 3.800000
v -3.500000 0.100000 -4.099999
v -3.500000 0.100000 -3.800000
v -3.500000 0.100000 -3.700000
v -3.500000 0.100000 3.700000
v -3.500000 0.100000 3.800000
v -3.500000 0.200000 -4.099999
v -3.500000 0.200000 -3.700000
v -3.500000 2.000000 -4.099999
v -3.500000 2.000000 -3.700000
v -3.500000 2.100000 -4.099999
v -3.500000 2.100000 -3.700000
v -3.600000 0.000000 -3.700000
v -3.600000 0.000000 -3.600000
v -3.600000 -0.000000 3.600000
v -3.600000 -0.000000 3.700000
v -3.600001 0.100001 -8.100000
v -3.600001 0.100001 -8.000000
v -3.600000 0.100000 -4.199999
v -3.600000 0.100000 -4.099999
v -3.600000 0.100000 -3.700000
v -3.600000 0.100000 -3.600000
v -3.600000 0.100000 3.600000
v -3.600000 0.100000 3.700000
v -3.599999 0.099999 8.000000
v -3.599999 0.099999 8.100000
v -3.600000 0.200000 -4.199999
v -3.600000 0.200000 -4.099999
v -3.600000 0.200000 -3.700000
v -3.600000 0.200000 -3.600000
v -3.600000 0.300000 -4.099999
v -3.600000 0.300000 -3.700000
v -3.600000 1.900000 -4.099999
v -3.600000 1.900000 -3.700000
v -3.600000 2.000000 -4.199999
v -3.600000 2.000000 -4.099999
v -3.600000 2.000000 -3.700000
v -3.600000 2.000000 -3.599999
v -3.600000 2.100000 -4.199999
v -3.600000 2.100000 -4.099999
v -3.600000 2.100000 -4.000000
v -3.600000 2.100000 -3.799999
v -3.600000 2.100000 -3.700000
v -3.600000 2.100000 -3.599999
v -3.600000 2.200000 -4.000000
v -3.600000 2.200000 -3.799999
v -3.600001 4.000000 -8.099999
v -3.600001 4.000000 -8.000000
v -3.600001 4.000000 -6.900000
v -3.600000 4.000000 -6.800000
v -3.599999 4.000000 6.800001
v -3.599999 4.000000 6.900001
v -3.599999 3.999999 8.000001
v -3.599999 3.999999 8.100001
v -3.600001 4.800001 -6.900000
v -3.600000 4.800001 -6.800000
v -3.599999 4.800000 6.800001
v -3.599999 4.800000 6.900001
v -3.700000 0.000000 -3.600000
v -3.700000 0.000000 -3.500000
v -3.700000 -0.000000 3.500000
v -3.700000 -0.000000 3.600000
v -3.700001 0.100000 -4.300000
v -3.700001 0.100000 -4.199999
v -3.700000 0.100000 -3.600000
v -3.700000 0.100000 -3.500000
v -3.700000 0.100000 3.500000
v -3.700000 0.100000 3.600000
v -3.700001 0.200000 -4.300000
v -3.700001 0.200000 -4.199999
v -3.700001 0.200000 -4.099999
v -3.700000 0.200000 -3.700000
v -3.700000 0.200000 -3.600000
v -3.700000 0.200000 -3.500000
v -3.700001 0.300000 -4.199999
v -3.700001 0.300000 -4.099999
v -3.700000 0.300000 -3.700000
v -3.700000 0.300000 -3.600000
v -3.700001 0.400000 -4.099999
v -3.700000 0.400000 -3.700000
v -3.700001 1.800000 -4.099999
v -3.700000 1.800000 -3.700000
v -3.700001 1.900000 -4.199999
v -3.700001 1.900000 -4.099999
v -3.700000 1.900000 -3.700000
v -3.700000 1.900000 -3.599999
v -3.700001 2.000000 -4.300000
v -3.700001 2.000000 -4.199999
v -3.700001 2.000000 -4.099999
v -3.700000 2.000000 -3.700000
v -3.700000 2.000000 -3.599999
v -3.700000 2.000000 -3.500000
v -3.700001 2.100000 -4.300000
v -3.700001 2.100000 -4.199999
v -3.700001 2.100000 -4.099999
v -3.700000 2.100000 -4.000000
v -3.700000 2.100000 -3.799999
v -3.700000 2.100000 -3.700000
v -3.700000 2.100000 -3.599999
v -3.700000 2.100000 -3.500000
v -3.700001 2.200000 -4.099999
v -3.700000 2.200000 -4.000000
v -3.700000 2.200000 -3.799999
v -3.700000 2.200000 -3.700000
v -3.800000 0.000000 -3.500000
v -3.800000 0.000000 -3.400000
v -3.800000 -0.000000 3.400000
v -3.800000 -0.000000 3.500000
v -3.800001 0.100001 -8.000000
v -3.800001 0.100001 -7.900000
v -3.800000 0.100000 -4.400000
v -3.800000 0.100000 -4.300000
v -3.800000 0.100000 -3.500000
v -3.800000 0.100000 -3.400000
v -3.800000 0.100000 3.400000
v -3.800000 0.100000 3.500000
v -3.799999 0.099999 7.900001
v -3.799999 0.099999 8.000000
v -3.800000 0.200000 -4.400000
v -3.800000 0.200000 -4.300000
v -3.800000 0.200000 -4.199999
v -3.800000 0.200000 -3.600000
v -3.800000 0.200000 -3.500000
v -3.800000 0.200000 -3.400000
v -3.800000 0.300000 -4.300000
v -3.800000 0.300000 -4.199999
v -3.800000 0.300000 -4.099999
v -3.800000 0.300000 -3.700000
v -3.800000 0.300000 -3.600000
v -3.800000 0.300000 -3.500000
v -3.800000 0.400000 -4.199999
v -3.800000 0.400000 -4.099999
v -3.800000 0.400000 -3.700000
v -3.800000 0.400000 -3.599999
v -3.800000 0.600000 -4.099999
v -3.800000 0.600000 -4.000000
v -3.800000 0.600000 -3.799999
v -3.800000 0.600000 -3.700000
v -3.800000 1.600000 -4.099999
v -3.800000 1.600000 -4.000000
v -3.800000 1.600000 -3.799999
v -3.800000 1.600000 -3.700000
v -3.800000 1.800000 -4.199999
v -3.800000 1.800000 -4.099999
v -3.800000 1.800000 -3.700000
v -3.800000 1.800000 -3.599999
v -3.800000 1.900000 -4.300000
v -3.800000 1.900000 -4.199999
v -3.800000 1.900000 -4.099999
v -3.800000 1.900000 -3.700000
v -3.800000 1.900000 -3.599999
v -3.800000 1.900000 -3.500000
v -3.800000 2.000000 -4.400000
v -3.800000 2.000000 -4.300000
v -3.800000 2.000000 -4.199999
v -3.800000 2.000000 -3.599999
v -3.800000 2.000000 -3.500000
v -3.800000 2.000000 -3.400000
v -3.800000 2.100000 -4.400000
v -3.800000 2.100000 -4.300000
v -3.800000 2.100000 -4.199999
v -3.800000 2.100000 -4.099999
v -3.800000 2.100000 -3.700000
v -3.800000 2.100000 -3.599999
v -3.800000 2.100000 -3.500000
v -3.800000 2.100000 -3.400000
v -3.800000 2.200000 -4.199999
v -3.800000 2.200000 -4.099999
v -3.800000 2.200000 -4.000000
v -3.800000 2.200000 -3.799999
v -3.800000 2.200000 -3.700000
v -3.800000 2.200000 -3.599999
v -3.800000 2.300000 -4.000000
v -3.800000 2.300000 -3.799999
v -3.800001 4.000000 -8.000000
v -3.800001 4.000000 -7.900000
v -3.800000 4.000000 -6.800000
v -3.800000 4.000000 -6.699999
v -3.799999 4.000000 6.700000
v -3.799999 4.000000 6.800001
v -3.799999 3.999999 7.900001
v -3.799999 3.999999 8.000001
v -3.800000 4.800001 -6.800000
v -3.800000 4.800001 -6.699999
v -3.799999 4.800000 6.700000
v -3.799999 4.800000 6.800001
v -3.900000 0.000000 -3.400000
v -3.900000 0.000000 -3.300000
v -3.900000 -0.000000 3.300000
v -3.900000 -0.000000 3.400000
v -3.900000 0.100000 -3.400000
v -3.900000 0.100000 -3.300000
v -3.900000 0.100000 3.300000
v -3.900000 0.100000 3.400000
v -3.900001 0.600000 -4.099999
v -3.900000 0.600000 -4.000000
v -3.900000 0.600000 -3.799999
v -3.900000 0.600000 -3.700000
v -3.900001 1.600000 -4.099999
v -3.900000 1.600000 -4.000000
v -3.900000 1.600000 -3.799999
v -3.900000 1.600000 -3.700000
v -3.900001 2.100000 -4.300000
v -3.900001 2.100000 -4.199999
v -3.900000 2.100000 -3.599999
v -3.900000 2.100000 -3.500000
v -3.900001 2.200000 -4.300000
v -3.900001 2.200000 -4.199999
v -3.900001 2.200000 -4.099999
v -3.900000 2.200000 -4.000000
v -3.900000 2.200000 -3.799999
v -3.900000 2.200000 -3.700000
v -3.900000 2.200000 -3.599999
v -3.900000 2.200000 -3.500000
v -3.900001 2.300000 -4.099999
v -3.900000 2.300000 -4.000000
v -3.900000 2.300000 -3.799999
v -3.900000 2.300000 -3.700000
v -4.000000 0.000000 -3.300000
v -4.000000 0.000000 -3.200000
v -4.000000 -0.000000 3.200000
v -4.000000 -0.000000 3.300000
v -4.000000 0.100001 -7.900000
v -4.000000 0.100001 -7.800000
v -4.000000 0.100000 -3.300000
v -4.000000 0.100000 -3.200000
v -4.000000 0.100000 3.200000
v -4.000000 0.100000 3.300000
v -3.999999 0.099999 7.800001
v -3.999999 0.099999 7.900001
v -4.000000 4.000000 -7.900000
v -4.000000 4.000000 -7.800000
v -4.000000 4.000000 -6.699999
v -4.000000 4.000000 -6.599999
v -4.000000 4.000000 6.600000
v -4.000000 4.000000 6.700000
v -3.999999 4.000000 7.800001
v -3.999999 3.999999 7.900001
v -4.000000 4.800001 -6.699999
v -4.000000 4.800001 -6.599999
v -4.000000 4.800000 6.600000
v -4.000000 4.800000 6.700000
v -4.100000 0.000000 -3.200000
v -4.100000 0.000000 -3.000000
v -4.099999 -0.000000 3.000000
v -4.099999 -0.000000 3.200001
v -4.100000 0.100000 -3.200000
v -4.100000 0.100000 -3.000000
v -4.099999 0.100000 3.000000
v -4.099999 0.100000 3.200001
v -4.200000 0.000000 -3.000000
v -4.200000 0.000000 -2.900000
v -4.199999 -0.000000 2.900001
v -4.199999 -0.000000 3.000000
v -4.200000 0.100001 -7.800000
v -4.200000 0.100001 -7.699999
v -4.200000 0.100000 -3.000000
v -4.200000 0.100000 -2.900000
v -4.199999 0.100000 2.900001
v -4.199999 0.100000 3.000000
v -4.199999 0.099999 7.700000
v -4.199999 0.099999 7.800001
v -4.200000 4.000000 -7.800000
v -4.200000 4.000000 -7.699999
v -4.200000 4.000000 -6.599999
v -4.200000 4.000000 -6.500000
v -4.199999 4.000000 6.500000
v -4.199999 4.000000 6.600000
v -4.199999 4.000000 7.700000
v -4.199999 4.000000 7.800001
v -4.200000 4.800001 -6.599999
v -4.200000 4.800001 -6.499999
v -4.199999 4.800000 6.500001
v -4.199999 4.800000 6.600001
v -4.300001 0.000000 -2.900000
v -4.300000 0.000000 -2.700000
v -4.300000 -0.000000 2.700001
v -4.300000 -0.000000 2.900001
v -4.300001 0.100001 -7.699999
v -4.300001 0.100001 -7.599999
v -4.300001 0.100000 -2.900000
v -4.300000 0.100000 -2.700000
v -4.300000 0.100000 2.700001
v -4.300000 0.100000 2.900001
v -4.300000 0.099999 7.600000
v -4.300000 0.099999 7.700000
v -4.300001 4.000000 -7.699999
v -4.300001 4.000000 -7.599999
v -4.300001 4.000000 -6.500000
v -4.300001 4.000000 -6.400000
v -4.300000 4.000000 6.400001
v -4.300000 4.000000 6.500000
v -4.300000 4.000000 7.600000
v -4.300000 4.000000 7.700000
v -4.300001 4.800001 -6.499999
v -4.300001 4.800001 -6.399999
v -4.300000 4.800000 6.400001
v -4.300000 4.800000 6.500001
v -4.400000 0.000000 -2.700000
v -4.400000 0.000000 -2.599999
v -4.400000 -0.000000 2.600000
v -4.400000 -0.000000 2.700001
v -4.400000 0.100000 -2.700000
v -4.400000 0.100000 -2.599999
v -4.400000 0.100000 2.600000
v -4.400000 0.100000 2.700001
v -4.500000 0.000000 -2.599999
v -4.500000 0.000000 -2.400000
v -4.500000 -0.000000 2.400001
v -4.500000 -0.000000 2.600000
v -4.500000 0.100001 -7.599999
v -4.500000 0.100001 -7.500000
v -4.500000 0.100000 -2.599999
v -4.500000 0.100000 -2.400000
v -4.500000 0.100000 2.400001
v -4.500000 0.100000 2.600000
v -4.500000 0.099999 7.500000
v -4.500000 0.099999 7.600000
v -4.500000 4.000000 -7.599999
v -4.500000 4.000000 -7.500000
v -4.500000 4.000000 -6.400000
v -4.500000 4.000000 -6.300000
v -4.500000 4.000000 6.300001
v -4.500000 4.000000 6.400001
v -4.500000 4.000000 7.500000
v -4.500000 4.000000 7.600000
v -4.500000 4.800001 -6.399999
v -4.500000 4.800001 -6.299999
v -4.500000 4.800000 6.300001
v -4.500000 4.800000 6.400001
v -4.600000 0.000000 -2.400000
v -4.600000 0.000000 -2.200000
v -4.600000 -0.000000 2.200001
v -4.600000 -0.000000 2.400001
v -4.600000 0.100000 -2.400000
v -4.600000 0.100000 -2.200000
v -4.600000 0.100000 2.200001
v -4.600000 0.100000 2.400001
v -4.700000 0.000000 -2.200000
v -4.700000 0.000000 -1.900000
v -4.700000 -0.000000 1.900000
v -4.700000 -0.000000 2.200001
v -4.700000 0.100001 -7.500000
v -4.700000 0.100001 -7.400000
v -4.700000 0.100000 -2.200000
v -4.700000 0.100000 -1.899999
v -4.700000 0.100000 1.900000
v -4.700000 0.100000 2.200001
v -4.699999 0.099999 7.400001
v -4.699999 0.099999 7.500000
v -4.700000 4.000000 -7.500000
v -4.700000 4.000000 -7.400000
v -4.700000 4.000000 -6.300000
v -4.700000 4.000000 -6.199999
v -4.699999 4.000000 6.200000
v -4.699999 4.000000 6.300001
v -4.699999 4.000000 7.400001
v -4.699999 4.000000 7.500000
v -4.700000 4.800001 -6.299999
v -4.700000 4.800001 -6.199999
v -4.699999 4.800000 6.200001
v -4.699999 4.800000 6.300001
v -4.800000 0.000000 -1.899999
v -4.800000 0.000000 -1.700000
v -4.800000 -0.000000 1.700001
v -4.800000 -0.000000 1.900000
v -4.800001 0.100001 -7.400000
v -4.800001 0.100001 -7.300000
v -4.800000 0.100000 -1.899999
v -4.800000 0.100000 -1.700000
v -4.800000 0.100000 1.700001
v -4.800000 0.100000 1.900000
v -4.800000 0.099999 7.300001
v -4.800000 0.099999 7.400001
v -4.800001 4.000000 -7.399999
v -4.800001 4.000000 -7.299999
v -4.800001 4.000000 -6.199999
v -4.800001 4.000000 -6.099999
v -4.800000 4.000000 6.100001
v -4.800000 4.000000 6.200001
v -4.800000 4.000000 7.300001
v -4.800000 4.000000 7.400001
v -4.800001 4.800001 -6.199999
v -4.800001 4.800001 -6.099999
v -4.800000 4.800000 6.100001
v -4.800000 4.800000 6.200001
v -4.900000 0.000000 -1.700000
v -4.900000 0.000000 -1.299999
v -4.900000 -0.000000 1.300000
v -4.900000 -0.000000 1.700001
v -4.900000 0.100000 -1.700000
v -4.900000 0.100000 -1.299999
v -4.900000 0.100000 1.300000
v -4.900000 0.100000 1.700001
v -5.000000 0.000000 -1.299999
v -5.000000 0.000000 -0.800000
v -5.000000 0.000000 -0.200000
v -5.000000 -0.000000 0.200000
v -5.000000 -0.000000 0.800000
v -5.000000 -0.000000 1.300000
v -5.000000 0.100001 -7.300000
v -5.000000 0.100001 -7.199999
v -5.000000 0.100000 -1.299999
v -5.000000 0.100000 -0.800000
v -5.000000 0.100000 -0.200000
v -5.000000 0.100000 0.200000
v -5.000000 0.100000 0.800000
v -5.000000 0.100000 1.300000
v -5.000000 0.099999 7.200000
v -5.000000 0.099999 7.300001
v -5.000000 0.200000 -0.200000
v -5.000000 0.200000 0.200000
v -5.000000 2.000000 -0.199999
v -5.000000 2.000000 0.200001
v -5.000000 2.100000 -0.199999
v -5.000000 2.100000 0.200001
v -5.000000 4.000000 -7.299999
v -5.000000 4.000000 -7.199999
v -5.000000 4.000000 -6.099999
v -5.000000 4.000000 -5.999999
v -5.000000 4.000000 6.000001
v -5.000000 4.000000 6.100001
v -5.000000 4.000000 7.200001
v -5.000000 4.000000 7.300001
v -5.000000 4.800001 -6.099999
v -5.000000 4.800001 -5.999999
v -5.000000 4.800000 6.000001
v -5.000000 4.800000 6.100001
v -5.100000 0.000000 -0.800000
v -5.100000 0.000000 -0.200000
v -5.100000 -0.000000 0.200000
v -5.100000 -0.000000 0.800000
v -5.100000 0.100001 -7.199999
v -5.100000 0.100001 -7.099999
v -5.100000 0.100000 -0.800000
v -5.100000 0.100000 -0.300000
v -5.100000 0.100000 -0.200000
v -5.100000 0.100000 0.200000
v -5.100000 0.100000 0.300000
v -5.100000 0.100000 0.800000
v -5.099999 0.099999 7.100000
v -5.099999 0.099999 7.200000
v -5.100000 0.200000 -0.300000
v -5.100000 0.200000 -0.200000
v -5.100000 0.200000 0.200000
v -5.100000 0.200000 0.300000
v -5.100000 0.300000 -0.200000
v -5.100000 0.300000 0.200000
v -5.100000 1.900000 -0.199999
v -5.100000 1.900000 0.200001
v -5.100000 2.000000 -0.299999
v -5.100000 2.000000 -0.199999
v -5.100000 2.000000 0.200001
v -5.100000 2.000000 0.300001
v -5.100000 2.100000 -0.299999
v -5.100000 2.100000 -0.199999
v -5.100000 2.100000 -0.099999
v -5.100000 2.100000 0.100001
v -5.100000 2.100000 0.200001
v -5.100000 2.100000 0.300001
v -5.100000 2.200000 -0.099999
v -5.100000 2.200000 0.100001
v -5.100000 4.000000 -7.199999
v -5.100000 4.000000 -7.099999
v -5.100000 4.000000 -5.999999
v -5.100000 4.000000 -5.899999
v -5.099999 4.000000 5.900001
v -5.099999 4.000000 6.000001
v -5.099999 4.000000 7.100001
v -5.099999 4.000000 7.200001
v -5.100000 4.800001 -5.999999
v -5.100000 4.800001 -5.899999
v -5.099999 4.800000 5.900001
v -5.099999 4.800000 6.000001
v -5.200000 0.100000 -0.400000
v -5.200000 0.100000 -0.300000
v -5.200000 0.100000 0.300000
v -5.200000 0.100000 0.400001
v -5.200000 0.200000 -0.400000
v -5.200000 0.200000 -0.300000
v -5.200000 0.200000 -0.200000
v -5.200000 0.200000 0.200000
v -5.200000 0.200000 0.300000
v -5.200000 0.200000 0.400001
v -5.200000 0.300000 -0.300000
v -5.200000 0.300000 -0.200000
v -5.200000 0.300000 0.200000
v -5.200000 0.300000 0.300000
v -5.200000 0.400000 -0.200000
v -5.200000 0.400000 0.200000
v -5.200000 1.800000 -0.199999
v -5.200000 1.800000 0.200001
v -5.200000 1.900000 -0.299999
v -5.200000 1.900000 -0.199999
v -5.200000 1.900000 0.200001
v -5.200000 1.900000 0.300001
v -5.200000 2.000000 -0.399999
v -5.200000 2.000000 -0.299999
v -5.200000 2.000000 -0.199999
v -5.200000 2.000000 0.200001
v -5.200000 2.000000 0.300001
v -5.200000 2.000000 0.400002
v -5.200000 2.100000 -0.399999
v -5.200000 2.100000 -0.299999
v -5.200000 2.100000 -0.199999
v -5.200000 2.100000 -0.099999
v -5.200000 2.100000 0.100001
v -5.200000 2.100000 0.200001
v -5.200000 2.100000 0.300001
v -5.200000 2.100000 0.400002
v -5.200000 2.200000 -0.199999
v -5.200000 2.200000 -0.099999
v -5.200000 2.200000 0.100001
v -5.200000 2.200000 0.200001
v -5.300001 0.100001 -7.099999
v -5.300001 0.100001 -7.000000
v -5.300000 0.100000 -0.500000
v -5.300000 0.100000 -0.400000
v -5.300000 0.100000 0.400001
v -5.300000 0.100000 0.500000
v -5.300000 0.099999 7.000000
v -5.300000 0.099999 7.100000
v -5.300000 0.200000 -0.500000
v -5.300000 0.200000 -0.400000
v -5.300000 0.200000 -0.300000
v -5.300000 0.200000 0.300000
v -5.300000 0.200000 0.400001
v -5.300000 0.200000 0.500000
v -5.300000 0.300000 -0.400000
v -5.300000 0.300000 -0.300000
v -5.300000 0.300000 -0.200000
v -5.300000 0.300000 0.200000
v -5.300000 0.300000 0.300000
v -5.300000 0.300000 0.400001
v -5.300000 0.400000 -0.300000
v -5.300000 0.400000 -0.200000
v -5.300000 0.400000 0.200000
v -5.300000 0.400000 0.300001
v -5.300000 0.600000 -0.199999
v -5.300000 0.600000 -0.099999
v -5.300000 0.600000 0.100001
v -5.300000 0.600000 0.200001
v -5.300000 1.600000 -0.199999
v -5.300000 1.600000 -0.099999
v -5.300000 1.600000 0.100001
v -5.300000 1.600000 0.200001
v -5.300000 1.800000 -0.299999
v -5.300000 1.800000 -0.199999
v -5.300000 1.800000 0.200001
v -5.300000 1.800000 0.300001
v -5.300000 1.900000 -0.399999
v -5.300000 1.900000 -0.299999
v -5.300000 1.900000 -0.199999
v -5.300000 1.900000 0.200001
v -5.300000 1.900000 0.300001
v -5.300000 1.900000 0.400002
v -5.300000 2.000000 -0.499999
v -5.300000 2.000000 -0.399999
v -5.300000 2.000000 -0.299999
v -5.300000 2.000000 0.300001
v -5.300000 2.000000 0.400002
v -5.300000 2.000000 0.500001
v -5.300000 2.100000 -0.499999
v -5.300000 2.100000 -0.399999
v -5.300000 2.100000 -0.299999
v -5.300000 2.100000 -0.199999
v -5.300000 2.100000 0.200001
v -5.300000 2.100000 0.300001
v -5.300000 2.100000 0.400002
v -5.300000 2.100000 0.500001
v -5.300000 2.200000 -0.299999
v -5.300000 2.200000 -0.199999
v -5.300000 2.200000 -0.099999
v -5.300000 2.200000 0.100001
v -5.300000 2.200000 0.200001
v -5.300000 2.200000 0.300001
v -5.300000 2.300000 -0.099999
v -5.300000 2.300000 0.100001
v -5.300001 4.000000 -7.099999
v -5.300001 4.000000 -6.999999
v -5.300001 4.000000 -5.899999
v -5.300001 4.000000 -5.799999
v -5.300000 4.000000 5.800001
v -5.300000 4.000000 5.900001
v -5.300000 4.000000 7.000001
v -5.300000 4.000000 7.100001
v -5.300001 4.800001 -5.899999
v -5.300001 4.800001 -5.799999
v -5.300000 4.800000 5.800001
v -5.300000 4.800000 5.900001
v -5.400001 0.100001 -7.000000
v -5.400001 0.100001 -6.900000
v -5.400000 0.099999 6.900001
v -5.400000 0.099999 7.000000
v -5.400000 0.600000 -0.199999
v -5.400000 0.600000 -0.099999
v -5.400000 0.600000 0.100001
v -5.400000 0.600000 0.200001
v -5.400000 1.600000 -0.199999
v -5.400000 1.600000 -0.099999
v -5.400000 1.600000 0.100001
v -5.400000 1.600000 0.200001
v -5.400000 2.100000 -0.399999
v -5.400000 2.100000 -0.299999
v -5.400000 2.100000 0.300001
v -5.400000 2.100000 0.400002
v -5.400000 2.200000 -0.399999
v -5.400000 2.200000 -0.299999
v -5.400000 2.200000 -0.199999
v -5.400000 2.200000 -0.099999
v -5.400000 2.200000 0.100001
v -5.400000 2.200000 0.200001
v -5.400000 2.200000 0.300001
v -5.400000 2.200000 0.400002
v -5.400000 2.300000 -0.199999
v -5.400000 2.300000 -0.099999
v -5.400000 2.300000 0.100001
v -5.400000 2.300000 0.200001
v -5.400001 4.000000 -6.999999
v -5.400001 4.000000 -6.899999
v -5.400001 4.000000 -5.799999
v -5.400001 4.000000 -5.699999
v -5.400000 4.000000 5.700001
v -5.400000 4.000000 5.800001
v -5.400000 4.000000 6.900001
v -5.400000 4.000000 7.000001
v -5.400001 4.800001 -5.799999
v -5.400001 4.800001 -5.699999
v -5.400000 4.800000 5.700001
v -5.400000 4.800000 5.800001
v -5.500000 0.100001 -6.900000
v -5.500000 0.100001 -6.800000
v -5.500000 0.099999 6.800001
v -5.500000 0.099999 6.900001
v -5.500000 4.000000 -6.899999
v -5.500000 4.000000 -6.799999
v -5.500000 4.000000 -5.699999
v -5.500000 4.000000 -5.599999
v -5.500000 4.000000 5.600001
v -5.500000 4.000000 5.700001
v -5.500000 4.000000 6.800001
v -5.500000 4.000000 6.900001
v -5.500000 4.800001 -5.699999
v -5.500000 4.800001 -5.599999
v -5.500000 4.800000 5.600001
v -5.500000 4.800000 5.700001
v -5.600000 0.100001 -6.800000
v -5.600000 0.100001 -6.699999
v -5.599999 0.099999 6.700000
v -5.599999 0.099999 6.800001
v -5.600000 4.000000 -6.799999
v -5.600000 4.000000 -6.699999
v -5.600000 4.000000 -5.599999
v -5.600000 4.000000 -5.499999
v -5.599999 4.000000 5.500001
v -5.599999 4.000000 5.600001
v -5.599999 4.000000 6.700001
v -5.599999 4.000000 6.800001
v -5.600000 4.800001 -5.599999
v -5.600000 4.800001 -5.499999
v -5.599999 4.800000 5.500001
v -5.599999 4.800000 5.600001
v -5.700000 4.000000 -5.499999
v -5.700000 4.000000 -5.399999
v -5.699999 4.000000 5.400001
v -5.699999 4.000000 5.500001
v -5.700000 4.800001 -5.499999
v -5.700000 4.800001 -5.399999
v -5.699999 4.800000 5.400001
v -5.699999 4.800000 5.500001
v -5.800001 0.100001 -6.699999
v -5.800001 0.100001 -6.599999
v -5.800000 0.100000 6.600000
v -5.800000 0.099999 6.700000
v -5.800001 1.400000 -6.699999
v -5.800001 1.400000 -6.599999
v -5.800000 1.399999 6.600000
v -5.800000 1.399999 6.700000
v -5.800001 4.000000 -6.699999
v -5.800001 4.000000 -6.599999
v -5.800001 4.000000 -5.399999
v -5.800001 4.000000 -5.299999
v -5.800000 4.000000 5.300001
v -5.800000 4.000000 5.400001
v -5.800000 4.000000 6.600001
v -5.800000 4.000000 6.700001
v -5.800001 4.800001 -5.399999
v -5.800001 4.800001 -5.299999
v -5.800000 4.800000 5.300001
v -5.800000 4.800000 5.400001
v -5.900001 0.100001 -6.599999
v -5.900001 0.100000 -6.500000
v -5.900000 0.100000 6.500000
v -5.900000 0.100000 6.600000
v -5.900001 1.400000 -6.599999
v -5.900000 1.399999 6.600000
v -5.900001 1.500000 -6.599999
v -5.900001 1.500000 -6.500000
v -5.900000 1.500000 6.500000
v -5.900000 1.500000 6.600000
v -5.900001 4.000000 -6.599999
v -5.900001 4.000000 -6.499999
v -5.900001 4.000000 -5.299999
v -5.900001 4.000000 -5.099999
v -5.900000 4.000000 5.100001
v -5.900000 4.000000 5.300001
v -5.900000 4.000000 6.500001
v -5.900000 4.000000 6.600001
v -5.900001 4.800001 -5.299999
v -5.900001 4.800001 -5.099999
v -5.900000 4.800000 5.100001
v -5.900000 4.800000 5.300001
v -6.000000 0.100000 -6.500000
v -6.000000 0.100000 -6.400000
v -6.000000 0.100000 6.400001
v -6.000000 0.100000 6.500000
v -6.000000 1.500000 -6.500000
v -6.000000 1.500000 6.500000
v -6.000000 1.600001 -6.500000
v -6.000000 1.600001 -6.400000
v -6.000000 1.600000 6.400001
v -6.000000 1.600000 6.500000
v -6.000000 4.000000 -6.499999
v -6.000000 4.000000 -6.399999
v -6.000000 4.000000 -5.099999
v -6.000000 4.000000 -4.999999
v -6.000000 4.000000 5.000001
v -6.000000 4.000000 5.100001
v -6.000000 4.000000 6.400001
v -6.000000 4.000000 6.500001
v -6.000000 4.800001 -5.099999
v -6.000000 4.800001 -4.999999
v -6.000000 4.800000 5.000001
v -6.000000 4.800000 5.100001
v -6.100000 0.100000 -6.400000
v -6.100000 0.100000 -6.300000
v -6.099999 0.100000 6.300001
v -6.099999 0.100000 6.400001
v -6.100000 1.600001 -6.400000
v -6.099999 1.600000 6.400001
v -6.100000 1.700001 -6.400000
v -6.100000 1.700001 -6.300000
v -6.099999 1.700000 6.300001
v -6.099999 1.700000 6.400001
v -6.100000 4.000000 -6.399999
v -6.100000 4.000000 -6.299999
v -6.100000 4.000000 -4.999999
v -6.100000 4.000000 -4.799999
v -6.099999 4.000000 4.800001
v -6.099999 4.000000 5.000001
v -6.099999 4.000000 6.300001
v -6.099999 4.000000 6.400001
v -6.100000 4.800001 -4.999999
v -6.100000 4.800001 -4.799999
v -6.099999 4.800000 4.800001
v -6.099999 4.800000 5.000001
v -6.200000 0.100000 -6.300000
v -6.200000 0.100000 -6.199999
v -6.199999 0.100000 6.200000
v -6.199999 0.100000 6.300001
v -6.200000 1.700001 -6.300000
v -6.200000 1.700001 -6.199999
v -6.199999 1.700000 6.200000
v -6.199999 1.700000 6.300001
v -6.200000 4.000000 -6.299999
v -6.200000 4.000000 -6.199999
v -6.200000 4.000000 -4.799999
v -6.200000 4.000000 -4.699999
v -6.199999 4.000000 4.700001
v -6.199999 4.000000 4.800001
v -6.199999 4.000000 6.200001
v -6.199999 4.000000 6.300001
v -6.200000 4.800001 -4.799999
v -6.200000 4.800001 -4.699999
v -6.199999 4.800000 4.700001
v -6.199999 4.800000 4.800001
v -6.300001 0.100000 -6.199999
v -6.300001 0.100000 -6.099999
v -6.300000 0.100000 6.100000
v -6.300000 0.100000 6.200000
v -6.300001 1.700001 -6.199999
v -6.300001 1.700001 -6.099999
v -6.300000 1.700000 6.100000
v -6.300000 1.700000 6.200000
v -6.300001 4.000000 -6.199999
v -6.300001 4.000000 -6.099999
v -6.300001 4.000000 -4.699999
v -6.300001 4.000000 -4.499999
v -6.300000 4.000000 4.500001
v -6.300000 4.000000 4.700001
v -6.300000 4.000000 6.100001
v -6.300000 4.000000 6.200001
v -6.300001 4.800001 -4.699999
v -6.300001 4.800001 -4.499999
v -6.300000 4.800000 4.500001
v -6.300000 4.800000 4.700001
v -6.400001 0.100000 -6.099999
v -6.400001 0.100000 -6.000000
v -6.400000 0.100000 6.000000
v -6.400000 0.100000 6.100000
v -6.400001 1.600001 -6.099999
v -6.400001 1.600001 -6.000000
v -6.400000 1.600000 6.000000
v -6.400000 1.600000 6.100000
v -6.400001 1.700001 -6.099999
v -6.400000 1.700000 6.100000
v -6.400001 4.000000 -6.099999
v -6.400001 4.000000 -5.999999
v -6.400001 4.000000 -4.499999
v -6.400001 4.000000 -4.299999
v -6.400000 4.000000 4.300001
v -6.400000 4.000000 4.500001
v -6.400000 4.000000 6.000001
v -6.400000 4.000000 6.100001
v -6.400001 4.800001 -4.499999
v -6.400001 4.800001 -4.299999
v -6.400000 4.800000 4.300001
v -6.400000 4.800000 4.500001
v -6.500000 0.100000 -6.000000
v -6.500000 0.100000 -5.900000
v -6.500000 0.100000 5.900001
v -6.500000 0.100000 6.000000
v -6.500000 1.500000 -6.000000
v -6.500000 1.500000 -5.900000
v -6.500000 1.500000 5.900001
v -6.500000 1.500000 6.000000
v -6.500000 1.600001 -6.000000
v -6.500000 1.600000 6.000000
v -6.500000 4.000000 -5.999999
v -6.500000 4.000000 -5.899999
v -6.500000 4.000000 -4.299999
v -6.500000 4.000000 -4.199999
v -6.500000 4.000000 4.200001
v -6.500000 4.000000 4.300001
v -6.500000 4.000000 5.900001
v -6.500000 4.000000 6.000001
v -6.500000 4.800001 -4.299999
v -6.500000 4.800001 -4.199999
v -6.500000 4.800000 4.200001
v -6.500000 4.800000 4.300001
v -6.600000 0.100000 -5.900000
v -6.600000 0.100000 -5.800000
v -6.599999 0.100000 5.800001
v -6.599999 0.100000 5.900001
v -6.600000 1.400000 -5.900000
v -6.600000 1.400000 -5.800000
v -6.599999 1.399999 5.800001
v -6.599999 1.399999 5.900001
v -6.600000 1.500000 -5.900000
v -6.599999 1.500000 5.900001
v -6.600000 4.000000 -5.899999
v -6.600000 4.000000 -5.799999
v -6.600000 4.000000 -4.199999
v -6.600000 4.000000 -3.999999
v -6.599999 4.000000 4.000001
v -6.599999 4.000000 4.200001
v -6.599999 4.000000 5.800001
v -6.599999 4.000000 5.900001
v -6.600000 4.800001 -4.199999
v -6.600000 4.800001 -3.999999
v -6.599999 4.800000 4.000001
v -6.599999 4.800000 4.200001
v -6.700000 0.100000 -5.800000
v -6.700000 0.100000 -5.599999
v -6.699999 0.100000 5.600000
v -6.699999 0.100000 5.800001
v -6.700000 1.400000 -5.800000
v -6.699999 1.399999 5.800001
v -6.700000 4.000000 -5.799999
v -6.700000 4.000000 -5.599999
v -6.700000 4.000000 -3.999999
v -6.700000 4.000000 -3.799999
v -6.699999 4.000000 3.800001
v -6.699999 4.000000 4.000001
v -6.699999 4.000000 5.600001
v -6.699999 4.000000 5.800001
v -6.700000 4.800001 -3.999999
v -6.700000 4.800001 -3.799999
v -6.699999 4.800000 3.800001
v -6.699999 4.800000 4.000001
v -6.800001 0.100000 -5.599999
v -6.800001 0.100000 -5.500000
v -6.800000 0.100000 5.500000
v -6.800000 0.100000 5.600000
v -6.800001 4.000000 -5.599999
v -6.800001 4.000000 -5.499999
v -6.800001 4.000000 -3.799999
v -6.800001 4.000000 -3.599999
v -6.800000 4.000000 3.600001
v -6.800000 4.000000 3.800001
v -6.800000 4.000000 5.500001
v -6.800000 4.000000 5.600001
v -6.800001 4.800001 -3.799999
v -6.800001 4.800001 -3.599999
v -6.800000 4.800000 3.600001
v -6.800000 4.800000 3.800001
v -6.900001 0.100000 -5.500000
v -6.900001 0.100000 -5.400000
v -6.900000 0.100000 5.400001
v -6.900000 0.100000 5.500000
v -6.900001 4.000000 -5.499999
v -6.900001 4.000000 -5.399999
v -6.900001 4.000000 -3.599999
v -6.900001 4.000000 -3.299999
v -6.900000 4.000000 3.300001
v -6.900000 4.000000 3.600001
v -6.900000 4.000000 5.400001
v -6.900000 4.000000 5.500001
v -6.900001 4.800001 -3.599999
v -6.900001 4.800001 -3.299999
v -6.900000 4.800000 3.300001
v -6.900000 4.800000 3.600001
v -7.000000 0.100000 -5.400000
v -7.000000 0.100000 -5.300000
v -7.000000 0.100000 5.300001
v -7.000000 0.100000 5.400001
v -7.000000 4.000000 -5.399999
v -7.000000 4.000000 -5.299999
v -7.000000 4.000000 -3.299999
v -7.000000 4.000000 -3.099999
v -7.000000 4.000000 3.100001
v -7.000000 4.000000 3.300001
v -7.000000 4.000000 5.300001
v -7.000000 4.000000 5.400001
v -7.000000 4.800001 -3.299999
v -7.000000 4.800000 -3.099999
v -7.000000 4.800000 3.100001
v -7.000000 4.800000 3.300001
v -7.100000 0.100000 -5.300000
v -7.100000 0.100000 -5.099999
v -7.099999 0.100000 5.100000
v -7.099999 0.100000 5.300001
v -7.100000 4.000000 -5.299999
v -7.100000 4.000000 -5.099999
v -7.100000 4.000000 -3.099999
v -7.100000 4.000000 -2.799999
v -7.099999 4.000000 2.800001
v -7.099999 4.000000 3.100001
v -7.099999 4.000000 5.100001
v -7.099999 4.000000 5.300001
v -7.100000 4.800000 -3.099999
v -7.100000 4.800000 -2.799999
v -7.099999 4.800000 2.800001
v -7.099999 4.800000 3.100001
v -7.200000 0.100000 -5.099999
v -7.200000 0.100000 -5.000000
v -7.199999 0.100000 5.000000
v -7.199999 0.100000 5.100000
v -7.200000 4.000000 -5.099999
v -7.200000 4.000000 -4.999999
v -7.200000 4.000000 -2.799999
v -7.200000 4.000000 -2.499999
v -7.200000 4.000000 2.500001
v -7.199999 4.000000 2.800001
v -7.199999 4.000000 5.000001
v -7.199999 4.000000 5.100001
v -7.200000 4.800000 -2.799999
v -7.200000 4.800000 -2.499999
v -7.200000 4.800000 2.500001
v -7.199999 4.800000 2.800001
v -7.300001 0.100000 -5.000000
v -7.300001 0.100000 -4.800000
v -7.300000 0.100000 4.800001
v -7.300000 0.100000 5.000000
v -7.300001 4.000000 -4.999999
v -7.300001 4.000000 -4.799999
v -7.300000 4.000000 -2.499999
v -7.300000 4.000000 -2.099999
v -7.300000 4.000000 2.100001
v -7.300000 4.000000 2.500001
v -7.300000 4.000000 4.800001
v -7.300000 4.000000 5.000001
v -7.300000 4.800000 -2.499999
v -7.300000 4.800000 -2.099999
v -7.300000 4.800000 2.100001
v -7.300000 4.800000 2.500001
v -7.400001 0.100000 -4.800000
v -7.400001 0.100000 -4.699999
v -7.400000 0.100000 4.700000
v -7.400000 0.100000 4.800001
v -7.400001 4.000000 -4.799999
v -7.400001 4.000000 -4.699999
v -7.400000 4.000000 -2.099999
v -7.400000 4.000000 -1.599999
v -7.400000 4.000000 1.600001
v -7.400000 4.000000 2.100001
v -7.400000 4.000000 4.700001
v -7.400000 4.000000 4.800001
v -7.400000 4.800000 -2.099999
v -7.400000 4.800000 -1.599999
v -7.400000 4.800000 1.600001
v -7.400000 4.800000 2.100001
v -7.500000 0.100000 -4.699999
v -7.500000 0.100000 -4.500000
v -7.500000 0.100000 4.500000
v -7.500000 0.100000 4.700000
v -7.500000 4.000000 -4.699999
v -7.500000 4.000000 -4.499999
v -7.500000 4.000000 -1.599999
v -7.500000 4.000000 -0.899999
v -7.500000 4.000000 0.900002
v -7.500000 4.000000 1.600001
v -7.500000 4.000000 4.500001
v -7.500000 4.000000 4.700001
v -7.500000 4.800000 -1.599999
v -7.500000 4.800000 -0.899999
v -7.500000 4.800000 0.900002
v -7.500000 4.800000 1.600001
v -7.600000 0.100000 -4.500000
v -7.600000 0.100000 -4.300000
v -7.599999 0.100000 4.300001
v -7.599999 0.100000 4.500000
v -7.600000 4.000000 -4.499999
v -7.600000 4.000000 -4.299999
v -7.600000 4.000000 -0.899999
v -7.600000 4.000000 0.900002
v -7.599999 4.000000 4.300001
v -7.599999 4.000000 4.500001
v -7.600000 4.800000 -0.899999
v -7.600000 4.800000 0.900002
v -7.700000 0.100000 -4.300000
v -7.700000 0.100000 -4.199999
v -7.699999 0.100000 4.200000
v -7.699999 0.100000 4.300001
v -7.700000 4.000000 -4.299999
v -7.700000 4.000000 -4.199999
v -7.699999 4.000000 4.200001
v -7.699999 4.000000 4.300001
v -7.800001 0.100000 -4.199999
v -7.800001 0.100000 -3.999999
v -7.800000 0.100000 4.000000
v -7.800000 0.100000 4.200000
v -7.800001 4.000000 -4.199999
v -7.800001 4.000000 -3.999999
v -7.800000 4.000000 4.000001
v -7.800000 4.000000 4.200001
v -7.900001 0.100000 -3.999999
v -7.900001 0.100000 -3.799999
v -7.900000 0.100000 3.800001
v -7.900000 0.100000 4.000000
v -7.900001 4.000000 -3.999999
v -7.900001 4.000000 -3.799999
v -7.900000 4.000000 3.800001
v -7.900000 4.000000 4.000001
v -8.000000 0.100000 -3.799999
v -8.000000 0.100000 -3.599999
v -8.000000 0.100000 3.600001
v -8.000000 0.100000 3.800001
v -8.000000 4.000000 -3.799999
v -8.000000 4.000000 -3.599999
v -8.000000 4.000000 3.600001
v -8.000000 4.000000 3.800001
v -8.100000 0.100000 -3.599999
v -8.100000 0.100000 -3.299999
v -8.100000 0.100000 3.300001
v -8.100000 0.100000 3.600001
v -8.100000 4.000000 -3.599999
v -8.100000 4.000000 -3.299999
v -8.100000 4.000000 3.300001
v -8.100000 4.000000 3.600001
v -8.200000 0.100000 -3.299999
v -8.200000 0.100000 -3.099999
v -8.200000 0.100000 3.100001
v -8.200000 0.100000 3.300001
v -8.200000 4.000000 -3.299999
v -8.200000 4.000000 -3.099999
v -8.200000 4.000000 3.100001
v -8.200000 4.000000 3.300001
v -8.300000 0.100000 -3.099999
v -8.300000 0.100000 -2.799999
v -8.300000 0.100000 2.800001
v -8.300000 0.100000 3.100001
v -8.300000 4.000000 -3.099999
v -8.300000 4.000000 -2.799999
v -8.300000 4.000000 2.800001
v -8.300000 4.000000 3.100001
v -8.400000 0.100000 -2.799999
v -8.400000 0.100000 -2.499999
v -8.400000 0.100000 2.500001
v -8.400000 0.100000 2.800001
v -8.400000 4.000000 -2.799999
v -8.400000 4.000000 -2.499999
v -8.400000 4.000000 2.500001
v -8.400000 4.000000 2.800001
v -8.500000 0.100000 -2.499999
v -8.500000 0.100000 -2.099999
v -8.500000 0.100000 2.100001
v -8.500000 0.100000 2.500001
v -8.500000 4.000000 -2.499999
v -8.500000 4.000000 -2.099999
v -8.500000 4.000000 2.100001
v -8.500000 4.000000 2.500001
v -8.600000 0.100000 -2.099999
v -8.600000 0.100000 -1.599999
v -8.600000 0.100000 1.600001
v -8.600000 0.100000 2.100001
v -8.600000 4.000000 -2.099999
v -8.600000 4.000000 -1.599999
v -8.600000 4.000000 1.600001
v -8.600000 4.000000 2.100001
v -8.700000 0.100000 -1.599999
v -8.700000 0.100000 -0.899999
v -8.700000 0.100000 0.900002
v -8.700000 0.100000 1.600001
v -8.700000 4.000000 -1.599999
v -8.700000 4.000000 -0.899999
v -8.700000 4.000000 0.900002
v -8.700000 4.000000 1.600001
v -8.800000 0.100000 -0.899999
v -8.800000 0.100000 -0.599998
v -8.800000 0.100000 0.600001
v -8.800000 0.100000 0.900002
v -8.800000 1.400000 -0.599998
v -8.800000 1.400000 -0.499999
v -8.800000 1.400000 0.500001
v -8.800000 1.400000 0.600001
v -8.800000 1.500000 -0.499999
v -8.800000 1.500000 -0.399999
v -8.800000 1.500000 0.400002
v -8.800000 1.500000 0.500001
v -8.800000 1.600000 -0.399999
v -8.800000 1.600000 -0.299999
v -8.800000 1.600000 0.300001
v -8.800000 1.600000 0.400002
v -8.800000 1.700000 -0.299999
v -8.800000 1.700000 0.300001
v -8.800000 4.000000 -0.899999
v -8.800000 4.000000 0.900002
v 10.600000 0.600000 -0.200001
v 10.600000 0.600000 -0.100000
v 10.600000 0.600000 0.099999
v 10.600000 0.600000 0.199999
v 10.600000 1.600000 -0.200001
v 10.600000 1.600000 -0.100000
v 10.600000 1.600000 0.099999
v 10.600000 1.600000 0.199999
v 10.600000 2.100000 -0.400001
v 10.600000 2.100000 -0.300001
v 10.600000 2.100000 0.299999
v 10.600000 2.100000 0.400000
v 10.600000 2.200000 -0.400001
v 10.600000 2.200000 -0.300001
v 10.600000 2.200000 -0.200001
v 10.600000 2.200000 -0.100000
v 10.600000 2.200000 0.099999
v 10.600000 2.200000 0.199999
v 10.600000 2.200000 0.299999
v 10.600000 2.200000 0.400000
v 10.600000 2.300000 -0.200001
v 10.600000 2.300000 -0.100000
v 10.600000 2.300000 0.099999
v 10.600000 2.300000 0.199999
v 10.500000 0.100000 -0.500001
v 10.500000 0.100000 -0.400001
v 10.500000 0.100000 0.400000
v 10.500000 0.100000 0.499999
v 10.500000 0.200000 -0.500001
v 10.500000 0.200000 -0.400001
v 10.500000 0.200000 -0.300001
v 10.500000 0.200000 0.299999
v 10.500000 0.200000 0.400000
v 10.500000 0.200000 0.499999
v 10.500000 0.300000 -0.400001
v 10.500000 0.300000 -0.300001
v 10.500000 0.300000 -0.200001
v 10.500000 0.300000 0.199999
v 10.500000 0.300000 0.299999
v 10.500000 0.300000 0.400000
v 10.500000 0.400000 -0.300001
v 10.500000 0.400000 -0.200001
v 10.500000 0.400000 0.199999
v 10.500000 0.400000 0.299999
v 10.500000 0.600000 -0.200001
v 10.500000 0.600000 -0.100000
v 10.500000 0.600000 0.099999
v 10.500000 0.600000 0.199999
v 10.500000 1.600000 -0.200001
v 10.500000 1.600000 -0.100000
v 10.500000 1.600000 0.099999
v 10.500000 1.600000 0.199999
v 10.500000 1.800000 -0.300001
v 10.500000 1.800000 -0.200001
v 10.500000 1.800000 0.199999
v 10.500000 1.800000 0.299999
v 10.500000 1.900000 -0.400001
v 10.500000 1.900000 -0.300001
v 10.500000 1.900000 -0.200001
v 10.500000 1.900000 0.199999
v 10.500000 1.900000 0.299999
v 10.500000 1.900000 0.400000
v 10.500000 2.000000 -0.500001
v 10.500000 2.000000 -0.400001
v 10.500000 2.000000 -0.300001
v 10.500000 2.000000 0.299999
v 10.500000 2.000000 0.400000
v 10.500000 2.000000 0.499999
v 10.500000 2.100000 -0.500001
v 10.500000 2.100000 -0.400001
v 10.500000 2.100000 -0.300001
v 10.500000 2.100000 -0.200001
v 10.500000 2.100000 0.199999
v 10.500000 2.100000 0.299999
v 10.500000 2.100000 0.400000
v 10.500000 2.100000 0.499999
v 10.500000 2.200000 -0.300001
v 10.500000 2.200000 -0.200001
v 10.500000 2.200000 -0.100000
v 10.500000 2.200000 0.099999
v 10.500000 2.200000 0.199999
v 10.500000 2.200000 0.299999
v 10.500000 2.300000 -0.100000
v 10.500000 2.300000 0.099999
v 10.400000 0.100000 -0.400001
v 10.400000 0.100000 -0.300001
v 10.400000 0.100000 0.299999
v 10.400000 0.100000 0.400000
v 10.400000 0.200000 -0.400001
v 10.400000 0.200000 -0.300001
v 10.400000 0.200000 -0.200001
v 10.400000 0.200000 0.199999
v 10.400000 0.200000 0.299999
v 10.400000 0.200000 0.400000
v 10.400000 0.300000 -0.300001
v 10.400000 0.300000 -0.200001
v 10.400000 0.300000 0.199999
v 10.400000 0.300000 0.299999
v 10.400000 0.400000 -0.200001
v 10.400000 0.400000 0.199999
v 10.400000 1.800000 -0.200001
v 10.400000 1.800000 0.199999
v 10.400000 1.900000 -0.300001
v 10.400000 1.900000 -0.200001
v 10.400000 1.900000 0.199999
v 10.400000 1.900000 0.299999
v 10.400000 2.000000 -0.400001
v 10.400000 2.000000 -0.300001
v 10.400000 2.000000 -0.200001
v 10.400000 2.000000 0.199999
v 10.400000 2.000000 0.299999
v 10.400000 2.000000 0.400000
v 10.400000 2.100000 -0.400001
v 10.400000 2.100000 -0.300001
v 10.400000 2.100000 -0.200001
v 10.400000 2.100000 -0.100000
v 10.400000 2.100000 0.099999
v 10.400000 2.100000 0.199999
v 10.400000 2.100000 0.299999
v 10.400000 2.100000 0.400000
v 10.400000 2.200000 -0.200001
v 10.400000 2.200000 -0.100000
v 10.400000 2.200000 0.099999
v 10.400000 2.200000 0.199999
v 10.300000 0.100000 -0.300001
v 10.300000 0.100000 -0.200001
v 10.300000 0.100000 0.199999
v 10.300000 0.100000 0.299999
v 10.300000 0.200000 -0.300001
v 10.300000 0.200000 -0.200001
v 10.300000 0.200000 0.199999
v 10.300000 0.200000 0.299999
v 10.300000 0.300000 -0.200001
v 10.300000 0.300000 0.199999
v 10.300000 1.900000 -0.200001
v 10.300000 1.900000 0.199999
v 10.300000 2.000000 -0.300001
v 10.300000 2.000000 -0.200001
v 10.300000 2.000000 0.199999
v 10.300000 2.000000 0.299999
v 10.300000 2.100000 -0.300001
v 10.300000 2.100000 -0.200001
v 10.300000 2.100000 -0.100000
v 10.300000 2.100000 0.099999
v 10.300000 2.100000 0.199999
v 10.300000 2.100000 0.299999
v 10.300000 2.200000 -0.100000
v 10.300000 2.200000 0.099999
v 10.200000 0.100000 -0.200001
v 10.200000 0.100000 0.199999
v 10.200000 0.200000 -0.200001
v 10.200000 0.200000 0.199999
v 10.200000 2.000000 -0.200001
v 10.200000 2.000000 0.199999
v 10.200000 2.100000 -0.200001
v 10.200000 2.100000 0.199999
v 8.800000 0.100000 -0.900001
v 8.800000 0.100000 -0.600000
v 8.800000 0.100000 0.599999
v 8.800000 0.100000 0.900000
v 8.800000 1.400000 -0.600000
v 8.800000 1.400000 -0.500001
v 8.800000 1.400000 0.499999
v 8.800000 1.400000 0.599999
v 8.800000 1.500000 -0.500001
v 8.800000 1.500000 -0.400001
v 8.800000 1.500000 0.400000
v 8.800000 1.500000 0.499999
v 8.800000 1.600000 -0.400001
v 8.800000 1.600000 -0.300001
v 8.800000 1.600000 0.299999
v 8.800000 1.600000 0.400000
v 8.800000 1.700000 -0.300001
v 8.800000 1.700000 0.299999
v 8.800000 4.000000 -0.900000
v 8.800000 4.000000 0.900001
v 8.700000 0.100000 -1.600001
v 8.700000 0.100000 -0.900001
v 8.700000 0.100000 0.900000
v 8.700000 0.100000 1.599999
v 8.700000 4.000000 -1.600001
v 8.700000 4.000000 -0.900000
v 8.700000 4.000000 0.900001
v 8.700000 4.000000 1.600000
v 8.600000 0.100000 -2.100001
v 8.600000 0.100000 -1.600001
v 8.600000 0.100000 1.599999
v 8.600000 0.100000 2.099999
v 8.600000 4.000000 -2.100000
v 8.600000 4.000000 -1.600001
v 8.600000 4.000000 1.600000
v 8.600000 4.000000 2.099999
v 8.500000 0.100000 -2.500001
v 8.500000 0.100000 -2.100001
v 8.500000 0.100000 2.099999
v 8.500000 0.100000 2.499999
v 8.500000 4.000000 -2.500000
v 8.500000 4.000000 -2.100000
v 8.500000 4.000000 2.099999
v 8.500000 4.000000 2.500000
v 8.400000 0.100000 -2.800001
v 8.400000 0.100000 -2.500001
v 8.400000 0.100000 2.499999
v 8.400000 0.100000 2.799999
v 8.400000 4.000000 -2.800000
v 8.400000 4.000000 -2.500000
v 8.400000 4.000000 2.500000
v 8.400000 4.000000 2.799999
v 8.300000 0.100000 -3.100001
v 8.300000 0.100000 -2.800001
v 8.300000 0.100000 2.799999
v 8.300000 0.100000 3.099999
v 8.300000 4.000000 -3.100000
v 8.300000 4.000000 -2.800000
v 8.300000 4.000000 2.799999
v 8.300000 4.000000 3.099999
v 8.200000 0.100000 -3.300001
v 8.200000 0.100000 -3.100001
v 8.200000 0.100000 3.099999
v 8.200000 0.100000 3.299999
v 8.200000 4.000000 -3.300000
v 8.200000 4.000000 -3.100000
v 8.200000 4.000000 3.099999
v 8.200000 4.000000 3.299999
v 8.100000 0.100000 -3.600001
v 8.100000 0.100000 -3.300001
v 8.100000 0.100000 3.299999
v 8.100000 0.100000 3.599999
v 8.100000 4.000000 -3.600000
v 8.100000 4.000000 -3.300000
v 8.100000 4.000000 3.299999
v 8.100000 4.000000 3.599999
v 8.000000 0.100000 -3.800001
v 8.000000 0.100000 -3.600001
v 8.000000 0.100000 3.599999
v 8.000000 0.100000 3.799999
v 8.000000 4.000000 -3.800000
v 8.000000 4.000000 -3.600000
v 8.000000 4.000000 3.599999
v 8.000000 4.000000 3.799999
v 7.900000 0.100000 -4.000000
v 7.900000 0.100000 -3.800001
v 7.900001 0.100000 3.799999
v 7.900001 0.100000 3.999999
v 7.900000 4.000000 -4.000000
v 7.900000 4.000000 -3.800000
v 7.900001 4.000000 3.799999
v 7.900001 4.000000 4.000000
v 7.800000 0.100000 -4.200000
v 7.800000 0.100000 -4.000000
v 7.800001 0.100000 3.999999
v 7.800001 0.100000 4.199999
v 7.800000 4.000000 -4.200000
v 7.800000 4.000000 -4.000000
v 7.800001 4.000000 4.000000
v 7.800001 4.000000 4.199999
v 7.699999 0.100000 -4.300001
v 7.699999 0.100000 -4.200000
v 7.700000 0.100000 4.199999
v 7.700000 0.100000 4.300000
v 7.699999 4.000000 -4.300001
v 7.699999 4.000000 -4.200000
v 7.700000 4.000000 4.199999
v 7.700000 4.000000 4.300000
v 7.599999 0.100000 -4.500000
v 7.599999 0.100000 -4.300001
v 7.600000 0.100000 4.300000
v 7.600000 0.100000 4.500000
v 7.599999 4.000000 -4.500000
v 7.599999 4.000000 -4.300001
v 7.600000 4.000000 -0.900000
v 7.600000 4.000000 0.900001
v 7.600000 4.000000 4.300000
v 7.600000 4.000000 4.500000
v 7.600000 4.800000 -0.900000
v 7.600000 4.800000 0.900001
v 7.500000 0.100000 -4.700000
v 7.500000 0.100000 -4.500000
v 7.500000 0.100000 4.500000
v 7.500000 0.100000 4.699999
v 7.500000 4.000000 -4.700000
v 7.500000 4.000000 -4.500000
v 7.500000 4.000000 -1.600000
v 7.500000 4.000000 -0.900000
v 7.500000 4.000000 0.900001
v 7.500000 4.000000 1.600000
v 7.500000 4.000000 4.500000
v 7.500000 4.000000 4.699999
v 7.500000 4.800000 -1.600000
v 7.500000 4.800000 -0.900000
v 7.500000 4.800000 0.900001
v 7.500000 4.800000 1.600000
v 7.400000 0.100000 -4.800001
v 7.400000 0.100000 -4.700000
v 7.400001 0.100000 4.699999
v 7.400001 0.100000 4.800000
v 7.400000 4.000000 -4.800001
v 7.400000 4.000000 -4.700000
v 7.400000 4.000000 -2.100000
v 7.400000 4.000000 -1.600000
v 7.400000 4.000000 1.600000
v 7.400000 4.000000 2.100000
v 7.400001 4.000000 4.699999
v 7.400001 4.000000 4.800000
v 7.400000 4.800000 -2.100000
v 7.400000 4.800000 -1.600000
v 7.400000 4.800000 1.600000
v 7.400000 4.800000 2.100000
v 7.300000 0.100000 -5.000000
v 7.300000 0.100000 -4.800001
v 7.300001 0.100000 4.800000
v 7.300001 0.100000 5.000000
v 7.300000 4.000000 -5.000000
v 7.300000 4.000000 -4.800001
v 7.300000 4.000000 -2.500000
v 7.300000 4.000000 -2.100000
v 7.300000 4.000000 2.100000
v 7.300000 4.000000 2.500000
v 7.300001 4.000000 4.800000
v 7.300001 4.000000 5.000000
v 7.300000 4.800000 -2.500000
v 7.300000 4.800000 -2.100000
v 7.300000 4.800000 2.100000
v 7.300000 4.800000 2.500000
v 7.199999 0.100000 -5.100000
v 7.199999 0.100000 -5.000000
v 7.200000 0.100000 5.000000
v 7.200000 0.100000 5.099999
v 7.199999 4.000000 -5.100000
v 7.199999 4.000000 -5.000000
v 7.199999 4.000000 -2.800000
v 7.200000 4.000000 -2.500000
v 7.200000 4.000000 2.500000
v 7.200000 4.000000 2.800000
v 7.200000 4.000000 5.000000
v 7.200000 4.000000 5.099999
v 7.199999 4.800000 -2.800000
v 7.200000 4.800000 -2.500000
v 7.200000 4.800000 2.500000
v 7.200000 4.800000 2.800000
v 7.099999 0.100000 -5.300001
v 7.099999 0.100000 -5.100000
v 7.100000 0.100000 5.099999
v 7.100000 0.100000 5.300000
v 7.099999 4.000000 -5.300001
v 7.099999 4.000000 -5.100000
v 7.099999 4.000000 -3.100000
v 7.099999 4.000000 -2.800000
v 7.100000 4.000000 2.800000
v 7.100000 4.000000 3.100000
v 7.100000 4.000000 5.099999
v 7.100000 4.000000 5.300000
v 7.099999 4.800000 -3.100000
v 7.099999 4.800000 -2.800000
v 7.100000 4.800000 2.800000
v 7.100000 4.800000 3.100000
v 7.000000 0.100000 -5.400001
v 7.000000 0.100000 -5.300001
v 7.000000 0.100000 5.300000
v 7.000000 0.100000 5.400000
v 7.000000 4.000000 -5.400001
v 7.000000 4.000000 -5.300001
v 7.000000 4.000000 -3.300000
v 7.000000 4.000000 -3.100000
v 7.000000 4.000000 3.100000
v 7.000000 4.000000 3.300000
v 7.000000 4.000000 5.300000
v 7.000000 4.000000 5.400000
v 7.000000 4.800001 -3.300000
v 7.000000 4.800000 -3.100000
v 7.000000 4.800000 3.100000
v 7.000000 4.800000 3.300000
v 6.900000 0.100000 -5.500000
v 6.900000 0.100000 -5.400001
v 6.900001 0.100000 5.400000
v 6.900001 0.100000 5.500000
v 6.900000 4.000000 -5.500000
v 6.900000 4.000000 -5.400001
v 6.900000 4.000000 -3.600000
v 6.900000 4.000000 -3.300000
v 6.900001 4.000000 3.300000
v 6.900001 4.000000 3.600000
v 6.900001 4.000000 5.400000
v 6.900001 4.000000 5.500000
v 6.900000 4.800001 -3.600000
v 6.900000 4.800001 -3.300000
v 6.900001 4.800000 3.300000
v 6.900001 4.800000 3.600000
v 6.800000 0.100000 -5.600000
v 6.800000 0.100000 -5.500000
v 6.800001 0.100000 5.500000
v 6.800001 0.100000 5.599999
v 6.800000 4.000000 -5.600000
v 6.800000 4.000000 -5.500000
v 6.800000 4.000000 -3.800000
v 6.800000 4.000000 -3.600000
v 6.800001 4.000000 3.600000
v 6.800001 4.000000 3.800000
v 6.800001 4.000000 5.500000
v 6.800001 4.000000 5.599999
v 6.800000 4.800001 -3.800000
v 6.800000 4.800001 -3.600000
v 6.800001 4.800000 3.600000
v 6.800001 4.800000 3.800000
v 6.699999 0.100000 -5.800001
v 6.699999 0.100000 -5.600000
v 6.700000 0.100000 5.599999
v 6.700000 0.100000 5.800000
v 6.699999 1.400000 -5.800001
v 6.700000 1.399999 5.800000
v 6.699999 4.000000 -5.800001
v 6.699999 4.000000 -5.600000
v 6.699999 4.000000 -4.000000
v 6.699999 4.000000 -3.800000
v 6.700000 4.000000 3.800000
v 6.700000 4.000000 4.000000
v 6.700000 4.000000 5.599999
v 6.700000 4.000000 5.800000
v 6.699999 4.800001 -4.000000
v 6.699999 4.800001 -3.800000
v 6.700000 4.800000 3.800000
v 6.700000 4.800000 4.000000
v 6.599999 0.100000 -5.900001
v 6.599999 0.100000 -5.800001
v 6.600000 0.100000 5.800000
v 6.600000 0.100000 5.900000
v 6.599999 1.400000 -5.900001
v 6.599999 1.400000 -5.800001
v 6.600000 1.399999 5.800000
v 6.600000 1.399999 5.900000
v 6.599999 1.500000 -5.900001
v 6.600000 1.500000 5.900000
v 6.599999 4.000000 -5.900001
v 6.599999 4.000000 -5.800001
v 6.599999 4.000000 -4.200000
v 6.599999 4.000000 -4.000000
v 6.600000 4.000000 4.000000
v 6.600000 4.000000 4.199999
v 6.600000 4.000000 5.800000
v 6.600000 4.000000 5.900000
v 6.599999 4.800001 -4.200000
v 6.599999 4.800001 -4.000000
v 6.600000 4.800000 4.000000
v 6.600000 4.800000 4.200000
v 6.500000 0.100000 -6.000000
v 6.500000 0.100000 -5.900001
v 6.500000 0.100000 5.900000
v 6.500000 0.100000 6.000000
v 6.500000 1.500000 -6.000000
v 6.500000 1.500000 -5.900001
v 6.500000 1.500000 5.900000
v 6.500000 1.500000 6.000000
v 6.500000 1.600001 -6.000000
v 6.500000 1.600000 6.000000
v 6.500000 4.000000 -6.000000
v 6.500000 4.000000 -5.900001
v 6.500000 4.000000 -4.300001
v 6.500000 4.000000 -4.200000
v 6.500000 4.000000 4.199999
v 6.500000 4.000000 4.300000
v 6.500000 4.000000 5.900000
v 6.500000 4.000000 6.000000
v 6.500000 4.800001 -4.300000
v 6.500000 4.800001 -4.200000
v 6.500000 4.800000 4.200000
v 6.500000 4.800000 4.300000
v 6.400000 0.100000 -6.100000
v 6.400000 0.100000 -6.000000
v 6.400001 0.100000 6.000000
v 6.400001 0.100000 6.099999
v 6.400000 1.600001 -6.100000
v 6.400000 1.600001 -6.000000
v 6.400001 1.600000 6.000000
v 6.400001 1.600000 6.099999
v 6.400000 1.700001 -6.100000
v 6.400001 1.700000 6.099999
v 6.400000 4.000000 -6.100000
v 6.400000 4.000000 -6.000000
v 6.400000 4.000000 -4.500000
v 6.400000 4.000000 -4.300001
v 6.400001 4.000000 4.300000
v 6.400001 4.000000 4.500000
v 6.400001 4.000000 6.000000
v 6.400001 4.000000 6.099999
v 6.400000 4.800001 -4.500000
v 6.400000 4.800001 -4.300000
v 6.400001 4.800000 4.300000
v 6.400001 4.800000 4.500000
v 6.300000 0.100000 -6.200000
v 6.300000 0.100000 -6.100000
v 6.300001 0.100000 6.099999
v 6.300001 0.100000 6.199999
v 6.300000 1.700001 -6.200000
v 6.300000 1.700001 -6.100000
v 6.300001 1.700000 6.099999
v 6.300001 1.700000 6.199999
v 6.300000 4.000000 -6.200000
v 6.300000 4.000000 -6.100000
v 6.300000 4.000000 -4.700000
v 6.300000 4.000000 -4.500000
v 6.300001 4.000000 4.500000
v 6.300001 4.000000 4.699999
v 6.300001 4.000000 6.099999
v 6.300001 4.000000 6.199999
v 6.300000 4.800001 -4.700000
v 6.300000 4.800001 -4.500000
v 6.300001 4.800000 4.500000
v 6.300001 4.800000 4.700000
v 6.199999 0.100000 -6.300001
v 6.199999 0.100000 -6.200000
v 6.200000 0.100000 6.199999
v 6.200000 0.100000 6.300000
v 6.199999 1.700001 -6.300001
v 6.199999 1.700001 -6.200000
v 6.200000 1.700000 6.199999
v 6.200000 1.700000 6.300000
v 6.199999 4.000000 -6.300001
v 6.199999 4.000000 -6.200000
v 6.199999 4.000000 -4.800001
v 6.199999 4.000000 -4.700000
v 6.200000 4.000000 4.699999
v 6.200000 4.000000 4.800000
v 6.200000 4.000000 6.199999
v 6.200000 4.000000 6.300000
v 6.199999 4.800001 -4.800000
v 6.199999 4.800001 -4.700000
v 6.200000 4.800000 4.700000
v 6.200000 4.800000 4.800000
v 6.099999 0.100000 -6.400001
v 6.099999 0.100000 -6.300001
v 6.100000 0.100000 6.300000
v 6.100000 0.100000 6.400000
v 6.099999 1.600001 -6.400001
v 6.100000 1.600000 6.400000
v 6.099999 1.700001 -6.400001
v 6.099999 1.700001 -6.300001
v 6.100000 1.700000 6.300000
v 6.100000 1.700000 6.400000
v 6.099999 4.000000 -6.400000
v 6.099999 4.000000 -6.300000
v 6.099999 4.000000 -5.000000
v 6.099999 4.000000 -4.800000
v 6.100000 4.000000 4.800000
v 6.100000 4.000000 5.000000
v 6.100000 4.000000 6.300000
v 6.100000 4.000000 6.400000
v 6.099999 4.800001 -5.000000
v 6.099999 4.800001 -4.800000
v 6.100000 4.800000 4.800000
v 6.100000 4.800000 5.000000
v 6.000000 0.100000 -6.500000
v 6.000000 0.100000 -6.400001
v 6.000000 0.100000 6.400000
v 6.000000 0.100000 6.500000
v 6.000000 1.500000 -6.500000
v 6.000000 1.500000 6.500000
v 6.000000 1.600001 -6.500000
v 6.000000 1.600001 -6.400001
v 6.000000 1.600000 6.400000
v 6.000000 1.600000 6.500000
v 6.000000 4.000000 -6.500000
v 6.000000 4.000000 -6.400000
v 6.000000 4.000000 -5.100000
v 6.000000 4.000000 -5.000000
v 6.000000 4.000000 5.000000
v 6.000000 4.000000 5.100000
v 6.000000 4.000000 6.400000
v 6.000000 4.000000 6.500000
v 6.000000 4.800001 -5.100000
v 6.000000 4.800001 -5.000000
v 6.000000 4.800000 5.000000
v 6.000000 4.800000 5.100000
v 5.900000 0.100001 -6.600000
v 5.900000 0.100000 -6.500000
v 5.900001 0.100000 6.500000
v 5.900001 0.100000 6.599999
v 5.900000 1.400000 -6.600000
v 5.900001 1.399999 6.599999
v 5.900000 1.500000 -6.600000
v 5.900000 1.500000 -6.500000
v 5.900001 1.500000 6.500000
v 5.900001 1.500000 6.599999
v 5.900000 4.000000 -6.600000
v 5.900000 4.000000 -6.500000
v 5.900000 4.000000 -5.300000
v 5.900000 4.000000 -5.100000
v 5.900001 4.000000 5.100000
v 5.900001 4.000000 5.300000
v 5.900001 4.000000 6.500000
v 5.900001 4.000000 6.600000
v 5.900000 4.800001 -5.300000
v 5.900000 4.800001 -5.100000
v 5.900001 4.800000 5.100000
v 5.900001 4.800000 5.300000
v 5.800000 0.100001 -6.700000
v 5.800000 0.100001 -6.600000
v 5.800001 0.100000 6.599999
v 5.800001 0.099999 6.699999
v 5.800000 1.400000 -6.700000
v 5.800000 1.400000 -6.600000
v 5.800001 1.399999 6.599999
v 5.800001 1.399999 6.699999
v 5.800000 4.000000 -6.700000
v 5.800000 4.000000 -6.600000
v 5.800000 4.000000 -5.400000
v 5.800000 4.000000 -5.300000
v 5.800001 4.000000 5.300000
v 5.800001 4.000000 5.400000
v 5.800001 4.000000 6.600000
v 5.800001 4.000000 6.700000
v 5.800000 4.800001 -5.400000
v 5.800000 4.800001 -5.300000
v 5.800001 4.800000 5.300000
v 5.800001 4.800000 5.400000
v 5.699999 4.000000 -5.500000
v 5.699999 4.000000 -5.400000
v 5.700000 4.000000 5.400000
v 5.700000 4.000000 5.500000
v 5.699999 4.800001 -5.500000
v 5.699999 4.800001 -5.400000
v 5.700000 4.800000 5.400000
v 5.700000 4.800000 5.500000
v 5.599999 0.100001 -6.800001
v 5.599999 0.100001 -6.700000
v 5.600000 0.099999 6.699999
v 5.600000 0.099999 6.800000
v 5.599999 4.000000 -6.800000
v 5.599999 4.000000 -6.700000
v 5.599999 4.000000 -5.600000
v 5.599999 4.000000 -5.500000
v 5.600000 4.000000 5.500000
v 5.600000 4.000000 5.600000
v 5.600000 4.000000 6.700000
v 5.600000 4.000000 6.800000
v 5.599999 4.800001 -5.600000
v 5.599999 4.800001 -5.500000
v 5.600000 4.800000 5.500000
v 5.600000 4.800000 5.600000
v 5.500000 0.100001 -6.900001
v 5.500000 0.100001 -6.800001
v 5.500000 0.099999 6.800000
v 5.500000 0.099999 6.900000
v 5.500000 4.000000 -6.900000
v 5.500000 4.000000 -6.800000
v 5.500000 4.000000 -5.700000
v 5.500000 4.000000 -5.600000
v 5.500000 4.000000 5.600000
v 5.500000 4.000000 5.700000
v 5.500000 4.000000 6.800000
v 5.500000 4.000000 6.900000
v 5.500000 4.800001 -5.700000
v 5.500000 4.800001 -5.600000
v 5.500000 4.800000 5.600000
v 5.500000 4.800000 5.700000
v 5.400000 0.100001 -7.000000
v 5.400000 0.100001 -6.900001
v 5.400001 0.099999 6.900000
v 5.400001 0.099999 7.000000
v 5.400000 0.600000 -0.200000
v 5.400000 0.600000 -0.100000
v 5.400000 0.600000 0.100000
v 5.400000 0.600000 0.200000
v 5.400000 1.600000 -0.200000
v 5.400000 1.600000 -0.100000
v 5.400000 1.600000 0.100000
v 5.400000 1.600000 0.200000
v 5.400000 2.100000 -0.400000
v 5.400000 2.100000 -0.300000
v 5.400000 2.100000 0.300000
v 5.400000 2.100000 0.400001
v 5.400000 2.200000 -0.400000
v 5.400000 2.200000 -0.300000
v 5.400000 2.200000 -0.200000
v 5.400000 2.200000 -0.100000
v 5.400000 2.200000 0.100000
v 5.400000 2.200000 0.200000
v 5.400000 2.200000 0.300000
v 5.400000 2.200000 0.400001
v 5.400000 2.300000 -0.200000
v 5.400000 2.300000 -0.100000
v 5.400000 2.300000 0.100000
v 5.400000 2.300000 0.200000
v 5.400000 4.000000 -7.000000
v 5.400000 4.000000 -6.900000
v 5.400000 4.000000 -5.800000
v 5.400000 4.000000 -5.700000
v 5.400001 4.000000 5.700000
v 5.400001 4.000000 5.800000
v 5.400001 4.000000 6.900000
v 5.400001 4.000000 7.000000
v 5.400000 4.800001 -5.800000
v 5.400000 4.800001 -5.700000
v 5.400001 4.800000 5.700000
v 5.400001 4.800000 5.800000
v 5.300000 0.100001 -7.100000
v 5.300000 0.100001 -7.000000
v 5.300000 0.100000 -0.500000
v 5.300000 0.100000 -0.400000
v 5.300000 0.100000 0.400001
v 5.300000 0.100000 0.500000
v 5.300001 0.099999 7.000000
v 5.300001 0.099999 7.099999
v 5.300000 0.200000 -0.500000
v 5.300000 0.200000 -0.400000
v 5.300000 0.200000 -0.300000
v 5.300000 0.200000 0.300000
v 5.300000 0.200000 0.400001
v 5.300000 0.200000 0.500000
v 5.300000 0.300000 -0.400000
v 5.300000 0.300000 -0.300000
v 5.300000 0.300000 -0.200000
v 5.300000 0.300000 0.200000
v 5.300000 0.300000 0.300000
v 5.300000 0.300000 0.400001
v 5.300000 0.400000 -0.300000
v 5.300000 0.400000 -0.200000
v 5.300000 0.400000 0.200000
v 5.300000 0.400000 0.300000
v 5.300000 0.600000 -0.200000
v 5.300000 0.600000 -0.100000
v 5.300000 0.600000 0.100000
v 5.300000 0.600000 0.200000
v 5.300000 1.600000 -0.200000
v 5.300000 1.600000 -0.100000
v 5.300000 1.600000 0.100000
v 5.300000 1.600000 0.200000
v 5.300000 1.800000 -0.300000
v 5.300000 1.800000 -0.200000
v 5.300000 1.800000 0.200000
v 5.300000 1.800000 0.300000
v 5.300000 1.900000 -0.400000
v 5.300000 1.900000 -0.300000
v 5.300000 1.900000 -0.200000
v 5.300000 1.900000 0.200000
v 5.300000 1.900000 0.300000
v 5.300000 1.900000 0.400001
v 5.300000 2.000000 -0.500000
v 5.300000 2.000000 -0.400000
v 5.300000 2.000000 -0.300000
v 5.300000 2.000000 0.300000
v 5.300000 2.000000 0.400001
v 5.300000 2.000000 0.500000
v 5.300000 2.100000 -0.500000
v 5.300000 2.100000 -0.400000
v 5.300000 2.100000 -0.300000
v 5.300000 2.100000 -0.200000
v 5.300000 2.100000 0.200000
v 5.300000 2.100000 0.300000
v 5.300000 2.100000 0.400001
v 5.300000 2.100000 0.500000
v 5.300000 2.200000 -0.300000
v 5.300000 2.200000 -0.200000
v 5.300000 2.200000 -0.100000
v 5.300000 2.200000 0.100000
v 5.300000 2.200000 0.200000
v 5.300000 2.200000 0.300000
v 5.300000 2.300000 -0.100000
v 5.300000 2.300000 0.100000
v 5.300000 4.000000 -7.100000
v 5.300000 4.000000 -7.000000
v 5.300000 4.000000 -5.900000
v 5.300000 4.000000 -5.800000
v 5.300001 4.000000 5.800000
v 5.300001 4.000000 5.900000
v 5.300001 4.000000 7.000000
v 5.300001 4.000000 7.100000
v 5.300000 4.800001 -5.900000
v 5.300000 4.800001 -5.800000
v 5.300001 4.800000 5.800000
v 5.300001 4.800000 5.900000
v 5.200000 0.100000 -0.400000
v 5.200000 0.100000 -0.300000
v 5.200000 0.100000 0.300000
v 5.200000 0.100000 0.400001
v 5.200000 0.200000 -0.400000
v 5.200000 0.200000 -0.300000
v 5.200000 0.200000 -0.200000
v 5.200000 0.200000 0.200000
v 5.200000 0.200000 0.300000
v 5.200000 0.200000 0.400001
v 5.200000 0.300000 -0.300000
v 5.200000 0.300000 -0.200000
v 5.200000 0.300000 0.200000
v 5.200000 0.300000 0.300000
v 5.200000 0.400000 -0.200000
v 5.200000 0.400000 0.200000
v 5.200000 1.800000 -0.200000
v 5.200000 1.800000 0.200000
v 5.200000 1.900000 -0.300000
v 5.200000 1.900000 -0.200000
v 5.200000 1.900000 0.200000
v 5.200000 1.900000 0.300000
v 5.200000 2.000000 -0.400000
v 5.200000 2.000000 -0.300000
v 5.200000 2.000000 -0.200000
v 5.200000 2.000000 0.200000
v 5.200000 2.000000 0.300000
v 5.200000 2.000000 0.400001
v 5.200000 2.100000 -0.400000
v 5.200000 2.100000 -0.300000
v 5.200000 2.100000 -0.200000
v 5.200000 2.100000 -0.100000
v 5.200000 2.100000 0.100000
v 5.200000 2.100000 0.200000
v 5.200000 2.100000 0.300000
v 5.200000 2.100000 0.400001
v 5.200000 2.200000 -0.200000
v 5.200000 2.200000 -0.100000
v 5.200000 2.200000 0.100000
v 5.200000 2.200000 0.200000
v 5.100000 0.000000 -0.800000
v 5.100000 0.000000 -0.200000
v 5.100000 -0.000000 0.200000
v 5.100000 -0.000000 0.800000
v 5.099999 0.100001 -7.200000
v 5.099999 0.100001 -7.100000
v 5.100000 0.100000 -0.800000
v 5.100000 0.100000 -0.300000
v 5.100000 0.100000 -0.200000
v 5.100000 0.100000 0.200000
v 5.100000 0.100000 0.300000
v 5.100000 0.100000 0.800000
v 5.100000 0.099999 7.099999
v 5.100000 0.099999 7.199999
v 5.100000 0.200000 -0.300000
v 5.100000 0.200000 -0.200000
v 5.100000 0.200000 0.200000
v 5.100000 0.200000 0.300000
v 5.100000 0.300000 -0.200000
v 5.100000 0.300000 0.200000
v 5.100000 1.900000 -0.200000
v 5.100000 1.900000 0.200000
v 5.100000 2.000000 -0.300000
v 5.100000 2.000000 -0.200000
v 5.100000 2.000000 0.200000
v 5.100000 2.000000 0.300000
v 5.100000 2.100000 -0.300000
v 5.100000 2.100000 -0.200000
v 5.100000 2.100000 -0.100000
v 5.100000 2.100000 0.100000
v 5.100000 2.100000 0.200000
v 5.100000 2.100000 0.300000
v 5.100000 2.200000 -0.100000
v 5.100000 2.200000 0.100000
v 5.099999 4.000000 -7.200000
v 5.099999 4.000000 -7.100000
v 5.099999 4.000000 -6.000000
v 5.099999 4.000000 -5.900000
v 5.100000 4.000000 5.900000
v 5.100000 4.000000 6.000000
v 5.100000 4.000000 7.100000
v 5.100000 4.000000 7.200000
v 5.099999 4.800001 -6.000000
v 5.099999 4.800001 -5.900000
v 5.100000 4.800000 5.900000
v 5.100000 4.800000 6.000000
v 5.000000 0.000000 -1.300000
v 5.000000 0.000000 -0.800000
v 5.000000 0.000000 -0.200000
v 5.000000 -0.000000 0.200000
v 5.000000 -0.000000 0.800000
v 5.000000 -0.000000 1.299999
v 5.000000 0.100001 -7.300001
v 5.000000 0.100001 -7.200000
v 5.000000 0.100000 -1.300000
v 5.000000 0.100000 -0.800000
v 5.000000 0.100000 -0.200000
v 5.000000 0.100000 0.200000
v 5.000000 0.100000 0.800000
v 5.000000 0.100000 1.299999
v 5.000000 0.099999 7.199999
v 5.000000 0.099999 7.300000
v 5.000000 0.200000 -0.200000
v 5.000000 0.200000 0.200000
v 5.000000 2.000000 -0.200000
v 5.000000 2.000000 0.200000
v 5.000000 2.100000 -0.200000
v 5.000000 2.100000 0.200000
v 5.000000 4.000000 -7.300000
v 5.000000 4.000000 -7.200000
v 5.000000 4.000000 -6.100000
v 5.000000 4.000000 -6.000000
v 5.000000 4.000000 6.000000
v 5.000000 4.000000 6.100000
v 5.000000 4.000000 7.200000
v 5.000000 4.000000 7.300000
v 5.000000 4.800001 -6.100000
v 5.000000 4.800001 -6.000000
v 5.000000 4.800000 6.000000
v 5.000000 4.800000 6.100000
v 4.900000 0.000000 -1.700001
v 4.900000 0.000000 -1.300000
v 4.900000 -0.000000 1.299999
v 4.900000 -0.000000 1.700000
v 4.900000 0.100000 -1.700001
v 4.900000 0.100000 -1.300000
v 4.900000 0.100000 1.299999
v 4.900000 0.100000 1.700000
v 4.800000 0.000000 -1.900000
v 4.800000 0.000000 -1.700001
v 4.800000 -0.000000 1.700000
v 4.800000 -0.000000 1.899999
v 4.800000 0.100001 -7.400001
v 4.800000 0.100001 -7.300001
v 4.800000 0.100000 -1.900000
v 4.800000 0.100000 -1.700000
v 4.800000 0.100000 1.700000
v 4.800000 0.100000 1.900000
v 4.800001 0.099999 7.300000
v 4.800001 0.099999 7.400000
v 4.800000 4.000000 -7.400000
v 4.800000 4.000000 -7.300000
v 4.800000 4.000000 -6.200000
v 4.800000 4.000000 -6.100000
v 4.800001 4.000000 6.100000
v 4.800001 4.000000 6.200000
v 4.800001 4.000000 7.300000
v 4.800001 4.000000 7.400000
v 4.800000 4.800001 -6.200000
v 4.800000 4.800001 -6.100000
v 4.800001 4.800000 6.100000
v 4.800001 4.800000 6.200000
v 4.700000 0.000000 -2.200001
v 4.700000 0.000000 -1.900000
v 4.700000 -0.000000 1.900000
v 4.700000 -0.000000 2.200000
v 4.699999 0.100001 -7.500000
v 4.699999 0.100001 -7.400001
v 4.700000 0.100000 -2.200001
v 4.700000 0.100000 -1.900000
v 4.700000 0.100000 1.900000
v 4.700000 0.100000 2.200000
v 4.700000 0.099999 7.400000
v 4.700000 0.099999 7.500000
v 4.699999 4.000000 -7.500000
v 4.699999 4.000000 -7.400000
v 4.699999 4.000000 -6.300000
v 4.699999 4.000000 -6.200000
v 4.700000 4.000000 6.200000
v 4.700000 4.000000 6.300000
v 4.700000 4.000000 7.400000
v 4.700000 4.000000 7.500000
v 4.699999 4.800001 -6.300000
v 4.699999 4.800001 -6.200000
v 4.700000 4.800000 6.200000
v 4.700000 4.800000 6.300000
v 4.600000 0.000000 -2.400001
v 4.600000 0.000000 -2.200001
v 4.600000 -0.000000 2.200000
v 4.600000 -0.000000 2.400000
v 4.600000 0.100000 -2.400001
v 4.600000 0.100000 -2.200001
v 4.600000 0.100000 2.200000
v 4.600000 0.100000 2.400000
v 4.500000 0.000000 -2.600000
v 4.500000 0.000000 -2.400001
v 4.500000 -0.000000 2.400000
v 4.500000 -0.000000 2.599999
v 4.500000 0.100001 -7.600000
v 4.500000 0.100001 -7.500000
v 4.500000 0.100000 -2.600000
v 4.500000 0.100000 -2.400001
v 4.500000 0.100000 2.400000
v 4.500000 0.100000 2.599999
v 4.500000 0.099999 7.500000
v 4.500000 0.099999 7.599999
v 4.500000 4.000000 -7.600000
v 4.500000 4.000000 -7.500000
v 4.500000 4.000000 -6.400000
v 4.500000 4.000000 -6.300000
v 4.500000 4.000000 6.300000
v 4.500000 4.000000 6.400000
v 4.500000 4.000000 7.500000
v 4.500000 4.000000 7.600000
v 4.500000 4.800001 -6.400000
v 4.500000 4.800001 -6.300000
v 4.500000 4.800000 6.300000
v 4.500000 4.800000 6.400000
v 4.400000 0.000000 -2.700001
v 4.400000 0.000000 -2.600000
v 4.400000 -0.000000 2.599999
v 4.400000 -0.000000 2.700000
v 4.400000 0.100000 -2.700001
v 4.400000 0.100000 -2.600000
v 4.400000 0.100000 2.599999
v 4.400000 0.100000 2.700000
v 4.300000 0.000000 -2.900001
v 4.300000 0.000000 -2.700001
v 4.300000 -0.000000 2.700000
v 4.300001 -0.000000 2.900000
v 4.300000 0.100001 -7.700000
v 4.300000 0.100001 -7.600000
v 4.300000 0.100000 -2.900001
v 4.300000 0.100000 -2.700001
v 4.300000 0.100000 2.700000
v 4.300001 0.100000 2.900000
v 4.300001 0.099999 7.599999
v 4.300001 0.099999 7.699999
v 4.300000 4.000000 -7.700000
v 4.300000 4.000000 -7.600000
v 4.300000 4.000000 -6.500000
v 4.300000 4.000000 -6.400000
v 4.300001 4.000000 6.400000
v 4.300001 4.000000 6.500000
v 4.300001 4.000000 7.600000
v 4.300001 4.000000 7.700000
v 4.300000 4.800001 -6.500000
v 4.300000 4.800001 -6.400000
v 4.300001 4.800000 6.400000
v 4.300001 4.800000 6.500000
v 4.199999 0.000000 -3.000000
v 4.199999 0.000000 -2.900001
v 4.200000 -0.000000 2.900000
v 4.200000 -0.000000 3.000000
v 4.199999 0.100001 -7.800001
v 4.199999 0.100001 -7.700000
v 4.199999 0.100000 -3.000000
v 4.199999 0.100000 -2.900001
v 4.200000 0.100000 2.900000
v 4.200000 0.100000 3.000000
v 4.200000 0.099999 7.699999
v 4.200000 0.099999 7.800000
v 4.199999 4.000000 -7.800000
v 4.199999 4.000000 -7.700000
v 4.199999 4.000000 -6.600000
v 4.199999 4.000000 -6.500000
v 4.200000 4.000000 6.500000
v 4.200000 4.000000 6.600000
v 4.200000 4.000000 7.700000
v 4.200000 4.000000 7.800000
v 4.199999 4.800001 -6.600000
v 4.199999 4.800001 -6.500000
v 4.200000 4.800000 6.500000
v 4.200000 4.800000 6.600000
v 4.099999 0.000000 -3.200001
v 4.099999 0.000000 -3.000000
v 4.100000 -0.000000 3.000000
v 4.100000 -0.000000 3.200000
v 4.099999 0.100000 -3.200000
v 4.099999 0.100000 -3.000000
v 4.100000 0.100000 3.000000
v 4.100000 0.100000 3.200000
v 4.000000 0.000000 -3.300000
v 4.000000 0.000000 -3.200000
v 4.000000 -0.000000 3.200000
v 4.000000 -0.000000 3.300000
v 3.999999 0.100001 -7.900001
v 3.999999 0.100001 -7.800001
v 4.000000 0.100000 -3.300000
v 4.000000 0.100000 -3.200000
v 4.000000 0.100000 3.200000
v 4.000000 0.100000 3.300000
v 4.000000 0.099999 7.800000
v 4.000000 0.099999 7.900000
v 3.999999 4.000000 -7.900000
v 3.999999 4.000000 -7.800000
v 4.000000 4.000000 -6.700000
v 4.000000 4.000000 -6.600000
v 4.000000 4.000000 6.600000
v 4.000000 4.000000 6.700000
v 4.000000 4.000000 7.800000
v 4.000000 3.999999 7.900000
v 4.000000 4.800001 -6.700000
v 4.000000 4.800001 -6.600000
v 4.000000 4.800000 6.600000
v 4.000000 4.800000 6.700000
v 3.900000 0.000000 -3.400000
v 3.900000 0.000000 -3.300000
v 3.900000 -0.000000 3.300000
v 3.900000 -0.000000 3.400000
v 3.900000 0.100000 -3.400000
v 3.900000 0.100000 -3.300000
v 3.900000 0.100000 3.300000
v 3.900000 0.100000 3.400000
v 3.900000 0.600000 -4.100000
v 3.900000 0.600000 -4.000000
v 3.900000 0.600000 -3.800000
v 3.900000 0.600000 -3.700000
v 3.900000 1.600000 -4.100000
v 3.900000 1.600000 -4.000000
v 3.900000 1.600000 -3.800000
v 3.900000 1.600000 -3.700000
v 3.900000 2.100000 -4.300000
v 3.900000 2.100000 -4.200000
v 3.900000 2.100000 -3.600000
v 3.900000 2.100000 -3.500000
v 3.900000 2.200000 -4.300000
v 3.900000 2.200000 -4.200000
v 3.900000 2.200000 -4.100000
v 3.900000 2.200000 -4.000000
v 3.900000 2.200000 -3.800000
v 3.900000 2.200000 -3.700000
v 3.900000 2.200000 -3.600000
v 3.900000 2.200000 -3.500000
v 3.900000 2.300000 -4.100000
v 3.900000 2.300000 -4.000000
v 3.900000 2.300000 -3.800000
v 3.900000 2.300000 -3.700000
v 3.800000 0.000000 -3.500000
v 3.800000 0.000000 -3.400000
v 3.800000 -0.000000 3.400000
v 3.800000 -0.000000 3.500000
v 3.799999 0.100001 -8.000000
v 3.799999 0.100001 -7.900001
v 3.799999 0.100000 -4.400001
v 3.799999 0.100000 -4.300001
v 3.800000 0.100000 -3.500000
v 3.800000 0.100000 -3.400000
v 3.800000 0.100000 3.400000
v 3.800000 0.100000 3.500000
v 3.800001 0.099999 7.900000
v 3.800001 0.099999 8.000000
v 3.799999 0.200000 -4.400001
v 3.799999 0.200000 -4.300001
v 3.799999 0.200000 -4.200000
v 3.800000 0.200000 -3.600000
v 3.800000 0.200000 -3.500000
v 3.800000 0.200000 -3.400000
v 3.799999 0.300000 -4.300001
v 3.799999 0.300000 -4.200000
v 3.799999 0.300000 -4.100000
v 3.800000 0.300000 -3.700000
v 3.800000 0.300000 -3.600000
v 3.800000 0.300000 -3.500000
v 3.799999 0.400000 -4.200000
v 3.799999 0.400000 -4.100000
v 3.800000 0.400000 -3.700000
v 3.800000 0.400000 -3.600000
v 3.799999 0.600000 -4.100000
v 3.800000 0.600000 -4.000000
v 3.800000 0.600000 -3.800000
v 3.800000 0.600000 -3.700000
v 3.799999 1.600000 -4.100000
v 3.800000 1.600000 -4.000000
v 3.800000 1.600000 -3.800000
v 3.800000 1.600000 -3.700000
v 3.799999 1.800000 -4.200000
v 3.799999 1.800000 -4.100000
v 3.800000 1.800000 -3.700000
v 3.800000 1.800000 -3.600000
v 3.799999 1.900000 -4.300000
v 3.799999 1.900000 -4.200000
v 3.799999 1.900000 -4.100000
v 3.800000 1.900000 -3.700000
v 3.800000 1.900000 -3.600000
v 3.800000 1.900000 -3.500000
v 3.799999 2.000000 -4.400000
v 3.799999 2.000000 -4.300000
v 3.799999 2.000000 -4.200000
v 3.800000 2.000000 -3.600000
v 3.800000 2.000000 -3.500000
v 3.800000 2.000000 -3.400000
v 3.799999 2.100000 -4.400000
v 3.799999 2.100000 -4.300000
v 3.799999 2.100000 -4.200000
v 3.799999 2.100000 -4.100000
v 3.800000 2.100000 -3.700000
v 3.800000 2.100000 -3.600000
v 3.800000 2.100000 -3.500000
v 3.800000 2.100000 -3.400000
v 3.799999 2.200000 -4.200000
v 3.799999 2.200000 -4.100000
v 3.800000 2.200000 -4.000000
v 3.800000 2.200000 -3.800000
v 3.800000 2.200000 -3.700000
v 3.800000 2.200000 -3.600000
v 3.800000 2.300000 -4.000000
v 3.800000 2.300000 -3.800000
v 3.799999 4.000000 -8.000000
v 3.799999 4.000000 -7.900000
v 3.799999 4.000000 -6.800000
v 3.799999 4.000000 -6.700000
v 3.800000 4.000000 6.700000
v 3.800000 4.000000 6.800000
v 3.800001 3.999999 7.900000
v 3.800001 3.999999 8.000000
v 3.799999 4.800001 -6.800000
v 3.799999 4.800001 -6.700000
v 3.800000 4.800000 6.700000
v 3.800000 4.800000 6.800000
v 3.700000 0.000000 -3.600000
v 3.700000 0.000000 -3.500000
v 3.700000 -0.000000 3.500000
v 3.700000 -0.000000 3.600000
v 3.700000 0.100000 -4.300001
v 3.700000 0.100000 -4.200000
v 3.700000 0.100000 -3.600000
v 3.700000 0.100000 -3.500000
v 3.700000 0.100000 3.500000
v 3.700000 0.100000 3.600000
v 3.700000 0.200000 -4.300001
v 3.700000 0.200000 -4.200000
v 3.700000 0.200000 -4.100000
v 3.700000 0.200000 -3.700000
v 3.700000 0.200000 -3.600000
v 3.700000 0.200000 -3.500000
v 3.700000 0.300000 -4.200000
v 3.700000 0.300000 -4.100000
v 3.700000 0.300000 -3.700000
v 3.700000 0.300000 -3.600000
v 3.700000 0.400000 -4.100000
v 3.700000 0.400000 -3.700000
v 3.700000 1.800000 -4.100000
v 3.700000 1.800000 -3.700000
v 3.700000 1.900000 -4.200000
v 3.700000 1.900000 -4.100000
v 3.700000 1.900000 -3.700000
v 3.700000 1.900000 -3.600000
v 3.700000 2.000000 -4.300000
v 3.700000 2.000000 -4.200000
v 3.700000 2.000000 -4.100000
v 3.700000 2.000000 -3.700000
v 3.700000 2.000000 -3.600000
v 3.700000 2.000000 -3.500000
v 3.700000 2.100000 -4.300000
v 3.700000 2.100000 -4.200000
v 3.700000 2.100000 -4.100000
v 3.700000 2.100000 -4.000000
v 3.700000 2.100000 -3.800000
v 3.700000 2.100000 -3.700000
v 3.700000 2.100000 -3.600000
v 3.700000 2.100000 -3.500000
v 3.700000 2.200000 -4.100000
v 3.700000 2.200000 -4.000000
v 3.700000 2.200000 -3.800000
v 3.700000 2.200000 -3.700000
v 3.600000 0.000000 -3.700000
v 3.600000 0.000000 -3.600000
v 3.600000 -0.000000 3.600000
v 3.600000 -0.000000 3.700000
v 3.599999 0.100001 -8.100000
v 3.599999 0.100001 -8.000000
v 3.599999 0.100000 -4.200000
v 3.599999 0.100000 -4.100000
v 3.600000 0.100000 -3.700000
v 3.600000 0.100000 -3.600000
v 3.600000 0.100000 3.600000
v 3.600000 0.100000 3.700000
v 3.600001 0.099999 8.000000
v 3.600001 0.099999 8.100000
v 3.599999 0.200000 -4.200000
v 3.599999 0.200000 -4.100000
v 3.600000 0.200000 -3.700000
v 3.600000 0.200000 -3.600000
v 3.599999 0.300000 -4.100000
v 3.600000 0.300000 -3.700000
v 3.599999 1.900000 -4.100000
v 3.600000 1.900000 -3.700000
v 3.599999 2.000000 -4.200000
v 3.599999 2.000000 -4.100000
v 3.600000 2.000000 -3.700000
v 3.600000 2.000000 -3.600000
v 3.599999 2.100000 -4.200000
v 3.599999 2.100000 -4.100000
v 3.600000 2.100000 -4.000000
v 3.600000 2.100000 -3.800000
v 3.600000 2.100000 -3.700000
v 3.600000 2.100000 -3.600000
v 3.600000 2.200000 -4.000000
v 3.600000 2.200000 -3.800000
v 3.599999 4.000000 -8.100000
v 3.599999 4.000000 -8.000000
v 3.599999 4.000000 -6.900000
v 3.599999 4.000000 -6.800000
v 3.600000 4.000000 6.800000
v 3.600001 4.000000 6.900000
v 3.600001 3.999999 8.000000
v 3.600001 3.999999 8.100000
v 3.599999 4.800001 -6.900000
v 3.599999 4.800001 -6.800000
v 3.600000 4.800000 6.800000
v 3.600001 4.800000 6.900000
v 3.500000 0.000000 -3.800000
v 3.500000 0.000000 -3.700000
v 3.500000 -0.000000 3.700000
v 3.500000 -0.000000 3.800000
v 3.500000 0.100000 -4.100000
v 3.500000 0.100000 -3.800000
v 3.500000 0.100000 -3.700000
v 3.500000 0.100000 3.700000
v 3.500000 0.100000 3.800000
v 3.500000 0.200000 -4.100000
v 3.500000 0.200000 -3.700000
v 3.500000 2.000000 -4.100000
v 3.500000 2.000000 -3.700000
v 3.500000 2.100000 -4.100000
v 3.500000 2.100000 -3.700000
v 3.400000 0.000000 -3.900000
v 3.400000 0.000000 -3.800000
v 3.400000 -0.000000 3.800000
v 3.400000 -0.000000 3.900000
v 3.400000 0.100000 -3.900000
v 3.400000 0.100000 -3.800000
v 3.400000 0.100000 3.800000
v 3.400000 0.100000 3.900000
v 3.300000 0.000000 -4.000000
v 3.300000 0.000000 -3.900000
v 3.300000 -0.000000 3.900000
v 3.300000 -0.000000 4.000000
v 3.299999 0.100001 -8.200000
v 3.299999 0.100001 -8.100000
v 3.300000 0.100000 -4.000000
v 3.300000 0.100000 -3.900000
v 3.300000 0.100000 3.900000
v 3.300000 0.100000 4.000000
v 3.300001 0.099999 8.100000
v 3.300001 0.099999 8.200000
v 3.299999 4.000000 -8.200000
v 3.299999 4.000000 -8.100000
v 3.299999 4.000000 -7.000000
v 3.299999 4.000000 -6.900000
v 3.300001 4.000000 6.900000
v 3.300001 4.000000 7.000000
v 3.300001 3.999999 8.100000
v 3.300001 3.999999 8.200000
v 3.299999 4.800001 -7.000000
v 3.299999 4.800001 -6.900000
v 3.300001 4.800000 6.900000
v 3.300001 4.800000 7.000000
v 3.200000 0.000000 -4.100000
v 3.200000 0.000000 -4.000000
v 3.200000 -0.000000 4.000000
v 3.200001 -0.000000 4.099999
v 3.200000 0.100000 -4.100000
v 3.200000 0.100000 -4.000000
v 3.200000 0.100000 4.000000
v 3.200001 0.100000 4.099999
v 3.099999 0.100001 -8.300000
v 3.099999 0.100001 -8.200000
v 3.100001 0.099999 8.200000
v 3.100001 0.099999 8.300000
v 3.099999 4.000000 -8.300000
v 3.099999 4.000000 -8.200000
v 3.099999 4.000000 -7.100000
v 3.099999 4.000000 -7.000000
v 3.100001 4.000000 7.000000
v 3.100001 4.000000 7.100000
v 3.100001 3.999999 8.200000
v 3.100001 3.999999 8.300000
v 3.099999 4.800001 -7.100000
v 3.099999 4.800001 -7.000000
v 3.100001 4.800000 7.000000
v 3.100001 4.800000 7.100000
v 3.000000 0.000000 -4.200000
v 3.000000 0.000000 -4.100000
v 3.000000 -0.000000 4.099999
v 3.000000 -0.000000 4.199999
v 3.000000 0.100000 -4.200000
v 3.000000 0.100000 -4.100000
v 3.000000 0.100000 4.099999
v 3.000000 0.100000 4.199999
v 2.900000 0.000000 -4.300001
v 2.900000 0.000000 -4.200000
v 2.900001 -0.000000 4.199999
v 2.900001 -0.000000 4.300000
v 2.900000 0.100000 -4.300001
v 2.900000 0.100000 -4.200000
v 2.900001 0.100000 4.199999
v 2.900001 0.100000 4.300000
v 2.799999 0.100001 -8.400000
v 2.799999 0.100001 -8.300000
v 2.800001 0.099999 8.300000
v 2.800001 0.099999 8.400000
v 2.799999 4.000000 -8.400000
v 2.799999 4.000000 -8.300000
v 2.799999 4.000000 -7.200000
v 2.799999 4.000000 -7.100000
v 2.800001 4.000000 7.100000
v 2.800001 4.000000 7.200000
v 2.800001 3.999999 8.300000
v 2.800001 3.999999 8.400000
v 2.799999 4.800001 -7.200000
v 2.799999 4.800001 -7.100000
v 2.800001 4.800000 7.100000
v 2.800001 4.800000 7.200000
v 2.700000 0.000000 -4.400000
v 2.700000 0.000000 -4.300000
v 2.700001 -0.000000 4.300000
v 2.700001 -0.000000 4.400000
v 2.700000 0.100000 -4.400000
v 2.700000 0.100000 -4.300000
v 2.700001 0.100000 4.300000
v 2.700001 0.100000 4.400000
v 2.599999 0.000000 -4.500000
v 2.599999 0.000000 -4.400000
v 2.600000 -0.000000 4.400000
v 2.600000 -0.000000 4.500000
v 2.599999 0.100000 -4.500000
v 2.599999 0.100000 -4.400000
v 2.600000 0.100000 4.400000
v 2.600000 0.100000 4.500000
v 2.499999 0.100001 -8.500000
v 2.499999 0.100001 -8.400000
v 2.500001 0.099999 8.400000
v 2.500001 0.099999 8.500000
v 2.499999 4.000000 -8.500000
v 2.499999 4.000000 -8.400000
v 2.499999 4.000000 -7.300000
v 2.499999 4.000000 -7.200000
v 2.500001 4.000000 7.200000
v 2.500001 4.000000 7.300000
v 2.500001 3.999999 8.400000
v 2.500001 3.999999 8.500000
v 2.499999 4.800001 -7.300000
v 2.499999 4.800001 -7.200000
v 2.500001 4.800000 7.200000
v 2.500001 4.800000 7.300000
v 2.400000 0.000000 -4.600000
v 2.400000 0.000000 -4.500000
v 2.400001 -0.000000 4.500000
v 2.400001 -0.000000 4.600000
v 2.400000 0.100000 -4.600000
v 2.400000 0.100000 -4.500000
v 2.400001 0.100000 4.500000
v 2.400001 0.100000 4.600000
v 2.200000 0.000000 -4.700000
v 2.200000 0.000000 -4.600000
v 2.200001 -0.000000 4.600000
v 2.200001 -0.000000 4.700000
v 2.200000 0.100000 -4.700000
v 2.200000 0.100000 -4.600000
v 2.200001 0.100000 4.600000
v 2.200001 0.100000 4.700000
v 2.099999 0.100001 -8.600000
v 2.099999 0.100001 -8.500000
v 2.100001 0.099999 8.500000
v 2.100001 0.099999 8.600000
v 2.099999 4.000000 -8.600000
v 2.099999 4.000000 -8.500000
v 2.099999 4.000000 -7.400000
v 2.099999 4.000000 -7.300000
v 2.100001 4.000000 7.300000
v 2.100001 4.000000 7.400000
v 2.100001 3.999999 8.500000
v 2.100001 3.999999 8.600000
v 2.099999 4.800001 -7.400000
v 2.099999 4.800001 -7.300000
v 2.100001 4.800000 7.300000
v 2.100001 4.800000 7.400000
v 1.899999 0.000000 -4.800000
v 1.900000 0.000000 -4.700000
v 1.900000 -0.000000 4.700000
v 1.900000 -0.000000 4.800000
v 1.899999 0.100000 -4.800000
v 1.900000 0.100000 -4.700000
v 1.900000 0.100000 4.700000
v 1.900000 0.100000 4.800000
v 1.700000 0.000000 -4.900000
v 1.700000 0.000000 -4.800000
v 1.700001 -0.000000 4.800000
v 1.700001 -0.000000 4.900000
v 1.700000 0.100000 -4.900000
v 1.700000 0.100000 -4.800000
v 1.700001 0.100000 4.800000
v 1.700001 0.100000 4.900000
v 1.599999 0.100001 -8.700000
v 1.599999 0.100001 -8.600000
v 1.600001 0.099999 8.600000
v 1.600001 0.099999 8.700000
v 1.599999 4.000000 -8.700000
v 1.599999 4.000000 -8.600000
v 1.599999 4.000000 -7.500000
v 1.599999 4.000000 -7.400000
v 1.600001 4.000000 7.400000
v 1.600001 4.000000 7.500000
v 1.600001 3.999999 8.600000
v 1.600001 3.999999 8.700000
v 1.599999 4.800001 -7.500000
v 1.599999 4.800001 -7.400000
v 1.600001 4.800000 7.400000
v 1.600001 4.800000 7.500000
v 1.299999 0.000000 -5.000000
v 1.299999 0.000000 -4.900000
v 1.300000 -0.000000 4.900000
v 1.300000 -0.000000 5.000000
v 1.299999 0.100000 -5.000000
v 1.299999 0.100000 -4.900000
v 1.300000 0.100000 4.900000
v 1.300000 0.100000 5.000000
v 0.899999 0.100001 -8.800000
v 0.899999 0.100001 -8.700000
v 0.900001 0.099999 8.700000
v 0.900001 0.099999 8.800000
v 0.899999 4.000000 -8.800000
v 0.899999 4.000000 -8.700000
v 0.899999 4.000000 -7.600000
v 0.899999 4.000000 -7.500000
v 0.900001 4.000000 7.500000
v 0.900001 4.000000 7.600000
v 0.900001 3.999999 8.700000
v 0.900001 3.999999 8.800000
v 0.899999 4.800001 -7.599999
v 0.899999 4.800001 -7.500000
v 0.900001 4.800000 7.500000
v 0.900001 4.800000 7.600000
v 0.800000 0.000000 -5.100000
v 0.800000 0.000000 -5.000000
v 0.800000 -0.000000 5.000000
v 0.800000 -0.000000 5.100000
v 0.800000 0.100000 -5.100000
v 0.800000 0.100000 -5.000000
v 0.800000 0.100000 5.000000
v 0.800000 0.100000 5.100000
v -0.100001 0.600000 -5.700000
v -0.100000 0.600000 -5.600000
v -0.100000 0.600000 -5.400000
v -0.100000 0.600000 -5.300000
v -0.100001 1.600001 -5.700000
v -0.100000 1.600001 -5.600000
v -0.100000 1.600000 -5.400000
v -0.100000 1.600000 -5.300000
v -0.100001 2.100000 -5.900000
v -0.100001 2.100000 -5.800000
v -0.100000 2.100000 -5.200000
v -0.100000 2.100000 -5.100000
v -0.100001 2.200001 -5.900000
v -0.100001 2.200001 -5.800000
v -0.100001 2.200001 -5.700000
v -0.100000 2.200001 -5.600000
v -0.100000 2.200001 -5.400000
v -0.100000 2.200001 -5.300000
v -0.100000 2.200001 -5.200000
v -0.100000 2.200001 -5.100000
v -0.100001 2.300000 -5.700000
v -0.100000 2.300000 -5.600000
v -0.100000 2.300000 -5.400000
v -0.100000 2.300000 -5.300000
v -0.200000 0.000000 -5.100000
v -0.200000 0.000000 -5.000000
v -0.200001 0.100000 -6.000000
v -0.200001 0.100000 -5.900000
v -0.200000 0.100000 -5.100000
v -0.200000 0.100000 -5.000000
v -0.200001 0.200000 -6.000000
v -0.200001 0.200000 -5.900000
v -0.200001 0.200000 -5.800000
v -0.200000 0.200000 -5.200000
v -0.200000 0.200000 -5.100000
v -0.200000 0.200000 -5.000000
v -0.200001 0.300000 -5.900000
v -0.200001 0.300000 -5.800000
v -0.200000 0.300000 -5.700000
v -0.200000 0.300000 -5.300000
v -0.200000 0.300000 -5.200000
v -0.200000 0.300000 -5.100000
v -0.200001 0.400000 -5.800000
v -0.200000 0.400000 -5.700000
v -0.200000 0.400000 -5.300000
v -0.200000 0.400000 -5.200000
v -0.200000 0.600000 -5.700000
v -0.200000 0.600000 -5.600000
v -0.200000 0.600000 -5.400000
v -0.200000 0.600000 -5.300000
v -0.200000 1.600001 -5.700000
v -0.200000 1.600001 -5.600000
v -0.200000 1.600000 -5.400000
v -0.200000 1.600000 -5.300000
v -0.200001 1.800000 -5.800000
v -0.200000 1.800000 -5.700000
v -0.200000 1.800000 -5.300000
v -0.200000 1.800000 -5.200000
v -0.200001 1.900000 -5.900000
v -0.200001 1.900000 -5.800000
v -0.200000 1.900000 -5.700000
v -0.200000 1.900000 -5.300000
v -0.200000 1.900000 -5.200000
v -0.200000 1.900000 -5.100000
v -0.200001 2.000000 -6.000000
v -0.200001 2.000000 -5.900000
v -0.200001 2.000000 -5.800000
v -0.200000 2.000000 -5.200000
v -0.200000 2.000000 -5.100000
v -0.200000 2.000000 -5.000000
v -0.200001 2.100000 -6.000000
v -0.200001 2.100000 -5.900000
v -0.200001 2.100000 -5.800000
v -0.200000 2.100000 -5.700000
v -0.200000 2.100000 -5.300000
v -0.200000 2.100000 -5.200000
v -0.200000 2.100000 -5.100000
v -0.200000 2.100000 -5.000000
v -0.200001 2.200001 -5.800000
v -0.200000 2.200001 -5.700000
v -0.200000 2.200001 -5.600000
v -0.200000 2.200001 -5.400000
v -0.200000 2.200001 -5.300000
v -0.200000 2.200001 -5.200000
v -0.200000 2.300000 -5.600000
v -0.200000 2.300000 -5.400000
v -0.300001 0.100000 -5.900000
v -0.300001 0.100000 -5.800000
v -0.300000 0.100000 -5.200000
v -0.300000 0.100000 -5.100000
v -0.300001 0.200000 -5.900000
v -0.300001 0.200000 -5.800000
v -0.300001 0.200000 -5.700000
v -0.300000 0.200000 -5.300000
v -0.300000 0.200000 -5.200000
v -0.300000 0.200000 -5.100000
v -0.300001 0.300000 -5.800000
v -0.300001 0.300000 -5.700000
v -0.300000 0.300000 -5.300000
v -0.300000 0.300000 -5.200000
v -0.300001 0.400000 -5.700000
v -0.300000 0.400000 -5.300000
v -0.300001 1.800000 -5.700000
v -0.300000 1.800000 -5.300000
v -0.300001 1.900000 -5.800000
v -0.300001 1.900000 -5.700000
v -0.300000 1.900000 -5.300000
v -0.300000 1.900000 -5.200000
v -0.300001 2.000000 -5.900000
v -0.300001 2.000000 -5.800000
v -0.300001 2.000000 -5.700000
v -0.300000 2.000000 -5.300000
v -0.300000 2.000000 -5.200000
v -0.300000 2.000000 -5.100000
v -0.300001 2.100000 -5.900000
v -0.300001 2.100000 -5.800000
v -0.300001 2.100000 -5.700000
v -0.300000 2.100000 -5.600000
v -0.300000 2.100000 -5.400000
v -0.300000 2.100000 -5.300000
v -0.300000 2.100000 -5.200000
v -0.300000 2.100000 -5.100000
v -0.300001 2.200001 -5.700000
v -0.300000 2.200001 -5.600000
v -0.300000 2.200001 -5.400000
v -0.300000 2.200001 -5.300000
v -0.400001 0.100000 -5.800000
v -0.400001 0.100000 -5.700000
v -0.400000 0.100000 -5.300000
v -0.400000 0.100000 -5.200000
v -0.400001 0.200000 -5.800000
v -0.400001 0.200000 -5.700000
v -0.400000 0.200000 -5.300000
v -0.400000 0.200000 -5.200000
v -0.400001 0.300000 -5.700000
v -0.400000 0.300000 -5.300000
v -0.400001 1.900000 -5.700000
v -0.400000 1.900000 -5.300000
v -0.400001 2.000000 -5.800000
v -0.400001 2.000000 -5.700000
v -0.400000 2.000000 -5.300000
v -0.400000 2.000000 -5.200000
v -0.400001 2.100000 -5.800000
v -0.400001 2.100000 -5.700000
v -0.400000 2.100000 -5.600000
v -0.400000 2.100000 -5.400000
v -0.400000 2.100000 -5.300000
v -0.400000 2.100000 -5.200000
v -0.400000 2.200001 -5.600000
v -0.400000 2.200001 -5.400000
v -0.500000 0.100000 -5.700000
v -0.500000 0.100000 -5.300000
v -0.500000 0.200000 -5.700000
v -0.500000 0.200000 -5.300000
v -0.500000 2.000000 -5.700000
v -0.500000 2.000000 -5.300000
v -0.500000 2.100000 -5.700000
v -0.500000 2.100000 -5.300000
v -1.000001 0.000001 -8.900000
v -1.000001 0.000001 -8.800000
v -0.999999 -0.000001 8.800000
v -0.999999 -0.000001 8.900000
v -1.000001 4.000000 -8.900000
v -1.000001 4.000000 -8.800000
v -0.999999 3.999999 8.800000
v -0.999999 3.999999 8.900000
v -1.000001 4.800001 -8.900000
v -1.000001 4.800001 -8.800000
v -0.999999 4.800000 8.800000
v -0.999999 4.800000 8.900000
v -1.700001 0.000001 -8.800000
v -1.700001 0.000001 -8.700000
v -1.699999 -0.000001 8.700000
v -1.699999 -0.000001 8.800000
v -1.700001 4.000000 -8.800000
v -1.700001 4.000000 -8.700000
v -1.699999 3.999999 8.700000
v -1.699999 3.999999 8.800000
v -1.700001 4.800001 -8.799999
v -1.700001 4.800001 -8.699999
v -1.699999 4.800000 8.700001
v -1.699999 4.800000 8.800001
v -2.200001 0.000001 -8.700000
v -2.200001 0.000001 -8.600000
v -2.199999 -0.000001 8.600000
v -2.199999 -0.000001 8.700000
v -2.200001 4.000000 -8.699999
v -2.200001 4.000000 -8.599999
v -2.199999 3.999999 8.600001
v -2.199999 3.999999 8.700001
v -2.200001 4.800001 -8.699999
v -2.200001 4.800001 -8.599999
v -2.199999 4.800000 8.600001
v -2.199999 4.800000 8.700001
v -2.600001 0.000001 -8.600000
v -2.600001 0.000001 -8.500000
v -2.599999 -0.000001 8.500000
v -2.599999 -0.000001 8.600000
v -2.600001 4.000000 -8.599999
v -2.600001 4.000000 -8.499999
v -2.599999 3.999999 8.500001
v -2.599999 3.999999 8.600001
v -2.600001 4.800001 -8.599999
v -2.600001 4.800001 -8.499999
v -2.599999 4.800000 8.500001
v -2.599999 4.800000 8.600001
v -2.900001 0.000001 -8.500000
v -2.900001 0.000001 -8.400000
v -2.899999 -0.000001 8.400000
v -2.899999 -0.000001 8.500000
v -2.900001 4.000000 -8.499999
v -2.900001 4.000000 -8.399999
v -2.899999 3.999999 8.400001
v -2.899999 3.999999 8.500001
v -2.900001 4.800001 -8.499999
v -2.900001 4.800001 -8.399999
v -2.899999 4.800000 8.400001
v -2.899999 4.800000 8.500001
v -3.200001 0.000001 -8.400000
v -3.200001 0.000001 -8.300000
v -3.199999 -0.000001 8.300000
v -3.199999 -0.000001 8.400000
v -3.200001 4.000000 -8.399999
v -3.200001 4.000000 -8.299999
v -3.199999 3.999999 8.300001
v -3.199999 3.999999 8.400001
v -3.200001 4.800001 -8.399999
v -3.200001 4.800001 -8.299999
v -3.199999 4.800000 8.300001
v -3.199999 4.800000 8.400001
v -3.400001 0.000001 -8.300000
v -3.400001 0.000001 -8.200000
v -3.399999 -0.000001 8.200000
v -3.399999 -0.000001 8.300000
v -3.400001 4.000000 -8.299999
v -3.400001 4.000000 -8.199999
v -3.399999 3.999999 8.200001
v -3.399999 3.999999 8.300001
v -3.400001 4.800001 -8.299999
v -3.400001 4.800001 -8.199999
v -3.399999 4.800000 8.200001
v -3.399999 4.800000 8.300001
v -3.700001 0.000001 -8.200000
v -3.700001 0.000001 -8.100000
v -3.699999 -0.000001 8.100000
v -3.699999 -0.000001 8.200000
v -3.700001 4.000000 -8.199999
v -3.700001 4.000000 -8.099999
v -3.699999 3.999999 8.100001
v -3.699999 3.999999 8.200001
v -3.700001 4.800001 -8.199999
v -3.700001 4.800001 -8.099999
v -3.699999 4.800000 8.100001
v -3.699999 4.800000 8.200001
v -3.900001 0.000001 -8.100000
v -3.900001 0.000001 -8.000000
v -3.899999 -0.000001 8.000000
v -3.899999 -0.000001 8.100000
v -3.900001 4.000000 -8.099999
v -3.900001 4.000000 -8.000000
v -3.899999 3.999999 8.000001
v -3.899999 3.999999 8.100001
v -3.900001 4.800001 -8.099999
v -3.900001 4.800001 -8.000000
v -3.899999 4.800000 8.000001
v -3.899999 4.800000 8.100001
v -4.100000 0.000001 -8.000000
v -4.100000 0.000001 -7.900000
v -4.099999 -0.000001 7.900001
v -4.099999 -0.000001 8.000000
v -4.100000 0.600000 -4.099999
v -4.100000 0.600000 -4.000000
v -4.100000 0.600000 -3.799999
v -4.100000 0.600000 -3.700000
v -4.100000 1.600000 -4.099999
v -4.100000 1.600000 -4.000000
v -4.100000 1.600000 -3.799999
v -4.100000 1.600000 -3.700000
v -4.100000 2.100000 -4.300000
v -4.100000 2.100000 -4.199999
v -4.100000 2.100000 -3.599999
v -4.100000 2.100000 -3.500000
v -4.100000 2.200000 -4.300000
v -4.100000 2.200000 -4.199999
v -4.100000 2.200000 -4.099999
v -4.100000 2.200000 -4.000000
v -4.100000 2.200000 -3.799999
v -4.100000 2.200000 -3.700000
v -4.100000 2.200000 -3.599999
v -4.100000 2.200000 -3.500000
v -4.100000 2.300000 -4.099999
v -4.100000 2.300000 -4.000000
v -4.100000 2.300000 -3.799999
v -4.100000 2.300000 -3.700000
v -4.100000 4.000000 -8.000000
v -4.100000 4.000000 -7.900000
v -4.099999 3.999999 7.900001
v -4.099999 3.999999 8.000001
v -4.100000 4.800001 -7.999999
v -4.100000 4.800001 -7.899999
v -4.099999 4.800000 7.900001
v -4.099999 4.800000 8.000001
v -4.200000 0.100000 -4.400000
v -4.200000 0.100000 -4.300000
v -4.200000 0.100000 -3.500000
v -4.200000 0.100000 -3.400000
v -4.200000 0.200000 -4.400000
v -4.200000 0.200000 -4.300000
v -4.200000 0.200000 -4.199999
v -4.200000 0.200000 -3.599999
v -4.200000 0.200000 -3.500000
v -4.200000 0.200000 -3.400000
v -4.200000 0.300000 -4.300000
v -4.200000 0.300000 -4.199999
v -4.200000 0.300000 -4.099999
v -4.200000 0.300000 -3.700000
v -4.200000 0.300000 -3.599999
v -4.200000 0.300000 -3.500000
v -4.200000 0.400000 -4.199999
v -4.200000 0.400000 -4.099999
v -4.200000 0.400000 -3.700000
v -4.200000 0.400000 -3.599999
v -4.200000 0.600000 -4.099999
v -4.200000 0.600000 -4.000000
v -4.200000 0.600000 -3.799999
v -4.200000 0.600000 -3.700000
v -4.200000 1.600000 -4.099999
v -4.200000 1.600000 -4.000000
v -4.200000 1.600000 -3.799999
v -4.200000 1.600000 -3.700000
v -4.200000 1.800000 -4.199999
v -4.200000 1.800000 -4.099999
v -4.200000 1.800000 -3.700000
v -4.200000 1.800000 -3.599999
v -4.200000 1.900000 -4.300000
v -4.200000 1.900000 -4.199999
v -4.200000 1.900000 -4.099999
v -4.200000 1.900000 -3.700000
v -4.200000 1.900000 -3.599999
v -4.200000 1.900000 -3.500000
v -4.200000 2.000000 -4.400000
v -4.200000 2.000000 -4.300000
v -4.200000 2.000000 -4.199999
v -4.200000 2.000000 -3.599999
v -4.200000 2.000000 -3.500000
v -4.200000 2.000000 -3.400000
v -4.200000 2.100000 -4.400000
v -4.200000 2.100000 -4.300000
v -4.200000 2.100000 -4.199999
v -4.200000 2.100000 -4.099999
v -4.200000 2.100000 -3.700000
v -4.200000 2.100000 -3.599999
v -4.200000 2.100000 -3.500000
v -4.200000 2.100000 -3.400000
v -4.200000 2.200000 -4.199999
v -4.200000 2.200000 -4.099999
v -4.200000 2.200000 -4.000000
v -4.200000 2.200000 -3.799999
v -4.200000 2.200000 -3.700000
v -4.200000 2.200000 -3.599999
v -4.200000 2.300000 -4.000000
v -4.200000 2.300000 -3.799999
v -4.300001 0.000001 -7.900000
v -4.300001 0.000001 -7.800000
v -4.300000 -0.000001 7.800001
v -4.300000 -0.000001 7.900001
v -4.300001 0.100000 -4.300000
v -4.300001 0.100000 -4.199999
v -4.300001 0.100000 -3.599999
v -4.300001 0.100000 -3.500000
v -4.300001 0.200000 -4.300000
v -4.300001 0.200000 -4.199999
v -4.300001 0.200000 -4.099999
v -4.300001 0.200000 -3.700000
v -4.300001 0.200000 -3.599999
v -4.300001 0.200000 -3.500000
v -4.300001 0.300000 -4.199999
v -4.300001 0.300000 -4.099999
v -4.300001 0.300000 -3.700000
v -4.300001 0.300000 -3.599999
v -4.300001 0.400000 -4.099999
v -4.300001 0.400000 -3.700000
v -4.300001 1.800000 -4.099999
v -4.300001 1.800000 -3.700000
v -4.300001 1.900000 -4.199999
v -4.300001 1.900000 -4.099999
v -4.300001 1.900000 -3.700000
v -4.300001 1.900000 -3.599999
v -4.300001 2.000000 -4.300000
v -4.300001 2.000000 -4.199999
v -4.300001 2.000000 -4.099999
v -4.300001 2.000000 -3.700000
v -4.300001 2.000000 -3.599999
v -4.300001 2.000000 -3.500000
v -4.300001 2.100000 -4.300000
v -4.300001 2.100000 -4.199999
v -4.300001 2.100000 -4.099999
v -4.300001 2.100000 -4.000000
v -4.300001 2.100000 -3.799999
v -4.300001 2.100000 -3.700000
v -4.300001 2.100000 -3.599999
v -4.300001 2.100000 -3.500000
v -4.300001 2.200000 -4.099999
v -4.300001 2.200000 -4.000000
v -4.300001 2.200000 -3.799999
v -4.300001 2.200000 -3.700000
v -4.300001 4.000000 -7.900000
v -4.300001 4.000000 -7.800000
v -4.300000 4.000000 7.800001
v -4.300000 3.999999 7.900001
v -4.300001 4.800001 -7.899999
v -4.300001 4.800001 -7.799999
v -4.300000 4.800000 7.800001
v -4.300000 4.800000 7.900001
v -4.400001 0.000001 -7.800000
v -4.400001 0.000001 -7.699999
v -4.400000 -0.000001 7.700000
v -4.400000 -0.000001 7.800001
v -4.400001 0.100000 -4.199999
v -4.400001 0.100000 -4.099999
v -4.400001 0.100000 -3.700000
v -4.400001 0.100000 -3.599999
v -4.400001 0.200000 -4.199999
v -4.400001 0.200000 -4.099999
v -4.400001 0.200000 -3.700000
v -4.400001 0.200000 -3.599999
v -4.400001 0.300000 -4.099999
v -4.400001 0.300000 -3.700000
v -4.400001 1.900000 -4.099999
v -4.400001 1.900000 -3.700000
v -4.400001 2.000000 -4.199999
v -4.400001 2.000000 -4.099999
v -4.400001 2.000000 -3.700000
v -4.400001 2.000000 -3.599999
v -4.400001 2.100000 -4.199999
v -4.400001 2.100000 -4.099999
v -4.400001 2.100000 -4.000000
v -4.400001 2.100000 -3.799999
v -4.400001 2.100000 -3.700000
v -4.400001 2.100000 -3.599999
v -4.400001 2.200000 -4.000000
v -4.400001 2.200000 -3.799999
v -4.400001 4.000000 -7.800000
v -4.400001 4.000000 -7.699999
v -4.400000 4.000000 7.700000
v -4.400000 4.000000 7.800001
v -4.400001 4.800001 -7.799999
v -4.400001 4.800001 -7.699999
v -4.400000 4.800000 7.700001
v -4.400000 4.800000 7.800001
v -4.500000 0.100000 -4.099999
v -4.500000 0.100000 -3.700000
v -4.500000 0.200000 -4.099999
v -4.500000 0.200000 -3.700000
v -4.500000 2.000000 -4.099999
v -4.500000 2.000000 -3.700000
v -4.500000 2.100000 -4.099999
v -4.500000 2.100000 -3.700000
v -4.600000 0.000001 -7.699999
v -4.600000 0.000001 -7.599999
v -4.599999 -0.000001 7.600000
v -4.599999 -0.000001 7.700000
v -4.600000 4.000000 -7.699999
v -4.600000 4.000000 -7.599999
v -4.599999 4.000000 7.600000
v -4.599999 4.000000 7.700000
v -4.600000 4.800001 -7.699999
v -4.600000 4.800001 -7.599999
v -4.599999 4.800000 7.600001
v -4.599999 4.800000 7.700001
v -4.800001 0.000001 -7.599999
v -4.800001 0.000001 -7.500000
v -4.800000 -0.000001 7.500000
v -4.800000 -0.000001 7.600000
v -4.800001 4.000000 -7.599999
v -4.800001 4.000000 -7.499999
v -4.800000 4.000000 7.500001
v -4.800000 4.000000 7.600001
v -4.800001 4.800001 -7.599999
v -4.800001 4.800001 -7.499999
v -4.800000 4.800000 7.500001
v -4.800000 4.800000 7.600001
v -4.900001 0.000001 -7.500000
v -4.900001 0.000001 -7.400000
v -4.900000 -0.000001 7.400001
v -4.900000 -0.000001 7.500000
v -4.900001 4.000000 -7.499999
v -4.900001 4.000000 -7.399999
v -4.900000 4.000000 7.400001
v -4.900000 4.000000 7.500001
v -4.900001 4.800001 -7.499999
v -4.900001 4.800001 -7.399999
v -4.900000 4.800000 7.400001
v -4.900000 4.800000 7.500001
v -5.100000 0.000001 -7.400000
v -5.100000 0.000001 -7.300000
v -5.099999 -0.000001 7.300001
v -5.099999 -0.000001 7.400001
v -5.100000 4.000000 -7.399999
v -5.100000 4.000000 -7.299999
v -5.099999 4.000000 7.300001
v -5.099999 4.000000 7.400001
v -5.100000 4.800001 -7.399999
v -5.100000 4.800001 -7.299999
v -5.099999 4.800000 7.300001
v -5.099999 4.800000 7.400001
v -5.200000 0.000001 -7.300000
v -5.200000 0.000001 -7.199999
v -5.199999 -0.000001 7.200000
v -5.199999 -0.000001 7.300001
v -5.200000 4.000000 -7.299999
v -5.200000 4.000000 -7.199999
v -5.199999 4.000000 7.200001
v -5.199999 4.000000 7.300001
v -5.200000 4.800001 -7.299999
v -5.200000 4.800001 -7.199999
v -5.199999 4.800000 7.200001
v -5.199999 4.800000 7.300001
v -5.400001 0.000001 -7.199999
v -5.400001 0.000001 -7.099999
v -5.400000 -0.000001 7.100000
v -5.400000 -0.000001 7.200000
v -5.400001 4.000000 -7.199999
v -5.400001 4.000000 -7.099999
v -5.400000 4.000000 7.100001
v -5.400000 4.000000 7.200001
v -5.400001 4.800001 -7.199999
v -5.400001 4.800001 -7.099999
v -5.400000 4.800000 7.100001
v -5.400000 4.800000 7.200001
v -5.500000 0.000001 -7.099999
v -5.500000 0.000001 -7.000000
v -5.500000 -0.000001 7.000000
v -5.500000 -0.000001 7.100000
v -5.500000 4.000000 -7.099999
v -5.500000 4.000000 -6.999999
v -5.500000 4.000000 7.000001
v -5.500000 4.000000 7.100001
v -5.500000 4.800001 -7.099999
v -5.500000 4.800001 -6.999999
v -5.500000 4.800000 7.000001
v -5.500000 4.800000 7.100001
v -5.600000 0.000001 -7.000000
v -5.600000 0.000001 -6.900000
v -5.599999 -0.000001 6.900001
v -5.599999 -0.000001 7.000000
v -5.600000 0.600000 -0.199999
v -5.600000 0.600000 -0.099999
v -5.600000 0.600000 0.100001
v -5.600000 0.600000 0.200001
v -5.600000 1.600000 -0.199999
v -5.600000 1.600000 -0.099999
v -5.600000 1.600000 0.100001
v -5.600000 1.600000 0.200001
v -5.600000 2.100000 -0.399999
v -5.600000 2.100000 -0.299999
v -5.600000 2.100000 0.300001
v -5.600000 2.100000 0.400002
v -5.600000 2.200000 -0.399999
v -5.600000 2.200000 -0.299999
v -5.600000 2.200000 -0.199999
v -5.600000 2.200000 -0.099999
v -5.600000 2.200000 0.100001
v -5.600000 2.200000 0.200001
v -5.600000 2.200000 0.300001
v -5.600000 2.200000 0.400002
v -5.600000 2.300000 -0.199999
v -5.600000 2.300000 -0.099999
v -5.600000 2.300000 0.100001
v -5.600000 2.300000 0.200001
v -5.600000 4.000000 -6.999999
v -5.600000 4.000000 -6.899999
v -5.599999 4.000000 6.900001
v -5.599999 4.000000 7.000001
v -5.600000 4.800001 -6.999999
v -5.600000 4.800001 -6.899999
v -5.599999 4.800000 6.900001
v -5.599999 4.800000 7.000001
v -5.700000 0.000001 -6.900000
v -5.700000 0.000001 -6.800000
v -5.699999 -0.000001 6.800001
v -5.699999 -0.000001 6.900001
v -5.700000 0.100000 -0.499999
v -5.700000 0.100000 -0.399999
v -5.700000 0.100000 0.400001
v -5.700000 0.100000 0.500000
v -5.700000 0.200000 -0.499999
v -5.700000 0.200000 -0.399999
v -5.700000 0.200000 -0.300000
v -5.700000 0.200000 0.300001
v -5.700000 0.200000 0.400001
v -5.700000 0.200000 0.500001
v -5.700000 0.300000 -0.399999
v -5.700000 0.300000 -0.300000
v -5.700000 0.300000 -0.199999
v -5.700000 0.300000 0.200001
v -5.700000 0.300000 0.300001
v -5.700000 0.300000 0.400001
v -5.700000 0.400000 -0.299999
v -5.700000 0.400000 -0.199999
v -5.700000 0.400000 0.200001
v -5.700000 0.400000 0.300001
v -5.700000 0.600000 -0.199999
v -5.700000 0.600000 -0.099999
v -5.700000 0.600000 0.100001
v -5.700000 0.600000 0.200001
v -5.700000 1.600000 -0.199999
v -5.700000 1.600000 -0.099999
v -5.700000 1.600000 0.100001
v -5.700000 1.600000 0.200001
v -5.700000 1.800000 -0.299999
v -5.700000 1.800000 -0.199999
v -5.700000 1.800000 0.200001
v -5.700000 1.800000 0.300001
v -5.700000 1.900000 -0.399999
v -5.700000 1.900000 -0.299999
v -5.700000 1.900000 -0.199999
v -5.700000 1.900000 0.200001
v -5.700000 1.900000 0.300001
v -5.700000 1.900000 0.400002
v -5.700000 2.000000 -0.499999
v -5.700000 2.000000 -0.399999
v -5.700000 2.000000 -0.299999
v -5.700000 2.000000 0.300001
v -5.700000 2.000000 0.400002
v -5.700000 2.000000 0.500001
v -5.700000 2.100000 -0.499999
v -5.700000 2.100000 -0.399999
v -5.700000 2.100000 -0.299999
v -5.700000 2.100000 -0.199999
v -5.700000 2.100000 0.200001
v -5.700000 2.100000 0.300001
v -5.700000 2.100000 0.400002
v -5.700000 2.100000 0.500001
v -5.700000 2.200000 -0.299999
v -5.700000 2.200000 -0.199999
v -5.700000 2.200000 -0.099999
v -5.700000 2.200000 0.100001
v -5.700000 2.200000 0.200001
v -5.700000 2.200000 0.300001
v -5.700000 2.300000 -0.099999
v -5.700000 2.300000 0.100001
v -5.700000 4.000000 -6.899999
v -5.700000 4.000000 -6.799999
v -5.699999 4.000000 6.800001
v -5.699999 4.000000 6.900001
v -5.700000 4.800001 -6.899999
v -5.700000 4.800001 -6.799999
v -5.699999 4.800000 6.800001
v -5.699999 4.800000 6.900001
v -5.800000 0.100000 -0.399999
v -5.800000 0.100000 -0.300000
v -5.800000 0.100000 0.300001
v -5.800000 0.100000 0.400001
v -5.800000 0.200000 -0.399999
v -5.800000 0.200000 -0.299999
v -5.800000 0.200000 -0.199999
v -5.800000 0.200000 0.200001
v -5.800000 0.200000 0.300001
v -5.800000 0.200000 0.400002
v -5.800000 0.300000 -0.299999
v -5.800000 0.300000 -0.199999
v -5.800000 0.300000 0.200001
v -5.800000 0.300000 0.300001
v -5.800000 0.400000 -0.199999
v -5.800000 0.400000 0.200001
v -5.800000 1.800000 -0.199999
v -5.800000 1.800000 0.200001
v -5.800000 1.900000 -0.299999
v -5.800000 1.900000 -0.199999
v -5.800000 1.900000 0.200001
v -5.800000 1.900000 0.300001
v -5.800000 2.000000 -0.399999
v -5.800000 2.000000 -0.299999
v -5.800000 2.000000 -0.199999
v -5.800000 2.000000 0.200001
v -5.800000 2.000000 0.300001
v -5.800000 2.000000 0.400002
v -5.800000 2.100000 -0.399999
v -5.800000 2.100000 -0.299999
v -5.800000 2.100000 -0.199999
v -5.800000 2.100000 -0.099999
v -5.800000 2.100000 0.100001
v -5.800000 2.100000 0.200001
v -5.800000 2.100000 0.300001
v -5.800000 2.100000 0.400002
v -5.800000 2.200000 -0.199999
v -5.800000 2.200000 -0.099999
v -5.800000 2.200000 0.100001
v -5.800000 2.200000 0.200001
v -5.900001 0.000001 -6.800000
v -5.900001 0.000001 -6.699999
v -5.900000 -0.000001 6.700000
v -5.900000 -0.000001 6.800001
v -5.900000 0.100000 -0.299999
v -5.900000 0.100000 -0.199999
v -5.900000 0.100000 0.200001
v -5.900000 0.100000 0.300001
v -5.900000 0.200000 -0.299999
v -5.900000 0.200000 -0.199999
v -5.900000 0.200000 0.200001
v -5.900000 0.200000 0.300001
v -5.900000 0.300000 -0.199999
v -5.900000 0.300000 0.200001
v -5.900000 1.900000 -0.199999
v -5.900000 1.900000 0.200001
v -5.900000 2.000000 -0.299999
v -5.900000 2.000000 -0.199999
v -5.900000 2.000000 0.200001
v -5.900000 2.000000 0.300001
v -5.900000 2.100000 -0.299999
v -5.900000 2.100000 -0.199999
v -5.900000 2.100000 -0.099999
v -5.900000 2.100000 0.100001
v -5.900000 2.100000 0.200001
v -5.900000 2.100000 0.300001
v -5.900000 2.200000 -0.099999
v -5.900000 2.200000 0.100001
v -5.900001 4.000000 -6.799999
v -5.900001 4.000000 -6.699999
v -5.900000 4.000000 6.700001
v -5.900000 4.000000 6.800001
v -5.900001 4.800001 -6.799999
v -5.900001 4.800001 -6.699999
v -5.900000 4.800000 6.700001
v -5.900000 4.800000 6.800001
v -6.000000 0.000001 -6.699999
v -6.000000 0.000000 -6.599999
v -6.000000 -0.000000 6.600000
v -6.000000 -0.000001 6.700000
v -6.000000 0.100000 -0.199999
v -6.000000 0.100000 0.200001
v -6.000000 0.200000 -0.199999
v -6.000000 0.200000 0.200001
v -6.000000 2.000000 -0.199999
v -6.000000 2.000000 0.200001
v -6.000000 2.100000 -0.199999
v -6.000000 2.100000 0.200001
v -6.000000 4.000000 -6.699999
v -6.000000 4.000000 -6.599999
v -6.000000 4.000000 6.600001
v -6.000000 4.000000 6.700001
v -6.000000 4.800001 -6.699999
v -6.000000 4.800001 -6.599999
v -6.000000 4.800000 6.600001
v -6.000000 4.800000 6.700001
v -6.100000 0.000000 -6.599999
v -6.100000 0.000000 -6.500000
v -6.099999 -0.000000 6.500000
v -6.099999 -0.000000 6.600000
v -6.100000 4.000000 -6.599999
v -6.100000 4.000000 -6.499999
v -6.099999 4.000000 6.500001
v -6.099999 4.000000 6.600001
v -6.100000 4.800001 -6.599999
v -6.100000 4.800001 -6.499999
v -6.099999 4.800000 6.500001
v -6.099999 4.800000 6.600001
v -6.200000 0.000000 -6.500000
v -6.200000 0.000000 -6.400000
v -6.199999 -0.000000 6.400001
v -6.199999 -0.000000 6.500000
v -6.200000 4.000000 -6.499999
v -6.200000 4.000000 -6.399999
v -6.199999 4.000000 6.400001
v -6.199999 4.000000 6.500001
v -6.200000 4.800001 -6.499999
v -6.200000 4.800001 -6.399999
v -6.199999 4.800000 6.400001
v -6.199999 4.800000 6.500001
v -6.300001 0.000000 -6.400000
v -6.300001 0.000000 -6.300000
v -6.300000 -0.000000 6.300001
v -6.300000 -0.000000 6.400001
v -6.300001 4.000000 -6.399999
v -6.300001 4.000000 -6.299999
v -6.300000 4.000000 6.300001
v -6.300000 4.000000 6.400001
v -6.300001 4.800001 -6.399999
v -6.300001 4.800001 -6.299999
v -6.300000 4.800000 6.300001
v -6.300000 4.800000 6.400001
v -6.400001 0.000000 -6.300000
v -6.400001 0.000000 -6.199999
v -6.400000 -0.000000 6.200000
v -6.400000 -0.000000 6.300001
v -6.400001 4.000000 -6.299999
v -6.400001 4.000000 -6.199999
v -6.400000 4.000000 6.200001
v -6.400000 4.000000 6.300001
v -6.400001 4.800001 -6.299999
v -6.400001 4.800001 -6.199999
v -6.400000 4.800000 6.200001
v -6.400000 4.800000 6.300001
v -6.500000 0.000000 -6.199999
v -6.500000 0.000000 -6.099999
v -6.500000 -0.000000 6.100000
v -6.500000 -0.000000 6.200000
v -6.500000 4.000000 -6.199999
v -6.500000 4.000000 -6.099999
v -6.500000 4.000000 6.100001
v -6.500000 4.000000 6.200001
v -6.500000 4.800001 -6.199999
v -6.500000 4.800001 -6.099999
v -6.500000 4.800000 6.100001
v -6.500000 4.800000 6.200001
v -6.600000 0.000000 -6.099999
v -6.600000 0.000000 -6.000000
v -6.599999 -0.000000 6.000000
v -6.599999 -0.000000 6.100000
v -6.600000 4.000000 -6.099999
v -6.600000 4.000000 -5.999999
v -6.599999 4.000000 6.000001
v -6.599999 4.000000 6.100001
v -6.600000 4.800001 -6.099999
v -6.600000 4.800001 -5.999999
v -6.599999 4.800000 6.000001
v -6.599999 4.800000 6.100001
v -6.700000 0.000000 -6.000000
v -6.700000 0.000000 -5.900000
v -6.699999 -0.000000 5.900001
v -6.699999 -0.000000 6.000000
v -6.700000 4.000000 -5.999999
v -6.700000 4.000000 -5.899999
v -6.699999 4.000000 5.900001
v -6.699999 4.000000 6.000001
v -6.700000 4.800001 -5.999999
v -6.700000 4.800001 -5.899999
v -6.699999 4.800000 5.900001
v -6.699999 4.800000 6.000001
v -6.800001 0.000000 -5.900000
v -6.800001 0.000000 -5.699999
v -6.800000 -0.000000 5.700000
v -6.800000 -0.000000 5.900001
v -6.800001 4.000000 -5.899999
v -6.800001 4.000000 -5.699999
v -6.800000 4.000000 5.700001
v -6.800000 4.000000 5.900001
v -6.800001 4.800001 -5.899999
v -6.800001 4.800001 -5.699999
v -6.800000 4.800000 5.700001
v -6.800000 4.800000 5.900001
v -6.900001 0.000000 -5.699999
v -6.900001 0.000000 -5.599999
v -6.900000 -0.000000 5.600000
v -6.900000 -0.000000 5.700000
v -6.900001 4.000000 -5.699999
v -6.900001 4.000000 -5.599999
v -6.900000 4.000000 5.600001
v -6.900000 4.000000 5.700001
v -6.900001 4.800001 -5.699999
v -6.900001 4.800001 -5.599999
v -6.900000 4.800000 5.600001
v -6.900000 4.800000 5.700001
v -7.000000 0.000000 -5.599999
v -7.000000 0.000000 -5.500000
v -7.000000 -0.000000 5.500000
v -7.000000 -0.000000 5.600000
v -7.000000 4.000000 -5.599999
v -7.000000 4.000000 -5.499999
v -7.000000 4.000000 5.500001
v -7.000000 4.000000 5.600001
v -7.000000 4.800001 -5.599999
v -7.000000 4.800001 -5.499999
v -7.000000 4.800000 5.500001
v -7.000000 4.800000 5.600001
v -7.100000 0.000000 -5.500000
v -7.100000 0.000000 -5.400000
v -7.099999 -0.000000 5.400001
v -7.099999 -0.000000 5.500000
v -7.100000 4.000000 -5.499999
v -7.100000 4.000000 -5.399999
v -7.099999 4.000000 5.400001
v -7.099999 4.000000 5.500001
v -7.100000 4.800001 -5.499999
v -7.100000 4.800001 -5.399999
v -7.099999 4.800000 5.400001
v -7.099999 4.800000 5.500001
v -7.200000 0.000000 -5.400000
v -7.200000 0.000000 -5.199999
v -7.199999 -0.000000 5.200000
v -7.199999 -0.000000 5.400001
v -7.200000 4.000000 -5.399999
v -7.200000 4.000000 -5.199999
v -7.199999 4.000000 5.200001
v -7.199999 4.000000 5.400001
v -7.200000 4.800001 -5.399999
v -7.200000 4.800001 -5.199999
v -7.199999 4.800000 5.200001
v -7.199999 4.800000 5.400001
v -7.300001 0.000000 -5.199999
v -7.300001 0.000000 -5.099999
v -7.300000 -0.000000 5.100000
v -7.300000 -0.000000 5.200000
v -7.300001 4.000000 -5.199999
v -7.300001 4.000000 -5.099999
v -7.300000 4.000000 5.100001
v -7.300000 4.000000 5.200001
v -7.300001 4.800001 -5.199999
v -7.300001 4.800001 -5.099999
v -7.300000 4.800000 5.100001
v -7.300000 4.800000 5.200001
v -7.400001 0.000000 -5.099999
v -7.400001 0.000000 -4.900000
v -7.400000 -0.000000 4.900001
v -7.400000 -0.000000 5.100000
v -7.400001 4.000000 -5.099999
v -7.400001 4.000000 -4.899999
v -7.400000 4.000000 4.900001
v -7.400000 4.000000 5.100001
v -7.400001 4.800001 -5.099999
v -7.400001 4.800001 -4.899999
v -7.400000 4.800000 4.900001
v -7.400000 4.800000 5.100001
v -7.500000 0.000000 -4.900000
v -7.500000 0.000000 -4.800000
v -7.500000 -0.000000 4.800001
v -7.500000 -0.000000 4.900001
v -7.500000 4.000000 -4.899999
v -7.500000 4.000000 -4.799999
v -7.500000 4.000000 4.800001
v -7.500000 4.000000 4.900001
v -7.500000 4.800001 -4.899999
v -7.500000 4.800001 -4.799999
v -7.500000 4.800000 4.800001
v -7.500000 4.800000 4.900001
v -7.600000 0.000000 -4.800000
v -7.600000 0.000000 -4.599999
v -7.599999 -0.000000 4.600000
v -7.599999 -0.000000 4.800001
v -7.600000 4.000000 -4.799999
v -7.600000 4.000000 -4.599999
v -7.599999 4.000000 4.600001
v -7.599999 4.000000 4.800001
v -7.600000 4.800001 -4.799999
v -7.600000 4.800001 -4.599999
v -7.599999 4.800000 4.600001
v -7.599999 4.800000 4.800001
v -7.700000 0.000000 -4.599999
v -7.700000 0.000000 -4.400000
v -7.699999 -0.000000 4.400001
v -7.699999 -0.000000 4.600000
v -7.700000 4.000000 -4.599999
v -7.700000 4.000000 -4.399999
v -7.699999 4.000000 4.400001
v -7.699999 4.000000 4.600001
v -7.700000 4.800001 -4.599999
v -7.700000 4.800001 -4.399999
v -7.699999 4.800000 4.400001
v -7.699999 4.800000 4.600001
v -7.800001 0.000000 -4.400000
v -7.800001 0.000000 -4.300000
v -7.800000 -0.000000 4.300001
v -7.800000 -0.000000 4.400001
v -7.800001 4.000000 -4.399999
v -7.800001 4.000000 -4.299999
v -7.800000 4.000000 4.300001
v -7.800000 4.000000 4.400001
v -7.800001 4.800001 -4.399999
v -7.800001 4.800001 -4.299999
v -7.800000 4.800000 4.300001
v -7.800000 4.800000 4.400001
v -7.900001 0.000000 -4.300000
v -7.900001 0.000000 -4.099999
v -7.900000 -0.000000 4.100000
v -7.900000 -0.000000 4.300001
v -7.900001 4.000000 -4.299999
v -7.900001 4.000000 -4.099999
v -7.900000 4.000000 4.100001
v -7.900000 4.000000 4.300001
v -7.900001 4.800001 -4.299999
v -7.900001 4.800001 -4.099999
v -7.900000 4.800000 4.100001
v -7.900000 4.800000 4.300001
v -8.000000 0.000000 -4.099999
v -8.000000 0.000000 -3.899999
v -8.000000 -0.000000 3.900001
v -8.000000 -0.000000 4.100000
v -8.000000 4.000000 -4.099999
v -8.000000 4.000000 -3.899999
v -8.000000 4.000000 3.900001
v -8.000000 4.000000 4.100001
v -8.000000 4.800001 -4.099999
v -8.000000 4.800001 -3.899999
v -8.000000 4.800000 3.900001
v -8.000000 4.800000 4.100001
v -8.100000 0.000000 -3.899999
v -8.100000 0.000000 -3.699999
v -8.100000 -0.000000 3.700001
v -8.100000 -0.000000 3.900001
v -8.100000 4.000000 -3.899999
v -8.100000 4.000000 -3.699999
v -8.100000 4.000000 3.700001
v -8.100000 4.000000 3.900001
v -8.100000 4.800001 -3.899999
v -8.100000 4.800001 -3.699999
v -8.100000 4.800000 3.700001
v -8.100000 4.800000 3.900001
v -8.200000 0.000000 -3.699999
v -8.200000 0.000000 -3.399999
v -8.200000 -0.000000 3.400001
v -8.200000 -0.000000 3.700001
v -8.200000 4.000000 -3.699999
v -8.200000 4.000000 -3.399999
v -8.200000 4.000000 3.400001
v -8.200000 4.000000 3.700001
v -8.200000 4.800001 -3.699999
v -8.200000 4.800001 -3.399999
v -8.200000 4.800000 3.400001
v -8.200000 4.800000 3.700001
v -8.300000 0.000000 -3.399999
v -8.300000 0.000000 -3.199999
v -8.300000 -0.000000 3.200001
v -8.300000 -0.000000 3.400001
v -8.300000 4.000000 -3.399999
v -8.300000 4.000000 -3.199999
v -8.300000 4.000000 3.200001
v -8.300000 4.000000 3.400001
v -8.300000 4.800001 -3.399999
v -8.300000 4.800001 -3.199999
v -8.300000 4.800000 3.200001
v -8.300000 4.800000 3.400001
v -8.400000 0.000000 -3.199999
v -8.400000 0.000000 -2.899999
v -8.400000 -0.000000 2.900001
v -8.400000 -0.000000 3.200001
v -8.400000 4.000000 -3.199999
v -8.400000 4.000000 -2.899999
v -8.400000 4.000000 2.900001
v -8.400000 4.000000 3.200001
v -8.400000 4.800001 -3.199999
v -8.400000 4.800000 -2.899999
v -8.400000 4.800000 2.900001
v -8.400000 4.800000 3.200001
v -8.500000 0.000000 -2.899999
v -8.500000 0.000000 -2.599999
v -8.500000 -0.000000 2.600001
v -8.500000 -0.000000 2.900001
v -8.500000 4.000000 -2.899999
v -8.500000 4.000000 -2.599999
v -8.500000 4.000000 2.600001
v -8.500000 4.000000 2.900001
v -8.500000 4.800000 -2.899999
v -8.500000 4.800000 -2.599999
v -8.500000 4.800000 2.600001
v -8.500000 4.800000 2.900001
v -8.600000 0.000000 -2.599999
v -8.600000 0.000000 -2.199999
v -8.600000 -0.000000 2.200001
v -8.600000 -0.000000 2.600001
v -8.600000 4.000000 -2.599999
v -8.600000 4.000000 -2.199999
v -8.600000 4.000000 2.200001
v -8.600000 4.000000 2.600001
v -8.600000 4.800000 -2.599999
v -8.600000 4.800000 -2.199999
v -8.600000 4.800000 2.200001
v -8.600000 4.800000 2.600001
v -8.700000 0.000000 -2.199999
v -8.700000 0.000000 -1.699999
v -8.700000 -0.000000 1.700001
v -8.700000 -0.000000 2.200001
v -8.700000 4.000000 -2.199999
v -8.700000 4.000000 -1.699999
v -8.700000 4.000000 1.700001
v -8.700000 4.000000 2.200001
v -8.700000 4.800000 -2.199999
v -8.700000 4.800000 -1.699999
v -8.700000 4.800000 1.700001
v -8.700000 4.800000 2.200001
v -8.800000 0.000000 -1.699999
v -8.800000 0.000000 -0.999999
v -8.800000 -0.000000 1.000001
v -8.800000 -0.000000 1.700001
v -8.800000 4.000000 -1.699999
v -8.800000 4.000000 -0.999999
v -8.800000 4.000000 1.000001
v -8.800000 4.000000 1.700001
v -8.800000 4.800000 -1.699999
v -8.800000 4.800000 -0.999999
v -8.800000 4.800000 1.000001
v -8.800000 4.800000 1.700001
v -8.900000 0.000000 -0.999999
v -8.900000 -0.000000 1.000001
v -8.900000 0.100000 -0.599998
v -8.900000 0.100000 0.600001
v -8.900000 1.400000 -0.599998
v -8.900000 1.400000 -0.499999
v -8.900000 1.400000 0.500001
v -8.900000 1.400000 0.600001
v -8.900000 1.500000 -0.499999
v -8.900000 1.500000 -0.399999
v -8.900000 1.500000 0.400002
v -8.900000 1.500000 0.500001
v -8.900000 1.600000 -0.399999
v -8.900000 1.600000 -0.299999
v -8.900000 1.600000 0.300001
v -8.900000 1.600000 0.400002
v -8.900000 1.700000 -0.299999
v -8.900000 1.700000 0.300001
v -8.900000 4.000000 -0.999999
v -8.900000 4.000000 1.000001
v -8.900000 4.800000 -0.999999
v -8.900000 4.800000 1.000001
v 0.999999 0.000001 -8.900000
v 0.999999 4.000000 -8.900000
v 0.999999 4.800001 -8.900000
v 0.599999 0.100001 -8.900000
v 0.599999 1.400001 -8.900000
v 0.499999 1.400001 -8.900000
v 0.499999 1.500001 -8.900000
v 0.399999 1.500001 -8.900000
v 0.399999 1.600001 -8.900000
v 0.299999 1.600001 -8.900000
v 0.299999 1.700001 -8.900000
v -0.300001 1.600001 -8.900000
v -0.300001 1.700001 -8.900000
v -0.400001 1.500001 -8.900000
v -0.400001 1.600001 -8.900000
v -0.500001 1.400001 -8.900000
v -0.500001 1.500001 -8.900000
v -0.600001 0.100001 -8.900000
v -0.600001 1.400001 -8.900000
v -1.000001 0.000001 -8.900000
v -1.000001 4.000000 -8.900000
v -1.000001 4.800001 -8.900000
v 1.699999 0.000001 -8.800000
v 1.699999 4.000000 -8.800000
v 1.699999 4.800001 -8.800000
v 0.999999 0.000001 -8.800000
v 0.999999 4.000000 -8.800000
v 0.999999 4.800001 -8.800000
v -1.000001 0.000001 -8.800000
v -1.000001 4.000000 -8.800000
v -1.000001 4.800001 -8.800000
v -1.700001 0.000001 -8.800000
v -1.700001 4.000000 -8.800000
v -1.700001 4.800001 -8.799999
v 2.199999 0.000001 -8.700000
v 2.199999 4.000000 -8.700000
v 2.199999 4.800001 -8.700000
v 1.699999 0.000001 -8.700000
v 1.699999 4.000000 -8.700000
v 1.699999 4.800001 -8.700000
v -1.700001 0.000001 -8.700000
v -1.700001 4.000000 -8.700000
v -1.700001 4.800001 -8.699999
v -2.200001 0.000001 -8.700000
v -2.200001 4.000000 -8.699999
v -2.200001 4.800001 -8.699999
v 2.599999 0.000001 -8.600000
v 2.599999 4.000000 -8.600000
v 2.599999 4.800001 -8.600000
v 2.199999 0.000001 -8.600000
v 2.199999 4.000000 -8.600000
v 2.199999 4.800001 -8.600000
v -2.200001 0.000001 -8.600000
v -2.200001 4.000000 -8.599999
v -2.200001 4.800001 -8.599999
v -2.600001 0.000001 -8.600000
v -2.600001 4.000000 -8.599999
v -2.600001 4.800001 -8.599999
v 2.899999 0.000001 -8.500000
v 2.899999 4.000000 -8.500000
v 2.899999 4.800001 -8.500000
v 2.599999 0.000001 -8.500000
v 2.599999 4.000000 -8.500000
v 2.599999 4.800001 -8.500000
v -2.600001 0.000001 -8.500000
v -2.600001 4.000000 -8.499999
v -2.600001 4.800001 -8.499999
v -2.900001 0.000001 -8.500000
v -2.900001 4.000000 -8.499999
v -2.900001 4.800001 -8.499999
v 3.199999 0.000001 -8.400000
v 3.199999 4.000000 -8.400000
v 3.199999 4.800001 -8.400000
v 2.899999 0.000001 -8.400000
v 2.899999 4.000000 -8.400000
v 2.899999 4.800001 -8.400000
v -2.900001 0.000001 -8.400000
v -2.900001 4.000000 -8.399999
v -2.900001 4.800001 -8.399999
v -3.200001 0.000001 -8.400000
v -3.200001 4.000000 -8.399999
v -3.200001 4.800001 -8.399999
v 3.399999 0.000001 -8.300000
v 3.399999 4.000000 -8.300000
v 3.399999 4.800001 -8.300000
v 3.199999 0.000001 -8.300000
v 3.199999 4.000000 -8.300000
v 3.199999 4.800001 -8.300000
v -3.200001 0.000001 -8.300000
v -3.200001 4.000000 -8.299999
v -3.200001 4.800001 -8.299999
v -3.400001 0.000001 -8.300000
v -3.400001 4.000000 -8.299999
v -3.400001 4.800001 -8.299999
v 3.699999 0.000001 -8.200000
v 3.699999 4.000000 -8.200000
v 3.699999 4.800001 -8.200000
v 3.399999 0.000001 -8.200000
v 3.399999 4.000000 -8.200000
v 3.399999 4.800001 -8.200000
v -3.400001 0.000001 -8.200000
v -3.400001 4.000000 -8.199999
v -3.400001 4.800001 -8.199999
v -3.700001 0.000001 -8.200000
v -3.700001 4.000000 -8.199999
v -3.700001 4.800001 -8.199999
v 3.899999 0.000001 -8.100000
v 3.899999 4.000000 -8.100000
v 3.899999 4.800001 -8.100000
v 3.699999 0.000001 -8.100000
v 3.699999 4.000000 -8.100000
v 3.699999 4.800001 -8.100000
v -3.700001 0.000001 -8.100000
v -3.700001 4.000000 -8.099999
v -3.700001 4.800001 -8.099999
v -3.900001 0.000001 -8.100000
v -3.900001 4.000000 -8.099999
v -3.900001 4.800001 -8.099999
v 4.099999 0.000001 -8.000000
v 4.099999 4.000000 -8.000000
v 4.099999 4.800001 -8.000000
v 3.899999 0.000001 -8.000000
v 3.899999 4.000000 -8.000000
v 3.899999 4.800001 -8.000000
v -3.900001 0.000001 -8.000000
v -3.900001 4.000000 -8.000000
v -3.900001 4.800001 -8.000000
v -4.100000 0.000001 -8.000000
v -4.100000 4.000000 -8.000000
v -4.100000 4.800001 -7.999999
v 4.300000 0.000001 -7.900001
v 4.300000 4.000000 -7.900000
v 4.300000 4.800001 -7.900000
v 4.099999 0.000001 -7.900001
v 4.099999 4.000000 -7.900000
v 4.099999 4.800001 -7.900000
v -4.100000 0.000001 -7.900000
v -4.100000 4.000000 -7.900000
v -4.100000 4.800001 -7.899999
v -4.300001 0.000001 -7.900000
v -4.300001 4.000000 -7.900000
v -4.300001 4.800001 -7.899999
v 4.400000 0.000001 -7.800001
v 4.400000 4.000000 -7.800000
v 4.400000 4.800001 -7.800000
v 4.300000 0.000001 -7.800001
v 4.300000 4.000000 -7.800000
v 4.300000 4.800001 -7.800000
v -4.300001 0.000001 -7.800000
v -4.300001 4.000000 -7.800000
v -4.300001 4.800001 -7.799999
v -4.400001 0.000001 -7.800000
v -4.400001 4.000000 -7.800000
v -4.400001 4.800001 -7.799999
v 4.599999 0.000001 -7.700000
v 4.599999 4.000000 -7.700000
v 4.599999 4.800001 -7.700000
v 4.400000 0.000001 -7.700000
v 4.400000 4.000000 -7.700000
v 4.400000 4.800001 -7.700000
v -4.400001 0.000001 -7.699999
v -4.400001 4.000000 -7.699999
v -4.400001 4.800001 -7.699999
v -4.600000 0.000001 -7.699999
v -4.600000 4.000000 -7.699999
v -4.600000 4.800001 -7.699999
v 4.800000 0.000001 -7.600000
v 4.800000 4.000000 -7.600000
v 4.800000 4.800001 -7.600000
v 4.599999 0.000001 -7.600000
v 4.599999 4.000000 -7.600000
v 4.599999 4.800001 -7.600000
v -4.600000 0.000001 -7.599999
v -4.600000 4.000000 -7.599999
v -4.600000 4.800001 -7.599999
v -4.800001 0.000001 -7.599999
v -4.800001 4.000000 -7.599999
v -4.800001 4.800001 -7.599999
v 4.900000 0.000001 -7.500000
v 4.900000 4.000000 -7.500000
v 4.900000 4.800001 -7.500000
v 4.800000 0.000001 -7.500000
v 4.800000 4.000000 -7.500000
v 4.800000 4.800001 -7.500000
v -4.800001 0.000001 -7.500000
v -4.800001 4.000000 -7.499999
v -4.800001 4.800001 -7.499999
v -4.900001 0.000001 -7.500000
v -4.900001 4.000000 -7.499999
v -4.900001 4.800001 -7.499999
v 5.099999 0.000001 -7.400001
v 5.099999 4.000000 -7.400000
v 5.099999 4.800001 -7.400000
v 4.900000 0.000001 -7.400001
v 4.900000 4.000000 -7.400000
v 4.900000 4.800001 -7.400000
v -4.900001 0.000001 -7.400000
v -4.900001 4.000000 -7.399999
v -4.900001 4.800001 -7.399999
v -5.100000 0.000001 -7.400000
v -5.100000 4.000000 -7.399999
v -5.100000 4.800001 -7.399999
v 5.199999 0.000001 -7.300001
v 5.199999 4.000000 -7.300000
v 5.199999 4.800001 -7.300000
v 5.099999 0.000001 -7.300001
v 5.099999 4.000000 -7.300000
v 5.099999 4.800001 -7.300000
v -5.100000 0.000001 -7.300000
v -5.100000 4.000000 -7.299999
v -5.100000 4.800001 -7.299999
v -5.200000 0.000001 -7.300000
v -5.200000 4.000000 -7.299999
v -5.200000 4.800001 -7.299999
v 5.400000 0.000001 -7.200000
v 5.400000 4.000000 -7.200000
v 5.400000 4.800001 -7.200000
v 5.199999 0.000001 -7.200000
v 5.199999 4.000000 -7.200000
v 5.199999 4.800001 -7.200000
v -5.200000 0.000001 -7.199999
v -5.200000 4.000000 -7.199999
v -5.200000 4.800001 -7.199999
v -5.400001 0.000001 -7.199999
v -5.400001 4.000000 -7.199999
v -5.400001 4.800001 -7.199999
v 5.500000 0.000001 -7.100000
v 5.500000 4.000000 -7.100000
v 5.500000 4.800001 -7.100000
v 5.400000 0.000001 -7.100000
v 5.400000 4.000000 -7.100000
v 5.400000 4.800001 -7.100000
v -5.400001 0.000001 -7.099999
v -5.400001 4.000000 -7.099999
v -5.400001 4.800001 -7.099999
v -5.500000 0.000001 -7.099999
v -5.500000 4.000000 -7.099999
v -5.500000 4.800001 -7.099999
v 5.599999 0.000001 -7.000000
v 5.599999 4.000000 -7.000000
v 5.599999 4.800001 -7.000000
v 5.500000 0.000001 -7.000000
v 5.500000 4.000000 -7.000000
v 5.500000 4.800001 -7.000000
v -5.500000 0.000001 -7.000000
v -5.500000 4.000000 -6.999999
v -5.500000 4.800001 -6.999999
v -5.600000 0.000001 -7.000000
v -5.600000 4.000000 -6.999999
v -5.600000 4.800001 -6.999999
v 5.699999 0.000001 -6.900001
v 5.699999 4.000000 -6.900000
v 5.699999 4.800001 -6.900000
v 5.599999 0.000001 -6.900001
v 5.599999 4.000000 -6.900000
v 5.599999 4.800001 -6.900000
v -5.600000 0.000001 -6.900000
v -5.600000 4.000000 -6.899999
v -5.600000 4.800001 -6.899999
v -5.700000 0.000001 -6.900000
v -5.700000 4.000000 -6.899999
v -5.700000 4.800001 -6.899999
v 5.900000 0.000001 -6.800001
v 5.900000 4.000000 -6.800000
v 5.900000 4.800001 -6.800000
v 5.699999 0.000001 -6.800001
v 5.699999 4.000000 -6.800000
v 5.699999 4.800001 -6.800000
v -5.700000 0.000001 -6.800000
v -5.700000 4.000000 -6.799999
v -5.700000 4.800001 -6.799999
v -5.900001 0.000001 -6.800000
v -5.900001 4.000000 -6.799999
v -5.900001 4.800001 -6.799999
v 6.000000 0.000001 -6.700000
v 6.000000 4.000000 -6.700000
v 6.000000 4.800001 -6.700000
v 5.900000 0.000001 -6.700000
v 5.900000 4.000000 -6.700000
v 5.900000 4.800001 -6.700000
v -5.900001 0.000001 -6.699999
v -5.900001 4.000000 -6.699999
v -5.900001 4.800001 -6.699999
v -6.000000 0.000001 -6.699999
v -6.000000 4.000000 -6.699999
v -6.000000 4.800001 -6.699999
v 6.099999 0.000000 -6.600000
v 6.099999 4.000000 -6.600000
v 6.099999 4.800001 -6.600000
v 6.000000 0.000000 -6.600000
v 6.000000 4.000000 -6.600000
v 6.000000 4.800001 -6.600000
v -6.000000 0.000000 -6.599999
v -6.000000 4.000000 -6.599999
v -6.000000 4.800001 -6.599999
v -6.100000 0.000000 -6.599999
v -6.100000 4.000000 -6.599999
v -6.100000 4.800001 -6.599999
v 6.199999 0.000000 -6.500000
v 6.199999 4.000000 -6.500000
v 6.199999 4.800001 -6.500000
v 6.099999 0.000000 -6.500000
v 6.099999 4.000000 -6.500000
v 6.099999 4.800001 -6.500000
v -6.100000 0.000000 -6.500000
v -6.100000 4.000000 -6.499999
v -6.100000 4.800001 -6.499999
v -6.200000 0.000000 -6.500000
v -6.200000 4.000000 -6.499999
v -6.200000 4.800001 -6.499999
v 6.300000 0.000000 -6.400001
v 6.300000 4.000000 -6.400001
v 6.300000 4.800001 -6.400000
v 6.199999 0.000000 -6.400001
v 6.199999 4.000000 -6.400001
v 6.199999 4.800001 -6.400000
v -6.200000 0.000000 -6.400000
v -6.200000 4.000000 -6.399999
v -6.200000 4.800001 -6.399999
v -6.300001 0.000000 -6.400000
v -6.300001 4.000000 -6.399999
v -6.300001 4.800001 -6.399999
v 6.400000 0.000000 -6.300001
v 6.400000 4.000000 -6.300001
v 6.400000 4.800001 -6.300000
v 6.300000 0.000000 -6.300001
v 6.300000 4.000000 -6.300001
v 6.300000 4.800001 -6.300000
v -6.300001 0.000000 -6.300000
v -6.300001 4.000000 -6.299999
v -6.300001 4.800001 -6.299999
v -6.400001 0.000000 -6.300000
v -6.400001 4.000000 -6.299999
v -6.400001 4.800001 -6.299999
v 6.500000 0.000000 -6.200000
v 6.500000 4.000000 -6.200000
v 6.500000 4.800001 -6.200000
v 6.400000 0.000000 -6.200000
v 6.400000 4.000000 -6.200000
v 6.400000 4.800001 -6.200000
v -6.400001 0.000000 -6.199999
v -6.400001 4.000000 -6.199999
v -6.400001 4.800001 -6.199999
v -6.500000 0.000000 -6.199999
v -6.500000 4.000000 -6.199999
v -6.500000 4.800001 -6.199999
v 6.599999 0.000000 -6.100000
v 6.599999 4.000000 -6.100000
v 6.599999 4.800001 -6.100000
v 6.500000 0.000000 -6.100000
v 6.500000 4.000000 -6.100000
v 6.500000 4.800001 -6.100000
v -6.500000 0.000000 -6.099999
v -6.500000 4.000000 -6.099999
v -6.500000 4.800001 -6.099999
v -6.600000 0.000000 -6.099999
v -6.600000 4.000000 -6.099999
v -6.600000 4.800001 -6.099999
v 6.699999 0.000000 -6.000000
v 6.699999 4.000000 -6.000000
v 6.699999 4.800001 -6.000000
v 6.599999 0.000000 -6.000000
v 6.599999 4.000000 -6.000000
v 6.599999 4.800001 -6.000000
v 0.199999 0.100000 -6.000000
v 0.199999 0.200000 -6.000000
v 0.199999 2.000000 -6.000000
v 0.199999 2.100000 -6.000000
v -0.200001 0.100000 -6.000000
v -0.200001 0.200000 -6.000000
v -0.200001 2.000000 -6.000000
v -0.200001 2.100000 -6.000000
v -6.600000 0.000000 -6.000000
v -6.600000 4.000000 -5.999999
v -6.600000 4.800001 -5.999999
v -6.700000 0.000000 -6.000000
v -6.700000 4.000000 -5.999999
v -6.700000 4.800001 -5.999999
v 6.800000 0.000000 -5.900001
v 6.800000 4.000000 -5.900001
v 6.800000 4.800001 -5.900000
v 6.699999 0.000000 -5.900001
v 6.699999 4.000000 -5.900001
v 6.699999 4.800001 -5.900000
v 0.300000 0.100000 -5.900000
v 0.300000 0.200000 -5.900000
v 0.300000 2.000000 -5.900000
v 0.300000 2.100000 -5.900000
v 0.199999 0.100000 -5.900000
v 0.199999 0.200000 -5.900000
v 0.199999 0.300000 -5.900000
v 0.199999 1.900000 -5.900000
v 0.199999 2.000000 -5.900000
v 0.199999 2.100000 -5.900000
v 0.099999 2.100000 -5.900000
v 0.099999 2.200001 -5.900000
v -0.100001 2.100000 -5.900000
v -0.100001 2.200001 -5.900000
v -0.200001 0.100000 -5.900000
v -0.200001 0.200000 -5.900000
v -0.200001 0.300000 -5.900000
v -0.200001 1.900000 -5.900000
v -0.200001 2.000000 -5.900000
v -0.200001 2.100000 -5.900000
v -0.300001 0.100000 -5.900000
v -0.300001 0.200000 -5.900000
v -0.300001 2.000000 -5.900000
v -0.300001 2.100000 -5.900000
v -6.700000 0.000000 -5.900000
v -6.700000 4.000000 -5.899999
v -6.700000 4.800001 -5.899999
v -6.800001 0.000000 -5.900000
v -6.800001 4.000000 -5.899999
v -6.800001 4.800001 -5.899999
v 0.399999 0.100000 -5.800000
v 0.399999 0.200000 -5.800000
v 0.399999 2.000000 -5.800000
v 0.399999 2.100000 -5.800000
v 0.300000 0.100000 -5.800000
v 0.300000 0.200000 -5.800000
v 0.300000 0.300000 -5.800000
v 0.300000 1.900000 -5.800000
v 0.300000 2.000000 -5.800000
v 0.300000 2.100000 -5.800000
v 0.199999 0.200000 -5.800000
v 0.199999 0.300000 -5.800000
v 0.199999 0.400000 -5.800000
v 0.199999 1.800000 -5.800000
v 0.199999 1.900000 -5.800000
v 0.199999 2.000000 -5.800000
v 0.199999 2.100000 -5.800000
v 0.199999 2.200001 -5.800000
v 0.099999 2.100000 -5.800000
v 0.099999 2.200001 -5.800000
v -0.100001 2.100000 -5.800000
v -0.100001 2.200001 -5.800000
v -0.200001 0.200000 -5.800000
v -0.200001 0.300000 -5.800000
v -0.200001 0.400000 -5.800000
v -0.200001 1.800000 -5.800000
v -0.200001 1.900000 -5.800000
v -0.200001 2.000000 -5.800000
v -0.200001 2.100000 -5.800000
v -0.200001 2.200001 -5.800000
v -0.300001 0.100000 -5.800000
v -0.300001 0.200000 -5.800000
v -0.300001 0.300000 -5.800000
v -0.300001 1.900000 -5.800000
v -0.300001 2.000000 -5.800000
v -0.300001 2.100000 -5.800000
v -0.400001 0.100000 -5.800000
v -0.400001 0.200000 -5.800000
v -0.400001 2.000000 -5.800000
v -0.400001 2.100000 -5.800000
v 6.900000 0.000000 -5.700000
v 6.900000 4.000000 -5.700000
v 6.900000 4.800001 -5.700000
v 6.800000 0.000000 -5.700000
v 6.800000 4.000000 -5.700000
v 6.800000 4.800001 -5.700000
v 0.499999 0.100000 -5.700000
v 0.499999 0.200000 -5.700000
v 0.499999 2.000000 -5.700000
v 0.499999 2.100000 -5.700000
v 0.399999 0.100000 -5.700000
v 0.399999 0.200000 -5.700000
v 0.399999 0.300000 -5.700000
v 0.399999 1.900000 -5.700000
v 0.399999 2.000000 -5.700000
v 0.399999 2.100000 -5.700000
v 0.300000 0.200000 -5.700000
v 0.300000 0.300000 -5.700000
v 0.300000 0.400000 -5.700000
v 0.300000 1.800000 -5.700000
v 0.300000 1.900000 -5.700000
v 0.300000 2.000000 -5.700000
v 0.300000 2.100000 -5.700000
v 0.300000 2.200001 -5.700000
v 0.200000 0.300000 -5.700000
v 0.200000 0.400000 -5.700000
v 0.200000 0.600000 -5.700000
v 0.200000 1.600001 -5.700000
v 0.200000 1.800000 -5.700000
v 0.200000 1.900000 -5.700000
v 0.200000 2.100000 -5.700000
v 0.200000 2.200001 -5.700000
v 0.100000 0.600000 -5.700000
v 0.100000 1.600001 -5.700000
v 0.100000 2.200001 -5.700000
v 0.100000 2.300000 -5.700000
v -0.100001 0.600000 -5.700000
v -0.100001 1.600001 -5.700000
v -0.100001 2.200001 -5.700000
v -0.100001 2.300000 -5.700000
v -0.200000 0.300000 -5.700000
v -0.200000 0.400000 -5.700000
v -0.200000 0.600000 -5.700000
v -0.200000 1.600001 -5.700000
v -0.200000 1.800000 -5.700000
v -0.200000 1.900000 -5.700000
v -0.200000 2.100000 -5.700000
v -0.200000 2.200001 -5.700000
v -0.300001 0.200000 -5.700000
v -0.300001 0.300000 -5.700000
v -0.300001 0.400000 -5.700000
v -0.300001 1.800000 -5.700000
v -0.300001 1.900000 -5.700000
v -0.300001 2.000000 -5.700000
v -0.300001 2.100000 -5.700000
v -0.300001 2.200001 -5.700000
v -0.400001 0.100000 -5.700000
v -0.400001 0.200000 -5.700000
v -0.400001 0.300000 -5.700000
v -0.400001 1.900000 -5.700000
v -0.400001 2.000000 -5.700000
v -0.400001 2.100000 -5.700000
v -0.500000 0.100000 -5.700000
v -0.500000 0.200000 -5.700000
v -0.500000 2.000000 -5.700000
v -0.500000 2.100000 -5.700000
v -6.800001 0.000000 -5.699999
v -6.800001 4.000000 -5.699999
v -6.800001 4.800001 -5.699999
v -6.900001 0.000000 -5.699999
v -6.900001 4.000000 -5.699999
v -6.900001 4.800001 -5.699999
v 7.000000 0.000000 -5.600000
v 7.000000 4.000000 -5.600000
v 7.000000 4.800001 -5.600000
v 6.900000 0.000000 -5.600000
v 6.900000 4.000000 -5.600000
v 6.900000 4.800001 -5.600000
v 0.400000 2.100000 -5.600000
v 0.400000 2.200001 -5.600000
v 0.300000 2.100000 -5.600000
v 0.300000 2.200001 -5.600000
v 0.200000 0.600000 -5.600000
v 0.200000 1.600001 -5.600000
v 0.200000 2.200001 -5.600000
v 0.200000 2.300000 -5.600000
v 0.100000 0.600000 -5.600000
v 0.100000 1.600001 -5.600000
v 0.100000 2.200001 -5.600000
v 0.100000 2.300000 -5.600000
v -0.100000 0.600000 -5.600000
v -0.100000 1.600001 -5.600000
v -0.100000 2.200001 -5.600000
v -0.100000 2.300000 -5.600000
v -0.200000 0.600000 -5.600000
v -0.200000 1.600001 -5.600000
v -0.200000 2.200001 -5.600000
v -0.200000 2.300000 -5.600000
v -0.300000 2.100000 -5.600000
v -0.300000 2.200001 -5.600000
v -0.400000 2.100000 -5.600000
v -0.400000 2.200001 -5.600000
v -6.900001 0.000000 -5.599999
v -6.900001 4.000000 -5.599999
v -6.900001 4.800001 -5.599999
v -7.000000 0.000000 -5.599999
v -7.000000 4.000000 -5.599999
v -7.000000 4.800001 -5.599999
v 7.099999 0.000000 -5.500000
v 7.099999 4.000000 -5.500000
v 7.099999 4.800001 -5.500000
v 7.000000 0.000000 -5.500000
v 7.000000 4.000000 -5.500000
v 7.000000 4.800001 -5.500000
v -7.000000 0.000000 -5.500000
v -7.000000 4.000000 -5.499999
v -7.000000 4.800001 -5.499999
v -7.100000 0.000000 -5.500000
v -7.100000 4.000000 -5.499999
v -7.100000 4.800001 -5.499999
v 7.199999 0.000000 -5.400001
v 7.199999 4.000000 -5.400001
v 7.199999 4.800001 -5.400001
v 7.099999 0.000000 -5.400001
v 7.099999 4.000000 -5.400001
v 7.099999 4.800001 -5.400001
v -7.100000 0.000000 -5.400000
v -7.100000 4.000000 -5.399999
v -7.100000 4.800001 -5.399999
v -7.200000 0.000000 -5.400000
v -7.200000 4.000000 -5.399999
v -7.200000 4.800001 -5.399999
v 7.300000 0.000000 -5.200000
v 7.300000 4.000000 -5.200000
v 7.300000 4.800001 -5.200000
v 7.199999 0.000000 -5.200000
v 7.199999 4.000000 -5.200000
v 7.199999 4.800001 -5.200000
v -7.200000 0.000000 -5.199999
v -7.200000 4.000000 -5.199999
v -7.200000 4.800001 -5.199999
v -7.300001 0.000000 -5.199999
v -7.300001 4.000000 -5.199999
v -7.300001 4.800001 -5.199999
v 7.400000 0.000000 -5.100000
v 7.400000 4.000000 -5.100000
v 7.400000 4.800001 -5.100000
v 7.300000 0.000000 -5.100000
v 7.300000 4.000000 -5.100000
v 7.300000 4.800001 -5.100000
v -7.300001 0.000000 -5.099999
v -7.300001 4.000000 -5.099999
v -7.300001 4.800001 -5.099999
v -7.400001 0.000000 -5.099999
v -7.400001 4.000000 -5.099999
v -7.400001 4.800001 -5.099999
v 7.500000 0.000000 -4.900001
v 7.500000 4.000000 -4.900001
v 7.500000 4.800001 -4.900001
v 7.400000 0.000000 -4.900001
v 7.400000 4.000000 -4.900001
v 7.400000 4.800001 -4.900001
v -7.400001 0.000000 -4.900000
v -7.400001 4.000000 -4.899999
v -7.400001 4.800001 -4.899999
v -7.500000 0.000000 -4.900000
v -7.500000 4.000000 -4.899999
v -7.500000 4.800001 -4.899999
v 7.599999 0.000000 -4.800001
v 7.599999 4.000000 -4.800001
v 7.599999 4.800001 -4.800001
v 7.500000 0.000000 -4.800001
v 7.500000 4.000000 -4.800001
v 7.500000 4.800001 -4.800001
v -7.500000 0.000000 -4.800000
v -7.500000 4.000000 -4.799999
v -7.500000 4.800001 -4.799999
v -7.600000 0.000000 -4.800000
v -7.600000 4.000000 -4.799999
v -7.600000 4.800001 -4.799999
v 7.699999 0.000000 -4.600000
v 7.699999 4.000000 -4.600000
v 7.699999 4.800001 -4.600000
v 7.599999 0.000000 -4.600000
v 7.599999 4.000000 -4.600000
v 7.599999 4.800001 -4.600000
v -7.600000 0.000000 -4.599999
v -7.600000 4.000000 -4.599999
v -7.600000 4.800001 -4.599999
v -7.700000 0.000000 -4.599999
v -7.700000 4.000000 -4.599999
v -7.700000 4.800001 -4.599999
v 7.800000 0.000000 -4.400001
v 7.800000 4.000000 -4.400001
v 7.800000 4.800001 -4.400001
v 7.699999 0.000000 -4.400001
v 7.699999 4.000000 -4.400001
v 7.699999 4.800001 -4.400001
v 4.199999 0.100000 -4.400001
v 4.199999 0.200000 -4.400001
v 4.199999 2.000000 -4.400000
v 4.199999 2.100000 -4.400000
v 3.799999 0.100000 -4.400001
v 3.799999 0.200000 -4.400001
v 3.799999 2.000000 -4.400000
v 3.799999 2.100000 -4.400000
v -3.800000 0.100000 -4.400000
v -3.800000 0.200000 -4.400000
v -3.800000 2.000000 -4.400000
v -3.800000 2.100000 -4.400000
v -4.200000 0.100000 -4.400000
v -4.200000 0.200000 -4.400000
v -4.200000 2.000000 -4.400000
v -4.200000 2.100000 -4.400000
v -7.700000 0.000000 -4.400000
v -7.700000 4.000000 -4.399999
v -7.700000 4.800001 -4.399999
v -7.800001 0.000000 -4.400000
v -7.800001 4.000000 -4.399999
v -7.800001 4.800001 -4.399999
v 7.900000 0.000000 -4.300001
v 7.900000 4.000000 -4.300001
v 7.900000 4.800001 -4.300001
v 7.800000 0.000000 -4.300001
v 7.800000 4.000000 -4.300001
v 7.800000 4.800001 -4.300001
v 4.300000 0.100000 -4.300001
v 4.300000 0.200000 -4.300001
v 4.300000 2.000000 -4.300000
v 4.300000 2.100000 -4.300000
v 4.199999 0.100000 -4.300001
v 4.199999 0.200000 -4.300001
v 4.199999 0.300000 -4.300001
v 4.199999 1.900000 -4.300000
v 4.199999 2.000000 -4.300000
v 4.199999 2.100000 -4.300000
v 4.099999 2.100000 -4.300000
v 4.099999 2.200000 -4.300000
v 3.900000 2.100000 -4.300000
v 3.900000 2.200000 -4.300000
v 3.799999 0.100000 -4.300001
v 3.799999 0.200000 -4.300001
v 3.799999 0.300000 -4.300001
v 3.799999 1.900000 -4.300000
v 3.799999 2.000000 -4.300000
v 3.799999 2.100000 -4.300000
v 3.700000 0.100000 -4.300001
v 3.700000 0.200000 -4.300001
v 3.700000 2.000000 -4.300000
v 3.700000 2.100000 -4.300000
v -3.700001 0.100000 -4.300000
v -3.700001 0.200000 -4.300000
v -3.700001 2.000000 -4.300000
v -3.700001 2.100000 -4.300000
v -3.800000 0.100000 -4.300000
v -3.800000 0.200000 -4.300000
v -3.800000 0.300000 -4.300000
v -3.800000 1.900000 -4.300000
v -3.800000 2.000000 -4.300000
v -3.800000 2.100000 -4.300000
v -3.900001 2.100000 -4.300000
v -3.900001 2.200000 -4.300000
v -4.100000 2.100000 -4.300000
v -4.100000 2.200000 -4.300000
v -4.200000 0.100000 -4.300000
v -4.200000 0.200000 -4.300000
v -4.200000 0.300000 -4.300000
v -4.200000 1.900000 -4.300000
v -4.200000 2.000000 -4.300000
v -4.200000 2.100000 -4.300000
v -4.300001 0.100000 -4.300000
v -4.300001 0.200000 -4.300000
v -4.300001 2.000000 -4.300000
v -4.300001 2.100000 -4.300000
v -7.800001 0.000000 -4.300000
v -7.800001 4.000000 -4.299999
v -7.800001 4.800001 -4.299999
v -7.900001 0.000000 -4.300000
v -7.900001 4.000000 -4.299999
v -7.900001 4.800001 -4.299999
v 4.400000 0.100000 -4.200000
v 4.400000 0.200000 -4.200000
v 4.400000 2.000000 -4.200000
v 4.400000 2.100000 -4.200000
v 4.300000 0.100000 -4.200000
v 4.300000 0.200000 -4.200000
v 4.300000 0.300000 -4.200000
v 4.300000 1.900000 -4.200000
v 4.300000 2.000000 -4.200000
v 4.300000 2.100000 -4.200000
v 4.199999 0.200000 -4.200000
v 4.199999 0.300000 -4.200000
v 4.199999 0.400000 -4.200000
v 4.199999 1.800000 -4.200000
v 4.199999 1.900000 -4.200000
v 4.199999 2.000000 -4.200000
v 4.199999 2.100000 -4.200000
v 4.199999 2.200000 -4.200000
v 4.099999 2.100000 -4.200000
v 4.099999 2.200000 -4.200000
v 3.900000 2.100000 -4.200000
v 3.900000 2.200000 -4.200000
v 3.799999 0.200000 -4.200000
v 3.799999 0.300000 -4.200000
v 3.799999 0.400000 -4.200000
v 3.799999 1.800000 -4.200000
v 3.799999 1.900000 -4.200000
v 3.799999 2.000000 -4.200000
v 3.799999 2.100000 -4.200000
v 3.799999 2.200000 -4.200000
v 3.700000 0.100000 -4.200000
v 3.700000 0.200000 -4.200000
v 3.700000 0.300000 -4.200000
v 3.700000 1.900000 -4.200000
v 3.700000 2.000000 -4.200000
v 3.700000 2.100000 -4.200000
v 3.599999 0.100000 -4.200000
v 3.599999 0.200000 -4.200000
v 3.599999 2.000000 -4.200000
v 3.599999 2.100000 -4.200000
v -3.600000 0.100000 -4.199999
v -3.600000 0.200000 -4.199999
v -3.600000 2.000000 -4.199999
v -3.600000 2.100000 -4.199999
v -3.700001 0.100000 -4.199999
v -3.700001 0.200000 -4.199999
v -3.700001 0.300000 -4.199999
v -3.700001 1.900000 -4.199999
v -3.700001 2.000000 -4.199999
v -3.700001 2.100000 -4.199999
v -3.800000 0.200000 -4.199999
v -3.800000 0.300000 -4.199999
v -3.800000 0.400000 -4.199999
v -3.800000 1.800000 -4.199999
v -3.800000 1.900000 -4.199999
v -3.800000 2.000000 -4.199999
v -3.800000 2.100000 -4.199999
v -3.800000 2.200000 -4.199999
v -3.900001 2.100000 -4.199999
v -3.900001 2.200000 -4.199999
v -4.100000 2.100000 -4.199999
v -4.100000 2.200000 -4.199999
v -4.200000 0.200000 -4.199999
v -4.200000 0.300000 -4.199999
v -4.200000 0.400000 -4.199999
v -4.200000 1.800000 -4.199999
v -4.200000 1.900000 -4.199999
v -4.200000 2.000000 -4.199999
v -4.200000 2.100000 -4.199999
v -4.200000 2.200000 -4.199999
v -4.300001 0.100000 -4.199999
v -4.300001 0.200000 -4.199999
v -4.300001 0.300000 -4.199999
v -4.300001 1.900000 -4.199999
v -4.300001 2.000000 -4.199999
v -4.300001 2.100000 -4.199999
v -4.400001 0.100000 -4.199999
v -4.400001 0.200000 -4.199999
v -4.400001 2.000000 -4.199999
v -4.400001 2.100000 -4.199999
v 8.000000 0.000000 -4.100000
v 8.000000 4.000000 -4.100000
v 8.000000 4.800001 -4.100000
v 7.900000 0.000000 -4.100000
v 7.900000 4.000000 -4.100000
v 7.900000 4.800001 -4.100000
v 4.500000 0.100000 -4.100000
v 4.500000 0.200000 -4.100000
v 4.500000 2.000000 -4.100000
v 4.500000 2.100000 -4.100000
v 4.400000 0.100000 -4.100000
v 4.400000 0.200000 -4.100000
v 4.400000 0.300000 -4.100000
v 4.400000 1.900000 -4.100000
v 4.400000 2.000000 -4.100000
v 4.400000 2.100000 -4.100000
v 4.300000 0.200000 -4.100000
v 4.300000 0.300000 -4.100000
v 4.300000 0.400000 -4.100000
v 4.300000 1.800000 -4.100000
v 4.300000 1.900000 -4.100000
v 4.300000 2.000000 -4.100000
v 4.300000 2.100000 -4.100000
v 4.300000 2.200000 -4.100000
v 4.199999 0.300000 -4.100000
v 4.199999 0.400000 -4.100000
v 4.199999 0.600000 -4.100000
v 4.199999 1.600000 -4.100000
v 4.199999 1.800000 -4.100000
v 4.199999 1.900000 -4.100000
v 4.199999 2.100000 -4.100000
v 4.199999 2.200000 -4.100000
v 4.099999 0.600000 -4.100000
v 4.099999 1.600000 -4.100000
v 4.099999 2.200000 -4.100000
v 4.099999 2.300000 -4.100000
v 3.900000 0.600000 -4.100000
v 3.900000 1.600000 -4.100000
v 3.900000 2.200000 -4.100000
v 3.900000 2.300000 -4.100000
v 3.799999 0.300000 -4.100000
v 3.799999 0.400000 -4.100000
v 3.799999 0.600000 -4.100000
v 3.799999 1.600000 -4.100000
v 3.799999 1.800000 -4.100000
v 3.799999 1.900000 -4.100000
v 3.799999 2.100000 -4.100000
v 3.799999 2.200000 -4.100000
v 3.700000 0.200000 -4.100000
v 3.700000 0.300000 -4.100000
v 3.700000 0.400000 -4.100000
v 3.700000 1.800000 -4.100000
v 3.700000 1.900000 -4.100000
v 3.700000 2.000000 -4.100000
v 3.700000 2.100000 -4.100000
v 3.700000 2.200000 -4.100000
v 3.599999 0.100000 -4.100000
v 3.599999 0.200000 -4.100000
v 3.599999 0.300000 -4.100000
v 3.599999 1.900000 -4.100000
v 3.599999 2.000000 -4.100000
v 3.599999 2.100000 -4.100000
v 3.500000 0.100000 -4.100000
v 3.500000 0.200000 -4.100000
v 3.500000 2.000000 -4.100000
v 3.500000 2.100000 -4.100000
v -3.500000 0.100000 -4.099999
v -3.500000 0.200000 -4.099999
v -3.500000 2.000000 -4.099999
v -3.500000 2.100000 -4.099999
v -3.600000 0.100000 -4.099999
v -3.600000 0.200000 -4.099999
v -3.600000 0.300000 -4.099999
v -3.600000 1.900000 -4.099999
v -3.600000 2.000000 -4.099999
v -3.600000 2.100000 -4.099999
v -3.700001 0.200000 -4.099999
v -3.700001 0.300000 -4.099999
v -3.700001 0.400000 -4.099999
v -3.700001 1.800000 -4.099999
v -3.700001 1.900000 -4.099999
v -3.700001 2.000000 -4.099999
v -3.700001 2.100000 -4.099999
v -3.700001 2.200000 -4.099999
v -3.800000 0.300000 -4.099999
v -3.800000 0.400000 -4.099999
v -3.800000 0.600000 -4.099999
v -3.800000 1.600000 -4.099999
v -3.800000 1.800000 -4.099999
v -3.800000 1.900000 -4.099999
v -3.800000 2.100000 -4.099999
v -3.800000 2.200000 -4.099999
v -3.900001 0.600000 -4.099999
v -3.900001 1.600000 -4.099999
v -3.900001 2.200000 -4.099999
v -3.900001 2.300000 -4.099999
v -4.100000 0.600000 -4.099999
v -4.100000 1.600000 -4.099999
v -4.100000 2.200000 -4.099999
v -4.100000 2.300000 -4.099999
v -4.200000 0.300000 -4.099999
v -4.200000 0.400000 -4.099999
v -4.200000 0.600000 -4.099999
v -4.200000 1.600000 -4.099999
v -4.200000 1.800000 -4.099999
v -4.200000 1.900000 -4.099999
v -4.200000 2.100000 -4.099999
v -4.200000 2.200000 -4.099999
v -4.300001 0.200000 -4.099999
v -4.300001 0.300000 -4.099999
v -4.300001 0.400000 -4.099999
v -4.300001 1.800000 -4.099999
v -4.300001 1.900000 -4.099999
v -4.300001 2.000000 -4.099999
v -4.300001 2.100000 -4.099999
v -4.300001 2.200000 -4.099999
v -4.400001 0.100000 -4.099999
v -4.400001 0.200000 -4.099999
v -4.400001 0.300000 -4.099999
v -4.400001 1.900000 -4.099999
v -4.400001 2.000000 -4.099999
v -4.400001 2.100000 -4.099999
v -4.500000 0.100000 -4.099999
v -4.500000 0.200000 -4.099999
v -4.500000 2.000000 -4.099999
v -4.500000 2.100000 -4.099999
v -7.900001 0.000000 -4.099999
v -7.900001 4.000000 -4.099999
v -7.900001 4.800001 -4.099999
v -8.000000 0.000000 -4.099999
v -8.000000 4.000000 -4.099999
v -8.000000 4.800001 -4.099999
v 4.400000 2.100000 -4.000000
v 4.400000 2.200000 -4.000000
v 4.300000 2.100000 -4.000000
v 4.300000 2.200000 -4.000000
v 4.199999 0.600000 -4.000000
v 4.199999 1.600000 -4.000000
v 4.199999 2.200000 -4.000000
v 4.199999 2.300000 -4.000000
v 4.099999 0.600000 -4.000000
v 4.099999 1.600000 -4.000000
v 4.099999 2.200000 -4.000000
v 4.099999 2.300000 -4.000000
v 3.900000 0.600000 -4.000000
v 3.900000 1.600000 -4.000000
v 3.900000 2.200000 -4.000000
v 3.900000 2.300000 -4.000000
v 3.800000 0.600000 -4.000000
v 3.800000 1.600000 -4.000000
v 3.800000 2.200000 -4.000000
v 3.800000 2.300000 -4.000000
v 3.700000 2.100000 -4.000000
v 3.700000 2.200000 -4.000000
v 3.600000 2.100000 -4.000000
v 3.600000 2.200000 -4.000000
v -3.600000 2.100000 -4.000000
v -3.600000 2.200000 -4.000000
v -3.700000 2.100000 -4.000000
v -3.700000 2.200000 -4.000000
v -3.800000 0.600000 -4.000000
v -3.800000 1.600000 -4.000000
v -3.800000 2.200000 -4.000000
v -3.800000 2.300000 -4.000000
v -3.900000 0.600000 -4.000000
v -3.900000 1.600000 -4.000000
v -3.900000 2.200000 -4.000000
v -3.900000 2.300000 -4.000000
v -4.100000 0.600000 -4.000000
v -4.100000 1.600000 -4.000000
v -4.100000 2.200000 -4.000000
v -4.100000 2.300000 -4.000000
v -4.200000 0.600000 -4.000000
v -4.200000 1.600000 -4.000000
v -4.200000 2.200000 -4.000000
v -4.200000 2.300000 -4.000000
v -4.300001 2.100000 -4.000000
v -4.300001 2.200000 -4.000000
v -4.400001 2.100000 -4.000000
v -4.400001 2.200000 -4.000000
v 8.100000 0.000000 -3.900001
v 8.100000 4.000000 -3.900001
v 8.100000 4.800001 -3.900000
v 8.000000 0.000000 -3.900001
v 8.000000 4.000000 -3.900001
v 8.000000 4.800001 -3.900000
v -8.000000 0.000000 -3.899999
v -8.000000 4.000000 -3.899999
v -8.000000 4.800001 -3.899999
v -8.100000 0.000000 -3.899999
v -8.100000 4.000000 -3.899999
v -8.100000 4.800001 -3.899999
v 8.200000 0.000000 -3.700001
v 8.200000 4.000000 -3.700001
v 8.200000 4.800001 -3.700000
v 8.100000 0.000000 -3.700001
v 8.100000 4.000000 -3.700001
v 8.100000 4.800001 -3.700000
v -8.100000 0.000000 -3.699999
v -8.100000 4.000000 -3.699999
v -8.100000 4.800001 -3.699999
v -8.200000 0.000000 -3.699999
v -8.200000 4.000000 -3.699999
v -8.200000 4.800001 -3.699999
v 8.300000 0.000000 -3.400001
v 8.300000 4.000000 -3.400001
v 8.300000 4.800001 -3.400001
v 8.200000 0.000000 -3.400001
v 8.200000 4.000000 -3.400001
v 8.200000 4.800001 -3.400000
v -8.200000 0.000000 -3.399999
v -8.200000 4.000000 -3.399999
v -8.200000 4.800001 -3.399999
v -8.300000 0.000000 -3.399999
v -8.300000 4.000000 -3.399999
v -8.300000 4.800001 -3.399999
v 8.400000 0.000000 -3.200001
v 8.400000 4.000000 -3.200001
v 8.400000 4.800001 -3.200001
v 8.300000 0.000000 -3.200001
v 8.300000 4.000000 -3.200001
v 8.300000 4.800001 -3.200001
v -8.300000 0.000000 -3.199999
v -8.300000 4.000000 -3.199999
v -8.300000 4.800001 -3.199999
v -8.400000 0.000000 -3.199999
v -8.400000 4.000000 -3.199999
v -8.400000 4.800001 -3.199999
v 8.500000 0.000000 -2.900001
v 8.500000 4.000000 -2.900001
v 8.500000 4.800000 -2.900001
v 8.400000 0.000000 -2.900001
v 8.400000 4.000000 -2.900001
v 8.400000 4.800000 -2.900001
v -8.400000 0.000000 -2.899999
v -8.400000 4.000000 -2.899999
v -8.400000 4.800000 -2.899999
v -8.500000 0.000000 -2.899999
v -8.500000 4.000000 -2.899999
v -8.500000 4.800000 -2.899999
v 8.600000 0.000000 -2.600001
v 8.600000 4.000000 -2.600000
v 8.600000 4.800000 -2.600000
v 8.500000 0.000000 -2.600001
v 8.500000 4.000000 -2.600000
v 8.500000 4.800000 -2.600000
v -8.500000 0.000000 -2.599999
v -8.500000 4.000000 -2.599999
v -8.500000 4.800000 -2.599999
v -8.600000 0.000000 -2.599999
v -8.600000 4.000000 -2.599999
v -8.600000 4.800000 -2.599999
v 8.700000 0.000000 -2.200001
v 8.700000 4.000000 -2.200001
v 8.700000 4.800000 -2.200001
v 8.600000 0.000000 -2.200001
v 8.600000 4.000000 -2.200001
v 8.600000 4.800000 -2.200001
v -8.600000 0.000000 -2.199999
v -8.600000 4.000000 -2.199999
v -8.600000 4.800000 -2.199999
v -8.700000 0.000000 -2.199999
v -8.700000 4.000000 -2.199999
v -8.700000 4.800000 -2.199999
v 8.800000 0.000000 -1.700001
v 8.800000 4.000000 -1.700001
v 8.800000 4.800000 -1.700000
v 8.700000 0.000000 -1.700001
v 8.700000 4.000000 -1.700001
v 8.700000 4.800000 -1.700000
v -8.700000 0.000000 -1.699999
v -8.700000 4.000000 -1.699999
v -8.700000 4.800000 -1.699999
v -8.800000 0.000000 -1.699999
v -8.800000 4.000000 -1.699999
v -8.800000 4.800000 -1.699999
v 8.900000 0.000000 -1.000001
v 8.900000 4.000000 -1.000000
v 8.900000 4.800000 -1.000000
v 8.800000 0.000000 -1.000001
v 8.800000 4.000000 -1.000000
v 8.800000 4.800000 -1.000000
v -8.800000 0.000000 -0.999999
v -8.800000 4.000000 -0.999999
v -8.800000 4.800000 -0.999999
v -8.900000 0.000000 -0.999999
v -8.900000 4.000000 -0.999999
v -8.900000 4.800000 -0.999999
v 10.900000 0.100000 -0.500001
v 10.900000 0.200000 -0.500001
v 10.900000 2.000000 -0.500001
v 10.900000 2.100000 -0.500001
v 10.500000 0.100000 -0.500001
v 10.500000 0.200000 -0.500001
v 10.500000 2.000000 -0.500001
v 10.500000 2.100000 -0.500001
v 5.700000 0.100000 -0.500000
v 5.700000 0.200000 -0.500000
v 5.700000 2.000000 -0.500000
v 5.700000 2.100000 -0.500000
v 5.300000 0.100000 -0.500000
v 5.300000 0.200000 -0.500000
v 5.300000 2.000000 -0.500000
v 5.300000 2.100000 -0.500000
v -5.300000 0.100000 -0.500000
v -5.300000 0.200000 -0.500000
v -5.300000 2.000000 -0.499999
v -5.300000 2.100000 -0.499999
v -5.700000 0.100000 -0.499999
v -5.700000 0.200000 -0.499999
v -5.700000 2.000000 -0.499999
v -5.700000 2.100000 -0.499999
v 11.000000 0.100000 -0.400001
v 11.000000 0.200000 -0.400001
v 11.000000 2.000000 -0.400001
v 11.000000 2.100000 -0.400001
v 10.900000 0.100000 -0.400001
v 10.900000 0.200000 -0.400001
v 10.900000 0.300000 -0.400001
v 10.900000 1.900000 -0.400001
v 10.900000 2.000000 -0.400001
v 10.900000 2.100000 -0.400001
v 10.800000 2.100000 -0.400001
v 10.800000 2.200000 -0.400001
v 10.600000 2.100000 -0.400001
v 10.600000 2.200000 -0.400001
v 10.500000 0.100000 -0.400001
v 10.500000 0.200000 -0.400001
v 10.500000 0.300000 -0.400001
v 10.500000 1.900000 -0.400001
v 10.500000 2.000000 -0.400001
v 10.500000 2.100000 -0.400001
v 10.400000 0.100000 -0.400001
v 10.400000 0.200000 -0.400001
v 10.400000 2.000000 -0.400001
v 10.400000 2.100000 -0.400001
v 5.800000 0.100000 -0.400001
v 5.800000 0.200000 -0.400001
v 5.800000 2.000000 -0.400000
v 5.800000 2.100000 -0.400000
v 5.700000 0.100000 -0.400000
v 5.700000 0.200000 -0.400000
v 5.700000 0.300000 -0.400000
v 5.700000 1.900000 -0.400000
v 5.700000 2.000000 -0.400000
v 5.700000 2.100000 -0.400000
v 5.600000 2.100000 -0.400000
v 5.600000 2.200000 -0.400000
v 5.400000 2.100000 -0.400000
v 5.400000 2.200000 -0.400000
v 5.300000 0.100000 -0.400000
v 5.300000 0.200000 -0.400000
v 5.300000 0.300000 -0.400000
v 5.300000 1.900000 -0.400000
v 5.300000 2.000000 -0.400000
v 5.300000 2.100000 -0.400000
v 5.200000 0.100000 -0.400000
v 5.200000 0.200000 -0.400000
v 5.200000 2.000000 -0.400000
v 5.200000 2.100000 -0.400000
v -5.200000 0.100000 -0.400000
v -5.200000 0.200000 -0.400000
v -5.200000 2.000000 -0.399999
v -5.200000 2.100000 -0.399999
v -5.300000 0.100000 -0.400000
v -5.300000 0.200000 -0.400000
v -5.300000 0.300000 -0.400000
v -5.300000 1.900000 -0.399999
v -5.300000 2.000000 -0.399999
v -5.300000 2.100000 -0.399999
v -5.400000 2.100000 -0.399999
v -5.400000 2.200000 -0.399999
v -5.600000 2.100000 -0.399999
v -5.600000 2.200000 -0.399999
v -5.700000 0.100000 -0.399999
v -5.700000 0.200000 -0.399999
v -5.700000 0.300000 -0.399999
v -5.700000 1.900000 -0.399999
v -5.700000 2.000000 -0.399999
v -5.700000 2.100000 -0.399999
v -5.800000 0.100000 -0.399999
v -5.800000 0.200000 -0.399999
v -5.800000 2.000000 -0.399999
v -5.800000 2.100000 -0.399999
v 11.100000 0.100000 -0.300001
v 11.100000 0.200000 -0.300001
v 11.100000 2.000000 -0.300001
v 11.100000 2.100000 -0.300001
v 11.000000 0.100000 -0.300001
v 11.000000 0.200000 -0.300001
v 11.000000 0.300000 -0.300001
v 11.000000 1.900000 -0.300001
v 11.000000 2.000000 -0.300001
v 11.000000 2.100000 -0.300001
v 10.900000 0.200000 -0.300001
v 10.900000 0.300000 -0.300001
v 10.900000 0.400000 -0.300001
v 10.900000 1.800000 -0.300001
v 10.900000 1.900000 -0.300001
v 10.900000 2.000000 -0.300001
v 10.900000 2.100000 -0.300001
v 10.900000 2.200000 -0.300001
v 10.800000 2.100000 -0.300001
v 10.800000 2.200000 -0.300001
v 10.600000 2.100000 -0.300001
v 10.600000 2.200000 -0.300001
v 10.500000 0.200000 -0.300001
v 10.500000 0.300000 -0.300001
v 10.500000 0.400000 -0.300001
v 10.500000 1.800000 -0.300001
v 10.500000 1.900000 -0.300001
v 10.500000 2.000000 -0.300001
v 10.500000 2.100000 -0.300001
v 10.500000 2.200000 -0.300001
v 10.400000 0.100000 -0.300001
v 10.400000 0.200000 -0.300001
v 10.400000 0.300000 -0.300001
v 10.400000 1.900000 -0.300001
v 10.400000 2.000000 -0.300001
v 10.400000 2.100000 -0.300001
v 10.300000 0.100000 -0.300001
v 10.300000 0.200000 -0.300001
v 10.300000 2.000000 -0.300001
v 10.300000 2.100000 -0.300001
v 5.900000 0.100000 -0.300001
v 5.900000 0.200000 -0.300001
v 5.900000 2.000000 -0.300000
v 5.900000 2.100000 -0.300000
v 5.800000 0.100000 -0.300001
v 5.800000 0.200000 -0.300001
v 5.800000 0.300000 -0.300000
v 5.800000 1.900000 -0.300000
v 5.800000 2.000000 -0.300000
v 5.800000 2.100000 -0.300000
v 5.700000 0.200000 -0.300000
v 5.700000 0.300000 -0.300000
v 5.700000 0.400000 -0.300000
v 5.700000 1.800000 -0.300000
v 5.700000 1.900000 -0.300000
v 5.700000 2.000000 -0.300000
v 5.700000 2.100000 -0.300000
v 5.700000 2.200000 -0.300000
v 5.600000 2.100000 -0.300000
v 5.600000 2.200000 -0.300000
v 5.400000 2.100000 -0.300000
v 5.400000 2.200000 -0.300000
v 5.300000 0.200000 -0.300000
v 5.300000 0.300000 -0.300000
v 5.300000 0.400000 -0.300000
v 5.300000 1.800000 -0.300000
v 5.300000 1.900000 -0.300000
v 5.300000 2.000000 -0.300000
v 5.300000 2.100000 -0.300000
v 5.300000 2.200000 -0.300000
v 5.200000 0.100000 -0.300000
v 5.200000 0.200000 -0.300000
v 5.200000 0.300000 -0.300000
v 5.200000 1.900000 -0.300000
v 5.200000 2.000000 -0.300000
v 5.200000 2.100000 -0.300000
v 5.100000 0.100000 -0.300000
v 5.100000 0.200000 -0.300000
v 5.100000 2.000000 -0.300000
v 5.100000 2.100000 -0.300000
v -5.100000 0.100000 -0.300000
v -5.100000 0.200000 -0.300000
v -5.100000 2.000000 -0.299999
v -5.100000 2.100000 -0.299999
v -5.200000 0.100000 -0.300000
v -5.200000 0.200000 -0.300000
v -5.200000 0.300000 -0.300000
v -5.200000 1.900000 -0.299999
v -5.200000 2.000000 -0.299999
v -5.200000 2.100000 -0.299999
v -5.300000 0.200000 -0.300000
v -5.300000 0.300000 -0.300000
v -5.300000 0.400000 -0.300000
v -5.300000 1.800000 -0.299999
v -5.300000 1.900000 -0.299999
v -5.300000 2.000000 -0.299999
v -5.300000 2.100000 -0.299999
v -5.300000 2.200000 -0.299999
v -5.400000 2.100000 -0.299999
v -5.400000 2.200000 -0.299999
v -5.600000 2.100000 -0.299999
v -5.600000 2.200000 -0.299999
v -5.700000 0.200000 -0.300000
v -5.700000 0.300000 -0.300000
v -5.700000 0.400000 -0.299999
v -5.700000 1.800000 -0.299999
v -5.700000 1.900000 -0.299999
v -5.700000 2.000000 -0.299999
v -5.700000 2.100000 -0.299999
v -5.700000 2.200000 -0.299999
v -5.800000 0.100000 -0.300000
v -5.800000 0.200000 -0.299999
v -5.800000 0.300000 -0.299999
v -5.800000 1.900000 -0.299999
v -5.800000 2.000000 -0.299999
v -5.800000 2.100000 -0.299999
v -5.900000 0.100000 -0.299999
v -5.900000 0.200000 -0.299999
v -5.900000 2.000000 -0.299999
v -5.900000 2.100000 -0.299999
v 11.200000 0.100000 -0.200001
v 11.200000 0.200000 -0.200001
v 11.200000 2.000000 -0.200001
v 11.200000 2.100000 -0.200001
v 11.100000 0.100000 -0.200001
v 11.100000 0.200000 -0.200001
v 11.100000 0.300000 -0.200001
v 11.100000 1.900000 -0.200001
v 11.100000 2.000000 -0.200001
v 11.100000 2.100000 -0.200001
v 11.000000 0.200000 -0.200001
v 11.000000 0.300000 -0.200001
v 11.000000 0.400000 -0.200001
v 11.000000 1.800000 -0.200001
v 11.000000 1.900000 -0.200001
v 11.000000 2.000000 -0.200001
v 11.000000 2.100000 -0.200001
v 11.000000 2.200000 -0.200001
v 10.900000 0.300000 -0.200001
v 10.900000 0.400000 -0.200001
v 10.900000 0.600000 -0.200001
v 10.900000 1.600000 -0.200001
v 10.900000 1.800000 -0.200001
v 10.900000 1.900000 -0.200001
v 10.900000 2.100000 -0.200001
v 10.900000 2.200000 -0.200001
v 10.800000 0.600000 -0.200001
v 10.800000 1.600000 -0.200001
v 10.800000 2.200000 -0.200001
v 10.800000 2.300000 -0.200001
v 10.600000 0.600000 -0.200001
v 10.600000 1.600000 -0.200001
v 10.600000 2.200000 -0.200001
v 10.600000 2.300000 -0.200001
v 10.500000 0.300000 -0.200001
v 10.500000 0.400000 -0.200001
v 10.500000 0.600000 -0.200001
v 10.500000 1.600000 -0.200001
v 10.500000 1.800000 -0.200001
v 10.500000 1.900000 -0.200001
v 10.500000 2.100000 -0.200001
v 10.500000 2.200000 -0.200001
v 10.400000 0.200000 -0.200001
v 10.400000 0.300000 -0.200001
v 10.400000 0.400000 -0.200001
v 10.400000 1.800000 -0.200001
v 10.400000 1.900000 -0.200001
v 10.400000 2.000000 -0.200001
v 10.400000 2.100000 -0.200001
v 10.400000 2.200000 -0.200001
v 10.300000 0.100000 -0.200001
v 10.300000 0.200000 -0.200001
v 10.300000 0.300000 -0.200001
v 10.300000 1.900000 -0.200001
v 10.300000 2.000000 -0.200001
v 10.300000 2.100000 -0.200001
v 10.200000 0.100000 -0.200001
v 10.200000 0.200000 -0.200001
v 10.200000 2.000000 -0.200001
v 10.200000 2.100000 -0.200001
v 6.000000 0.100000 -0.200001
v 6.000000 0.200000 -0.200001
v 6.000000 2.000000 -0.200000
v 6.000000 2.100000 -0.200000
v 5.900000 0.100000 -0.200001
v 5.900000 0.200000 -0.200001
v 5.900000 0.300000 -0.200000
v 5.900000 1.900000 -0.200000
v 5.900000 2.000000 -0.200000
v 5.900000 2.100000 -0.200000
v 5.800000 0.200000 -0.200000
v 5.800000 0.300000 -0.200000
v 5.800000 0.400000 -0.200000
v 5.800000 1.800000 -0.200000
v 5.800000 1.900000 -0.200000
v 5.800000 2.000000 -0.200000
v 5.800000 2.100000 -0.200000
v 5.800000 2.200000 -0.200000
v 5.700000 0.300000 -0.200000
v 5.700000 0.400000 -0.200000
v 5.700000 0.600000 -0.200000
v 5.700000 1.600000 -0.200000
v 5.700000 1.800000 -0.200000
v 5.700000 1.900000 -0.200000
v 5.700000 2.100000 -0.200000
v 5.700000 2.200000 -0.200000
v 5.600000 0.600000 -0.200000
v 5.600000 1.600000 -0.200000
v 5.600000 2.200000 -0.200000
v 5.600000 2.300000 -0.200000
v 5.400000 0.600000 -0.200000
v 5.400000 1.600000 -0.200000
v 5.400000 2.200000 -0.200000
v 5.400000 2.300000 -0.200000
v 5.300000 0.300000 -0.200000
v 5.300000 0.400000 -0.200000
v 5.300000 0.600000 -0.200000
v 5.300000 1.600000 -0.200000
v 5.300000 1.800000 -0.200000
v 5.300000 1.900000 -0.200000
v 5.300000 2.100000 -0.200000
v 5.300000 2.200000 -0.200000
v 5.200000 0.200000 -0.200000
v 5.200000 0.300000 -0.200000
v 5.200000 0.400000 -0.200000
v 5.200000 1.800000 -0.200000
v 5.200000 1.900000 -0.200000
v 5.200000 2.000000 -0.200000
v 5.200000 2.100000 -0.200000
v 5.200000 2.200000 -0.200000
v 5.100000 0.000000 -0.200000
v 5.100000 0.100000 -0.200000
v 5.100000 0.200000 -0.200000
v 5.100000 0.300000 -0.200000
v 5.100000 1.900000 -0.200000
v 5.100000 2.000000 -0.200000
v 5.100000 2.100000 -0.200000
v 5.000000 0.000000 -0.200000
v 5.000000 0.100000 -0.200000
v 5.000000 0.200000 -0.200000
v 5.000000 2.000000 -0.200000
v 5.000000 2.100000 -0.200000
v -5.000000 0.000000 -0.200000
v -5.000000 0.100000 -0.200000
v -5.000000 0.200000 -0.200000
v -5.000000 2.000000 -0.199999
v -5.000000 2.100000 -0.199999
v -5.100000 0.000000 -0.200000
v -5.100000 0.100000 -0.200000
v -5.100000 0.200000 -0.200000
v -5.100000 0.300000 -0.200000
v -5.100000 1.900000 -0.199999
v -5.100000 2.000000 -0.199999
v -5.100000 2.100000 -0.199999
v -5.200000 0.200000 -0.200000
v -5.200000 0.300000 -0.200000
v -5.200000 0.400000 -0.200000
v -5.200000 1.800000 -0.199999
v -5.200000 1.900000 -0.199999
v -5.200000 2.000000 -0.199999
v -5.200000 2.100000 -0.199999
v -5.200000 2.200000 -0.199999
v -5.300000 0.300000 -0.200000
v -5.300000 0.400000 -0.200000
v -5.300000 0.600000 -0.199999
v -5.300000 1.600000 -0.199999
v -5.300000 1.800000 -0.199999
v -5.300000 1.900000 -0.199999
v -5.300000 2.100000 -0.199999
v -5.300000 2.200000 -0.199999
v -5.400000 0.600000 -0.199999
v -5.400000 1.600000 -0.199999
v -5.400000 2.200000 -0.199999
v -5.400000 2.300000 -0.199999
v -5.600000 0.600000 -0.199999
v -5.600000 1.600000 -0.199999
v -5.600000 2.200000 -0.199999
v -5.600000 2.300000 -0.199999
v -5.700000 0.300000 -0.199999
v -5.700000 0.400000 -0.199999
v -5.700000 0.600000 -0.199999
v -5.700000 1.600000 -0.199999
v -5.700000 1.800000 -0.199999
v -5.700000 1.900000 -0.199999
v -5.700000 2.100000 -0.199999
v -5.700000 2.200000 -0.199999
v -5.800000 0.200000 -0.199999
v -5.800000 0.300000 -0.199999
v -5.800000 0.400000 -0.199999
v -5.800000 1.800000 -0.199999
v -5.800000 1.900000 -0.199999
v -5.800000 2.000000 -0.199999
v -5.800000 2.100000 -0.199999
v -5.800000 2.200000 -0.199999
v -5.900000 0.100000 -0.199999
v -5.900000 0.200000 -0.199999
v -5.900000 0.300000 -0.199999
v -5.900000 1.900000 -0.199999
v -5.900000 2.000000 -0.199999
v -5.900000 2.100000 -0.199999
v -6.000000 0.100000 -0.199999
v -6.000000 0.200000 -0.199999
v -6.000000 2.000000 -0.199999
v -6.000000 2.100000 -0.199999
v 11.100000 2.100000 -0.100000
v 11.100000 2.200000 -0.100000
v 11.000000 2.100000 -0.100000
v 11.000000 2.200000 -0.100000
v 10.900000 0.600000 -0.100000
v 10.900000 1.600000 -0.100000
v 10.900000 2.200000 -0.100000
v 10.900000 2.300000 -0.100000
v 10.800000 0.600000 -0.100000
v 10.800000 1.600000 -0.100000
v 10.800000 2.200000 -0.100000
v 10.800000 2.300000 -0.100000
v 10.600000 0.600000 -0.100000
v 10.600000 1.600000 -0.100000
v 10.600000 2.200000 -0.100000
v 10.600000 2.300000 -0.100000
v 10.500000 0.600000 -0.100000
v 10.500000 1.600000 -0.100000
v 10.500000 2.200000 -0.100000
v 10.500000 2.300000 -0.100000
v 10.400000 2.100000 -0.100000
v 10.400000 2.200000 -0.100000
v 10.300000 2.100000 -0.100000
v 10.300000 2.200000 -0.100000
v 5.900000 2.100000 -0.100000
v 5.900000 2.200000 -0.100000
v 5.800000 2.100000 -0.100000
v 5.800000 2.200000 -0.100000
v 5.700000 0.600000 -0.100000
v 5.700000 1.600000 -0.100000
v 5.700000 2.200000 -0.100000
v 5.700000 2.300000 -0.100000
v 5.600000 0.600000 -0.100000
v 5.600000 1.600000 -0.100000
v 5.600000 2.200000 -0.100000
v 5.600000 2.300000 -0.100000
v 5.400000 0.600000 -0.100000
v 5.400000 1.600000 -0.100000
v 5.400000 2.200000 -0.100000
v 5.400000 2.300000 -0.100000
v 5.300000 0.600000 -0.100000
v 5.300000 1.600000 -0.100000
v 5.300000 2.200000 -0.100000
v 5.300000 2.300000 -0.100000
v 5.200000 2.100000 -0.100000
v 5.200000 2.200000 -0.100000
v 5.100000 2.100000 -0.100000
v 5.100000 2.200000 -0.100000
v -5.100000 2.100000 -0.099999
v -5.100000 2.200000 -0.099999
v -5.200000 2.100000 -0.099999
v -5.200000 2.200000 -0.099999
v -5.300000 0.600000 -0.099999
v -5.300000 1.600000 -0.099999
v -5.300000 2.200000 -0.099999
v -5.300000 2.300000 -0.099999
v -5.400000 0.600000 -0.099999
v -5.400000 1.600000 -0.099999
v -5.400000 2.200000 -0.099999
v -5.400000 2.300000 -0.099999
v -5.600000 0.600000 -0.099999
v -5.600000 1.600000 -0.099999
v -5.600000 2.200000 -0.099999
v -5.600000 2.300000 -0.099999
v -5.700000 0.600000 -0.099999
v -5.700000 1.600000 -0.099999
v -5.700000 2.200000 -0.099999
v -5.700000 2.300000 -0.099999
v -5.800000 2.100000 -0.099999
v -5.800000 2.200000 -0.099999
v -5.900000 2.100000 -0.099999
v -5.900000 2.200000 -0.099999
v 5.100000 -0.000000 0.800000
v 5.100000 0.100000 0.800000
v 5.000000 -0.000000 0.800000
v 5.000000 0.100000 0.800000
v -5.000000 -0.000000 0.800000
v -5.000000 0.100000 0.800000
v -5.100000 -0.000000 0.800000
v -5.100000 0.100000 0.800000
v 8.800000 0.100000 0.900000
v 8.800000 4.000000 0.900001
v 8.700000 0.100000 0.900000
v 8.700000 4.000000 0.900001
v 7.600000 4.000000 0.900001
v 7.600000 4.800000 0.900001
v 7.500000 4.000000 0.900001
v 7.500000 4.800000 0.900001
v -7.500000 4.000000 0.900002
v -7.500000 4.800000 0.900002
v -7.600000 4.000000 0.900002
v -7.600000 4.800000 0.900002
v -8.700000 0.100000 0.900002
v -8.700000 4.000000 0.900002
v -8.800000 0.100000 0.900002
v -8.800000 4.000000 0.900002
v 5.000000 -0.000000 1.299999
v 5.000000 0.100000 1.299999
v 4.900000 -0.000000 1.299999
v 4.900000 0.100000 1.299999
v -4.900000 -0.000000 1.300000
v -4.900000 0.100000 1.300000
v -5.000000 -0.000000 1.300000
v -5.000000 0.100000 1.300000
v 8.700000 0.100000 1.599999
v 8.700000 4.000000 1.600000
v 8.600000 0.100000 1.599999
v 8.600000 4.000000 1.600000
v 7.500000 4.000000 1.600000
v 7.500000 4.800000 1.600000
v 7.400000 4.000000 1.600000
v 7.400000 4.800000 1.600000
v -7.400000 4.000000 1.600001
v -7.400000 4.800000 1.600001
v -7.500000 4.000000 1.600001
v -7.500000 4.800000 1.600001
v -8.600000 0.100000 1.600001
v -8.600000 4.000000 1.600001
v -8.700000 0.100000 1.600001
v -8.700000 4.000000 1.600001
v 4.900000 -0.000000 1.700000
v 4.900000 0.100000 1.700000
v 4.800000 -0.000000 1.700000
v 4.800000 0.100000 1.700000
v -4.800000 -0.000000 1.700001
v -4.800000 0.100000 1.700001
v -4.900000 -0.000000 1.700001
v -4.900000 0.100000 1.700001
v 4.800000 -0.000000 1.899999
v 4.800000 0.100000 1.900000
v 4.700000 -0.000000 1.900000
v 4.700000 0.100000 1.900000
v -4.700000 -0.000000 1.900000
v -4.700000 0.100000 1.900000
v -4.800000 -0.000000 1.900000
v -4.800000 0.100000 1.900000
v 8.600000 0.100000 2.099999
v 8.600000 4.000000 2.099999
v 8.500000 0.100000 2.099999
v 8.500000 4.000000 2.099999
v 7.400000 4.000000 2.100000
v 7.400000 4.800000 2.100000
v 7.300000 4.000000 2.100000
v 7.300000 4.800000 2.100000
v -7.300000 4.000000 2.100001
v -7.300000 4.800000 2.100001
v -7.400000 4.000000 2.100001
v -7.400000 4.800000 2.100001
v -8.500000 0.100000 2.100001
v -8.500000 4.000000 2.100001
v -8.600000 0.100000 2.100001
v -8.600000 4.000000 2.100001
v 4.700000 -0.000000 2.200000
v 4.700000 0.100000 2.200000
v 4.600000 -0.000000 2.200000
v 4.600000 0.100000 2.200000
v -4.600000 -0.000000 2.200001
v -4.600000 0.100000 2.200001
v -4.700000 -0.000000 2.200001
v -4.700000 0.100000 2.200001
v 4.600000 -0.000000 2.400000
v 4.600000 0.100000 2.400000
v 4.500000 -0.000000 2.400000
v 4.500000 0.100000 2.400000
v -4.500000 -0.000000 2.400001
v -4.500000 0.100000 2.400001
v -4.600000 -0.000000 2.400001
v -4.600000 0.100000 2.400001
v 8.500000 0.100000 2.499999
v 8.500000 4.000000 2.500000
v 8.400000 0.100000 2.499999
v 8.400000 4.000000 2.500000
v 7.300000 4.000000 2.500000
v 7.300000 4.800000 2.500000
v 7.200000 4.000000 2.500000
v 7.200000 4.800000 2.500000
v -7.200000 4.000000 2.500001
v -7.200000 4.800000 2.500001
v -7.300000 4.000000 2.500001
v -7.300000 4.800000 2.500001
v -8.400000 0.100000 2.500001
v -8.400000 4.000000 2.500001
v -8.500000 0.100000 2.500001
v -8.500000 4.000000 2.500001
v 4.500000 -0.000000 2.599999
v 4.500000 0.100000 2.599999
v 4.400000 -0.000000 2.599999
v 4.400000 0.100000 2.599999
v -4.400000 -0.000000 2.600000
v -4.400000 0.100000 2.600000
v -4.500000 -0.000000 2.600000
v -4.500000 0.100000 2.600000
v 4.400000 -0.000000 2.700000
v 4.400000 0.100000 2.700000
v 4.300000 -0.000000 2.700000
v 4.300000 0.100000 2.700000
v -4.300000 -0.000000 2.700001
v -4.300000 0.100000 2.700001
v -4.400000 -0.000000 2.700001
v -4.400000 0.100000 2.700001
v 8.400000 0.100000 2.799999
v 8.400000 4.000000 2.799999
v 8.300000 0.100000 2.799999
v 8.300000 4.000000 2.799999
v 7.200000 4.000000 2.800000
v 7.200000 4.800000 2.800000
v 7.100000 4.000000 2.800000
v 7.100000 4.800000 2.800000
v -7.099999 4.000000 2.800001
v -7.099999 4.800000 2.800001
v -7.199999 4.000000 2.800001
v -7.199999 4.800000 2.800001
v -8.300000 0.100000 2.800001
v -8.300000 4.000000 2.800001
v -8.400000 0.100000 2.800001
v -8.400000 4.000000 2.800001
v 4.300001 -0.000000 2.900000
v 4.300001 0.100000 2.900000
v 4.200000 -0.000000 2.900000
v 4.200000 0.100000 2.900000
v -4.199999 -0.000000 2.900001
v -4.199999 0.100000 2.900001
v -4.300000 -0.000000 2.900001
v -4.300000 0.100000 2.900001
v 4.200000 -0.000000 3.000000
v 4.200000 0.100000 3.000000
v 4.100000 -0.000000 3.000000
v 4.100000 0.100000 3.000000
v -4.099999 -0.000000 3.000000
v -4.099999 0.100000 3.000000
v -4.199999 -0.000000 3.000000
v -4.199999 0.100000 3.000000
v 8.300000 0.100000 3.099999
v 8.300000 4.000000 3.099999
v 8.200000 0.100000 3.099999
v 8.200000 4.000000 3.099999
v 7.100000 4.000000 3.100000
v 7.100000 4.800000 3.100000
v 7.000000 4.000000 3.100000
v 7.000000 4.800000 3.100000
v -7.000000 4.000000 3.100001
v -7.000000 4.800000 3.100001
v -7.099999 4.000000 3.100001
v -7.099999 4.800000 3.100001
v -8.200000 0.100000 3.100001
v -8.200000 4.000000 3.100001
v -8.300000 0.100000 3.100001
v -8.300000 4.000000 3.100001
v 4.100000 -0.000000 3.200000
v 4.100000 0.100000 3.200000
v 4.000000 -0.000000 3.200000
v 4.000000 0.100000 3.200000
v -4.000000 -0.000000 3.200000
v -4.000000 0.100000 3.200000
v -4.099999 -0.000000 3.200001
v -4.099999 0.100000 3.200001
v 8.200000 0.100000 3.299999
v 8.200000 4.000000 3.299999
v 8.100000 0.100000 3.299999
v 8.100000 4.000000 3.299999
v 7.000000 4.000000 3.300000
v 7.000000 4.800000 3.300000
v 6.900001 4.000000 3.300000
v 6.900001 4.800000 3.300000
v 4.000000 -0.000000 3.300000
v 4.000000 0.100000 3.300000
v 3.900000 -0.000000 3.300000
v 3.900000 0.100000 3.300000
v -3.900000 -0.000000 3.300000
v -3.900000 0.100000 3.300000
v -4.000000 -0.000000 3.300000
v -4.000000 0.100000 3.300000
v -6.900000 4.000000 3.300001
v -6.900000 4.800000 3.300001
v -7.000000 4.000000 3.300001
v -7.000000 4.800000 3.300001
v -8.100000 0.100000 3.300001
v -8.100000 4.000000 3.300001
v -8.200000 0.100000 3.300001
v -8.200000 4.000000 3.300001
v 3.900000 -0.000000 3.400000
v 3.900000 0.100000 3.400000
v 3.800000 -0.000000 3.400000
v 3.800000 0.100000 3.400000
v -3.800000 -0.000000 3.400000
v -3.800000 0.100000 3.400000
v -3.900000 -0.000000 3.400000
v -3.900000 0.100000 3.400000
v 3.800000 -0.000000 3.500000
v 3.800000 0.100000 3.500000
v 3.700000 -0.000000 3.500000
v 3.700000 0.100000 3.500000
v -3.700000 -0.000000 3.500000
v -3.700000 0.100000 3.500000
v -3.800000 -0.000000 3.500000
v -3.800000 0.100000 3.500000
v 8.100000 0.100000 3.599999
v 8.100000 4.000000 3.599999
v 8.000000 0.100000 3.599999
v 8.000000 4.000000 3.599999
v 6.900001 4.000000 3.600000
v 6.900001 4.800000 3.600000
v 6.800001 4.000000 3.600000
v 6.800001 4.800000 3.600000
v 3.700000 -0.000000 3.600000
v 3.700000 0.100000 3.600000
v 3.600000 -0.000000 3.600000
v 3.600000 0.100000 3.600000
v -3.600000 -0.000000 3.600000
v -3.600000 0.100000 3.600000
v -3.700000 -0.000000 3.600000
v -3.700000 0.100000 3.600000
v -6.800000 4.000000 3.600001
v -6.800000 4.800000 3.600001
v -6.900000 4.000000 3.600001
v -6.900000 4.800000 3.600001
v -8.000000 0.100000 3.600001
v -8.000000 4.000000 3.600001
v -8.100000 0.100000 3.600001
v -8.100000 4.000000 3.600001
v 3.600000 -0.000000 3.700000
v 3.600000 0.100000 3.700000
v 3.500000 -0.000000 3.700000
v 3.500000 0.100000 3.700000
v -3.500000 -0.000000 3.700000
v -3.500000 0.100000 3.700000
v -3.600000 -0.000000 3.700000
v -3.600000 0.100000 3.700000
v 8.000000 0.100000 3.799999
v 8.000000 4.000000 3.799999
v 7.900001 0.100000 3.799999
v 7.900001 4.000000 3.799999
v 6.800001 4.000000 3.800000
v 6.800001 4.800000 3.800000
v 6.700000 4.000000 3.800000
v 6.700000 4.800000 3.800000
v 3.500000 -0.000000 3.800000
v 3.500000 0.100000 3.800000
v 3.400000 -0.000000 3.800000
v 3.400000 0.100000 3.800000
v -3.400000 -0.000000 3.800000
v -3.400000 0.100000 3.800000
v -3.500000 -0.000000 3.800000
v -3.500000 0.100000 3.800000
v -6.699999 4.000000 3.800001
v -6.699999 4.800000 3.800001
v -6.800000 4.000000 3.800001
v -6.800000 4.800000 3.800001
v -7.900000 0.100000 3.800001
v -7.900000 4.000000 3.800001
v -8.000000 0.100000 3.800001
v -8.000000 4.000000 3.800001
v 3.400000 -0.000000 3.900000
v 3.400000 0.100000 3.900000
v 3.300000 -0.000000 3.900000
v 3.300000 0.100000 3.900000
v -3.300000 -0.000000 3.900000
v -3.300000 0.100000 3.900000
v -3.400000 -0.000000 3.900000
v -3.400000 0.100000 3.900000
v 7.900001 0.100000 3.999999
v 7.900001 4.000000 4.000000
v 7.800001 0.100000 3.999999
v 7.800001 4.000000 4.000000
v 6.700000 4.000000 4.000000
v 6.700000 4.800000 4.000000
v 6.600000 4.000000 4.000000
v 6.600000 4.800000 4.000000
v 3.300000 -0.000000 4.000000
v 3.300000 0.100000 4.000000
v 3.200000 -0.000000 4.000000
v 3.200000 0.100000 4.000000
v -3.200000 -0.000000 4.000000
v -3.200000 0.100000 4.000000
v -3.300000 -0.000000 4.000000
v -3.300000 0.100000 4.000000
v -6.599999 4.000000 4.000001
v -6.599999 4.800000 4.000001
v -6.699999 4.000000 4.000001
v -6.699999 4.800000 4.000001
v -7.800000 0.100000 4.000000
v -7.800000 4.000000 4.000001
v -7.900000 0.100000 4.000000
v -7.900000 4.000000 4.000001
v 3.200001 -0.000000 4.099999
v 3.200001 0.100000 4.099999
v 3.000000 -0.000000 4.099999
v 3.000000 0.100000 4.099999
v -3.000000 -0.000000 4.100000
v -3.000000 0.100000 4.100000
v -3.200000 -0.000000 4.100000
v -3.200000 0.100000 4.100000
v 7.800001 0.100000 4.199999
v 7.800001 4.000000 4.199999
v 7.700000 0.100000 4.199999
v 7.700000 4.000000 4.199999
v 6.600000 4.000000 4.199999
v 6.600000 4.800000 4.200000
v 6.500000 4.000000 4.199999
v 6.500000 4.800000 4.200000
v 3.000000 -0.000000 4.199999
v 3.000000 0.100000 4.199999
v 2.900001 -0.000000 4.199999
v 2.900001 0.100000 4.199999
v -2.900000 -0.000000 4.200000
v -2.900000 0.100000 4.200000
v -3.000000 -0.000000 4.200000
v -3.000000 0.100000 4.200000
v -6.500000 4.000000 4.200001
v -6.500000 4.800000 4.200001
v -6.599999 4.000000 4.200001
v -6.599999 4.800000 4.200001
v -7.699999 0.100000 4.200000
v -7.699999 4.000000 4.200001
v -7.800000 0.100000 4.200000
v -7.800000 4.000000 4.200001
v 7.700000 0.100000 4.300000
v 7.700000 4.000000 4.300000
v 7.600000 0.100000 4.300000
v 7.600000 4.000000 4.300000
v 6.500000 4.000000 4.300000
v 6.500000 4.800000 4.300000
v 6.400001 4.000000 4.300000
v 6.400001 4.800000 4.300000
v 2.900001 -0.000000 4.300000
v 2.900001 0.100000 4.300000
v 2.700001 -0.000000 4.300000
v 2.700001 0.100000 4.300000
v -2.700000 -0.000000 4.300000
v -2.700000 0.100000 4.300001
v -2.900000 -0.000000 4.300001
v -2.900000 0.100000 4.300001
v -6.400000 4.000000 4.300001
v -6.400000 4.800000 4.300001
v -6.500000 4.000000 4.300001
v -6.500000 4.800000 4.300001
v -7.599999 0.100000 4.300001
v -7.599999 4.000000 4.300001
v -7.699999 0.100000 4.300001
v -7.699999 4.000000 4.300001
v 2.700001 -0.000000 4.400000
v 2.700001 0.100000 4.400000
v 2.600000 -0.000000 4.400000
v 2.600000 0.100000 4.400000
v -2.599999 -0.000000 4.400000
v -2.599999 0.100000 4.400000
v -2.700000 -0.000000 4.400000
v -2.700000 0.100000 4.400001
v 7.600000 0.100000 4.500000
v 7.600000 4.000000 4.500000
v 7.500000 0.100000 4.500000
v 7.500000 4.000000 4.500000
v 6.400001 4.000000 4.500000
v 6.400001 4.800000 4.500000
v 6.300001 4.000000 4.500000
v 6.300001 4.800000 4.500000
v 2.600000 -0.000000 4.500000
v 2.600000 0.100000 4.500000
v 2.400001 -0.000000 4.500000
v 2.400001 0.100000 4.500000
v -2.400000 -0.000000 4.500000
v -2.400000 0.100000 4.500000
v -2.599999 -0.000000 4.500000
v -2.599999 0.100000 4.500000
v -6.300000 4.000000 4.500001
v -6.300000 4.800000 4.500001
v -6.400000 4.000000 4.500001
v -6.400000 4.800000 4.500001
v -7.500000 0.100000 4.500000
v -7.500000 4.000000 4.500001
v -7.599999 0.100000 4.500000
v -7.599999 4.000000 4.500001
v 2.400001 -0.000000 4.600000
v 2.400001 0.100000 4.600000
v 2.200001 -0.000000 4.600000
v 2.200001 0.100000 4.600000
v -2.200000 -0.000000 4.600000
v -2.200000 0.100000 4.600000
v -2.400000 -0.000000 4.600000
v -2.400000 0.100000 4.600000
v 7.500000 0.100000 4.699999
v 7.500000 4.000000 4.699999
v 7.400001 0.100000 4.699999
v 7.400001 4.000000 4.699999
v 6.300001 4.000000 4.699999
v 6.300001 4.800000 4.700000
v 6.200000 4.000000 4.699999
v 6.200000 4.800000 4.700000
v 2.200001 -0.000000 4.700000
v 2.200001 0.100000 4.700000
v 1.900000 -0.000000 4.700000
v 1.900000 0.100000 4.700000
v -1.900000 -0.000000 4.700000
v -1.900000 0.100000 4.700000
v -2.200000 -0.000000 4.700000
v -2.200000 0.100000 4.700000
v -6.199999 4.000000 4.700001
v -6.199999 4.800000 4.700001
v -6.300000 4.000000 4.700001
v -6.300000 4.800000 4.700001
v -7.400000 0.100000 4.700000
v -7.400000 4.000000 4.700001
v -7.500000 0.100000 4.700000
v -7.500000 4.000000 4.700001
v 7.400001 0.100000 4.800000
v 7.400001 4.000000 4.800000
v 7.300001 0.100000 4.800000
v 7.300001 4.000000 4.800000
v 6.200000 4.000000 4.800000
v 6.200000 4.800000 4.800000
v 6.100000 4.000000 4.800000
v 6.100000 4.800000 4.800000
v 1.900000 -0.000000 4.800000
v 1.900000 0.100000 4.800000
v 1.700001 -0.000000 4.800000
v 1.700001 0.100000 4.800000
v -1.700000 -0.000000 4.800000
v -1.700000 0.100000 4.800000
v -1.899999 -0.000000 4.800000
v -1.899999 0.100000 4.800000
v -6.099999 4.000000 4.800001
v -6.099999 4.800000 4.800001
v -6.199999 4.000000 4.800001
v -6.199999 4.800000 4.800001
v -7.300000 0.100000 4.800001
v -7.300000 4.000000 4.800001
v -7.400000 0.100000 4.800001
v -7.400000 4.000000 4.800001
v 1.700001 -0.000000 4.900000
v 1.700001 0.100000 4.900000
v 1.300000 -0.000000 4.900000
v 1.300000 0.100000 4.900000
v -1.299999 -0.000000 4.900000
v -1.299999 0.100000 4.900000
v -1.700000 -0.000000 4.900000
v -1.700000 0.100000 4.900000
v 7.300001 0.100000 5.000000
v 7.300001 4.000000 5.000000
v 7.200000 0.100000 5.000000
v 7.200000 4.000000 5.000000
v 6.100000 4.000000 5.000000
v 6.100000 4.800000 5.000000
v 6.000000 4.000000 5.000000
v 6.000000 4.800000 5.000000
v 1.300000 -0.000000 5.000000
v 1.300000 0.100000 5.000000
v 0.800000 -0.000000 5.000000
v 0.800000 0.100000 5.000000
v -0.800000 -0.000000 5.000000
v -0.800000 0.100000 5.000000
v -1.299999 -0.000000 5.000000
v -1.299999 0.100000 5.000000
v -6.000000 4.000000 5.000001
v -6.000000 4.800000 5.000001
v -6.099999 4.000000 5.000001
v -6.099999 4.800000 5.000001
v -7.199999 0.100000 5.000000
v -7.199999 4.000000 5.000001
v -7.300000 0.100000 5.000000
v -7.300000 4.000000 5.000001
v 7.200000 0.100000 5.099999
v 7.200000 4.000000 5.099999
v 7.100000 0.100000 5.099999
v 7.100000 4.000000 5.099999
v 6.000000 4.000000 5.100000
v 6.000000 4.800000 5.100000
v 5.900001 4.000000 5.100000
v 5.900001 4.800000 5.100000
v 0.800000 -0.000000 5.100000
v 0.800000 0.100000 5.100000
v -0.800000 -0.000000 5.100000
v -0.800000 0.100000 5.100000
v -5.900000 4.000000 5.100001
v -5.900000 4.800000 5.100001
v -6.000000 4.000000 5.100001
v -6.000000 4.800000 5.100001
v -7.099999 0.100000 5.100000
v -7.099999 4.000000 5.100001
v -7.199999 0.100000 5.100000
v -7.199999 4.000000 5.100001
v 7.100000 0.100000 5.300000
v 7.100000 4.000000 5.300000
v 7.000000 0.100000 5.300000
v 7.000000 4.000000 5.300000
v 5.900001 4.000000 5.300000
v 5.900001 4.800000 5.300000
v 5.800001 4.000000 5.300000
v 5.800001 4.800000 5.300000
v -5.800000 4.000000 5.300001
v -5.800000 4.800000 5.300001
v -5.900000 4.000000 5.300001
v -5.900000 4.800000 5.300001
v -7.000000 0.100000 5.300001
v -7.000000 4.000000 5.300001
v -7.099999 0.100000 5.300001
v -7.099999 4.000000 5.300001
v 7.000000 0.100000 5.400000
v 7.000000 4.000000 5.400000
v 6.900001 0.100000 5.400000
v 6.900001 4.000000 5.400000
v 5.800001 4.000000 5.400000
v 5.800001 4.800000 5.400000
v 5.700000 4.000000 5.400000
v 5.700000 4.800000 5.400000
v -5.699999 4.000000 5.400001
v -5.699999 4.800000 5.400001
v -5.800000 4.000000 5.400001
v -5.800000 4.800000 5.400001
v -6.900000 0.100000 5.400001
v -6.900000 4.000000 5.400001
v -7.000000 0.100000 5.400001
v -7.000000 4.000000 5.400001
v 6.900001 0.100000 5.500000
v 6.900001 4.000000 5.500000
v 6.800001 0.100000 5.500000
v 6.800001 4.000000 5.500000
v 5.700000 4.000000 5.500000
v 5.700000 4.800000 5.500000
v 5.600000 4.000000 5.500000
v 5.600000 4.800000 5.500000
v -5.599999 4.000000 5.500001
v -5.599999 4.800000 5.500001
v -5.699999 4.000000 5.500001
v -5.699999 4.800000 5.500001
v -6.800000 0.100000 5.500000
v -6.800000 4.000000 5.500001
v -6.900000 0.100000 5.500000
v -6.900000 4.000000 5.500001
v 6.800001 0.100000 5.599999
v 6.800001 4.000000 5.599999
v 6.700000 0.100000 5.599999
v 6.700000 4.000000 5.599999
v 5.600000 4.000000 5.600000
v 5.600000 4.800000 5.600000
v 5.500000 4.000000 5.600000
v 5.500000 4.800000 5.600000
v -5.500000 4.000000 5.600001
v -5.500000 4.800000 5.600001
v -5.599999 4.000000 5.600001
v -5.599999 4.800000 5.600001
v -6.699999 0.100000 5.600000
v -6.699999 4.000000 5.600001
v -6.800000 0.100000 5.600000
v -6.800000 4.000000 5.600001
v 5.500000 4.000000 5.700000
v 5.500000 4.800000 5.700000
v 5.400001 4.000000 5.700000
v 5.400001 4.800000 5.700000
v -5.400000 4.000000 5.700001
v -5.400000 4.800000 5.700001
v -5.500000 4.000000 5.700001
v -5.500000 4.800000 5.700001
v 6.700000 0.100000 5.800000
v 6.700000 1.399999 5.800000
v 6.700000 4.000000 5.800000
v 6.600000 0.100000 5.800000
v 6.600000 1.399999 5.800000
v 6.600000 4.000000 5.800000
v 5.400001 4.000000 5.800000
v 5.400001 4.800000 5.800000
v 5.300001 4.000000 5.800000
v 5.300001 4.800000 5.800000
v -5.300000 4.000000 5.800001
v -5.300000 4.800000 5.800001
v -5.400000 4.000000 5.800001
v -5.400000 4.800000 5.800001
v -6.599999 0.100000 5.800001
v -6.599999 1.399999 5.800001
v -6.599999 4.000000 5.800001
v -6.699999 0.100000 5.800001
v -6.699999 1.399999 5.800001
v -6.699999 4.000000 5.800001
v 6.600000 0.100000 5.900000
v 6.600000 1.399999 5.900000
v 6.600000 1.500000 5.900000
v 6.600000 4.000000 5.900000
v 6.500000 0.100000 5.900000
v 6.500000 1.500000 5.900000
v 6.500000 4.000000 5.900000
v 5.300001 4.000000 5.900000
v 5.300001 4.800000 5.900000
v 5.100000 4.000000 5.900000
v 5.100000 4.800000 5.900000
v -5.099999 4.000000 5.900001
v -5.099999 4.800000 5.900001
v -5.300000 4.000000 5.900001
v -5.300000 4.800000 5.900001
v -6.500000 0.100000 5.900001
v -6.500000 1.500000 5.900001
v -6.500000 4.000000 5.900001
v -6.599999 0.100000 5.900001
v -6.599999 1.399999 5.900001
v -6.599999 1.500000 5.900001
v -6.599999 4.000000 5.900001
v 6.500000 0.100000 6.000000
v 6.500000 1.500000 6.000000
v 6.500000 1.600000 6.000000
v 6.500000 4.000000 6.000000
v 6.400001 0.100000 6.000000
v 6.400001 1.600000 6.000000
v 6.400001 4.000000 6.000000
v 5.100000 4.000000 6.000000
v 5.100000 4.800000 6.000000
v 5.000000 4.000000 6.000000
v 5.000000 4.800000 6.000000
v -5.000000 4.000000 6.000001
v -5.000000 4.800000 6.000001
v -5.099999 4.000000 6.000001
v -5.099999 4.800000 6.000001
v -6.400000 0.100000 6.000000
v -6.400000 1.600000 6.000000
v -6.400000 4.000000 6.000001
v -6.500000 0.100000 6.000000
v -6.500000 1.500000 6.000000
v -6.500000 1.600000 6.000000
v -6.500000 4.000000 6.000001
v 6.400001 0.100000 6.099999
v 6.400001 1.600000 6.099999
v 6.400001 1.700000 6.099999
v 6.400001 4.000000 6.099999
v 6.300001 0.100000 6.099999
v 6.300001 1.700000 6.099999
v 6.300001 4.000000 6.099999
v 5.000000 4.000000 6.100000
v 5.000000 4.800000 6.100000
v 4.800001 4.000000 6.100000
v 4.800001 4.800000 6.100000
v -4.800000 4.000000 6.100001
v -4.800000 4.800000 6.100001
v -5.000000 4.000000 6.100001
v -5.000000 4.800000 6.100001
v -6.300000 0.100000 6.100000
v -6.300000 1.700000 6.100000
v -6.300000 4.000000 6.100001
v -6.400000 0.100000 6.100000
v -6.400000 1.600000 6.100000
v -6.400000 1.700000 6.100000
v -6.400000 4.000000 6.100001
v 6.300001 0.100000 6.199999
v 6.300001 1.700000 6.199999
v 6.300001 4.000000 6.199999
v 6.200000 0.100000 6.199999
v 6.200000 1.700000 6.199999
v 6.200000 4.000000 6.199999
v 4.800001 4.000000 6.200000
v 4.800001 4.800000 6.200000
v 4.700000 4.000000 6.200000
v 4.700000 4.800000 6.200000
v -4.699999 4.000000 6.200000
v -4.699999 4.800000 6.200001
v -4.800000 4.000000 6.200001
v -4.800000 4.800000 6.200001
v -6.199999 0.100000 6.200000
v -6.199999 1.700000 6.200000
v -6.199999 4.000000 6.200001
v -6.300000 0.100000 6.200000
v -6.300000 1.700000 6.200000
v -6.300000 4.000000 6.200001
v 6.200000 0.100000 6.300000
v 6.200000 1.700000 6.300000
v 6.200000 4.000000 6.300000
v 6.100000 0.100000 6.300000
v 6.100000 1.700000 6.300000
v 6.100000 4.000000 6.300000
v 4.700000 4.000000 6.300000
v 4.700000 4.800000 6.300000
v 4.500000 4.000000 6.300000
v 4.500000 4.800000 6.300000
v -4.500000 4.000000 6.300001
v -4.500000 4.800000 6.300001
v -4.699999 4.000000 6.300001
v -4.699999 4.800000 6.300001
v -6.099999 0.100000 6.300001
v -6.099999 1.700000 6.300001
v -6.099999 4.000000 6.300001
v -6.199999 0.100000 6.300001
v -6.199999 1.700000 6.300001
v -6.199999 4.000000 6.300001
v 6.100000 0.100000 6.400000
v 6.100000 1.600000 6.400000
v 6.100000 1.700000 6.400000
v 6.100000 4.000000 6.400000
v 6.000000 0.100000 6.400000
v 6.000000 1.600000 6.400000
v 6.000000 4.000000 6.400000
v 4.500000 4.000000 6.400000
v 4.500000 4.800000 6.400000
v 4.300001 4.000000 6.400000
v 4.300001 4.800000 6.400000
v -4.300000 4.000000 6.400001
v -4.300000 4.800000 6.400001
v -4.500000 4.000000 6.400001
v -4.500000 4.800000 6.400001
v -6.000000 0.100000 6.400001
v -6.000000 1.600000 6.400001
v -6.000000 4.000000 6.400001
v -6.099999 0.100000 6.400001
v -6.099999 1.600000 6.400001
v -6.099999 1.700000 6.400001
v -6.099999 4.000000 6.400001
v 6.000000 0.100000 6.500000
v 6.000000 1.500000 6.500000
v 6.000000 1.600000 6.500000
v 6.000000 4.000000 6.500000
v 5.900001 0.100000 6.500000
v 5.900001 1.500000 6.500000
v 5.900001 4.000000 6.500000
v 4.300001 4.000000 6.500000
v 4.300001 4.800000 6.500000
v 4.200000 4.000000 6.500000
v 4.200000 4.800000 6.500000
v -4.199999 4.000000 6.500000
v -4.199999 4.800000 6.500001
v -4.300000 4.000000 6.500000
v -4.300000 4.800000 6.500001
v -5.900000 0.100000 6.500000
v -5.900000 1.500000 6.500000
v -5.900000 4.000000 6.500001
v -6.000000 0.100000 6.500000
v -6.000000 1.500000 6.500000
v -6.000000 1.600000 6.500000
v -6.000000 4.000000 6.500001
v 5.900001 0.100000 6.599999
v 5.900001 1.399999 6.599999
v 5.900001 1.500000 6.599999
v 5.900001 4.000000 6.600000
v 5.800001 0.100000 6.599999
v 5.800001 1.399999 6.599999
v 5.800001 4.000000 6.600000
v 4.200000 4.000000 6.600000
v 4.200000 4.800000 6.600000
v 4.000000 4.000000 6.600000
v 4.000000 4.800000 6.600000
v -4.000000 4.000000 6.600000
v -4.000000 4.800000 6.600000
v -4.199999 4.000000 6.600000
v -4.199999 4.800000 6.600001
v -5.800000 0.100000 6.600000
v -5.800000 1.399999 6.600000
v -5.800000 4.000000 6.600001
v -5.900000 0.100000 6.600000
v -5.900000 1.399999 6.600000
v -5.900000 1.500000 6.600000
v -5.900000 4.000000 6.600001
v 5.800001 0.099999 6.699999
v 5.800001 1.399999 6.699999
v 5.800001 4.000000 6.700000
v 5.600000 0.099999 6.699999
v 5.600000 4.000000 6.700000
v 4.000000 4.000000 6.700000
v 4.000000 4.800000 6.700000
v 3.800000 4.000000 6.700000
v 3.800000 4.800000 6.700000
v -3.799999 4.000000 6.700000
v -3.799999 4.800000 6.700000
v -4.000000 4.000000 6.700000
v -4.000000 4.800000 6.700000
v -5.599999 0.099999 6.700000
v -5.599999 4.000000 6.700001
v -5.800000 0.099999 6.700000
v -5.800000 1.399999 6.700000
v -5.800000 4.000000 6.700001
v 5.600000 0.099999 6.800000
v 5.600000 4.000000 6.800000
v 5.500000 0.099999 6.800000
v 5.500000 4.000000 6.800000
v 3.800000 4.000000 6.800000
v 3.800000 4.800000 6.800000
v 3.600000 4.000000 6.800000
v 3.600000 4.800000 6.800000
v -3.599999 4.000000 6.800001
v -3.599999 4.800000 6.800001
v -3.799999 4.000000 6.800001
v -3.799999 4.800000 6.800001
v -5.500000 0.099999 6.800001
v -5.500000 4.000000 6.800001
v -5.599999 0.099999 6.800001
v -5.599999 4.000000 6.800001
v 5.500000 0.099999 6.900000
v 5.500000 4.000000 6.900000
v 5.400001 0.099999 6.900000
v 5.400001 4.000000 6.900000
v 3.600001 4.000000 6.900000
v 3.600001 4.800000 6.900000
v 3.300001 4.000000 6.900000
v 3.300001 4.800000 6.900000
v -3.299999 4.000000 6.900001
v -3.299999 4.800000 6.900001
v -3.599999 4.000000 6.900001
v -3.599999 4.800000 6.900001
v -5.400000 0.099999 6.900001
v -5.400000 4.000000 6.900001
v -5.500000 0.099999 6.900001
v -5.500000 4.000000 6.900001
v 5.400001 0.099999 7.000000
v 5.400001 4.000000 7.000000
v 5.300001 0.099999 7.000000
v 5.300001 4.000000 7.000000
v 3.300001 4.000000 7.000000
v 3.300001 4.800000 7.000000
v 3.100001 4.000000 7.000000
v 3.100001 4.800000 7.000000
v -3.099999 4.000000 7.000000
v -3.099999 4.800000 7.000000
v -3.299999 4.000000 7.000000
v -3.299999 4.800000 7.000000
v -5.300000 0.099999 7.000000
v -5.300000 4.000000 7.000001
v -5.400000 0.099999 7.000000
v -5.400000 4.000000 7.000001
v 5.300001 0.099999 7.099999
v 5.300001 4.000000 7.100000
v 5.100000 0.099999 7.099999
v 5.100000 4.000000 7.100000
v 3.100001 4.000000 7.100000
v 3.100001 4.800000 7.100000
v 2.800001 4.000000 7.100000
v 2.800001 4.800000 7.100000
v -2.799999 4.000000 7.100000
v -2.799999 4.800000 7.100000
v -3.099999 4.000000 7.100000
v -3.099999 4.800000 7.100000
v -5.099999 0.099999 7.100000
v -5.099999 4.000000 7.100001
v -5.300000 0.099999 7.100000
v -5.300000 4.000000 7.100001
v 5.100000 0.099999 7.199999
v 5.100000 4.000000 7.200000
v 5.000000 0.099999 7.199999
v 5.000000 4.000000 7.200000
v 2.800001 4.000000 7.200000
v 2.800001 4.800000 7.200000
v 2.500001 4.000000 7.200000
v 2.500001 4.800000 7.200000
v -2.499999 4.000000 7.200000
v -2.499999 4.800000 7.200000
v -2.799999 4.000000 7.200000
v -2.799999 4.800000 7.200000
v -5.000000 0.099999 7.200000
v -5.000000 4.000000 7.200001
v -5.099999 0.099999 7.200000
v -5.099999 4.000000 7.200001
v 5.000000 0.099999 7.300000
v 5.000000 4.000000 7.300000
v 4.800001 0.099999 7.300000
v 4.800001 4.000000 7.300000
v 2.500001 4.000000 7.300000
v 2.500001 4.800000 7.300000
v 2.100001 4.000000 7.300000
v 2.100001 4.800000 7.300000
v -2.099999 4.000000 7.300001
v -2.099999 4.800000 7.300001
v -2.499999 4.000000 7.300001
v -2.499999 4.800000 7.300001
v -4.800000 0.099999 7.300001
v -4.800000 4.000000 7.300001
v -5.000000 0.099999 7.300001
v -5.000000 4.000000 7.300001
v 4.800001 0.099999 7.400000
v 4.800001 4.000000 7.400000
v 4.700000 0.099999 7.400000
v 4.700000 4.000000 7.400000
v 2.100001 4.000000 7.400000
v 2.100001 4.800000 7.400000
v 1.600001 4.000000 7.400000
v 1.600001 4.800000 7.400000
v -1.599999 4.000000 7.400001
v -1.599999 4.800000 7.400001
v -2.099999 4.000000 7.400001
v -2.099999 4.800000 7.400001
v -4.699999 0.099999 7.400001
v -4.699999 4.000000 7.400001
v -4.800000 0.099999 7.400001
v -4.800000 4.000000 7.400001
v 4.700000 0.099999 7.500000
v 4.700000 4.000000 7.500000
v 4.500000 0.099999 7.500000
v 4.500000 4.000000 7.500000
v 1.600001 4.000000 7.500000
v 1.600001 4.800000 7.500000
v 0.900001 4.000000 7.500000
v 0.900001 4.800000 7.500000
v -0.899999 4.000000 7.500000
v -0.899999 4.800000 7.500000
v -1.599999 4.000000 7.500000
v -1.599999 4.800000 7.500000
v -4.500000 0.099999 7.500000
v -4.500000 4.000000 7.500000
v -4.699999 0.099999 7.500000
v -4.699999 4.000000 7.500000
v 4.500000 0.099999 7.599999
v 4.500000 4.000000 7.600000
v 4.300001 0.099999 7.599999
v 4.300001 4.000000 7.600000
v 0.900001 4.000000 7.600000
v 0.900001 4.800000 7.600000
v -0.899999 4.000000 7.600000
v -0.899999 4.800000 7.600000
v -4.300000 0.099999 7.600000
v -4.300000 4.000000 7.600000
v -4.500000 0.099999 7.600000
v -4.500000 4.000000 7.600000
v 4.300001 0.099999 7.699999
v 4.300001 4.000000 7.700000
v 4.200000 0.099999 7.699999
v 4.200000 4.000000 7.700000
v -4.199999 0.099999 7.700000
v -4.199999 4.000000 7.700000
v -4.300000 0.099999 7.700000
v -4.300000 4.000000 7.700000
v 4.200000 0.099999 7.800000
v 4.200000 4.000000 7.800000
v 4.000000 0.099999 7.800000
v 4.000000 4.000000 7.800000
v -3.999999 0.099999 7.800001
v -3.999999 4.000000 7.800001
v -4.199999 0.099999 7.800001
v -4.199999 4.000000 7.800001
v 4.000000 0.099999 7.900000
v 4.000000 3.999999 7.900000
v 3.800001 0.099999 7.900000
v 3.800001 3.999999 7.900000
v -3.799999 0.099999 7.900001
v -3.799999 3.999999 7.900001
v -3.999999 0.099999 7.900001
v -3.999999 3.999999 7.900001
v 3.800001 0.099999 8.000000
v 3.800001 3.999999 8.000000
v 3.600001 0.099999 8.000000
v 3.600001 3.999999 8.000000
v -3.599999 0.099999 8.000000
v -3.599999 3.999999 8.000001
v -3.799999 0.099999 8.000000
v -3.799999 3.999999 8.000001
v 3.600001 0.099999 8.100000
v 3.600001 3.999999 8.100000
v 3.300001 0.099999 8.100000
v 3.300001 3.999999 8.100000
v -3.299999 0.099999 8.100000
v -3.299999 3.999999 8.100001
v -3.599999 0.099999 8.100000
v -3.599999 3.999999 8.100001
v 3.300001 0.099999 8.200000
v 3.300001 3.999999 8.200000
v 3.100001 0.099999 8.200000
v 3.100001 3.999999 8.200000
v -3.099999 0.099999 8.200000
v -3.099999 3.999999 8.200001
v -3.299999 0.099999 8.200000
v -3.299999 3.999999 8.200001
v 3.100001 0.099999 8.300000
v 3.100001 3.999999 8.300000
v 2.800001 0.099999 8.300000
v 2.800001 3.999999 8.300000
v -2.799999 0.099999 8.300000
v -2.799999 3.999999 8.300001
v -3.099999 0.099999 8.300000
v -3.099999 3.999999 8.300001
v 2.800001 0.099999 8.400000
v 2.800001 3.999999 8.400000
v 2.500001 0.099999 8.400000
v 2.500001 3.999999 8.400000
v -2.499999 0.099999 8.400000
v -2.499999 3.999999 8.400001
v -2.799999 0.099999 8.400000
v -2.799999 3.999999 8.400001
v 2.500001 0.099999 8.500000
v 2.500001 3.999999 8.500000
v 2.100001 0.099999 8.500000
v 2.100001 3.999999 8.500000
v -2.099999 0.099999 8.500000
v -2.099999 3.999999 8.500001
v -2.499999 0.099999 8.500000
v -2.499999 3.999999 8.500001
v 2.100001 0.099999 8.600000
v 2.100001 3.999999 8.600000
v 1.600001 0.099999 8.600000
v 1.600001 3.999999 8.600000
v -1.599999 0.099999 8.600000
v -1.599999 3.999999 8.600000
v -2.099999 0.099999 8.600000
v -2.099999 3.999999 8.600001
v 1.600001 0.099999 8.700000
v 1.600001 3.999999 8.700000
v 0.900001 0.099999 8.700000
v 0.900001 3.999999 8.700000
v -0.899999 0.099999 8.700000
v -0.899999 3.999999 8.700000
v -1.599999 0.099999 8.700000
v -1.599999 3.999999 8.700000
v 0.900001 0.099999 8.800000
v 0.900001 3.999999 8.800000
v 0.600001 0.099999 8.800000
v 0.600001 1.399999 8.800000
v 0.500001 1.399999 8.800000
v 0.500001 1.499999 8.800000
v 0.400001 1.499999 8.800000
v 0.400001 1.599999 8.800000
v 0.300001 1.599999 8.800000
v 0.300001 1.699999 8.800000
v -0.299999 1.599999 8.800000
v -0.299999 1.699999 8.800000
v -0.399999 1.499999 8.800000
v -0.399999 1.599999 8.800000
v -0.499999 1.399999 8.800000
v -0.499999 1.499999 8.800000
v -0.599999 0.099999 8.800000
v -0.599999 1.399999 8.800000
v -0.899999 0.099999 8.800000
v -0.899999 3.999999 8.800000
v 0.899999 0.100001 -8.800000
v 0.899999 4.000000 -8.800000
v 0.599999 0.100001 -8.800000
v 0.599999 1.400001 -8.800000
v 0.499999 1.400001 -8.800000
v 0.499999 1.500001 -8.800000
v 0.399999 1.500001 -8.800000
v 0.399999 1.600001 -8.800000
v 0.299999 1.600001 -8.800000
v 0.299999 1.700001 -8.800000
v -0.300001 1.600001 -8.800000
v -0.300001 1.700001 -8.800000
v -0.400001 1.500001 -8.800000
v -0.400001 1.600001 -8.800000
v -0.500001 1.400001 -8.800000
v -0.500001 1.500001 -8.800000
v -0.600001 0.100001 -8.800000
v -0.600001 1.400001 -8.800000
v -0.900001 0.100001 -8.800000
v -0.900001 4.000000 -8.800000
v 1.599999 0.100001 -8.700000
v 1.599999 4.000000 -8.700000
v 0.899999 0.100001 -8.700000
v 0.899999 4.000000 -8.700000
v -0.900001 0.100001 -8.700000
v -0.900001 4.000000 -8.700000
v -1.600001 0.100001 -8.700000
v -1.600001 4.000000 -8.700000
v 2.099999 0.100001 -8.600000
v 2.099999 4.000000 -8.600000
v 1.599999 0.100001 -8.600000
v 1.599999 4.000000 -8.600000
v -1.600001 0.100001 -8.600000
v -1.600001 4.000000 -8.600000
v -2.100001 0.100001 -8.600000
v -2.100001 4.000000 -8.599999
v 2.499999 0.100001 -8.500000
v 2.499999 4.000000 -8.500000
v 2.099999 0.100001 -8.500000
v 2.099999 4.000000 -8.500000
v -2.100001 0.100001 -8.500000
v -2.100001 4.000000 -8.499999
v -2.500001 0.100001 -8.500000
v -2.500001 4.000000 -8.499999
v 2.799999 0.100001 -8.400000
v 2.799999 4.000000 -8.400000
v 2.499999 0.100001 -8.400000
v 2.499999 4.000000 -8.400000
v -2.500001 0.100001 -8.400000
v -2.500001 4.000000 -8.399999
v -2.800001 0.100001 -8.400000
v -2.800001 4.000000 -8.399999
v 3.099999 0.100001 -8.300000
v 3.099999 4.000000 -8.300000
v 2.799999 0.100001 -8.300000
v 2.799999 4.000000 -8.300000
v -2.800001 0.100001 -8.300000
v -2.800001 4.000000 -8.299999
v -3.100001 0.100001 -8.300000
v -3.100001 4.000000 -8.299999
v 3.299999 0.100001 -8.200000
v 3.299999 4.000000 -8.200000
v 3.099999 0.100001 -8.200000
v 3.099999 4.000000 -8.200000
v -3.100001 0.100001 -8.200000
v -3.100001 4.000000 -8.199999
v -3.300001 0.100001 -8.200000
v -3.300001 4.000000 -8.199999
v 3.599999 0.100001 -8.100000
v 3.599999 4.000000 -8.100000
v 3.299999 0.100001 -8.100000
v 3.299999 4.000000 -8.100000
v -3.300001 0.100001 -8.100000
v -3.300001 4.000000 -8.099999
v -3.600001 0.100001 -8.100000
v -3.600001 4.000000 -8.099999
v 3.799999 0.100001 -8.000000
v 3.799999 4.000000 -8.000000
v 3.599999 0.100001 -8.000000
v 3.599999 4.000000 -8.000000
v -3.600001 0.100001 -8.000000
v -3.600001 4.000000 -8.000000
v -3.800001 0.100001 -8.000000
v -3.800001 4.000000 -8.000000
v 3.999999 0.100001 -7.900001
v 3.999999 4.000000 -7.900000
v 3.799999 0.100001 -7.900001
v 3.799999 4.000000 -7.900000
v -3.800001 0.100001 -7.900000
v -3.800001 4.000000 -7.900000
v -4.000000 0.100001 -7.900000
v -4.000000 4.000000 -7.900000
v 4.199999 0.100001 -7.800001
v 4.199999 4.000000 -7.800000
v 3.999999 0.100001 -7.800001
v 3.999999 4.000000 -7.800000
v -4.000000 0.100001 -7.800000
v -4.000000 4.000000 -7.800000
v -4.200000 0.100001 -7.800000
v -4.200000 4.000000 -7.800000
v 4.300000 0.100001 -7.700000
v 4.300000 4.000000 -7.700000
v 4.199999 0.100001 -7.700000
v 4.199999 4.000000 -7.700000
v -4.200000 0.100001 -7.699999
v -4.200000 4.000000 -7.699999
v -4.300001 0.100001 -7.699999
v -4.300001 4.000000 -7.699999
v 4.500000 0.100001 -7.600000
v 4.500000 4.000000 -7.600000
v 4.300000 0.100001 -7.600000
v 4.300000 4.000000 -7.600000
v 0.899999 4.000000 -7.600000
v 0.899999 4.800001 -7.599999
v -0.900001 4.000000 -7.599999
v -0.900001 4.800001 -7.599999
v -4.300001 0.100001 -7.599999
v -4.300001 4.000000 -7.599999
v -4.500000 0.100001 -7.599999
v -4.500000 4.000000 -7.599999
v 4.699999 0.100001 -7.500000
v 4.699999 4.000000 -7.500000
v 4.500000 0.100001 -7.500000
v 4.500000 4.000000 -7.500000
v 1.599999 4.000000 -7.500000
v 1.599999 4.800001 -7.500000
v 0.899999 4.000000 -7.500000
v 0.899999 4.800001 -7.500000
v -0.900001 4.000000 -7.500000
v -0.900001 4.800001 -7.500000
v -1.600001 4.000000 -7.500000
v -1.600001 4.800001 -7.500000
v -4.500000 0.100001 -7.500000
v -4.500000 4.000000 -7.500000
v -4.700000 0.100001 -7.500000
v -4.700000 4.000000 -7.500000
v 4.800000 0.100001 -7.400001
v 4.800000 4.000000 -7.400000
v 4.699999 0.100001 -7.400001
v 4.699999 4.000000 -7.400000
v 2.099999 4.000000 -7.400000
v 2.099999 4.800001 -7.400000
v 1.599999 4.000000 -7.400000
v 1.599999 4.800001 -7.400000
v -1.600001 4.000000 -7.400000
v -1.600001 4.800001 -7.400000
v -2.100001 4.000000 -7.400000
v -2.100001 4.800001 -7.400000
v -4.700000 0.100001 -7.400000
v -4.700000 4.000000 -7.400000
v -4.800001 0.100001 -7.400000
v -4.800001 4.000000 -7.399999
v 5.000000 0.100001 -7.300001
v 5.000000 4.000000 -7.300000
v 4.800000 0.100001 -7.300001
v 4.800000 4.000000 -7.300000
v 2.499999 4.000000 -7.300000
v 2.499999 4.800001 -7.300000
v 2.099999 4.000000 -7.300000
v 2.099999 4.800001 -7.300000
v -2.100001 4.000000 -7.300000
v -2.100001 4.800001 -7.300000
v -2.500001 4.000000 -7.300000
v -2.500001 4.800001 -7.300000
v -4.800001 0.100001 -7.300000
v -4.800001 4.000000 -7.299999
v -5.000000 0.100001 -7.300000
v -5.000000 4.000000 -7.299999
v 5.099999 0.100001 -7.200000
v 5.099999 4.000000 -7.200000
v 5.000000 0.100001 -7.200000
v 5.000000 4.000000 -7.200000
v 2.799999 4.000000 -7.200000
v 2.799999 4.800001 -7.200000
v 2.499999 4.000000 -7.200000
v 2.499999 4.800001 -7.200000
v -2.500001 4.000000 -7.199999
v -2.500001 4.800001 -7.199999
v -2.800001 4.000000 -7.199999
v -2.800001 4.800001 -7.199999
v -5.000000 0.100001 -7.199999
v -5.000000 4.000000 -7.199999
v -5.100000 0.100001 -7.199999
v -5.100000 4.000000 -7.199999
v 5.300000 0.100001 -7.100000
v 5.300000 4.000000 -7.100000
v 5.099999 0.100001 -7.100000
v 5.099999 4.000000 -7.100000
v 3.099999 4.000000 -7.100000
v 3.099999 4.800001 -7.100000
v 2.799999 4.000000 -7.100000
v 2.799999 4.800001 -7.100000
v -2.800001 4.000000 -7.099999
v -2.800001 4.800001 -7.099999
v -3.100001 4.000000 -7.099999
v -3.100001 4.800001 -7.099999
v -5.100000 0.100001 -7.099999
v -5.100000 4.000000 -7.099999
v -5.300001 0.100001 -7.099999
v -5.300001 4.000000 -7.099999
v 5.400000 0.100001 -7.000000
v 5.400000 4.000000 -7.000000
v 5.300000 0.100001 -7.000000
v 5.300000 4.000000 -7.000000
v 3.299999 4.000000 -7.000000
v 3.299999 4.800001 -7.000000
v 3.099999 4.000000 -7.000000
v 3.099999 4.800001 -7.000000
v -3.100001 4.000000 -7.000000
v -3.100001 4.800001 -7.000000
v -3.300001 4.000000 -7.000000
v -3.300001 4.800001 -7.000000
v -5.300001 0.100001 -7.000000
v -5.300001 4.000000 -6.999999
v -5.400001 0.100001 -7.000000
v -5.400001 4.000000 -6.999999
v 5.500000 0.100001 -6.900001
v 5.500000 4.000000 -6.900000
v 5.400000 0.100001 -6.900001
v 5.400000 4.000000 -6.900000
v 3.599999 4.000000 -6.900000
v 3.599999 4.800001 -6.900000
v 3.299999 4.000000 -6.900000
v 3.299999 4.800001 -6.900000
v -3.300001 4.000000 -6.900000
v -3.300001 4.800001 -6.900000
v -3.600001 4.000000 -6.900000
v -3.600001 4.800001 -6.900000
v -5.400001 0.100001 -6.900000
v -5.400001 4.000000 -6.899999
v -5.500000 0.100001 -6.900000
v -5.500000 4.000000 -6.899999
v 5.599999 0.100001 -6.800001
v 5.599999 4.000000 -6.800000
v 5.500000 0.100001 -6.800001
v 5.500000 4.000000 -6.800000
v 3.799999 4.000000 -6.800000
v 3.799999 4.800001 -6.800000
v 3.599999 4.000000 -6.800000
v 3.599999 4.800001 -6.800000
v -3.600000 4.000000 -6.800000
v -3.600000 4.800001 -6.800000
v -3.800000 4.000000 -6.800000
v -3.800000 4.800001 -6.800000
v -5.500000 0.100001 -6.800000
v -5.500000 4.000000 -6.799999
v -5.600000 0.100001 -6.800000
v -5.600000 4.000000 -6.799999
v 5.800000 0.100001 -6.700000
v 5.800000 1.400000 -6.700000
v 5.800000 4.000000 -6.700000
v 5.599999 0.100001 -6.700000
v 5.599999 4.000000 -6.700000
v 4.000000 4.000000 -6.700000
v 4.000000 4.800001 -6.700000
v 3.799999 4.000000 -6.700000
v 3.799999 4.800001 -6.700000
v -3.800000 4.000000 -6.699999
v -3.800000 4.800001 -6.699999
v -4.000000 4.000000 -6.699999
v -4.000000 4.800001 -6.699999
v -5.600000 0.100001 -6.699999
v -5.600000 4.000000 -6.699999
v -5.800001 0.100001 -6.699999
v -5.800001 1.400000 -6.699999
v -5.800001 4.000000 -6.699999
v 5.900000 0.100001 -6.600000
v 5.900000 1.400000 -6.600000
v 5.900000 1.500000 -6.600000
v 5.900000 4.000000 -6.600000
v 5.800000 0.100001 -6.600000
v 5.800000 1.400000 -6.600000
v 5.800000 4.000000 -6.600000
v 4.199999 4.000000 -6.600000
v 4.199999 4.800001 -6.600000
v 4.000000 4.000000 -6.600000
v 4.000000 4.800001 -6.600000
v -4.000000 4.000000 -6.599999
v -4.000000 4.800001 -6.599999
v -4.200000 4.000000 -6.599999
v -4.200000 4.800001 -6.599999
v -5.800001 0.100001 -6.599999
v -5.800001 1.400000 -6.599999
v -5.800001 4.000000 -6.599999
v -5.900001 0.100001 -6.599999
v -5.900001 1.400000 -6.599999
v -5.900001 1.500000 -6.599999
v -5.900001 4.000000 -6.599999
v 6.000000 0.100000 -6.500000
v 6.000000 1.500000 -6.500000
v 6.000000 1.600001 -6.500000
v 6.000000 4.000000 -6.500000
v 5.900000 0.100000 -6.500000
v 5.900000 1.500000 -6.500000
v 5.900000 4.000000 -6.500000
v 4.300000 4.000000 -6.500000
v 4.300000 4.800001 -6.500000
v 4.199999 4.000000 -6.500000
v 4.199999 4.800001 -6.500000
v -4.200000 4.000000 -6.500000
v -4.200000 4.800001 -6.499999
v -4.300001 4.000000 -6.500000
v -4.300001 4.800001 -6.499999
v -5.900001 0.100000 -6.500000
v -5.900001 1.500000 -6.500000
v -5.900001 4.000000 -6.499999
v -6.000000 0.100000 -6.500000
v -6.000000 1.500000 -6.500000
v -6.000000 1.600001 -6.500000
v -6.000000 4.000000 -6.499999
v 6.099999 0.100000 -6.400001
v 6.099999 1.600001 -6.400001
v 6.099999 1.700001 -6.400001
v 6.099999 4.000000 -6.400000
v 6.000000 0.100000 -6.400001
v 6.000000 1.600001 -6.400001
v 6.000000 4.000000 -6.400000
v 4.500000 4.000000 -6.400000
v 4.500000 4.800001 -6.400000
v 4.300000 4.000000 -6.400000
v 4.300000 4.800001 -6.400000
v -4.300001 4.000000 -6.400000
v -4.300001 4.800001 -6.399999
v -4.500000 4.000000 -6.400000
v -4.500000 4.800001 -6.399999
v -6.000000 0.100000 -6.400000
v -6.000000 1.600001 -6.400000
v -6.000000 4.000000 -6.399999
v -6.100000 0.100000 -6.400000
v -6.100000 1.600001 -6.400000
v -6.100000 1.700001 -6.400000
v -6.100000 4.000000 -6.399999
v 6.199999 0.100000 -6.300001
v 6.199999 1.700001 -6.300001
v 6.199999 4.000000 -6.300001
v 6.099999 0.100000 -6.300001
v 6.099999 1.700001 -6.300001
v 6.099999 4.000000 -6.300000
v 4.699999 4.000000 -6.300000
v 4.699999 4.800001 -6.300000
v 4.500000 4.000000 -6.300000
v 4.500000 4.800001 -6.300000
v -4.500000 4.000000 -6.300000
v -4.500000 4.800001 -6.299999
v -4.700000 4.000000 -6.300000
v -4.700000 4.800001 -6.299999
v -6.100000 0.100000 -6.300000
v -6.100000 1.700001 -6.300000
v -6.100000 4.000000 -6.299999
v -6.200000 0.100000 -6.300000
v -6.200000 1.700001 -6.300000
v -6.200000 4.000000 -6.299999
v 6.300000 0.100000 -6.200000
v 6.300000 1.700001 -6.200000
v 6.300000 4.000000 -6.200000
v 6.199999 0.100000 -6.200000
v 6.199999 1.700001 -6.200000
v 6.199999 4.000000 -6.200000
v 4.800000 4.000000 -6.200000
v 4.800000 4.800001 -6.200000
v 4.699999 4.000000 -6.200000
v 4.699999 4.800001 -6.200000
v -4.700000 4.000000 -6.199999
v -4.700000 4.800001 -6.199999
v -4.800001 4.000000 -6.199999
v -4.800001 4.800001 -6.199999
v -6.200000 0.100000 -6.199999
v -6.200000 1.700001 -6.199999
v -6.200000 4.000000 -6.199999
v -6.300001 0.100000 -6.199999
v -6.300001 1.700001 -6.199999
v -6.300001 4.000000 -6.199999
v 6.400000 0.100000 -6.100000
v 6.400000 1.600001 -6.100000
v 6.400000 1.700001 -6.100000
v 6.400000 4.000000 -6.100000
v 6.300000 0.100000 -6.100000
v 6.300000 1.700001 -6.100000
v 6.300000 4.000000 -6.100000
v 5.000000 4.000000 -6.100000
v 5.000000 4.800001 -6.100000
v 4.800000 4.000000 -6.100000
v 4.800000 4.800001 -6.100000
v -4.800001 4.000000 -6.099999
v -4.800001 4.800001 -6.099999
v -5.000000 4.000000 -6.099999
v -5.000000 4.800001 -6.099999
v -6.300001 0.100000 -6.099999
v -6.300001 1.700001 -6.099999
v -6.300001 4.000000 -6.099999
v -6.400001 0.100000 -6.099999
v -6.400001 1.600001 -6.099999
v -6.400001 1.700001 -6.099999
v -6.400001 4.000000 -6.099999
v 6.500000 0.100000 -6.000000
v 6.500000 1.500000 -6.000000
v 6.500000 1.600001 -6.000000
v 6.500000 4.000000 -6.000000
v 6.400000 0.100000 -6.000000
v 6.400000 1.600001 -6.000000
v 6.400000 4.000000 -6.000000
v 5.099999 4.000000 -6.000000
v 5.099999 4.800001 -6.000000
v 5.000000 4.000000 -6.000000
v 5.000000 4.800001 -6.000000
v -5.000000 4.000000 -5.999999
v -5.000000 4.800001 -5.999999
v -5.100000 4.000000 -5.999999
v -5.100000 4.800001 -5.999999
v -6.400001 0.100000 -6.000000
v -6.400001 1.600001 -6.000000
v -6.400001 4.000000 -5.999999
v -6.500000 0.100000 -6.000000
v -6.500000 1.500000 -6.000000
v -6.500000 1.600001 -6.000000
v -6.500000 4.000000 -5.999999
v 6.599999 0.100000 -5.900001
v 6.599999 1.400000 -5.900001
v 6.599999 1.500000 -5.900001
v 6.599999 4.000000 -5.900001
v 6.500000 0.100000 -5.900001
v 6.500000 1.500000 -5.900001
v 6.500000 4.000000 -5.900001
v 5.300000 4.000000 -5.900000
v 5.300000 4.800001 -5.900000
v 5.099999 4.000000 -5.900000
v 5.099999 4.800001 -5.900000
v -5.100000 4.000000 -5.899999
v -5.100000 4.800001 -5.899999
v -5.300001 4.000000 -5.899999
v -5.300001 4.800001 -5.899999
v -6.500000 0.100000 -5.900000
v -6.500000 1.500000 -5.900000
v -6.500000 4.000000 -5.899999
v -6.600000 0.100000 -5.900000
v -6.600000 1.400000 -5.900000
v -6.600000 1.500000 -5.900000
v -6.600000 4.000000 -5.899999
v 6.699999 0.100000 -5.800001
v 6.699999 1.400000 -5.800001
v 6.699999 4.000000 -5.800001
v 6.599999 0.100000 -5.800001
v 6.599999 1.400000 -5.800001
v 6.599999 4.000000 -5.800001
v 5.400000 4.000000 -5.800000
v 5.400000 4.800001 -5.800000
v 5.300000 4.000000 -5.800000
v 5.300000 4.800001 -5.800000
v -5.300001 4.000000 -5.799999
v -5.300001 4.800001 -5.799999
v -5.400001 4.000000 -5.799999
v -5.400001 4.800001 -5.799999
v -6.600000 0.100000 -5.800000
v -6.600000 1.400000 -5.800000
v -6.600000 4.000000 -5.799999
v -6.700000 0.100000 -5.800000
v -6.700000 1.400000 -5.800000
v -6.700000 4.000000 -5.799999
v 5.500000 4.000000 -5.700000
v 5.500000 4.800001 -5.700000
v 5.400000 4.000000 -5.700000
v 5.400000 4.800001 -5.700000
v -5.400001 4.000000 -5.699999
v -5.400001 4.800001 -5.699999
v -5.500000 4.000000 -5.699999
v -5.500000 4.800001 -5.699999
v 6.800000 0.100000 -5.600000
v 6.800000 4.000000 -5.600000
v 6.699999 0.100000 -5.600000
v 6.699999 4.000000 -5.600000
v 5.599999 4.000000 -5.600000
v 5.599999 4.800001 -5.600000
v 5.500000 4.000000 -5.600000
v 5.500000 4.800001 -5.600000
v -5.500000 4.000000 -5.599999
v -5.500000 4.800001 -5.599999
v -5.600000 4.000000 -5.599999
v -5.600000 4.800001 -5.599999
v -6.700000 0.100000 -5.599999
v -6.700000 4.000000 -5.599999
v -6.800001 0.100000 -5.599999
v -6.800001 4.000000 -5.599999
v 6.900000 0.100000 -5.500000
v 6.900000 4.000000 -5.500000
v 6.800000 0.100000 -5.500000
v 6.800000 4.000000 -5.500000
v 5.699999 4.000000 -5.500000
v 5.699999 4.800001 -5.500000
v 5.599999 4.000000 -5.500000
v 5.599999 4.800001 -5.500000
v -5.600000 4.000000 -5.499999
v -5.600000 4.800001 -5.499999
v -5.700000 4.000000 -5.499999
v -5.700000 4.800001 -5.499999
v -6.800001 0.100000 -5.500000
v -6.800001 4.000000 -5.499999
v -6.900001 0.100000 -5.500000
v -6.900001 4.000000 -5.499999
v 7.000000 0.100000 -5.400001
v 7.000000 4.000000 -5.400001
v 6.900000 0.100000 -5.400001
v 6.900000 4.000000 -5.400001
v 5.800000 4.000000 -5.400000
v 5.800000 4.800001 -5.400000
v 5.699999 4.000000 -5.400000
v 5.699999 4.800001 -5.400000
v 0.400000 2.100000 -5.400000
v 0.400000 2.200001 -5.400000
v 0.300000 2.100000 -5.400000
v 0.300000 2.200001 -5.400000
v 0.200000 0.600000 -5.400000
v 0.200000 1.600000 -5.400000
v 0.200000 2.200001 -5.400000
v 0.200000 2.300000 -5.400000
v 0.100000 0.600000 -5.400000
v 0.100000 1.600000 -5.400000
v 0.100000 2.200001 -5.400000
v 0.100000 2.300000 -5.400000
v -0.100000 0.600000 -5.400000
v -0.100000 1.600000 -5.400000
v -0.100000 2.200001 -5.400000
v -0.100000 2.300000 -5.400000
v -0.200000 0.600000 -5.400000
v -0.200000 1.600000 -5.400000
v -0.200000 2.200001 -5.400000
v -0.200000 2.300000 -5.400000
v -0.300000 2.100000 -5.400000
v -0.300000 2.200001 -5.400000
v -0.400000 2.100000 -5.400000
v -0.400000 2.200001 -5.400000
v -5.700000 4.000000 -5.399999
v -5.700000 4.800001 -5.399999
v -5.800001 4.000000 -5.399999
v -5.800001 4.800001 -5.399999
v -6.900001 0.100000 -5.400000
v -6.900001 4.000000 -5.399999
v -7.000000 0.100000 -5.400000
v -7.000000 4.000000 -5.399999
v 7.099999 0.100000 -5.300001
v 7.099999 4.000000 -5.300001
v 7.000000 0.100000 -5.300001
v 7.000000 4.000000 -5.300001
v 5.900000 4.000000 -5.300000
v 5.900000 4.800001 -5.300000
v 5.800000 4.000000 -5.300000
v 5.800000 4.800001 -5.300000
v 0.500000 0.100000 -5.300000
v 0.500000 0.200000 -5.300000
v 0.500000 2.000000 -5.300000
v 0.500000 2.100000 -5.300000
v 0.400000 0.100000 -5.300000
v 0.400000 0.200000 -5.300000
v 0.400000 0.300000 -5.300000
v 0.400000 1.900000 -5.300000
v 0.400000 2.000000 -5.300000
v 0.400000 2.100000 -5.300000
v 0.300000 0.200000 -5.300000
v 0.300000 0.300000 -5.300000
v 0.300000 0.400000 -5.300000
v 0.300000 1.800000 -5.300000
v 0.300000 1.900000 -5.300000
v 0.300000 2.000000 -5.300000
v 0.300000 2.100000 -5.300000
v 0.300000 2.200001 -5.300000
v 0.200000 0.300000 -5.300000
v 0.200000 0.400000 -5.300000
v 0.200000 0.600000 -5.300000
v 0.200000 1.600000 -5.300000
v 0.200000 1.800000 -5.300000
v 0.200000 1.900000 -5.300000
v 0.200000 2.100000 -5.300000
v 0.200000 2.200001 -5.300000
v 0.100000 0.600000 -5.300000
v 0.100000 1.600000 -5.300000
v 0.100000 2.200001 -5.300000
v 0.100000 2.300000 -5.300000
v -0.100000 0.600000 -5.300000
v -0.100000 1.600000 -5.300000
v -0.100000 2.200001 -5.300000
v -0.100000 2.300000 -5.300000
v -0.200000 0.300000 -5.300000
v -0.200000 0.400000 -5.300000
v -0.200000 0.600000 -5.300000
v -0.200000 1.600000 -5.300000
v -0.200000 1.800000 -5.300000
v -0.200000 1.900000 -5.300000
v -0.200000 2.100000 -5.300000
v -0.200000 2.200001 -5.300000
v -0.300000 0.200000 -5.300000
v -0.300000 0.300000 -5.300000
v -0.300000 0.400000 -5.300000
v -0.300000 1.800000 -5.300000
v -0.300000 1.900000 -5.300000
v -0.300000 2.000000 -5.300000
v -0.300000 2.100000 -5.300000
v -0.300000 2.200001 -5.300000
v -0.400000 0.100000 -5.300000
v -0.400000 0.200000 -5.300000
v -0.400000 0.300000 -5.300000
v -0.400000 1.900000 -5.300000
v -0.400000 2.000000 -5.300000
v -0.400000 2.100000 -5.300000
v -0.500000 0.100000 -5.300000
v -0.500000 0.200000 -5.300000
v -0.500000 2.000000 -5.300000
v -0.500000 2.100000 -5.300000
v -5.800001 4.000000 -5.299999
v -5.800001 4.800001 -5.299999
v -5.900001 4.000000 -5.299999
v -5.900001 4.800001 -5.299999
v -7.000000 0.100000 -5.300000
v -7.000000 4.000000 -5.299999
v -7.100000 0.100000 -5.300000
v -7.100000 4.000000 -5.299999
v 0.400000 0.100000 -5.200000
v 0.400000 0.200000 -5.200000
v 0.400000 2.000000 -5.200000
v 0.400000 2.100000 -5.200000
v 0.300000 0.100000 -5.200000
v 0.300000 0.200000 -5.200000
v 0.300000 0.300000 -5.200000
v 0.300000 1.900000 -5.200000
v 0.300000 2.000000 -5.200000
v 0.300000 2.100000 -5.200000
v 0.200000 0.200000 -5.200000
v 0.200000 0.300000 -5.200000
v 0.200000 0.400000 -5.200000
v 0.200000 1.800000 -5.200000
v 0.200000 1.900000 -5.200000
v 0.200000 2.000000 -5.200000
v 0.200000 2.100000 -5.200000
v 0.200000 2.200001 -5.200000
v 0.100000 2.100000 -5.200000
v 0.100000 2.200001 -5.200000
v -0.100000 2.100000 -5.200000
v -0.100000 2.200001 -5.200000
v -0.200000 0.200000 -5.200000
v -0.200000 0.300000 -5.200000
v -0.200000 0.400000 -5.200000
v -0.200000 1.800000 -5.200000
v -0.200000 1.900000 -5.200000
v -0.200000 2.000000 -5.200000
v -0.200000 2.100000 -5.200000
v -0.200000 2.200001 -5.200000
v -0.300000 0.100000 -5.200000
v -0.300000 0.200000 -5.200000
v -0.300000 0.300000 -5.200000
v -0.300000 1.900000 -5.200000
v -0.300000 2.000000 -5.200000
v -0.300000 2.100000 -5.200000
v -0.400000 0.100000 -5.200000
v -0.400000 0.200000 -5.200000
v -0.400000 2.000000 -5.200000
v -0.400000 2.100000 -5.200000
v 7.199999 0.100000 -5.100000
v 7.199999 4.000000 -5.100000
v 7.099999 0.100000 -5.100000
v 7.099999 4.000000 -5.100000
v 6.000000 4.000000 -5.100000
v 6.000000 4.800001 -5.100000
v 5.900000 4.000000 -5.100000
v 5.900000 4.800001 -5.100000
v 0.800000 0.000000 -5.100000
v 0.800000 0.100000 -5.100000
v 0.300000 0.100000 -5.100000
v 0.300000 0.200000 -5.100000
v 0.300000 2.000000 -5.100000
v 0.300000 2.100000 -5.100000
v 0.200000 0.000000 -5.100000
v 0.200000 0.100000 -5.100000
v 0.200000 0.200000 -5.100000
v 0.200000 0.300000 -5.100000
v 0.200000 1.900000 -5.100000
v 0.200000 2.000000 -5.100000
v 0.200000 2.100000 -5.100000
v 0.100000 2.100000 -5.100000
v 0.100000 2.200001 -5.100000
v -0.100000 2.100000 -5.100000
v -0.100000 2.200001 -5.100000
v -0.200000 0.000000 -5.100000
v -0.200000 0.100000 -5.100000
v -0.200000 0.200000 -5.100000
v -0.200000 0.300000 -5.100000
v -0.200000 1.900000 -5.100000
v -0.200000 2.000000 -5.100000
v -0.200000 2.100000 -5.100000
v -0.300000 0.100000 -5.100000
v -0.300000 0.200000 -5.100000
v -0.300000 2.000000 -5.100000
v -0.300000 2.100000 -5.100000
v -0.800000 0.000000 -5.100000
v -0.800000 0.100000 -5.100000
v -5.900001 4.000000 -5.099999
v -5.900001 4.800001 -5.099999
v -6.000000 4.000000 -5.099999
v -6.000000 4.800001 -5.099999
v -7.100000 0.100000 -5.099999
v -7.100000 4.000000 -5.099999
v -7.200000 0.100000 -5.099999
v -7.200000 4.000000 -5.099999
v 7.300000 0.100000 -5.000000
v 7.300000 4.000000 -5.000000
v 7.199999 0.100000 -5.000000
v 7.199999 4.000000 -5.000000
v 6.099999 4.000000 -5.000000
v 6.099999 4.800001 -5.000000
v 6.000000 4.000000 -5.000000
v 6.000000 4.800001 -5.000000
v 1.299999 0.000000 -5.000000
v 1.299999 0.100000 -5.000000
v 0.800000 0.000000 -5.000000
v 0.800000 0.100000 -5.000000
v 0.200000 0.000000 -5.000000
v 0.200000 0.100000 -5.000000
v 0.200000 0.200000 -5.000000
v 0.200000 2.000000 -5.000000
v 0.200000 2.100000 -5.000000
v -0.200000 0.000000 -5.000000
v -0.200000 0.100000 -5.000000
v -0.200000 0.200000 -5.000000
v -0.200000 2.000000 -5.000000
v -0.200000 2.100000 -5.000000
v -0.800000 0.000000 -5.000000
v -0.800000 0.100000 -5.000000
v -1.300000 0.000000 -5.000000
v -1.300000 0.100000 -5.000000
v -6.000000 4.000000 -4.999999
v -6.000000 4.800001 -4.999999
v -6.100000 4.000000 -4.999999
v -6.100000 4.800001 -4.999999
v -7.200000 0.100000 -5.000000
v -7.200000 4.000000 -4.999999
v -7.300001 0.100000 -5.000000
v -7.300001 4.000000 -4.999999
v 1.700000 0.000000 -4.900000
v 1.700000 0.100000 -4.900000
v 1.299999 0.000000 -4.900000
v 1.299999 0.100000 -4.900000
v -1.300000 0.000000 -4.900000
v -1.300000 0.100000 -4.900000
v -1.700001 0.000000 -4.900000
v -1.700001 0.100000 -4.900000
v 7.400000 0.100000 -4.800001
v 7.400000 4.000000 -4.800001
v 7.300000 0.100000 -4.800001
v 7.300000 4.000000 -4.800001
v 6.199999 4.000000 -4.800001
v 6.199999 4.800001 -4.800000
v 6.099999 4.000000 -4.800000
v 6.099999 4.800001 -4.800000
v 1.899999 0.000000 -4.800000
v 1.899999 0.100000 -4.800000
v 1.700000 0.000000 -4.800000
v 1.700000 0.100000 -4.800000
v -1.700001 0.000000 -4.800000
v -1.700001 0.100000 -4.800000
v -1.900000 0.000000 -4.800000
v -1.900000 0.100000 -4.800000
v -6.100000 4.000000 -4.799999
v -6.100000 4.800001 -4.799999
v -6.200000 4.000000 -4.799999
v -6.200000 4.800001 -4.799999
v -7.300001 0.100000 -4.800000
v -7.300001 4.000000 -4.799999
v -7.400001 0.100000 -4.800000
v -7.400001 4.000000 -4.799999
v 7.500000 0.100000 -4.700000
v 7.500000 4.000000 -4.700000
v 7.400000 0.100000 -4.700000
v 7.400000 4.000000 -4.700000
v 6.300000 4.000000 -4.700000
v 6.300000 4.800001 -4.700000
v 6.199999 4.000000 -4.700000
v 6.199999 4.800001 -4.700000
v 2.200000 0.000000 -4.700000
v 2.200000 0.100000 -4.700000
v 1.900000 0.000000 -4.700000
v 1.900000 0.100000 -4.700000
v -1.900000 0.000000 -4.700000
v -1.900000 0.100000 -4.700000
v -2.200001 0.000000 -4.700000
v -2.200001 0.100000 -4.700000
v -6.200000 4.000000 -4.699999
v -6.200000 4.800001 -4.699999
v -6.300001 4.000000 -4.699999
v -6.300001 4.800001 -4.699999
v -7.400001 0.100000 -4.699999
v -7.400001 4.000000 -4.699999
v -7.500000 0.100000 -4.699999
v -7.500000 4.000000 -4.699999
v 2.400000 0.000000 -4.600000
v 2.400000 0.100000 -4.600000
v 2.200000 0.000000 -4.600000
v 2.200000 0.100000 -4.600000
v -2.200001 0.000000 -4.600000
v -2.200001 0.100000 -4.600000
v -2.400001 0.000000 -4.600000
v -2.400001 0.100000 -4.600000
v 7.599999 0.100000 -4.500000
v 7.599999 4.000000 -4.500000
v 7.500000 0.100000 -4.500000
v 7.500000 4.000000 -4.500000
v 6.400000 4.000000 -4.500000
v 6.400000 4.800001 -4.500000
v 6.300000 4.000000 -4.500000
v 6.300000 4.800001 -4.500000
v 2.599999 0.000000 -4.500000
v 2.599999 0.100000 -4.500000
v 2.400000 0.000000 -4.500000
v 2.400000 0.100000 -4.500000
v -2.400001 0.000000 -4.500000
v -2.400001 0.100000 -4.500000
v -2.600000 0.000000 -4.500000
v -2.600000 0.100000 -4.500000
v -6.300001 4.000000 -4.499999
v -6.300001 4.800001 -4.499999
v -6.400001 4.000000 -4.499999
v -6.400001 4.800001 -4.499999
v -7.500000 0.100000 -4.500000
v -7.500000 4.000000 -4.499999
v -7.600000 0.100000 -4.500000
v -7.600000 4.000000 -4.499999
v 2.700000 0.000000 -4.400000
v 2.700000 0.100000 -4.400000
v 2.599999 0.000000 -4.400000
v 2.599999 0.100000 -4.400000
v -2.600000 0.000000 -4.400000
v -2.600000 0.100000 -4.400000
v -2.700001 0.000000 -4.400000
v -2.700001 0.100000 -4.400000
v 7.699999 0.100000 -4.300001
v 7.699999 4.000000 -4.300001
v 7.599999 0.100000 -4.300001
v 7.599999 4.000000 -4.300001
v 6.500000 4.000000 -4.300001
v 6.500000 4.800001 -4.300000
v 6.400000 4.000000 -4.300001
v 6.400000 4.800001 -4.300000
v 2.900000 0.000000 -4.300001
v 2.900000 0.100000 -4.300001
v 2.700000 0.000000 -4.300000
v 2.700000 0.100000 -4.300000
v -2.700001 0.000000 -4.300000
v -2.700001 0.100000 -4.300000
v -2.900001 0.000000 -4.300000
v -2.900001 0.100000 -4.300000
v -6.400001 4.000000 -4.299999
v -6.400001 4.800001 -4.299999
v -6.500000 4.000000 -4.299999
v -6.500000 4.800001 -4.299999
v -7.600000 0.100000 -4.300000
v -7.600000 4.000000 -4.299999
v -7.700000 0.100000 -4.300000
v -7.700000 4.000000 -4.299999
v 7.800000 0.100000 -4.200000
v 7.800000 4.000000 -4.200000
v 7.699999 0.100000 -4.200000
v 7.699999 4.000000 -4.200000
v 6.599999 4.000000 -4.200000
v 6.599999 4.800001 -4.200000
v 6.500000 4.000000 -4.200000
v 6.500000 4.800001 -4.200000
v 3.000000 0.000000 -4.200000
v 3.000000 0.100000 -4.200000
v 2.900000 0.000000 -4.200000
v 2.900000 0.100000 -4.200000
v -2.900001 0.000000 -4.199999
v -2.900001 0.100000 -4.199999
v -3.000000 0.000000 -4.199999
v -3.000000 0.100000 -4.199999
v -6.500000 4.000000 -4.199999
v -6.500000 4.800001 -4.199999
v -6.600000 4.000000 -4.199999
v -6.600000 4.800001 -4.199999
v -7.700000 0.100000 -4.199999
v -7.700000 4.000000 -4.199999
v -7.800001 0.100000 -4.199999
v -7.800001 4.000000 -4.199999
v 3.200000 0.000000 -4.100000
v 3.200000 0.100000 -4.100000
v 3.000000 0.000000 -4.100000
v 3.000000 0.100000 -4.100000
v -3.000000 0.000000 -4.099999
v -3.000000 0.100000 -4.099999
v -3.200001 0.000000 -4.099999
v -3.200001 0.100000 -4.099999
v 7.900000 0.100000 -4.000000
v 7.900000 4.000000 -4.000000
v 7.800000 0.100000 -4.000000
v 7.800000 4.000000 -4.000000
v 6.699999 4.000000 -4.000000
v 6.699999 4.800001 -4.000000
v 6.599999 4.000000 -4.000000
v 6.599999 4.800001 -4.000000
v 3.300000 0.000000 -4.000000
v 3.300000 0.100000 -4.000000
v 3.200000 0.000000 -4.000000
v 3.200000 0.100000 -4.000000
v -3.200000 0.000000 -4.000000
v -3.200000 0.100000 -4.000000
v -3.300000 0.000000 -4.000000
v -3.300000 0.100000 -4.000000
v -6.600000 4.000000 -3.999999
v -6.600000 4.800001 -3.999999
v -6.700000 4.000000 -3.999999
v -6.700000 4.800001 -3.999999
v -7.800001 0.100000 -3.999999
v -7.800001 4.000000 -3.999999
v -7.900001 0.100000 -3.999999
v -7.900001 4.000000 -3.999999
v 3.400000 0.000000 -3.900000
v 3.400000 0.100000 -3.900000
v 3.300000 0.000000 -3.900000
v 3.300000 0.100000 -3.900000
v -3.300000 0.000000 -3.900000
v -3.300000 0.100000 -3.900000
v -3.400000 0.000000 -3.900000
v -3.400000 0.100000 -3.900000
v 8.000000 0.100000 -3.800001
v 8.000000 4.000000 -3.800000
v 7.900000 0.100000 -3.800001
v 7.900000 4.000000 -3.800000
v 6.800000 4.000000 -3.800000
v 6.800000 4.800001 -3.800000
v 6.699999 4.000000 -3.800000
v 6.699999 4.800001 -3.800000
v 4.400000 2.100000 -3.800000
v 4.400000 2.200000 -3.800000
v 4.300000 2.100000 -3.800000
v 4.300000 2.200000 -3.800000
v 4.199999 0.600000 -3.800000
v 4.199999 1.600000 -3.800000
v 4.199999 2.200000 -3.800000
v 4.199999 2.300000 -3.800000
v 4.099999 0.600000 -3.800000
v 4.099999 1.600000 -3.800000
v 4.099999 2.200000 -3.800000
v 4.099999 2.300000 -3.800000
v 3.900000 0.600000 -3.800000
v 3.900000 1.600000 -3.800000
v 3.900000 2.200000 -3.800000
v 3.900000 2.300000 -3.800000
v 3.800000 0.600000 -3.800000
v 3.800000 1.600000 -3.800000
v 3.800000 2.200000 -3.800000
v 3.800000 2.300000 -3.800000
v 3.700000 2.100000 -3.800000
v 3.700000 2.200000 -3.800000
v 3.600000 2.100000 -3.800000
v 3.600000 2.200000 -3.800000
v 3.500000 0.000000 -3.800000
v 3.500000 0.100000 -3.800000
v 3.400000 0.000000 -3.800000
v 3.400000 0.100000 -3.800000
v -3.400000 0.000000 -3.800000
v -3.400000 0.100000 -3.800000
v -3.500000 0.000000 -3.800000
v -3.500000 0.100000 -3.800000
v -3.600000 2.100000 -3.799999
v -3.600000 2.200000 -3.799999
v -3.700000 2.100000 -3.799999
v -3.700000 2.200000 -3.799999
v -3.800000 0.600000 -3.799999
v -3.800000 1.600000 -3.799999
v -3.800000 2.200000 -3.799999
v -3.800000 2.300000 -3.799999
v -3.900000 0.600000 -3.799999
v -3.900000 1.600000 -3.799999
v -3.900000 2.200000 -3.799999
v -3.900000 2.300000 -3.799999
v -4.100000 0.600000 -3.799999
v -4.100000 1.600000 -3.799999
v -4.100000 2.200000 -3.799999
v -4.100000 2.300000 -3.799999
v -4.200000 0.600000 -3.799999
v -4.200000 1.600000 -3.799999
v -4.200000 2.200000 -3.799999
v -4.200000 2.300000 -3.799999
v -4.300001 2.100000 -3.799999
v -4.300001 2.200000 -3.799999
v -4.400001 2.100000 -3.799999
v -4.400001 2.200000 -3.799999
v -6.700000 4.000000 -3.799999
v -6.700000 4.800001 -3.799999
v -6.800001 4.000000 -3.799999
v -6.800001 4.800001 -3.799999
v -7.900001 0.100000 -3.799999
v -7.900001 4.000000 -3.799999
v -8.000000 0.100000 -3.799999
v -8.000000 4.000000 -3.799999
v 4.500000 0.100000 -3.700001
v 4.500000 0.200000 -3.700001
v 4.500000 2.000000 -3.700000
v 4.500000 2.100000 -3.700000
v 4.400000 0.100000 -3.700001
v 4.400000 0.200000 -3.700001
v 4.400000 0.300000 -3.700001
v 4.400000 1.900000 -3.700000
v 4.400000 2.000000 -3.700000
v 4.400000 2.100000 -3.700000
v 4.300000 0.200000 -3.700001
v 4.300000 0.300000 -3.700000
v 4.300000 0.400000 -3.700000
v 4.300000 1.800000 -3.700000
v 4.300000 1.900000 -3.700000
v 4.300000 2.000000 -3.700000
v 4.300000 2.100000 -3.700000
v 4.300000 2.200000 -3.700000
v 4.199999 0.300000 -3.700000
v 4.199999 0.400000 -3.700000
v 4.199999 0.600000 -3.700000
v 4.199999 1.600000 -3.700000
v 4.199999 1.800000 -3.700000
v 4.199999 1.900000 -3.700000
v 4.199999 2.100000 -3.700000
v 4.199999 2.200000 -3.700000
v 4.099999 0.600000 -3.700000
v 4.099999 1.600000 -3.700000
v 4.099999 2.200000 -3.700000
v 4.099999 2.300000 -3.700000
v 3.900000 0.600000 -3.700000
v 3.900000 1.600000 -3.700000
v 3.900000 2.200000 -3.700000
v 3.900000 2.300000 -3.700000
v 3.800000 0.300000 -3.700000
v 3.800000 0.400000 -3.700000
v 3.800000 0.600000 -3.700000
v 3.800000 1.600000 -3.700000
v 3.800000 1.800000 -3.700000
v 3.800000 1.900000 -3.700000
v 3.800000 2.100000 -3.700000
v 3.800000 2.200000 -3.700000
v 3.700000 0.200000 -3.700000
v 3.700000 0.300000 -3.700000
v 3.700000 0.400000 -3.700000
v 3.700000 1.800000 -3.700000
v 3.700000 1.900000 -3.700000
v 3.700000 2.000000 -3.700000
v 3.700000 2.100000 -3.700000
v 3.700000 2.200000 -3.700000
v 3.600000 0.000000 -3.700000
v 3.600000 0.100000 -3.700000
v 3.600000 0.200000 -3.700000
v 3.600000 0.300000 -3.700000
v 3.600000 1.900000 -3.700000
v 3.600000 2.000000 -3.700000
v 3.600000 2.100000 -3.700000
v 3.500000 0.000000 -3.700000
v 3.500000 0.100000 -3.700000
v 3.500000 0.200000 -3.700000
v 3.500000 2.000000 -3.700000
v 3.500000 2.100000 -3.700000
v -3.500000 0.000000 -3.700000
v -3.500000 0.100000 -3.700000
v -3.500000 0.200000 -3.700000
v -3.500000 2.000000 -3.700000
v -3.500000 2.100000 -3.700000
v -3.600000 0.000000 -3.700000
v -3.600000 0.100000 -3.700000
v -3.600000 0.200000 -3.700000
v -3.600000 0.300000 -3.700000
v -3.600000 1.900000 -3.700000
v -3.600000 2.000000 -3.700000
v -3.600000 2.100000 -3.700000
v -3.700000 0.200000 -3.700000
v -3.700000 0.300000 -3.700000
v -3.700000 0.400000 -3.700000
v -3.700000 1.800000 -3.700000
v -3.700000 1.900000 -3.700000
v -3.700000 2.000000 -3.700000
v -3.700000 2.100000 -3.700000
v -3.700000 2.200000 -3.700000
v -3.800000 0.300000 -3.700000
v -3.800000 0.400000 -3.700000
v -3.800000 0.600000 -3.700000
v -3.800000 1.600000 -3.700000
v -3.800000 1.800000 -3.700000
v -3.800000 1.900000 -3.700000
v -3.800000 2.100000 -3.700000
v -3.800000 2.200000 -3.700000
v -3.900000 0.600000 -3.700000
v -3.900000 1.600000 -3.700000
v -3.900000 2.200000 -3.700000
v -3.900000 2.300000 -3.700000
v -4.100000 0.600000 -3.700000
v -4.100000 1.600000 -3.700000
v -4.100000 2.200000 -3.700000
v -4.100000 2.300000 -3.700000
v -4.200000 0.300000 -3.700000
v -4.200000 0.400000 -3.700000
v -4.200000 0.600000 -3.700000
v -4.200000 1.600000 -3.700000
v -4.200000 1.800000 -3.700000
v -4.200000 1.900000 -3.700000
v -4.200000 2.100000 -3.700000
v -4.200000 2.200000 -3.700000
v -4.300001 0.200000 -3.700000
v -4.300001 0.300000 -3.700000
v -4.300001 0.400000 -3.700000
v -4.300001 1.800000 -3.700000
v -4.300001 1.900000 -3.700000
v -4.300001 2.000000 -3.700000
v -4.300001 2.100000 -3.700000
v -4.300001 2.200000 -3.700000
v -4.400001 0.100000 -3.700000
v -4.400001 0.200000 -3.700000
v -4.400001 0.300000 -3.700000
v -4.400001 1.900000 -3.700000
v -4.400001 2.000000 -3.700000
v -4.400001 2.100000 -3.700000
v -4.500000 0.100000 -3.700000
v -4.500000 0.200000 -3.700000
v -4.500000 2.000000 -3.700000
v -4.500000 2.100000 -3.700000
v 8.100000 0.100000 -3.600001
v 8.100000 4.000000 -3.600000
v 8.000000 0.100000 -3.600001
v 8.000000 4.000000 -3.600000
v 6.900000 4.000000 -3.600000
v 6.900000 4.800001 -3.600000
v 6.800000 4.000000 -3.600000
v 6.800000 4.800001 -3.600000
v 4.400000 0.100000 -3.600000
v 4.400000 0.200000 -3.600000
v 4.400000 2.000000 -3.600000
v 4.400000 2.100000 -3.600000
v 4.300000 0.100000 -3.600000
v 4.300000 0.200000 -3.600000
v 4.300000 0.300000 -3.600000
v 4.300000 1.900000 -3.600000
v 4.300000 2.000000 -3.600000
v 4.300000 2.100000 -3.600000
v 4.199999 0.200000 -3.600000
v 4.199999 0.300000 -3.600000
v 4.199999 0.400000 -3.600000
v 4.199999 1.800000 -3.600000
v 4.199999 1.900000 -3.600000
v 4.199999 2.000000 -3.600000
v 4.199999 2.100000 -3.600000
v 4.199999 2.200000 -3.600000
v 4.099999 2.100000 -3.600000
v 4.099999 2.200000 -3.600000
v 3.900000 2.100000 -3.600000
v 3.900000 2.200000 -3.600000
v 3.800000 0.200000 -3.600000
v 3.800000 0.300000 -3.600000
v 3.800000 0.400000 -3.600000
v 3.800000 1.800000 -3.600000
v 3.800000 1.900000 -3.600000
v 3.800000 2.000000 -3.600000
v 3.800000 2.100000 -3.600000
v 3.800000 2.200000 -3.600000
v 3.700000 0.000000 -3.600000
v 3.700000 0.100000 -3.600000
v 3.700000 0.200000 -3.600000
v 3.700000 0.300000 -3.600000
v 3.700000 1.900000 -3.600000
v 3.700000 2.000000 -3.600000
v 3.700000 2.100000 -3.600000
v 3.600000 0.000000 -3.600000
v 3.600000 0.100000 -3.600000
v 3.600000 0.200000 -3.600000
v 3.600000 2.000000 -3.600000
v 3.600000 2.100000 -3.600000
v -3.600000 0.000000 -3.600000
v -3.600000 0.100000 -3.600000
v -3.600000 0.200000 -3.600000
v -3.600000 2.000000 -3.599999
v -3.600000 2.100000 -3.599999
v -3.700000 0.000000 -3.600000
v -3.700000 0.100000 -3.600000
v -3.700000 0.200000 -3.600000
v -3.700000 0.300000 -3.600000
v -3.700000 1.900000 -3.599999
v -3.700000 2.000000 -3.599999
v -3.700000 2.100000 -3.599999
v -3.800000 0.200000 -3.600000
v -3.800000 0.300000 -3.600000
v -3.800000 0.400000 -3.599999
v -3.800000 1.800000 -3.599999
v -3.800000 1.900000 -3.599999
v -3.800000 2.000000 -3.599999
v -3.800000 2.100000 -3.599999
v -3.800000 2.200000 -3.599999
v -3.900000 2.100000 -3.599999
v -3.900000 2.200000 -3.599999
v -4.100000 2.100000 -3.599999
v -4.100000 2.200000 -3.599999
v -4.200000 0.200000 -3.599999
v -4.200000 0.300000 -3.599999
v -4.200000 0.400000 -3.599999
v -4.200000 1.800000 -3.599999
v -4.200000 1.900000 -3.599999
v -4.200000 2.000000 -3.599999
v -4.200000 2.100000 -3.599999
v -4.200000 2.200000 -3.599999
v -4.300001 0.100000 -3.599999
v -4.300001 0.200000 -3.599999
v -4.300001 0.300000 -3.599999
v -4.300001 1.900000 -3.599999
v -4.300001 2.000000 -3.599999
v -4.300001 2.100000 -3.599999
v -4.400001 0.100000 -3.599999
v -4.400001 0.200000 -3.599999
v -4.400001 2.000000 -3.599999
v -4.400001 2.100000 -3.599999
v -6.800001 4.000000 -3.599999
v -6.800001 4.800001 -3.599999
v -6.900001 4.000000 -3.599999
v -6.900001 4.800001 -3.599999
v -8.000000 0.100000 -3.599999
v -8.000000 4.000000 -3.599999
v -8.100000 0.100000 -3.599999
v -8.100000 4.000000 -3.599999
v 4.300000 0.100000 -3.500000
v 4.300000 0.200000 -3.500000
v 4.300000 2.000000 -3.500000
v 4.300000 2.100000 -3.500000
v 4.199999 0.100000 -3.500000
v 4.199999 0.200000 -3.500000
v 4.199999 0.300000 -3.500000
v 4.199999 1.900000 -3.500000
v 4.199999 2.000000 -3.500000
v 4.199999 2.100000 -3.500000
v 4.099999 2.100000 -3.500000
v 4.099999 2.200000 -3.500000
v 3.900000 2.100000 -3.500000
v 3.900000 2.200000 -3.500000
v 3.800000 0.000000 -3.500000
v 3.800000 0.100000 -3.500000
v 3.800000 0.200000 -3.500000
v 3.800000 0.300000 -3.500000
v 3.800000 1.900000 -3.500000
v 3.800000 2.000000 -3.500000
v 3.800000 2.100000 -3.500000
v 3.700000 0.000000 -3.500000
v 3.700000 0.100000 -3.500000
v 3.700000 0.200000 -3.500000
v 3.700000 2.000000 -3.500000
v 3.700000 2.100000 -3.500000
v -3.700000 0.000000 -3.500000
v -3.700000 0.100000 -3.500000
v -3.700000 0.200000 -3.500000
v -3.700000 2.000000 -3.500000
v -3.700000 2.100000 -3.500000
v -3.800000 0.000000 -3.500000
v -3.800000 0.100000 -3.500000
v -3.800000 0.200000 -3.500000
v -3.800000 0.300000 -3.500000
v -3.800000 1.900000 -3.500000
v -3.800000 2.000000 -3.500000
v -3.800000 2.100000 -3.500000
v -3.900000 2.100000 -3.500000
v -3.900000 2.200000 -3.500000
v -4.100000 2.100000 -3.500000
v -4.100000 2.200000 -3.500000
v -4.200000 0.100000 -3.500000
v -4.200000 0.200000 -3.500000
v -4.200000 0.300000 -3.500000
v -4.200000 1.900000 -3.500000
v -4.200000 2.000000 -3.500000
v -4.200000 2.100000 -3.500000
v -4.300001 0.100000 -3.500000
v -4.300001 0.200000 -3.500000
v -4.300001 2.000000 -3.500000
v -4.300001 2.100000 -3.500000
v 4.199999 0.100000 -3.400001
v 4.199999 0.200000 -3.400000
v 4.199999 2.000000 -3.400000
v 4.199999 2.100000 -3.400000
v 3.900000 0.000000 -3.400000
v 3.900000 0.100000 -3.400000
v 3.800000 0.000000 -3.400000
v 3.800000 0.100000 -3.400000
v 3.800000 0.200000 -3.400000
v 3.800000 2.000000 -3.400000
v 3.800000 2.100000 -3.400000
v -3.800000 0.000000 -3.400000
v -3.800000 0.100000 -3.400000
v -3.800000 0.200000 -3.400000
v -3.800000 2.000000 -3.400000
v -3.800000 2.100000 -3.400000
v -3.900000 0.000000 -3.400000
v -3.900000 0.100000 -3.400000
v -4.200000 0.100000 -3.400000
v -4.200000 0.200000 -3.400000
v -4.200000 2.000000 -3.400000
v -4.200000 2.100000 -3.400000
v 8.200000 0.100000 -3.300001
v 8.200000 4.000000 -3.300000
v 8.100000 0.100000 -3.300001
v 8.100000 4.000000 -3.300000
v 7.000000 4.000000 -3.300000
v 7.000000 4.800001 -3.300000
v 6.900000 4.000000 -3.300000
v 6.900000 4.800001 -3.300000
v 4.000000 0.000000 -3.300000
v 4.000000 0.100000 -3.300000
v 3.900000 0.000000 -3.300000
v 3.900000 0.100000 -3.300000
v -3.900000 0.000000 -3.300000
v -3.900000 0.100000 -3.300000
v -4.000000 0.000000 -3.300000
v -4.000000 0.100000 -3.300000
v -6.900001 4.000000 -3.299999
v -6.900001 4.800001 -3.299999
v -7.000000 4.000000 -3.299999
v -7.000000 4.800001 -3.299999
v -8.100000 0.100000 -3.299999
v -8.100000 4.000000 -3.299999
v -8.200000 0.100000 -3.299999
v -8.200000 4.000000 -3.299999
v 4.099999 0.000000 -3.200001
v 4.099999 0.100000 -3.200000
v 4.000000 0.000000 -3.200000
v 4.000000 0.100000 -3.200000
v -4.000000 0.000000 -3.200000
v -4.000000 0.100000 -3.200000
v -4.100000 0.000000 -3.200000
v -4.100000 0.100000 -3.200000
v 8.300000 0.100000 -3.100001
v 8.300000 4.000000 -3.100000
v 8.200000 0.100000 -3.100001
v 8.200000 4.000000 -3.100000
v 7.099999 4.000000 -3.100000
v 7.099999 4.800000 -3.100000
v 7.000000 4.000000 -3.100000
v 7.000000 4.800000 -3.100000
v -7.000000 4.000000 -3.099999
v -7.000000 4.800000 -3.099999
v -7.100000 4.000000 -3.099999
v -7.100000 4.800000 -3.099999
v -8.200000 0.100000 -3.099999
v -8.200000 4.000000 -3.099999
v -8.300000 0.100000 -3.099999
v -8.300000 4.000000 -3.099999
v 4.199999 0.000000 -3.000000
v 4.199999 0.100000 -3.000000
v 4.099999 0.000000 -3.000000
v 4.099999 0.100000 -3.000000
v -4.100000 0.000000 -3.000000
v -4.100000 0.100000 -3.000000
v -4.200000 0.000000 -3.000000
v -4.200000 0.100000 -3.000000
v 4.300000 0.000000 -2.900001
v 4.300000 0.100000 -2.900001
v 4.199999 0.000000 -2.900001
v 4.199999 0.100000 -2.900001
v -4.200000 0.000000 -2.900000
v -4.200000 0.100000 -2.900000
v -4.300001 0.000000 -2.900000
v -4.300001 0.100000 -2.900000
v 8.400000 0.100000 -2.800001
v 8.400000 4.000000 -2.800000
v 8.300000 0.100000 -2.800001
v 8.300000 4.000000 -2.800000
v 7.199999 4.000000 -2.800000
v 7.199999 4.800000 -2.800000
v 7.099999 4.000000 -2.800000
v 7.099999 4.800000 -2.800000
v -7.100000 4.000000 -2.799999
v -7.100000 4.800000 -2.799999
v -7.200000 4.000000 -2.799999
v -7.200000 4.800000 -2.799999
v -8.300000 0.100000 -2.799999
v -8.300000 4.000000 -2.799999
v -8.400000 0.100000 -2.799999
v -8.400000 4.000000 -2.799999
v 4.400000 0.000000 -2.700001
v 4.400000 0.100000 -2.700001
v 4.300000 0.000000 -2.700001
v 4.300000 0.100000 -2.700001
v -4.300000 0.000000 -2.700000
v -4.300000 0.100000 -2.700000
v -4.400000 0.000000 -2.700000
v -4.400000 0.100000 -2.700000
v 4.500000 0.000000 -2.600000
v 4.500000 0.100000 -2.600000
v 4.400000 0.000000 -2.600000
v 4.400000 0.100000 -2.600000
v -4.400000 0.000000 -2.599999
v -4.400000 0.100000 -2.599999
v -4.500000 0.000000 -2.599999
v -4.500000 0.100000 -2.599999
v 8.500000 0.100000 -2.500001
v 8.500000 4.000000 -2.500000
v 8.400000 0.100000 -2.500001
v 8.400000 4.000000 -2.500000
v 7.300000 4.000000 -2.500000
v 7.300000 4.800000 -2.500000
v 7.200000 4.000000 -2.500000
v 7.200000 4.800000 -2.500000
v -7.200000 4.000000 -2.499999
v -7.200000 4.800000 -2.499999
v -7.300000 4.000000 -2.499999
v -7.300000 4.800000 -2.499999
v -8.400000 0.100000 -2.499999
v -8.400000 4.000000 -2.499999
v -8.500000 0.100000 -2.499999
v -8.500000 4.000000 -2.499999
v 4.600000 0.000000 -2.400001
v 4.600000 0.100000 -2.400001
v 4.500000 0.000000 -2.400001
v 4.500000 0.100000 -2.400001
v -4.500000 0.000000 -2.400000
v -4.500000 0.100000 -2.400000
v -4.600000 0.000000 -2.400000
v -4.600000 0.100000 -2.400000
v 4.700000 0.000000 -2.200001
v 4.700000 0.100000 -2.200001
v 4.600000 0.000000 -2.200001
v 4.600000 0.100000 -2.200001
v -4.600000 0.000000 -2.200000
v -4.600000 0.100000 -2.200000
v -4.700000 0.000000 -2.200000
v -4.700000 0.100000 -2.200000
v 8.600000 0.100000 -2.100001
v 8.600000 4.000000 -2.100000
v 8.500000 0.100000 -2.100001
v 8.500000 4.000000 -2.100000
v 7.400000 4.000000 -2.100000
v 7.400000 4.800000 -2.100000
v 7.300000 4.000000 -2.100000
v 7.300000 4.800000 -2.100000
v -7.300000 4.000000 -2.099999
v -7.300000 4.800000 -2.099999
v -7.400000 4.000000 -2.099999
v -7.400000 4.800000 -2.099999
v -8.500000 0.100000 -2.099999
v -8.500000 4.000000 -2.099999
v -8.600000 0.100000 -2.099999
v -8.600000 4.000000 -2.099999
v 4.800000 0.000000 -1.900000
v 4.800000 0.100000 -1.900000
v 4.700000 0.000000 -1.900000
v 4.700000 0.100000 -1.900000
v -4.700000 0.000000 -1.900000
v -4.700000 0.100000 -1.899999
v -4.800000 0.000000 -1.899999
v -4.800000 0.100000 -1.899999
v 4.900000 0.000000 -1.700001
v 4.900000 0.100000 -1.700001
v 4.800000 0.000000 -1.700001
v 4.800000 0.100000 -1.700000
v -4.800000 0.000000 -1.700000
v -4.800000 0.100000 -1.700000
v -4.900000 0.000000 -1.700000
v -4.900000 0.100000 -1.700000
v 8.700000 0.100000 -1.600001
v 8.700000 4.000000 -1.600001
v 8.600000 0.100000 -1.600001
v 8.600000 4.000000 -1.600001
v 7.500000 4.000000 -1.600000
v 7.500000 4.800000 -1.600000
v 7.400000 4.000000 -1.600000
v 7.400000 4.800000 -1.600000
v -7.400000 4.000000 -1.599999
v -7.400000 4.800000 -1.599999
v -7.500000 4.000000 -1.599999
v -7.500000 4.800000 -1.599999
v -8.600000 0.100000 -1.599999
v -8.600000 4.000000 -1.599999
v -8.700000 0.100000 -1.599999
v -8.700000 4.000000 -1.599999
v 5.000000 0.000000 -1.300000
v 5.000000 0.100000 -1.300000
v 4.900000 0.000000 -1.300000
v 4.900000 0.100000 -1.300000
v -4.900000 0.000000 -1.299999
v -4.900000 0.100000 -1.299999
v -5.000000 0.000000 -1.299999
v -5.000000 0.100000 -1.299999
v 8.800000 0.100000 -0.900001
v 8.800000 4.000000 -0.900000
v 8.700000 0.100000 -0.900001
v 8.700000 4.000000 -0.900000
v 7.600000 4.000000 -0.900000
v 7.600000 4.800000 -0.900000
v 7.500000 4.000000 -0.900000
v 7.500000 4.800000 -0.900000
v -7.500000 4.000000 -0.899999
v -7.500000 4.800000 -0.899999
v -7.600000 4.000000 -0.899999
v -7.600000 4.800000 -0.899999
v -8.700000 0.100000 -0.899999
v -8.700000 4.000000 -0.899999
v -8.800000 0.100000 -0.899999
v -8.800000 4.000000 -0.899999
v 5.100000 0.000000 -0.800000
v 5.100000 0.100000 -0.800000
v 5.000000 0.000000 -0.800000
v 5.000000 0.100000 -0.800000
v -5.000000 0.000000 -0.800000
v -5.000000 0.100000 -0.800000
v -5.100000 0.000000 -0.800000
v -5.100000 0.100000 -0.800000
v 11.100000 2.100000 0.099999
v 11.100000 2.200000 0.099999
v 11.000000 2.100000 0.099999
v 11.000000 2.200000 0.099999
v 10.900000 0.600000 0.099999
v 10.900000 1.600000 0.099999
v 10.900000 2.200000 0.099999
v 10.900000 2.300000 0.099999
v 10.800000 0.600000 0.099999
v 10.800000 1.600000 0.099999
v 10.800000 2.200000 0.099999
v 10.800000 2.300000 0.099999
v 10.600000 0.600000 0.099999
v 10.600000 1.600000 0.099999
v 10.600000 2.200000 0.099999
v 10.600000 2.300000 0.099999
v 10.500000 0.600000 0.099999
v 10.500000 1.600000 0.099999
v 10.500000 2.200000 0.099999
v 10.500000 2.300000 0.099999
v 10.400000 2.100000 0.099999
v 10.400000 2.200000 0.099999
v 10.300000 2.100000 0.099999
v 10.300000 2.200000 0.099999
v 5.900000 2.100000 0.100000
v 5.900000 2.200000 0.100000
v 5.800000 2.100000 0.100000
v 5.800000 2.200000 0.100000
v 5.700000 0.600000 0.100000
v 5.700000 1.600000 0.100000
v 5.700000 2.200000 0.100000
v 5.700000 2.300000 0.100000
v 5.600000 0.600000 0.100000
v 5.600000 1.600000 0.100000
v 5.600000 2.200000 0.100000
v 5.600000 2.300000 0.100000
v 5.400000 0.600000 0.100000
v 5.400000 1.600000 0.100000
v 5.400000 2.200000 0.100000
v 5.400000 2.300000 0.100000
v 5.300000 0.600000 0.100000
v 5.300000 1.600000 0.100000
v 5.300000 2.200000 0.100000
v 5.300000 2.300000 0.100000
v 5.200000 2.100000 0.100000
v 5.200000 2.200000 0.100000
v 5.100000 2.100000 0.100000
v 5.100000 2.200000 0.100000
v -5.100000 2.100000 0.100001
v -5.100000 2.200000 0.100001
v -5.200000 2.100000 0.100001
v -5.200000 2.200000 0.100001
v -5.300000 0.600000 0.100001
v -5.300000 1.600000 0.100001
v -5.300000 2.200000 0.100001
v -5.300000 2.300000 0.100001
v -5.400000 0.600000 0.100001
v -5.400000 1.600000 0.100001
v -5.400000 2.200000 0.100001
v -5.400000 2.300000 0.100001
v -5.600000 0.600000 0.100001
v -5.600000 1.600000 0.100001
v -5.600000 2.200000 0.100001
v -5.600000 2.300000 0.100001
v -5.700000 0.600000 0.100001
v -5.700000 1.600000 0.100001
v -5.700000 2.200000 0.100001
v -5.700000 2.300000 0.100001
v -5.800000 2.100000 0.100001
v -5.800000 2.200000 0.100001
v -5.900000 2.100000 0.100001
v -5.900000 2.200000 0.100001
v 11.200000 0.100000 0.199999
v 11.200000 0.200000 0.199999
v 11.200000 2.000000 0.199999
v 11.200000 2.100000 0.199999
v 11.100000 0.100000 0.199999
v 11.100000 0.200000 0.199999
v 11.100000 0.300000 0.199999
v 11.100000 1.900000 0.199999
v 11.100000 2.000000 0.199999
v 11.100000 2.100000 0.199999
v 11.000000 0.200000 0.199999
v 11.000000 0.300000 0.199999
v 11.000000 0.400000 0.199999
v 11.000000 1.800000 0.199999
v 11.000000 1.900000 0.199999
v 11.000000 2.000000 0.199999
v 11.000000 2.100000 0.199999
v 11.000000 2.200000 0.199999
v 10.900000 0.300000 0.199999
v 10.900000 0.400000 0.199999
v 10.900000 0.600000 0.199999
v 10.900000 1.600000 0.199999
v 10.900000 1.800000 0.199999
v 10.900000 1.900000 0.199999
v 10.900000 2.100000 0.199999
v 10.900000 2.200000 0.199999
v 10.800000 0.600000 0.199999
v 10.800000 1.600000 0.199999
v 10.800000 2.200000 0.199999
v 10.800000 2.300000 0.199999
v 10.600000 0.600000 0.199999
v 10.600000 1.600000 0.199999
v 10.600000 2.200000 0.199999
v 10.600000 2.300000 0.199999
v 10.500000 0.300000 0.199999
v 10.500000 0.400000 0.199999
v 10.500000 0.600000 0.199999
v 10.500000 1.600000 0.199999
v 10.500000 1.800000 0.199999
v 10.500000 1.900000 0.199999
v 10.500000 2.100000 0.199999
v 10.500000 2.200000 0.199999
v 10.400000 0.200000 0.199999
v 10.400000 0.300000 0.199999
v 10.400000 0.400000 0.199999
v 10.400000 1.800000 0.199999
v 10.400000 1.900000 0.199999
v 10.400000 2.000000 0.199999
v 10.400000 2.100000 0.199999
v 10.400000 2.200000 0.199999
v 10.300000 0.100000 0.199999
v 10.300000 0.200000 0.199999
v 10.300000 0.300000 0.199999
v 10.300000 1.900000 0.199999
v 10.300000 2.000000 0.199999
v 10.300000 2.100000 0.199999
v 10.200000 0.100000 0.199999
v 10.200000 0.200000 0.199999
v 10.200000 2.000000 0.199999
v 10.200000 2.100000 0.199999
v 6.000000 0.100000 0.199999
v 6.000000 0.200000 0.199999
v 6.000000 2.000000 0.200000
v 6.000000 2.100000 0.200000
v 5.900000 0.100000 0.199999
v 5.900000 0.200000 0.199999
v 5.900000 0.300000 0.200000
v 5.900000 1.900000 0.200000
v 5.900000 2.000000 0.200000
v 5.900000 2.100000 0.200000
v 5.800000 0.200000 0.200000
v 5.800000 0.300000 0.200000
v 5.800000 0.400000 0.200000
v 5.800000 1.800000 0.200000
v 5.800000 1.900000 0.200000
v 5.800000 2.000000 0.200000
v 5.800000 2.100000 0.200000
v 5.800000 2.200000 0.200000
v 5.700000 0.300000 0.200000
v 5.700000 0.400000 0.200000
v 5.700000 0.600000 0.200000
v 5.700000 1.600000 0.200000
v 5.700000 1.800000 0.200000
v 5.700000 1.900000 0.200000
v 5.700000 2.100000 0.200000
v 5.700000 2.200000 0.200000
v 5.600000 0.600000 0.200000
v 5.600000 1.600000 0.200000
v 5.600000 2.200000 0.200000
v 5.600000 2.300000 0.200000
v 5.400000 0.600000 0.200000
v 5.400000 1.600000 0.200000
v 5.400000 2.200000 0.200000
v 5.400000 2.300000 0.200000
v 5.300000 0.300000 0.200000
v 5.300000 0.400000 0.200000
v 5.300000 0.600000 0.200000
v 5.300000 1.600000 0.200000
v 5.300000 1.800000 0.200000
v 5.300000 1.900000 0.200000
v 5.300000 2.100000 0.200000
v 5.300000 2.200000 0.200000
v 5.200000 0.200000 0.200000
v 5.200000 0.300000 0.200000
v 5.200000 0.400000 0.200000
v 5.200000 1.800000 0.200000
v 5.200000 1.900000 0.200000
v 5.200000 2.000000 0.200000
v 5.200000 2.100000 0.200000
v 5.200000 2.200000 0.200000
v 5.100000 -0.000000 0.200000
v 5.100000 0.100000 0.200000
v 5.100000 0.200000 0.200000
v 5.100000 0.300000 0.200000
v 5.100000 1.900000 0.200000
v 5.100000 2.000000 0.200000
v 5.100000 2.100000 0.200000
v 5.000000 -0.000000 0.200000
v 5.000000 0.100000 0.200000
v 5.000000 0.200000 0.200000
v 5.000000 2.000000 0.200000
v 5.000000 2.100000 0.200000
v -5.000000 -0.000000 0.200000
v -5.000000 0.100000 0.200000
v -5.000000 0.200000 0.200000
v -5.000000 2.000000 0.200001
v -5.000000 2.100000 0.200001
v -5.100000 -0.000000 0.200000
v -5.100000 0.100000 0.200000
v -5.100000 0.200000 0.200000
v -5.100000 0.300000 0.200000
v -5.100000 1.900000 0.200001
v -5.100000 2.000000 0.200001
v -5.100000 2.100000 0.200001
v -5.200000 0.200000 0.200000
v -5.200000 0.300000 0.200000
v -5.200000 0.400000 0.200000
v -5.200000 1.800000 0.200001
v -5.200000 1.900000 0.200001
v -5.200000 2.000000 0.200001
v -5.200000 2.100000 0.200001
v -5.200000 2.200000 0.200001
v -5.300000 0.300000 0.200000
v -5.300000 0.400000 0.200000
v -5.300000 0.600000 0.200001
v -5.300000 1.600000 0.200001
v -5.300000 1.800000 0.200001
v -5.300000 1.900000 0.200001
v -5.300000 2.100000 0.200001
v -5.300000 2.200000 0.200001
v -5.400000 0.600000 0.200001
v -5.400000 1.600000 0.200001
v -5.400000 2.200000 0.200001
v -5.400000 2.300000 0.200001
v -5.600000 0.600000 0.200001
v -5.600000 1.600000 0.200001
v -5.600000 2.200000 0.200001
v -5.600000 2.300000 0.200001
v -5.700000 0.300000 0.200001
v -5.700000 0.400000 0.200001
v -5.700000 0.600000 0.200001
v -5.700000 1.600000 0.200001
v -5.700000 1.800000 0.200001
v -5.700000 1.900000 0.200001
v -5.700000 2.100000 0.200001
v -5.700000 2.200000 0.200001
v -5.800000 0.200000 0.200001
v -5.800000 0.300000 0.200001
v -5.800000 0.400000 0.200001
v -5.800000 1.800000 0.200001
v -5.800000 1.900000 0.200001
v -5.800000 2.000000 0.200001
v -5.800000 2.100000 0.200001
v -5.800000 2.200000 0.200001
v -5.900000 0.100000 0.200001
v -5.900000 0.200000 0.200001
v -5.900000 0.300000 0.200001
v -5.900000 1.900000 0.200001
v -5.900000 2.000000 0.200001
v -5.900000 2.100000 0.200001
v -6.000000 0.100000 0.200001
v -6.000000 0.200000 0.200001
v -6.000000 2.000000 0.200001
v -6.000000 2.100000 0.200001
v 11.100000 0.100000 0.299999
v 11.100000 0.200000 0.299999
v 11.100000 2.000000 0.299999
v 11.100000 2.100000 0.299999
v 11.000000 0.100000 0.299999
v 11.000000 0.200000 0.299999
v 11.000000 0.300000 0.299999
v 11.000000 1.900000 0.299999
v 11.000000 2.000000 0.299999
v 11.000000 2.100000 0.299999
v 10.900000 0.200000 0.299999
v 10.900000 0.300000 0.299999
v 10.900000 0.400000 0.299999
v 10.900000 1.800000 0.299999
v 10.900000 1.900000 0.299999
v 10.900000 2.000000 0.299999
v 10.900000 2.100000 0.299999
v 10.900000 2.200000 0.299999
v 10.800000 2.100000 0.299999
v 10.800000 2.200000 0.299999
v 10.600000 2.100000 0.299999
v 10.600000 2.200000 0.299999
v 10.500000 0.200000 0.299999
v 10.500000 0.300000 0.299999
v 10.500000 0.400000 0.299999
v 10.500000 1.800000 0.299999
v 10.500000 1.900000 0.299999
v 10.500000 2.000000 0.299999
v 10.500000 2.100000 0.299999
v 10.500000 2.200000 0.299999
v 10.400000 0.100000 0.299999
v 10.400000 0.200000 0.299999
v 10.400000 0.300000 0.299999
v 10.400000 1.900000 0.299999
v 10.400000 2.000000 0.299999
v 10.400000 2.100000 0.299999
v 10.300000 0.100000 0.299999
v 10.300000 0.200000 0.299999
v 10.300000 2.000000 0.299999
v 10.300000 2.100000 0.299999
v 5.900000 0.100000 0.300000
v 5.900000 0.200000 0.300000
v 5.900000 2.000000 0.300000
v 5.900000 2.100000 0.300000
v 5.800000 0.100000 0.300000
v 5.800000 0.200000 0.300000
v 5.800000 0.300000 0.300000
v 5.800000 1.900000 0.300000
v 5.800000 2.000000 0.300000
v 5.800000 2.100000 0.300000
v 5.700000 0.200000 0.300000
v 5.700000 0.300000 0.300000
v 5.700000 0.400000 0.300000
v 5.700000 1.800000 0.300000
v 5.700000 1.900000 0.300000
v 5.700000 2.000000 0.300000
v 5.700000 2.100000 0.300000
v 5.700000 2.200000 0.300000
v 5.600000 2.100000 0.300000
v 5.600000 2.200000 0.300000
v 5.400000 2.100000 0.300000
v 5.400000 2.200000 0.300000
v 5.300000 0.200000 0.300000
v 5.300000 0.300000 0.300000
v 5.300000 0.400000 0.300000
v 5.300000 1.800000 0.300000
v 5.300000 1.900000 0.300000
v 5.300000 2.000000 0.300000
v 5.300000 2.100000 0.300000
v 5.300000 2.200000 0.300000
v 5.200000 0.100000 0.300000
v 5.200000 0.200000 0.300000
v 5.200000 0.300000 0.300000
v 5.200000 1.900000 0.300000
v 5.200000 2.000000 0.300000
v 5.200000 2.100000 0.300000
v 5.100000 0.100000 0.300000
v 5.100000 0.200000 0.300000
v 5.100000 2.000000 0.300000
v 5.100000 2.100000 0.300000
v -5.100000 0.100000 0.300000
v -5.100000 0.200000 0.300000
v -5.100000 2.000000 0.300001
v -5.100000 2.100000 0.300001
v -5.200000 0.100000 0.300000
v -5.200000 0.200000 0.300000
v -5.200000 0.300000 0.300000
v -5.200000 1.900000 0.300001
v -5.200000 2.000000 0.300001
v -5.200000 2.100000 0.300001
v -5.300000 0.200000 0.300000
v -5.300000 0.300000 0.300000
v -5.300000 0.400000 0.300001
v -5.300000 1.800000 0.300001
v -5.300000 1.900000 0.300001
v -5.300000 2.000000 0.300001
v -5.300000 2.100000 0.300001
v -5.300000 2.200000 0.300001
v -5.400000 2.100000 0.300001
v -5.400000 2.200000 0.300001
v -5.600000 2.100000 0.300001
v -5.600000 2.200000 0.300001
v -5.700000 0.200000 0.300001
v -5.700000 0.300000 0.300001
v -5.700000 0.400000 0.300001
v -5.700000 1.800000 0.300001
v -5.700000 1.900000 0.300001
v -5.700000 2.000000 0.300001
v -5.700000 2.100000 0.300001
v -5.700000 2.200000 0.300001
v -5.800000 0.100000 0.300001
v -5.800000 0.200000 0.300001
v -5.800000 0.300000 0.300001
v -5.800000 1.900000 0.300001
v -5.800000 2.000000 0.300001
v -5.800000 2.100000 0.300001
v -5.900000 0.100000 0.300001
v -5.900000 0.200000 0.300001
v -5.900000 2.000000 0.300001
v -5.900000 2.100000 0.300001
v 11.000000 0.100000 0.400000
v 11.000000 0.200000 0.400000
v 11.000000 2.000000 0.400000
v 11.000000 2.100000 0.400000
v 10.900000 0.100000 0.400000
v 10.900000 0.200000 0.400000
v 10.900000 0.300000 0.400000
v 10.900000 1.900000 0.400000
v 10.900000 2.000000 0.400000
v 10.900000 2.100000 0.400000
v 10.800000 2.100000 0.400000
v 10.800000 2.200000 0.400000
v 10.600000 2.100000 0.400000
v 10.600000 2.200000 0.400000
v 10.500000 0.100000 0.400000
v 10.500000 0.200000 0.400000
v 10.500000 0.300000 0.400000
v 10.500000 1.900000 0.400000
v 10.500000 2.000000 0.400000
v 10.500000 2.100000 0.400000
v 10.400000 0.100000 0.400000
v 10.400000 0.200000 0.400000
v 10.400000 2.000000 0.400000
v 10.400000 2.100000 0.400000
v 5.800000 0.100000 0.400000
v 5.800000 0.200000 0.400000
v 5.800000 2.000000 0.400001
v 5.800000 2.100000 0.400001
v 5.700000 0.100000 0.400001
v 5.700000 0.200000 0.400001
v 5.700000 0.300000 0.400001
v 5.700000 1.900000 0.400001
v 5.700000 2.000000 0.400001
v 5.700000 2.100000 0.400001
v 5.600000 2.100000 0.400001
v 5.600000 2.200000 0.400001
v 5.400000 2.100000 0.400001
v 5.400000 2.200000 0.400001
v 5.300000 0.100000 0.400001
v 5.300000 0.200000 0.400001
v 5.300000 0.300000 0.400001
v 5.300000 1.900000 0.400001
v 5.300000 2.000000 0.400001
v 5.300000 2.100000 0.400001
v 5.200000 0.100000 0.400001
v 5.200000 0.200000 0.400001
v 5.200000 2.000000 0.400001
v 5.200000 2.100000 0.400001
v -5.200000 0.100000 0.400001
v -5.200000 0.200000 0.400001
v -5.200000 2.000000 0.400002
v -5.200000 2.100000 0.400002
v -5.300000 0.100000 0.400001
v -5.300000 0.200000 0.400001
v -5.300000 0.300000 0.400001
v -5.300000 1.900000 0.400002
v -5.300000 2.000000 0.400002
v -5.300000 2.100000 0.400002
v -5.400000 2.100000 0.400002
v -5.400000 2.200000 0.400002
v -5.600000 2.100000 0.400002
v -5.600000 2.200000 0.400002
v -5.700000 0.100000 0.400001
v -5.700000 0.200000 0.400001
v -5.700000 0.300000 0.400001
v -5.700000 1.900000 0.400002
v -5.700000 2.000000 0.400002
v -5.700000 2.100000 0.400002
v -5.800000 0.100000 0.400001
v -5.800000 0.200000 0.400002
v -5.800000 2.000000 0.400002
v -5.800000 2.100000 0.400002
v 10.900000 0.100000 0.499999
v 10.900000 0.200000 0.499999
v 10.900000 2.000000 0.499999
v 10.900000 2.100000 0.499999
v 10.500000 0.100000 0.499999
v 10.500000 0.200000 0.499999
v 10.500000 2.000000 0.499999
v 10.500000 2.100000 0.499999
v 5.700000 0.100000 0.500000
v 5.700000 0.200000 0.500000
v 5.700000 2.000000 0.500000
v 5.700000 2.100000 0.500000
v 5.300000 0.100000 0.500000
v 5.300000 0.200000 0.500000
v 5.300000 2.000000 0.500000
v 5.300000 2.100000 0.500000
v -5.300000 0.100000 0.500000
v -5.300000 0.200000 0.500000
v -5.300000 2.000000 0.500001
v -5.300000 2.100000 0.500001
v -5.700000 0.100000 0.500000
v -5.700000 0.200000 0.500001
v -5.700000 2.000000 0.500001
v -5.700000 2.100000 0.500001
v 8.900000 -0.000000 0.999999
v 8.900000 4.000000 1.000000
v 8.900000 4.800000 1.000000
v 8.800000 -0.000000 0.999999
v 8.800000 4.000000 1.000000
v 8.800000 4.800000 1.000000
v -8.800000 -0.000000 1.000001
v -8.800000 4.000000 1.000001
v -8.800000 4.800000 1.000001
v -8.900000 -0.000000 1.000001
v -8.900000 4.000000 1.000001
v -8.900000 4.800000 1.000001
v 8.800000 -0.000000 1.699999
v 8.800000 4.000000 1.700000
v 8.800000 4.800000 1.700000
v 8.700000 -0.000000 1.699999
v 8.700000 4.000000 1.700000
v 8.700000 4.800000 1.700000
v -8.700000 -0.000000 1.700001
v -8.700000 4.000000 1.700001
v -8.700000 4.800000 1.700001
v -8.800000 -0.000000 1.700001
v -8.800000 4.000000 1.700001
v -8.800000 4.800000 1.700001
v 8.700000 -0.000000 2.199999
v 8.700000 4.000000 2.200000
v 8.700000 4.800000 2.200000
v 8.600000 -0.000000 2.199999
v 8.600000 4.000000 2.200000
v 8.600000 4.800000 2.200000
v -8.600000 -0.000000 2.200001
v -8.600000 4.000000 2.200001
v -8.600000 4.800000 2.200001
v -8.700000 -0.000000 2.200001
v -8.700000 4.000000 2.200001
v -8.700000 4.800000 2.200001
v 8.600000 -0.000000 2.599999
v 8.600000 4.000000 2.599999
v 8.600000 4.800000 2.599999
v 8.500000 -0.000000 2.599999
v 8.500000 4.000000 2.599999
v 8.500000 4.800000 2.599999
v -8.500000 -0.000000 2.600001
v -8.500000 4.000000 2.600001
v -8.500000 4.800000 2.600001
v -8.600000 -0.000000 2.600001
v -8.600000 4.000000 2.600001
v -8.600000 4.800000 2.600001
v 8.500000 -0.000000 2.899999
v 8.500000 4.000000 2.900000
v 8.500000 4.800000 2.900000
v 8.400000 -0.000000 2.899999
v 8.400000 4.000000 2.900000
v 8.400000 4.800000 2.900000
v -8.400000 -0.000000 2.900001
v -8.400000 4.000000 2.900001
v -8.400000 4.800000 2.900001
v -8.500000 -0.000000 2.900001
v -8.500000 4.000000 2.900001
v -8.500000 4.800000 2.900001
v 8.400000 -0.000000 3.199999
v 8.400000 4.000000 3.200000
v 8.400000 4.800000 3.200000
v 8.300000 -0.000000 3.199999
v 8.300000 4.000000 3.200000
v 8.300000 4.800000 3.200000
v -8.300000 -0.000000 3.200001
v -8.300000 4.000000 3.200001
v -8.300000 4.800000 3.200001
v -8.400000 -0.000000 3.200001
v -8.400000 4.000000 3.200001
v -8.400000 4.800000 3.200001
v 8.300000 -0.000000 3.399999
v 8.300000 4.000000 3.400000
v 8.300000 4.800000 3.400000
v 8.200000 -0.000000 3.399999
v 8.200000 4.000000 3.400000
v 8.200000 4.800000 3.400000
v -8.200000 -0.000000 3.400001
v -8.200000 4.000000 3.400001
v -8.200000 4.800000 3.400001
v -8.300000 -0.000000 3.400001
v -8.300000 4.000000 3.400001
v -8.300000 4.800000 3.400001
v 8.200000 -0.000000 3.699999
v 8.200000 4.000000 3.700000
v 8.200000 4.800000 3.700000
v 8.100000 -0.000000 3.699999
v 8.100000 4.000000 3.700000
v 8.100000 4.800000 3.700000
v -8.100000 -0.000000 3.700001
v -8.100000 4.000000 3.700001
v -8.100000 4.800000 3.700001
v -8.200000 -0.000000 3.700001
v -8.200000 4.000000 3.700001
v -8.200000 4.800000 3.700001
v 8.100000 -0.000000 3.899999
v 8.100000 4.000000 3.900000
v 8.100000 4.800000 3.900000
v 8.000000 -0.000000 3.899999
v 8.000000 4.000000 3.900000
v 8.000000 4.800000 3.900000
v -8.000000 -0.000000 3.900001
v -8.000000 4.000000 3.900001
v -8.000000 4.800000 3.900001
v -8.100000 -0.000000 3.900001
v -8.100000 4.000000 3.900001
v -8.100000 4.800000 3.900001
v 8.000000 -0.000000 4.099999
v 8.000000 4.000000 4.099999
v 8.000000 4.800000 4.099999
v 7.900001 -0.000000 4.099999
v 7.900001 4.000000 4.099999
v 7.900001 4.800000 4.099999
v -7.900000 -0.000000 4.100000
v -7.900000 4.000000 4.100001
v -7.900000 4.800000 4.100001
v -8.000000 -0.000000 4.100000
v -8.000000 4.000000 4.100001
v -8.000000 4.800000 4.100001
v 7.900001 -0.000000 4.300000
v 7.900001 4.000000 4.300000
v 7.900001 4.800000 4.300000
v 7.800001 -0.000000 4.300000
v 7.800001 4.000000 4.300000
v 7.800001 4.800000 4.300000
v -7.800000 -0.000000 4.300001
v -7.800000 4.000000 4.300001
v -7.800000 4.800000 4.300001
v -7.900000 -0.000000 4.300001
v -7.900000 4.000000 4.300001
v -7.900000 4.800000 4.300001
v 7.800001 -0.000000 4.400000
v 7.800001 4.000000 4.400000
v 7.800001 4.800000 4.400000
v 7.700000 -0.000000 4.400000
v 7.700000 4.000000 4.400000
v 7.700000 4.800000 4.400000
v -7.699999 -0.000000 4.400001
v -7.699999 4.000000 4.400001
v -7.699999 4.800000 4.400001
v -7.800000 -0.000000 4.400001
v -7.800000 4.000000 4.400001
v -7.800000 4.800000 4.400001
v 7.700000 -0.000000 4.599999
v 7.700000 4.000000 4.599999
v 7.700000 4.800000 4.599999
v 7.600000 -0.000000 4.599999
v 7.600000 4.000000 4.599999
v 7.600000 4.800000 4.599999
v -7.599999 -0.000000 4.600000
v -7.599999 4.000000 4.600001
v -7.599999 4.800000 4.600001
v -7.699999 -0.000000 4.600000
v -7.699999 4.000000 4.600001
v -7.699999 4.800000 4.600001
v 7.600000 -0.000000 4.800000
v 7.600000 4.000000 4.800000
v 7.600000 4.800000 4.800000
v 7.500000 -0.000000 4.800000
v 7.500000 4.000000 4.800000
v 7.500000 4.800000 4.800000
v -7.500000 -0.000000 4.800001
v -7.500000 4.000000 4.800001
v -7.500000 4.800000 4.800001
v -7.599999 -0.000000 4.800001
v -7.599999 4.000000 4.800001
v -7.599999 4.800000 4.800001
v 7.500000 -0.000000 4.900000
v 7.500000 4.000000 4.900000
v 7.500000 4.800000 4.900000
v 7.400001 -0.000000 4.900000
v 7.400001 4.000000 4.900000
v 7.400001 4.800000 4.900000
v -7.400000 -0.000000 4.900001
v -7.400000 4.000000 4.900001
v -7.400000 4.800000 4.900001
v -7.500000 -0.000000 4.900001
v -7.500000 4.000000 4.900001
v -7.500000 4.800000 4.900001
v 7.400001 -0.000000 5.099999
v 7.400001 4.000000 5.099999
v 7.400001 4.800000 5.099999
v 7.300001 -0.000000 5.099999
v 7.300001 4.000000 5.099999
v 7.300001 4.800000 5.099999
v -7.300000 -0.000000 5.100000
v -7.300000 4.000000 5.100001
v -7.300000 4.800000 5.100001
v -7.400000 -0.000000 5.100000
v -7.400000 4.000000 5.100001
v -7.400000 4.800000 5.100001
v 7.300001 -0.000000 5.199999
v 7.300001 4.000000 5.199999
v 7.300001 4.800000 5.199999
v 7.200000 -0.000000 5.199999
v 7.200000 4.000000 5.199999
v 7.200000 4.800000 5.199999
v -7.199999 -0.000000 5.200000
v -7.199999 4.000000 5.200001
v -7.199999 4.800000 5.200001
v -7.300000 -0.000000 5.200000
v -7.300000 4.000000 5.200001
v -7.300000 4.800000 5.200001
v 7.200000 -0.000000 5.400000
v 7.200000 4.000000 5.400000
v 7.200000 4.800000 5.400000
v 7.100000 -0.000000 5.400000
v 7.100000 4.000000 5.400000
v 7.100000 4.800000 5.400000
v -7.099999 -0.000000 5.400001
v -7.099999 4.000000 5.400001
v -7.099999 4.800000 5.400001
v -7.199999 -0.000000 5.400001
v -7.199999 4.000000 5.400001
v -7.199999 4.800000 5.400001
v 7.100000 -0.000000 5.500000
v 7.100000 4.000000 5.500000
v 7.100000 4.800000 5.500000
v 7.000000 -0.000000 5.500000
v 7.000000 4.000000 5.500000
v 7.000000 4.800000 5.500000
v -7.000000 -0.000000 5.500000
v -7.000000 4.000000 5.500001
v -7.000000 4.800000 5.500001
v -7.099999 -0.000000 5.500000
v -7.099999 4.000000 5.500001
v -7.099999 4.800000 5.500001
v 7.000000 -0.000000 5.599999
v 7.000000 4.000000 5.599999
v 7.000000 4.800000 5.599999
v 6.900001 -0.000000 5.599999
v 6.900001 4.000000 5.599999
v 6.900001 4.800000 5.599999
v -6.900000 -0.000000 5.600000
v -6.900000 4.000000 5.600001
v -6.900000 4.800000 5.600001
v -7.000000 -0.000000 5.600000
v -7.000000 4.000000 5.600001
v -7.000000 4.800000 5.600001
v 6.900001 -0.000000 5.699999
v 6.900001 4.000000 5.699999
v 6.900001 4.800000 5.699999
v 6.800001 -0.000000 5.699999
v 6.800001 4.000000 5.699999
v 6.800001 4.800000 5.700000
v -6.800000 -0.000000 5.700000
v -6.800000 4.000000 5.700001
v -6.800000 4.800000 5.700001
v -6.900000 -0.000000 5.700000
v -6.900000 4.000000 5.700001
v -6.900000 4.800000 5.700001
v 6.800001 -0.000000 5.900000
v 6.800001 4.000000 5.900000
v 6.800001 4.800000 5.900000
v 6.700000 -0.000000 5.900000
v 6.700000 4.000000 5.900000
v 6.700000 4.800000 5.900000
v -6.699999 -0.000000 5.900001
v -6.699999 4.000000 5.900001
v -6.699999 4.800000 5.900001
v -6.800000 -0.000000 5.900001
v -6.800000 4.000000 5.900001
v -6.800000 4.800000 5.900001
v 6.700000 -0.000000 6.000000
v 6.700000 4.000000 6.000000
v 6.700000 4.800000 6.000000
v 6.600000 -0.000000 6.000000
v 6.600000 4.000000 6.000000
v 6.600000 4.800000 6.000000
v -6.599999 -0.000000 6.000000
v -6.599999 4.000000 6.000001
v -6.599999 4.800000 6.000001
v -6.699999 -0.000000 6.000000
v -6.699999 4.000000 6.000001
v -6.699999 4.800000 6.000001
v 6.600000 -0.000000 6.099999
v 6.600000 4.000000 6.099999
v 6.600000 4.800000 6.100000
v 6.500000 -0.000000 6.099999
v 6.500000 4.000000 6.099999
v 6.500000 4.800000 6.100000
v -6.500000 -0.000000 6.100000
v -6.500000 4.000000 6.100001
v -6.500000 4.800000 6.100001
v -6.599999 -0.000000 6.100000
v -6.599999 4.000000 6.100001
v -6.599999 4.800000 6.100001
v 6.500000 -0.000000 6.199999
v 6.500000 4.000000 6.199999
v 6.500000 4.800000 6.200000
v 6.400001 -0.000000 6.199999
v 6.400001 4.000000 6.199999
v 6.400001 4.800000 6.200000
v -6.400000 -0.000000 6.200000
v -6.400000 4.000000 6.200001
v -6.400000 4.800000 6.200001
v -6.500000 -0.000000 6.200000
v -6.500000 4.000000 6.200001
v -6.500000 4.800000 6.200001
v 6.400001 -0.000000 6.300000
v 6.400001 4.000000 6.300000
v 6.400001 4.800000 6.300000
v 6.300001 -0.000000 6.300000
v 6.300001 4.000000 6.300000
v 6.300001 4.800000 6.300000
v -6.300000 -0.000000 6.300001
v -6.300000 4.000000 6.300001
v -6.300000 4.800000 6.300001
v -6.400000 -0.000000 6.300001
v -6.400000 4.000000 6.300001
v -6.400000 4.800000 6.300001
v 6.300001 -0.000000 6.400000
v 6.300001 4.000000 6.400000
v 6.300001 4.800000 6.400000
v 6.200000 -0.000000 6.400000
v 6.200000 4.000000 6.400000
v 6.200000 4.800000 6.400000
v -6.199999 -0.000000 6.400001
v -6.199999 4.000000 6.400001
v -6.199999 4.800000 6.400001
v -6.300000 -0.000000 6.400001
v -6.300000 4.000000 6.400001
v -6.300000 4.800000 6.400001
v 6.200000 -0.000000 6.500000
v 6.200000 4.000000 6.500000
v 6.200000 4.800000 6.500000
v 6.100000 -0.000000 6.500000
v 6.100000 4.000000 6.500000
v 6.100000 4.800000 6.500000
v -6.099999 -0.000000 6.500000
v -6.099999 4.000000 6.500001
v -6.099999 4.800000 6.500001
v -6.199999 -0.000000 6.500000
v -6.199999 4.000000 6.500001
v -6.199999 4.800000 6.500001
v 6.100000 -0.000000 6.599999
v 6.100000 4.000000 6.600000
v 6.100000 4.800000 6.600000
v 6.000000 -0.000000 6.599999
v 6.000000 4.000000 6.600000
v 6.000000 4.800000 6.600000
v -6.000000 -0.000000 6.600000
v -6.000000 4.000000 6.600001
v -6.000000 4.800000 6.600001
v -6.099999 -0.000000 6.600000
v -6.099999 4.000000 6.600001
v -6.099999 4.800000 6.600001
v 6.000000 -0.000001 6.699999
v 6.000000 4.000000 6.700000
v 6.000000 4.800000 6.700000
v 5.900001 -0.000001 6.699999
v 5.900001 4.000000 6.700000
v 5.900001 4.800000 6.700000
v -5.900000 -0.000001 6.700000
v -5.900000 4.000000 6.700001
v -5.900000 4.800000 6.700001
v -6.000000 -0.000001 6.700000
v -6.000000 4.000000 6.700001
v -6.000000 4.800000 6.700001
v 5.900001 -0.000001 6.800000
v 5.900001 4.000000 6.800000
v 5.900001 4.800000 6.800000
v 5.700000 -0.000001 6.800000
v 5.700000 4.000000 6.800000
v 5.700000 4.800000 6.800000
v -5.699999 -0.000001 6.800001
v -5.699999 4.000000 6.800001
v -5.699999 4.800000 6.800001
v -5.900000 -0.000001 6.800001
v -5.900000 4.000000 6.800001
v -5.900000 4.800000 6.800001
v 5.700000 -0.000001 6.900000
v 5.700000 4.000000 6.900000
v 5.700000 4.800000 6.900000
v 5.600000 -0.000001 6.900000
v 5.600000 4.000000 6.900000
v 5.600000 4.800000 6.900000
v -5.599999 -0.000001 6.900001
v -5.599999 4.000000 6.900001
v -5.599999 4.800000 6.900001
v -5.699999 -0.000001 6.900001
v -5.699999 4.000000 6.900001
v -5.699999 4.800000 6.900001
v 5.600000 -0.000001 7.000000
v 5.600000 4.000000 7.000000
v 5.600000 4.800000 7.000000
v 5.500000 -0.000001 7.000000
v 5.500000 4.000000 7.000000
v 5.500000 4.800000 7.000000
v -5.500000 -0.000001 7.000000
v -5.500000 4.000000 7.000001
v -5.500000 4.800000 7.000001
v -5.599999 -0.000001 7.000000
v -5.599999 4.000000 7.000001
v -5.599999 4.800000 7.000001
v 5.500000 -0.000001 7.099999
v 5.500000 4.000000 7.100000
v 5.500000 4.800000 7.100000
v 5.400001 -0.000001 7.099999
v 5.400001 4.000000 7.100000
v 5.400001 4.800000 7.100000
v -5.400000 -0.000001 7.100000
v -5.400000 4.000000 7.100001
v -5.400000 4.800000 7.100001
v -5.500000 -0.000001 7.100000
v -5.500000 4.000000 7.100001
v -5.500000 4.800000 7.100001
v 5.400001 -0.000001 7.199999
v 5.400001 4.000000 7.200000
v 5.400001 4.800000 7.200000
v 5.200000 -0.000001 7.199999
v 5.200000 4.000000 7.200000
v 5.200000 4.800000 7.200000
v -5.199999 -0.000001 7.200000
v -5.199999 4.000000 7.200001
v -5.199999 4.800000 7.200001
v -5.400000 -0.000001 7.200000
v -5.400000 4.000000 7.200001
v -5.400000 4.800000 7.200001
v 5.200000 -0.000001 7.300000
v 5.200000 4.000000 7.300000
v 5.200000 4.800000 7.300000
v 5.100000 -0.000001 7.300000
v 5.100000 4.000000 7.300000
v 5.100000 4.800000 7.300000
v -5.099999 -0.000001 7.300001
v -5.099999 4.000000 7.300001
v -5.099999 4.800000 7.300001
v -5.199999 -0.000001 7.300001
v -5.199999 4.000000 7.300001
v -5.199999 4.800000 7.300001
v 5.100000 -0.000001 7.400000
v 5.100000 4.000000 7.400000
v 5.100000 4.800000 7.400000
v 4.900001 -0.000001 7.400000
v 4.900001 4.000000 7.400000
v 4.900001 4.800000 7.400000
v -4.900000 -0.000001 7.400001
v -4.900000 4.000000 7.400001
v -4.900000 4.800000 7.400001
v -5.099999 -0.000001 7.400001
v -5.099999 4.000000 7.400001
v -5.099999 4.800000 7.400001
v 4.900001 -0.000001 7.500000
v 4.900001 4.000000 7.500000
v 4.900001 4.800000 7.500000
v 4.800001 -0.000001 7.500000
v 4.800001 4.000000 7.500000
v 4.800001 4.800000 7.500000
v -4.800000 -0.000001 7.500000
v -4.800000 4.000000 7.500001
v -4.800000 4.800000 7.500001
v -4.900000 -0.000001 7.500000
v -4.900000 4.000000 7.500001
v -4.900000 4.800000 7.500001
v 4.800001 -0.000001 7.599999
v 4.800001 4.000000 7.600000
v 4.800001 4.800000 7.600000
v 4.600000 -0.000001 7.599999
v 4.600000 4.000000 7.600000
v 4.600000 4.800000 7.600000
v -4.599999 -0.000001 7.600000
v -4.599999 4.000000 7.600000
v -4.599999 4.800000 7.600001
v -4.800000 -0.000001 7.600000
v -4.800000 4.000000 7.600001
v -4.800000 4.800000 7.600001
v 4.600000 -0.000001 7.699999
v 4.600000 4.000000 7.700000
v 4.600000 4.800000 7.700000
v 4.400001 -0.000001 7.699999
v 4.400001 4.000000 7.700000
v 4.400001 4.800000 7.700000
v -4.400000 -0.000001 7.700000
v -4.400000 4.000000 7.700000
v -4.400000 4.800000 7.700001
v -4.599999 -0.000001 7.700000
v -4.599999 4.000000 7.700000
v -4.599999 4.800000 7.700001
v 4.400001 -0.000001 7.800000
v 4.400001 4.000000 7.800000
v 4.400001 4.800000 7.800000
v 4.300001 -0.000001 7.800000
v 4.300001 4.000000 7.800000
v 4.300001 4.800000 7.800000
v -4.300000 -0.000001 7.800001
v -4.300000 4.000000 7.800001
v -4.300000 4.800000 7.800001
v -4.400000 -0.000001 7.800001
v -4.400000 4.000000 7.800001
v -4.400000 4.800000 7.800001
v 4.300001 -0.000001 7.900000
v 4.300001 3.999999 7.900000
v 4.300001 4.800000 7.900000
v 4.100000 -0.000001 7.900000
v 4.100000 3.999999 7.900000
v 4.100000 4.800000 7.900000
v -4.099999 -0.000001 7.900001
v -4.099999 3.999999 7.900001
v -4.099999 4.800000 7.900001
v -4.300000 -0.000001 7.900001
v -4.300000 3.999999 7.900001
v -4.300000 4.800000 7.900001
v 4.100000 -0.000001 8.000000
v 4.100000 3.999999 8.000000
v 4.100000 4.800000 8.000000
v 3.900001 -0.000001 8.000000
v 3.900001 3.999999 8.000000
v 3.900001 4.800000 8.000000
v -3.899999 -0.000001 8.000000
v -3.899999 3.999999 8.000001
v -3.899999 4.800000 8.000001
v -4.099999 -0.000001 8.000000
v -4.099999 3.999999 8.000001
v -4.099999 4.800000 8.000001
v 3.900001 -0.000001 8.100000
v 3.900001 3.999999 8.100000
v 3.900001 4.800000 8.100000
v 3.700001 -0.000001 8.100000
v 3.700001 3.999999 8.100000
v 3.700001 4.800000 8.100000
v -3.699999 -0.000001 8.100000
v -3.699999 3.999999 8.100001
v -3.699999 4.800000 8.100001
v -3.899999 -0.000001 8.100000
v -3.899999 3.999999 8.100001
v -3.899999 4.800000 8.100001
v 3.700001 -0.000001 8.200000
v 3.700001 3.999999 8.200000
v 3.700001 4.800000 8.200000
v 3.400001 -0.000001 8.200000
v 3.400001 3.999999 8.200000
v 3.400001 4.800000 8.200000
v -3.399999 -0.000001 8.200000
v -3.399999 3.999999 8.200001
v -3.399999 4.800000 8.200001
v -3.699999 -0.000001 8.200000
v -3.699999 3.999999 8.200001
v -3.699999 4.800000 8.200001
v 3.400001 -0.000001 8.300000
v 3.400001 3.999999 8.300000
v 3.400001 4.800000 8.300000
v 3.200001 -0.000001 8.300000
v 3.200001 3.999999 8.300000
v 3.200001 4.800000 8.300000
v -3.199999 -0.000001 8.300000
v -3.199999 3.999999 8.300001
v -3.199999 4.800000 8.300001
v -3.399999 -0.000001 8.300000
v -3.399999 3.999999 8.300001
v -3.399999 4.800000 8.300001
v 3.200001 -0.000001 8.400000
v 3.200001 3.999999 8.400000
v 3.200001 4.800000 8.400000
v 2.900001 -0.000001 8.400000
v 2.900001 3.999999 8.400000
v 2.900001 4.800000 8.400000
v -2.899999 -0.000001 8.400000
v -2.899999 3.999999 8.400001
v -2.899999 4.800000 8.400001
v -3.199999 -0.000001 8.400000
v -3.199999 3.999999 8.400001
v -3.199999 4.800000 8.400001
v 2.900001 -0.000001 8.500000
v 2.900001 3.999999 8.500000
v 2.900001 4.800000 8.500000
v 2.600001 -0.000001 8.500000
v 2.600001 3.999999 8.500000
v 2.600001 4.800000 8.500000
v -2.599999 -0.000001 8.500000
v -2.599999 3.999999 8.500001
v -2.599999 4.800000 8.500001
v -2.899999 -0.000001 8.500000
v -2.899999 3.999999 8.500001
v -2.899999 4.800000 8.500001
v 2.600001 -0.000001 8.600000
v 2.600001 3.999999 8.600000
v 2.600001 4.800000 8.600000
v 2.200001 -0.000001 8.600000
v 2.200001 3.999999 8.600000
v 2.200001 4.800000 8.600000
v -2.199999 -0.000001 8.600000
v -2.199999 3.999999 8.600001
v -2.199999 4.800000 8.600001
v -2.599999 -0.000001 8.600000
v -2.599999 3.999999 8.600001
v -2.599999 4.800000 8.600001
v 2.200001 -0.000001 8.700000
v 2.200001 3.999999 8.700000
v 2.200001 4.800000 8.700000
v 1.700001 -0.000001 8.700000
v 1.700001 3.999999 8.700000
v 1.700001 4.800000 8.700000
v -1.699999 -0.000001 8.700000
v -1.699999 3.999999 8.700000
v -1.699999 4.800000 8.700001
v -2.199999 -0.000001 8.700000
v -2.199999 3.999999 8.700001
v -2.199999 4.800000 8.700001
v 1.700001 -0.000001 8.800000
v 1.700001 3.999999 8.800000
v 1.700001 4.800000 8.800000
v 1.000001 -0.000001 8.800000
v 1.000001 3.999999 8.800000
v 1.000001 4.800000 8.800000
v -0.999999 -0.000001 8.800000
v -0.999999 3.999999 8.800000
v -0.999999 4.800000 8.800000
v -1.699999 -0.000001 8.800000
v -1.699999 3.999999 8.800000
v -1.699999 4.800000 8.800001
v 1.000001 -0.000001 8.900000
v 1.000001 3.999999 8.900000
v 1.000001 4.800000 8.900000
v 0.600001 0.099999 8.900000
v 0.600001 1.399999 8.900000
v 0.500001 1.399999 8.900000
v 0.500001 1.499999 8.900000
v 0.400001 1.499999 8.900000
v 0.400001 1.599999 8.900000
v 0.300001 1.599999 8.900000
v 0.300001 1.699999 8.900000
v -0.299999 1.599999 8.900000
v -0.299999 1.699999 8.900000
v -0.399999 1.499999 8.900000
v -0.399999 1.599999 8.900000
v -0.499999 1.399999 8.900000
v -0.499999 1.499999 8.900000
v -0.599999 0.099999 8.900000
v -0.599999 1.399999 8.900000
v -0.999999 -0.000001 8.900000
v -0.999999 3.999999 8.900000
v -0.999999 4.800000 8.900000
v 0.999999 0.000001 -8.900000
v -1.000001 0.000001 -8.900000
v 1.699999 0.000001 -8.800000
v 0.999999 0.000001 -8.800000
v 0.899999 0.000001 -8.800000
v -0.900001 0.000001 -8.800000
v -1.000001 0.000001 -8.800000
v -1.700001 0.000001 -8.800000
v 2.199999 0.000001 -8.700000
v 1.699999 0.000001 -8.700000
v 1.599999 0.000001 -8.700000
v 0.899999 0.000001 -8.700000
v -0.900001 0.000001 -8.700000
v -1.600001 0.000001 -8.700000
v -1.700001 0.000001 -8.700000
v -2.200001 0.000001 -8.700000
v 2.599999 0.000001 -8.600000
v 2.199999 0.000001 -8.600000
v 2.099999 0.000001 -8.600000
v 1.599999 0.000001 -8.600000
v -1.600001 0.000001 -8.600000
v -2.100001 0.000001 -8.600000
v -2.200001 0.000001 -8.600000
v -2.600001 0.000001 -8.600000
v 2.899999 0.000001 -8.500000
v 2.599999 0.000001 -8.500000
v 2.499999 0.000001 -8.500000
v 2.099999 0.000001 -8.500000
v -2.100001 0.000001 -8.500000
v -2.500001 0.000001 -8.500000
v -2.600001 0.000001 -8.500000
v -2.900001 0.000001 -8.500000
v 3.199999 0.000001 -8.400000
v 2.899999 0.000001 -8.400000
v 2.799999 0.000001 -8.400000
v 2.499999 0.000001 -8.400000
v -2.500001 0.000001 -8.400000
v -2.800001 0.000001 -8.400000
v -2.900001 0.000001 -8.400000
v -3.200001 0.000001 -8.400000
v 3.399999 0.000001 -8.300000
v 3.199999 0.000001 -8.300000
v 3.099999 0.000001 -8.300000
v 2.799999 0.000001 -8.300000
v -2.800001 0.000001 -8.300000
v -3.100001 0.000001 -8.300000
v -3.200001 0.000001 -8.300000
v -3.400001 0.000001 -8.300000
v 3.699999 0.000001 -8.200000
v 3.399999 0.000001 -8.200000
v 3.299999 0.000001 -8.200000
v 3.099999 0.000001 -8.200000
v -3.100001 0.000001 -8.200000
v -3.300001 0.000001 -8.200000
v -3.400001 0.000001 -8.200000
v -3.700001 0.000001 -8.200000
v 3.899999 0.000001 -8.100000
v 3.699999 0.000001 -8.100000
v 3.599999 0.000001 -8.100000
v 3.299999 0.000001 -8.100000
v -3.300001 0.000001 -8.100000
v -3.600001 0.000001 -8.100000
v -3.700001 0.000001 -8.100000
v -3.900001 0.000001 -8.100000
v 4.099999 0.000001 -8.000000
v 3.899999 0.000001 -8.000000
v 3.799999 0.000001 -8.000000
v 3.599999 0.000001 -8.000000
v -3.600001 0.000001 -8.000000
v -3.800001 0.000001 -8.000000
v -3.900001 0.000001 -8.000000
v -4.100000 0.000001 -8.000000
v 4.300000 0.000001 -7.900001
v 4.099999 0.000001 -7.900001
v 3.999999 0.000001 -7.900001
v 3.799999 0.000001 -7.900001
v -3.800001 0.000001 -7.900000
v -4.000000 0.000001 -7.900000
v -4.100000 0.000001 -7.900000
v -4.300001 0.000001 -7.900000
v 4.400000 0.000001 -7.800001
v 4.300000 0.000001 -7.800001
v 4.199999 0.000001 -7.800001
v 3.999999 0.000001 -7.800001
v -4.000000 0.000001 -7.800000
v -4.200000 0.000001 -7.800000
v -4.300001 0.000001 -7.800000
v -4.400001 0.000001 -7.800000
v 4.599999 0.000001 -7.700000
v 4.400000 0.000001 -7.700000
v 4.300000 0.000001 -7.700000
v 4.199999 0.000001 -7.700000
v -4.200000 0.000001 -7.699999
v -4.300001 0.000001 -7.699999
v -4.400001 0.000001 -7.699999
v -4.600000 0.000001 -7.699999
v 4.800000 0.000001 -7.600000
v 4.599999 0.000001 -7.600000
v 4.500000 0.000001 -7.600000
v 4.300000 0.000001 -7.600000
v -4.300001 0.000001 -7.599999
v -4.500000 0.000001 -7.599999
v -4.600000 0.000001 -7.599999
v -4.800001 0.000001 -7.599999
v 4.900000 0.000001 -7.500000
v 4.800000 0.000001 -7.500000
v 4.699999 0.000001 -7.500000
v 4.500000 0.000001 -7.500000
v -4.500000 0.000001 -7.500000
v -4.700000 0.000001 -7.500000
v -4.800001 0.000001 -7.500000
v -4.900001 0.000001 -7.500000
v 5.099999 0.000001 -7.400001
v 4.900000 0.000001 -7.400001
v 4.800000 0.000001 -7.400001
v 4.699999 0.000001 -7.400001
v -4.700000 0.000001 -7.400000
v -4.800001 0.000001 -7.400000
v -4.900001 0.000001 -7.400000
v -5.100000 0.000001 -7.400000
v 5.199999 0.000001 -7.300001
v 5.099999 0.000001 -7.300001
v 5.000000 0.000001 -7.300001
v 4.800000 0.000001 -7.300001
v -4.800001 0.000001 -7.300000
v -5.000000 0.000001 -7.300000
v -5.100000 0.000001 -7.300000
v -5.200000 0.000001 -7.300000
v 5.400000 0.000001 -7.200000
v 5.199999 0.000001 -7.200000
v 5.099999 0.000001 -7.200000
v 5.000000 0.000001 -7.200000
v -5.000000 0.000001 -7.199999
v -5.100000 0.000001 -7.199999
v -5.200000 0.000001 -7.199999
v -5.400001 0.000001 -7.199999
v 5.500000 0.000001 -7.100000
v 5.400000 0.000001 -7.100000
v 5.300000 0.000001 -7.100000
v 5.099999 0.000001 -7.100000
v -5.100000 0.000001 -7.099999
v -5.300001 0.000001 -7.099999
v -5.400001 0.000001 -7.099999
v -5.500000 0.000001 -7.099999
v 5.599999 0.000001 -7.000000
v 5.500000 0.000001 -7.000000
v 5.400000 0.000001 -7.000000
v 5.300000 0.000001 -7.000000
v -5.300001 0.000001 -7.000000
v -5.400001 0.000001 -7.000000
v -5.500000 0.000001 -7.000000
v -5.600000 0.000001 -7.000000
v 5.699999 0.000001 -6.900001
v 5.599999 0.000001 -6.900001
v 5.500000 0.000001 -6.900001
v 5.400000 0.000001 -6.900001
v -5.400001 0.000001 -6.900000
v -5.500000 0.000001 -6.900000
v -5.600000 0.000001 -6.900000
v -5.700000 0.000001 -6.900000
v 5.900000 0.000001 -6.800001
v 5.699999 0.000001 -6.800001
v 5.599999 0.000001 -6.800001
v 5.500000 0.000001 -6.800001
v -5.500000 0.000001 -6.800000
v -5.600000 0.000001 -6.800000
v -5.700000 0.000001 -6.800000
v -5.900001 0.000001 -6.800000
v 6.000000 0.000001 -6.700000
v 5.900000 0.000001 -6.700000
v 5.800000 0.000001 -6.700000
v 5.599999 0.000001 -6.700000
v -5.600000 0.000001 -6.699999
v -5.800001 0.000001 -6.699999
v -5.900001 0.000001 -6.699999
v -6.000000 0.000001 -6.699999
v 6.099999 0.000000 -6.600000
v 6.000000 0.000000 -6.600000
v 5.900000 0.000000 -6.600000
v 5.800000 0.000000 -6.600000
v -5.800001 0.000000 -6.599999
v -5.900001 0.000000 -6.599999
v -6.000000 0.000000 -6.599999
v -6.100000 0.000000 -6.599999
v 6.199999 0.000000 -6.500000
v 6.099999 0.000000 -6.500000
v 6.000000 0.000000 -6.500000
v 5.900000 0.000000 -6.500000
v -5.900001 0.000000 -6.500000
v -6.000000 0.000000 -6.500000
v -6.100000 0.000000 -6.500000
v -6.200000 0.000000 -6.500000
v 6.300000 0.000000 -6.400001
v 6.199999 0.000000 -6.400001
v 6.099999 0.000000 -6.400001
v 6.000000 0.000000 -6.400001
v -6.000000 0.000000 -6.400000
v -6.100000 0.000000 -6.400000
v -6.200000 0.000000 -6.400000
v -6.300001 0.000000 -6.400000
v 6.400000 0.000000 -6.300001
v 6.300000 0.000000 -6.300001
v 6.199999 0.000000 -6.300001
v 6.099999 0.000000 -6.300001
v -6.100000 0.000000 -6.300000
v -6.200000 0.000000 -6.300000
v -6.300001 0.000000 -6.300000
v -6.400001 0.000000 -6.300000
v 6.500000 0.000000 -6.200000
v 6.400000 0.000000 -6.200000
v 6.300000 0.000000 -6.200000
v 6.199999 0.000000 -6.200000
v -6.200000 0.000000 -6.199999
v -6.300001 0.000000 -6.199999
v -6.400001 0.000000 -6.199999
v -6.500000 0.000000 -6.199999
v 6.599999 0.000000 -6.100000
v 6.500000 0.000000 -6.100000
v 6.400000 0.000000 -6.100000
v 6.300000 0.000000 -6.100000
v -6.300001 0.000000 -6.099999
v -6.400001 0.000000 -6.099999
v -6.500000 0.000000 -6.099999
v -6.600000 0.000000 -6.099999
v 6.699999 0.000000 -6.000000
v 6.599999 0.000000 -6.000000
v 6.500000 0.000000 -6.000000
v 6.400000 0.000000 -6.000000
v -6.400001 0.000000 -6.000000
v -6.500000 0.000000 -6.000000
v -6.600000 0.000000 -6.000000
v -6.700000 0.000000 -6.000000
v 6.800000 0.000000 -5.900001
v 6.699999 0.000000 -5.900001
v 6.599999 0.000000 -5.900001
v 6.500000 0.000000 -5.900001
v -6.500000 0.000000 -5.900000
v -6.600000 0.000000 -5.900000
v -6.700000 0.000000 -5.900000
v -6.800001 0.000000 -5.900000
v 6.699999 0.000000 -5.800001
v 6.599999 0.000000 -5.800001
v -6.600000 0.000000 -5.800000
v -6.700000 0.000000 -5.800000
v 6.900000 0.000000 -5.700000
v 6.800000 0.000000 -5.700000
v -6.800001 0.000000 -5.699999
v -6.900001 0.000000 -5.699999
v 7.000000 0.000000 -5.600000
v 6.900000 0.000000 -5.600000
v 6.800000 0.000000 -5.600000
v 6.699999 0.000000 -5.600000
v -6.700000 0.000000 -5.599999
v -6.800001 0.000000 -5.599999
v -6.900001 0.000000 -5.599999
v -7.000000 0.000000 -5.599999
v 7.099999 0.000000 -5.500000
v 7.000000 0.000000 -5.500000
v 6.900000 0.000000 -5.500000
v 6.800000 0.000000 -5.500000
v -6.800001 0.000000 -5.500000
v -6.900001 0.000000 -5.500000
v -7.000000 0.000000 -5.500000
v -7.100000 0.000000 -5.500000
v 7.199999 0.000000 -5.400001
v 7.099999 0.000000 -5.400001
v 7.000000 0.000000 -5.400001
v 6.900000 0.000000 -5.400001
v -6.900001 0.000000 -5.400000
v -7.000000 0.000000 -5.400000
v -7.100000 0.000000 -5.400000
v -7.200000 0.000000 -5.400000
v 7.099999 0.000000 -5.300001
v 7.000000 0.000000 -5.300001
v -7.000000 0.000000 -5.300000
v -7.100000 0.000000 -5.300000
v 7.300000 0.000000 -5.200000
v 7.199999 0.000000 -5.200000
v -7.200000 0.000000 -5.199999
v -7.300001 0.000000 -5.199999
v 7.400000 0.000000 -5.100000
v 7.300000 0.000000 -5.100000
v 7.199999 0.000000 -5.100000
v 7.099999 0.000000 -5.100000
v 0.800000 0.000000 -5.100000
v 0.200000 0.000000 -5.100000
v -0.200000 0.000000 -5.100000
v -0.800000 0.000000 -5.100000
v -7.100000 0.000000 -5.099999
v -7.200000 0.000000 -5.099999
v -7.300001 0.000000 -5.099999
v -7.400001 0.000000 -5.099999
v 7.300000 0.000000 -5.000000
v 7.199999 0.000000 -5.000000
v 1.299999 0.000000 -5.000000
v 0.800000 0.000000 -5.000000
v 0.200000 0.000000 -5.000000
v -0.200000 0.000000 -5.000000
v -0.800000 0.000000 -5.000000
v -1.300000 0.000000 -5.000000
v -7.200000 0.000000 -5.000000
v -7.300001 0.000000 -5.000000
v 7.500000 0.000000 -4.900001
v 7.400000 0.000000 -4.900001
v 1.700000 0.000000 -4.900000
v 1.299999 0.000000 -4.900000
v -1.300000 0.000000 -4.900000
v -1.700001 0.000000 -4.900000
v -7.400001 0.000000 -4.900000
v -7.500000 0.000000 -4.900000
v 7.599999 0.000000 -4.800001
v 7.500000 0.000000 -4.800001
v 7.400000 0.000000 -4.800001
v 7.300000 0.000000 -4.800001
v 1.899999 0.000000 -4.800000
v 1.700000 0.000000 -4.800000
v -1.700001 0.000000 -4.800000
v -1.900000 0.000000 -4.800000
v -7.300001 0.000000 -4.800000
v -7.400001 0.000000 -4.800000
v -7.500000 0.000000 -4.800000
v -7.600000 0.000000 -4.800000
v 7.500000 0.000000 -4.700000
v 7.400000 0.000000 -4.700000
v 2.200000 0.000000 -4.700000
v 1.900000 0.000000 -4.700000
v -1.900000 0.000000 -4.700000
v -2.200001 0.000000 -4.700000
v -7.400001 0.000000 -4.699999
v -7.500000 0.000000 -4.699999
v 7.699999 0.000000 -4.600000
v 7.599999 0.000000 -4.600000
v 2.400000 0.000000 -4.600000
v 2.200000 0.000000 -4.600000
v -2.200001 0.000000 -4.600000
v -2.400001 0.000000 -4.600000
v -7.600000 0.000000 -4.599999
v -7.700000 0.000000 -4.599999
v 7.599999 0.000000 -4.500000
v 7.500000 0.000000 -4.500000
v 2.599999 0.000000 -4.500000
v 2.400000 0.000000 -4.500000
v -2.400001 0.000000 -4.500000
v -2.600000 0.000000 -4.500000
v -7.500000 0.000000 -4.500000
v -7.600000 0.000000 -4.500000
v 7.800000 0.000000 -4.400001
v 7.699999 0.000000 -4.400001
v 2.700000 0.000000 -4.400000
v 2.599999 0.000000 -4.400000
v -2.600000 0.000000 -4.400000
v -2.700001 0.000000 -4.400000
v -7.700000 0.000000 -4.400000
v -7.800001 0.000000 -4.400000
v 7.900000 0.000000 -4.300001
v 7.800000 0.000000 -4.300001
v 7.699999 0.000000 -4.300001
v 7.599999 0.000000 -4.300001
v 2.900000 0.000000 -4.300001
v 2.700000 0.000000 -4.300000
v -2.700001 0.000000 -4.300000
v -2.900001 0.000000 -4.300000
v -7.600000 0.000000 -4.300000
v -7.700000 0.000000 -4.300000
v -7.800001 0.000000 -4.300000
v -7.900001 0.000000 -4.300000
v 7.800000 0.000000 -4.200000
v 7.699999 0.000000 -4.200000
v 3.000000 0.000000 -4.200000
v 2.900000 0.000000 -4.200000
v -2.900001 0.000000 -4.199999
v -3.000000 0.000000 -4.199999
v -7.700000 0.000000 -4.199999
v -7.800001 0.000000 -4.199999
v 8.000000 0.000000 -4.100000
v 7.900000 0.000000 -4.100000
v 3.200000 0.000000 -4.100000
v 3.000000 0.000000 -4.100000
v -3.000000 0.000000 -4.099999
v -3.200001 0.000000 -4.099999
v -7.900001 0.000000 -4.099999
v -8.000000 0.000000 -4.099999
v 7.900000 0.000000 -4.000000
v 7.800000 0.000000 -4.000000
v 3.300000 0.000000 -4.000000
v 3.200000 0.000000 -4.000000
v -3.200000 0.000000 -4.000000
v -3.300000 0.000000 -4.000000
v -7.800001 0.000000 -3.999999
v -7.900001 0.000000 -3.999999
v 8.100000 0.000000 -3.900001
v 8.000000 0.000000 -3.900001
v 3.400000 0.000000 -3.900000
v 3.300000 0.000000 -3.900000
v -3.300000 0.000000 -3.900000
v -3.400000 0.000000 -3.900000
v -8.000000 0.000000 -3.899999
v -8.100000 0.000000 -3.899999
v 8.000000 0.000000 -3.800001
v 7.900000 0.000000 -3.800001
v 3.500000 0.000000 -3.800000
v 3.400000 0.000000 -3.800000
v -3.400000 0.000000 -3.800000
v -3.500000 0.000000 -3.800000
v -7.900001 0.000000 -3.799999
v -8.000000 0.000000 -3.799999
v 8.200000 0.000000 -3.700001
v 8.100000 0.000000 -3.700001
v 3.600000 0.000000 -3.700000
v 3.500000 0.000000 -3.700000
v -3.500000 0.000000 -3.700000
v -3.600000 0.000000 -3.700000
v -8.100000 0.000000 -3.699999
v -8.200000 0.000000 -3.699999
v 8.100000 0.000000 -3.600001
v 8.000000 0.000000 -3.600001
v 3.700000 0.000000 -3.600000
v 3.600000 0.000000 -3.600000
v -3.600000 0.000000 -3.600000
v -3.700000 0.000000 -3.600000
v -8.000000 0.000000 -3.599999
v -8.100000 0.000000 -3.599999
v 3.800000 0.000000 -3.500000
v 3.700000 0.000000 -3.500000
v -3.700000 0.000000 -3.500000
v -3.800000 0.000000 -3.500000
v 8.300000 0.000000 -3.400001
v 8.200000 0.000000 -3.400001
v 3.900000 0.000000 -3.400000
v 3.800000 0.000000 -3.400000
v -3.800000 0.000000 -3.400000
v -3.900000 0.000000 -3.400000
v -8.200000 0.000000 -3.399999
v -8.300000 0.000000 -3.399999
v 8.200000 0.000000 -3.300001
v 8.100000 0.000000 -3.300001
v 4.000000 0.000000 -3.300000
v 3.900000 0.000000 -3.300000
v -3.900000 0.000000 -3.300000
v -4.000000 0.000000 -3.300000
v -8.100000 0.000000 -3.299999
v -8.200000 0.000000 -3.299999
v 8.400000 0.000000 -3.200001
v 8.300000 0.000000 -3.200001
v 4.099999 0.000000 -3.200001
v 4.000000 0.000000 -3.200000
v -4.000000 0.000000 -3.200000
v -4.100000 0.000000 -3.200000
v -8.300000 0.000000 -3.199999
v -8.400000 0.000000 -3.199999
v 8.300000 0.000000 -3.100001
v 8.200000 0.000000 -3.100001
v -8.200000 0.000000 -3.099999
v -8.300000 0.000000 -3.099999
v 4.199999 0.000000 -3.000000
v 4.099999 0.000000 -3.000000
v -4.100000 0.000000 -3.000000
v -4.200000 0.000000 -3.000000
v 8.500000 0.000000 -2.900001
v 8.400000 0.000000 -2.900001
v 4.300000 0.000000 -2.900001
v 4.199999 0.000000 -2.900001
v -4.200000 0.000000 -2.900000
v -4.300001 0.000000 -2.900000
v -8.400000 0.000000 -2.899999
v -8.500000 0.000000 -2.899999
v 8.400000 0.000000 -2.800001
v 8.300000 0.000000 -2.800001
v -8.300000 0.000000 -2.799999
v -8.400000 0.000000 -2.799999
v 4.400000 0.000000 -2.700001
v 4.300000 0.000000 -2.700001
v -4.300000 0.000000 -2.700000
v -4.400000 0.000000 -2.700000
v 8.600000 0.000000 -2.600001
v 8.500000 0.000000 -2.600001
v 4.500000 0.000000 -2.600000
v 4.400000 0.000000 -2.600000
v -4.400000 0.000000 -2.599999
v -4.500000 0.000000 -2.599999
v -8.500000 0.000000 -2.599999
v -8.600000 0.000000 -2.599999
v 8.500000 0.000000 -2.500001
v 8.400000 0.000000 -2.500001
v -8.400000 0.000000 -2.499999
v -8.500000 0.000000 -2.499999
v 4.600000 0.000000 -2.400001
v 4.500000 0.000000 -2.400001
v -4.500000 0.000000 -2.400000
v -4.600000 0.000000 -2.400000
v 8.700000 0.000000 -2.200001
v 8.600000 0.000000 -2.200001
v 4.700000 0.000000 -2.200001
v 4.600000 0.000000 -2.200001
v -4.600000 0.000000 -2.200000
v -4.700000 0.000000 -2.200000
v -8.600000 0.000000 -2.199999
v -8.700000 0.000000 -2.199999
v 8.600000 0.000000 -2.100001
v 8.500000 0.000000 -2.100001
v -8.500000 0.000000 -2.099999
v -8.600000 0.000000 -2.099999
v 4.800000 0.000000 -1.900000
v 4.700000 0.000000 -1.900000
v -4.700000 0.000000 -1.900000
v -4.800000 0.000000 -1.899999
v 8.800000 0.000000 -1.700001
v 8.700000 0.000000 -1.700001
v 4.900000 0.000000 -1.700001
v 4.800000 0.000000 -1.700001
v -4.800000 0.000000 -1.700000
v -4.900000 0.000000 -1.700000
v -8.700000 0.000000 -1.699999
v -8.800000 0.000000 -1.699999
v 8.700000 0.000000 -1.600001
v 8.600000 0.000000 -1.600001
v -8.600000 0.000000 -1.599999
v -8.700000 0.000000 -1.599999
v 5.000000 0.000000 -1.300000
v 4.900000 0.000000 -1.300000
v -4.900000 0.000000 -1.299999
v -5.000000 0.000000 -1.299999
v 8.900000 0.000000 -1.000001
v 8.800000 0.000000 -1.000001
v -8.800000 0.000000 -0.999999
v -8.900000 0.000000 -0.999999
v 8.800000 0.000000 -0.900001
v 8.700000 0.000000 -0.900001
v -8.700000 0.000000 -0.899999
v -8.800000 0.000000 -0.899999
v 5.100000 0.000000 -0.800000
v 5.000000 0.000000 -0.800000
v -5.000000 0.000000 -0.800000
v -5.100000 0.000000 -0.800000
v 5.100000 0.000000 -0.200000
v 5.000000 0.000000 -0.200000
v -5.000000 0.000000 -0.200000
v -5.100000 0.000000 -0.200000
v 5.100000 -0.000000 0.200000
v 5.000000 -0.000000 0.200000
v -5.000000 -0.000000 0.200000
v -5.100000 -0.000000 0.200000
v 5.100000 -0.000000 0.800000
v 5.000000 -0.000000 0.800000
v -5.000000 -0.000000 0.800000
v -5.100000 -0.000000 0.800000
v 8.800000 -0.000000 0.900000
v 8.700000 -0.000000 0.900000
v -8.700000 -0.000000 0.900002
v -8.800000 -0.000000 0.900002
v 8.900000 -0.000000 0.999999
v 8.800000 -0.000000 0.999999
v -8.800000 -0.000000 1.000001
v -8.900000 -0.000000 1.000001
v 5.000000 -0.000000 1.299999
v 4.900000 -0.000000 1.299999
v -4.900000 -0.000000 1.300000
v -5.000000 -0.000000 1.300000
v 8.700000 -0.000000 1.599999
v 8.600000 -0.000000 1.599999
v -8.600000 -0.000000 1.600001
v -8.700000 -0.000000 1.600001
v 8.800000 -0.000000 1.699999
v 8.700000 -0.000000 1.699999
v 4.900000 -0.000000 1.700000
v 4.800000 -0.000000 1.700000
v -4.800000 -0.000000 1.700001
v -4.900000 -0.000000 1.700001
v -8.700000 -0.000000 1.700001
v -8.800000 -0.000000 1.700001
v 4.800000 -0.000000 1.899999
v 4.700000 -0.000000 1.900000
v -4.700000 -0.000000 1.900000
v -4.800000 -0.000000 1.900000
v 8.600000 -0.000000 2.099999
v 8.500000 -0.000000 2.099999
v -8.500000 -0.000000 2.100001
v -8.600000 -0.000000 2.100001
v 8.700000 -0.000000 2.199999
v 8.600000 -0.000000 2.199999
v 4.700000 -0.000000 2.200000
v 4.600000 -0.000000 2.200000
v -4.600000 -0.000000 2.200001
v -4.700000 -0.000000 2.200001
v -8.600000 -0.000000 2.200001
v -8.700000 -0.000000 2.200001
v 4.600000 -0.000000 2.400000
v 4.500000 -0.000000 2.400000
v -4.500000 -0.000000 2.400001
v -4.600000 -0.000000 2.400001
v 8.500000 -0.000000 2.499999
v 8.400000 -0.000000 2.499999
v -8.400000 -0.000000 2.500001
v -8.500000 -0.000000 2.500001
v 8.600000 -0.000000 2.599999
v 8.500000 -0.000000 2.599999
v 4.500000 -0.000000 2.599999
v 4.400000 -0.000000 2.599999
v -4.400000 -0.000000 2.600000
v -4.500000 -0.000000 2.600000
v -8.500000 -0.000000 2.600001
v -8.600000 -0.000000 2.600001
v 4.400000 -0.000000 2.700000
v 4.300000 -0.000000 2.700000
v -4.300000 -0.000000 2.700001
v -4.400000 -0.000000 2.700001
v 8.400000 -0.000000 2.799999
v 8.300000 -0.000000 2.799999
v -8.300000 -0.000000 2.800001
v -8.400000 -0.000000 2.800001
v 8.500000 -0.000000 2.899999
v 8.400000 -0.000000 2.899999
v 4.300001 -0.000000 2.900000
v 4.200000 -0.000000 2.900000
v -4.199999 -0.000000 2.900001
v -4.300000 -0.000000 2.900001
v -8.400000 -0.000000 2.900001
v -8.500000 -0.000000 2.900001
v 4.200000 -0.000000 3.000000
v 4.100000 -0.000000 3.000000
v -4.099999 -0.000000 3.000000
v -4.199999 -0.000000 3.000000
v 8.300000 -0.000000 3.099999
v 8.200000 -0.000000 3.099999
v -8.200000 -0.000000 3.100001
v -8.300000 -0.000000 3.100001
v 8.400000 -0.000000 3.199999
v 8.300000 -0.000000 3.199999
v 4.100000 -0.000000 3.200000
v 4.000000 -0.000000 3.200000
v -4.000000 -0.000000 3.200000
v -4.099999 -0.000000 3.200001
v -8.300000 -0.000000 3.200001
v -8.400000 -0.000000 3.200001
v 8.200000 -0.000000 3.299999
v 8.100000 -0.000000 3.299999
v 4.000000 -0.000000 3.300000
v 3.900000 -0.000000 3.300000
v -3.900000 -0.000000 3.300000
v -4.000000 -0.000000 3.300000
v -8.100000 -0.000000 3.300001
v -8.200000 -0.000000 3.300001
v 8.300000 -0.000000 3.399999
v 8.200000 -0.000000 3.399999
v 3.900000 -0.000000 3.400000
v 3.800000 -0.000000 3.400000
v -3.800000 -0.000000 3.400000
v -3.900000 -0.000000 3.400000
v -8.200000 -0.000000 3.400001
v -8.300000 -0.000000 3.400001
v 3.800000 -0.000000 3.500000
v 3.700000 -0.000000 3.500000
v -3.700000 -0.000000 3.500000
v -3.800000 -0.000000 3.500000
v 8.100000 -0.000000 3.599999
v 8.000000 -0.000000 3.599999
v 3.700000 -0.000000 3.600000
v 3.600000 -0.000000 3.600000
v -3.600000 -0.000000 3.600000
v -3.700000 -0.000000 3.600000
v -8.000000 -0.000000 3.600001
v -8.100000 -0.000000 3.600001
v 8.200000 -0.000000 3.699999
v 8.100000 -0.000000 3.699999
v 3.600000 -0.000000 3.700000
v 3.500000 -0.000000 3.700000
v -3.500000 -0.000000 3.700000
v -3.600000 -0.000000 3.700000
v -8.100000 -0.000000 3.700001
v -8.200000 -0.000000 3.700001
v 8.000000 -0.000000 3.799999
v 7.900001 -0.000000 3.799999
v 3.500000 -0.000000 3.800000
v 3.400000 -0.000000 3.800000
v -3.400000 -0.000000 3.800000
v -3.500000 -0.000000 3.800000
v -7.900000 -0.000000 3.800001
v -8.000000 -0.000000 3.800001
v 8.100000 -0.000000 3.899999
v 8.000000 -0.000000 3.899999
v 3.400000 -0.000000 3.900000
v 3.300000 -0.000000 3.900000
v -3.300000 -0.000000 3.900000
v -3.400000 -0.000000 3.900000
v -8.000000 -0.000000 3.900001
v -8.100000 -0.000000 3.900001
v 7.900001 -0.000000 3.999999
v 7.800001 -0.000000 3.999999
v 3.300000 -0.000000 4.000000
v 3.200000 -0.000000 4.000000
v -3.200000 -0.000000 4.000000
v -3.300000 -0.000000 4.000000
v -7.800000 -0.000000 4.000000
v -7.900000 -0.000000 4.000000
v 8.000000 -0.000000 4.099999
v 7.900001 -0.000000 4.099999
v 3.200001 -0.000000 4.099999
v 3.000000 -0.000000 4.099999
v -3.000000 -0.000000 4.100000
v -3.200000 -0.000000 4.100000
v -7.900000 -0.000000 4.100000
v -8.000000 -0.000000 4.100000
v 7.800001 -0.000000 4.199999
v 7.700000 -0.000000 4.199999
v 3.000000 -0.000000 4.199999
v 2.900001 -0.000000 4.199999
v -2.900000 -0.000000 4.200000
v -3.000000 -0.000000 4.200000
v -7.699999 -0.000000 4.200000
v -7.800000 -0.000000 4.200000
v 7.900001 -0.000000 4.300000
v 7.800001 -0.000000 4.300000
v 7.700000 -0.000000 4.300000
v 7.600000 -0.000000 4.300000
v 2.900001 -0.000000 4.300000
v 2.700001 -0.000000 4.300000
v -2.700000 -0.000000 4.300000
v -2.900000 -0.000000 4.300001
v -7.599999 -0.000000 4.300001
v -7.699999 -0.000000 4.300001
v -7.800000 -0.000000 4.300001
v -7.900000 -0.000000 4.300001
v 7.800001 -0.000000 4.400000
v 7.700000 -0.000000 4.400000
v 2.700001 -0.000000 4.400000
v 2.600000 -0.000000 4.400000
v -2.599999 -0.000000 4.400000
v -2.700000 -0.000000 4.400000
v -7.699999 -0.000000 4.400001
v -7.800000 -0.000000 4.400001
v 7.600000 -0.000000 4.500000
v 7.500000 -0.000000 4.500000
v 2.600000 -0.000000 4.500000
v 2.400001 -0.000000 4.500000
v -2.400000 -0.000000 4.500000
v -2.599999 -0.000000 4.500000
v -7.500000 -0.000000 4.500000
v -7.599999 -0.000000 4.500000
v 7.700000 -0.000000 4.599999
v 7.600000 -0.000000 4.599999
v 2.400001 -0.000000 4.600000
v 2.200001 -0.000000 4.600000
v -2.200000 -0.000000 4.600000
v -2.400000 -0.000000 4.600000
v -7.599999 -0.000000 4.600000
v -7.699999 -0.000000 4.600000
v 7.500000 -0.000000 4.699999
v 7.400001 -0.000000 4.699999
v 2.200001 -0.000000 4.700000
v 1.900000 -0.000000 4.700000
v -1.900000 -0.000000 4.700000
v -2.200000 -0.000000 4.700000
v -7.400000 -0.000000 4.700000
v -7.500000 -0.000000 4.700000
v 7.600000 -0.000000 4.800000
v 7.500000 -0.000000 4.800000
v 7.400001 -0.000000 4.800000
v 7.300001 -0.000000 4.800000
v 1.900000 -0.000000 4.800000
v 1.700001 -0.000000 4.800000
v -1.700000 -0.000000 4.800000
v -1.899999 -0.000000 4.800000
v -7.300000 -0.000000 4.800001
v -7.400000 -0.000000 4.800001
v -7.500000 -0.000000 4.800001
v -7.599999 -0.000000 4.800001
v 7.500000 -0.000000 4.900000
v 7.400001 -0.000000 4.900000
v 1.700001 -0.000000 4.900000
v 1.300000 -0.000000 4.900000
v -1.299999 -0.000000 4.900000
v -1.700000 -0.000000 4.900000
v -7.400000 -0.000000 4.900001
v -7.500000 -0.000000 4.900001
v 7.300001 -0.000000 5.000000
v 7.200000 -0.000000 5.000000
v 1.300000 -0.000000 5.000000
v 0.800000 -0.000000 5.000000
v -0.800000 -0.000000 5.000000
v -1.299999 -0.000000 5.000000
v -7.199999 -0.000000 5.000000
v -7.300000 -0.000000 5.000000
v 7.400001 -0.000000 5.099999
v 7.300001 -0.000000 5.099999
v 7.200000 -0.000000 5.099999
v 7.100000 -0.000000 5.099999
v 0.800000 -0.000000 5.100000
v -0.800000 -0.000000 5.100000
v -7.099999 -0.000000 5.100000
v -7.199999 -0.000000 5.100000
v -7.300000 -0.000000 5.100000
v -7.400000 -0.000000 5.100000
v 7.300001 -0.000000 5.199999
v 7.200000 -0.000000 5.199999
v -7.199999 -0.000000 5.200000
v -7.300000 -0.000000 5.200000
v 7.100000 -0.000000 5.300000
v 7.000000 -0.000000 5.300000
v -7.000000 -0.000000 5.300001
v -7.099999 -0.000000 5.300001
v 7.200000 -0.000000 5.400000
v 7.100000 -0.000000 5.400000
v 7.000000 -0.000000 5.400000
v 6.900001 -0.000000 5.400000
v -6.900000 -0.000000 5.400001
v -7.000000 -0.000000 5.400001
v -7.099999 -0.000000 5.400001
v -7.199999 -0.000000 5.400001
v 7.100000 -0.000000 5.500000
v 7.000000 -0.000000 5.500000
v 6.900001 -0.000000 5.500000
v 6.800001 -0.000000 5.500000
v -6.800000 -0.000000 5.500000
v -6.900000 -0.000000 5.500000
v -7.000000 -0.000000 5.500000
v -7.099999 -0.000000 5.500000
v 7.000000 -0.000000 5.599999
v 6.900001 -0.000000 5.599999
v 6.800001 -0.000000 5.599999
v 6.700000 -0.000000 5.599999
v -6.699999 -0.000000 5.600000
v -6.800000 -0.000000 5.600000
v -6.900000 -0.000000 5.600000
v -7.000000 -0.000000 5.600000
v 6.900001 -0.000000 5.699999
v 6.800001 -0.000000 5.699999
v -6.800000 -0.000000 5.700000
v -6.900000 -0.000000 5.700000
v 6.700000 -0.000000 5.800000
v 6.600000 -0.000000 5.800000
v -6.599999 -0.000000 5.800001
v -6.699999 -0.000000 5.800001
v 6.800001 -0.000000 5.900000
v 6.700000 -0.000000 5.900000
v 6.600000 -0.000000 5.900000
v 6.500000 -0.000000 5.900000
v -6.500000 -0.000000 5.900001
v -6.599999 -0.000000 5.900001
v -6.699999 -0.000000 5.900001
v -6.800000 -0.000000 5.900001
v 6.700000 -0.000000 6.000000
v 6.600000 -0.000000 6.000000
v 6.500000 -0.000000 6.000000
v 6.400001 -0.000000 6.000000
v -6.400000 -0.000000 6.000000
v -6.500000 -0.000000 6.000000
v -6.599999 -0.000000 6.000000
v -6.699999 -0.000000 6.000000
v 6.600000 -0.000000 6.099999
v 6.500000 -0.000000 6.099999
v 6.400001 -0.000000 6.099999
v 6.300001 -0.000000 6.099999
v -6.300000 -0.000000 6.100000
v -6.400000 -0.000000 6.100000
v -6.500000 -0.000000 6.100000
v -6.599999 -0.000000 6.100000
v 6.500000 -0.000000 6.199999
v 6.400001 -0.000000 6.199999
v 6.300001 -0.000000 6.199999
v 6.200000 -0.000000 6.199999
v -6.199999 -0.000000 6.200000
v -6.300000 -0.000000 6.200000
v -6.400000 -0.000000 6.200000
v -6.500000 -0.000000 6.200000
v 6.400001 -0.000000 6.300000
v 6.300001 -0.000000 6.300000
v 6.200000 -0.000000 6.300000
v 6.100000 -0.000000 6.300000
v -6.099999 -0.000000 6.300001
v -6.199999 -0.000000 6.300001
v -6.300000 -0.000000 6.300001
v -6.400000 -0.000000 6.300001
v 6.300001 -0.000000 6.400000
v 6.200000 -0.000000 6.400000
v 6.100000 -0.000000 6.400000
v 6.000000 -0.000000 6.400000
v -6.000000 -0.000000 6.400001
v -6.099999 -0.000000 6.400001
v -6.199999 -0.000000 6.400001
v -6.300000 -0.000000 6.400001
v 6.200000 -0.000000 6.500000
v 6.100000 -0.000000 6.500000
v 6.000000 -0.000000 6.500000
v 5.900001 -0.000000 6.500000
v -5.900000 -0.000000 6.500000
v -6.000000 -0.000000 6.500000
v -6.099999 -0.000000 6.500000
v -6.199999 -0.000000 6.500000
v 6.100000 -0.000000 6.599999
v 6.000000 -0.000000 6.599999
v 5.900001 -0.000000 6.599999
v 5.800001 -0.000000 6.599999
v -5.800000 -0.000000 6.600000
v -5.900000 -0.000000 6.600000
v -6.000000 -0.000000 6.600000
v -6.099999 -0.000000 6.600000
v 6.000000 -0.000001 6.699999
v 5.900001 -0.000001 6.699999
v 5.800001 -0.000001 6.699999
v 5.600000 -0.000001 6.699999
v -5.599999 -0.000001 6.700000
v -5.800000 -0.000001 6.700000
v -5.900000 -0.000001 6.700000
v -6.000000 -0.000001 6.700000
v 5.900001 -0.000001 6.800000
v 5.700000 -0.000001 6.800000
v 5.600000 -0.000001 6.800000
v 5.500000 -0.000001 6.800000
v -5.500000 -0.000001 6.800001
v -5.599999 -0.000001 6.800001
v -5.699999 -0.000001 6.800001
v -5.900000 -0.000001 6.800001
v 5.700000 -0.000001 6.900000
v 5.600000 -0.000001 6.900000
v 5.500000 -0.000001 6.900000
v 5.400001 -0.000001 6.900000
v -5.400000 -0.000001 6.900001
v -5.500000 -0.000001 6.900001
v -5.599999 -0.000001 6.900001
v -5.699999 -0.000001 6.900001
v 5.600000 -0.000001 7.000000
v 5.500000 -0.000001 7.000000
v 5.400001 -0.000001 7.000000
v 5.300001 -0.000001 7.000000
v -5.300000 -0.000001 7.000000
v -5.400000 -0.000001 7.000000
v -5.500000 -0.000001 7.000000
v -5.599999 -0.000001 7.000000
v 5.500000 -0.000001 7.099999
v 5.400001 -0.000001 7.099999
v 5.300001 -0.000001 7.099999
v 5.100000 -0.000001 7.099999
v -5.099999 -0.000001 7.100000
v -5.300000 -0.000001 7.100000
v -5.400000 -0.000001 7.100000
v -5.500000 -0.000001 7.100000
v 5.400001 -0.000001 7.199999
v 5.200000 -0.000001 7.199999
v 5.100000 -0.000001 7.199999
v 5.000000 -0.000001 7.199999
v -5.000000 -0.000001 7.200000
v -5.099999 -0.000001 7.200000
v -5.199999 -0.000001 7.200000
v -5.400000 -0.000001 7.200000
v 5.200000 -0.000001 7.300000
v 5.100000 -0.000001 7.300000
v 5.000000 -0.000001 7.300000
v 4.800001 -0.000001 7.300000
v -4.800000 -0.000001 7.300001
v -5.000000 -0.000001 7.300001
v -5.099999 -0.000001 7.300001
v -5.199999 -0.000001 7.300001
v 5.100000 -0.000001 7.400000
v 4.900001 -0.000001 7.400000
v 4.800001 -0.000001 7.400000
v 4.700000 -0.000001 7.400000
v -4.699999 -0.000001 7.400001
v -4.800000 -0.000001 7.400001
v -4.900000 -0.000001 7.400001
v -5.099999 -0.000001 7.400001
v 4.900001 -0.000001 7.500000
v 4.800001 -0.000001 7.500000
v 4.700000 -0.000001 7.500000
v 4.500000 -0.000001 7.500000
v -4.500000 -0.000001 7.500000
v -4.699999 -0.000001 7.500000
v -4.800000 -0.000001 7.500000
v -4.900000 -0.000001 7.500000
v 4.800001 -0.000001 7.599999
v 4.600000 -0.000001 7.599999
v 4.500000 -0.000001 7.599999
v 4.300001 -0.000001 7.599999
v -4.300000 -0.000001 7.600000
v -4.500000 -0.000001 7.600000
v -4.599999 -0.000001 7.600000
v -4.800000 -0.000001 7.600000
v 4.600000 -0.000001 7.699999
v 4.400001 -0.000001 7.699999
v 4.300001 -0.000001 7.699999
v 4.200000 -0.000001 7.699999
v -4.199999 -0.000001 7.700000
v -4.300000 -0.000001 7.700000
v -4.400000 -0.000001 7.700000
v -4.599999 -0.000001 7.700000
v 4.400001 -0.000001 7.800000
v 4.300001 -0.000001 7.800000
v 4.200000 -0.000001 7.800000
v 4.000000 -0.000001 7.800000
v -3.999999 -0.000001 7.800001
v -4.199999 -0.000001 7.800001
v -4.300000 -0.000001 7.800001
v -4.400000 -0.000001 7.800001
v 4.300001 -0.000001 7.900000
v 4.100000 -0.000001 7.900000
v 4.000000 -0.000001 7.900000
v 3.800001 -0.000001 7.900000
v -3.799999 -0.000001 7.900001
v -3.999999 -0.000001 7.900001
v -4.099999 -0.000001 7.900001
v -4.300000 -0.000001 7.900001
v 4.100000 -0.000001 8.000000
v 3.900001 -0.000001 8.000000
v 3.800001 -0.000001 8.000000
v 3.600001 -0.000001 8.000000
v -3.599999 -0.000001 8.000000
v -3.799999 -0.000001 8.000000
v -3.899999 -0.000001 8.000000
v -4.099999 -0.000001 8.000000
v 3.900001 -0.000001 8.100000
v 3.700001 -0.000001 8.100000
v 3.600001 -0.000001 8.100000
v 3.300001 -0.000001 8.100000
v -3.299999 -0.000001 8.100000
v -3.599999 -0.000001 8.100000
v -3.699999 -0.000001 8.100000
v -3.899999 -0.000001 8.100000
v 3.700001 -0.000001 8.200000
v 3.400001 -0.000001 8.200000
v 3.300001 -0.000001 8.200000
v 3.100001 -0.000001 8.200000
v -3.099999 -0.000001 8.200000
v -3.299999 -0.000001 8.200000
v -3.399999 -0.000001 8.200000
v -3.699999 -0.000001 8.200000
v 3.400001 -0.000001 8.300000
v 3.200001 -0.000001 8.300000
v 3.100001 -0.000001 8.300000
v 2.800001 -0.000001 8.300000
v -2.799999 -0.000001 8.300000
v -3.099999 -0.000001 8.300000
v -3.199999 -0.000001 8.300000
v -3.399999 -0.000001 8.300000
v 3.200001 -0.000001 8.400000
v 2.900001 -0.000001 8.400000
v 2.800001 -0.000001 8.400000
v 2.500001 -0.000001 8.400000
v -2.499999 -0.000001 8.400000
v -2.799999 -0.000001 8.400000
v -2.899999 -0.000001 8.400000
v -3.199999 -0.000001 8.400000
v 2.900001 -0.000001 8.500000
v 2.600001 -0.000001 8.500000
v 2.500001 -0.000001 8.500000
v 2.100001 -0.000001 8.500000
v -2.099999 -0.000001 8.500000
v -2.499999 -0.000001 8.500000
v -2.599999 -0.000001 8.500000
v -2.899999 -0.000001 8.500000
v 2.600001 -0.000001 8.600000
v 2.200001 -0.000001 8.600000
v 2.100001 -0.000001 8.600000
v 1.600001 -0.000001 8.600000
v -1.599999 -0.000001 8.600000
v -2.099999 -0.000001 8.600000
v -2.199999 -0.000001 8.600000
v -2.599999 -0.000001 8.600000
v 2.200001 -0.000001 8.700000
v 1.700001 -0.000001 8.700000
v 1.600001 -0.000001 8.700000
v 0.900001 -0.000001 8.700000
v -0.899999 -0.000001 8.700000
v -1.599999 -0.000001 8.700000
v -1.699999 -0.000001 8.700000
v -2.199999 -0.000001 8.700000
v 1.700001 -0.000001 8.800000
v 1.000001 -0.000001 8.800000
v 0.900001 -0.000001 8.800000
v -0.899999 -0.000001 8.800000
v -0.999999 -0.000001 8.800000
v -1.699999 -0.000001 8.800000
v 1.000001 -0.000001 8.900000
v -0.999999 -0.000001 8.900000
v 10.900000 0.100000 -0.500001
v 10.500000 0.100000 -0.500001
v 11.000000 0.100000 -0.400001
v 10.900000 0.100000 -0.400001
v 10.500000 0.100000 -0.400001
v 10.400000 0.100000 -0.400001
v 11.100000 0.100000 -0.300001
v 11.000000 0.100000 -0.300001
v 10.400000 0.100000 -0.300001
v 10.300000 0.100000 -0.300001
v 11.200000 0.100000 -0.200001
v 11.100000 0.100000 -0.200001
v 10.300000 0.100000 -0.200001
v 10.200000 0.100000 -0.200001
v 11.200000 0.100000 0.199999
v 11.100000 0.100000 0.199999
v 10.300000 0.100000 0.199999
v 10.200000 0.100000 0.199999
v 11.100000 0.100000 0.299999
v 11.000000 0.100000 0.299999
v 10.400000 0.100000 0.299999
v 10.300000 0.100000 0.299999
v 11.000000 0.100000 0.400000
v 10.900000 0.100000 0.400000
v 10.500000 0.100000 0.400000
v 10.400000 0.100000 0.400000
v 10.900000 0.100000 0.499999
v 10.500000 0.100000 0.499999
v 0.200000 1.600001 -5.700000
v 0.100000 1.600001 -5.700000
v -0.100001 1.600001 -5.700000
v -0.200000 1.600001 -5.700000
v 0.200000 1.600001 -5.600000
v 0.100000 1.600001 -5.600000
v -0.100000 1.600001 -5.600000
v -0.200000 1.600001 -5.600000
v 0.200000 1.600000 -5.400000
v 0.100000 1.600000 -5.400000
v -0.100000 1.600000 -5.400000
v -0.200000 1.600000 -5.400000
v 0.200000 1.600000 -5.300000
v 0.100000 1.600000 -5.300000
v -0.100000 1.600000 -5.300000
v -0.200000 1.600000 -5.300000
v 4.199999 1.600000 -4.100000
v 4.099999 1.600000 -4.100000
v 3.900000 1.600000 -4.100000
v 3.799999 1.600000 -4.100000
v -3.800000 1.600000 -4.099999
v -3.900001 1.600000 -4.099999
v -4.100000 1.600000 -4.099999
v -4.200000 1.600000 -4.099999
v 4.199999 1.600000 -4.000000
v 4.099999 1.600000 -4.000000
v 3.900000 1.600000 -4.000000
v 3.800000 1.600000 -4.000000
v -3.800000 1.600000 -4.000000
v -3.900000 1.600000 -4.000000
v -4.100000 1.600000 -4.000000
v -4.200000 1.600000 -4.000000
v 4.199999 1.600000 -3.800000
v 4.099999 1.600000 -3.800000
v 3.900000 1.600000 -3.800000
v 3.800000 1.600000 -3.800000
v -3.800000 1.600000 -3.799999
v -3.900000 1.600000 -3.799999
v -4.100000 1.600000 -3.799999
v -4.200000 1.600000 -3.799999
v 4.199999 1.600000 -3.700000
v 4.099999 1.600000 -3.700000
v 3.900000 1.600000 -3.700000
v 3.800000 1.600000 -3.700000
v -3.800000 1.600000 -3.700000
v -3.900000 1.600000 -3.700000
v -4.100000 1.600000 -3.700000
v -4.200000 1.600000 -3.700000
v 10.900000 1.600000 -0.200001
v 10.800000 1.600000 -0.200001
v 10.600000 1.600000 -0.200001
v 10.500000 1.600000 -0.200001
v 5.700000 1.600000 -0.200000
v 5.600000 1.600000 -0.200000
v 5.400000 1.600000 -0.200000
v 5.300000 1.600000 -0.200000
v -5.300000 1.600000 -0.199999
v -5.400000 1.600000 -0.199999
v -5.600000 1.600000 -0.199999
v -5.700000 1.600000 -0.199999
v 10.900000 1.600000 -0.100000
v 10.800000 1.600000 -0.100000
v 10.600000 1.600000 -0.100000
v 10.500000 1.600000 -0.100000
v 5.700000 1.600000 -0.100000
v 5.600000 1.600000 -0.100000
v 5.400000 1.600000 -0.100000
v 5.300000 1.600000 -0.100000
v -5.300000 1.600000 -0.099999
v -5.400000 1.600000 -0.099999
v -5.600000 1.600000 -0.099999
v -5.700000 1.600000 -0.099999
v 10.900000 1.600000 0.099999
v 10.800000 1.600000 0.099999
v 10.600000 1.600000 0.099999
v 10.500000 1.600000 0.099999
v 5.700000 1.600000 0.100000
v 5.600000 1.600000 0.100000
v 5.400000 1.600000 0.100000
v 5.300000 1.600000 0.100000
v -5.300000 1.600000 0.100001
v -5.400000 1.600000 0.100001
v -5.600000 1.600000 0.100001
v -5.700000 1.600000 0.100001
v 10.900000 1.600000 0.199999
v 10.800000 1.600000 0.199999
v 10.600000 1.600000 0.199999
v 10.500000 1.600000 0.199999
v 5.700000 1.600000 0.200000
v 5.600000 1.600000 0.200000
v 5.400000 1.600000 0.200000
v 5.300000 1.600000 0.200000
v -5.300000 1.600000 0.200001
v -5.400000 1.600000 0.200001
v -5.600000 1.600000 0.200001
v -5.700000 1.600000 0.200001
v 0.199999 1.800000 -5.800000
v -0.200001 1.800000 -5.800000
v 0.300000 1.800000 -5.700000
v 0.200000 1.800000 -5.700000
v -0.200000 1.800000 -5.700000
v -0.300001 1.800000 -5.700000
v 0.300000 1.800000 -5.300000
v 0.200000 1.800000 -5.300000
v -0.200000 1.800000 -5.300000
v -0.300000 1.800000 -5.300000
v 0.200000 1.800000 -5.200000
v -0.200000 1.800000 -5.200000
v 4.199999 1.800000 -4.200000
v 3.799999 1.800000 -4.200000
v -3.800000 1.800000 -4.199999
v -4.200000 1.800000 -4.199999
v 4.300000 1.800000 -4.100000
v 4.199999 1.800000 -4.100000
v 3.799999 1.800000 -4.100000
v 3.700000 1.800000 -4.100000
v -3.700001 1.800000 -4.099999
v -3.800000 1.800000 -4.099999
v -4.200000 1.800000 -4.099999
v -4.300001 1.800000 -4.099999
v 4.300000 1.800000 -3.700000
v 4.199999 1.800000 -3.700000
v 3.800000 1.800000 -3.700000
v 3.700000 1.800000 -3.700000
v -3.700000 1.800000 -3.700000
v -3.800000 1.800000 -3.700000
v -4.200000 1.800000 -3.700000
v -4.300001 1.800000 -3.700000
v 4.199999 1.800000 -3.600000
v 3.800000 1.800000 -3.600000
v -3.800000 1.800000 -3.599999
v -4.200000 1.800000 -3.599999
v 10.900000 1.800000 -0.300001
v 10.500000 1.800000 -0.300001
v 5.700000 1.800000 -0.300000
v 5.300000 1.800000 -0.300000
v -5.300000 1.800000 -0.299999
v -5.700000 1.800000 -0.299999
v 11.000000 1.800000 -0.200001
v 10.900000 1.800000 -0.200001
v 10.500000 1.800000 -0.200001
v 10.400000 1.800000 -0.200001
v 5.800000 1.800000 -0.200000
v 5.700000 1.800000 -0.200000
v 5.300000 1.800000 -0.200000
v 5.200000 1.800000 -0.200000
v -5.200000 1.800000 -0.199999
v -5.300000 1.800000 -0.199999
v -5.700000 1.800000 -0.199999
v -5.800000 1.800000 -0.199999
v 11.000000 1.800000 0.199999
v 10.900000 1.800000 0.199999
v 10.500000 1.800000 0.199999
v 10.400000 1.800000 0.199999
v 5.800000 1.800000 0.200000
v 5.700000 1.800000 0.200000
v 5.300000 1.800000 0.200000
v 5.200000 1.800000 0.200000
v -5.200000 1.800000 0.200001
v -5.300000 1.800000 0.200001
v -5.700000 1.800000 0.200001
v -5.800000 1.800000 0.200001
v 10.900000 1.800000 0.299999
v 10.500000 1.800000 0.299999
v 5.700000 1.800000 0.300000
v 5.300000 1.800000 0.300000
v -5.300000 1.800000 0.300001
v -5.700000 1.800000 0.300001
v 0.199999 1.900000 -5.900000
v -0.200001 1.900000 -5.900000
v 0.300000 1.900000 -5.800000
v 0.199999 1.900000 -5.800000
v -0.200001 1.900000 -5.800000
v -0.300001 1.900000 -5.800000
v 0.399999 1.900000 -5.700000
v 0.300000 1.900000 -5.700000
v 0.200000 1.900000 -5.700000
v -0.200000 1.900000 -5.700000
v -0.300001 1.900000 -5.700000
v -0.400001 1.900000 -5.700000
v 0.400000 1.900000 -5.300000
v 0.300000 1.900000 -5.300000
v 0.200000 1.900000 -5.300000
v -0.200000 1.900000 -5.300000
v -0.300000 1.900000 -5.300000
v -0.400000 1.900000 -5.300000
v 0.300000 1.900000 -5.200000
v 0.200000 1.900000 -5.200000
v -0.200000 1.900000 -5.200000
v -0.300000 1.900000 -5.200000
v 0.200000 1.900000 -5.100000
v -0.200000 1.900000 -5.100000
v 4.199999 1.900000 -4.300000
v 3.799999 1.900000 -4.300000
v -3.800000 1.900000 -4.300000
v -4.200000 1.900000 -4.300000
v 4.300000 1.900000 -4.200000
v 4.199999 1.900000 -4.200000
v 3.799999 1.900000 -4.200000
v 3.700000 1.900000 -4.200000
v -3.700001 1.900000 -4.199999
v -3.800000 1.900000 -4.199999
v -4.200000 1.900000 -4.199999
v -4.300001 1.900000 -4.199999
v 4.400000 1.900000 -4.100000
v 4.300000 1.900000 -4.100000
v 4.199999 1.900000 -4.100000
v 3.799999 1.900000 -4.100000
v 3.700000 1.900000 -4.100000
v 3.599999 1.900000 -4.100000
v -3.600000 1.900000 -4.099999
v -3.700001 1.900000 -4.099999
v -3.800000 1.900000 -4.099999
v -4.200000 1.900000 -4.099999
v -4.300001 1.900000 -4.099999
v -4.400001 1.900000 -4.099999
v 4.400000 1.900000 -3.700000
v 4.300000 1.900000 -3.700000
v 4.199999 1.900000 -3.700000
v 3.800000 1.900000 -3.700000
v 3.700000 1.900000 -3.700000
v 3.600000 1.900000 -3.700000
v -3.600000 1.900000 -3.700000
v -3.700000 1.900000 -3.700000
v -3.800000 1.900000 -3.700000
v -4.200000 1.900000 -3.700000
v -4.300001 1.900000 -3.700000
v -4.400001 1.900000 -3.700000
v 4.300000 1.900000 -3.600000
v 4.199999 1.900000 -3.600000
v 3.800000 1.900000 -3.600000
v 3.700000 1.900000 -3.600000
v -3.700000 1.900000 -3.599999
v -3.800000 1.900000 -3.599999
v -4.200000 1.900000 -3.599999
v -4.300001 1.900000 -3.599999
v 4.199999 1.900000 -3.500000
v 3.800000 1.900000 -3.500000
v -3.800000 1.900000 -3.500000
v -4.200000 1.900000 -3.500000
v 10.900000 1.900000 -0.400001
v 10.500000 1.900000 -0.400001
v 5.700000 1.900000 -0.400000
v 5.300000 1.900000 -0.400000
v -5.300000 1.900000 -0.399999
v -5.700000 1.900000 -0.399999
v 11.000000 1.900000 -0.300001
v 10.900000 1.900000 -0.300001
v 10.500000 1.900000 -0.300001
v 10.400000 1.900000 -0.300001
v 5.800000 1.900000 -0.300000
v 5.700000 1.900000 -0.300000
v 5.300000 1.900000 -0.300000
v 5.200000 1.900000 -0.300000
v -5.200000 1.900000 -0.299999
v -5.300000 1.900000 -0.299999
v -5.700000 1.900000 -0.299999
v -5.800000 1.900000 -0.299999
v 11.100000 1.900000 -0.200001
v 11.000000 1.900000 -0.200001
v 10.900000 1.900000 -0.200001
v 10.500000 1.900000 -0.200001
v 10.400000 1.900000 -0.200001
v 10.300000 1.900000 -0.200001
v 5.900000 1.900000 -0.200000
v 5.800000 1.900000 -0.200000
v 5.700000 1.900000 -0.200000
v 5.300000 1.900000 -0.200000
v 5.200000 1.900000 -0.200000
v 5.100000 1.900000 -0.200000
v -5.100000 1.900000 -0.199999
v -5.200000 1.900000 -0.199999
v -5.300000 1.900000 -0.199999
v -5.700000 1.900000 -0.199999
v -5.800000 1.900000 -0.199999
v -5.900000 1.900000 -0.199999
v 11.100000 1.900000 0.199999
v 11.000000 1.900000 0.199999
v 10.900000 1.900000 0.199999
v 10.500000 1.900000 0.199999
v 10.400000 1.900000 0.199999
v 10.300000 1.900000 0.199999
v 5.900000 1.900000 0.200000
v 5.800000 1.900000 0.200000
v 5.700000 1.900000 0.200000
v 5.300000 1.900000 0.200000
v 5.200000 1.900000 0.200000
v 5.100000 1.900000 0.200000
v -5.100000 1.900000 0.200001
v -5.200000 1.900000 0.200001
v -5.300000 1.900000 0.200001
v -5.700000 1.900000 0.200001
v -5.800000 1.900000 0.200001
v -5.900000 1.900000 0.200001
v 11.000000 1.900000 0.299999
v 10.900000 1.900000 0.299999
v 10.500000 1.900000 0.299999
v 10.400000 1.900000 0.299999
v 5.800000 1.900000 0.300000
v 5.700000 1.900000 0.300000
v 5.300000 1.900000 0.300000
v 5.200000 1.900000 0.300000
v -5.200000 1.900000 0.300001
v -5.300000 1.900000 0.300001
v -5.700000 1.900000 0.300001
v -5.800000 1.900000 0.300001
v 10.900000 1.900000 0.400000
v 10.500000 1.900000 0.400000
v 5.700000 1.900000 0.400001
v 5.300000 1.900000 0.400001
v -5.300000 1.900000 0.400002
v -5.700000 1.900000 0.400002
v 0.199999 2.000000 -6.000000
v -0.200001 2.000000 -6.000000
v 0.300000 2.000000 -5.900000
v 0.199999 2.000000 -5.900000
v -0.200001 2.000000 -5.900000
v -0.300001 2.000000 -5.900000
v 0.399999 2.000000 -5.800000
v 0.300000 2.000000 -5.800000
v 0.199999 2.000000 -5.800000
v -0.200001 2.000000 -5.800000
v -0.300001 2.000000 -5.800000
v -0.400001 2.000000 -5.800000
v 0.499999 2.000000 -5.700000
v 0.399999 2.000000 -5.700000
v 0.300000 2.000000 -5.700000
v -0.300001 2.000000 -5.700000
v -0.400001 2.000000 -5.700000
v -0.500000 2.000000 -5.700000
v 0.500000 2.000000 -5.300000
v 0.400000 2.000000 -5.300000
v 0.300000 2.000000 -5.300000
v -0.300000 2.000000 -5.300000
v -0.400000 2.000000 -5.300000
v -0.500000 2.000000 -5.300000
v 0.400000 2.000000 -5.200000
v 0.300000 2.000000 -5.200000
v 0.200000 2.000000 -5.200000
v -0.200000 2.000000 -5.200000
v -0.300000 2.000000 -5.200000
v -0.400000 2.000000 -5.200000
v 0.300000 2.000000 -5.100000
v 0.200000 2.000000 -5.100000
v -0.200000 2.000000 -5.100000
v -0.300000 2.000000 -5.100000
v 0.200000 2.000000 -5.000000
v -0.200000 2.000000 -5.000000
v 4.199999 2.000000 -4.400000
v 3.799999 2.000000 -4.400000
v -3.800000 2.000000 -4.400000
v -4.200000 2.000000 -4.400000
v 4.300000 2.000000 -4.300000
v 4.199999 2.000000 -4.300000
v 3.799999 2.000000 -4.300000
v 3.700000 2.000000 -4.300000
v -3.700001 2.000000 -4.300000
v -3.800000 2.000000 -4.300000
v -4.200000 2.000000 -4.300000
v -4.300001 2.000000 -4.300000
v 4.400000 2.000000 -4.200000
v 4.300000 2.000000 -4.200000
v 4.199999 2.000000 -4.200000
v 3.799999 2.000000 -4.200000
v 3.700000 2.000000 -4.200000
v 3.599999 2.000000 -4.200000
v -3.600000 2.000000 -4.199999
v -3.700001 2.000000 -4.199999
v -3.800000 2.000000 -4.199999
v -4.200000 2.000000 -4.199999
v -4.300001 2.000000 -4.199999
v -4.400001 2.000000 -4.199999
v 4.500000 2.000000 -4.100000
v 4.400000 2.000000 -4.100000
v 4.300000 2.000000 -4.100000
v 3.700000 2.000000 -4.100000
v 3.599999 2.000000 -4.100000
v 3.500000 2.000000 -4.100000
v -3.500000 2.000000 -4.099999
v -3.600000 2.000000 -4.099999
v -3.700001 2.000000 -4.099999
v -4.300001 2.000000 -4.099999
v -4.400001 2.000000 -4.099999
v -4.500000 2.000000 -4.099999
v 4.500000 2.000000 -3.700000
v 4.400000 2.000000 -3.700000
v 4.300000 2.000000 -3.700000
v 3.700000 2.000000 -3.700000
v 3.600000 2.000000 -3.700000
v 3.500000 2.000000 -3.700000
v -3.500000 2.000000 -3.700000
v -3.600000 2.000000 -3.700000
v -3.700000 2.000000 -3.700000
v -4.300001 2.000000 -3.700000
v -4.400001 2.000000 -3.700000
v -4.500000 2.000000 -3.700000
v 4.400000 2.000000 -3.600000
v 4.300000 2.000000 -3.600000
v 4.199999 2.000000 -3.600000
v 3.800000 2.000000 -3.600000
v 3.700000 2.000000 -3.600000
v 3.600000 2.000000 -3.600000
v -3.600000 2.000000 -3.599999
v -3.700000 2.000000 -3.599999
v -3.800000 2.000000 -3.599999
v -4.200000 2.000000 -3.599999
v -4.300001 2.000000 -3.599999
v -4.400001 2.000000 -3.599999
v 4.300000 2.000000 -3.500000
v 4.199999 2.000000 -3.500000
v 3.800000 2.000000 -3.500000
v 3.700000 2.000000 -3.500000
v -3.700000 2.000000 -3.500000
v -3.800000 2.000000 -3.500000
v -4.200000 2.000000 -3.500000
v -4.300001 2.000000 -3.500000
v 4.199999 2.000000 -3.400000
v 3.800000 2.000000 -3.400000
v -3.800000 2.000000 -3.400000
v -4.200000 2.000000 -3.400000
v 10.900000 2.000000 -0.500001
v 10.500000 2.000000 -0.500001
v 5.700000 2.000000 -0.500000
v 5.300000 2.000000 -0.500000
v -5.300000 2.000000 -0.499999
v -5.700000 2.000000 -0.499999
v 11.000000 2.000000 -0.400001
v 10.900000 2.000000 -0.400001
v 10.500000 2.000000 -0.400001
v 10.400000 2.000000 -0.400001
v 5.800000 2.000000 -0.400000
v 5.700000 2.000000 -0.400000
v 5.300000 2.000000 -0.400000
v 5.200000 2.000000 -0.400000
v -5.200000 2.000000 -0.399999
v -5.300000 2.000000 -0.399999
v -5.700000 2.000000 -0.399999
v -5.800000 2.000000 -0.399999
v 11.100000 2.000000 -0.300001
v 11.000000 2.000000 -0.300001
v 10.900000 2.000000 -0.300001
v 10.500000 2.000000 -0.300001
v 10.400000 2.000000 -0.300001
v 10.300000 2.000000 -0.300001
v 5.900000 2.000000 -0.300000
v 5.800000 2.000000 -0.300000
v 5.700000 2.000000 -0.300000
v 5.300000 2.000000 -0.300000
v 5.200000 2.000000 -0.300000
v 5.100000 2.000000 -0.300000
v -5.100000 2.000000 -0.299999
v -5.200000 2.000000 -0.299999
v -5.300000 2.000000 -0.299999
v -5.700000 2.000000 -0.299999
v -5.800000 2.000000 -0.299999
v -5.900000 2.000000 -0.299999
v 11.200000 2.000000 -0.200001
v 11.100000 2.000000 -0.200001
v 11.000000 2.000000 -0.200001
v 10.400000 2.000000 -0.200001
v 10.300000 2.000000 -0.200001
v 10.200000 2.000000 -0.200001
v 6.000000 2.000000 -0.200000
v 5.900000 2.000000 -0.200000
v 5.800000 2.000000 -0.200000
v 5.200000 2.000000 -0.200000
v 5.100000 2.000000 -0.200000
v 5.000000 2.000000 -0.200000
v -5.000000 2.000000 -0.199999
v -5.100000 2.000000 -0.199999
v -5.200000 2.000000 -0.199999
v -5.800000 2.000000 -0.199999
v -5.900000 2.000000 -0.199999
v -6.000000 2.000000 -0.199999
v 11.200000 2.000000 0.199999
v 11.100000 2.000000 0.199999
v 11.000000 2.000000 0.199999
v 10.400000 2.000000 0.199999
v 10.300000 2.000000 0.199999
v 10.200000 2.000000 0.199999
v 6.000000 2.000000 0.200000
v 5.900000 2.000000 0.200000
v 5.800000 2.000000 0.200000
v 5.200000 2.000000 0.200000
v 5.100000 2.000000 0.200000
v 5.000000 2.000000 0.200000
v -5.000000 2.000000 0.200001
v -5.100000 2.000000 0.200001
v -5.200000 2.000000 0.200001
v -5.800000 2.000000 0.200001
v -5.900000 2.000000 0.200001
v -6.000000 2.000000 0.200001
v 11.100000 2.000000 0.299999
v 11.000000 2.000000 0.299999
v 10.900000 2.000000 0.299999
v 10.500000 2.000000 0.299999
v 10.400000 2.000000 0.299999
v 10.300000 2.000000 0.299999
v 5.900000 2.000000 0.300000
v 5.800000 2.000000 0.300000
v 5.700000 2.000000 0.300000
v 5.300000 2.000000 0.300000
v 5.200000 2.000000 0.300000
v 5.100000 2.000000 0.300000
v -5.100000 2.000000 0.300001
v -5.200000 2.000000 0.300001
v -5.300000 2.000000 0.300001
v -5.700000 2.000000 0.300001
v -5.800000 2.000000 0.300001
v -5.900000 2.000000 0.300001
v 11.000000 2.000000 0.400000
v 10.900000 2.000000 0.400000
v 10.500000 2.000000 0.400000
v 10.400000 2.000000 0.400000
v 5.800000 2.000000 0.400001
v 5.700000 2.000000 0.400001
v 5.300000 2.000000 0.400001
v 5.200000 2.000000 0.400001
v -5.200000 2.000000 0.400002
v -5.300000 2.000000 0.400002
v -5.700000 2.000000 0.400002
v -5.800000 2.000000 0.400002
v 10.900000 2.000000 0.499999
v 10.500000 2.000000 0.499999
v 5.700000 2.000000 0.500000
v 5.300000 2.000000 0.500000
v -5.300000 2.000000 0.500001
v -5.700000 2.000000 0.500001
v 0.899999 4.000000 -8.800000
v -0.900001 4.000000 -8.800000
v 1.599999 4.000000 -8.700000
v 0.899999 4.000000 -8.700000
v -0.900001 4.000000 -8.700000
v -1.600001 4.000000 -8.700000
v 2.099999 4.000000 -8.600000
v 1.599999 4.000000 -8.600000
v -1.600001 4.000000 -8.600000
v -2.100001 4.000000 -8.599999
v 2.499999 4.000000 -8.500000
v 2.099999 4.000000 -8.500000
v -2.100001 4.000000 -8.499999
v -2.500001 4.000000 -8.499999
v 2.799999 4.000000 -8.400000
v 2.499999 4.000000 -8.400000
v -2.500001 4.000000 -8.399999
v -2.800001 4.000000 -8.399999
v 3.099999 4.000000 -8.300000
v 2.799999 4.000000 -8.300000
v -2.800001 4.000000 -8.299999
v -3.100001 4.000000 -8.299999
v 3.299999 4.000000 -8.200000
v 3.099999 4.000000 -8.200000
v -3.100001 4.000000 -8.199999
v -3.300001 4.000000 -8.199999
v 3.599999 4.000000 -8.100000
v 3.299999 4.000000 -8.100000
v -3.300001 4.000000 -8.099999
v -3.600001 4.000000 -8.099999
v 3.799999 4.000000 -8.000000
v 3.599999 4.000000 -8.000000
v -3.600001 4.000000 -8.000000
v -3.800001 4.000000 -8.000000
v 3.999999 4.000000 -7.900000
v 3.799999 4.000000 -7.900000
v -3.800001 4.000000 -7.900000
v -4.000000 4.000000 -7.900000
v 4.199999 4.000000 -7.800000
v 3.999999 4.000000 -7.800000
v -4.000000 4.000000 -7.800000
v -4.200000 4.000000 -7.800000
v 4.300000 4.000000 -7.700000
v 4.199999 4.000000 -7.700000
v -4.200000 4.000000 -7.699999
v -4.300001 4.000000 -7.699999
v 4.500000 4.000000 -7.600000
v 4.300000 4.000000 -7.600000
v 0.899999 4.000000 -7.600000
v -0.900001 4.000000 -7.599999
v -4.300001 4.000000 -7.599999
v -4.500000 4.000000 -7.599999
v 4.699999 4.000000 -7.500000
v 4.500000 4.000000 -7.500000
v 1.599999 4.000000 -7.500000
v 0.899999 4.000000 -7.500000
v -0.900001 4.000000 -7.500000
v -1.600001 4.000000 -7.500000
v -4.500000 4.000000 -7.500000
v -4.700000 4.000000 -7.500000
v 4.800000 4.000000 -7.400000
v 4.699999 4.000000 -7.400000
v 2.099999 4.000000 -7.400000
v 1.599999 4.000000 -7.400000
v -1.600001 4.000000 -7.400000
v -2.100001 4.000000 -7.400000
v -4.700000 4.000000 -7.400000
v -4.800001 4.000000 -7.399999
v 5.000000 4.000000 -7.300000
v 4.800000 4.000000 -7.300000
v 2.499999 4.000000 -7.300000
v 2.099999 4.000000 -7.300000
v -2.100001 4.000000 -7.300000
v -2.500001 4.000000 -7.300000
v -4.800001 4.000000 -7.299999
v -5.000000 4.000000 -7.299999
v 5.099999 4.000000 -7.200000
v 5.000000 4.000000 -7.200000
v 2.799999 4.000000 -7.200000
v 2.499999 4.000000 -7.200000
v -2.500001 4.000000 -7.199999
v -2.800001 4.000000 -7.199999
v -5.000000 4.000000 -7.199999
v -5.100000 4.000000 -7.199999
v 5.300000 4.000000 -7.100000
v 5.099999 4.000000 -7.100000
v 3.099999 4.000000 -7.100000
v 2.799999 4.000000 -7.100000
v -2.800001 4.000000 -7.099999
v -3.100001 4.000000 -7.099999
v -5.100000 4.000000 -7.099999
v -5.300001 4.000000 -7.099999
v 5.400000 4.000000 -7.000000
v 5.300000 4.000000 -7.000000
v 3.299999 4.000000 -7.000000
v 3.099999 4.000000 -7.000000
v -3.100001 4.000000 -7.000000
v -3.300001 4.000000 -7.000000
v -5.300001 4.000000 -6.999999
v -5.400001 4.000000 -6.999999
v 5.500000 4.000000 -6.900000
v 5.400000 4.000000 -6.900000
v 3.599999 4.000000 -6.900000
v 3.299999 4.000000 -6.900000
v -3.300001 4.000000 -6.900000
v -3.600001 4.000000 -6.900000
v -5.400001 4.000000 -6.899999
v -5.500000 4.000000 -6.899999
v 5.599999 4.000000 -6.800000
v 5.500000 4.000000 -6.800000
v 3.799999 4.000000 -6.800000
v 3.599999 4.000000 -6.800000
v -3.600000 4.000000 -6.800000
v -3.800000 4.000000 -6.800000
v -5.500000 4.000000 -6.799999
v -5.600000 4.000000 -6.799999
v 5.800000 4.000000 -6.700000
v 5.599999 4.000000 -6.700000
v 4.000000 4.000000 -6.700000
v 3.799999 4.000000 -6.700000
v -3.800000 4.000000 -6.699999
v -4.000000 4.000000 -6.699999
v -5.600000 4.000000 -6.699999
v -5.800001 4.000000 -6.699999
v 5.900000 4.000000 -6.600000
v 5.800000 4.000000 -6.600000
v 4.199999 4.000000 -6.600000
v 4.000000 4.000000 -6.600000
v -4.000000 4.000000 -6.599999
v -4.200000 4.000000 -6.599999
v -5.800001 4.000000 -6.599999
v -5.900001 4.000000 -6.599999
v 6.000000 4.000000 -6.500000
v 5.900000 4.000000 -6.500000
v 4.300000 4.000000 -6.500000
v 4.199999 4.000000 -6.500000
v -4.200000 4.000000 -6.500000
v -4.300001 4.000000 -6.500000
v -5.900001 4.000000 -6.499999
v -6.000000 4.000000 -6.499999
v 6.099999 4.000000 -6.400000
v 6.000000 4.000000 -6.400000
v 4.500000 4.000000 -6.400000
v 4.300000 4.000000 -6.400000
v -4.300001 4.000000 -6.400000
v -4.500000 4.000000 -6.400000
v -6.000000 4.000000 -6.399999
v -6.100000 4.000000 -6.399999
v 6.199999 4.000000 -6.300001
v 6.099999 4.000000 -6.300000
v 4.699999 4.000000 -6.300000
v 4.500000 4.000000 -6.300000
v -4.500000 4.000000 -6.300000
v -4.700000 4.000000 -6.300000
v -6.100000 4.000000 -6.299999
v -6.200000 4.000000 -6.299999
v 6.300000 4.000000 -6.200000
v 6.199999 4.000000 -6.200000
v 4.800000 4.000000 -6.200000
v 4.699999 4.000000 -6.200000
v -4.700000 4.000000 -6.199999
v -4.800001 4.000000 -6.199999
v -6.200000 4.000000 -6.199999
v -6.300001 4.000000 -6.199999
v 6.400000 4.000000 -6.100000
v 6.300000 4.000000 -6.100000
v 5.000000 4.000000 -6.100000
v 4.800000 4.000000 -6.100000
v -4.800001 4.000000 -6.099999
v -5.000000 4.000000 -6.099999
v -6.300001 4.000000 -6.099999
v -6.400001 4.000000 -6.099999
v 6.500000 4.000000 -6.000000
v 6.400000 4.000000 -6.000000
v 5.099999 4.000000 -6.000000
v 5.000000 4.000000 -6.000000
v -5.000000 4.000000 -5.999999
v -5.100000 4.000000 -5.999999
v -6.400001 4.000000 -5.999999
v -6.500000 4.000000 -5.999999
v 6.599999 4.000000 -5.900001
v 6.500000 4.000000 -5.900001
v 5.300000 4.000000 -5.900000
v 5.099999 4.000000 -5.900000
v -5.100000 4.000000 -5.899999
v -5.300001 4.000000 -5.899999
v -6.500000 4.000000 -5.899999
v -6.600000 4.000000 -5.899999
v 6.699999 4.000000 -5.800001
v 6.599999 4.000000 -5.800001
v 5.400000 4.000000 -5.800000
v 5.300000 4.000000 -5.800000
v -5.300001 4.000000 -5.799999
v -5.400001 4.000000 -5.799999
v -6.600000 4.000000 -5.799999
v -6.700000 4.000000 -5.799999
v 5.500000 4.000000 -5.700000
v 5.400000 4.000000 -5.700000
v -5.400001 4.000000 -5.699999
v -5.500000 4.000000 -5.699999
v 6.800000 4.000000 -5.600000
v 6.699999 4.000000 -5.600000
v 5.599999 4.000000 -5.600000
v 5.500000 4.000000 -5.600000
v -5.500000 4.000000 -5.599999
v -5.600000 4.000000 -5.599999
v -6.700000 4.000000 -5.599999
v -6.800001 4.000000 -5.599999
v 6.900000 4.000000 -5.500000
v 6.800000 4.000000 -5.500000
v 5.699999 4.000000 -5.500000
v 5.599999 4.000000 -5.500000
v -5.600000 4.000000 -5.499999
v -5.700000 4.000000 -5.499999
v -6.800001 4.000000 -5.499999
v -6.900001 4.000000 -5.499999
v 7.000000 4.000000 -5.400001
v 6.900000 4.000000 -5.400001
v 5.800000 4.000000 -5.400000
v 5.699999 4.000000 -5.400000
v -5.700000 4.000000 -5.399999
v -5.800001 4.000000 -5.399999
v -6.900001 4.000000 -5.399999
v -7.000000 4.000000 -5.399999
v 7.099999 4.000000 -5.300001
v 7.000000 4.000000 -5.300001
v 5.900000 4.000000 -5.300000
v 5.800000 4.000000 -5.300000
v -5.800001 4.000000 -5.299999
v -5.900001 4.000000 -5.299999
v -7.000000 4.000000 -5.299999
v -7.100000 4.000000 -5.299999
v 7.199999 4.000000 -5.100000
v 7.099999 4.000000 -5.100000
v 6.000000 4.000000 -5.100000
v 5.900000 4.000000 -5.100000
v -5.900001 4.000000 -5.099999
v -6.000000 4.000000 -5.099999
v -7.100000 4.000000 -5.099999
v -7.200000 4.000000 -5.099999
v 7.300000 4.000000 -5.000000
v 7.199999 4.000000 -5.000000
v 6.099999 4.000000 -5.000000
v 6.000000 4.000000 -5.000000
v -6.000000 4.000000 -4.999999
v -6.100000 4.000000 -4.999999
v -7.200000 4.000000 -4.999999
v -7.300001 4.000000 -4.999999
v 7.400000 4.000000 -4.800001
v 7.300000 4.000000 -4.800001
v 6.199999 4.000000 -4.800001
v 6.099999 4.000000 -4.800000
v -6.100000 4.000000 -4.799999
v -6.200000 4.000000 -4.799999
v -7.300001 4.000000 -4.799999
v -7.400001 4.000000 -4.799999
v 7.500000 4.000000 -4.700000
v 7.400000 4.000000 -4.700000
v 6.300000 4.000000 -4.700000
v 6.199999 4.000000 -4.700000
v -6.200000 4.000000 -4.699999
v -6.300001 4.000000 -4.699999
v -7.400001 4.000000 -4.699999
v -7.500000 4.000000 -4.699999
v 7.599999 4.000000 -4.500000
v 7.500000 4.000000 -4.500000
v 6.400000 4.000000 -4.500000
v 6.300000 4.000000 -4.500000
v -6.300001 4.000000 -4.499999
v -6.400001 4.000000 -4.499999
v -7.500000 4.000000 -4.499999
v -7.600000 4.000000 -4.499999
v 7.699999 4.000000 -4.300001
v 7.599999 4.000000 -4.300001
v 6.500000 4.000000 -4.300001
v 6.400000 4.000000 -4.300001
v -6.400001 4.000000 -4.299999
v -6.500000 4.000000 -4.299999
v -7.600000 4.000000 -4.299999
v -7.700000 4.000000 -4.299999
v 7.800000 4.000000 -4.200000
v 7.699999 4.000000 -4.200000
v 6.599999 4.000000 -4.200000
v 6.500000 4.000000 -4.200000
v -6.500000 4.000000 -4.199999
v -6.600000 4.000000 -4.199999
v -7.700000 4.000000 -4.199999
v -7.800001 4.000000 -4.199999
v 7.900000 4.000000 -4.000000
v 7.800000 4.000000 -4.000000
v 6.699999 4.000000 -4.000000
v 6.599999 4.000000 -4.000000
v -6.600000 4.000000 -3.999999
v -6.700000 4.000000 -3.999999
v -7.800001 4.000000 -3.999999
v -7.900001 4.000000 -3.999999
v 8.000000 4.000000 -3.800000
v 7.900000 4.000000 -3.800000
v 6.800000 4.000000 -3.800000
v 6.699999 4.000000 -3.800000
v -6.700000 4.000000 -3.799999
v -6.800001 4.000000 -3.799999
v -7.900001 4.000000 -3.799999
v -8.000000 4.000000 -3.799999
v 8.100000 4.000000 -3.600000
v 8.000000 4.000000 -3.600000
v 6.900000 4.000000 -3.600000
v 6.800000 4.000000 -3.600000
v -6.800001 4.000000 -3.599999
v -6.900001 4.000000 -3.599999
v -8.000000 4.000000 -3.599999
v -8.100000 4.000000 -3.599999
v 8.200000 4.000000 -3.300000
v 8.100000 4.000000 -3.300000
v 7.000000 4.000000 -3.300000
v 6.900000 4.000000 -3.300000
v -6.900001 4.000000 -3.299999
v -7.000000 4.000000 -3.299999
v -8.100000 4.000000 -3.299999
v -8.200000 4.000000 -3.299999
v 8.300000 4.000000 -3.100000
v 8.200000 4.000000 -3.100000
v 7.099999 4.000000 -3.100000
v 7.000000 4.000000 -3.100000
v -7.000000 4.000000 -3.099999
v -7.100000 4.000000 -3.099999
v -8.200000 4.000000 -3.099999
v -8.300000 4.000000 -3.099999
v 8.400000 4.000000 -2.800000
v 8.300000 4.000000 -2.800000
v 7.199999 4.000000 -2.800000
v 7.099999 4.000000 -2.800000
v -7.100000 4.000000 -2.799999
v -7.200000 4.000000 -2.799999
v -8.300000 4.000000 -2.799999
v -8.400000 4.000000 -2.799999
v 8.500000 4.000000 -2.500000
v 8.400000 4.000000 -2.500000
v 7.300000 4.000000 -2.500000
v 7.200000 4.000000 -2.500000
v -7.200000 4.000000 -2.499999
v -7.300000 4.000000 -2.499999
v -8.400000 4.000000 -2.499999
v -8.500000 4.000000 -2.499999
v 8.600000 4.000000 -2.100000
v 8.500000 4.000000 -2.100000
v 7.400000 4.000000 -2.100000
v 7.300000 4.000000 -2.100000
v -7.300000 4.000000 -2.099999
v -7.400000 4.000000 -2.099999
v -8.500000 4.000000 -2.099999
v -8.600000 4.000000 -2.099999
v 8.700000 4.000000 -1.600001
v 8.600000 4.000000 -1.600001
v 7.500000 4.000000 -1.600000
v 7.400000 4.000000 -1.600000
v -7.400000 4.000000 -1.599999
v -7.500000 4.000000 -1.599999
v -8.600000 4.000000 -1.599999
v -8.700000 4.000000 -1.599999
v 8.800000 4.000000 -0.900000
v 8.700000 4.000000 -0.900000
v 7.600000 4.000000 -0.900000
v 7.500000 4.000000 -0.900000
v -7.500000 4.000000 -0.899999
v -7.600000 4.000000 -0.899999
v -8.700000 4.000000 -0.899999
v -8.800000 4.000000 -0.899999
v 8.800000 4.000000 0.900001
v 8.700000 4.000000 0.900001
v 7.600000 4.000000 0.900001
v 7.500000 4.000000 0.900001
v -7.500000 4.000000 0.900002
v -7.600000 4.000000 0.900002
v -8.700000 4.000000 0.900002
v -8.800000 4.000000 0.900002
v 8.700000 4.000000 1.600000
v 8.600000 4.000000 1.600000
v 7.500000 4.000000 1.600000
v 7.400000 4.000000 1.600000
v -7.400000 4.000000 1.600001
v -7.500000 4.000000 1.600001
v -8.600000 4.000000 1.600001
v -8.700000 4.000000 1.600001
v 8.600000 4.000000 2.099999
v 8.500000 4.000000 2.099999
v 7.400000 4.000000 2.100000
v 7.300000 4.000000 2.100000
v -7.300000 4.000000 2.100001
v -7.400000 4.000000 2.100001
v -8.500000 4.000000 2.100001
v -8.600000 4.000000 2.100001
v 8.500000 4.000000 2.500000
v 8.400000 4.000000 2.500000
v 7.300000 4.000000 2.500000
v 7.200000 4.000000 2.500000
v -7.200000 4.000000 2.500001
v -7.300000 4.000000 2.500001
v -8.400000 4.000000 2.500001
v -8.500000 4.000000 2.500001
v 8.400000 4.000000 2.799999
v 8.300000 4.000000 2.799999
v 7.200000 4.000000 2.800000
v 7.100000 4.000000 2.800000
v -7.099999 4.000000 2.800001
v -7.199999 4.000000 2.800001
v -8.300000 4.000000 2.800001
v -8.400000 4.000000 2.800001
v 8.300000 4.000000 3.099999
v 8.200000 4.000000 3.099999
v 7.100000 4.000000 3.100000
v 7.000000 4.000000 3.100000
v -7.000000 4.000000 3.100001
v -7.099999 4.000000 3.100001
v -8.200000 4.000000 3.100001
v -8.300000 4.000000 3.100001
v 8.200000 4.000000 3.299999
v 8.100000 4.000000 3.299999
v 7.000000 4.000000 3.300000
v 6.900001 4.000000 3.300000
v -6.900000 4.000000 3.300001
v -7.000000 4.000000 3.300001
v -8.100000 4.000000 3.300001
v -8.200000 4.000000 3.300001
v 8.100000 4.000000 3.599999
v 8.000000 4.000000 3.599999
v 6.900001 4.000000 3.600000
v 6.800001 4.000000 3.600000
v -6.800000 4.000000 3.600001
v -6.900000 4.000000 3.600001
v -8.000000 4.000000 3.600001
v -8.100000 4.000000 3.600001
v 8.000000 4.000000 3.799999
v 7.900001 4.000000 3.799999
v 6.800001 4.000000 3.800000
v 6.700000 4.000000 3.800000
v -6.699999 4.000000 3.800001
v -6.800000 4.000000 3.800001
v -7.900000 4.000000 3.800001
v -8.000000 4.000000 3.800001
v 7.900001 4.000000 4.000000
v 7.800001 4.000000 4.000000
v 6.700000 4.000000 4.000000
v 6.600000 4.000000 4.000000
v -6.599999 4.000000 4.000001
v -6.699999 4.000000 4.000001
v -7.800000 4.000000 4.000001
v -7.900000 4.000000 4.000001
v 7.800001 4.000000 4.199999
v 7.700000 4.000000 4.199999
v 6.600000 4.000000 4.199999
v 6.500000 4.000000 4.199999
v -6.500000 4.000000 4.200001
v -6.599999 4.000000 4.200001
v -7.699999 4.000000 4.200001
v -7.800000 4.000000 4.200001
v 7.700000 4.000000 4.300000
v 7.600000 4.000000 4.300000
v 6.500000 4.000000 4.300000
v 6.400001 4.000000 4.300000
v -6.400000 4.000000 4.300001
v -6.500000 4.000000 4.300001
v -7.599999 4.000000 4.300001
v -7.699999 4.000000 4.300001
v 7.600000 4.000000 4.500000
v 7.500000 4.000000 4.500000
v 6.400001 4.000000 4.500000
v 6.300001 4.000000 4.500000
v -6.300000 4.000000 4.500001
v -6.400000 4.000000 4.500001
v -7.500000 4.000000 4.500001
v -7.599999 4.000000 4.500001
v 7.500000 4.000000 4.699999
v 7.400001 4.000000 4.699999
v 6.300001 4.000000 4.699999
v 6.200000 4.000000 4.699999
v -6.199999 4.000000 4.700001
v -6.300000 4.000000 4.700001
v -7.400000 4.000000 4.700001
v -7.500000 4.000000 4.700001
v 7.400001 4.000000 4.800000
v 7.300001 4.000000 4.800000
v 6.200000 4.000000 4.800000
v 6.100000 4.000000 4.800000
v -6.099999 4.000000 4.800001
v -6.199999 4.000000 4.800001
v -7.300000 4.000000 4.800001
v -7.400000 4.000000 4.800001
v 7.300001 4.000000 5.000000
v 7.200000 4.000000 5.000000
v 6.100000 4.000000 5.000000
v 6.000000 4.000000 5.000000
v -6.000000 4.000000 5.000001
v -6.099999 4.000000 5.000001
v -7.199999 4.000000 5.000001
v -7.300000 4.000000 5.000001
v 7.200000 4.000000 5.099999
v 7.100000 4.000000 5.099999
v 6.000000 4.000000 5.100000
v 5.900001 4.000000 5.100000
v -5.900000 4.000000 5.100001
v -6.000000 4.000000 5.100001
v -7.099999 4.000000 5.100001
v -7.199999 4.000000 5.100001
v 7.100000 4.000000 5.300000
v 7.000000 4.000000 5.300000
v 5.900001 4.000000 5.300000
v 5.800001 4.000000 5.300000
v -5.800000 4.000000 5.300001
v -5.900000 4.000000 5.300001
v -7.000000 4.000000 5.300001
v -7.099999 4.000000 5.300001
v 7.000000 4.000000 5.400000
v 6.900001 4.000000 5.400000
v 5.800001 4.000000 5.400000
v 5.700000 4.000000 5.400000
v -5.699999 4.000000 5.400001
v -5.800000 4.000000 5.400001
v -6.900000 4.000000 5.400001
v -7.000000 4.000000 5.400001
v 6.900001 4.000000 5.500000
v 6.800001 4.000000 5.500000
v 5.700000 4.000000 5.500000
v 5.600000 4.000000 5.500000
v -5.599999 4.000000 5.500001
v -5.699999 4.000000 5.500001
v -6.800000 4.000000 5.500001
v -6.900000 4.000000 5.500001
v 6.800001 4.000000 5.599999
v 6.700000 4.000000 5.599999
v 5.600000 4.000000 5.600000
v 5.500000 4.000000 5.600000
v -5.500000 4.000000 5.600001
v -5.599999 4.000000 5.600001
v -6.699999 4.000000 5.600001
v -6.800000 4.000000 5.600001
v 5.500000 4.000000 5.700000
v 5.400001 4.000000 5.700000
v -5.400000 4.000000 5.700001
v -5.500000 4.000000 5.700001
v 6.700000 4.000000 5.800000
v 6.600000 4.000000 5.800000
v 5.400001 4.000000 5.800000
v 5.300001 4.000000 5.800000
v -5.300000 4.000000 5.800001
v -5.400000 4.000000 5.800001
v -6.599999 4.000000 5.800001
v -6.699999 4.000000 5.800001
v 6.600000 4.000000 5.900000
v 6.500000 4.000000 5.900000
v 5.300001 4.000000 5.900000
v 5.100000 4.000000 5.900000
v -5.099999 4.000000 5.900001
v -5.300000 4.000000 5.900001
v -6.500000 4.000000 5.900001
v -6.599999 4.000000 5.900001
v 6.500000 4.000000 6.000000
v 6.400001 4.000000 6.000000
v 5.100000 4.000000 6.000000
v 5.000000 4.000000 6.000000
v -5.000000 4.000000 6.000001
v -5.099999 4.000000 6.000001
v -6.400000 4.000000 6.000001
v -6.500000 4.000000 6.000001
v 6.400001 4.000000 6.099999
v 6.300001 4.000000 6.099999
v 5.000000 4.000000 6.100000
v 4.800001 4.000000 6.100000
v -4.800000 4.000000 6.100001
v -5.000000 4.000000 6.100001
v -6.300000 4.000000 6.100001
v -6.400000 4.000000 6.100001
v 6.300001 4.000000 6.199999
v 6.200000 4.000000 6.199999
v 4.800001 4.000000 6.200000
v 4.700000 4.000000 6.200000
v -4.699999 4.000000 6.200000
v -4.800000 4.000000 6.200001
v -6.199999 4.000000 6.200001
v -6.300000 4.000000 6.200001
v 6.200000 4.000000 6.300000
v 6.100000 4.000000 6.300000
v 4.700000 4.000000 6.300000
v 4.500000 4.000000 6.300000
v -4.500000 4.000000 6.300001
v -4.699999 4.000000 6.300001
v -6.099999 4.000000 6.300001
v -6.199999 4.000000 6.300001
v 6.100000 4.000000 6.400000
v 6.000000 4.000000 6.400000
v 4.500000 4.000000 6.400000
v 4.300001 4.000000 6.400000
v -4.300000 4.000000 6.400001
v -4.500000 4.000000 6.400001
v -6.000000 4.000000 6.400001
v -6.099999 4.000000 6.400001
v 6.000000 4.000000 6.500000
v 5.900001 4.000000 6.500000
v 4.300001 4.000000 6.500000
v 4.200000 4.000000 6.500000
v -4.199999 4.000000 6.500000
v -4.300000 4.000000 6.500000
v -5.900000 4.000000 6.500001
v -6.000000 4.000000 6.500001
v 5.900001 4.000000 6.600000
v 5.800001 4.000000 6.600000
v 4.200000 4.000000 6.600000
v 4.000000 4.000000 6.600000
v -4.000000 4.000000 6.600000
v -4.199999 4.000000 6.600000
v -5.800000 4.000000 6.600001
v -5.900000 4.000000 6.600001
v 5.800001 4.000000 6.700000
v 5.600000 4.000000 6.700000
v 4.000000 4.000000 6.700000
v 3.800000 4.000000 6.700000
v -3.799999 4.000000 6.700000
v -4.000000 4.000000 6.700000
v -5.599999 4.000000 6.700001
v -5.800000 4.000000 6.700001
v 5.600000 4.000000 6.800000
v 5.500000 4.000000 6.800000
v 3.800000 4.000000 6.800000
v 3.600000 4.000000 6.800000
v -3.599999 4.000000 6.800001
v -3.799999 4.000000 6.800001
v -5.500000 4.000000 6.800001
v -5.599999 4.000000 6.800001
v 5.500000 4.000000 6.900000
v 5.400001 4.000000 6.900000
v 3.600001 4.000000 6.900000
v 3.300001 4.000000 6.900000
v -3.299999 4.000000 6.900001
v -3.599999 4.000000 6.900001
v -5.400000 4.000000 6.900001
v -5.500000 4.000000 6.900001
v 5.400001 4.000000 7.000000
v 5.300001 4.000000 7.000000
v 3.300001 4.000000 7.000000
v 3.100001 4.000000 7.000000
v -3.099999 4.000000 7.000000
v -3.299999 4.000000 7.000000
v -5.300000 4.000000 7.000001
v -5.400000 4.000000 7.000001
v 5.300001 4.000000 7.100000
v 5.100000 4.000000 7.100000
v 3.100001 4.000000 7.100000
v 2.800001 4.000000 7.100000
v -2.799999 4.000000 7.100000
v -3.099999 4.000000 7.100000
v -5.099999 4.000000 7.100001
v -5.300000 4.000000 7.100001
v 5.100000 4.000000 7.200000
v 5.000000 4.000000 7.200000
v 2.800001 4.000000 7.200000
v 2.500001 4.000000 7.200000
v -2.499999 4.000000 7.200000
v -2.799999 4.000000 7.200000
v -5.000000 4.000000 7.200001
v -5.099999 4.000000 7.200001
v 5.000000 4.000000 7.300000
v 4.800001 4.000000 7.300000
v 2.500001 4.000000 7.300000
v 2.100001 4.000000 7.300000
v -2.099999 4.000000 7.300001
v -2.499999 4.000000 7.300001
v -4.800000 4.000000 7.300001
v -5.000000 4.000000 7.300001
v 4.800001 4.000000 7.400000
v 4.700000 4.000000 7.400000
v 2.100001 4.000000 7.400000
v 1.600001 4.000000 7.400000
v -1.599999 4.000000 7.400001
v -2.099999 4.000000 7.400001
v -4.699999 4.000000 7.400001
v -4.800000 4.000000 7.400001
v 4.700000 4.000000 7.500000
v 4.500000 4.000000 7.500000
v 1.600001 4.000000 7.500000
v 0.900001 4.000000 7.500000
v -0.899999 4.000000 7.500000
v -1.599999 4.000000 7.500000
v -4.500000 4.000000 7.500000
v -4.699999 4.000000 7.500000
v 4.500000 4.000000 7.600000
v 4.300001 4.000000 7.600000
v 0.900001 4.000000 7.600000
v -0.899999 4.000000 7.600000
v -4.300000 4.000000 7.600000
v -4.500000 4.000000 7.600000
v 4.300001 4.000000 7.700000
v 4.200000 4.000000 7.700000
v -4.199999 4.000000 7.700000
v -4.300000 4.000000 7.700000
v 4.200000 4.000000 7.800000
v 4.000000 4.000000 7.800000
v -3.999999 4.000000 7.800001
v -4.199999 4.000000 7.800001
v 4.000000 3.999999 7.900000
v 3.800001 3.999999 7.900000
v -3.799999 3.999999 7.900001
v -3.999999 3.999999 7.900001
v 3.800001 3.999999 8.000000
v 3.600001 3.999999 8.000000
v -3.599999 3.999999 8.000001
v -3.799999 3.999999 8.000001
v 3.600001 3.999999 8.100000
v 3.300001 3.999999 8.100000
v -3.299999 3.999999 8.100001
v -3.599999 3.999999 8.100001
v 3.300001 3.999999 8.200000
v 3.100001 3.999999 8.200000
v -3.099999 3.999999 8.200001
v -3.299999 3.999999 8.200001
v 3.100001 3.999999 8.300000
v 2.800001 3.999999 8.300000
v -2.799999 3.999999 8.300001
v -3.099999 3.999999 8.300001
v 2.800001 3.999999 8.400000
v 2.500001 3.999999 8.400000
v -2.499999 3.999999 8.400001
v -2.799999 3.999999 8.400001
v 2.500001 3.999999 8.500000
v 2.100001 3.999999 8.500000
v -2.099999 3.999999 8.500001
v -2.499999 3.999999 8.500001
v 2.100001 3.999999 8.600000
v 1.600001 3.999999 8.600000
v -1.599999 3.999999 8.600000
v -2.099999 3.999999 8.600001
v 1.600001 3.999999 8.700000
v 0.900001 3.999999 8.700000
v -0.899999 3.999999 8.700000
v -1.599999 3.999999 8.700000
v 0.900001 3.999999 8.800000
v -0.899999 3.999999 8.800000
v 0.899999 0.100001 -8.800000
v 0.599999 0.100001 -8.800000
v -0.600001 0.100001 -8.800000
v -0.900001 0.100001 -8.800000
v 1.599999 0.100001 -8.700000
v 0.899999 0.100001 -8.700000
v -0.900001 0.100001 -8.700000
v -1.600001 0.100001 -8.700000
v 2.099999 0.100001 -8.600000
v 1.599999 0.100001 -8.600000
v -1.600001 0.100001 -8.600000
v -2.100001 0.100001 -8.600000
v 2.499999 0.100001 -8.500000
v 2.099999 0.100001 -8.500000
v -2.100001 0.100001 -8.500000
v -2.500001 0.100001 -8.500000
v 2.799999 0.100001 -8.400000
v 2.499999 0.100001 -8.400000
v -2.500001 0.100001 -8.400000
v -2.800001 0.100001 -8.400000
v 3.099999 0.100001 -8.300000
v 2.799999 0.100001 -8.300000
v -2.800001 0.100001 -8.300000
v -3.100001 0.100001 -8.300000
v 3.299999 0.100001 -8.200000
v 3.099999 0.100001 -8.200000
v -3.100001 0.100001 -8.200000
v -3.300001 0.100001 -8.200000
v 3.599999 0.100001 -8.100000
v 3.299999 0.100001 -8.100000
v -3.300001 0.100001 -8.100000
v -3.600001 0.100001 -8.100000
v 3.799999 0.100001 -8.000000
v 3.599999 0.100001 -8.000000
v -3.600001 0.100001 -8.000000
v -3.800001 0.100001 -8.000000
v 3.999999 0.100001 -7.900001
v 3.799999 0.100001 -7.900001
v -3.800001 0.100001 -7.900000
v -4.000000 0.100001 -7.900000
v 4.199999 0.100001 -7.800001
v 3.999999 0.100001 -7.800001
v -4.000000 0.100001 -7.800000
v -4.200000 0.100001 -7.800000
v 4.300000 0.100001 -7.700000
v 4.199999 0.100001 -7.700000
v -4.200000 0.100001 -7.699999
v -4.300001 0.100001 -7.699999
v 4.500000 0.100001 -7.600000
v 4.300000 0.100001 -7.600000
v -4.300001 0.100001 -7.599999
v -4.500000 0.100001 -7.599999
v 4.699999 0.100001 -7.500000
v 4.500000 0.100001 -7.500000
v -4.500000 0.100001 -7.500000
v -4.700000 0.100001 -7.500000
v 4.800000 0.100001 -7.400001
v 4.699999 0.100001 -7.400001
v -4.700000 0.100001 -7.400000
v -4.800001 0.100001 -7.400000
v 5.000000 0.100001 -7.300001
v 4.800000 0.100001 -7.300001
v -4.800001 0.100001 -7.300000
v -5.000000 0.100001 -7.300000
v 5.099999 0.100001 -7.200000
v 5.000000 0.100001 -7.200000
v -5.000000 0.100001 -7.199999
v -5.100000 0.100001 -7.199999
v 5.300000 0.100001 -7.100000
v 5.099999 0.100001 -7.100000
v -5.100000 0.100001 -7.099999
v -5.300001 0.100001 -7.099999
v 5.400000 0.100001 -7.000000
v 5.300000 0.100001 -7.000000
v -5.300001 0.100001 -7.000000
v -5.400001 0.100001 -7.000000
v 5.500000 0.100001 -6.900001
v 5.400000 0.100001 -6.900001
v -5.400001 0.100001 -6.900000
v -5.500000 0.100001 -6.900000
v 5.599999 0.100001 -6.800001
v 5.500000 0.100001 -6.800001
v -5.500000 0.100001 -6.800000
v -5.600000 0.100001 -6.800000
v 5.800000 0.100001 -6.700000
v 5.599999 0.100001 -6.700000
v -5.600000 0.100001 -6.699999
v -5.800001 0.100001 -6.699999
v 5.900000 0.100001 -6.600000
v 5.800000 0.100001 -6.600000
v -5.800001 0.100001 -6.599999
v -5.900001 0.100001 -6.599999
v 6.000000 0.100000 -6.500000
v 5.900000 0.100000 -6.500000
v -5.900001 0.100000 -6.500000
v -6.000000 0.100000 -6.500000
v 6.099999 0.100000 -6.400001
v 6.000000 0.100000 -6.400001
v -6.000000 0.100000 -6.400000
v -6.100000 0.100000 -6.400000
v 6.199999 0.100000 -6.300001
v 6.099999 0.100000 -6.300001
v -6.100000 0.100000 -6.300000
v -6.200000 0.100000 -6.300000
v 6.300000 0.100000 -6.200000
v 6.199999 0.100000 -6.200000
v -6.200000 0.100000 -6.199999
v -6.300001 0.100000 -6.199999
v 6.400000 0.100000 -6.100000
v 6.300000 0.100000 -6.100000
v -6.300001 0.100000 -6.099999
v -6.400001 0.100000 -6.099999
v 6.500000 0.100000 -6.000000
v 6.400000 0.100000 -6.000000
v 0.199999 0.100000 -6.000000
v -0.200001 0.100000 -6.000000
v -6.400001 0.100000 -6.000000
v -6.500000 0.100000 -6.000000
v 6.599999 0.100000 -5.900001
v 6.500000 0.100000 -5.900001
v 0.300000 0.100000 -5.900000
v 0.199999 0.100000 -5.900000
v -0.200001 0.100000 -5.900000
v -0.300001 0.100000 -5.900000
v -6.500000 0.100000 -5.900000
v -6.600000 0.100000 -5.900000
v 6.699999 0.100000 -5.800001
v 6.599999 0.100000 -5.800001
v 0.399999 0.100000 -5.800000
v 0.300000 0.100000 -5.800000
v -0.300001 0.100000 -5.800000
v -0.400001 0.100000 -5.800000
v -6.600000 0.100000 -5.800000
v -6.700000 0.100000 -5.800000
v 0.499999 0.100000 -5.700000
v 0.399999 0.100000 -5.700000
v -0.400001 0.100000 -5.700000
v -0.500000 0.100000 -5.700000
v 6.800000 0.100000 -5.600000
v 6.699999 0.100000 -5.600000
v -6.700000 0.100000 -5.599999
v -6.800001 0.100000 -5.599999
v 6.900000 0.100000 -5.500000
v 6.800000 0.100000 -5.500000
v -6.800001 0.100000 -5.500000
v -6.900001 0.100000 -5.500000
v 7.000000 0.100000 -5.400001
v 6.900000 0.100000 -5.400001
v -6.900001 0.100000 -5.400000
v -7.000000 0.100000 -5.400000
v 7.099999 0.100000 -5.300001
v 7.000000 0.100000 -5.300001
v 0.500000 0.100000 -5.300000
v 0.400000 0.100000 -5.300000
v -0.400000 0.100000 -5.300000
v -0.500000 0.100000 -5.300000
v -7.000000 0.100000 -5.300000
v -7.100000 0.100000 -5.300000
v 0.400000 0.100000 -5.200000
v 0.300000 0.100000 -5.200000
v -0.300000 0.100000 -5.200000
v -0.400000 0.100000 -5.200000
v 7.199999 0.100000 -5.100000
v 7.099999 0.100000 -5.100000
v 0.800000 0.100000 -5.100000
v 0.300000 0.100000 -5.100000
v -0.300000 0.100000 -5.100000
v -0.800000 0.100000 -5.100000
v -7.100000 0.100000 -5.099999
v -7.200000 0.100000 -5.099999
v 7.300000 0.100000 -5.000000
v 7.199999 0.100000 -5.000000
v 1.299999 0.100000 -5.000000
v 0.800000 0.100000 -5.000000
v -0.800000 0.100000 -5.000000
v -1.300000 0.100000 -5.000000
v -7.200000 0.100000 -5.000000
v -7.300001 0.100000 -5.000000
v 1.700000 0.100000 -4.900000
v 1.299999 0.100000 -4.900000
v -1.300000 0.100000 -4.900000
v -1.700001 0.100000 -4.900000
v 7.400000 0.100000 -4.800001
v 7.300000 0.100000 -4.800001
v 1.899999 0.100000 -4.800000
v 1.700000 0.100000 -4.800000
v -1.700001 0.100000 -4.800000
v -1.900000 0.100000 -4.800000
v -7.300001 0.100000 -4.800000
v -7.400001 0.100000 -4.800000
v 7.500000 0.100000 -4.700000
v 7.400000 0.100000 -4.700000
v 2.200000 0.100000 -4.700000
v 1.900000 0.100000 -4.700000
v -1.900000 0.100000 -4.700000
v -2.200001 0.100000 -4.700000
v -7.400001 0.100000 -4.699999
v -7.500000 0.100000 -4.699999
v 2.400000 0.100000 -4.600000
v 2.200000 0.100000 -4.600000
v -2.200001 0.100000 -4.600000
v -2.400001 0.100000 -4.600000
v 7.599999 0.100000 -4.500000
v 7.500000 0.100000 -4.500000
v 2.599999 0.100000 -4.500000
v 2.400000 0.100000 -4.500000
v -2.400001 0.100000 -4.500000
v -2.600000 0.100000 -4.500000
v -7.500000 0.100000 -4.500000
v -7.600000 0.100000 -4.500000
v 4.199999 0.100000 -4.400001
v 3.799999 0.100000 -4.400001
v 2.700000 0.100000 -4.400000
v 2.599999 0.100000 -4.400000
v -2.600000 0.100000 -4.400000
v -2.700001 0.100000 -4.400000
v -3.800000 0.100000 -4.400000
v -4.200000 0.100000 -4.400000
v 7.699999 0.100000 -4.300001
v 7.599999 0.100000 -4.300001
v 4.300000 0.100000 -4.300001
v 4.199999 0.100000 -4.300001
v 3.799999 0.100000 -4.300001
v 3.700000 0.100000 -4.300001
v 2.900000 0.100000 -4.300001
v 2.700000 0.100000 -4.300000
v -2.700001 0.100000 -4.300000
v -2.900001 0.100000 -4.300000
v -3.700001 0.100000 -4.300000
v -3.800000 0.100000 -4.300000
v -4.200000 0.100000 -4.300000
v -4.300001 0.100000 -4.300000
v -7.600000 0.100000 -4.300000
v -7.700000 0.100000 -4.300000
v 7.800000 0.100000 -4.200000
v 7.699999 0.100000 -4.200000
v 4.400000 0.100000 -4.200000
v 4.300000 0.100000 -4.200000
v 3.700000 0.100000 -4.200000
v 3.599999 0.100000 -4.200000
v 3.000000 0.100000 -4.200000
v 2.900000 0.100000 -4.200000
v -2.900001 0.100000 -4.199999
v -3.000000 0.100000 -4.199999
v -3.600000 0.100000 -4.199999
v -3.700001 0.100000 -4.199999
v -4.300001 0.100000 -4.199999
v -4.400001 0.100000 -4.199999
v -7.700000 0.100000 -4.199999
v -7.800001 0.100000 -4.199999
v 4.500000 0.100000 -4.100000
v 4.400000 0.100000 -4.100000
v 3.599999 0.100000 -4.100000
v 3.500000 0.100000 -4.100000
v 3.200000 0.100000 -4.100000
v 3.000000 0.100000 -4.100000
v -3.000000 0.100000 -4.099999
v -3.200001 0.100000 -4.099999
v -3.500000 0.100000 -4.099999
v -3.600000 0.100000 -4.099999
v -4.400001 0.100000 -4.099999
v -4.500000 0.100000 -4.099999
v 7.900000 0.100000 -4.000000
v 7.800000 0.100000 -4.000000
v 3.300000 0.100000 -4.000000
v 3.200000 0.100000 -4.000000
v -3.200000 0.100000 -4.000000
v -3.300000 0.100000 -4.000000
v -7.800001 0.100000 -3.999999
v -7.900001 0.100000 -3.999999
v 3.400000 0.100000 -3.900000
v 3.300000 0.100000 -3.900000
v -3.300000 0.100000 -3.900000
v -3.400000 0.100000 -3.900000
v 8.000000 0.100000 -3.800001
v 7.900000 0.100000 -3.800001
v 3.500000 0.100000 -3.800000
v 3.400000 0.100000 -3.800000
v -3.400000 0.100000 -3.800000
v -3.500000 0.100000 -3.800000
v -7.900001 0.100000 -3.799999
v -8.000000 0.100000 -3.799999
v 4.500000 0.100000 -3.700001
v 4.400000 0.100000 -3.700001
v -4.400001 0.100000 -3.700000
v -4.500000 0.100000 -3.700000
v 8.100000 0.100000 -3.600001
v 8.000000 0.100000 -3.600001
v 4.400000 0.100000 -3.600000
v 4.300000 0.100000 -3.600000
v -4.300001 0.100000 -3.599999
v -4.400001 0.100000 -3.599999
v -8.000000 0.100000 -3.599999
v -8.100000 0.100000 -3.599999
v 4.300000 0.100000 -3.500000
v 4.199999 0.100000 -3.500000
v -4.200000 0.100000 -3.500000
v -4.300001 0.100000 -3.500000
v 4.199999 0.100000 -3.400001
v 3.900000 0.100000 -3.400000
v -3.900000 0.100000 -3.400000
v -4.200000 0.100000 -3.400000
v 8.200000 0.100000 -3.300001
v 8.100000 0.100000 -3.300001
v 4.000000 0.100000 -3.300000
v 3.900000 0.100000 -3.300000
v -3.900000 0.100000 -3.300000
v -4.000000 0.100000 -3.300000
v -8.100000 0.100000 -3.299999
v -8.200000 0.100000 -3.299999
v 4.099999 0.100000 -3.200000
v 4.000000 0.100000 -3.200000
v -4.000000 0.100000 -3.200000
v -4.100000 0.100000 -3.200000
v 8.300000 0.100000 -3.100001
v 8.200000 0.100000 -3.100001
v -8.200000 0.100000 -3.099999
v -8.300000 0.100000 -3.099999
v 4.199999 0.100000 -3.000000
v 4.099999 0.100000 -3.000000
v -4.100000 0.100000 -3.000000
v -4.200000 0.100000 -3.000000
v 4.300000 0.100000 -2.900001
v 4.199999 0.100000 -2.900001
v -4.200000 0.100000 -2.900000
v -4.300001 0.100000 -2.900000
v 8.400000 0.100000 -2.800001
v 8.300000 0.100000 -2.800001
v -8.300000 0.100000 -2.799999
v -8.400000 0.100000 -2.799999
v 4.400000 0.100000 -2.700001
v 4.300000 0.100000 -2.700001
v -4.300000 0.100000 -2.700000
v -4.400000 0.100000 -2.700000
v 4.500000 0.100000 -2.600000
v 4.400000 0.100000 -2.600000
v -4.400000 0.100000 -2.599999
v -4.500000 0.100000 -2.599999
v 8.500000 0.100000 -2.500001
v 8.400000 0.100000 -2.500001
v -8.400000 0.100000 -2.499999
v -8.500000 0.100000 -2.499999
v 4.600000 0.100000 -2.400001
v 4.500000 0.100000 -2.400001
v -4.500000 0.100000 -2.400000
v -4.600000 0.100000 -2.400000
v 4.700000 0.100000 -2.200001
v 4.600000 0.100000 -2.200001
v -4.600000 0.100000 -2.200000
v -4.700000 0.100000 -2.200000
v 8.600000 0.100000 -2.100001
v 8.500000 0.100000 -2.100001
v -8.500000 0.100000 -2.099999
v -8.600000 0.100000 -2.099999
v 4.800000 0.100000 -1.900000
v 4.700000 0.100000 -1.900000
v -4.700000 0.100000 -1.899999
v -4.800000 0.100000 -1.899999
v 4.900000 0.100000 -1.700001
v 4.800000 0.100000 -1.700000
v -4.800000 0.100000 -1.700000
v -4.900000 0.100000 -1.700000
v 8.700000 0.100000 -1.600001
v 8.600000 0.100000 -1.600001
v -8.600000 0.100000 -1.599999
v -8.700000 0.100000 -1.599999
v 5.000000 0.100000 -1.300000
v 4.900000 0.100000 -1.300000
v -4.900000 0.100000 -1.299999
v -5.000000 0.100000 -1.299999
v 8.800000 0.100000 -0.900001
v 8.700000 0.100000 -0.900001
v -8.700000 0.100000 -0.899999
v -8.800000 0.100000 -0.899999
v 5.100000 0.100000 -0.800000
v 5.000000 0.100000 -0.800000
v -5.000000 0.100000 -0.800000
v -5.100000 0.100000 -0.800000
v 8.800000 0.100000 -0.600000
v -8.800000 0.100000 -0.599998
v 5.700000 0.100000 -0.500000
v 5.300000 0.100000 -0.500000
v -5.300000 0.100000 -0.500000
v -5.700000 0.100000 -0.499999
v 5.800000 0.100000 -0.400001
v 5.700000 0.100000 -0.400000
v 5.300000 0.100000 -0.400000
v 5.200000 0.100000 -0.400000
v -5.200000 0.100000 -0.400000
v -5.300000 0.100000 -0.400000
v -5.700000 0.100000 -0.399999
v -5.800000 0.100000 -0.399999
v 5.900000 0.100000 -0.300001
v 5.800000 0.100000 -0.300001
v 5.200000 0.100000 -0.300000
v 5.100000 0.100000 -0.300000
v -5.100000 0.100000 -0.300000
v -5.200000 0.100000 -0.300000
v -5.800000 0.100000 -0.300000
v -5.900000 0.100000 -0.299999
v 6.000000 0.100000 -0.200001
v 5.900000 0.100000 -0.200001
v -5.900000 0.100000 -0.199999
v -6.000000 0.100000 -0.199999
v 6.000000 0.100000 0.199999
v 5.900000 0.100000 0.199999
v -5.900000 0.100000 0.200001
v -6.000000 0.100000 0.200001
v 5.900000 0.100000 0.300000
v 5.800000 0.100000 0.300000
v 5.200000 0.100000 0.300000
v 5.100000 0.100000 0.300000
v -5.100000 0.100000 0.300000
v -5.200000 0.100000 0.300000
v -5.800000 0.100000 0.300001
v -5.900000 0.100000 0.300001
v 5.800000 0.100000 0.400000
v 5.700000 0.100000 0.400001
v 5.300000 0.100000 0.400001
v 5.200000 0.100000 0.400001
v -5.200000 0.100000 0.400001
v -5.300000 0.100000 0.400001
v -5.700000 0.100000 0.400001
v -5.800000 0.100000 0.400001
v 5.700000 0.100000 0.500000
v 5.300000 0.100000 0.500000
v -5.300000 0.100000 0.500000
v -5.700000 0.100000 0.500000
v 8.800000 0.100000 0.599999
v -8.800000 0.100000 0.600001
v 5.100000 0.100000 0.800000
v 5.000000 0.100000 0.800000
v -5.000000 0.100000 0.800000
v -5.100000 0.100000 0.800000
v 8.800000 0.100000 0.900000
v 8.700000 0.100000 0.900000
v -8.700000 0.100000 0.900002
v -8.800000 0.100000 0.900002
v 5.000000 0.100000 1.299999
v 4.900000 0.100000 1.299999
v -4.900000 0.100000 1.300000
v -5.000000 0.100000 1.300000
v 8.700000 0.100000 1.599999
v 8.600000 0.100000 1.599999
v -8.600000 0.100000 1.600001
v -8.700000 0.100000 1.600001
v 4.900000 0.100000 1.700000
v 4.800000 0.100000 1.700000
v -4.800000 0.100000 1.700001
v -4.900000 0.100000 1.700001
v 4.800000 0.100000 1.900000
v 4.700000 0.100000 1.900000
v -4.700000 0.100000 1.900000
v -4.800000 0.100000 1.900000
v 8.600000 0.100000 2.099999
v 8.500000 0.100000 2.099999
v -8.500000 0.100000 2.100001
v -8.600000 0.100000 2.100001
v 4.700000 0.100000 2.200000
v 4.600000 0.100000 2.200000
v -4.600000 0.100000 2.200001
v -4.700000 0.100000 2.200001
v 4.600000 0.100000 2.400000
v 4.500000 0.100000 2.400000
v -4.500000 0.100000 2.400001
v -4.600000 0.100000 2.400001
v 8.500000 0.100000 2.499999
v 8.400000 0.100000 2.499999
v -8.400000 0.100000 2.500001
v -8.500000 0.100000 2.500001
v 4.500000 0.100000 2.599999
v 4.400000 0.100000 2.599999
v -4.400000 0.100000 2.600000
v -4.500000 0.100000 2.600000
v 4.400000 0.100000 2.700000
v 4.300000 0.100000 2.700000
v -4.300000 0.100000 2.700001
v -4.400000 0.100000 2.700001
v 8.400000 0.100000 2.799999
v 8.300000 0.100000 2.799999
v -8.300000 0.100000 2.800001
v -8.400000 0.100000 2.800001
v 4.300001 0.100000 2.900000
v 4.200000 0.100000 2.900000
v -4.199999 0.100000 2.900001
v -4.300000 0.100000 2.900001
v 4.200000 0.100000 3.000000
v 4.100000 0.100000 3.000000
v -4.099999 0.100000 3.000000
v -4.199999 0.100000 3.000000
v 8.300000 0.100000 3.099999
v 8.200000 0.100000 3.099999
v -8.200000 0.100000 3.100001
v -8.300000 0.100000 3.100001
v 4.100000 0.100000 3.200000
v 4.000000 0.100000 3.200000
v -4.000000 0.100000 3.200000
v -4.099999 0.100000 3.200001
v 8.200000 0.100000 3.299999
v 8.100000 0.100000 3.299999
v 4.000000 0.100000 3.300000
v 3.900000 0.100000 3.300000
v -3.900000 0.100000 3.300000
v -4.000000 0.100000 3.300000
v -8.100000 0.100000 3.300001
v -8.200000 0.100000 3.300001
v 3.900000 0.100000 3.400000
v 3.800000 0.100000 3.400000
v -3.800000 0.100000 3.400000
v -3.900000 0.100000 3.400000
v 3.800000 0.100000 3.500000
v 3.700000 0.100000 3.500000
v -3.700000 0.100000 3.500000
v -3.800000 0.100000 3.500000
v 8.100000 0.100000 3.599999
v 8.000000 0.100000 3.599999
v 3.700000 0.100000 3.600000
v 3.600000 0.100000 3.600000
v -3.600000 0.100000 3.600000
v -3.700000 0.100000 3.600000
v -8.000000 0.100000 3.600001
v -8.100000 0.100000 3.600001
v 3.600000 0.100000 3.700000
v 3.500000 0.100000 3.700000
v -3.500000 0.100000 3.700000
v -3.600000 0.100000 3.700000
v 8.000000 0.100000 3.799999
v 7.900001 0.100000 3.799999
v 3.500000 0.100000 3.800000
v 3.400000 0.100000 3.800000
v -3.400000 0.100000 3.800000
v -3.500000 0.100000 3.800000
v -7.900000 0.100000 3.800001
v -8.000000 0.100000 3.800001
v 3.400000 0.100000 3.900000
v 3.300000 0.100000 3.900000
v -3.300000 0.100000 3.900000
v -3.400000 0.100000 3.900000
v 7.900001 0.100000 3.999999
v 7.800001 0.100000 3.999999
v 3.300000 0.100000 4.000000
v 3.200000 0.100000 4.000000
v -3.200000 0.100000 4.000000
v -3.300000 0.100000 4.000000
v -7.800000 0.100000 4.000000
v -7.900000 0.100000 4.000000
v 3.200001 0.100000 4.099999
v 3.000000 0.100000 4.099999
v -3.000000 0.100000 4.100000
v -3.200000 0.100000 4.100000
v 7.800001 0.100000 4.199999
v 7.700000 0.100000 4.199999
v 3.000000 0.100000 4.199999
v 2.900001 0.100000 4.199999
v -2.900000 0.100000 4.200000
v -3.000000 0.100000 4.200000
v -7.699999 0.100000 4.200000
v -7.800000 0.100000 4.200000
v 7.700000 0.100000 4.300000
v 7.600000 0.100000 4.300000
v 2.900001 0.100000 4.300000
v 2.700001 0.100000 4.300000
v -2.700000 0.100000 4.300001
v -2.900000 0.100000 4.300001
v -7.599999 0.100000 4.300001
v -7.699999 0.100000 4.300001
v 2.700001 0.100000 4.400000
v 2.600000 0.100000 4.400000
v -2.599999 0.100000 4.400000
v -2.700000 0.100000 4.400001
v 7.600000 0.100000 4.500000
v 7.500000 0.100000 4.500000
v 2.600000 0.100000 4.500000
v 2.400001 0.100000 4.500000
v -2.400000 0.100000 4.500000
v -2.599999 0.100000 4.500000
v -7.500000 0.100000 4.500000
v -7.599999 0.100000 4.500000
v 2.400001 0.100000 4.600000
v 2.200001 0.100000 4.600000
v -2.200000 0.100000 4.600000
v -2.400000 0.100000 4.600000
v 7.500000 0.100000 4.699999
v 7.400001 0.100000 4.699999
v 2.200001 0.100000 4.700000
v 1.900000 0.100000 4.700000
v -1.900000 0.100000 4.700000
v -2.200000 0.100000 4.700000
v -7.400000 0.100000 4.700000
v -7.500000 0.100000 4.700000
v 7.400001 0.100000 4.800000
v 7.300001 0.100000 4.800000
v 1.900000 0.100000 4.800000
v 1.700001 0.100000 4.800000
v -1.700000 0.100000 4.800000
v -1.899999 0.100000 4.800000
v -7.300000 0.100000 4.800001
v -7.400000 0.100000 4.800001
v 1.700001 0.100000 4.900000
v 1.300000 0.100000 4.900000
v -1.299999 0.100000 4.900000
v -1.700000 0.100000 4.900000
v 7.300001 0.100000 5.000000
v 7.200000 0.100000 5.000000
v 1.300000 0.100000 5.000000
v 0.800000 0.100000 5.000000
v -0.800000 0.100000 5.000000
v -1.299999 0.100000 5.000000
v -7.199999 0.100000 5.000000
v -7.300000 0.100000 5.000000
v 7.200000 0.100000 5.099999
v 7.100000 0.100000 5.099999
v 0.800000 0.100000 5.100000
v -0.800000 0.100000 5.100000
v -7.099999 0.100000 5.100000
v -7.199999 0.100000 5.100000
v 7.100000 0.100000 5.300000
v 7.000000 0.100000 5.300000
v -7.000000 0.100000 5.300001
v -7.099999 0.100000 5.300001
v 7.000000 0.100000 5.400000
v 6.900001 0.100000 5.400000
v -6.900000 0.100000 5.400001
v -7.000000 0.100000 5.400001
v 6.900001 0.100000 5.500000
v 6.800001 0.100000 5.500000
v -6.800000 0.100000 5.500000
v -6.900000 0.100000 5.500000
v 6.800001 0.100000 5.599999
v 6.700000 0.100000 5.599999
v -6.699999 0.100000 5.600000
v -6.800000 0.100000 5.600000
v 6.700000 0.100000 5.800000
v 6.600000 0.100000 5.800000
v -6.599999 0.100000 5.800001
v -6.699999 0.100000 5.800001
v 6.600000 0.100000 5.900000
v 6.500000 0.100000 5.900000
v -6.500000 0.100000 5.900001
v -6.599999 0.100000 5.900001
v 6.500000 0.100000 6.000000
v 6.400001 0.100000 6.000000
v -6.400000 0.100000 6.000000
v -6.500000 0.100000 6.000000
v 6.400001 0.100000 6.099999
v 6.300001 0.100000 6.099999
v -6.300000 0.100000 6.100000
v -6.400000 0.100000 6.100000
v 6.300001 0.100000 6.199999
v 6.200000 0.100000 6.199999
v -6.199999 0.100000 6.200000
v -6.300000 0.100000 6.200000
v 6.200000 0.100000 6.300000
v 6.100000 0.100000 6.300000
v -6.099999 0.100000 6.300001
v -6.199999 0.100000 6.300001
v 6.100000 0.100000 6.400000
v 6.000000 0.100000 6.400000
v -6.000000 0.100000 6.400001
v -6.099999 0.100000 6.400001
v 6.000000 0.100000 6.500000
v 5.900001 0.100000 6.500000
v -5.900000 0.100000 6.500000
v -6.000000 0.100000 6.500000
v 5.900001 0.100000 6.599999
v 5.800001 0.100000 6.599999
v -5.800000 0.100000 6.600000
v -5.900000 0.100000 6.600000
v 5.800001 0.099999 6.699999
v 5.600000 0.099999 6.699999
v -5.599999 0.099999 6.700000
v -5.800000 0.099999 6.700000
v 5.600000 0.099999 6.800000
v 5.500000 0.099999 6.800000
v -5.500000 0.099999 6.800001
v -5.599999 0.099999 6.800001
v 5.500000 0.099999 6.900000
v 5.400001 0.099999 6.900000
v -5.400000 0.099999 6.900001
v -5.500000 0.099999 6.900001
v 5.400001 0.099999 7.000000
v 5.300001 0.099999 7.000000
v -5.300000 0.099999 7.000000
v -5.400000 0.099999 7.000000
v 5.300001 0.099999 7.099999
v 5.100000 0.099999 7.099999
v -5.099999 0.099999 7.100000
v -5.300000 0.099999 7.100000
v 5.100000 0.099999 7.199999
v 5.000000 0.099999 7.199999
v -5.000000 0.099999 7.200000
v -5.099999 0.099999 7.200000
v 5.000000 0.099999 7.300000
v 4.800001 0.099999 7.300000
v -4.800000 0.099999 7.300001
v -5.000000 0.099999 7.300001
v 4.800001 0.099999 7.400000
v 4.700000 0.099999 7.400000
v -4.699999 0.099999 7.400001
v -4.800000 0.099999 7.400001
v 4.700000 0.099999 7.500000
v 4.500000 0.099999 7.500000
v -4.500000 0.099999 7.500000
v -4.699999 0.099999 7.500000
v 4.500000 0.099999 7.599999
v 4.300001 0.099999 7.599999
v -4.300000 0.099999 7.600000
v -4.500000 0.099999 7.600000
v 4.300001 0.099999 7.699999
v 4.200000 0.099999 7.699999
v -4.199999 0.099999 7.700000
v -4.300000 0.099999 7.700000
v 4.200000 0.099999 7.800000
v 4.000000 0.099999 7.800000
v -3.999999 0.099999 7.800001
v -4.199999 0.099999 7.800001
v 4.000000 0.099999 7.900000
v 3.800001 0.099999 7.900000
v -3.799999 0.099999 7.900001
v -3.999999 0.099999 7.900001
v 3.800001 0.099999 8.000000
v 3.600001 0.099999 8.000000
v -3.599999 0.099999 8.000000
v -3.799999 0.099999 8.000000
v 3.600001 0.099999 8.100000
v 3.300001 0.099999 8.100000
v -3.299999 0.099999 8.100000
v -3.599999 0.099999 8.100000
v 3.300001 0.099999 8.200000
v 3.100001 0.099999 8.200000
v -3.099999 0.099999 8.200000
v -3.299999 0.099999 8.200000
v 3.100001 0.099999 8.300000
v 2.800001 0.099999 8.300000
v -2.799999 0.099999 8.300000
v -3.099999 0.099999 8.300000
v 2.800001 0.099999 8.400000
v 2.500001 0.099999 8.400000
v -2.499999 0.099999 8.400000
v -2.799999 0.099999 8.400000
v 2.500001 0.099999 8.500000
v 2.100001 0.099999 8.500000
v -2.099999 0.099999 8.500000
v -2.499999 0.099999 8.500000
v 2.100001 0.099999 8.600000
v 1.600001 0.099999 8.600000
v -1.599999 0.099999 8.600000
v -2.099999 0.099999 8.600000
v 1.600001 0.099999 8.700000
v 0.900001 0.099999 8.700000
v -0.899999 0.099999 8.700000
v -1.599999 0.099999 8.700000
v 0.900001 0.099999 8.800000
v 0.600001 0.099999 8.800000
v -0.599999 0.099999 8.800000
v -0.899999 0.099999 8.800000
v 0.199999 0.200000 -6.000000
v -0.200001 0.200000 -6.000000
v 0.300000 0.200000 -5.900000
v 0.199999 0.200000 -5.900000
v -0.200001 0.200000 -5.900000
v -0.300001 0.200000 -5.900000
v 0.399999 0.200000 -5.800000
v 0.300000 0.200000 -5.800000
v 0.199999 0.200000 -5.800000
v -0.200001 0.200000 -5.800000
v -0.300001 0.200000 -5.800000
v -0.400001 0.200000 -5.800000
v 0.499999 0.200000 -5.700000
v 0.399999 0.200000 -5.700000
v 0.300000 0.200000 -5.700000
v -0.300001 0.200000 -5.700000
v -0.400001 0.200000 -5.700000
v -0.500000 0.200000 -5.700000
v 0.500000 0.200000 -5.300000
v 0.400000 0.200000 -5.300000
v 0.300000 0.200000 -5.300000
v -0.300000 0.200000 -5.300000
v -0.400000 0.200000 -5.300000
v -0.500000 0.200000 -5.300000
v 0.400000 0.200000 -5.200000
v 0.300000 0.200000 -5.200000
v 0.200000 0.200000 -5.200000
v -0.200000 0.200000 -5.200000
v -0.300000 0.200000 -5.200000
v -0.400000 0.200000 -5.200000
v 0.300000 0.200000 -5.100000
v 0.200000 0.200000 -5.100000
v -0.200000 0.200000 -5.100000
v -0.300000 0.200000 -5.100000
v 0.200000 0.200000 -5.000000
v -0.200000 0.200000 -5.000000
v 4.199999 0.200000 -4.400001
v 3.799999 0.200000 -4.400001
v -3.800000 0.200000 -4.400000
v -4.200000 0.200000 -4.400000
v 4.300000 0.200000 -4.300001
v 4.199999 0.200000 -4.300001
v 3.799999 0.200000 -4.300001
v 3.700000 0.200000 -4.300001
v -3.700001 0.200000 -4.300000
v -3.800000 0.200000 -4.300000
v -4.200000 0.200000 -4.300000
v -4.300001 0.200000 -4.300000
v 4.400000 0.200000 -4.200000
v 4.300000 0.200000 -4.200000
v 4.199999 0.200000 -4.200000
v 3.799999 0.200000 -4.200000
v 3.700000 0.200000 -4.200000
v 3.599999 0.200000 -4.200000
v -3.600000 0.200000 -4.199999
v -3.700001 0.200000 -4.199999
v -3.800000 0.200000 -4.199999
v -4.200000 0.200000 -4.199999
v -4.300001 0.200000 -4.199999
v -4.400001 0.200000 -4.199999
v 4.500000 0.200000 -4.100000
v 4.400000 0.200000 -4.100000
v 4.300000 0.200000 -4.100000
v 3.700000 0.200000 -4.100000
v 3.599999 0.200000 -4.100000
v 3.500000 0.200000 -4.100000
v -3.500000 0.200000 -4.099999
v -3.600000 0.200000 -4.099999
v -3.700001 0.200000 -4.099999
v -4.300001 0.200000 -4.099999
v -4.400001 0.200000 -4.099999
v -4.500000 0.200000 -4.099999
v 4.500000 0.200000 -3.700001
v 4.400000 0.200000 -3.700001
v 4.300000 0.200000 -3.700001
v 3.700000 0.200000 -3.700000
v 3.600000 0.200000 -3.700000
v 3.500000 0.200000 -3.700000
v -3.500000 0.200000 -3.700000
v -3.600000 0.200000 -3.700000
v -3.700000 0.200000 -3.700000
v -4.300001 0.200000 -3.700000
v -4.400001 0.200000 -3.700000
v -4.500000 0.200000 -3.700000
v 4.400000 0.200000 -3.600000
v 4.300000 0.200000 -3.600000
v 4.199999 0.200000 -3.600000
v 3.800000 0.200000 -3.600000
v 3.700000 0.200000 -3.600000
v 3.600000 0.200000 -3.600000
v -3.600000 0.200000 -3.600000
v -3.700000 0.200000 -3.600000
v -3.800000 0.200000 -3.600000
v -4.200000 0.200000 -3.599999
v -4.300001 0.200000 -3.599999
v -4.400001 0.200000 -3.599999
v 4.300000 0.200000 -3.500000
v 4.199999 0.200000 -3.500000
v 3.800000 0.200000 -3.500000
v 3.700000 0.200000 -3.500000
v -3.700000 0.200000 -3.500000
v -3.800000 0.200000 -3.500000
v -4.200000 0.200000 -3.500000
v -4.300001 0.200000 -3.500000
v 4.199999 0.200000 -3.400000
v 3.800000 0.200000 -3.400000
v -3.800000 0.200000 -3.400000
v -4.200000 0.200000 -3.400000
v 10.900000 0.200000 -0.500001
v 10.500000 0.200000 -0.500001
v 5.700000 0.200000 -0.500000
v 5.300000 0.200000 -0.500000
v -5.300000 0.200000 -0.500000
v -5.700000 0.200000 -0.499999
v 11.000000 0.200000 -0.400001
v 10.900000 0.200000 -0.400001
v 10.500000 0.200000 -0.400001
v 10.400000 0.200000 -0.400001
v 5.800000 0.200000 -0.400001
v 5.700000 0.200000 -0.400000
v 5.300000 0.200000 -0.400000
v 5.200000 0.200000 -0.400000
v -5.200000 0.200000 -0.400000
v -5.300000 0.200000 -0.400000
v -5.700000 0.200000 -0.399999
v -5.800000 0.200000 -0.399999
v 11.100000 0.200000 -0.300001
v 11.000000 0.200000 -0.300001
v 10.900000 0.200000 -0.300001
v 10.500000 0.200000 -0.300001
v 10.400000 0.200000 -0.300001
v 10.300000 0.200000 -0.300001
v 5.900000 0.200000 -0.300001
v 5.800000 0.200000 -0.300001
v 5.700000 0.200000 -0.300000
v 5.300000 0.200000 -0.300000
v 5.200000 0.200000 -0.300000
v 5.100000 0.200000 -0.300000
v -5.100000 0.200000 -0.300000
v -5.200000 0.200000 -0.300000
v -5.300000 0.200000 -0.300000
v -5.700000 0.200000 -0.300000
v -5.800000 0.200000 -0.299999
v -5.900000 0.200000 -0.299999
v 11.200000 0.200000 -0.200001
v 11.100000 0.200000 -0.200001
v 11.000000 0.200000 -0.200001
v 10.400000 0.200000 -0.200001
v 10.300000 0.200000 -0.200001
v 10.200000 0.200000 -0.200001
v 6.000000 0.200000 -0.200001
v 5.900000 0.200000 -0.200001
v 5.800000 0.200000 -0.200000
v 5.200000 0.200000 -0.200000
v 5.100000 0.200000 -0.200000
v 5.000000 0.200000 -0.200000
v -5.000000 0.200000 -0.200000
v -5.100000 0.200000 -0.200000
v -5.200000 0.200000 -0.200000
v -5.800000 0.200000 -0.199999
v -5.900000 0.200000 -0.199999
v -6.000000 0.200000 -0.199999
v 11.200000 0.200000 0.199999
v 11.100000 0.200000 0.199999
v 11.000000 0.200000 0.199999
v 10.400000 0.200000 0.199999
v 10.300000 0.200000 0.199999
v 10.200000 0.200000 0.199999
v 6.000000 0.200000 0.199999
v 5.900000 0.200000 0.199999
v 5.800000 0.200000 0.200000
v 5.200000 0.200000 0.200000
v 5.100000 0.200000 0.200000
v 5.000000 0.200000 0.200000
v -5.000000 0.200000 0.200000
v -5.100000 0.200000 0.200000
v -5.200000 0.200000 0.200000
v -5.800000 0.200000 0.200001
v -5.900000 0.200000 0.200001
v -6.000000 0.200000 0.200001
v 11.100000 0.200000 0.299999
v 11.000000 0.200000 0.299999
v 10.900000 0.200000 0.299999
v 10.500000 0.200000 0.299999
v 10.400000 0.200000 0.299999
v 10.300000 0.200000 0.299999
v 5.900000 0.200000 0.300000
v 5.800000 0.200000 0.300000
v 5.700000 0.200000 0.300000
v 5.300000 0.200000 0.300000
v 5.200000 0.200000 0.300000
v 5.100000 0.200000 0.300000
v -5.100000 0.200000 0.300000
v -5.200000 0.200000 0.300000
v -5.300000 0.200000 0.300000
v -5.700000 0.200000 0.300001
v -5.800000 0.200000 0.300001
v -5.900000 0.200000 0.300001
v 11.000000 0.200000 0.400000
v 10.900000 0.200000 0.400000
v 10.500000 0.200000 0.400000
v 10.400000 0.200000 0.400000
v 5.800000 0.200000 0.400000
v 5.700000 0.200000 0.400001
v 5.300000 0.200000 0.400001
v 5.200000 0.200000 0.400001
v -5.200000 0.200000 0.400001
v -5.300000 0.200000 0.400001
v -5.700000 0.200000 0.400001
v -5.800000 0.200000 0.400002
v 10.900000 0.200000 0.499999
v 10.500000 0.200000 0.499999
v 5.700000 0.200000 0.500000
v 5.300000 0.200000 0.500000
v -5.300000 0.200000 0.500000
v -5.700000 0.200000 0.500001
v 0.199999 0.300000 -5.900000
v -0.200001 0.300000 -5.900000
v 0.300000 0.300000 -5.800000
v 0.199999 0.300000 -5.800000
v -0.200001 0.300000 -5.800000
v -0.300001 0.300000 -5.800000
v 0.399999 0.300000 -5.700000
v 0.300000 0.300000 -5.700000
v 0.200000 0.300000 -5.700000
v -0.200000 0.300000 -5.700000
v -0.300001 0.300000 -5.700000
v -0.400001 0.300000 -5.700000
v 0.400000 0.300000 -5.300000
v 0.300000 0.300000 -5.300000
v 0.200000 0.300000 -5.300000
v -0.200000 0.300000 -5.300000
v -0.300000 0.300000 -5.300000
v -0.400000 0.300000 -5.300000
v 0.300000 0.300000 -5.200000
v 0.200000 0.300000 -5.200000
v -0.200000 0.300000 -5.200000
v -0.300000 0.300000 -5.200000
v 0.200000 0.300000 -5.100000
v -0.200000 0.300000 -5.100000
v 4.199999 0.300000 -4.300001
v 3.799999 0.300000 -4.300001
v -3.800000 0.300000 -4.300000
v -4.200000 0.300000 -4.300000
v 4.300000 0.300000 -4.200000
v 4.199999 0.300000 -4.200000
v 3.799999 0.300000 -4.200000
v 3.700000 0.300000 -4.200000
v -3.700001 0.300000 -4.199999
v -3.800000 0.300000 -4.199999
v -4.200000 0.300000 -4.199999
v -4.300001 0.300000 -4.199999
v 4.400000 0.300000 -4.100000
v 4.300000 0.300000 -4.100000
v 4.199999 0.300000 -4.100000
v 3.799999 0.300000 -4.100000
v 3.700000 0.300000 -4.100000
v 3.599999 0.300000 -4.100000
v -3.600000 0.300000 -4.099999
v -3.700001 0.300000 -4.099999
v -3.800000 0.300000 -4.099999
v -4.200000 0.300000 -4.099999
v -4.300001 0.300000 -4.099999
v -4.400001 0.300000 -4.099999
v 4.400000 0.300000 -3.700001
v 4.300000 0.300000 -3.700000
v 4.199999 0.300000 -3.700000
v 3.800000 0.300000 -3.700000
v 3.700000 0.300000 -3.700000
v 3.600000 0.300000 -3.700000
v -3.600000 0.300000 -3.700000
v -3.700000 0.300000 -3.700000
v -3.800000 0.300000 -3.700000
v -4.200000 0.300000 -3.700000
v -4.300001 0.300000 -3.700000
v -4.400001 0.300000 -3.700000
v 4.300000 0.300000 -3.600000
v 4.199999 0.300000 -3.600000
v 3.800000 0.300000 -3.600000
v 3.700000 0.300000 -3.600000
v -3.700000 0.300000 -3.600000
v -3.800000 0.300000 -3.600000
v -4.200000 0.300000 -3.599999
v -4.300001 0.300000 -3.599999
v 4.199999 0.300000 -3.500000
v 3.800000 0.300000 -3.500000
v -3.800000 0.300000 -3.500000
v -4.200000 0.300000 -3.500000
v 10.900000 0.300000 -0.400001
v 10.500000 0.300000 -0.400001
v 5.700000 0.300000 -0.400000
v 5.300000 0.300000 -0.400000
v -5.300000 0.300000 -0.400000
v -5.700000 0.300000 -0.399999
v 11.000000 0.300000 -0.300001
v 10.900000 0.300000 -0.300001
v 10.500000 0.300000 -0.300001
v 10.400000 0.300000 -0.300001
v 5.800000 0.300000 -0.300000
v 5.700000 0.300000 -0.300000
v 5.300000 0.300000 -0.300000
v 5.200000 0.300000 -0.300000
v -5.200000 0.300000 -0.300000
v -5.300000 0.300000 -0.300000
v -5.700000 0.300000 -0.300000
v -5.800000 0.300000 -0.299999
v 11.100000 0.300000 -0.200001
v 11.000000 0.300000 -0.200001
v 10.900000 0.300000 -0.200001
v 10.500000 0.300000 -0.200001
v 10.400000 0.300000 -0.200001
v 10.300000 0.300000 -0.200001
v 5.900000 0.300000 -0.200000
v 5.800000 0.300000 -0.200000
v 5.700000 0.300000 -0.200000
v 5.300000 0.300000 -0.200000
v 5.200000 0.300000 -0.200000
v 5.100000 0.300000 -0.200000
v -5.100000 0.300000 -0.200000
v -5.200000 0.300000 -0.200000
v -5.300000 0.300000 -0.200000
v -5.700000 0.300000 -0.199999
v -5.800000 0.300000 -0.199999
v -5.900000 0.300000 -0.199999
v 11.100000 0.300000 0.199999
v 11.000000 0.300000 0.199999
v 10.900000 0.300000 0.199999
v 10.500000 0.300000 0.199999
v 10.400000 0.300000 0.199999
v 10.300000 0.300000 0.199999
v 5.900000 0.300000 0.200000
v 5.800000 0.300000 0.200000
v 5.700000 0.300000 0.200000
v 5.300000 0.300000 0.200000
v 5.200000 0.300000 0.200000
v 5.100000 0.300000 0.200000
v -5.100000 0.300000 0.200000
v -5.200000 0.300000 0.200000
v -5.300000 0.300000 0.200000
v -5.700000 0.300000 0.200001
v -5.800000 0.300000 0.200001
v -5.900000 0.300000 0.200001
v 11.000000 0.300000 0.299999
v 10.900000 0.300000 0.299999
v 10.500000 0.300000 0.299999
v 10.400000 0.300000 0.299999
v 5.800000 0.300000 0.300000
v 5.700000 0.300000 0.300000
v 5.300000 0.300000 0.300000
v 5.200000 0.300000 0.300000
v -5.200000 0.300000 0.300000
v -5.300000 0.300000 0.300000
v -5.700000 0.300000 0.300001
v -5.800000 0.300000 0.300001
v 10.900000 0.300000 0.400000
v 10.500000 0.300000 0.400000
v 5.700000 0.300000 0.400001
v 5.300000 0.300000 0.400001
v -5.300000 0.300000 0.400001
v -5.700000 0.300000 0.400001
v 0.199999 0.400000 -5.800000
v -0.200001 0.400000 -5.800000
v 0.300000 0.400000 -5.700000
v 0.200000 0.400000 -5.700000
v -0.200000 0.400000 -5.700000
v -0.300001 0.400000 -5.700000
v 0.300000 0.400000 -5.300000
v 0.200000 0.400000 -5.300000
v -0.200000 0.400000 -5.300000
v -0.300000 0.400000 -5.300000
v 0.200000 0.400000 -5.200000
v -0.200000 0.400000 -5.200000
v 4.199999 0.400000 -4.200000
v 3.799999 0.400000 -4.200000
v -3.800000 0.400000 -4.199999
v -4.200000 0.400000 -4.199999
v 4.300000 0.400000 -4.100000
v 4.199999 0.400000 -4.100000
v 3.799999 0.400000 -4.100000
v 3.700000 0.400000 -4.100000
v -3.700001 0.400000 -4.099999
v -3.800000 0.400000 -4.099999
v -4.200000 0.400000 -4.099999
v -4.300001 0.400000 -4.099999
v 4.300000 0.400000 -3.700000
v 4.199999 0.400000 -3.700000
v 3.800000 0.400000 -3.700000
v 3.700000 0.400000 -3.700000
v -3.700000 0.400000 -3.700000
v -3.800000 0.400000 -3.700000
v -4.200000 0.400000 -3.700000
v -4.300001 0.400000 -3.700000
v 4.199999 0.400000 -3.600000
v 3.800000 0.400000 -3.600000
v -3.800000 0.400000 -3.599999
v -4.200000 0.400000 -3.599999
v 10.900000 0.400000 -0.300001
v 10.500000 0.400000 -0.300001
v 5.700000 0.400000 -0.300000
v 5.300000 0.400000 -0.300000
v -5.300000 0.400000 -0.300000
v -5.700000 0.400000 -0.299999
v 11.000000 0.400000 -0.200001
v 10.900000 0.400000 -0.200001
v 10.500000 0.400000 -0.200001
v 10.400000 0.400000 -0.200001
v 5.800000 0.400000 -0.200000
v 5.700000 0.400000 -0.200000
v 5.300000 0.400000 -0.200000
v 5.200000 0.400000 -0.200000
v -5.200000 0.400000 -0.200000
v -5.300000 0.400000 -0.200000
v -5.700000 0.400000 -0.199999
v -5.800000 0.400000 -0.199999
v 11.000000 0.400000 0.199999
v 10.900000 0.400000 0.199999
v 10.500000 0.400000 0.199999
v 10.400000 0.400000 0.199999
v 5.800000 0.400000 0.200000
v 5.700000 0.400000 0.200000
v 5.300000 0.400000 0.200000
v 5.200000 0.400000 0.200000
v -5.200000 0.400000 0.200000
v -5.300000 0.400000 0.200000
v -5.700000 0.400000 0.200001
v -5.800000 0.400000 0.200001
v 10.900000 0.400000 0.299999
v 10.500000 0.400000 0.299999
v 5.700000 0.400000 0.300000
v 5.300000 0.400000 0.300000
v -5.300000 0.400000 0.300001
v -5.700000 0.400000 0.300001
v 0.200000 0.600000 -5.700000
v 0.100000 0.600000 -5.700000
v -0.100001 0.600000 -5.700000
v -0.200000 0.600000 -5.700000
v 0.200000 0.600000 -5.600000
v 0.100000 0.600000 -5.600000
v -0.100000 0.600000 -5.600000
v -0.200000 0.600000 -5.600000
v 0.200000 0.600000 -5.400000
v 0.100000 0.600000 -5.400000
v -0.100000 0.600000 -5.400000
v -0.200000 0.600000 -5.400000
v 0.200000 0.600000 -5.300000
v 0.100000 0.600000 -5.300000
v -0.100000 0.600000 -5.300000
v -0.200000 0.600000 -5.300000
v 4.199999 0.600000 -4.100000
v 4.099999 0.600000 -4.100000
v 3.900000 0.600000 -4.100000
v 3.799999 0.600000 -4.100000
v -3.800000 0.600000 -4.099999
v -3.900001 0.600000 -4.099999
v -4.100000 0.600000 -4.099999
v -4.200000 0.600000 -4.099999
v 4.199999 0.600000 -4.000000
v 4.099999 0.600000 -4.000000
v 3.900000 0.600000 -4.000000
v 3.800000 0.600000 -4.000000
v -3.800000 0.600000 -4.000000
v -3.900000 0.600000 -4.000000
v -4.100000 0.600000 -4.000000
v -4.200000 0.600000 -4.000000
v 4.199999 0.600000 -3.800000
v 4.099999 0.600000 -3.800000
v 3.900000 0.600000 -3.800000
v 3.800000 0.600000 -3.800000
v -3.800000 0.600000 -3.799999
v -3.900000 0.600000 -3.799999
v -4.100000 0.600000 -3.799999
v -4.200000 0.600000 -3.799999
v 4.199999 0.600000 -3.700000
v 4.099999 0.600000 -3.700000
v 3.900000 0.600000 -3.700000
v 3.800000 0.600000 -3.700000
v -3.800000 0.600000 -3.700000
v -3.900000 0.600000 -3.700000
v -4.100000 0.600000 -3.700000
v -4.200000 0.600000 -3.700000
v 10.900000 0.600000 -0.200001
v 10.800000 0.600000 -0.200001
v 10.600000 0.600000 -0.200001
v 10.500000 0.600000 -0.200001
v 5.700000 0.600000 -0.200000
v 5.600000 0.600000 -0.200000
v 5.400000 0.600000 -0.200000
v 5.300000 0.600000 -0.200000
v -5.300000 0.600000 -0.199999
v -5.400000 0.600000 -0.199999
v -5.600000 0.600000 -0.199999
v -5.700000 0.600000 -0.199999
v 10.900000 0.600000 -0.100000
v 10.800000 0.600000 -0.100000
v 10.600000 0.600000 -0.100000
v 10.500000 0.600000 -0.100000
v 5.700000 0.600000 -0.100000
v 5.600000 0.600000 -0.100000
v 5.400000 0.600000 -0.100000
v 5.300000 0.600000 -0.100000
v -5.300000 0.600000 -0.099999
v -5.400000 0.600000 -0.099999
v -5.600000 0.600000 -0.099999
v -5.700000 0.600000 -0.099999
v 10.900000 0.600000 0.099999
v 10.800000 0.600000 0.099999
v 10.600000 0.600000 0.099999
v 10.500000 0.600000 0.099999
v 5.700000 0.600000 0.100000
v 5.600000 0.600000 0.100000
v 5.400000 0.600000 0.100000
v 5.300000 0.600000 0.100000
v -5.300000 0.600000 0.100001
v -5.400000 0.600000 0.100001
v -5.600000 0.600000 0.100001
v -5.700000 0.600000 0.100001
v 10.900000 0.600000 0.199999
v 10.800000 0.600000 0.199999
v 10.600000 0.600000 0.199999
v 10.500000 0.600000 0.199999
v 5.700000 0.600000 0.200000
v 5.600000 0.600000 0.200000
v 5.400000 0.600000 0.200000
v 5.300000 0.600000 0.200000
v -5.300000 0.600000 0.200001
v -5.400000 0.600000 0.200001
v -5.600000 0.600000 0.200001
v -5.700000 0.600000 0.200001
v 0.199999 2.100000 -6.000000
v -0.200001 2.100000 -6.000000
v 0.300000 2.100000 -5.900000
v 0.199999 2.100000 -5.900000
v 0.099999 2.100000 -5.900000
v -0.100001 2.100000 -5.900000
v -0.200001 2.100000 -5.900000
v -0.300001 2.100000 -5.900000
v 0.399999 2.100000 -5.800000
v 0.300000 2.100000 -5.800000
v 0.199999 2.100000 -5.800000
v 0.099999 2.100000 -5.800000
v -0.100001 2.100000 -5.800000
v -0.200001 2.100000 -5.800000
v -0.300001 2.100000 -5.800000
v -0.400001 2.100000 -5.800000
v 0.499999 2.100000 -5.700000
v 0.399999 2.100000 -5.700000
v 0.300000 2.100000 -5.700000
v 0.200000 2.100000 -5.700000
v -0.200000 2.100000 -5.700000
v -0.300001 2.100000 -5.700000
v -0.400001 2.100000 -5.700000
v -0.500000 2.100000 -5.700000
v 0.400000 2.100000 -5.600000
v 0.300000 2.100000 -5.600000
v -0.300000 2.100000 -5.600000
v -0.400000 2.100000 -5.600000
v 0.400000 2.100000 -5.400000
v 0.300000 2.100000 -5.400000
v -0.300000 2.100000 -5.400000
v -0.400000 2.100000 -5.400000
v 0.500000 2.100000 -5.300000
v 0.400000 2.100000 -5.300000
v 0.300000 2.100000 -5.300000
v 0.200000 2.100000 -5.300000
v -0.200000 2.100000 -5.300000
v -0.300000 2.100000 -5.300000
v -0.400000 2.100000 -5.300000
v -0.500000 2.100000 -5.300000
v 0.400000 2.100000 -5.200000
v 0.300000 2.100000 -5.200000
v 0.200000 2.100000 -5.200000
v 0.100000 2.100000 -5.200000
v -0.100000 2.100000 -5.200000
v -0.200000 2.100000 -5.200000
v -0.300000 2.100000 -5.200000
v -0.400000 2.100000 -5.200000
v 0.300000 2.100000 -5.100000
v 0.200000 2.100000 -5.100000
v 0.100000 2.100000 -5.100000
v -0.100000 2.100000 -5.100000
v -0.200000 2.100000 -5.100000
v -0.300000 2.100000 -5.100000
v 0.200000 2.100000 -5.000000
v -0.200000 2.100000 -5.000000
v 4.199999 2.100000 -4.400000
v 3.799999 2.100000 -4.400000
v -3.800000 2.100000 -4.400000
v -4.200000 2.100000 -4.400000
v 4.300000 2.100000 -4.300000
v 4.199999 2.100000 -4.300000
v 4.099999 2.100000 -4.300000
v 3.900000 2.100000 -4.300000
v 3.799999 2.100000 -4.300000
v 3.700000 2.100000 -4.300000
v -3.700001 2.100000 -4.300000
v -3.800000 2.100000 -4.300000
v -3.900001 2.100000 -4.300000
v -4.100000 2.100000 -4.300000
v -4.200000 2.100000 -4.300000
v -4.300001 2.100000 -4.300000
v 4.400000 2.100000 -4.200000
v 4.300000 2.100000 -4.200000
v 4.199999 2.100000 -4.200000
v 4.099999 2.100000 -4.200000
v 3.900000 2.100000 -4.200000
v 3.799999 2.100000 -4.200000
v 3.700000 2.100000 -4.200000
v 3.599999 2.100000 -4.200000
v -3.600000 2.100000 -4.199999
v -3.700001 2.100000 -4.199999
v -3.800000 2.100000 -4.199999
v -3.900001 2.100000 -4.199999
v -4.100000 2.100000 -4.199999
v -4.200000 2.100000 -4.199999
v -4.300001 2.100000 -4.199999
v -4.400001 2.100000 -4.199999
v 4.500000 2.100000 -4.100000
v 4.400000 2.100000 -4.100000
v 4.300000 2.100000 -4.100000
v 4.199999 2.100000 -4.100000
v 3.799999 2.100000 -4.100000
v 3.700000 2.100000 -4.100000
v 3.599999 2.100000 -4.100000
v 3.500000 2.100000 -4.100000
v -3.500000 2.100000 -4.099999
v -3.600000 2.100000 -4.099999
v -3.700001 2.100000 -4.099999
v -3.800000 2.100000 -4.099999
v -4.200000 2.100000 -4.099999
v -4.300001 2.100000 -4.099999
v -4.400001 2.100000 -4.099999
v -4.500000 2.100000 -4.099999
v 4.400000 2.100000 -4.000000
v 4.300000 2.100000 -4.000000
v 3.700000 2.100000 -4.000000
v 3.600000 2.100000 -4.000000
v -3.600000 2.100000 -4.000000
v -3.700000 2.100000 -4.000000
v -4.300001 2.100000 -4.000000
v -4.400001 2.100000 -4.000000
v 4.400000 2.100000 -3.800000
v 4.300000 2.100000 -3.800000
v 3.700000 2.100000 -3.800000
v 3.600000 2.100000 -3.800000
v -3.600000 2.100000 -3.799999
v -3.700000 2.100000 -3.799999
v -4.300001 2.100000 -3.799999
v -4.400001 2.100000 -3.799999
v 4.500000 2.100000 -3.700000
v 4.400000 2.100000 -3.700000
v 4.300000 2.100000 -3.700000
v 4.199999 2.100000 -3.700000
v 3.800000 2.100000 -3.700000
v 3.700000 2.100000 -3.700000
v 3.600000 2.100000 -3.700000
v 3.500000 2.100000 -3.700000
v -3.500000 2.100000 -3.700000
v -3.600000 2.100000 -3.700000
v -3.700000 2.100000 -3.700000
v -3.800000 2.100000 -3.700000
v -4.200000 2.100000 -3.700000
v -4.300001 2.100000 -3.700000
v -4.400001 2.100000 -3.700000
v -4.500000 2.100000 -3.700000
v 4.400000 2.100000 -3.600000
v 4.300000 2.100000 -3.600000
v 4.199999 2.100000 -3.600000
v 4.099999 2.100000 -3.600000
v 3.900000 2.100000 -3.600000
v 3.800000 2.100000 -3.600000
v 3.700000 2.100000 -3.600000
v 3.600000 2.100000 -3.600000
v -3.600000 2.100000 -3.599999
v -3.700000 2.100000 -3.599999
v -3.800000 2.100000 -3.599999
v -3.900000 2.100000 -3.599999
v -4.100000 2.100000 -3.599999
v -4.200000 2.100000 -3.599999
v -4.300001 2.100000 -3.599999
v -4.400001 2.100000 -3.599999
v 4.300000 2.100000 -3.500000
v 4.199999 2.100000 -3.500000
v 4.099999 2.100000 -3.500000
v 3.900000 2.100000 -3.500000
v 3.800000 2.100000 -3.500000
v 3.700000 2.100000 -3.500000
v -3.700000 2.100000 -3.500000
v -3.800000 2.100000 -3.500000
v -3.900000 2.100000 -3.500000
v -4.100000 2.100000 -3.500000
v -4.200000 2.100000 -3.500000
v -4.300001 2.100000 -3.500000
v 4.199999 2.100000 -3.400000
v 3.800000 2.100000 -3.400000
v -3.800000 2.100000 -3.400000
v -4.200000 2.100000 -3.400000
v 10.900000 2.100000 -0.500001
v 10.500000 2.100000 -0.500001
v 5.700000 2.100000 -0.500000
v 5.300000 2.100000 -0.500000
v -5.300000 2.100000 -0.499999
v -5.700000 2.100000 -0.499999
v 11.000000 2.100000 -0.400001
v 10.900000 2.100000 -0.400001
v 10.800000 2.100000 -0.400001
v 10.600000 2.100000 -0.400001
v 10.500000 2.100000 -0.400001
v 10.400000 2.100000 -0.400001
v 5.800000 2.100000 -0.400000
v 5.700000 2.100000 -0.400000
v 5.600000 2.100000 -0.400000
v 5.400000 2.100000 -0.400000
v 5.300000 2.100000 -0.400000
v 5.200000 2.100000 -0.400000
v -5.200000 2.100000 -0.399999
v -5.300000 2.100000 -0.399999
v -5.400000 2.100000 -0.399999
v -5.600000 2.100000 -0.399999
v -5.700000 2.100000 -0.399999
v -5.800000 2.100000 -0.399999
v 11.100000 2.100000 -0.300001
v 11.000000 2.100000 -0.300001
v 10.900000 2.100000 -0.300001
v 10.800000 2.100000 -0.300001
v 10.600000 2.100000 -0.300001
v 10.500000 2.100000 -0.300001
v 10.400000 2.100000 -0.300001
v 10.300000 2.100000 -0.300001
v 5.900000 2.100000 -0.300000
v 5.800000 2.100000 -0.300000
v 5.700000 2.100000 -0.300000
v 5.600000 2.100000 -0.300000
v 5.400000 2.100000 -0.300000
v 5.300000 2.100000 -0.300000
v 5.200000 2.100000 -0.300000
v 5.100000 2.100000 -0.300000
v -5.100000 2.100000 -0.299999
v -5.200000 2.100000 -0.299999
v -5.300000 2.100000 -0.299999
v -5.400000 2.100000 -0.299999
v -5.600000 2.100000 -0.299999
v -5.700000 2.100000 -0.299999
v -5.800000 2.100000 -0.299999
v -5.900000 2.100000 -0.299999
v 11.200000 2.100000 -0.200001
v 11.100000 2.100000 -0.200001
v 11.000000 2.100000 -0.200001
v 10.900000 2.100000 -0.200001
v 10.500000 2.100000 -0.200001
v 10.400000 2.100000 -0.200001
v 10.300000 2.100000 -0.200001
v 10.200000 2.100000 -0.200001
v 6.000000 2.100000 -0.200000
v 5.900000 2.100000 -0.200000
v 5.800000 2.100000 -0.200000
v 5.700000 2.100000 -0.200000
v 5.300000 2.100000 -0.200000
v 5.200000 2.100000 -0.200000
v 5.100000 2.100000 -0.200000
v 5.000000 2.100000 -0.200000
v -5.000000 2.100000 -0.199999
v -5.100000 2.100000 -0.199999
v -5.200000 2.100000 -0.199999
v -5.300000 2.100000 -0.199999
v -5.700000 2.100000 -0.199999
v -5.800000 2.100000 -0.199999
v -5.900000 2.100000 -0.199999
v -6.000000 2.100000 -0.199999
v 11.100000 2.100000 -0.100000
v 11.000000 2.100000 -0.100000
v 10.400000 2.100000 -0.100000
v 10.300000 2.100000 -0.100000
v 5.900000 2.100000 -0.100000
v 5.800000 2.100000 -0.100000
v 5.200000 2.100000 -0.100000
v 5.100000 2.100000 -0.100000
v -5.100000 2.100000 -0.099999
v -5.200000 2.100000 -0.099999
v -5.800000 2.100000 -0.099999
v -5.900000 2.100000 -0.099999
v 11.100000 2.100000 0.099999
v 11.000000 2.100000 0.099999
v 10.400000 2.100000 0.099999
v 10.300000 2.100000 0.099999
v 5.900000 2.100000 0.100000
v 5.800000 2.100000 0.100000
v 5.200000 2.100000 0.100000
v 5.100000 2.100000 0.100000
v -5.100000 2.100000 0.100001
v -5.200000 2.100000 0.100001
v -5.800000 2.100000 0.100001
v -5.900000 2.100000 0.100001
v 11.200000 2.100000 0.199999
v 11.100000 2.100000 0.199999
v 11.000000 2.100000 0.199999
v 10.900000 2.100000 0.199999
v 10.500000 2.100000 0.199999
v 10.400000 2.100000 0.199999
v 10.300000 2.100000 0.199999
v 10.200000 2.100000 0.199999
v 6.000000 2.100000 0.200000
v 5.900000 2.100000 0.200000
v 5.800000 2.100000 0.200000
v 5.700000 2.100000 0.200000
v 5.300000 2.100000 0.200000
v 5.200000 2.100000 0.200000
v 5.100000 2.100000 0.200000
v 5.000000 2.100000 0.200000
v -5.000000 2.100000 0.200001
v -5.100000 2.100000 0.200001
v -5.200000 2.100000 0.200001
v -5.300000 2.100000 0.200001
v -5.700000 2.100000 0.200001
v -5.800000 2.100000 0.200001
v -5.900000 2.100000 0.200001
v -6.000000 2.100000 0.200001
v 11.100000 2.100000 0.299999
v 11.000000 2.100000 0.299999
v 10.900000 2.100000 0.299999
v 10.800000 2.100000 0.299999
v 10.600000 2.100000 0.299999
v 10.500000 2.100000 0.299999
v 10.400000 2.100000 0.299999
v 10.300000 2.100000 0.299999
v 5.900000 2.100000 0.300000
v 5.800000 2.100000 0.300000
v 5.700000 2.100000 0.300000
v 5.600000 2.100000 0.300000
v 5.400000 2.100000 0.300000
v 5.300000 2.100000 0.300000
v 5.200000 2.100000 0.300000
v 5.100000 2.100000 0.300000
v -5.100000 2.100000 0.300001
v -5.200000 2.100000 0.300001
v -5.300000 2.100000 0.300001
v -5.400000 2.100000 0.300001
v -5.600000 2.100000 0.300001
v -5.700000 2.100000 0.300001
v -5.800000 2.100000 0.300001
v -5.900000 2.100000 0.300001
v 11.000000 2.100000 0.400000
v 10.900000 2.100000 0.400000
v 10.800000 2.100000 0.400000
v 10.600000 2.100000 0.400000
v 10.500000 2.100000 0.400000
v 10.400000 2.100000 0.400000
v 5.800000 2.100000 0.400001
v 5.700000 2.100000 0.400001
v 5.600000 2.100000 0.400001
v 5.400000 2.100000 0.400001
v 5.300000 2.100000 0.400001
v 5.200000 2.100000 0.400001
v -5.200000 2.100000 0.400002
v -5.300000 2.100000 0.400002
v -5.400000 2.100000 0.400002
v -5.600000 2.100000 0.400002
v -5.700000 2.100000 0.400002
v -5.800000 2.100000 0.400002
v 10.900000 2.100000 0.499999
v 10.500000 2.100000 0.499999
v 5.700000 2.100000 0.500000
v 5.300000 2.100000 0.500000
v -5.300000 2.100000 0.500001
v -5.700000 2.100000 0.500001
v 0.099999 2.200001 -5.900000
v -0.100001 2.200001 -5.900000
v 0.199999 2.200001 -5.800000
v 0.099999 2.200001 -5.800000
v -0.100001 2.200001 -5.800000
v -0.200001 2.200001 -5.800000
v 0.300000 2.200001 -5.700000
v 0.200000 2.200001 -5.700000
v 0.100000 2.200001 -5.700000
v -0.100001 2.200001 -5.700000
v -0.200000 2.200001 -5.700000
v -0.300001 2.200001 -5.700000
v 0.400000 2.200001 -5.600000
v 0.300000 2.200001 -5.600000
v 0.200000 2.200001 -5.600000
v 0.100000 2.200001 -5.600000
v -0.100000 2.200001 -5.600000
v -0.200000 2.200001 -5.600000
v -0.300000 2.200001 -5.600000
v -0.400000 2.200001 -5.600000
v 0.400000 2.200001 -5.400000
v 0.300000 2.200001 -5.400000
v 0.200000 2.200001 -5.400000
v 0.100000 2.200001 -5.400000
v -0.100000 2.200001 -5.400000
v -0.200000 2.200001 -5.400000
v -0.300000 2.200001 -5.400000
v -0.400000 2.200001 -5.400000
v 0.300000 2.200001 -5.300000
v 0.200000 2.200001 -5.300000
v 0.100000 2.200001 -5.300000
v -0.100000 2.200001 -5.300000
v -0.200000 2.200001 -5.300000
v -0.300000 2.200001 -5.300000
v 0.200000 2.200001 -5.200000
v 0.100000 2.200001 -5.200000
v -0.100000 2.200001 -5.200000
v -0.200000 2.200001 -5.200000
v 0.100000 2.200001 -5.100000
v -0.100000 2.200001 -5.100000
v 4.099999 2.200000 -4.300000
v 3.900000 2.200000 -4.300000
v -3.900001 2.200000 -4.300000
v -4.100000 2.200000 -4.300000
v 4.199999 2.200000 -4.200000
v 4.099999 2.200000 -4.200000
v 3.900000 2.200000 -4.200000
v 3.799999 2.200000 -4.200000
v -3.800000 2.200000 -4.199999
v -3.900001 2.200000 -4.199999
v -4.100000 2.200000 -4.199999
v -4.200000 2.200000 -4.199999
v 4.300000 2.200000 -4.100000
v 4.199999 2.200000 -4.100000
v 4.099999 2.200000 -4.100000
v 3.900000 2.200000 -4.100000
v 3.799999 2.200000 -4.100000
v 3.700000 2.200000 -4.100000
v -3.700001 2.200000 -4.099999
v -3.800000 2.200000 -4.099999
v -3.900001 2.200000 -4.099999
v -4.100000 2.200000 -4.099999
v -4.200000 2.200000 -4.099999
v -4.300001 2.200000 -4.099999
v 4.400000 2.200000 -4.000000
v 4.300000 2.200000 -4.000000
v 4.199999 2.200000 -4.000000
v 4.099999 2.200000 -4.000000
v 3.900000 2.200000 -4.000000
v 3.800000 2.200000 -4.000000
v 3.700000 2.200000 -4.000000
v 3.600000 2.200000 -4.000000
v -3.600000 2.200000 -4.000000
v -3.700000 2.200000 -4.000000
v -3.800000 2.200000 -4.000000
v -3.900000 2.200000 -4.000000
v -4.100000 2.200000 -4.000000
v -4.200000 2.200000 -4.000000
v -4.300001 2.200000 -4.000000
v -4.400001 2.200000 -4.000000
v 4.400000 2.200000 -3.800000
v 4.300000 2.200000 -3.800000
v 4.199999 2.200000 -3.800000
v 4.099999 2.200000 -3.800000
v 3.900000 2.200000 -3.800000
v 3.800000 2.200000 -3.800000
v 3.700000 2.200000 -3.800000
v 3.600000 2.200000 -3.800000
v -3.600000 2.200000 -3.799999
v -3.700000 2.200000 -3.799999
v -3.800000 2.200000 -3.799999
v -3.900000 2.200000 -3.799999
v -4.100000 2.200000 -3.799999
v -4.200000 2.200000 -3.799999
v -4.300001 2.200000 -3.799999
v -4.400001 2.200000 -3.799999
v 4.300000 2.200000 -3.700000
v 4.199999 2.200000 -3.700000
v 4.099999 2.200000 -3.700000
v 3.900000 2.200000 -3.700000
v 3.800000 2.200000 -3.700000
v 3.700000 2.200000 -3.700000
v -3.700000 2.200000 -3.700000
v -3.800000 2.200000 -3.700000
v -3.900000 2.200000 -3.700000
v -4.100000 2.200000 -3.700000
v -4.200000 2.200000 -3.700000
v -4.300001 2.200000 -3.700000
v 4.199999 2.200000 -3.600000
v 4.099999 2.200000 -3.600000
v 3.900000 2.200000 -3.600000
v 3.800000 2.200000 -3.600000
v -3.800000 2.200000 -3.599999
v -3.900000 2.200000 -3.599999
v -4.100000 2.200000 -3.599999
v -4.200000 2.200000 -3.599999
v 4.099999 2.200000 -3.500000
v 3.900000 2.200000 -3.500000
v -3.900000 2.200000 -3.500000
v -4.100000 2.200000 -3.500000
v 10.800000 2.200000 -0.400001
v 10.600000 2.200000 -0.400001
v 5.600000 2.200000 -0.400000
v 5.400000 2.200000 -0.400000
v -5.400000 2.200000 -0.399999
v -5.600000 2.200000 -0.399999
v 10.900000 2.200000 -0.300001
v 10.800000 2.200000 -0.300001
v 10.600000 2.200000 -0.300001
v 10.500000 2.200000 -0.300001
v 5.700000 2.200000 -0.300000
v 5.600000 2.200000 -0.300000
v 5.400000 2.200000 -0.300000
v 5.300000 2.200000 -0.300000
v -5.300000 2.200000 -0.299999
v -5.400000 2.200000 -0.299999
v -5.600000 2.200000 -0.299999
v -5.700000 2.200000 -0.299999
v 11.000000 2.200000 -0.200001
v 10.900000 2.200000 -0.200001
v 10.800000 2.200000 -0.200001
v 10.600000 2.200000 -0.200001
v 10.500000 2.200000 -0.200001
v 10.400000 2.200000 -0.200001
v 5.800000 2.200000 -0.200000
v 5.700000 2.200000 -0.200000
v 5.600000 2.200000 -0.200000
v 5.400000 2.200000 -0.200000
v 5.300000 2.200000 -0.200000
v 5.200000 2.200000 -0.200000
v -5.200000 2.200000 -0.199999
v -5.300000 2.200000 -0.199999
v -5.400000 2.200000 -0.199999
v -5.600000 2.200000 -0.199999
v -5.700000 2.200000 -0.199999
v -5.800000 2.200000 -0.199999
v 11.100000 2.200000 -0.100000
v 11.000000 2.200000 -0.100000
v 10.900000 2.200000 -0.100000
v 10.800000 2.200000 -0.100000
v 10.600000 2.200000 -0.100000
v 10.500000 2.200000 -0.100000
v 10.400000 2.200000 -0.100000
v 10.300000 2.200000 -0.100000
v 5.900000 2.200000 -0.100000
v 5.800000 2.200000 -0.100000
v 5.700000 2.200000 -0.100000
v 5.600000 2.200000 -0.100000
v 5.400000 2.200000 -0.100000
v 5.300000 2.200000 -0.100000
v 5.200000 2.200000 -0.100000
v 5.100000 2.200000 -0.100000
v -5.100000 2.200000 -0.099999
v -5.200000 2.200000 -0.099999
v -5.300000 2.200000 -0.099999
v -5.400000 2.200000 -0.099999
v -5.600000 2.200000 -0.099999
v -5.700000 2.200000 -0.099999
v -5.800000 2.200000 -0.099999
v -5.900000 2.200000 -0.099999
v 11.100000 2.200000 0.099999
v 11.000000 2.200000 0.099999
v 10.900000 2.200000 0.099999
v 10.800000 2.200000 0.099999
v 10.600000 2.200000 0.099999
v 10.500000 2.200000 0.099999
v 10.400000 2.200000 0.099999
v 10.300000 2.200000 0.099999
v 5.900000 2.200000 0.100000
v 5.800000 2.200000 0.100000
v 5.700000 2.200000 0.100000
v 5.600000 2.200000 0.100000
v 5.400000 2.200000 0.100000
v 5.300000 2.200000 0.100000
v 5.200000 2.200000 0.100000
v 5.100000 2.200000 0.100000
v -5.100000 2.200000 0.100001
v -5.200000 2.200000 0.100001
v -5.300000 2.200000 0.100001
v -5.400000 2.200000 0.100001
v -5.600000 2.200000 0.100001
v -5.700000 2.200000 0.100001
v -5.800000 2.200000 0.100001
v -5.900000 2.200000 0.100001
v 11.000000 2.200000 0.199999
v 10.900000 2.200000 0.199999
v 10.800000 2.200000 0.199999
v 10.600000 2.200000 0.199999
v 10.500000 2.200000 0.199999
v 10.400000 2.200000 0.199999
v 5.800000 2.200000 0.200000
v 5.700000 2.200000 0.200000
v 5.600000 2.200000 0.200000
v 5.400000 2.200000 0.200000
v 5.300000 2.200000 0.200000
v 5.200000 2.200000 0.200000
v -5.200000 2.200000 0.200001
v -5.300000 2.200000 0.200001
v -5.400000 2.200000 0.200001
v -5.600000 2.200000 0.200001
v -5.700000 2.200000 0.200001
v -5.800000 2.200000 0.200001
v 10.900000 2.200000 0.299999
v 10.800000 2.200000 0.299999
v 10.600000 2.200000 0.299999
v 10.500000 2.200000 0.299999
v 5.700000 2.200000 0.300000
v 5.600000 2.200000 0.300000
v 5.400000 2.200000 0.300000
v 5.300000 2.200000 0.300000
v -5.300000 2.200000 0.300001
v -5.400000 2.200000 0.300001
v -5.600000 2.200000 0.300001
v -5.700000 2.200000 0.300001
v 10.800000 2.200000 0.400000
v 10.600000 2.200000 0.400000
v 5.600000 2.200000 0.400001
v 5.400000 2.200000 0.400001
v -5.400000 2.200000 0.400002
v -5.600000 2.200000 0.400002
v 0.100000 2.300000 -5.700000
v -0.100001 2.300000 -5.700000
v 0.200000 2.300000 -5.600000
v 0.100000 2.300000 -5.600000
v -0.100000 2.300000 -5.600000
v -0.200000 2.300000 -5.600000
v 0.200000 2.300000 -5.400000
v 0.100000 2.300000 -5.400000
v -0.100000 2.300000 -5.400000
v -0.200000 2.300000 -5.400000
v 0.100000 2.300000 -5.300000
v -0.100000 2.300000 -5.300000
v 4.099999 2.300000 -4.100000
v 3.900000 2.300000 -4.100000
v -3.900001 2.300000 -4.099999
v -4.100000 2.300000 -4.099999
v 4.199999 2.300000 -4.000000
v 4.099999 2.300000 -4.000000
v 3.900000 2.300000 -4.000000
v 3.800000 2.300000 -4.000000
v -3.800000 2.300000 -4.000000
v -3.900000 2.300000 -4.000000
v -4.100000 2.300000 -4.000000
v -4.200000 2.300000 -4.000000
v 4.199999 2.300000 -3.800000
v 4.099999 2.300000 -3.800000
v 3.900000 2.300000 -3.800000
v 3.800000 2.300000 -3.800000
v -3.800000 2.300000 -3.799999
v -3.900000 2.300000 -3.799999
v -4.100000 2.300000 -3.799999
v -4.200000 2.300000 -3.799999
v 4.099999 2.300000 -3.700000
v 3.900000 2.300000 -3.700000
v -3.900000 2.300000 -3.700000
v -4.100000 2.300000 -3.700000
v 10.800000 2.300000 -0.200001
v 10.600000 2.300000 -0.200001
v 5.600000 2.300000 -0.200000
v 5.400000 2.300000 -0.200000
v -5.400000 2.300000 -0.199999
v -5.600000 2.300000 -0.199999
v 10.900000 2.300000 -0.100000
v 10.800000 2.300000 -0.100000
v 10.600000 2.300000 -0.100000
v 10.500000 2.300000 -0.100000
v 5.700000 2.300000 -0.100000
v 5.600000 2.300000 -0.100000
v 5.400000 2.300000 -0.100000
v 5.300000 2.300000 -0.100000
v -5.300000 2.300000 -0.099999
v -5.400000 2.300000 -0.099999
v -5.600000 2.300000 -0.099999
v -5.700000 2.300000 -0.099999
v 10.900000 2.300000 0.099999
v 10.800000 2.300000 0.099999
v 10.600000 2.300000 0.099999
v 10.500000 2.300000 0.099999
v 5.700000 2.300000 0.100000
v 5.600000 2.300000 0.100000
v 5.400000 2.300000 0.100000
v 5.300000 2.300000 0.100000
v -5.300000 2.300000 0.100001
v -5.400000 2.300000 0.100001
v -5.600000 2.300000 0.100001
v -5.700000 2.300000 0.100001
v 10.800000 2.300000 0.199999
v 10.600000 2.300000 0.199999
v 5.600000 2.300000 0.200000
v 5.400000 2.300000 0.200000
v -5.400000 2.300000 0.200001
v -5.600000 2.300000 0.200001
v 0.999999 4.800001 -8.900000
v -1.000001 4.800001 -8.900000
v 1.699999 4.800001 -8.800000
v 0.999999 4.800001 -8.800000
v 0.899999 4.800001 -8.800000
v -0.900001 4.800001 -8.800000
v -1.000001 4.800001 -8.800000
v -1.700001 4.800001 -8.799999
v 2.199999 4.800001 -8.700000
v 1.699999 4.800001 -8.700000
v 1.599999 4.800001 -8.700000
v 0.899999 4.800001 -8.700000
v -0.900001 4.800001 -8.700000
v -1.600001 4.800001 -8.699999
v -1.700001 4.800001 -8.699999
v -2.200001 4.800001 -8.699999
v 2.599999 4.800001 -8.600000
v 2.199999 4.800001 -8.600000
v 2.099999 4.800001 -8.600000
v 1.599999 4.800001 -8.600000
v -1.600001 4.800001 -8.599999
v -2.100001 4.800001 -8.599999
v -2.200001 4.800001 -8.599999
v -2.600001 4.800001 -8.599999
v 2.899999 4.800001 -8.500000
v 2.599999 4.800001 -8.500000
v 2.499999 4.800001 -8.500000
v 2.099999 4.800001 -8.500000
v -2.100001 4.800001 -8.499999
v -2.500001 4.800001 -8.499999
v -2.600001 4.800001 -8.499999
v -2.900001 4.800001 -8.499999
v 3.199999 4.800001 -8.400000
v 2.899999 4.800001 -8.400000
v 2.799999 4.800001 -8.400000
v 2.499999 4.800001 -8.400000
v -2.500001 4.800001 -8.399999
v -2.800001 4.800001 -8.399999
v -2.900001 4.800001 -8.399999
v -3.200001 4.800001 -8.399999
v 3.399999 4.800001 -8.300000
v 3.199999 4.800001 -8.300000
v 3.099999 4.800001 -8.300000
v 2.799999 4.800001 -8.300000
v -2.800001 4.800001 -8.299999
v -3.100001 4.800001 -8.299999
v -3.200001 4.800001 -8.299999
v -3.400001 4.800001 -8.299999
v 3.699999 4.800001 -8.200000
v 3.399999 4.800001 -8.200000
v 3.299999 4.800001 -8.200000
v 3.099999 4.800001 -8.200000
v -3.100001 4.800001 -8.199999
v -3.300001 4.800001 -8.199999
v -3.400001 4.800001 -8.199999
v -3.700001 4.800001 -8.199999
v 3.899999 4.800001 -8.100000
v 3.699999 4.800001 -8.100000
v 3.599999 4.800001 -8.100000
v 3.299999 4.800001 -8.100000
v -3.300001 4.800001 -8.099999
v -3.600001 4.800001 -8.099999
v -3.700001 4.800001 -8.099999
v -3.900001 4.800001 -8.099999
v 4.099999 4.800001 -8.000000
v 3.899999 4.800001 -8.000000
v 3.799999 4.800001 -8.000000
v 3.599999 4.800001 -8.000000
v -3.600001 4.800001 -8.000000
v -3.800001 4.800001 -8.000000
v -3.900001 4.800001 -8.000000
v -4.100000 4.800001 -7.999999
v 4.300000 4.800001 -7.900000
v 4.099999 4.800001 -7.900000
v 3.999999 4.800001 -7.900000
v 3.799999 4.800001 -7.900000
v -3.800001 4.800001 -7.900000
v -4.000000 4.800001 -7.900000
v -4.100000 4.800001 -7.899999
v -4.300001 4.800001 -7.899999
v 4.400000 4.800001 -7.800000
v 4.300000 4.800001 -7.800000
v 4.199999 4.800001 -7.800000
v 3.999999 4.800001 -7.800000
v -4.000000 4.800001 -7.800000
v -4.200000 4.800001 -7.799999
v -4.300001 4.800001 -7.799999
v -4.400001 4.800001 -7.799999
v 4.599999 4.800001 -7.700000
v 4.400000 4.800001 -7.700000
v 4.300000 4.800001 -7.700000
v 4.199999 4.800001 -7.700000
v -4.200000 4.800001 -7.699999
v -4.300001 4.800001 -7.699999
v -4.400001 4.800001 -7.699999
v -4.600000 4.800001 -7.699999
v 4.800000 4.800001 -7.600000
v 4.599999 4.800001 -7.600000
v 4.500000 4.800001 -7.600000
v 4.300000 4.800001 -7.600000
v 0.899999 4.800001 -7.599999
v -0.900001 4.800001 -7.599999
v -4.300001 4.800001 -7.599999
v -4.500000 4.800001 -7.599999
v -4.600000 4.800001 -7.599999
v -4.800001 4.800001 -7.599999
v 4.900000 4.800001 -7.500000
v 4.800000 4.800001 -7.500000
v 4.699999 4.800001 -7.500000
v 4.500000 4.800001 -7.500000
v 1.599999 4.800001 -7.500000
v 0.899999 4.800001 -7.500000
v -0.900001 4.800001 -7.500000
v -1.600001 4.800001 -7.500000
v -4.500000 4.800001 -7.499999
v -4.700000 4.800001 -7.499999
v -4.800001 4.800001 -7.499999
v -4.900001 4.800001 -7.499999
v 5.099999 4.800001 -7.400000
v 4.900000 4.800001 -7.400000
v 4.800000 4.800001 -7.400000
v 4.699999 4.800001 -7.400000
v 2.099999 4.800001 -7.400000
v 1.599999 4.800001 -7.400000
v -1.600001 4.800001 -7.400000
v -2.100001 4.800001 -7.400000
v -4.700000 4.800001 -7.399999
v -4.800001 4.800001 -7.399999
v -4.900001 4.800001 -7.399999
v -5.100000 4.800001 -7.399999
v 5.199999 4.800001 -7.300000
v 5.099999 4.800001 -7.300000
v 5.000000 4.800001 -7.300000
v 4.800000 4.800001 -7.300000
v 2.499999 4.800001 -7.300000
v 2.099999 4.800001 -7.300000
v -2.100001 4.800001 -7.300000
v -2.500001 4.800001 -7.300000
v -4.800001 4.800001 -7.299999
v -5.000000 4.800001 -7.299999
v -5.100000 4.800001 -7.299999
v -5.200000 4.800001 -7.299999
v 5.400000 4.800001 -7.200000
v 5.199999 4.800001 -7.200000
v 5.099999 4.800001 -7.200000
v 5.000000 4.800001 -7.200000
v 2.799999 4.800001 -7.200000
v 2.499999 4.800001 -7.200000
v -2.500001 4.800001 -7.199999
v -2.800001 4.800001 -7.199999
v -5.000000 4.800001 -7.199999
v -5.100000 4.800001 -7.199999
v -5.200000 4.800001 -7.199999
v -5.400001 4.800001 -7.199999
v 5.500000 4.800001 -7.100000
v 5.400000 4.800001 -7.100000
v 5.300000 4.800001 -7.100000
v 5.099999 4.800001 -7.100000
v 3.099999 4.800001 -7.100000
v 2.799999 4.800001 -7.100000
v -2.800001 4.800001 -7.099999
v -3.100001 4.800001 -7.099999
v -5.100000 4.800001 -7.099999
v -5.300001 4.800001 -7.099999
v -5.400001 4.800001 -7.099999
v -5.500000 4.800001 -7.099999
v 5.599999 4.800001 -7.000000
v 5.500000 4.800001 -7.000000
v 5.400000 4.800001 -7.000000
v 5.300000 4.800001 -7.000000
v 3.299999 4.800001 -7.000000
v 3.099999 4.800001 -7.000000
v -3.100001 4.800001 -7.000000
v -3.300001 4.800001 -7.000000
v -5.300001 4.800001 -6.999999
v -5.400001 4.800001 -6.999999
v -5.500000 4.800001 -6.999999
v -5.600000 4.800001 -6.999999
v 5.699999 4.800001 -6.900000
v 5.599999 4.800001 -6.900000
v 5.500000 4.800001 -6.900000
v 5.400000 4.800001 -6.900000
v 3.599999 4.800001 -6.900000
v 3.299999 4.800001 -6.900000
v -3.300001 4.800001 -6.900000
v -3.600001 4.800001 -6.900000
v -5.400001 4.800001 -6.899999
v -5.500000 4.800001 -6.899999
v -5.600000 4.800001 -6.899999
v -5.700000 4.800001 -6.899999
v 5.900000 4.800001 -6.800000
v 5.699999 4.800001 -6.800000
v 5.599999 4.800001 -6.800000
v 5.500000 4.800001 -6.800000
v 3.799999 4.800001 -6.800000
v 3.599999 4.800001 -6.800000
v -3.600000 4.800001 -6.800000
v -3.800000 4.800001 -6.800000
v -5.500000 4.800001 -6.799999
v -5.600000 4.800001 -6.799999
v -5.700000 4.800001 -6.799999
v -5.900001 4.800001 -6.799999
v 6.000000 4.800001 -6.700000
v 5.900000 4.800001 -6.700000
v 5.800000 4.800001 -6.700000
v 5.599999 4.800001 -6.700000
v 4.000000 4.800001 -6.700000
v 3.799999 4.800001 -6.700000
v -3.800000 4.800001 -6.699999
v -4.000000 4.800001 -6.699999
v -5.600000 4.800001 -6.699999
v -5.800001 4.800001 -6.699999
v -5.900001 4.800001 -6.699999
v -6.000000 4.800001 -6.699999
v 6.099999 4.800001 -6.600000
v 6.000000 4.800001 -6.600000
v 5.900000 4.800001 -6.600000
v 5.800000 4.800001 -6.600000
v 4.199999 4.800001 -6.600000
v 4.000000 4.800001 -6.600000
v -4.000000 4.800001 -6.599999
v -4.200000 4.800001 -6.599999
v -5.800001 4.800001 -6.599999
v -5.900001 4.800001 -6.599999
v -6.000000 4.800001 -6.599999
v -6.100000 4.800001 -6.599999
v 6.199999 4.800001 -6.500000
v 6.099999 4.800001 -6.500000
v 6.000000 4.800001 -6.500000
v 5.900000 4.800001 -6.500000
v 4.300000 4.800001 -6.500000
v 4.199999 4.800001 -6.500000
v -4.200000 4.800001 -6.499999
v -4.300001 4.800001 -6.499999
v -5.900001 4.800001 -6.499999
v -6.000000 4.800001 -6.499999
v -6.100000 4.800001 -6.499999
v -6.200000 4.800001 -6.499999
v 6.300000 4.800001 -6.400000
v 6.199999 4.800001 -6.400000
v 6.099999 4.800001 -6.400000
v 6.000000 4.800001 -6.400000
v 4.500000 4.800001 -6.400000
v 4.300000 4.800001 -6.400000
v -4.300001 4.800001 -6.399999
v -4.500000 4.800001 -6.399999
v -6.000000 4.800001 -6.399999
v -6.100000 4.800001 -6.399999
v -6.200000 4.800001 -6.399999
v -6.300001 4.800001 -6.399999
v 6.400000 4.800001 -6.300000
v 6.300000 4.800001 -6.300000
v 6.199999 4.800001 -6.300000
v 6.099999 4.800001 -6.300000
v 4.699999 4.800001 -6.300000
v 4.500000 4.800001 -6.300000
v -4.500000 4.800001 -6.299999
v -4.700000 4.800001 -6.299999
v -6.100000 4.800001 -6.299999
v -6.200000 4.800001 -6.299999
v -6.300001 4.800001 -6.299999
v -6.400001 4.800001 -6.299999
v 6.500000 4.800001 -6.200000
v 6.400000 4.800001 -6.200000
v 6.300000 4.800001 -6.200000
v 6.199999 4.800001 -6.200000
v 4.800000 4.800001 -6.200000
v 4.699999 4.800001 -6.200000
v -4.700000 4.800001 -6.199999
v -4.800001 4.800001 -6.199999
v -6.200000 4.800001 -6.199999
v -6.300001 4.800001 -6.199999
v -6.400001 4.800001 -6.199999
v -6.500000 4.800001 -6.199999
v 6.599999 4.800001 -6.100000
v 6.500000 4.800001 -6.100000
v 6.400000 4.800001 -6.100000
v 6.300000 4.800001 -6.100000
v 5.000000 4.800001 -6.100000
v 4.800000 4.800001 -6.100000
v -4.800001 4.800001 -6.099999
v -5.000000 4.800001 -6.099999
v -6.300001 4.800001 -6.099999
v -6.400001 4.800001 -6.099999
v -6.500000 4.800001 -6.099999
v -6.600000 4.800001 -6.099999
v 6.699999 4.800001 -6.000000
v 6.599999 4.800001 -6.000000
v 6.500000 4.800001 -6.000000
v 6.400000 4.800001 -6.000000
v 5.099999 4.800001 -6.000000
v 5.000000 4.800001 -6.000000
v -5.000000 4.800001 -5.999999
v -5.100000 4.800001 -5.999999
v -6.400001 4.800001 -5.999999
v -6.500000 4.800001 -5.999999
v -6.600000 4.800001 -5.999999
v -6.700000 4.800001 -5.999999
v 6.800000 4.800001 -5.900000
v 6.699999 4.800001 -5.900000
v 6.599999 4.800001 -5.900000
v 6.500000 4.800001 -5.900000
v 5.300000 4.800001 -5.900000
v 5.099999 4.800001 -5.900000
v -5.100000 4.800001 -5.899999
v -5.300001 4.800001 -5.899999
v -6.500000 4.800001 -5.899999
v -6.600000 4.800001 -5.899999
v -6.700000 4.800001 -5.899999
v -6.800001 4.800001 -5.899999
v 6.699999 4.800001 -5.800000
v 6.599999 4.800001 -5.800000
v 5.400000 4.800001 -5.800000
v 5.300000 4.800001 -5.800000
v -5.300001 4.800001 -5.799999
v -5.400001 4.800001 -5.799999
v -6.600000 4.800001 -5.799999
v -6.700000 4.800001 -5.799999
v 6.900000 4.800001 -5.700000
v 6.800000 4.800001 -5.700000
v 5.500000 4.800001 -5.700000
v 5.400000 4.800001 -5.700000
v -5.400001 4.800001 -5.699999
v -5.500000 4.800001 -5.699999
v -6.800001 4.800001 -5.699999
v -6.900001 4.800001 -5.699999
v 7.000000 4.800001 -5.600000
v 6.900000 4.800001 -5.600000
v 6.800000 4.800001 -5.600000
v 6.699999 4.800001 -5.600000
v 5.599999 4.800001 -5.600000
v 5.500000 4.800001 -5.600000
v -5.500000 4.800001 -5.599999
v -5.600000 4.800001 -5.599999
v -6.700000 4.800001 -5.599999
v -6.800001 4.800001 -5.599999
v -6.900001 4.800001 -5.599999
v -7.000000 4.800001 -5.599999
v 7.099999 4.800001 -5.500000
v 7.000000 4.800001 -5.500000
v 6.900000 4.800001 -5.500000
v 6.800000 4.800001 -5.500000
v 5.699999 4.800001 -5.500000
v 5.599999 4.800001 -5.500000
v -5.600000 4.800001 -5.499999
v -5.700000 4.800001 -5.499999
v -6.800001 4.800001 -5.499999
v -6.900001 4.800001 -5.499999
v -7.000000 4.800001 -5.499999
v -7.100000 4.800001 -5.499999
v 7.199999 4.800001 -5.400001
v 7.099999 4.800001 -5.400001
v 7.000000 4.800001 -5.400001
v 6.900000 4.800001 -5.400001
v 5.800000 4.800001 -5.400000
v 5.699999 4.800001 -5.400000
v -5.700000 4.800001 -5.399999
v -5.800001 4.800001 -5.399999
v -6.900001 4.800001 -5.399999
v -7.000000 4.800001 -5.399999
v -7.100000 4.800001 -5.399999
v -7.200000 4.800001 -5.399999
v 7.099999 4.800001 -5.300001
v 7.000000 4.800001 -5.300001
v 5.900000 4.800001 -5.300000
v 5.800000 4.800001 -5.300000
v -5.800001 4.800001 -5.299999
v -5.900001 4.800001 -5.299999
v -7.000000 4.800001 -5.299999
v -7.100000 4.800001 -5.299999
v 7.300000 4.800001 -5.200000
v 7.199999 4.800001 -5.200000
v -7.200000 4.800001 -5.199999
v -7.300001 4.800001 -5.199999
v 7.400000 4.800001 -5.100000
v 7.300000 4.800001 -5.100000
v 7.199999 4.800001 -5.100000
v 7.099999 4.800001 -5.100000
v 6.000000 4.800001 -5.100000
v 5.900000 4.800001 -5.100000
v -5.900001 4.800001 -5.099999
v -6.000000 4.800001 -5.099999
v -7.100000 4.800001 -5.099999
v -7.200000 4.800001 -5.099999
v -7.300001 4.800001 -5.099999
v -7.400001 4.800001 -5.099999
v 7.300000 4.800001 -5.000000
v 7.199999 4.800001 -5.000000
v 6.099999 4.800001 -5.000000
v 6.000000 4.800001 -5.000000
v -6.000000 4.800001 -4.999999
v -6.100000 4.800001 -4.999999
v -7.200000 4.800001 -4.999999
v -7.300001 4.800001 -4.999999
v 7.500000 4.800001 -4.900001
v 7.400000 4.800001 -4.900001
v -7.400001 4.800001 -4.899999
v -7.500000 4.800001 -4.899999
v 7.599999 4.800001 -4.800001
v 7.500000 4.800001 -4.800001
v 7.400000 4.800001 -4.800001
v 7.300000 4.800001 -4.800001
v 6.199999 4.800001 -4.800000
v 6.099999 4.800001 -4.800000
v -6.100000 4.800001 -4.799999
v -6.200000 4.800001 -4.799999
v -7.300001 4.800001 -4.799999
v -7.400001 4.800001 -4.799999
v -7.500000 4.800001 -4.799999
v -7.600000 4.800001 -4.799999
v 7.500000 4.800001 -4.700000
v 7.400000 4.800001 -4.700000
v 6.300000 4.800001 -4.700000
v 6.199999 4.800001 -4.700000
v -6.200000 4.800001 -4.699999
v -6.300001 4.800001 -4.699999
v -7.400001 4.800001 -4.699999
v -7.500000 4.800001 -4.699999
v 7.699999 4.800001 -4.600000
v 7.599999 4.800001 -4.600000
v -7.600000 4.800001 -4.599999
v -7.700000 4.800001 -4.599999
v 7.599999 4.800001 -4.500000
v 7.500000 4.800001 -4.500000
v 6.400000 4.800001 -4.500000
v 6.300000 4.800001 -4.500000
v -6.300001 4.800001 -4.499999
v -6.400001 4.800001 -4.499999
v -7.500000 4.800001 -4.499999
v -7.600000 4.800001 -4.499999
v 7.800000 4.800001 -4.400001
v 7.699999 4.800001 -4.400001
v -7.700000 4.800001 -4.399999
v -7.800001 4.800001 -4.399999
v 7.900000 4.800001 -4.300001
v 7.800000 4.800001 -4.300001
v 7.699999 4.800001 -4.300001
v 7.599999 4.800001 -4.300001
v 6.500000 4.800001 -4.300000
v 6.400000 4.800001 -4.300000
v -6.400001 4.800001 -4.299999
v -6.500000 4.800001 -4.299999
v -7.600000 4.800001 -4.299999
v -7.700000 4.800001 -4.299999
v -7.800001 4.800001 -4.299999
v -7.900001 4.800001 -4.299999
v 7.800000 4.800001 -4.200000
v 7.699999 4.800001 -4.200000
v 6.599999 4.800001 -4.200000
v 6.500000 4.800001 -4.200000
v -6.500000 4.800001 -4.199999
v -6.600000 4.800001 -4.199999
v -7.700000 4.800001 -4.199999
v -7.800001 4.800001 -4.199999
v 8.000000 4.800001 -4.100000
v 7.900000 4.800001 -4.100000
v -7.900001 4.800001 -4.099999
v -8.000000 4.800001 -4.099999
v 7.900000 4.800001 -4.000000
v 7.800000 4.800001 -4.000000
v 6.699999 4.800001 -4.000000
v 6.599999 4.800001 -4.000000
v -6.600000 4.800001 -3.999999
v -6.700000 4.800001 -3.999999
v -7.800001 4.800001 -3.999999
v -7.900001 4.800001 -3.999999
v 8.100000 4.800001 -3.900000
v 8.000000 4.800001 -3.900000
v -8.000000 4.800001 -3.899999
v -8.100000 4.800001 -3.899999
v 8.000000 4.800001 -3.800000
v 7.900000 4.800001 -3.800000
v 6.800000 4.800001 -3.800000
v 6.699999 4.800001 -3.800000
v -6.700000 4.800001 -3.799999
v -6.800001 4.800001 -3.799999
v -7.900001 4.800001 -3.799999
v -8.000000 4.800001 -3.799999
v 8.200000 4.800001 -3.700000
v 8.100000 4.800001 -3.700000
v -8.100000 4.800001 -3.699999
v -8.200000 4.800001 -3.699999
v 8.100000 4.800001 -3.600000
v 8.000000 4.800001 -3.600000
v 6.900000 4.800001 -3.600000
v 6.800000 4.800001 -3.600000
v -6.800001 4.800001 -3.599999
v -6.900001 4.800001 -3.599999
v -8.000000 4.800001 -3.599999
v -8.100000 4.800001 -3.599999
v 8.300000 4.800001 -3.400001
v 8.200000 4.800001 -3.400000
v -8.200000 4.800001 -3.399999
v -8.300000 4.800001 -3.399999
v 8.200000 4.800001 -3.300000
v 8.100000 4.800001 -3.300000
v 7.000000 4.800001 -3.300000
v 6.900000 4.800001 -3.300000
v -6.900001 4.800001 -3.299999
v -7.000000 4.800001 -3.299999
v -8.100000 4.800001 -3.299999
v -8.200000 4.800001 -3.299999
v 8.400000 4.800001 -3.200001
v 8.300000 4.800001 -3.200001
v -8.300000 4.800001 -3.199999
v -8.400000 4.800001 -3.199999
v 8.300000 4.800000 -3.100000
v 8.200000 4.800000 -3.100000
v 7.099999 4.800000 -3.100000
v 7.000000 4.800000 -3.100000
v -7.000000 4.800000 -3.099999
v -7.100000 4.800000 -3.099999
v -8.200000 4.800000 -3.099999
v -8.300000 4.800000 -3.099999
v 8.500000 4.800000 -2.900001
v 8.400000 4.800000 -2.900001
v -8.400000 4.800000 -2.899999
v -8.500000 4.800000 -2.899999
v 8.400000 4.800000 -2.800000
v 8.300000 4.800000 -2.800000
v 7.199999 4.800000 -2.800000
v 7.099999 4.800000 -2.800000
v -7.100000 4.800000 -2.799999
v -7.200000 4.800000 -2.799999
v -8.300000 4.800000 -2.799999
v -8.400000 4.800000 -2.799999
v 8.600000 4.800000 -2.600000
v 8.500000 4.800000 -2.600000
v -8.500000 4.800000 -2.599999
v -8.600000 4.800000 -2.599999
v 8.500000 4.800000 -2.500000
v 8.400000 4.800000 -2.500000
v 7.300000 4.800000 -2.500000
v 7.200000 4.800000 -2.500000
v -7.200000 4.800000 -2.499999
v -7.300000 4.800000 -2.499999
v -8.400000 4.800000 -2.499999
v -8.500000 4.800000 -2.499999
v 8.700000 4.800000 -2.200001
v 8.600000 4.800000 -2.200001
v -8.600000 4.800000 -2.199999
v -8.700000 4.800000 -2.199999
v 8.600000 4.800000 -2.100000
v 8.500000 4.800000 -2.100000
v 7.400000 4.800000 -2.100000
v 7.300000 4.800000 -2.100000
v -7.300000 4.800000 -2.099999
v -7.400000 4.800000 -2.099999
v -8.500000 4.800000 -2.099999
v -8.600000 4.800000 -2.099999
v 8.800000 4.800000 -1.700000
v 8.700000 4.800000 -1.700000
v -8.700000 4.800000 -1.699999
v -8.800000 4.800000 -1.699999
v 8.700000 4.800000 -1.600000
v 8.600000 4.800000 -1.600000
v 7.500000 4.800000 -1.600000
v 7.400000 4.800000 -1.600000
v -7.400000 4.800000 -1.599999
v -7.500000 4.800000 -1.599999
v -8.600000 4.800000 -1.599999
v -8.700000 4.800000 -1.599999
v 8.900000 4.800000 -1.000000
v 8.800000 4.800000 -1.000000
v -8.800000 4.800000 -0.999999
v -8.900000 4.800000 -0.999999
v 8.800000 4.800000 -0.900000
v 8.700000 4.800000 -0.900000
v 7.600000 4.800000 -0.900000
v 7.500000 4.800000 -0.900000
v -7.500000 4.800000 -0.899999
v -7.600000 4.800000 -0.899999
v -8.700000 4.800000 -0.899999
v -8.800000 4.800000 -0.899999
v 8.800000 4.800000 0.900001
v 8.700000 4.800000 0.900001
v 7.600000 4.800000 0.900001
v 7.500000 4.800000 0.900001
v -7.500000 4.800000 0.900002
v -7.600000 4.800000 0.900002
v -8.700000 4.800000 0.900002
v -8.800000 4.800000 0.900002
v 8.900000 4.800000 1.000000
v 8.800000 4.800000 1.000000
v -8.800000 4.800000 1.000001
v -8.900000 4.800000 1.000001
v 8.700000 4.800000 1.600000
v 8.600000 4.800000 1.600000
v 7.500000 4.800000 1.600000
v 7.400000 4.800000 1.600000
v -7.400000 4.800000 1.600001
v -7.500000 4.800000 1.600001
v -8.600000 4.800000 1.600001
v -8.700000 4.800000 1.600001
v 8.800000 4.800000 1.700000
v 8.700000 4.800000 1.700000
v -8.700000 4.800000 1.700001
v -8.800000 4.800000 1.700001
v 8.600000 4.800000 2.099999
v 8.500000 4.800000 2.099999
v 7.400000 4.800000 2.100000
v 7.300000 4.800000 2.100000
v -7.300000 4.800000 2.100001
v -7.400000 4.800000 2.100001
v -8.500000 4.800000 2.100001
v -8.600000 4.800000 2.100001
v 8.700000 4.800000 2.200000
v 8.600000 4.800000 2.200000
v -8.600000 4.800000 2.200001
v -8.700000 4.800000 2.200001
v 8.500000 4.800000 2.500000
v 8.400000 4.800000 2.500000
v 7.300000 4.800000 2.500000
v 7.200000 4.800000 2.500000
v -7.200000 4.800000 2.500001
v -7.300000 4.800000 2.500001
v -8.400000 4.800000 2.500001
v -8.500000 4.800000 2.500001
v 8.600000 4.800000 2.599999
v 8.500000 4.800000 2.599999
v -8.500000 4.800000 2.600001
v -8.600000 4.800000 2.600001
v 8.400000 4.800000 2.799999
v 8.300000 4.800000 2.799999
v 7.200000 4.800000 2.800000
v 7.100000 4.800000 2.800000
v -7.099999 4.800000 2.800001
v -7.199999 4.800000 2.800001
v -8.300000 4.800000 2.800001
v -8.400000 4.800000 2.800001
v 8.500000 4.800000 2.900000
v 8.400000 4.800000 2.900000
v -8.400000 4.800000 2.900001
v -8.500000 4.800000 2.900001
v 8.300000 4.800000 3.099999
v 8.200000 4.800000 3.100000
v 7.100000 4.800000 3.100000
v 7.000000 4.800000 3.100000
v -7.000000 4.800000 3.100001
v -7.099999 4.800000 3.100001
v -8.200000 4.800000 3.100001
v -8.300000 4.800000 3.100001
v 8.400000 4.800000 3.200000
v 8.300000 4.800000 3.200000
v -8.300000 4.800000 3.200001
v -8.400000 4.800000 3.200001
v 8.200000 4.800000 3.300000
v 8.100000 4.800000 3.300000
v 7.000000 4.800000 3.300000
v 6.900001 4.800000 3.300000
v -6.900000 4.800000 3.300001
v -7.000000 4.800000 3.300001
v -8.100000 4.800000 3.300001
v -8.200000 4.800000 3.300001
v 8.300000 4.800000 3.400000
v 8.200000 4.800000 3.400000
v -8.200000 4.800000 3.400001
v -8.300000 4.800000 3.400001
v 8.100000 4.800000 3.600000
v 8.000000 4.800000 3.600000
v 6.900001 4.800000 3.600000
v 6.800001 4.800000 3.600000
v -6.800000 4.800000 3.600001
v -6.900000 4.800000 3.600001
v -8.000000 4.800000 3.600001
v -8.100000 4.800000 3.600001
v 8.200000 4.800000 3.700000
v 8.100000 4.800000 3.700000
v -8.100000 4.800000 3.700001
v -8.200000 4.800000 3.700001
v 8.000000 4.800000 3.800000
v 7.900001 4.800000 3.800000
v 6.800001 4.800000 3.800000
v 6.700000 4.800000 3.800000
v -6.699999 4.800000 3.800001
v -6.800000 4.800000 3.800001
v -7.900000 4.800000 3.800001
v -8.000000 4.800000 3.800001
v 8.100000 4.800000 3.900000
v 8.000000 4.800000 3.900000
v -8.000000 4.800000 3.900001
v -8.100000 4.800000 3.900001
v 7.900001 4.800000 4.000000
v 7.800001 4.800000 4.000000
v 6.700000 4.800000 4.000000
v 6.600000 4.800000 4.000000
v -6.599999 4.800000 4.000001
v -6.699999 4.800000 4.000001
v -7.800000 4.800000 4.000001
v -7.900000 4.800000 4.000001
v 8.000000 4.800000 4.099999
v 7.900001 4.800000 4.099999
v -7.900000 4.800000 4.100001
v -8.000000 4.800000 4.100001
v 7.800001 4.800000 4.199999
v 7.700000 4.800000 4.199999
v 6.600000 4.800000 4.200000
v 6.500000 4.800000 4.200000
v -6.500000 4.800000 4.200001
v -6.599999 4.800000 4.200001
v -7.699999 4.800000 4.200001
v -7.800000 4.800000 4.200001
v 7.900001 4.800000 4.300000
v 7.800001 4.800000 4.300000
v 7.700000 4.800000 4.300000
v 7.600000 4.800000 4.300000
v 6.500000 4.800000 4.300000
v 6.400001 4.800000 4.300000
v -6.400000 4.800000 4.300001
v -6.500000 4.800000 4.300001
v -7.599999 4.800000 4.300001
v -7.699999 4.800000 4.300001
v -7.800000 4.800000 4.300001
v -7.900000 4.800000 4.300001
v 7.800001 4.800000 4.400000
v 7.700000 4.800000 4.400000
v -7.699999 4.800000 4.400001
v -7.800000 4.800000 4.400001
v 7.600000 4.800000 4.500000
v 7.500000 4.800000 4.500000
v 6.400001 4.800000 4.500000
v 6.300001 4.800000 4.500000
v -6.300000 4.800000 4.500001
v -6.400000 4.800000 4.500001
v -7.500000 4.800000 4.500001
v -7.599999 4.800000 4.500001
v 7.700000 4.800000 4.599999
v 7.600000 4.800000 4.599999
v -7.599999 4.800000 4.600001
v -7.699999 4.800000 4.600001
v 7.500000 4.800000 4.699999
v 7.400001 4.800000 4.699999
v 6.300001 4.800000 4.700000
v 6.200000 4.800000 4.700000
v -6.199999 4.800000 4.700001
v -6.300000 4.800000 4.700001
v -7.400000 4.800000 4.700001
v -7.500000 4.800000 4.700001
v 7.600000 4.800000 4.800000
v 7.500000 4.800000 4.800000
v 7.400001 4.800000 4.800000
v 7.300001 4.800000 4.800000
v 6.200000 4.800000 4.800000
v 6.100000 4.800000 4.800000
v -6.099999 4.800000 4.800001
v -6.199999 4.800000 4.800001
v -7.300000 4.800000 4.800001
v -7.400000 4.800000 4.800001
v -7.500000 4.800000 4.800001
v -7.599999 4.800000 4.800001
v 7.500000 4.800000 4.900000
v 7.400001 4.800000 4.900000
v -7.400000 4.800000 4.900001
v -7.500000 4.800000 4.900001
v 7.300001 4.800000 5.000000
v 7.200000 4.800000 5.000000
v 6.100000 4.800000 5.000000
v 6.000000 4.800000 5.000000
v -6.000000 4.800000 5.000001
v -6.099999 4.800000 5.000001
v -7.199999 4.800000 5.000001
v -7.300000 4.800000 5.000001
v 7.400001 4.800000 5.099999
v 7.300001 4.800000 5.099999
v 7.200000 4.800000 5.099999
v 7.100000 4.800000 5.099999
v 6.000000 4.800000 5.100000
v 5.900001 4.800000 5.100000
v -5.900000 4.800000 5.100001
v -6.000000 4.800000 5.100001
v -7.099999 4.800000 5.100001
v -7.199999 4.800000 5.100001
v -7.300000 4.800000 5.100001
v -7.400000 4.800000 5.100001
v 7.300001 4.800000 5.199999
v 7.200000 4.800000 5.199999
v -7.199999 4.800000 5.200001
v -7.300000 4.800000 5.200001
v 7.100000 4.800000 5.300000
v 7.000000 4.800000 5.300000
v 5.900001 4.800000 5.300000
v 5.800001 4.800000 5.300000
v -5.800000 4.800000 5.300001
v -5.900000 4.800000 5.300001
v -7.000000 4.800000 5.300001
v -7.099999 4.800000 5.300001
v 7.200000 4.800000 5.400000
v 7.100000 4.800000 5.400000
v 7.000000 4.800000 5.400000
v 6.900001 4.800000 5.400000
v 5.800001 4.800000 5.400000
v 5.700000 4.800000 5.400000
v -5.699999 4.800000 5.400001
v -5.800000 4.800000 5.400001
v -6.900000 4.800000 5.400001
v -7.000000 4.800000 5.400001
v -7.099999 4.800000 5.400001
v -7.199999 4.800000 5.400001
v 7.100000 4.800000 5.500000
v 7.000000 4.800000 5.500000
v 6.900001 4.800000 5.500000
v 6.800001 4.800000 5.500000
v 5.700000 4.800000 5.500000
v 5.600000 4.800000 5.500000
v -5.599999 4.800000 5.500001
v -5.699999 4.800000 5.500001
v -6.800000 4.800000 5.500001
v -6.900000 4.800000 5.500001
v -7.000000 4.800000 5.500001
v -7.099999 4.800000 5.500001
v 7.000000 4.800000 5.599999
v 6.900001 4.800000 5.599999
v 6.800001 4.800000 5.600000
v 6.700000 4.800000 5.600000
v 5.600000 4.800000 5.600000
v 5.500000 4.800000 5.600000
v -5.500000 4.800000 5.600001
v -5.599999 4.800000 5.600001
v -6.699999 4.800000 5.600001
v -6.800000 4.800000 5.600001
v -6.900000 4.800000 5.600001
v -7.000000 4.800000 5.600001
v 6.900001 4.800000 5.699999
v 6.800001 4.800000 5.700000
v 5.500000 4.800000 5.700000
v 5.400001 4.800000 5.700000
v -5.400000 4.800000 5.700001
v -5.500000 4.800000 5.700001
v -6.800000 4.800000 5.700001
v -6.900000 4.800000 5.700001
v 6.700000 4.800000 5.800000
v 6.600000 4.800000 5.800000
v 5.400001 4.800000 5.800000
v 5.300001 4.800000 5.800000
v -5.300000 4.800000 5.800001
v -5.400000 4.800000 5.800001
v -6.599999 4.800000 5.800001
v -6.699999 4.800000 5.800001
v 6.800001 4.800000 5.900000
v 6.700000 4.800000 5.900000
v 6.600000 4.800000 5.900000
v 6.500000 4.800000 5.900000
v 5.300001 4.800000 5.900000
v 5.100000 4.800000 5.900000
v -5.099999 4.800000 5.900001
v -5.300000 4.800000 5.900001
v -6.500000 4.800000 5.900001
v -6.599999 4.800000 5.900001
v -6.699999 4.800000 5.900001
v -6.800000 4.800000 5.900001
v 6.700000 4.800000 6.000000
v 6.600000 4.800000 6.000000
v 6.500000 4.800000 6.000000
v 6.400001 4.800000 6.000000
v 5.100000 4.800000 6.000000
v 5.000000 4.800000 6.000000
v -5.000000 4.800000 6.000001
v -5.099999 4.800000 6.000001
v -6.400000 4.800000 6.000001
v -6.500000 4.800000 6.000001
v -6.599999 4.800000 6.000001
v -6.699999 4.800000 6.000001
v 6.600000 4.800000 6.100000
v 6.500000 4.800000 6.100000
v 6.400001 4.800000 6.100000
v 6.300001 4.800000 6.100000
v 5.000000 4.800000 6.100000
v 4.800001 4.800000 6.100000
v -4.800000 4.800000 6.100001
v -5.000000 4.800000 6.100001
v -6.300000 4.800000 6.100001
v -6.400000 4.800000 6.100001
v -6.500000 4.800000 6.100001
v -6.599999 4.800000 6.100001
v 6.500000 4.800000 6.200000
v 6.400001 4.800000 6.200000
v 6.300001 4.800000 6.200000
v 6.200000 4.800000 6.200000
v 4.800001 4.800000 6.200000
v 4.700000 4.800000 6.200000
v -4.699999 4.800000 6.200001
v -4.800000 4.800000 6.200001
v -6.199999 4.800000 6.200001
v -6.300000 4.800000 6.200001
v -6.400000 4.800000 6.200001
v -6.500000 4.800000 6.200001
v 6.400001 4.800000 6.300000
v 6.300001 4.800000 6.300000
v 6.200000 4.800000 6.300000
v 6.100000 4.800000 6.300000
v 4.700000 4.800000 6.300000
v 4.500000 4.800000 6.300000
v -4.500000 4.800000 6.300001
v -4.699999 4.800000 6.300001
v -6.099999 4.800000 6.300001
v -6.199999 4.800000 6.300001
v -6.300000 4.800000 6.300001
v -6.400000 4.800000 6.300001
v 6.300001 4.800000 6.400000
v 6.200000 4.800000 6.400000
v 6.100000 4.800000 6.400000
v 6.000000 4.800000 6.400000
v 4.500000 4.800000 6.400000
v 4.300001 4.800000 6.400000
v -4.300000 4.800000 6.400001
v -4.500000 4.800000 6.400001
v -6.000000 4.800000 6.400001
v -6.099999 4.800000 6.400001
v -6.199999 4.800000 6.400001
v -6.300000 4.800000 6.400001
v 6.200000 4.800000 6.500000
v 6.100000 4.800000 6.500000
v 6.000000 4.800000 6.500000
v 5.900001 4.800000 6.500000
v 4.300001 4.800000 6.500000
v 4.200000 4.800000 6.500000
v -4.199999 4.800000 6.500001
v -4.300000 4.800000 6.500001
v -5.900000 4.800000 6.500001
v -6.000000 4.800000 6.500001
v -6.099999 4.800000 6.500001
v -6.199999 4.800000 6.500001
v 6.100000 4.800000 6.600000
v 6.000000 4.800000 6.600000
v 5.900001 4.800000 6.600000
v 5.800001 4.800000 6.600000
v 4.200000 4.800000 6.600000
v 4.000000 4.800000 6.600000
v -4.000000 4.800000 6.600000
v -4.199999 4.800000 6.600001
v -5.800000 4.800000 6.600001
v -5.900000 4.800000 6.600001
v -6.000000 4.800000 6.600001
v -6.099999 4.800000 6.600001
v 6.000000 4.800000 6.700000
v 5.900001 4.800000 6.700000
v 5.800001 4.800000 6.700000
v 5.600000 4.800000 6.700000
v 4.000000 4.800000 6.700000
v 3.800000 4.800000 6.700000
v -3.799999 4.800000 6.700000
v -4.000000 4.800000 6.700000
v -5.599999 4.800000 6.700001
v -5.800000 4.800000 6.700001
v -5.900000 4.800000 6.700001
v -6.000000 4.800000 6.700001
v 5.900001 4.800000 6.800000
v 5.700000 4.800000 6.800000
v 5.600000 4.800000 6.800000
v 5.500000 4.800000 6.800000
v 3.800000 4.800000 6.800000
v 3.600000 4.800000 6.800000
v -3.599999 4.800000 6.800001
v -3.799999 4.800000 6.800001
v -5.500000 4.800000 6.800001
v -5.599999 4.800000 6.800001
v -5.699999 4.800000 6.800001
v -5.900000 4.800000 6.800001
v 5.700000 4.800000 6.900000
v 5.600000 4.800000 6.900000
v 5.500000 4.800000 6.900000
v 5.400001 4.800000 6.900000
v 3.600001 4.800000 6.900000
v 3.300001 4.800000 6.900000
v -3.299999 4.800000 6.900001
v -3.599999 4.800000 6.900001
v -5.400000 4.800000 6.900001
v -5.500000 4.800000 6.900001
v -5.599999 4.800000 6.900001
v -5.699999 4.800000 6.900001
v 5.600000 4.800000 7.000000
v 5.500000 4.800000 7.000000
v 5.400001 4.800000 7.000000
v 5.300001 4.800000 7.000000
v 3.300001 4.800000 7.000000
v 3.100001 4.800000 7.000000
v -3.099999 4.800000 7.000000
v -3.299999 4.800000 7.000000
v -5.300000 4.800000 7.000001
v -5.400000 4.800000 7.000001
v -5.500000 4.800000 7.000001
v -5.599999 4.800000 7.000001
v 5.500000 4.800000 7.100000
v 5.400001 4.800000 7.100000
v 5.300001 4.800000 7.100000
v 5.100000 4.800000 7.100000
v 3.100001 4.800000 7.100000
v 2.800001 4.800000 7.100000
v -2.799999 4.800000 7.100000
v -3.099999 4.800000 7.100000
v -5.099999 4.800000 7.100001
v -5.300000 4.800000 7.100001
v -5.400000 4.800000 7.100001
v -5.500000 4.800000 7.100001
v 5.400001 4.800000 7.200000
v 5.200000 4.800000 7.200000
v 5.100000 4.800000 7.200000
v 5.000000 4.800000 7.200000
v 2.800001 4.800000 7.200000
v 2.500001 4.800000 7.200000
v -2.499999 4.800000 7.200000
v -2.799999 4.800000 7.200000
v -5.000000 4.800000 7.200001
v -5.099999 4.800000 7.200001
v -5.199999 4.800000 7.200001
v -5.400000 4.800000 7.200001
v 5.200000 4.800000 7.300000
v 5.100000 4.800000 7.300000
v 5.000000 4.800000 7.300000
v 4.800001 4.800000 7.300000
v 2.500001 4.800000 7.300000
v 2.100001 4.800000 7.300000
v -2.099999 4.800000 7.300001
v -2.499999 4.800000 7.300001
v -4.800000 4.800000 7.300001
v -5.000000 4.800000 7.300001
v -5.099999 4.800000 7.300001
v -5.199999 4.800000 7.300001
v 5.100000 4.800000 7.400000
v 4.900001 4.800000 7.400000
v 4.800001 4.800000 7.400000
v 4.700000 4.800000 7.400000
v 2.100001 4.800000 7.400000
v 1.600001 4.800000 7.400000
v -1.599999 4.800000 7.400001
v -2.099999 4.800000 7.400001
v -4.699999 4.800000 7.400001
v -4.800000 4.800000 7.400001
v -4.900000 4.800000 7.400001
v -5.099999 4.800000 7.400001
v 4.900001 4.800000 7.500000
v 4.800001 4.800000 7.500000
v 4.700000 4.800000 7.500000
v 4.500000 4.800000 7.500000
v 1.600001 4.800000 7.500000
v 0.900001 4.800000 7.500000
v -0.899999 4.800000 7.500000
v -1.599999 4.800000 7.500000
v -4.500000 4.800000 7.500001
v -4.699999 4.800000 7.500001
v -4.800000 4.800000 7.500001
v -4.900000 4.800000 7.500001
v 4.800001 4.800000 7.600000
v 4.600000 4.800000 7.600000
v 4.500000 4.800000 7.600000
v 4.300001 4.800000 7.600000
v 0.900001 4.800000 7.600000
v -0.899999 4.800000 7.600000
v -4.300000 4.800000 7.600001
v -4.500000 4.800000 7.600001
v -4.599999 4.800000 7.600001
v -4.800000 4.800000 7.600001
v 4.600000 4.800000 7.700000
v 4.400001 4.800000 7.700000
v 4.300001 4.800000 7.700000
v 4.200000 4.800000 7.700000
v -4.199999 4.800000 7.700001
v -4.300000 4.800000 7.700001
v -4.400000 4.800000 7.700001
v -4.599999 4.800000 7.700001
v 4.400001 4.800000 7.800000
v 4.300001 4.800000 7.800000
v 4.200000 4.800000 7.800000
v 4.000000 4.800000 7.800000
v -3.999999 4.800000 7.800001
v -4.199999 4.800000 7.800001
v -4.300000 4.800000 7.800001
v -4.400000 4.800000 7.800001
v 4.300001 4.800000 7.900000
v 4.100000 4.800000 7.900000
v 4.000000 4.800000 7.900000
v 3.800001 4.800000 7.900000
v -3.799999 4.800000 7.900001
v -3.999999 4.800000 7.900001
v -4.099999 4.800000 7.900001
v -4.300000 4.800000 7.900001
v 4.100000 4.800000 8.000000
v 3.900001 4.800000 8.000000
v 3.800001 4.800000 8.000000
v 3.600001 4.800000 8.000000
v -3.599999 4.800000 8.000001
v -3.799999 4.800000 8.000001
v -3.899999 4.800000 8.000001
v -4.099999 4.800000 8.000001
v 3.900001 4.800000 8.100000
v 3.700001 4.800000 8.100000
v 3.600001 4.800000 8.100000
v 3.300001 4.800000 8.100000
v -3.299999 4.800000 8.100001
v -3.599999 4.800000 8.100001
v -3.699999 4.800000 8.100001
v -3.899999 4.800000 8.100001
v 3.700001 4.800000 8.200000
v 3.400001 4.800000 8.200000
v 3.300001 4.800000 8.200000
v 3.100001 4.800000 8.200000
v -3.099999 4.800000 8.200001
v -3.299999 4.800000 8.200001
v -3.399999 4.800000 8.200001
v -3.699999 4.800000 8.200001
v 3.400001 4.800000 8.300000
v 3.200001 4.800000 8.300000
v 3.100001 4.800000 8.300000
v 2.800001 4.800000 8.300000
v -2.799999 4.800000 8.300001
v -3.099999 4.800000 8.300001
v -3.199999 4.800000 8.300001
v -3.399999 4.800000 8.300001
v 3.200001 4.800000 8.400000
v 2.900001 4.800000 8.400000
v 2.800001 4.800000 8.400000
v 2.500001 4.800000 8.400000
v -2.499999 4.800000 8.400001
v -2.799999 4.800000 8.400001
v -2.899999 4.800000 8.400001
v -3.199999 4.800000 8.400001
v 2.900001 4.800000 8.500000
v 2.600001 4.800000 8.500000
v 2.500001 4.800000 8.500000
v 2.100001 4.800000 8.500000
v -2.099999 4.800000 8.500001
v -2.499999 4.800000 8.500001
v -2.599999 4.800000 8.500001
v -2.899999 4.800000 8.500001
v 2.600001 4.800000 8.600000
v 2.200001 4.800000 8.600000
v 2.100001 4.800000 8.600000
v 1.600001 4.800000 8.600000
v -1.599999 4.800000 8.600001
v -2.099999 4.800000 8.600001
v -2.199999 4.800000 8.600001
v -2.599999 4.800000 8.600001
v 2.200001 4.800000 8.700000
v 1.700001 4.800000 8.700000
v 1.600001 4.800000 8.700000
v 0.900001 4.800000 8.700000
v -0.899999 4.800000 8.700000
v -1.599999 4.800000 8.700001
v -1.699999 4.800000 8.700001
v -2.199999 4.800000 8.700001
v 1.700001 4.800000 8.800000
v 1.000001 4.800000 8.800000
v 0.900001 4.800000 8.800000
v -0.899999 4.800000 8.800000
v -0.999999 4.800000 8.800000
v -1.699999 4.800000 8.800001
v 1.000001 4.800000 8.900000
v -0.999999 4.800000 8.900000
vn 1.0000 -0.0000 -0.0000
vn -1.0000 -0.0000 -0.0000
vn -0.0000 -0.0000 -1.0000
vn -0.0001 -0.0000 -1.0000
vn -0.0000 -0.0000 1.0000
vn -0.0002 -0.0000 1.0000
vn -0.0000 -1.0000 -0.0000
vn -0.0000 -1.0000 0.0001
vn -0.0000 -1.0000 -0.0001
vn -0.0000 1.0000 -0.0000
vn -0.0000 1.0000 0.0001
vn -0.0000 1.0000 -0.0001
vn -0.0000 1.0000 -0.0004
vt 0.974609 0.500000
vt 0.404297 0.500000
vt 0.994141 0.500000
vt 0.279297 0.500000
vt 0.623047 0.500000
vt 0.982422 0.500000
s 1
usemtl palette
f 3/1/1 2/1/1 1/1/1
f 4/1/1 2/1/1 3/1/1
f 7/1/1 6/1/1 5/1/1
f 8/1/1 6/1/1 7/1/1
f 13/1/1 10/1/1 9/1/1
f 14/1/1 10/1/1 13/1/1
f 15/1/1 12/1/1 11/1/1
f 16/1/1 12/1/1 15/1/1
f 17/1/1 15/1/1 14/1/1
f 18/1/1 15/1/1 17/1/1
f 22/1/1 20/1/1 19/1/1
f 23/1/1 20/1/1 22/1/1
f 25/1/1 22/1/1 21/1/1
f 26/1/1 22/1/1 25/1/1
f 29/1/1 24/1/1 23/1/1
f 30/1/1 24/1/1 29/1/1
f 31/1/1 28/1/1 27/1/1
f 32/1/1 28/1/1 31/1/1
f 37/1/1 34/1/1 33/1/1
f 38/1/1 34/1/1 37/1/1
f 41/1/1 36/1/1 35/1/1
f 42/1/1 36/1/1 41/1/1
f 43/1/1 39/1/1 38/1/1
f 44/1/1 39/1/1 43/1/1
f 45/1/1 41/1/1 40/1/1
f 46/1/1 41/1/1 45/1/1
f 47/1/1 45/1/1 44/1/1
f 48/1/1 45/1/1 47/1/1
f 52/1/1 50/1/1 49/1/1
f 53/1/1 50/1/1 52/1/1
f 56/1/1 52/1/1 51/1/1
f 57/1/1 52/1/1 56/1/1
f 58/1/1 54/1/1 53/1/1
f 59/1/1 54/1/1 58/1/1
f 61/1/1 56/1/1 55/1/1
f 62/1/1 56/1/1 61/1/1
f 67/1/1 60/1/1 59/1/1
f 68/1/1 60/1/1 67/1/1
f 69/1/1 64/1/1 63/1/1
f 70/1/1 64/1/1 69/1/1
f 71/1/1 66/1/1 65/1/1
f 72/1/1 66/1/1 71/1/1
f 77/1/1 74/1/1 73/1/1
f 78/1/1 74/1/1 77/1/1
f 81/1/1 76/1/1 75/1/1
f 82/1/1 76/1/1 81/1/1
f 83/1/1 79/1/1 78/1/1
f 84/1/1 79/1/1 83/1/1
f 87/1/1 81/1/1 80/1/1
f 88/1/1 81/1/1 87/1/1
f 89/1/1 85/1/1 84/1/1
f 90/1/1 85/1/1 89/1/1
f 91/1/1 87/1/1 86/1/1
f 92/1/1 87/1/1 91/1/1
f 93/1/1 91/1/1 90/1/1
f 94/1/1 91/1/1 93/1/1
f 95/1/1 91/1/1 94/1/1
f 96/1/1 91/1/1 95/1/1
f 98/1/1 95/1/1 94/1/1
f 99/1/1 95/1/1 98/1/1
f 102/1/1 98/1/1 97/1/1
f 102/1/1 100/1/1 99/1/1
f 102/1/1 99/1/1 98/1/1
f 103/1/1 100/1/1 102/1/1
f 106/1/1 102/1/1 101/1/1
f 107/1/1 102/1/1 106/1/1
f 108/1/1 104/1/1 103/1/1
f 109/1/1 104/1/1 108/1/1
f 112/1/1 106/1/1 105/1/1
f 113/1/1 106/1/1 112/1/1
f 114/1/1 110/1/1 109/1/1
f 115/1/1 110/1/1 114/1/1
f 117/1/1 112/1/1 111/1/1
f 118/1/1 112/1/1 117/1/1
f 123/1/1 116/1/1 115/1/1
f 124/1/1 116/1/1 123/1/1
f 125/1/1 120/1/1 119/1/1
f 126/1/1 120/1/1 125/1/1
f 129/1/1 122/1/1 121/1/1
f 130/1/1 122/1/1 129/1/1
f 131/1/1 128/1/1 127/1/1
f 132/1/1 128/1/1 131/1/1
f 137/1/1 134/1/1 133/1/1
f 138/1/1 134/1/1 137/1/1
f 139/1/1 136/1/1 135/1/1
f 140/1/1 136/1/1 139/1/1
f 145/1/1 142/1/1 141/1/1
f 146/1/1 142/1/1 145/1/1
f 151/1/1 144/1/1 143/1/1
f 152/1/1 144/1/1 151/1/1
f 153/1/1 148/1/1 147/1/1
f 154/1/1 148/1/1 153/1/1
f 155/1/1 150/1/1 149/1/1
f 156/1/1 150/1/1 155/1/1
f 159/2/1 158/2/1 157/2/1
f 160/2/1 158/2/1 159/2/1
f 161/2/1 159/2/1 157/2/1
f 161/3/1 160/3/1 159/3/1
f 162/3/1 160/3/1 161/3/1
f 163/3/1 160/3/1 162/3/1
f 164/2/1 158/2/1 160/2/1
f 164/3/1 160/3/1 163/3/1
f 165/3/1 163/3/1 162/3/1
f 165/2/1 162/2/1 161/2/1
f 166/3/1 163/3/1 165/3/1
f 167/3/1 163/3/1 166/3/1
f 168/2/1 164/2/1 163/2/1
f 168/3/1 163/3/1 167/3/1
f 169/3/1 167/3/1 166/3/1
f 169/2/1 166/2/1 165/2/1
f 170/3/1 167/3/1 169/3/1
f 171/3/1 167/3/1 170/3/1
f 172/2/1 168/2/1 167/2/1
f 172/3/1 167/3/1 171/3/1
f 173/3/1 171/3/1 170/3/1
f 173/2/1 170/2/1 169/2/1
f 174/2/1 172/2/1 171/2/1
f 174/3/1 171/3/1 173/3/1
f 175/2/1 161/2/1 157/2/1
f 175/2/1 165/2/1 161/2/1
f 175/2/1 174/2/1 173/2/1
f 175/2/1 173/2/1 169/2/1
f 175/2/1 169/2/1 165/2/1
f 176/2/1 158/2/1 164/2/1
f 176/2/1 174/2/1 175/2/1
f 176/2/1 172/2/1 174/2/1
f 176/2/1 168/2/1 172/2/1
f 176/2/1 164/2/1 168/2/1
f 177/4/1 176/4/1 175/4/1
f 178/4/1 176/4/1 177/4/1
f 183/2/1 180/2/1 179/2/1
f 184/2/1 180/2/1 183/2/1
f 185/2/1 182/2/1 181/2/1
f 186/2/1 182/2/1 185/2/1
f 187/4/1 184/4/1 183/4/1
f 188/4/1 184/4/1 187/4/1
f 189/4/1 186/4/1 185/4/1
f 190/4/1 186/4/1 189/4/1
f 195/2/1 192/2/1 191/2/1
f 196/2/1 192/2/1 195/2/1
f 197/2/1 194/2/1 193/2/1
f 198/2/1 194/2/1 197/2/1
f 199/4/1 196/4/1 195/4/1
f 200/4/1 196/4/1 199/4/1
f 201/4/1 198/4/1 197/4/1
f 202/4/1 198/4/1 201/4/1
f 207/2/1 204/2/1 203/2/1
f 208/2/1 204/2/1 207/2/1
f 209/2/1 206/2/1 205/2/1
f 210/2/1 206/2/1 209/2/1
f 211/4/1 208/4/1 207/4/1
f 212/4/1 208/4/1 211/4/1
f 213/4/1 210/4/1 209/4/1
f 214/4/1 210/4/1 213/4/1
f 219/2/1 216/2/1 215/2/1
f 220/2/1 216/2/1 219/2/1
f 221/2/1 218/2/1 217/2/1
f 222/2/1 218/2/1 221/2/1
f 223/4/1 220/4/1 219/4/1
f 224/4/1 220/4/1 223/4/1
f 225/4/1 222/4/1 221/4/1
f 226/4/1 222/4/1 225/4/1
f 231/2/1 228/2/1 227/2/1
f 232/2/1 228/2/1 231/2/1
f 233/2/1 230/2/1 229/2/1
f 234/2/1 230/2/1 233/2/1
f 235/4/1 232/4/1 231/4/1
f 236/4/1 232/4/1 235/4/1
f 237/4/1 234/4/1 233/4/1
f 238/4/1 234/4/1 237/4/1
f 243/2/1 240/2/1 239/2/1
f 244/2/1 240/2/1 243/2/1
f 245/2/1 242/2/1 241/2/1
f 246/2/1 242/2/1 245/2/1
f 247/4/1 244/4/1 243/4/1
f 248/4/1 244/4/1 247/4/1
f 249/4/1 246/4/1 245/4/1
f 250/4/1 246/4/1 249/4/1
f 255/2/1 252/2/1 251/2/1
f 256/2/1 252/2/1 255/2/1
f 257/2/1 254/2/1 253/2/1
f 258/2/1 254/2/1 257/2/1
f 259/4/1 256/4/1 255/4/1
f 260/4/1 256/4/1 259/4/1
f 261/4/1 258/4/1 257/4/1
f 262/4/1 258/4/1 261/4/1
f 267/2/1 264/2/1 263/2/1
f 268/2/1 264/2/1 267/2/1
f 269/2/1 266/2/1 265/2/1
f 270/2/1 266/2/1 269/2/1
f 271/4/1 268/4/1 267/4/1
f 272/4/1 268/4/1 271/4/1
f 273/4/1 270/4/1 269/4/1
f 274/4/1 270/4/1 273/4/1
f 279/2/1 276/2/1 275/2/1
f 280/2/1 276/2/1 279/2/1
f 281/2/1 278/2/1 277/2/1
f 282/2/1 278/2/1 281/2/1
f 283/4/1 280/4/1 279/4/1
f 284/4/1 280/4/1 283/4/1
f 285/4/1 282/4/1 281/4/1
f 286/4/1 282/4/1 285/4/1
f 291/2/1 288/2/1 287/2/1
f 292/2/1 288/2/1 291/2/1
f 293/2/1 290/2/1 289/2/1
f 294/2/1 290/2/1 293/2/1
f 295/4/1 292/4/1 291/4/1
f 296/4/1 292/4/1 295/4/1
f 297/4/1 294/4/1 293/4/1
f 298/4/1 294/4/1 297/4/1
f 303/2/1 300/2/1 299/2/1
f 304/2/1 300/2/1 303/2/1
f 305/2/1 302/2/1 301/2/1
f 306/2/1 302/2/1 305/2/1
f 307/4/1 304/4/1 303/4/1
f 308/4/1 304/4/1 307/4/1
f 309/4/1 306/4/1 305/4/1
f 310/4/1 306/4/1 309/4/1
f 315/2/1 312/2/1 311/2/1
f 316/2/1 312/2/1 315/2/1
f 317/2/1 314/2/1 313/2/1
f 318/2/1 314/2/1 317/2/1
f 319/4/1 316/4/1 315/4/1
f 320/4/1 316/4/1 319/4/1
f 321/4/1 318/4/1 317/4/1
f 322/4/1 318/4/1 321/4/1
f 327/2/1 324/2/1 323/2/1
f 328/2/1 324/2/1 327/2/1
f 329/2/1 326/2/1 325/2/1
f 330/2/1 326/2/1 329/2/1
f 331/4/1 328/4/1 327/4/1
f 332/4/1 328/4/1 331/4/1
f 333/4/1 330/4/1 329/4/1
f 334/4/1 330/4/1 333/4/1
f 339/2/1 336/2/1 335/2/1
f 340/2/1 336/2/1 339/2/1
f 341/2/1 338/2/1 337/2/1
f 342/2/1 338/2/1 341/2/1
f 343/4/1 340/4/1 339/4/1
f 344/4/1 340/4/1 343/4/1
f 345/4/1 342/4/1 341/4/1
f 346/4/1 342/4/1 345/4/1
f 351/2/1 348/2/1 347/2/1
f 352/2/1 348/2/1 351/2/1
f 353/2/1 350/2/1 349/2/1
f 354/2/1 350/2/1 353/2/1
f 355/4/1 352/4/1 351/4/1
f 356/4/1 352/4/1 355/4/1
f 357/4/1 354/4/1 353/4/1
f 358/4/1 354/4/1 357/4/1
f 363/2/1 360/2/1 359/2/1
f 364/2/1 360/2/1 363/2/1
f 365/2/1 362/2/1 361/2/1
f 366/2/1 362/2/1 365/2/1
f 367/4/1 364/4/1 363/4/1
f 368/4/1 364/4/1 367/4/1
f 369/4/1 366/4/1 365/4/1
f 370/4/1 366/4/1 369/4/1
f 375/2/1 372/2/1 371/2/1
f 376/2/1 372/2/1 375/2/1
f 377/2/1 374/2/1 373/2/1
f 378/2/1 374/2/1 377/2/1
f 379/4/1 376/4/1 375/4/1
f 380/4/1 376/4/1 379/4/1
f 381/4/1 378/4/1 377/4/1
f 382/4/1 378/4/1 381/4/1
f 387/2/1 384/2/1 383/2/1
f 388/2/1 384/2/1 387/2/1
f 389/2/1 386/2/1 385/2/1
f 390/2/1 386/2/1 389/2/1
f 391/4/1 388/4/1 387/4/1
f 392/4/1 388/4/1 391/4/1
f 393/4/1 390/4/1 389/4/1
f 394/4/1 390/4/1 393/4/1
f 399/2/1 396/2/1 395/2/1
f 400/2/1 396/2/1 399/2/1
f 401/2/1 398/2/1 397/2/1
f 402/2/1 398/2/1 401/2/1
f 403/4/1 400/4/1 399/4/1
f 404/4/1 400/4/1 403/4/1
f 405/4/1 402/4/1 401/4/1
f 406/4/1 402/4/1 405/4/1
f 411/2/1 408/2/1 407/2/1
f 412/2/1 408/2/1 411/2/1
f 413/2/1 410/2/1 409/2/1
f 414/2/1 410/2/1 413/2/1
f 415/4/1 412/4/1 411/4/1
f 416/4/1 412/4/1 415/4/1
f 417/4/1 414/4/1 413/4/1
f 418/4/1 414/4/1 417/4/1
f 423/2/1 420/2/1 419/2/1
f 424/2/1 420/2/1 423/2/1
f 425/2/1 422/2/1 421/2/1
f 426/2/1 422/2/1 425/2/1
f 427/4/1 424/4/1 423/4/1
f 428/4/1 424/4/1 427/4/1
f 429/4/1 426/4/1 425/4/1
f 430/4/1 426/4/1 429/4/1
f 435/2/1 432/2/1 431/2/1
f 436/2/1 432/2/1 435/2/1
f 437/2/1 434/2/1 433/2/1
f 438/2/1 434/2/1 437/2/1
f 439/4/1 436/4/1 435/4/1
f 440/4/1 436/4/1 439/4/1
f 441/4/1 438/4/1 437/4/1
f 442/4/1 438/4/1 441/4/1
f 447/2/1 444/2/1 443/2/1
f 448/2/1 444/2/1 447/2/1
f 449/2/1 446/2/1 445/2/1
f 450/2/1 446/2/1 449/2/1
f 451/4/1 448/4/1 447/4/1
f 452/4/1 448/4/1 451/4/1
f 453/4/1 450/4/1 449/4/1
f 454/4/1 450/4/1 453/4/1
f 459/2/1 456/2/1 455/2/1
f 460/2/1 456/2/1 459/2/1
f 461/2/1 458/2/1 457/2/1
f 462/2/1 458/2/1 461/2/1
f 463/4/1 460/4/1 459/4/1
f 464/4/1 460/4/1 463/4/1
f 465/4/1 462/4/1 461/4/1
f 466/4/1 462/4/1 465/4/1
f 471/2/1 468/2/1 467/2/1
f 472/2/1 468/2/1 471/2/1
f 473/2/1 470/2/1 469/2/1
f 474/2/1 470/2/1 473/2/1
f 475/4/1 472/4/1 471/4/1
f 476/4/1 472/4/1 475/4/1
f 477/4/1 474/4/1 473/4/1
f 478/4/1 474/4/1 477/4/1
f 483/2/1 480/2/1 479/2/1
f 484/2/1 480/2/1 483/2/1
f 485/2/1 482/2/1 481/2/1
f 486/2/1 482/2/1 485/2/1
f 487/4/1 484/4/1 483/4/1
f 488/4/1 484/4/1 487/4/1
f 489/4/1 486/4/1 485/4/1
f 490/4/1 486/4/1 489/4/1
f 495/2/1 492/2/1 491/2/1
f 496/2/1 492/2/1 495/2/1
f 497/2/1 494/2/1 493/2/1
f 498/2/1 494/2/1 497/2/1
f 499/4/1 496/4/1 495/4/1
f 500/4/1 496/4/1 499/4/1
f 501/4/1 498/4/1 497/4/1
f 502/4/1 498/4/1 501/4/1
f 507/2/1 504/2/1 503/2/1
f 508/2/1 504/2/1 507/2/1
f 509/2/1 506/2/1 505/2/1
f 510/2/1 506/2/1 509/2/1
f 511/4/1 508/4/1 507/4/1
f 512/4/1 508/4/1 511/4/1
f 513/4/1 510/4/1 509/4/1
f 514/4/1 510/4/1 513/4/1
f 521/1/1 520/1/1 519/1/1
f 522/1/1 520/1/1 521/1/1
f 525/1/1 524/1/1 523/1/1
f 526/1/1 524/1/1 525/1/1
f 527/2/1 516/2/1 515/2/1
f 528/2/1 516/2/1 527/2/1
f 529/2/1 518/2/1 517/2/1
f 530/2/1 518/2/1 529/2/1
f 531/4/1 528/4/1 527/4/1
f 532/4/1 528/4/1 531/4/1
f 533/4/1 530/4/1 529/4/1
f 534/4/1 530/4/1 533/4/1
f 543/1/1 540/1/1 539/1/1
f 544/1/1 540/1/1 543/1/1
f 545/1/1 542/1/1 541/1/1
f 546/1/1 542/1/1 545/1/1
f 547/1/1 545/1/1 544/1/1
f 548/1/1 545/1/1 547/1/1
f 552/1/1 550/1/1 549/1/1
f 553/1/1 550/1/1 552/1/1
f 555/1/1 552/1/1 551/1/1
f 556/1/1 552/1/1 555/1/1
f 559/1/1 554/1/1 553/1/1
f 560/1/1 554/1/1 559/1/1
f 561/1/1 558/1/1 557/1/1
f 562/1/1 558/1/1 561/1/1
f 563/2/1 536/2/1 535/2/1
f 564/2/1 536/2/1 563/2/1
f 565/2/1 538/2/1 537/2/1
f 566/2/1 538/2/1 565/2/1
f 567/4/1 564/4/1 563/4/1
f 568/4/1 564/4/1 567/4/1
f 569/4/1 566/4/1 565/4/1
f 570/4/1 566/4/1 569/4/1
f 575/1/1 572/1/1 571/1/1
f 576/1/1 572/1/1 575/1/1
f 579/1/1 574/1/1 573/1/1
f 580/1/1 574/1/1 579/1/1
f 581/1/1 577/1/1 576/1/1
f 582/1/1 577/1/1 581/1/1
f 583/1/1 579/1/1 578/1/1
f 584/1/1 579/1/1 583/1/1
f 585/1/1 583/1/1 582/1/1
f 586/1/1 583/1/1 585/1/1
f 590/1/1 588/1/1 587/1/1
f 591/1/1 588/1/1 590/1/1
f 594/1/1 590/1/1 589/1/1
f 595/1/1 590/1/1 594/1/1
f 596/1/1 592/1/1 591/1/1
f 597/1/1 592/1/1 596/1/1
f 599/1/1 594/1/1 593/1/1
f 600/1/1 594/1/1 599/1/1
f 605/1/1 598/1/1 597/1/1
f 606/1/1 598/1/1 605/1/1
f 607/1/1 602/1/1 601/1/1
f 608/1/1 602/1/1 607/1/1
f 609/1/1 604/1/1 603/1/1
f 610/1/1 604/1/1 609/1/1
f 619/1/1 616/1/1 615/1/1
f 620/1/1 616/1/1 619/1/1
f 623/1/1 618/1/1 617/1/1
f 624/1/1 618/1/1 623/1/1
f 625/1/1 621/1/1 620/1/1
f 626/1/1 621/1/1 625/1/1
f 629/1/1 623/1/1 622/1/1
f 630/1/1 623/1/1 629/1/1
f 631/1/1 627/1/1 626/1/1
f 632/1/1 627/1/1 631/1/1
f 633/1/1 629/1/1 628/1/1
f 634/1/1 629/1/1 633/1/1
f 635/1/1 633/1/1 632/1/1
f 636/1/1 633/1/1 635/1/1
f 637/1/1 633/1/1 636/1/1
f 638/1/1 633/1/1 637/1/1
f 640/1/1 637/1/1 636/1/1
f 641/1/1 637/1/1 640/1/1
f 644/1/1 640/1/1 639/1/1
f 644/1/1 642/1/1 641/1/1
f 644/1/1 641/1/1 640/1/1
f 645/1/1 642/1/1 644/1/1
f 648/1/1 644/1/1 643/1/1
f 649/1/1 644/1/1 648/1/1
f 650/1/1 646/1/1 645/1/1
f 651/1/1 646/1/1 650/1/1
f 654/1/1 648/1/1 647/1/1
f 655/1/1 648/1/1 654/1/1
f 656/1/1 652/1/1 651/1/1
f 657/1/1 652/1/1 656/1/1
f 659/1/1 654/1/1 653/1/1
f 660/1/1 654/1/1 659/1/1
f 665/1/1 658/1/1 657/1/1
f 666/1/1 658/1/1 665/1/1
f 667/1/1 662/1/1 661/1/1
f 668/1/1 662/1/1 667/1/1
f 671/1/1 664/1/1 663/1/1
f 672/1/1 664/1/1 671/1/1
f 673/1/1 670/1/1 669/1/1
f 674/1/1 670/1/1 673/1/1
f 675/2/1 612/2/1 611/2/1
f 676/2/1 612/2/1 675/2/1
f 677/2/1 614/2/1 613/2/1
f 678/2/1 614/2/1 677/2/1
f 679/4/1 676/4/1 675/4/1
f 680/4/1 676/4/1 679/4/1
f 681/4/1 678/4/1 677/4/1
f 682/4/1 678/4/1 681/4/1
f 691/1/1 688/1/1 687/1/1
f 692/1/1 688/1/1 691/1/1
f 693/1/1 690/1/1 689/1/1
f 694/1/1 690/1/1 693/1/1
f 699/1/1 696/1/1 695/1/1
f 700/1/1 696/1/1 699/1/1
f 705/1/1 698/1/1 697/1/1
f 706/1/1 698/1/1 705/1/1
f 707/1/1 702/1/1 701/1/1
f 708/1/1 702/1/1 707/1/1
f 709/1/1 704/1/1 703/1/1
f 710/1/1 704/1/1 709/1/1
f 711/2/1 684/2/1 683/2/1
f 712/2/1 684/2/1 711/2/1
f 713/2/1 686/2/1 685/2/1
f 714/2/1 686/2/1 713/2/1
f 715/4/1 712/4/1 711/4/1
f 716/4/1 712/4/1 715/4/1
f 717/4/1 714/4/1 713/4/1
f 718/4/1 714/4/1 717/4/1
f 723/2/1 720/2/1 719/2/1
f 724/2/1 720/2/1 723/2/1
f 725/2/1 722/2/1 721/2/1
f 726/2/1 722/2/1 725/2/1
f 727/4/1 724/4/1 723/4/1
f 728/4/1 724/4/1 727/4/1
f 729/4/1 726/4/1 725/4/1
f 730/4/1 726/4/1 729/4/1
f 735/2/1 732/2/1 731/2/1
f 736/2/1 732/2/1 735/2/1
f 737/2/1 734/2/1 733/2/1
f 738/2/1 734/2/1 737/2/1
f 739/4/1 736/4/1 735/4/1
f 740/4/1 736/4/1 739/4/1
f 741/4/1 738/4/1 737/4/1
f 742/4/1 738/4/1 741/4/1
f 747/2/1 744/2/1 743/2/1
f 748/2/1 744/2/1 747/2/1
f 749/2/1 746/2/1 745/2/1
f 750/2/1 746/2/1 749/2/1
f 751/4/1 748/4/1 747/4/1
f 752/4/1 748/4/1 751/4/1
f 753/4/1 750/4/1 749/4/1
f 754/4/1 750/4/1 753/4/1
f 759/2/1 756/2/1 755/2/1
f 760/2/1 756/2/1 759/2/1
f 761/2/1 758/2/1 757/2/1
f 762/2/1 758/2/1 761/2/1
f 763/4/1 760/4/1 759/4/1
f 764/4/1 760/4/1 763/4/1
f 765/4/1 762/4/1 761/4/1
f 766/4/1 762/4/1 765/4/1
f 771/2/1 768/2/1 767/2/1
f 772/2/1 768/2/1 771/2/1
f 773/2/1 770/2/1 769/2/1
f 774/2/1 770/2/1 773/2/1
f 775/4/1 772/4/1 771/4/1
f 776/4/1 772/4/1 775/4/1
f 777/4/1 774/4/1 773/4/1
f 778/4/1 774/4/1 777/4/1
f 783/2/1 780/2/1 779/2/1
f 784/2/1 780/2/1 783/2/1
f 785/2/1 782/2/1 781/2/1
f 786/2/1 782/2/1 785/2/1
f 787/4/1 784/4/1 783/4/1
f 788/4/1 784/4/1 787/4/1
f 789/4/1 786/4/1 785/4/1
f 790/4/1 786/4/1 789/4/1
f 795/2/1 792/2/1 791/2/1
f 796/2/1 792/2/1 795/2/1
f 797/2/1 794/2/1 793/2/1
f 798/2/1 794/2/1 797/2/1
f 799/4/1 796/4/1 795/4/1
f 800/4/1 796/4/1 799/4/1
f 801/4/1 798/4/1 797/4/1
f 802/4/1 798/4/1 801/4/1
f 805/1/1 804/1/1 803/1/1
f 806/1/1 804/1/1 805/1/1
f 809/1/1 808/1/1 807/1/1
f 810/1/1 808/1/1 809/1/1
f 819/1/1 816/1/1 815/1/1
f 820/1/1 816/1/1 819/1/1
f 821/1/1 818/1/1 817/1/1
f 822/1/1 818/1/1 821/1/1
f 823/1/1 821/1/1 820/1/1
f 824/1/1 821/1/1 823/1/1
f 828/1/1 826/1/1 825/1/1
f 829/1/1 826/1/1 828/1/1
f 831/1/1 828/1/1 827/1/1
f 832/1/1 828/1/1 831/1/1
f 835/1/1 830/1/1 829/1/1
f 836/1/1 830/1/1 835/1/1
f 837/1/1 834/1/1 833/1/1
f 838/1/1 834/1/1 837/1/1
f 839/2/1 812/2/1 811/2/1
f 840/2/1 812/2/1 839/2/1
f 841/2/1 814/2/1 813/2/1
f 842/2/1 814/2/1 841/2/1
f 843/4/1 840/4/1 839/4/1
f 844/4/1 840/4/1 843/4/1
f 845/4/1 842/4/1 841/4/1
f 846/4/1 842/4/1 845/4/1
f 855/1/1 852/1/1 851/1/1
f 856/1/1 852/1/1 855/1/1
f 859/1/1 854/1/1 853/1/1
f 860/1/1 854/1/1 859/1/1
f 861/1/1 857/1/1 856/1/1
f 862/1/1 857/1/1 861/1/1
f 863/1/1 859/1/1 858/1/1
f 864/1/1 859/1/1 863/1/1
f 865/1/1 863/1/1 862/1/1
f 866/1/1 863/1/1 865/1/1
f 870/1/1 868/1/1 867/1/1
f 871/1/1 868/1/1 870/1/1
f 874/1/1 870/1/1 869/1/1
f 875/1/1 870/1/1 874/1/1
f 876/1/1 872/1/1 871/1/1
f 877/1/1 872/1/1 876/1/1
f 879/1/1 874/1/1 873/1/1
f 880/1/1 874/1/1 879/1/1
f 885/1/1 878/1/1 877/1/1
f 886/1/1 878/1/1 885/1/1
f 887/1/1 882/1/1 881/1/1
f 888/1/1 882/1/1 887/1/1
f 889/1/1 884/1/1 883/1/1
f 890/1/1 884/1/1 889/1/1
f 891/2/1 848/2/1 847/2/1
f 892/2/1 848/2/1 891/2/1
f 893/2/1 850/2/1 849/2/1
f 894/2/1 850/2/1 893/2/1
f 895/4/1 892/4/1 891/4/1
f 896/4/1 892/4/1 895/4/1
f 897/4/1 894/4/1 893/4/1
f 898/4/1 894/4/1 897/4/1
f 903/1/1 900/1/1 899/1/1
f 904/1/1 900/1/1 903/1/1
f 907/1/1 902/1/1 901/1/1
f 908/1/1 902/1/1 907/1/1
f 909/1/1 905/1/1 904/1/1
f 910/1/1 905/1/1 909/1/1
f 913/1/1 907/1/1 906/1/1
f 914/1/1 907/1/1 913/1/1
f 915/1/1 911/1/1 910/1/1
f 916/1/1 911/1/1 915/1/1
f 917/1/1 913/1/1 912/1/1
f 918/1/1 913/1/1 917/1/1
f 919/1/1 917/1/1 916/1/1
f 920/1/1 917/1/1 919/1/1
f 921/1/1 917/1/1 920/1/1
f 922/1/1 917/1/1 921/1/1
f 924/1/1 921/1/1 920/1/1
f 925/1/1 921/1/1 924/1/1
f 928/1/1 924/1/1 923/1/1
f 928/1/1 926/1/1 925/1/1
f 928/1/1 925/1/1 924/1/1
f 929/1/1 926/1/1 928/1/1
f 932/1/1 928/1/1 927/1/1
f 933/1/1 928/1/1 932/1/1
f 934/1/1 930/1/1 929/1/1
f 935/1/1 930/1/1 934/1/1
f 938/1/1 932/1/1 931/1/1
f 939/1/1 932/1/1 938/1/1
f 940/1/1 936/1/1 935/1/1
f 941/1/1 936/1/1 940/1/1
f 943/1/1 938/1/1 937/1/1
f 944/1/1 938/1/1 943/1/1
f 949/1/1 942/1/1 941/1/1
f 950/1/1 942/1/1 949/1/1
f 951/1/1 946/1/1 945/1/1
f 952/1/1 946/1/1 951/1/1
f 955/1/1 948/1/1 947/1/1
f 956/1/1 948/1/1 955/1/1
f 957/1/1 954/1/1 953/1/1
f 958/1/1 954/1/1 957/1/1
f 967/1/1 964/1/1 963/1/1
f 968/1/1 964/1/1 967/1/1
f 969/1/1 966/1/1 965/1/1
f 970/1/1 966/1/1 969/1/1
f 975/1/1 972/1/1 971/1/1
f 976/1/1 972/1/1 975/1/1
f 981/1/1 974/1/1 973/1/1
f 982/1/1 974/1/1 981/1/1
f 983/1/1 978/1/1 977/1/1
f 984/1/1 978/1/1 983/1/1
f 985/1/1 980/1/1 979/1/1
f 986/1/1 980/1/1 985/1/1
f 987/2/1 960/2/1 959/2/1
f 988/2/1 960/2/1 987/2/1
f 989/2/1 962/2/1 961/2/1
f 990/2/1 962/2/1 989/2/1
f 991/4/1 988/4/1 987/4/1
f 992/4/1 988/4/1 991/4/1
f 993/4/1 990/4/1 989/4/1
f 994/4/1 990/4/1 993/4/1
f 999/2/1 996/2/1 995/2/1
f 1000/2/1 996/2/1 999/2/1
f 1001/2/1 998/2/1 997/2/1
f 1002/2/1 998/2/1 1001/2/1
f 1003/4/1 1000/4/1 999/4/1
f 1004/4/1 1000/4/1 1003/4/1
f 1005/4/1 1002/4/1 1001/4/1
f 1006/4/1 1002/4/1 1005/4/1
f 1011/2/1 1008/2/1 1007/2/1
f 1012/2/1 1008/2/1 1011/2/1
f 1013/2/1 1010/2/1 1009/2/1
f 1014/2/1 1010/2/1 1013/2/1
f 1015/4/1 1012/4/1 1011/4/1
f 1016/4/1 1012/4/1 1015/4/1
f 1017/4/1 1014/4/1 1013/4/1
f 1018/4/1 1014/4/1 1017/4/1
f 1023/2/1 1020/2/1 1019/2/1
f 1024/2/1 1020/2/1 1023/2/1
f 1025/2/1 1022/2/1 1021/2/1
f 1026/2/1 1022/2/1 1025/2/1
f 1027/4/1 1024/4/1 1023/4/1
f 1028/4/1 1024/4/1 1027/4/1
f 1029/4/1 1026/4/1 1025/4/1
f 1030/4/1 1026/4/1 1029/4/1
f 1035/2/1 1032/2/1 1031/2/1
f 1036/2/1 1032/2/1 1035/2/1
f 1037/2/1 1034/2/1 1033/2/1
f 1038/2/1 1034/2/1 1037/2/1
f 1039/4/1 1036/4/1 1035/4/1
f 1040/4/1 1036/4/1 1039/4/1
f 1041/4/1 1038/4/1 1037/4/1
f 1042/4/1 1038/4/1 1041/4/1
f 1047/2/1 1044/2/1 1043/2/1
f 1048/2/1 1044/2/1 1047/2/1
f 1049/2/1 1046/2/1 1045/2/1
f 1050/2/1 1046/2/1 1049/2/1
f 1051/4/1 1048/4/1 1047/4/1
f 1052/4/1 1048/4/1 1051/4/1
f 1053/4/1 1050/4/1 1049/4/1
f 1054/4/1 1050/4/1 1053/4/1
f 1059/2/1 1056/2/1 1055/2/1
f 1060/2/1 1056/2/1 1059/2/1
f 1061/2/1 1058/2/1 1057/2/1
f 1062/2/1 1058/2/1 1061/2/1
f 1063/4/1 1060/4/1 1059/4/1
f 1064/4/1 1060/4/1 1063/4/1
f 1065/4/1 1062/4/1 1061/4/1
f 1066/4/1 1062/4/1 1065/4/1
f 1071/2/1 1068/2/1 1067/2/1
f 1072/2/1 1068/2/1 1071/2/1
f 1073/2/1 1070/2/1 1069/2/1
f 1074/2/1 1070/2/1 1073/2/1
f 1075/4/1 1072/4/1 1071/4/1
f 1076/4/1 1072/4/1 1075/4/1
f 1077/4/1 1074/4/1 1073/4/1
f 1078/4/1 1074/4/1 1077/4/1
f 1083/2/1 1080/2/1 1079/2/1
f 1084/2/1 1080/2/1 1083/2/1
f 1085/2/1 1082/2/1 1081/2/1
f 1086/2/1 1082/2/1 1085/2/1
f 1087/4/1 1084/4/1 1083/4/1
f 1088/4/1 1084/4/1 1087/4/1
f 1089/4/1 1086/4/1 1085/4/1
f 1090/4/1 1086/4/1 1089/4/1
f 1095/2/1 1092/2/1 1091/2/1
f 1096/2/1 1092/2/1 1095/2/1
f 1097/2/1 1094/2/1 1093/2/1
f 1098/2/1 1094/2/1 1097/2/1
f 1099/4/1 1096/4/1 1095/4/1
f 1100/4/1 1096/4/1 1099/4/1
f 1101/4/1 1098/4/1 1097/4/1
f 1102/4/1 1098/4/1 1101/4/1
f 1105/1/1 1104/1/1 1103/1/1
f 1106/1/1 1104/1/1 1105/1/1
f 1109/1/1 1108/1/1 1107/1/1
f 1110/1/1 1108/1/1 1109/1/1
f 1115/1/1 1112/1/1 1111/1/1
f 1116/1/1 1112/1/1 1115/1/1
f 1117/1/1 1114/1/1 1113/1/1
f 1118/1/1 1114/1/1 1117/1/1
f 1119/1/1 1117/1/1 1116/1/1
f 1120/1/1 1117/1/1 1119/1/1
f 1124/1/1 1122/1/1 1121/1/1
f 1125/1/1 1122/1/1 1124/1/1
f 1127/1/1 1124/1/1 1123/1/1
f 1128/1/1 1124/1/1 1127/1/1
f 1131/1/1 1126/1/1 1125/1/1
f 1132/1/1 1126/1/1 1131/1/1
f 1133/1/1 1130/1/1 1129/1/1
f 1134/1/1 1130/1/1 1133/1/1
f 1139/1/1 1136/1/1 1135/1/1
f 1140/1/1 1136/1/1 1139/1/1
f 1143/1/1 1138/1/1 1137/1/1
f 1144/1/1 1138/1/1 1143/1/1
f 1145/1/1 1141/1/1 1140/1/1
f 1146/1/1 1141/1/1 1145/1/1
f 1147/1/1 1143/1/1 1142/1/1
f 1148/1/1 1143/1/1 1147/1/1
f 1149/1/1 1147/1/1 1146/1/1
f 1150/1/1 1147/1/1 1149/1/1
f 1154/1/1 1152/1/1 1151/1/1
f 1155/1/1 1152/1/1 1154/1/1
f 1158/1/1 1154/1/1 1153/1/1
f 1159/1/1 1154/1/1 1158/1/1
f 1160/1/1 1156/1/1 1155/1/1
f 1161/1/1 1156/1/1 1160/1/1
f 1163/1/1 1158/1/1 1157/1/1
f 1164/1/1 1158/1/1 1163/1/1
f 1169/1/1 1162/1/1 1161/1/1
f 1170/1/1 1162/1/1 1169/1/1
f 1171/1/1 1166/1/1 1165/1/1
f 1172/1/1 1166/1/1 1171/1/1
f 1173/1/1 1168/1/1 1167/1/1
f 1174/1/1 1168/1/1 1173/1/1
f 1179/5/1 1176/5/1 1175/5/1
f 1180/5/1 1176/5/1 1179/5/1
f 1181/1/1 1178/1/1 1177/1/1
f 1182/1/1 1178/1/1 1181/1/1
f 1185/1/1 1180/1/1 1179/1/1
f 1186/1/1 1180/1/1 1185/1/1
f 1187/1/1 1183/1/1 1182/1/1
f 1188/1/1 1183/1/1 1187/1/1
f 1191/1/1 1185/1/1 1184/1/1
f 1192/1/1 1185/1/1 1191/1/1
f 1193/1/1 1189/1/1 1188/1/1
f 1194/1/1 1189/1/1 1193/1/1
f 1195/1/1 1191/1/1 1190/1/1
f 1196/1/1 1191/1/1 1195/1/1
f 1197/1/1 1195/1/1 1194/1/1
f 1198/1/1 1195/1/1 1197/1/1
f 1199/1/1 1195/1/1 1198/1/1
f 1200/1/1 1195/1/1 1199/1/1
f 1202/1/1 1199/1/1 1198/1/1
f 1203/1/1 1199/1/1 1202/1/1
f 1206/1/1 1202/1/1 1201/1/1
f 1206/1/1 1204/1/1 1203/1/1
f 1206/1/1 1203/1/1 1202/1/1
f 1207/1/1 1204/1/1 1206/1/1
f 1210/1/1 1206/1/1 1205/1/1
f 1211/1/1 1206/1/1 1210/1/1
f 1212/1/1 1208/1/1 1207/1/1
f 1213/1/1 1208/1/1 1212/1/1
f 1216/1/1 1210/1/1 1209/1/1
f 1217/1/1 1210/1/1 1216/1/1
f 1218/1/1 1214/1/1 1213/1/1
f 1219/1/1 1214/1/1 1218/1/1
f 1221/1/1 1216/1/1 1215/1/1
f 1222/1/1 1216/1/1 1221/1/1
f 1227/1/1 1220/1/1 1219/1/1
f 1228/1/1 1220/1/1 1227/1/1
f 1229/1/1 1224/1/1 1223/1/1
f 1230/1/1 1224/1/1 1229/1/1
f 1233/1/1 1226/1/1 1225/1/1
f 1234/1/1 1226/1/1 1233/1/1
f 1235/1/1 1232/1/1 1231/1/1
f 1236/1/1 1232/1/1 1235/1/1
f 1241/1/1 1238/1/1 1237/1/1
f 1242/1/1 1238/1/1 1241/1/1
f 1243/1/1 1240/1/1 1239/1/1
f 1244/1/1 1240/1/1 1243/1/1
f 1249/1/1 1246/1/1 1245/1/1
f 1250/1/1 1246/1/1 1249/1/1
f 1255/1/1 1248/1/1 1247/1/1
f 1256/1/1 1248/1/1 1255/1/1
f 1257/1/1 1252/1/1 1251/1/1
f 1258/1/1 1252/1/1 1257/1/1
f 1259/1/1 1254/1/1 1253/1/1
f 1260/1/1 1254/1/1 1259/1/1
f 1265/5/1 1262/5/1 1261/5/1
f 1266/5/1 1262/5/1 1265/5/1
f 1267/5/1 1264/5/1 1263/5/1
f 1268/5/1 1264/5/1 1267/5/1
f 1273/2/1 1270/2/1 1269/2/1
f 1274/2/1 1270/2/1 1273/2/1
f 1279/2/1 1272/2/1 1271/2/1
f 1280/2/1 1272/2/1 1279/2/1
f 1281/6/1 1276/6/1 1275/6/1
f 1282/6/1 1276/6/1 1281/6/1
f 1283/6/1 1278/6/1 1277/6/1
f 1284/6/1 1278/6/1 1283/6/1
f 1289/5/1 1286/5/1 1285/5/1
f 1290/5/1 1286/5/1 1289/5/1
f 1291/5/1 1288/5/1 1287/5/1
f 1292/5/1 1288/5/1 1291/5/1
f 1297/2/1 1294/2/1 1293/2/1
f 1298/2/1 1294/2/1 1297/2/1
f 1303/2/1 1296/2/1 1295/2/1
f 1304/2/1 1296/2/1 1303/2/1
f 1305/6/1 1300/6/1 1299/6/1
f 1306/6/1 1300/6/1 1305/6/1
f 1307/6/1 1302/6/1 1301/6/1
f 1308/6/1 1302/6/1 1307/6/1
f 1313/5/1 1310/5/1 1309/5/1
f 1314/5/1 1310/5/1 1313/5/1
f 1315/5/1 1312/5/1 1311/5/1
f 1316/5/1 1312/5/1 1315/5/1
f 1321/5/1 1318/5/1 1317/5/1
f 1322/5/1 1318/5/1 1321/5/1
f 1323/5/1 1320/5/1 1319/5/1
f 1324/5/1 1320/5/1 1323/5/1
f 1329/2/1 1326/2/1 1325/2/1
f 1330/2/1 1326/2/1 1329/2/1
f 1335/2/1 1328/2/1 1327/2/1
f 1336/2/1 1328/2/1 1335/2/1
f 1337/6/1 1332/6/1 1331/6/1
f 1338/6/1 1332/6/1 1337/6/1
f 1339/6/1 1334/6/1 1333/6/1
f 1340/6/1 1334/6/1 1339/6/1
f 1345/5/1 1342/5/1 1341/5/1
f 1346/5/1 1342/5/1 1345/5/1
f 1347/5/1 1344/5/1 1343/5/1
f 1348/5/1 1344/5/1 1347/5/1
f 1353/5/1 1350/5/1 1349/5/1
f 1354/5/1 1350/5/1 1353/5/1
f 1355/5/1 1352/5/1 1351/5/1
f 1356/5/1 1352/5/1 1355/5/1
f 1361/2/1 1358/2/1 1357/2/1
f 1362/2/1 1358/2/1 1361/2/1
f 1367/2/1 1360/2/1 1359/2/1
f 1368/2/1 1360/2/1 1367/2/1
f 1369/6/1 1364/6/1 1363/6/1
f 1370/6/1 1364/6/1 1369/6/1
f 1371/6/1 1366/6/1 1365/6/1
f 1372/6/1 1366/6/1 1371/6/1
f 1377/5/1 1374/5/1 1373/5/1
f 1378/5/1 1374/5/1 1377/5/1
f 1379/5/1 1376/5/1 1375/5/1
f 1380/5/1 1376/5/1 1379/5/1
f 1385/5/1 1382/5/1 1381/5/1
f 1386/5/1 1382/5/1 1385/5/1
f 1387/5/1 1384/5/1 1383/5/1
f 1388/5/1 1384/5/1 1387/5/1
f 1393/2/1 1390/2/1 1389/2/1
f 1394/2/1 1390/2/1 1393/2/1
f 1399/2/1 1392/2/1 1391/2/1
f 1400/2/1 1392/2/1 1399/2/1
f 1401/6/1 1396/6/1 1395/6/1
f 1402/6/1 1396/6/1 1401/6/1
f 1403/6/1 1398/6/1 1397/6/1
f 1404/6/1 1398/6/1 1403/6/1
f 1409/5/1 1406/5/1 1405/5/1
f 1410/5/1 1406/5/1 1409/5/1
f 1411/5/1 1408/5/1 1407/5/1
f 1412/5/1 1408/5/1 1411/5/1
f 1417/5/1 1414/5/1 1413/5/1
f 1418/5/1 1414/5/1 1417/5/1
f 1419/5/1 1416/5/1 1415/5/1
f 1420/5/1 1416/5/1 1419/5/1
f 1425/2/1 1422/2/1 1421/2/1
f 1426/2/1 1422/2/1 1425/2/1
f 1431/2/1 1424/2/1 1423/2/1
f 1432/2/1 1424/2/1 1431/2/1
f 1433/6/1 1428/6/1 1427/6/1
f 1434/6/1 1428/6/1 1433/6/1
f 1435/6/1 1430/6/1 1429/6/1
f 1436/6/1 1430/6/1 1435/6/1
f 1441/5/1 1438/5/1 1437/5/1
f 1442/5/1 1438/5/1 1441/5/1
f 1443/5/1 1440/5/1 1439/5/1
f 1444/5/1 1440/5/1 1443/5/1
f 1451/5/1 1446/5/1 1445/5/1
f 1452/5/1 1446/5/1 1451/5/1
f 1453/5/1 1448/5/1 1447/5/1
f 1454/5/1 1448/5/1 1453/5/1
f 1457/2/1 1450/2/1 1449/2/1
f 1458/2/1 1450/2/1 1457/2/1
f 1463/2/1 1456/2/1 1455/2/1
f 1464/2/1 1456/2/1 1463/2/1
f 1465/6/1 1460/6/1 1459/6/1
f 1466/6/1 1460/6/1 1465/6/1
f 1467/6/1 1462/6/1 1461/6/1
f 1468/6/1 1462/6/1 1467/6/1
f 1473/5/1 1470/5/1 1469/5/1
f 1474/5/1 1470/5/1 1473/5/1
f 1475/5/1 1472/5/1 1471/5/1
f 1476/5/1 1472/5/1 1475/5/1
f 1482/5/1 1478/5/1 1477/5/1
f 1483/5/1 1478/5/1 1482/5/1
f 1484/5/1 1480/5/1 1479/5/1
f 1485/5/1 1480/5/1 1484/5/1
f 1486/1/1 1483/1/1 1482/1/1
f 1486/1/1 1482/1/1 1481/1/1
f 1487/1/1 1483/1/1 1486/1/1
f 1490/1/1 1489/1/1 1488/1/1
f 1491/1/1 1489/1/1 1490/1/1
f 1500/5/1 1493/5/1 1492/5/1
f 1501/5/1 1493/5/1 1500/5/1
f 1502/5/1 1495/5/1 1494/5/1
f 1503/5/1 1495/5/1 1502/5/1
f 1506/1/1 1499/1/1 1498/1/1
f 1507/1/1 1499/1/1 1506/1/1
f 1508/1/1 1501/1/1 1500/1/1
f 1509/1/1 1501/1/1 1508/1/1
f 1510/1/1 1508/1/1 1507/1/1
f 1511/1/1 1508/1/1 1510/1/1
f 1515/1/1 1513/1/1 1512/1/1
f 1516/1/1 1513/1/1 1515/1/1
f 1518/1/1 1515/1/1 1514/1/1
f 1519/1/1 1515/1/1 1518/1/1
f 1522/1/1 1517/1/1 1516/1/1
f 1523/1/1 1517/1/1 1522/1/1
f 1524/1/1 1521/1/1 1520/1/1
f 1525/1/1 1521/1/1 1524/1/1
f 1526/2/1 1497/2/1 1496/2/1
f 1527/2/1 1497/2/1 1526/2/1
f 1532/2/1 1505/2/1 1504/2/1
f 1533/2/1 1505/2/1 1532/2/1
f 1534/6/1 1529/6/1 1528/6/1
f 1535/6/1 1529/6/1 1534/6/1
f 1536/6/1 1531/6/1 1530/6/1
f 1537/6/1 1531/6/1 1536/6/1
f 1544/5/1 1539/5/1 1538/5/1
f 1545/5/1 1539/5/1 1544/5/1
f 1546/5/1 1541/5/1 1540/5/1
f 1547/5/1 1541/5/1 1546/5/1
f 1548/1/1 1543/1/1 1542/1/1
f 1549/1/1 1543/1/1 1548/1/1
f 1552/1/1 1545/1/1 1544/1/1
f 1553/1/1 1545/1/1 1552/1/1
f 1554/1/1 1550/1/1 1549/1/1
f 1555/1/1 1550/1/1 1554/1/1
f 1556/1/1 1552/1/1 1551/1/1
f 1557/1/1 1552/1/1 1556/1/1
f 1558/1/1 1556/1/1 1555/1/1
f 1559/1/1 1556/1/1 1558/1/1
f 1563/1/1 1561/1/1 1560/1/1
f 1564/1/1 1561/1/1 1563/1/1
f 1567/1/1 1563/1/1 1562/1/1
f 1568/1/1 1563/1/1 1567/1/1
f 1569/1/1 1565/1/1 1564/1/1
f 1570/1/1 1565/1/1 1569/1/1
f 1572/1/1 1567/1/1 1566/1/1
f 1573/1/1 1567/1/1 1572/1/1
f 1578/1/1 1571/1/1 1570/1/1
f 1579/1/1 1571/1/1 1578/1/1
f 1580/1/1 1575/1/1 1574/1/1
f 1581/1/1 1575/1/1 1580/1/1
f 1582/1/1 1577/1/1 1576/1/1
f 1583/1/1 1577/1/1 1582/1/1
f 1592/5/1 1585/5/1 1584/5/1
f 1593/5/1 1585/5/1 1592/5/1
f 1594/5/1 1587/5/1 1586/5/1
f 1595/5/1 1587/5/1 1594/5/1
f 1598/1/1 1591/1/1 1590/1/1
f 1599/1/1 1591/1/1 1598/1/1
f 1602/1/1 1593/1/1 1592/1/1
f 1603/1/1 1593/1/1 1602/1/1
f 1604/1/1 1600/1/1 1599/1/1
f 1605/1/1 1600/1/1 1604/1/1
f 1608/1/1 1602/1/1 1601/1/1
f 1609/1/1 1602/1/1 1608/1/1
f 1610/1/1 1606/1/1 1605/1/1
f 1611/1/1 1606/1/1 1610/1/1
f 1612/1/1 1608/1/1 1607/1/1
f 1613/1/1 1608/1/1 1612/1/1
f 1614/1/1 1612/1/1 1611/1/1
f 1615/1/1 1612/1/1 1614/1/1
f 1616/1/1 1612/1/1 1615/1/1
f 1617/1/1 1612/1/1 1616/1/1
f 1619/1/1 1616/1/1 1615/1/1
f 1620/1/1 1616/1/1 1619/1/1
f 1623/1/1 1619/1/1 1618/1/1
f 1623/1/1 1621/1/1 1620/1/1
f 1623/1/1 1620/1/1 1619/1/1
f 1624/1/1 1621/1/1 1623/1/1
f 1627/1/1 1623/1/1 1622/1/1
f 1628/1/1 1623/1/1 1627/1/1
f 1629/1/1 1625/1/1 1624/1/1
f 1630/1/1 1625/1/1 1629/1/1
f 1633/1/1 1627/1/1 1626/1/1
f 1634/1/1 1627/1/1 1633/1/1
f 1635/1/1 1631/1/1 1630/1/1
f 1636/1/1 1631/1/1 1635/1/1
f 1638/1/1 1633/1/1 1632/1/1
f 1639/1/1 1633/1/1 1638/1/1
f 1644/1/1 1637/1/1 1636/1/1
f 1645/1/1 1637/1/1 1644/1/1
f 1646/1/1 1641/1/1 1640/1/1
f 1647/1/1 1641/1/1 1646/1/1
f 1650/1/1 1643/1/1 1642/1/1
f 1651/1/1 1643/1/1 1650/1/1
f 1652/1/1 1649/1/1 1648/1/1
f 1653/1/1 1649/1/1 1652/1/1
f 1654/2/1 1589/2/1 1588/2/1
f 1655/2/1 1589/2/1 1654/2/1
f 1660/2/1 1597/2/1 1596/2/1
f 1661/2/1 1597/2/1 1660/2/1
f 1662/6/1 1657/6/1 1656/6/1
f 1663/6/1 1657/6/1 1662/6/1
f 1664/6/1 1659/6/1 1658/6/1
f 1665/6/1 1659/6/1 1664/6/1
f 1670/5/1 1667/5/1 1666/5/1
f 1671/5/1 1667/5/1 1670/5/1
f 1672/5/1 1669/5/1 1668/5/1
f 1673/5/1 1669/5/1 1672/5/1
f 1678/1/1 1675/1/1 1674/1/1
f 1679/1/1 1675/1/1 1678/1/1
f 1680/1/1 1677/1/1 1676/1/1
f 1681/1/1 1677/1/1 1680/1/1
f 1686/1/1 1683/1/1 1682/1/1
f 1687/1/1 1683/1/1 1686/1/1
f 1692/1/1 1685/1/1 1684/1/1
f 1693/1/1 1685/1/1 1692/1/1
f 1694/1/1 1689/1/1 1688/1/1
f 1695/1/1 1689/1/1 1694/1/1
f 1696/1/1 1691/1/1 1690/1/1
f 1697/1/1 1691/1/1 1696/1/1
f 1704/5/1 1699/5/1 1698/5/1
f 1705/5/1 1699/5/1 1704/5/1
f 1706/5/1 1701/5/1 1700/5/1
f 1707/5/1 1701/5/1 1706/5/1
f 1710/2/1 1703/2/1 1702/2/1
f 1711/2/1 1703/2/1 1710/2/1
f 1716/2/1 1709/2/1 1708/2/1
f 1717/2/1 1709/2/1 1716/2/1
f 1718/6/1 1713/6/1 1712/6/1
f 1719/6/1 1713/6/1 1718/6/1
f 1720/6/1 1715/6/1 1714/6/1
f 1721/6/1 1715/6/1 1720/6/1
f 1726/5/1 1723/5/1 1722/5/1
f 1727/5/1 1723/5/1 1726/5/1
f 1728/5/1 1725/5/1 1724/5/1
f 1729/5/1 1725/5/1 1728/5/1
f 1736/5/1 1731/5/1 1730/5/1
f 1737/5/1 1731/5/1 1736/5/1
f 1738/5/1 1733/5/1 1732/5/1
f 1739/5/1 1733/5/1 1738/5/1
f 1742/2/1 1735/2/1 1734/2/1
f 1743/2/1 1735/2/1 1742/2/1
f 1748/2/1 1741/2/1 1740/2/1
f 1749/2/1 1741/2/1 1748/2/1
f 1750/6/1 1745/6/1 1744/6/1
f 1751/6/1 1745/6/1 1750/6/1
f 1752/6/1 1747/6/1 1746/6/1
f 1753/6/1 1747/6/1 1752/6/1
f 1760/5/1 1755/5/1 1754/5/1
f 1761/5/1 1755/5/1 1760/5/1
f 1762/5/1 1757/5/1 1756/5/1
f 1763/5/1 1757/5/1 1762/5/1
f 1766/2/1 1759/2/1 1758/2/1
f 1767/2/1 1759/2/1 1766/2/1
f 1772/2/1 1765/2/1 1764/2/1
f 1773/2/1 1765/2/1 1772/2/1
f 1774/6/1 1769/6/1 1768/6/1
f 1775/6/1 1769/6/1 1774/6/1
f 1776/6/1 1771/6/1 1770/6/1
f 1777/6/1 1771/6/1 1776/6/1
f 1782/5/1 1779/5/1 1778/5/1
f 1783/5/1 1779/5/1 1782/5/1
f 1784/5/1 1781/5/1 1780/5/1
f 1785/5/1 1781/5/1 1784/5/1
f 1792/5/1 1787/5/1 1786/5/1
f 1793/5/1 1787/5/1 1792/5/1
f 1794/5/1 1789/5/1 1788/5/1
f 1795/5/1 1789/5/1 1794/5/1
f 1798/2/1 1791/2/1 1790/2/1
f 1799/2/1 1791/2/1 1798/2/1
f 1804/2/1 1797/2/1 1796/2/1
f 1805/2/1 1797/2/1 1804/2/1
f 1806/6/1 1801/6/1 1800/6/1
f 1807/6/1 1801/6/1 1806/6/1
f 1808/6/1 1803/6/1 1802/6/1
f 1809/6/1 1803/6/1 1808/6/1
f 1814/5/1 1811/5/1 1810/5/1
f 1815/5/1 1811/5/1 1814/5/1
f 1816/5/1 1813/5/1 1812/5/1
f 1817/5/1 1813/5/1 1816/5/1
f 1824/5/1 1819/5/1 1818/5/1
f 1825/5/1 1819/5/1 1824/5/1
f 1826/5/1 1821/5/1 1820/5/1
f 1827/5/1 1821/5/1 1826/5/1
f 1830/2/1 1823/2/1 1822/2/1
f 1831/2/1 1823/2/1 1830/2/1
f 1836/2/1 1829/2/1 1828/2/1
f 1837/2/1 1829/2/1 1836/2/1
f 1838/6/1 1833/6/1 1832/6/1
f 1839/6/1 1833/6/1 1838/6/1
f 1840/6/1 1835/6/1 1834/6/1
f 1841/6/1 1835/6/1 1840/6/1
f 1848/5/1 1843/5/1 1842/5/1
f 1849/5/1 1843/5/1 1848/5/1
f 1850/5/1 1845/5/1 1844/5/1
f 1851/5/1 1845/5/1 1850/5/1
f 1854/2/1 1847/2/1 1846/2/1
f 1855/2/1 1847/2/1 1854/2/1
f 1860/2/1 1853/2/1 1852/2/1
f 1861/2/1 1853/2/1 1860/2/1
f 1862/6/1 1857/6/1 1856/6/1
f 1863/6/1 1857/6/1 1862/6/1
f 1864/6/1 1859/6/1 1858/6/1
f 1865/6/1 1859/6/1 1864/6/1
f 1870/5/1 1867/5/1 1866/5/1
f 1871/5/1 1867/5/1 1870/5/1
f 1872/5/1 1869/5/1 1868/5/1
f 1873/5/1 1869/5/1 1872/5/1
f 1882/5/1 1875/5/1 1874/5/1
f 1883/5/1 1875/5/1 1882/5/1
f 1884/5/1 1877/5/1 1876/5/1
f 1885/5/1 1877/5/1 1884/5/1
f 1886/5/1 1879/5/1 1878/5/1
f 1887/5/1 1879/5/1 1886/5/1
f 1890/1/1 1885/1/1 1884/1/1
f 1891/1/1 1885/1/1 1890/1/1
f 1894/1/1 1893/1/1 1892/1/1
f 1895/1/1 1893/1/1 1894/1/1
f 1896/2/1 1881/2/1 1880/2/1
f 1897/2/1 1881/2/1 1896/2/1
f 1902/2/1 1889/2/1 1888/2/1
f 1903/2/1 1889/2/1 1902/2/1
f 1904/6/1 1899/6/1 1898/6/1
f 1905/6/1 1899/6/1 1904/6/1
f 1906/6/1 1901/6/1 1900/6/1
f 1907/6/1 1901/6/1 1906/6/1
f 1914/5/1 1909/5/1 1908/5/1
f 1915/5/1 1909/5/1 1914/5/1
f 1916/5/1 1909/5/1 1915/5/1
f 1917/5/1 1911/5/1 1910/5/1
f 1918/5/1 1911/5/1 1917/5/1
f 1919/5/1 1911/5/1 1918/5/1
f 1922/1/1 1916/1/1 1915/1/1
f 1923/1/1 1916/1/1 1922/1/1
f 1924/1/1 1918/1/1 1917/1/1
f 1925/1/1 1918/1/1 1924/1/1
f 1926/1/1 1924/1/1 1923/1/1
f 1927/1/1 1924/1/1 1926/1/1
f 1931/1/1 1929/1/1 1928/1/1
f 1932/1/1 1929/1/1 1931/1/1
f 1934/1/1 1931/1/1 1930/1/1
f 1935/1/1 1931/1/1 1934/1/1
f 1938/1/1 1933/1/1 1932/1/1
f 1939/1/1 1933/1/1 1938/1/1
f 1940/1/1 1937/1/1 1936/1/1
f 1941/1/1 1937/1/1 1940/1/1
f 1942/2/1 1913/2/1 1912/2/1
f 1943/2/1 1913/2/1 1942/2/1
f 1948/2/1 1921/2/1 1920/2/1
f 1949/2/1 1921/2/1 1948/2/1
f 1950/6/1 1945/6/1 1944/6/1
f 1951/6/1 1945/6/1 1950/6/1
f 1952/6/1 1947/6/1 1946/6/1
f 1953/6/1 1947/6/1 1952/6/1
f 1958/1/1 1955/1/1 1954/1/1
f 1959/1/1 1955/1/1 1958/1/1
f 1962/1/1 1957/1/1 1956/1/1
f 1963/1/1 1957/1/1 1962/1/1
f 1964/1/1 1960/1/1 1959/1/1
f 1965/1/1 1960/1/1 1964/1/1
f 1966/1/1 1962/1/1 1961/1/1
f 1967/1/1 1962/1/1 1966/1/1
f 1968/1/1 1966/1/1 1965/1/1
f 1969/1/1 1966/1/1 1968/1/1
f 1973/1/1 1971/1/1 1970/1/1
f 1974/1/1 1971/1/1 1973/1/1
f 1977/1/1 1973/1/1 1972/1/1
f 1978/1/1 1973/1/1 1977/1/1
f 1979/1/1 1975/1/1 1974/1/1
f 1980/1/1 1975/1/1 1979/1/1
f 1982/1/1 1977/1/1 1976/1/1
f 1983/1/1 1977/1/1 1982/1/1
f 1988/1/1 1981/1/1 1980/1/1
f 1989/1/1 1981/1/1 1988/1/1
f 1990/1/1 1985/1/1 1984/1/1
f 1991/1/1 1985/1/1 1990/1/1
f 1992/1/1 1987/1/1 1986/1/1
f 1993/1/1 1987/1/1 1992/1/1
f 2002/1/1 1997/1/1 1996/1/1
f 2003/1/1 1997/1/1 2002/1/1
f 2006/1/1 1999/1/1 1998/1/1
f 2007/1/1 1999/1/1 2006/1/1
f 2008/1/1 2004/1/1 2003/1/1
f 2009/1/1 2004/1/1 2008/1/1
f 2012/1/1 2006/1/1 2005/1/1
f 2013/1/1 2006/1/1 2012/1/1
f 2014/1/1 2010/1/1 2009/1/1
f 2015/1/1 2010/1/1 2014/1/1
f 2016/1/1 2012/1/1 2011/1/1
f 2017/1/1 2012/1/1 2016/1/1
f 2018/1/1 2016/1/1 2015/1/1
f 2019/1/1 2016/1/1 2018/1/1
f 2020/1/1 2016/1/1 2019/1/1
f 2021/1/1 2016/1/1 2020/1/1
f 2023/1/1 2020/1/1 2019/1/1
f 2024/1/1 2020/1/1 2023/1/1
f 2027/1/1 2023/1/1 2022/1/1
f 2027/1/1 2025/1/1 2024/1/1
f 2027/1/1 2024/1/1 2023/1/1
f 2028/1/1 2025/1/1 2027/1/1
f 2031/1/1 2027/1/1 2026/1/1
f 2032/1/1 2027/1/1 2031/1/1
f 2033/1/1 2029/1/1 2028/1/1
f 2034/1/1 2029/1/1 2033/1/1
f 2037/1/1 2031/1/1 2030/1/1
f 2038/1/1 2031/1/1 2037/1/1
f 2039/1/1 2035/1/1 2034/1/1
f 2040/1/1 2035/1/1 2039/1/1
f 2042/1/1 2037/1/1 2036/1/1
f 2043/1/1 2037/1/1 2042/1/1
f 2048/1/1 2041/1/1 2040/1/1
f 2049/1/1 2041/1/1 2048/1/1
f 2050/1/1 2045/1/1 2044/1/1
f 2051/1/1 2045/1/1 2050/1/1
f 2054/1/1 2047/1/1 2046/1/1
f 2055/1/1 2047/1/1 2054/1/1
f 2056/1/1 2053/1/1 2052/1/1
f 2057/1/1 2053/1/1 2056/1/1
f 2058/2/1 1995/2/1 1994/2/1
f 2059/2/1 1995/2/1 2058/2/1
f 2064/2/1 2001/2/1 2000/2/1
f 2065/2/1 2001/2/1 2064/2/1
f 2066/6/1 2061/6/1 2060/6/1
f 2067/6/1 2061/6/1 2066/6/1
f 2068/6/1 2063/6/1 2062/6/1
f 2069/6/1 2063/6/1 2068/6/1
f 2078/1/1 2075/1/1 2074/1/1
f 2079/1/1 2075/1/1 2078/1/1
f 2080/1/1 2077/1/1 2076/1/1
f 2081/1/1 2077/1/1 2080/1/1
f 2086/1/1 2083/1/1 2082/1/1
f 2087/1/1 2083/1/1 2086/1/1
f 2092/1/1 2085/1/1 2084/1/1
f 2093/1/1 2085/1/1 2092/1/1
f 2094/1/1 2089/1/1 2088/1/1
f 2095/1/1 2089/1/1 2094/1/1
f 2096/1/1 2091/1/1 2090/1/1
f 2097/1/1 2091/1/1 2096/1/1
f 2098/2/1 2071/2/1 2070/2/1
f 2099/2/1 2071/2/1 2098/2/1
f 2104/2/1 2073/2/1 2072/2/1
f 2105/2/1 2073/2/1 2104/2/1
f 2106/6/1 2101/6/1 2100/6/1
f 2107/6/1 2101/6/1 2106/6/1
f 2108/6/1 2103/6/1 2102/6/1
f 2109/6/1 2103/6/1 2108/6/1
f 2114/2/1 2111/2/1 2110/2/1
f 2115/2/1 2111/2/1 2114/2/1
f 2120/2/1 2113/2/1 2112/2/1
f 2121/2/1 2113/2/1 2120/2/1
f 2122/6/1 2117/6/1 2116/6/1
f 2123/6/1 2117/6/1 2122/6/1
f 2124/6/1 2119/6/1 2118/6/1
f 2125/6/1 2119/6/1 2124/6/1
f 2130/2/1 2127/2/1 2126/2/1
f 2131/2/1 2127/2/1 2130/2/1
f 2136/2/1 2129/2/1 2128/2/1
f 2137/2/1 2129/2/1 2136/2/1
f 2138/6/1 2133/6/1 2132/6/1
f 2139/6/1 2133/6/1 2138/6/1
f 2140/6/1 2135/6/1 2134/6/1
f 2141/6/1 2135/6/1 2140/6/1
f 2146/6/1 2143/6/1 2142/6/1
f 2147/6/1 2143/6/1 2146/6/1
f 2148/6/1 2145/6/1 2144/6/1
f 2149/6/1 2145/6/1 2148/6/1
f 2154/3/1 2151/3/1 2150/3/1
f 2155/3/1 2151/3/1 2154/3/1
f 2156/3/1 2153/3/1 2152/3/1
f 2157/3/1 2153/3/1 2156/3/1
f 2158/2/1 2155/2/1 2154/2/1
f 2159/2/1 2155/2/1 2158/2/1
f 2164/2/1 2157/2/1 2156/2/1
f 2165/2/1 2157/2/1 2164/2/1
f 2166/6/1 2161/6/1 2160/6/1
f 2167/6/1 2161/6/1 2166/6/1
f 2168/6/1 2163/6/1 2162/6/1
f 2169/6/1 2163/6/1 2168/6/1
f 2174/3/1 2171/3/1 2170/3/1
f 2175/3/1 2173/3/1 2172/3/1
f 2176/3/1 2171/3/1 2174/3/1
f 2177/3/1 2171/3/1 2176/3/1
f 2178/3/1 2175/3/1 2172/3/1
f 2179/3/1 2175/3/1 2178/3/1
f 2180/2/1 2177/2/1 2176/2/1
f 2181/2/1 2177/2/1 2180/2/1
f 2186/2/1 2179/2/1 2178/2/1
f 2187/2/1 2179/2/1 2186/2/1
f 2188/6/1 2183/6/1 2182/6/1
f 2189/6/1 2183/6/1 2188/6/1
f 2190/6/1 2185/6/1 2184/6/1
f 2191/6/1 2185/6/1 2190/6/1
f 2196/3/1 2193/3/1 2192/3/1
f 2197/3/1 2195/3/1 2194/3/1
f 2198/3/1 2193/3/1 2196/3/1
f 2199/3/1 2193/3/1 2198/3/1
f 2200/3/1 2197/3/1 2194/3/1
f 2201/3/1 2197/3/1 2200/3/1
f 2202/2/1 2199/2/1 2198/2/1
f 2203/2/1 2199/2/1 2202/2/1
f 2208/2/1 2201/2/1 2200/2/1
f 2209/2/1 2201/2/1 2208/2/1
f 2210/6/1 2205/6/1 2204/6/1
f 2211/6/1 2205/6/1 2210/6/1
f 2212/6/1 2207/6/1 2206/6/1
f 2213/6/1 2207/6/1 2212/6/1
f 2218/3/1 2215/3/1 2214/3/1
f 2219/3/1 2217/3/1 2216/3/1
f 2220/3/1 2215/3/1 2218/3/1
f 2221/3/1 2215/3/1 2220/3/1
f 2222/3/1 2219/3/1 2216/3/1
f 2223/3/1 2219/3/1 2222/3/1
f 2224/2/1 2221/2/1 2220/2/1
f 2225/2/1 2221/2/1 2224/2/1
f 2230/2/1 2223/2/1 2222/2/1
f 2231/2/1 2223/2/1 2230/2/1
f 2232/6/1 2227/6/1 2226/6/1
f 2233/6/1 2227/6/1 2232/6/1
f 2234/6/1 2229/6/1 2228/6/1
f 2235/6/1 2229/6/1 2234/6/1
f 2240/3/1 2237/3/1 2236/3/1
f 2241/3/1 2237/3/1 2240/3/1
f 2242/3/1 2239/3/1 2238/3/1
f 2243/3/1 2239/3/1 2242/3/1
f 2244/2/1 2241/2/1 2240/2/1
f 2245/2/1 2241/2/1 2244/2/1
f 2250/2/1 2243/2/1 2242/2/1
f 2251/2/1 2243/2/1 2250/2/1
f 2252/6/1 2247/6/1 2246/6/1
f 2253/6/1 2247/6/1 2252/6/1
f 2254/6/1 2249/6/1 2248/6/1
f 2255/6/1 2249/6/1 2254/6/1
f 2260/3/1 2257/3/1 2256/3/1
f 2261/3/1 2257/3/1 2260/3/1
f 2262/3/1 2259/3/1 2258/3/1
f 2263/3/1 2259/3/1 2262/3/1
f 2264/2/1 2261/2/1 2260/2/1
f 2265/2/1 2261/2/1 2264/2/1
f 2270/2/1 2263/2/1 2262/2/1
f 2271/2/1 2263/2/1 2270/2/1
f 2272/6/1 2267/6/1 2266/6/1
f 2273/6/1 2267/6/1 2272/6/1
f 2274/6/1 2269/6/1 2268/6/1
f 2275/6/1 2269/6/1 2274/6/1
f 2280/3/1 2277/3/1 2276/3/1
f 2281/3/1 2277/3/1 2280/3/1
f 2282/3/1 2279/3/1 2278/3/1
f 2283/3/1 2279/3/1 2282/3/1
f 2284/2/1 2281/2/1 2280/2/1
f 2285/2/1 2283/2/1 2282/2/1
f 2286/2/1 2281/2/1 2284/2/1
f 2287/2/1 2281/2/1 2286/2/1
f 2292/2/1 2285/2/1 2282/2/1
f 2293/2/1 2285/2/1 2292/2/1
f 2294/6/1 2289/6/1 2288/6/1
f 2295/6/1 2289/6/1 2294/6/1
f 2296/6/1 2291/6/1 2290/6/1
f 2297/6/1 2291/6/1 2296/6/1
f 2302/3/1 2299/3/1 2298/3/1
f 2303/3/1 2299/3/1 2302/3/1
f 2304/3/1 2301/3/1 2300/3/1
f 2305/3/1 2301/3/1 2304/3/1
f 2306/2/1 2303/2/1 2302/2/1
f 2307/2/1 2305/2/1 2304/2/1
f 2308/2/1 2303/2/1 2306/2/1
f 2309/2/1 2303/2/1 2308/2/1
f 2314/2/1 2307/2/1 2304/2/1
f 2315/2/1 2307/2/1 2314/2/1
f 2316/6/1 2311/6/1 2310/6/1
f 2317/6/1 2311/6/1 2316/6/1
f 2318/6/1 2313/6/1 2312/6/1
f 2319/6/1 2313/6/1 2318/6/1
f 2324/3/1 2321/3/1 2320/3/1
f 2325/3/1 2321/3/1 2324/3/1
f 2326/3/1 2323/3/1 2322/3/1
f 2327/3/1 2323/3/1 2326/3/1
f 2328/2/1 2325/2/1 2324/2/1
f 2329/2/1 2327/2/1 2326/2/1
f 2330/2/1 2325/2/1 2328/2/1
f 2331/2/1 2325/2/1 2330/2/1
f 2336/2/1 2329/2/1 2326/2/1
f 2337/2/1 2329/2/1 2336/2/1
f 2338/6/1 2333/6/1 2332/6/1
f 2339/6/1 2333/6/1 2338/6/1
f 2340/6/1 2335/6/1 2334/6/1
f 2341/6/1 2335/6/1 2340/6/1
f 2346/2/1 2343/2/1 2342/2/1
f 2347/2/1 2345/2/1 2344/2/1
f 2348/2/1 2343/2/1 2346/2/1
f 2349/2/1 2343/2/1 2348/2/1
f 2354/2/1 2347/2/1 2344/2/1
f 2355/2/1 2347/2/1 2354/2/1
f 2356/6/1 2351/6/1 2350/6/1
f 2357/6/1 2351/6/1 2356/6/1
f 2358/6/1 2353/6/1 2352/6/1
f 2359/6/1 2353/6/1 2358/6/1
f 2364/2/1 2361/2/1 2360/2/1
f 2365/2/1 2361/2/1 2364/2/1
f 2370/2/1 2363/2/1 2362/2/1
f 2371/2/1 2363/2/1 2370/2/1
f 2372/6/1 2367/6/1 2366/6/1
f 2373/6/1 2367/6/1 2372/6/1
f 2374/6/1 2369/6/1 2368/6/1
f 2375/6/1 2369/6/1 2374/6/1
f 2380/2/1 2377/2/1 2376/2/1
f 2381/2/1 2377/2/1 2380/2/1
f 2386/2/1 2379/2/1 2378/2/1
f 2387/2/1 2379/2/1 2386/2/1
f 2388/6/1 2383/6/1 2382/6/1
f 2389/6/1 2383/6/1 2388/6/1
f 2390/6/1 2385/6/1 2384/6/1
f 2391/6/1 2385/6/1 2390/6/1
f 2396/2/1 2393/2/1 2392/2/1
f 2397/2/1 2393/2/1 2396/2/1
f 2402/2/1 2395/2/1 2394/2/1
f 2403/2/1 2395/2/1 2402/2/1
f 2404/6/1 2399/6/1 2398/6/1
f 2405/6/1 2399/6/1 2404/6/1
f 2406/6/1 2401/6/1 2400/6/1
f 2407/6/1 2401/6/1 2406/6/1
f 2412/2/1 2409/2/1 2408/2/1
f 2413/2/1 2409/2/1 2412/2/1
f 2418/2/1 2411/2/1 2410/2/1
f 2419/2/1 2411/2/1 2418/2/1
f 2420/6/1 2415/6/1 2414/6/1
f 2421/6/1 2415/6/1 2420/6/1
f 2422/6/1 2417/6/1 2416/6/1
f 2423/6/1 2417/6/1 2422/6/1
f 2428/2/1 2425/2/1 2424/2/1
f 2429/2/1 2425/2/1 2428/2/1
f 2434/2/1 2427/2/1 2426/2/1
f 2435/2/1 2427/2/1 2434/2/1
f 2436/6/1 2431/6/1 2430/6/1
f 2437/6/1 2431/6/1 2436/6/1
f 2438/6/1 2433/6/1 2432/6/1
f 2439/6/1 2433/6/1 2438/6/1
f 2444/2/1 2441/2/1 2440/2/1
f 2445/2/1 2441/2/1 2444/2/1
f 2450/2/1 2443/2/1 2442/2/1
f 2451/2/1 2443/2/1 2450/2/1
f 2452/6/1 2447/6/1 2446/6/1
f 2453/6/1 2447/6/1 2452/6/1
f 2454/6/1 2449/6/1 2448/6/1
f 2455/6/1 2449/6/1 2454/6/1
f 2460/2/1 2457/2/1 2456/2/1
f 2461/2/1 2457/2/1 2460/2/1
f 2466/2/1 2459/2/1 2458/2/1
f 2467/2/1 2459/2/1 2466/2/1
f 2468/6/1 2463/6/1 2462/6/1
f 2469/6/1 2463/6/1 2468/6/1
f 2470/6/1 2465/6/1 2464/6/1
f 2471/6/1 2465/6/1 2470/6/1
f 2476/2/1 2473/2/1 2472/2/1
f 2477/2/1 2473/2/1 2476/2/1
f 2482/2/1 2475/2/1 2474/2/1
f 2483/2/1 2475/2/1 2482/2/1
f 2484/6/1 2479/6/1 2478/6/1
f 2485/6/1 2479/6/1 2484/6/1
f 2486/6/1 2481/6/1 2480/6/1
f 2487/6/1 2481/6/1 2486/6/1
f 2492/2/1 2489/2/1 2488/2/1
f 2493/2/1 2489/2/1 2492/2/1
f 2496/2/1 2491/2/1 2490/2/1
f 2497/2/1 2491/2/1 2496/2/1
f 2498/6/1 2495/6/1 2494/6/1
f 2499/6/1 2495/6/1 2498/6/1
f 2504/2/1 2501/2/1 2500/2/1
f 2505/2/1 2501/2/1 2504/2/1
f 2506/2/1 2503/2/1 2502/2/1
f 2507/2/1 2503/2/1 2506/2/1
f 2512/2/1 2509/2/1 2508/2/1
f 2513/2/1 2509/2/1 2512/2/1
f 2514/2/1 2511/2/1 2510/2/1
f 2515/2/1 2511/2/1 2514/2/1
f 2520/2/1 2517/2/1 2516/2/1
f 2521/2/1 2517/2/1 2520/2/1
f 2522/2/1 2519/2/1 2518/2/1
f 2523/2/1 2519/2/1 2522/2/1
f 2528/2/1 2525/2/1 2524/2/1
f 2529/2/1 2525/2/1 2528/2/1
f 2530/2/1 2527/2/1 2526/2/1
f 2531/2/1 2527/2/1 2530/2/1
f 2536/2/1 2533/2/1 2532/2/1
f 2537/2/1 2533/2/1 2536/2/1
f 2538/2/1 2535/2/1 2534/2/1
f 2539/2/1 2535/2/1 2538/2/1
f 2544/2/1 2541/2/1 2540/2/1
f 2545/2/1 2541/2/1 2544/2/1
f 2546/2/1 2543/2/1 2542/2/1
f 2547/2/1 2543/2/1 2546/2/1
f 2552/2/1 2549/2/1 2548/2/1
f 2553/2/1 2549/2/1 2552/2/1
f 2554/2/1 2551/2/1 2550/2/1
f 2555/2/1 2551/2/1 2554/2/1
f 2560/2/1 2557/2/1 2556/2/1
f 2561/2/1 2557/2/1 2560/2/1
f 2562/2/1 2559/2/1 2558/2/1
f 2563/2/1 2559/2/1 2562/2/1
f 2568/2/1 2565/2/1 2564/2/1
f 2569/2/1 2565/2/1 2568/2/1
f 2570/2/1 2567/2/1 2566/2/1
f 2571/2/1 2567/2/1 2570/2/1
f 2576/2/1 2573/2/1 2572/2/1
f 2577/2/1 2573/2/1 2576/2/1
f 2578/2/1 2575/2/1 2574/2/1
f 2579/2/1 2575/2/1 2578/2/1
f 2584/2/1 2581/2/1 2580/2/1
f 2585/2/1 2581/2/1 2584/2/1
f 2586/2/1 2583/2/1 2582/2/1
f 2587/2/1 2583/2/1 2586/2/1
f 2592/2/1 2589/2/1 2588/2/1
f 2592/3/1 2590/3/1 2589/3/1
f 2593/3/1 2590/3/1 2592/3/1
f 2594/3/1 2590/3/1 2593/3/1
f 2595/2/1 2591/2/1 2590/2/1
f 2595/3/1 2590/3/1 2594/3/1
f 2596/3/1 2594/3/1 2593/3/1
f 2596/2/1 2593/2/1 2592/2/1
f 2597/3/1 2594/3/1 2596/3/1
f 2598/3/1 2594/3/1 2597/3/1
f 2599/2/1 2595/2/1 2594/2/1
f 2599/3/1 2594/3/1 2598/3/1
f 2600/3/1 2598/3/1 2597/3/1
f 2600/2/1 2597/2/1 2596/2/1
f 2601/3/1 2598/3/1 2600/3/1
f 2602/3/1 2598/3/1 2601/3/1
f 2603/2/1 2599/2/1 2598/2/1
f 2603/3/1 2598/3/1 2602/3/1
f 2604/3/1 2602/3/1 2601/3/1
f 2604/2/1 2601/2/1 2600/2/1
f 2605/2/1 2603/2/1 2602/2/1
f 2605/3/1 2602/3/1 2604/3/1
f 2606/2/1 2592/2/1 2588/2/1
f 2606/2/1 2596/2/1 2592/2/1
f 2606/2/1 2605/2/1 2604/2/1
f 2606/2/1 2604/2/1 2600/2/1
f 2606/2/1 2600/2/1 2596/2/1
f 2607/2/1 2591/2/1 2595/2/1
f 2607/2/1 2605/2/1 2606/2/1
f 2607/2/1 2603/2/1 2605/2/1
f 2607/2/1 2599/2/1 2603/2/1
f 2607/2/1 2595/2/1 2599/2/1
f 2608/1/2 2609/1/2 2612/1/2
f 2612/1/2 2609/1/2 2613/1/2
f 2610/1/2 2611/1/2 2614/1/2
f 2614/1/2 2611/1/2 2615/1/2
f 2616/1/2 2617/1/2 2620/1/2
f 2620/1/2 2617/1/2 2621/1/2
f 2618/1/2 2619/1/2 2626/1/2
f 2626/1/2 2619/1/2 2627/1/2
f 2622/1/2 2623/1/2 2628/1/2
f 2628/1/2 2623/1/2 2629/1/2
f 2624/1/2 2625/1/2 2630/1/2
f 2630/1/2 2625/1/2 2631/1/2
f 2632/1/2 2633/1/2 2636/1/2
f 2636/1/2 2633/1/2 2637/1/2
f 2634/1/2 2635/1/2 2640/1/2
f 2640/1/2 2635/1/2 2641/1/2
f 2637/1/2 2638/1/2 2642/1/2
f 2642/1/2 2638/1/2 2643/1/2
f 2639/1/2 2640/1/2 2646/1/2
f 2646/1/2 2640/1/2 2647/1/2
f 2643/1/2 2644/1/2 2648/1/2
f 2648/1/2 2644/1/2 2649/1/2
f 2645/1/2 2646/1/2 2650/1/2
f 2650/1/2 2646/1/2 2651/1/2
f 2649/1/2 2650/1/2 2652/1/2
f 2652/1/2 2650/1/2 2653/1/2
f 2653/1/2 2650/1/2 2654/1/2
f 2654/1/2 2650/1/2 2655/1/2
f 2653/1/2 2654/1/2 2657/1/2
f 2657/1/2 2654/1/2 2658/1/2
f 2656/1/2 2657/1/2 2661/1/2
f 2658/1/2 2659/1/2 2661/1/2
f 2657/1/2 2658/1/2 2661/1/2
f 2661/1/2 2659/1/2 2662/1/2
f 2660/1/2 2661/1/2 2665/1/2
f 2665/1/2 2661/1/2 2666/1/2
f 2662/1/2 2663/1/2 2667/1/2
f 2667/1/2 2663/1/2 2668/1/2
f 2664/1/2 2665/1/2 2671/1/2
f 2671/1/2 2665/1/2 2672/1/2
f 2668/1/2 2669/1/2 2673/1/2
f 2673/1/2 2669/1/2 2674/1/2
f 2670/1/2 2671/1/2 2676/1/2
f 2676/1/2 2671/1/2 2677/1/2
f 2674/1/2 2675/1/2 2682/1/2
f 2682/1/2 2675/1/2 2683/1/2
f 2678/1/2 2679/1/2 2684/1/2
f 2684/1/2 2679/1/2 2685/1/2
f 2680/1/2 2681/1/2 2688/1/2
f 2688/1/2 2681/1/2 2689/1/2
f 2686/1/2 2687/1/2 2690/1/2
f 2690/1/2 2687/1/2 2691/1/2
f 2692/1/2 2693/1/2 2696/1/2
f 2696/1/2 2693/1/2 2697/1/2
f 2694/1/2 2695/1/2 2700/1/2
f 2700/1/2 2695/1/2 2701/1/2
f 2697/1/2 2698/1/2 2702/1/2
f 2702/1/2 2698/1/2 2703/1/2
f 2699/1/2 2700/1/2 2704/1/2
f 2704/1/2 2700/1/2 2705/1/2
f 2703/1/2 2704/1/2 2706/1/2
f 2706/1/2 2704/1/2 2707/1/2
f 2708/1/2 2709/1/2 2711/1/2
f 2711/1/2 2709/1/2 2712/1/2
f 2710/1/2 2711/1/2 2715/1/2
f 2715/1/2 2711/1/2 2716/1/2
f 2712/1/2 2713/1/2 2717/1/2
f 2717/1/2 2713/1/2 2718/1/2
f 2714/1/2 2715/1/2 2720/1/2
f 2720/1/2 2715/1/2 2721/1/2
f 2718/1/2 2719/1/2 2726/1/2
f 2726/1/2 2719/1/2 2727/1/2
f 2722/1/2 2723/1/2 2728/1/2
f 2728/1/2 2723/1/2 2729/1/2
f 2724/1/2 2725/1/2 2730/1/2
f 2730/1/2 2725/1/2 2731/1/2
f 2732/1/2 2733/1/2 2736/1/2
f 2736/1/2 2733/1/2 2737/1/2
f 2734/1/2 2735/1/2 2738/1/2
f 2738/1/2 2735/1/2 2739/1/2
f 2737/1/2 2738/1/2 2740/1/2
f 2740/1/2 2738/1/2 2741/1/2
f 2742/1/2 2743/1/2 2745/1/2
f 2745/1/2 2743/1/2 2746/1/2
f 2744/1/2 2745/1/2 2748/1/2
f 2748/1/2 2745/1/2 2749/1/2
f 2746/1/2 2747/1/2 2752/1/2
f 2752/1/2 2747/1/2 2753/1/2
f 2750/1/2 2751/1/2 2754/1/2
f 2754/1/2 2751/1/2 2755/1/2
f 2756/1/2 2757/1/2 2758/1/2
f 2758/1/2 2757/1/2 2759/1/2
f 2760/1/2 2761/1/2 2762/1/2
f 2762/1/2 2761/1/2 2763/1/2
f 2764/2/2 2765/2/2 2768/2/2
f 2765/3/2 2766/3/2 2768/3/2
f 2768/3/2 2766/3/2 2769/3/2
f 2769/3/2 2766/3/2 2770/3/2
f 2766/2/2 2767/2/2 2771/2/2
f 2770/3/2 2766/3/2 2771/3/2
f 2769/3/2 2770/3/2 2772/3/2
f 2768/2/2 2769/2/2 2772/2/2
f 2772/3/2 2770/3/2 2773/3/2
f 2773/3/2 2770/3/2 2774/3/2
f 2770/2/2 2771/2/2 2775/2/2
f 2774/3/2 2770/3/2 2775/3/2
f 2773/3/2 2774/3/2 2776/3/2
f 2772/2/2 2773/2/2 2776/2/2
f 2776/3/2 2774/3/2 2777/3/2
f 2777/3/2 2774/3/2 2778/3/2
f 2774/2/2 2775/2/2 2779/2/2
f 2778/3/2 2774/3/2 2779/3/2
f 2777/3/2 2778/3/2 2780/3/2
f 2776/2/2 2777/2/2 2780/2/2
f 2778/2/2 2779/2/2 2781/2/2
f 2780/3/2 2778/3/2 2781/3/2
f 2764/2/2 2768/2/2 2782/2/2
f 2768/2/2 2772/2/2 2782/2/2
f 2780/2/2 2781/2/2 2782/2/2
f 2776/2/2 2780/2/2 2782/2/2
f 2772/2/2 2776/2/2 2782/2/2
f 2771/2/2 2767/2/2 2783/2/2
f 2782/2/2 2781/2/2 2783/2/2
f 2781/2/2 2779/2/2 2783/2/2
f 2779/2/2 2775/2/2 2783/2/2
f 2775/2/2 2771/2/2 2783/2/2
f 2784/2/2 2785/2/2 2788/2/2
f 2788/2/2 2785/2/2 2789/2/2
f 2786/2/2 2787/2/2 2790/2/2
f 2790/2/2 2787/2/2 2791/2/2
f 2792/2/2 2793/2/2 2796/2/2
f 2796/2/2 2793/2/2 2797/2/2
f 2794/2/2 2795/2/2 2798/2/2
f 2798/2/2 2795/2/2 2799/2/2
f 2800/2/2 2801/2/2 2804/2/2
f 2804/2/2 2801/2/2 2805/2/2
f 2802/2/2 2803/2/2 2806/2/2
f 2806/2/2 2803/2/2 2807/2/2
f 2808/2/2 2809/2/2 2812/2/2
f 2812/2/2 2809/2/2 2813/2/2
f 2810/2/2 2811/2/2 2814/2/2
f 2814/2/2 2811/2/2 2815/2/2
f 2816/2/2 2817/2/2 2820/2/2
f 2820/2/2 2817/2/2 2821/2/2
f 2818/2/2 2819/2/2 2822/2/2
f 2822/2/2 2819/2/2 2823/2/2
f 2824/2/2 2825/2/2 2828/2/2
f 2828/2/2 2825/2/2 2829/2/2
f 2826/2/2 2827/2/2 2830/2/2
f 2830/2/2 2827/2/2 2831/2/2
f 2832/2/2 2833/2/2 2836/2/2
f 2836/2/2 2833/2/2 2837/2/2
f 2834/2/2 2835/2/2 2838/2/2
f 2838/2/2 2835/2/2 2839/2/2
f 2840/2/2 2841/2/2 2844/2/2
f 2844/2/2 2841/2/2 2845/2/2
f 2842/2/2 2843/2/2 2846/2/2
f 2846/2/2 2843/2/2 2847/2/2
f 2848/2/2 2849/2/2 2852/2/2
f 2852/2/2 2849/2/2 2853/2/2
f 2850/2/2 2851/2/2 2854/2/2
f 2854/2/2 2851/2/2 2855/2/2
f 2856/2/2 2857/2/2 2860/2/2
f 2860/2/2 2857/2/2 2861/2/2
f 2858/2/2 2859/2/2 2862/2/2
f 2862/2/2 2859/2/2 2863/2/2
f 2864/2/2 2865/2/2 2868/2/2
f 2868/2/2 2865/2/2 2869/2/2
f 2866/2/2 2867/2/2 2870/2/2
f 2870/2/2 2867/2/2 2871/2/2
f 2872/2/2 2873/2/2 2876/2/2
f 2876/2/2 2873/2/2 2877/2/2
f 2874/2/2 2875/2/2 2880/2/2
f 2880/2/2 2875/2/2 2881/2/2
f 2878/6/2 2879/6/2 2882/6/2
f 2882/6/2 2879/6/2 2883/6/2
f 2884/2/2 2885/2/2 2888/2/2
f 2888/2/2 2885/2/2 2889/2/2
f 2886/2/2 2887/2/2 2894/2/2
f 2894/2/2 2887/2/2 2895/2/2
f 2890/6/2 2891/6/2 2896/6/2
f 2896/6/2 2891/6/2 2897/6/2
f 2892/6/2 2893/6/2 2898/6/2
f 2898/6/2 2893/6/2 2899/6/2
f 2900/2/2 2901/2/2 2904/2/2
f 2904/2/2 2901/2/2 2905/2/2
f 2902/2/2 2903/2/2 2910/2/2
f 2910/2/2 2903/2/2 2911/2/2
f 2906/6/2 2907/6/2 2912/6/2
f 2912/6/2 2907/6/2 2913/6/2
f 2908/6/2 2909/6/2 2914/6/2
f 2914/6/2 2909/6/2 2915/6/2
f 2916/2/2 2917/2/2 2920/2/2
f 2920/2/2 2917/2/2 2921/2/2
f 2918/2/2 2919/2/2 2926/2/2
f 2926/2/2 2919/2/2 2927/2/2
f 2922/6/2 2923/6/2 2928/6/2
f 2928/6/2 2923/6/2 2929/6/2
f 2924/6/2 2925/6/2 2930/6/2
f 2930/6/2 2925/6/2 2931/6/2
f 2932/2/2 2933/2/2 2936/2/2
f 2936/2/2 2933/2/2 2937/2/2
f 2934/2/2 2935/2/2 2942/2/2
f 2942/2/2 2935/2/2 2943/2/2
f 2938/6/2 2939/6/2 2944/6/2
f 2944/6/2 2939/6/2 2945/6/2
f 2940/6/2 2941/6/2 2946/6/2
f 2946/6/2 2941/6/2 2947/6/2
f 2948/2/2 2949/2/2 2952/2/2
f 2952/2/2 2949/2/2 2953/2/2
f 2950/2/2 2951/2/2 2958/2/2
f 2958/2/2 2951/2/2 2959/2/2
f 2954/6/2 2955/6/2 2960/6/2
f 2960/6/2 2955/6/2 2961/6/2
f 2956/6/2 2957/6/2 2962/6/2
f 2962/6/2 2957/6/2 2963/6/2
f 2964/2/2 2965/2/2 2968/2/2
f 2968/2/2 2965/2/2 2969/2/2
f 2966/2/2 2967/2/2 2974/2/2
f 2974/2/2 2967/2/2 2975/2/2
f 2970/6/2 2971/6/2 2976/6/2
f 2976/6/2 2971/6/2 2977/6/2
f 2972/6/2 2973/6/2 2978/6/2
f 2978/6/2 2973/6/2 2979/6/2
f 2980/2/2 2981/2/2 2984/2/2
f 2984/2/2 2981/2/2 2985/2/2
f 2982/2/2 2983/2/2 2990/2/2
f 2990/2/2 2983/2/2 2991/2/2
f 2986/6/2 2987/6/2 2992/6/2
f 2992/6/2 2987/6/2 2993/6/2
f 2988/6/2 2989/6/2 2994/6/2
f 2994/6/2 2989/6/2 2995/6/2
f 2996/2/2 2997/2/2 3000/2/2
f 3000/2/2 2997/2/2 3001/2/2
f 2998/2/2 2999/2/2 3006/2/2
f 3006/2/2 2999/2/2 3007/2/2
f 3002/6/2 3003/6/2 3008/6/2
f 3008/6/2 3003/6/2 3009/6/2
f 3004/6/2 3005/6/2 3010/6/2
f 3010/6/2 3005/6/2 3011/6/2
f 3012/2/2 3013/2/2 3016/2/2
f 3014/2/2 3015/2/2 3017/2/2
f 3016/2/2 3013/2/2 3018/2/2
f 3018/2/2 3013/2/2 3019/2/2
f 3014/2/2 3017/2/2 3024/2/2
f 3024/2/2 3017/2/2 3025/2/2
f 3020/6/2 3021/6/2 3026/6/2
f 3026/6/2 3021/6/2 3027/6/2
f 3022/6/2 3023/6/2 3028/6/2
f 3028/6/2 3023/6/2 3029/6/2
f 3030/3/2 3031/3/2 3034/3/2
f 3034/3/2 3031/3/2 3035/3/2
f 3032/3/2 3033/3/2 3036/3/2
f 3036/3/2 3033/3/2 3037/3/2
f 3034/2/2 3035/2/2 3038/2/2
f 3036/2/2 3037/2/2 3039/2/2
f 3038/2/2 3035/2/2 3040/2/2
f 3040/2/2 3035/2/2 3041/2/2
f 3036/2/2 3039/2/2 3046/2/2
f 3046/2/2 3039/2/2 3047/2/2
f 3042/6/2 3043/6/2 3048/6/2
f 3048/6/2 3043/6/2 3049/6/2
f 3044/6/2 3045/6/2 3050/6/2
f 3050/6/2 3045/6/2 3051/6/2
f 3052/3/2 3053/3/2 3056/3/2
f 3056/3/2 3053/3/2 3057/3/2
f 3054/3/2 3055/3/2 3058/3/2
f 3058/3/2 3055/3/2 3059/3/2
f 3056/2/2 3057/2/2 3060/2/2
f 3058/2/2 3059/2/2 3061/2/2
f 3060/2/2 3057/2/2 3062/2/2
f 3062/2/2 3057/2/2 3063/2/2
f 3058/2/2 3061/2/2 3068/2/2
f 3068/2/2 3061/2/2 3069/2/2
f 3064/6/2 3065/6/2 3070/6/2
f 3070/6/2 3065/6/2 3071/6/2
f 3066/6/2 3067/6/2 3072/6/2
f 3072/6/2 3067/6/2 3073/6/2
f 3074/3/2 3075/3/2 3078/3/2
f 3078/3/2 3075/3/2 3079/3/2
f 3076/3/2 3077/3/2 3080/3/2
f 3080/3/2 3077/3/2 3081/3/2
f 3078/2/2 3079/2/2 3082/2/2
f 3080/2/2 3081/2/2 3083/2/2
f 3082/2/2 3079/2/2 3084/2/2
f 3084/2/2 3079/2/2 3085/2/2
f 3080/2/2 3083/2/2 3090/2/2
f 3090/2/2 3083/2/2 3091/2/2
f 3086/6/2 3087/6/2 3092/6/2
f 3092/6/2 3087/6/2 3093/6/2
f 3088/6/2 3089/6/2 3094/6/2
f 3094/6/2 3089/6/2 3095/6/2
f 3096/3/2 3097/3/2 3100/3/2
f 3100/3/2 3097/3/2 3101/3/2
f 3098/3/2 3099/3/2 3102/3/2
f 3102/3/2 3099/3/2 3103/3/2
f 3100/2/2 3101/2/2 3104/2/2
f 3104/2/2 3101/2/2 3105/2/2
f 3102/2/2 3103/2/2 3110/2/2
f 3110/2/2 3103/2/2 3111/2/2
f 3106/6/2 3107/6/2 3112/6/2
f 3112/6/2 3107/6/2 3113/6/2
f 3108/6/2 3109/6/2 3114/6/2
f 3114/6/2 3109/6/2 3115/6/2
f 3116/3/2 3117/3/2 3120/3/2
f 3120/3/2 3117/3/2 3121/3/2
f 3118/3/2 3119/3/2 3122/3/2
f 3122/3/2 3119/3/2 3123/3/2
f 3120/2/2 3121/2/2 3124/2/2
f 3124/2/2 3121/2/2 3125/2/2
f 3122/2/2 3123/2/2 3130/2/2
f 3130/2/2 3123/2/2 3131/2/2
f 3126/6/2 3127/6/2 3132/6/2
f 3132/6/2 3127/6/2 3133/6/2
f 3128/6/2 3129/6/2 3134/6/2
f 3134/6/2 3129/6/2 3135/6/2
f 3136/3/2 3137/3/2 3140/3/2
f 3138/3/2 3139/3/2 3141/3/2
f 3140/3/2 3137/3/2 3142/3/2
f 3142/3/2 3137/3/2 3143/3/2
f 3138/3/2 3141/3/2 3144/3/2
f 3144/3/2 3141/3/2 3145/3/2
f 3142/2/2 3143/2/2 3146/2/2
f 3146/2/2 3143/2/2 3147/2/2
f 3144/2/2 3145/2/2 3152/2/2
f 3152/2/2 3145/2/2 3153/2/2
f 3148/6/2 3149/6/2 3154/6/2
f 3154/6/2 3149/6/2 3155/6/2
f 3150/6/2 3151/6/2 3156/6/2
f 3156/6/2 3151/6/2 3157/6/2
f 3158/3/2 3159/3/2 3162/3/2
f 3160/3/2 3161/3/2 3163/3/2
f 3162/3/2 3159/3/2 3164/3/2
f 3164/3/2 3159/3/2 3165/3/2
f 3160/3/2 3163/3/2 3166/3/2
f 3166/3/2 3163/3/2 3167/3/2
f 3164/2/2 3165/2/2 3168/2/2
f 3168/2/2 3165/2/2 3169/2/2
f 3166/2/2 3167/2/2 3174/2/2
f 3174/2/2 3167/2/2 3175/2/2
f 3170/6/2 3171/6/2 3176/6/2
f 3176/6/2 3171/6/2 3177/6/2
f 3172/6/2 3173/6/2 3178/6/2
f 3178/6/2 3173/6/2 3179/6/2
f 3180/3/2 3181/3/2 3184/3/2
f 3182/3/2 3183/3/2 3185/3/2
f 3184/3/2 3181/3/2 3186/3/2
f 3186/3/2 3181/3/2 3187/3/2
f 3182/3/2 3185/3/2 3188/3/2
f 3188/3/2 3185/3/2 3189/3/2
f 3186/2/2 3187/2/2 3190/2/2
f 3190/2/2 3187/2/2 3191/2/2
f 3188/2/2 3189/2/2 3196/2/2
f 3196/2/2 3189/2/2 3197/2/2
f 3192/6/2 3193/6/2 3198/6/2
f 3198/6/2 3193/6/2 3199/6/2
f 3194/6/2 3195/6/2 3200/6/2
f 3200/6/2 3195/6/2 3201/6/2
f 3202/3/2 3203/3/2 3206/3/2
f 3206/3/2 3203/3/2 3207/3/2
f 3204/3/2 3205/3/2 3208/3/2
f 3208/3/2 3205/3/2 3209/3/2
f 3206/2/2 3207/2/2 3210/2/2
f 3210/2/2 3207/2/2 3211/2/2
f 3208/2/2 3209/2/2 3216/2/2
f 3216/2/2 3209/2/2 3217/2/2
f 3212/6/2 3213/6/2 3218/6/2
f 3218/6/2 3213/6/2 3219/6/2
f 3214/6/2 3215/6/2 3220/6/2
f 3220/6/2 3215/6/2 3221/6/2
f 3222/6/2 3223/6/2 3226/6/2
f 3226/6/2 3223/6/2 3227/6/2
f 3224/6/2 3225/6/2 3228/6/2
f 3228/6/2 3225/6/2 3229/6/2
f 3230/2/2 3231/2/2 3234/2/2
f 3234/2/2 3231/2/2 3235/2/2
f 3232/2/2 3233/2/2 3240/2/2
f 3240/2/2 3233/2/2 3241/2/2
f 3236/6/2 3237/6/2 3242/6/2
f 3242/6/2 3237/6/2 3243/6/2
f 3238/6/2 3239/6/2 3244/6/2
f 3244/6/2 3239/6/2 3245/6/2
f 3246/2/2 3247/2/2 3250/2/2
f 3250/2/2 3247/2/2 3251/2/2
f 3248/2/2 3249/2/2 3256/2/2
f 3256/2/2 3249/2/2 3257/2/2
f 3252/6/2 3253/6/2 3258/6/2
f 3258/6/2 3253/6/2 3259/6/2
f 3254/6/2 3255/6/2 3260/6/2
f 3260/6/2 3255/6/2 3261/6/2
f 3266/1/2 3267/1/2 3270/1/2
f 3270/1/2 3267/1/2 3271/1/2
f 3268/1/2 3269/1/2 3272/1/2
f 3272/1/2 3269/1/2 3273/1/2
f 3274/1/2 3275/1/2 3278/1/2
f 3278/1/2 3275/1/2 3279/1/2
f 3276/1/2 3277/1/2 3284/1/2
f 3284/1/2 3277/1/2 3285/1/2
f 3280/1/2 3281/1/2 3286/1/2
f 3286/1/2 3281/1/2 3287/1/2
f 3282/1/2 3283/1/2 3288/1/2
f 3288/1/2 3283/1/2 3289/1/2
f 3262/2/2 3263/2/2 3290/2/2
f 3290/2/2 3263/2/2 3291/2/2
f 3264/2/2 3265/2/2 3296/2/2
f 3296/2/2 3265/2/2 3297/2/2
f 3292/6/2 3293/6/2 3298/6/2
f 3298/6/2 3293/6/2 3299/6/2
f 3294/6/2 3295/6/2 3300/6/2
f 3300/6/2 3295/6/2 3301/6/2
f 3304/1/2 3305/1/2 3310/1/2
f 3310/1/2 3305/1/2 3311/1/2
f 3306/1/2 3307/1/2 3314/1/2
f 3314/1/2 3307/1/2 3315/1/2
f 3311/1/2 3312/1/2 3316/1/2
f 3316/1/2 3312/1/2 3317/1/2
f 3313/1/2 3314/1/2 3320/1/2
f 3320/1/2 3314/1/2 3321/1/2
f 3317/1/2 3318/1/2 3322/1/2
f 3322/1/2 3318/1/2 3323/1/2
f 3319/1/2 3320/1/2 3324/1/2
f 3324/1/2 3320/1/2 3325/1/2
f 3323/1/2 3324/1/2 3326/1/2
f 3326/1/2 3324/1/2 3327/1/2
f 3327/1/2 3324/1/2 3328/1/2
f 3328/1/2 3324/1/2 3329/1/2
f 3327/1/2 3328/1/2 3331/1/2
f 3331/1/2 3328/1/2 3332/1/2
f 3330/1/2 3331/1/2 3335/1/2
f 3332/1/2 3333/1/2 3335/1/2
f 3331/1/2 3332/1/2 3335/1/2
f 3335/1/2 3333/1/2 3336/1/2
f 3334/1/2 3335/1/2 3339/1/2
f 3339/1/2 3335/1/2 3340/1/2
f 3336/1/2 3337/1/2 3341/1/2
f 3341/1/2 3337/1/2 3342/1/2
f 3338/1/2 3339/1/2 3345/1/2
f 3345/1/2 3339/1/2 3346/1/2
f 3342/1/2 3343/1/2 3347/1/2
f 3347/1/2 3343/1/2 3348/1/2
f 3344/1/2 3345/1/2 3350/1/2
f 3350/1/2 3345/1/2 3351/1/2
f 3348/1/2 3349/1/2 3356/1/2
f 3356/1/2 3349/1/2 3357/1/2
f 3352/1/2 3353/1/2 3358/1/2
f 3358/1/2 3353/1/2 3359/1/2
f 3354/1/2 3355/1/2 3362/1/2
f 3362/1/2 3355/1/2 3363/1/2
f 3360/1/2 3361/1/2 3364/1/2
f 3364/1/2 3361/1/2 3365/1/2
f 3302/2/2 3303/2/2 3366/2/2
f 3366/2/2 3303/2/2 3367/2/2
f 3308/2/2 3309/2/2 3372/2/2
f 3372/2/2 3309/2/2 3373/2/2
f 3368/6/2 3369/6/2 3374/6/2
f 3374/6/2 3369/6/2 3375/6/2
f 3370/6/2 3371/6/2 3376/6/2
f 3376/6/2 3371/6/2 3377/6/2
f 3378/1/2 3379/1/2 3382/1/2
f 3382/1/2 3379/1/2 3383/1/2
f 3380/1/2 3381/1/2 3386/1/2
f 3386/1/2 3381/1/2 3387/1/2
f 3383/1/2 3384/1/2 3388/1/2
f 3388/1/2 3384/1/2 3389/1/2
f 3385/1/2 3386/1/2 3390/1/2
f 3390/1/2 3386/1/2 3391/1/2
f 3389/1/2 3390/1/2 3392/1/2
f 3392/1/2 3390/1/2 3393/1/2
f 3394/1/2 3395/1/2 3397/1/2
f 3397/1/2 3395/1/2 3398/1/2
f 3396/1/2 3397/1/2 3401/1/2
f 3401/1/2 3397/1/2 3402/1/2
f 3398/1/2 3399/1/2 3403/1/2
f 3403/1/2 3399/1/2 3404/1/2
f 3400/1/2 3401/1/2 3406/1/2
f 3406/1/2 3401/1/2 3407/1/2
f 3404/1/2 3405/1/2 3412/1/2
f 3412/1/2 3405/1/2 3413/1/2
f 3408/1/2 3409/1/2 3414/1/2
f 3414/1/2 3409/1/2 3415/1/2
f 3410/1/2 3411/1/2 3416/1/2
f 3416/1/2 3411/1/2 3417/1/2
f 3418/5/2 3419/5/2 3424/5/2
f 3424/5/2 3419/5/2 3425/5/2
f 3425/5/2 3419/5/2 3426/5/2
f 3420/5/2 3421/5/2 3427/5/2
f 3427/5/2 3421/5/2 3428/5/2
f 3428/5/2 3421/5/2 3429/5/2
f 3425/1/2 3426/1/2 3432/1/2
f 3432/1/2 3426/1/2 3433/1/2
f 3427/1/2 3428/1/2 3434/1/2
f 3434/1/2 3428/1/2 3435/1/2
f 3433/1/2 3434/1/2 3436/1/2
f 3436/1/2 3434/1/2 3437/1/2
f 3438/1/2 3439/1/2 3441/1/2
f 3441/1/2 3439/1/2 3442/1/2
f 3440/1/2 3441/1/2 3444/1/2
f 3444/1/2 3441/1/2 3445/1/2
f 3442/1/2 3443/1/2 3448/1/2
f 3448/1/2 3443/1/2 3449/1/2
f 3446/1/2 3447/1/2 3450/1/2
f 3450/1/2 3447/1/2 3451/1/2
f 3422/2/2 3423/2/2 3452/2/2
f 3452/2/2 3423/2/2 3453/2/2
f 3430/2/2 3431/2/2 3458/2/2
f 3458/2/2 3431/2/2 3459/2/2
f 3454/6/2 3455/6/2 3460/6/2
f 3460/6/2 3455/6/2 3461/6/2
f 3456/6/2 3457/6/2 3462/6/2
f 3462/6/2 3457/6/2 3463/6/2
f 3464/5/2 3465/5/2 3472/5/2
f 3472/5/2 3465/5/2 3473/5/2
f 3466/5/2 3467/5/2 3474/5/2
f 3474/5/2 3467/5/2 3475/5/2
f 3468/5/2 3469/5/2 3476/5/2
f 3476/5/2 3469/5/2 3477/5/2
f 3474/1/2 3475/1/2 3480/1/2
f 3480/1/2 3475/1/2 3481/1/2
f 3482/1/2 3483/1/2 3484/1/2
f 3484/1/2 3483/1/2 3485/1/2
f 3470/2/2 3471/2/2 3486/2/2
f 3486/2/2 3471/2/2 3487/2/2
f 3478/2/2 3479/2/2 3492/2/2
f 3492/2/2 3479/2/2 3493/2/2
f 3488/6/2 3489/6/2 3494/6/2
f 3494/6/2 3489/6/2 3495/6/2
f 3490/6/2 3491/6/2 3496/6/2
f 3496/6/2 3491/6/2 3497/6/2
f 3498/5/2 3499/5/2 3502/5/2
f 3502/5/2 3499/5/2 3503/5/2
f 3500/5/2 3501/5/2 3504/5/2
f 3504/5/2 3501/5/2 3505/5/2
f 3506/5/2 3507/5/2 3512/5/2
f 3512/5/2 3507/5/2 3513/5/2
f 3508/5/2 3509/5/2 3514/5/2
f 3514/5/2 3509/5/2 3515/5/2
f 3510/2/2 3511/2/2 3518/2/2
f 3518/2/2 3511/2/2 3519/2/2
f 3516/2/2 3517/2/2 3524/2/2
f 3524/2/2 3517/2/2 3525/2/2
f 3520/6/2 3521/6/2 3526/6/2
f 3526/6/2 3521/6/2 3527/6/2
f 3522/6/2 3523/6/2 3528/6/2
f 3528/6/2 3523/6/2 3529/6/2
f 3530/5/2 3531/5/2 3536/5/2
f 3536/5/2 3531/5/2 3537/5/2
f 3532/5/2 3533/5/2 3538/5/2
f 3538/5/2 3533/5/2 3539/5/2
f 3534/2/2 3535/2/2 3542/2/2
f 3542/2/2 3535/2/2 3543/2/2
f 3540/2/2 3541/2/2 3548/2/2
f 3548/2/2 3541/2/2 3549/2/2
f 3544/6/2 3545/6/2 3550/6/2
f 3550/6/2 3545/6/2 3551/6/2
f 3546/6/2 3547/6/2 3552/6/2
f 3552/6/2 3547/6/2 3553/6/2
f 3554/5/2 3555/5/2 3558/5/2
f 3558/5/2 3555/5/2 3559/5/2
f 3556/5/2 3557/5/2 3560/5/2
f 3560/5/2 3557/5/2 3561/5/2
f 3562/5/2 3563/5/2 3568/5/2
f 3568/5/2 3563/5/2 3569/5/2
f 3564/5/2 3565/5/2 3570/5/2
f 3570/5/2 3565/5/2 3571/5/2
f 3566/2/2 3567/2/2 3574/2/2
f 3574/2/2 3567/2/2 3575/2/2
f 3572/2/2 3573/2/2 3580/2/2
f 3580/2/2 3573/2/2 3581/2/2
f 3576/6/2 3577/6/2 3582/6/2
f 3582/6/2 3577/6/2 3583/6/2
f 3578/6/2 3579/6/2 3584/6/2
f 3584/6/2 3579/6/2 3585/6/2
f 3586/5/2 3587/5/2 3590/5/2
f 3590/5/2 3587/5/2 3591/5/2
f 3588/5/2 3589/5/2 3592/5/2
f 3592/5/2 3589/5/2 3593/5/2
f 3594/5/2 3595/5/2 3600/5/2
f 3600/5/2 3595/5/2 3601/5/2
f 3596/5/2 3597/5/2 3602/5/2
f 3602/5/2 3597/5/2 3603/5/2
f 3598/2/2 3599/2/2 3606/2/2
f 3606/2/2 3599/2/2 3607/2/2
f 3604/2/2 3605/2/2 3612/2/2
f 3612/2/2 3605/2/2 3613/2/2
f 3608/6/2 3609/6/2 3614/6/2
f 3614/6/2 3609/6/2 3615/6/2
f 3610/6/2 3611/6/2 3616/6/2
f 3616/6/2 3611/6/2 3617/6/2
f 3618/5/2 3619/5/2 3624/5/2
f 3624/5/2 3619/5/2 3625/5/2
f 3620/5/2 3621/5/2 3626/5/2
f 3626/5/2 3621/5/2 3627/5/2
f 3622/2/2 3623/2/2 3630/2/2
f 3630/2/2 3623/2/2 3631/2/2
f 3628/2/2 3629/2/2 3636/2/2
f 3636/2/2 3629/2/2 3637/2/2
f 3632/6/2 3633/6/2 3638/6/2
f 3638/6/2 3633/6/2 3639/6/2
f 3634/6/2 3635/6/2 3640/6/2
f 3640/6/2 3635/6/2 3641/6/2
f 3642/5/2 3643/5/2 3646/5/2
f 3646/5/2 3643/5/2 3647/5/2
f 3644/5/2 3645/5/2 3648/5/2
f 3648/5/2 3645/5/2 3649/5/2
f 3650/5/2 3651/5/2 3656/5/2
f 3656/5/2 3651/5/2 3657/5/2
f 3652/5/2 3653/5/2 3658/5/2
f 3658/5/2 3653/5/2 3659/5/2
f 3654/2/2 3655/2/2 3662/2/2
f 3662/2/2 3655/2/2 3663/2/2
f 3660/2/2 3661/2/2 3668/2/2
f 3668/2/2 3661/2/2 3669/2/2
f 3664/6/2 3665/6/2 3670/6/2
f 3670/6/2 3665/6/2 3671/6/2
f 3666/6/2 3667/6/2 3672/6/2
f 3672/6/2 3667/6/2 3673/6/2
f 3674/5/2 3675/5/2 3678/5/2
f 3678/5/2 3675/5/2 3679/5/2
f 3676/5/2 3677/5/2 3680/5/2
f 3680/5/2 3677/5/2 3681/5/2
f 3682/1/2 3683/1/2 3686/1/2
f 3686/1/2 3683/1/2 3687/1/2
f 3684/1/2 3685/1/2 3688/1/2
f 3688/1/2 3685/1/2 3689/1/2
f 3690/1/2 3691/1/2 3694/1/2
f 3694/1/2 3691/1/2 3695/1/2
f 3692/1/2 3693/1/2 3700/1/2
f 3700/1/2 3693/1/2 3701/1/2
f 3696/1/2 3697/1/2 3702/1/2
f 3702/1/2 3697/1/2 3703/1/2
f 3698/1/2 3699/1/2 3704/1/2
f 3704/1/2 3699/1/2 3705/1/2
f 3706/5/2 3707/5/2 3714/5/2
f 3714/5/2 3707/5/2 3715/5/2
f 3708/5/2 3709/5/2 3716/5/2
f 3716/5/2 3709/5/2 3717/5/2
f 3712/1/2 3713/1/2 3720/1/2
f 3720/1/2 3713/1/2 3721/1/2
f 3714/1/2 3715/1/2 3724/1/2
f 3724/1/2 3715/1/2 3725/1/2
f 3721/1/2 3722/1/2 3726/1/2
f 3726/1/2 3722/1/2 3727/1/2
f 3723/1/2 3724/1/2 3730/1/2
f 3730/1/2 3724/1/2 3731/1/2
f 3727/1/2 3728/1/2 3732/1/2
f 3732/1/2 3728/1/2 3733/1/2
f 3729/1/2 3730/1/2 3734/1/2
f 3734/1/2 3730/1/2 3735/1/2
f 3733/1/2 3734/1/2 3736/1/2
f 3736/1/2 3734/1/2 3737/1/2
f 3737/1/2 3734/1/2 3738/1/2
f 3738/1/2 3734/1/2 3739/1/2
f 3737/1/2 3738/1/2 3741/1/2
f 3741/1/2 3738/1/2 3742/1/2
f 3740/1/2 3741/1/2 3745/1/2
f 3742/1/2 3743/1/2 3745/1/2
f 3741/1/2 3742/1/2 3745/1/2
f 3745/1/2 3743/1/2 3746/1/2
f 3744/1/2 3745/1/2 3749/1/2
f 3749/1/2 3745/1/2 3750/1/2
f 3746/1/2 3747/1/2 3751/1/2
f 3751/1/2 3747/1/2 3752/1/2
f 3748/1/2 3749/1/2 3755/1/2
f 3755/1/2 3749/1/2 3756/1/2
f 3752/1/2 3753/1/2 3757/1/2
f 3757/1/2 3753/1/2 3758/1/2
f 3754/1/2 3755/1/2 3760/1/2
f 3760/1/2 3755/1/2 3761/1/2
f 3758/1/2 3759/1/2 3766/1/2
f 3766/1/2 3759/1/2 3767/1/2
f 3762/1/2 3763/1/2 3768/1/2
f 3768/1/2 3763/1/2 3769/1/2
f 3764/1/2 3765/1/2 3772/1/2
f 3772/1/2 3765/1/2 3773/1/2
f 3770/1/2 3771/1/2 3774/1/2
f 3774/1/2 3771/1/2 3775/1/2
f 3710/2/2 3711/2/2 3776/2/2
f 3776/2/2 3711/2/2 3777/2/2
f 3718/2/2 3719/2/2 3782/2/2
f 3782/2/2 3719/2/2 3783/2/2
f 3778/6/2 3779/6/2 3784/6/2
f 3784/6/2 3779/6/2 3785/6/2
f 3780/6/2 3781/6/2 3786/6/2
f 3786/6/2 3781/6/2 3787/6/2
f 3788/5/2 3789/5/2 3794/5/2
f 3794/5/2 3789/5/2 3795/5/2
f 3790/5/2 3791/5/2 3796/5/2
f 3796/5/2 3791/5/2 3797/5/2
f 3792/1/2 3793/1/2 3798/1/2
f 3798/1/2 3793/1/2 3799/1/2
f 3794/1/2 3795/1/2 3802/1/2
f 3802/1/2 3795/1/2 3803/1/2
f 3799/1/2 3800/1/2 3804/1/2
f 3804/1/2 3800/1/2 3805/1/2
f 3801/1/2 3802/1/2 3806/1/2
f 3806/1/2 3802/1/2 3807/1/2
f 3805/1/2 3806/1/2 3808/1/2
f 3808/1/2 3806/1/2 3809/1/2
f 3810/1/2 3811/1/2 3813/1/2
f 3813/1/2 3811/1/2 3814/1/2
f 3812/1/2 3813/1/2 3817/1/2
f 3817/1/2 3813/1/2 3818/1/2
f 3814/1/2 3815/1/2 3819/1/2
f 3819/1/2 3815/1/2 3820/1/2
f 3816/1/2 3817/1/2 3822/1/2
f 3822/1/2 3817/1/2 3823/1/2
f 3820/1/2 3821/1/2 3828/1/2
f 3828/1/2 3821/1/2 3829/1/2
f 3824/1/2 3825/1/2 3830/1/2
f 3830/1/2 3825/1/2 3831/1/2
f 3826/1/2 3827/1/2 3832/1/2
f 3832/1/2 3827/1/2 3833/1/2
f 3834/5/2 3835/5/2 3842/5/2
f 3842/5/2 3835/5/2 3843/5/2
f 3836/5/2 3837/5/2 3844/5/2
f 3844/5/2 3837/5/2 3845/5/2
f 3840/1/2 3841/1/2 3848/1/2
f 3848/1/2 3841/1/2 3849/1/2
f 3842/1/2 3843/1/2 3850/1/2
f 3850/1/2 3843/1/2 3851/1/2
f 3849/1/2 3850/1/2 3852/1/2
f 3852/1/2 3850/1/2 3853/1/2
f 3854/1/2 3855/1/2 3857/1/2
f 3857/1/2 3855/1/2 3858/1/2
f 3856/1/2 3857/1/2 3860/1/2
f 3860/1/2 3857/1/2 3861/1/2
f 3858/1/2 3859/1/2 3864/1/2
f 3864/1/2 3859/1/2 3865/1/2
f 3862/1/2 3863/1/2 3866/1/2
f 3866/1/2 3863/1/2 3867/1/2
f 3838/2/2 3839/2/2 3868/2/2
f 3868/2/2 3839/2/2 3869/2/2
f 3846/2/2 3847/2/2 3874/2/2
f 3874/2/2 3847/2/2 3875/2/2
f 3870/6/2 3871/6/2 3876/6/2
f 3876/6/2 3871/6/2 3877/6/2
f 3872/6/2 3873/6/2 3878/6/2
f 3878/6/2 3873/6/2 3879/6/2
f 3880/5/2 3881/5/2 3885/5/2
f 3885/5/2 3881/5/2 3886/5/2
f 3882/5/2 3883/5/2 3887/5/2
f 3887/5/2 3883/5/2 3888/5/2
f 3885/1/2 3886/1/2 3889/1/2
f 3884/1/2 3885/1/2 3889/1/2
f 3889/1/2 3886/1/2 3890/1/2
f 3891/1/2 3892/1/2 3893/1/2
f 3893/1/2 3892/1/2 3894/1/2
f 3895/5/2 3896/5/2 3899/5/2
f 3899/5/2 3896/5/2 3900/5/2
f 3897/5/2 3898/5/2 3901/5/2
f 3901/5/2 3898/5/2 3902/5/2
f 3903/5/2 3904/5/2 3909/5/2
f 3909/5/2 3904/5/2 3910/5/2
f 3905/5/2 3906/5/2 3911/5/2
f 3911/5/2 3906/5/2 3912/5/2
f 3907/2/2 3908/2/2 3915/2/2
f 3915/2/2 3908/2/2 3916/2/2
f 3913/2/2 3914/2/2 3921/2/2
f 3921/2/2 3914/2/2 3922/2/2
f 3917/6/2 3918/6/2 3923/6/2
f 3923/6/2 3918/6/2 3924/6/2
f 3919/6/2 3920/6/2 3925/6/2
f 3925/6/2 3920/6/2 3926/6/2
f 3927/5/2 3928/5/2 3931/5/2
f 3931/5/2 3928/5/2 3932/5/2
f 3929/5/2 3930/5/2 3933/5/2
f 3933/5/2 3930/5/2 3934/5/2
f 3935/2/2 3936/2/2 3939/2/2
f 3939/2/2 3936/2/2 3940/2/2
f 3937/2/2 3938/2/2 3945/2/2
f 3945/2/2 3938/2/2 3946/2/2
f 3941/6/2 3942/6/2 3947/6/2
f 3947/6/2 3942/6/2 3948/6/2
f 3943/6/2 3944/6/2 3949/6/2
f 3949/6/2 3944/6/2 3950/6/2
f 3951/5/2 3952/5/2 3955/5/2
f 3955/5/2 3952/5/2 3956/5/2
f 3953/5/2 3954/5/2 3957/5/2
f 3957/5/2 3954/5/2 3958/5/2
f 3959/5/2 3960/5/2 3963/5/2
f 3963/5/2 3960/5/2 3964/5/2
f 3961/5/2 3962/5/2 3965/5/2
f 3965/5/2 3962/5/2 3966/5/2
f 3967/2/2 3968/2/2 3971/2/2
f 3971/2/2 3968/2/2 3972/2/2
f 3969/2/2 3970/2/2 3977/2/2
f 3977/2/2 3970/2/2 3978/2/2
f 3973/6/2 3974/6/2 3979/6/2
f 3979/6/2 3974/6/2 3980/6/2
f 3975/6/2 3976/6/2 3981/6/2
f 3981/6/2 3976/6/2 3982/6/2
f 3983/5/2 3984/5/2 3987/5/2
f 3987/5/2 3984/5/2 3988/5/2
f 3985/5/2 3986/5/2 3989/5/2
f 3989/5/2 3986/5/2 3990/5/2
f 3991/5/2 3992/5/2 3995/5/2
f 3995/5/2 3992/5/2 3996/5/2
f 3993/5/2 3994/5/2 3997/5/2
f 3997/5/2 3994/5/2 3998/5/2
f 3999/2/2 4000/2/2 4003/2/2
f 4003/2/2 4000/2/2 4004/2/2
f 4001/2/2 4002/2/2 4009/2/2
f 4009/2/2 4002/2/2 4010/2/2
f 4005/6/2 4006/6/2 4011/6/2
f 4011/6/2 4006/6/2 4012/6/2
f 4007/6/2 4008/6/2 4013/6/2
f 4013/6/2 4008/6/2 4014/6/2
f 4015/5/2 4016/5/2 4019/5/2
f 4019/5/2 4016/5/2 4020/5/2
f 4017/5/2 4018/5/2 4021/5/2
f 4021/5/2 4018/5/2 4022/5/2
f 4023/5/2 4024/5/2 4027/5/2
f 4027/5/2 4024/5/2 4028/5/2
f 4025/5/2 4026/5/2 4029/5/2
f 4029/5/2 4026/5/2 4030/5/2
f 4031/2/2 4032/2/2 4035/2/2
f 4035/2/2 4032/2/2 4036/2/2
f 4033/2/2 4034/2/2 4041/2/2
f 4041/2/2 4034/2/2 4042/2/2
f 4037/6/2 4038/6/2 4043/6/2
f 4043/6/2 4038/6/2 4044/6/2
f 4039/6/2 4040/6/2 4045/6/2
f 4045/6/2 4040/6/2 4046/6/2
f 4047/5/2 4048/5/2 4051/5/2
f 4051/5/2 4048/5/2 4052/5/2
f 4049/5/2 4050/5/2 4053/5/2
f 4053/5/2 4050/5/2 4054/5/2
f 4055/5/2 4056/5/2 4059/5/2
f 4059/5/2 4056/5/2 4060/5/2
f 4057/5/2 4058/5/2 4061/5/2
f 4061/5/2 4058/5/2 4062/5/2
f 4063/2/2 4064/2/2 4067/2/2
f 4067/2/2 4064/2/2 4068/2/2
f 4065/2/2 4066/2/2 4073/2/2
f 4073/2/2 4066/2/2 4074/2/2
f 4069/6/2 4070/6/2 4075/6/2
f 4075/6/2 4070/6/2 4076/6/2
f 4071/6/2 4072/6/2 4077/6/2
f 4077/6/2 4072/6/2 4078/6/2
f 4079/5/2 4080/5/2 4083/5/2
f 4083/5/2 4080/5/2 4084/5/2
f 4081/5/2 4082/5/2 4085/5/2
f 4085/5/2 4082/5/2 4086/5/2
f 4087/2/2 4088/2/2 4091/2/2
f 4091/2/2 4088/2/2 4092/2/2
f 4089/2/2 4090/2/2 4097/2/2
f 4097/2/2 4090/2/2 4098/2/2
f 4093/6/2 4094/6/2 4099/6/2
f 4099/6/2 4094/6/2 4100/6/2
f 4095/6/2 4096/6/2 4101/6/2
f 4101/6/2 4096/6/2 4102/6/2
f 4103/5/2 4104/5/2 4107/5/2
f 4107/5/2 4104/5/2 4108/5/2
f 4105/5/2 4106/5/2 4109/5/2
f 4109/5/2 4106/5/2 4110/5/2
f 4111/1/2 4112/1/2 4115/1/2
f 4115/1/2 4112/1/2 4116/1/2
f 4113/1/2 4114/1/2 4117/1/2
f 4117/1/2 4114/1/2 4118/1/2
f 4119/1/2 4120/1/2 4123/1/2
f 4123/1/2 4120/1/2 4124/1/2
f 4121/1/2 4122/1/2 4129/1/2
f 4129/1/2 4122/1/2 4130/1/2
f 4125/1/2 4126/1/2 4131/1/2
f 4131/1/2 4126/1/2 4132/1/2
f 4127/1/2 4128/1/2 4133/1/2
f 4133/1/2 4128/1/2 4134/1/2
f 4135/5/2 4136/5/2 4139/5/2
f 4139/5/2 4136/5/2 4140/5/2
f 4137/1/2 4138/1/2 4141/1/2
f 4141/1/2 4138/1/2 4142/1/2
f 4139/1/2 4140/1/2 4145/1/2
f 4145/1/2 4140/1/2 4146/1/2
f 4142/1/2 4143/1/2 4147/1/2
f 4147/1/2 4143/1/2 4148/1/2
f 4144/1/2 4145/1/2 4151/1/2
f 4151/1/2 4145/1/2 4152/1/2
f 4148/1/2 4149/1/2 4153/1/2
f 4153/1/2 4149/1/2 4154/1/2
f 4150/1/2 4151/1/2 4155/1/2
f 4155/1/2 4151/1/2 4156/1/2
f 4154/1/2 4155/1/2 4157/1/2
f 4157/1/2 4155/1/2 4158/1/2
f 4158/1/2 4155/1/2 4159/1/2
f 4159/1/2 4155/1/2 4160/1/2
f 4158/1/2 4159/1/2 4162/1/2
f 4162/1/2 4159/1/2 4163/1/2
f 4161/1/2 4162/1/2 4166/1/2
f 4163/1/2 4164/1/2 4166/1/2
f 4162/1/2 4163/1/2 4166/1/2
f 4166/1/2 4164/1/2 4167/1/2
f 4165/1/2 4166/1/2 4170/1/2
f 4170/1/2 4166/1/2 4171/1/2
f 4167/1/2 4168/1/2 4172/1/2
f 4172/1/2 4168/1/2 4173/1/2
f 4169/1/2 4170/1/2 4176/1/2
f 4176/1/2 4170/1/2 4177/1/2
f 4173/1/2 4174/1/2 4178/1/2
f 4178/1/2 4174/1/2 4179/1/2
f 4175/1/2 4176/1/2 4181/1/2
f 4181/1/2 4176/1/2 4182/1/2
f 4179/1/2 4180/1/2 4187/1/2
f 4187/1/2 4180/1/2 4188/1/2
f 4183/1/2 4184/1/2 4189/1/2
f 4189/1/2 4184/1/2 4190/1/2
f 4185/1/2 4186/1/2 4193/1/2
f 4193/1/2 4186/1/2 4194/1/2
f 4191/1/2 4192/1/2 4195/1/2
f 4195/1/2 4192/1/2 4196/1/2
f 4197/1/2 4198/1/2 4201/1/2
f 4201/1/2 4198/1/2 4202/1/2
f 4199/1/2 4200/1/2 4205/1/2
f 4205/1/2 4200/1/2 4206/1/2
f 4202/1/2 4203/1/2 4207/1/2
f 4207/1/2 4203/1/2 4208/1/2
f 4204/1/2 4205/1/2 4209/1/2
f 4209/1/2 4205/1/2 4210/1/2
f 4208/1/2 4209/1/2 4211/1/2
f 4211/1/2 4209/1/2 4212/1/2
f 4213/1/2 4214/1/2 4216/1/2
f 4216/1/2 4214/1/2 4217/1/2
f 4215/1/2 4216/1/2 4220/1/2
f 4220/1/2 4216/1/2 4221/1/2
f 4217/1/2 4218/1/2 4222/1/2
f 4222/1/2 4218/1/2 4223/1/2
f 4219/1/2 4220/1/2 4225/1/2
f 4225/1/2 4220/1/2 4226/1/2
f 4223/1/2 4224/1/2 4231/1/2
f 4231/1/2 4224/1/2 4232/1/2
f 4227/1/2 4228/1/2 4233/1/2
f 4233/1/2 4228/1/2 4234/1/2
f 4229/1/2 4230/1/2 4235/1/2
f 4235/1/2 4230/1/2 4236/1/2
f 4237/1/2 4238/1/2 4241/1/2
f 4241/1/2 4238/1/2 4242/1/2
f 4239/1/2 4240/1/2 4243/1/2
f 4243/1/2 4240/1/2 4244/1/2
f 4242/1/2 4243/1/2 4245/1/2
f 4245/1/2 4243/1/2 4246/1/2
f 4247/1/2 4248/1/2 4250/1/2
f 4250/1/2 4248/1/2 4251/1/2
f 4249/1/2 4250/1/2 4253/1/2
f 4253/1/2 4250/1/2 4254/1/2
f 4251/1/2 4252/1/2 4257/1/2
f 4257/1/2 4252/1/2 4258/1/2
f 4255/1/2 4256/1/2 4259/1/2
f 4259/1/2 4256/1/2 4260/1/2
f 4261/1/2 4262/1/2 4263/1/2
f 4263/1/2 4262/1/2 4264/1/2
f 4265/1/2 4266/1/2 4267/1/2
f 4267/1/2 4266/1/2 4268/1/2
f 4269/2/2 4270/2/2 4273/2/2
f 4273/2/2 4270/2/2 4274/2/2
f 4271/2/2 4272/2/2 4275/2/2
f 4275/2/2 4272/2/2 4276/2/2
f 4273/4/2 4274/4/2 4277/4/2
f 4277/4/2 4274/4/2 4278/4/2
f 4275/4/2 4276/4/2 4279/4/2
f 4279/4/2 4276/4/2 4280/4/2
f 4281/2/2 4282/2/2 4285/2/2
f 4285/2/2 4282/2/2 4286/2/2
f 4283/2/2 4284/2/2 4287/2/2
f 4287/2/2 4284/2/2 4288/2/2
f 4285/4/2 4286/4/2 4289/4/2
f 4289/4/2 4286/4/2 4290/4/2
f 4287/4/2 4288/4/2 4291/4/2
f 4291/4/2 4288/4/2 4292/4/2
f 4293/2/2 4294/2/2 4297/2/2
f 4297/2/2 4294/2/2 4298/2/2
f 4295/2/2 4296/2/2 4299/2/2
f 4299/2/2 4296/2/2 4300/2/2
f 4297/4/2 4298/4/2 4301/4/2
f 4301/4/2 4298/4/2 4302/4/2
f 4299/4/2 4300/4/2 4303/4/2
f 4303/4/2 4300/4/2 4304/4/2
f 4305/2/2 4306/2/2 4309/2/2
f 4309/2/2 4306/2/2 4310/2/2
f 4307/2/2 4308/2/2 4311/2/2
f 4311/2/2 4308/2/2 4312/2/2
f 4309/4/2 4310/4/2 4313/4/2
f 4313/4/2 4310/4/2 4314/4/2
f 4311/4/2 4312/4/2 4315/4/2
f 4315/4/2 4312/4/2 4316/4/2
f 4317/2/2 4318/2/2 4321/2/2
f 4321/2/2 4318/2/2 4322/2/2
f 4319/2/2 4320/2/2 4323/2/2
f 4323/2/2 4320/2/2 4324/2/2
f 4321/4/2 4322/4/2 4325/4/2
f 4325/4/2 4322/4/2 4326/4/2
f 4323/4/2 4324/4/2 4327/4/2
f 4327/4/2 4324/4/2 4328/4/2
f 4329/2/2 4330/2/2 4333/2/2
f 4333/2/2 4330/2/2 4334/2/2
f 4331/2/2 4332/2/2 4335/2/2
f 4335/2/2 4332/2/2 4336/2/2
f 4333/4/2 4334/4/2 4337/4/2
f 4337/4/2 4334/4/2 4338/4/2
f 4335/4/2 4336/4/2 4339/4/2
f 4339/4/2 4336/4/2 4340/4/2
f 4341/2/2 4342/2/2 4345/2/2
f 4345/2/2 4342/2/2 4346/2/2
f 4343/2/2 4344/2/2 4347/2/2
f 4347/2/2 4344/2/2 4348/2/2
f 4345/4/2 4346/4/2 4349/4/2
f 4349/4/2 4346/4/2 4350/4/2
f 4347/4/2 4348/4/2 4351/4/2
f 4351/4/2 4348/4/2 4352/4/2
f 4353/2/2 4354/2/2 4357/2/2
f 4357/2/2 4354/2/2 4358/2/2
f 4355/2/2 4356/2/2 4359/2/2
f 4359/2/2 4356/2/2 4360/2/2
f 4357/4/2 4358/4/2 4361/4/2
f 4361/4/2 4358/4/2 4362/4/2
f 4359/4/2 4360/4/2 4363/4/2
f 4363/4/2 4360/4/2 4364/4/2
f 4365/2/2 4366/2/2 4369/2/2
f 4369/2/2 4366/2/2 4370/2/2
f 4367/2/2 4368/2/2 4371/2/2
f 4371/2/2 4368/2/2 4372/2/2
f 4369/4/2 4370/4/2 4373/4/2
f 4373/4/2 4370/4/2 4374/4/2
f 4371/4/2 4372/4/2 4375/4/2
f 4375/4/2 4372/4/2 4376/4/2
f 4381/1/2 4382/1/2 4385/1/2
f 4385/1/2 4382/1/2 4386/1/2
f 4383/1/2 4384/1/2 4387/1/2
f 4387/1/2 4384/1/2 4388/1/2
f 4389/1/2 4390/1/2 4393/1/2
f 4393/1/2 4390/1/2 4394/1/2
f 4391/1/2 4392/1/2 4399/1/2
f 4399/1/2 4392/1/2 4400/1/2
f 4395/1/2 4396/1/2 4401/1/2
f 4401/1/2 4396/1/2 4402/1/2
f 4397/1/2 4398/1/2 4403/1/2
f 4403/1/2 4398/1/2 4404/1/2
f 4377/2/2 4378/2/2 4405/2/2
f 4405/2/2 4378/2/2 4406/2/2
f 4379/2/2 4380/2/2 4407/2/2
f 4407/2/2 4380/2/2 4408/2/2
f 4405/4/2 4406/4/2 4409/4/2
f 4409/4/2 4406/4/2 4410/4/2
f 4407/4/2 4408/4/2 4411/4/2
f 4411/4/2 4408/4/2 4412/4/2
f 4413/1/2 4414/1/2 4417/1/2
f 4417/1/2 4414/1/2 4418/1/2
f 4415/1/2 4416/1/2 4421/1/2
f 4421/1/2 4416/1/2 4422/1/2
f 4418/1/2 4419/1/2 4423/1/2
f 4423/1/2 4419/1/2 4424/1/2
f 4420/1/2 4421/1/2 4427/1/2
f 4427/1/2 4421/1/2 4428/1/2
f 4424/1/2 4425/1/2 4429/1/2
f 4429/1/2 4425/1/2 4430/1/2
f 4426/1/2 4427/1/2 4431/1/2
f 4431/1/2 4427/1/2 4432/1/2
f 4430/1/2 4431/1/2 4433/1/2
f 4433/1/2 4431/1/2 4434/1/2
f 4434/1/2 4431/1/2 4435/1/2
f 4435/1/2 4431/1/2 4436/1/2
f 4434/1/2 4435/1/2 4438/1/2
f 4438/1/2 4435/1/2 4439/1/2
f 4437/1/2 4438/1/2 4442/1/2
f 4439/1/2 4440/1/2 4442/1/2
f 4438/1/2 4439/1/2 4442/1/2
f 4442/1/2 4440/1/2 4443/1/2
f 4441/1/2 4442/1/2 4446/1/2
f 4446/1/2 4442/1/2 4447/1/2
f 4443/1/2 4444/1/2 4448/1/2
f 4448/1/2 4444/1/2 4449/1/2
f 4445/1/2 4446/1/2 4452/1/2
f 4452/1/2 4446/1/2 4453/1/2
f 4449/1/2 4450/1/2 4454/1/2
f 4454/1/2 4450/1/2 4455/1/2
f 4451/1/2 4452/1/2 4457/1/2
f 4457/1/2 4452/1/2 4458/1/2
f 4455/1/2 4456/1/2 4463/1/2
f 4463/1/2 4456/1/2 4464/1/2
f 4459/1/2 4460/1/2 4465/1/2
f 4465/1/2 4460/1/2 4466/1/2
f 4461/1/2 4462/1/2 4469/1/2
f 4469/1/2 4462/1/2 4470/1/2
f 4467/1/2 4468/1/2 4471/1/2
f 4471/1/2 4468/1/2 4472/1/2
f 4477/1/2 4478/1/2 4481/1/2
f 4481/1/2 4478/1/2 4482/1/2
f 4479/1/2 4480/1/2 4485/1/2
f 4485/1/2 4480/1/2 4486/1/2
f 4482/1/2 4483/1/2 4487/1/2
f 4487/1/2 4483/1/2 4488/1/2
f 4484/1/2 4485/1/2 4489/1/2
f 4489/1/2 4485/1/2 4490/1/2
f 4488/1/2 4489/1/2 4491/1/2
f 4491/1/2 4489/1/2 4492/1/2
f 4493/1/2 4494/1/2 4496/1/2
f 4496/1/2 4494/1/2 4497/1/2
f 4495/1/2 4496/1/2 4500/1/2
f 4500/1/2 4496/1/2 4501/1/2
f 4497/1/2 4498/1/2 4502/1/2
f 4502/1/2 4498/1/2 4503/1/2
f 4499/1/2 4500/1/2 4505/1/2
f 4505/1/2 4500/1/2 4506/1/2
f 4503/1/2 4504/1/2 4511/1/2
f 4511/1/2 4504/1/2 4512/1/2
f 4507/1/2 4508/1/2 4513/1/2
f 4513/1/2 4508/1/2 4514/1/2
f 4509/1/2 4510/1/2 4515/1/2
f 4515/1/2 4510/1/2 4516/1/2
f 4473/2/2 4474/2/2 4517/2/2
f 4517/2/2 4474/2/2 4518/2/2
f 4475/2/2 4476/2/2 4519/2/2
f 4519/2/2 4476/2/2 4520/2/2
f 4517/4/2 4518/4/2 4521/4/2
f 4521/4/2 4518/4/2 4522/4/2
f 4519/4/2 4520/4/2 4523/4/2
f 4523/4/2 4520/4/2 4524/4/2
f 4529/1/2 4530/1/2 4533/1/2
f 4533/1/2 4530/1/2 4534/1/2
f 4531/1/2 4532/1/2 4535/1/2
f 4535/1/2 4532/1/2 4536/1/2
f 4534/1/2 4535/1/2 4537/1/2
f 4537/1/2 4535/1/2 4538/1/2
f 4539/1/2 4540/1/2 4542/1/2
f 4542/1/2 4540/1/2 4543/1/2
f 4541/1/2 4542/1/2 4545/1/2
f 4545/1/2 4542/1/2 4546/1/2
f 4543/1/2 4544/1/2 4549/1/2
f 4549/1/2 4544/1/2 4550/1/2
f 4547/1/2 4548/1/2 4551/1/2
f 4551/1/2 4548/1/2 4552/1/2
f 4525/2/2 4526/2/2 4553/2/2
f 4553/2/2 4526/2/2 4554/2/2
f 4527/2/2 4528/2/2 4555/2/2
f 4555/2/2 4528/2/2 4556/2/2
f 4553/4/2 4554/4/2 4557/4/2
f 4557/4/2 4554/4/2 4558/4/2
f 4555/4/2 4556/4/2 4559/4/2
f 4559/4/2 4556/4/2 4560/4/2
f 4561/1/2 4562/1/2 4563/1/2
f 4563/1/2 4562/1/2 4564/1/2
f 4565/1/2 4566/1/2 4567/1/2
f 4567/1/2 4566/1/2 4568/1/2
f 4569/2/2 4570/2/2 4573/2/2
f 4573/2/2 4570/2/2 4574/2/2
f 4571/2/2 4572/2/2 4575/2/2
f 4575/2/2 4572/2/2 4576/2/2
f 4573/4/2 4574/4/2 4577/4/2
f 4577/4/2 4574/4/2 4578/4/2
f 4575/4/2 4576/4/2 4579/4/2
f 4579/4/2 4576/4/2 4580/4/2
f 4581/2/2 4582/2/2 4585/2/2
f 4585/2/2 4582/2/2 4586/2/2
f 4583/2/2 4584/2/2 4587/2/2
f 4587/2/2 4584/2/2 4588/2/2
f 4585/4/2 4586/4/2 4589/4/2
f 4589/4/2 4586/4/2 4590/4/2
f 4587/4/2 4588/4/2 4591/4/2
f 4591/4/2 4588/4/2 4592/4/2
f 4593/2/2 4594/2/2 4597/2/2
f 4597/2/2 4594/2/2 4598/2/2
f 4595/2/2 4596/2/2 4599/2/2
f 4599/2/2 4596/2/2 4600/2/2
f 4597/4/2 4598/4/2 4601/4/2
f 4601/4/2 4598/4/2 4602/4/2
f 4599/4/2 4600/4/2 4603/4/2
f 4603/4/2 4600/4/2 4604/4/2
f 4605/2/2 4606/2/2 4609/2/2
f 4609/2/2 4606/2/2 4610/2/2
f 4607/2/2 4608/2/2 4611/2/2
f 4611/2/2 4608/2/2 4612/2/2
f 4609/4/2 4610/4/2 4613/4/2
f 4613/4/2 4610/4/2 4614/4/2
f 4611/4/2 4612/4/2 4615/4/2
f 4615/4/2 4612/4/2 4616/4/2
f 4617/2/2 4618/2/2 4621/2/2
f 4621/2/2 4618/2/2 4622/2/2
f 4619/2/2 4620/2/2 4623/2/2
f 4623/2/2 4620/2/2 4624/2/2
f 4621/4/2 4622/4/2 4625/4/2
f 4625/4/2 4622/4/2 4626/4/2
f 4623/4/2 4624/4/2 4627/4/2
f 4627/4/2 4624/4/2 4628/4/2
f 4629/2/2 4630/2/2 4633/2/2
f 4633/2/2 4630/2/2 4634/2/2
f 4631/2/2 4632/2/2 4635/2/2
f 4635/2/2 4632/2/2 4636/2/2
f 4633/4/2 4634/4/2 4637/4/2
f 4637/4/2 4634/4/2 4638/4/2
f 4635/4/2 4636/4/2 4639/4/2
f 4639/4/2 4636/4/2 4640/4/2
f 4641/2/2 4642/2/2 4645/2/2
f 4645/2/2 4642/2/2 4646/2/2
f 4643/2/2 4644/2/2 4647/2/2
f 4647/2/2 4644/2/2 4648/2/2
f 4645/4/2 4646/4/2 4649/4/2
f 4649/4/2 4646/4/2 4650/4/2
f 4647/4/2 4648/4/2 4651/4/2
f 4651/4/2 4648/4/2 4652/4/2
f 4657/1/2 4658/1/2 4661/1/2
f 4661/1/2 4658/1/2 4662/1/2
f 4659/1/2 4660/1/2 4663/1/2
f 4663/1/2 4660/1/2 4664/1/2
f 4665/1/2 4666/1/2 4669/1/2
f 4669/1/2 4666/1/2 4670/1/2
f 4667/1/2 4668/1/2 4675/1/2
f 4675/1/2 4668/1/2 4676/1/2
f 4671/1/2 4672/1/2 4677/1/2
f 4677/1/2 4672/1/2 4678/1/2
f 4673/1/2 4674/1/2 4679/1/2
f 4679/1/2 4674/1/2 4680/1/2
f 4653/2/2 4654/2/2 4681/2/2
f 4681/2/2 4654/2/2 4682/2/2
f 4655/2/2 4656/2/2 4683/2/2
f 4683/2/2 4656/2/2 4684/2/2
f 4681/4/2 4682/4/2 4685/4/2
f 4685/4/2 4682/4/2 4686/4/2
f 4683/4/2 4684/4/2 4687/4/2
f 4687/4/2 4684/4/2 4688/4/2
f 4693/1/2 4694/1/2 4697/1/2
f 4697/1/2 4694/1/2 4698/1/2
f 4695/1/2 4696/1/2 4701/1/2
f 4701/1/2 4696/1/2 4702/1/2
f 4698/1/2 4699/1/2 4703/1/2
f 4703/1/2 4699/1/2 4704/1/2
f 4700/1/2 4701/1/2 4707/1/2
f 4707/1/2 4701/1/2 4708/1/2
f 4704/1/2 4705/1/2 4709/1/2
f 4709/1/2 4705/1/2 4710/1/2
f 4706/1/2 4707/1/2 4711/1/2
f 4711/1/2 4707/1/2 4712/1/2
f 4710/1/2 4711/1/2 4713/1/2
f 4713/1/2 4711/1/2 4714/1/2
f 4714/1/2 4711/1/2 4715/1/2
f 4715/1/2 4711/1/2 4716/1/2
f 4714/1/2 4715/1/2 4718/1/2
f 4718/1/2 4715/1/2 4719/1/2
f 4717/1/2 4718/1/2 4722/1/2
f 4719/1/2 4720/1/2 4722/1/2
f 4718/1/2 4719/1/2 4722/1/2
f 4722/1/2 4720/1/2 4723/1/2
f 4721/1/2 4722/1/2 4726/1/2
f 4726/1/2 4722/1/2 4727/1/2
f 4723/1/2 4724/1/2 4728/1/2
f 4728/1/2 4724/1/2 4729/1/2
f 4725/1/2 4726/1/2 4732/1/2
f 4732/1/2 4726/1/2 4733/1/2
f 4729/1/2 4730/1/2 4734/1/2
f 4734/1/2 4730/1/2 4735/1/2
f 4731/1/2 4732/1/2 4737/1/2
f 4737/1/2 4732/1/2 4738/1/2
f 4735/1/2 4736/1/2 4743/1/2
f 4743/1/2 4736/1/2 4744/1/2
f 4739/1/2 4740/1/2 4745/1/2
f 4745/1/2 4740/1/2 4746/1/2
f 4741/1/2 4742/1/2 4749/1/2
f 4749/1/2 4742/1/2 4750/1/2
f 4747/1/2 4748/1/2 4751/1/2
f 4751/1/2 4748/1/2 4752/1/2
f 4689/2/2 4690/2/2 4753/2/2
f 4753/2/2 4690/2/2 4754/2/2
f 4691/2/2 4692/2/2 4755/2/2
f 4755/2/2 4692/2/2 4756/2/2
f 4753/4/2 4754/4/2 4757/4/2
f 4757/4/2 4754/4/2 4758/4/2
f 4755/4/2 4756/4/2 4759/4/2
f 4759/4/2 4756/4/2 4760/4/2
f 4761/1/2 4762/1/2 4765/1/2
f 4765/1/2 4762/1/2 4766/1/2
f 4763/1/2 4764/1/2 4769/1/2
f 4769/1/2 4764/1/2 4770/1/2
f 4766/1/2 4767/1/2 4771/1/2
f 4771/1/2 4767/1/2 4772/1/2
f 4768/1/2 4769/1/2 4773/1/2
f 4773/1/2 4769/1/2 4774/1/2
f 4772/1/2 4773/1/2 4775/1/2
f 4775/1/2 4773/1/2 4776/1/2
f 4777/1/2 4778/1/2 4780/1/2
f 4780/1/2 4778/1/2 4781/1/2
f 4779/1/2 4780/1/2 4784/1/2
f 4784/1/2 4780/1/2 4785/1/2
f 4781/1/2 4782/1/2 4786/1/2
f 4786/1/2 4782/1/2 4787/1/2
f 4783/1/2 4784/1/2 4789/1/2
f 4789/1/2 4784/1/2 4790/1/2
f 4787/1/2 4788/1/2 4795/1/2
f 4795/1/2 4788/1/2 4796/1/2
f 4791/1/2 4792/1/2 4797/1/2
f 4797/1/2 4792/1/2 4798/1/2
f 4793/1/2 4794/1/2 4799/1/2
f 4799/1/2 4794/1/2 4800/1/2
f 4805/1/2 4806/1/2 4809/1/2
f 4809/1/2 4806/1/2 4810/1/2
f 4807/1/2 4808/1/2 4811/1/2
f 4811/1/2 4808/1/2 4812/1/2
f 4810/1/2 4811/1/2 4813/1/2
f 4813/1/2 4811/1/2 4814/1/2
f 4815/1/2 4816/1/2 4818/1/2
f 4818/1/2 4816/1/2 4819/1/2
f 4817/1/2 4818/1/2 4821/1/2
f 4821/1/2 4818/1/2 4822/1/2
f 4819/1/2 4820/1/2 4825/1/2
f 4825/1/2 4820/1/2 4826/1/2
f 4823/1/2 4824/1/2 4827/1/2
f 4827/1/2 4824/1/2 4828/1/2
f 4801/2/2 4802/2/2 4829/2/2
f 4829/2/2 4802/2/2 4830/2/2
f 4803/2/2 4804/2/2 4831/2/2
f 4831/2/2 4804/2/2 4832/2/2
f 4829/4/2 4830/4/2 4833/4/2
f 4833/4/2 4830/4/2 4834/4/2
f 4831/4/2 4832/4/2 4835/4/2
f 4835/4/2 4832/4/2 4836/4/2
f 4841/1/2 4842/1/2 4843/1/2
f 4843/1/2 4842/1/2 4844/1/2
f 4845/1/2 4846/1/2 4847/1/2
f 4847/1/2 4846/1/2 4848/1/2
f 4837/2/2 4838/2/2 4849/2/2
f 4849/2/2 4838/2/2 4850/2/2
f 4839/2/2 4840/2/2 4851/2/2
f 4851/2/2 4840/2/2 4852/2/2
f 4849/4/2 4850/4/2 4853/4/2
f 4853/4/2 4850/4/2 4854/4/2
f 4851/4/2 4852/4/2 4855/4/2
f 4855/4/2 4852/4/2 4856/4/2
f 4857/2/2 4858/2/2 4861/2/2
f 4861/2/2 4858/2/2 4862/2/2
f 4859/2/2 4860/2/2 4863/2/2
f 4863/2/2 4860/2/2 4864/2/2
f 4861/4/2 4862/4/2 4865/4/2
f 4865/4/2 4862/4/2 4866/4/2
f 4863/4/2 4864/4/2 4867/4/2
f 4867/4/2 4864/4/2 4868/4/2
f 4869/2/2 4870/2/2 4873/2/2
f 4873/2/2 4870/2/2 4874/2/2
f 4871/2/2 4872/2/2 4875/2/2
f 4875/2/2 4872/2/2 4876/2/2
f 4873/4/2 4874/4/2 4877/4/2
f 4877/4/2 4874/4/2 4878/4/2
f 4875/4/2 4876/4/2 4879/4/2
f 4879/4/2 4876/4/2 4880/4/2
f 4881/2/2 4882/2/2 4885/2/2
f 4885/2/2 4882/2/2 4886/2/2
f 4883/2/2 4884/2/2 4887/2/2
f 4887/2/2 4884/2/2 4888/2/2
f 4885/4/2 4886/4/2 4889/4/2
f 4889/4/2 4886/4/2 4890/4/2
f 4887/4/2 4888/4/2 4891/4/2
f 4891/4/2 4888/4/2 4892/4/2
f 4893/2/2 4894/2/2 4897/2/2
f 4897/2/2 4894/2/2 4898/2/2
f 4895/2/2 4896/2/2 4899/2/2
f 4899/2/2 4896/2/2 4900/2/2
f 4897/4/2 4898/4/2 4901/4/2
f 4901/4/2 4898/4/2 4902/4/2
f 4899/4/2 4900/4/2 4903/4/2
f 4903/4/2 4900/4/2 4904/4/2
f 4905/2/2 4906/2/2 4909/2/2
f 4909/2/2 4906/2/2 4910/2/2
f 4907/2/2 4908/2/2 4911/2/2
f 4911/2/2 4908/2/2 4912/2/2
f 4909/4/2 4910/4/2 4913/4/2
f 4913/4/2 4910/4/2 4914/4/2
f 4911/4/2 4912/4/2 4915/4/2
f 4915/4/2 4912/4/2 4916/4/2
f 4917/2/2 4918/2/2 4921/2/2
f 4921/2/2 4918/2/2 4922/2/2
f 4919/2/2 4920/2/2 4923/2/2
f 4923/2/2 4920/2/2 4924/2/2
f 4921/4/2 4922/4/2 4925/4/2
f 4925/4/2 4922/4/2 4926/4/2
f 4923/4/2 4924/4/2 4927/4/2
f 4927/4/2 4924/4/2 4928/4/2
f 4929/2/2 4930/2/2 4933/2/2
f 4933/2/2 4930/2/2 4934/2/2
f 4931/2/2 4932/2/2 4935/2/2
f 4935/2/2 4932/2/2 4936/2/2
f 4933/4/2 4934/4/2 4937/4/2
f 4937/4/2 4934/4/2 4938/4/2
f 4935/4/2 4936/4/2 4939/4/2
f 4939/4/2 4936/4/2 4940/4/2
f 4941/2/2 4942/2/2 4945/2/2
f 4945/2/2 4942/2/2 4946/2/2
f 4943/2/2 4944/2/2 4947/2/2
f 4947/2/2 4944/2/2 4948/2/2
f 4945/4/2 4946/4/2 4949/4/2
f 4949/4/2 4946/4/2 4950/4/2
f 4947/4/2 4948/4/2 4951/4/2
f 4951/4/2 4948/4/2 4952/4/2
f 4953/2/2 4954/2/2 4957/2/2
f 4957/2/2 4954/2/2 4958/2/2
f 4955/2/2 4956/2/2 4959/2/2
f 4959/2/2 4956/2/2 4960/2/2
f 4957/4/2 4958/4/2 4961/4/2
f 4961/4/2 4958/4/2 4962/4/2
f 4959/4/2 4960/4/2 4963/4/2
f 4963/4/2 4960/4/2 4964/4/2
f 4965/2/2 4966/2/2 4969/2/2
f 4969/2/2 4966/2/2 4970/2/2
f 4967/2/2 4968/2/2 4971/2/2
f 4971/2/2 4968/2/2 4972/2/2
f 4969/4/2 4970/4/2 4973/4/2
f 4973/4/2 4970/4/2 4974/4/2
f 4971/4/2 4972/4/2 4975/4/2
f 4975/4/2 4972/4/2 4976/4/2
f 4977/2/2 4978/2/2 4981/2/2
f 4981/2/2 4978/2/2 4982/2/2
f 4979/2/2 4980/2/2 4983/2/2
f 4983/2/2 4980/2/2 4984/2/2
f 4981/4/2 4982/4/2 4985/4/2
f 4985/4/2 4982/4/2 4986/4/2
f 4983/4/2 4984/4/2 4987/4/2
f 4987/4/2 4984/4/2 4988/4/2
f 4989/2/2 4990/2/2 4993/2/2
f 4993/2/2 4990/2/2 4994/2/2
f 4991/2/2 4992/2/2 4995/2/2
f 4995/2/2 4992/2/2 4996/2/2
f 4993/4/2 4994/4/2 4997/4/2
f 4997/4/2 4994/4/2 4998/4/2
f 4995/4/2 4996/4/2 4999/4/2
f 4999/4/2 4996/4/2 5000/4/2
f 5001/2/2 5002/2/2 5005/2/2
f 5005/2/2 5002/2/2 5006/2/2
f 5003/2/2 5004/2/2 5007/2/2
f 5007/2/2 5004/2/2 5008/2/2
f 5005/4/2 5006/4/2 5009/4/2
f 5009/4/2 5006/4/2 5010/4/2
f 5007/4/2 5008/4/2 5011/4/2
f 5011/4/2 5008/4/2 5012/4/2
f 5013/2/2 5014/2/2 5017/2/2
f 5017/2/2 5014/2/2 5018/2/2
f 5015/2/2 5016/2/2 5019/2/2
f 5019/2/2 5016/2/2 5020/2/2
f 5017/4/2 5018/4/2 5021/4/2
f 5021/4/2 5018/4/2 5022/4/2
f 5019/4/2 5020/4/2 5023/4/2
f 5023/4/2 5020/4/2 5024/4/2
f 5025/2/2 5026/2/2 5029/2/2
f 5029/2/2 5026/2/2 5030/2/2
f 5027/2/2 5028/2/2 5031/2/2
f 5031/2/2 5028/2/2 5032/2/2
f 5029/4/2 5030/4/2 5033/4/2
f 5033/4/2 5030/4/2 5034/4/2
f 5031/4/2 5032/4/2 5035/4/2
f 5035/4/2 5032/4/2 5036/4/2
f 5037/2/2 5038/2/2 5041/2/2
f 5041/2/2 5038/2/2 5042/2/2
f 5039/2/2 5040/2/2 5043/2/2
f 5043/2/2 5040/2/2 5044/2/2
f 5041/4/2 5042/4/2 5045/4/2
f 5045/4/2 5042/4/2 5046/4/2
f 5043/4/2 5044/4/2 5047/4/2
f 5047/4/2 5044/4/2 5048/4/2
f 5049/2/2 5050/2/2 5053/2/2
f 5053/2/2 5050/2/2 5054/2/2
f 5051/2/2 5052/2/2 5055/2/2
f 5055/2/2 5052/2/2 5056/2/2
f 5053/4/2 5054/4/2 5057/4/2
f 5057/4/2 5054/4/2 5058/4/2
f 5055/4/2 5056/4/2 5059/4/2
f 5059/4/2 5056/4/2 5060/4/2
f 5061/2/2 5062/2/2 5065/2/2
f 5065/2/2 5062/2/2 5066/2/2
f 5063/2/2 5064/2/2 5067/2/2
f 5067/2/2 5064/2/2 5068/2/2
f 5065/4/2 5066/4/2 5069/4/2
f 5069/4/2 5066/4/2 5070/4/2
f 5067/4/2 5068/4/2 5071/4/2
f 5071/4/2 5068/4/2 5072/4/2
f 5073/2/2 5074/2/2 5077/2/2
f 5077/2/2 5074/2/2 5078/2/2
f 5075/2/2 5076/2/2 5079/2/2
f 5079/2/2 5076/2/2 5080/2/2
f 5077/4/2 5078/4/2 5081/4/2
f 5081/4/2 5078/4/2 5082/4/2
f 5079/4/2 5080/4/2 5083/4/2
f 5083/4/2 5080/4/2 5084/4/2
f 5085/2/2 5086/2/2 5089/2/2
f 5089/2/2 5086/2/2 5090/2/2
f 5087/2/2 5088/2/2 5091/2/2
f 5091/2/2 5088/2/2 5092/2/2
f 5089/4/2 5090/4/2 5093/4/2
f 5093/4/2 5090/4/2 5094/4/2
f 5091/4/2 5092/4/2 5095/4/2
f 5095/4/2 5092/4/2 5096/4/2
f 5097/2/2 5098/2/2 5101/2/2
f 5101/2/2 5098/2/2 5102/2/2
f 5099/2/2 5100/2/2 5103/2/2
f 5103/2/2 5100/2/2 5104/2/2
f 5101/4/2 5102/4/2 5105/4/2
f 5105/4/2 5102/4/2 5106/4/2
f 5103/4/2 5104/4/2 5107/4/2
f 5107/4/2 5104/4/2 5108/4/2
f 5109/2/2 5110/2/2 5113/2/2
f 5113/2/2 5110/2/2 5114/2/2
f 5111/2/2 5112/2/2 5115/2/2
f 5115/2/2 5112/2/2 5116/2/2
f 5113/4/2 5114/4/2 5117/4/2
f 5117/4/2 5114/4/2 5118/4/2
f 5115/4/2 5116/4/2 5119/4/2
f 5119/4/2 5116/4/2 5120/4/2
f 5121/2/2 5122/2/2 5125/2/2
f 5125/2/2 5122/2/2 5126/2/2
f 5123/2/2 5124/2/2 5127/2/2
f 5127/2/2 5124/2/2 5128/2/2
f 5125/4/2 5126/4/2 5129/4/2
f 5129/4/2 5126/4/2 5130/4/2
f 5127/4/2 5128/4/2 5131/4/2
f 5131/4/2 5128/4/2 5132/4/2
f 5133/2/2 5134/2/2 5137/2/2
f 5137/2/2 5134/2/2 5138/2/2
f 5135/2/2 5136/2/2 5139/2/2
f 5139/2/2 5136/2/2 5140/2/2
f 5137/4/2 5138/4/2 5141/4/2
f 5141/4/2 5138/4/2 5142/4/2
f 5139/4/2 5140/4/2 5143/4/2
f 5143/4/2 5140/4/2 5144/4/2
f 5145/2/2 5146/2/2 5149/2/2
f 5149/2/2 5146/2/2 5150/2/2
f 5147/2/2 5148/2/2 5151/2/2
f 5151/2/2 5148/2/2 5152/2/2
f 5149/4/2 5150/4/2 5153/4/2
f 5153/4/2 5150/4/2 5154/4/2
f 5151/4/2 5152/4/2 5155/4/2
f 5155/4/2 5152/4/2 5156/4/2
f 5157/2/2 5158/2/2 5161/2/2
f 5161/2/2 5158/2/2 5162/2/2
f 5159/2/2 5160/2/2 5163/2/2
f 5163/2/2 5160/2/2 5164/2/2
f 5161/4/2 5162/4/2 5165/4/2
f 5165/4/2 5162/4/2 5166/4/2
f 5163/4/2 5164/4/2 5167/4/2
f 5167/4/2 5164/4/2 5168/4/2
f 5169/2/2 5170/2/2 5173/2/2
f 5173/2/2 5170/2/2 5174/2/2
f 5171/2/2 5172/2/2 5175/2/2
f 5175/2/2 5172/2/2 5176/2/2
f 5173/4/2 5174/4/2 5177/4/2
f 5177/4/2 5174/4/2 5178/4/2
f 5175/4/2 5176/4/2 5179/4/2
f 5179/4/2 5176/4/2 5180/4/2
f 5181/2/2 5182/2/2 5185/2/2
f 5185/2/2 5182/2/2 5186/2/2
f 5183/2/2 5184/2/2 5187/2/2
f 5187/2/2 5184/2/2 5188/2/2
f 5185/4/2 5186/4/2 5189/4/2
f 5189/4/2 5186/4/2 5190/4/2
f 5187/4/2 5188/4/2 5191/4/2
f 5191/4/2 5188/4/2 5192/4/2
f 5193/2/2 5194/2/2 5195/2/2
f 5195/2/2 5194/2/2 5196/2/2
f 5193/2/2 5195/2/2 5197/2/2
f 5195/3/2 5196/3/2 5197/3/2
f 5197/3/2 5196/3/2 5198/3/2
f 5198/3/2 5196/3/2 5199/3/2
f 5196/2/2 5194/2/2 5200/2/2
f 5199/3/2 5196/3/2 5200/3/2
f 5198/3/2 5199/3/2 5201/3/2
f 5197/2/2 5198/2/2 5201/2/2
f 5201/3/2 5199/3/2 5202/3/2
f 5202/3/2 5199/3/2 5203/3/2
f 5199/2/2 5200/2/2 5204/2/2
f 5203/3/2 5199/3/2 5204/3/2
f 5202/3/2 5203/3/2 5205/3/2
f 5201/2/2 5202/2/2 5205/2/2
f 5205/3/2 5203/3/2 5206/3/2
f 5206/3/2 5203/3/2 5207/3/2
f 5203/2/2 5204/2/2 5208/2/2
f 5207/3/2 5203/3/2 5208/3/2
f 5206/3/2 5207/3/2 5209/3/2
f 5205/2/2 5206/2/2 5209/2/2
f 5207/2/2 5208/2/2 5210/2/2
f 5209/3/2 5207/3/2 5210/3/2
f 5193/2/2 5197/2/2 5211/2/2
f 5197/2/2 5201/2/2 5211/2/2
f 5209/2/2 5210/2/2 5211/2/2
f 5205/2/2 5209/2/2 5211/2/2
f 5201/2/2 5205/2/2 5211/2/2
f 5200/2/2 5194/2/2 5212/2/2
f 5211/2/2 5210/2/2 5212/2/2
f 5210/2/2 5208/2/2 5212/2/2
f 5208/2/2 5204/2/2 5212/2/2
f 5204/2/2 5200/2/2 5212/2/2
f 5211/4/2 5212/4/2 5213/4/2
f 5213/4/2 5212/4/2 5214/4/2
f 5218/2/3 5216/2/3 5215/2/3
f 5219/2/3 5216/2/3 5218/2/3
f 5220/3/3 5219/3/3 5218/3/3
f 5220/2/3 5216/2/3 5219/2/3
f 5221/2/3 5216/2/3 5220/2/3
f 5222/3/3 5221/3/3 5220/3/3
f 5222/2/3 5216/2/3 5221/2/3
f 5223/2/3 5216/2/3 5222/2/3
f 5224/3/3 5223/3/3 5222/3/3
f 5224/2/3 5216/2/3 5223/2/3
f 5225/2/3 5216/2/3 5224/2/3
f 5226/3/3 5224/3/3 5222/3/3
f 5226/3/3 5225/3/3 5224/3/3
f 5227/2/3 5216/2/3 5225/2/3
f 5227/3/3 5225/3/3 5226/3/3
f 5228/3/3 5222/3/3 5220/3/3
f 5228/3/3 5226/3/3 5222/3/3
f 5229/2/3 5227/2/3 5226/2/3
f 5229/3/3 5226/3/3 5228/3/3
f 5230/3/3 5220/3/3 5218/3/3
f 5230/3/3 5228/3/3 5220/3/3
f 5231/2/3 5229/2/3 5228/2/3
f 5231/3/3 5228/3/3 5230/3/3
f 5232/2/3 5218/2/3 5215/2/3
f 5232/3/3 5230/3/3 5218/3/3
f 5233/2/3 5231/2/3 5230/2/3
f 5233/3/3 5230/3/3 5232/3/3
f 5234/2/3 5232/2/3 5215/2/3
f 5234/2/3 5233/2/3 5232/2/3
f 5235/4/3 5217/4/3 5216/4/3
f 5235/2/3 5233/2/3 5234/2/3
f 5235/2/3 5229/2/3 5231/2/3
f 5235/2/3 5231/2/3 5233/2/3
f 5235/2/3 5216/2/3 5227/2/3
f 5235/2/3 5227/2/3 5229/2/3
f 5236/4/3 5217/4/3 5235/4/3
f 5240/2/3 5238/2/3 5237/2/3
f 5241/4/3 5239/4/3 5238/4/3
f 5241/2/3 5238/2/3 5240/2/3
f 5242/4/3 5239/4/3 5241/4/3
f 5246/2/3 5244/2/3 5243/2/3
f 5247/4/3 5245/4/3 5244/4/3
f 5247/2/3 5244/2/3 5246/2/3
f 5248/4/3 5245/4/3 5247/4/3
f 5252/2/3 5250/2/3 5249/2/3
f 5253/4/3 5251/4/3 5250/4/3
f 5253/2/3 5250/2/3 5252/2/3
f 5254/4/3 5251/4/3 5253/4/3
f 5258/2/3 5256/2/3 5255/2/3
f 5259/4/3 5257/4/3 5256/4/3
f 5259/2/3 5256/2/3 5258/2/3
f 5260/4/3 5257/4/3 5259/4/3
f 5264/2/3 5262/2/3 5261/2/3
f 5265/4/3 5263/4/3 5262/4/3
f 5265/2/3 5262/2/3 5264/2/3
f 5266/4/3 5263/4/3 5265/4/3
f 5270/2/3 5268/2/3 5267/2/3
f 5271/4/3 5269/4/3 5268/4/3
f 5271/2/3 5268/2/3 5270/2/3
f 5272/4/3 5269/4/3 5271/4/3
f 5276/2/3 5274/2/3 5273/2/3
f 5277/4/3 5275/4/3 5274/4/3
f 5277/2/3 5274/2/3 5276/2/3
f 5278/4/3 5275/4/3 5277/4/3
f 5282/2/3 5280/2/3 5279/2/3
f 5283/4/3 5281/4/3 5280/4/3
f 5283/2/3 5280/2/3 5282/2/3
f 5284/4/3 5281/4/3 5283/4/3
f 5288/2/3 5286/2/3 5285/2/3
f 5289/4/3 5287/4/3 5286/4/3
f 5289/2/3 5286/2/3 5288/2/3
f 5290/4/3 5287/4/3 5289/4/3
f 5294/2/3 5292/2/3 5291/2/3
f 5295/4/3 5293/4/3 5292/4/3
f 5295/2/3 5292/2/3 5294/2/3
f 5296/4/3 5293/4/3 5295/4/3
f 5300/2/3 5298/2/3 5297/2/3
f 5301/4/3 5299/4/3 5298/4/3
f 5301/2/3 5298/2/3 5300/2/3
f 5302/4/3 5299/4/3 5301/4/3
f 5306/2/3 5304/2/3 5303/2/3
f 5307/4/3 5305/4/3 5304/4/3
f 5307/2/3 5304/2/3 5306/2/3
f 5308/4/3 5305/4/3 5307/4/3
f 5312/2/3 5310/2/3 5309/2/3
f 5313/4/3 5311/4/3 5310/4/3
f 5313/2/3 5310/2/3 5312/2/3
f 5314/4/3 5311/4/3 5313/4/3
f 5318/2/3 5316/2/3 5315/2/3
f 5319/4/3 5317/4/3 5316/4/3
f 5319/2/3 5316/2/3 5318/2/3
f 5320/4/3 5317/4/3 5319/4/3
f 5324/2/3 5322/2/3 5321/2/3
f 5325/4/3 5323/4/3 5322/4/3
f 5325/2/3 5322/2/3 5324/2/3
f 5326/4/3 5323/4/3 5325/4/3
f 5330/2/3 5328/2/3 5327/2/3
f 5331/4/3 5329/4/3 5328/4/3
f 5331/2/3 5328/2/3 5330/2/3
f 5332/4/3 5329/4/3 5331/4/3
f 5336/2/3 5334/2/3 5333/2/3
f 5337/4/3 5335/4/3 5334/4/3
f 5337/2/3 5334/2/3 5336/2/3
f 5338/4/3 5335/4/3 5337/4/3
f 5342/2/3 5340/2/3 5339/2/3
f 5343/4/3 5341/4/3 5340/4/3
f 5343/2/3 5340/2/3 5342/2/3
f 5344/4/3 5341/4/3 5343/4/3
f 5348/2/3 5346/2/3 5345/2/3
f 5349/4/3 5347/4/3 5346/4/3
f 5349/2/3 5346/2/3 5348/2/3
f 5350/4/3 5347/4/3 5349/4/3
f 5354/2/3 5352/2/3 5351/2/3
f 5355/4/3 5353/4/3 5352/4/3
f 5355/2/3 5352/2/3 5354/2/3
f 5356/4/3 5353/4/3 5355/4/3
f 5360/2/3 5358/2/3 5357/2/3
f 5361/4/3 5359/4/3 5358/4/3
f 5361/2/3 5358/2/3 5360/2/3
f 5362/4/3 5359/4/3 5361/4/3
f 5366/2/3 5364/2/3 5363/2/3
f 5367/4/3 5365/4/3 5364/4/3
f 5367/2/3 5364/2/3 5366/2/3
f 5368/4/3 5365/4/3 5367/4/3
f 5372/2/3 5370/2/3 5369/2/3
f 5373/4/3 5371/4/3 5370/4/3
f 5373/2/3 5370/2/3 5372/2/3
f 5374/4/3 5371/4/3 5373/4/3
f 5378/2/3 5376/2/3 5375/2/3
f 5379/4/3 5377/4/3 5376/4/3
f 5379/2/3 5376/2/3 5378/2/3
f 5380/4/3 5377/4/3 5379/4/3
f 5384/2/3 5382/2/3 5381/2/3
f 5385/4/3 5383/4/3 5382/4/3
f 5385/2/3 5382/2/3 5384/2/3
f 5386/4/3 5383/4/3 5385/4/3
f 5390/2/3 5388/2/3 5387/2/3
f 5391/4/3 5389/4/3 5388/4/3
f 5391/2/3 5388/2/3 5390/2/3
f 5392/4/3 5389/4/3 5391/4/3
f 5396/2/3 5394/2/3 5393/2/3
f 5397/4/3 5395/4/3 5394/4/3
f 5397/2/3 5394/2/3 5396/2/3
f 5398/4/3 5395/4/3 5397/4/3
f 5402/2/3 5400/2/3 5399/2/3
f 5403/4/3 5401/4/3 5400/4/3
f 5403/2/3 5400/2/3 5402/2/3
f 5404/4/3 5401/4/3 5403/4/3
f 5408/2/3 5406/2/3 5405/2/3
f 5409/4/3 5407/4/3 5406/4/3
f 5409/2/3 5406/2/3 5408/2/3
f 5410/4/3 5407/4/3 5409/4/3
f 5414/2/3 5412/2/3 5411/2/3
f 5415/4/3 5413/4/3 5412/4/3
f 5415/2/3 5412/2/3 5414/2/3
f 5416/4/3 5413/4/3 5415/4/3
f 5420/2/3 5418/2/3 5417/2/3
f 5421/4/3 5419/4/3 5418/4/3
f 5421/2/3 5418/2/3 5420/2/3
f 5422/4/3 5419/4/3 5421/4/3
f 5426/2/3 5424/2/3 5423/2/3
f 5427/4/3 5425/4/3 5424/4/3
f 5427/2/3 5424/2/3 5426/2/3
f 5428/4/3 5425/4/3 5427/4/3
f 5432/2/3 5430/2/3 5429/2/3
f 5433/4/3 5431/4/3 5430/4/3
f 5433/2/3 5430/2/3 5432/2/3
f 5434/4/3 5431/4/3 5433/4/3
f 5438/2/3 5436/2/3 5435/2/3
f 5439/4/3 5437/4/3 5436/4/3
f 5439/2/3 5436/2/3 5438/2/3
f 5440/4/3 5437/4/3 5439/4/3
f 5444/2/3 5442/2/3 5441/2/3
f 5445/4/3 5443/4/3 5442/4/3
f 5445/2/3 5442/2/3 5444/2/3
f 5446/4/3 5443/4/3 5445/4/3
f 5450/2/3 5448/2/3 5447/2/3
f 5451/4/3 5449/4/3 5448/4/3
f 5451/2/3 5448/2/3 5450/2/3
f 5452/4/3 5449/4/3 5451/4/3
f 5456/2/3 5454/2/3 5453/2/3
f 5457/4/3 5455/4/3 5454/4/3
f 5457/2/3 5454/2/3 5456/2/3
f 5458/4/3 5455/4/3 5457/4/3
f 5462/2/3 5460/2/3 5459/2/3
f 5463/4/3 5461/4/3 5460/4/3
f 5463/2/3 5460/2/3 5462/2/3
f 5464/4/3 5461/4/3 5463/4/3
f 5468/2/3 5466/2/3 5465/2/3
f 5469/4/3 5467/4/3 5466/4/3
f 5469/2/3 5466/2/3 5468/2/3
f 5470/4/3 5467/4/3 5469/4/3
f 5474/2/3 5472/2/3 5471/2/3
f 5475/4/3 5473/4/3 5472/4/3
f 5475/2/3 5472/2/3 5474/2/3
f 5476/4/3 5473/4/3 5475/4/3
f 5480/2/3 5478/2/3 5477/2/3
f 5481/4/3 5479/4/3 5478/4/3
f 5481/2/3 5478/2/3 5480/2/3
f 5482/4/3 5479/4/3 5481/4/3
f 5486/2/3 5484/2/3 5483/2/3
f 5487/4/3 5485/4/3 5484/4/3
f 5487/2/3 5484/2/3 5486/2/3
f 5488/4/3 5485/4/3 5487/4/3
f 5492/2/3 5490/2/3 5489/2/3
f 5493/4/3 5491/4/3 5490/4/3
f 5493/2/3 5490/2/3 5492/2/3
f 5494/4/3 5491/4/3 5493/4/3
f 5498/2/3 5496/2/3 5495/2/3
f 5499/4/3 5497/4/3 5496/4/3
f 5499/2/3 5496/2/3 5498/2/3
f 5500/4/3 5497/4/3 5499/4/3
f 5504/2/3 5502/2/3 5501/2/3
f 5505/4/3 5503/4/3 5502/4/3
f 5505/2/3 5502/2/3 5504/2/3
f 5506/4/3 5503/4/3 5505/4/3
f 5510/2/3 5508/2/3 5507/2/3
f 5511/4/3 5509/4/3 5508/4/3
f 5511/2/3 5508/2/3 5510/2/3
f 5512/4/3 5509/4/3 5511/4/3
f 5516/2/3 5514/2/3 5513/2/3
f 5517/4/3 5515/4/3 5514/4/3
f 5517/2/3 5514/2/3 5516/2/3
f 5518/4/3 5515/4/3 5517/4/3
f 5522/2/3 5520/2/3 5519/2/3
f 5523/4/3 5521/4/3 5520/4/3
f 5523/2/3 5520/2/3 5522/2/3
f 5524/4/3 5521/4/3 5523/4/3
f 5528/2/3 5526/2/3 5525/2/3
f 5529/4/3 5527/4/3 5526/4/3
f 5529/2/3 5526/2/3 5528/2/3
f 5530/4/3 5527/4/3 5529/4/3
f 5534/2/3 5532/2/3 5531/2/3
f 5535/4/3 5533/4/3 5532/4/3
f 5535/2/3 5532/2/3 5534/2/3
f 5536/4/3 5533/4/3 5535/4/3
f 5540/2/3 5538/2/3 5537/2/3
f 5541/4/3 5539/4/3 5538/4/3
f 5541/2/3 5538/2/3 5540/2/3
f 5542/4/3 5539/4/3 5541/4/3
f 5546/2/3 5544/2/3 5543/2/3
f 5547/4/3 5545/4/3 5544/4/3
f 5547/2/3 5544/2/3 5546/2/3
f 5548/4/3 5545/4/3 5547/4/3
f 5552/2/3 5550/2/3 5549/2/3
f 5553/4/3 5551/4/3 5550/4/3
f 5553/2/3 5550/2/3 5552/2/3
f 5554/4/3 5551/4/3 5553/4/3
f 5558/2/3 5556/2/3 5555/2/3
f 5559/4/3 5557/4/3 5556/4/3
f 5559/2/3 5556/2/3 5558/2/3
f 5560/4/3 5557/4/3 5559/4/3
f 5564/2/3 5562/2/3 5561/2/3
f 5565/4/3 5563/4/3 5562/4/3
f 5565/2/3 5562/2/3 5564/2/3
f 5566/4/3 5563/4/3 5565/4/3
f 5570/2/3 5568/2/3 5567/2/3
f 5571/4/3 5569/4/3 5568/4/3
f 5571/2/3 5568/2/3 5570/2/3
f 5572/4/3 5569/4/3 5571/4/3
f 5576/2/3 5574/2/3 5573/2/3
f 5577/4/3 5575/4/3 5574/4/3
f 5577/2/3 5574/2/3 5576/2/3
f 5578/4/3 5575/4/3 5577/4/3
f 5583/1/3 5580/1/3 5579/1/3
f 5584/1/3 5580/1/3 5583/1/3
f 5585/1/3 5582/1/3 5581/1/3
f 5586/1/3 5582/1/3 5585/1/3
f 5590/2/3 5588/2/3 5587/2/3
f 5591/4/3 5589/4/3 5588/4/3
f 5591/2/3 5588/2/3 5590/2/3
f 5592/4/3 5589/4/3 5591/4/3
f 5596/2/3 5594/2/3 5593/2/3
f 5597/4/3 5595/4/3 5594/4/3
f 5597/2/3 5594/2/3 5596/2/3
f 5598/4/3 5595/4/3 5597/4/3
f 5603/1/3 5600/1/3 5599/1/3
f 5604/1/3 5600/1/3 5603/1/3
f 5607/1/3 5602/1/3 5601/1/3
f 5608/1/3 5602/1/3 5607/1/3
f 5611/1/3 5610/1/3 5609/1/3
f 5612/1/3 5610/1/3 5611/1/3
f 5614/1/3 5605/1/3 5604/1/3
f 5615/1/3 5605/1/3 5614/1/3
f 5616/1/3 5607/1/3 5606/1/3
f 5617/1/3 5607/1/3 5616/1/3
f 5619/1/3 5614/1/3 5613/1/3
f 5620/1/3 5614/1/3 5619/1/3
f 5621/1/3 5618/1/3 5617/1/3
f 5622/1/3 5618/1/3 5621/1/3
f 5626/2/3 5624/2/3 5623/2/3
f 5627/4/3 5625/4/3 5624/4/3
f 5627/2/3 5624/2/3 5626/2/3
f 5628/4/3 5625/4/3 5627/4/3
f 5633/1/3 5630/1/3 5629/1/3
f 5634/1/3 5630/1/3 5633/1/3
f 5637/1/3 5632/1/3 5631/1/3
f 5638/1/3 5632/1/3 5637/1/3
f 5639/1/3 5635/1/3 5634/1/3
f 5640/1/3 5635/1/3 5639/1/3
f 5643/1/3 5637/1/3 5636/1/3
f 5644/1/3 5637/1/3 5643/1/3
f 5647/1/3 5646/1/3 5645/1/3
f 5648/1/3 5646/1/3 5647/1/3
f 5652/1/3 5641/1/3 5640/1/3
f 5653/1/3 5641/1/3 5652/1/3
f 5654/1/3 5643/1/3 5642/1/3
f 5655/1/3 5643/1/3 5654/1/3
f 5657/1/3 5650/1/3 5649/1/3
f 5658/1/3 5650/1/3 5657/1/3
f 5660/1/3 5652/1/3 5651/1/3
f 5661/1/3 5652/1/3 5660/1/3
f 5662/1/3 5656/1/3 5655/1/3
f 5663/1/3 5656/1/3 5662/1/3
f 5665/1/3 5660/1/3 5659/1/3
f 5666/1/3 5660/1/3 5665/1/3
f 5667/1/3 5664/1/3 5663/1/3
f 5668/1/3 5664/1/3 5667/1/3
f 5672/2/3 5670/2/3 5669/2/3
f 5673/4/3 5671/4/3 5670/4/3
f 5673/2/3 5670/2/3 5672/2/3
f 5674/4/3 5671/4/3 5673/4/3
f 5679/1/3 5676/1/3 5675/1/3
f 5680/1/3 5676/1/3 5679/1/3
f 5683/1/3 5678/1/3 5677/1/3
f 5684/1/3 5678/1/3 5683/1/3
f 5685/1/3 5681/1/3 5680/1/3
f 5686/1/3 5681/1/3 5685/1/3
f 5689/1/3 5683/1/3 5682/1/3
f 5690/1/3 5683/1/3 5689/1/3
f 5693/1/3 5687/1/3 5686/1/3
f 5694/1/3 5687/1/3 5693/1/3
f 5697/1/3 5689/1/3 5688/1/3
f 5698/1/3 5689/1/3 5697/1/3
f 5699/1/3 5692/1/3 5691/1/3
f 5700/1/3 5692/1/3 5699/1/3
f 5701/1/3 5695/1/3 5694/1/3
f 5702/1/3 5697/1/3 5696/1/3
f 5705/1/3 5702/1/3 5701/1/3
f 5705/1/3 5701/1/3 5694/1/3
f 5706/1/3 5697/1/3 5702/1/3
f 5706/1/3 5702/1/3 5705/1/3
f 5707/1/3 5704/1/3 5703/1/3
f 5708/1/3 5704/1/3 5707/1/3
f 5710/1/3 5705/1/3 5694/1/3
f 5711/1/3 5705/1/3 5710/1/3
f 5712/1/3 5697/1/3 5706/1/3
f 5713/1/3 5697/1/3 5712/1/3
f 5718/1/3 5710/1/3 5709/1/3
f 5719/1/3 5710/1/3 5718/1/3
f 5720/1/3 5714/1/3 5713/1/3
f 5721/1/3 5714/1/3 5720/1/3
f 5723/1/3 5716/1/3 5715/1/3
f 5724/1/3 5716/1/3 5723/1/3
f 5726/1/3 5718/1/3 5717/1/3
f 5727/1/3 5718/1/3 5726/1/3
f 5728/1/3 5722/1/3 5721/1/3
f 5729/1/3 5722/1/3 5728/1/3
f 5731/1/3 5726/1/3 5725/1/3
f 5732/1/3 5726/1/3 5731/1/3
f 5733/1/3 5730/1/3 5729/1/3
f 5734/1/3 5730/1/3 5733/1/3
f 5738/2/3 5736/2/3 5735/2/3
f 5739/4/3 5737/4/3 5736/4/3
f 5739/2/3 5736/2/3 5738/2/3
f 5740/4/3 5737/4/3 5739/4/3
f 5744/2/3 5742/2/3 5741/2/3
f 5745/4/3 5743/4/3 5742/4/3
f 5745/2/3 5742/2/3 5744/2/3
f 5746/4/3 5743/4/3 5745/4/3
f 5749/1/3 5748/1/3 5747/1/3
f 5750/1/3 5748/1/3 5749/1/3
f 5755/1/3 5752/1/3 5751/1/3
f 5756/1/3 5752/1/3 5755/1/3
f 5757/1/3 5754/1/3 5753/1/3
f 5758/1/3 5754/1/3 5757/1/3
f 5763/1/3 5760/1/3 5759/1/3
f 5764/1/3 5760/1/3 5763/1/3
f 5765/1/3 5762/1/3 5761/1/3
f 5766/1/3 5762/1/3 5765/1/3
f 5769/1/3 5768/1/3 5767/1/3
f 5770/1/3 5768/1/3 5769/1/3
f 5774/2/3 5772/2/3 5771/2/3
f 5775/4/3 5773/4/3 5772/4/3
f 5775/2/3 5772/2/3 5774/2/3
f 5776/4/3 5773/4/3 5775/4/3
f 5780/2/3 5778/2/3 5777/2/3
f 5781/4/3 5779/4/3 5778/4/3
f 5781/2/3 5778/2/3 5780/2/3
f 5782/4/3 5779/4/3 5781/4/3
f 5786/2/3 5784/2/3 5783/2/3
f 5787/4/3 5785/4/3 5784/4/3
f 5787/2/3 5784/2/3 5786/2/3
f 5788/4/3 5785/4/3 5787/4/3
f 5792/2/3 5790/2/3 5789/2/3
f 5793/4/3 5791/4/3 5790/4/3
f 5793/2/3 5790/2/3 5792/2/3
f 5794/4/3 5791/4/3 5793/4/3
f 5798/2/3 5796/2/3 5795/2/3
f 5799/4/3 5797/4/3 5796/4/3
f 5799/2/3 5796/2/3 5798/2/3
f 5800/4/3 5797/4/3 5799/4/3
f 5804/2/3 5802/2/3 5801/2/3
f 5805/4/3 5803/4/3 5802/4/3
f 5805/2/3 5802/2/3 5804/2/3
f 5806/4/3 5803/4/3 5805/4/3
f 5810/2/3 5808/2/3 5807/2/3
f 5811/4/3 5809/4/3 5808/4/3
f 5811/2/3 5808/2/3 5810/2/3
f 5812/4/3 5809/4/3 5811/4/3
f 5816/2/3 5814/2/3 5813/2/3
f 5817/4/3 5815/4/3 5814/4/3
f 5817/2/3 5814/2/3 5816/2/3
f 5818/4/3 5815/4/3 5817/4/3
f 5822/2/3 5820/2/3 5819/2/3
f 5823/4/3 5821/4/3 5820/4/3
f 5823/2/3 5820/2/3 5822/2/3
f 5824/4/3 5821/4/3 5823/4/3
f 5828/2/3 5826/2/3 5825/2/3
f 5829/4/3 5827/4/3 5826/4/3
f 5829/2/3 5826/2/3 5828/2/3
f 5830/4/3 5827/4/3 5829/4/3
f 5834/2/3 5832/2/3 5831/2/3
f 5835/4/3 5833/4/3 5832/4/3
f 5835/2/3 5832/2/3 5834/2/3
f 5836/4/3 5833/4/3 5835/4/3
f 5840/2/3 5838/2/3 5837/2/3
f 5841/4/3 5839/4/3 5838/4/3
f 5841/2/3 5838/2/3 5840/2/3
f 5842/4/3 5839/4/3 5841/4/3
f 5846/2/3 5844/2/3 5843/2/3
f 5847/4/3 5845/4/3 5844/4/3
f 5847/2/3 5844/2/3 5846/2/3
f 5848/4/3 5845/4/3 5847/4/3
f 5852/2/3 5850/2/3 5849/2/3
f 5853/4/3 5851/4/3 5850/4/3
f 5853/2/3 5850/2/3 5852/2/3
f 5854/4/3 5851/4/3 5853/4/3
f 5858/2/3 5856/2/3 5855/2/3
f 5859/4/3 5857/4/3 5856/4/3
f 5859/2/3 5856/2/3 5858/2/3
f 5860/4/3 5857/4/3 5859/4/3
f 5864/2/3 5862/2/3 5861/2/3
f 5865/4/3 5863/4/3 5862/4/3
f 5865/2/3 5862/2/3 5864/2/3
f 5866/4/3 5863/4/3 5865/4/3
f 5871/1/3 5868/1/3 5867/1/3
f 5872/1/3 5868/1/3 5871/1/3
f 5873/1/3 5870/1/3 5869/1/3
f 5874/1/3 5870/1/3 5873/1/3
f 5879/1/3 5876/1/3 5875/1/3
f 5880/1/3 5876/1/3 5879/1/3
f 5881/1/3 5878/1/3 5877/1/3
f 5882/1/3 5878/1/3 5881/1/3
f 5886/2/3 5884/2/3 5883/2/3
f 5887/4/3 5885/4/3 5884/4/3
f 5887/2/3 5884/2/3 5886/2/3
f 5888/4/3 5885/4/3 5887/4/3
f 5892/2/3 5890/2/3 5889/2/3
f 5893/4/3 5891/4/3 5890/4/3
f 5893/2/3 5890/2/3 5892/2/3
f 5894/4/3 5891/4/3 5893/4/3
f 5899/1/3 5896/1/3 5895/1/3
f 5900/1/3 5896/1/3 5899/1/3
f 5903/1/3 5898/1/3 5897/1/3
f 5904/1/3 5898/1/3 5903/1/3
f 5907/1/3 5906/1/3 5905/1/3
f 5908/1/3 5906/1/3 5907/1/3
f 5910/1/3 5901/1/3 5900/1/3
f 5911/1/3 5901/1/3 5910/1/3
f 5912/1/3 5903/1/3 5902/1/3
f 5913/1/3 5903/1/3 5912/1/3
f 5915/1/3 5910/1/3 5909/1/3
f 5916/1/3 5910/1/3 5915/1/3
f 5917/1/3 5914/1/3 5913/1/3
f 5918/1/3 5914/1/3 5917/1/3
f 5923/1/3 5920/1/3 5919/1/3
f 5924/1/3 5920/1/3 5923/1/3
f 5927/1/3 5922/1/3 5921/1/3
f 5928/1/3 5922/1/3 5927/1/3
f 5931/1/3 5930/1/3 5929/1/3
f 5932/1/3 5930/1/3 5931/1/3
f 5934/1/3 5925/1/3 5924/1/3
f 5935/1/3 5925/1/3 5934/1/3
f 5936/1/3 5927/1/3 5926/1/3
f 5937/1/3 5927/1/3 5936/1/3
f 5939/1/3 5934/1/3 5933/1/3
f 5940/1/3 5934/1/3 5939/1/3
f 5941/1/3 5938/1/3 5937/1/3
f 5942/1/3 5938/1/3 5941/1/3
f 5946/2/3 5944/2/3 5943/2/3
f 5947/4/3 5945/4/3 5944/4/3
f 5947/2/3 5944/2/3 5946/2/3
f 5948/4/3 5945/4/3 5947/4/3
f 5953/1/3 5950/1/3 5949/1/3
f 5954/1/3 5950/1/3 5953/1/3
f 5957/1/3 5952/1/3 5951/1/3
f 5958/1/3 5952/1/3 5957/1/3
f 5959/1/3 5955/1/3 5954/1/3
f 5960/1/3 5955/1/3 5959/1/3
f 5963/1/3 5957/1/3 5956/1/3
f 5964/1/3 5957/1/3 5963/1/3
f 5967/1/3 5966/1/3 5965/1/3
f 5968/1/3 5966/1/3 5967/1/3
f 5972/1/3 5961/1/3 5960/1/3
f 5973/1/3 5961/1/3 5972/1/3
f 5974/1/3 5963/1/3 5962/1/3
f 5975/1/3 5963/1/3 5974/1/3
f 5977/1/3 5970/1/3 5969/1/3
f 5978/1/3 5970/1/3 5977/1/3
f 5980/1/3 5972/1/3 5971/1/3
f 5981/1/3 5972/1/3 5980/1/3
f 5982/1/3 5976/1/3 5975/1/3
f 5983/1/3 5976/1/3 5982/1/3
f 5985/1/3 5980/1/3 5979/1/3
f 5986/1/3 5980/1/3 5985/1/3
f 5987/1/3 5984/1/3 5983/1/3
f 5988/1/3 5984/1/3 5987/1/3
f 5993/1/3 5990/1/3 5989/1/3
f 5994/1/3 5990/1/3 5993/1/3
f 5997/1/3 5992/1/3 5991/1/3
f 5998/1/3 5992/1/3 5997/1/3
f 5999/1/3 5995/1/3 5994/1/3
f 6000/1/3 5995/1/3 5999/1/3
f 6003/1/3 5997/1/3 5996/1/3
f 6004/1/3 5997/1/3 6003/1/3
f 6007/1/3 6006/1/3 6005/1/3
f 6008/1/3 6006/1/3 6007/1/3
f 6012/1/3 6001/1/3 6000/1/3
f 6013/1/3 6001/1/3 6012/1/3
f 6014/1/3 6003/1/3 6002/1/3
f 6015/1/3 6003/1/3 6014/1/3
f 6017/1/3 6010/1/3 6009/1/3
f 6018/1/3 6010/1/3 6017/1/3
f 6020/1/3 6012/1/3 6011/1/3
f 6021/1/3 6012/1/3 6020/1/3
f 6022/1/3 6016/1/3 6015/1/3
f 6023/1/3 6016/1/3 6022/1/3
f 6025/1/3 6020/1/3 6019/1/3
f 6026/1/3 6020/1/3 6025/1/3
f 6027/1/3 6024/1/3 6023/1/3
f 6028/1/3 6024/1/3 6027/1/3
f 6032/2/3 6030/2/3 6029/2/3
f 6033/4/3 6031/4/3 6030/4/3
f 6033/2/3 6030/2/3 6032/2/3
f 6034/4/3 6031/4/3 6033/4/3
f 6039/1/3 6036/1/3 6035/1/3
f 6040/1/3 6036/1/3 6039/1/3
f 6043/1/3 6038/1/3 6037/1/3
f 6044/1/3 6038/1/3 6043/1/3
f 6045/1/3 6041/1/3 6040/1/3
f 6046/1/3 6041/1/3 6045/1/3
f 6049/1/3 6043/1/3 6042/1/3
f 6050/1/3 6043/1/3 6049/1/3
f 6053/1/3 6047/1/3 6046/1/3
f 6054/1/3 6047/1/3 6053/1/3
f 6057/1/3 6049/1/3 6048/1/3
f 6058/1/3 6049/1/3 6057/1/3
f 6059/1/3 6052/1/3 6051/1/3
f 6060/1/3 6052/1/3 6059/1/3
f 6061/1/3 6055/1/3 6054/1/3
f 6062/1/3 6057/1/3 6056/1/3
f 6065/1/3 6062/1/3 6061/1/3
f 6065/1/3 6061/1/3 6054/1/3
f 6066/1/3 6057/1/3 6062/1/3
f 6066/1/3 6062/1/3 6065/1/3
f 6067/1/3 6064/1/3 6063/1/3
f 6068/1/3 6064/1/3 6067/1/3
f 6070/1/3 6065/1/3 6054/1/3
f 6071/1/3 6065/1/3 6070/1/3
f 6072/1/3 6057/1/3 6066/1/3
f 6073/1/3 6057/1/3 6072/1/3
f 6078/1/3 6070/1/3 6069/1/3
f 6079/1/3 6070/1/3 6078/1/3
f 6080/1/3 6074/1/3 6073/1/3
f 6081/1/3 6074/1/3 6080/1/3
f 6083/1/3 6076/1/3 6075/1/3
f 6084/1/3 6076/1/3 6083/1/3
f 6086/1/3 6078/1/3 6077/1/3
f 6087/1/3 6078/1/3 6086/1/3
f 6088/1/3 6082/1/3 6081/1/3
f 6089/1/3 6082/1/3 6088/1/3
f 6091/1/3 6086/1/3 6085/1/3
f 6092/1/3 6086/1/3 6091/1/3
f 6093/1/3 6090/1/3 6089/1/3
f 6094/1/3 6090/1/3 6093/1/3
f 6099/1/3 6096/1/3 6095/1/3
f 6100/1/3 6096/1/3 6099/1/3
f 6103/1/3 6098/1/3 6097/1/3
f 6104/1/3 6098/1/3 6103/1/3
f 6105/1/3 6101/1/3 6100/1/3
f 6106/1/3 6101/1/3 6105/1/3
f 6109/1/3 6103/1/3 6102/1/3
f 6110/1/3 6103/1/3 6109/1/3
f 6113/1/3 6107/1/3 6106/1/3
f 6114/1/3 6107/1/3 6113/1/3
f 6117/1/3 6109/1/3 6108/1/3
f 6118/1/3 6109/1/3 6117/1/3
f 6119/1/3 6112/1/3 6111/1/3
f 6120/1/3 6112/1/3 6119/1/3
f 6121/1/3 6115/1/3 6114/1/3
f 6122/1/3 6117/1/3 6116/1/3
f 6125/1/3 6122/1/3 6121/1/3
f 6125/1/3 6121/1/3 6114/1/3
f 6126/1/3 6117/1/3 6122/1/3
f 6126/1/3 6122/1/3 6125/1/3
f 6127/1/3 6124/1/3 6123/1/3
f 6128/1/3 6124/1/3 6127/1/3
f 6130/1/3 6125/1/3 6114/1/3
f 6131/1/3 6125/1/3 6130/1/3
f 6132/1/3 6117/1/3 6126/1/3
f 6133/1/3 6117/1/3 6132/1/3
f 6138/1/3 6130/1/3 6129/1/3
f 6139/1/3 6130/1/3 6138/1/3
f 6140/1/3 6134/1/3 6133/1/3
f 6141/1/3 6134/1/3 6140/1/3
f 6143/1/3 6136/1/3 6135/1/3
f 6144/1/3 6136/1/3 6143/1/3
f 6146/1/3 6138/1/3 6137/1/3
f 6147/1/3 6138/1/3 6146/1/3
f 6148/1/3 6142/1/3 6141/1/3
f 6149/1/3 6142/1/3 6148/1/3
f 6151/1/3 6146/1/3 6145/1/3
f 6152/1/3 6146/1/3 6151/1/3
f 6153/1/3 6150/1/3 6149/1/3
f 6154/1/3 6150/1/3 6153/1/3
f 6158/2/3 6156/2/3 6155/2/3
f 6159/4/3 6157/4/3 6156/4/3
f 6159/2/3 6156/2/3 6158/2/3
f 6160/4/3 6157/4/3 6159/4/3
f 6163/1/3 6162/1/3 6161/1/3
f 6164/1/3 6162/1/3 6163/1/3
f 6169/1/3 6166/1/3 6165/1/3
f 6170/1/3 6166/1/3 6169/1/3
f 6171/1/3 6168/1/3 6167/1/3
f 6172/1/3 6168/1/3 6171/1/3
f 6177/1/3 6174/1/3 6173/1/3
f 6178/1/3 6174/1/3 6177/1/3
f 6179/1/3 6176/1/3 6175/1/3
f 6180/1/3 6176/1/3 6179/1/3
f 6183/1/3 6182/1/3 6181/1/3
f 6184/1/3 6182/1/3 6183/1/3
f 6187/1/3 6186/1/3 6185/1/3
f 6188/1/3 6186/1/3 6187/1/3
f 6193/1/3 6190/1/3 6189/1/3
f 6194/1/3 6190/1/3 6193/1/3
f 6195/1/3 6192/1/3 6191/1/3
f 6196/1/3 6192/1/3 6195/1/3
f 6201/1/3 6198/1/3 6197/1/3
f 6202/1/3 6198/1/3 6201/1/3
f 6203/1/3 6200/1/3 6199/1/3
f 6204/1/3 6200/1/3 6203/1/3
f 6207/1/3 6206/1/3 6205/1/3
f 6208/1/3 6206/1/3 6207/1/3
f 6212/2/3 6210/2/3 6209/2/3
f 6213/4/3 6211/4/3 6210/4/3
f 6213/2/3 6210/2/3 6212/2/3
f 6214/4/3 6211/4/3 6213/4/3
f 6218/2/3 6216/2/3 6215/2/3
f 6219/4/3 6217/4/3 6216/4/3
f 6219/2/3 6216/2/3 6218/2/3
f 6220/4/3 6217/4/3 6219/4/3
f 6224/2/3 6222/2/3 6221/2/3
f 6225/4/3 6223/4/3 6222/4/3
f 6225/2/3 6222/2/3 6224/2/3
f 6226/4/3 6223/4/3 6225/4/3
f 6230/2/3 6228/2/3 6227/2/3
f 6231/4/3 6229/4/3 6228/4/3
f 6231/2/3 6228/2/3 6230/2/3
f 6232/4/3 6229/4/3 6231/4/3
f 6236/2/3 6234/2/3 6233/2/3
f 6237/4/3 6235/4/3 6234/4/3
f 6237/2/3 6234/2/3 6236/2/3
f 6238/4/3 6235/4/3 6237/4/3
f 6242/2/3 6240/2/3 6239/2/3
f 6243/4/3 6241/4/3 6240/4/3
f 6243/2/3 6240/2/3 6242/2/3
f 6244/4/3 6241/4/3 6243/4/3
f 6248/2/3 6246/2/3 6245/2/3
f 6249/4/3 6247/4/3 6246/4/3
f 6249/2/3 6246/2/3 6248/2/3
f 6250/4/3 6247/4/3 6249/4/3
f 6254/2/3 6252/2/3 6251/2/3
f 6255/4/3 6253/4/3 6252/4/3
f 6255/2/3 6252/2/3 6254/2/3
f 6256/4/3 6253/4/3 6255/4/3
f 6260/2/3 6258/2/3 6257/2/3
f 6261/4/3 6259/4/3 6258/4/3
f 6261/2/3 6258/2/3 6260/2/3
f 6262/4/3 6259/4/3 6261/4/3
f 6266/2/3 6264/2/3 6263/2/3
f 6267/4/3 6265/4/3 6264/4/3
f 6267/2/3 6264/2/3 6266/2/3
f 6268/4/3 6265/4/3 6267/4/3
f 6272/2/3 6270/2/3 6269/2/3
f 6273/4/3 6271/4/3 6270/4/3
f 6273/2/3 6270/2/3 6272/2/3
f 6274/4/3 6271/4/3 6273/4/3
f 6278/2/3 6276/2/3 6275/2/3
f 6279/4/3 6277/4/3 6276/4/3
f 6279/2/3 6276/2/3 6278/2/3
f 6280/4/3 6277/4/3 6279/4/3
f 6284/2/3 6282/2/3 6281/2/3
f 6285/4/3 6283/4/3 6282/4/3
f 6285/2/3 6282/2/3 6284/2/3
f 6286/4/3 6283/4/3 6285/4/3
f 6290/2/3 6288/2/3 6287/2/3
f 6291/4/3 6289/4/3 6288/4/3
f 6291/2/3 6288/2/3 6290/2/3
f 6292/4/3 6289/4/3 6291/4/3
f 6296/2/3 6294/2/3 6293/2/3
f 6297/4/3 6295/4/3 6294/4/3
f 6297/2/3 6294/2/3 6296/2/3
f 6298/4/3 6295/4/3 6297/4/3
f 6302/2/3 6300/2/3 6299/2/3
f 6303/4/3 6301/4/3 6300/4/3
f 6303/2/3 6300/2/3 6302/2/3
f 6304/4/3 6301/4/3 6303/4/3
f 6308/2/3 6306/2/3 6305/2/3
f 6309/4/3 6307/4/3 6306/4/3
f 6309/2/3 6306/2/3 6308/2/3
f 6310/4/3 6307/4/3 6309/4/3
f 6314/2/3 6312/2/3 6311/2/3
f 6315/4/3 6313/4/3 6312/4/3
f 6315/2/3 6312/2/3 6314/2/3
f 6316/4/3 6313/4/3 6315/4/3
f 6321/1/3 6318/1/3 6317/1/3
f 6322/1/3 6318/1/3 6321/1/3
f 6323/1/3 6320/1/3 6319/1/3
f 6324/1/3 6320/1/3 6323/1/3
f 6329/1/3 6326/1/3 6325/1/3
f 6330/1/3 6326/1/3 6329/1/3
f 6331/1/3 6328/1/3 6327/1/3
f 6332/1/3 6328/1/3 6331/1/3
f 6337/1/3 6334/1/3 6333/1/3
f 6338/1/3 6334/1/3 6337/1/3
f 6339/1/3 6336/1/3 6335/1/3
f 6340/1/3 6336/1/3 6339/1/3
f 6345/1/3 6342/1/3 6341/1/3
f 6346/1/3 6342/1/3 6345/1/3
f 6349/1/3 6344/1/3 6343/1/3
f 6350/1/3 6344/1/3 6349/1/3
f 6353/1/3 6352/1/3 6351/1/3
f 6354/1/3 6352/1/3 6353/1/3
f 6356/1/3 6347/1/3 6346/1/3
f 6357/1/3 6347/1/3 6356/1/3
f 6358/1/3 6349/1/3 6348/1/3
f 6359/1/3 6349/1/3 6358/1/3
f 6361/1/3 6356/1/3 6355/1/3
f 6362/1/3 6356/1/3 6361/1/3
f 6363/1/3 6360/1/3 6359/1/3
f 6364/1/3 6360/1/3 6363/1/3
f 6369/1/3 6366/1/3 6365/1/3
f 6370/1/3 6366/1/3 6369/1/3
f 6373/1/3 6368/1/3 6367/1/3
f 6374/1/3 6368/1/3 6373/1/3
f 6377/1/3 6376/1/3 6375/1/3
f 6378/1/3 6376/1/3 6377/1/3
f 6380/1/3 6371/1/3 6370/1/3
f 6381/1/3 6371/1/3 6380/1/3
f 6382/1/3 6373/1/3 6372/1/3
f 6383/1/3 6373/1/3 6382/1/3
f 6385/1/3 6380/1/3 6379/1/3
f 6386/1/3 6380/1/3 6385/1/3
f 6387/1/3 6384/1/3 6383/1/3
f 6388/1/3 6384/1/3 6387/1/3
f 6393/1/3 6390/1/3 6389/1/3
f 6394/1/3 6390/1/3 6393/1/3
f 6397/1/3 6392/1/3 6391/1/3
f 6398/1/3 6392/1/3 6397/1/3
f 6401/1/3 6400/1/3 6399/1/3
f 6402/1/3 6400/1/3 6401/1/3
f 6404/1/3 6395/1/3 6394/1/3
f 6405/1/3 6395/1/3 6404/1/3
f 6406/1/3 6397/1/3 6396/1/3
f 6407/1/3 6397/1/3 6406/1/3
f 6409/1/3 6404/1/3 6403/1/3
f 6410/1/3 6404/1/3 6409/1/3
f 6411/1/3 6408/1/3 6407/1/3
f 6412/1/3 6408/1/3 6411/1/3
f 6417/1/3 6414/1/3 6413/1/3
f 6418/1/3 6414/1/3 6417/1/3
f 6421/1/3 6416/1/3 6415/1/3
f 6422/1/3 6416/1/3 6421/1/3
f 6423/1/3 6419/1/3 6418/1/3
f 6424/1/3 6419/1/3 6423/1/3
f 6427/1/3 6421/1/3 6420/1/3
f 6428/1/3 6421/1/3 6427/1/3
f 6431/1/3 6430/1/3 6429/1/3
f 6432/1/3 6430/1/3 6431/1/3
f 6436/1/3 6425/1/3 6424/1/3
f 6437/1/3 6425/1/3 6436/1/3
f 6438/1/3 6427/1/3 6426/1/3
f 6439/1/3 6427/1/3 6438/1/3
f 6441/1/3 6434/1/3 6433/1/3
f 6442/1/3 6434/1/3 6441/1/3
f 6444/1/3 6436/1/3 6435/1/3
f 6445/1/3 6436/1/3 6444/1/3
f 6446/1/3 6440/1/3 6439/1/3
f 6447/1/3 6440/1/3 6446/1/3
f 6449/1/3 6444/1/3 6443/1/3
f 6450/1/3 6444/1/3 6449/1/3
f 6451/1/3 6448/1/3 6447/1/3
f 6452/1/3 6448/1/3 6451/1/3
f 6457/1/3 6454/1/3 6453/1/3
f 6458/1/3 6454/1/3 6457/1/3
f 6461/1/3 6456/1/3 6455/1/3
f 6462/1/3 6456/1/3 6461/1/3
f 6463/1/3 6459/1/3 6458/1/3
f 6464/1/3 6459/1/3 6463/1/3
f 6467/1/3 6461/1/3 6460/1/3
f 6468/1/3 6461/1/3 6467/1/3
f 6471/1/3 6470/1/3 6469/1/3
f 6472/1/3 6470/1/3 6471/1/3
f 6476/1/3 6465/1/3 6464/1/3
f 6477/1/3 6465/1/3 6476/1/3
f 6478/1/3 6467/1/3 6466/1/3
f 6479/1/3 6467/1/3 6478/1/3
f 6481/1/3 6474/1/3 6473/1/3
f 6482/1/3 6474/1/3 6481/1/3
f 6484/1/3 6476/1/3 6475/1/3
f 6485/1/3 6476/1/3 6484/1/3
f 6486/1/3 6480/1/3 6479/1/3
f 6487/1/3 6480/1/3 6486/1/3
f 6489/1/3 6484/1/3 6483/1/3
f 6490/1/3 6484/1/3 6489/1/3
f 6491/1/3 6488/1/3 6487/1/3
f 6492/1/3 6488/1/3 6491/1/3
f 6497/1/3 6494/1/3 6493/1/3
f 6498/1/3 6494/1/3 6497/1/3
f 6501/1/3 6496/1/3 6495/1/3
f 6502/1/3 6496/1/3 6501/1/3
f 6503/1/3 6499/1/3 6498/1/3
f 6504/1/3 6499/1/3 6503/1/3
f 6507/1/3 6501/1/3 6500/1/3
f 6508/1/3 6501/1/3 6507/1/3
f 6511/1/3 6510/1/3 6509/1/3
f 6512/1/3 6510/1/3 6511/1/3
f 6516/1/3 6505/1/3 6504/1/3
f 6517/1/3 6505/1/3 6516/1/3
f 6518/1/3 6507/1/3 6506/1/3
f 6519/1/3 6507/1/3 6518/1/3
f 6521/1/3 6514/1/3 6513/1/3
f 6522/1/3 6514/1/3 6521/1/3
f 6524/1/3 6516/1/3 6515/1/3
f 6525/1/3 6516/1/3 6524/1/3
f 6526/1/3 6520/1/3 6519/1/3
f 6527/1/3 6520/1/3 6526/1/3
f 6529/1/3 6524/1/3 6523/1/3
f 6530/1/3 6524/1/3 6529/1/3
f 6531/1/3 6528/1/3 6527/1/3
f 6532/1/3 6528/1/3 6531/1/3
f 6537/1/3 6534/1/3 6533/1/3
f 6538/1/3 6534/1/3 6537/1/3
f 6541/1/3 6536/1/3 6535/1/3
f 6542/1/3 6536/1/3 6541/1/3
f 6543/1/3 6539/1/3 6538/1/3
f 6544/1/3 6539/1/3 6543/1/3
f 6547/1/3 6541/1/3 6540/1/3
f 6548/1/3 6541/1/3 6547/1/3
f 6551/1/3 6545/1/3 6544/1/3
f 6552/1/3 6545/1/3 6551/1/3
f 6555/1/3 6547/1/3 6546/1/3
f 6556/1/3 6547/1/3 6555/1/3
f 6557/1/3 6550/1/3 6549/1/3
f 6558/1/3 6550/1/3 6557/1/3
f 6559/1/3 6553/1/3 6552/1/3
f 6560/1/3 6555/1/3 6554/1/3
f 6563/1/3 6560/1/3 6559/1/3
f 6563/1/3 6559/1/3 6552/1/3
f 6564/1/3 6555/1/3 6560/1/3
f 6564/1/3 6560/1/3 6563/1/3
f 6565/1/3 6562/1/3 6561/1/3
f 6566/1/3 6562/1/3 6565/1/3
f 6568/1/3 6563/1/3 6552/1/3
f 6569/1/3 6563/1/3 6568/1/3
f 6570/1/3 6555/1/3 6564/1/3
f 6571/1/3 6555/1/3 6570/1/3
f 6576/1/3 6568/1/3 6567/1/3
f 6577/1/3 6568/1/3 6576/1/3
f 6578/1/3 6572/1/3 6571/1/3
f 6579/1/3 6572/1/3 6578/1/3
f 6581/1/3 6574/1/3 6573/1/3
f 6582/1/3 6574/1/3 6581/1/3
f 6584/1/3 6576/1/3 6575/1/3
f 6585/1/3 6576/1/3 6584/1/3
f 6586/1/3 6580/1/3 6579/1/3
f 6587/1/3 6580/1/3 6586/1/3
f 6589/1/3 6584/1/3 6583/1/3
f 6590/1/3 6584/1/3 6589/1/3
f 6591/1/3 6588/1/3 6587/1/3
f 6592/1/3 6588/1/3 6591/1/3
f 6597/1/3 6594/1/3 6593/1/3
f 6598/1/3 6594/1/3 6597/1/3
f 6601/1/3 6596/1/3 6595/1/3
f 6602/1/3 6596/1/3 6601/1/3
f 6603/1/3 6599/1/3 6598/1/3
f 6604/1/3 6599/1/3 6603/1/3
f 6607/1/3 6601/1/3 6600/1/3
f 6608/1/3 6601/1/3 6607/1/3
f 6611/1/3 6605/1/3 6604/1/3
f 6612/1/3 6605/1/3 6611/1/3
f 6615/1/3 6607/1/3 6606/1/3
f 6616/1/3 6607/1/3 6615/1/3
f 6617/1/3 6610/1/3 6609/1/3
f 6618/1/3 6610/1/3 6617/1/3
f 6619/1/3 6613/1/3 6612/1/3
f 6620/1/3 6615/1/3 6614/1/3
f 6623/1/3 6620/1/3 6619/1/3
f 6623/1/3 6619/1/3 6612/1/3
f 6624/1/3 6615/1/3 6620/1/3
f 6624/1/3 6620/1/3 6623/1/3
f 6625/1/3 6622/1/3 6621/1/3
f 6626/1/3 6622/1/3 6625/1/3
f 6628/1/3 6623/1/3 6612/1/3
f 6629/1/3 6623/1/3 6628/1/3
f 6630/1/3 6615/1/3 6624/1/3
f 6631/1/3 6615/1/3 6630/1/3
f 6636/1/3 6628/1/3 6627/1/3
f 6637/1/3 6628/1/3 6636/1/3
f 6638/1/3 6632/1/3 6631/1/3
f 6639/1/3 6632/1/3 6638/1/3
f 6641/1/3 6634/1/3 6633/1/3
f 6642/1/3 6634/1/3 6641/1/3
f 6645/1/3 6636/1/3 6635/1/3
f 6646/1/3 6636/1/3 6645/1/3
f 6647/1/3 6640/1/3 6639/1/3
f 6648/1/3 6640/1/3 6647/1/3
f 6650/5/3 6644/5/3 6643/5/3
f 6651/1/3 6645/1/3 6644/1/3
f 6651/5/3 6644/5/3 6650/5/3
f 6652/1/3 6645/1/3 6651/1/3
f 6653/1/3 6649/1/3 6648/1/3
f 6654/1/3 6649/1/3 6653/1/3
f 6660/5/3 6656/5/3 6655/5/3
f 6661/1/3 6657/1/3 6656/1/3
f 6661/5/3 6656/5/3 6660/5/3
f 6662/1/3 6657/1/3 6661/1/3
f 6665/1/3 6659/1/3 6658/1/3
f 6666/1/3 6659/1/3 6665/1/3
f 6667/1/3 6663/1/3 6662/1/3
f 6668/1/3 6663/1/3 6667/1/3
f 6671/1/3 6665/1/3 6664/1/3
f 6672/1/3 6665/1/3 6671/1/3
f 6675/1/3 6669/1/3 6668/1/3
f 6676/1/3 6669/1/3 6675/1/3
f 6679/1/3 6671/1/3 6670/1/3
f 6680/1/3 6671/1/3 6679/1/3
f 6681/1/3 6674/1/3 6673/1/3
f 6682/1/3 6674/1/3 6681/1/3
f 6683/1/3 6677/1/3 6676/1/3
f 6684/1/3 6679/1/3 6678/1/3
f 6687/1/3 6684/1/3 6683/1/3
f 6687/1/3 6683/1/3 6676/1/3
f 6688/1/3 6679/1/3 6684/1/3
f 6688/1/3 6684/1/3 6687/1/3
f 6689/1/3 6686/1/3 6685/1/3
f 6690/1/3 6686/1/3 6689/1/3
f 6692/1/3 6687/1/3 6676/1/3
f 6693/1/3 6687/1/3 6692/1/3
f 6694/1/3 6679/1/3 6688/1/3
f 6695/1/3 6679/1/3 6694/1/3
f 6700/1/3 6692/1/3 6691/1/3
f 6701/1/3 6692/1/3 6700/1/3
f 6702/1/3 6696/1/3 6695/1/3
f 6703/1/3 6696/1/3 6702/1/3
f 6705/1/3 6698/1/3 6697/1/3
f 6706/1/3 6698/1/3 6705/1/3
f 6708/1/3 6700/1/3 6699/1/3
f 6709/1/3 6700/1/3 6708/1/3
f 6710/1/3 6704/1/3 6703/1/3
f 6711/1/3 6704/1/3 6710/1/3
f 6713/1/3 6708/1/3 6707/1/3
f 6714/1/3 6708/1/3 6713/1/3
f 6715/1/3 6712/1/3 6711/1/3
f 6716/1/3 6712/1/3 6715/1/3
f 6719/1/3 6718/1/3 6717/1/3
f 6720/1/3 6718/1/3 6719/1/3
f 6725/1/3 6722/1/3 6721/1/3
f 6726/1/3 6722/1/3 6725/1/3
f 6727/1/3 6724/1/3 6723/1/3
f 6728/1/3 6724/1/3 6727/1/3
f 6733/1/3 6730/1/3 6729/1/3
f 6734/1/3 6730/1/3 6733/1/3
f 6735/1/3 6732/1/3 6731/1/3
f 6736/1/3 6732/1/3 6735/1/3
f 6739/1/3 6738/1/3 6737/1/3
f 6740/1/3 6738/1/3 6739/1/3
f 6743/1/3 6742/1/3 6741/1/3
f 6744/1/3 6742/1/3 6743/1/3
f 6749/1/3 6746/1/3 6745/1/3
f 6750/1/3 6746/1/3 6749/1/3
f 6751/1/3 6748/1/3 6747/1/3
f 6752/1/3 6748/1/3 6751/1/3
f 6757/1/3 6754/1/3 6753/1/3
f 6758/1/3 6754/1/3 6757/1/3
f 6759/1/3 6756/1/3 6755/1/3
f 6760/1/3 6756/1/3 6759/1/3
f 6763/1/3 6762/1/3 6761/1/3
f 6764/1/3 6762/1/3 6763/1/3
f 6767/1/3 6766/1/3 6765/1/3
f 6768/1/3 6766/1/3 6767/1/3
f 6773/1/3 6770/1/3 6769/1/3
f 6774/1/3 6770/1/3 6773/1/3
f 6775/1/3 6772/1/3 6771/1/3
f 6776/1/3 6772/1/3 6775/1/3
f 6781/1/3 6778/1/3 6777/1/3
f 6782/1/3 6778/1/3 6781/1/3
f 6783/1/3 6780/1/3 6779/1/3
f 6784/1/3 6780/1/3 6783/1/3
f 6787/1/3 6786/1/3 6785/1/3
f 6788/1/3 6786/1/3 6787/1/3
f 6791/5/3 6790/5/3 6789/5/3
f 6792/5/3 6790/5/3 6791/5/3
f 6795/5/3 6794/5/3 6793/5/3
f 6796/5/3 6794/5/3 6795/5/3
f 6799/2/3 6798/2/3 6797/2/3
f 6800/2/3 6798/2/3 6799/2/3
f 6803/6/3 6802/6/3 6801/6/3
f 6804/6/3 6802/6/3 6803/6/3
f 6807/6/3 6806/6/3 6805/6/3
f 6808/6/3 6806/6/3 6807/6/3
f 6811/2/3 6810/2/3 6809/2/3
f 6812/2/3 6810/2/3 6811/2/3
f 6815/5/3 6814/5/3 6813/5/3
f 6816/5/3 6814/5/3 6815/5/3
f 6819/5/3 6818/5/3 6817/5/3
f 6820/5/3 6818/5/3 6819/5/3
f 6823/2/3 6822/2/3 6821/2/3
f 6824/2/3 6822/2/3 6823/2/3
f 6827/6/3 6826/6/3 6825/6/3
f 6828/6/3 6826/6/3 6827/6/3
f 6831/6/3 6830/6/3 6829/6/3
f 6832/6/3 6830/6/3 6831/6/3
f 6835/2/3 6834/2/3 6833/2/3
f 6836/2/3 6834/2/3 6835/2/3
f 6839/5/3 6838/5/3 6837/5/3
f 6840/5/3 6838/5/3 6839/5/3
f 6843/5/3 6842/5/3 6841/5/3
f 6844/5/3 6842/5/3 6843/5/3
f 6847/5/3 6846/5/3 6845/5/3
f 6848/5/3 6846/5/3 6847/5/3
f 6851/5/3 6850/5/3 6849/5/3
f 6852/5/3 6850/5/3 6851/5/3
f 6855/2/3 6854/2/3 6853/2/3
f 6856/2/3 6854/2/3 6855/2/3
f 6859/6/3 6858/6/3 6857/6/3
f 6860/6/3 6858/6/3 6859/6/3
f 6863/6/3 6862/6/3 6861/6/3
f 6864/6/3 6862/6/3 6863/6/3
f 6867/2/3 6866/2/3 6865/2/3
f 6868/2/3 6866/2/3 6867/2/3
f 6871/5/3 6870/5/3 6869/5/3
f 6872/5/3 6870/5/3 6871/5/3
f 6875/5/3 6874/5/3 6873/5/3
f 6876/5/3 6874/5/3 6875/5/3
f 6879/5/3 6878/5/3 6877/5/3
f 6880/5/3 6878/5/3 6879/5/3
f 6883/5/3 6882/5/3 6881/5/3
f 6884/5/3 6882/5/3 6883/5/3
f 6887/2/3 6886/2/3 6885/2/3
f 6888/2/3 6886/2/3 6887/2/3
f 6891/6/3 6890/6/3 6889/6/3
f 6892/6/3 6890/6/3 6891/6/3
f 6895/6/3 6894/6/3 6893/6/3
f 6896/6/3 6894/6/3 6895/6/3
f 6899/2/3 6898/2/3 6897/2/3
f 6900/2/3 6898/2/3 6899/2/3
f 6903/5/3 6902/5/3 6901/5/3
f 6904/5/3 6902/5/3 6903/5/3
f 6907/5/3 6906/5/3 6905/5/3
f 6908/5/3 6906/5/3 6907/5/3
f 6911/5/3 6910/5/3 6909/5/3
f 6912/5/3 6910/5/3 6911/5/3
f 6915/5/3 6914/5/3 6913/5/3
f 6916/5/3 6914/5/3 6915/5/3
f 6919/2/3 6918/2/3 6917/2/3
f 6920/2/3 6918/2/3 6919/2/3
f 6923/6/3 6922/6/3 6921/6/3
f 6924/6/3 6922/6/3 6923/6/3
f 6927/6/3 6926/6/3 6925/6/3
f 6928/6/3 6926/6/3 6927/6/3
f 6931/2/3 6930/2/3 6929/2/3
f 6932/2/3 6930/2/3 6931/2/3
f 6935/5/3 6934/5/3 6933/5/3
f 6936/5/3 6934/5/3 6935/5/3
f 6939/5/3 6938/5/3 6937/5/3
f 6940/5/3 6938/5/3 6939/5/3
f 6943/5/3 6942/5/3 6941/5/3
f 6944/5/3 6942/5/3 6943/5/3
f 6947/5/3 6946/5/3 6945/5/3
f 6948/5/3 6946/5/3 6947/5/3
f 6951/2/3 6950/2/3 6949/2/3
f 6952/2/3 6950/2/3 6951/2/3
f 6955/6/3 6954/6/3 6953/6/3
f 6956/6/3 6954/6/3 6955/6/3
f 6959/6/3 6958/6/3 6957/6/3
f 6960/6/3 6958/6/3 6959/6/3
f 6963/2/3 6962/2/3 6961/2/3
f 6964/2/3 6962/2/3 6963/2/3
f 6967/5/3 6966/5/3 6965/5/3
f 6968/5/3 6966/5/3 6967/5/3
f 6971/5/3 6970/5/3 6969/5/3
f 6972/5/3 6970/5/3 6971/5/3
f 6975/2/3 6974/2/3 6973/2/3
f 6976/2/3 6974/2/3 6975/2/3
f 6979/6/3 6978/6/3 6977/6/3
f 6980/6/3 6978/6/3 6979/6/3
f 6983/5/3 6982/5/3 6981/5/3
f 6984/5/3 6982/5/3 6983/5/3
f 6987/5/3 6986/5/3 6985/5/3
f 6988/5/3 6986/5/3 6987/5/3
f 6991/6/3 6990/6/3 6989/6/3
f 6992/6/3 6990/6/3 6991/6/3
f 6995/2/3 6994/2/3 6993/2/3
f 6996/2/3 6994/2/3 6995/2/3
f 6999/5/3 6998/5/3 6997/5/3
f 7000/5/3 6998/5/3 6999/5/3
f 7003/5/3 7002/5/3 7001/5/3
f 7004/5/3 7002/5/3 7003/5/3
f 7007/5/3 7006/5/3 7005/5/3
f 7008/5/3 7006/5/3 7007/5/3
f 7011/5/3 7010/5/3 7009/5/3
f 7012/5/3 7010/5/3 7011/5/3
f 7015/2/3 7014/2/3 7013/2/3
f 7016/2/3 7014/2/3 7015/2/3
f 7019/6/3 7018/6/3 7017/6/3
f 7020/6/3 7018/6/3 7019/6/3
f 7023/5/3 7022/5/3 7021/5/3
f 7024/5/3 7022/5/3 7023/5/3
f 7027/5/3 7026/5/3 7025/5/3
f 7028/5/3 7026/5/3 7027/5/3
f 7031/6/3 7030/6/3 7029/6/3
f 7032/6/3 7030/6/3 7031/6/3
f 7035/2/3 7034/2/3 7033/2/3
f 7036/2/3 7034/2/3 7035/2/3
f 7039/5/3 7038/5/3 7037/5/3
f 7040/5/3 7038/5/3 7039/5/3
f 7043/5/3 7042/5/3 7041/5/3
f 7044/5/3 7042/5/3 7043/5/3
f 7047/2/3 7046/2/3 7045/2/3
f 7048/2/3 7046/2/3 7047/2/3
f 7051/6/3 7050/6/3 7049/6/3
f 7052/6/3 7050/6/3 7051/6/3
f 7055/5/3 7054/5/3 7053/5/3
f 7056/5/3 7054/5/3 7055/5/3
f 7059/5/3 7058/5/3 7057/5/3
f 7060/5/3 7058/5/3 7059/5/3
f 7063/6/3 7062/6/3 7061/6/3
f 7064/6/3 7062/6/3 7063/6/3
f 7067/2/3 7066/2/3 7065/2/3
f 7068/2/3 7066/2/3 7067/2/3
f 7071/5/3 7070/5/3 7069/5/3
f 7072/5/3 7070/5/3 7071/5/3
f 7075/5/3 7074/5/3 7073/5/3
f 7076/5/3 7074/5/3 7075/5/3
f 7079/2/3 7078/2/3 7077/2/3
f 7080/2/3 7078/2/3 7079/2/3
f 7083/6/3 7082/6/3 7081/6/3
f 7084/6/3 7082/6/3 7083/6/3
f 7087/5/3 7086/5/3 7085/5/3
f 7088/5/3 7086/5/3 7087/5/3
f 7091/5/3 7090/5/3 7089/5/3
f 7092/5/3 7090/5/3 7091/5/3
f 7095/6/3 7094/6/3 7093/6/3
f 7096/6/3 7094/6/3 7095/6/3
f 7099/2/3 7098/2/3 7097/2/3
f 7100/2/3 7098/2/3 7099/2/3
f 7103/5/3 7102/5/3 7101/5/3
f 7104/5/3 7102/5/3 7103/5/3
f 7107/5/3 7106/5/3 7105/5/3
f 7108/5/3 7106/5/3 7107/5/3
f 7111/2/3 7110/2/3 7109/2/3
f 7112/2/3 7110/2/3 7111/2/3
f 7115/6/3 7114/6/3 7113/6/3
f 7116/6/3 7114/6/3 7115/6/3
f 7119/5/3 7118/5/3 7117/5/3
f 7120/5/3 7118/5/3 7119/5/3
f 7123/5/3 7122/5/3 7121/5/3
f 7124/5/3 7122/5/3 7123/5/3
f 7127/6/3 7126/6/3 7125/6/3
f 7128/6/3 7126/6/3 7127/6/3
f 7131/2/3 7130/2/3 7129/2/3
f 7132/2/3 7130/2/3 7131/2/3
f 7135/2/3 7134/2/3 7133/2/3
f 7136/2/3 7134/2/3 7135/2/3
f 7139/6/3 7138/6/3 7137/6/3
f 7140/6/3 7138/6/3 7139/6/3
f 7143/5/3 7142/5/3 7141/5/3
f 7144/5/3 7142/5/3 7143/5/3
f 7147/5/3 7146/5/3 7145/5/3
f 7148/5/3 7146/5/3 7147/5/3
f 7151/6/3 7150/6/3 7149/6/3
f 7152/6/3 7150/6/3 7151/6/3
f 7155/2/3 7154/2/3 7153/2/3
f 7156/2/3 7154/2/3 7155/2/3
f 7159/5/3 7158/5/3 7157/5/3
f 7160/5/3 7158/5/3 7159/5/3
f 7163/5/3 7162/5/3 7161/5/3
f 7164/5/3 7162/5/3 7163/5/3
f 7167/2/3 7166/2/3 7165/2/3
f 7168/2/3 7166/2/3 7167/2/3
f 7171/6/3 7170/6/3 7169/6/3
f 7172/6/3 7170/6/3 7171/6/3
f 7175/5/3 7174/5/3 7173/5/3
f 7176/5/3 7174/5/3 7175/5/3
f 7179/5/3 7178/5/3 7177/5/3
f 7180/5/3 7178/5/3 7179/5/3
f 7183/6/3 7182/6/3 7181/6/3
f 7184/6/3 7182/6/3 7183/6/3
f 7187/2/3 7186/2/3 7185/2/3
f 7188/2/3 7186/2/3 7187/2/3
f 7191/5/3 7190/5/3 7189/5/3
f 7192/5/3 7190/5/3 7191/5/3
f 7195/5/3 7194/5/3 7193/5/3
f 7196/5/3 7194/5/3 7195/5/3
f 7199/2/3 7198/2/3 7197/2/3
f 7200/2/3 7198/2/3 7199/2/3
f 7203/6/3 7202/6/3 7201/6/3
f 7204/6/3 7202/6/3 7203/6/3
f 7207/5/3 7206/5/3 7205/5/3
f 7208/5/3 7206/5/3 7207/5/3
f 7211/5/3 7210/5/3 7209/5/3
f 7212/5/3 7210/5/3 7211/5/3
f 7215/6/3 7214/6/3 7213/6/3
f 7216/6/3 7214/6/3 7215/6/3
f 7219/2/3 7218/2/3 7217/2/3
f 7220/2/3 7218/2/3 7219/2/3
f 7223/2/3 7222/2/3 7221/2/3
f 7224/2/3 7222/2/3 7223/2/3
f 7227/6/3 7226/6/3 7225/6/3
f 7228/6/3 7226/6/3 7227/6/3
f 7231/5/3 7230/5/3 7229/5/3
f 7232/5/3 7230/5/3 7231/5/3
f 7235/5/3 7234/5/3 7233/5/3
f 7236/5/3 7234/5/3 7235/5/3
f 7239/6/3 7238/6/3 7237/6/3
f 7240/6/3 7238/6/3 7239/6/3
f 7243/2/3 7242/2/3 7241/2/3
f 7244/2/3 7242/2/3 7243/2/3
f 7247/5/3 7246/5/3 7245/5/3
f 7248/5/3 7246/5/3 7247/5/3
f 7251/5/3 7250/5/3 7249/5/3
f 7252/5/3 7250/5/3 7251/5/3
f 7255/2/3 7254/2/3 7253/2/3
f 7256/2/3 7254/2/3 7255/2/3
f 7259/6/3 7258/6/3 7257/6/3
f 7260/6/3 7258/6/3 7259/6/3
f 7263/5/3 7262/5/3 7261/5/3
f 7264/5/3 7262/5/3 7263/5/3
f 7267/5/3 7266/5/3 7265/5/3
f 7268/5/3 7266/5/3 7267/5/3
f 7271/6/3 7270/6/3 7269/6/3
f 7272/6/3 7270/6/3 7271/6/3
f 7275/2/3 7274/2/3 7273/2/3
f 7276/2/3 7274/2/3 7275/2/3
f 7279/2/3 7278/2/3 7277/2/3
f 7280/2/3 7278/2/3 7279/2/3
f 7283/6/3 7282/6/3 7281/6/3
f 7284/6/3 7282/6/3 7283/6/3
f 7287/5/3 7286/5/3 7285/5/3
f 7288/5/3 7286/5/3 7287/5/3
f 7291/6/3 7290/6/3 7289/6/3
f 7292/6/3 7290/6/3 7291/6/3
f 7295/2/3 7294/2/3 7293/2/3
f 7296/2/3 7294/2/3 7295/2/3
f 7299/2/3 7298/2/3 7297/2/3
f 7300/2/3 7298/2/3 7299/2/3
f 7303/6/3 7302/6/3 7301/6/3
f 7304/6/3 7302/6/3 7303/6/3
f 7307/6/3 7306/6/3 7305/6/3
f 7308/6/3 7306/6/3 7307/6/3
f 7311/2/3 7310/2/3 7309/2/3
f 7312/2/3 7310/2/3 7311/2/3
f 7315/2/3 7314/2/3 7313/2/3
f 7316/2/3 7314/2/3 7315/2/3
f 7319/6/3 7318/6/3 7317/6/3
f 7320/6/3 7318/6/3 7319/6/3
f 7323/6/3 7322/6/3 7321/6/3
f 7324/6/3 7322/6/3 7323/6/3
f 7327/2/3 7326/2/3 7325/2/3
f 7328/2/3 7326/2/3 7327/2/3
f 7331/2/3 7330/2/3 7329/2/3
f 7332/2/3 7330/2/3 7331/2/3
f 7335/6/3 7334/6/3 7333/6/3
f 7336/6/3 7334/6/3 7335/6/3
f 7339/6/3 7338/6/3 7337/6/3
f 7340/6/3 7338/6/3 7339/6/3
f 7343/2/3 7342/2/3 7341/2/3
f 7344/2/3 7342/2/3 7343/2/3
f 7347/2/3 7346/2/3 7345/2/3
f 7348/2/3 7346/2/3 7347/2/3
f 7351/6/3 7350/6/3 7349/6/3
f 7352/6/3 7350/6/3 7351/6/3
f 7355/6/3 7354/6/3 7353/6/3
f 7356/6/3 7354/6/3 7355/6/3
f 7359/2/3 7358/2/3 7357/2/3
f 7360/2/3 7358/2/3 7359/2/3
f 7363/6/3 7362/6/3 7361/6/3
f 7364/6/3 7362/6/3 7363/6/3
f 7367/6/3 7366/6/3 7365/6/3
f 7368/6/3 7366/6/3 7367/6/3
f 7372/3/3 7370/3/3 7369/3/3
f 7373/2/3 7371/2/3 7370/2/3
f 7373/3/3 7370/3/3 7372/3/3
f 7374/2/3 7371/2/3 7373/2/3
f 7377/6/3 7376/6/3 7375/6/3
f 7378/6/3 7376/6/3 7377/6/3
f 7381/6/3 7380/6/3 7379/6/3
f 7382/6/3 7380/6/3 7381/6/3
f 7386/3/3 7384/3/3 7383/3/3
f 7387/2/3 7385/2/3 7384/2/3
f 7387/3/3 7384/3/3 7386/3/3
f 7388/2/3 7385/2/3 7387/2/3
f 7393/3/3 7390/3/3 7389/3/3
f 7393/3/3 7391/3/3 7390/3/3
f 7394/2/3 7392/2/3 7391/2/3
f 7394/3/3 7391/3/3 7393/3/3
f 7395/2/3 7392/2/3 7394/2/3
f 7398/6/3 7397/6/3 7396/6/3
f 7399/6/3 7397/6/3 7398/6/3
f 7402/6/3 7401/6/3 7400/6/3
f 7403/6/3 7401/6/3 7402/6/3
f 7407/3/3 7405/3/3 7404/3/3
f 7408/3/3 7405/3/3 7407/3/3
f 7409/2/3 7406/2/3 7405/2/3
f 7409/3/3 7405/3/3 7408/3/3
f 7410/2/3 7406/2/3 7409/2/3
f 7415/3/3 7412/3/3 7411/3/3
f 7415/3/3 7413/3/3 7412/3/3
f 7416/2/3 7414/2/3 7413/2/3
f 7416/3/3 7413/3/3 7415/3/3
f 7417/2/3 7414/2/3 7416/2/3
f 7420/6/3 7419/6/3 7418/6/3
f 7421/6/3 7419/6/3 7420/6/3
f 7424/6/3 7423/6/3 7422/6/3
f 7425/6/3 7423/6/3 7424/6/3
f 7429/3/3 7427/3/3 7426/3/3
f 7430/3/3 7427/3/3 7429/3/3
f 7431/2/3 7428/2/3 7427/2/3
f 7431/3/3 7427/3/3 7430/3/3
f 7432/2/3 7428/2/3 7431/2/3
f 7437/3/3 7434/3/4 7433/3/3
f 7437/3/3 7435/3/3 7434/3/4
f 7438/2/3 7436/2/3 7435/2/3
f 7438/3/3 7435/3/3 7437/3/3
f 7439/2/3 7436/2/3 7438/2/3
f 7442/6/3 7441/6/3 7440/6/3
f 7443/6/3 7441/6/3 7442/6/3
f 7446/6/3 7445/6/3 7444/6/3
f 7447/6/3 7445/6/3 7446/6/3
f 7451/3/3 7449/3/3 7448/3/3
f 7452/3/3 7449/3/3 7451/3/3
f 7453/2/3 7450/2/3 7449/2/3
f 7453/3/3 7449/3/3 7452/3/3
f 7454/2/3 7450/2/3 7453/2/3
f 7458/3/3 7456/3/3 7455/3/3
f 7459/2/3 7457/2/3 7456/2/3
f 7459/3/3 7456/3/3 7458/3/3
f 7460/2/3 7457/2/3 7459/2/3
f 7463/6/3 7462/6/3 7461/6/3
f 7464/6/3 7462/6/3 7463/6/3
f 7467/6/3 7466/6/3 7465/6/3
f 7468/6/3 7466/6/3 7467/6/3
f 7472/3/3 7470/3/3 7469/3/3
f 7473/2/3 7471/2/3 7470/2/3
f 7473/3/3 7470/3/3 7472/3/3
f 7474/2/3 7471/2/3 7473/2/3
f 7478/3/3 7476/3/3 7475/3/3
f 7479/2/3 7477/2/3 7476/2/3
f 7479/3/3 7476/3/3 7478/3/3
f 7480/2/3 7477/2/3 7479/2/3
f 7483/6/3 7482/6/3 7481/6/3
f 7484/6/3 7482/6/3 7483/6/3
f 7487/6/3 7486/6/3 7485/6/3
f 7488/6/3 7486/6/3 7487/6/3
f 7492/3/3 7490/3/3 7489/3/3
f 7493/2/3 7491/2/3 7490/2/3
f 7493/3/3 7490/3/3 7492/3/3
f 7494/2/3 7491/2/3 7493/2/3
f 7499/3/3 7496/3/3 7495/3/3
f 7500/2/3 7498/2/3 7497/2/3
f 7500/3/3 7496/3/3 7499/3/3
f 7500/2/3 7497/2/3 7496/2/3
f 7501/2/3 7498/2/3 7500/2/3
f 7504/6/3 7503/6/3 7502/6/3
f 7505/6/3 7503/6/3 7504/6/3
f 7508/6/3 7507/6/3 7506/6/3
f 7509/6/3 7507/6/3 7508/6/3
f 7513/3/3 7511/3/3 7510/3/3
f 7514/2/3 7512/2/3 7511/2/3
f 7514/3/3 7511/3/3 7513/3/3
f 7515/2/3 7512/2/3 7514/2/3
f 7516/2/3 7512/2/3 7515/2/3
f 7521/3/3 7518/3/3 7517/3/3
f 7522/2/3 7520/2/3 7519/2/3
f 7522/3/3 7518/3/3 7521/3/3
f 7522/2/3 7519/2/3 7518/2/3
f 7523/2/3 7520/2/3 7522/2/3
f 7526/6/3 7525/6/3 7524/6/3
f 7527/6/3 7525/6/3 7526/6/3
f 7530/6/3 7529/6/3 7528/6/3
f 7531/6/3 7529/6/3 7530/6/3
f 7535/3/3 7533/3/3 7532/3/3
f 7536/2/3 7534/2/3 7533/2/3
f 7536/3/3 7533/3/3 7535/3/3
f 7537/2/3 7534/2/3 7536/2/3
f 7538/2/3 7534/2/3 7537/2/3
f 7543/3/3 7540/3/3 7539/3/3
f 7544/2/3 7542/2/3 7541/2/3
f 7544/3/3 7540/3/3 7543/3/3
f 7544/2/3 7541/2/3 7540/2/3
f 7545/2/3 7542/2/3 7544/2/3
f 7548/6/3 7547/6/3 7546/6/3
f 7549/6/3 7547/6/3 7548/6/3
f 7552/6/3 7551/6/3 7550/6/3
f 7553/6/3 7551/6/3 7552/6/3
f 7557/3/3 7555/3/3 7554/3/3
f 7558/2/3 7556/2/3 7555/2/3
f 7558/3/3 7555/3/3 7557/3/3
f 7559/2/3 7556/2/3 7558/2/3
f 7560/2/3 7556/2/3 7559/2/3
f 7564/2/3 7562/2/3 7561/2/3
f 7564/2/3 7563/2/3 7562/2/3
f 7565/2/3 7563/2/3 7564/2/3
f 7568/6/3 7567/6/3 7566/6/3
f 7569/6/3 7567/6/3 7568/6/3
f 7572/6/3 7571/6/3 7570/6/3
f 7573/6/3 7571/6/3 7572/6/3
f 7576/2/3 7575/2/3 7574/2/3
f 7577/2/3 7575/2/3 7576/2/3
f 7578/2/3 7575/2/3 7577/2/3
f 7581/2/3 7580/2/3 7579/2/3
f 7582/2/3 7580/2/3 7581/2/3
f 7585/6/3 7584/6/3 7583/6/3
f 7586/6/3 7584/6/3 7585/6/3
f 7589/6/3 7588/6/3 7587/6/3
f 7590/6/3 7588/6/3 7589/6/3
f 7593/2/3 7592/2/3 7591/2/3
f 7594/2/3 7592/2/3 7593/2/3
f 7597/2/3 7596/2/3 7595/2/3
f 7598/2/3 7596/2/3 7597/2/3
f 7601/6/3 7600/6/3 7599/6/3
f 7602/6/3 7600/6/3 7601/6/3
f 7605/6/3 7604/6/3 7603/6/3
f 7606/6/3 7604/6/3 7605/6/3
f 7609/2/3 7608/2/3 7607/2/3
f 7610/2/3 7608/2/3 7609/2/3
f 7613/2/3 7612/2/3 7611/2/3
f 7614/2/3 7612/2/3 7613/2/3
f 7617/6/3 7616/6/3 7615/6/3
f 7618/6/3 7616/6/3 7617/6/3
f 7621/6/3 7620/6/3 7619/6/3
f 7622/6/3 7620/6/3 7621/6/3
f 7625/2/3 7624/2/3 7623/2/3
f 7626/2/3 7624/2/3 7625/2/3
f 7629/2/3 7628/2/3 7627/2/3
f 7630/2/3 7628/2/3 7629/2/3
f 7633/6/3 7632/6/3 7631/6/3
f 7634/6/3 7632/6/3 7633/6/3
f 7637/6/3 7636/6/3 7635/6/3
f 7638/6/3 7636/6/3 7637/6/3
f 7641/2/3 7640/2/3 7639/2/3
f 7642/2/3 7640/2/3 7641/2/3
f 7645/2/3 7644/2/3 7643/2/3
f 7646/2/3 7644/2/3 7645/2/3
f 7649/6/3 7648/6/3 7647/6/3
f 7650/6/3 7648/6/3 7649/6/3
f 7653/6/3 7652/6/3 7651/6/3
f 7654/6/3 7652/6/3 7653/6/3
f 7657/2/3 7656/2/3 7655/2/3
f 7658/2/3 7656/2/3 7657/2/3
f 7661/2/3 7660/2/3 7659/2/3
f 7662/2/3 7660/2/3 7661/2/3
f 7665/6/3 7664/6/3 7663/6/3
f 7666/6/3 7664/6/3 7665/6/3
f 7669/6/3 7668/6/3 7667/6/3
f 7670/6/3 7668/6/3 7669/6/3
f 7673/2/3 7672/2/3 7671/2/3
f 7674/2/3 7672/2/3 7673/2/3
f 7677/2/3 7676/2/3 7675/2/3
f 7678/2/3 7676/2/3 7677/2/3
f 7681/6/3 7680/6/3 7679/6/3
f 7682/6/3 7680/6/3 7681/6/3
f 7685/6/3 7684/6/3 7683/6/3
f 7686/6/3 7684/6/3 7685/6/3
f 7689/2/3 7688/2/3 7687/2/3
f 7690/2/3 7688/2/3 7689/2/3
f 7693/2/3 7692/2/3 7691/2/3
f 7694/2/3 7692/2/3 7693/2/3
f 7697/6/3 7696/6/3 7695/6/3
f 7698/6/3 7696/6/3 7697/6/3
f 7701/6/3 7700/6/3 7699/6/3
f 7702/6/3 7700/6/3 7701/6/3
f 7705/2/3 7704/2/3 7703/2/3
f 7706/2/3 7704/2/3 7705/2/3
f 7709/2/3 7708/2/3 7707/2/3
f 7710/2/3 7708/2/3 7709/2/3
f 7713/6/3 7712/6/3 7711/6/3
f 7714/6/3 7712/6/3 7713/6/3
f 7717/2/3 7716/2/3 7715/2/3
f 7718/2/3 7716/2/3 7717/2/3
f 7721/2/3 7720/2/3 7719/2/3
f 7722/2/3 7720/2/3 7721/2/3
f 7725/2/3 7724/2/3 7723/2/3
f 7726/2/3 7724/2/3 7725/2/3
f 7729/2/3 7728/2/3 7727/2/3
f 7730/2/3 7728/2/3 7729/2/3
f 7733/2/3 7732/2/3 7731/2/3
f 7734/2/3 7732/2/3 7733/2/3
f 7737/2/3 7736/2/3 7735/2/3
f 7738/2/3 7736/2/3 7737/2/3
f 7741/2/3 7740/2/3 7739/2/3
f 7742/2/3 7740/2/3 7741/2/3
f 7745/2/3 7744/2/3 7743/2/3
f 7746/2/3 7744/2/3 7745/2/3
f 7749/2/3 7748/2/3 7747/2/3
f 7750/2/3 7748/2/3 7749/2/3
f 7753/2/3 7752/2/3 7751/2/3
f 7754/2/3 7752/2/3 7753/2/3
f 7757/2/3 7756/2/3 7755/2/3
f 7758/2/3 7756/2/3 7757/2/3
f 7761/2/3 7760/2/3 7759/2/3
f 7762/2/3 7760/2/3 7761/2/3
f 7765/2/3 7764/2/3 7763/2/3
f 7766/2/3 7764/2/3 7765/2/3
f 7769/2/3 7768/2/3 7767/2/3
f 7770/2/3 7768/2/3 7769/2/3
f 7773/2/3 7772/2/3 7771/2/3
f 7774/2/3 7772/2/3 7773/2/3
f 7777/2/3 7776/2/3 7775/2/3
f 7778/2/3 7776/2/3 7777/2/3
f 7781/2/3 7780/2/3 7779/2/3
f 7782/2/3 7780/2/3 7781/2/3
f 7785/2/3 7784/2/3 7783/2/3
f 7786/2/3 7784/2/3 7785/2/3
f 7789/2/3 7788/2/3 7787/2/3
f 7790/2/3 7788/2/3 7789/2/3
f 7793/2/3 7792/2/3 7791/2/3
f 7794/2/3 7792/2/3 7793/2/3
f 7797/2/3 7796/2/3 7795/2/3
f 7798/2/3 7796/2/3 7797/2/3
f 7801/2/3 7800/2/3 7799/2/3
f 7802/2/3 7800/2/3 7801/2/3
f 7805/2/3 7804/2/3 7803/2/3
f 7806/2/3 7804/2/3 7805/2/3
f 7809/2/3 7808/2/3 7807/2/3
f 7810/2/3 7808/2/3 7809/2/3
f 7811/3/3 7810/3/3 7809/3/3
f 7811/2/3 7808/2/3 7810/2/3
f 7812/2/3 7808/2/3 7811/2/3
f 7813/3/3 7812/3/3 7811/3/3
f 7813/2/3 7808/2/3 7812/2/3
f 7814/2/3 7808/2/3 7813/2/3
f 7815/3/3 7814/3/3 7813/3/3
f 7815/2/3 7808/2/3 7814/2/3
f 7816/2/3 7808/2/3 7815/2/3
f 7817/3/3 7815/3/3 7813/3/3
f 7817/3/3 7816/3/3 7815/3/3
f 7818/2/3 7808/2/3 7816/2/3
f 7818/3/3 7816/3/3 7817/3/3
f 7819/3/3 7813/3/3 7811/3/3
f 7819/3/3 7817/3/3 7813/3/3
f 7820/2/3 7818/2/3 7817/2/3
f 7820/3/3 7817/3/3 7819/3/3
f 7821/3/3 7811/3/3 7809/3/3
f 7821/3/3 7819/3/3 7811/3/3
f 7822/2/3 7820/2/3 7819/2/3
f 7822/3/3 7819/3/3 7821/3/3
f 7823/3/3 7821/3/3 7809/3/3
f 7824/2/3 7822/2/3 7821/2/3
f 7824/3/3 7821/3/3 7823/3/3
f 7825/2/3 7824/2/3 7823/2/3
f 7826/2/3 7818/2/3 7820/2/3
f 7826/2/3 7824/2/3 7825/2/3
f 7826/2/3 7808/2/3 7818/2/3
f 7826/2/3 7822/2/3 7824/2/3
f 7826/2/3 7820/2/3 7822/2/3
f 7827/2/5 7828/2/5 7829/2/5
f 7829/2/5 7828/2/5 7830/2/5
f 7829/3/5 7830/3/5 7831/3/5
f 7830/2/5 7828/2/5 7831/2/5
f 7831/2/5 7828/2/5 7832/2/5
f 7831/3/5 7832/3/5 7833/3/5
f 7832/2/5 7828/2/5 7833/2/5
f 7833/2/5 7828/2/5 7834/2/5
f 7833/3/5 7834/3/5 7835/3/5
f 7834/2/5 7828/2/5 7835/2/5
f 7835/2/5 7828/2/5 7836/2/5
f 7833/3/5 7835/3/5 7837/3/5
f 7835/3/5 7836/3/5 7837/3/5
f 7836/2/5 7828/2/5 7838/2/5
f 7837/3/5 7836/3/5 7838/3/5
f 7831/3/5 7833/3/5 7839/3/5
f 7833/3/5 7837/3/5 7839/3/5
f 7837/2/5 7838/2/5 7840/2/5
f 7839/3/5 7837/3/5 7840/3/5
f 7829/3/5 7831/3/5 7841/3/5
f 7831/3/5 7839/3/5 7841/3/5
f 7839/2/5 7840/2/5 7842/2/5
f 7841/3/5 7839/3/5 7842/3/5
f 7829/3/5 7841/3/5 7843/3/5
f 7841/2/5 7842/2/5 7844/2/5
f 7843/3/5 7841/3/5 7844/3/5
f 7843/2/5 7844/2/5 7845/2/5
f 7840/2/5 7838/2/5 7846/2/5
f 7845/2/5 7844/2/5 7846/2/5
f 7838/2/5 7828/2/5 7846/2/5
f 7844/2/5 7842/2/5 7846/2/5
f 7842/2/5 7840/2/5 7846/2/5
f 7847/2/5 7848/2/5 7849/2/5
f 7849/2/5 7848/2/5 7850/2/5
f 7851/2/5 7852/2/5 7853/2/5
f 7853/2/5 7852/2/5 7854/2/5
f 7855/2/5 7856/2/5 7857/2/5
f 7857/2/5 7856/2/5 7858/2/5
f 7859/2/5 7860/2/5 7861/2/5
f 7861/2/5 7860/2/5 7862/2/5
f 7863/2/5 7864/2/5 7865/2/5
f 7865/2/5 7864/2/5 7866/2/5
f 7867/2/5 7868/2/5 7869/2/5
f 7869/2/5 7868/2/5 7870/2/5
f 7871/2/5 7872/2/5 7873/2/5
f 7873/2/5 7872/2/5 7874/2/5
f 7875/2/5 7876/2/5 7877/2/5
f 7877/2/5 7876/2/5 7878/2/5
f 7879/2/5 7880/2/5 7881/2/5
f 7881/2/5 7880/2/5 7882/2/5
f 7883/2/5 7884/2/5 7885/2/5
f 7885/2/5 7884/2/5 7886/2/5
f 7887/2/5 7888/2/5 7889/2/5
f 7889/2/5 7888/2/5 7890/2/5
f 7891/2/5 7892/2/5 7893/2/5
f 7893/2/5 7892/2/5 7894/2/5
f 7895/2/5 7896/2/5 7897/2/5
f 7897/2/5 7896/2/5 7898/2/5
f 7899/2/5 7900/2/5 7901/2/5
f 7901/2/5 7900/2/5 7902/2/5
f 7903/2/5 7904/2/5 7905/2/5
f 7905/2/5 7904/2/5 7906/2/5
f 7907/2/5 7908/2/5 7909/2/5
f 7909/2/5 7908/2/5 7910/2/5
f 7911/2/5 7912/2/5 7913/2/5
f 7913/2/5 7912/2/5 7914/2/5
f 7915/2/5 7916/2/5 7917/2/5
f 7917/2/5 7916/2/5 7918/2/5
f 7919/2/5 7920/2/5 7921/2/5
f 7921/2/5 7920/2/5 7922/2/5
f 7923/2/5 7924/2/5 7925/2/5
f 7925/2/5 7924/2/5 7926/2/5
f 7927/2/5 7928/2/5 7929/2/5
f 7929/2/5 7928/2/5 7930/2/5
f 7931/2/5 7932/2/5 7933/2/5
f 7933/2/5 7932/2/5 7934/2/5
f 7935/2/5 7936/2/5 7937/2/5
f 7937/2/5 7936/2/5 7938/2/5
f 7939/6/5 7940/6/5 7941/6/5
f 7941/6/5 7940/6/5 7942/6/5
f 7943/2/5 7944/2/5 7945/2/5
f 7945/2/5 7944/2/5 7946/2/5
f 7947/2/5 7948/2/5 7949/2/5
f 7949/2/5 7948/2/5 7950/2/5
f 7951/6/5 7952/6/5 7953/6/5
f 7953/6/5 7952/6/5 7954/6/5
f 7955/6/5 7956/6/5 7957/6/5
f 7957/6/5 7956/6/5 7958/6/5
f 7959/2/5 7960/2/5 7961/2/5
f 7961/2/5 7960/2/5 7962/2/5
f 7963/2/5 7964/2/5 7965/2/5
f 7965/2/5 7964/2/5 7966/2/5
f 7967/6/5 7968/6/5 7969/6/5
f 7969/6/5 7968/6/5 7970/6/5
f 7971/6/5 7972/6/5 7973/6/5
f 7973/6/5 7972/6/5 7974/6/5
f 7975/2/5 7976/2/5 7977/2/5
f 7977/2/5 7976/2/5 7978/2/5
f 7979/2/5 7980/2/5 7981/2/5
f 7981/2/5 7980/2/5 7982/2/5
f 7983/6/5 7984/6/5 7985/6/5
f 7985/6/5 7984/6/5 7986/6/5
f 7987/6/5 7988/6/5 7989/6/5
f 7989/6/5 7988/6/5 7990/6/5
f 7991/2/5 7992/2/5 7993/2/5
f 7993/2/5 7992/2/5 7994/2/5
f 7995/2/5 7996/2/5 7997/2/5
f 7997/2/5 7996/2/5 7998/2/5
f 7999/6/5 8000/6/5 8001/6/5
f 8001/6/5 8000/6/5 8002/6/5
f 8003/6/5 8004/6/5 8005/6/5
f 8005/6/5 8004/6/5 8006/6/5
f 8007/2/5 8008/2/5 8009/2/5
f 8009/2/5 8008/2/5 8010/2/5
f 8011/2/5 8012/2/5 8013/2/5
f 8013/2/5 8012/2/5 8014/2/5
f 8015/6/5 8016/6/5 8017/6/5
f 8017/6/5 8016/6/5 8018/6/5
f 8019/6/5 8020/6/5 8021/6/5
f 8021/6/5 8020/6/5 8022/6/5
f 8023/2/5 8024/2/5 8025/2/5
f 8025/2/5 8024/2/5 8026/2/5
f 8027/2/5 8028/2/5 8029/2/5
f 8029/2/5 8028/2/5 8030/2/5
f 8031/6/5 8032/6/5 8033/6/5
f 8033/6/5 8032/6/5 8034/6/5
f 8035/6/5 8036/6/5 8037/6/5
f 8037/6/5 8036/6/5 8038/6/5
f 8039/2/5 8040/2/5 8041/2/5
f 8041/2/5 8040/2/5 8042/2/5
f 8043/2/5 8044/2/5 8045/2/5
f 8045/2/5 8044/2/5 8046/2/5
f 8047/6/5 8048/6/5 8049/6/5
f 8049/6/5 8048/6/5 8050/6/5
f 8051/6/5 8052/6/5 8053/6/5
f 8053/6/5 8052/6/5 8054/6/5
f 8055/2/5 8056/2/5 8057/2/5
f 8057/2/5 8056/2/5 8058/2/5
f 8059/2/5 8060/2/5 8061/2/5
f 8061/2/5 8060/2/5 8062/2/5
f 8063/6/5 8064/6/5 8065/6/5
f 8065/6/5 8064/6/5 8066/6/5
f 8067/6/5 8068/6/5 8069/6/5
f 8069/6/5 8068/6/5 8070/6/5
f 8071/2/5 8072/2/5 8073/2/5
f 8073/2/5 8072/2/5 8074/2/5
f 8075/2/5 8076/2/5 8078/2/5
f 8076/2/5 8077/2/5 8078/2/5
f 8078/2/5 8077/2/5 8079/2/5
f 8080/6/5 8081/6/5 8082/6/5
f 8082/6/5 8081/6/5 8083/6/5
f 8084/6/5 8085/6/5 8086/6/5
f 8086/6/5 8085/6/5 8087/6/5
f 8088/2/5 8089/2/5 8090/2/5
f 8090/2/5 8089/2/5 8091/2/5
f 8091/2/5 8089/2/5 8092/2/5
f 8093/3/5 8094/3/5 8097/3/5
f 8095/2/5 8096/2/5 8098/2/5
f 8097/3/5 8094/3/5 8098/3/5
f 8094/2/5 8095/2/5 8098/2/5
f 8098/2/5 8096/2/5 8099/2/5
f 8100/6/5 8101/6/5 8102/6/5
f 8102/6/5 8101/6/5 8103/6/5
f 8104/6/5 8105/6/5 8106/6/5
f 8106/6/5 8105/6/5 8107/6/5
f 8108/3/5 8109/3/5 8111/3/5
f 8109/2/5 8110/2/5 8112/2/5
f 8111/3/5 8109/3/5 8112/3/5
f 8112/2/5 8110/2/5 8113/2/5
f 8113/2/5 8110/2/5 8114/2/5
f 8115/3/5 8116/3/5 8119/3/5
f 8117/2/5 8118/2/5 8120/2/5
f 8119/3/5 8116/3/5 8120/3/5
f 8116/2/5 8117/2/5 8120/2/5
f 8120/2/5 8118/2/5 8121/2/5
f 8122/6/5 8123/6/5 8124/6/5
f 8124/6/5 8123/6/5 8125/6/5
f 8126/6/5 8127/6/5 8128/6/5
f 8128/6/5 8127/6/5 8129/6/5
f 8130/3/5 8131/3/5 8133/3/5
f 8131/2/5 8132/2/5 8134/2/5
f 8133/3/5 8131/3/5 8134/3/5
f 8134/2/5 8132/2/5 8135/2/6
f 8135/2/6 8132/2/5 8136/2/5
f 8137/3/5 8138/3/5 8141/3/5
f 8139/2/5 8140/2/5 8142/2/5
f 8141/3/5 8138/3/5 8142/3/5
f 8138/2/5 8139/2/5 8142/2/5
f 8142/2/5 8140/2/5 8143/2/5
f 8144/6/5 8145/6/5 8146/6/5
f 8146/6/5 8145/6/5 8147/6/5
f 8148/6/5 8149/6/5 8150/6/5
f 8150/6/5 8149/6/5 8151/6/5
f 8152/3/5 8153/3/5 8155/3/5
f 8153/2/5 8154/2/5 8156/2/5
f 8155/3/5 8153/3/5 8156/3/5
f 8156/2/5 8154/2/5 8157/2/5
f 8157/2/5 8154/2/5 8158/2/5
f 8159/3/5 8160/3/5 8162/3/5
f 8160/2/5 8161/2/5 8163/2/5
f 8162/3/5 8160/3/5 8163/3/5
f 8163/2/5 8161/2/5 8164/2/5
f 8165/6/5 8166/6/5 8167/6/5
f 8167/6/5 8166/6/5 8168/6/5
f 8169/6/5 8170/6/5 8171/6/5
f 8171/6/5 8170/6/5 8172/6/5
f 8173/3/5 8174/3/5 8176/3/5
f 8174/2/5 8175/2/5 8177/2/5
f 8176/3/5 8174/3/5 8177/3/5
f 8177/2/5 8175/2/5 8178/2/5
f 8179/3/5 8180/3/5 8182/3/5
f 8180/2/5 8181/2/5 8183/2/5
f 8182/3/5 8180/3/5 8183/3/5
f 8183/2/5 8181/2/5 8184/2/5
f 8185/6/5 8186/6/5 8187/6/5
f 8187/6/5 8186/6/5 8188/6/5
f 8189/6/5 8190/6/5 8191/6/5
f 8191/6/5 8190/6/5 8192/6/5
f 8193/3/5 8194/3/5 8196/3/5
f 8194/2/5 8195/2/5 8197/2/5
f 8196/3/5 8194/3/5 8197/3/5
f 8197/2/5 8195/2/5 8198/2/5
f 8199/3/5 8200/3/5 8203/3/5
f 8200/3/5 8201/3/5 8203/3/5
f 8201/2/5 8202/2/5 8204/2/5
f 8203/3/5 8201/3/5 8204/3/5
f 8204/2/5 8202/2/5 8205/2/5
f 8206/6/5 8207/6/5 8208/6/5
f 8208/6/5 8207/6/5 8209/6/5
f 8210/6/5 8211/6/5 8212/6/5
f 8212/6/5 8211/6/5 8213/6/5
f 8214/3/5 8215/3/5 8217/3/5
f 8217/3/5 8215/3/5 8218/3/5
f 8215/2/5 8216/2/5 8219/2/5
f 8218/3/5 8215/3/5 8219/3/5
f 8219/2/5 8216/2/5 8220/2/5
f 8221/3/5 8222/3/5 8225/3/5
f 8222/3/5 8223/3/5 8225/3/5
f 8223/2/5 8224/2/5 8226/2/5
f 8225/3/5 8223/3/5 8226/3/5
f 8226/2/5 8224/2/5 8227/2/5
f 8228/6/5 8229/6/5 8230/6/5
f 8230/6/5 8229/6/5 8231/6/5
f 8232/6/5 8233/6/5 8234/6/5
f 8234/6/5 8233/6/5 8235/6/5
f 8236/3/5 8237/3/5 8239/3/5
f 8239/3/5 8237/3/5 8240/3/5
f 8237/2/5 8238/2/5 8241/2/5
f 8240/3/5 8237/3/5 8241/3/5
f 8241/2/5 8238/2/5 8242/2/5
f 8243/3/5 8244/3/5 8247/3/5
f 8244/3/5 8245/3/5 8247/3/5
f 8245/2/5 8246/2/5 8248/2/5
f 8247/3/5 8245/3/5 8248/3/5
f 8248/2/5 8246/2/5 8249/2/5
f 8250/6/5 8251/6/5 8252/6/5
f 8252/6/5 8251/6/5 8253/6/5
f 8254/6/5 8255/6/5 8256/6/5
f 8256/6/5 8255/6/5 8257/6/5
f 8258/3/5 8259/3/5 8261/3/5
f 8261/3/5 8259/3/5 8262/3/5
f 8259/2/5 8260/2/5 8263/2/5
f 8262/3/5 8259/3/5 8263/3/5
f 8263/2/5 8260/2/5 8264/2/5
f 8265/3/5 8266/3/5 8268/3/5
f 8266/2/5 8267/2/5 8269/2/5
f 8268/3/5 8266/3/5 8269/3/5
f 8269/2/5 8267/2/5 8270/2/5
f 8271/6/5 8272/6/5 8273/6/5
f 8273/6/5 8272/6/5 8274/6/5
f 8275/6/5 8276/6/5 8277/6/5
f 8277/6/5 8276/6/5 8278/6/5
f 8279/3/5 8280/3/5 8282/3/5
f 8280/2/5 8281/2/5 8283/2/5
f 8282/3/5 8280/3/5 8283/3/5
f 8283/2/5 8281/2/5 8284/2/5
f 8285/6/5 8286/6/5 8287/6/5
f 8287/6/5 8286/6/5 8288/6/5
f 8289/6/5 8290/6/5 8291/6/5
f 8291/6/5 8290/6/5 8292/6/5
f 8293/2/5 8294/2/5 8295/2/5
f 8295/2/5 8294/2/5 8296/2/5
f 8297/6/5 8298/6/5 8299/6/5
f 8299/6/5 8298/6/5 8300/6/5
f 8301/6/5 8302/6/5 8303/6/5
f 8303/6/5 8302/6/5 8304/6/5
f 8305/2/5 8306/2/5 8307/2/5
f 8307/2/5 8306/2/5 8308/2/5
f 8309/2/5 8310/2/5 8311/2/5
f 8311/2/5 8310/2/5 8312/2/5
f 8313/6/5 8314/6/5 8315/6/5
f 8315/6/5 8314/6/5 8316/6/5
f 8317/6/5 8318/6/5 8319/6/5
f 8319/6/5 8318/6/5 8320/6/5
f 8321/2/5 8322/2/5 8323/2/5
f 8323/2/5 8322/2/5 8324/2/5
f 8325/2/5 8326/2/5 8327/2/5
f 8327/2/5 8326/2/5 8328/2/5
f 8329/6/5 8330/6/5 8331/6/5
f 8331/6/5 8330/6/5 8332/6/5
f 8333/1/5 8334/1/5 8335/1/5
f 8335/1/5 8334/1/5 8336/1/5
f 8337/1/5 8338/1/5 8341/1/5
f 8341/1/5 8338/1/5 8342/1/5
f 8339/1/5 8340/1/5 8343/1/5
f 8343/1/5 8340/1/5 8344/1/5
f 8345/1/5 8346/1/5 8349/1/5
f 8349/1/5 8346/1/5 8350/1/5
f 8347/1/5 8348/1/5 8351/1/5
f 8351/1/5 8348/1/5 8352/1/5
f 8353/1/5 8354/1/5 8355/1/5
f 8355/1/5 8354/1/5 8356/1/5
f 8357/6/5 8358/6/5 8359/6/5
f 8359/6/5 8358/6/5 8360/6/5
f 8361/2/5 8362/2/5 8363/2/5
f 8363/2/5 8362/2/5 8364/2/5
f 8365/2/5 8366/2/5 8367/2/5
f 8367/2/5 8366/2/5 8368/2/5
f 8369/6/5 8370/6/5 8371/6/5
f 8371/6/5 8370/6/5 8372/6/5
f 8373/1/5 8374/1/5 8377/1/5
f 8377/1/5 8374/1/5 8378/1/5
f 8375/1/5 8376/1/5 8381/1/5
f 8381/1/5 8376/1/5 8382/1/5
f 8378/1/5 8379/1/5 8383/1/5
f 8383/1/5 8379/1/5 8384/1/5
f 8380/1/5 8381/1/5 8387/1/5
f 8387/1/5 8381/1/5 8388/1/5
f 8384/1/5 8385/1/5 8391/1/5
f 8391/1/5 8385/1/5 8392/1/5
f 8386/1/5 8387/1/5 8395/1/5
f 8395/1/5 8387/1/5 8396/1/5
f 8389/1/5 8390/1/5 8397/1/5
f 8397/1/5 8390/1/5 8398/1/5
f 8392/1/5 8393/1/5 8399/1/5
f 8394/1/5 8395/1/5 8400/1/5
f 8399/1/5 8400/1/5 8403/1/5
f 8392/1/5 8399/1/5 8403/1/5
f 8400/1/5 8395/1/5 8404/1/5
f 8403/1/5 8400/1/5 8404/1/5
f 8401/1/5 8402/1/5 8405/1/5
f 8405/1/5 8402/1/5 8406/1/5
f 8392/1/5 8403/1/5 8408/1/5
f 8408/1/5 8403/1/5 8409/1/5
f 8404/1/5 8395/1/5 8410/1/5
f 8410/1/5 8395/1/5 8411/1/5
f 8407/1/5 8408/1/5 8416/1/5
f 8416/1/5 8408/1/5 8417/1/5
f 8411/1/5 8412/1/5 8418/1/5
f 8418/1/5 8412/1/5 8419/1/5
f 8413/1/5 8414/1/5 8421/1/5
f 8421/1/5 8414/1/5 8422/1/5
f 8415/1/5 8416/1/5 8424/1/5
f 8424/1/5 8416/1/5 8425/1/5
f 8419/1/5 8420/1/5 8426/1/5
f 8426/1/5 8420/1/5 8427/1/5
f 8423/1/5 8424/1/5 8429/1/5
f 8429/1/5 8424/1/5 8430/1/5
f 8427/1/5 8428/1/5 8431/1/5
f 8431/1/5 8428/1/5 8432/1/5
f 8433/6/5 8434/6/5 8435/6/5
f 8435/6/5 8434/6/5 8436/6/5
f 8437/2/5 8438/2/5 8439/2/5
f 8439/2/5 8438/2/5 8440/2/5
f 8441/1/5 8442/1/5 8445/1/5
f 8445/1/5 8442/1/5 8446/1/5
f 8443/1/5 8444/1/5 8449/1/5
f 8449/1/5 8444/1/5 8450/1/5
f 8446/1/5 8447/1/5 8451/1/5
f 8451/1/5 8447/1/5 8452/1/5
f 8448/1/5 8449/1/5 8455/1/5
f 8455/1/5 8449/1/5 8456/1/5
f 8457/1/5 8458/1/5 8459/1/5
f 8459/1/5 8458/1/5 8460/1/5
f 8452/1/5 8453/1/5 8464/1/5
f 8464/1/5 8453/1/5 8465/1/5
f 8454/1/5 8455/1/5 8466/1/5
f 8466/1/5 8455/1/5 8467/1/5
f 8461/1/5 8462/1/5 8469/1/5
f 8469/1/5 8462/1/5 8470/1/5
f 8463/1/5 8464/1/5 8472/1/5
f 8472/1/5 8464/1/5 8473/1/5
f 8467/1/5 8468/1/5 8474/1/5
f 8474/1/5 8468/1/5 8475/1/5
f 8471/1/5 8472/1/5 8477/1/5
f 8477/1/5 8472/1/5 8478/1/5
f 8475/1/5 8476/1/5 8479/1/5
f 8479/1/5 8476/1/5 8480/1/5
f 8481/2/5 8482/2/5 8483/2/5
f 8483/2/5 8482/2/5 8484/2/5
f 8485/6/5 8486/6/5 8487/6/5
f 8487/6/5 8486/6/5 8488/6/5
f 8489/5/5 8490/5/5 8491/5/5
f 8489/5/5 8491/5/5 8495/5/5
f 8491/1/5 8492/1/5 8496/1/5
f 8495/5/5 8491/5/5 8496/5/5
f 8496/1/5 8492/1/5 8497/1/5
f 8493/1/5 8494/1/5 8500/1/5
f 8500/1/5 8494/1/5 8501/1/5
f 8502/1/5 8503/1/5 8504/1/5
f 8504/1/5 8503/1/5 8505/1/5
f 8497/1/5 8498/1/5 8508/1/5
f 8508/1/5 8498/1/5 8509/1/5
f 8499/1/5 8500/1/5 8510/1/5
f 8510/1/5 8500/1/5 8511/1/5
f 8506/5/5 8507/5/5 8513/5/5
f 8507/1/5 8508/1/5 8513/1/5
f 8513/1/5 8508/1/5 8514/1/5
f 8511/1/5 8512/1/5 8515/1/5
f 8515/1/5 8512/1/5 8516/1/5
f 8506/5/5 8513/5/5 8517/5/5
f 8517/5/5 8513/5/5 8518/5/5
f 8519/6/5 8520/6/5 8521/6/5
f 8521/6/5 8520/6/5 8522/6/5
f 8523/2/5 8524/2/5 8525/2/5
f 8525/2/5 8524/2/5 8526/2/5
f 8527/2/5 8528/2/5 8529/2/5
f 8529/2/5 8528/2/5 8530/2/5
f 8531/6/5 8532/6/5 8533/6/5
f 8533/6/5 8532/6/5 8534/6/5
f 8535/5/5 8536/5/5 8537/5/5
f 8537/5/5 8536/5/5 8538/5/5
f 8539/5/5 8540/5/5 8544/5/5
f 8540/1/5 8541/1/5 8545/1/5
f 8544/5/5 8540/5/5 8545/5/5
f 8545/1/5 8541/1/5 8546/1/5
f 8542/1/5 8543/1/5 8547/1/5
f 8547/1/5 8543/1/5 8548/1/5
f 8549/5/5 8550/5/5 8551/5/5
f 8551/5/5 8550/5/5 8552/5/5
f 8553/6/5 8554/6/5 8555/6/5
f 8555/6/5 8554/6/5 8556/6/5
f 8557/2/5 8558/2/5 8559/2/5
f 8559/2/5 8558/2/5 8560/2/5
f 8561/5/5 8562/5/5 8563/5/5
f 8563/5/5 8562/5/5 8564/5/5
f 8565/5/5 8566/5/5 8567/5/5
f 8567/5/5 8566/5/5 8568/5/5
f 8569/2/5 8570/2/5 8571/2/5
f 8571/2/5 8570/2/5 8572/2/5
f 8573/6/5 8574/6/5 8575/6/5
f 8575/6/5 8574/6/5 8576/6/5
f 8577/5/5 8578/5/5 8579/5/5
f 8579/5/5 8578/5/5 8580/5/5
f 8581/5/5 8582/5/5 8583/5/5
f 8583/5/5 8582/5/5 8584/5/5
f 8585/6/5 8586/6/5 8587/6/5
f 8587/6/5 8586/6/5 8588/6/5
f 8589/2/5 8590/2/5 8591/2/5
f 8591/2/5 8590/2/5 8592/2/5
f 8593/2/5 8594/2/5 8595/2/5
f 8595/2/5 8594/2/5 8596/2/5
f 8597/6/5 8598/6/5 8599/6/5
f 8599/6/5 8598/6/5 8600/6/5
f 8601/5/5 8602/5/5 8603/5/5
f 8603/5/5 8602/5/5 8604/5/5
f 8605/5/5 8606/5/5 8607/5/5
f 8607/5/5 8606/5/5 8608/5/5
f 8609/6/5 8610/6/5 8611/6/5
f 8611/6/5 8610/6/5 8612/6/5
f 8613/2/5 8614/2/5 8615/2/5
f 8615/2/5 8614/2/5 8616/2/5
f 8617/5/5 8618/5/5 8619/5/5
f 8619/5/5 8618/5/5 8620/5/5
f 8621/5/5 8622/5/5 8623/5/5
f 8623/5/5 8622/5/5 8624/5/5
f 8625/2/5 8626/2/5 8627/2/5
f 8627/2/5 8626/2/5 8628/2/5
f 8629/6/5 8630/6/5 8631/6/5
f 8631/6/5 8630/6/5 8632/6/5
f 8633/5/5 8634/5/5 8635/5/5
f 8635/5/5 8634/5/5 8636/5/5
f 8637/5/5 8638/5/5 8639/5/5
f 8639/5/5 8638/5/5 8640/5/5
f 8641/6/5 8642/6/5 8643/6/5
f 8643/6/5 8642/6/5 8644/6/5
f 8645/2/5 8646/2/5 8647/2/5
f 8647/2/5 8646/2/5 8648/2/5
f 8649/5/5 8650/5/5 8651/5/5
f 8651/5/5 8650/5/5 8652/5/5
f 8653/5/5 8654/5/5 8655/5/5
f 8655/5/5 8654/5/5 8656/5/5
f 8657/2/5 8658/2/5 8659/2/5
f 8659/2/5 8658/2/5 8660/2/5
f 8661/6/5 8662/6/5 8663/6/5
f 8663/6/5 8662/6/5 8664/6/5
f 8665/5/5 8666/5/5 8667/5/5
f 8667/5/5 8666/5/5 8668/5/5
f 8669/5/5 8670/5/5 8671/5/5
f 8671/5/5 8670/5/5 8672/5/5
f 8673/6/5 8674/6/5 8675/6/5
f 8675/6/5 8674/6/5 8676/6/5
f 8677/2/5 8678/2/5 8679/2/5
f 8679/2/5 8678/2/5 8680/2/5
f 8681/2/5 8682/2/5 8683/2/5
f 8683/2/5 8682/2/5 8684/2/5
f 8685/6/5 8686/6/5 8687/6/5
f 8687/6/5 8686/6/5 8688/6/5
f 8689/5/5 8690/5/5 8691/5/5
f 8691/5/5 8690/5/5 8692/5/5
f 8693/5/5 8694/5/5 8695/5/5
f 8695/5/5 8694/5/5 8696/5/5
f 8697/6/5 8698/6/5 8699/6/5
f 8699/6/5 8698/6/5 8700/6/5
f 8701/2/5 8702/2/5 8703/2/5
f 8703/2/5 8702/2/5 8704/2/5
f 8705/5/5 8706/5/5 8707/5/5
f 8707/5/5 8706/5/5 8708/5/5
f 8709/5/5 8710/5/5 8711/5/5
f 8711/5/5 8710/5/5 8712/5/5
f 8713/2/5 8714/2/5 8715/2/5
f 8715/2/5 8714/2/5 8716/2/5
f 8717/6/5 8718/6/5 8719/6/5
f 8719/6/5 8718/6/5 8720/6/5
f 8721/5/5 8722/5/5 8723/5/5
f 8723/5/5 8722/5/5 8724/5/5
f 8725/5/5 8726/5/5 8727/5/5
f 8727/5/5 8726/5/5 8728/5/5
f 8729/6/5 8730/6/5 8731/6/5
f 8731/6/5 8730/6/5 8732/6/5
f 8733/2/5 8734/2/5 8735/2/5
f 8735/2/5 8734/2/5 8736/2/5
f 8737/5/5 8738/5/5 8739/5/5
f 8739/5/5 8738/5/5 8740/5/5
f 8741/5/5 8742/5/5 8743/5/5
f 8743/5/5 8742/5/5 8744/5/5
f 8745/2/5 8746/2/5 8747/2/5
f 8747/2/5 8746/2/5 8748/2/5
f 8749/6/5 8750/6/5 8751/6/5
f 8751/6/5 8750/6/5 8752/6/5
f 8753/1/5 8754/1/5 8755/1/5
f 8755/1/5 8754/1/5 8756/1/5
f 8757/1/5 8758/1/5 8761/1/5
f 8761/1/5 8758/1/5 8762/1/5
f 8759/1/5 8760/1/5 8763/1/5
f 8763/1/5 8760/1/5 8764/1/5
f 8765/1/5 8766/1/5 8769/1/5
f 8769/1/5 8766/1/5 8770/1/5
f 8767/1/5 8768/1/5 8771/1/5
f 8771/1/5 8768/1/5 8772/1/5
f 8773/1/5 8774/1/5 8775/1/5
f 8775/1/5 8774/1/5 8776/1/5
f 8777/5/5 8778/5/5 8779/5/5
f 8779/5/5 8778/5/5 8780/5/5
f 8781/5/5 8782/5/5 8783/5/5
f 8783/5/5 8782/5/5 8784/5/5
f 8785/1/5 8786/1/5 8787/1/5
f 8787/1/5 8786/1/5 8788/1/5
f 8789/1/5 8790/1/5 8793/1/5
f 8793/1/5 8790/1/5 8794/1/5
f 8791/1/5 8792/1/5 8795/1/5
f 8795/1/5 8792/1/5 8796/1/5
f 8797/1/5 8798/1/5 8801/1/5
f 8801/1/5 8798/1/5 8802/1/5
f 8799/1/5 8800/1/5 8803/1/5
f 8803/1/5 8800/1/5 8804/1/5
f 8805/1/5 8806/1/5 8807/1/5
f 8807/1/5 8806/1/5 8808/1/5
f 8809/6/5 8810/6/5 8811/6/5
f 8811/6/5 8810/6/5 8812/6/5
f 8813/2/5 8814/2/5 8815/2/5
f 8815/2/5 8814/2/5 8816/2/5
f 8817/1/5 8818/1/5 8821/1/5
f 8821/1/5 8818/1/5 8822/1/5
f 8819/1/5 8820/1/5 8825/1/5
f 8825/1/5 8820/1/5 8826/1/5
f 8822/1/5 8823/1/5 8827/1/5
f 8827/1/5 8823/1/5 8828/1/5
f 8824/1/5 8825/1/5 8831/1/5
f 8831/1/5 8825/1/5 8832/1/5
f 8828/1/5 8829/1/5 8835/1/5
f 8835/1/5 8829/1/5 8836/1/5
f 8830/1/5 8831/1/5 8839/1/5
f 8839/1/5 8831/1/5 8840/1/5
f 8833/1/5 8834/1/5 8841/1/5
f 8841/1/5 8834/1/5 8842/1/5
f 8836/1/5 8837/1/5 8843/1/5
f 8838/1/5 8839/1/5 8844/1/5
f 8843/1/5 8844/1/5 8847/1/5
f 8836/1/5 8843/1/5 8847/1/5
f 8844/1/5 8839/1/5 8848/1/5
f 8847/1/5 8844/1/5 8848/1/5
f 8845/1/5 8846/1/5 8849/1/5
f 8849/1/5 8846/1/5 8850/1/5
f 8836/1/5 8847/1/5 8852/1/5
f 8852/1/5 8847/1/5 8853/1/5
f 8848/1/5 8839/1/5 8854/1/5
f 8854/1/5 8839/1/5 8855/1/5
f 8851/1/5 8852/1/5 8860/1/5
f 8860/1/5 8852/1/5 8861/1/5
f 8855/1/5 8856/1/5 8862/1/5
f 8862/1/5 8856/1/5 8863/1/5
f 8857/1/5 8858/1/5 8865/1/5
f 8865/1/5 8858/1/5 8866/1/5
f 8859/1/5 8860/1/5 8869/1/5
f 8869/1/5 8860/1/5 8870/1/5
f 8863/1/5 8864/1/5 8871/1/5
f 8871/1/5 8864/1/5 8872/1/5
f 8867/5/5 8868/5/5 8874/5/5
f 8868/1/5 8869/1/5 8875/1/5
f 8874/5/5 8868/5/5 8875/5/5
f 8875/1/5 8869/1/5 8876/1/5
f 8872/1/5 8873/1/5 8877/1/5
f 8877/1/5 8873/1/5 8878/1/5
f 8879/5/5 8880/5/5 8884/5/5
f 8880/1/5 8881/1/5 8885/1/5
f 8884/5/5 8880/5/5 8885/5/5
f 8885/1/5 8881/1/5 8886/1/5
f 8882/1/5 8883/1/5 8889/1/5
f 8889/1/5 8883/1/5 8890/1/5
f 8886/1/5 8887/1/5 8891/1/5
f 8891/1/5 8887/1/5 8892/1/5
f 8888/1/5 8889/1/5 8895/1/5
f 8895/1/5 8889/1/5 8896/1/5
f 8892/1/5 8893/1/5 8899/1/5
f 8899/1/5 8893/1/5 8900/1/5
f 8894/1/5 8895/1/5 8903/1/5
f 8903/1/5 8895/1/5 8904/1/5
f 8897/1/5 8898/1/5 8905/1/5
f 8905/1/5 8898/1/5 8906/1/5
f 8900/1/5 8901/1/5 8907/1/5
f 8902/1/5 8903/1/5 8908/1/5
f 8907/1/5 8908/1/5 8911/1/5
f 8900/1/5 8907/1/5 8911/1/5
f 8908/1/5 8903/1/5 8912/1/5
f 8911/1/5 8908/1/5 8912/1/5
f 8909/1/5 8910/1/5 8913/1/5
f 8913/1/5 8910/1/5 8914/1/5
f 8900/1/5 8911/1/5 8916/1/5
f 8916/1/5 8911/1/5 8917/1/5
f 8912/1/5 8903/1/5 8918/1/5
f 8918/1/5 8903/1/5 8919/1/5
f 8915/1/5 8916/1/5 8924/1/5
f 8924/1/5 8916/1/5 8925/1/5
f 8919/1/5 8920/1/5 8926/1/5
f 8926/1/5 8920/1/5 8927/1/5
f 8921/1/5 8922/1/5 8929/1/5
f 8929/1/5 8922/1/5 8930/1/5
f 8923/1/5 8924/1/5 8932/1/5
f 8932/1/5 8924/1/5 8933/1/5
f 8927/1/5 8928/1/5 8934/1/5
f 8934/1/5 8928/1/5 8935/1/5
f 8931/1/5 8932/1/5 8937/1/5
f 8937/1/5 8932/1/5 8938/1/5
f 8935/1/5 8936/1/5 8939/1/5
f 8939/1/5 8936/1/5 8940/1/5
f 8941/2/5 8942/2/5 8943/2/5
f 8943/2/5 8942/2/5 8944/2/5
f 8945/6/5 8946/6/5 8947/6/5
f 8947/6/5 8946/6/5 8948/6/5
f 8949/1/5 8950/1/5 8953/1/5
f 8953/1/5 8950/1/5 8954/1/5
f 8951/1/5 8952/1/5 8957/1/5
f 8957/1/5 8952/1/5 8958/1/5
f 8954/1/5 8955/1/5 8959/1/5
f 8959/1/5 8955/1/5 8960/1/5
f 8956/1/5 8957/1/5 8963/1/5
f 8963/1/5 8957/1/5 8964/1/5
f 8965/1/5 8966/1/5 8967/1/5
f 8967/1/5 8966/1/5 8968/1/5
f 8960/1/5 8961/1/5 8972/1/5
f 8972/1/5 8961/1/5 8973/1/5
f 8962/1/5 8963/1/5 8974/1/5
f 8974/1/5 8963/1/5 8975/1/5
f 8969/1/5 8970/1/5 8977/1/5
f 8977/1/5 8970/1/5 8978/1/5
f 8971/1/5 8972/1/5 8981/1/5
f 8981/1/5 8972/1/5 8982/1/5
f 8975/1/5 8976/1/5 8983/1/5
f 8983/1/5 8976/1/5 8984/1/5
f 8979/5/5 8980/5/5 8986/5/5
f 8980/1/5 8981/1/5 8987/1/5
f 8986/5/5 8980/5/5 8987/5/5
f 8987/1/5 8981/1/5 8988/1/5
f 8984/1/5 8985/1/5 8989/1/5
f 8989/1/5 8985/1/5 8990/1/5
f 8991/5/5 8992/5/5 8996/5/5
f 8992/1/5 8993/1/5 8997/1/5
f 8996/5/5 8992/5/5 8997/5/5
f 8997/1/5 8993/1/5 8998/1/5
f 8994/1/5 8995/1/5 9001/1/5
f 9001/1/5 8995/1/5 9002/1/5
f 8998/1/5 8999/1/5 9003/1/5
f 9003/1/5 8999/1/5 9004/1/5
f 9000/1/5 9001/1/5 9007/1/5
f 9007/1/5 9001/1/5 9008/1/5
f 9009/1/5 9010/1/5 9011/1/5
f 9011/1/5 9010/1/5 9012/1/5
f 9004/1/5 9005/1/5 9016/1/5
f 9016/1/5 9005/1/5 9017/1/5
f 9006/1/5 9007/1/5 9018/1/5
f 9018/1/5 9007/1/5 9019/1/5
f 9013/1/5 9014/1/5 9021/1/5
f 9021/1/5 9014/1/5 9022/1/5
f 9015/1/5 9016/1/5 9024/1/5
f 9024/1/5 9016/1/5 9025/1/5
f 9019/1/5 9020/1/5 9026/1/5
f 9026/1/5 9020/1/5 9027/1/5
f 9023/1/5 9024/1/5 9029/1/5
f 9029/1/5 9024/1/5 9030/1/5
f 9027/1/5 9028/1/5 9031/1/5
f 9031/1/5 9028/1/5 9032/1/5
f 9033/6/5 9034/6/5 9035/6/5
f 9035/6/5 9034/6/5 9036/6/5
f 9037/2/5 9038/2/5 9039/2/5
f 9039/2/5 9038/2/5 9040/2/5
f 9041/1/5 9042/1/5 9045/1/5
f 9045/1/5 9042/1/5 9046/1/5
f 9043/1/5 9044/1/5 9049/1/5
f 9049/1/5 9044/1/5 9050/1/5
f 9051/1/5 9052/1/5 9053/1/5
f 9053/1/5 9052/1/5 9054/1/5
f 9046/1/5 9047/1/5 9057/1/5
f 9057/1/5 9047/1/5 9058/1/5
f 9048/1/5 9049/1/5 9059/1/5
f 9059/1/5 9049/1/5 9060/1/5
f 9055/5/5 9056/5/5 9062/5/5
f 9056/1/5 9057/1/5 9063/1/5
f 9062/5/5 9056/5/5 9063/5/5
f 9063/1/5 9057/1/5 9064/1/5
f 9060/1/5 9061/1/5 9065/1/5
f 9065/1/5 9061/1/5 9066/1/5
f 9067/5/5 9068/5/5 9072/5/5
f 9068/1/5 9069/1/5 9073/1/5
f 9072/5/5 9068/5/5 9073/5/5
f 9073/1/5 9069/1/5 9074/1/5
f 9070/1/5 9071/1/5 9077/1/5
f 9077/1/5 9071/1/5 9078/1/5
f 9079/1/5 9080/1/5 9081/1/5
f 9081/1/5 9080/1/5 9082/1/5
f 9074/1/5 9075/1/5 9084/1/5
f 9084/1/5 9075/1/5 9085/1/5
f 9076/1/5 9077/1/5 9086/1/5
f 9086/1/5 9077/1/5 9087/1/5
f 9083/1/5 9084/1/5 9089/1/5
f 9089/1/5 9084/1/5 9090/1/5
f 9087/1/5 9088/1/5 9091/1/5
f 9091/1/5 9088/1/5 9092/1/5
f 9093/1/5 9094/1/5 9098/1/5
f 9097/5/5 9098/5/5 9099/5/5
f 9098/1/5 9094/1/5 9100/1/5
f 9099/5/5 9098/5/5 9100/5/5
f 9100/1/5 9094/1/5 9101/1/5
f 9095/1/5 9096/1/5 9102/1/5
f 9102/1/5 9096/1/5 9103/1/5
f 9104/5/5 9105/5/5 9109/5/5
f 9105/1/5 9106/1/5 9110/1/5
f 9109/5/5 9105/5/5 9110/5/5
f 9110/1/5 9106/1/5 9111/1/5
f 9111/1/5 9106/1/5 9112/1/5
f 9107/1/5 9108/1/5 9113/1/5
f 9113/1/5 9108/1/5 9114/1/5
f 9115/2/5 9116/2/5 9117/2/5
f 9117/2/5 9116/2/5 9118/2/5
f 9119/6/5 9120/6/5 9121/6/5
f 9121/6/5 9120/6/5 9122/6/5
f 9123/5/5 9124/5/5 9125/5/5
f 9125/5/5 9124/5/5 9126/5/5
f 9127/5/5 9128/5/5 9129/5/5
f 9129/5/5 9128/5/5 9130/5/5
f 9131/6/5 9132/6/5 9133/6/5
f 9133/6/5 9132/6/5 9134/6/5
f 9135/2/5 9136/2/5 9137/2/5
f 9137/2/5 9136/2/5 9138/2/5
f 9139/5/5 9140/5/5 9141/5/5
f 9141/5/5 9140/5/5 9142/5/5
f 9143/5/5 9144/5/5 9145/5/5
f 9145/5/5 9144/5/5 9146/5/5
f 9147/2/5 9148/2/5 9149/2/5
f 9149/2/5 9148/2/5 9150/2/5
f 9151/6/5 9152/6/5 9153/6/5
f 9153/6/5 9152/6/5 9154/6/5
f 9155/6/5 9156/6/5 9157/6/5
f 9157/6/5 9156/6/5 9158/6/5
f 9159/2/5 9160/2/5 9161/2/5
f 9161/2/5 9160/2/5 9162/2/5
f 9163/5/5 9164/5/5 9165/5/5
f 9165/5/5 9164/5/5 9166/5/5
f 9167/5/5 9168/5/5 9169/5/5
f 9169/5/5 9168/5/5 9170/5/5
f 9171/5/5 9172/5/5 9173/5/5
f 9173/5/5 9172/5/5 9174/5/5
f 9175/5/5 9176/5/5 9177/5/5
f 9177/5/5 9176/5/5 9178/5/5
f 9179/2/5 9180/2/5 9181/2/5
f 9181/2/5 9180/2/5 9182/2/5
f 9183/6/5 9184/6/5 9185/6/5
f 9185/6/5 9184/6/5 9186/6/5
f 9187/6/5 9188/6/5 9189/6/5
f 9189/6/5 9188/6/5 9190/6/5
f 9191/2/5 9192/2/5 9193/2/5
f 9193/2/5 9192/2/5 9194/2/5
f 9195/5/5 9196/5/5 9197/5/5
f 9197/5/5 9196/5/5 9198/5/5
f 9199/5/5 9200/5/5 9201/5/5
f 9201/5/5 9200/5/5 9202/5/5
f 9203/5/5 9204/5/5 9205/5/5
f 9205/5/5 9204/5/5 9206/5/5
f 9207/5/5 9208/5/5 9209/5/5
f 9209/5/5 9208/5/5 9210/5/5
f 9211/2/5 9212/2/5 9213/2/5
f 9213/2/5 9212/2/5 9214/2/5
f 9215/6/5 9216/6/5 9217/6/5
f 9217/6/5 9216/6/5 9218/6/5
f 9219/6/5 9220/6/5 9221/6/5
f 9221/6/5 9220/6/5 9222/6/5
f 9223/2/5 9224/2/5 9225/2/5
f 9225/2/5 9224/2/5 9226/2/5
f 9227/5/5 9228/5/5 9229/5/5
f 9229/5/5 9228/5/5 9230/5/5
f 9231/5/5 9232/5/5 9233/5/5
f 9233/5/5 9232/5/5 9234/5/5
f 9235/5/5 9236/5/5 9237/5/5
f 9237/5/5 9236/5/5 9238/5/5
f 9239/5/5 9240/5/5 9241/5/5
f 9241/5/5 9240/5/5 9242/5/5
f 9243/2/5 9244/2/5 9245/2/5
f 9245/2/5 9244/2/5 9246/2/5
f 9247/6/5 9248/6/5 9249/6/5
f 9249/6/5 9248/6/5 9250/6/5
f 9251/6/5 9252/6/5 9253/6/5
f 9253/6/5 9252/6/5 9254/6/5
f 9255/2/5 9256/2/5 9257/2/5
f 9257/2/5 9256/2/5 9258/2/5
f 9259/5/5 9260/5/5 9261/5/5
f 9261/5/5 9260/5/5 9262/5/5
f 9263/5/5 9264/5/5 9265/5/5
f 9265/5/5 9264/5/5 9266/5/5
f 9267/5/5 9268/5/5 9269/5/5
f 9269/5/5 9268/5/5 9270/5/5
f 9271/5/5 9272/5/5 9273/5/5
f 9273/5/5 9272/5/5 9274/5/5
f 9275/2/5 9276/2/5 9277/2/5
f 9277/2/5 9276/2/5 9278/2/5
f 9279/6/5 9280/6/5 9281/6/5
f 9281/6/5 9280/6/5 9282/6/5
f 9283/6/5 9284/6/5 9285/6/5
f 9285/6/5 9284/6/5 9286/6/5
f 9287/2/5 9288/2/5 9289/2/5
f 9289/2/5 9288/2/5 9290/2/5
f 9291/5/5 9292/5/5 9293/5/5
f 9293/5/5 9292/5/5 9294/5/5
f 9295/5/5 9296/5/5 9297/5/5
f 9297/5/5 9296/5/5 9298/5/5
f 9299/2/5 9300/2/5 9301/2/5
f 9301/2/5 9300/2/5 9302/2/5
f 9303/6/5 9304/6/5 9305/6/5
f 9305/6/5 9304/6/5 9306/6/5
f 9307/6/5 9308/6/5 9309/6/5
f 9309/6/5 9308/6/5 9310/6/5
f 9311/2/5 9312/2/5 9313/2/5
f 9313/2/5 9312/2/5 9314/2/5
f 9315/5/5 9316/5/5 9317/5/5
f 9317/5/5 9316/5/5 9318/5/5
f 9319/5/5 9320/5/5 9321/5/5
f 9321/5/5 9320/5/5 9322/5/5
f 9323/1/5 9324/1/5 9325/1/5
f 9325/1/5 9324/1/5 9326/1/5
f 9327/1/5 9328/1/5 9331/1/5
f 9331/1/5 9328/1/5 9332/1/5
f 9329/1/5 9330/1/5 9333/1/5
f 9333/1/5 9330/1/5 9334/1/5
f 9335/1/5 9336/1/5 9339/1/5
f 9339/1/5 9336/1/5 9340/1/5
f 9337/1/5 9338/1/5 9341/1/5
f 9341/1/5 9338/1/5 9342/1/5
f 9343/1/5 9344/1/5 9345/1/5
f 9345/1/5 9344/1/5 9346/1/5
f 9347/1/5 9348/1/5 9349/1/5
f 9349/1/5 9348/1/5 9350/1/5
f 9351/1/5 9352/1/5 9355/1/5
f 9355/1/5 9352/1/5 9356/1/5
f 9353/1/5 9354/1/5 9357/1/5
f 9357/1/5 9354/1/5 9358/1/5
f 9359/1/5 9360/1/5 9363/1/5
f 9363/1/5 9360/1/5 9364/1/5
f 9361/1/5 9362/1/5 9365/1/5
f 9365/1/5 9362/1/5 9366/1/5
f 9367/1/5 9368/1/5 9369/1/5
f 9369/1/5 9368/1/5 9370/1/5
f 9371/1/5 9372/1/5 9373/1/5
f 9373/1/5 9372/1/5 9374/1/5
f 9375/1/5 9376/1/5 9379/1/5
f 9379/1/5 9376/1/5 9380/1/5
f 9377/1/5 9378/1/5 9381/1/5
f 9381/1/5 9378/1/5 9382/1/5
f 9383/1/5 9384/1/5 9387/1/5
f 9387/1/5 9384/1/5 9388/1/5
f 9385/1/5 9386/1/5 9389/1/5
f 9389/1/5 9386/1/5 9390/1/5
f 9391/1/5 9392/1/5 9393/1/5
f 9393/1/5 9392/1/5 9394/1/5
f 9395/1/5 9396/1/5 9399/1/5
f 9399/1/5 9396/1/5 9400/1/5
f 9397/1/5 9398/1/5 9403/1/5
f 9403/1/5 9398/1/5 9404/1/5
f 9400/1/5 9401/1/5 9405/1/5
f 9405/1/5 9401/1/5 9406/1/5
f 9402/1/5 9403/1/5 9409/1/5
f 9409/1/5 9403/1/5 9410/1/5
f 9406/1/5 9407/1/5 9413/1/5
f 9413/1/5 9407/1/5 9414/1/5
f 9408/1/5 9409/1/5 9417/1/5
f 9417/1/5 9409/1/5 9418/1/5
f 9411/1/5 9412/1/5 9419/1/5
f 9419/1/5 9412/1/5 9420/1/5
f 9414/1/5 9415/1/5 9421/1/5
f 9416/1/5 9417/1/5 9422/1/5
f 9421/1/5 9422/1/5 9425/1/5
f 9414/1/5 9421/1/5 9425/1/5
f 9422/1/5 9417/1/5 9426/1/5
f 9425/1/5 9422/1/5 9426/1/5
f 9423/1/5 9424/1/5 9427/1/5
f 9427/1/5 9424/1/5 9428/1/5
f 9414/1/5 9425/1/5 9430/1/5
f 9430/1/5 9425/1/5 9431/1/5
f 9426/1/5 9417/1/5 9432/1/5
f 9432/1/5 9417/1/5 9433/1/5
f 9429/1/5 9430/1/5 9438/1/5
f 9438/1/5 9430/1/5 9439/1/5
f 9433/1/5 9434/1/5 9440/1/5
f 9440/1/5 9434/1/5 9441/1/5
f 9435/1/5 9436/1/5 9443/1/5
f 9443/1/5 9436/1/5 9444/1/5
f 9437/1/5 9438/1/5 9446/1/5
f 9446/1/5 9438/1/5 9447/1/5
f 9441/1/5 9442/1/5 9448/1/5
f 9448/1/5 9442/1/5 9449/1/5
f 9445/1/5 9446/1/5 9451/1/5
f 9451/1/5 9446/1/5 9452/1/5
f 9449/1/5 9450/1/5 9453/1/5
f 9453/1/5 9450/1/5 9454/1/5
f 9455/1/5 9456/1/5 9459/1/5
f 9459/1/5 9456/1/5 9460/1/5
f 9457/1/5 9458/1/5 9463/1/5
f 9463/1/5 9458/1/5 9464/1/5
f 9460/1/5 9461/1/5 9465/1/5
f 9465/1/5 9461/1/5 9466/1/5
f 9462/1/5 9463/1/5 9469/1/5
f 9469/1/5 9463/1/5 9470/1/5
f 9466/1/5 9467/1/5 9473/1/5
f 9473/1/5 9467/1/5 9474/1/5
f 9468/1/5 9469/1/5 9477/1/5
f 9477/1/5 9469/1/5 9478/1/5
f 9471/1/5 9472/1/5 9479/1/5
f 9479/1/5 9472/1/5 9480/1/5
f 9474/1/5 9475/1/5 9481/1/5
f 9476/1/5 9477/1/5 9482/1/5
f 9481/1/5 9482/1/5 9485/1/5
f 9474/1/5 9481/1/5 9485/1/5
f 9482/1/5 9477/1/5 9486/1/5
f 9485/1/5 9482/1/5 9486/1/5
f 9483/1/5 9484/1/5 9487/1/5
f 9487/1/5 9484/1/5 9488/1/5
f 9474/1/5 9485/1/5 9490/1/5
f 9490/1/5 9485/1/5 9491/1/5
f 9486/1/5 9477/1/5 9492/1/5
f 9492/1/5 9477/1/5 9493/1/5
f 9489/1/5 9490/1/5 9498/1/5
f 9498/1/5 9490/1/5 9499/1/5
f 9493/1/5 9494/1/5 9500/1/5
f 9500/1/5 9494/1/5 9501/1/5
f 9495/1/5 9496/1/5 9503/1/5
f 9503/1/5 9496/1/5 9504/1/5
f 9497/1/5 9498/1/5 9507/1/5
f 9507/1/5 9498/1/5 9508/1/5
f 9501/1/5 9502/1/5 9509/1/5
f 9509/1/5 9502/1/5 9510/1/5
f 9505/5/5 9506/5/5 9512/5/5
f 9506/1/5 9507/1/5 9513/1/5
f 9512/5/5 9506/5/5 9513/5/5
f 9513/1/5 9507/1/5 9514/1/5
f 9510/1/5 9511/1/5 9515/1/5
f 9515/1/5 9511/1/5 9516/1/5
f 9517/5/5 9518/5/5 9522/5/5
f 9518/1/5 9519/1/5 9523/1/5
f 9522/5/5 9518/5/5 9523/5/5
f 9523/1/5 9519/1/5 9524/1/5
f 9520/1/5 9521/1/5 9527/1/5
f 9527/1/5 9521/1/5 9528/1/5
f 9524/1/5 9525/1/5 9529/1/5
f 9529/1/5 9525/1/5 9530/1/5
f 9526/1/5 9527/1/5 9533/1/5
f 9533/1/5 9527/1/5 9534/1/5
f 9530/1/5 9531/1/5 9537/1/5
f 9537/1/5 9531/1/5 9538/1/5
f 9532/1/5 9533/1/5 9541/1/5
f 9541/1/5 9533/1/5 9542/1/5
f 9535/1/5 9536/1/5 9543/1/5
f 9543/1/5 9536/1/5 9544/1/5
f 9538/1/5 9539/1/5 9545/1/5
f 9540/1/5 9541/1/5 9546/1/5
f 9545/1/5 9546/1/5 9549/1/5
f 9538/1/5 9545/1/5 9549/1/5
f 9546/1/5 9541/1/5 9550/1/5
f 9549/1/5 9546/1/5 9550/1/5
f 9547/1/5 9548/1/5 9551/1/5
f 9551/1/5 9548/1/5 9552/1/5
f 9538/1/5 9549/1/5 9554/1/5
f 9554/1/5 9549/1/5 9555/1/5
f 9550/1/5 9541/1/5 9556/1/5
f 9556/1/5 9541/1/5 9557/1/5
f 9553/1/5 9554/1/5 9562/1/5
f 9562/1/5 9554/1/5 9563/1/5
f 9557/1/5 9558/1/5 9564/1/5
f 9564/1/5 9558/1/5 9565/1/5
f 9559/1/5 9560/1/5 9567/1/5
f 9567/1/5 9560/1/5 9568/1/5
f 9561/1/5 9562/1/5 9570/1/5
f 9570/1/5 9562/1/5 9571/1/5
f 9565/1/5 9566/1/5 9572/1/5
f 9572/1/5 9566/1/5 9573/1/5
f 9569/1/5 9570/1/5 9575/1/5
f 9575/1/5 9570/1/5 9576/1/5
f 9573/1/5 9574/1/5 9577/1/5
f 9577/1/5 9574/1/5 9578/1/5
f 9579/1/5 9580/1/5 9583/1/5
f 9583/1/5 9580/1/5 9584/1/5
f 9581/1/5 9582/1/5 9587/1/5
f 9587/1/5 9582/1/5 9588/1/5
f 9584/1/5 9585/1/5 9589/1/5
f 9589/1/5 9585/1/5 9590/1/5
f 9586/1/5 9587/1/5 9593/1/5
f 9593/1/5 9587/1/5 9594/1/5
f 9595/1/5 9596/1/5 9597/1/5
f 9597/1/5 9596/1/5 9598/1/5
f 9590/1/5 9591/1/5 9602/1/5
f 9602/1/5 9591/1/5 9603/1/5
f 9592/1/5 9593/1/5 9604/1/5
f 9604/1/5 9593/1/5 9605/1/5
f 9599/1/5 9600/1/5 9607/1/5
f 9607/1/5 9600/1/5 9608/1/5
f 9601/1/5 9602/1/5 9610/1/5
f 9610/1/5 9602/1/5 9611/1/5
f 9605/1/5 9606/1/5 9612/1/5
f 9612/1/5 9606/1/5 9613/1/5
f 9609/1/5 9610/1/5 9615/1/5
f 9615/1/5 9610/1/5 9616/1/5
f 9613/1/5 9614/1/5 9617/1/5
f 9617/1/5 9614/1/5 9618/1/5
f 9619/1/5 9620/1/5 9623/1/5
f 9623/1/5 9620/1/5 9624/1/5
f 9621/1/5 9622/1/5 9627/1/5
f 9627/1/5 9622/1/5 9628/1/5
f 9624/1/5 9625/1/5 9629/1/5
f 9629/1/5 9625/1/5 9630/1/5
f 9626/1/5 9627/1/5 9633/1/5
f 9633/1/5 9627/1/5 9634/1/5
f 9635/1/5 9636/1/5 9637/1/5
f 9637/1/5 9636/1/5 9638/1/5
f 9630/1/5 9631/1/5 9642/1/5
f 9642/1/5 9631/1/5 9643/1/5
f 9632/1/5 9633/1/5 9644/1/5
f 9644/1/5 9633/1/5 9645/1/5
f 9639/1/5 9640/1/5 9647/1/5
f 9647/1/5 9640/1/5 9648/1/5
f 9641/1/5 9642/1/5 9650/1/5
f 9650/1/5 9642/1/5 9651/1/5
f 9645/1/5 9646/1/5 9652/1/5
f 9652/1/5 9646/1/5 9653/1/5
f 9649/1/5 9650/1/5 9655/1/5
f 9655/1/5 9650/1/5 9656/1/5
f 9653/1/5 9654/1/5 9657/1/5
f 9657/1/5 9654/1/5 9658/1/5
f 9659/1/5 9660/1/5 9663/1/5
f 9663/1/5 9660/1/5 9664/1/5
f 9661/1/5 9662/1/5 9667/1/5
f 9667/1/5 9662/1/5 9668/1/5
f 9664/1/5 9665/1/5 9669/1/5
f 9669/1/5 9665/1/5 9670/1/5
f 9666/1/5 9667/1/5 9673/1/5
f 9673/1/5 9667/1/5 9674/1/5
f 9675/1/5 9676/1/5 9677/1/5
f 9677/1/5 9676/1/5 9678/1/5
f 9670/1/5 9671/1/5 9682/1/5
f 9682/1/5 9671/1/5 9683/1/5
f 9672/1/5 9673/1/5 9684/1/5
f 9684/1/5 9673/1/5 9685/1/5
f 9679/1/5 9680/1/5 9687/1/5
f 9687/1/5 9680/1/5 9688/1/5
f 9681/1/5 9682/1/5 9690/1/5
f 9690/1/5 9682/1/5 9691/1/5
f 9685/1/5 9686/1/5 9692/1/5
f 9692/1/5 9686/1/5 9693/1/5
f 9689/1/5 9690/1/5 9695/1/5
f 9695/1/5 9690/1/5 9696/1/5
f 9693/1/5 9694/1/5 9697/1/5
f 9697/1/5 9694/1/5 9698/1/5
f 9699/1/5 9700/1/5 9703/1/5
f 9703/1/5 9700/1/5 9704/1/5
f 9701/1/5 9702/1/5 9707/1/5
f 9707/1/5 9702/1/5 9708/1/5
f 9709/1/5 9710/1/5 9711/1/5
f 9711/1/5 9710/1/5 9712/1/5
f 9704/1/5 9705/1/5 9714/1/5
f 9714/1/5 9705/1/5 9715/1/5
f 9706/1/5 9707/1/5 9716/1/5
f 9716/1/5 9707/1/5 9717/1/5
f 9713/1/5 9714/1/5 9719/1/5
f 9719/1/5 9714/1/5 9720/1/5
f 9717/1/5 9718/1/5 9721/1/5
f 9721/1/5 9718/1/5 9722/1/5
f 9723/1/5 9724/1/5 9727/1/5
f 9727/1/5 9724/1/5 9728/1/5
f 9725/1/5 9726/1/5 9731/1/5
f 9731/1/5 9726/1/5 9732/1/5
f 9733/1/5 9734/1/5 9735/1/5
f 9735/1/5 9734/1/5 9736/1/5
f 9728/1/5 9729/1/5 9738/1/5
f 9738/1/5 9729/1/5 9739/1/5
f 9730/1/5 9731/1/5 9740/1/5
f 9740/1/5 9731/1/5 9741/1/5
f 9737/1/5 9738/1/5 9743/1/5
f 9743/1/5 9738/1/5 9744/1/5
f 9741/1/5 9742/1/5 9745/1/5
f 9745/1/5 9742/1/5 9746/1/5
f 9747/1/5 9748/1/5 9751/1/5
f 9751/1/5 9748/1/5 9752/1/5
f 9749/1/5 9750/1/5 9755/1/5
f 9755/1/5 9750/1/5 9756/1/5
f 9757/1/5 9758/1/5 9759/1/5
f 9759/1/5 9758/1/5 9760/1/5
f 9752/1/5 9753/1/5 9762/1/5
f 9762/1/5 9753/1/5 9763/1/5
f 9754/1/5 9755/1/5 9764/1/5
f 9764/1/5 9755/1/5 9765/1/5
f 9761/1/5 9762/1/5 9767/1/5
f 9767/1/5 9762/1/5 9768/1/5
f 9765/1/5 9766/1/5 9769/1/5
f 9769/1/5 9766/1/5 9770/1/5
f 9771/1/5 9772/1/5 9775/1/5
f 9775/1/5 9772/1/5 9776/1/5
f 9773/1/5 9774/1/5 9777/1/5
f 9777/1/5 9774/1/5 9778/1/5
f 9779/1/5 9780/1/5 9783/1/5
f 9783/1/5 9780/1/5 9784/1/5
f 9781/1/5 9782/1/5 9785/1/5
f 9785/1/5 9782/1/5 9786/1/5
f 9787/1/5 9788/1/5 9791/1/5
f 9791/1/5 9788/1/5 9792/1/5
f 9789/1/5 9790/1/5 9793/1/5
f 9793/1/5 9790/1/5 9794/1/5
f 9795/2/5 9796/2/5 9798/2/5
f 9796/4/5 9797/4/5 9799/4/5
f 9798/2/5 9796/2/5 9799/2/5
f 9799/4/5 9797/4/5 9800/4/5
f 9801/2/5 9802/2/5 9804/2/5
f 9802/4/5 9803/4/5 9805/4/5
f 9804/2/5 9802/2/5 9805/2/5
f 9805/4/5 9803/4/5 9806/4/5
f 9807/2/5 9808/2/5 9810/2/5
f 9808/4/5 9809/4/5 9811/4/5
f 9810/2/5 9808/2/5 9811/2/5
f 9811/4/5 9809/4/5 9812/4/5
f 9813/2/5 9814/2/5 9816/2/5
f 9814/4/5 9815/4/5 9817/4/5
f 9816/2/5 9814/2/5 9817/2/5
f 9817/4/5 9815/4/5 9818/4/5
f 9819/2/5 9820/2/5 9822/2/5
f 9820/4/5 9821/4/5 9823/4/5
f 9822/2/5 9820/2/5 9823/2/5
f 9823/4/5 9821/4/5 9824/4/5
f 9825/2/5 9826/2/5 9828/2/5
f 9826/4/5 9827/4/5 9829/4/5
f 9828/2/5 9826/2/5 9829/2/5
f 9829/4/5 9827/4/5 9830/4/5
f 9831/2/5 9832/2/5 9834/2/5
f 9832/4/5 9833/4/5 9835/4/5
f 9834/2/5 9832/2/5 9835/2/5
f 9835/4/5 9833/4/5 9836/4/5
f 9837/2/5 9838/2/5 9840/2/5
f 9838/4/5 9839/4/5 9841/4/5
f 9840/2/5 9838/2/5 9841/2/5
f 9841/4/5 9839/4/5 9842/4/5
f 9843/2/5 9844/2/5 9846/2/5
f 9844/4/5 9845/4/5 9847/4/5
f 9846/2/5 9844/2/5 9847/2/5
f 9847/4/5 9845/4/5 9848/4/5
f 9849/2/5 9850/2/5 9852/2/5
f 9850/4/5 9851/4/5 9853/4/5
f 9852/2/5 9850/2/5 9853/2/5
f 9853/4/5 9851/4/5 9854/4/5
f 9855/2/5 9856/2/5 9858/2/5
f 9856/4/5 9857/4/5 9859/4/5
f 9858/2/5 9856/2/5 9859/2/5
f 9859/4/5 9857/4/5 9860/4/5
f 9861/2/5 9862/2/5 9864/2/5
f 9862/4/5 9863/4/5 9865/4/5
f 9864/2/5 9862/2/5 9865/2/5
f 9865/4/5 9863/4/5 9866/4/5
f 9867/2/5 9868/2/5 9870/2/5
f 9868/4/5 9869/4/5 9871/4/5
f 9870/2/5 9868/2/5 9871/2/5
f 9871/4/5 9869/4/5 9872/4/5
f 9873/2/5 9874/2/5 9876/2/5
f 9874/4/5 9875/4/5 9877/4/5
f 9876/2/5 9874/2/5 9877/2/5
f 9877/4/5 9875/4/5 9878/4/5
f 9879/2/5 9880/2/5 9882/2/5
f 9880/4/5 9881/4/5 9883/4/5
f 9882/2/5 9880/2/5 9883/2/5
f 9883/4/5 9881/4/5 9884/4/5
f 9885/2/5 9886/2/5 9888/2/5
f 9886/4/5 9887/4/5 9889/4/5
f 9888/2/5 9886/2/5 9889/2/5
f 9889/4/5 9887/4/5 9890/4/5
f 9891/2/5 9892/2/5 9894/2/5
f 9892/4/5 9893/4/5 9895/4/5
f 9894/2/5 9892/2/5 9895/2/5
f 9895/4/5 9893/4/5 9896/4/5
f 9897/2/5 9898/2/5 9900/2/5
f 9898/4/5 9899/4/5 9901/4/5
f 9900/2/5 9898/2/5 9901/2/5
f 9901/4/5 9899/4/5 9902/4/5
f 9903/2/5 9904/2/5 9906/2/5
f 9904/4/5 9905/4/5 9907/4/5
f 9906/2/5 9904/2/5 9907/2/5
f 9907/4/5 9905/4/5 9908/4/5
f 9909/2/5 9910/2/5 9912/2/5
f 9910/4/5 9911/4/5 9913/4/5
f 9912/2/5 9910/2/5 9913/2/5
f 9913/4/5 9911/4/5 9914/4/5
f 9915/2/5 9916/2/5 9918/2/5
f 9916/4/5 9917/4/5 9919/4/5
f 9918/2/5 9916/2/5 9919/2/5
f 9919/4/5 9917/4/5 9920/4/5
f 9921/2/5 9922/2/5 9924/2/5
f 9922/4/5 9923/4/5 9925/4/5
f 9924/2/5 9922/2/5 9925/2/5
f 9925/4/5 9923/4/5 9926/4/5
f 9927/2/5 9928/2/5 9930/2/5
f 9928/4/5 9929/4/5 9931/4/5
f 9930/2/5 9928/2/5 9931/2/5
f 9931/4/5 9929/4/5 9932/4/5
f 9933/2/5 9934/2/5 9936/2/5
f 9934/4/5 9935/4/5 9937/4/5
f 9936/2/5 9934/2/5 9937/2/5
f 9937/4/5 9935/4/5 9938/4/5
f 9939/2/5 9940/2/5 9942/2/5
f 9940/4/5 9941/4/5 9943/4/5
f 9942/2/5 9940/2/5 9943/2/5
f 9943/4/5 9941/4/5 9944/4/5
f 9945/2/5 9946/2/5 9948/2/5
f 9946/4/5 9947/4/5 9949/4/5
f 9948/2/5 9946/2/5 9949/2/5
f 9949/4/5 9947/4/5 9950/4/5
f 9951/2/5 9952/2/5 9954/2/5
f 9952/4/5 9953/4/5 9955/4/5
f 9954/2/5 9952/2/5 9955/2/5
f 9955/4/5 9953/4/5 9956/4/5
f 9957/2/5 9958/2/5 9960/2/5
f 9958/4/5 9959/4/5 9961/4/5
f 9960/2/5 9958/2/5 9961/2/5
f 9961/4/5 9959/4/5 9962/4/5
f 9963/2/5 9964/2/5 9966/2/5
f 9964/4/5 9965/4/5 9967/4/5
f 9966/2/5 9964/2/5 9967/2/5
f 9967/4/5 9965/4/5 9968/4/5
f 9969/2/5 9970/2/5 9972/2/5
f 9970/4/5 9971/4/5 9973/4/5
f 9972/2/5 9970/2/5 9973/2/5
f 9973/4/5 9971/4/5 9974/4/5
f 9975/2/5 9976/2/5 9978/2/5
f 9976/4/5 9977/4/5 9979/4/5
f 9978/2/5 9976/2/5 9979/2/5
f 9979/4/5 9977/4/5 9980/4/5
f 9981/2/5 9982/2/5 9984/2/5
f 9982/4/5 9983/4/5 9985/4/5
f 9984/2/5 9982/2/5 9985/2/5
f 9985/4/5 9983/4/5 9986/4/5
f 9987/2/5 9988/2/5 9990/2/5
f 9988/4/5 9989/4/5 9991/4/5
f 9990/2/5 9988/2/5 9991/2/5
f 9991/4/5 9989/4/5 9992/4/5
f 9993/2/5 9994/2/5 9996/2/5
f 9994/4/5 9995/4/5 9997/4/5
f 9996/2/5 9994/2/5 9997/2/5
f 9997/4/5 9995/4/5 9998/4/5
f 9999/2/5 10000/2/5 10002/2/5
f 10000/4/5 10001/4/5 10003/4/5
f 10002/2/5 10000/2/5 10003/2/5
f 10003/4/5 10001/4/5 10004/4/5
f 10005/2/5 10006/2/5 10008/2/5
f 10006/4/5 10007/4/5 10009/4/5
f 10008/2/5 10006/2/5 10009/2/5
f 10009/4/5 10007/4/5 10010/4/5
f 10011/2/5 10012/2/5 10014/2/5
f 10012/4/5 10013/4/5 10015/4/5
f 10014/2/5 10012/2/5 10015/2/5
f 10015/4/5 10013/4/5 10016/4/5
f 10017/2/5 10018/2/5 10020/2/5
f 10018/4/5 10019/4/5 10021/4/5
f 10020/2/5 10018/2/5 10021/2/5
f 10021/4/5 10019/4/5 10022/4/5
f 10023/2/5 10024/2/5 10026/2/5
f 10024/4/5 10025/4/5 10027/4/5
f 10026/2/5 10024/2/5 10027/2/5
f 10027/4/5 10025/4/5 10028/4/5
f 10029/2/5 10030/2/5 10032/2/5
f 10030/4/5 10031/4/5 10033/4/5
f 10032/2/5 10030/2/5 10033/2/5
f 10033/4/5 10031/4/5 10034/4/5
f 10035/2/5 10036/2/5 10038/2/5
f 10036/4/5 10037/4/5 10039/4/5
f 10038/2/5 10036/2/5 10039/2/5
f 10039/4/5 10037/4/5 10040/4/5
f 10041/2/5 10042/2/5 10044/2/5
f 10042/4/5 10043/4/5 10045/4/5
f 10044/2/5 10042/2/5 10045/2/5
f 10045/4/5 10043/4/5 10046/4/5
f 10047/2/5 10048/2/5 10050/2/5
f 10048/4/5 10049/4/5 10051/4/5
f 10050/2/5 10048/2/5 10051/2/5
f 10051/4/5 10049/4/5 10052/4/5
f 10053/2/5 10054/2/5 10056/2/5
f 10054/4/5 10055/4/5 10057/4/5
f 10056/2/5 10054/2/5 10057/2/5
f 10057/4/5 10055/4/5 10058/4/5
f 10059/2/5 10060/2/5 10062/2/5
f 10060/4/5 10061/4/5 10063/4/5
f 10062/2/5 10060/2/5 10063/2/5
f 10063/4/5 10061/4/5 10064/4/5
f 10065/2/5 10066/2/5 10068/2/5
f 10066/4/5 10067/4/5 10069/4/5
f 10068/2/5 10066/2/5 10069/2/5
f 10069/4/5 10067/4/5 10070/4/5
f 10071/2/5 10072/2/5 10074/2/5
f 10072/4/5 10073/4/5 10075/4/5
f 10074/2/5 10072/2/5 10075/2/5
f 10075/4/5 10073/4/5 10076/4/5
f 10077/2/5 10078/2/5 10080/2/5
f 10078/4/5 10079/4/5 10081/4/5
f 10080/2/5 10078/2/5 10081/2/5
f 10081/4/5 10079/4/5 10082/4/5
f 10083/2/5 10084/2/5 10086/2/5
f 10084/4/5 10085/4/5 10087/4/5
f 10086/2/5 10084/2/5 10087/2/5
f 10087/4/5 10085/4/5 10088/4/5
f 10089/2/5 10090/2/5 10092/2/5
f 10090/4/5 10091/4/5 10093/4/5
f 10092/2/5 10090/2/5 10093/2/5
f 10093/4/5 10091/4/5 10094/4/5
f 10095/2/5 10096/2/5 10098/2/5
f 10096/4/5 10097/4/5 10099/4/5
f 10098/2/5 10096/2/5 10099/2/5
f 10099/4/5 10097/4/5 10100/4/5
f 10101/2/5 10102/2/5 10104/2/5
f 10102/4/5 10103/4/5 10105/4/5
f 10104/2/5 10102/2/5 10105/2/5
f 10105/4/5 10103/4/5 10106/4/5
f 10107/2/5 10108/2/5 10110/2/5
f 10108/4/5 10109/4/5 10111/4/5
f 10110/2/5 10108/2/5 10111/2/5
f 10111/4/5 10109/4/5 10112/4/5
f 10113/2/5 10114/2/5 10116/2/5
f 10114/4/5 10115/4/5 10117/4/5
f 10116/2/5 10114/2/5 10117/2/5
f 10117/4/5 10115/4/5 10118/4/5
f 10119/2/5 10120/2/5 10122/2/5
f 10120/4/5 10121/4/5 10123/4/5
f 10122/2/5 10120/2/5 10123/2/5
f 10123/4/5 10121/4/5 10124/4/5
f 10125/2/5 10126/2/5 10128/2/5
f 10126/4/5 10127/4/5 10129/4/5
f 10128/2/5 10126/2/5 10129/2/5
f 10129/4/5 10127/4/5 10130/4/5
f 10131/2/5 10132/2/5 10134/2/5
f 10132/4/5 10133/4/5 10135/4/5
f 10134/2/5 10132/2/5 10135/2/5
f 10135/4/5 10133/4/5 10136/4/5
f 10137/2/5 10138/2/5 10140/2/5
f 10138/4/5 10139/4/5 10141/4/5
f 10140/2/5 10138/2/5 10141/2/5
f 10141/4/5 10139/4/5 10142/4/5
f 10143/2/5 10144/2/5 10146/2/5
f 10144/4/5 10145/4/5 10147/4/5
f 10146/2/5 10144/2/5 10147/2/5
f 10147/4/5 10145/4/5 10148/4/5
f 10149/2/5 10150/2/5 10152/2/5
f 10150/4/5 10151/4/5 10153/4/5
f 10152/2/5 10150/2/5 10153/2/5
f 10153/4/5 10151/4/5 10154/4/5
f 10155/2/5 10156/2/5 10158/2/5
f 10156/4/5 10157/4/5 10159/4/5
f 10158/2/5 10156/2/5 10159/2/5
f 10159/4/5 10157/4/5 10160/4/5
f 10161/2/5 10162/2/5 10164/2/5
f 10162/4/5 10163/4/5 10165/4/5
f 10164/2/5 10162/2/5 10165/2/5
f 10165/4/5 10163/4/5 10166/4/5
f 10167/2/5 10168/2/5 10170/2/5
f 10168/4/5 10169/4/5 10171/4/5
f 10170/2/5 10168/2/5 10171/2/5
f 10171/4/5 10169/4/5 10172/4/5
f 10173/2/5 10174/2/5 10176/2/5
f 10174/4/5 10175/4/5 10177/4/5
f 10176/2/5 10174/2/5 10177/2/5
f 10177/4/5 10175/4/5 10178/4/5
f 10179/2/5 10180/2/5 10182/2/5
f 10180/4/5 10181/4/5 10183/4/5
f 10182/2/5 10180/2/5 10183/2/5
f 10183/4/5 10181/4/5 10184/4/5
f 10185/2/5 10186/2/5 10188/2/5
f 10186/4/5 10187/4/5 10189/4/5
f 10188/2/5 10186/2/5 10189/2/5
f 10189/4/5 10187/4/5 10190/4/5
f 10191/2/5 10192/2/5 10194/2/5
f 10192/4/5 10193/4/5 10195/4/5
f 10194/2/5 10192/2/5 10195/2/5
f 10195/4/5 10193/4/5 10196/4/5
f 10197/2/5 10198/2/5 10200/2/5
f 10198/4/5 10199/4/5 10201/4/5
f 10200/2/5 10198/2/5 10201/2/5
f 10201/4/5 10199/4/5 10202/4/5
f 10203/2/5 10204/2/5 10206/2/5
f 10204/4/5 10205/4/5 10207/4/5
f 10206/2/5 10204/2/5 10207/2/5
f 10207/4/5 10205/4/5 10208/4/5
f 10209/2/5 10210/2/5 10212/2/5
f 10210/4/5 10211/4/5 10213/4/5
f 10212/2/5 10210/2/5 10213/2/5
f 10213/4/5 10211/4/5 10214/4/5
f 10215/2/5 10216/2/5 10218/2/5
f 10216/4/5 10217/4/5 10219/4/5
f 10218/2/5 10216/2/5 10219/2/5
f 10219/4/5 10217/4/5 10220/4/5
f 10221/2/5 10222/2/5 10224/2/5
f 10222/4/5 10223/4/5 10225/4/5
f 10224/2/5 10222/2/5 10225/2/5
f 10225/4/5 10223/4/5 10226/4/5
f 10227/2/5 10228/2/5 10230/2/5
f 10228/4/5 10229/4/5 10231/4/5
f 10230/2/5 10228/2/5 10231/2/5
f 10231/4/5 10229/4/5 10232/4/5
f 10233/2/5 10234/2/5 10236/2/5
f 10234/4/5 10235/4/5 10237/4/5
f 10236/2/5 10234/2/5 10237/2/5
f 10237/4/5 10235/4/5 10238/4/5
f 10239/2/5 10240/2/5 10242/2/5
f 10240/4/5 10241/4/5 10243/4/5
f 10242/2/5 10240/2/5 10243/2/5
f 10243/4/5 10241/4/5 10244/4/5
f 10245/2/5 10246/2/5 10248/2/5
f 10246/4/5 10247/4/5 10249/4/5
f 10248/2/5 10246/2/5 10249/2/5
f 10249/4/5 10247/4/5 10250/4/5
f 10251/2/5 10252/2/5 10254/2/5
f 10252/4/5 10253/4/5 10255/4/5
f 10254/2/5 10252/2/5 10255/2/5
f 10255/4/5 10253/4/5 10256/4/5
f 10257/2/5 10258/2/5 10260/2/5
f 10258/4/5 10259/4/5 10261/4/5
f 10260/2/5 10258/2/5 10261/2/5
f 10261/4/5 10259/4/5 10262/4/5
f 10263/2/5 10264/2/5 10266/2/5
f 10264/4/5 10265/4/5 10267/4/5
f 10266/2/5 10264/2/5 10267/2/5
f 10267/4/5 10265/4/5 10268/4/5
f 10269/2/5 10270/2/5 10272/2/5
f 10270/4/5 10271/4/5 10273/4/5
f 10272/2/5 10270/2/5 10273/2/5
f 10273/4/5 10271/4/5 10274/4/5
f 10275/2/5 10276/2/5 10278/2/5
f 10276/4/5 10277/4/5 10279/4/5
f 10278/2/5 10276/2/5 10279/2/5
f 10279/4/5 10277/4/5 10280/4/5
f 10281/2/5 10282/2/5 10284/2/5
f 10282/4/5 10283/4/5 10285/4/5
f 10284/2/5 10282/2/5 10285/2/5
f 10285/4/5 10283/4/5 10286/4/5
f 10287/2/5 10288/2/5 10290/2/5
f 10288/4/5 10289/4/5 10291/4/5
f 10290/2/5 10288/2/5 10291/2/5
f 10291/4/5 10289/4/5 10292/4/5
f 10293/2/5 10294/2/5 10296/2/5
f 10294/4/5 10295/4/5 10297/4/5
f 10296/2/5 10294/2/5 10297/2/5
f 10297/4/5 10295/4/5 10298/4/5
f 10299/2/5 10300/2/5 10302/2/5
f 10300/4/5 10301/4/5 10303/4/5
f 10302/2/5 10300/2/5 10303/2/5
f 10303/4/5 10301/4/5 10304/4/5
f 10305/2/5 10306/2/5 10308/2/5
f 10306/4/5 10307/4/5 10309/4/5
f 10308/2/5 10306/2/5 10309/2/5
f 10309/4/5 10307/4/5 10310/4/5
f 10311/2/5 10312/2/5 10314/2/5
f 10312/4/5 10313/4/5 10315/4/5
f 10314/2/5 10312/2/5 10315/2/5
f 10315/4/5 10313/4/5 10316/4/5
f 10317/2/5 10318/2/5 10320/2/5
f 10318/4/5 10319/4/5 10321/4/5
f 10320/2/5 10318/2/5 10321/2/5
f 10321/4/5 10319/4/5 10322/4/5
f 10323/2/5 10324/2/5 10326/2/5
f 10324/4/5 10325/4/5 10327/4/5
f 10326/2/5 10324/2/5 10327/2/5
f 10327/4/5 10325/4/5 10328/4/5
f 10329/2/5 10330/2/5 10332/2/5
f 10330/4/5 10331/4/5 10333/4/5
f 10332/2/5 10330/2/5 10333/2/5
f 10333/4/5 10331/4/5 10334/4/5
f 10335/2/5 10336/2/5 10338/2/5
f 10336/4/5 10337/4/5 10339/4/5
f 10338/2/5 10336/2/5 10339/2/5
f 10339/4/5 10337/4/5 10340/4/5
f 10341/2/5 10342/2/5 10344/2/5
f 10342/4/5 10343/4/5 10345/4/5
f 10344/2/5 10342/2/5 10345/2/5
f 10345/4/5 10343/4/5 10346/4/5
f 10347/2/5 10348/2/5 10350/2/5
f 10348/4/5 10349/4/5 10351/4/5
f 10350/2/5 10348/2/5 10351/2/5
f 10351/4/5 10349/4/5 10352/4/5
f 10353/2/5 10354/2/5 10356/2/5
f 10354/4/5 10355/4/5 10357/4/5
f 10356/2/5 10354/2/5 10357/2/5
f 10357/4/5 10355/4/5 10358/4/5
f 10359/2/5 10360/2/5 10362/2/5
f 10360/4/5 10361/4/5 10363/4/5
f 10362/2/5 10360/2/5 10363/2/5
f 10363/4/5 10361/4/5 10364/4/5
f 10365/2/5 10366/2/5 10368/2/5
f 10366/4/5 10367/4/5 10369/4/5
f 10368/2/5 10366/2/5 10369/2/5
f 10369/4/5 10367/4/5 10370/4/5
f 10371/2/5 10372/2/5 10374/2/5
f 10372/4/5 10373/4/5 10375/4/5
f 10374/2/5 10372/2/5 10375/2/5
f 10375/4/5 10373/4/5 10376/4/5
f 10377/2/5 10378/2/5 10380/2/5
f 10378/4/5 10379/4/5 10381/4/5
f 10380/2/5 10378/2/5 10381/2/5
f 10381/4/5 10379/4/5 10382/4/5
f 10383/2/5 10384/2/5 10386/2/5
f 10384/4/5 10385/4/5 10387/4/5
f 10386/2/5 10384/2/5 10387/2/5
f 10387/4/5 10385/4/5 10388/4/5
f 10389/2/5 10390/2/5 10392/2/5
f 10390/4/5 10391/4/5 10393/4/5
f 10392/2/5 10390/2/5 10393/2/5
f 10393/4/5 10391/4/5 10394/4/5
f 10395/2/5 10396/2/5 10398/2/5
f 10396/4/5 10397/4/5 10399/4/5
f 10398/2/5 10396/2/5 10399/2/5
f 10399/4/5 10397/4/5 10400/4/5
f 10401/2/5 10402/2/5 10404/2/5
f 10402/4/5 10403/4/5 10405/4/5
f 10404/2/5 10402/2/5 10405/2/5
f 10405/4/5 10403/4/5 10406/4/5
f 10407/2/5 10408/2/5 10410/2/5
f 10410/2/5 10408/2/5 10411/2/5
f 10410/3/5 10411/3/5 10412/3/5
f 10411/2/5 10408/2/5 10412/2/5
f 10412/2/5 10408/2/5 10413/2/5
f 10412/3/5 10413/3/5 10414/3/5
f 10413/2/5 10408/2/5 10414/2/5
f 10414/2/5 10408/2/5 10415/2/5
f 10414/3/5 10415/3/5 10416/3/5
f 10415/2/5 10408/2/5 10416/2/5
f 10416/2/5 10408/2/5 10417/2/5
f 10414/3/5 10416/3/5 10418/3/5
f 10416/3/5 10417/3/5 10418/3/5
f 10417/2/5 10408/2/5 10419/2/5
f 10418/3/5 10417/3/5 10419/3/5
f 10412/3/5 10414/3/5 10420/3/5
f 10414/3/5 10418/3/5 10420/3/5
f 10418/2/5 10419/2/5 10421/2/5
f 10420/3/5 10418/3/5 10421/3/5
f 10410/3/5 10412/3/5 10422/3/5
f 10412/3/5 10420/3/5 10422/3/5
f 10420/2/5 10421/2/5 10423/2/5
f 10422/3/5 10420/3/5 10423/3/5
f 10407/2/5 10410/2/5 10424/2/5
f 10410/3/5 10422/3/5 10424/3/5
f 10422/2/5 10423/2/5 10425/2/5
f 10424/3/5 10422/3/5 10425/3/5
f 10407/2/5 10424/2/5 10426/2/5
f 10424/2/5 10425/2/5 10426/2/5
f 10408/4/5 10409/4/5 10427/4/5
f 10426/2/5 10425/2/5 10427/2/5
f 10423/2/5 10421/2/5 10427/2/5
f 10425/2/5 10423/2/5 10427/2/5
f 10419/2/5 10408/2/5 10427/2/5
f 10421/2/5 10419/2/5 10427/2/5
f 10427/4/5 10409/4/5 10428/4/5
f 10432/2/7 10430/2/7 10429/2/7
f 10433/2/7 10430/2/7 10432/2/7
f 10434/2/7 10430/2/7 10433/2/7
f 10435/2/7 10430/2/7 10434/2/7
f 10438/2/7 10432/2/7 10431/2/7
f 10438/2/7 10433/2/7 10432/2/7
f 10439/2/7 10433/2/7 10438/2/7
f 10440/5/7 10434/5/7 10433/5/7
f 10440/2/7 10433/2/7 10439/2/7
f 10441/2/7 10436/2/7 10435/2/7
f 10441/5/7 10434/5/7 10440/5/7
f 10441/2/7 10435/2/7 10434/2/7
f 10442/2/7 10436/2/7 10441/2/7
f 10443/2/7 10436/2/7 10442/2/7
f 10446/2/7 10438/2/7 10437/2/7
f 10446/2/7 10439/2/7 10438/2/7
f 10447/2/7 10439/2/7 10446/2/7
f 10448/5/7 10440/5/7 10439/5/7
f 10448/2/7 10439/2/7 10447/2/7
f 10448/5/7 10441/5/7 10440/5/7
f 10448/5/7 10442/5/7 10441/5/7
f 10449/2/7 10444/2/7 10443/2/7
f 10449/5/7 10442/5/7 10448/5/7
f 10449/2/7 10443/2/7 10442/2/7
f 10450/2/7 10444/2/7 10449/2/7
f 10451/2/7 10444/2/7 10450/2/7
f 10454/2/7 10447/2/7 10446/2/7
f 10454/2/7 10446/2/7 10445/2/7
f 10455/2/7 10447/2/7 10454/2/7
f 10456/5/7 10448/5/7 10447/5/7
f 10456/2/7 10447/2/7 10455/2/7
f 10456/5/7 10449/5/7 10448/5/7
f 10456/5/7 10450/5/7 10449/5/7
f 10457/2/7 10452/2/7 10451/2/7
f 10457/5/7 10450/5/7 10456/5/7
f 10457/2/7 10451/2/7 10450/2/7
f 10458/2/7 10452/2/7 10457/2/7
f 10459/2/7 10452/2/7 10458/2/7
f 10462/2/7 10455/2/7 10454/2/7
f 10462/2/7 10454/2/7 10453/2/7
f 10463/2/7 10455/2/7 10462/2/7
f 10464/5/7 10456/5/7 10455/5/7
f 10464/2/7 10455/2/7 10463/2/7
f 10464/5/7 10457/5/7 10456/5/7
f 10464/5/7 10458/5/7 10457/5/7
f 10465/2/7 10460/2/7 10459/2/7
f 10465/5/7 10458/5/7 10464/5/7
f 10465/2/7 10459/2/7 10458/2/7
f 10466/2/7 10460/2/7 10465/2/7
f 10467/2/7 10460/2/7 10466/2/7
f 10470/2/7 10463/2/7 10462/2/7
f 10470/2/7 10462/2/7 10461/2/7
f 10471/2/7 10463/2/7 10470/2/7
f 10472/5/7 10464/5/7 10463/5/7
f 10472/2/7 10463/2/7 10471/2/7
f 10472/5/7 10465/5/7 10464/5/7
f 10472/5/7 10466/5/7 10465/5/7
f 10473/2/7 10468/2/7 10467/2/7
f 10473/5/7 10466/5/7 10472/5/7
f 10473/2/7 10467/2/7 10466/2/7
f 10474/2/7 10468/2/7 10473/2/7
f 10475/2/7 10468/2/7 10474/2/7
f 10478/2/7 10471/2/7 10470/2/7
f 10478/2/7 10470/2/7 10469/2/7
f 10479/2/7 10471/2/7 10478/2/7
f 10480/5/7 10472/5/7 10471/5/7
f 10480/2/7 10471/2/7 10479/2/7
f 10480/5/7 10473/5/7 10472/5/7
f 10480/5/7 10474/5/7 10473/5/7
f 10481/2/7 10476/2/7 10475/2/7
f 10481/5/7 10474/5/7 10480/5/7
f 10481/2/7 10475/2/7 10474/2/7
f 10482/2/7 10476/2/7 10481/2/7
f 10483/2/7 10476/2/7 10482/2/7
f 10486/2/7 10479/2/7 10478/2/7
f 10486/2/7 10478/2/7 10477/2/7
f 10487/2/7 10479/2/7 10486/2/7
f 10488/5/7 10480/5/7 10479/5/7
f 10488/2/7 10479/2/7 10487/2/7
f 10488/5/7 10481/5/7 10480/5/7
f 10488/5/7 10482/5/7 10481/5/7
f 10489/2/7 10484/2/7 10483/2/7
f 10489/5/7 10482/5/7 10488/5/7
f 10489/2/7 10483/2/7 10482/2/7
f 10490/2/7 10484/2/7 10489/2/7
f 10491/2/7 10484/2/7 10490/2/7
f 10494/2/7 10487/2/7 10486/2/7
f 10494/2/7 10486/2/7 10485/2/7
f 10495/2/7 10487/2/7 10494/2/7
f 10496/5/7 10488/5/7 10487/5/7
f 10496/2/7 10487/2/7 10495/2/7
f 10496/5/7 10489/5/7 10488/5/7
f 10496/5/7 10490/5/7 10489/5/7
f 10497/2/7 10492/2/7 10491/2/7
f 10497/5/7 10490/5/7 10496/5/7
f 10497/2/7 10491/2/7 10490/2/7
f 10498/2/7 10492/2/7 10497/2/7
f 10499/2/7 10492/2/7 10498/2/7
f 10502/2/7 10495/2/7 10494/2/7
f 10502/2/7 10494/2/7 10493/2/7
f 10503/2/7 10495/2/7 10502/2/7
f 10504/5/7 10496/5/7 10495/5/7
f 10504/2/7 10495/2/7 10503/2/7
f 10504/5/7 10497/5/7 10496/5/7
f 10504/5/7 10498/5/7 10497/5/7
f 10505/2/7 10500/2/7 10499/2/7
f 10505/5/7 10498/5/7 10504/5/7
f 10505/2/7 10499/2/7 10498/2/7
f 10506/2/7 10500/2/7 10505/2/7
f 10507/2/7 10500/2/7 10506/2/7
f 10510/2/7 10503/2/7 10502/2/7
f 10510/2/7 10502/2/7 10501/2/7
f 10511/2/7 10503/2/7 10510/2/7
f 10512/5/7 10504/5/7 10503/5/7
f 10512/2/7 10503/2/7 10511/2/7
f 10512/5/7 10505/5/7 10504/5/7
f 10512/5/7 10506/5/7 10505/5/7
f 10513/2/7 10508/2/7 10507/2/7
f 10513/5/7 10506/5/7 10512/5/7
f 10513/2/7 10507/2/7 10506/2/7
f 10514/2/7 10508/2/7 10513/2/7
f 10515/2/7 10508/2/7 10514/2/7
f 10518/2/7 10511/2/7 10510/2/7
f 10518/2/7 10510/2/7 10509/2/7
f 10519/2/7 10511/2/7 10518/2/7
f 10520/5/7 10512/5/7 10511/5/7
f 10520/2/7 10511/2/7 10519/2/7
f 10520/5/7 10513/5/7 10512/5/7
f 10520/5/7 10514/5/7 10513/5/7
f 10521/2/7 10516/2/7 10515/2/7
f 10521/5/7 10514/5/7 10520/5/7
f 10521/2/7 10515/2/7 10514/2/7
f 10522/2/7 10516/2/7 10521/2/7
f 10523/2/7 10516/2/7 10522/2/7
f 10526/2/7 10519/2/7 10518/2/7
f 10526/2/7 10518/2/7 10517/2/7
f 10527/2/7 10519/2/7 10526/2/7
f 10528/5/7 10520/5/7 10519/5/7
f 10528/2/7 10519/2/7 10527/2/7
f 10528/5/7 10521/5/7 10520/5/7
f 10528/5/7 10522/5/7 10521/5/7
f 10529/2/7 10524/2/7 10523/2/7
f 10529/5/7 10522/5/7 10528/5/7
f 10529/2/7 10523/2/7 10522/2/7
f 10530/2/7 10524/2/7 10529/2/7
f 10531/2/7 10524/2/7 10530/2/7
f 10534/2/7 10527/2/7 10526/2/7
f 10534/2/7 10526/2/7 10525/2/7
f 10535/2/7 10527/2/7 10534/2/7
f 10536/5/7 10528/5/7 10527/5/7
f 10536/2/7 10527/2/7 10535/2/7
f 10536/5/7 10529/5/7 10528/5/7
f 10536/5/7 10530/5/7 10529/5/7
f 10537/2/7 10532/2/7 10531/2/7
f 10537/5/7 10530/5/7 10536/5/7
f 10537/2/7 10531/2/7 10530/2/7
f 10538/2/7 10532/2/7 10537/2/7
f 10539/2/7 10532/2/7 10538/2/7
f 10542/2/7 10535/2/7 10534/2/7
f 10542/2/7 10534/2/7 10533/2/7
f 10543/2/7 10535/2/7 10542/2/7
f 10544/5/7 10536/5/7 10535/5/7
f 10544/2/7 10535/2/7 10543/2/7
f 10544/5/7 10537/5/7 10536/5/7
f 10544/5/7 10538/5/7 10537/5/7
f 10545/2/7 10540/2/7 10539/2/7
f 10545/5/7 10538/5/7 10544/5/7
f 10545/2/7 10539/2/7 10538/2/7
f 10546/2/7 10540/2/7 10545/2/7
f 10547/2/7 10540/2/7 10546/2/7
f 10550/2/7 10543/2/7 10542/2/7
f 10550/2/7 10542/2/7 10541/2/7
f 10551/2/7 10543/2/7 10550/2/7
f 10552/5/7 10544/5/7 10543/5/7
f 10552/2/7 10543/2/7 10551/2/7
f 10552/5/7 10545/5/7 10544/5/7
f 10552/5/7 10546/5/7 10545/5/7
f 10553/2/7 10548/2/7 10547/2/7
f 10553/5/7 10546/5/7 10552/5/7
f 10553/2/7 10547/2/7 10546/2/7
f 10554/2/7 10548/2/7 10553/2/7
f 10555/2/7 10548/2/7 10554/2/7
f 10558/2/7 10551/2/7 10550/2/7
f 10558/2/7 10550/2/7 10549/2/7
f 10559/2/7 10551/2/7 10558/2/7
f 10560/5/7 10552/5/7 10551/5/7
f 10560/2/7 10551/2/7 10559/2/7
f 10560/5/7 10553/5/7 10552/5/7
f 10560/5/7 10554/5/7 10553/5/7
f 10561/2/7 10556/2/7 10555/2/7
f 10561/5/7 10554/5/7 10560/5/7
f 10561/2/7 10555/2/7 10554/2/7
f 10562/2/7 10556/2/7 10561/2/7
f 10563/2/7 10556/2/7 10562/2/7
f 10566/2/7 10559/2/7 10558/2/7
f 10566/2/7 10558/2/7 10557/2/7
f 10567/2/7 10559/2/7 10566/2/7
f 10568/5/7 10560/5/7 10559/5/7
f 10568/2/7 10559/2/7 10567/2/7
f 10568/5/7 10561/5/7 10560/5/7
f 10568/5/7 10562/5/7 10561/5/7
f 10569/2/7 10564/2/7 10563/2/7
f 10569/5/7 10562/5/7 10568/5/7
f 10569/2/7 10563/2/7 10562/2/7
f 10570/2/7 10564/2/7 10569/2/7
f 10571/2/7 10564/2/7 10570/2/7
f 10574/2/7 10567/2/7 10566/2/7
f 10574/2/7 10566/2/7 10565/2/7
f 10575/2/7 10567/2/7 10574/2/7
f 10576/5/7 10568/5/7 10567/5/7
f 10576/2/7 10567/2/7 10575/2/7
f 10576/5/7 10569/5/7 10568/5/7
f 10576/5/7 10570/5/7 10569/5/7
f 10577/2/7 10572/2/7 10571/2/7
f 10577/5/7 10570/5/7 10576/5/7
f 10577/2/7 10571/2/7 10570/2/7
f 10578/2/7 10572/2/7 10577/2/7
f 10579/2/7 10572/2/7 10578/2/7
f 10582/2/7 10575/2/7 10574/2/7
f 10582/2/7 10574/2/7 10573/2/7
f 10583/2/7 10575/2/7 10582/2/7
f 10584/5/7 10576/5/7 10575/5/7
f 10584/2/7 10575/2/7 10583/2/7
f 10584/5/7 10577/5/7 10576/5/7
f 10584/5/7 10578/5/7 10577/5/7
f 10585/2/7 10580/2/7 10579/2/7
f 10585/5/7 10578/5/7 10584/5/7
f 10585/2/7 10579/2/7 10578/2/7
f 10586/2/7 10580/2/7 10585/2/7
f 10587/2/7 10580/2/7 10586/2/7
f 10590/2/7 10583/2/7 10582/2/7
f 10590/2/7 10582/2/7 10581/2/7
f 10591/2/7 10583/2/7 10590/2/7
f 10592/5/7 10584/5/7 10583/5/7
f 10592/2/7 10583/2/7 10591/2/7
f 10592/5/7 10585/5/7 10584/5/7
f 10592/5/7 10586/5/7 10585/5/7
f 10593/2/7 10588/2/7 10587/2/7
f 10593/5/7 10586/5/7 10592/5/7
f 10593/2/7 10587/2/7 10586/2/7
f 10594/2/7 10588/2/7 10593/2/7
f 10595/2/7 10588/2/7 10594/2/7
f 10598/2/7 10591/2/7 10590/2/7
f 10598/2/7 10590/2/7 10589/2/7
f 10599/2/7 10591/2/7 10598/2/7
f 10600/5/7 10592/5/7 10591/5/7
f 10600/2/7 10591/2/7 10599/2/7
f 10600/5/7 10593/5/7 10592/5/7
f 10600/5/7 10594/5/7 10593/5/7
f 10601/2/7 10596/2/7 10595/2/7
f 10601/5/7 10594/5/7 10600/5/7
f 10601/2/7 10595/2/7 10594/2/7
f 10602/2/7 10596/2/7 10601/2/7
f 10603/2/7 10596/2/7 10602/2/7
f 10606/2/7 10599/2/7 10598/2/7
f 10606/2/7 10598/2/7 10597/2/7
f 10607/2/7 10599/2/7 10606/2/7
f 10608/5/7 10600/5/7 10599/5/7
f 10608/2/7 10599/2/7 10607/2/7
f 10608/5/7 10601/5/7 10600/5/7
f 10608/5/7 10602/5/7 10601/5/7
f 10609/2/7 10604/2/7 10603/2/7
f 10609/5/7 10602/5/7 10608/5/7
f 10609/2/7 10603/2/7 10602/2/7
f 10610/2/7 10604/2/7 10609/2/7
f 10611/2/7 10604/2/7 10610/2/7
f 10614/2/7 10607/2/7 10606/2/7
f 10614/2/7 10606/2/7 10605/2/7
f 10615/2/7 10607/2/7 10614/2/7
f 10616/5/7 10608/5/7 10607/5/7
f 10616/2/7 10607/2/7 10615/2/7
f 10616/5/7 10609/5/7 10608/5/7
f 10616/5/7 10610/5/7 10609/5/7
f 10617/2/7 10612/2/7 10611/2/7
f 10617/5/7 10610/5/7 10616/5/7
f 10617/2/7 10611/2/7 10610/2/7
f 10618/2/7 10612/2/7 10617/2/7
f 10619/2/7 10612/2/7 10618/2/7
f 10622/2/7 10615/2/7 10614/2/7
f 10622/2/7 10614/2/7 10613/2/7
f 10623/2/7 10615/2/7 10622/2/7
f 10624/5/7 10616/5/7 10615/5/7
f 10624/2/7 10615/2/7 10623/2/7
f 10624/5/7 10617/5/7 10616/5/7
f 10624/5/7 10618/5/7 10617/5/7
f 10625/2/7 10620/2/7 10619/2/7
f 10625/5/7 10618/5/7 10624/5/7
f 10625/2/7 10619/2/7 10618/2/7
f 10626/2/7 10620/2/7 10625/2/7
f 10627/2/7 10620/2/7 10626/2/7
f 10630/2/7 10623/2/7 10622/2/7
f 10630/2/7 10622/2/7 10621/2/7
f 10631/2/7 10623/2/7 10630/2/7
f 10632/5/7 10624/5/7 10623/5/7
f 10632/2/7 10623/2/7 10631/2/7
f 10632/5/7 10625/5/7 10624/5/7
f 10632/5/7 10626/5/7 10625/5/7
f 10633/2/7 10628/2/7 10627/2/7
f 10633/5/7 10626/5/7 10632/5/7
f 10633/2/7 10627/2/7 10626/2/7
f 10634/2/7 10628/2/7 10633/2/7
f 10635/2/7 10628/2/7 10634/2/7
f 10638/2/7 10631/2/7 10630/2/7
f 10638/2/7 10630/2/7 10629/2/7
f 10639/2/7 10631/2/7 10638/2/7
f 10640/5/7 10632/5/7 10631/5/7
f 10640/2/7 10631/2/7 10639/2/7
f 10640/5/7 10633/5/7 10632/5/7
f 10640/5/7 10634/5/7 10633/5/7
f 10641/2/7 10636/2/7 10635/2/7
f 10641/5/7 10634/5/7 10640/5/7
f 10641/2/7 10635/2/7 10634/2/7
f 10642/2/7 10636/2/7 10641/2/7
f 10643/2/7 10636/2/7 10642/2/7
f 10646/2/7 10639/2/7 10638/2/7
f 10646/2/7 10638/2/7 10637/2/7
f 10647/2/7 10639/2/7 10646/2/7
f 10648/5/7 10640/5/7 10639/5/7
f 10648/2/7 10639/2/7 10647/2/7
f 10648/5/7 10641/5/7 10640/5/7
f 10648/5/7 10642/5/7 10641/5/7
f 10649/2/7 10644/2/7 10643/2/7
f 10649/5/7 10642/5/7 10648/5/7
f 10649/2/7 10643/2/7 10642/2/7
f 10650/2/7 10644/2/7 10649/2/7
f 10651/2/7 10644/2/7 10650/2/7
f 10654/2/7 10647/2/7 10646/2/7
f 10654/2/7 10646/2/7 10645/2/7
f 10655/2/7 10647/2/7 10654/2/7
f 10656/5/7 10648/5/7 10647/5/7
f 10656/2/7 10647/2/7 10655/2/7
f 10656/5/7 10649/5/7 10648/5/7
f 10656/5/7 10650/5/7 10649/5/7
f 10657/2/7 10652/2/7 10651/2/7
f 10657/5/7 10650/5/7 10656/5/7
f 10657/2/7 10651/2/7 10650/2/7
f 10658/2/7 10652/2/7 10657/2/7
f 10659/2/7 10652/2/7 10658/2/7
f 10662/2/7 10655/2/7 10654/2/7
f 10662/2/7 10654/2/7 10653/2/7
f 10663/2/7 10655/2/7 10662/2/7
f 10664/5/7 10656/5/7 10655/5/7
f 10664/2/7 10655/2/7 10663/2/7
f 10664/5/7 10657/5/7 10656/5/7
f 10664/5/7 10658/5/7 10657/5/7
f 10665/2/7 10660/2/7 10659/2/7
f 10665/5/7 10658/5/7 10664/5/7
f 10665/2/7 10659/2/7 10658/2/7
f 10666/2/7 10660/2/7 10665/2/7
f 10667/2/7 10660/2/7 10666/2/7
f 10669/2/7 10663/2/7 10662/2/7
f 10669/2/7 10662/2/7 10661/2/7
f 10670/5/7 10664/5/7 10663/5/7
f 10670/2/7 10663/2/7 10669/2/7
f 10670/5/7 10665/5/7 10664/5/7
f 10670/5/7 10666/5/7 10665/5/7
f 10671/2/7 10668/2/7 10667/2/7
f 10671/5/7 10666/5/7 10670/5/7
f 10671/2/7 10667/2/7 10666/2/7
f 10672/2/7 10668/2/7 10671/2/7
f 10674/2/7 10669/2/7 10661/2/7
f 10675/2/7 10668/2/7 10672/2/7
f 10678/2/7 10674/2/7 10673/2/7
f 10679/2/7 10669/2/7 10674/2/7
f 10679/2/7 10674/2/7 10678/2/7
f 10680/5/7 10670/5/7 10669/5/7
f 10680/2/7 10669/2/7 10679/2/7
f 10680/5/7 10671/5/7 10670/5/7
f 10680/5/7 10672/5/7 10671/5/7
f 10681/2/7 10676/2/7 10675/2/7
f 10681/5/7 10672/5/7 10680/5/7
f 10681/2/7 10675/2/7 10672/2/7
f 10682/2/7 10676/2/7 10681/2/7
f 10683/2/7 10676/2/7 10682/2/7
f 10686/2/7 10679/2/7 10678/2/7
f 10686/2/7 10678/2/7 10677/2/7
f 10687/2/7 10679/2/7 10686/2/7
f 10688/5/7 10680/5/7 10679/5/7
f 10688/2/7 10679/2/7 10687/2/7
f 10688/5/7 10681/5/7 10680/5/7
f 10688/5/7 10682/5/7 10681/5/7
f 10689/2/7 10684/2/7 10683/2/7
f 10689/5/7 10682/5/7 10688/5/7
f 10689/2/7 10683/2/7 10682/2/7
f 10690/2/7 10684/2/7 10689/2/7
f 10691/2/7 10684/2/7 10690/2/7
f 10694/2/7 10687/2/7 10686/2/7
f 10694/2/7 10686/2/7 10685/2/7
f 10695/2/7 10687/2/7 10694/2/7
f 10696/5/7 10688/5/7 10687/5/7
f 10696/2/7 10687/2/7 10695/2/7
f 10696/5/7 10689/5/7 10688/5/7
f 10696/5/7 10690/5/7 10689/5/7
f 10697/2/7 10692/2/7 10691/2/7
f 10697/5/7 10690/5/7 10696/5/7
f 10697/2/7 10691/2/7 10690/2/7
f 10698/2/7 10692/2/7 10697/2/7
f 10699/2/7 10692/2/7 10698/2/7
f 10701/2/7 10695/2/7 10694/2/7
f 10701/2/7 10694/2/7 10693/2/7
f 10702/5/7 10696/5/7 10695/5/7
f 10702/2/7 10695/2/7 10701/2/7
f 10702/5/7 10697/5/7 10696/5/7
f 10702/5/7 10698/5/7 10697/5/7
f 10703/2/7 10700/2/7 10699/2/7
f 10703/5/7 10698/5/7 10702/5/7
f 10703/2/7 10699/2/7 10698/2/7
f 10704/2/7 10700/2/7 10703/2/7
f 10706/2/7 10701/2/7 10693/2/7
f 10707/2/7 10700/2/7 10704/2/7
f 10710/2/7 10706/2/7 10705/2/7
f 10711/2/7 10701/2/7 10706/2/7
f 10711/2/7 10706/2/7 10710/2/7
f 10712/5/7 10702/5/7 10701/5/7
f 10712/2/7 10701/2/7 10711/2/7
f 10712/5/7 10703/5/7 10702/5/7
f 10712/5/7 10704/5/7 10703/5/7
f 10713/5/7 10704/5/7 10712/5/7
f 10714/5/7 10704/5/7 10713/5/7
f 10715/5/7 10704/5/7 10714/5/7
f 10716/5/7 10704/5/7 10715/5/7
f 10717/2/7 10708/2/7 10707/2/7
f 10717/5/7 10704/5/7 10716/5/7
f 10717/2/7 10707/2/7 10704/2/7
f 10718/2/7 10708/2/7 10717/2/7
f 10719/2/7 10708/2/7 10718/2/7
f 10721/2/7 10711/2/7 10710/2/7
f 10721/2/7 10710/2/7 10709/2/7
f 10722/5/7 10712/5/7 10711/5/7
f 10722/2/7 10711/2/7 10721/2/7
f 10722/5/7 10713/5/7 10712/5/7
f 10723/5/7 10713/5/7 10722/5/7
f 10724/5/7 10713/5/7 10723/5/7
f 10725/5/7 10715/5/7 10714/5/7
f 10726/5/7 10715/5/7 10725/5/7
f 10727/5/7 10718/5/7 10717/5/7
f 10727/5/7 10717/5/7 10716/5/7
f 10728/5/7 10718/5/7 10727/5/7
f 10729/2/7 10720/2/7 10719/2/7
f 10729/5/7 10718/5/7 10728/5/7
f 10729/2/7 10719/2/7 10718/2/7
f 10730/2/7 10720/2/7 10729/2/7
f 10732/2/7 10721/2/7 10709/2/7
f 10733/5/7 10723/5/7 10722/5/7
f 10733/5/7 10722/5/7 10721/5/7
f 10734/5/7 10723/5/7 10733/5/7
f 10735/5/7 10730/5/7 10729/5/7
f 10735/5/7 10729/5/7 10728/5/7
f 10736/5/7 10730/5/7 10735/5/7
f 10737/2/7 10720/2/7 10730/2/7
f 10740/2/7 10732/2/7 10731/2/7
f 10741/2/7 10721/2/7 10732/2/7
f 10741/2/7 10732/2/7 10740/2/7
f 10742/5/7 10733/5/7 10721/5/7
f 10742/2/7 10721/2/7 10741/2/7
f 10743/5/7 10733/5/7 10742/5/7
f 10744/5/7 10733/5/7 10743/5/7
f 10745/5/7 10730/5/7 10736/5/7
f 10746/5/7 10730/5/7 10745/5/7
f 10747/2/7 10738/2/7 10737/2/7
f 10747/5/7 10730/5/7 10746/5/7
f 10747/2/7 10737/2/7 10730/2/7
f 10748/2/7 10738/2/7 10747/2/7
f 10749/2/7 10738/2/7 10748/2/7
f 10751/2/7 10741/2/7 10740/2/7
f 10751/2/7 10740/2/7 10739/2/7
f 10752/5/7 10742/5/7 10741/5/7
f 10752/2/7 10741/2/7 10751/2/7
f 10752/5/7 10743/5/7 10742/5/7
f 10753/5/7 10743/5/7 10752/5/7
f 10754/5/7 10743/5/7 10753/5/7
f 10755/5/7 10748/5/7 10747/5/7
f 10755/5/7 10747/5/7 10746/5/7
f 10756/5/7 10748/5/7 10755/5/7
f 10757/2/7 10750/2/7 10749/2/7
f 10757/5/7 10748/5/7 10756/5/7
f 10757/2/7 10749/2/7 10748/2/7
f 10758/2/7 10750/2/7 10757/2/7
f 10760/2/7 10751/2/7 10739/2/7
f 10761/5/7 10753/5/7 10752/5/7
f 10761/5/7 10752/5/7 10751/5/7
f 10762/5/7 10753/5/7 10761/5/7
f 10763/5/7 10758/5/7 10757/5/7
f 10763/5/7 10757/5/7 10756/5/7
f 10764/5/7 10758/5/7 10763/5/7
f 10765/2/7 10750/2/7 10758/2/7
f 10767/2/7 10760/2/7 10759/2/7
f 10767/2/7 10751/2/7 10760/2/7
f 10768/5/7 10761/5/7 10751/5/7
f 10768/2/7 10751/2/7 10767/2/7
f 10769/5/7 10761/5/7 10768/5/7
f 10770/5/7 10761/5/7 10769/5/7
f 10771/5/7 10758/5/7 10764/5/7
f 10772/5/7 10758/5/7 10771/5/7
f 10773/2/7 10766/2/7 10765/2/7
f 10773/5/7 10758/5/7 10772/5/7
f 10773/2/7 10765/2/7 10758/2/7
f 10774/2/7 10766/2/7 10773/2/7
f 10776/2/7 10767/2/7 10759/2/7
f 10777/5/7 10768/5/7 10767/5/7
f 10777/5/7 10769/5/7 10768/5/7
f 10778/5/7 10769/5/7 10777/5/7
f 10779/5/7 10774/5/7 10773/5/7
f 10779/5/7 10773/5/7 10772/5/7
f 10780/5/7 10774/5/7 10779/5/7
f 10781/2/7 10766/2/7 10774/2/7
f 10784/2/7 10776/2/7 10775/2/7
f 10785/2/7 10767/2/7 10776/2/7
f 10785/2/7 10776/2/7 10784/2/7
f 10786/5/7 10777/5/7 10767/5/7
f 10786/2/7 10767/2/7 10785/2/7
f 10787/5/7 10777/5/7 10786/5/7
f 10788/5/7 10777/5/7 10787/5/7
f 10789/5/7 10774/5/7 10780/5/7
f 10790/5/7 10774/5/7 10789/5/7
f 10791/2/7 10782/2/7 10781/2/7
f 10791/5/7 10774/5/7 10790/5/7
f 10791/2/7 10781/2/7 10774/2/7
f 10792/2/7 10782/2/7 10791/2/7
f 10793/2/7 10782/2/7 10792/2/7
f 10795/2/7 10785/2/7 10784/2/7
f 10795/2/7 10784/2/7 10783/2/7
f 10796/5/7 10786/5/7 10785/5/7
f 10796/2/7 10785/2/7 10795/2/7
f 10796/5/7 10787/5/7 10786/5/7
f 10797/5/7 10787/5/7 10796/5/7
f 10798/5/7 10787/5/7 10797/5/7
f 10799/5/7 10792/5/7 10791/5/7
f 10799/5/7 10791/5/7 10790/5/7
f 10800/5/7 10792/5/7 10799/5/7
f 10801/2/7 10794/2/7 10793/2/7
f 10801/5/7 10792/5/7 10800/5/7
f 10801/2/7 10793/2/7 10792/2/7
f 10802/2/7 10794/2/7 10801/2/7
f 10804/2/7 10795/2/7 10783/2/7
f 10805/5/7 10797/5/7 10796/5/7
f 10805/5/7 10796/5/7 10795/5/7
f 10806/5/7 10797/5/7 10805/5/7
f 10807/5/7 10802/5/7 10801/5/7
f 10807/5/7 10801/5/7 10800/5/7
f 10808/5/7 10802/5/7 10807/5/7
f 10809/2/7 10794/2/7 10802/2/7
f 10811/2/7 10804/2/7 10803/2/7
f 10811/2/7 10795/2/7 10804/2/7
f 10812/5/7 10805/5/7 10795/5/7
f 10812/2/7 10795/2/7 10811/2/7
f 10813/5/7 10805/5/7 10812/5/7
f 10814/5/7 10805/5/7 10813/5/7
f 10815/5/7 10802/5/7 10808/5/7
f 10816/5/7 10802/5/7 10815/5/7
f 10817/2/7 10810/2/7 10809/2/7
f 10817/5/7 10802/5/7 10816/5/7
f 10817/2/7 10809/2/7 10802/2/7
f 10818/2/7 10810/2/7 10817/2/7
f 10820/2/7 10811/2/7 10803/2/7
f 10821/5/7 10812/5/7 10811/5/7
f 10821/5/7 10813/5/7 10812/5/7
f 10822/5/7 10813/5/7 10821/5/7
f 10823/5/7 10818/5/7 10817/5/7
f 10823/5/7 10817/5/7 10816/5/7
f 10824/5/7 10818/5/7 10823/5/7
f 10825/2/7 10810/2/7 10818/2/7
f 10827/2/7 10820/2/7 10819/2/7
f 10827/2/7 10811/2/7 10820/2/7
f 10828/5/7 10821/5/7 10811/5/7
f 10828/2/7 10811/2/7 10827/2/7
f 10829/5/7 10821/5/7 10828/5/7
f 10830/5/7 10821/5/7 10829/5/7
f 10831/5/7 10818/5/7 10824/5/7
f 10832/5/7 10818/5/7 10831/5/7
f 10833/2/7 10826/2/7 10825/2/7
f 10833/5/7 10818/5/7 10832/5/7
f 10833/2/7 10825/2/7 10818/2/7
f 10834/2/7 10826/2/7 10833/2/7
f 10836/2/7 10827/2/7 10819/2/7
f 10837/5/7 10828/5/7 10827/5/7
f 10837/5/7 10829/5/7 10828/5/7
f 10838/5/7 10829/5/7 10837/5/7
f 10839/5/7 10834/5/7 10833/5/7
f 10839/5/7 10833/5/7 10832/5/7
f 10840/5/7 10834/5/7 10839/5/7
f 10841/2/7 10826/2/7 10834/2/7
f 10843/2/7 10836/2/7 10835/2/7
f 10843/2/7 10827/2/7 10836/2/7
f 10844/5/7 10837/5/7 10827/5/7
f 10844/2/7 10827/2/7 10843/2/7
f 10845/5/7 10837/5/7 10844/5/7
f 10846/5/7 10837/5/7 10845/5/7
f 10847/5/7 10834/5/7 10840/5/7
f 10848/5/7 10834/5/7 10847/5/7
f 10849/2/7 10842/2/7 10841/2/7
f 10849/5/7 10834/5/7 10848/5/7
f 10849/2/7 10841/2/7 10834/2/7
f 10850/2/7 10842/2/7 10849/2/7
f 10851/5/7 10844/5/7 10843/5/7
f 10851/5/7 10845/5/7 10844/5/7
f 10852/5/7 10845/5/7 10851/5/7
f 10853/5/7 10850/5/7 10849/5/7
f 10853/5/7 10849/5/7 10848/5/7
f 10854/5/7 10850/5/7 10853/5/7
f 10856/2/7 10843/2/7 10835/2/7
f 10857/5/7 10851/5/7 10843/5/7
f 10858/5/7 10851/5/7 10857/5/7
f 10859/5/7 10850/5/7 10854/5/7
f 10860/5/7 10850/5/7 10859/5/7
f 10861/2/7 10842/2/7 10850/2/7
f 10863/2/7 10856/2/7 10855/2/7
f 10863/2/7 10843/2/7 10856/2/7
f 10864/5/7 10857/5/7 10843/5/7
f 10864/2/7 10843/2/7 10863/2/7
f 10865/5/7 10857/5/7 10864/5/7
f 10866/5/7 10857/5/7 10865/5/7
f 10867/5/7 10850/5/7 10860/5/7
f 10868/5/7 10850/5/7 10867/5/7
f 10869/2/7 10862/2/7 10861/2/7
f 10869/5/7 10850/5/7 10868/5/7
f 10869/2/7 10861/2/7 10850/2/7
f 10870/2/7 10862/2/7 10869/2/7
f 10872/2/7 10863/2/7 10855/2/7
f 10873/5/7 10864/5/7 10863/5/7
f 10873/5/7 10865/5/7 10864/5/7
f 10874/5/7 10865/5/7 10873/5/7
f 10875/5/7 10870/5/7 10869/5/7
f 10875/5/7 10869/5/7 10868/5/7
f 10876/5/7 10870/5/7 10875/5/7
f 10877/2/7 10862/2/7 10870/2/7
f 10879/2/7 10872/2/7 10871/2/7
f 10879/2/7 10863/2/7 10872/2/7
f 10880/5/7 10873/5/7 10863/5/7
f 10880/2/7 10863/2/7 10879/2/7
f 10881/5/7 10870/5/7 10876/5/7
f 10881/2/7 10878/2/7 10877/2/7
f 10881/2/7 10877/2/7 10870/2/7
f 10882/2/7 10878/2/7 10881/2/7
f 10883/5/7 10873/5/7 10880/5/7
f 10883/5/7 10880/5/7 10879/5/7
f 10884/5/7 10873/5/7 10883/5/7
f 10885/5/7 10882/5/7 10881/5/7
f 10885/5/7 10881/5/7 10876/5/7
f 10886/5/7 10882/5/7 10885/5/7
f 10888/2/7 10879/2/7 10871/2/7
f 10889/5/7 10883/5/7 10879/5/7
f 10890/5/7 10883/5/7 10889/5/7
f 10891/5/7 10882/5/7 10886/5/7
f 10892/5/7 10882/5/7 10891/5/7
f 10893/2/7 10878/2/7 10882/2/7
f 10895/2/7 10888/2/7 10887/2/7
f 10895/2/7 10879/2/7 10888/2/7
f 10896/5/7 10889/5/7 10879/5/7
f 10896/2/7 10879/2/7 10895/2/7
f 10897/5/7 10882/5/7 10892/5/7
f 10897/2/7 10894/2/7 10893/2/7
f 10897/2/7 10893/2/7 10882/2/7
f 10898/2/7 10894/2/7 10897/2/7
f 10899/5/7 10889/5/7 10896/5/7
f 10899/5/7 10896/5/7 10895/5/7
f 10900/5/7 10889/5/7 10899/5/7
f 10901/5/7 10898/5/7 10897/5/7
f 10901/5/7 10897/5/7 10892/5/7
f 10902/5/7 10898/5/7 10901/5/7
f 10904/2/7 10895/2/7 10887/2/7
f 10905/5/7 10899/5/7 10895/5/7
f 10906/5/7 10899/5/7 10905/5/7
f 10907/5/7 10898/5/7 10902/5/7
f 10908/5/7 10898/5/7 10907/5/7
f 10909/2/7 10894/2/7 10898/2/7
f 10911/2/7 10904/2/7 10903/2/7
f 10911/2/7 10895/2/7 10904/2/7
f 10912/5/7 10905/5/7 10895/5/7
f 10912/2/7 10895/2/7 10911/2/7
f 10913/5/7 10898/5/7 10908/5/7
f 10913/2/7 10910/2/7 10909/2/7
f 10913/2/7 10909/2/7 10898/2/7
f 10914/2/7 10910/2/7 10913/2/7
f 10915/5/7 10905/5/7 10912/5/7
f 10915/5/7 10912/5/7 10911/5/7
f 10916/5/7 10905/5/7 10915/5/7
f 10917/5/7 10914/5/7 10913/5/7
f 10917/5/7 10913/5/7 10908/5/7
f 10918/5/7 10914/5/7 10917/5/7
f 10920/2/7 10911/2/7 10903/2/7
f 10921/5/7 10915/5/7 10911/5/7
f 10922/5/7 10915/5/7 10921/5/7
f 10923/5/7 10914/5/7 10918/5/7
f 10924/5/7 10914/5/7 10923/5/7
f 10925/2/7 10910/2/7 10914/2/7
f 10927/2/7 10920/2/7 10919/2/7
f 10927/2/7 10911/2/7 10920/2/7
f 10928/5/7 10921/5/7 10911/5/7
f 10928/2/7 10911/2/7 10927/2/7
f 10929/5/7 10914/5/7 10924/5/7
f 10929/2/7 10926/2/7 10925/2/7
f 10929/2/7 10925/2/7 10914/2/7
f 10930/2/7 10926/2/7 10929/2/7
f 10931/5/7 10921/5/7 10928/5/7
f 10931/5/7 10928/5/7 10927/5/7
f 10932/5/7 10921/5/7 10931/5/7
f 10933/5/7 10930/5/7 10929/5/7
f 10933/5/7 10929/5/7 10924/5/7
f 10934/5/7 10930/5/7 10933/5/7
f 10936/2/7 10927/2/7 10919/2/7
f 10937/5/7 10931/5/7 10927/5/7
f 10938/5/7 10931/5/7 10937/5/7
f 10939/5/7 10930/5/7 10934/5/7
f 10940/5/7 10930/5/7 10939/5/7
f 10941/2/7 10926/2/7 10930/2/7
f 10943/2/7 10936/2/7 10935/2/7
f 10943/2/7 10927/2/7 10936/2/7
f 10944/5/7 10937/5/7 10927/5/7
f 10944/2/7 10927/2/7 10943/2/7
f 10945/5/7 10930/5/7 10940/5/7
f 10945/2/7 10942/2/7 10941/2/7
f 10945/2/7 10941/2/7 10930/2/7
f 10946/2/7 10942/2/7 10945/2/7
f 10947/5/7 10937/5/7 10944/5/7
f 10947/5/7 10944/5/7 10943/5/7
f 10948/5/7 10937/5/7 10947/5/7
f 10949/5/7 10946/5/7 10945/5/7
f 10949/5/7 10945/5/7 10940/5/7
f 10950/5/7 10946/5/7 10949/5/7
f 10952/2/7 10943/2/7 10935/2/7
f 10953/2/7 10942/2/7 10946/2/7
f 10955/2/7 10952/2/7 10951/2/7
f 10955/2/7 10943/2/7 10952/2/7
f 10956/5/7 10947/5/7 10943/5/7
f 10956/2/7 10943/2/7 10955/2/7
f 10957/2/7 10954/2/7 10953/2/7
f 10957/5/7 10946/5/7 10950/5/7
f 10957/2/7 10953/2/7 10946/2/7
f 10958/2/7 10954/2/7 10957/2/7
f 10959/5/7 10947/5/7 10956/5/7
f 10959/5/7 10956/5/7 10955/5/7
f 10960/5/7 10947/5/7 10959/5/7
f 10961/5/7 10958/5/7 10957/5/7
f 10961/5/7 10957/5/7 10950/5/7
f 10962/5/7 10958/5/7 10961/5/7
f 10963/5/7 10959/5/7 10955/5/7
f 10966/5/7 10958/5/7 10962/5/7
f 10967/5/7 10964/5/7 10963/5/7
f 10967/5/7 10963/5/7 10955/5/7
f 10968/5/7 10964/5/7 10967/5/7
f 10969/5/7 10966/5/7 10965/5/7
f 10970/5/7 10958/5/7 10966/5/7
f 10970/5/7 10966/5/7 10969/5/7
f 10971/5/7 10967/5/7 10955/5/7
f 10974/5/7 10958/5/7 10970/5/7
f 10975/5/7 10972/5/7 10971/5/7
f 10975/2/7 10955/2/7 10951/2/7
f 10975/5/7 10971/5/7 10955/5/7
f 10976/5/7 10972/5/7 10975/5/7
f 10977/5/7 10974/5/7 10973/5/7
f 10977/5/7 10958/5/7 10974/5/7
f 10978/2/7 10954/2/7 10958/2/7
f 10978/5/7 10958/5/7 10977/5/7
f 10979/2/7 10976/2/7 10975/2/7
f 10979/2/7 10975/2/7 10951/2/7
f 10980/2/7 10976/2/7 10979/2/7
f 10981/2/7 10954/2/7 10978/2/7
f 10981/2/7 10978/2/7 10977/2/7
f 10982/2/7 10954/2/7 10981/2/7
f 10983/5/7 10972/5/7 10976/5/7
f 10986/5/7 10977/5/7 10973/5/7
f 10987/5/7 10984/5/7 10983/5/7
f 10987/2/7 10976/2/7 10980/2/7
f 10987/5/7 10983/5/7 10976/5/7
f 10988/5/7 10984/5/7 10987/5/7
f 10989/5/7 10986/5/7 10985/5/7
f 10989/5/7 10977/5/7 10986/5/7
f 10990/2/7 10981/2/7 10977/2/7
f 10990/5/7 10977/5/7 10989/5/7
f 10991/2/7 10988/2/7 10987/2/7
f 10991/2/7 10987/2/7 10980/2/7
f 10992/2/7 10988/2/7 10991/2/7
f 10993/5/7 10984/5/7 10988/5/7
f 10996/5/7 10989/5/7 10985/5/7
f 10997/2/7 10981/2/7 10990/2/7
f 10997/2/7 10990/2/7 10989/2/7
f 10998/2/7 10981/2/7 10997/2/7
f 10999/5/7 10994/5/7 10993/5/7
f 11002/5/7 10996/5/7 10995/5/7
f 11003/2/7 10988/2/7 10992/2/7
f 11003/5/7 11000/5/7 10999/5/7
f 11003/5/7 10993/5/7 10988/5/7
f 11003/5/7 10999/5/7 10993/5/7
f 11004/5/7 11000/5/7 11003/5/7
f 11005/5/7 11002/5/7 11001/5/7
f 11005/5/7 10996/5/7 11002/5/7
f 11005/5/7 10989/5/7 10996/5/7
f 11006/2/7 10997/2/7 10989/2/7
f 11006/5/7 10989/5/7 11005/5/7
f 11007/2/7 11004/2/7 11003/2/7
f 11007/2/7 11003/2/7 10992/2/7
f 11008/2/7 11004/2/7 11007/2/7
f 11009/5/7 11000/5/7 11004/5/7
f 11012/5/7 11005/5/7 11001/5/7
f 11013/2/7 10997/2/7 11006/2/7
f 11013/2/7 11006/2/7 11005/2/7
f 11014/2/7 10997/2/7 11013/2/7
f 11015/5/7 11010/5/7 11009/5/7
f 11018/5/7 11012/5/7 11011/5/7
f 11019/2/7 11004/2/7 11008/2/7
f 11019/5/7 11016/5/7 11015/5/7
f 11019/5/7 11009/5/7 11004/5/7
f 11019/5/7 11015/5/7 11009/5/7
f 11020/5/7 11016/5/7 11019/5/7
f 11021/5/7 11018/5/7 11017/5/7
f 11021/5/7 11012/5/7 11018/5/7
f 11021/5/7 11005/5/7 11012/5/7
f 11022/2/7 11013/2/7 11005/2/7
f 11022/5/7 11005/5/7 11021/5/7
f 11023/2/7 11020/2/7 11019/2/7
f 11023/2/7 11019/2/7 11008/2/7
f 11024/2/7 11020/2/7 11023/2/7
f 11025/5/7 11016/5/7 11020/5/7
f 11028/5/7 11021/5/7 11017/5/7
f 11029/2/7 11013/2/7 11022/2/7
f 11029/2/7 11022/2/7 11021/2/7
f 11030/2/7 11013/2/7 11029/2/7
f 11031/5/7 11026/5/7 11025/5/7
f 11034/5/7 11028/5/7 11027/5/7
f 11035/2/7 11020/2/7 11024/2/7
f 11035/5/7 11032/5/7 11031/5/7
f 11035/5/7 11025/5/7 11020/5/7
f 11035/5/7 11031/5/7 11025/5/7
f 11036/5/7 11032/5/7 11035/5/7
f 11037/5/7 11034/5/7 11033/5/7
f 11037/5/7 11028/5/7 11034/5/7
f 11037/5/7 11021/5/7 11028/5/7
f 11038/2/7 11029/2/7 11021/2/7
f 11038/5/7 11021/5/7 11037/5/7
f 11039/2/7 11036/2/7 11035/2/7
f 11039/2/7 11035/2/7 11024/2/7
f 11040/2/7 11036/2/7 11039/2/7
f 11041/5/7 11032/5/7 11036/5/7
f 11044/5/7 11037/5/7 11033/5/7
f 11045/2/7 11029/2/7 11038/2/7
f 11045/2/7 11038/2/7 11037/2/7
f 11046/2/7 11029/2/7 11045/2/7
f 11047/5/7 11042/5/7 11041/5/7
f 11050/5/7 11044/5/7 11043/5/7
f 11051/2/7 11036/2/7 11040/2/7
f 11051/5/7 11048/5/7 11047/5/7
f 11051/5/7 11041/5/7 11036/5/7
f 11051/5/7 11047/5/7 11041/5/7
f 11052/5/7 11048/5/7 11051/5/7
f 11053/5/7 11050/5/7 11049/5/7
f 11053/5/7 11044/5/7 11050/5/7
f 11053/5/7 11037/5/7 11044/5/7
f 11054/2/7 11045/2/7 11037/2/7
f 11054/5/7 11037/5/7 11053/5/7
f 11055/2/7 11052/2/7 11051/2/7
f 11055/2/7 11051/2/7 11040/2/7
f 11056/2/7 11052/2/7 11055/2/7
f 11057/5/7 11048/5/7 11052/5/7
f 11060/5/7 11053/5/7 11049/5/7
f 11061/2/7 11045/2/7 11054/2/7
f 11061/2/7 11054/2/7 11053/2/7
f 11062/2/7 11045/2/7 11061/2/7
f 11063/2/7 11052/2/7 11056/2/7
f 11063/5/7 11058/5/7 11057/5/7
f 11063/5/7 11057/5/7 11052/5/7
f 11064/5/7 11058/5/7 11063/5/7
f 11065/5/7 11058/5/7 11064/5/7
f 11068/5/7 11060/5/7 11059/5/7
f 11069/5/7 11053/5/7 11060/5/7
f 11069/5/7 11060/5/7 11068/5/7
f 11070/2/7 11061/2/7 11053/2/7
f 11070/5/7 11053/5/7 11069/5/7
f 11071/2/7 11063/2/7 11056/2/7
f 11071/2/7 11064/2/7 11063/2/7
f 11072/2/7 11064/2/7 11071/2/7
f 11073/5/7 11066/5/7 11065/5/7
f 11073/5/7 11065/5/7 11064/5/7
f 11076/5/7 11068/5/7 11067/5/7
f 11076/5/7 11069/5/7 11068/5/7
f 11077/2/7 11061/2/7 11070/2/7
f 11077/2/7 11070/2/7 11069/2/7
f 11078/2/7 11061/2/7 11077/2/7
f 11079/5/7 11074/5/7 11073/5/7
f 11082/5/7 11076/5/7 11075/5/7
f 11083/2/7 11064/2/7 11072/2/7
f 11083/5/7 11073/5/7 11064/5/7
f 11083/5/7 11080/5/7 11079/5/7
f 11083/5/7 11079/5/7 11073/5/7
f 11084/5/7 11080/5/7 11083/5/7
f 11085/5/7 11080/5/7 11084/5/7
f 11088/5/7 11082/5/7 11081/5/7
f 11089/5/7 11076/5/7 11082/5/7
f 11089/5/7 11069/5/7 11076/5/7
f 11089/5/7 11082/5/7 11088/5/7
f 11090/2/7 11077/2/7 11069/2/7
f 11090/5/7 11069/5/7 11089/5/7
f 11091/2/7 11083/2/7 11072/2/7
f 11091/2/7 11084/2/7 11083/2/7
f 11092/2/7 11084/2/7 11091/2/7
f 11093/5/7 11086/5/7 11085/5/7
f 11093/5/7 11085/5/7 11084/5/7
f 11096/5/7 11088/5/7 11087/5/7
f 11096/5/7 11089/5/7 11088/5/7
f 11097/2/7 11077/2/7 11090/2/7
f 11097/2/7 11090/2/7 11089/2/7
f 11098/2/7 11077/2/7 11097/2/7
f 11099/2/7 11084/2/7 11092/2/7
f 11099/5/7 11094/5/7 11093/5/7
f 11099/5/7 11093/5/7 11084/5/7
f 11100/5/7 11094/5/7 11099/5/7
f 11101/5/7 11094/5/7 11100/5/7
f 11104/5/7 11096/5/7 11095/5/7
f 11105/5/7 11089/5/7 11096/5/7
f 11105/5/7 11096/5/7 11104/5/7
f 11106/2/7 11097/2/7 11089/2/7
f 11106/5/7 11089/5/7 11105/5/7
f 11107/2/7 11099/2/7 11092/2/7
f 11107/2/7 11100/2/7 11099/2/7
f 11108/2/7 11100/2/7 11107/2/7
f 11109/5/7 11102/5/7 11101/5/7
f 11109/5/7 11101/5/7 11100/5/7
f 11112/5/7 11105/5/7 11104/5/7
f 11112/5/7 11104/5/7 11103/5/7
f 11113/2/7 11097/2/7 11106/2/7
f 11113/2/7 11106/2/7 11105/2/7
f 11114/2/7 11097/2/7 11113/2/7
f 11115/5/7 11110/5/7 11109/5/7
f 11115/2/7 11100/2/7 11108/2/7
f 11115/5/7 11109/5/7 11100/5/7
f 11116/5/7 11110/5/7 11115/5/7
f 11117/5/7 11110/5/7 11116/5/7
f 11120/5/7 11112/5/7 11111/5/7
f 11121/5/7 11105/5/7 11112/5/7
f 11121/5/7 11112/5/7 11120/5/7
f 11122/2/7 11113/2/7 11105/2/7
f 11122/5/7 11105/5/7 11121/5/7
f 11123/2/7 11115/2/7 11108/2/7
f 11123/2/7 11116/2/7 11115/2/7
f 11124/2/7 11116/2/7 11123/2/7
f 11125/5/7 11118/5/7 11117/5/7
f 11125/5/7 11117/5/7 11116/5/7
f 11128/5/7 11121/5/7 11120/5/7
f 11128/5/7 11120/5/7 11119/5/7
f 11129/2/7 11113/2/7 11122/2/7
f 11129/2/7 11122/2/7 11121/2/7
f 11130/2/7 11113/2/7 11129/2/7
f 11131/5/7 11126/5/7 11125/5/7
f 11131/2/7 11116/2/7 11124/2/7
f 11131/5/7 11125/5/7 11116/5/7
f 11132/5/7 11126/5/7 11131/5/7
f 11133/5/7 11126/5/7 11132/5/7
f 11136/5/7 11128/5/7 11127/5/7
f 11137/5/7 11121/5/7 11128/5/7
f 11137/5/7 11128/5/7 11136/5/7
f 11138/2/7 11129/2/7 11121/2/7
f 11138/5/7 11121/5/7 11137/5/7
f 11139/2/7 11131/2/7 11124/2/7
f 11139/2/7 11132/2/7 11131/2/7
f 11140/2/7 11132/2/7 11139/2/7
f 11141/5/7 11134/5/7 11133/5/7
f 11141/2/7 11132/2/7 11140/2/7
f 11141/5/7 11133/5/7 11132/5/7
f 11142/5/7 11134/5/7 11141/5/7
f 11143/5/7 11134/5/7 11142/5/7
f 11146/5/7 11137/5/7 11136/5/7
f 11146/5/7 11136/5/7 11135/5/7
f 11147/5/7 11137/5/7 11146/5/7
f 11148/2/7 11138/2/7 11137/2/7
f 11148/5/7 11137/5/7 11147/5/7
f 11149/2/7 11129/2/7 11138/2/7
f 11149/2/7 11138/2/7 11148/2/7
f 11150/2/7 11129/2/7 11149/2/7
f 11151/2/7 11141/2/7 11140/2/7
f 11151/2/7 11142/2/7 11141/2/7
f 11152/2/7 11142/2/7 11151/2/7
f 11153/5/7 11144/5/7 11143/5/7
f 11153/5/7 11143/5/7 11142/5/7
f 11156/5/7 11147/5/7 11146/5/7
f 11156/5/7 11146/5/7 11145/5/7
f 11157/2/7 11148/2/7 11147/2/7
f 11157/2/7 11149/2/7 11148/2/7
f 11158/2/7 11149/2/7 11157/2/7
f 11159/2/7 11142/2/7 11152/2/7
f 11159/5/7 11154/5/7 11153/5/7
f 11159/5/7 11153/5/7 11142/5/7
f 11160/5/7 11154/5/7 11159/5/7
f 11161/5/7 11154/5/7 11160/5/7
f 11164/5/7 11156/5/7 11155/5/7
f 11165/5/7 11147/5/7 11156/5/7
f 11165/5/7 11156/5/7 11164/5/7
f 11166/2/7 11157/2/7 11147/2/7
f 11166/5/7 11147/5/7 11165/5/7
f 11167/2/7 11159/2/7 11152/2/7
f 11167/2/7 11160/2/7 11159/2/7
f 11168/2/7 11160/2/7 11167/2/7
f 11169/5/7 11162/5/7 11161/5/7
f 11169/5/7 11161/5/7 11160/5/7
f 11172/5/7 11165/5/7 11164/5/7
f 11172/5/7 11164/5/7 11163/5/7
f 11173/2/7 11157/2/7 11166/2/7
f 11173/2/7 11166/2/7 11165/2/7
f 11174/2/7 11157/2/7 11173/2/7
f 11175/5/7 11170/5/7 11169/5/7
f 11175/2/7 11160/2/7 11168/2/7
f 11175/5/7 11169/5/7 11160/5/7
f 11176/5/7 11170/5/7 11175/5/7
f 11177/5/7 11170/5/7 11176/5/7
f 11180/5/7 11172/5/7 11171/5/7
f 11181/5/7 11165/5/7 11172/5/7
f 11181/5/7 11172/5/7 11180/5/7
f 11182/2/7 11173/2/7 11165/2/7
f 11182/5/7 11165/5/7 11181/5/7
f 11183/2/7 11175/2/7 11168/2/7
f 11183/2/7 11176/2/7 11175/2/7
f 11184/2/7 11176/2/7 11183/2/7
f 11185/5/7 11178/5/7 11177/5/7
f 11185/2/7 11176/2/7 11184/2/7
f 11185/5/7 11177/5/7 11176/5/7
f 11186/5/7 11178/5/7 11185/5/7
f 11187/5/7 11178/5/7 11186/5/7
f 11190/5/7 11181/5/7 11180/5/7
f 11190/5/7 11180/5/7 11179/5/7
f 11191/5/7 11181/5/7 11190/5/7
f 11192/2/7 11182/2/7 11181/2/7
f 11192/5/7 11181/5/7 11191/5/7
f 11193/2/7 11173/2/7 11182/2/7
f 11193/2/7 11182/2/7 11192/2/7
f 11194/2/7 11173/2/7 11193/2/7
f 11195/2/7 11185/2/7 11184/2/7
f 11195/2/7 11186/2/7 11185/2/7
f 11196/2/7 11186/2/7 11195/2/7
f 11197/5/7 11188/5/7 11187/5/7
f 11197/5/7 11187/5/7 11186/5/7
f 11200/5/7 11191/5/7 11190/5/7
f 11200/5/7 11190/5/7 11189/5/7
f 11201/2/7 11192/2/7 11191/2/7
f 11201/2/7 11193/2/7 11192/2/7
f 11202/2/7 11193/2/7 11201/2/7
f 11203/2/7 11186/2/7 11196/2/7
f 11203/5/7 11198/5/7 11197/5/7
f 11203/5/7 11197/5/7 11186/5/7
f 11204/5/7 11198/5/7 11203/5/7
f 11205/5/7 11198/5/7 11204/5/7
f 11208/5/7 11200/5/7 11199/5/7
f 11209/5/7 11191/5/7 11200/5/7
f 11209/5/7 11200/5/7 11208/5/7
f 11210/2/7 11201/2/7 11191/2/7
f 11210/5/7 11191/5/7 11209/5/7
f 11211/2/7 11203/2/7 11196/2/7
f 11211/2/7 11204/2/7 11203/2/7
f 11212/2/7 11204/2/7 11211/2/7
f 11213/5/7 11206/5/7 11205/5/7
f 11213/2/7 11204/2/7 11212/2/7
f 11213/5/7 11205/5/7 11204/5/7
f 11214/5/7 11206/5/7 11213/5/7
f 11215/5/7 11206/5/7 11214/5/7
f 11216/5/7 11209/5/7 11208/5/7
f 11216/5/7 11208/5/7 11207/5/7
f 11217/5/7 11209/5/7 11216/5/7
f 11218/2/7 11210/2/7 11209/2/7
f 11218/5/7 11209/5/7 11217/5/7
f 11219/2/7 11201/2/7 11210/2/7
f 11219/2/7 11210/2/7 11218/2/7
f 11220/2/7 11201/2/7 11219/2/7
f 11221/2/7 11214/2/7 11213/2/7
f 11221/2/7 11213/2/7 11212/2/7
f 11222/2/7 11214/2/7 11221/2/7
f 11223/2/7 11219/2/7 11218/2/7
f 11223/2/7 11218/2/7 11217/2/7
f 11224/2/7 11219/2/7 11223/2/7
f 11225/5/7 11215/5/7 11214/5/7
f 11225/2/7 11214/2/7 11222/2/7
f 11225/5/7 11217/5/7 11216/5/7
f 11225/5/7 11216/5/7 11215/5/7
f 11226/5/7 11217/5/7 11225/5/7
f 11227/5/7 11217/5/7 11226/5/7
f 11228/2/7 11223/2/7 11217/2/7
f 11228/5/7 11217/5/7 11227/5/7
f 11229/2/7 11225/2/7 11222/2/7
f 11229/2/7 11226/2/7 11225/2/7
f 11230/2/7 11226/2/7 11229/2/7
f 11231/5/7 11227/5/7 11226/5/7
f 11231/2/7 11226/2/7 11230/2/7
f 11232/5/7 11227/5/7 11231/5/7
f 11233/5/7 11227/5/7 11232/5/7
f 11234/2/7 11228/2/7 11227/2/7
f 11234/5/7 11227/5/7 11233/5/7
f 11235/2/7 11223/2/7 11228/2/7
f 11235/2/7 11228/2/7 11234/2/7
f 11236/2/7 11223/2/7 11235/2/7
f 11237/2/7 11231/2/7 11230/2/7
f 11237/2/7 11232/2/7 11231/2/7
f 11238/2/7 11232/2/7 11237/2/7
f 11239/5/7 11233/5/7 11232/5/7
f 11239/2/7 11232/2/7 11238/2/7
f 11240/5/7 11233/5/7 11239/5/7
f 11241/5/7 11233/5/7 11240/5/7
f 11242/2/7 11234/2/7 11233/2/7
f 11242/5/7 11233/5/7 11241/5/7
f 11242/2/7 11235/2/7 11234/2/7
f 11243/2/7 11235/2/7 11242/2/7
f 11244/2/7 11235/2/7 11243/2/7
f 11245/2/7 11240/2/7 11239/2/7
f 11245/2/7 11239/2/7 11238/2/7
f 11246/2/7 11240/2/7 11245/2/7
f 11247/5/7 11241/5/7 11240/5/7
f 11247/2/7 11240/2/7 11246/2/7
f 11248/5/7 11241/5/7 11247/5/7
f 11249/5/7 11241/5/7 11248/5/7
f 11250/2/7 11243/2/7 11242/2/7
f 11250/5/7 11241/5/7 11249/5/7
f 11250/2/7 11242/2/7 11241/2/7
f 11251/2/7 11243/2/7 11250/2/7
f 11252/2/7 11243/2/7 11251/2/7
f 11253/2/7 11248/2/7 11247/2/7
f 11253/2/7 11247/2/7 11246/2/7
f 11254/2/7 11248/2/7 11253/2/7
f 11255/2/7 11251/2/7 11250/2/7
f 11255/2/7 11250/2/7 11249/2/7
f 11256/2/7 11251/2/7 11255/2/7
f 11257/5/7 11249/5/7 11248/5/7
f 11257/2/7 11248/2/7 11254/2/7
f 11258/5/7 11249/5/7 11257/5/7
f 11259/5/7 11249/5/7 11258/5/7
f 11260/2/7 11255/2/7 11249/2/7
f 11260/5/7 11249/5/7 11259/5/7
f 11261/2/7 11257/2/7 11254/2/7
f 11261/2/7 11258/2/7 11257/2/7
f 11262/2/7 11258/2/7 11261/2/7
f 11263/5/7 11259/5/7 11258/5/7
f 11263/2/7 11258/2/7 11262/2/7
f 11264/5/7 11259/5/7 11263/5/7
f 11265/5/7 11259/5/7 11264/5/7
f 11266/2/7 11260/2/7 11259/2/7
f 11266/5/7 11259/5/7 11265/5/7
f 11267/2/7 11255/2/7 11260/2/7
f 11267/2/7 11260/2/7 11266/2/7
f 11268/2/7 11255/2/7 11267/2/7
f 11269/2/7 11263/2/7 11262/2/7
f 11269/2/7 11264/2/7 11263/2/7
f 11270/2/7 11264/2/7 11269/2/7
f 11271/5/7 11265/5/7 11264/5/7
f 11271/2/7 11264/2/7 11270/2/7
f 11272/5/7 11265/5/7 11271/5/7
f 11273/5/7 11265/5/7 11272/5/7
f 11274/2/7 11266/2/7 11265/2/7
f 11274/5/7 11265/5/7 11273/5/7
f 11274/2/7 11267/2/7 11266/2/7
f 11275/2/7 11267/2/7 11274/2/7
f 11276/2/7 11267/2/7 11275/2/7
f 11277/2/7 11272/2/7 11271/2/7
f 11277/2/7 11271/2/7 11270/2/7
f 11278/2/7 11272/2/7 11277/2/7
f 11279/5/7 11273/5/7 11272/5/7
f 11279/2/7 11272/2/7 11278/2/7
f 11280/5/7 11273/5/7 11279/5/7
f 11281/5/7 11273/5/7 11280/5/7
f 11282/2/7 11275/2/7 11274/2/7
f 11282/5/7 11273/5/7 11281/5/7
f 11282/2/7 11274/2/7 11273/2/7
f 11283/2/7 11275/2/7 11282/2/7
f 11284/2/7 11275/2/7 11283/2/7
f 11285/2/7 11280/2/7 11279/2/7
f 11285/2/7 11279/2/7 11278/2/7
f 11286/2/7 11280/2/7 11285/2/7
f 11287/5/7 11281/5/7 11280/5/7
f 11287/2/7 11280/2/7 11286/2/7
f 11288/5/7 11281/5/7 11287/5/7
f 11289/5/7 11281/5/7 11288/5/7
f 11290/2/7 11283/2/7 11282/2/7
f 11290/5/7 11281/5/7 11289/5/7
f 11290/2/7 11282/2/7 11281/2/7
f 11291/2/7 11283/2/7 11290/2/7
f 11292/2/7 11283/2/7 11291/2/7
f 11293/2/7 11288/2/7 11287/2/7
f 11293/2/7 11287/2/7 11286/2/7
f 11294/2/7 11288/2/7 11293/2/7
f 11295/5/7 11289/5/7 11288/5/7
f 11295/2/7 11288/2/7 11294/2/7
f 11296/5/7 11289/5/7 11295/5/7
f 11297/5/7 11289/5/7 11296/5/7
f 11298/2/7 11291/2/7 11290/2/7
f 11298/5/7 11289/5/7 11297/5/7
f 11298/2/7 11290/2/7 11289/2/7
f 11299/2/7 11291/2/7 11298/2/7
f 11300/2/7 11291/2/7 11299/2/7
f 11301/2/7 11296/2/7 11295/2/7
f 11301/2/7 11295/2/7 11294/2/7
f 11302/2/7 11296/2/7 11301/2/7
f 11303/5/7 11297/5/7 11296/5/7
f 11303/2/7 11296/2/7 11302/2/7
f 11304/5/7 11297/5/7 11303/5/7
f 11305/5/7 11297/5/7 11304/5/7
f 11306/2/7 11299/2/7 11298/2/7
f 11306/5/7 11297/5/7 11305/5/7
f 11306/2/7 11298/2/7 11297/2/7
f 11307/2/7 11299/2/7 11306/2/7
f 11308/2/7 11299/2/7 11307/2/7
f 11309/2/7 11304/2/7 11303/2/7
f 11309/2/7 11303/2/7 11302/2/7
f 11310/2/7 11304/2/7 11309/2/7
f 11311/5/7 11305/5/7 11304/5/7
f 11311/2/7 11304/2/7 11310/2/7
f 11312/5/7 11305/5/7 11311/5/7
f 11313/5/7 11305/5/7 11312/5/7
f 11314/2/7 11307/2/7 11306/2/7
f 11314/5/7 11305/5/7 11313/5/7
f 11314/2/7 11306/2/7 11305/2/7
f 11315/2/7 11307/2/7 11314/2/7
f 11316/2/7 11307/2/7 11315/2/7
f 11317/2/7 11312/2/7 11311/2/7
f 11317/2/7 11311/2/7 11310/2/7
f 11318/2/7 11312/2/7 11317/2/7
f 11319/5/7 11313/5/7 11312/5/7
f 11319/2/7 11312/2/7 11318/2/7
f 11320/5/7 11313/5/7 11319/5/7
f 11321/5/7 11313/5/7 11320/5/7
f 11322/2/7 11315/2/7 11314/2/7
f 11322/5/7 11313/5/7 11321/5/7
f 11322/2/7 11314/2/7 11313/2/7
f 11323/2/7 11315/2/7 11322/2/7
f 11324/2/7 11315/2/7 11323/2/7
f 11325/2/7 11320/2/7 11319/2/7
f 11325/2/7 11319/2/7 11318/2/7
f 11326/2/7 11320/2/7 11325/2/7
f 11327/5/7 11321/5/7 11320/5/7
f 11327/2/7 11320/2/7 11326/2/7
f 11328/5/7 11321/5/7 11327/5/7
f 11329/5/7 11321/5/7 11328/5/7
f 11330/2/7 11323/2/7 11322/2/7
f 11330/5/7 11321/5/7 11329/5/7
f 11330/2/7 11322/2/7 11321/2/7
f 11331/2/7 11323/2/7 11330/2/7
f 11332/2/7 11323/2/7 11331/2/7
f 11333/2/7 11328/2/7 11327/2/7
f 11333/2/7 11327/2/7 11326/2/7
f 11334/2/7 11328/2/7 11333/2/7
f 11335/5/7 11329/5/7 11328/5/7
f 11335/2/7 11328/2/7 11334/2/7
f 11336/5/7 11329/5/7 11335/5/7
f 11337/5/7 11329/5/7 11336/5/7
f 11338/2/7 11331/2/7 11330/2/7
f 11338/5/7 11329/5/7 11337/5/7
f 11338/2/7 11330/2/7 11329/2/7
f 11339/2/7 11331/2/7 11338/2/7
f 11340/2/7 11331/2/7 11339/2/7
f 11341/2/7 11336/2/7 11335/2/7
f 11341/2/7 11335/2/7 11334/2/7
f 11342/2/7 11336/2/7 11341/2/7
f 11343/5/7 11337/5/7 11336/5/7
f 11343/2/7 11336/2/7 11342/2/7
f 11344/5/7 11337/5/7 11343/5/7
f 11345/5/7 11337/5/7 11344/5/7
f 11346/2/7 11339/2/7 11338/2/7
f 11346/5/7 11337/5/7 11345/5/7
f 11346/2/7 11338/2/7 11337/2/7
f 11347/2/7 11339/2/7 11346/2/7
f 11348/2/7 11339/2/7 11347/2/7
f 11349/2/7 11344/2/7 11343/2/7
f 11349/2/7 11343/2/7 11342/2/7
f 11350/2/7 11344/2/7 11349/2/7
f 11351/5/7 11345/5/7 11344/5/7
f 11351/2/7 11344/2/7 11350/2/7
f 11352/5/7 11345/5/7 11351/5/7
f 11353/5/7 11345/5/7 11352/5/7
f 11354/2/7 11347/2/7 11346/2/7
f 11354/5/7 11345/5/7 11353/5/7
f 11354/2/7 11346/2/7 11345/2/7
f 11355/2/7 11347/2/7 11354/2/7
f 11356/2/7 11347/2/7 11355/2/7
f 11357/2/7 11352/2/7 11351/2/7
f 11357/2/7 11351/2/7 11350/2/7
f 11358/2/7 11352/2/7 11357/2/7
f 11359/5/7 11353/5/7 11352/5/7
f 11359/2/7 11352/2/7 11358/2/7
f 11360/5/7 11353/5/7 11359/5/7
f 11361/5/7 11353/5/7 11360/5/7
f 11362/2/7 11355/2/7 11354/2/7
f 11362/5/7 11353/5/7 11361/5/7
f 11362/2/7 11354/2/7 11353/2/7
f 11363/2/7 11355/2/7 11362/2/7
f 11364/2/7 11355/2/7 11363/2/7
f 11365/2/7 11360/2/7 11359/2/7
f 11365/2/7 11359/2/7 11358/2/7
f 11366/2/7 11360/2/7 11365/2/7
f 11367/5/7 11361/5/7 11360/5/7
f 11367/2/7 11360/2/7 11366/2/7
f 11368/5/7 11361/5/7 11367/5/7
f 11369/5/7 11361/5/7 11368/5/7
f 11370/2/7 11363/2/7 11362/2/7
f 11370/5/7 11361/5/7 11369/5/7
f 11370/2/7 11362/2/7 11361/2/7
f 11371/2/7 11363/2/7 11370/2/7
f 11372/2/7 11363/2/7 11371/2/7
f 11373/2/7 11368/2/7 11367/2/7
f 11373/2/7 11367/2/7 11366/2/7
f 11374/2/7 11368/2/7 11373/2/7
f 11375/5/7 11369/5/7 11368/5/7
f 11375/2/7 11368/2/7 11374/2/7
f 11376/5/7 11369/5/7 11375/5/7
f 11377/5/7 11369/5/7 11376/5/7
f 11378/2/7 11371/2/7 11370/2/7
f 11378/5/7 11369/5/7 11377/5/7
f 11378/2/7 11370/2/7 11369/2/7
f 11379/2/7 11371/2/7 11378/2/7
f 11380/2/7 11371/2/7 11379/2/7
f 11381/2/7 11376/2/7 11375/2/7
f 11381/2/7 11375/2/7 11374/2/7
f 11382/2/7 11376/2/7 11381/2/7
f 11383/5/7 11377/5/7 11376/5/7
f 11383/2/7 11376/2/7 11382/2/7
f 11384/5/7 11377/5/7 11383/5/7
f 11385/5/7 11377/5/7 11384/5/7
f 11386/2/7 11379/2/7 11378/2/7
f 11386/5/7 11377/5/7 11385/5/7
f 11386/2/7 11378/2/7 11377/2/7
f 11387/2/7 11379/2/7 11386/2/7
f 11388/2/7 11379/2/7 11387/2/7
f 11389/2/7 11384/2/7 11383/2/7
f 11389/2/7 11383/2/7 11382/2/7
f 11390/2/7 11384/2/7 11389/2/7
f 11391/5/7 11385/5/7 11384/5/7
f 11391/2/7 11384/2/7 11390/2/7
f 11392/5/7 11385/5/7 11391/5/7
f 11393/5/7 11385/5/7 11392/5/7
f 11394/2/7 11387/2/7 11386/2/7
f 11394/5/7 11385/5/7 11393/5/7
f 11394/2/7 11386/2/7 11385/2/7
f 11395/2/7 11387/2/7 11394/2/7
f 11396/2/7 11387/2/7 11395/2/7
f 11397/2/7 11392/2/7 11391/2/7
f 11397/2/7 11391/2/7 11390/2/7
f 11398/2/7 11392/2/7 11397/2/7
f 11399/5/7 11393/5/7 11392/5/7
f 11399/2/7 11392/2/7 11398/2/7
f 11400/5/7 11393/5/7 11399/5/7
f 11401/5/7 11393/5/7 11400/5/7
f 11402/2/7 11395/2/7 11394/2/7
f 11402/5/7 11393/5/7 11401/5/7
f 11402/2/7 11394/2/7 11393/2/7
f 11403/2/7 11395/2/7 11402/2/7
f 11404/2/7 11395/2/7 11403/2/7
f 11405/2/7 11400/2/7 11399/2/7
f 11405/2/7 11399/2/7 11398/2/7
f 11406/2/7 11400/2/7 11405/2/7
f 11407/5/7 11401/5/7 11400/5/7
f 11407/2/7 11400/2/7 11406/2/7
f 11408/5/7 11401/5/7 11407/5/7
f 11409/5/7 11401/5/7 11408/5/7
f 11410/2/7 11403/2/7 11402/2/7
f 11410/5/7 11401/5/7 11409/5/7
f 11410/2/7 11402/2/7 11401/2/7
f 11411/2/7 11403/2/7 11410/2/7
f 11412/2/7 11403/2/7 11411/2/7
f 11413/2/7 11408/2/7 11407/2/7
f 11413/2/7 11407/2/7 11406/2/7
f 11414/2/7 11408/2/7 11413/2/7
f 11415/5/7 11409/5/7 11408/5/7
f 11415/2/7 11408/2/7 11414/2/7
f 11416/5/7 11409/5/7 11415/5/7
f 11417/5/7 11409/5/7 11416/5/7
f 11418/2/7 11411/2/7 11410/2/7
f 11418/5/7 11409/5/7 11417/5/7
f 11418/2/7 11410/2/7 11409/2/7
f 11419/2/7 11411/2/7 11418/2/7
f 11420/2/7 11411/2/7 11419/2/7
f 11421/2/7 11416/2/7 11415/2/7
f 11421/2/7 11415/2/7 11414/2/7
f 11422/2/7 11416/2/7 11421/2/7
f 11423/5/7 11417/5/7 11416/5/7
f 11423/2/7 11416/2/7 11422/2/7
f 11424/5/7 11417/5/7 11423/5/7
f 11425/5/7 11417/5/7 11424/5/7
f 11426/2/7 11419/2/7 11418/2/7
f 11426/5/7 11417/5/7 11425/5/7
f 11426/2/7 11418/2/7 11417/2/7
f 11427/2/7 11419/2/7 11426/2/7
f 11428/2/7 11419/2/7 11427/2/7
f 11429/2/7 11424/2/7 11423/2/7
f 11429/2/7 11423/2/7 11422/2/7
f 11430/2/7 11424/2/7 11429/2/7
f 11431/5/7 11425/5/7 11424/5/7
f 11431/2/7 11424/2/7 11430/2/7
f 11432/5/7 11425/5/7 11431/5/7
f 11433/5/7 11425/5/7 11432/5/7
f 11434/2/7 11427/2/7 11426/2/7
f 11434/5/7 11425/5/7 11433/5/7
f 11434/2/7 11426/2/7 11425/2/7
f 11435/2/7 11427/2/7 11434/2/7
f 11436/2/7 11427/2/7 11435/2/7
f 11437/2/7 11432/2/7 11431/2/7
f 11437/2/7 11431/2/7 11430/2/7
f 11438/2/7 11432/2/7 11437/2/7
f 11439/5/7 11433/5/7 11432/5/7
f 11439/2/7 11432/2/7 11438/2/7
f 11440/5/7 11433/5/7 11439/5/7
f 11441/5/7 11433/5/7 11440/5/7
f 11442/2/7 11435/2/7 11434/2/7
f 11442/5/7 11433/5/7 11441/5/7
f 11442/2/7 11434/2/7 11433/2/7
f 11443/2/7 11435/2/7 11442/2/7
f 11444/2/7 11435/2/7 11443/2/7
f 11445/2/7 11440/2/7 11439/2/7
f 11445/2/7 11439/2/7 11438/2/7
f 11446/2/7 11440/2/7 11445/2/7
f 11447/5/7 11441/5/7 11440/5/7
f 11447/2/7 11440/2/7 11446/2/7
f 11448/5/7 11441/5/7 11447/5/7
f 11449/5/7 11441/5/7 11448/5/7
f 11450/2/7 11443/2/7 11442/2/7
f 11450/5/7 11441/5/7 11449/5/7
f 11450/2/7 11442/2/7 11441/2/7
f 11451/2/7 11443/2/7 11450/2/7
f 11452/2/7 11443/2/7 11451/2/7
f 11453/2/7 11448/2/7 11447/2/7
f 11453/2/7 11447/2/7 11446/2/7
f 11454/2/7 11448/2/7 11453/2/7
f 11455/5/7 11449/5/7 11448/5/7
f 11455/2/7 11448/2/7 11454/2/7
f 11456/5/7 11449/5/7 11455/5/7
f 11457/5/7 11449/5/7 11456/5/7
f 11458/2/7 11451/2/7 11450/2/7
f 11458/5/7 11449/5/7 11457/5/7
f 11458/2/7 11450/2/7 11449/2/7
f 11459/2/7 11451/2/7 11458/2/7
f 11460/2/7 11451/2/7 11459/2/7
f 11461/2/7 11456/2/7 11455/2/7
f 11461/2/7 11455/2/7 11454/2/7
f 11462/2/7 11456/2/7 11461/2/7
f 11463/5/7 11457/5/7 11456/5/7
f 11463/2/7 11456/2/7 11462/2/7
f 11464/5/7 11457/5/7 11463/5/7
f 11465/5/7 11457/5/7 11464/5/7
f 11466/2/7 11459/2/7 11458/2/7
f 11466/5/7 11457/5/7 11465/5/7
f 11466/2/7 11458/2/7 11457/2/7
f 11467/2/7 11459/2/7 11466/2/7
f 11468/2/7 11459/2/7 11467/2/7
f 11469/2/7 11464/2/7 11463/2/7
f 11469/2/7 11463/2/7 11462/2/7
f 11470/2/7 11464/2/7 11469/2/7
f 11471/5/7 11465/5/7 11464/5/7
f 11471/2/7 11464/2/7 11470/2/7
f 11472/5/7 11465/5/7 11471/5/7
f 11473/5/7 11465/5/7 11472/5/7
f 11474/2/7 11467/2/7 11466/2/7
f 11474/5/7 11465/5/7 11473/5/7
f 11474/2/7 11466/2/7 11465/2/7
f 11475/2/7 11467/2/7 11474/2/7
f 11476/2/7 11467/2/7 11475/2/7
f 11477/2/7 11472/2/7 11471/2/7
f 11477/2/7 11471/2/7 11470/2/7
f 11478/2/7 11472/2/7 11477/2/7
f 11479/5/7 11473/5/7 11472/5/7
f 11479/2/7 11472/2/7 11478/2/7
f 11480/5/7 11473/5/7 11479/5/7
f 11481/5/7 11473/5/7 11480/5/7
f 11482/2/7 11475/2/7 11474/2/7
f 11482/5/7 11473/5/7 11481/5/7
f 11482/2/7 11474/2/7 11473/2/7
f 11483/2/7 11475/2/7 11482/2/7
f 11484/2/7 11475/2/7 11483/2/7
f 11485/2/7 11480/2/7 11479/2/7
f 11485/2/7 11479/2/7 11478/2/7
f 11486/2/7 11480/2/7 11485/2/7
f 11487/5/7 11481/5/7 11480/5/7
f 11487/2/7 11480/2/7 11486/2/7
f 11488/5/7 11481/5/7 11487/5/7
f 11489/5/7 11481/5/7 11488/5/7
f 11490/2/7 11483/2/7 11482/2/7
f 11490/5/7 11481/5/7 11489/5/7
f 11490/2/7 11482/2/7 11481/2/7
f 11491/2/7 11483/2/7 11490/2/7
f 11492/2/7 11483/2/7 11491/2/7
f 11493/2/7 11488/2/7 11487/2/7
f 11493/2/7 11487/2/7 11486/2/7
f 11494/2/7 11488/2/7 11493/2/7
f 11495/5/7 11489/5/7 11488/5/7
f 11495/2/7 11488/2/7 11494/2/7
f 11496/2/7 11491/2/7 11490/2/7
f 11496/5/7 11489/5/7 11495/5/7
f 11496/2/7 11490/2/7 11489/2/7
f 11497/2/7 11491/2/7 11496/2/7
f 11498/2/7 11491/2/7 11497/2/7
f 11499/2/7 11495/2/7 11494/2/7
f 11499/2/7 11497/2/7 11496/2/7
f 11499/2/7 11496/2/7 11495/2/7
f 11500/2/7 11497/2/7 11499/2/7
f 11504/1/7 11502/1/7 11501/1/7
f 11505/1/7 11502/1/7 11504/1/7
f 11508/1/7 11504/1/7 11503/1/7
f 11508/1/7 11506/1/7 11505/1/7
f 11508/1/7 11505/1/7 11504/1/7
f 11509/1/7 11506/1/7 11508/1/7
f 11512/1/7 11508/1/7 11507/1/7
f 11512/1/7 11510/1/7 11509/1/7
f 11512/1/7 11509/1/7 11508/1/7
f 11513/1/7 11510/1/7 11512/1/7
f 11515/1/7 11512/1/7 11511/1/7
f 11515/1/7 11514/1/7 11513/1/7
f 11515/1/7 11513/1/7 11512/1/7
f 11516/1/7 11514/1/7 11515/1/7
f 11517/1/7 11514/1/7 11516/1/7
f 11518/1/7 11514/1/7 11517/1/7
f 11519/1/7 11517/1/7 11516/1/7
f 11520/1/7 11517/1/7 11519/1/7
f 11521/1/7 11517/1/7 11520/1/7
f 11522/1/7 11517/1/7 11521/1/7
f 11523/1/7 11521/1/7 11520/1/7
f 11524/1/7 11521/1/7 11523/1/7
f 11525/1/7 11521/1/7 11524/1/7
f 11526/1/7 11521/1/7 11525/1/7
f 11527/1/7 11525/1/7 11524/1/7
f 11528/1/7 11525/1/7 11527/1/7
f 11533/1/7 11530/1/7 11529/1/7
f 11534/1/7 11530/1/7 11533/1/7
f 11535/1/7 11532/1/7 11531/1/7
f 11536/1/7 11532/1/7 11535/1/7
f 11541/1/7 11538/1/7 11537/1/7
f 11542/1/7 11538/1/7 11541/1/7
f 11543/1/7 11540/1/7 11539/1/7
f 11544/1/7 11540/1/7 11543/1/7
f 11553/1/7 11546/1/7 11545/1/7
f 11554/1/7 11546/1/7 11553/1/7
f 11555/1/7 11548/1/7 11547/1/7
f 11556/1/7 11548/1/7 11555/1/7
f 11557/1/7 11550/1/7 11549/1/7
f 11558/1/7 11550/1/7 11557/1/7
f 11559/1/7 11552/1/7 11551/1/7
f 11560/1/7 11552/1/7 11559/1/7
f 11569/1/7 11562/1/7 11561/1/7
f 11570/1/7 11562/1/7 11569/1/7
f 11571/1/7 11564/1/7 11563/1/7
f 11572/1/7 11564/1/7 11571/1/7
f 11573/1/7 11566/1/7 11565/1/7
f 11574/1/7 11566/1/7 11573/1/7
f 11575/1/7 11568/1/7 11567/1/7
f 11576/1/7 11568/1/7 11575/1/7
f 11589/1/7 11578/1/7 11577/1/7
f 11590/1/7 11578/1/7 11589/1/7
f 11591/1/7 11580/1/7 11579/1/7
f 11592/1/7 11580/1/7 11591/1/7
f 11593/1/7 11582/1/7 11581/1/7
f 11594/1/7 11582/1/7 11593/1/7
f 11595/1/7 11584/1/7 11583/1/7
f 11596/1/7 11584/1/7 11595/1/7
f 11597/1/7 11586/1/7 11585/1/7
f 11598/1/7 11586/1/7 11597/1/7
f 11599/1/7 11588/1/7 11587/1/7
f 11600/1/7 11588/1/7 11599/1/7
f 11613/1/7 11602/1/7 11601/1/7
f 11614/1/7 11602/1/7 11613/1/7
f 11615/1/7 11604/1/7 11603/1/7
f 11616/1/7 11604/1/7 11615/1/7
f 11617/1/7 11606/1/7 11605/1/7
f 11618/1/7 11606/1/7 11617/1/7
f 11619/1/7 11608/1/7 11607/1/7
f 11620/1/7 11608/1/7 11619/1/7
f 11621/1/7 11610/1/7 11609/1/7
f 11622/1/7 11610/1/7 11621/1/7
f 11623/1/7 11612/1/7 11611/1/7
f 11624/1/7 11612/1/7 11623/1/7
f 11628/1/7 11626/1/7 11625/1/7
f 11629/1/7 11626/1/7 11628/1/7
f 11631/1/7 11628/1/7 11627/1/7
f 11632/1/7 11628/1/7 11631/1/7
f 11633/1/7 11630/1/7 11629/1/7
f 11634/1/7 11630/1/7 11633/1/7
f 11635/1/7 11633/1/7 11632/1/7
f 11636/1/7 11633/1/7 11635/1/7
f 11642/1/7 11638/1/7 11637/1/7
f 11643/1/7 11638/1/7 11642/1/7
f 11646/1/7 11640/1/7 11639/1/7
f 11647/1/7 11640/1/7 11646/1/7
f 11649/1/7 11642/1/7 11641/1/7
f 11650/1/7 11642/1/7 11649/1/7
f 11651/1/7 11644/1/7 11643/1/7
f 11652/1/7 11644/1/7 11651/1/7
f 11653/1/7 11646/1/7 11645/1/7
f 11654/1/7 11646/1/7 11653/1/7
f 11655/1/7 11648/1/7 11647/1/7
f 11656/1/7 11648/1/7 11655/1/7
f 11657/1/7 11651/1/7 11650/1/7
f 11658/1/7 11651/1/7 11657/1/7
f 11659/1/7 11655/1/7 11654/1/7
f 11660/1/7 11655/1/7 11659/1/7
f 11668/1/7 11662/1/7 11661/1/7
f 11669/1/7 11662/1/7 11668/1/7
f 11672/1/7 11664/1/7 11663/1/7
f 11673/1/7 11664/1/7 11672/1/7
f 11676/1/7 11666/1/7 11665/1/7
f 11677/1/7 11666/1/7 11676/1/7
f 11679/1/7 11668/1/7 11667/1/7
f 11680/1/7 11668/1/7 11679/1/7
f 11681/1/7 11670/1/7 11669/1/7
f 11682/1/7 11670/1/7 11681/1/7
f 11683/1/7 11672/1/7 11671/1/7
f 11684/1/7 11672/1/7 11683/1/7
f 11685/1/7 11674/1/7 11673/1/7
f 11686/1/7 11674/1/7 11685/1/7
f 11687/1/7 11676/1/7 11675/1/7
f 11688/1/7 11676/1/7 11687/1/7
f 11689/1/7 11678/1/7 11677/1/7
f 11690/1/7 11678/1/7 11689/1/7
f 11691/1/7 11681/1/7 11680/1/7
f 11692/1/7 11681/1/7 11691/1/7
f 11693/1/7 11685/1/7 11684/1/7
f 11694/1/7 11685/1/7 11693/1/7
f 11695/1/7 11689/1/7 11688/1/7
f 11696/1/7 11689/1/7 11695/1/7
f 11700/1/7 11698/1/7 11697/1/7
f 11701/1/7 11698/1/7 11700/1/7
f 11704/1/7 11700/1/7 11699/1/7
f 11705/1/7 11700/1/7 11704/1/7
f 11706/1/7 11702/1/7 11701/1/7
f 11707/1/7 11702/1/7 11706/1/7
f 11709/1/7 11704/1/7 11703/1/7
f 11710/1/7 11704/1/7 11709/1/7
f 11713/1/7 11708/1/7 11707/1/7
f 11714/1/7 11708/1/7 11713/1/7
f 11715/1/7 11711/1/7 11710/1/7
f 11716/1/7 11711/1/7 11715/1/7
f 11717/1/7 11713/1/7 11712/1/7
f 11718/1/7 11713/1/7 11717/1/7
f 11719/1/7 11717/1/7 11716/1/7
f 11720/1/7 11717/1/7 11719/1/7
f 11726/1/7 11722/1/7 11721/1/7
f 11727/1/7 11722/1/7 11726/1/7
f 11730/1/7 11724/1/7 11723/1/7
f 11731/1/7 11724/1/7 11730/1/7
f 11734/1/7 11726/1/7 11725/1/7
f 11735/1/7 11726/1/7 11734/1/7
f 11736/1/7 11728/1/7 11727/1/7
f 11737/1/7 11728/1/7 11736/1/7
f 11740/1/7 11730/1/7 11729/1/7
f 11741/1/7 11730/1/7 11740/1/7
f 11742/1/7 11732/1/7 11731/1/7
f 11743/1/7 11732/1/7 11742/1/7
f 11745/1/7 11734/1/7 11733/1/7
f 11746/1/7 11734/1/7 11745/1/7
f 11749/1/7 11738/1/7 11737/1/7
f 11750/1/7 11738/1/7 11749/1/7
f 11751/1/7 11740/1/7 11739/1/7
f 11752/1/7 11740/1/7 11751/1/7
f 11755/1/7 11744/1/7 11743/1/7
f 11756/1/7 11744/1/7 11755/1/7
f 11757/1/7 11747/1/7 11746/1/7
f 11758/1/7 11747/1/7 11757/1/7
f 11759/1/7 11749/1/7 11748/1/7
f 11760/1/7 11749/1/7 11759/1/7
f 11761/1/7 11753/1/7 11752/1/7
f 11762/1/7 11753/1/7 11761/1/7
f 11763/1/7 11755/1/7 11754/1/7
f 11764/1/7 11755/1/7 11763/1/7
f 11765/1/7 11759/1/7 11758/1/7
f 11766/1/7 11759/1/7 11765/1/7
f 11767/1/7 11763/1/7 11762/1/7
f 11768/1/7 11763/1/7 11767/1/7
f 11776/1/7 11770/1/7 11769/1/7
f 11777/1/7 11770/1/7 11776/1/7
f 11780/1/7 11772/1/7 11771/1/7
f 11781/1/7 11772/1/7 11780/1/7
f 11784/1/7 11774/1/7 11773/1/7
f 11785/1/7 11774/1/7 11784/1/7
f 11788/1/7 11776/1/7 11775/1/7
f 11789/1/7 11776/1/7 11788/1/7
f 11790/1/7 11778/1/7 11777/1/7
f 11791/1/7 11778/1/7 11790/1/7
f 11794/1/7 11780/1/7 11779/1/7
f 11795/1/7 11780/1/7 11794/1/7
f 11796/1/7 11782/1/7 11781/1/7
f 11797/1/7 11782/1/7 11796/1/7
f 11800/1/7 11784/1/7 11783/1/7
f 11801/1/7 11784/1/7 11800/1/7
f 11802/1/7 11786/1/7 11785/1/7
f 11803/1/7 11786/1/7 11802/1/7
f 11805/1/7 11788/1/7 11787/1/7
f 11806/1/7 11788/1/7 11805/1/7
f 11809/1/7 11792/1/7 11791/1/7
f 11810/1/7 11792/1/7 11809/1/7
f 11811/1/7 11794/1/7 11793/1/7
f 11812/1/7 11794/1/7 11811/1/7
f 11815/1/7 11798/1/7 11797/1/7
f 11816/1/7 11798/1/7 11815/1/7
f 11817/1/7 11800/1/7 11799/1/7
f 11818/1/7 11800/1/7 11817/1/7
f 11821/1/7 11804/1/7 11803/1/7
f 11822/1/7 11804/1/7 11821/1/7
f 11823/1/7 11807/1/7 11806/1/7
f 11824/1/7 11807/1/7 11823/1/7
f 11825/1/7 11809/1/7 11808/1/7
f 11826/1/7 11809/1/7 11825/1/7
f 11827/1/7 11813/1/7 11812/1/7
f 11828/1/7 11813/1/7 11827/1/7
f 11829/1/7 11815/1/7 11814/1/7
f 11830/1/7 11815/1/7 11829/1/7
f 11831/1/7 11819/1/7 11818/1/7
f 11832/1/7 11819/1/7 11831/1/7
f 11833/1/7 11821/1/7 11820/1/7
f 11834/1/7 11821/1/7 11833/1/7
f 11835/1/7 11825/1/7 11824/1/7
f 11836/1/7 11825/1/7 11835/1/7
f 11837/1/7 11829/1/7 11828/1/7
f 11838/1/7 11829/1/7 11837/1/7
f 11839/1/7 11833/1/7 11832/1/7
f 11840/1/7 11833/1/7 11839/1/7
f 11844/1/7 11842/1/7 11841/1/7
f 11845/1/7 11842/1/7 11844/1/7
f 11848/1/7 11844/1/7 11843/1/7
f 11849/1/7 11844/1/7 11848/1/7
f 11850/1/7 11846/1/7 11845/1/7
f 11851/1/7 11846/1/7 11850/1/7
f 11854/1/7 11848/1/7 11847/1/7
f 11855/1/7 11848/1/7 11854/1/7
f 11856/1/7 11852/1/7 11851/1/7
f 11857/1/7 11852/1/7 11856/1/7
f 11859/1/7 11854/1/7 11853/1/7
f 11860/1/7 11854/1/7 11859/1/7
f 11863/1/7 11858/1/7 11857/1/7
f 11864/1/7 11858/1/7 11863/1/7
f 11865/1/7 11861/1/7 11860/1/7
f 11866/1/7 11861/1/7 11865/1/7
f 11869/1/7 11863/1/7 11862/1/7
f 11870/1/7 11863/1/7 11869/1/7
f 11871/1/7 11867/1/7 11866/1/7
f 11872/1/7 11867/1/7 11871/1/7
f 11873/1/7 11869/1/7 11868/1/7
f 11874/1/7 11869/1/7 11873/1/7
f 11875/1/7 11873/1/7 11872/1/7
f 11876/1/7 11873/1/7 11875/1/7
f 11882/1/7 11878/1/7 11877/1/7
f 11883/1/7 11878/1/7 11882/1/7
f 11886/1/7 11880/1/7 11879/1/7
f 11887/1/7 11880/1/7 11886/1/7
f 11890/1/7 11882/1/7 11881/1/7
f 11891/1/7 11882/1/7 11890/1/7
f 11892/1/7 11884/1/7 11883/1/7
f 11893/1/7 11884/1/7 11892/1/7
f 11896/1/7 11886/1/7 11885/1/7
f 11897/1/7 11886/1/7 11896/1/7
f 11898/1/7 11888/1/7 11887/1/7
f 11899/1/7 11888/1/7 11898/1/7
f 11902/1/7 11890/1/7 11889/1/7
f 11903/1/7 11890/1/7 11902/1/7
f 11904/1/7 11894/1/7 11893/1/7
f 11905/1/7 11894/1/7 11904/1/7
f 11908/1/7 11896/1/7 11895/1/7
f 11909/1/7 11896/1/7 11908/1/7
f 11910/1/7 11900/1/7 11899/1/7
f 11911/1/7 11900/1/7 11910/1/7
f 11913/1/7 11902/1/7 11901/1/7
f 11914/1/7 11902/1/7 11913/1/7
f 11917/1/7 11906/1/7 11905/1/7
f 11918/1/7 11906/1/7 11917/1/7
f 11919/1/7 11908/1/7 11907/1/7
f 11920/1/7 11908/1/7 11919/1/7
f 11923/1/7 11912/1/7 11911/1/7
f 11924/1/7 11912/1/7 11923/1/7
f 11925/1/7 11915/1/7 11914/1/7
f 11926/1/7 11915/1/7 11925/1/7
f 11929/1/7 11917/1/7 11916/1/7
f 11930/1/7 11917/1/7 11929/1/7
f 11931/1/7 11921/1/7 11920/1/7
f 11932/1/7 11921/1/7 11931/1/7
f 11935/1/7 11923/1/7 11922/1/7
f 11936/1/7 11923/1/7 11935/1/7
f 11937/1/7 11927/1/7 11926/1/7
f 11938/1/7 11927/1/7 11937/1/7
f 11939/1/7 11929/1/7 11928/1/7
f 11940/1/7 11929/1/7 11939/1/7
f 11941/1/7 11933/1/7 11932/1/7
f 11942/1/7 11933/1/7 11941/1/7
f 11943/1/7 11935/1/7 11934/1/7
f 11944/1/7 11935/1/7 11943/1/7
f 11945/1/7 11939/1/7 11938/1/7
f 11946/1/7 11939/1/7 11945/1/7
f 11947/1/7 11943/1/7 11942/1/7
f 11948/1/7 11943/1/7 11947/1/7
f 11956/1/7 11950/1/7 11949/1/7
f 11957/1/7 11950/1/7 11956/1/7
f 11960/1/7 11952/1/7 11951/1/7
f 11961/1/7 11952/1/7 11960/1/7
f 11964/1/7 11954/1/7 11953/1/7
f 11965/1/7 11954/1/7 11964/1/7
f 11968/1/7 11956/1/7 11955/1/7
f 11969/1/7 11956/1/7 11968/1/7
f 11970/1/7 11958/1/7 11957/1/7
f 11971/1/7 11958/1/7 11970/1/7
f 11974/1/7 11960/1/7 11959/1/7
f 11975/1/7 11960/1/7 11974/1/7
f 11976/1/7 11962/1/7 11961/1/7
f 11977/1/7 11962/1/7 11976/1/7
f 11980/1/7 11964/1/7 11963/1/7
f 11981/1/7 11964/1/7 11980/1/7
f 11982/1/7 11966/1/7 11965/1/7
f 11983/1/7 11966/1/7 11982/1/7
f 11986/1/7 11968/1/7 11967/1/7
f 11987/1/7 11968/1/7 11986/1/7
f 11988/1/7 11972/1/7 11971/1/7
f 11989/1/7 11972/1/7 11988/1/7
f 11992/1/7 11974/1/7 11973/1/7
f 11993/1/7 11974/1/7 11992/1/7
f 11994/1/7 11978/1/7 11977/1/7
f 11995/1/7 11978/1/7 11994/1/7
f 11998/1/7 11980/1/7 11979/1/7
f 11999/1/7 11980/1/7 11998/1/7
f 12000/1/7 11984/1/7 11983/1/7
f 12001/1/7 11984/1/7 12000/1/7
f 12003/1/7 11986/1/7 11985/1/7
f 12004/1/7 11986/1/7 12003/1/7
f 12007/1/7 11990/1/7 11989/1/7
f 12008/1/7 11990/1/7 12007/1/7
f 12009/1/7 11992/1/7 11991/1/7
f 12010/1/7 11992/1/7 12009/1/7
f 12013/1/7 11996/1/7 11995/1/7
f 12014/1/7 11996/1/7 12013/1/7
f 12015/1/7 11998/1/7 11997/1/7
f 12016/1/7 11998/1/7 12015/1/7
f 12019/1/7 12002/1/7 12001/1/7
f 12020/1/7 12002/1/7 12019/1/7
f 12021/1/7 12005/1/7 12004/1/7
f 12022/1/7 12005/1/7 12021/1/7
f 12025/1/7 12007/1/7 12006/1/7
f 12026/1/7 12007/1/7 12025/1/7
f 12027/1/7 12011/1/7 12010/1/7
f 12028/1/7 12011/1/7 12027/1/7
f 12031/1/7 12013/1/7 12012/1/7
f 12032/1/7 12013/1/7 12031/1/7
f 12033/1/7 12017/1/7 12016/1/7
f 12034/1/7 12017/1/7 12033/1/7
f 12037/1/7 12019/1/7 12018/1/7
f 12038/1/7 12019/1/7 12037/1/7
f 12039/1/7 12023/1/7 12022/1/7
f 12040/1/7 12023/1/7 12039/1/7
f 12041/1/7 12025/1/7 12024/1/7
f 12042/1/7 12025/1/7 12041/1/7
f 12043/1/7 12029/1/7 12028/1/7
f 12044/1/7 12029/1/7 12043/1/7
f 12045/1/7 12031/1/7 12030/1/7
f 12046/1/7 12031/1/7 12045/1/7
f 12047/1/7 12035/1/7 12034/1/7
f 12048/1/7 12035/1/7 12047/1/7
f 12049/1/7 12037/1/7 12036/1/7
f 12050/1/7 12037/1/7 12049/1/7
f 12051/1/7 12041/1/7 12040/1/7
f 12052/1/7 12041/1/7 12051/1/7
f 12053/1/7 12045/1/7 12044/1/7
f 12054/1/7 12045/1/7 12053/1/7
f 12055/1/7 12049/1/7 12048/1/7
f 12056/1/7 12049/1/7 12055/1/7
f 12060/6/7 12058/6/7 12057/6/7
f 12061/6/7 12058/6/7 12060/6/7
f 12064/6/7 12060/6/7 12059/6/7
f 12064/6/7 12062/6/7 12061/6/7
f 12064/6/7 12061/6/7 12060/6/7
f 12065/6/7 12062/6/7 12064/6/7
f 12068/6/7 12064/6/7 12063/6/7
f 12068/6/7 12066/6/7 12065/6/7
f 12068/6/7 12065/6/7 12064/6/7
f 12069/6/7 12066/6/7 12068/6/7
f 12072/6/7 12068/6/7 12067/6/7
f 12072/6/7 12070/6/7 12069/6/7
f 12072/6/7 12069/6/7 12068/6/7
f 12073/6/7 12070/6/7 12072/6/7
f 12076/6/7 12072/6/7 12071/6/7
f 12076/6/7 12074/6/7 12073/6/7
f 12076/6/7 12073/6/7 12072/6/7
f 12077/6/7 12074/6/7 12076/6/7
f 12080/6/7 12076/6/7 12075/6/7
f 12080/6/7 12078/6/7 12077/6/7
f 12080/6/7 12077/6/7 12076/6/7
f 12081/6/8 12078/6/7 12080/6/7
f 12084/6/7 12080/6/7 12079/6/7
f 12084/6/7 12082/6/7 12081/6/8
f 12084/6/7 12081/6/8 12080/6/7
f 12085/6/7 12082/6/7 12084/6/7
f 12088/6/7 12084/6/7 12083/6/7
f 12088/6/7 12086/6/7 12085/6/7
f 12088/6/7 12085/6/7 12084/6/7
f 12089/6/8 12086/6/7 12088/6/7
f 12092/6/7 12088/6/7 12087/6/7
f 12092/6/7 12090/6/7 12089/6/8
f 12092/6/7 12089/6/8 12088/6/7
f 12093/6/9 12090/6/7 12092/6/7
f 12096/6/7 12092/6/7 12091/6/7
f 12096/6/7 12094/6/7 12093/6/9
f 12096/6/7 12093/6/9 12092/6/7
f 12097/6/7 12094/6/7 12096/6/7
f 12100/6/7 12096/6/7 12095/6/7
f 12100/6/7 12098/6/7 12097/6/7
f 12100/6/7 12097/6/7 12096/6/7
f 12101/6/7 12098/6/7 12100/6/7
f 12104/6/7 12100/6/7 12099/6/7
f 12104/6/7 12102/6/7 12101/6/7
f 12104/6/7 12101/6/7 12100/6/7
f 12105/6/7 12102/6/7 12104/6/7
f 12106/6/7 12102/6/7 12105/6/7
f 12107/6/7 12102/6/7 12106/6/7
f 12110/6/7 12104/6/7 12103/6/7
f 12110/6/7 12105/6/7 12104/6/7
f 12111/6/7 12105/6/7 12110/6/7
f 12112/6/7 12105/6/7 12111/6/7
f 12113/6/7 12107/6/7 12106/6/7
f 12113/6/7 12108/6/7 12107/6/7
f 12114/6/7 12108/6/7 12113/6/7
f 12115/6/7 12108/6/7 12114/6/7
f 12118/6/7 12111/6/7 12110/6/7
f 12118/6/7 12110/6/7 12109/6/7
f 12119/6/7 12111/6/7 12118/6/7
f 12120/6/7 12111/6/7 12119/6/7
f 12121/6/7 12116/6/7 12115/6/7
f 12121/6/7 12115/6/7 12114/6/7
f 12122/6/7 12116/6/7 12121/6/7
f 12123/6/7 12116/6/7 12122/6/7
f 12126/6/7 12119/6/7 12118/6/7
f 12126/6/7 12118/6/7 12117/6/7
f 12127/6/7 12119/6/7 12126/6/7
f 12128/6/7 12119/6/7 12127/6/7
f 12129/6/7 12124/6/7 12123/6/7
f 12129/6/7 12123/6/7 12122/6/7
f 12130/6/7 12124/6/7 12129/6/7
f 12131/6/7 12124/6/7 12130/6/7
f 12134/6/7 12127/6/7 12126/6/7
f 12134/6/7 12126/6/7 12125/6/7
f 12135/6/7 12127/6/7 12134/6/7
f 12136/6/7 12127/6/7 12135/6/7
f 12137/6/7 12132/6/7 12131/6/7
f 12137/6/7 12131/6/7 12130/6/7
f 12138/6/7 12132/6/7 12137/6/7
f 12139/6/7 12132/6/7 12138/6/7
f 12142/6/7 12135/6/7 12134/6/7
f 12142/6/7 12134/6/7 12133/6/7
f 12143/6/7 12135/6/7 12142/6/7
f 12144/6/7 12135/6/7 12143/6/7
f 12145/6/7 12140/6/7 12139/6/7
f 12145/6/7 12139/6/7 12138/6/7
f 12146/6/7 12140/6/7 12145/6/7
f 12147/6/7 12140/6/7 12146/6/7
f 12150/6/7 12143/6/7 12142/6/7
f 12150/6/7 12142/6/7 12141/6/7
f 12151/6/7 12143/6/7 12150/6/7
f 12152/6/7 12143/6/7 12151/6/7
f 12153/6/7 12148/6/7 12147/6/7
f 12153/6/7 12147/6/7 12146/6/7
f 12154/6/7 12148/6/7 12153/6/7
f 12155/6/7 12148/6/7 12154/6/7
f 12158/6/7 12151/6/7 12150/6/7
f 12158/6/7 12150/6/7 12149/6/7
f 12159/6/7 12151/6/7 12158/6/7
f 12160/6/7 12151/6/7 12159/6/7
f 12161/6/7 12156/6/7 12155/6/7
f 12161/6/7 12155/6/7 12154/6/7
f 12162/6/7 12156/6/7 12161/6/7
f 12163/6/7 12156/6/7 12162/6/7
f 12166/6/7 12159/6/7 12158/6/7
f 12166/6/7 12158/6/7 12157/6/7
f 12167/6/7 12159/6/7 12166/6/7
f 12168/6/7 12159/6/7 12167/6/7
f 12169/6/7 12164/6/7 12163/6/7
f 12169/6/7 12163/6/7 12162/6/7
f 12170/6/7 12164/6/7 12169/6/7
f 12171/6/7 12164/6/7 12170/6/7
f 12174/6/7 12167/6/7 12166/6/7
f 12174/6/7 12166/6/7 12165/6/7
f 12175/6/7 12167/6/7 12174/6/7
f 12176/6/7 12167/6/7 12175/6/7
f 12177/6/7 12172/6/7 12171/6/7
f 12177/6/7 12171/6/7 12170/6/7
f 12178/6/7 12172/6/7 12177/6/7
f 12179/6/7 12172/6/7 12178/6/7
f 12182/6/7 12175/6/7 12174/6/7
f 12182/6/7 12174/6/7 12173/6/7
f 12183/6/7 12175/6/7 12182/6/7
f 12184/6/7 12175/6/7 12183/6/7
f 12185/6/7 12180/6/7 12179/6/7
f 12185/6/7 12179/6/7 12178/6/7
f 12186/6/7 12180/6/7 12185/6/7
f 12187/6/7 12180/6/7 12186/6/7
f 12190/6/7 12183/6/7 12182/6/7
f 12190/6/7 12182/6/7 12181/6/7
f 12191/6/7 12183/6/7 12190/6/7
f 12192/6/7 12183/6/7 12191/6/7
f 12193/6/7 12188/6/7 12187/6/7
f 12193/6/7 12187/6/7 12186/6/7
f 12194/6/7 12188/6/7 12193/6/7
f 12195/6/7 12188/6/7 12194/6/7
f 12198/6/7 12191/6/7 12190/6/7
f 12198/6/7 12190/6/7 12189/6/7
f 12199/6/7 12191/6/7 12198/6/7
f 12200/6/7 12191/6/7 12199/6/7
f 12201/6/7 12196/6/7 12195/6/7
f 12201/6/7 12195/6/7 12194/6/7
f 12202/6/7 12196/6/7 12201/6/7
f 12203/6/7 12196/6/7 12202/6/7
f 12206/6/7 12199/6/7 12198/6/7
f 12206/6/7 12198/6/7 12197/6/7
f 12207/6/7 12199/6/7 12206/6/7
f 12208/6/7 12199/6/7 12207/6/7
f 12209/6/7 12204/6/7 12203/6/7
f 12209/6/7 12203/6/7 12202/6/7
f 12210/6/7 12204/6/7 12209/6/7
f 12211/6/7 12204/6/7 12210/6/7
f 12214/6/7 12207/6/7 12206/6/7
f 12214/6/7 12206/6/7 12205/6/7
f 12215/6/7 12207/6/7 12214/6/7
f 12216/6/7 12207/6/7 12215/6/7
f 12217/6/7 12212/6/7 12211/6/7
f 12217/6/7 12211/6/7 12210/6/7
f 12218/6/7 12212/6/7 12217/6/7
f 12219/6/7 12212/6/7 12218/6/7
f 12222/6/7 12215/6/7 12214/6/7
f 12222/6/7 12214/6/7 12213/6/7
f 12223/6/7 12215/6/7 12222/6/7
f 12224/6/7 12215/6/7 12223/6/7
f 12225/6/7 12220/6/7 12219/6/7
f 12225/6/7 12219/6/7 12218/6/7
f 12226/6/7 12220/6/7 12225/6/7
f 12227/6/7 12220/6/7 12226/6/7
f 12230/6/7 12223/6/7 12222/6/7
f 12230/6/7 12222/6/7 12221/6/7
f 12231/6/7 12223/6/7 12230/6/7
f 12232/6/7 12223/6/7 12231/6/7
f 12233/6/7 12228/6/7 12227/6/7
f 12233/6/7 12227/6/7 12226/6/7
f 12234/6/7 12228/6/7 12233/6/7
f 12235/6/7 12228/6/7 12234/6/7
f 12238/6/7 12231/6/7 12230/6/7
f 12238/6/7 12230/6/7 12229/6/7
f 12239/6/7 12231/6/7 12238/6/7
f 12240/6/7 12231/6/7 12239/6/7
f 12241/6/7 12236/6/7 12235/6/7
f 12241/6/7 12235/6/7 12234/6/7
f 12242/6/7 12236/6/7 12241/6/7
f 12243/6/7 12236/6/7 12242/6/7
f 12246/6/7 12239/6/7 12238/6/7
f 12246/6/7 12238/6/7 12237/6/7
f 12247/6/7 12239/6/7 12246/6/7
f 12248/6/7 12239/6/7 12247/6/7
f 12249/6/7 12244/6/7 12243/6/7
f 12249/6/7 12243/6/7 12242/6/7
f 12250/6/7 12244/6/7 12249/6/7
f 12251/6/7 12244/6/7 12250/6/7
f 12253/6/7 12247/6/7 12246/6/7
f 12253/6/7 12246/6/7 12245/6/7
f 12254/6/7 12247/6/7 12253/6/7
f 12255/6/7 12252/6/7 12251/6/7
f 12255/6/7 12251/6/7 12250/6/7
f 12256/6/7 12252/6/7 12255/6/7
f 12258/6/7 12253/6/7 12245/6/7
f 12259/6/7 12253/6/7 12258/6/7
f 12260/6/7 12253/6/7 12259/6/7
f 12261/6/7 12252/6/7 12256/6/7
f 12262/6/7 12252/6/7 12261/6/7
f 12263/6/7 12252/6/7 12262/6/7
f 12266/6/7 12258/6/7 12257/6/7
f 12266/6/7 12259/6/7 12258/6/7
f 12267/6/7 12259/6/7 12266/6/7
f 12268/6/7 12259/6/7 12267/6/7
f 12269/6/7 12264/6/7 12263/6/7
f 12269/6/7 12263/6/7 12262/6/7
f 12270/6/7 12264/6/7 12269/6/7
f 12271/6/7 12264/6/7 12270/6/7
f 12274/6/7 12267/6/7 12266/6/7
f 12274/6/7 12266/6/7 12265/6/7
f 12275/6/7 12267/6/7 12274/6/7
f 12276/6/7 12267/6/7 12275/6/7
f 12277/6/7 12272/6/7 12271/6/7
f 12277/6/7 12271/6/7 12270/6/7
f 12278/6/7 12272/6/7 12277/6/7
f 12279/6/7 12272/6/7 12278/6/7
f 12282/6/7 12275/6/7 12274/6/7
f 12282/6/7 12274/6/7 12273/6/7
f 12283/6/7 12275/6/7 12282/6/7
f 12284/6/7 12275/6/7 12283/6/7
f 12285/6/7 12280/6/7 12279/6/7
f 12285/6/7 12279/6/7 12278/6/7
f 12286/6/7 12280/6/7 12285/6/7
f 12287/6/7 12280/6/7 12286/6/7
f 12290/6/7 12283/6/7 12282/6/7
f 12290/6/7 12282/6/7 12281/6/7
f 12291/6/7 12283/6/7 12290/6/7
f 12292/6/7 12283/6/7 12291/6/7
f 12293/6/7 12288/6/7 12287/6/7
f 12293/6/7 12287/6/7 12286/6/7
f 12294/6/7 12288/6/7 12293/6/7
f 12295/6/7 12288/6/7 12294/6/7
f 12298/6/7 12291/6/7 12290/6/7
f 12298/6/7 12290/6/7 12289/6/7
f 12299/6/7 12291/6/7 12298/6/7
f 12300/6/7 12291/6/7 12299/6/7
f 12301/6/7 12296/6/7 12295/6/7
f 12301/6/7 12295/6/7 12294/6/7
f 12302/6/7 12296/6/7 12301/6/7
f 12303/6/7 12296/6/7 12302/6/7
f 12306/6/7 12299/6/7 12298/6/7
f 12306/6/7 12298/6/7 12297/6/7
f 12307/6/7 12299/6/7 12306/6/7
f 12308/6/7 12299/6/7 12307/6/7
f 12309/6/7 12304/6/7 12303/6/7
f 12309/6/7 12303/6/7 12302/6/7
f 12310/6/7 12304/6/7 12309/6/7
f 12311/6/7 12304/6/7 12310/6/7
f 12314/6/7 12307/6/7 12306/6/7
f 12314/6/7 12306/6/7 12305/6/7
f 12315/6/7 12307/6/7 12314/6/7
f 12316/6/7 12307/6/7 12315/6/7
f 12317/6/7 12312/6/7 12311/6/7
f 12317/6/7 12311/6/7 12310/6/7
f 12318/6/7 12312/6/7 12317/6/7
f 12319/6/7 12312/6/7 12318/6/7
f 12322/6/7 12315/6/7 12314/6/7
f 12322/6/7 12314/6/7 12313/6/7
f 12323/6/7 12315/6/7 12322/6/7
f 12324/6/7 12315/6/7 12323/6/7
f 12325/6/7 12320/6/7 12319/6/7
f 12325/6/7 12319/6/7 12318/6/7
f 12326/6/7 12320/6/7 12325/6/7
f 12327/6/7 12320/6/7 12326/6/7
f 12330/6/7 12323/6/7 12322/6/7
f 12330/6/7 12322/6/7 12321/6/7
f 12331/6/7 12323/6/7 12330/6/7
f 12332/6/7 12323/6/7 12331/6/7
f 12333/6/7 12328/6/7 12327/6/7
f 12333/6/7 12327/6/7 12326/6/7
f 12334/6/7 12328/6/7 12333/6/7
f 12335/6/7 12328/6/7 12334/6/7
f 12338/6/7 12331/6/7 12330/6/7
f 12338/6/7 12330/6/7 12329/6/7
f 12339/6/7 12331/6/7 12338/6/7
f 12340/6/7 12331/6/7 12339/6/7
f 12341/6/7 12336/6/7 12335/6/7
f 12341/6/7 12335/6/7 12334/6/7
f 12342/6/7 12336/6/7 12341/6/7
f 12343/6/7 12336/6/7 12342/6/7
f 12346/6/7 12339/6/7 12338/6/7
f 12346/6/7 12338/6/7 12337/6/7
f 12347/6/7 12339/6/7 12346/6/7
f 12348/6/7 12339/6/7 12347/6/7
f 12349/6/7 12344/6/7 12343/6/7
f 12349/6/7 12343/6/7 12342/6/7
f 12350/6/7 12344/6/7 12349/6/7
f 12351/6/7 12344/6/7 12350/6/7
f 12354/6/7 12347/6/7 12346/6/7
f 12354/6/7 12346/6/7 12345/6/7
f 12355/6/7 12347/6/7 12354/6/7
f 12356/6/7 12347/6/7 12355/6/7
f 12357/6/7 12352/6/7 12351/6/7
f 12357/6/7 12351/6/7 12350/6/7
f 12358/6/7 12352/6/7 12357/6/7
f 12359/6/7 12352/6/7 12358/6/7
f 12362/6/7 12355/6/7 12354/6/7
f 12362/6/7 12354/6/7 12353/6/7
f 12363/6/7 12355/6/7 12362/6/7
f 12364/6/7 12355/6/7 12363/6/7
f 12365/6/7 12360/6/7 12359/6/7
f 12365/6/7 12359/6/7 12358/6/7
f 12366/6/7 12360/6/7 12365/6/7
f 12367/6/7 12360/6/7 12366/6/7
f 12370/6/7 12363/6/7 12362/6/7
f 12370/6/7 12362/6/7 12361/6/7
f 12371/6/7 12363/6/7 12370/6/7
f 12372/6/7 12363/6/7 12371/6/7
f 12373/6/7 12368/6/7 12367/6/7
f 12373/6/7 12367/6/7 12366/6/7
f 12374/6/7 12368/6/7 12373/6/7
f 12375/6/7 12368/6/7 12374/6/7
f 12378/6/7 12371/6/7 12370/6/7
f 12378/6/7 12370/6/7 12369/6/7
f 12379/6/7 12371/6/7 12378/6/7
f 12380/6/7 12371/6/7 12379/6/7
f 12381/6/7 12376/6/7 12375/6/7
f 12381/6/7 12375/6/7 12374/6/7
f 12382/6/7 12376/6/7 12381/6/7
f 12383/6/7 12376/6/7 12382/6/7
f 12386/6/7 12379/6/7 12378/6/7
f 12386/6/7 12378/6/7 12377/6/7
f 12387/6/7 12379/6/7 12386/6/7
f 12388/6/7 12379/6/7 12387/6/7
f 12389/6/7 12384/6/7 12383/6/7
f 12389/6/7 12383/6/7 12382/6/7
f 12390/6/7 12384/6/7 12389/6/7
f 12391/6/7 12384/6/7 12390/6/7
f 12394/6/7 12387/6/7 12386/6/7
f 12394/6/7 12386/6/7 12385/6/7
f 12395/6/7 12387/6/7 12394/6/7
f 12396/6/7 12387/6/7 12395/6/7
f 12397/6/7 12392/6/7 12391/6/7
f 12397/6/7 12391/6/7 12390/6/7
f 12398/6/7 12392/6/7 12397/6/7
f 12399/6/7 12392/6/7 12398/6/7
f 12402/6/7 12395/6/7 12394/6/7
f 12402/6/7 12394/6/7 12393/6/7
f 12403/6/7 12395/6/7 12402/6/7
f 12404/6/7 12395/6/7 12403/6/7
f 12405/6/7 12400/6/7 12399/6/7
f 12405/6/7 12399/6/7 12398/6/7
f 12406/6/7 12400/6/7 12405/6/7
f 12407/6/7 12400/6/7 12406/6/7
f 12410/6/7 12403/6/7 12402/6/7
f 12410/6/7 12402/6/7 12401/6/7
f 12411/6/7 12403/6/7 12410/6/7
f 12412/6/7 12403/6/7 12411/6/7
f 12413/6/7 12408/6/7 12407/6/7
f 12413/6/7 12407/6/7 12406/6/7
f 12414/6/7 12408/6/7 12413/6/7
f 12415/6/7 12408/6/7 12414/6/7
f 12418/6/7 12411/6/7 12410/6/7
f 12418/6/7 12410/6/7 12409/6/7
f 12419/6/7 12411/6/7 12418/6/7
f 12420/6/7 12411/6/7 12419/6/7
f 12421/6/7 12416/6/7 12415/6/7
f 12421/6/7 12415/6/7 12414/6/7
f 12422/6/7 12416/6/7 12421/6/7
f 12423/6/7 12416/6/7 12422/6/7
f 12425/6/7 12419/6/7 12418/6/7
f 12425/6/7 12418/6/7 12417/6/7
f 12426/6/7 12419/6/7 12425/6/7
f 12427/6/7 12419/6/7 12426/6/7
f 12430/6/7 12424/6/7 12423/6/7
f 12430/6/7 12423/6/7 12422/6/7
f 12431/6/7 12424/6/7 12430/6/7
f 12432/6/7 12424/6/7 12431/6/7
f 12433/6/7 12428/6/7 12427/6/7
f 12433/6/7 12427/6/7 12426/6/7
f 12434/6/7 12428/6/7 12433/6/7
f 12435/6/7 12428/6/7 12434/6/7
f 12438/6/7 12431/6/7 12430/6/7
f 12438/6/7 12430/6/7 12429/6/7
f 12439/6/7 12431/6/7 12438/6/7
f 12440/6/7 12431/6/7 12439/6/7
f 12441/6/7 12436/6/7 12435/6/7
f 12441/6/7 12435/6/7 12434/6/7
f 12442/6/7 12436/6/7 12441/6/7
f 12443/6/7 12436/6/7 12442/6/7
f 12446/6/7 12439/6/7 12438/6/7
f 12446/6/7 12438/6/7 12437/6/7
f 12447/6/7 12439/6/7 12446/6/7
f 12448/6/7 12439/6/7 12447/6/7
f 12449/6/7 12444/6/7 12443/6/7
f 12449/6/7 12443/6/7 12442/6/7
f 12450/6/7 12444/6/7 12449/6/7
f 12451/6/7 12444/6/7 12450/6/7
f 12454/6/7 12447/6/7 12446/6/7
f 12454/6/7 12446/6/7 12445/6/7
f 12455/6/7 12447/6/7 12454/6/7
f 12456/6/7 12447/6/7 12455/6/7
f 12457/6/7 12452/6/7 12451/6/7
f 12457/6/7 12451/6/7 12450/6/7
f 12458/6/7 12452/6/7 12457/6/7
f 12459/6/7 12452/6/7 12458/6/7
f 12462/6/7 12455/6/7 12454/6/7
f 12462/6/7 12454/6/7 12453/6/7
f 12463/6/7 12455/6/7 12462/6/7
f 12464/6/7 12455/6/7 12463/6/7
f 12465/6/7 12460/6/7 12459/6/7
f 12465/6/7 12459/6/7 12458/6/7
f 12466/6/7 12460/6/7 12465/6/7
f 12467/6/7 12460/6/7 12466/6/7
f 12470/6/7 12463/6/7 12462/6/7
f 12470/6/7 12462/6/7 12461/6/7
f 12471/6/7 12463/6/7 12470/6/7
f 12472/6/7 12463/6/7 12471/6/7
f 12473/6/7 12468/6/7 12467/6/7
f 12473/6/7 12467/6/7 12466/6/7
f 12474/6/7 12468/6/7 12473/6/7
f 12475/6/7 12468/6/7 12474/6/7
f 12478/6/7 12471/6/7 12470/6/7
f 12478/6/7 12470/6/7 12469/6/7
f 12479/6/7 12471/6/7 12478/6/7
f 12480/6/7 12471/6/7 12479/6/7
f 12481/6/7 12476/6/7 12475/6/7
f 12481/6/7 12475/6/7 12474/6/7
f 12482/6/7 12476/6/7 12481/6/7
f 12483/6/7 12476/6/7 12482/6/7
f 12486/6/7 12479/6/7 12478/6/7
f 12486/6/7 12478/6/7 12477/6/7
f 12487/6/7 12479/6/7 12486/6/7
f 12488/6/7 12479/6/7 12487/6/7
f 12489/6/7 12484/6/7 12483/6/7
f 12489/6/7 12483/6/7 12482/6/7
f 12490/6/7 12484/6/7 12489/6/7
f 12491/6/7 12484/6/7 12490/6/7
f 12494/6/7 12487/6/7 12486/6/7
f 12494/6/7 12486/6/7 12485/6/7
f 12495/6/7 12487/6/7 12494/6/7
f 12496/6/7 12487/6/7 12495/6/7
f 12497/6/7 12492/6/7 12491/6/7
f 12497/6/7 12491/6/7 12490/6/7
f 12498/6/7 12492/6/7 12497/6/7
f 12499/6/7 12492/6/7 12498/6/7
f 12502/6/7 12495/6/7 12494/6/7
f 12502/6/7 12494/6/7 12493/6/7
f 12503/6/7 12495/6/7 12502/6/7
f 12504/6/7 12495/6/7 12503/6/7
f 12505/6/7 12500/6/7 12499/6/7
f 12505/6/7 12499/6/7 12498/6/7
f 12506/6/7 12500/6/7 12505/6/7
f 12507/6/7 12500/6/7 12506/6/7
f 12510/6/7 12503/6/7 12502/6/7
f 12510/6/7 12502/6/7 12501/6/7
f 12511/6/7 12503/6/7 12510/6/7
f 12512/6/7 12503/6/7 12511/6/7
f 12513/6/7 12508/6/7 12507/6/7
f 12513/6/7 12507/6/7 12506/6/7
f 12514/6/7 12508/6/7 12513/6/7
f 12515/6/7 12508/6/7 12514/6/7
f 12518/6/7 12511/6/7 12510/6/7
f 12518/6/7 12510/6/7 12509/6/7
f 12519/6/7 12511/6/7 12518/6/7
f 12520/6/7 12511/6/7 12519/6/7
f 12521/6/7 12516/6/7 12515/6/7
f 12521/6/7 12515/6/7 12514/6/7
f 12522/6/7 12516/6/7 12521/6/7
f 12523/6/7 12516/6/7 12522/6/7
f 12526/6/7 12519/6/7 12518/6/7
f 12526/6/7 12518/6/7 12517/6/7
f 12527/6/7 12519/6/7 12526/6/7
f 12528/6/7 12519/6/7 12527/6/7
f 12529/6/7 12524/6/7 12523/6/7
f 12529/6/7 12523/6/7 12522/6/7
f 12530/6/7 12524/6/7 12529/6/7
f 12531/6/7 12524/6/7 12530/6/7
f 12534/6/7 12527/6/7 12526/6/7
f 12534/6/7 12526/6/7 12525/6/7
f 12535/6/7 12527/6/7 12534/6/7
f 12536/6/7 12527/6/7 12535/6/7
f 12537/6/7 12532/6/7 12531/6/7
f 12537/6/7 12531/6/7 12530/6/7
f 12538/6/7 12532/6/7 12537/6/7
f 12539/6/7 12532/6/7 12538/6/7
f 12542/6/7 12535/6/7 12534/6/7
f 12542/6/7 12534/6/7 12533/6/7
f 12543/6/7 12535/6/7 12542/6/7
f 12544/6/7 12535/6/7 12543/6/7
f 12545/6/7 12540/6/7 12539/6/7
f 12545/6/7 12539/6/7 12538/6/7
f 12546/6/7 12540/6/7 12545/6/7
f 12547/6/7 12540/6/7 12546/6/7
f 12550/6/7 12543/6/7 12542/6/7
f 12550/6/7 12542/6/7 12541/6/7
f 12551/6/7 12543/6/7 12550/6/7
f 12552/6/7 12543/6/7 12551/6/7
f 12553/6/7 12548/6/7 12547/6/7
f 12553/6/7 12547/6/7 12546/6/7
f 12554/6/7 12548/6/7 12553/6/7
f 12555/6/7 12548/6/7 12554/6/7
f 12558/6/7 12551/6/7 12550/6/7
f 12558/6/7 12550/6/7 12549/6/7
f 12559/6/7 12551/6/7 12558/6/7
f 12560/6/7 12551/6/7 12559/6/7
f 12561/6/7 12556/6/7 12555/6/7
f 12561/6/7 12555/6/7 12554/6/7
f 12562/6/7 12556/6/7 12561/6/7
f 12563/6/7 12556/6/7 12562/6/7
f 12566/6/7 12559/6/7 12558/6/7
f 12566/6/7 12558/6/7 12557/6/7
f 12567/6/7 12559/6/7 12566/6/7
f 12568/6/7 12559/6/7 12567/6/7
f 12569/6/7 12564/6/7 12563/6/7
f 12569/6/7 12563/6/7 12562/6/7
f 12570/6/7 12564/6/7 12569/6/7
f 12571/6/7 12564/6/7 12570/6/7
f 12574/6/7 12567/6/7 12566/6/7
f 12574/6/7 12566/6/7 12565/6/7
f 12575/6/7 12567/6/7 12574/6/7
f 12576/6/7 12567/6/7 12575/6/7
f 12577/6/7 12572/6/7 12571/6/7
f 12577/6/7 12571/6/7 12570/6/7
f 12578/6/7 12572/6/7 12577/6/7
f 12579/6/7 12572/6/7 12578/6/7
f 12582/6/7 12575/6/7 12574/6/7
f 12582/6/7 12574/6/7 12573/6/7
f 12583/6/7 12575/6/7 12582/6/7
f 12584/6/7 12575/6/7 12583/6/7
f 12585/6/7 12580/6/7 12579/6/7
f 12585/6/7 12579/6/7 12578/6/7
f 12586/6/7 12580/6/7 12585/6/7
f 12587/6/7 12580/6/7 12586/6/7
f 12590/6/7 12583/6/7 12582/6/7
f 12590/6/7 12582/6/7 12581/6/7
f 12591/6/7 12583/6/7 12590/6/7
f 12592/6/7 12583/6/7 12591/6/7
f 12593/6/7 12588/6/7 12587/6/7
f 12593/6/7 12587/6/7 12586/6/7
f 12596/6/7 12591/6/7 12590/6/7
f 12596/6/7 12590/6/7 12589/6/7
f 12597/6/7 12594/6/7 12593/6/7
f 12597/6/7 12593/6/7 12586/6/7
f 12598/6/7 12594/6/7 12597/6/7
f 12599/6/7 12594/6/7 12598/6/7
f 12602/6/7 12596/6/7 12595/6/7
f 12603/6/7 12591/6/7 12596/6/7
f 12603/6/7 12596/6/7 12602/6/7
f 12604/6/7 12591/6/7 12603/6/7
f 12605/6/7 12600/6/7 12599/6/7
f 12605/6/7 12599/6/7 12598/6/7
f 12606/6/7 12600/6/7 12605/6/7
f 12607/6/7 12600/6/7 12606/6/7
f 12610/6/7 12602/6/7 12601/6/7
f 12610/6/7 12603/6/7 12602/6/7
f 12611/6/7 12603/6/7 12610/6/7
f 12612/6/7 12603/6/7 12611/6/7
f 12613/6/7 12608/6/7 12607/6/7
f 12613/6/7 12607/6/7 12606/6/7
f 12614/6/7 12608/6/7 12613/6/7
f 12615/6/7 12608/6/7 12614/6/7
f 12618/6/7 12611/6/7 12610/6/7
f 12618/6/7 12610/6/7 12609/6/7
f 12619/6/7 12611/6/7 12618/6/7
f 12620/6/7 12611/6/7 12619/6/7
f 12621/6/7 12616/6/7 12615/6/7
f 12621/6/7 12615/6/7 12614/6/7
f 12622/6/7 12616/6/7 12621/6/7
f 12623/6/7 12616/6/7 12622/6/7
f 12626/6/7 12619/6/7 12618/6/7
f 12626/6/7 12618/6/7 12617/6/7
f 12627/6/7 12619/6/7 12626/6/7
f 12628/6/7 12619/6/7 12627/6/7
f 12629/6/7 12624/6/7 12623/6/7
f 12629/6/7 12623/6/7 12622/6/7
f 12630/6/7 12624/6/7 12629/6/7
f 12631/6/7 12624/6/7 12630/6/7
f 12634/6/7 12627/6/7 12626/6/7
f 12634/6/7 12626/6/7 12625/6/7
f 12635/6/7 12627/6/7 12634/6/7
f 12636/6/7 12627/6/7 12635/6/7
f 12637/6/7 12632/6/7 12631/6/7
f 12637/6/7 12631/6/7 12630/6/7
f 12638/6/7 12632/6/7 12637/6/7
f 12639/6/7 12632/6/7 12638/6/7
f 12642/6/7 12635/6/7 12634/6/7
f 12642/6/7 12634/6/7 12633/6/7
f 12643/6/7 12635/6/7 12642/6/7
f 12644/6/7 12635/6/7 12643/6/7
f 12645/6/7 12640/6/7 12639/6/7
f 12645/6/7 12639/6/7 12638/6/7
f 12646/6/7 12640/6/7 12645/6/7
f 12647/6/7 12640/6/7 12646/6/7
f 12650/6/7 12643/6/7 12642/6/7
f 12650/6/7 12642/6/7 12641/6/7
f 12651/6/7 12643/6/7 12650/6/7
f 12652/6/7 12643/6/7 12651/6/7
f 12653/6/7 12648/6/7 12647/6/7
f 12653/6/7 12647/6/7 12646/6/7
f 12654/6/7 12648/6/7 12653/6/7
f 12655/6/7 12648/6/7 12654/6/7
f 12658/6/7 12651/6/7 12650/6/7
f 12658/6/7 12650/6/7 12649/6/7
f 12659/6/7 12651/6/7 12658/6/7
f 12660/6/7 12651/6/7 12659/6/7
f 12661/6/7 12656/6/7 12655/6/7
f 12661/6/7 12655/6/7 12654/6/7
f 12662/6/7 12656/6/7 12661/6/7
f 12663/6/7 12656/6/7 12662/6/7
f 12666/6/7 12659/6/7 12658/6/7
f 12666/6/7 12658/6/7 12657/6/7
f 12667/6/7 12659/6/7 12666/6/7
f 12668/6/7 12659/6/7 12667/6/7
f 12669/6/7 12664/6/7 12663/6/7
f 12669/6/7 12663/6/7 12662/6/7
f 12670/6/7 12664/6/7 12669/6/7
f 12671/6/7 12664/6/7 12670/6/7
f 12674/6/7 12667/6/7 12666/6/7
f 12674/6/7 12666/6/7 12665/6/7
f 12675/6/7 12667/6/7 12674/6/7
f 12676/6/7 12667/6/7 12675/6/7
f 12677/6/7 12672/6/7 12671/6/7
f 12677/6/7 12671/6/7 12670/6/7
f 12678/6/7 12672/6/7 12677/6/7
f 12679/6/7 12672/6/7 12678/6/7
f 12682/6/7 12675/6/7 12674/6/7
f 12682/6/7 12674/6/7 12673/6/7
f 12683/6/7 12675/6/7 12682/6/7
f 12684/6/7 12675/6/7 12683/6/7
f 12685/6/7 12680/6/7 12679/6/7
f 12685/6/7 12679/6/7 12678/6/7
f 12686/6/7 12680/6/7 12685/6/7
f 12687/6/7 12680/6/7 12686/6/7
f 12690/6/7 12683/6/7 12682/6/7
f 12690/6/7 12682/6/7 12681/6/7
f 12691/6/7 12683/6/7 12690/6/7
f 12692/6/7 12683/6/7 12691/6/7
f 12693/6/7 12688/6/7 12687/6/7
f 12693/6/7 12687/6/7 12686/6/7
f 12694/6/7 12688/6/7 12693/6/7
f 12695/6/7 12688/6/7 12694/6/7
f 12698/6/7 12691/6/7 12690/6/7
f 12698/6/7 12690/6/7 12689/6/7
f 12699/6/7 12691/6/7 12698/6/7
f 12700/6/7 12691/6/7 12699/6/7
f 12701/6/7 12696/6/7 12695/6/7
f 12701/6/7 12695/6/7 12694/6/7
f 12702/6/7 12696/6/7 12701/6/7
f 12703/6/7 12696/6/7 12702/6/7
f 12706/6/7 12699/6/7 12698/6/7
f 12706/6/7 12698/6/7 12697/6/7
f 12707/6/7 12699/6/7 12706/6/7
f 12708/6/7 12699/6/7 12707/6/7
f 12709/6/7 12704/6/7 12703/6/7
f 12709/6/7 12703/6/7 12702/6/7
f 12710/6/7 12704/6/7 12709/6/7
f 12711/6/7 12704/6/7 12710/6/7
f 12714/6/7 12707/6/7 12706/6/7
f 12714/6/7 12706/6/7 12705/6/7
f 12715/6/7 12707/6/7 12714/6/7
f 12716/6/7 12707/6/7 12715/6/7
f 12717/6/7 12712/6/7 12711/6/7
f 12717/6/7 12711/6/7 12710/6/7
f 12718/6/7 12712/6/7 12717/6/7
f 12719/6/7 12712/6/7 12718/6/7
f 12722/6/7 12715/6/7 12714/6/7
f 12722/6/7 12714/6/7 12713/6/7
f 12723/6/7 12715/6/7 12722/6/7
f 12724/6/7 12715/6/7 12723/6/7
f 12725/6/7 12720/6/7 12719/6/7
f 12725/6/7 12719/6/7 12718/6/7
f 12726/6/7 12720/6/7 12725/6/7
f 12727/6/7 12720/6/7 12726/6/7
f 12730/6/7 12723/6/7 12722/6/7
f 12730/6/7 12722/6/7 12721/6/7
f 12731/6/7 12723/6/7 12730/6/7
f 12732/6/7 12723/6/7 12731/6/7
f 12733/6/7 12728/6/7 12727/6/7
f 12733/6/7 12727/6/7 12726/6/7
f 12734/6/7 12728/6/7 12733/6/7
f 12735/6/7 12728/6/7 12734/6/7
f 12738/6/7 12731/6/7 12730/6/7
f 12738/6/7 12730/6/7 12729/6/7
f 12739/6/7 12731/6/7 12738/6/7
f 12740/6/7 12731/6/7 12739/6/7
f 12741/6/7 12736/6/7 12735/6/7
f 12741/6/7 12735/6/7 12734/6/7
f 12742/6/7 12736/6/7 12741/6/7
f 12743/6/7 12736/6/7 12742/6/7
f 12744/6/7 12739/6/7 12738/6/7
f 12744/6/7 12738/6/7 12737/6/7
f 12745/6/7 12739/6/7 12744/6/7
f 12746/6/7 12739/6/7 12745/6/7
f 12747/6/7 12743/6/7 12742/6/7
f 12747/6/7 12745/6/7 12744/6/7
f 12747/6/7 12744/6/7 12743/6/7
f 12748/6/7 12745/6/7 12747/6/7
f 12749/6/7 12745/6/7 12748/6/7
f 12750/6/7 12745/6/7 12749/6/7
f 12751/6/7 12749/6/7 12748/6/7
f 12752/6/7 12749/6/7 12751/6/7
f 12753/6/7 12749/6/7 12752/6/7
f 12754/6/7 12749/6/7 12753/6/7
f 12755/6/7 12753/6/7 12752/6/7
f 12756/6/7 12753/6/7 12755/6/7
f 12757/6/7 12753/6/7 12756/6/7
f 12758/6/7 12753/6/7 12757/6/7
f 12759/6/7 12757/6/7 12756/6/7
f 12760/6/9 12757/6/7 12759/6/7
f 12761/6/7 12757/6/7 12760/6/9
f 12762/6/7 12757/6/7 12761/6/7
f 12763/6/7 12761/6/7 12760/6/9
f 12764/6/7 12761/6/7 12763/6/7
f 12765/6/7 12761/6/7 12764/6/7
f 12766/6/7 12761/6/7 12765/6/7
f 12767/6/7 12765/6/7 12764/6/7
f 12768/6/9 12765/6/7 12767/6/7
f 12769/6/7 12765/6/7 12768/6/9
f 12770/6/7 12765/6/7 12769/6/7
f 12771/6/7 12769/6/7 12768/6/9
f 12772/6/7 12769/6/7 12771/6/7
f 12773/6/7 12769/6/7 12772/6/7
f 12774/6/7 12769/6/7 12773/6/7
f 12775/6/7 12773/6/7 12772/6/7
f 12776/6/8 12773/6/7 12775/6/7
f 12777/6/7 12773/6/7 12776/6/8
f 12778/6/7 12773/6/7 12777/6/7
f 12779/6/7 12777/6/7 12776/6/8
f 12780/6/7 12777/6/7 12779/6/7
f 12781/6/7 12777/6/7 12780/6/7
f 12782/6/7 12777/6/7 12781/6/7
f 12783/6/7 12781/6/7 12780/6/7
f 12784/6/7 12781/6/7 12783/6/7
f 12785/6/7 12781/6/7 12784/6/7
f 12786/6/7 12781/6/7 12785/6/7
f 12787/6/7 12785/6/7 12784/6/7
f 12788/6/7 12785/6/7 12787/6/7
f 12789/6/7 12785/6/7 12788/6/7
f 12790/6/7 12785/6/7 12789/6/7
f 12791/6/7 12789/6/7 12788/6/7
f 12792/6/7 12789/6/7 12791/6/7
f 12793/5/10 12794/5/10 12798/5/10
f 12795/5/10 12796/5/10 12798/5/10
f 12794/5/10 12795/5/10 12798/5/10
f 12798/5/10 12796/5/10 12799/5/10
f 12797/5/10 12798/5/10 12802/5/10
f 12799/5/10 12800/5/10 12802/5/10
f 12798/5/10 12799/5/10 12802/5/10
f 12802/5/10 12800/5/10 12803/5/10
f 12801/5/10 12802/5/10 12806/5/10
f 12803/5/10 12804/5/10 12806/5/10
f 12802/5/10 12803/5/10 12806/5/10
f 12806/5/10 12804/5/10 12807/5/10
f 12805/5/10 12806/5/10 12810/5/10
f 12807/5/10 12808/5/10 12810/5/10
f 12806/5/10 12807/5/10 12810/5/10
f 12810/5/10 12808/5/10 12811/5/10
f 12809/5/10 12810/5/10 12814/5/10
f 12811/5/10 12812/5/10 12814/5/10
f 12810/5/10 12811/5/10 12814/5/10
f 12814/5/10 12812/5/10 12815/5/10
f 12813/5/10 12814/5/10 12818/5/10
f 12815/5/10 12816/5/10 12818/5/10
f 12814/5/10 12815/5/10 12818/5/10
f 12818/5/10 12816/5/10 12819/5/10
f 12817/5/10 12818/5/10 12822/5/10
f 12819/5/10 12820/5/10 12822/5/10
f 12818/5/10 12819/5/10 12822/5/10
f 12822/5/10 12820/5/10 12823/5/10
f 12821/5/10 12822/5/10 12826/5/10
f 12823/5/10 12824/5/10 12826/5/10
f 12822/5/10 12823/5/10 12826/5/10
f 12826/5/10 12824/5/10 12827/5/10
f 12825/5/10 12826/5/10 12830/5/10
f 12827/5/10 12828/5/10 12830/5/10
f 12826/5/10 12827/5/10 12830/5/10
f 12830/5/10 12828/5/10 12831/5/10
f 12829/5/10 12830/5/10 12834/5/10
f 12831/5/10 12832/5/10 12834/5/10
f 12830/5/10 12831/5/10 12834/5/10
f 12834/5/10 12832/5/10 12835/5/10
f 12833/5/10 12834/5/10 12838/5/10
f 12835/5/10 12836/5/10 12838/5/10
f 12834/5/10 12835/5/10 12838/5/10
f 12838/5/10 12836/5/10 12839/5/10
f 12837/5/10 12838/5/10 12842/5/10
f 12839/5/10 12840/5/10 12842/5/10
f 12838/5/10 12839/5/10 12842/5/10
f 12842/5/10 12840/5/10 12843/5/10
f 12841/5/10 12842/5/10 12846/5/10
f 12843/5/10 12844/5/10 12846/5/10
f 12842/5/10 12843/5/10 12846/5/10
f 12846/5/10 12844/5/10 12847/5/10
f 12845/5/10 12846/5/10 12850/5/10
f 12847/5/10 12848/5/10 12850/5/10
f 12846/5/10 12847/5/10 12850/5/10
f 12850/5/10 12848/5/10 12851/5/10
f 12849/5/10 12850/5/10 12854/5/10
f 12851/5/10 12852/5/10 12854/5/10
f 12850/5/10 12851/5/10 12854/5/10
f 12854/5/10 12852/5/10 12855/5/10
f 12853/5/10 12854/5/10 12858/5/10
f 12855/5/10 12856/5/10 12858/5/10
f 12854/5/10 12855/5/10 12858/5/10
f 12858/5/10 12856/5/10 12859/5/10
f 12857/5/10 12858/5/10 12862/5/10
f 12859/5/10 12860/5/10 12862/5/10
f 12858/5/10 12859/5/10 12862/5/10
f 12862/5/10 12860/5/10 12863/5/10
f 12861/5/10 12862/5/10 12866/5/10
f 12863/5/10 12864/5/10 12866/5/10
f 12862/5/10 12863/5/10 12866/5/10
f 12866/5/10 12864/5/10 12867/5/10
f 12865/5/10 12866/5/10 12870/5/10
f 12867/5/10 12868/5/10 12870/5/10
f 12866/5/10 12867/5/10 12870/5/10
f 12870/5/10 12868/5/10 12871/5/10
f 12869/5/10 12870/5/10 12874/5/10
f 12871/5/10 12872/5/10 12874/5/10
f 12870/5/10 12871/5/10 12874/5/10
f 12874/5/10 12872/5/10 12875/5/10
f 12873/5/10 12874/5/10 12878/5/10
f 12875/5/10 12876/5/10 12878/5/10
f 12874/5/10 12875/5/10 12878/5/10
f 12878/5/10 12876/5/10 12879/5/10
f 12877/5/10 12878/5/10 12882/5/10
f 12879/5/10 12880/5/10 12882/5/10
f 12878/5/10 12879/5/10 12882/5/10
f 12882/5/10 12880/5/10 12883/5/10
f 12881/5/10 12882/5/10 12886/5/10
f 12883/5/10 12884/5/10 12886/5/10
f 12882/5/10 12883/5/10 12886/5/10
f 12886/5/10 12884/5/10 12887/5/10
f 12885/5/10 12886/5/10 12890/5/10
f 12887/5/10 12888/5/10 12890/5/10
f 12886/5/10 12887/5/10 12890/5/10
f 12890/5/10 12888/5/10 12891/5/10
f 12889/5/10 12890/5/10 12894/5/10
f 12891/5/10 12892/5/10 12894/5/10
f 12890/5/10 12891/5/10 12894/5/10
f 12894/5/10 12892/5/10 12895/5/10
f 12893/5/10 12894/5/10 12898/5/10
f 12895/5/10 12896/5/10 12898/5/10
f 12894/5/10 12895/5/10 12898/5/10
f 12898/5/10 12896/5/10 12899/5/10
f 12897/5/10 12898/5/10 12902/5/10
f 12899/5/10 12900/5/10 12902/5/10
f 12898/5/10 12899/5/10 12902/5/10
f 12902/5/10 12900/5/10 12903/5/10
f 12901/5/10 12902/5/10 12906/5/10
f 12903/5/10 12904/5/10 12906/5/10
f 12902/5/10 12903/5/10 12906/5/10
f 12906/5/10 12904/5/10 12907/5/10
f 12907/5/10 12904/5/10 12908/5/10
f 12908/5/10 12904/5/10 12909/5/10
f 12905/5/10 12906/5/10 12912/5/10
f 12906/5/10 12907/5/10 12912/5/10
f 12912/5/10 12907/5/10 12913/5/10
f 12913/5/10 12907/5/10 12914/5/10
f 12908/5/10 12909/5/10 12915/5/10
f 12909/5/10 12910/5/10 12915/5/10
f 12915/5/10 12910/5/10 12916/5/10
f 12916/5/10 12910/5/10 12917/5/10
f 12912/5/10 12913/5/10 12920/5/10
f 12911/5/10 12912/5/10 12920/5/10
f 12920/5/10 12913/5/10 12921/5/10
f 12921/5/10 12913/5/10 12922/5/10
f 12917/5/10 12918/5/10 12923/5/10
f 12916/5/10 12917/5/10 12923/5/10
f 12923/5/10 12918/5/10 12924/5/10
f 12924/5/10 12918/5/10 12925/5/10
f 12920/5/10 12921/5/10 12927/5/10
f 12919/5/10 12920/5/10 12927/5/10
f 12927/5/10 12921/5/10 12928/5/10
f 12925/5/10 12926/5/10 12929/5/10
f 12924/5/10 12925/5/10 12929/5/10
f 12929/5/10 12926/5/10 12930/5/10
f 12919/5/10 12927/5/10 12932/5/10
f 12930/5/10 12926/5/10 12933/5/10
f 12931/5/10 12932/5/10 12936/5/10
f 12933/5/10 12934/5/10 12937/5/10
f 12935/5/10 12936/5/10 12940/5/10
f 12937/5/10 12938/5/10 12941/5/10
f 12939/5/10 12940/5/10 12944/5/10
f 12932/5/10 12927/5/10 12945/5/10
f 12936/5/10 12932/5/10 12945/5/10
f 12944/5/10 12940/5/10 12945/5/10
f 12940/5/10 12936/5/10 12945/5/10
f 12941/5/10 12942/5/10 12948/5/10
f 12930/5/10 12933/5/10 12948/5/10
f 12933/5/10 12937/5/10 12948/5/10
f 12937/5/10 12941/5/10 12948/5/10
f 12948/5/10 12942/5/10 12949/5/10
f 12945/5/10 12946/5/10 12951/5/10
f 12943/5/10 12944/5/10 12951/5/10
f 12944/5/10 12945/5/10 12951/5/10
f 12949/5/10 12950/5/10 12954/5/10
f 12948/5/10 12949/5/10 12954/5/10
f 12947/5/10 12948/5/10 12954/5/10
f 12951/5/10 12952/5/10 12956/5/10
f 12943/5/10 12951/5/10 12956/5/10
f 12956/5/10 12952/5/10 12957/5/10
f 12957/5/10 12952/5/10 12958/5/10
f 12953/5/10 12954/5/10 12959/5/10
f 12954/5/10 12950/5/10 12960/5/10
f 12959/5/10 12954/5/10 12960/5/10
f 12960/5/10 12950/5/10 12961/5/10
f 12955/5/10 12956/5/10 12964/5/10
f 12956/5/10 12957/5/10 12964/5/10
f 12964/5/10 12957/5/10 12965/5/10
f 12965/5/10 12957/5/10 12966/5/10
f 12961/5/10 12962/5/10 12967/5/10
f 12960/5/10 12961/5/10 12967/5/10
f 12967/5/10 12962/5/10 12968/5/10
f 12968/5/10 12962/5/10 12969/5/10
f 12964/5/10 12965/5/10 12971/5/10
f 12963/5/10 12964/5/10 12971/5/10
f 12971/5/10 12965/5/10 12972/5/10
f 12969/5/10 12970/5/10 12973/5/10
f 12968/5/10 12969/5/10 12973/5/10
f 12973/5/10 12970/5/10 12974/5/10
f 12963/5/10 12971/5/10 12976/5/10
f 12976/5/10 12971/5/10 12977/5/10
f 12977/5/10 12971/5/10 12978/5/10
f 12974/5/10 12970/5/10 12979/5/10
f 12979/5/10 12970/5/10 12980/5/10
f 12980/5/10 12970/5/10 12981/5/10
f 12975/5/10 12976/5/10 12984/5/10
f 12976/5/10 12977/5/10 12984/5/10
f 12984/5/10 12977/5/10 12985/5/10
f 12985/5/10 12977/5/10 12986/5/10
f 12981/5/10 12982/5/10 12987/5/10
f 12980/5/10 12981/5/10 12987/5/10
f 12987/5/10 12982/5/10 12988/5/10
f 12988/5/10 12982/5/10 12989/5/10
f 12984/5/10 12985/5/10 12991/5/10
f 12983/5/10 12984/5/10 12991/5/10
f 12991/5/10 12985/5/10 12992/5/10
f 12989/5/10 12990/5/10 12993/5/10
f 12988/5/10 12989/5/10 12993/5/10
f 12993/5/10 12990/5/10 12994/5/10
f 12983/5/10 12991/5/10 12996/5/10
f 12996/5/10 12991/5/10 12997/5/10
f 12997/5/10 12991/5/10 12998/5/10
f 12994/5/10 12990/5/10 12999/5/10
f 12999/5/10 12990/5/10 13000/5/10
f 13000/5/10 12990/5/10 13001/5/10
f 12995/5/10 12996/5/10 13003/5/10
f 12996/5/10 12997/5/10 13003/5/10
f 13003/5/10 12997/5/10 13004/5/10
f 13004/5/10 12997/5/10 13005/5/10
f 13005/5/10 12997/5/10 13006/5/10
f 13001/5/10 13002/5/10 13007/5/10
f 13000/5/10 13001/5/10 13007/5/10
f 13007/5/10 13002/5/10 13008/5/10
f 13008/5/10 13002/5/10 13009/5/10
f 13009/5/10 13002/5/10 13010/5/10
f 12995/5/10 13003/5/10 13012/5/10
f 13012/5/10 13003/5/10 13013/5/10
f 13013/5/10 13003/5/10 13014/5/10
f 13004/5/10 13005/5/10 13015/5/10
f 13015/5/10 13005/5/10 13016/5/10
f 13016/5/10 13005/5/10 13017/5/10
f 13017/5/10 13005/5/10 13018/5/10
f 13008/5/10 13009/5/10 13019/5/10
f 13019/5/10 13009/5/10 13020/5/10
f 13020/5/10 13009/5/10 13021/5/10
f 13021/5/10 13009/5/10 13022/5/10
f 13010/5/10 13002/5/10 13023/5/10
f 13023/5/10 13002/5/10 13024/5/10
f 13024/5/10 13002/5/10 13025/5/10
f 13011/5/10 13012/5/10 13028/5/10
f 13012/5/10 13013/5/10 13028/5/10
f 13028/5/10 13013/5/10 13029/5/10
f 13029/5/10 13013/5/10 13030/5/10
f 13016/5/10 13017/5/10 13031/5/10
f 13031/5/10 13017/5/10 13032/5/10
f 13032/5/10 13017/5/10 13033/5/10
f 13033/5/10 13017/5/10 13034/5/10
f 13020/5/10 13021/5/10 13035/5/10
f 13035/5/10 13021/5/10 13036/5/10
f 13036/5/10 13021/5/10 13037/5/10
f 13037/5/10 13021/5/10 13038/5/10
f 13025/5/10 13026/5/10 13039/5/10
f 13024/5/10 13025/5/10 13039/5/10
f 13039/5/10 13026/5/10 13040/5/10
f 13040/5/10 13026/5/10 13041/5/10
f 13027/5/10 13028/5/10 13043/5/10
f 13028/5/10 13029/5/10 13043/5/10
f 13043/5/10 13029/5/10 13044/5/10
f 13032/5/10 13033/5/10 13045/5/10
f 13045/5/10 13033/5/10 13046/5/10
f 13046/5/10 13033/5/10 13047/5/10
f 13047/5/10 13033/5/10 13048/5/10
f 13036/5/10 13037/5/10 13049/5/10
f 13049/5/10 13037/5/10 13050/5/10
f 13050/5/10 13037/5/10 13051/5/10
f 13051/5/10 13037/5/10 13052/5/10
f 13041/5/10 13042/5/10 13053/5/10
f 13040/5/10 13041/5/10 13053/5/10
f 13053/5/10 13042/5/10 13054/5/10
f 13027/5/10 13043/5/10 13056/5/10
f 13046/5/10 13047/5/10 13057/5/10
f 13057/5/10 13047/5/10 13058/5/10
f 13050/5/10 13051/5/10 13059/5/10
f 13059/5/10 13051/5/10 13060/5/10
f 13054/5/10 13042/5/10 13061/5/10
f 13046/5/10 13057/5/10 13063/5/10
f 13063/5/10 13057/5/10 13064/5/10
f 13060/5/10 13051/5/10 13065/5/10
f 13065/5/10 13051/5/10 13066/5/10
f 13055/5/10 13056/5/10 13068/5/10
f 13046/5/10 13063/5/10 13069/5/10
f 13069/5/10 13063/5/10 13070/5/10
f 13066/5/10 13051/5/10 13071/5/10
f 13071/5/10 13051/5/10 13072/5/10
f 13061/5/10 13062/5/10 13073/5/10
f 13056/5/10 13043/5/10 13075/5/10
f 13067/5/10 13068/5/10 13075/5/10
f 13068/5/10 13056/5/10 13075/5/10
f 13073/5/10 13074/5/10 13078/5/10
f 13061/5/10 13073/5/10 13078/5/10
f 13054/5/10 13061/5/10 13078/5/10
f 13075/5/10 13076/5/10 13080/5/10
f 13067/5/10 13075/5/10 13080/5/10
f 13080/5/10 13076/5/10 13081/5/10
f 13077/5/10 13078/5/10 13084/5/10
f 13078/5/10 13074/5/10 13085/5/10
f 13084/5/10 13078/5/10 13085/5/10
f 13081/5/10 13082/5/10 13087/5/10
f 13079/5/10 13080/5/10 13087/5/10
f 13080/5/10 13081/5/10 13087/5/10
f 13085/5/10 13086/5/10 13090/5/10
f 13083/5/10 13084/5/10 13090/5/10
f 13084/5/10 13085/5/10 13090/5/10
f 13087/5/10 13088/5/10 13091/5/10
f 13089/5/10 13090/5/10 13094/5/10
f 13091/5/10 13092/5/10 13096/5/10
f 13079/5/10 13087/5/10 13096/5/10
f 13087/5/10 13091/5/10 13096/5/10
f 13096/5/10 13092/5/10 13097/5/10
f 13097/5/10 13092/5/10 13098/5/10
f 13093/5/10 13094/5/10 13099/5/10
f 13099/5/10 13094/5/10 13100/5/10
f 13094/5/10 13090/5/10 13101/5/10
f 13100/5/10 13094/5/10 13101/5/10
f 13090/5/10 13086/5/10 13101/5/10
f 13095/5/10 13096/5/10 13103/5/10
f 13096/5/10 13097/5/10 13103/5/10
f 13103/5/10 13097/5/10 13104/5/10
f 13101/5/10 13102/5/10 13105/5/10
f 13100/5/10 13101/5/10 13105/5/10
f 13105/5/10 13102/5/10 13106/5/10
f 13095/5/10 13103/5/10 13108/5/10
f 13106/5/10 13102/5/10 13109/5/10
f 13107/5/10 13108/5/10 13111/5/10
f 13108/5/10 13103/5/10 13111/5/10
f 13111/5/10 13103/5/10 13112/5/10
f 13109/5/10 13110/5/10 13113/5/10
f 13106/5/10 13109/5/10 13113/5/10
f 13113/5/10 13110/5/10 13114/5/10
f 13107/5/10 13111/5/10 13115/5/10
f 13115/5/10 13111/5/10 13116/5/10
f 13114/5/10 13110/5/10 13117/5/10
f 13117/5/10 13110/5/10 13118/5/10
f 13107/5/10 13115/5/10 13120/5/10
f 13118/5/10 13110/5/10 13121/5/10
f 13119/5/10 13120/5/10 13123/5/10
f 13120/5/10 13115/5/10 13123/5/10
f 13123/5/10 13115/5/10 13124/5/10
f 13121/5/10 13122/5/10 13125/5/10
f 13118/5/10 13121/5/10 13125/5/10
f 13125/5/10 13122/5/10 13126/5/10
f 13119/5/10 13123/5/10 13127/5/10
f 13127/5/10 13123/5/10 13128/5/10
f 13126/5/10 13122/5/10 13129/5/10
f 13129/5/10 13122/5/10 13130/5/10
f 13119/5/10 13127/5/10 13132/5/10
f 13130/5/10 13122/5/10 13133/5/10
f 13131/5/10 13132/5/10 13135/5/10
f 13132/5/10 13127/5/10 13135/5/10
f 13135/5/10 13127/5/10 13136/5/10
f 13133/5/10 13134/5/10 13137/5/10
f 13130/5/10 13133/5/10 13137/5/10
f 13137/5/10 13134/5/10 13138/5/10
f 13131/5/10 13135/5/10 13139/5/10
f 13139/5/10 13135/5/10 13140/5/10
f 13138/5/10 13134/5/10 13141/5/10
f 13141/5/10 13134/5/10 13142/5/10
f 13131/5/10 13139/5/10 13144/5/10
f 13142/5/10 13134/5/10 13145/5/10
f 13143/5/10 13144/5/10 13147/5/10
f 13144/5/10 13139/5/10 13147/5/10
f 13147/5/10 13139/5/10 13148/5/10
f 13145/5/10 13146/5/10 13149/5/10
f 13142/5/10 13145/5/10 13149/5/10
f 13149/5/10 13146/5/10 13150/5/10
f 13143/5/10 13147/5/10 13151/5/10
f 13151/5/10 13147/5/10 13152/5/10
f 13150/5/10 13146/5/10 13153/5/10
f 13153/5/10 13146/5/10 13154/5/10
f 13143/5/10 13151/5/10 13156/5/10
f 13154/5/10 13146/5/10 13157/5/10
f 13155/5/10 13156/5/10 13159/5/10
f 13156/5/10 13151/5/10 13159/5/10
f 13159/5/10 13151/5/10 13160/5/10
f 13157/5/10 13158/5/10 13161/5/10
f 13154/5/10 13157/5/10 13161/5/10
f 13161/5/10 13158/5/10 13162/5/10
f 13155/5/10 13159/5/10 13164/5/10
f 13162/5/10 13158/5/10 13165/5/10
f 13163/5/10 13164/5/10 13167/5/10
f 13164/5/10 13159/5/10 13167/5/10
f 13167/5/10 13159/5/10 13168/5/10
f 13165/5/10 13166/5/10 13169/5/10
f 13162/5/10 13165/5/10 13169/5/10
f 13169/5/10 13166/5/10 13170/5/10
f 13163/5/10 13167/5/10 13171/5/10
f 13170/5/10 13166/5/10 13172/5/10
f 13171/5/10 13167/5/10 13173/5/10
f 13173/5/10 13167/5/10 13174/5/10
f 13170/5/10 13172/5/10 13175/5/10
f 13175/5/10 13172/5/10 13176/5/10
f 13171/5/10 13173/5/10 13177/5/10
f 13177/5/10 13173/5/10 13178/5/10
f 13174/5/10 13167/5/10 13179/5/10
f 13179/5/10 13167/5/10 13180/5/10
f 13170/5/10 13175/5/10 13181/5/10
f 13181/5/10 13175/5/10 13182/5/10
f 13176/5/10 13172/5/10 13183/5/10
f 13183/5/10 13172/5/10 13184/5/10
f 13171/5/10 13177/5/10 13185/5/10
f 13185/5/10 13177/5/10 13186/5/10
f 13180/5/10 13167/5/10 13187/5/10
f 13187/5/10 13167/5/10 13188/5/10
f 13170/5/10 13181/5/10 13189/5/10
f 13189/5/10 13181/5/10 13190/5/10
f 13184/5/10 13172/5/10 13191/5/10
f 13191/5/10 13172/5/10 13192/5/10
f 13171/5/10 13185/5/10 13193/5/10
f 13193/5/10 13185/5/10 13194/5/10
f 13192/5/10 13172/5/10 13195/5/10
f 13195/5/10 13172/5/10 13196/5/10
f 13171/5/10 13193/5/10 13197/5/10
f 13196/5/10 13172/5/10 13200/5/10
f 13197/5/10 13198/5/10 13201/5/10
f 13199/5/10 13200/5/10 13208/5/10
f 13201/5/10 13202/5/10 13209/5/10
f 13203/5/10 13204/5/10 13212/5/10
f 13205/5/10 13206/5/10 13213/5/10
f 13207/5/10 13208/5/10 13216/5/10
f 13209/5/10 13210/5/10 13217/5/10
f 13211/5/10 13212/5/10 13218/5/10
f 13213/5/10 13214/5/10 13219/5/10
f 13215/5/10 13216/5/10 13220/5/10
f 13209/5/10 13217/5/10 13221/5/10
f 13171/5/10 13197/5/10 13221/5/10
f 13197/5/10 13201/5/10 13221/5/10
f 13217/5/10 13218/5/10 13221/5/10
f 13201/5/10 13209/5/10 13221/5/10
f 13219/5/10 13220/5/10 13222/5/10
f 13220/5/10 13216/5/10 13222/5/10
f 13200/5/10 13172/5/10 13222/5/10
f 13216/5/10 13208/5/10 13222/5/10
f 13208/5/10 13200/5/10 13222/5/10
f 13221/5/10 13218/5/10 13223/5/10
f 13218/5/10 13212/5/10 13223/5/10
f 13212/5/10 13204/5/10 13223/5/10
f 13219/5/10 13222/5/10 13226/5/10
f 13213/5/10 13219/5/10 13226/5/10
f 13205/5/10 13213/5/10 13226/5/10
f 13223/5/10 13224/5/10 13227/5/10
f 13221/5/10 13223/5/10 13227/5/10
f 13227/5/10 13224/5/10 13228/5/10
f 13225/5/10 13226/5/10 13229/5/10
f 13226/5/10 13222/5/10 13229/5/10
f 13229/5/10 13222/5/10 13230/5/10
f 13228/5/10 13224/5/10 13231/5/10
f 13225/5/10 13229/5/10 13234/5/10
f 13231/5/10 13232/5/10 13235/5/10
f 13228/5/10 13231/5/10 13235/5/10
f 13235/5/10 13232/5/10 13236/5/10
f 13233/5/10 13234/5/10 13237/5/10
f 13234/5/10 13229/5/10 13237/5/10
f 13237/5/10 13229/5/10 13238/5/10
f 13236/5/10 13232/5/10 13239/5/10
f 13233/5/10 13237/5/10 13242/5/10
f 13239/5/10 13240/5/10 13243/5/10
f 13241/5/10 13242/5/10 13246/5/10
f 13243/5/10 13244/5/10 13247/5/10
f 13236/5/10 13239/5/10 13247/5/10
f 13239/5/10 13243/5/10 13247/5/10
f 13247/5/10 13244/5/10 13248/5/10
f 13245/5/10 13246/5/10 13249/5/10
f 13246/5/10 13242/5/10 13249/5/10
f 13242/5/10 13237/5/10 13249/5/10
f 13249/5/10 13237/5/10 13250/5/10
f 13248/5/10 13244/5/10 13251/5/10
f 13245/5/10 13249/5/10 13254/5/10
f 13251/5/10 13252/5/10 13255/5/10
f 13253/5/10 13254/5/10 13258/5/10
f 13255/5/10 13256/5/10 13259/5/10
f 13248/5/10 13251/5/10 13259/5/10
f 13251/5/10 13255/5/10 13259/5/10
f 13259/5/10 13256/5/10 13260/5/10
f 13257/5/10 13258/5/10 13261/5/10
f 13258/5/10 13254/5/10 13261/5/10
f 13254/5/10 13249/5/10 13261/5/10
f 13261/5/10 13249/5/10 13262/5/10
f 13260/5/10 13256/5/10 13263/5/10
f 13257/5/10 13261/5/10 13266/5/10
f 13263/5/10 13264/5/10 13267/5/10
f 13265/5/10 13266/5/10 13270/5/10
f 13267/5/10 13268/5/10 13271/5/10
f 13260/5/10 13263/5/10 13271/5/10
f 13263/5/10 13267/5/10 13271/5/10
f 13271/5/10 13268/5/10 13272/5/10
f 13269/5/10 13270/5/10 13273/5/10
f 13270/5/10 13266/5/10 13273/5/10
f 13266/5/10 13261/5/10 13273/5/10
f 13273/5/10 13261/5/10 13274/5/10
f 13272/5/10 13268/5/10 13275/5/10
f 13269/5/10 13273/5/10 13278/5/10
f 13275/5/10 13276/5/10 13279/5/10
f 13277/5/10 13278/5/10 13282/5/10
f 13279/5/10 13280/5/10 13283/5/10
f 13272/5/10 13275/5/10 13283/5/10
f 13275/5/10 13279/5/10 13283/5/10
f 13283/5/10 13280/5/10 13284/5/10
f 13281/5/10 13282/5/10 13285/5/10
f 13282/5/10 13278/5/10 13285/5/10
f 13278/5/10 13273/5/10 13285/5/10
f 13285/5/10 13273/5/10 13286/5/10
f 13284/5/10 13280/5/10 13287/5/10
f 13281/5/10 13285/5/10 13290/5/10
f 13287/5/10 13288/5/10 13291/5/10
f 13284/5/10 13287/5/10 13291/5/10
f 13291/5/10 13288/5/10 13292/5/10
f 13292/5/10 13288/5/10 13293/5/10
f 13289/5/10 13290/5/10 13296/5/10
f 13290/5/10 13285/5/10 13297/5/10
f 13296/5/10 13290/5/10 13297/5/10
f 13297/5/10 13285/5/10 13298/5/10
f 13293/5/10 13294/5/10 13299/5/10
f 13292/5/10 13293/5/10 13299/5/10
f 13295/5/10 13296/5/10 13302/5/10
f 13296/5/10 13297/5/10 13302/5/10
f 13299/5/10 13300/5/10 13303/5/10
f 13301/5/10 13302/5/10 13306/5/10
f 13303/5/10 13304/5/10 13307/5/10
f 13292/5/10 13299/5/10 13307/5/10
f 13299/5/10 13303/5/10 13307/5/10
f 13307/5/10 13304/5/10 13308/5/10
f 13308/5/10 13304/5/10 13309/5/10
f 13305/5/10 13306/5/10 13312/5/10
f 13306/5/10 13302/5/10 13313/5/10
f 13302/5/10 13297/5/10 13313/5/10
f 13312/5/10 13306/5/10 13313/5/10
f 13313/5/10 13297/5/10 13314/5/10
f 13309/5/10 13310/5/10 13315/5/10
f 13308/5/10 13309/5/10 13315/5/10
f 13311/5/10 13312/5/10 13318/5/10
f 13312/5/10 13313/5/10 13318/5/10
f 13315/5/10 13316/5/10 13319/5/10
f 13308/5/10 13315/5/10 13319/5/10
f 13319/5/10 13316/5/10 13320/5/10
f 13320/5/10 13316/5/10 13321/5/10
f 13317/5/10 13318/5/10 13324/5/10
f 13318/5/10 13313/5/10 13325/5/10
f 13324/5/10 13318/5/10 13325/5/10
f 13325/5/10 13313/5/10 13326/5/10
f 13321/5/10 13322/5/10 13327/5/10
f 13320/5/10 13321/5/10 13327/5/10
f 13323/5/10 13324/5/10 13330/5/10
f 13324/5/10 13325/5/10 13330/5/10
f 13327/5/10 13328/5/10 13331/5/10
f 13320/5/10 13327/5/10 13331/5/10
f 13331/5/10 13328/5/10 13332/5/10
f 13332/5/10 13328/5/10 13333/5/10
f 13329/5/10 13330/5/10 13336/5/10
f 13330/5/10 13325/5/10 13337/5/10
f 13336/5/10 13330/5/10 13337/5/10
f 13337/5/10 13325/5/10 13338/5/10
f 13333/5/10 13334/5/10 13339/5/10
f 13332/5/10 13333/5/10 13339/5/10
f 13335/5/10 13336/5/10 13342/5/10
f 13336/5/10 13337/5/10 13342/5/10
f 13339/5/10 13340/5/10 13343/5/10
f 13332/5/10 13339/5/10 13343/5/10
f 13343/5/10 13340/5/10 13344/5/10
f 13344/5/10 13340/5/10 13345/5/10
f 13341/5/10 13342/5/10 13348/5/10
f 13342/5/10 13337/5/10 13349/5/10
f 13348/5/10 13342/5/10 13349/5/10
f 13349/5/10 13337/5/10 13350/5/10
f 13345/5/10 13346/5/10 13351/5/10
f 13344/5/10 13345/5/10 13351/5/10
f 13351/5/10 13346/5/10 13352/5/10
f 13352/5/10 13346/5/10 13353/5/10
f 13347/5/10 13348/5/10 13356/5/10
f 13348/5/10 13349/5/10 13356/5/10
f 13356/5/10 13349/5/10 13357/5/10
f 13357/5/10 13349/5/10 13358/5/10
f 13353/5/10 13354/5/10 13359/5/10
f 13352/5/10 13353/5/10 13359/5/10
f 13356/5/10 13357/5/10 13362/5/10
f 13355/5/10 13356/5/10 13362/5/10
f 13359/5/10 13360/5/10 13363/5/10
f 13352/5/10 13359/5/10 13363/5/10
f 13363/5/10 13360/5/10 13364/5/10
f 13364/5/10 13360/5/10 13365/5/10
f 13361/5/10 13362/5/10 13368/5/10
f 13362/5/10 13357/5/10 13369/5/10
f 13368/5/10 13362/5/10 13369/5/10
f 13369/5/10 13357/5/10 13370/5/10
f 13365/5/10 13366/5/10 13371/5/10
f 13364/5/10 13365/5/10 13371/5/10
f 13367/5/10 13368/5/10 13374/5/10
f 13368/5/10 13369/5/10 13374/5/10
f 13371/5/10 13372/5/10 13375/5/10
f 13364/5/10 13371/5/10 13375/5/10
f 13375/5/10 13372/5/10 13376/5/10
f 13376/5/10 13372/5/10 13377/5/10
f 13373/5/10 13374/5/10 13380/5/10
f 13374/5/10 13369/5/10 13381/5/10
f 13380/5/10 13374/5/10 13381/5/10
f 13381/5/10 13369/5/10 13382/5/10
f 13377/5/10 13378/5/10 13383/5/10
f 13376/5/10 13377/5/10 13383/5/10
f 13383/5/10 13378/5/10 13384/5/10
f 13384/5/10 13378/5/10 13385/5/10
f 13379/5/10 13380/5/10 13388/5/10
f 13380/5/10 13381/5/10 13388/5/10
f 13388/5/10 13381/5/10 13389/5/10
f 13389/5/10 13381/5/10 13390/5/10
f 13385/5/10 13386/5/10 13391/5/10
f 13384/5/10 13385/5/10 13391/5/10
f 13388/5/10 13389/5/10 13394/5/10
f 13387/5/10 13388/5/10 13394/5/10
f 13391/5/10 13392/5/10 13395/5/10
f 13384/5/10 13391/5/10 13395/5/10
f 13395/5/10 13392/5/10 13396/5/10
f 13396/5/10 13392/5/10 13397/5/10
f 13393/5/10 13394/5/10 13400/5/10
f 13394/5/10 13389/5/10 13401/5/10
f 13400/5/10 13394/5/10 13401/5/10
f 13401/5/10 13389/5/10 13402/5/10
f 13397/5/10 13398/5/10 13403/5/10
f 13396/5/10 13397/5/10 13403/5/10
f 13403/5/10 13398/5/10 13404/5/10
f 13404/5/10 13398/5/10 13405/5/10
f 13399/5/10 13400/5/10 13406/5/10
f 13400/5/10 13401/5/10 13406/5/10
f 13406/5/10 13401/5/10 13407/5/10
f 13407/5/10 13401/5/10 13408/5/10
f 13404/5/10 13405/5/10 13409/5/10
f 13406/5/10 13407/5/10 13409/5/10
f 13405/5/10 13406/5/10 13409/5/10
f 13409/5/10 13407/5/10 13410/5/10
f 13410/5/10 13407/5/10 13411/5/10
f 13411/5/10 13407/5/10 13412/5/10
f 13410/5/10 13411/5/10 13413/5/10
f 13413/5/10 13411/5/10 13414/5/10
f 13414/5/10 13411/5/10 13415/5/10
f 13415/5/10 13411/5/10 13416/5/10
f 13414/5/10 13415/5/10 13417/5/10
f 13417/5/10 13415/5/10 13418/5/10
f 13418/5/10 13415/5/10 13419/5/10
f 13419/5/10 13415/5/10 13420/5/10
f 13418/5/10 13419/5/10 13421/5/10
f 13421/5/10 13419/5/10 13422/5/10
f 13422/5/10 13419/5/10 13423/5/10
f 13423/5/10 13419/5/10 13424/5/10
f 13422/5/10 13423/5/10 13425/5/10
f 13425/5/10 13423/5/10 13426/5/10
f 13426/5/10 13423/5/10 13427/5/10
f 13427/5/10 13423/5/10 13428/5/10
f 13426/5/10 13427/5/10 13429/5/10
f 13429/5/10 13427/5/10 13430/5/10
f 13430/5/10 13427/5/10 13431/5/10
f 13431/5/10 13427/5/10 13432/5/10
f 13430/5/10 13431/5/10 13433/5/10
f 13433/5/10 13431/5/10 13434/5/10
f 13434/5/10 13431/5/10 13435/5/10
f 13435/5/10 13431/5/10 13436/5/10
f 13434/5/10 13435/5/10 13437/5/10
f 13437/5/10 13435/5/10 13438/5/10
f 13438/5/10 13435/5/10 13439/5/10
f 13439/5/10 13435/5/10 13440/5/10
f 13438/5/10 13439/5/10 13441/5/10
f 13441/5/10 13439/5/10 13442/5/10
f 13442/5/10 13439/5/10 13443/5/10
f 13443/5/10 13439/5/10 13444/5/10
f 13442/5/10 13443/5/10 13445/5/10
f 13445/5/10 13443/5/10 13446/5/10
f 13446/5/10 13443/5/10 13447/5/10
f 13447/5/10 13443/5/10 13448/5/10
f 13446/5/10 13447/5/10 13449/5/10
f 13449/5/10 13447/5/10 13450/5/10
f 13450/5/10 13447/5/10 13451/5/10
f 13451/5/10 13447/5/10 13452/5/10
f 13450/5/10 13451/5/10 13453/5/10
f 13453/5/10 13451/5/10 13454/5/10
f 13454/5/10 13451/5/10 13455/5/10
f 13455/5/10 13451/5/10 13456/5/10
f 13454/5/10 13455/5/10 13457/5/10
f 13457/5/10 13455/5/10 13458/5/10
f 13458/5/10 13455/5/10 13459/5/10
f 13459/5/10 13455/5/10 13460/5/10
f 13458/5/10 13459/5/10 13461/5/10
f 13461/5/10 13459/5/10 13462/5/10
f 13462/5/10 13459/5/10 13463/5/10
f 13463/5/10 13459/5/10 13464/5/10
f 13462/5/10 13463/5/10 13465/5/10
f 13465/5/10 13463/5/10 13466/5/10
f 13466/5/10 13463/5/10 13467/5/10
f 13467/5/10 13463/5/10 13468/5/10
f 13466/5/10 13467/5/10 13469/5/10
f 13469/5/10 13467/5/10 13470/5/10
f 13470/5/10 13467/5/10 13471/5/10
f 13471/5/10 13467/5/10 13472/5/10
f 13470/5/10 13471/5/10 13473/5/10
f 13473/5/10 13471/5/10 13474/5/10
f 13474/5/10 13471/5/10 13475/5/10
f 13475/5/10 13471/5/10 13476/5/10
f 13474/5/10 13475/5/10 13477/5/10
f 13477/5/10 13475/5/10 13478/5/10
f 13478/5/10 13475/5/10 13479/5/10
f 13479/5/10 13475/5/10 13480/5/10
f 13478/5/10 13479/5/10 13481/5/10
f 13481/5/10 13479/5/10 13482/5/10
f 13482/5/10 13479/5/10 13483/5/10
f 13483/5/10 13479/5/10 13484/5/10
f 13482/5/10 13483/5/10 13485/5/10
f 13485/5/10 13483/5/10 13486/5/10
f 13486/5/10 13483/5/10 13487/5/10
f 13487/5/10 13483/5/10 13488/5/10
f 13486/5/10 13487/5/10 13489/5/10
f 13489/5/10 13487/5/10 13490/5/10
f 13490/5/10 13487/5/10 13491/5/10
f 13491/5/10 13487/5/10 13492/5/10
f 13490/5/10 13491/5/10 13493/5/10
f 13493/5/10 13491/5/10 13494/5/10
f 13494/5/10 13491/5/10 13495/5/10
f 13495/5/10 13491/5/10 13496/5/10
f 13494/5/10 13495/5/10 13497/5/10
f 13497/5/10 13495/5/10 13498/5/10
f 13498/5/10 13495/5/10 13499/5/10
f 13499/5/10 13495/5/10 13500/5/10
f 13498/5/10 13499/5/10 13501/5/10
f 13501/5/10 13499/5/10 13502/5/10
f 13502/5/10 13499/5/10 13503/5/10
f 13503/5/10 13499/5/10 13504/5/10
f 13502/5/10 13503/5/10 13505/5/10
f 13505/5/10 13503/5/10 13506/5/10
f 13506/5/10 13503/5/10 13507/5/10
f 13507/5/10 13503/5/10 13508/5/10
f 13506/5/10 13507/5/10 13509/5/10
f 13509/5/10 13507/5/10 13510/5/10
f 13510/5/10 13507/5/10 13511/5/10
f 13511/5/10 13507/5/10 13512/5/10
f 13510/5/10 13511/5/10 13513/5/10
f 13513/5/10 13511/5/10 13514/5/10
f 13514/5/10 13511/5/10 13515/5/10
f 13515/5/10 13511/5/10 13516/5/10
f 13514/5/10 13515/5/10 13517/5/10
f 13517/5/10 13515/5/10 13518/5/10
f 13518/5/10 13515/5/10 13519/5/10
f 13519/5/10 13515/5/10 13520/5/10
f 13518/5/10 13519/5/10 13521/5/10
f 13521/5/10 13519/5/10 13522/5/10
f 13522/5/10 13519/5/10 13523/5/10
f 13523/5/10 13519/5/10 13524/5/10
f 13522/5/10 13523/5/10 13525/5/10
f 13525/5/10 13523/5/10 13526/5/10
f 13526/5/10 13523/5/10 13527/5/10
f 13527/5/10 13523/5/10 13528/5/10
f 13526/5/10 13527/5/10 13529/5/10
f 13529/5/10 13527/5/10 13530/5/10
f 13530/5/10 13527/5/10 13531/5/10
f 13531/5/10 13527/5/10 13532/5/10
f 13530/5/10 13531/5/10 13533/5/10
f 13533/5/10 13531/5/10 13534/5/10
f 13534/5/10 13531/5/10 13535/5/10
f 13535/5/10 13531/5/10 13536/5/10
f 13534/5/10 13535/5/10 13537/5/10
f 13537/5/10 13535/5/10 13538/5/10
f 13538/5/10 13535/5/10 13539/5/10
f 13539/5/10 13535/5/10 13540/5/10
f 13538/5/10 13539/5/10 13541/5/10
f 13541/5/10 13539/5/10 13542/5/10
f 13542/5/10 13539/5/10 13543/5/10
f 13543/5/10 13539/5/10 13544/5/10
f 13542/5/10 13543/5/10 13545/5/10
f 13545/5/10 13543/5/10 13546/5/10
f 13546/5/10 13543/5/10 13547/5/10
f 13547/5/10 13543/5/10 13548/5/10
f 13549/1/10 13550/1/10 13552/1/10
f 13552/1/10 13550/1/10 13553/1/10
f 13551/1/10 13552/1/10 13556/1/10
f 13556/1/10 13552/1/10 13557/1/10
f 13553/1/10 13554/1/10 13558/1/10
f 13558/1/10 13554/1/10 13559/1/10
f 13555/1/10 13556/1/10 13562/1/10
f 13562/1/10 13556/1/10 13563/1/10
f 13559/1/10 13560/1/10 13564/1/10
f 13564/1/10 13560/1/10 13565/1/10
f 13561/1/10 13562/1/10 13567/1/10
f 13567/1/10 13562/1/10 13568/1/10
f 13565/1/10 13566/1/10 13571/1/10
f 13571/1/10 13566/1/10 13572/1/10
f 13568/1/10 13569/1/10 13573/1/10
f 13573/1/10 13569/1/10 13574/1/10
f 13570/1/10 13571/1/10 13577/1/10
f 13577/1/10 13571/1/10 13578/1/10
f 13574/1/10 13575/1/10 13579/1/10
f 13579/1/10 13575/1/10 13580/1/10
f 13576/1/10 13577/1/10 13581/1/10
f 13581/1/10 13577/1/10 13582/1/10
f 13580/1/10 13581/1/10 13583/1/10
f 13583/1/10 13581/1/10 13584/1/10
f 13585/1/10 13586/1/10 13590/1/10
f 13590/1/10 13586/1/10 13591/1/10
f 13587/1/10 13588/1/10 13594/1/10
f 13594/1/10 13588/1/10 13595/1/10
f 13589/1/10 13590/1/10 13598/1/10
f 13598/1/10 13590/1/10 13599/1/10
f 13591/1/10 13592/1/10 13600/1/10
f 13600/1/10 13592/1/10 13601/1/10
f 13593/1/10 13594/1/10 13604/1/10
f 13604/1/10 13594/1/10 13605/1/10
f 13595/1/10 13596/1/10 13606/1/10
f 13606/1/10 13596/1/10 13607/1/10
f 13597/1/10 13598/1/10 13610/1/10
f 13610/1/10 13598/1/10 13611/1/10
f 13601/1/10 13602/1/10 13612/1/10
f 13612/1/10 13602/1/10 13613/1/10
f 13603/1/10 13604/1/10 13616/1/10
f 13616/1/10 13604/1/10 13617/1/10
f 13607/1/10 13608/1/10 13618/1/10
f 13618/1/10 13608/1/10 13619/1/10
f 13609/1/10 13610/1/10 13621/1/10
f 13621/1/10 13610/1/10 13622/1/10
f 13613/1/10 13614/1/10 13625/1/10
f 13625/1/10 13614/1/10 13626/1/10
f 13615/1/10 13616/1/10 13627/1/10
f 13627/1/10 13616/1/10 13628/1/10
f 13619/1/10 13620/1/10 13631/1/10
f 13631/1/10 13620/1/10 13632/1/10
f 13622/1/10 13623/1/10 13633/1/10
f 13633/1/10 13623/1/10 13634/1/10
f 13624/1/10 13625/1/10 13637/1/10
f 13637/1/10 13625/1/10 13638/1/10
f 13628/1/10 13629/1/10 13639/1/10
f 13639/1/10 13629/1/10 13640/1/10
f 13630/1/10 13631/1/10 13643/1/10
f 13643/1/10 13631/1/10 13644/1/10
f 13634/1/10 13635/1/10 13645/1/10
f 13645/1/10 13635/1/10 13646/1/10
f 13636/1/10 13637/1/10 13647/1/10
f 13647/1/10 13637/1/10 13648/1/10
f 13640/1/10 13641/1/10 13649/1/10
f 13649/1/10 13641/1/10 13650/1/10
f 13642/1/10 13643/1/10 13651/1/10
f 13651/1/10 13643/1/10 13652/1/10
f 13646/1/10 13647/1/10 13653/1/10
f 13653/1/10 13647/1/10 13654/1/10
f 13650/1/10 13651/1/10 13655/1/10
f 13655/1/10 13651/1/10 13656/1/10
f 13657/1/10 13658/1/10 13664/1/10
f 13664/1/10 13658/1/10 13665/1/10
f 13659/1/10 13660/1/10 13668/1/10
f 13668/1/10 13660/1/10 13669/1/10
f 13661/1/10 13662/1/10 13672/1/10
f 13672/1/10 13662/1/10 13673/1/10
f 13663/1/10 13664/1/10 13676/1/10
f 13676/1/10 13664/1/10 13677/1/10
f 13665/1/10 13666/1/10 13678/1/10
f 13678/1/10 13666/1/10 13679/1/10
f 13667/1/10 13668/1/10 13682/1/10
f 13682/1/10 13668/1/10 13683/1/10
f 13669/1/10 13670/1/10 13684/1/10
f 13684/1/10 13670/1/10 13685/1/10
f 13671/1/10 13672/1/10 13688/1/10
f 13688/1/10 13672/1/10 13689/1/10
f 13673/1/10 13674/1/10 13690/1/10
f 13690/1/10 13674/1/10 13691/1/10
f 13675/1/10 13676/1/10 13694/1/10
f 13694/1/10 13676/1/10 13695/1/10
f 13679/1/10 13680/1/10 13696/1/10
f 13696/1/10 13680/1/10 13697/1/10
f 13681/1/10 13682/1/10 13700/1/10
f 13700/1/10 13682/1/10 13701/1/10
f 13685/1/10 13686/1/10 13702/1/10
f 13702/1/10 13686/1/10 13703/1/10
f 13687/1/10 13688/1/10 13706/1/10
f 13706/1/10 13688/1/10 13707/1/10
f 13691/1/10 13692/1/10 13708/1/10
f 13708/1/10 13692/1/10 13709/1/10
f 13693/1/10 13694/1/10 13711/1/10
f 13711/1/10 13694/1/10 13712/1/10
f 13697/1/10 13698/1/10 13715/1/10
f 13715/1/10 13698/1/10 13716/1/10
f 13699/1/10 13700/1/10 13717/1/10
f 13717/1/10 13700/1/10 13718/1/10
f 13703/1/10 13704/1/10 13721/1/10
f 13721/1/10 13704/1/10 13722/1/10
f 13705/1/10 13706/1/10 13723/1/10
f 13723/1/10 13706/1/10 13724/1/10
f 13709/1/10 13710/1/10 13727/1/10
f 13727/1/10 13710/1/10 13728/1/10
f 13712/1/10 13713/1/10 13729/1/10
f 13729/1/10 13713/1/10 13730/1/10
f 13714/1/10 13715/1/10 13733/1/10
f 13733/1/10 13715/1/10 13734/1/10
f 13718/1/10 13719/1/10 13735/1/10
f 13735/1/10 13719/1/10 13736/1/10
f 13720/1/10 13721/1/10 13739/1/10
f 13739/1/10 13721/1/10 13740/1/10
f 13724/1/10 13725/1/10 13741/1/10
f 13741/1/10 13725/1/10 13742/1/10
f 13726/1/10 13727/1/10 13745/1/10
f 13745/1/10 13727/1/10 13746/1/10
f 13730/1/10 13731/1/10 13747/1/10
f 13747/1/10 13731/1/10 13748/1/10
f 13732/1/10 13733/1/10 13749/1/10
f 13749/1/10 13733/1/10 13750/1/10
f 13736/1/10 13737/1/10 13751/1/10
f 13751/1/10 13737/1/10 13752/1/10
f 13738/1/10 13739/1/10 13753/1/10
f 13753/1/10 13739/1/10 13754/1/10
f 13742/1/10 13743/1/10 13755/1/10
f 13755/1/10 13743/1/10 13756/1/10
f 13744/1/10 13745/1/10 13757/1/10
f 13757/1/10 13745/1/10 13758/1/10
f 13748/1/10 13749/1/10 13759/1/10
f 13759/1/10 13749/1/10 13760/1/10
f 13752/1/10 13753/1/10 13761/1/10
f 13761/1/10 13753/1/10 13762/1/10
f 13756/1/10 13757/1/10 13763/1/10
f 13763/1/10 13757/1/10 13764/1/10
f 13765/1/10 13766/1/10 13768/1/10
f 13768/1/10 13766/1/10 13769/1/10
f 13767/1/10 13768/1/10 13772/1/10
f 13772/1/10 13768/1/10 13773/1/10
f 13769/1/10 13770/1/10 13774/1/10
f 13774/1/10 13770/1/10 13775/1/10
f 13771/1/10 13772/1/10 13777/1/10
f 13777/1/10 13772/1/10 13778/1/10
f 13775/1/10 13776/1/10 13781/1/10
f 13781/1/10 13776/1/10 13782/1/10
f 13778/1/10 13779/1/10 13783/1/10
f 13783/1/10 13779/1/10 13784/1/10
f 13780/1/10 13781/1/10 13785/1/10
f 13785/1/10 13781/1/10 13786/1/10
f 13784/1/10 13785/1/10 13787/1/10
f 13787/1/10 13785/1/10 13788/1/10
f 13789/1/10 13790/1/10 13794/1/10
f 13794/1/10 13790/1/10 13795/1/10
f 13791/1/10 13792/1/10 13798/1/10
f 13798/1/10 13792/1/10 13799/1/10
f 13793/1/10 13794/1/10 13802/1/10
f 13802/1/10 13794/1/10 13803/1/10
f 13795/1/10 13796/1/10 13804/1/10
f 13804/1/10 13796/1/10 13805/1/10
f 13797/1/10 13798/1/10 13808/1/10
f 13808/1/10 13798/1/10 13809/1/10
f 13799/1/10 13800/1/10 13810/1/10
f 13810/1/10 13800/1/10 13811/1/10
f 13801/1/10 13802/1/10 13813/1/10
f 13813/1/10 13802/1/10 13814/1/10
f 13805/1/10 13806/1/10 13817/1/10
f 13817/1/10 13806/1/10 13818/1/10
f 13807/1/10 13808/1/10 13819/1/10
f 13819/1/10 13808/1/10 13820/1/10
f 13811/1/10 13812/1/10 13823/1/10
f 13823/1/10 13812/1/10 13824/1/10
f 13814/1/10 13815/1/10 13825/1/10
f 13825/1/10 13815/1/10 13826/1/10
f 13816/1/10 13817/1/10 13827/1/10
f 13827/1/10 13817/1/10 13828/1/10
f 13820/1/10 13821/1/10 13829/1/10
f 13829/1/10 13821/1/10 13830/1/10
f 13822/1/10 13823/1/10 13831/1/10
f 13831/1/10 13823/1/10 13832/1/10
f 13826/1/10 13827/1/10 13833/1/10
f 13833/1/10 13827/1/10 13834/1/10
f 13830/1/10 13831/1/10 13835/1/10
f 13835/1/10 13831/1/10 13836/1/10
f 13837/1/10 13838/1/10 13844/1/10
f 13844/1/10 13838/1/10 13845/1/10
f 13839/1/10 13840/1/10 13848/1/10
f 13848/1/10 13840/1/10 13849/1/10
f 13841/1/10 13842/1/10 13852/1/10
f 13852/1/10 13842/1/10 13853/1/10
f 13843/1/10 13844/1/10 13856/1/10
f 13856/1/10 13844/1/10 13857/1/10
f 13845/1/10 13846/1/10 13858/1/10
f 13858/1/10 13846/1/10 13859/1/10
f 13847/1/10 13848/1/10 13862/1/10
f 13862/1/10 13848/1/10 13863/1/10
f 13849/1/10 13850/1/10 13864/1/10
f 13864/1/10 13850/1/10 13865/1/10
f 13851/1/10 13852/1/10 13868/1/10
f 13868/1/10 13852/1/10 13869/1/10
f 13853/1/10 13854/1/10 13870/1/10
f 13870/1/10 13854/1/10 13871/1/10
f 13855/1/10 13856/1/10 13873/1/10
f 13873/1/10 13856/1/10 13874/1/10
f 13859/1/10 13860/1/10 13877/1/10
f 13877/1/10 13860/1/10 13878/1/10
f 13861/1/10 13862/1/10 13879/1/10
f 13879/1/10 13862/1/10 13880/1/10
f 13865/1/10 13866/1/10 13883/1/10
f 13883/1/10 13866/1/10 13884/1/10
f 13867/1/10 13868/1/10 13885/1/10
f 13885/1/10 13868/1/10 13886/1/10
f 13871/1/10 13872/1/10 13889/1/10
f 13889/1/10 13872/1/10 13890/1/10
f 13874/1/10 13875/1/10 13891/1/10
f 13891/1/10 13875/1/10 13892/1/10
f 13876/1/10 13877/1/10 13893/1/10
f 13893/1/10 13877/1/10 13894/1/10
f 13880/1/10 13881/1/10 13895/1/10
f 13895/1/10 13881/1/10 13896/1/10
f 13882/1/10 13883/1/10 13897/1/10
f 13897/1/10 13883/1/10 13898/1/10
f 13886/1/10 13887/1/10 13899/1/10
f 13899/1/10 13887/1/10 13900/1/10
f 13888/1/10 13889/1/10 13901/1/10
f 13901/1/10 13889/1/10 13902/1/10
f 13892/1/10 13893/1/10 13903/1/10
f 13903/1/10 13893/1/10 13904/1/10
f 13896/1/10 13897/1/10 13905/1/10
f 13905/1/10 13897/1/10 13906/1/10
f 13900/1/10 13901/1/10 13907/1/10
f 13907/1/10 13901/1/10 13908/1/10
f 13909/1/10 13910/1/10 13912/1/10
f 13912/1/10 13910/1/10 13913/1/10
f 13911/1/10 13912/1/10 13915/1/10
f 13915/1/10 13912/1/10 13916/1/10
f 13913/1/10 13914/1/10 13917/1/10
f 13917/1/10 13914/1/10 13918/1/10
f 13916/1/10 13917/1/10 13919/1/10
f 13919/1/10 13917/1/10 13920/1/10
f 13921/1/10 13922/1/10 13926/1/10
f 13926/1/10 13922/1/10 13927/1/10
f 13923/1/10 13924/1/10 13930/1/10
f 13930/1/10 13924/1/10 13931/1/10
f 13925/1/10 13926/1/10 13933/1/10
f 13933/1/10 13926/1/10 13934/1/10
f 13927/1/10 13928/1/10 13935/1/10
f 13935/1/10 13928/1/10 13936/1/10
f 13929/1/10 13930/1/10 13937/1/10
f 13937/1/10 13930/1/10 13938/1/10
f 13931/1/10 13932/1/10 13939/1/10
f 13939/1/10 13932/1/10 13940/1/10
f 13934/1/10 13935/1/10 13941/1/10
f 13941/1/10 13935/1/10 13942/1/10
f 13938/1/10 13939/1/10 13943/1/10
f 13943/1/10 13939/1/10 13944/1/10
f 13945/1/10 13946/1/10 13952/1/10
f 13952/1/10 13946/1/10 13953/1/10
f 13947/1/10 13948/1/10 13956/1/10
f 13956/1/10 13948/1/10 13957/1/10
f 13949/1/10 13950/1/10 13960/1/10
f 13960/1/10 13950/1/10 13961/1/10
f 13951/1/10 13952/1/10 13963/1/10
f 13963/1/10 13952/1/10 13964/1/10
f 13953/1/10 13954/1/10 13965/1/10
f 13965/1/10 13954/1/10 13966/1/10
f 13955/1/10 13956/1/10 13967/1/10
f 13967/1/10 13956/1/10 13968/1/10
f 13957/1/10 13958/1/10 13969/1/10
f 13969/1/10 13958/1/10 13970/1/10
f 13959/1/10 13960/1/10 13971/1/10
f 13971/1/10 13960/1/10 13972/1/10
f 13961/1/10 13962/1/10 13973/1/10
f 13973/1/10 13962/1/10 13974/1/10
f 13964/1/10 13965/1/10 13975/1/10
f 13975/1/10 13965/1/10 13976/1/10
f 13968/1/10 13969/1/10 13977/1/10
f 13977/1/10 13969/1/10 13978/1/10
f 13972/1/10 13973/1/10 13979/1/10
f 13979/1/10 13973/1/10 13980/1/10
f 13981/1/10 13982/1/10 13985/1/10
f 13985/1/10 13982/1/10 13986/1/10
f 13983/1/10 13984/1/10 13987/1/10
f 13987/1/10 13984/1/10 13988/1/10
f 13989/1/10 13990/1/10 13993/1/10
f 13993/1/10 13990/1/10 13994/1/10
f 13991/1/10 13992/1/10 13995/1/10
f 13995/1/10 13992/1/10 13996/1/10
f 13997/1/10 13998/1/10 14005/1/10
f 14005/1/10 13998/1/10 14006/1/10
f 13999/1/10 14000/1/10 14007/1/10
f 14007/1/10 14000/1/10 14008/1/10
f 14001/1/10 14002/1/10 14009/1/10
f 14009/1/10 14002/1/10 14010/1/10
f 14003/1/10 14004/1/10 14011/1/10
f 14011/1/10 14004/1/10 14012/1/10
f 14013/1/10 14014/1/10 14021/1/10
f 14021/1/10 14014/1/10 14022/1/10
f 14015/1/10 14016/1/10 14023/1/10
f 14023/1/10 14016/1/10 14024/1/10
f 14017/1/10 14018/1/10 14025/1/10
f 14025/1/10 14018/1/10 14026/1/10
f 14019/1/10 14020/1/10 14027/1/10
f 14027/1/10 14020/1/10 14028/1/10
f 14029/1/10 14030/1/10 14041/1/10
f 14041/1/10 14030/1/10 14042/1/10
f 14031/1/10 14032/1/10 14043/1/10
f 14043/1/10 14032/1/10 14044/1/10
f 14033/1/10 14034/1/10 14045/1/10
f 14045/1/10 14034/1/10 14046/1/10
f 14035/1/10 14036/1/10 14047/1/10
f 14047/1/10 14036/1/10 14048/1/10
f 14037/1/10 14038/1/10 14049/1/10
f 14049/1/10 14038/1/10 14050/1/10
f 14039/1/10 14040/1/10 14051/1/10
f 14051/1/10 14040/1/10 14052/1/10
f 14053/1/10 14054/1/10 14065/1/10
f 14065/1/10 14054/1/10 14066/1/10
f 14055/1/10 14056/1/10 14067/1/10
f 14067/1/10 14056/1/10 14068/1/10
f 14057/1/10 14058/1/10 14069/1/10
f 14069/1/10 14058/1/10 14070/1/10
f 14059/1/10 14060/1/10 14071/1/10
f 14071/1/10 14060/1/10 14072/1/10
f 14061/1/10 14062/1/10 14073/1/10
f 14073/1/10 14062/1/10 14074/1/10
f 14063/1/10 14064/1/10 14075/1/10
f 14075/1/10 14064/1/10 14076/1/10
f 14077/1/10 14078/1/10 14080/1/10
f 14080/1/10 14078/1/10 14081/1/10
f 14081/1/10 14078/1/10 14082/1/10
f 14082/1/10 14078/1/10 14083/1/10
f 14079/1/10 14080/1/10 14086/1/10
f 14080/1/10 14081/1/10 14086/1/10
f 14086/1/10 14081/1/10 14087/1/10
f 14087/1/10 14081/1/10 14088/1/10
f 14082/1/10 14083/1/10 14089/1/10
f 14083/1/10 14084/1/10 14089/1/10
f 14089/1/10 14084/1/10 14090/1/10
f 14090/1/10 14084/1/10 14091/1/10
f 14086/1/10 14087/1/10 14094/1/10
f 14085/1/10 14086/1/10 14094/1/10
f 14094/1/10 14087/1/10 14095/1/10
f 14095/1/10 14087/1/10 14096/1/10
f 14091/1/10 14092/1/10 14097/1/10
f 14090/1/10 14091/1/10 14097/1/10
f 14097/1/10 14092/1/10 14098/1/10
f 14098/1/10 14092/1/10 14099/1/10
f 14094/1/10 14095/1/10 14101/1/10
f 14093/1/10 14094/1/10 14101/1/10
f 14101/1/10 14095/1/10 14102/1/10
f 14099/1/10 14100/1/10 14103/1/10
f 14098/1/10 14099/1/10 14103/1/10
f 14103/1/10 14100/1/10 14104/1/10
f 14093/1/10 14101/1/10 14105/1/10
f 14104/1/10 14100/1/10 14108/1/10
f 14105/1/10 14106/1/10 14109/1/10
f 14093/1/10 14105/1/10 14109/1/10
f 14109/1/10 14106/1/10 14110/1/10
f 14110/1/10 14106/1/10 14111/1/10
f 14107/1/10 14108/1/10 14114/1/10
f 14108/1/10 14100/1/10 14115/1/10
f 14114/1/10 14108/1/10 14115/1/10
f 14115/1/10 14100/1/10 14116/1/10
f 14111/1/10 14112/1/10 14117/1/10
f 14110/1/10 14111/1/10 14117/1/10
f 14117/1/10 14112/1/10 14118/1/10
f 14118/1/10 14112/1/10 14119/1/10
f 14113/1/10 14114/1/10 14122/1/10
f 14114/1/10 14115/1/10 14122/1/10
f 14122/1/10 14115/1/10 14123/1/10
f 14123/1/10 14115/1/10 14124/1/10
f 14119/1/10 14120/1/10 14125/1/10
f 14118/1/10 14119/1/10 14125/1/10
f 14125/1/10 14120/1/10 14126/1/10
f 14126/1/10 14120/1/10 14127/1/10
f 14122/1/10 14123/1/10 14128/1/10
f 14121/1/10 14122/1/10 14128/1/10
f 14128/1/10 14123/1/10 14129/1/10
f 14129/1/10 14123/1/10 14130/1/10
f 14126/1/10 14127/1/10 14131/1/10
f 14128/1/10 14129/1/10 14131/1/10
f 14127/1/10 14128/1/10 14131/1/10
f 14131/1/10 14129/1/10 14132/1/10
f 14133/1/10 14134/1/10 14138/1/10
f 14138/1/10 14134/1/10 14139/1/10
f 14139/1/10 14134/1/10 14140/1/10
f 14140/1/10 14134/1/10 14141/1/10
f 14135/1/10 14136/1/10 14144/1/10
f 14144/1/10 14136/1/10 14145/1/10
f 14145/1/10 14136/1/10 14146/1/10
f 14146/1/10 14136/1/10 14147/1/10
f 14137/1/10 14138/1/10 14150/1/10
f 14138/1/10 14139/1/10 14150/1/10
f 14150/1/10 14139/1/10 14151/1/10
f 14151/1/10 14139/1/10 14152/1/10
f 14141/1/10 14142/1/10 14153/1/10
f 14140/1/10 14141/1/10 14153/1/10
f 14153/1/10 14142/1/10 14154/1/10
f 14154/1/10 14142/1/10 14155/1/10
f 14144/1/10 14145/1/10 14158/1/10
f 14143/1/10 14144/1/10 14158/1/10
f 14158/1/10 14145/1/10 14159/1/10
f 14159/1/10 14145/1/10 14160/1/10
f 14146/1/10 14147/1/10 14161/1/10
f 14147/1/10 14148/1/10 14161/1/10
f 14161/1/10 14148/1/10 14162/1/10
f 14162/1/10 14148/1/10 14163/1/10
f 14150/1/10 14151/1/10 14166/1/10
f 14149/1/10 14150/1/10 14166/1/10
f 14166/1/10 14151/1/10 14167/1/10
f 14167/1/10 14151/1/10 14168/1/10
f 14155/1/10 14156/1/10 14169/1/10
f 14154/1/10 14155/1/10 14169/1/10
f 14169/1/10 14156/1/10 14170/1/10
f 14170/1/10 14156/1/10 14171/1/10
f 14158/1/10 14159/1/10 14174/1/10
f 14157/1/10 14158/1/10 14174/1/10
f 14174/1/10 14159/1/10 14175/1/10
f 14175/1/10 14159/1/10 14176/1/10
f 14163/1/10 14164/1/10 14177/1/10
f 14162/1/10 14163/1/10 14177/1/10
f 14177/1/10 14164/1/10 14178/1/10
f 14178/1/10 14164/1/10 14179/1/10
f 14166/1/10 14167/1/10 14181/1/10
f 14165/1/10 14166/1/10 14181/1/10
f 14181/1/10 14167/1/10 14182/1/10
f 14171/1/10 14172/1/10 14183/1/10
f 14170/1/10 14171/1/10 14183/1/10
f 14183/1/10 14172/1/10 14184/1/10
f 14174/1/10 14175/1/10 14185/1/10
f 14173/1/10 14174/1/10 14185/1/10
f 14185/1/10 14175/1/10 14186/1/10
f 14179/1/10 14180/1/10 14187/1/10
f 14178/1/10 14179/1/10 14187/1/10
f 14187/1/10 14180/1/10 14188/1/10
f 14165/1/10 14181/1/10 14189/1/10
f 14184/1/10 14172/1/10 14192/1/10
f 14173/1/10 14185/1/10 14193/1/10
f 14188/1/10 14180/1/10 14196/1/10
f 14189/1/10 14190/1/10 14197/1/10
f 14165/1/10 14189/1/10 14197/1/10
f 14197/1/10 14190/1/10 14198/1/10
f 14198/1/10 14190/1/10 14199/1/10
f 14191/1/10 14192/1/10 14202/1/10
f 14192/1/10 14172/1/10 14203/1/10
f 14202/1/10 14192/1/10 14203/1/10
f 14203/1/10 14172/1/10 14204/1/10
f 14193/1/10 14194/1/10 14205/1/10
f 14173/1/10 14193/1/10 14205/1/10
f 14205/1/10 14194/1/10 14206/1/10
f 14206/1/10 14194/1/10 14207/1/10
f 14195/1/10 14196/1/10 14210/1/10
f 14196/1/10 14180/1/10 14211/1/10
f 14210/1/10 14196/1/10 14211/1/10
f 14211/1/10 14180/1/10 14212/1/10
f 14199/1/10 14200/1/10 14213/1/10
f 14198/1/10 14199/1/10 14213/1/10
f 14213/1/10 14200/1/10 14214/1/10
f 14214/1/10 14200/1/10 14215/1/10
f 14201/1/10 14202/1/10 14218/1/10
f 14202/1/10 14203/1/10 14218/1/10
f 14218/1/10 14203/1/10 14219/1/10
f 14219/1/10 14203/1/10 14220/1/10
f 14207/1/10 14208/1/10 14221/1/10
f 14206/1/10 14207/1/10 14221/1/10
f 14221/1/10 14208/1/10 14222/1/10
f 14222/1/10 14208/1/10 14223/1/10
f 14210/1/10 14211/1/10 14226/1/10
f 14209/1/10 14210/1/10 14226/1/10
f 14226/1/10 14211/1/10 14227/1/10
f 14227/1/10 14211/1/10 14228/1/10
f 14215/1/10 14216/1/10 14229/1/10
f 14214/1/10 14215/1/10 14229/1/10
f 14229/1/10 14216/1/10 14230/1/10
f 14230/1/10 14216/1/10 14231/1/10
f 14218/1/10 14219/1/10 14232/1/10
f 14217/1/10 14218/1/10 14232/1/10
f 14232/1/10 14219/1/10 14233/1/10
f 14233/1/10 14219/1/10 14234/1/10
f 14223/1/10 14224/1/10 14235/1/10
f 14222/1/10 14223/1/10 14235/1/10
f 14235/1/10 14224/1/10 14236/1/10
f 14236/1/10 14224/1/10 14237/1/10
f 14226/1/10 14227/1/10 14238/1/10
f 14225/1/10 14226/1/10 14238/1/10
f 14238/1/10 14227/1/10 14239/1/10
f 14239/1/10 14227/1/10 14240/1/10
f 14232/1/10 14233/1/10 14241/1/10
f 14230/1/10 14231/1/10 14241/1/10
f 14231/1/10 14232/1/10 14241/1/10
f 14241/1/10 14233/1/10 14242/1/10
f 14238/1/10 14239/1/10 14243/1/10
f 14236/1/10 14237/1/10 14243/1/10
f 14237/1/10 14238/1/10 14243/1/10
f 14243/1/10 14239/1/10 14244/1/10
f 14245/1/10 14246/1/10 14252/1/10
f 14252/1/10 14246/1/10 14253/1/10
f 14253/1/10 14246/1/10 14254/1/10
f 14254/1/10 14246/1/10 14255/1/10
f 14247/1/10 14248/1/10 14258/1/10
f 14258/1/10 14248/1/10 14259/1/10
f 14259/1/10 14248/1/10 14260/1/10
f 14260/1/10 14248/1/10 14261/1/10
f 14249/1/10 14250/1/10 14264/1/10
f 14264/1/10 14250/1/10 14265/1/10
f 14265/1/10 14250/1/10 14266/1/10
f 14266/1/10 14250/1/10 14267/1/10
f 14251/1/10 14252/1/10 14270/1/10
f 14252/1/10 14253/1/10 14270/1/10
f 14270/1/10 14253/1/10 14271/1/10
f 14271/1/10 14253/1/10 14272/1/10
f 14255/1/10 14256/1/10 14273/1/10
f 14254/1/10 14255/1/10 14273/1/10
f 14273/1/10 14256/1/10 14274/1/10
f 14274/1/10 14256/1/10 14275/1/10
f 14257/1/10 14258/1/10 14278/1/10
f 14258/1/10 14259/1/10 14278/1/10
f 14278/1/10 14259/1/10 14279/1/10
f 14279/1/10 14259/1/10 14280/1/10
f 14261/1/10 14262/1/10 14281/1/10
f 14260/1/10 14261/1/10 14281/1/10
f 14281/1/10 14262/1/10 14282/1/10
f 14282/1/10 14262/1/10 14283/1/10
f 14264/1/10 14265/1/10 14286/1/10
f 14263/1/10 14264/1/10 14286/1/10
f 14286/1/10 14265/1/10 14287/1/10
f 14287/1/10 14265/1/10 14288/1/10
f 14267/1/10 14268/1/10 14289/1/10
f 14266/1/10 14267/1/10 14289/1/10
f 14289/1/10 14268/1/10 14290/1/10
f 14290/1/10 14268/1/10 14291/1/10
f 14270/1/10 14271/1/10 14294/1/10
f 14269/1/10 14270/1/10 14294/1/10
f 14294/1/10 14271/1/10 14295/1/10
f 14295/1/10 14271/1/10 14296/1/10
f 14275/1/10 14276/1/10 14297/1/10
f 14274/1/10 14275/1/10 14297/1/10
f 14297/1/10 14276/1/10 14298/1/10
f 14298/1/10 14276/1/10 14299/1/10
f 14278/1/10 14279/1/10 14302/1/10
f 14277/1/10 14278/1/10 14302/1/10
f 14302/1/10 14279/1/10 14303/1/10
f 14303/1/10 14279/1/10 14304/1/10
f 14283/1/10 14284/1/10 14305/1/10
f 14282/1/10 14283/1/10 14305/1/10
f 14305/1/10 14284/1/10 14306/1/10
f 14306/1/10 14284/1/10 14307/1/10
f 14286/1/10 14287/1/10 14310/1/10
f 14285/1/10 14286/1/10 14310/1/10
f 14310/1/10 14287/1/10 14311/1/10
f 14311/1/10 14287/1/10 14312/1/10
f 14291/1/10 14292/1/10 14313/1/10
f 14290/1/10 14291/1/10 14313/1/10
f 14313/1/10 14292/1/10 14314/1/10
f 14314/1/10 14292/1/10 14315/1/10
f 14294/1/10 14295/1/10 14317/1/10
f 14293/1/10 14294/1/10 14317/1/10
f 14317/1/10 14295/1/10 14318/1/10
f 14299/1/10 14300/1/10 14319/1/10
f 14298/1/10 14299/1/10 14319/1/10
f 14319/1/10 14300/1/10 14320/1/10
f 14302/1/10 14303/1/10 14321/1/10
f 14301/1/10 14302/1/10 14321/1/10
f 14321/1/10 14303/1/10 14322/1/10
f 14307/1/10 14308/1/10 14323/1/10
f 14306/1/10 14307/1/10 14323/1/10
f 14323/1/10 14308/1/10 14324/1/10
f 14310/1/10 14311/1/10 14325/1/10
f 14309/1/10 14310/1/10 14325/1/10
f 14325/1/10 14311/1/10 14326/1/10
f 14315/1/10 14316/1/10 14327/1/10
f 14314/1/10 14315/1/10 14327/1/10
f 14327/1/10 14316/1/10 14328/1/10
f 14293/1/10 14317/1/10 14329/1/10
f 14320/1/10 14300/1/10 14332/1/10
f 14301/1/10 14321/1/10 14333/1/10
f 14324/1/10 14308/1/10 14336/1/10
f 14309/1/10 14325/1/10 14337/1/10
f 14328/1/10 14316/1/10 14340/1/10
f 14329/1/10 14330/1/10 14341/1/10
f 14293/1/10 14329/1/10 14341/1/10
f 14341/1/10 14330/1/10 14342/1/10
f 14342/1/10 14330/1/10 14343/1/10
f 14331/1/10 14332/1/10 14346/1/10
f 14332/1/10 14300/1/10 14347/1/10
f 14346/1/10 14332/1/10 14347/1/10
f 14347/1/10 14300/1/10 14348/1/10
f 14333/1/10 14334/1/10 14349/1/10
f 14301/1/10 14333/1/10 14349/1/10
f 14349/1/10 14334/1/10 14350/1/10
f 14350/1/10 14334/1/10 14351/1/10
f 14335/1/10 14336/1/10 14354/1/10
f 14336/1/10 14308/1/10 14355/1/10
f 14354/1/10 14336/1/10 14355/1/10
f 14355/1/10 14308/1/10 14356/1/10
f 14337/1/10 14338/1/10 14357/1/10
f 14309/1/10 14337/1/10 14357/1/10
f 14357/1/10 14338/1/10 14358/1/10
f 14358/1/10 14338/1/10 14359/1/10
f 14339/1/10 14340/1/10 14362/1/10
f 14340/1/10 14316/1/10 14363/1/10
f 14362/1/10 14340/1/10 14363/1/10
f 14363/1/10 14316/1/10 14364/1/10
f 14343/1/10 14344/1/10 14365/1/10
f 14342/1/10 14343/1/10 14365/1/10
f 14365/1/10 14344/1/10 14366/1/10
f 14366/1/10 14344/1/10 14367/1/10
f 14345/1/10 14346/1/10 14370/1/10
f 14346/1/10 14347/1/10 14370/1/10
f 14370/1/10 14347/1/10 14371/1/10
f 14371/1/10 14347/1/10 14372/1/10
f 14351/1/10 14352/1/10 14373/1/10
f 14350/1/10 14351/1/10 14373/1/10
f 14373/1/10 14352/1/10 14374/1/10
f 14374/1/10 14352/1/10 14375/1/10
f 14353/1/10 14354/1/10 14378/1/10
f 14354/1/10 14355/1/10 14378/1/10
f 14378/1/10 14355/1/10 14379/1/10
f 14379/1/10 14355/1/10 14380/1/10
f 14359/1/10 14360/1/10 14381/1/10
f 14358/1/10 14359/1/10 14381/1/10
f 14381/1/10 14360/1/10 14382/1/10
f 14382/1/10 14360/1/10 14383/1/10
f 14362/1/10 14363/1/10 14386/1/10
f 14361/1/10 14362/1/10 14386/1/10
f 14386/1/10 14363/1/10 14387/1/10
f 14387/1/10 14363/1/10 14388/1/10
f 14367/1/10 14368/1/10 14389/1/10
f 14366/1/10 14367/1/10 14389/1/10
f 14389/1/10 14368/1/10 14390/1/10
f 14390/1/10 14368/1/10 14391/1/10
f 14370/1/10 14371/1/10 14392/1/10
f 14369/1/10 14370/1/10 14392/1/10
f 14392/1/10 14371/1/10 14393/1/10
f 14393/1/10 14371/1/10 14394/1/10
f 14375/1/10 14376/1/10 14395/1/10
f 14374/1/10 14375/1/10 14395/1/10
f 14395/1/10 14376/1/10 14396/1/10
f 14396/1/10 14376/1/10 14397/1/10
f 14378/1/10 14379/1/10 14398/1/10
f 14377/1/10 14378/1/10 14398/1/10
f 14398/1/10 14379/1/10 14399/1/10
f 14399/1/10 14379/1/10 14400/1/10
f 14383/1/10 14384/1/10 14401/1/10
f 14382/1/10 14383/1/10 14401/1/10
f 14401/1/10 14384/1/10 14402/1/10
f 14402/1/10 14384/1/10 14403/1/10
f 14386/1/10 14387/1/10 14404/1/10
f 14385/1/10 14386/1/10 14404/1/10
f 14404/1/10 14387/1/10 14405/1/10
f 14405/1/10 14387/1/10 14406/1/10
f 14392/1/10 14393/1/10 14407/1/10
f 14390/1/10 14391/1/10 14407/1/10
f 14391/1/10 14392/1/10 14407/1/10
f 14407/1/10 14393/1/10 14408/1/10
f 14398/1/10 14399/1/10 14409/1/10
f 14396/1/10 14397/1/10 14409/1/10
f 14397/1/10 14398/1/10 14409/1/10
f 14409/1/10 14399/1/10 14410/1/10
f 14402/1/10 14403/1/10 14411/1/10
f 14404/1/10 14405/1/10 14411/1/10
f 14403/1/10 14404/1/10 14411/1/10
f 14411/1/10 14405/1/10 14412/1/10
f 14413/1/10 14414/1/10 14416/1/10
f 14416/1/10 14414/1/10 14417/1/10
f 14415/1/10 14416/1/10 14420/1/10
f 14417/1/10 14418/1/10 14420/1/10
f 14416/1/10 14417/1/10 14420/1/10
f 14420/1/10 14418/1/10 14421/1/10
f 14421/1/10 14418/1/10 14422/1/10
f 14422/1/10 14418/1/10 14423/1/10
f 14419/1/10 14420/1/10 14426/1/10
f 14420/1/10 14421/1/10 14426/1/10
f 14426/1/10 14421/1/10 14427/1/10
f 14427/1/10 14421/1/10 14428/1/10
f 14422/1/10 14423/1/10 14429/1/10
f 14423/1/10 14424/1/10 14429/1/10
f 14429/1/10 14424/1/10 14430/1/10
f 14430/1/10 14424/1/10 14431/1/10
f 14426/1/10 14427/1/10 14433/1/10
f 14425/1/10 14426/1/10 14433/1/10
f 14433/1/10 14427/1/10 14434/1/10
f 14434/1/10 14427/1/10 14435/1/10
f 14431/1/10 14432/1/10 14438/1/10
f 14430/1/10 14431/1/10 14438/1/10
f 14438/1/10 14432/1/10 14439/1/10
f 14439/1/10 14432/1/10 14440/1/10
f 14435/1/10 14436/1/10 14441/1/10
f 14434/1/10 14435/1/10 14441/1/10
f 14441/1/10 14436/1/10 14442/1/10
f 14442/1/10 14436/1/10 14443/1/10
f 14438/1/10 14439/1/10 14444/1/10
f 14437/1/10 14438/1/10 14444/1/10
f 14444/1/10 14439/1/10 14445/1/10
f 14445/1/10 14439/1/10 14446/1/10
f 14442/1/10 14443/1/10 14447/1/10
f 14444/1/10 14445/1/10 14447/1/10
f 14443/1/10 14444/1/10 14447/1/10
f 14447/1/10 14445/1/10 14448/1/10
f 14448/1/10 14445/1/10 14449/1/10
f 14449/1/10 14445/1/10 14450/1/10
f 14448/1/10 14449/1/10 14451/1/10
f 14451/1/10 14449/1/10 14452/1/10
f 14453/1/10 14454/1/10 14458/1/10
f 14458/1/10 14454/1/10 14459/1/10
f 14455/1/10 14456/1/10 14462/1/10
f 14462/1/10 14456/1/10 14463/1/10
f 14459/1/10 14460/1/10 14466/1/10
f 14457/1/10 14458/1/10 14466/1/10
f 14458/1/10 14459/1/10 14466/1/10
f 14466/1/10 14460/1/10 14467/1/10
f 14467/1/10 14460/1/10 14468/1/10
f 14468/1/10 14460/1/10 14469/1/10
f 14463/1/10 14464/1/10 14472/1/10
f 14462/1/10 14463/1/10 14472/1/10
f 14461/1/10 14462/1/10 14472/1/10
f 14472/1/10 14464/1/10 14473/1/10
f 14473/1/10 14464/1/10 14474/1/10
f 14474/1/10 14464/1/10 14475/1/10
f 14465/1/10 14466/1/10 14478/1/10
f 14466/1/10 14467/1/10 14478/1/10
f 14478/1/10 14467/1/10 14479/1/10
f 14479/1/10 14467/1/10 14480/1/10
f 14469/1/10 14470/1/10 14481/1/10
f 14468/1/10 14469/1/10 14481/1/10
f 14481/1/10 14470/1/10 14482/1/10
f 14482/1/10 14470/1/10 14483/1/10
f 14472/1/10 14473/1/10 14486/1/10
f 14471/1/10 14472/1/10 14486/1/10
f 14486/1/10 14473/1/10 14487/1/10
f 14487/1/10 14473/1/10 14488/1/10
f 14475/1/10 14476/1/10 14489/1/10
f 14474/1/10 14475/1/10 14489/1/10
f 14489/1/10 14476/1/10 14490/1/10
f 14490/1/10 14476/1/10 14491/1/10
f 14478/1/10 14479/1/10 14493/1/10
f 14477/1/10 14478/1/10 14493/1/10
f 14493/1/10 14479/1/10 14494/1/10
f 14494/1/10 14479/1/10 14495/1/10
f 14483/1/10 14484/1/10 14498/1/10
f 14482/1/10 14483/1/10 14498/1/10
f 14498/1/10 14484/1/10 14499/1/10
f 14499/1/10 14484/1/10 14500/1/10
f 14486/1/10 14487/1/10 14501/1/10
f 14485/1/10 14486/1/10 14501/1/10
f 14501/1/10 14487/1/10 14502/1/10
f 14502/1/10 14487/1/10 14503/1/10
f 14491/1/10 14492/1/10 14506/1/10
f 14490/1/10 14491/1/10 14506/1/10
f 14506/1/10 14492/1/10 14507/1/10
f 14507/1/10 14492/1/10 14508/1/10
f 14495/1/10 14496/1/10 14509/1/10
f 14494/1/10 14495/1/10 14509/1/10
f 14509/1/10 14496/1/10 14510/1/10
f 14510/1/10 14496/1/10 14511/1/10
f 14498/1/10 14499/1/10 14512/1/10
f 14497/1/10 14498/1/10 14512/1/10
f 14512/1/10 14499/1/10 14513/1/10
f 14513/1/10 14499/1/10 14514/1/10
f 14503/1/10 14504/1/10 14515/1/10
f 14502/1/10 14503/1/10 14515/1/10
f 14515/1/10 14504/1/10 14516/1/10
f 14516/1/10 14504/1/10 14517/1/10
f 14506/1/10 14507/1/10 14518/1/10
f 14505/1/10 14506/1/10 14518/1/10
f 14518/1/10 14507/1/10 14519/1/10
f 14519/1/10 14507/1/10 14520/1/10
f 14512/1/10 14513/1/10 14521/1/10
f 14510/1/10 14511/1/10 14521/1/10
f 14511/1/10 14512/1/10 14521/1/10
f 14521/1/10 14513/1/10 14522/1/10
f 14522/1/10 14513/1/10 14523/1/10
f 14523/1/10 14513/1/10 14524/1/10
f 14518/1/10 14519/1/10 14525/1/10
f 14516/1/10 14517/1/10 14525/1/10
f 14517/1/10 14518/1/10 14525/1/10
f 14525/1/10 14519/1/10 14526/1/10
f 14526/1/10 14519/1/10 14527/1/10
f 14527/1/10 14519/1/10 14528/1/10
f 14522/1/10 14523/1/10 14529/1/10
f 14529/1/10 14523/1/10 14530/1/10
f 14526/1/10 14527/1/10 14531/1/10
f 14531/1/10 14527/1/10 14532/1/10
f 14533/1/10 14534/1/10 14540/1/10
f 14540/1/10 14534/1/10 14541/1/10
f 14535/1/10 14536/1/10 14544/1/10
f 14544/1/10 14536/1/10 14545/1/10
f 14537/1/10 14538/1/10 14548/1/10
f 14548/1/10 14538/1/10 14549/1/10
f 14541/1/10 14542/1/10 14552/1/10
f 14539/1/10 14540/1/10 14552/1/10
f 14540/1/10 14541/1/10 14552/1/10
f 14552/1/10 14542/1/10 14553/1/10
f 14553/1/10 14542/1/10 14554/1/10
f 14554/1/10 14542/1/10 14555/1/10
f 14545/1/10 14546/1/10 14558/1/10
f 14543/1/10 14544/1/10 14558/1/10
f 14544/1/10 14545/1/10 14558/1/10
f 14558/1/10 14546/1/10 14559/1/10
f 14559/1/10 14546/1/10 14560/1/10
f 14560/1/10 14546/1/10 14561/1/10
f 14549/1/10 14550/1/10 14564/1/10
f 14548/1/10 14549/1/10 14564/1/10
f 14547/1/10 14548/1/10 14564/1/10
f 14564/1/10 14550/1/10 14565/1/10
f 14565/1/10 14550/1/10 14566/1/10
f 14566/1/10 14550/1/10 14567/1/10
f 14551/1/10 14552/1/10 14570/1/10
f 14552/1/10 14553/1/10 14570/1/10
f 14570/1/10 14553/1/10 14571/1/10
f 14571/1/10 14553/1/10 14572/1/10
f 14555/1/10 14556/1/10 14573/1/10
f 14554/1/10 14555/1/10 14573/1/10
f 14573/1/10 14556/1/10 14574/1/10
f 14574/1/10 14556/1/10 14575/1/10
f 14557/1/10 14558/1/10 14578/1/10
f 14558/1/10 14559/1/10 14578/1/10
f 14578/1/10 14559/1/10 14579/1/10
f 14579/1/10 14559/1/10 14580/1/10
f 14561/1/10 14562/1/10 14581/1/10
f 14560/1/10 14561/1/10 14581/1/10
f 14581/1/10 14562/1/10 14582/1/10
f 14582/1/10 14562/1/10 14583/1/10
f 14564/1/10 14565/1/10 14586/1/10
f 14563/1/10 14564/1/10 14586/1/10
f 14586/1/10 14565/1/10 14587/1/10
f 14587/1/10 14565/1/10 14588/1/10
f 14567/1/10 14568/1/10 14589/1/10
f 14566/1/10 14567/1/10 14589/1/10
f 14589/1/10 14568/1/10 14590/1/10
f 14590/1/10 14568/1/10 14591/1/10
f 14570/1/10 14571/1/10 14593/1/10
f 14569/1/10 14570/1/10 14593/1/10
f 14593/1/10 14571/1/10 14594/1/10
f 14594/1/10 14571/1/10 14595/1/10
f 14575/1/10 14576/1/10 14598/1/10
f 14574/1/10 14575/1/10 14598/1/10
f 14598/1/10 14576/1/10 14599/1/10
f 14599/1/10 14576/1/10 14600/1/10
f 14578/1/10 14579/1/10 14601/1/10
f 14577/1/10 14578/1/10 14601/1/10
f 14601/1/10 14579/1/10 14602/1/10
f 14602/1/10 14579/1/10 14603/1/10
f 14583/1/10 14584/1/10 14606/1/10
f 14582/1/10 14583/1/10 14606/1/10
f 14606/1/10 14584/1/10 14607/1/10
f 14607/1/10 14584/1/10 14608/1/10
f 14585/1/10 14586/1/10 14609/1/10
f 14586/1/10 14587/1/10 14609/1/10
f 14609/1/10 14587/1/10 14610/1/10
f 14610/1/10 14587/1/10 14611/1/10
f 14591/1/10 14592/1/10 14614/1/10
f 14590/1/10 14591/1/10 14614/1/10
f 14614/1/10 14592/1/10 14615/1/10
f 14615/1/10 14592/1/10 14616/1/10
f 14595/1/10 14596/1/10 14617/1/10
f 14594/1/10 14595/1/10 14617/1/10
f 14617/1/10 14596/1/10 14618/1/10
f 14618/1/10 14596/1/10 14619/1/10
f 14598/1/10 14599/1/10 14620/1/10
f 14597/1/10 14598/1/10 14620/1/10
f 14620/1/10 14599/1/10 14621/1/10
f 14621/1/10 14599/1/10 14622/1/10
f 14603/1/10 14604/1/10 14623/1/10
f 14602/1/10 14603/1/10 14623/1/10
f 14623/1/10 14604/1/10 14624/1/10
f 14624/1/10 14604/1/10 14625/1/10
f 14606/1/10 14607/1/10 14626/1/10
f 14605/1/10 14606/1/10 14626/1/10
f 14626/1/10 14607/1/10 14627/1/10
f 14627/1/10 14607/1/10 14628/1/10
f 14611/1/10 14612/1/10 14629/1/10
f 14610/1/10 14611/1/10 14629/1/10
f 14629/1/10 14612/1/10 14630/1/10
f 14630/1/10 14612/1/10 14631/1/10
f 14614/1/10 14615/1/10 14632/1/10
f 14613/1/10 14614/1/10 14632/1/10
f 14632/1/10 14615/1/10 14633/1/10
f 14633/1/10 14615/1/10 14634/1/10
f 14620/1/10 14621/1/10 14635/1/10
f 14618/1/10 14619/1/10 14635/1/10
f 14619/1/10 14620/1/10 14635/1/10
f 14635/1/10 14621/1/10 14636/1/10
f 14636/1/10 14621/1/10 14637/1/10
f 14637/1/10 14621/1/10 14638/1/10
f 14626/1/10 14627/1/10 14639/1/10
f 14624/1/10 14625/1/10 14639/1/10
f 14625/1/10 14626/1/10 14639/1/10
f 14639/1/10 14627/1/10 14640/1/10
f 14640/1/10 14627/1/10 14641/1/10
f 14641/1/10 14627/1/10 14642/1/10
f 14630/1/10 14631/1/10 14643/1/10
f 14632/1/10 14633/1/10 14643/1/10
f 14631/1/10 14632/1/10 14643/1/10
f 14643/1/10 14633/1/10 14644/1/10
f 14644/1/10 14633/1/10 14645/1/10
f 14645/1/10 14633/1/10 14646/1/10
f 14636/1/10 14637/1/10 14647/1/10
f 14647/1/10 14637/1/10 14648/1/10
f 14640/1/10 14641/1/10 14649/1/10
f 14649/1/10 14641/1/10 14650/1/10
f 14644/1/10 14645/1/10 14651/1/10
f 14651/1/10 14645/1/10 14652/1/10
f 14653/1/10 14654/1/10 14656/1/10
f 14656/1/10 14654/1/10 14657/1/10
f 14655/1/10 14656/1/10 14659/1/10
f 14657/1/10 14658/1/10 14659/1/10
f 14656/1/10 14657/1/10 14659/1/10
f 14659/1/10 14658/1/10 14660/1/10
f 14660/1/10 14658/1/10 14661/1/10
f 14661/1/10 14658/1/10 14662/1/10
f 14660/1/10 14661/1/10 14663/1/10
f 14663/1/10 14661/1/10 14664/1/10
f 14665/1/10 14666/1/10 14670/1/10
f 14670/1/10 14666/1/10 14671/1/10
f 14667/1/10 14668/1/10 14674/1/10
f 14674/1/10 14668/1/10 14675/1/10
f 14671/1/10 14672/1/10 14677/1/10
f 14669/1/10 14670/1/10 14677/1/10
f 14670/1/10 14671/1/10 14677/1/10
f 14677/1/10 14672/1/10 14678/1/10
f 14678/1/10 14672/1/10 14679/1/10
f 14679/1/10 14672/1/10 14680/1/10
f 14675/1/10 14676/1/10 14681/1/10
f 14674/1/10 14675/1/10 14681/1/10
f 14673/1/10 14674/1/10 14681/1/10
f 14681/1/10 14676/1/10 14682/1/10
f 14682/1/10 14676/1/10 14683/1/10
f 14683/1/10 14676/1/10 14684/1/10
f 14678/1/10 14679/1/10 14685/1/10
f 14685/1/10 14679/1/10 14686/1/10
f 14682/1/10 14683/1/10 14687/1/10
f 14687/1/10 14683/1/10 14688/1/10
f 14689/1/10 14690/1/10 14696/1/10
f 14696/1/10 14690/1/10 14697/1/10
f 14691/1/10 14692/1/10 14700/1/10
f 14700/1/10 14692/1/10 14701/1/10
f 14693/1/10 14694/1/10 14704/1/10
f 14704/1/10 14694/1/10 14705/1/10
f 14697/1/10 14698/1/10 14707/1/10
f 14695/1/10 14696/1/10 14707/1/10
f 14696/1/10 14697/1/10 14707/1/10
f 14707/1/10 14698/1/10 14708/1/10
f 14708/1/10 14698/1/10 14709/1/10
f 14709/1/10 14698/1/10 14710/1/10
f 14701/1/10 14702/1/10 14711/1/10
f 14699/1/10 14700/1/10 14711/1/10
f 14700/1/10 14701/1/10 14711/1/10
f 14711/1/10 14702/1/10 14712/1/10
f 14712/1/10 14702/1/10 14713/1/10
f 14713/1/10 14702/1/10 14714/1/10
f 14705/1/10 14706/1/10 14715/1/10
f 14704/1/10 14705/1/10 14715/1/10
f 14703/1/10 14704/1/10 14715/1/10
f 14715/1/10 14706/1/10 14716/1/10
f 14716/1/10 14706/1/10 14717/1/10
f 14717/1/10 14706/1/10 14718/1/10
f 14708/1/10 14709/1/10 14719/1/10
f 14719/1/10 14709/1/10 14720/1/10
f 14712/1/10 14713/1/10 14721/1/10
f 14721/1/10 14713/1/10 14722/1/10
f 14716/1/10 14717/1/10 14723/1/10
f 14723/1/10 14717/1/10 14724/1/10
f 14725/4/10 14726/4/10 14728/4/10
f 14728/4/10 14726/4/10 14729/4/10
f 14729/4/10 14726/4/10 14730/4/10
f 14730/4/10 14726/4/10 14731/4/10
f 14727/4/10 14728/4/10 14734/4/10
f 14728/4/10 14729/4/10 14734/4/10
f 14734/4/10 14729/4/10 14735/4/10
f 14729/6/10 14730/6/10 14736/6/10
f 14735/4/10 14729/4/10 14736/4/10
f 14731/4/10 14732/4/10 14737/4/10
f 14736/6/10 14730/6/10 14737/6/10
f 14730/4/10 14731/4/10 14737/4/10
f 14737/4/10 14732/4/10 14738/4/10
f 14738/4/10 14732/4/10 14739/4/10
f 14733/4/10 14734/4/10 14742/4/10
f 14734/4/10 14735/4/10 14742/4/10
f 14742/4/10 14735/4/10 14743/4/10
f 14735/6/10 14736/6/10 14744/6/10
f 14743/4/10 14735/4/10 14744/4/10
f 14736/6/10 14737/6/10 14744/6/10
f 14737/6/10 14738/6/10 14744/6/10
f 14739/4/10 14740/4/10 14745/4/10
f 14744/6/10 14738/6/10 14745/6/10
f 14738/4/10 14739/4/10 14745/4/10
f 14745/4/10 14740/4/10 14746/4/10
f 14746/4/10 14740/4/10 14747/4/10
f 14742/4/10 14743/4/10 14750/4/10
f 14741/4/10 14742/4/10 14750/4/10
f 14750/4/10 14743/4/10 14751/4/10
f 14743/6/10 14744/6/10 14752/6/10
f 14751/4/10 14743/4/10 14752/4/10
f 14744/6/10 14745/6/10 14752/6/10
f 14745/6/10 14746/6/10 14752/6/10
f 14747/4/10 14748/4/10 14753/4/10
f 14752/6/10 14746/6/10 14753/6/10
f 14746/4/10 14747/4/10 14753/4/10
f 14753/4/10 14748/4/10 14754/4/10
f 14754/4/10 14748/4/10 14755/4/10
f 14750/4/10 14751/4/10 14758/4/10
f 14749/4/10 14750/4/10 14758/4/10
f 14758/4/10 14751/4/10 14759/4/10
f 14751/6/10 14752/6/10 14760/6/10
f 14759/4/10 14751/4/10 14760/4/10
f 14752/6/10 14753/6/10 14760/6/10
f 14753/6/10 14754/6/10 14760/6/10
f 14755/4/10 14756/4/10 14761/4/11
f 14760/6/10 14754/6/10 14761/6/11
f 14754/4/10 14755/4/10 14761/4/11
f 14761/4/11 14756/4/10 14762/4/10
f 14762/4/10 14756/4/10 14763/4/10
f 14758/4/10 14759/4/10 14766/4/10
f 14757/4/10 14758/4/10 14766/4/10
f 14766/4/10 14759/4/10 14767/4/10
f 14759/6/10 14760/6/10 14768/6/10
f 14767/4/10 14759/4/10 14768/4/10
f 14760/6/10 14761/6/11 14768/6/10
f 14761/6/11 14762/6/10 14768/6/10
f 14763/4/10 14764/4/10 14769/4/10
f 14768/6/10 14762/6/10 14769/6/10
f 14762/4/10 14763/4/10 14769/4/10
f 14769/4/10 14764/4/10 14770/4/10
f 14770/4/10 14764/4/10 14771/4/10
f 14766/4/10 14767/4/10 14774/4/10
f 14765/4/10 14766/4/10 14774/4/10
f 14774/4/10 14767/4/10 14775/4/10
f 14767/6/10 14768/6/10 14776/6/10
f 14775/4/10 14767/4/10 14776/4/10
f 14768/6/10 14769/6/10 14776/6/10
f 14769/6/10 14770/6/10 14776/6/10
f 14771/4/10 14772/4/10 14777/4/10
f 14776/6/10 14770/6/10 14777/6/10
f 14770/4/10 14771/4/10 14777/4/10
f 14777/4/10 14772/4/10 14778/4/10
f 14778/4/10 14772/4/10 14779/4/10
f 14774/4/10 14775/4/10 14782/4/10
f 14773/4/10 14774/4/10 14782/4/10
f 14782/4/10 14775/4/10 14783/4/10
f 14775/6/10 14776/6/10 14784/6/10
f 14783/4/10 14775/4/10 14784/4/10
f 14776/6/10 14777/6/10 14784/6/10
f 14777/6/10 14778/6/10 14784/6/10
f 14779/4/10 14780/4/10 14785/4/12
f 14784/6/10 14778/6/10 14785/6/12
f 14778/4/10 14779/4/10 14785/4/12
f 14785/4/12 14780/4/10 14786/4/10
f 14786/4/10 14780/4/10 14787/4/10
f 14782/4/10 14783/4/10 14790/4/10
f 14781/4/10 14782/4/10 14790/4/10
f 14790/4/10 14783/4/10 14791/4/10
f 14783/6/10 14784/6/10 14792/6/10
f 14791/4/10 14783/4/10 14792/4/10
f 14784/6/10 14785/6/12 14792/6/10
f 14785/6/12 14786/6/10 14792/6/10
f 14787/4/10 14788/4/10 14793/4/10
f 14792/6/10 14786/6/10 14793/6/10
f 14786/4/10 14787/4/10 14793/4/10
f 14793/4/10 14788/4/10 14794/4/10
f 14794/4/10 14788/4/10 14795/4/10
f 14790/4/10 14791/4/10 14798/4/10
f 14789/4/10 14790/4/10 14798/4/10
f 14798/4/10 14791/4/10 14799/4/10
f 14791/6/10 14792/6/10 14800/6/10
f 14799/4/10 14791/4/10 14800/4/10
f 14792/6/10 14793/6/10 14800/6/10
f 14793/6/10 14794/6/10 14800/6/10
f 14795/4/10 14796/4/10 14801/4/10
f 14800/6/10 14794/6/10 14801/6/10
f 14794/4/10 14795/4/10 14801/4/10
f 14801/4/10 14796/4/10 14802/4/10
f 14802/4/10 14796/4/10 14803/4/10
f 14798/4/10 14799/4/10 14806/4/10
f 14797/4/10 14798/4/10 14806/4/10
f 14806/4/10 14799/4/10 14807/4/10
f 14799/6/10 14800/6/10 14808/6/10
f 14807/4/10 14799/4/10 14808/4/10
f 14800/6/10 14801/6/10 14808/6/10
f 14801/6/10 14802/6/10 14808/6/10
f 14803/4/10 14804/4/10 14809/4/10
f 14808/6/10 14802/6/10 14809/6/10
f 14802/4/10 14803/4/10 14809/4/10
f 14809/4/10 14804/4/10 14810/4/10
f 14810/4/10 14804/4/10 14811/4/10
f 14806/4/10 14807/4/10 14814/4/10
f 14805/4/10 14806/4/10 14814/4/10
f 14814/4/10 14807/4/10 14815/4/10
f 14807/6/10 14808/6/10 14816/6/10
f 14815/4/10 14807/4/10 14816/4/10
f 14808/6/10 14809/6/10 14816/6/10
f 14809/6/10 14810/6/10 14816/6/10
f 14811/4/10 14812/4/10 14817/4/10
f 14816/6/10 14810/6/10 14817/6/10
f 14810/4/10 14811/4/10 14817/4/10
f 14817/4/10 14812/4/10 14818/4/10
f 14818/4/10 14812/4/10 14819/4/10
f 14814/4/10 14815/4/10 14822/4/10
f 14813/4/10 14814/4/10 14822/4/10
f 14822/4/10 14815/4/10 14823/4/10
f 14815/6/10 14816/6/10 14824/6/10
f 14823/4/10 14815/4/10 14824/4/10
f 14816/6/10 14817/6/10 14824/6/10
f 14817/6/10 14818/6/10 14824/6/10
f 14824/6/10 14818/6/10 14825/6/10
f 14825/6/10 14818/6/10 14826/6/10
f 14819/4/10 14820/4/10 14827/4/10
f 14826/6/10 14818/6/10 14827/6/10
f 14818/4/10 14819/4/10 14827/4/10
f 14827/4/10 14820/4/10 14828/4/10
f 14828/4/10 14820/4/10 14829/4/10
f 14822/4/10 14823/4/10 14832/4/10
f 14821/4/10 14822/4/10 14832/4/10
f 14832/4/10 14823/4/10 14833/4/10
f 14824/6/10 14825/6/10 14834/6/10
f 14833/4/10 14823/4/10 14834/4/10
f 14823/6/10 14824/6/10 14834/6/10
f 14834/6/10 14825/6/10 14835/6/10
f 14835/6/10 14825/6/10 14836/6/10
f 14827/6/10 14828/6/10 14837/6/10
f 14826/6/10 14827/6/10 14837/6/10
f 14837/6/10 14828/6/10 14838/6/10
f 14828/4/10 14829/4/10 14839/4/10
f 14838/6/10 14828/6/10 14839/6/10
f 14829/4/10 14830/4/10 14839/4/10
f 14839/4/10 14830/4/10 14840/4/10
f 14840/4/10 14830/4/10 14841/4/10
f 14832/4/10 14833/4/10 14844/4/10
f 14831/4/10 14832/4/10 14844/4/10
f 14844/4/10 14833/4/10 14845/4/10
f 14834/6/10 14835/6/10 14846/6/10
f 14845/4/10 14833/4/10 14846/4/10
f 14833/6/10 14834/6/10 14846/6/10
f 14846/6/10 14835/6/10 14847/6/10
f 14847/6/10 14835/6/10 14848/6/10
f 14839/6/10 14840/6/10 14849/6/10
f 14838/6/10 14839/6/10 14849/6/10
f 14849/6/10 14840/6/10 14850/6/10
f 14841/4/10 14842/4/10 14851/4/10
f 14850/6/10 14840/6/10 14851/6/10
f 14840/4/10 14841/4/10 14851/4/10
f 14851/4/10 14842/4/10 14852/4/10
f 14852/4/10 14842/4/10 14853/4/10
f 14844/4/10 14845/4/10 14856/4/10
f 14843/4/10 14844/4/10 14856/4/10
f 14856/4/10 14845/4/10 14857/4/10
f 14846/6/10 14847/6/10 14858/6/10
f 14857/4/10 14845/4/10 14858/4/10
f 14845/6/10 14846/6/10 14858/6/10
f 14858/6/10 14847/6/10 14859/6/10
f 14859/6/10 14847/6/10 14860/6/10
f 14851/6/10 14852/6/10 14861/6/10
f 14850/6/10 14851/6/10 14861/6/10
f 14861/6/10 14852/6/10 14862/6/10
f 14853/4/10 14854/4/10 14863/4/10
f 14862/6/10 14852/6/10 14863/6/10
f 14852/4/10 14853/4/10 14863/4/10
f 14863/4/10 14854/4/10 14864/4/10
f 14864/4/10 14854/4/10 14865/4/10
f 14856/4/10 14857/4/10 14868/4/10
f 14855/4/10 14856/4/10 14868/4/10
f 14868/4/10 14857/4/10 14869/4/10
f 14858/6/10 14859/6/10 14870/6/10
f 14869/4/10 14857/4/10 14870/4/10
f 14857/6/10 14858/6/10 14870/6/10
f 14870/6/10 14859/6/10 14871/6/10
f 14871/6/10 14859/6/10 14872/6/10
f 14863/6/10 14864/6/10 14873/6/10
f 14862/6/10 14863/6/10 14873/6/10
f 14873/6/10 14864/6/10 14874/6/10
f 14865/4/10 14866/4/10 14875/4/10
f 14874/6/10 14864/6/10 14875/6/10
f 14864/4/10 14865/4/10 14875/4/10
f 14875/4/10 14866/4/10 14876/4/10
f 14876/4/10 14866/4/10 14877/4/10
f 14868/4/10 14869/4/10 14880/4/10
f 14867/4/10 14868/4/10 14880/4/10
f 14880/4/10 14869/4/10 14881/4/10
f 14870/6/10 14871/6/10 14882/6/10
f 14881/4/10 14869/4/10 14882/4/10
f 14869/6/10 14870/6/10 14882/6/10
f 14882/6/10 14871/6/10 14883/6/10
f 14883/6/10 14871/6/10 14884/6/10
f 14875/6/10 14876/6/10 14885/6/10
f 14874/6/10 14875/6/10 14885/6/10
f 14885/6/10 14876/6/10 14886/6/10
f 14877/4/10 14878/4/10 14887/4/10
f 14886/6/10 14876/6/10 14887/6/10
f 14876/4/10 14877/4/10 14887/4/10
f 14887/4/10 14878/4/10 14888/4/10
f 14888/4/10 14878/4/10 14889/4/10
f 14880/4/10 14881/4/10 14892/4/10
f 14879/4/10 14880/4/10 14892/4/10
f 14892/4/10 14881/4/10 14893/4/10
f 14882/6/10 14883/6/10 14894/6/10
f 14893/4/10 14881/4/10 14894/4/10
f 14881/6/10 14882/6/10 14894/6/10
f 14894/6/10 14883/6/10 14895/6/10
f 14895/6/10 14883/6/10 14896/6/10
f 14887/6/10 14888/6/10 14897/6/10
f 14886/6/10 14887/6/10 14897/6/10
f 14897/6/10 14888/6/10 14898/6/10
f 14889/4/10 14890/4/10 14899/4/10
f 14898/6/10 14888/6/10 14899/6/10
f 14888/4/10 14889/4/10 14899/4/10
f 14899/4/10 14890/4/10 14900/4/10
f 14900/4/10 14890/4/10 14901/4/10
f 14892/4/10 14893/4/10 14904/4/10
f 14891/4/10 14892/4/10 14904/4/10
f 14904/4/10 14893/4/10 14905/4/10
f 14894/6/10 14895/6/10 14906/6/10
f 14905/4/10 14893/4/10 14906/4/10
f 14893/6/10 14894/6/10 14906/6/10
f 14906/6/10 14895/6/10 14907/6/10
f 14907/6/10 14895/6/10 14908/6/10
f 14899/6/10 14900/6/10 14909/6/10
f 14898/6/10 14899/6/10 14909/6/10
f 14909/6/10 14900/6/10 14910/6/10
f 14901/4/10 14902/4/10 14911/4/10
f 14910/6/10 14900/6/10 14911/6/10
f 14900/4/10 14901/4/10 14911/4/10
f 14911/4/10 14902/4/10 14912/4/10
f 14912/4/10 14902/4/10 14913/4/10
f 14904/4/10 14905/4/10 14916/4/10
f 14903/4/10 14904/4/10 14916/4/10
f 14916/4/10 14905/4/10 14917/4/10
f 14906/6/10 14907/6/10 14918/6/10
f 14917/4/10 14905/4/10 14918/4/10
f 14905/6/10 14906/6/10 14918/6/10
f 14918/6/10 14907/6/10 14919/6/10
f 14919/6/10 14907/6/10 14920/6/10
f 14911/6/10 14912/6/10 14921/6/10
f 14910/6/10 14911/6/10 14921/6/10
f 14921/6/10 14912/6/10 14922/6/10
f 14913/4/10 14914/4/10 14923/4/10
f 14922/6/10 14912/6/10 14923/6/10
f 14912/4/10 14913/4/10 14923/4/10
f 14923/4/10 14914/4/10 14924/4/10
f 14924/4/10 14914/4/10 14925/4/10
f 14916/4/10 14917/4/10 14928/4/10
f 14915/4/10 14916/4/10 14928/4/10
f 14928/4/10 14917/4/10 14929/4/10
f 14918/6/10 14919/6/10 14930/6/10
f 14929/4/10 14917/4/10 14930/4/10
f 14917/6/10 14918/6/10 14930/6/10
f 14930/6/10 14919/6/10 14931/6/10
f 14931/6/10 14919/6/10 14932/6/10
f 14923/6/10 14924/6/10 14933/6/10
f 14922/6/10 14923/6/10 14933/6/10
f 14933/6/10 14924/6/10 14934/6/10
f 14925/4/10 14926/4/10 14935/4/10
f 14934/6/10 14924/6/10 14935/6/10
f 14924/4/10 14925/4/10 14935/4/10
f 14935/4/10 14926/4/10 14936/4/10
f 14936/4/10 14926/4/10 14937/4/10
f 14928/4/10 14929/4/10 14940/4/10
f 14927/4/10 14928/4/10 14940/4/10
f 14940/4/10 14929/4/10 14941/4/10
f 14930/6/10 14931/6/10 14942/6/10
f 14941/4/10 14929/4/10 14942/4/10
f 14929/6/10 14930/6/10 14942/6/10
f 14942/6/10 14931/6/10 14943/6/10
f 14943/6/10 14931/6/10 14944/6/10
f 14935/6/10 14936/6/10 14945/6/10
f 14934/6/10 14935/6/10 14945/6/10
f 14945/6/10 14936/6/10 14946/6/10
f 14937/4/10 14938/4/10 14947/4/10
f 14946/6/10 14936/6/10 14947/6/10
f 14936/4/10 14937/4/10 14947/4/10
f 14947/4/10 14938/4/10 14948/4/10
f 14948/4/10 14938/4/10 14949/4/10
f 14940/4/10 14941/4/10 14952/4/10
f 14939/4/10 14940/4/10 14952/4/10
f 14952/4/10 14941/4/10 14953/4/10
f 14942/6/10 14943/6/10 14954/6/10
f 14953/4/10 14941/4/10 14954/4/10
f 14941/6/10 14942/6/10 14954/6/10
f 14954/6/10 14943/6/10 14955/6/10
f 14955/6/10 14943/6/10 14956/6/10
f 14947/6/10 14948/6/10 14957/6/10
f 14946/6/10 14947/6/10 14957/6/10
f 14957/6/10 14948/6/10 14958/6/10
f 14949/4/10 14950/4/10 14959/4/10
f 14958/6/10 14948/6/10 14959/6/10
f 14948/4/10 14949/4/10 14959/4/10
f 14959/4/10 14950/4/10 14960/4/10
f 14960/4/10 14950/4/10 14961/4/10
f 14952/4/10 14953/4/10 14964/4/10
f 14951/4/10 14952/4/10 14964/4/10
f 14964/4/10 14953/4/10 14965/4/10
f 14954/6/10 14955/6/10 14966/6/10
f 14965/4/10 14953/4/10 14966/4/10
f 14953/6/10 14954/6/10 14966/6/10
f 14966/6/10 14955/6/10 14967/6/10
f 14967/6/10 14955/6/10 14968/6/10
f 14959/6/10 14960/6/10 14969/6/10
f 14958/6/10 14959/6/10 14969/6/10
f 14969/6/10 14960/6/10 14970/6/10
f 14961/4/10 14962/4/10 14971/4/10
f 14970/6/10 14960/6/10 14971/6/10
f 14960/4/10 14961/4/10 14971/4/10
f 14971/4/10 14962/4/10 14972/4/10
f 14972/4/10 14962/4/10 14973/4/10
f 14964/4/10 14965/4/10 14976/4/10
f 14963/4/10 14964/4/10 14976/4/10
f 14976/4/10 14965/4/10 14977/4/10
f 14966/6/10 14967/6/10 14978/6/10
f 14977/4/10 14965/4/10 14978/4/10
f 14965/6/10 14966/6/10 14978/6/10
f 14978/6/10 14967/6/10 14979/6/10
f 14979/6/10 14967/6/10 14980/6/10
f 14971/6/10 14972/6/10 14981/6/10
f 14970/6/10 14971/6/10 14981/6/10
f 14981/6/10 14972/6/10 14982/6/10
f 14973/4/10 14974/4/10 14983/4/10
f 14982/6/10 14972/6/10 14983/6/10
f 14972/4/10 14973/4/10 14983/4/10
f 14983/4/10 14974/4/10 14984/4/10
f 14984/4/10 14974/4/10 14985/4/10
f 14976/4/10 14977/4/10 14988/4/10
f 14975/4/10 14976/4/10 14988/4/10
f 14988/4/10 14977/4/10 14989/4/10
f 14978/6/10 14979/6/10 14990/6/10
f 14989/4/10 14977/4/10 14990/4/10
f 14977/6/10 14978/6/10 14990/6/10
f 14990/6/10 14979/6/10 14991/6/10
f 14991/6/10 14979/6/10 14992/6/10
f 14983/6/10 14984/6/10 14993/6/10
f 14982/6/10 14983/6/10 14993/6/10
f 14993/6/10 14984/6/10 14994/6/10
f 14985/4/10 14986/4/10 14995/4/10
f 14994/6/10 14984/6/10 14995/6/10
f 14984/4/10 14985/4/10 14995/4/10
f 14995/4/10 14986/4/10 14996/4/10
f 14996/4/10 14986/4/10 14997/4/10
f 14988/4/10 14989/4/10 15000/4/10
f 14987/4/10 14988/4/10 15000/4/10
f 15000/4/10 14989/4/10 15001/4/10
f 14990/6/10 14991/6/10 15002/6/10
f 15001/4/10 14989/4/10 15002/4/10
f 14989/6/10 14990/6/10 15002/6/10
f 15002/6/10 14991/6/10 15003/6/10
f 15003/6/10 14991/6/10 15004/6/10
f 14995/6/10 14996/6/10 15005/6/10
f 14994/6/10 14995/6/10 15005/6/10
f 15005/6/10 14996/6/10 15006/6/10
f 14997/4/10 14998/4/10 15007/4/10
f 15006/6/10 14996/6/10 15007/6/10
f 14996/4/10 14997/4/10 15007/4/10
f 15007/4/10 14998/4/10 15008/4/10
f 15008/4/10 14998/4/10 15009/4/10
f 15000/4/10 15001/4/10 15012/4/10
f 14999/4/10 15000/4/10 15012/4/10
f 15012/4/10 15001/4/10 15013/4/10
f 15002/6/10 15003/6/10 15014/6/10
f 15013/4/10 15001/4/10 15014/4/10
f 15001/6/10 15002/6/10 15014/6/10
f 15014/6/10 15003/6/10 15015/6/10
f 15015/6/10 15003/6/10 15016/6/10
f 15007/6/10 15008/6/10 15017/6/10
f 15006/6/10 15007/6/10 15017/6/10
f 15017/6/10 15008/6/10 15018/6/10
f 15009/4/10 15010/4/10 15019/4/10
f 15018/6/10 15008/6/10 15019/6/10
f 15008/4/10 15009/4/10 15019/4/10
f 15019/4/10 15010/4/10 15020/4/10
f 15020/4/10 15010/4/10 15021/4/10
f 15012/4/10 15013/4/10 15024/4/10
f 15011/4/10 15012/4/10 15024/4/10
f 15024/4/10 15013/4/10 15025/4/10
f 15014/6/10 15015/6/10 15026/6/10
f 15025/4/10 15013/4/10 15026/4/10
f 15013/6/10 15014/6/10 15026/6/10
f 15026/6/10 15015/6/10 15027/6/10
f 15027/6/10 15015/6/10 15028/6/10
f 15019/6/10 15020/6/10 15029/6/10
f 15018/6/10 15019/6/10 15029/6/10
f 15029/6/10 15020/6/10 15030/6/10
f 15021/4/10 15022/4/10 15031/4/10
f 15030/6/10 15020/6/10 15031/6/10
f 15020/4/10 15021/4/10 15031/4/10
f 15031/4/10 15022/4/10 15032/4/10
f 15032/4/10 15022/4/10 15033/4/10
f 15024/4/10 15025/4/10 15035/4/10
f 15023/4/10 15024/4/10 15035/4/10
f 15026/6/10 15027/6/10 15036/6/10
f 15035/4/10 15025/4/10 15036/4/10
f 15025/6/10 15026/6/10 15036/6/10
f 15036/6/10 15027/6/10 15037/6/10
f 15037/6/10 15027/6/10 15038/6/10
f 15031/6/10 15032/6/10 15039/6/10
f 15030/6/10 15031/6/10 15039/6/10
f 15039/6/10 15032/6/10 15040/6/10
f 15033/4/10 15034/4/10 15041/4/10
f 15040/6/10 15032/6/10 15041/6/10
f 15032/4/10 15033/4/10 15041/4/10
f 15041/4/10 15034/4/10 15042/4/10
f 15023/4/10 15035/4/10 15044/4/10
f 15036/6/10 15037/6/10 15045/6/10
f 15035/6/10 15036/6/10 15045/6/10
f 15045/6/10 15037/6/10 15046/6/10
f 15041/6/10 15042/6/10 15047/6/10
f 15040/6/10 15041/6/10 15047/6/10
f 15047/6/10 15042/6/10 15048/6/10
f 15042/4/10 15034/4/10 15049/4/10
f 15043/4/10 15044/4/10 15052/4/10
f 15044/4/10 15035/4/10 15053/4/10
f 15052/4/10 15044/4/10 15053/4/10
f 15035/6/10 15045/6/10 15054/6/10
f 15053/4/10 15035/4/10 15054/4/10
f 15054/6/10 15045/6/10 15055/6/10
f 15055/6/10 15045/6/10 15056/6/10
f 15048/6/10 15042/6/10 15057/6/10
f 15057/6/10 15042/6/10 15058/6/10
f 15049/4/10 15050/4/10 15059/4/10
f 15058/6/10 15042/6/10 15059/6/10
f 15042/4/10 15049/4/10 15059/4/10
f 15059/4/10 15050/4/10 15060/4/10
f 15060/4/10 15050/4/10 15061/4/10
f 15052/4/10 15053/4/10 15064/4/10
f 15051/4/10 15052/4/10 15064/4/10
f 15064/4/10 15053/4/10 15065/4/10
f 15053/6/10 15054/6/10 15066/6/10
f 15065/4/10 15053/4/10 15066/4/10
f 15054/6/10 15055/6/10 15066/6/10
f 15066/6/10 15055/6/10 15067/6/10
f 15067/6/10 15055/6/10 15068/6/10
f 15059/6/10 15060/6/10 15069/6/10
f 15058/6/10 15059/6/10 15069/6/10
f 15069/6/10 15060/6/10 15070/6/10
f 15061/4/10 15062/4/10 15071/4/10
f 15070/6/10 15060/6/10 15071/6/10
f 15060/4/10 15061/4/10 15071/4/10
f 15071/4/10 15062/4/10 15072/4/10
f 15072/4/10 15062/4/10 15073/4/10
f 15064/4/10 15065/4/10 15076/4/10
f 15063/4/10 15064/4/10 15076/4/10
f 15076/4/10 15065/4/10 15077/4/10
f 15066/6/10 15067/6/10 15078/6/10
f 15077/4/10 15065/4/10 15078/4/10
f 15065/6/10 15066/6/10 15078/6/10
f 15078/6/10 15067/6/10 15079/6/10
f 15079/6/10 15067/6/10 15080/6/10
f 15071/6/10 15072/6/10 15081/6/10
f 15070/6/10 15071/6/10 15081/6/10
f 15081/6/10 15072/6/10 15082/6/10
f 15073/4/10 15074/4/10 15083/4/10
f 15082/6/10 15072/6/10 15083/6/10
f 15072/4/10 15073/4/10 15083/4/10
f 15083/4/10 15074/4/10 15084/4/10
f 15084/4/10 15074/4/10 15085/4/10
f 15076/4/10 15077/4/10 15087/4/10
f 15075/4/10 15076/4/10 15087/4/10
f 15078/6/10 15079/6/10 15088/6/10
f 15087/4/10 15077/4/10 15088/4/10
f 15077/6/10 15078/6/10 15088/6/10
f 15088/6/10 15079/6/10 15089/6/10
f 15089/6/10 15079/6/10 15090/6/10
f 15083/6/10 15084/6/10 15091/6/10
f 15082/6/10 15083/6/10 15091/6/10
f 15091/6/10 15084/6/10 15092/6/10
f 15085/4/10 15086/4/10 15093/4/10
f 15092/6/10 15084/6/10 15093/6/10
f 15084/4/10 15085/4/10 15093/4/10
f 15093/4/10 15086/4/10 15094/4/10
f 15075/4/10 15087/4/10 15096/4/10
f 15094/4/10 15086/4/10 15097/4/10
f 15095/4/10 15096/4/10 15100/4/10
f 15096/4/10 15087/4/10 15101/4/10
f 15100/4/10 15096/4/10 15101/4/10
f 15088/6/10 15089/6/10 15102/6/10
f 15101/4/10 15087/4/10 15102/4/10
f 15087/6/10 15088/6/10 15102/6/10
f 15102/6/10 15089/6/10 15103/6/10
f 15103/6/10 15089/6/10 15104/6/10
f 15093/6/10 15094/6/10 15105/6/10
f 15092/6/10 15093/6/10 15105/6/10
f 15105/6/10 15094/6/10 15106/6/10
f 15097/4/10 15098/4/10 15107/4/10
f 15106/6/10 15094/6/10 15107/6/10
f 15094/4/10 15097/4/10 15107/4/10
f 15107/4/10 15098/4/10 15108/4/10
f 15108/4/10 15098/4/10 15109/4/10
f 15100/4/10 15101/4/10 15111/4/10
f 15099/4/10 15100/4/10 15111/4/10
f 15102/6/10 15103/6/10 15112/6/10
f 15111/4/10 15101/4/10 15112/4/10
f 15101/6/10 15102/6/10 15112/6/10
f 15112/6/10 15103/6/10 15113/6/10
f 15113/6/10 15103/6/10 15114/6/10
f 15107/6/10 15108/6/10 15115/6/10
f 15106/6/10 15107/6/10 15115/6/10
f 15115/6/10 15108/6/10 15116/6/10
f 15109/4/10 15110/4/10 15117/4/10
f 15116/6/10 15108/6/10 15117/6/10
f 15108/4/10 15109/4/10 15117/4/10
f 15117/4/10 15110/4/10 15118/4/10
f 15099/4/10 15111/4/10 15120/4/10
f 15118/4/10 15110/4/10 15121/4/10
f 15119/4/10 15120/4/10 15124/4/10
f 15120/4/10 15111/4/10 15125/4/10
f 15124/4/10 15120/4/10 15125/4/10
f 15112/6/10 15113/6/10 15126/6/10
f 15125/4/10 15111/4/10 15126/4/10
f 15111/6/10 15112/6/10 15126/6/10
f 15126/6/10 15113/6/10 15127/6/10
f 15127/6/10 15113/6/10 15128/6/10
f 15116/6/10 15117/6/10 15129/6/10
f 15117/6/10 15118/6/10 15129/6/10
f 15129/6/10 15118/6/10 15130/6/10
f 15121/4/10 15122/4/10 15131/4/10
f 15130/6/10 15118/6/10 15131/6/10
f 15118/4/10 15121/4/10 15131/4/10
f 15131/4/10 15122/4/10 15132/4/10
f 15132/4/10 15122/4/10 15133/4/10
f 15124/4/10 15125/4/10 15135/4/10
f 15123/4/10 15124/4/10 15135/4/10
f 15126/6/10 15127/6/10 15136/6/10
f 15135/4/10 15125/4/10 15136/4/10
f 15125/6/10 15126/6/10 15136/6/10
f 15136/6/10 15127/6/10 15137/6/10
f 15137/6/10 15127/6/10 15138/6/10
f 15131/6/10 15132/6/10 15139/6/10
f 15130/6/10 15131/6/10 15139/6/10
f 15139/6/10 15132/6/10 15140/6/10
f 15133/4/10 15134/4/10 15141/4/10
f 15140/6/10 15132/6/10 15141/6/10
f 15132/4/10 15133/4/10 15141/4/10
f 15141/4/10 15134/4/10 15142/4/10
f 15123/4/10 15135/4/10 15144/4/10
f 15142/4/10 15134/4/10 15145/4/10
f 15143/4/10 15144/4/10 15147/4/10
f 15144/4/10 15135/4/10 15147/4/10
f 15136/6/10 15137/6/10 15148/6/10
f 15147/4/10 15135/4/10 15148/4/10
f 15135/6/10 15136/6/10 15148/6/10
f 15148/6/10 15137/6/10 15149/6/10
f 15149/6/10 15137/6/10 15150/6/10
f 15140/6/10 15141/6/10 15151/6/10
f 15141/6/10 15142/6/10 15151/6/10
f 15151/6/10 15142/6/10 15152/6/10
f 15145/4/10 15146/4/10 15153/4/10
f 15152/6/10 15142/6/10 15153/6/10
f 15142/4/10 15145/4/10 15153/4/10
f 15153/4/10 15146/4/10 15154/4/10
f 15143/4/10 15147/4/10 15156/4/10
f 15154/4/10 15146/4/10 15157/4/10
f 15155/4/10 15156/4/10 15160/4/10
f 15156/4/10 15147/4/10 15161/4/10
f 15160/4/10 15156/4/10 15161/4/10
f 15148/6/10 15149/6/10 15162/6/10
f 15161/4/10 15147/4/10 15162/4/10
f 15147/6/10 15148/6/10 15162/6/10
f 15162/6/10 15149/6/10 15163/6/10
f 15163/6/10 15149/6/10 15164/6/10
f 15153/6/10 15154/6/10 15165/6/10
f 15152/6/10 15153/6/10 15165/6/10
f 15165/6/10 15154/6/10 15166/6/10
f 15157/4/10 15158/4/10 15167/4/10
f 15166/6/10 15154/6/10 15167/6/10
f 15154/4/10 15157/4/10 15167/4/10
f 15167/4/10 15158/4/10 15168/4/10
f 15168/4/10 15158/4/10 15169/4/10
f 15160/4/10 15161/4/10 15171/4/10
f 15159/4/10 15160/4/10 15171/4/10
f 15162/6/10 15163/6/10 15172/6/10
f 15171/4/10 15161/4/10 15172/4/10
f 15161/6/10 15162/6/10 15172/6/10
f 15172/6/10 15163/6/10 15173/6/10
f 15173/6/10 15163/6/10 15174/6/10
f 15167/6/10 15168/6/10 15175/6/10
f 15166/6/10 15167/6/10 15175/6/10
f 15175/6/10 15168/6/10 15176/6/10
f 15169/4/10 15170/4/10 15177/4/10
f 15176/6/10 15168/6/10 15177/6/10
f 15168/4/10 15169/4/10 15177/4/10
f 15177/4/10 15170/4/10 15178/4/10
f 15159/4/10 15171/4/10 15180/4/10
f 15178/4/10 15170/4/10 15181/4/10
f 15179/4/10 15180/4/10 15183/4/10
f 15180/4/10 15171/4/10 15183/4/10
f 15172/6/10 15173/6/10 15184/6/10
f 15183/4/10 15171/4/10 15184/4/10
f 15171/6/10 15172/6/10 15184/6/10
f 15184/6/10 15173/6/10 15185/6/10
f 15185/6/10 15173/6/10 15186/6/10
f 15177/6/10 15178/6/10 15187/6/10
f 15176/6/10 15177/6/10 15187/6/10
f 15187/6/10 15178/6/10 15188/6/10
f 15181/4/10 15182/4/10 15189/4/10
f 15188/6/10 15178/6/10 15189/6/10
f 15178/4/10 15181/4/10 15189/4/10
f 15189/4/10 15182/4/10 15190/4/10
f 15179/4/10 15183/4/10 15192/4/10
f 15190/4/10 15182/4/10 15193/4/10
f 15191/4/10 15192/4/10 15195/4/10
f 15192/4/10 15183/4/10 15195/4/10
f 15184/6/10 15185/6/10 15196/6/10
f 15195/4/10 15183/4/10 15196/4/10
f 15183/6/10 15184/6/10 15196/6/10
f 15196/6/10 15185/6/10 15197/6/10
f 15197/6/10 15185/6/10 15198/6/10
f 15189/6/10 15190/6/10 15199/6/10
f 15188/6/10 15189/6/10 15199/6/10
f 15199/6/10 15190/6/10 15200/6/10
f 15193/4/10 15194/4/10 15201/4/10
f 15200/6/10 15190/6/10 15201/6/10
f 15190/4/10 15193/4/10 15201/4/10
f 15201/4/10 15194/4/10 15202/4/10
f 15191/4/10 15195/4/10 15204/4/10
f 15202/4/10 15194/4/10 15205/4/10
f 15203/4/10 15204/4/10 15207/4/10
f 15204/4/10 15195/4/10 15207/4/10
f 15196/6/10 15197/6/10 15208/6/10
f 15207/4/10 15195/4/10 15208/4/10
f 15195/6/10 15196/6/10 15208/6/10
f 15208/6/10 15197/6/10 15209/6/10
f 15209/6/10 15197/6/10 15210/6/10
f 15201/6/10 15202/6/10 15211/6/10
f 15200/6/10 15201/6/10 15211/6/10
f 15211/6/10 15202/6/10 15212/6/10
f 15205/4/10 15206/4/10 15213/4/10
f 15212/6/10 15202/6/10 15213/6/10
f 15202/4/10 15205/4/10 15213/4/10
f 15213/4/10 15206/4/10 15214/4/10
f 15203/4/10 15207/4/10 15216/4/10
f 15214/4/10 15206/4/10 15217/4/10
f 15215/4/10 15216/4/10 15219/4/10
f 15216/4/10 15207/4/10 15219/4/10
f 15208/6/10 15209/6/10 15220/6/10
f 15219/4/10 15207/4/10 15220/4/10
f 15207/6/10 15208/6/10 15220/6/10
f 15220/6/10 15209/6/10 15221/6/10
f 15221/6/10 15209/6/10 15222/6/10
f 15213/6/10 15214/6/10 15223/6/10
f 15212/6/10 15213/6/10 15223/6/10
f 15223/6/10 15214/6/10 15224/6/10
f 15217/4/10 15218/4/10 15225/4/10
f 15224/6/10 15214/6/10 15225/6/10
f 15214/4/10 15217/4/10 15225/4/10
f 15225/4/10 15218/4/10 15226/4/10
f 15215/4/10 15219/4/10 15228/4/10
f 15226/4/10 15218/4/10 15229/4/10
f 15227/4/10 15228/4/10 15231/4/10
f 15228/4/10 15219/4/10 15231/4/10
f 15220/6/10 15221/6/10 15232/6/10
f 15231/4/10 15219/4/10 15232/4/10
f 15219/6/10 15220/6/10 15232/6/10
f 15232/6/10 15221/6/10 15233/6/10
f 15233/6/10 15221/6/10 15234/6/10
f 15225/6/10 15226/6/10 15235/6/10
f 15224/6/10 15225/6/10 15235/6/10
f 15235/6/10 15226/6/10 15236/6/10
f 15229/4/10 15230/4/10 15237/4/10
f 15236/6/10 15226/6/10 15237/6/10
f 15226/4/10 15229/4/10 15237/4/10
f 15237/4/10 15230/4/10 15238/4/10
f 15227/4/10 15231/4/10 15240/4/10
f 15238/4/10 15230/4/10 15241/4/10
f 15239/4/10 15240/4/10 15243/4/10
f 15240/4/10 15231/4/10 15243/4/10
f 15232/6/10 15233/6/10 15244/6/10
f 15243/4/10 15231/4/10 15244/4/10
f 15231/6/10 15232/6/10 15244/6/10
f 15244/6/10 15233/6/10 15245/6/10
f 15245/6/10 15233/6/10 15246/6/10
f 15237/6/10 15238/6/10 15247/6/10
f 15236/6/10 15237/6/10 15247/6/10
f 15247/6/10 15238/6/10 15248/6/10
f 15241/4/10 15242/4/10 15249/4/10
f 15248/6/10 15238/6/10 15249/6/10
f 15238/4/10 15241/4/10 15249/4/10
f 15249/4/10 15242/4/10 15250/4/10
f 15239/4/10 15243/4/10 15252/4/10
f 15250/4/10 15242/4/10 15253/4/10
f 15251/4/10 15252/4/10 15255/4/10
f 15252/4/10 15243/4/10 15255/4/10
f 15244/6/10 15245/6/10 15256/6/10
f 15255/4/10 15243/4/10 15256/4/10
f 15243/6/10 15244/6/10 15256/6/10
f 15256/6/10 15245/6/10 15257/6/10
f 15257/6/10 15245/6/10 15258/6/10
f 15249/6/10 15250/6/10 15259/6/10
f 15248/6/10 15249/6/10 15259/6/10
f 15259/6/10 15250/6/10 15260/6/10
f 15253/4/10 15254/4/10 15261/4/10
f 15260/6/10 15250/6/10 15261/6/10
f 15250/4/10 15253/4/10 15261/4/10
f 15261/4/10 15254/4/10 15262/4/10
f 15251/4/10 15255/4/10 15264/4/10
f 15262/4/10 15254/4/10 15265/4/10
f 15263/4/10 15264/4/10 15267/4/10
f 15264/4/10 15255/4/10 15267/4/10
f 15256/6/10 15257/6/10 15268/6/10
f 15267/4/10 15255/4/10 15268/4/10
f 15255/6/10 15256/6/10 15268/6/10
f 15268/6/10 15257/6/10 15269/6/10
f 15269/6/10 15257/6/10 15270/6/10
f 15261/6/10 15262/6/10 15271/6/10
f 15260/6/10 15261/6/10 15271/6/10
f 15271/6/10 15262/6/10 15272/6/10
f 15265/4/10 15266/4/10 15273/4/10
f 15272/6/10 15262/6/10 15273/6/10
f 15262/4/10 15265/4/10 15273/4/10
f 15273/4/10 15266/4/10 15274/4/10
f 15263/4/10 15267/4/10 15276/4/10
f 15274/4/10 15266/4/10 15277/4/10
f 15275/4/10 15276/4/10 15279/4/10
f 15276/4/10 15267/4/10 15279/4/10
f 15268/6/10 15269/6/10 15280/6/10
f 15279/4/10 15267/4/10 15280/4/10
f 15267/6/10 15268/6/10 15280/6/10
f 15280/6/10 15269/6/10 15281/6/10
f 15281/6/10 15269/6/10 15282/6/10
f 15273/6/10 15274/6/10 15283/6/10
f 15272/6/10 15273/6/10 15283/6/10
f 15283/6/10 15274/6/10 15284/6/10
f 15277/4/10 15278/4/10 15285/4/10
f 15284/6/10 15274/6/10 15285/6/10
f 15274/4/10 15277/4/10 15285/4/10
f 15285/4/10 15278/4/10 15286/4/10
f 15275/4/10 15279/4/10 15288/4/10
f 15286/4/10 15278/4/10 15289/4/10
f 15287/4/10 15288/4/10 15291/4/10
f 15288/4/10 15279/4/10 15291/4/10
f 15280/6/10 15281/6/10 15292/6/10
f 15291/4/10 15279/4/10 15292/4/10
f 15279/6/10 15280/6/10 15292/6/10
f 15292/6/10 15281/6/10 15293/6/10
f 15293/6/10 15281/6/10 15294/6/10
f 15285/6/10 15286/6/10 15295/6/10
f 15284/6/10 15285/6/10 15295/6/10
f 15295/6/10 15286/6/10 15296/6/10
f 15289/4/10 15290/4/10 15297/4/10
f 15296/6/10 15286/6/10 15297/6/10
f 15286/4/10 15289/4/10 15297/4/10
f 15297/4/10 15290/4/10 15298/4/10
f 15287/4/10 15291/4/10 15299/4/10
f 15292/6/10 15293/6/10 15299/6/10
f 15291/6/10 15292/6/10 15299/6/10
f 15299/6/10 15293/6/10 15300/6/10
f 15300/6/10 15293/6/10 15301/6/10
f 15297/6/10 15298/6/10 15304/6/10
f 15296/6/10 15297/6/10 15304/6/10
f 15304/6/10 15298/6/10 15305/6/10
f 15298/4/10 15290/4/10 15306/4/10
f 15305/6/10 15298/6/10 15306/6/10
f 15287/4/10 15299/4/10 15307/4/10
f 15299/4/10 15300/4/10 15307/4/10
f 15307/4/10 15300/4/10 15308/4/10
f 15306/4/10 15290/4/10 15309/4/10
f 15305/4/10 15306/4/10 15309/4/10
f 15309/4/10 15290/4/10 15310/4/10
f 15301/6/10 15302/6/10 15311/6/10
f 15300/6/10 15301/6/10 15311/6/10
f 15308/4/10 15300/4/10 15311/4/10
f 15311/6/10 15302/6/10 15312/6/10
f 15312/6/10 15302/6/10 15313/6/10
f 15304/6/10 15305/6/10 15316/6/10
f 15303/6/10 15304/6/10 15316/6/10
f 15316/6/10 15305/6/10 15317/6/10
f 15305/4/10 15309/4/10 15318/4/10
f 15317/6/10 15305/6/10 15318/6/10
f 15308/4/10 15311/4/10 15319/4/10
f 15311/4/10 15312/4/10 15319/4/10
f 15319/4/10 15312/4/10 15320/4/10
f 15318/4/10 15309/4/10 15321/4/10
f 15317/4/10 15318/4/10 15321/4/10
f 15321/4/10 15309/4/10 15322/4/10
f 15313/6/10 15314/6/10 15323/6/10
f 15312/6/10 15313/6/10 15323/6/10
f 15320/4/10 15312/4/10 15323/4/10
f 15323/6/10 15314/6/10 15324/6/10
f 15324/6/10 15314/6/10 15325/6/10
f 15316/6/10 15317/6/10 15328/6/10
f 15315/6/10 15316/6/10 15328/6/10
f 15328/6/10 15317/6/10 15329/6/10
f 15317/4/10 15321/4/10 15330/4/10
f 15329/6/10 15317/6/10 15330/6/10
f 15320/4/10 15323/4/10 15331/4/10
f 15323/4/10 15324/4/10 15331/4/10
f 15331/4/10 15324/4/10 15332/4/10
f 15330/4/10 15321/4/10 15333/4/10
f 15329/4/10 15330/4/10 15333/4/10
f 15333/4/10 15321/4/10 15334/4/10
f 15325/6/10 15326/6/10 15335/6/10
f 15324/6/10 15325/6/10 15335/6/10
f 15332/4/10 15324/4/10 15335/4/10
f 15335/6/10 15326/6/10 15336/6/10
f 15336/6/10 15326/6/10 15337/6/10
f 15328/6/10 15329/6/10 15340/6/10
f 15327/6/10 15328/6/10 15340/6/10
f 15340/6/10 15329/6/10 15341/6/10
f 15329/4/10 15333/4/10 15342/4/10
f 15341/6/10 15329/6/10 15342/6/10
f 15332/4/10 15335/4/10 15343/4/10
f 15335/4/10 15336/4/10 15343/4/10
f 15343/4/10 15336/4/10 15344/4/10
f 15342/4/10 15333/4/10 15345/4/10
f 15341/4/10 15342/4/10 15345/4/10
f 15345/4/10 15333/4/10 15346/4/10
f 15337/6/10 15338/6/10 15347/6/10
f 15336/6/10 15337/6/10 15347/6/10
f 15344/4/10 15336/4/10 15347/4/10
f 15347/6/10 15338/6/10 15348/6/10
f 15348/6/10 15338/6/10 15349/6/10
f 15340/6/10 15341/6/10 15352/6/10
f 15339/6/10 15340/6/10 15352/6/10
f 15352/6/10 15341/6/10 15353/6/10
f 15341/4/10 15345/4/10 15354/4/10
f 15353/6/10 15341/6/10 15354/6/10
f 15344/4/10 15347/4/10 15355/4/10
f 15347/4/10 15348/4/10 15355/4/10
f 15355/4/10 15348/4/10 15356/4/10
f 15354/4/10 15345/4/10 15357/4/10
f 15353/4/10 15354/4/10 15357/4/10
f 15357/4/10 15345/4/10 15358/4/10
f 15349/6/10 15350/6/10 15359/6/10
f 15348/6/10 15349/6/10 15359/6/10
f 15356/4/10 15348/4/10 15359/4/10
f 15359/6/10 15350/6/10 15360/6/10
f 15360/6/10 15350/6/10 15361/6/10
f 15352/6/10 15353/6/10 15364/6/10
f 15351/6/10 15352/6/10 15364/6/10
f 15364/6/10 15353/6/10 15365/6/10
f 15353/4/10 15357/4/10 15366/4/10
f 15365/6/10 15353/6/10 15366/6/10
f 15356/4/10 15359/4/10 15367/4/10
f 15359/4/10 15360/4/10 15367/4/10
f 15367/4/10 15360/4/10 15368/4/10
f 15366/4/10 15357/4/10 15369/4/10
f 15365/4/10 15366/4/10 15369/4/10
f 15369/4/10 15357/4/10 15370/4/10
f 15361/6/10 15362/6/10 15371/6/10
f 15360/6/10 15361/6/10 15371/6/10
f 15368/4/10 15360/4/10 15371/4/10
f 15371/6/10 15362/6/10 15372/6/10
f 15372/6/10 15362/6/10 15373/6/10
f 15364/6/10 15365/6/10 15376/6/10
f 15363/6/10 15364/6/10 15376/6/10
f 15376/6/10 15365/6/10 15377/6/10
f 15365/4/10 15369/4/10 15378/4/10
f 15377/6/10 15365/6/10 15378/6/10
f 15368/4/10 15371/4/10 15379/4/10
f 15371/4/10 15372/4/10 15379/4/10
f 15379/4/10 15372/4/10 15380/4/10
f 15378/4/10 15369/4/10 15381/4/10
f 15377/4/10 15378/4/10 15381/4/10
f 15381/4/10 15369/4/10 15382/4/10
f 15373/6/10 15374/6/10 15383/6/10
f 15372/6/10 15373/6/10 15383/6/10
f 15380/4/10 15372/4/10 15383/4/10
f 15383/6/10 15374/6/10 15384/6/10
f 15384/6/10 15374/6/10 15385/6/10
f 15376/6/10 15377/6/10 15388/6/10
f 15375/6/10 15376/6/10 15388/6/10
f 15388/6/10 15377/6/10 15389/6/10
f 15377/4/10 15381/4/10 15390/4/10
f 15389/6/10 15377/6/10 15390/6/10
f 15380/4/10 15383/4/10 15391/4/10
f 15383/4/10 15384/4/10 15391/4/10
f 15391/4/10 15384/4/10 15392/4/10
f 15390/4/10 15381/4/10 15393/4/10
f 15389/4/10 15390/4/10 15393/4/10
f 15393/4/10 15381/4/10 15394/4/10
f 15385/6/10 15386/6/10 15395/6/10
f 15384/6/10 15385/6/10 15395/6/10
f 15392/4/10 15384/4/10 15395/4/10
f 15395/6/10 15386/6/10 15396/6/10
f 15396/6/10 15386/6/10 15397/6/10
f 15388/6/10 15389/6/10 15400/6/10
f 15387/6/10 15388/6/10 15400/6/10
f 15400/6/10 15389/6/10 15401/6/10
f 15389/4/10 15393/4/10 15402/4/10
f 15401/6/10 15389/6/10 15402/6/10
f 15392/4/10 15395/4/10 15403/4/10
f 15395/4/10 15396/4/10 15403/4/10
f 15403/4/10 15396/4/10 15404/4/10
f 15402/4/10 15393/4/10 15405/4/10
f 15401/4/10 15402/4/10 15405/4/10
f 15405/4/10 15393/4/10 15406/4/10
f 15397/6/10 15398/6/10 15407/6/10
f 15396/6/10 15397/6/10 15407/6/10
f 15404/4/10 15396/4/10 15407/4/10
f 15407/6/10 15398/6/10 15408/6/10
f 15408/6/10 15398/6/10 15409/6/10
f 15400/6/10 15401/6/10 15412/6/10
f 15399/6/10 15400/6/10 15412/6/10
f 15412/6/10 15401/6/10 15413/6/10
f 15401/4/10 15405/4/10 15414/4/10
f 15413/6/10 15401/6/10 15414/6/10
f 15404/4/10 15407/4/10 15415/4/10
f 15407/4/10 15408/4/10 15415/4/10
f 15415/4/10 15408/4/10 15416/4/10
f 15414/4/10 15405/4/10 15417/4/10
f 15413/4/10 15414/4/10 15417/4/10
f 15417/4/10 15405/4/10 15418/4/10
f 15409/6/10 15410/6/10 15419/6/10
f 15408/6/10 15409/6/10 15419/6/10
f 15416/4/10 15408/4/10 15419/4/10
f 15419/6/10 15410/6/10 15420/6/10
f 15420/6/10 15410/6/10 15421/6/10
f 15412/6/10 15413/6/10 15424/6/10
f 15411/6/10 15412/6/10 15424/6/10
f 15424/6/10 15413/6/10 15425/6/10
f 15413/4/10 15417/4/10 15426/4/10
f 15425/6/10 15413/6/10 15426/6/10
f 15416/4/10 15419/4/10 15427/4/10
f 15419/4/10 15420/4/10 15427/4/10
f 15427/4/10 15420/4/10 15428/4/10
f 15421/6/10 15422/6/10 15429/6/10
f 15428/4/10 15420/4/10 15429/4/10
f 15420/6/10 15421/6/10 15429/6/10
f 15429/6/10 15422/6/10 15430/6/10
f 15430/6/10 15422/6/10 15431/6/10
f 15424/6/10 15425/6/10 15434/6/10
f 15423/6/10 15424/6/10 15434/6/10
f 15434/6/10 15425/6/10 15435/6/10
f 15425/4/10 15426/4/10 15436/4/10
f 15435/6/10 15425/6/10 15436/6/10
f 15426/4/10 15417/4/10 15437/4/10
f 15436/4/10 15426/4/10 15437/4/10
f 15437/4/10 15417/4/10 15438/4/10
f 15428/4/10 15429/4/10 15439/4/10
f 15429/4/10 15430/4/10 15439/4/10
f 15439/4/10 15430/4/10 15440/4/10
f 15435/4/10 15436/4/10 15441/4/10
f 15436/4/10 15437/4/10 15441/4/10
f 15441/4/10 15437/4/10 15442/4/10
f 15431/6/10 15432/6/10 15443/6/10
f 15440/4/10 15430/4/10 15443/4/10
f 15430/6/10 15431/6/10 15443/6/10
f 15443/6/10 15432/6/10 15444/6/10
f 15444/6/10 15432/6/10 15445/6/10
f 15434/6/10 15435/6/10 15448/6/10
f 15433/6/10 15434/6/10 15448/6/10
f 15448/6/10 15435/6/10 15449/6/10
f 15435/4/10 15441/4/10 15450/4/10
f 15449/6/10 15435/6/10 15450/6/10
f 15440/4/10 15443/4/10 15451/4/10
f 15443/4/10 15444/4/10 15451/4/10
f 15451/4/10 15444/4/10 15452/4/10
f 15450/4/10 15441/4/10 15453/4/10
f 15449/4/10 15450/4/10 15453/4/10
f 15453/4/10 15441/4/10 15454/4/10
f 15445/6/10 15446/6/10 15455/6/10
f 15444/6/10 15445/6/10 15455/6/10
f 15452/4/10 15444/4/10 15455/4/10
f 15455/6/10 15446/6/10 15456/6/10
f 15456/6/10 15446/6/10 15457/6/10
f 15448/6/10 15449/6/10 15460/6/10
f 15447/6/10 15448/6/10 15460/6/10
f 15460/6/10 15449/6/10 15461/6/10
f 15449/4/10 15453/4/10 15462/4/10
f 15461/6/10 15449/6/10 15462/6/10
f 15452/4/10 15455/4/10 15463/4/10
f 15455/4/10 15456/4/10 15463/4/10
f 15463/4/10 15456/4/10 15464/4/10
f 15457/6/10 15458/6/10 15465/6/10
f 15464/4/10 15456/4/10 15465/4/10
f 15456/6/10 15457/6/10 15465/6/10
f 15465/6/10 15458/6/10 15466/6/10
f 15466/6/10 15458/6/10 15467/6/10
f 15460/6/10 15461/6/10 15470/6/10
f 15459/6/10 15460/6/10 15470/6/10
f 15470/6/10 15461/6/10 15471/6/10
f 15461/4/10 15462/4/10 15472/4/10
f 15471/6/10 15461/6/10 15472/6/10
f 15462/4/10 15453/4/10 15473/4/10
f 15472/4/10 15462/4/10 15473/4/10
f 15473/4/10 15453/4/10 15474/4/10
f 15464/4/10 15465/4/10 15475/4/10
f 15465/4/10 15466/4/10 15475/4/10
f 15475/4/10 15466/4/10 15476/4/10
f 15471/4/10 15472/4/10 15477/4/10
f 15472/4/10 15473/4/10 15477/4/10
f 15477/4/10 15473/4/10 15478/4/10
f 15467/6/10 15468/6/10 15479/6/10
f 15476/4/10 15466/4/10 15479/4/10
f 15466/6/10 15467/6/10 15479/6/10
f 15479/6/10 15468/6/10 15480/6/10
f 15480/6/10 15468/6/10 15481/6/10
f 15470/6/10 15471/6/10 15484/6/10
f 15469/6/10 15470/6/10 15484/6/10
f 15484/6/10 15471/6/10 15485/6/10
f 15471/4/10 15477/4/10 15486/4/10
f 15485/6/10 15471/6/10 15486/6/10
f 15476/4/10 15479/4/10 15487/4/10
f 15479/4/10 15480/4/10 15487/4/10
f 15487/4/10 15480/4/10 15488/4/10
f 15481/6/10 15482/6/10 15489/6/10
f 15488/4/10 15480/4/10 15489/4/10
f 15480/6/10 15481/6/10 15489/6/10
f 15489/6/10 15482/6/10 15490/6/10
f 15490/6/10 15482/6/10 15491/6/10
f 15484/6/10 15485/6/10 15494/6/10
f 15483/6/10 15484/6/10 15494/6/10
f 15494/6/10 15485/6/10 15495/6/10
f 15485/4/10 15486/4/10 15496/4/10
f 15495/6/10 15485/6/10 15496/6/10
f 15486/4/10 15477/4/10 15497/4/10
f 15496/4/10 15486/4/10 15497/4/10
f 15497/4/10 15477/4/10 15498/4/10
f 15488/4/10 15489/4/10 15499/4/10
f 15489/4/10 15490/4/10 15499/4/10
f 15499/4/10 15490/4/10 15500/4/10
f 15495/4/10 15496/4/10 15501/4/10
f 15496/4/10 15497/4/10 15501/4/10
f 15501/4/10 15497/4/10 15502/4/10
f 15491/6/10 15492/6/10 15503/6/10
f 15500/4/10 15490/4/10 15503/4/10
f 15490/6/10 15491/6/10 15503/6/10
f 15503/6/10 15492/6/10 15504/6/10
f 15504/6/10 15492/6/10 15505/6/10
f 15494/6/10 15495/6/10 15508/6/10
f 15493/6/10 15494/6/10 15508/6/10
f 15508/6/10 15495/6/10 15509/6/10
f 15495/4/10 15501/4/10 15510/4/10
f 15509/6/10 15495/6/10 15510/6/10
f 15500/4/10 15503/4/10 15511/4/10
f 15503/4/10 15504/4/10 15511/4/10
f 15511/4/10 15504/4/10 15512/4/10
f 15505/6/10 15506/6/10 15513/6/10
f 15512/4/10 15504/4/10 15513/4/10
f 15504/6/10 15505/6/10 15513/6/10
f 15513/6/10 15506/6/10 15514/6/10
f 15514/6/10 15506/6/10 15515/6/10
f 15508/6/10 15509/6/10 15518/6/10
f 15507/6/10 15508/6/10 15518/6/10
f 15518/6/10 15509/6/10 15519/6/10
f 15509/4/10 15510/4/10 15520/4/10
f 15519/6/10 15509/6/10 15520/6/10
f 15510/4/10 15501/4/10 15521/4/10
f 15520/4/10 15510/4/10 15521/4/10
f 15521/4/10 15501/4/10 15522/4/10
f 15512/4/10 15513/4/10 15523/4/10
f 15513/4/10 15514/4/10 15523/4/10
f 15523/4/10 15514/4/10 15524/4/10
f 15515/6/10 15516/6/10 15525/6/10
f 15524/4/10 15514/4/10 15525/4/10
f 15514/6/10 15515/6/10 15525/6/10
f 15525/6/10 15516/6/10 15526/6/10
f 15526/6/10 15516/6/10 15527/6/10
f 15518/6/10 15519/6/10 15530/6/10
f 15517/6/10 15518/6/10 15530/6/10
f 15530/6/10 15519/6/10 15531/6/10
f 15519/4/10 15520/4/10 15532/4/10
f 15531/6/10 15519/6/10 15532/6/10
f 15520/4/10 15521/4/10 15532/4/10
f 15532/4/10 15521/4/10 15533/4/10
f 15533/4/10 15521/4/10 15534/4/10
f 15524/4/10 15525/4/10 15535/4/10
f 15525/4/10 15526/4/10 15535/4/10
f 15535/4/10 15526/4/10 15536/4/10
f 15527/6/10 15528/6/10 15537/6/10
f 15536/4/10 15526/4/10 15537/4/10
f 15526/6/10 15527/6/10 15537/6/10
f 15537/6/10 15528/6/10 15538/6/10
f 15538/6/10 15528/6/10 15539/6/10
f 15530/6/10 15531/6/10 15542/6/10
f 15529/6/10 15530/6/10 15542/6/10
f 15542/6/10 15531/6/10 15543/6/10
f 15532/4/10 15533/4/10 15544/4/10
f 15543/6/10 15531/6/10 15544/6/10
f 15531/4/10 15532/4/10 15544/4/10
f 15544/4/10 15533/4/10 15545/4/10
f 15545/4/10 15533/4/10 15546/4/10
f 15536/4/10 15537/4/10 15547/4/10
f 15537/4/10 15538/4/10 15547/4/10
f 15547/4/10 15538/4/10 15548/4/10
f 15539/6/10 15540/6/10 15549/6/10
f 15538/6/10 15539/6/10 15549/6/10
f 15542/6/10 15543/6/10 15552/6/10
f 15541/6/10 15542/6/10 15552/6/10
f 15544/4/10 15545/4/10 15553/4/10
f 15543/4/10 15544/4/10 15553/4/10
f 15553/4/10 15545/4/10 15554/4/10
f 15548/4/10 15538/4/10 15555/4/10
f 15549/6/10 15550/6/10 15555/6/10
f 15538/6/10 15549/6/10 15555/6/10
f 15555/6/10 15550/6/10 15556/6/10
f 15556/6/10 15550/6/10 15557/6/10
f 15551/6/10 15552/6/10 15560/6/10
f 15552/6/10 15543/6/10 15561/6/10
f 15560/6/10 15552/6/10 15561/6/10
f 15543/4/10 15553/4/10 15562/4/10
f 15561/6/10 15543/6/10 15562/6/10
f 15548/4/10 15555/4/10 15563/4/10
f 15555/4/10 15556/4/10 15563/4/10
f 15563/4/10 15556/4/10 15564/4/10
f 15557/6/10 15558/6/10 15565/6/10
f 15564/4/10 15556/4/10 15565/4/10
f 15556/6/10 15557/6/10 15565/6/10
f 15565/6/10 15558/6/10 15566/6/10
f 15566/6/10 15558/6/10 15567/6/10
f 15560/6/10 15561/6/10 15570/6/10
f 15559/6/10 15560/6/10 15570/6/10
f 15570/6/10 15561/6/10 15571/6/10
f 15561/4/10 15562/4/10 15572/4/10
f 15571/6/10 15561/6/10 15572/6/10
f 15562/4/10 15553/4/10 15573/4/10
f 15572/4/10 15562/4/10 15573/4/10
f 15573/4/10 15553/4/10 15574/4/10
f 15564/4/10 15565/4/10 15575/4/10
f 15565/4/10 15566/4/10 15575/4/10
f 15575/4/10 15566/4/10 15576/4/10
f 15567/6/10 15568/6/10 15577/6/10
f 15576/4/10 15566/4/10 15577/4/10
f 15566/6/10 15567/6/10 15577/6/10
f 15577/6/10 15568/6/10 15578/6/10
f 15578/6/10 15568/6/10 15579/6/10
f 15570/6/10 15571/6/10 15582/6/10
f 15569/6/10 15570/6/10 15582/6/10
f 15582/6/10 15571/6/10 15583/6/10
f 15571/4/10 15572/4/10 15584/4/10
f 15583/6/10 15571/6/10 15584/6/10
f 15572/4/10 15573/4/10 15584/4/10
f 15584/4/10 15573/4/10 15585/4/10
f 15585/4/10 15573/4/10 15586/4/10
f 15576/4/10 15577/4/10 15587/4/10
f 15577/4/10 15578/4/10 15587/4/10
f 15587/4/10 15578/4/10 15588/4/10
f 15579/6/10 15580/6/10 15589/6/10
f 15588/4/10 15578/4/10 15589/4/10
f 15578/6/10 15579/6/10 15589/6/10
f 15589/6/10 15580/6/10 15590/6/10
f 15590/6/10 15580/6/10 15591/6/10
f 15582/6/10 15583/6/10 15594/6/10
f 15581/6/10 15582/6/10 15594/6/10
f 15594/6/10 15583/6/10 15595/6/10
f 15584/4/10 15585/4/10 15596/4/10
f 15595/6/10 15583/6/10 15596/6/10
f 15583/4/10 15584/4/10 15596/4/10
f 15596/4/10 15585/4/10 15597/4/10
f 15597/4/10 15585/4/10 15598/4/10
f 15588/4/10 15589/4/10 15599/4/10
f 15589/4/10 15590/4/10 15599/4/10
f 15599/4/10 15590/4/10 15600/4/10
f 15591/6/10 15592/6/10 15601/6/10
f 15600/4/10 15590/4/10 15601/4/10
f 15590/6/10 15591/6/10 15601/6/10
f 15601/6/10 15592/6/10 15602/6/10
f 15602/6/10 15592/6/10 15603/6/10
f 15594/6/10 15595/6/10 15606/6/10
f 15593/6/10 15594/6/10 15606/6/10
f 15606/6/10 15595/6/10 15607/6/10
f 15596/4/10 15597/4/10 15608/4/10
f 15607/6/10 15595/6/10 15608/6/10
f 15595/4/10 15596/4/10 15608/4/10
f 15608/4/10 15597/4/10 15609/4/10
f 15609/4/10 15597/4/10 15610/4/10
f 15600/4/10 15601/4/10 15611/4/10
f 15601/4/10 15602/4/10 15611/4/10
f 15611/4/10 15602/4/10 15612/4/10
f 15603/6/10 15604/6/10 15613/6/10
f 15612/4/10 15602/4/10 15613/4/10
f 15602/6/10 15603/6/10 15613/6/10
f 15613/6/10 15604/6/10 15614/6/10
f 15614/6/10 15604/6/10 15615/6/10
f 15606/6/10 15607/6/10 15618/6/10
f 15605/6/10 15606/6/10 15618/6/10
f 15618/6/10 15607/6/10 15619/6/10
f 15608/4/10 15609/4/10 15620/4/10
f 15619/6/10 15607/6/10 15620/6/10
f 15607/4/10 15608/4/10 15620/4/10
f 15620/4/10 15609/4/10 15621/4/10
f 15621/4/10 15609/4/10 15622/4/10
f 15612/4/10 15613/4/10 15623/4/10
f 15613/4/10 15614/4/10 15623/4/10
f 15623/4/10 15614/4/10 15624/4/10
f 15615/6/10 15616/6/10 15625/6/10
f 15624/4/10 15614/4/10 15625/4/10
f 15614/6/10 15615/6/10 15625/6/10
f 15625/6/10 15616/6/10 15626/6/10
f 15626/6/10 15616/6/10 15627/6/10
f 15618/6/10 15619/6/10 15630/6/10
f 15617/6/10 15618/6/10 15630/6/10
f 15630/6/10 15619/6/10 15631/6/10
f 15620/4/10 15621/4/10 15632/4/10
f 15631/6/10 15619/6/10 15632/6/10
f 15619/4/10 15620/4/10 15632/4/10
f 15632/4/10 15621/4/10 15633/4/10
f 15633/4/10 15621/4/10 15634/4/10
f 15624/4/10 15625/4/10 15635/4/10
f 15625/4/10 15626/4/10 15635/4/10
f 15635/4/10 15626/4/10 15636/4/10
f 15627/6/10 15628/6/10 15637/6/10
f 15636/4/10 15626/4/10 15637/4/10
f 15626/6/10 15627/6/10 15637/6/10
f 15637/6/10 15628/6/10 15638/6/10
f 15638/6/10 15628/6/10 15639/6/10
f 15630/6/10 15631/6/10 15642/6/10
f 15629/6/10 15630/6/10 15642/6/10
f 15642/6/10 15631/6/10 15643/6/10
f 15632/4/10 15633/4/10 15644/4/10
f 15643/6/10 15631/6/10 15644/6/10
f 15631/4/10 15632/4/10 15644/4/10
f 15644/4/10 15633/4/10 15645/4/10
f 15645/4/10 15633/4/10 15646/4/10
f 15636/4/10 15637/4/10 15647/4/10
f 15637/4/10 15638/4/10 15647/4/10
f 15647/4/10 15638/4/10 15648/4/10
f 15639/6/10 15640/6/10 15649/6/10
f 15648/4/10 15638/4/10 15649/4/10
f 15638/6/10 15639/6/10 15649/6/10
f 15649/6/10 15640/6/10 15650/6/10
f 15650/6/10 15640/6/10 15651/6/10
f 15642/6/10 15643/6/10 15654/6/10
f 15641/6/10 15642/6/10 15654/6/10
f 15654/6/10 15643/6/10 15655/6/10
f 15644/4/10 15645/4/10 15656/4/10
f 15655/6/10 15643/6/10 15656/6/10
f 15643/4/10 15644/4/10 15656/4/10
f 15656/4/10 15645/4/10 15657/4/10
f 15657/4/10 15645/4/10 15658/4/10
f 15648/4/10 15649/4/10 15659/4/10
f 15649/4/10 15650/4/10 15659/4/10
f 15659/4/10 15650/4/10 15660/4/10
f 15651/6/10 15652/6/10 15661/6/10
f 15660/4/10 15650/4/10 15661/4/10
f 15650/6/10 15651/6/10 15661/6/10
f 15661/6/10 15652/6/10 15662/6/10
f 15662/6/10 15652/6/10 15663/6/10
f 15654/6/10 15655/6/10 15666/6/10
f 15653/6/10 15654/6/10 15666/6/10
f 15666/6/10 15655/6/10 15667/6/10
f 15656/4/10 15657/4/10 15668/4/10
f 15667/6/10 15655/6/10 15668/6/10
f 15655/4/10 15656/4/10 15668/4/10
f 15668/4/10 15657/4/10 15669/4/10
f 15669/4/10 15657/4/10 15670/4/10
f 15660/4/10 15661/4/10 15671/4/10
f 15661/4/10 15662/4/10 15671/4/10
f 15671/4/10 15662/4/10 15672/4/10
f 15663/6/10 15664/6/10 15673/6/10
f 15672/4/10 15662/4/10 15673/4/10
f 15662/6/10 15663/6/10 15673/6/10
f 15673/6/10 15664/6/10 15674/6/10
f 15674/6/10 15664/6/10 15675/6/10
f 15666/6/10 15667/6/10 15678/6/10
f 15665/6/10 15666/6/10 15678/6/10
f 15678/6/10 15667/6/10 15679/6/10
f 15668/4/10 15669/4/10 15680/4/10
f 15679/6/10 15667/6/10 15680/6/10
f 15667/4/10 15668/4/10 15680/4/10
f 15680/4/10 15669/4/10 15681/4/10
f 15681/4/10 15669/4/10 15682/4/10
f 15672/4/10 15673/4/10 15683/4/10
f 15673/4/10 15674/4/10 15683/4/10
f 15683/4/10 15674/4/10 15684/4/10
f 15675/6/10 15676/6/10 15685/6/10
f 15684/4/10 15674/4/10 15685/4/10
f 15674/6/10 15675/6/10 15685/6/10
f 15685/6/10 15676/6/10 15686/6/10
f 15686/6/10 15676/6/10 15687/6/10
f 15678/6/10 15679/6/10 15690/6/10
f 15677/6/10 15678/6/10 15690/6/10
f 15690/6/10 15679/6/10 15691/6/10
f 15680/4/10 15681/4/10 15692/4/10
f 15691/6/10 15679/6/10 15692/6/10
f 15679/4/10 15680/4/10 15692/4/10
f 15692/4/10 15681/4/10 15693/4/10
f 15693/4/10 15681/4/10 15694/4/10
f 15684/4/10 15685/4/10 15695/4/10
f 15685/4/10 15686/4/10 15695/4/10
f 15695/4/10 15686/4/10 15696/4/10
f 15687/6/10 15688/6/10 15697/6/10
f 15696/4/10 15686/4/10 15697/4/10
f 15686/6/10 15687/6/10 15697/6/10
f 15697/6/10 15688/6/10 15698/6/10
f 15698/6/10 15688/6/10 15699/6/10
f 15690/6/10 15691/6/10 15702/6/10
f 15689/6/10 15690/6/10 15702/6/10
f 15702/6/10 15691/6/10 15703/6/10
f 15692/4/10 15693/4/10 15704/4/10
f 15703/6/10 15691/6/10 15704/6/10
f 15691/4/10 15692/4/10 15704/4/10
f 15704/4/10 15693/4/10 15705/4/10
f 15705/4/10 15693/4/10 15706/4/10
f 15696/4/10 15697/4/10 15707/4/10
f 15697/4/10 15698/4/10 15707/4/10
f 15707/4/10 15698/4/10 15708/4/10
f 15699/6/10 15700/6/10 15709/6/10
f 15708/4/10 15698/4/10 15709/4/10
f 15698/6/10 15699/6/10 15709/6/10
f 15709/6/10 15700/6/10 15710/6/10
f 15710/6/10 15700/6/10 15711/6/10
f 15702/6/10 15703/6/10 15714/6/10
f 15701/6/10 15702/6/10 15714/6/10
f 15714/6/10 15703/6/10 15715/6/10
f 15704/4/10 15705/4/10 15716/4/10
f 15715/6/10 15703/6/10 15716/6/10
f 15703/4/10 15704/4/10 15716/4/10
f 15716/4/10 15705/4/10 15717/4/10
f 15717/4/10 15705/4/10 15718/4/10
f 15708/4/10 15709/4/10 15719/4/10
f 15709/4/10 15710/4/10 15719/4/10
f 15719/4/10 15710/4/10 15720/4/10
f 15711/6/10 15712/6/10 15721/6/10
f 15720/4/10 15710/4/10 15721/4/10
f 15710/6/10 15711/6/10 15721/6/10
f 15721/6/10 15712/6/10 15722/6/10
f 15722/6/10 15712/6/10 15723/6/10
f 15714/6/10 15715/6/10 15726/6/10
f 15713/6/10 15714/6/10 15726/6/10
f 15726/6/10 15715/6/10 15727/6/10
f 15716/4/10 15717/4/10 15728/4/10
f 15727/6/10 15715/6/10 15728/6/10
f 15715/4/10 15716/4/10 15728/4/10
f 15728/4/10 15717/4/10 15729/4/10
f 15729/4/10 15717/4/10 15730/4/10
f 15720/4/10 15721/4/10 15731/4/10
f 15721/4/10 15722/4/10 15731/4/10
f 15731/4/10 15722/4/10 15732/4/10
f 15723/6/10 15724/6/10 15733/6/10
f 15732/4/10 15722/4/10 15733/4/10
f 15722/6/10 15723/6/10 15733/6/10
f 15733/6/10 15724/6/10 15734/6/10
f 15734/6/10 15724/6/10 15735/6/10
f 15726/6/10 15727/6/10 15738/6/10
f 15725/6/10 15726/6/10 15738/6/10
f 15738/6/10 15727/6/10 15739/6/10
f 15728/4/10 15729/4/10 15740/4/10
f 15739/6/10 15727/6/10 15740/6/10
f 15727/4/10 15728/4/10 15740/4/10
f 15740/4/10 15729/4/10 15741/4/10
f 15741/4/10 15729/4/10 15742/4/10
f 15732/4/10 15733/4/10 15743/4/10
f 15733/4/10 15734/4/10 15743/4/10
f 15743/4/10 15734/4/10 15744/4/10
f 15735/6/10 15736/6/10 15745/6/10
f 15744/4/10 15734/4/10 15745/4/10
f 15734/6/10 15735/6/10 15745/6/10
f 15745/6/10 15736/6/10 15746/6/10
f 15746/6/10 15736/6/10 15747/6/10
f 15738/6/10 15739/6/10 15750/6/10
f 15737/6/10 15738/6/10 15750/6/10
f 15750/6/10 15739/6/10 15751/6/10
f 15740/4/10 15741/4/10 15752/4/10
f 15751/6/10 15739/6/10 15752/6/10
f 15739/4/10 15740/4/10 15752/4/10
f 15752/4/10 15741/4/10 15753/4/10
f 15753/4/10 15741/4/10 15754/4/10
f 15744/4/10 15745/4/10 15755/4/10
f 15745/4/10 15746/4/10 15755/4/10
f 15755/4/10 15746/4/10 15756/4/10
f 15747/6/10 15748/6/10 15757/6/10
f 15756/4/10 15746/4/10 15757/4/10
f 15746/6/10 15747/6/10 15757/6/10
f 15757/6/10 15748/6/10 15758/6/10
f 15758/6/10 15748/6/10 15759/6/10
f 15750/6/10 15751/6/10 15762/6/10
f 15749/6/10 15750/6/10 15762/6/10
f 15762/6/10 15751/6/10 15763/6/10
f 15752/4/10 15753/4/10 15764/4/10
f 15763/6/10 15751/6/10 15764/6/10
f 15751/4/10 15752/4/10 15764/4/10
f 15764/4/10 15753/4/10 15765/4/10
f 15765/4/10 15753/4/10 15766/4/10
f 15756/4/10 15757/4/10 15767/4/10
f 15757/4/10 15758/4/10 15767/4/10
f 15767/4/10 15758/4/10 15768/4/10
f 15759/6/10 15760/6/10 15769/6/10
f 15768/4/10 15758/4/10 15769/4/10
f 15758/6/10 15759/6/10 15769/6/10
f 15769/6/10 15760/6/10 15770/6/10
f 15770/6/10 15760/6/10 15771/6/10
f 15762/6/10 15763/6/10 15772/6/10
f 15761/6/10 15762/6/10 15772/6/10
f 15772/6/10 15763/6/10 15773/6/10
f 15764/4/10 15765/4/10 15774/4/10
f 15773/6/10 15763/6/10 15774/6/10
f 15763/4/10 15764/4/10 15774/4/10
f 15774/4/10 15765/4/10 15775/4/10
f 15775/4/10 15765/4/10 15776/4/10
f 15769/4/10 15770/4/10 15777/4/10
f 15768/4/10 15769/4/10 15777/4/10
f 15777/4/10 15770/4/10 15778/4/10
f 15770/6/10 15771/6/10 15779/6/10
f 15778/4/10 15770/4/10 15779/4/10
f 15772/6/10 15773/6/10 15779/6/10
f 15771/6/10 15772/6/10 15779/6/10
f 15779/6/10 15773/6/10 15780/6/13
f 15780/6/13 15773/6/10 15781/6/10
f 15774/4/10 15775/4/10 15782/4/10
f 15781/6/10 15773/6/10 15782/6/10
f 15773/4/10 15774/4/10 15782/4/10
f 15782/4/10 15775/4/10 15783/4/10
f 15783/4/10 15775/4/10 15784/4/10
f 15779/4/10 15780/4/13 15785/4/10
f 15778/4/10 15779/4/10 15785/4/10
f 15785/4/10 15780/4/13 15786/4/10
f 15780/6/13 15781/6/10 15787/6/10
f 15786/4/10 15780/4/13 15787/4/10
f 15787/6/10 15781/6/10 15788/6/10
f 15788/6/10 15781/6/10 15789/6/10
f 15782/4/10 15783/4/10 15790/4/10
f 15789/6/10 15781/6/10 15790/6/10
f 15781/4/10 15782/4/10 15790/4/10
f 15790/4/10 15783/4/10 15791/4/10
f 15791/4/10 15783/4/10 15792/4/10
f 15787/4/10 15788/4/10 15793/4/10
f 15786/4/10 15787/4/10 15793/4/10
f 15793/4/10 15788/4/10 15794/4/10
f 15788/6/10 15789/6/10 15795/6/10
f 15794/4/10 15788/4/10 15795/4/10
f 15795/6/10 15789/6/10 15796/6/10
f 15796/6/10 15789/6/10 15797/6/10
f 15790/4/10 15791/4/10 15798/4/10
f 15797/6/10 15789/6/10 15798/6/10
f 15789/4/10 15790/4/10 15798/4/10
f 15798/4/10 15791/4/10 15799/4/10
f 15799/4/10 15791/4/10 15800/4/10
f 15795/4/10 15796/4/10 15801/4/10
f 15794/4/10 15795/4/10 15801/4/10
f 15801/4/10 15796/4/10 15802/4/10
f 15796/6/10 15797/6/10 15803/6/10
f 15802/4/10 15796/4/10 15803/4/10
f 15803/6/10 15797/6/10 15804/6/10
f 15804/6/10 15797/6/10 15805/6/10
f 15798/4/10 15799/4/10 15806/4/10
f 15805/6/10 15797/6/10 15806/6/10
f 15797/4/10 15798/4/10 15806/4/10
f 15806/4/10 15799/4/10 15807/4/10
f 15807/4/10 15799/4/10 15808/4/10
f 15803/4/10 15804/4/10 15809/4/10
f 15802/4/10 15803/4/10 15809/4/10
f 15809/4/10 15804/4/10 15810/4/10
f 15804/6/10 15805/6/10 15811/6/10
f 15810/4/10 15804/4/10 15811/4/10
f 15811/6/10 15805/6/10 15812/6/11
f 15812/6/11 15805/6/10 15813/6/10
f 15806/4/10 15807/4/10 15814/4/10
f 15813/6/10 15805/6/10 15814/6/10
f 15805/4/10 15806/4/10 15814/4/10
f 15814/4/10 15807/4/10 15815/4/10
f 15815/4/10 15807/4/10 15816/4/10
f 15811/4/10 15812/4/11 15817/4/10
f 15810/4/10 15811/4/10 15817/4/10
f 15817/4/10 15812/4/11 15818/4/10
f 15812/6/11 15813/6/10 15819/6/10
f 15818/4/10 15812/4/11 15819/4/10
f 15819/6/10 15813/6/10 15820/6/10
f 15820/6/10 15813/6/10 15821/6/10
f 15814/4/10 15815/4/10 15822/4/10
f 15821/6/10 15813/6/10 15822/6/10
f 15813/4/10 15814/4/10 15822/4/10
f 15822/4/10 15815/4/10 15823/4/10
f 15823/4/10 15815/4/10 15824/4/10
f 15819/4/10 15820/4/10 15825/4/10
f 15818/4/10 15819/4/10 15825/4/10
f 15825/4/10 15820/4/10 15826/4/10
f 15820/6/10 15821/6/10 15827/6/10
f 15826/4/10 15820/4/10 15827/4/10
f 15827/6/10 15821/6/10 15828/6/10
f 15828/6/10 15821/6/10 15829/6/10
f 15822/4/10 15823/4/10 15830/4/10
f 15829/6/10 15821/6/10 15830/6/10
f 15821/4/10 15822/4/10 15830/4/10
f 15830/4/10 15823/4/10 15831/4/10
f 15831/4/10 15823/4/10 15832/4/10
f 15827/4/10 15828/4/10 15833/4/10
f 15826/4/10 15827/4/10 15833/4/10
f 15833/4/10 15828/4/10 15834/4/10
f 15828/6/10 15829/6/10 15835/6/10
f 15834/4/10 15828/4/10 15835/4/10
f 15835/6/10 15829/6/10 15836/6/12
f 15836/6/12 15829/6/10 15837/6/10
f 15830/4/10 15831/4/10 15838/4/10
f 15837/6/10 15829/6/10 15838/6/10
f 15829/4/10 15830/4/10 15838/4/10
f 15838/4/10 15831/4/10 15839/4/10
f 15839/4/10 15831/4/10 15840/4/10
f 15835/4/10 15836/4/12 15841/4/10
f 15834/4/10 15835/4/10 15841/4/10
f 15841/4/10 15836/4/12 15842/4/10
f 15836/6/12 15837/6/10 15843/6/10
f 15842/4/10 15836/4/12 15843/4/10
f 15843/6/10 15837/6/10 15844/6/10
f 15844/6/10 15837/6/10 15845/6/10
f 15838/4/10 15839/4/10 15846/4/10
f 15845/6/10 15837/6/10 15846/6/10
f 15837/4/10 15838/4/10 15846/4/10
f 15846/4/10 15839/4/10 15847/4/10
f 15847/4/10 15839/4/10 15848/4/10
f 15843/4/10 15844/4/10 15849/4/10
f 15842/4/10 15843/4/10 15849/4/10
f 15849/4/10 15844/4/10 15850/4/10
f 15844/6/10 15845/6/10 15851/6/10
f 15850/4/10 15844/4/10 15851/4/10
f 15851/6/10 15845/6/10 15852/6/10
f 15852/6/10 15845/6/10 15853/6/10
f 15846/4/10 15847/4/10 15854/4/10
f 15853/6/10 15845/6/10 15854/6/10
f 15845/4/10 15846/4/10 15854/4/10
f 15854/4/10 15847/4/10 15855/4/10
f 15855/4/10 15847/4/10 15856/4/10
f 15851/4/10 15852/4/10 15857/4/10
f 15850/4/10 15851/4/10 15857/4/10
f 15857/4/10 15852/4/10 15858/4/10
f 15852/6/10 15853/6/10 15859/6/10
f 15858/4/10 15852/4/10 15859/4/10
f 15859/6/10 15853/6/10 15860/6/10
f 15860/6/10 15853/6/10 15861/6/10
f 15854/4/10 15855/4/10 15862/4/10
f 15861/6/10 15853/6/10 15862/6/10
f 15853/4/10 15854/4/10 15862/4/10
f 15862/4/10 15855/4/10 15863/4/10
f 15863/4/10 15855/4/10 15864/4/10
f 15859/4/10 15860/4/10 15865/4/10
f 15858/4/10 15859/4/10 15865/4/10
f 15865/4/10 15860/4/10 15866/4/10
f 15860/6/10 15861/6/10 15867/6/10
f 15866/4/10 15860/4/10 15867/4/10
f 15862/4/10 15863/4/10 15868/4/10
f 15867/6/10 15861/6/10 15868/6/10
f 15861/4/10 15862/4/10 15868/4/10
f 15868/4/10 15863/4/10 15869/4/10
f 15869/4/10 15863/4/10 15870/4/10
f 15866/4/10 15867/4/10 15871/4/10
f 15868/4/10 15869/4/10 15871/4/10
f 15867/4/10 15868/4/10 15871/4/10
f 15871/4/10 15869/4/10 15872/4/10
