# Blender 5.1.1
# www.blender.org
mtllib Body.mtl
o Untitled
v 1.600000 2.100000 -0.300000
v 1.600000 2.100000 -0.200000
v 1.600000 2.100000 0.200000
v 1.600000 2.100000 0.300000
v 1.600000 2.200000 -0.300000
v 1.600000 2.200000 -0.200000
v 1.600000 2.200000 0.200000
v 1.600000 2.200000 0.300000
v 1.600000 2.300000 -0.200000
v 1.600000 2.300000 0.200000
v 1.500000 2.100000 -0.400000
v 1.500000 2.100000 -0.300000
v 1.500000 2.100000 0.300000
v 1.500000 2.100000 0.400000
v 1.500000 2.200000 -0.400000
v 1.500000 2.200000 -0.300000
v 1.500000 2.200000 -0.200000
v 1.500000 2.200000 0.200000
v 1.500000 2.200000 0.300000
v 1.500000 2.200000 0.400000
v 1.500000 2.300000 -0.400000
v 1.500000 2.300000 -0.200000
v 1.500000 2.300000 0.200000
v 1.500000 2.300000 0.400000
v 1.500000 2.400000 -0.200000
v 1.500000 2.400000 0.200000
v 1.400000 2.000000 -0.500000
v 1.400000 2.000000 -0.400000
v 1.400000 2.000000 -0.300000
v 1.400000 2.000000 0.300000
v 1.400000 2.000000 0.400000
v 1.400000 2.000000 0.500000
v 1.400000 2.100000 -0.500000
v 1.400000 2.100000 -0.400000
v 1.400000 2.100000 -0.300000
v 1.400000 2.100000 0.300000
v 1.400000 2.100000 0.400000
v 1.400000 2.100000 0.500000
v 1.400000 2.300000 -0.300000
v 1.400000 2.300000 -0.200000
v 1.400000 2.300000 0.200000
v 1.400000 2.300000 0.300000
v 1.400000 2.400000 -0.300000
v 1.400000 2.400000 -0.200000
v 1.400000 2.400000 -0.100000
v 1.400000 2.400000 0.100000
v 1.400000 2.400000 0.200000
v 1.400000 2.400000 0.300000
v 1.400000 2.500000 -0.100000
v 1.400000 2.500000 0.100000
v 1.300000 1.900000 -0.500000
v 1.300000 1.900000 -0.300000
v 1.300000 1.900000 0.300000
v 1.300000 1.900000 0.500000
v 1.300000 2.000000 -0.500000
v 1.300000 2.000000 -0.400000
v 1.300000 2.000000 -0.300000
v 1.300000 2.000000 0.300000
v 1.300000 2.000000 0.400000
v 1.300000 2.000000 0.500000
v 1.300000 2.100000 -0.500000
v 1.300000 2.100000 -0.400000
v 1.300000 2.100000 0.400000
v 1.300000 2.100000 0.500000
v 1.300000 2.200000 -0.500000
v 1.300000 2.200000 -0.400000
v 1.300000 2.200000 0.400000
v 1.300000 2.200000 0.500000
v 1.200000 1.800000 -0.500000
v 1.200000 1.800000 -0.300000
v 1.200000 1.800000 0.300000
v 1.200000 1.800000 0.500000
v 1.200000 1.900000 -0.500000
v 1.200000 1.900000 -0.300000
v 1.200000 1.900000 0.300000
v 1.200000 1.900000 0.500000
v 1.200000 2.100000 -0.300000
v 1.200000 2.100000 -0.200000
v 1.200000 2.100000 0.200000
v 1.200000 2.100000 0.300000
v 1.200000 2.200000 -0.300000
v 1.200000 2.200000 -0.200000
v 1.200000 2.200000 0.200000
v 1.200000 2.200000 0.300000
v 1.100000 1.600000 -0.300000
v 1.100000 1.600000 -0.200000
v 1.100000 1.600000 0.200000
v 1.100000 1.600000 0.300000
v 1.100000 1.700000 -0.400000
v 1.100000 1.700000 -0.300000
v 1.100000 1.700000 -0.200000
v 1.100000 1.700000 0.200000
v 1.100000 1.700000 0.300000
v 1.100000 1.700000 0.400000
v 1.100000 1.800000 -0.400000
v 1.100000 1.800000 -0.300000
v 1.100000 1.800000 -0.200000
v 1.100000 1.800000 0.200000
v 1.100000 1.800000 0.300000
v 1.100000 1.800000 0.400000
v 1.100000 2.000000 -0.300000
v 1.100000 2.000000 -0.200000
v 1.100000 2.000000 0.200000
v 1.100000 2.000000 0.300000
v 1.100000 2.100000 -0.300000
v 1.100000 2.100000 -0.200000
v 1.100000 2.100000 0.200000
v 1.100000 2.100000 0.300000
v 1.000000 1.600000 -0.400000
v 1.000000 1.600000 -0.300000
v 1.000000 1.600000 0.300000
v 1.000000 1.600000 0.400000
v 1.000000 1.700000 -0.400000
v 1.000000 1.700000 -0.300000
v 1.000000 1.700000 -0.200000
v 1.000000 1.700000 0.200000
v 1.000000 1.700000 0.300000
v 1.000000 1.700000 0.400000
v 1.000000 1.800000 -0.300000
v 1.000000 1.800000 -0.200000
v 1.000000 1.800000 0.200000
v 1.000000 1.800000 0.300000
v 1.000000 1.900000 -0.200000
v 1.000000 1.900000 0.200000
v 1.000000 2.000000 -0.300000
v 1.000000 2.000000 -0.200000
v 1.000000 2.000000 0.200000
v 1.000000 2.000000 0.300000
v 1.000000 2.100000 -0.200000
v 1.000000 2.100000 0.200000
v 1.000000 2.200000 -0.200000
v 1.000000 2.200000 0.200000
v 0.900000 1.200000 -0.100000
v 0.900000 1.200000 0.100000
v 0.900000 1.300000 -0.200000
v 0.900000 1.300000 -0.100000
v 0.900000 1.300000 0.100000
v 0.900000 1.300000 0.200000
v 0.900000 1.400000 -0.300000
v 0.900000 1.400000 -0.200000
v 0.900000 1.400000 0.200000
v 0.900000 1.400000 0.300000
v 0.900000 1.500000 -0.400000
v 0.900000 1.500000 -0.300000
v 0.900000 1.500000 0.300000
v 0.900000 1.500000 0.400000
v 0.900000 1.600000 -0.400000
v 0.900000 1.600000 -0.200000
v 0.900000 1.600000 0.200000
v 0.900000 1.600000 0.400000
v 0.900000 1.700000 -0.200000
v 0.900000 1.700000 0.200000
v 0.900000 1.900000 -0.200000
v 0.900000 1.900000 0.200000
v 0.900000 2.100000 -0.200000
v 0.900000 2.100000 0.200000
v 0.800000 1.100000 -0.300000
v 0.800000 1.100000 0.300000
v 0.800000 1.200000 -0.400000
v 0.800000 1.200000 -0.300000
v 0.800000 1.200000 -0.200000
v 0.800000 1.200000 -0.100000
v 0.800000 1.200000 0.100000
v 0.800000 1.200000 0.200000
v 0.800000 1.200000 0.300000
v 0.800000 1.200000 0.400000
v 0.800000 1.300000 -0.300000
v 0.800000 1.300000 -0.200000
v 0.800000 1.300000 -0.100000
v 0.800000 1.300000 0.100000
v 0.800000 1.300000 0.200000
v 0.800000 1.300000 0.300000
v 0.800000 1.400000 -0.500000
v 0.800000 1.400000 -0.400000
v 0.800000 1.400000 -0.300000
v 0.800000 1.400000 -0.200000
v 0.800000 1.400000 0.200000
v 0.800000 1.400000 0.300000
v 0.800000 1.400000 0.400000
v 0.800000 1.400000 0.500000
v 0.800000 1.500000 -0.400000
v 0.800000 1.500000 -0.300000
v 0.800000 1.500000 0.300000
v 0.800000 1.500000 0.400000
v 0.800000 1.900000 -0.400000
v 0.800000 1.900000 0.400000
v 0.800000 2.000000 -0.500000
v 0.800000 2.000000 -0.400000
v 0.800000 2.000000 0.400000
v 0.800000 2.000000 0.500000
v 0.700000 1.000000 -0.400000
v 0.700000 1.000000 0.400000
v 0.700000 1.100000 -0.500000
v 0.700000 1.100000 -0.400000
v 0.700000 1.100000 -0.300000
v 0.700000 1.100000 0.300000
v 0.700000 1.100000 0.400000
v 0.700000 1.100000 0.500000
v 0.700000 1.200000 -0.400000
v 0.700000 1.200000 -0.300000
v 0.700000 1.200000 0.300000
v 0.700000 1.200000 0.400000
v 0.700000 1.400000 -0.600000
v 0.700000 1.400000 -0.500000
v 0.700000 1.400000 -0.400000
v 0.700000 1.400000 0.400000
v 0.700000 1.400000 0.500000
v 0.700000 1.400000 0.600000
v 0.700000 1.900000 -0.600000
v 0.700000 1.900000 -0.500000
v 0.700000 1.900000 0.500000
v 0.700000 1.900000 0.600000
v 0.700000 2.000000 -0.500000
v 0.700000 2.000000 -0.300000
v 0.700000 2.000000 0.300000
v 0.700000 2.000000 0.500000
v 0.700000 2.100000 -0.500000
v 0.700000 2.100000 -0.300000
v 0.700000 2.100000 0.300000
v 0.700000 2.100000 0.500000
v 0.700000 2.400000 -0.100000
v 0.700000 2.400000 0.100000
v 0.700000 2.800000 -0.100000
v 0.700000 2.800000 0.100000
v 0.600000 0.900000 -0.400000
v 0.600000 0.900000 -0.100000
v 0.600000 0.900000 0.100000
v 0.600000 0.900000 0.400000
v 0.600000 1.000000 -0.500000
v 0.600000 1.000000 -0.400000
v 0.600000 1.000000 -0.100000
v 0.600000 1.000000 0.100000
v 0.600000 1.000000 0.400000
v 0.600000 1.000000 0.500000
v 0.600000 1.100000 -0.500000
v 0.600000 1.100000 -0.400000
v 0.600000 1.100000 0.400000
v 0.600000 1.100000 0.500000
v 0.600000 1.200000 -0.600000
v 0.600000 1.200000 -0.500000
v 0.600000 1.200000 0.500000
v 0.600000 1.200000 0.600000
v 0.600000 1.300000 -0.600000
v 0.600000 1.300000 -0.500000
v 0.600000 1.300000 0.500000
v 0.600000 1.300000 0.600000
v 0.600000 1.400000 -0.600000
v 0.600000 1.400000 -0.500000
v 0.600000 1.400000 0.500000
v 0.600000 1.400000 0.600000
v 0.600000 1.500000 -0.700000
v 0.600000 1.500000 -0.600000
v 0.600000 1.500000 0.600000
v 0.600000 1.500000 0.700000
v 0.600000 1.700000 -0.700000
v 0.600000 1.700000 -0.600000
v 0.600000 1.700000 0.600000
v 0.600000 1.700000 0.700000
v 0.600000 1.900000 -0.600000
v 0.600000 1.900000 -0.500000
v 0.600000 1.900000 0.500000
v 0.600000 1.900000 0.600000
v 0.600000 2.000000 -0.600000
v 0.600000 2.000000 -0.500000
v 0.600000 2.000000 0.500000
v 0.600000 2.000000 0.600000
v 0.600000 2.100000 -0.200000
v 0.600000 2.100000 0.200000
v 0.600000 2.200000 -0.200000
v 0.600000 2.200000 0.200000
v 0.600000 2.300000 -0.200000
v 0.600000 2.300000 0.200000
v 0.600000 2.400000 -0.100000
v 0.600000 2.400000 0.100000
v 0.600000 2.500000 -0.300000
v 0.600000 2.500000 -0.200000
v 0.600000 2.500000 0.200000
v 0.600000 2.500000 0.300000
v 0.600000 2.700000 -0.300000
v 0.600000 2.700000 -0.200000
v 0.600000 2.700000 0.200000
v 0.600000 2.700000 0.300000
v 0.600000 2.800000 -0.100000
v 0.600000 2.800000 0.100000
v 0.600000 2.900000 -0.200000
v 0.600000 2.900000 0.200000
v 0.500000 1.000000 -0.300000
v 0.500000 1.000000 -0.200000
v 0.500000 1.000000 0.200000
v 0.500000 1.000000 0.300000
v 0.500000 1.100000 -0.600000
v 0.500000 1.100000 -0.500000
v 0.500000 1.100000 -0.300000
v 0.500000 1.100000 -0.200000
v 0.500000 1.100000 0.200000
v 0.500000 1.100000 0.300000
v 0.500000 1.100000 0.500000
v 0.500000 1.100000 0.600000
v 0.500000 1.200000 -0.600000
v 0.500000 1.200000 -0.500000
v 0.500000 1.200000 0.500000
v 0.500000 1.200000 0.600000
v 0.500000 1.400000 -0.700000
v 0.500000 1.400000 -0.600000
v 0.500000 1.400000 0.600000
v 0.500000 1.400000 0.700000
v 0.500000 1.500000 -0.700000
v 0.500000 1.500000 -0.600000
v 0.500000 1.500000 0.600000
v 0.500000 1.500000 0.700000
v 0.500000 1.700000 -0.700000
v 0.500000 1.700000 -0.600000
v 0.500000 1.700000 0.600000
v 0.500000 1.700000 0.700000
v 0.500000 1.800000 -0.700000
v 0.500000 1.800000 -0.600000
v 0.500000 1.800000 0.600000
v 0.500000 1.800000 0.700000
v 0.500000 2.000000 -0.600000
v 0.500000 2.000000 -0.500000
v 0.500000 2.000000 0.500000
v 0.500000 2.000000 0.600000
v 0.500000 2.100000 -0.600000
v 0.500000 2.100000 -0.500000
v 0.500000 2.100000 -0.300000
v 0.500000 2.100000 -0.200000
v 0.500000 2.100000 0.200000
v 0.500000 2.100000 0.300000
v 0.500000 2.100000 0.500000
v 0.500000 2.100000 0.600000
v 0.500000 2.200000 -0.300000
v 0.500000 2.200000 -0.200000
v 0.500000 2.200000 0.200000
v 0.500000 2.200000 0.300000
v 0.500000 2.300000 -0.300000
v 0.500000 2.300000 -0.200000
v 0.500000 2.300000 0.200000
v 0.500000 2.300000 0.300000
v 0.500000 2.500000 -0.300000
v 0.500000 2.500000 -0.200000
v 0.500000 2.500000 0.200000
v 0.500000 2.500000 0.300000
v 0.500000 2.700000 -0.300000
v 0.500000 2.700000 -0.200000
v 0.500000 2.700000 0.200000
v 0.500000 2.700000 0.300000
v 0.500000 2.900000 -0.300000
v 0.500000 2.900000 -0.200000
v 0.500000 2.900000 0.200000
v 0.500000 2.900000 0.300000
v 0.500000 3.000000 -0.200000
v 0.500000 3.000000 -0.100000
v 0.500000 3.000000 0.100000
v 0.500000 3.000000 0.200000
v 0.500000 3.100000 -0.100000
v 0.500000 3.100000 0.100000
v 0.400000 0.900000 -0.500000
v 0.400000 0.900000 -0.400000
v 0.400000 0.900000 0.400000
v 0.400000 0.900000 0.500000
v 0.400000 1.000000 -0.500000
v 0.400000 1.000000 -0.400000
v 0.400000 1.000000 0.400000
v 0.400000 1.000000 0.500000
v 0.400000 1.300000 -0.700000
v 0.400000 1.300000 -0.600000
v 0.400000 1.300000 0.600000
v 0.400000 1.300000 0.700000
v 0.400000 1.400000 -0.700000
v 0.400000 1.400000 -0.600000
v 0.400000 1.400000 0.600000
v 0.400000 1.400000 0.700000
v 0.400000 1.800000 -0.700000
v 0.400000 1.800000 -0.600000
v 0.400000 1.800000 0.600000
v 0.400000 1.800000 0.700000
v 0.400000 1.900000 -0.700000
v 0.400000 1.900000 -0.600000
v 0.400000 1.900000 0.600000
v 0.400000 1.900000 0.700000
v 0.400000 2.100000 -0.400000
v 0.400000 2.100000 -0.300000
v 0.400000 2.100000 0.300000
v 0.400000 2.100000 0.400000
v 0.400000 2.200000 -0.400000
v 0.400000 2.200000 -0.300000
v 0.400000 2.200000 -0.200000
v 0.400000 2.200000 0.200000
v 0.400000 2.200000 0.300000
v 0.400000 2.200000 0.400000
v 0.400000 2.300000 -0.300000
v 0.400000 2.300000 -0.200000
v 0.400000 2.300000 0.200000
v 0.400000 2.300000 0.300000
v 0.400000 2.500000 -0.400000
v 0.400000 2.500000 -0.300000
v 0.400000 2.700000 -0.400000
v 0.400000 2.700000 -0.300000
v 0.400000 2.900000 -0.300000
v 0.400000 2.900000 -0.200000
v 0.400000 2.900000 0.200000
v 0.400000 2.900000 0.300000
v 0.400000 3.000000 -0.300000
v 0.400000 3.000000 -0.200000
v 0.400000 3.000000 -0.100000
v 0.400000 3.000000 0.100000
v 0.400000 3.000000 0.200000
v 0.400000 3.000000 0.300000
v 0.400000 3.100000 -0.200000
v 0.400000 3.100000 -0.100000
v 0.400000 3.100000 0.100000
v 0.400000 3.100000 0.200000
v 0.300000 1.000000 -0.600000
v 0.300000 1.000000 -0.500000
v 0.300000 1.000000 0.500000
v 0.300000 1.000000 0.600000
v 0.300000 1.100000 -0.600000
v 0.300000 1.100000 -0.500000
v 0.300000 1.100000 0.500000
v 0.300000 1.100000 0.600000
v 0.300000 1.200000 -0.700000
v 0.300000 1.200000 -0.600000
v 0.300000 1.200000 0.600000
v 0.300000 1.200000 0.700000
v 0.300000 1.300000 -0.700000
v 0.300000 1.300000 -0.600000
v 0.300000 1.300000 0.600000
v 0.300000 1.300000 0.700000
v 0.300000 2.000000 -0.100000
v 0.300000 2.000000 0.100000
v 0.300000 2.100000 -0.100000
v 0.300000 2.100000 0.100000
v 0.300000 2.400000 -0.400000
v 0.300000 2.400000 -0.300000
v 0.300000 2.500000 -0.400000
v 0.300000 2.500000 -0.300000
v 0.300000 2.500000 -0.100000
v 0.300000 2.500000 0.000000
v 0.300000 2.700000 -0.400000
v 0.300000 2.700000 -0.300000
v 0.300000 2.800000 -0.400000
v 0.300000 2.800000 -0.300000
v 0.300000 2.800000 -0.100000
v 0.300000 2.800000 0.000000
v 0.300000 3.100000 -0.100000
v 0.300000 3.100000 0.100000
v 0.300000 3.200000 -0.100000
v 0.300000 3.200000 0.100000
v 0.200000 2.000000 -0.200000
v 0.200000 2.000000 -0.100000
v 0.200000 2.000000 0.100000
v 0.200000 2.000000 0.200000
v 0.200000 2.100000 -0.200000
v 0.200000 2.100000 -0.100000
v 0.200000 2.100000 0.100000
v 0.200000 2.100000 0.200000
v 0.200000 2.300000 -0.400000
v 0.200000 2.300000 -0.300000
v 0.200000 2.400000 -0.400000
v 0.200000 2.400000 -0.300000
v 0.200000 2.600000 0.200000
v 0.200000 2.600000 0.300000
v 0.200000 2.700000 0.200000
v 0.200000 2.700000 0.300000
v 0.200000 2.800000 -0.400000
v 0.200000 2.800000 -0.300000
v 0.200000 2.900000 -0.400000
v 0.200000 2.900000 -0.300000
v 0.200000 3.000000 -0.300000
v 0.200000 3.000000 -0.200000
v 0.200000 3.000000 0.200000
v 0.200000 3.000000 0.300000
v 0.200000 3.100000 -0.300000
v 0.200000 3.100000 -0.200000
v 0.200000 3.100000 -0.100000
v 0.200000 3.100000 0.100000
v 0.200000 3.100000 0.200000
v 0.200000 3.100000 0.300000
v 0.200000 3.200000 -0.200000
v 0.200000 3.200000 -0.100000
v 0.200000 3.200000 0.100000
v 0.200000 3.200000 0.200000
v 0.100000 1.900000 -0.200000
v 0.100000 1.900000 0.200000
v 0.100000 2.000000 -0.200000
v 0.100000 2.000000 0.200000
v 0.100000 2.500000 0.200000
v 0.100000 2.500000 0.300000
v 0.100000 2.600000 0.200000
v 0.100000 2.600000 0.300000
v 0.100000 2.700000 0.200000
v 0.100000 2.700000 0.300000
v 0.100000 2.900000 0.200000
v 0.100000 2.900000 0.300000
v 0.100000 3.200000 -0.100000
v 0.100000 3.200000 0.100000
v 0.100000 3.300000 -0.100000
v 0.100000 3.300000 0.100000
v -0.200000 1.000000 -0.600000
v -0.200000 1.000000 -0.500000
v -0.200000 1.000000 0.500000
v -0.200000 1.000000 0.600000
v -0.200000 1.100000 -0.600000
v -0.200000 1.100000 -0.500000
v -0.200000 1.100000 0.500000
v -0.200000 1.100000 0.600000
v -0.200000 2.300000 0.200000
v -0.200000 2.300000 0.300000
v -0.200000 2.400000 0.200000
v -0.200000 2.400000 0.300000
v -0.200000 3.000000 -0.100000
v -0.200000 3.000000 0.200000
v -0.200000 3.100000 -0.100000
v -0.200000 3.100000 0.200000
v -0.300000 0.900000 -0.500000
v -0.300000 0.900000 -0.400000
v -0.300000 0.900000 0.400000
v -0.300000 0.900000 0.500000
v -0.300000 1.000000 -0.500000
v -0.300000 1.000000 -0.400000
v -0.300000 1.000000 0.400000
v -0.300000 1.000000 0.500000
v -0.300000 2.400000 0.200000
v -0.300000 2.400000 0.300000
v -0.300000 2.500000 0.200000
v -0.300000 2.500000 0.300000
v -0.300000 2.800000 0.200000
v -0.300000 2.800000 0.300000
v -0.300000 2.900000 0.200000
v -0.300000 2.900000 0.300000
v -0.400000 0.900000 -0.300000
v -0.400000 0.900000 -0.200000
v -0.400000 0.900000 0.200000
v -0.400000 0.900000 0.300000
v -0.400000 1.000000 -0.300000
v -0.400000 1.000000 -0.200000
v -0.400000 1.000000 0.200000
v -0.400000 1.000000 0.300000
v -0.400000 2.000000 -0.400000
v -0.400000 2.000000 -0.300000
v -0.400000 2.000000 0.300000
v -0.400000 2.000000 0.400000
v -0.400000 2.100000 -0.400000
v -0.400000 2.100000 -0.300000
v -0.400000 2.100000 0.300000
v -0.400000 2.100000 0.400000
v -0.400000 2.200000 -0.100000
v -0.400000 2.200000 0.200000
v -0.400000 2.300000 -0.100000
v -0.400000 2.300000 0.200000
v -0.400000 2.500000 0.200000
v -0.400000 2.500000 0.300000
v -0.400000 2.800000 0.200000
v -0.400000 2.800000 0.300000
v -0.400000 2.900000 -0.100000
v -0.400000 2.900000 0.200000
v -0.400000 3.000000 -0.100000
v -0.400000 3.000000 0.200000
v -0.500000 0.900000 -0.200000
v -0.500000 0.900000 -0.100000
v -0.500000 0.900000 0.100000
v -0.500000 0.900000 0.200000
v -0.500000 1.000000 -0.200000
v -0.500000 1.000000 -0.100000
v -0.500000 1.000000 0.100000
v -0.500000 1.000000 0.200000
v -0.500000 1.100000 -0.500000
v -0.500000 1.100000 -0.400000
v -0.500000 1.100000 0.400000
v -0.500000 1.100000 0.500000
v -0.500000 1.200000 -0.500000
v -0.500000 1.200000 -0.400000
v -0.500000 1.200000 0.400000
v -0.500000 1.200000 0.500000
v -0.500000 2.000000 -0.300000
v -0.500000 2.000000 -0.200000
v -0.500000 2.000000 0.200000
v -0.500000 2.000000 0.300000
v -0.500000 2.100000 -0.300000
v -0.500000 2.100000 -0.200000
v -0.500000 2.100000 0.200000
v -0.500000 2.100000 0.300000
v -0.500000 2.300000 -0.100000
v -0.500000 2.300000 0.200000
v -0.500000 2.900000 -0.100000
v -0.500000 2.900000 0.200000
v -0.600000 1.000000 -0.300000
v -0.600000 1.000000 -0.200000
v -0.600000 1.000000 0.200000
v -0.600000 1.000000 0.300000
v -0.600000 1.100000 -0.400000
v -0.600000 1.100000 -0.300000
v -0.600000 1.100000 -0.200000
v -0.600000 1.100000 0.200000
v -0.600000 1.100000 0.300000
v -0.600000 1.100000 0.400000
v -0.600000 1.200000 -0.500000
v -0.600000 1.200000 -0.400000
v -0.600000 1.200000 -0.300000
v -0.600000 1.200000 0.300000
v -0.600000 1.200000 0.400000
v -0.600000 1.200000 0.500000
v -0.600000 1.300000 0.500000
v -0.600000 1.400000 -0.500000
v -0.600000 1.400000 -0.400000
v -0.600000 1.400000 0.400000
v -0.600000 1.400000 0.500000
v -0.600000 1.500000 -0.500000
v -0.600000 1.500000 -0.400000
v -0.600000 1.500000 0.400000
v -0.600000 1.500000 0.500000
v -0.600000 1.900000 -0.500000
v -0.600000 1.900000 -0.400000
v -0.600000 1.900000 0.400000
v -0.600000 1.900000 0.500000
v -0.600000 2.000000 -0.500000
v -0.600000 2.000000 -0.400000
v -0.600000 2.000000 -0.200000
v -0.600000 2.000000 0.200000
v -0.600000 2.000000 0.400000
v -0.600000 2.000000 0.500000
v -0.600000 2.100000 -0.200000
v -0.600000 2.100000 0.200000
v -0.700000 1.100000 -0.300000
v -0.700000 1.100000 0.300000
v -0.700000 1.200000 -0.400000
v -0.700000 1.200000 -0.300000
v -0.700000 1.200000 -0.200000
v -0.700000 1.200000 0.200000
v -0.700000 1.200000 0.300000
v -0.700000 1.200000 0.400000
v -0.700000 1.300000 -0.300000
v -0.700000 1.300000 -0.200000
v -0.700000 1.300000 0.200000
v -0.700000 1.300000 0.300000
v -0.700000 1.400000 -0.400000
v -0.700000 1.400000 -0.300000
v -0.700000 1.400000 0.300000
v -0.700000 1.400000 0.400000
v -0.700000 1.500000 -0.500000
v -0.700000 1.500000 -0.400000
v -0.700000 1.500000 0.400000
v -0.700000 1.500000 0.500000
v -0.700000 1.600000 -0.200000
v -0.700000 1.600000 0.200000
v -0.700000 1.700000 -0.300000
v -0.700000 1.700000 -0.200000
v -0.700000 1.700000 0.200000
v -0.700000 1.700000 0.300000
v -0.700000 1.800000 -0.300000
v -0.700000 1.800000 0.300000
v -0.700000 1.900000 -0.500000
v -0.700000 1.900000 -0.400000
v -0.700000 1.900000 -0.300000
v -0.700000 1.900000 -0.100000
v -0.700000 1.900000 0.100000
v -0.700000 1.900000 0.300000
v -0.700000 1.900000 0.400000
v -0.700000 1.900000 0.500000
v -0.700000 2.000000 -0.400000
v -0.700000 2.000000 -0.100000
v -0.700000 2.000000 0.100000
v -0.700000 2.000000 0.400000
v -0.700000 2.100000 -0.200000
v -0.700000 2.100000 0.200000
v -0.700000 2.200000 -0.200000
v -0.700000 2.200000 0.200000
v -0.800000 1.600000 -0.200000
v -0.800000 1.600000 0.200000
v -0.800000 1.700000 -0.300000
v -0.800000 1.700000 -0.200000
v -0.800000 1.700000 0.200000
v -0.800000 1.700000 0.300000
v -0.800000 1.800000 -0.300000
v -0.800000 1.800000 -0.200000
v -0.800000 1.800000 0.200000
v -0.800000 1.800000 0.300000
v -0.800000 2.200000 -0.200000
v -0.800000 2.200000 0.200000
v -0.800000 2.300000 -0.200000
v -0.800000 2.300000 0.200000
v -0.900000 2.000000 -0.400000
v -0.900000 2.000000 -0.300000
v -0.900000 2.000000 0.300000
v -0.900000 2.000000 0.400000
v -0.900000 2.100000 -0.400000
v -0.900000 2.100000 -0.300000
v -0.900000 2.100000 -0.200000
v -0.900000 2.100000 0.200000
v -0.900000 2.100000 0.300000
v -0.900000 2.100000 0.400000
v -0.900000 2.200000 -0.400000
v -0.900000 2.200000 -0.200000
v -0.900000 2.200000 0.200000
v -0.900000 2.200000 0.400000
v -0.900000 2.300000 -0.200000
v -0.900000 2.300000 0.200000
v -0.900000 2.400000 -0.200000
v -0.900000 2.400000 0.200000
v -1.000000 1.800000 -0.500000
v -1.000000 1.800000 -0.400000
v -1.000000 1.800000 0.400000
v -1.000000 1.800000 0.500000
v -1.000000 1.900000 -0.500000
v -1.000000 1.900000 -0.400000
v -1.000000 1.900000 0.400000
v -1.000000 1.900000 0.500000
v -1.000000 2.000000 -0.500000
v -1.000000 2.000000 -0.400000
v -1.000000 2.000000 0.400000
v -1.000000 2.000000 0.500000
v -1.000000 2.200000 -0.300000
v -1.000000 2.200000 -0.200000
v -1.000000 2.200000 0.200000
v -1.000000 2.200000 0.300000
v -1.000000 2.300000 -0.300000
v -1.000000 2.300000 -0.200000
v -1.000000 2.300000 0.200000
v -1.000000 2.300000 0.300000
v -1.000000 2.400000 -0.100000
v -1.000000 2.400000 0.100000
v -1.000000 2.500000 -0.100000
v -1.000000 2.500000 0.100000
v -1.100000 2.000000 -0.500000
v -1.100000 2.000000 -0.400000
v -1.100000 2.000000 0.400000
v -1.100000 2.000000 0.500000
v -1.100000 2.100000 -0.500000
v -1.100000 2.100000 -0.400000
v -1.100000 2.100000 0.400000
v -1.100000 2.100000 0.500000
v -1.100000 2.200000 -0.400000
v -1.100000 2.200000 -0.300000
v -1.100000 2.200000 0.300000
v -1.100000 2.200000 0.400000
v -1.100000 2.300000 -0.400000
v -1.100000 2.300000 -0.300000
v -1.100000 2.300000 -0.200000
v -1.100000 2.300000 0.200000
v -1.100000 2.300000 0.300000
v -1.100000 2.300000 0.400000
v -1.100000 2.400000 -0.300000
v -1.100000 2.400000 -0.200000
v -1.100000 2.400000 0.200000
v -1.100000 2.400000 0.300000
v -1.200000 2.100000 -0.500000
v -1.200000 2.100000 -0.400000
v -1.200000 2.100000 0.400000
v -1.200000 2.100000 0.500000
v -1.200000 2.200000 -0.500000
v -1.200000 2.200000 -0.400000
v -1.200000 2.200000 0.400000
v -1.200000 2.200000 0.500000
v -1.300000 2.100000 -0.300000
v -1.300000 2.100000 -0.200000
v -1.300000 2.100000 0.200000
v -1.300000 2.100000 0.300000
v -1.300000 2.200000 -0.300000
v -1.300000 2.200000 -0.200000
v -1.300000 2.200000 0.200000
v -1.300000 2.200000 0.300000
v -1.400000 2.100000 -0.200000
v -1.400000 2.100000 -0.100000
v -1.400000 2.100000 0.100000
v -1.400000 2.100000 0.200000
v -1.400000 2.200000 -0.200000
v -1.400000 2.200000 -0.100000
v -1.400000 2.200000 0.100000
v -1.400000 2.200000 0.200000
v -1.500000 2.100000 -0.100000
v -1.500000 2.100000 0.100000
v -1.500000 2.200000 -0.100000
v -1.500000 2.200000 0.100000
v 1.500000 2.100000 -0.100000
v 1.500000 2.100000 0.100000
v 1.500000 2.200000 -0.100000
v 1.500000 2.200000 0.100000
v 1.400000 2.100000 -0.200000
v 1.400000 2.100000 -0.100000
v 1.400000 2.100000 0.100000
v 1.400000 2.100000 0.200000
v 1.400000 2.200000 -0.200000
v 1.400000 2.200000 -0.100000
v 1.400000 2.200000 0.100000
v 1.400000 2.200000 0.200000
v 1.300000 2.100000 -0.300000
v 1.300000 2.100000 -0.200000
v 1.300000 2.100000 0.200000
v 1.300000 2.100000 0.300000
v 1.300000 2.200000 -0.300000
v 1.300000 2.200000 -0.200000
v 1.300000 2.200000 0.200000
v 1.300000 2.200000 0.300000
v 1.200000 2.100000 -0.500000
v 1.200000 2.100000 -0.400000
v 1.200000 2.100000 0.400000
v 1.200000 2.100000 0.500000
v 1.200000 2.200000 -0.500000
v 1.200000 2.200000 -0.400000
v 1.200000 2.200000 0.400000
v 1.200000 2.200000 0.500000
v 1.100000 2.000000 -0.500000
v 1.100000 2.000000 -0.400000
v 1.100000 2.000000 0.400000
v 1.100000 2.000000 0.500000
v 1.100000 2.100000 -0.500000
v 1.100000 2.100000 -0.400000
v 1.100000 2.100000 0.400000
v 1.100000 2.100000 0.500000
v 1.100000 2.200000 -0.400000
v 1.100000 2.200000 -0.300000
v 1.100000 2.200000 0.300000
v 1.100000 2.200000 0.400000
v 1.100000 2.300000 -0.400000
v 1.100000 2.300000 -0.300000
v 1.100000 2.300000 -0.200000
v 1.100000 2.300000 0.200000
v 1.100000 2.300000 0.300000
v 1.100000 2.300000 0.400000
v 1.100000 2.400000 -0.300000
v 1.100000 2.400000 -0.200000
v 1.100000 2.400000 0.200000
v 1.100000 2.400000 0.300000
v 1.000000 1.800000 -0.500000
v 1.000000 1.800000 -0.400000
v 1.000000 1.800000 0.400000
v 1.000000 1.800000 0.500000
v 1.000000 1.900000 -0.500000
v 1.000000 1.900000 -0.400000
v 1.000000 1.900000 0.400000
v 1.000000 1.900000 0.500000
v 1.000000 2.000000 -0.500000
v 1.000000 2.000000 -0.400000
v 1.000000 2.000000 0.400000
v 1.000000 2.000000 0.500000
v 1.000000 2.200000 -0.300000
v 1.000000 2.200000 -0.200000
v 1.000000 2.200000 0.200000
v 1.000000 2.200000 0.300000
v 1.000000 2.300000 -0.300000
v 1.000000 2.300000 -0.200000
v 1.000000 2.300000 0.200000
v 1.000000 2.300000 0.300000
v 1.000000 2.400000 -0.100000
v 1.000000 2.400000 0.100000
v 1.000000 2.500000 -0.100000
v 1.000000 2.500000 0.100000
v 0.900000 2.000000 -0.400000
v 0.900000 2.000000 -0.300000
v 0.900000 2.000000 0.300000
v 0.900000 2.000000 0.400000
v 0.900000 2.100000 -0.400000
v 0.900000 2.100000 -0.300000
v 0.900000 2.100000 -0.200000
v 0.900000 2.100000 0.200000
v 0.900000 2.100000 0.300000
v 0.900000 2.100000 0.400000
v 0.900000 2.200000 -0.400000
v 0.900000 2.200000 -0.200000
v 0.900000 2.200000 0.200000
v 0.900000 2.200000 0.400000
v 0.900000 2.300000 -0.200000
v 0.900000 2.300000 0.200000
v 0.900000 2.400000 -0.200000
v 0.900000 2.400000 0.200000
v 0.800000 1.600000 -0.200000
v 0.800000 1.600000 0.200000
v 0.800000 1.700000 -0.300000
v 0.800000 1.700000 -0.200000
v 0.800000 1.700000 0.200000
v 0.800000 1.700000 0.300000
v 0.800000 1.800000 -0.300000
v 0.800000 1.800000 -0.200000
v 0.800000 1.800000 0.200000
v 0.800000 1.800000 0.300000
v 0.800000 2.200000 -0.200000
v 0.800000 2.200000 0.200000
v 0.800000 2.300000 -0.200000
v 0.800000 2.300000 0.200000
v 0.700000 1.100000 -0.300000
v 0.700000 1.100000 0.300000
v 0.700000 1.200000 -0.400000
v 0.700000 1.200000 -0.300000
v 0.700000 1.200000 -0.200000
v 0.700000 1.200000 0.200000
v 0.700000 1.200000 0.300000
v 0.700000 1.200000 0.400000
v 0.700000 1.300000 -0.300000
v 0.700000 1.300000 -0.200000
v 0.700000 1.300000 0.200000
v 0.700000 1.300000 0.300000
v 0.700000 1.400000 -0.400000
v 0.700000 1.400000 -0.300000
v 0.700000 1.400000 0.300000
v 0.700000 1.400000 0.400000
v 0.700000 1.500000 -0.500000
v 0.700000 1.500000 -0.400000
v 0.700000 1.500000 0.400000
v 0.700000 1.500000 0.500000
v 0.700000 1.600000 -0.200000
v 0.700000 1.600000 0.200000
v 0.700000 1.700000 -0.300000
v 0.700000 1.700000 -0.200000
v 0.700000 1.700000 0.200000
v 0.700000 1.700000 0.300000
v 0.700000 1.800000 -0.300000
v 0.700000 1.800000 0.300000
v 0.700000 1.900000 -0.500000
v 0.700000 1.900000 -0.400000
v 0.700000 1.900000 -0.300000
v 0.700000 1.900000 -0.100000
v 0.700000 1.900000 0.100000
v 0.700000 1.900000 0.300000
v 0.700000 1.900000 0.400000
v 0.700000 1.900000 0.500000
v 0.700000 2.000000 -0.400000
v 0.700000 2.000000 -0.100000
v 0.700000 2.000000 0.100000
v 0.700000 2.000000 0.400000
v 0.700000 2.100000 -0.200000
v 0.700000 2.100000 0.200000
v 0.700000 2.200000 -0.200000
v 0.700000 2.200000 0.200000
v 0.600000 1.000000 -0.300000
v 0.600000 1.000000 -0.200000
v 0.600000 1.000000 0.200000
v 0.600000 1.000000 0.300000
v 0.600000 1.100000 -0.400000
v 0.600000 1.100000 -0.300000
v 0.600000 1.100000 -0.200000
v 0.600000 1.100000 0.200000
v 0.600000 1.100000 0.300000
v 0.600000 1.100000 0.400000
v 0.600000 1.200000 -0.500000
v 0.600000 1.200000 -0.400000
v 0.600000 1.200000 -0.300000
v 0.600000 1.200000 0.300000
v 0.600000 1.200000 0.400000
v 0.600000 1.200000 0.500000
v 0.600000 1.300000 -0.500000
v 0.600000 1.300000 0.500000
v 0.600000 1.400000 -0.500000
v 0.600000 1.400000 -0.400000
v 0.600000 1.400000 0.400000
v 0.600000 1.400000 0.500000
v 0.600000 1.500000 -0.500000
v 0.600000 1.500000 -0.400000
v 0.600000 1.500000 0.400000
v 0.600000 1.500000 0.500000
v 0.600000 1.900000 -0.500000
v 0.600000 1.900000 -0.400000
v 0.600000 1.900000 0.400000
v 0.600000 1.900000 0.500000
v 0.600000 2.000000 -0.500000
v 0.600000 2.000000 -0.400000
v 0.600000 2.000000 -0.200000
v 0.600000 2.000000 0.200000
v 0.600000 2.000000 0.400000
v 0.600000 2.000000 0.500000
v 0.600000 2.100000 -0.200000
v 0.600000 2.100000 0.200000
v 0.500000 0.900000 -0.200000
v 0.500000 0.900000 -0.100000
v 0.500000 0.900000 0.100000
v 0.500000 0.900000 0.200000
v 0.500000 1.000000 -0.200000
v 0.500000 1.000000 -0.100000
v 0.500000 1.000000 0.100000
v 0.500000 1.000000 0.200000
v 0.500000 1.100000 -0.500000
v 0.500000 1.100000 -0.400000
v 0.500000 1.100000 0.400000
v 0.500000 1.100000 0.500000
v 0.500000 1.200000 -0.500000
v 0.500000 1.200000 -0.400000
v 0.500000 1.200000 0.400000
v 0.500000 1.200000 0.500000
v 0.500000 2.000000 -0.300000
v 0.500000 2.000000 -0.200000
v 0.500000 2.000000 0.200000
v 0.500000 2.000000 0.300000
v 0.500000 2.100000 -0.300000
v 0.500000 2.100000 -0.200000
v 0.500000 2.100000 0.200000
v 0.500000 2.100000 0.300000
v 0.500000 2.300000 -0.100000
v 0.500000 2.300000 0.200000
v 0.500000 2.900000 -0.100000
v 0.500000 2.900000 0.200000
v 0.400000 0.900000 -0.300000
v 0.400000 0.900000 -0.200000
v 0.400000 0.900000 0.200000
v 0.400000 0.900000 0.300000
v 0.400000 1.000000 -0.300000
v 0.400000 1.000000 -0.200000
v 0.400000 1.000000 0.200000
v 0.400000 1.000000 0.300000
v 0.400000 2.000000 -0.400000
v 0.400000 2.000000 -0.300000
v 0.400000 2.000000 0.300000
v 0.400000 2.000000 0.400000
v 0.400000 2.100000 -0.400000
v 0.400000 2.100000 -0.300000
v 0.400000 2.100000 0.300000
v 0.400000 2.100000 0.400000
v 0.400000 2.200000 -0.100000
v 0.400000 2.200000 0.200000
v 0.400000 2.300000 -0.100000
v 0.400000 2.300000 0.200000
v 0.400000 2.500000 0.200000
v 0.400000 2.500000 0.300000
v 0.400000 2.800000 0.200000
v 0.400000 2.800000 0.300000
v 0.400000 2.900000 -0.100000
v 0.400000 2.900000 0.200000
v 0.400000 3.000000 -0.100000
v 0.400000 3.000000 0.200000
v 0.300000 0.900000 -0.500000
v 0.300000 0.900000 -0.400000
v 0.300000 0.900000 0.400000
v 0.300000 0.900000 0.500000
v 0.300000 1.000000 -0.500000
v 0.300000 1.000000 -0.400000
v 0.300000 1.000000 0.400000
v 0.300000 1.000000 0.500000
v 0.300000 2.400000 0.200000
v 0.300000 2.400000 0.300000
v 0.300000 2.500000 0.200000
v 0.300000 2.500000 0.300000
v 0.300000 2.800000 0.200000
v 0.300000 2.800000 0.300000
v 0.300000 2.900000 0.200000
v 0.300000 2.900000 0.300000
v 0.200000 1.000000 -0.600000
v 0.200000 1.000000 -0.500000
v 0.200000 1.000000 0.500000
v 0.200000 1.000000 0.600000
v 0.200000 1.100000 -0.600000
v 0.200000 1.100000 -0.500000
v 0.200000 1.100000 0.500000
v 0.200000 1.100000 0.600000
v 0.200000 2.300000 0.200000
v 0.200000 2.300000 0.300000
v 0.200000 2.400000 0.200000
v 0.200000 2.400000 0.300000
v 0.200000 3.000000 -0.100000
v 0.200000 3.000000 0.200000
v 0.200000 3.100000 -0.100000
v 0.200000 3.100000 0.200000
v -0.100000 1.900000 -0.200000
v -0.100000 1.900000 0.200000
v -0.100000 2.000000 -0.200000
v -0.100000 2.000000 0.200000
v -0.100000 2.500000 0.200000
v -0.100000 2.500000 0.300000
v -0.100000 2.600000 0.200000
v -0.100000 2.600000 0.300000
v -0.100000 2.700000 0.200000
v -0.100000 2.700000 0.300000
v -0.100000 2.900000 0.200000
v -0.100000 2.900000 0.300000
v -0.100000 3.200000 -0.100000
v -0.100000 3.200000 0.100000
v -0.100000 3.300000 -0.100000
v -0.100000 3.300000 0.100000
v -0.200000 2.000000 -0.200000
v -0.200000 2.000000 -0.100000
v -0.200000 2.000000 0.100000
v -0.200000 2.000000 0.200000
v -0.200000 2.100000 -0.200000
v -0.200000 2.100000 -0.100000
v -0.200000 2.100000 0.100000
v -0.200000 2.100000 0.200000
v -0.200000 2.300000 -0.400000
v -0.200000 2.300000 -0.300000
v -0.200000 2.400000 -0.400000
v -0.200000 2.400000 -0.300000
v -0.200000 2.600000 0.200000
v -0.200000 2.600000 0.300000
v -0.200000 2.700000 0.200000
v -0.200000 2.700000 0.300000
v -0.200000 2.800000 -0.400000
v -0.200000 2.800000 -0.300000
v -0.200000 2.900000 -0.400000
v -0.200000 2.900000 -0.300000
v -0.200000 3.000000 -0.300000
v -0.200000 3.000000 -0.200000
v -0.200000 3.000000 0.200000
v -0.200000 3.000000 0.300000
v -0.200000 3.100000 -0.300000
v -0.200000 3.100000 -0.200000
v -0.200000 3.100000 -0.100000
v -0.200000 3.100000 0.100000
v -0.200000 3.100000 0.200000
v -0.200000 3.100000 0.300000
v -0.200000 3.200000 -0.200000
v -0.200000 3.200000 -0.100000
v -0.200000 3.200000 0.100000
v -0.200000 3.200000 0.200000
v -0.300000 1.000000 -0.600000
v -0.300000 1.000000 -0.500000
v -0.300000 1.000000 0.500000
v -0.300000 1.000000 0.600000
v -0.300000 1.100000 -0.600000
v -0.300000 1.100000 -0.500000
v -0.300000 1.100000 0.500000
v -0.300000 1.100000 0.600000
v -0.300000 1.200000 -0.700000
v -0.300000 1.200000 -0.600000
v -0.300000 1.200000 0.600000
v -0.300000 1.200000 0.700000
v -0.300000 1.300000 -0.700000
v -0.300000 1.300000 -0.600000
v -0.300000 1.300000 0.600000
v -0.300000 1.300000 0.700000
v -0.300000 2.000000 -0.100000
v -0.300000 2.000000 0.100000
v -0.300000 2.100000 -0.100000
v -0.300000 2.100000 0.100000
v -0.300000 2.400000 -0.400000
v -0.300000 2.400000 -0.300000
v -0.300000 2.500000 -0.400000
v -0.300000 2.500000 -0.300000
v -0.300000 2.500000 -0.100000
v -0.300000 2.500000 0.000000
v -0.300000 2.700000 -0.400000
v -0.300000 2.700000 -0.300000
v -0.300000 2.800000 -0.400000
v -0.300000 2.800000 -0.300000
v -0.300000 2.800000 -0.100000
v -0.300000 2.800000 0.000000
v -0.300000 3.100000 -0.100000
v -0.300000 3.100000 0.100000
v -0.300000 3.200000 -0.100000
v -0.300000 3.200000 0.100000
v -0.400000 0.900000 -0.500000
v -0.400000 0.900000 -0.400000
v -0.400000 0.900000 0.400000
v -0.400000 0.900000 0.500000
v -0.400000 1.000000 -0.500000
v -0.400000 1.000000 -0.400000
v -0.400000 1.000000 0.400000
v -0.400000 1.000000 0.500000
v -0.400000 1.300000 -0.700000
v -0.400000 1.300000 -0.600000
v -0.400000 1.300000 0.600000
v -0.400000 1.300000 0.700000
v -0.400000 1.400000 -0.700000
v -0.400000 1.400000 -0.600000
v -0.400000 1.400000 0.600000
v -0.400000 1.400000 0.700000
v -0.400000 1.800000 -0.700000
v -0.400000 1.800000 -0.600000
v -0.400000 1.800000 0.600000
v -0.400000 1.800000 0.700000
v -0.400000 1.900000 -0.700000
v -0.400000 1.900000 -0.600000
v -0.400000 1.900000 0.600000
v -0.400000 1.900000 0.700000
v -0.400000 2.100000 -0.400000
v -0.400000 2.100000 -0.300000
v -0.400000 2.100000 0.300000
v -0.400000 2.100000 0.400000
v -0.400000 2.200000 -0.400000
v -0.400000 2.200000 -0.300000
v -0.400000 2.200000 -0.200000
v -0.400000 2.200000 0.200000
v -0.400000 2.200000 0.300000
v -0.400000 2.200000 0.400000
v -0.400000 2.300000 -0.300000
v -0.400000 2.300000 -0.200000
v -0.400000 2.300000 0.200000
v -0.400000 2.300000 0.300000
v -0.400000 2.500000 -0.400000
v -0.400000 2.500000 -0.300000
v -0.400000 2.700000 -0.400000
v -0.400000 2.700000 -0.300000
v -0.400000 2.900000 -0.300000
v -0.400000 2.900000 -0.200000
v -0.400000 2.900000 0.200000
v -0.400000 2.900000 0.300000
v -0.400000 3.000000 -0.300000
v -0.400000 3.000000 -0.200000
v -0.400000 3.000000 -0.100000
v -0.400000 3.000000 0.100000
v -0.400000 3.000000 0.200000
v -0.400000 3.000000 0.300000
v -0.400000 3.100000 -0.200000
v -0.400000 3.100000 -0.100000
v -0.400000 3.100000 0.100000
v -0.400000 3.100000 0.200000
v -0.500000 1.000000 -0.300000
v -0.500000 1.000000 -0.200000
v -0.500000 1.000000 0.200000
v -0.500000 1.000000 0.300000
v -0.500000 1.100000 -0.600000
v -0.500000 1.100000 -0.500000
v -0.500000 1.100000 -0.300000
v -0.500000 1.100000 -0.200000
v -0.500000 1.100000 0.200000
v -0.500000 1.100000 0.300000
v -0.500000 1.100000 0.500000
v -0.500000 1.100000 0.600000
v -0.500000 1.200000 -0.600000
v -0.500000 1.200000 -0.500000
v -0.500000 1.200000 0.500000
v -0.500000 1.200000 0.600000
v -0.500000 1.400000 -0.700000
v -0.500000 1.400000 -0.600000
v -0.500000 1.400000 0.600000
v -0.500000 1.400000 0.700000
v -0.500000 1.500000 -0.700000
v -0.500000 1.500000 -0.600000
v -0.500000 1.500000 0.600000
v -0.500000 1.500000 0.700000
v -0.500000 1.700000 -0.700000
v -0.500000 1.700000 -0.600000
v -0.500000 1.700000 0.600000
v -0.500000 1.700000 0.700000
v -0.500000 1.800000 -0.700000
v -0.500000 1.800000 -0.600000
v -0.500000 1.800000 0.600000
v -0.500000 1.800000 0.700000
v -0.500000 2.000000 -0.600000
v -0.500000 2.000000 -0.500000
v -0.500000 2.000000 0.500000
v -0.500000 2.000000 0.600000
v -0.500000 2.100000 -0.600000
v -0.500000 2.100000 -0.500000
v -0.500000 2.100000 -0.300000
v -0.500000 2.100000 -0.200000
v -0.500000 2.100000 0.200000
v -0.500000 2.100000 0.300000
v -0.500000 2.100000 0.500000
v -0.500000 2.100000 0.600000
v -0.500000 2.200000 -0.300000
v -0.500000 2.200000 -0.200000
v -0.500000 2.200000 0.200000
v -0.500000 2.200000 0.300000
v -0.500000 2.300000 -0.300000
v -0.500000 2.300000 -0.200000
v -0.500000 2.300000 0.200000
v -0.500000 2.300000 0.300000
v -0.500000 2.500000 -0.300000
v -0.500000 2.500000 -0.200000
v -0.500000 2.500000 0.200000
v -0.500000 2.500000 0.300000
v -0.500000 2.700000 -0.300000
v -0.500000 2.700000 -0.200000
v -0.500000 2.700000 0.200000
v -0.500000 2.700000 0.300000
v -0.500000 2.900000 -0.300000
v -0.500000 2.900000 -0.200000
v -0.500000 2.900000 0.200000
v -0.500000 2.900000 0.300000
v -0.500000 3.000000 -0.200000
v -0.500000 3.000000 -0.100000
v -0.500000 3.000000 0.100000
v -0.500000 3.000000 0.200000
v -0.500000 3.100000 -0.100000
v -0.500000 3.100000 0.100000
v -0.600000 0.900000 -0.400000
v -0.600000 0.900000 -0.100000
v -0.600000 0.900000 0.100000
v -0.600000 0.900000 0.400000
v -0.600000 1.000000 -0.500000
v -0.600000 1.000000 -0.400000
v -0.600000 1.000000 -0.100000
v -0.600000 1.000000 0.100000
v -0.600000 1.000000 0.400000
v -0.600000 1.000000 0.500000
v -0.600000 1.100000 -0.500000
v -0.600000 1.100000 -0.400000
v -0.600000 1.100000 0.400000
v -0.600000 1.100000 0.500000
v -0.600000 1.200000 -0.600000
v -0.600000 1.200000 -0.500000
v -0.600000 1.200000 0.500000
v -0.600000 1.200000 0.600000
v -0.600000 1.300000 0.500000
v -0.600000 1.300000 0.600000
v -0.600000 1.400000 -0.600000
v -0.600000 1.400000 -0.500000
v -0.600000 1.400000 0.500000
v -0.600000 1.400000 0.600000
v -0.600000 1.500000 -0.700000
v -0.600000 1.500000 -0.600000
v -0.600000 1.500000 0.600000
v -0.600000 1.500000 0.700000
v -0.600000 1.700000 -0.700000
v -0.600000 1.700000 -0.600000
v -0.600000 1.700000 0.600000
v -0.600000 1.700000 0.700000
v -0.600000 1.900000 -0.600000
v -0.600000 1.900000 -0.500000
v -0.600000 1.900000 0.500000
v -0.600000 1.900000 0.600000
v -0.600000 2.000000 -0.600000
v -0.600000 2.000000 -0.500000
v -0.600000 2.000000 0.500000
v -0.600000 2.000000 0.600000
v -0.600000 2.100000 -0.200000
v -0.600000 2.100000 0.200000
v -0.600000 2.200000 -0.200000
v -0.600000 2.200000 0.200000
v -0.600000 2.300000 -0.200000
v -0.600000 2.300000 0.200000
v -0.600000 2.400000 -0.100000
v -0.600000 2.400000 0.100000
v -0.600000 2.500000 -0.300000
v -0.600000 2.500000 -0.200000
v -0.600000 2.500000 0.200000
v -0.600000 2.500000 0.300000
v -0.600000 2.700000 -0.300000
v -0.600000 2.700000 -0.200000
v -0.600000 2.700000 0.200000
v -0.600000 2.700000 0.300000
v -0.600000 2.800000 -0.100000
v -0.600000 2.800000 0.100000
v -0.600000 2.900000 -0.200000
v -0.600000 2.900000 0.200000
v -0.700000 1.000000 -0.400000
v -0.700000 1.000000 0.400000
v -0.700000 1.100000 -0.500000
v -0.700000 1.100000 -0.400000
v -0.700000 1.100000 -0.300000
v -0.700000 1.100000 0.300000
v -0.700000 1.100000 0.400000
v -0.700000 1.100000 0.500000
v -0.700000 1.200000 -0.400000
v -0.700000 1.200000 -0.300000
v -0.700000 1.200000 0.300000
v -0.700000 1.200000 0.400000
v -0.700000 1.400000 -0.600000
v -0.700000 1.400000 -0.500000
v -0.700000 1.400000 -0.400000
v -0.700000 1.400000 0.400000
v -0.700000 1.400000 0.500000
v -0.700000 1.400000 0.600000
v -0.700000 1.900000 -0.600000
v -0.700000 1.900000 -0.500000
v -0.700000 1.900000 0.500000
v -0.700000 1.900000 0.600000
v -0.700000 2.000000 -0.500000
v -0.700000 2.000000 -0.300000
v -0.700000 2.000000 0.300000
v -0.700000 2.000000 0.500000
v -0.700000 2.100000 -0.500000
v -0.700000 2.100000 -0.300000
v -0.700000 2.100000 0.300000
v -0.700000 2.100000 0.500000
v -0.700000 2.400000 -0.100000
v -0.700000 2.400000 0.100000
v -0.700000 2.800000 -0.100000
v -0.700000 2.800000 0.100000
v -0.800000 1.100000 -0.300000
v -0.800000 1.100000 0.300000
v -0.800000 1.200000 -0.400000
v -0.800000 1.200000 -0.300000
v -0.800000 1.200000 -0.200000
v -0.800000 1.200000 -0.100000
v -0.800000 1.200000 0.100000
v -0.800000 1.200000 0.200000
v -0.800000 1.200000 0.300000
v -0.800000 1.200000 0.400000
v -0.800000 1.300000 -0.300000
v -0.800000 1.300000 -0.200000
v -0.800000 1.300000 -0.100000
v -0.800000 1.300000 0.100000
v -0.800000 1.300000 0.200000
v -0.800000 1.300000 0.300000
v -0.800000 1.400000 -0.500000
v -0.800000 1.400000 -0.400000
v -0.800000 1.400000 -0.300000
v -0.800000 1.400000 -0.200000
v -0.800000 1.400000 0.200000
v -0.800000 1.400000 0.300000
v -0.800000 1.400000 0.400000
v -0.800000 1.400000 0.500000
v -0.800000 1.500000 -0.400000
v -0.800000 1.500000 -0.300000
v -0.800000 1.500000 0.300000
v -0.800000 1.500000 0.400000
v -0.800000 1.900000 -0.400000
v -0.800000 1.900000 0.400000
v -0.800000 2.000000 -0.500000
v -0.800000 2.000000 -0.400000
v -0.800000 2.000000 0.400000
v -0.800000 2.000000 0.500000
v -0.900000 1.200000 -0.100000
v -0.900000 1.200000 0.100000
v -0.900000 1.300000 -0.200000
v -0.900000 1.300000 -0.100000
v -0.900000 1.300000 0.100000
v -0.900000 1.300000 0.200000
v -0.900000 1.400000 -0.300000
v -0.900000 1.400000 -0.200000
v -0.900000 1.400000 0.200000
v -0.900000 1.400000 0.300000
v -0.900000 1.500000 -0.400000
v -0.900000 1.500000 -0.300000
v -0.900000 1.500000 0.300000
v -0.900000 1.500000 0.400000
v -0.900000 1.600000 -0.400000
v -0.900000 1.600000 -0.200000
v -0.900000 1.600000 0.200000
v -0.900000 1.600000 0.400000
v -0.900000 1.700000 -0.200000
v -0.900000 1.700000 0.200000
v -0.900000 1.900000 -0.200000
v -0.900000 1.900000 0.200000
v -0.900000 2.100000 -0.200000
v -0.900000 2.100000 0.200000
v -1.000000 1.600000 -0.400000
v -1.000000 1.600000 -0.300000
v -1.000000 1.600000 0.300000
v -1.000000 1.600000 0.400000
v -1.000000 1.700000 -0.400000
v -1.000000 1.700000 -0.300000
v -1.000000 1.700000 -0.200000
v -1.000000 1.700000 0.200000
v -1.000000 1.700000 0.300000
v -1.000000 1.700000 0.400000
v -1.000000 1.800000 -0.300000
v -1.000000 1.800000 -0.200000
v -1.000000 1.800000 0.200000
v -1.000000 1.800000 0.300000
v -1.000000 1.900000 -0.200000
v -1.000000 1.900000 0.200000
v -1.000000 2.000000 -0.300000
v -1.000000 2.000000 -0.200000
v -1.000000 2.000000 0.200000
v -1.000000 2.000000 0.300000
v -1.000000 2.100000 -0.200000
v -1.000000 2.100000 0.200000
v -1.000000 2.200000 -0.200000
v -1.000000 2.200000 0.200000
v -1.100000 1.600000 -0.300000
v -1.100000 1.600000 -0.200000
v -1.100000 1.600000 0.200000
v -1.100000 1.600000 0.300000
v -1.100000 1.700000 -0.400000
v -1.100000 1.700000 -0.300000
v -1.100000 1.700000 -0.200000
v -1.100000 1.700000 0.200000
v -1.100000 1.700000 0.300000
v -1.100000 1.700000 0.400000
v -1.100000 1.800000 -0.400000
v -1.100000 1.800000 -0.300000
v -1.100000 1.800000 -0.200000
v -1.100000 1.800000 0.200000
v -1.100000 1.800000 0.300000
v -1.100000 1.800000 0.400000
v -1.100000 2.000000 -0.300000
v -1.100000 2.000000 -0.200000
v -1.100000 2.000000 0.200000
v -1.100000 2.000000 0.300000
v -1.100000 2.100000 -0.300000
v -1.100000 2.100000 -0.200000
v -1.100000 2.100000 0.200000
v -1.100000 2.100000 0.300000
v -1.200000 1.800000 -0.500000
v -1.200000 1.800000 -0.300000
v -1.200000 1.800000 0.300000
v -1.200000 1.800000 0.500000
v -1.200000 1.900000 -0.500000
v -1.200000 1.900000 -0.300000
v -1.200000 1.900000 0.300000
v -1.200000 1.900000 0.500000
v -1.200000 2.100000 -0.300000
v -1.200000 2.100000 -0.200000
v -1.200000 2.100000 0.200000
v -1.200000 2.100000 0.300000
v -1.200000 2.200000 -0.300000
v -1.200000 2.200000 -0.200000
v -1.200000 2.200000 0.200000
v -1.200000 2.200000 0.300000
v -1.300000 1.900000 -0.500000
v -1.300000 1.900000 -0.300000
v -1.300000 1.900000 0.300000
v -1.300000 1.900000 0.500000
v -1.300000 2.000000 -0.500000
v -1.300000 2.000000 -0.400000
v -1.300000 2.000000 -0.300000
v -1.300000 2.000000 0.300000
v -1.300000 2.000000 0.400000
v -1.300000 2.000000 0.500000
v -1.300000 2.100000 -0.500000
v -1.300000 2.100000 -0.400000
v -1.300000 2.100000 0.400000
v -1.300000 2.100000 0.500000
v -1.300000 2.200000 -0.500000
v -1.300000 2.200000 -0.400000
v -1.300000 2.200000 0.400000
v -1.300000 2.200000 0.500000
v -1.400000 2.000000 -0.500000
v -1.400000 2.000000 -0.400000
v -1.400000 2.000000 -0.300000
v -1.400000 2.000000 0.300000
v -1.400000 2.000000 0.400000
v -1.400000 2.000000 0.500000
v -1.400000 2.100000 -0.500000
v -1.400000 2.100000 -0.400000
v -1.400000 2.100000 -0.300000
v -1.400000 2.100000 0.300000
v -1.400000 2.100000 0.400000
v -1.400000 2.100000 0.500000
v -1.400000 2.300000 -0.300000
v -1.400000 2.300000 -0.200000
v -1.400000 2.300000 0.200000
v -1.400000 2.300000 0.300000
v -1.400000 2.400000 -0.300000
v -1.400000 2.400000 -0.200000
v -1.400000 2.400000 -0.100000
v -1.400000 2.400000 0.100000
v -1.400000 2.400000 0.200000
v -1.400000 2.400000 0.300000
v -1.400000 2.500000 -0.100000
v -1.400000 2.500000 0.100000
v -1.500000 2.100000 -0.400000
v -1.500000 2.100000 -0.300000
v -1.500000 2.100000 0.300000
v -1.500000 2.100000 0.400000
v -1.500000 2.200000 -0.400000
v -1.500000 2.200000 -0.300000
v -1.500000 2.200000 -0.200000
v -1.500000 2.200000 0.200000
v -1.500000 2.200000 0.300000
v -1.500000 2.200000 0.400000
v -1.500000 2.300000 -0.400000
v -1.500000 2.300000 -0.200000
v -1.500000 2.300000 0.200000
v -1.500000 2.300000 0.400000
v -1.500000 2.400000 -0.200000
v -1.500000 2.400000 0.200000
v -1.600000 2.100000 -0.300000
v -1.600000 2.100000 -0.200000
v -1.600000 2.100000 0.200000
v -1.600000 2.100000 0.300000
v -1.600000 2.200000 -0.300000
v -1.600000 2.200000 -0.200000
v -1.600000 2.200000 0.200000
v -1.600000 2.200000 0.300000
v -1.600000 2.300000 -0.200000
v -1.600000 2.300000 0.200000
v 0.600000 1.500000 -0.700000
v 0.600000 1.700000 -0.700000
v 0.500000 1.400000 -0.700000
v 0.500000 1.500000 -0.700000
v 0.500000 1.700000 -0.700000
v 0.500000 1.800000 -0.700000
v 0.400000 1.300000 -0.700000
v 0.400000 1.400000 -0.700000
v 0.400000 1.800000 -0.700000
v 0.400000 1.900000 -0.700000
v 0.300000 1.200000 -0.700000
v 0.300000 1.300000 -0.700000
v -0.300000 1.200000 -0.700000
v -0.300000 1.300000 -0.700000
v -0.400000 1.300000 -0.700000
v -0.400000 1.400000 -0.700000
v -0.400000 1.800000 -0.700000
v -0.400000 1.900000 -0.700000
v -0.500000 1.400000 -0.700000
v -0.500000 1.500000 -0.700000
v -0.500000 1.700000 -0.700000
v -0.500000 1.800000 -0.700000
v -0.600000 1.500000 -0.700000
v -0.600000 1.700000 -0.700000
v 0.700000 1.400000 -0.600000
v 0.700000 1.900000 -0.600000
v 0.600000 1.200000 -0.600000
v 0.600000 1.300000 -0.600000
v 0.600000 1.400000 -0.600000
v 0.600000 1.500000 -0.600000
v 0.600000 1.700000 -0.600000
v 0.600000 1.900000 -0.600000
v 0.600000 2.000000 -0.600000
v 0.500000 1.100000 -0.600000
v 0.500000 1.200000 -0.600000
v 0.500000 1.400000 -0.600000
v 0.500000 1.500000 -0.600000
v 0.500000 1.700000 -0.600000
v 0.500000 1.800000 -0.600000
v 0.500000 2.000000 -0.600000
v 0.500000 2.100000 -0.600000
v 0.400000 1.200000 -0.600000
v 0.400000 1.300000 -0.600000
v 0.400000 1.400000 -0.600000
v 0.400000 1.800000 -0.600000
v 0.400000 1.900000 -0.600000
v 0.300000 1.000000 -0.600000
v 0.300000 1.100000 -0.600000
v 0.300000 1.200000 -0.600000
v 0.300000 1.300000 -0.600000
v 0.200000 1.000000 -0.600000
v 0.200000 1.100000 -0.600000
v 0.200000 1.200000 -0.600000
v -0.200000 1.000000 -0.600000
v -0.200000 1.100000 -0.600000
v -0.300000 1.000000 -0.600000
v -0.300000 1.100000 -0.600000
v -0.300000 1.200000 -0.600000
v -0.300000 1.300000 -0.600000
v -0.400000 1.300000 -0.600000
v -0.400000 1.400000 -0.600000
v -0.400000 1.800000 -0.600000
v -0.400000 1.900000 -0.600000
v -0.500000 1.100000 -0.600000
v -0.500000 1.200000 -0.600000
v -0.500000 1.400000 -0.600000
v -0.500000 1.500000 -0.600000
v -0.500000 1.700000 -0.600000
v -0.500000 1.800000 -0.600000
v -0.500000 2.000000 -0.600000
v -0.500000 2.100000 -0.600000
v -0.600000 1.200000 -0.600000
v -0.600000 1.400000 -0.600000
v -0.600000 1.500000 -0.600000
v -0.600000 1.700000 -0.600000
v -0.600000 1.900000 -0.600000
v -0.600000 2.000000 -0.600000
v -0.700000 1.400000 -0.600000
v -0.700000 1.900000 -0.600000
v 1.400000 2.000000 -0.500000
v 1.400000 2.100000 -0.500000
v 1.300000 1.900000 -0.500000
v 1.300000 2.000000 -0.500000
v 1.300000 2.100000 -0.500000
v 1.300000 2.200000 -0.500000
v 1.200000 1.800000 -0.500000
v 1.200000 1.900000 -0.500000
v 1.200000 2.000000 -0.500000
v 1.200000 2.100000 -0.500000
v 1.200000 2.200000 -0.500000
v 1.100000 1.900000 -0.500000
v 1.100000 2.000000 -0.500000
v 1.100000 2.100000 -0.500000
v 1.000000 1.800000 -0.500000
v 1.000000 1.900000 -0.500000
v 1.000000 2.000000 -0.500000
v 0.800000 1.400000 -0.500000
v 0.800000 2.000000 -0.500000
v 0.700000 1.100000 -0.500000
v 0.700000 1.400000 -0.500000
v 0.700000 1.900000 -0.500000
v 0.700000 2.000000 -0.500000
v 0.700000 2.100000 -0.500000
v 0.600000 1.000000 -0.500000
v 0.600000 1.100000 -0.500000
v 0.600000 1.200000 -0.500000
v 0.600000 1.300000 -0.500000
v 0.600000 1.400000 -0.500000
v 0.600000 1.900000 -0.500000
v 0.600000 2.000000 -0.500000
v 0.500000 1.100000 -0.500000
v 0.500000 1.200000 -0.500000
v 0.500000 2.000000 -0.500000
v 0.500000 2.100000 -0.500000
v 0.400000 0.900000 -0.500000
v 0.400000 1.000000 -0.500000
v 0.300000 0.900000 -0.500000
v 0.300000 1.000000 -0.500000
v 0.300000 1.100000 -0.500000
v 0.200000 1.000000 -0.500000
v 0.200000 1.100000 -0.500000
v -0.200000 1.000000 -0.500000
v -0.200000 1.100000 -0.500000
v -0.300000 0.900000 -0.500000
v -0.300000 1.000000 -0.500000
v -0.300000 1.100000 -0.500000
v -0.400000 0.900000 -0.500000
v -0.400000 1.000000 -0.500000
v -0.500000 1.100000 -0.500000
v -0.500000 1.200000 -0.500000
v -0.500000 2.000000 -0.500000
v -0.500000 2.100000 -0.500000
v -0.600000 1.000000 -0.500000
v -0.600000 1.100000 -0.500000
v -0.600000 1.200000 -0.500000
v -0.600000 1.400000 -0.500000
v -0.600000 1.900000 -0.500000
v -0.600000 2.000000 -0.500000
v -0.700000 1.100000 -0.500000
v -0.700000 1.400000 -0.500000
v -0.700000 1.900000 -0.500000
v -0.700000 2.000000 -0.500000
v -0.700000 2.100000 -0.500000
v -0.800000 1.400000 -0.500000
v -0.800000 2.000000 -0.500000
v -1.000000 1.800000 -0.500000
v -1.000000 1.900000 -0.500000
v -1.000000 2.000000 -0.500000
v -1.100000 1.900000 -0.500000
v -1.100000 2.000000 -0.500000
v -1.100000 2.100000 -0.500000
v -1.200000 1.800000 -0.500000
v -1.200000 1.900000 -0.500000
v -1.200000 2.000000 -0.500000
v -1.200000 2.100000 -0.500000
v -1.200000 2.200000 -0.500000
v -1.300000 1.900000 -0.500000
v -1.300000 2.000000 -0.500000
v -1.300000 2.100000 -0.500000
v -1.300000 2.200000 -0.500000
v -1.400000 2.000000 -0.500000
v -1.400000 2.100000 -0.500000
v 1.500000 2.100000 -0.400000
v 1.500000 2.200000 -0.400000
v 1.500000 2.300000 -0.400000
v 1.400000 2.100000 -0.400000
v 1.300000 2.100000 -0.400000
v 1.300000 2.200000 -0.400000
v 1.200000 2.100000 -0.400000
v 1.200000 2.200000 -0.400000
v 1.100000 1.700000 -0.400000
v 1.100000 1.800000 -0.400000
v 1.100000 2.000000 -0.400000
v 1.100000 2.100000 -0.400000
v 1.100000 2.200000 -0.400000
v 1.100000 2.300000 -0.400000
v 1.000000 1.600000 -0.400000
v 1.000000 1.700000 -0.400000
v 1.000000 1.800000 -0.400000
v 1.000000 1.900000 -0.400000
v 1.000000 2.000000 -0.400000
v 0.900000 1.500000 -0.400000
v 0.900000 1.600000 -0.400000
v 0.900000 1.900000 -0.400000
v 0.900000 2.000000 -0.400000
v 0.900000 2.100000 -0.400000
v 0.900000 2.200000 -0.400000
v 0.800000 1.200000 -0.400000
v 0.800000 1.400000 -0.400000
v 0.800000 1.500000 -0.400000
v 0.800000 1.900000 -0.400000
v 0.800000 2.000000 -0.400000
v 0.700000 1.000000 -0.400000
v 0.700000 1.100000 -0.400000
v 0.700000 1.200000 -0.400000
v 0.700000 1.400000 -0.400000
v 0.600000 0.900000 -0.400000
v 0.600000 1.000000 -0.400000
v 0.600000 1.100000 -0.400000
v 0.400000 0.900000 -0.400000
v 0.400000 1.000000 -0.400000
v 0.400000 2.100000 -0.400000
v 0.400000 2.200000 -0.400000
v 0.400000 2.500000 -0.400000
v 0.400000 2.700000 -0.400000
v 0.300000 0.900000 -0.400000
v 0.300000 1.000000 -0.400000
v 0.300000 2.400000 -0.400000
v 0.300000 2.500000 -0.400000
v 0.300000 2.700000 -0.400000
v 0.300000 2.800000 -0.400000
v 0.200000 1.000000 -0.400000
v 0.200000 2.300000 -0.400000
v 0.200000 2.400000 -0.400000
v 0.200000 2.800000 -0.400000
v 0.200000 2.900000 -0.400000
v -0.200000 1.000000 -0.400000
v -0.200000 2.300000 -0.400000
v -0.200000 2.400000 -0.400000
v -0.200000 2.800000 -0.400000
v -0.200000 2.900000 -0.400000
v -0.300000 0.900000 -0.400000
v -0.300000 1.000000 -0.400000
v -0.300000 2.400000 -0.400000
v -0.300000 2.500000 -0.400000
v -0.300000 2.700000 -0.400000
v -0.300000 2.800000 -0.400000
v -0.400000 0.900000 -0.400000
v -0.400000 1.000000 -0.400000
v -0.400000 2.100000 -0.400000
v -0.400000 2.200000 -0.400000
v -0.400000 2.500000 -0.400000
v -0.400000 2.700000 -0.400000
v -0.600000 0.900000 -0.400000
v -0.600000 1.000000 -0.400000
v -0.600000 1.100000 -0.400000
v -0.700000 1.000000 -0.400000
v -0.700000 1.100000 -0.400000
v -0.700000 1.200000 -0.400000
v -0.700000 1.400000 -0.400000
v -0.800000 1.200000 -0.400000
v -0.800000 1.400000 -0.400000
v -0.800000 1.500000 -0.400000
v -0.800000 1.900000 -0.400000
v -0.800000 2.000000 -0.400000
v -0.900000 1.500000 -0.400000
v -0.900000 1.600000 -0.400000
v -0.900000 1.900000 -0.400000
v -0.900000 2.000000 -0.400000
v -0.900000 2.100000 -0.400000
v -0.900000 2.200000 -0.400000
v -1.000000 1.600000 -0.400000
v -1.000000 1.700000 -0.400000
v -1.000000 1.800000 -0.400000
v -1.000000 1.900000 -0.400000
v -1.000000 2.000000 -0.400000
v -1.100000 1.700000 -0.400000
v -1.100000 1.800000 -0.400000
v -1.100000 2.000000 -0.400000
v -1.100000 2.100000 -0.400000
v -1.100000 2.200000 -0.400000
v -1.100000 2.300000 -0.400000
v -1.200000 2.100000 -0.400000
v -1.200000 2.200000 -0.400000
v -1.300000 2.100000 -0.400000
v -1.300000 2.200000 -0.400000
v -1.400000 2.100000 -0.400000
v -1.500000 2.100000 -0.400000
v -1.500000 2.200000 -0.400000
v -1.500000 2.300000 -0.400000
v 1.600000 2.100000 -0.300000
v 1.600000 2.200000 -0.300000
v 1.500000 2.100000 -0.300000
v 1.500000 2.200000 -0.300000
v 1.400000 2.300000 -0.300000
v 1.400000 2.400000 -0.300000
v 1.100000 1.600000 -0.300000
v 1.100000 1.700000 -0.300000
v 1.100000 2.200000 -0.300000
v 1.100000 2.300000 -0.300000
v 1.100000 2.400000 -0.300000
v 1.000000 1.600000 -0.300000
v 1.000000 1.700000 -0.300000
v 1.000000 2.200000 -0.300000
v 1.000000 2.300000 -0.300000
v 0.900000 1.400000 -0.300000
v 0.900000 1.500000 -0.300000
v 0.900000 2.000000 -0.300000
v 0.900000 2.100000 -0.300000
v 0.800000 1.100000 -0.300000
v 0.800000 1.200000 -0.300000
v 0.800000 1.400000 -0.300000
v 0.800000 1.500000 -0.300000
v 0.800000 2.000000 -0.300000
v 0.800000 2.100000 -0.300000
v 0.700000 1.100000 -0.300000
v 0.700000 1.200000 -0.300000
v 0.700000 2.000000 -0.300000
v 0.700000 2.100000 -0.300000
v 0.600000 2.500000 -0.300000
v 0.600000 2.700000 -0.300000
v 0.500000 2.100000 -0.300000
v 0.500000 2.200000 -0.300000
v 0.500000 2.300000 -0.300000
v 0.500000 2.500000 -0.300000
v 0.500000 2.700000 -0.300000
v 0.500000 2.900000 -0.300000
v 0.400000 2.100000 -0.300000
v 0.400000 2.200000 -0.300000
v 0.400000 2.300000 -0.300000
v 0.400000 2.500000 -0.300000
v 0.400000 2.700000 -0.300000
v 0.400000 2.900000 -0.300000
v 0.400000 3.000000 -0.300000
v 0.300000 2.400000 -0.300000
v 0.300000 2.500000 -0.300000
v 0.300000 2.700000 -0.300000
v 0.300000 2.800000 -0.300000
v 0.200000 2.300000 -0.300000
v 0.200000 2.400000 -0.300000
v 0.200000 2.800000 -0.300000
v 0.200000 2.900000 -0.300000
v 0.200000 3.000000 -0.300000
v 0.200000 3.100000 -0.300000
v -0.200000 2.300000 -0.300000
v -0.200000 2.400000 -0.300000
v -0.200000 2.800000 -0.300000
v -0.200000 2.900000 -0.300000
v -0.200000 3.000000 -0.300000
v -0.200000 3.100000 -0.300000
v -0.300000 2.400000 -0.300000
v -0.300000 2.500000 -0.300000
v -0.300000 2.700000 -0.300000
v -0.300000 2.800000 -0.300000
v -0.400000 2.100000 -0.300000
v -0.400000 2.200000 -0.300000
v -0.400000 2.300000 -0.300000
v -0.400000 2.500000 -0.300000
v -0.400000 2.700000 -0.300000
v -0.400000 2.900000 -0.300000
v -0.400000 3.000000 -0.300000
v -0.500000 2.100000 -0.300000
v -0.500000 2.200000 -0.300000
v -0.500000 2.300000 -0.300000
v -0.500000 2.500000 -0.300000
v -0.500000 2.700000 -0.300000
v -0.500000 2.900000 -0.300000
v -0.600000 2.500000 -0.300000
v -0.600000 2.700000 -0.300000
v -0.700000 1.100000 -0.300000
v -0.700000 1.200000 -0.300000
v -0.700000 2.000000 -0.300000
v -0.700000 2.100000 -0.300000
v -0.800000 1.100000 -0.300000
v -0.800000 1.200000 -0.300000
v -0.800000 1.400000 -0.300000
v -0.800000 1.500000 -0.300000
v -0.800000 2.000000 -0.300000
v -0.800000 2.100000 -0.300000
v -0.900000 1.400000 -0.300000
v -0.900000 1.500000 -0.300000
v -0.900000 2.000000 -0.300000
v -0.900000 2.100000 -0.300000
v -1.000000 1.600000 -0.300000
v -1.000000 1.700000 -0.300000
v -1.000000 2.200000 -0.300000
v -1.000000 2.300000 -0.300000
v -1.100000 1.600000 -0.300000
v -1.100000 1.700000 -0.300000
v -1.100000 2.200000 -0.300000
v -1.100000 2.300000 -0.300000
v -1.100000 2.400000 -0.300000
v -1.400000 2.300000 -0.300000
v -1.400000 2.400000 -0.300000
v -1.500000 2.100000 -0.300000
v -1.500000 2.200000 -0.300000
v -1.600000 2.100000 -0.300000
v -1.600000 2.200000 -0.300000
v 1.600000 2.200000 -0.200000
v 1.600000 2.300000 -0.200000
v 1.500000 2.200000 -0.200000
v 1.500000 2.300000 -0.200000
v 1.500000 2.400000 -0.200000
v 1.400000 2.300000 -0.200000
v 1.400000 2.400000 -0.200000
v 1.100000 2.300000 -0.200000
v 1.100000 2.400000 -0.200000
v 1.000000 2.200000 -0.200000
v 1.000000 2.300000 -0.200000
v 0.900000 1.300000 -0.200000
v 0.900000 1.400000 -0.200000
v 0.900000 2.100000 -0.200000
v 0.900000 2.200000 -0.200000
v 0.900000 2.300000 -0.200000
v 0.900000 2.400000 -0.200000
v 0.800000 1.300000 -0.200000
v 0.800000 1.400000 -0.200000
v 0.800000 2.100000 -0.200000
v 0.800000 2.200000 -0.200000
v 0.800000 2.300000 -0.200000
v 0.700000 2.100000 -0.200000
v 0.700000 2.200000 -0.200000
v 0.600000 1.000000 -0.200000
v 0.600000 1.100000 -0.200000
v 0.600000 2.100000 -0.200000
v 0.600000 2.200000 -0.200000
v 0.600000 2.300000 -0.200000
v 0.600000 2.500000 -0.200000
v 0.600000 2.700000 -0.200000
v 0.600000 2.900000 -0.200000
v 0.500000 1.000000 -0.200000
v 0.500000 1.100000 -0.200000
v 0.500000 2.100000 -0.200000
v 0.500000 2.200000 -0.200000
v 0.500000 2.300000 -0.200000
v 0.500000 2.500000 -0.200000
v 0.500000 2.700000 -0.200000
v 0.500000 2.900000 -0.200000
v 0.500000 3.000000 -0.200000
v 0.400000 2.200000 -0.200000
v 0.400000 2.300000 -0.200000
v 0.400000 2.900000 -0.200000
v 0.400000 3.000000 -0.200000
v 0.400000 3.100000 -0.200000
v 0.200000 2.000000 -0.200000
v 0.200000 2.100000 -0.200000
v 0.200000 3.000000 -0.200000
v 0.200000 3.100000 -0.200000
v 0.200000 3.200000 -0.200000
v 0.100000 1.900000 -0.200000
v 0.100000 2.000000 -0.200000
v -0.100000 1.900000 -0.200000
v -0.100000 2.000000 -0.200000
v -0.200000 2.000000 -0.200000
v -0.200000 2.100000 -0.200000
v -0.200000 3.000000 -0.200000
v -0.200000 3.100000 -0.200000
v -0.200000 3.200000 -0.200000
v -0.400000 2.200000 -0.200000
v -0.400000 2.300000 -0.200000
v -0.400000 2.900000 -0.200000
v -0.400000 3.000000 -0.200000
v -0.400000 3.100000 -0.200000
v -0.500000 1.000000 -0.200000
v -0.500000 1.100000 -0.200000
v -0.500000 2.100000 -0.200000
v -0.500000 2.200000 -0.200000
v -0.500000 2.300000 -0.200000
v -0.500000 2.500000 -0.200000
v -0.500000 2.700000 -0.200000
v -0.500000 2.900000 -0.200000
v -0.500000 3.000000 -0.200000
v -0.600000 1.000000 -0.200000
v -0.600000 1.100000 -0.200000
v -0.600000 2.100000 -0.200000
v -0.600000 2.200000 -0.200000
v -0.600000 2.300000 -0.200000
v -0.600000 2.500000 -0.200000
v -0.600000 2.700000 -0.200000
v -0.600000 2.900000 -0.200000
v -0.700000 2.100000 -0.200000
v -0.700000 2.200000 -0.200000
v -0.800000 1.300000 -0.200000
v -0.800000 1.400000 -0.200000
v -0.800000 2.100000 -0.200000
v -0.800000 2.200000 -0.200000
v -0.800000 2.300000 -0.200000
v -0.900000 1.300000 -0.200000
v -0.900000 1.400000 -0.200000
v -0.900000 2.100000 -0.200000
v -0.900000 2.200000 -0.200000
v -0.900000 2.300000 -0.200000
v -0.900000 2.400000 -0.200000
v -1.000000 2.200000 -0.200000
v -1.000000 2.300000 -0.200000
v -1.100000 2.300000 -0.200000
v -1.100000 2.400000 -0.200000
v -1.400000 2.300000 -0.200000
v -1.400000 2.400000 -0.200000
v -1.500000 2.200000 -0.200000
v -1.500000 2.300000 -0.200000
v -1.500000 2.400000 -0.200000
v -1.600000 2.200000 -0.200000
v -1.600000 2.300000 -0.200000
v 1.400000 2.400000 -0.100000
v 1.400000 2.500000 -0.100000
v 1.000000 2.400000 -0.100000
v 1.000000 2.500000 -0.100000
v 0.900000 1.200000 -0.100000
v 0.900000 1.300000 -0.100000
v 0.800000 1.200000 -0.100000
v 0.800000 1.300000 -0.100000
v 0.700000 2.400000 -0.100000
v 0.700000 2.800000 -0.100000
v 0.600000 2.400000 -0.100000
v 0.600000 2.800000 -0.100000
v 0.500000 3.000000 -0.100000
v 0.500000 3.100000 -0.100000
v 0.400000 3.000000 -0.100000
v 0.400000 3.100000 -0.100000
v 0.300000 2.000000 -0.100000
v 0.300000 2.100000 -0.100000
v 0.300000 3.100000 -0.100000
v 0.300000 3.200000 -0.100000
v 0.200000 2.000000 -0.100000
v 0.200000 2.100000 -0.100000
v 0.200000 3.100000 -0.100000
v 0.200000 3.200000 -0.100000
v 0.100000 3.200000 -0.100000
v 0.100000 3.300000 -0.100000
v -0.100000 3.200000 -0.100000
v -0.100000 3.300000 -0.100000
v -0.200000 2.000000 -0.100000
v -0.200000 2.100000 -0.100000
v -0.200000 3.100000 -0.100000
v -0.200000 3.200000 -0.100000
v -0.300000 2.000000 -0.100000
v -0.300000 2.100000 -0.100000
v -0.300000 3.100000 -0.100000
v -0.300000 3.200000 -0.100000
v -0.400000 3.000000 -0.100000
v -0.400000 3.100000 -0.100000
v -0.500000 3.000000 -0.100000
v -0.500000 3.100000 -0.100000
v -0.600000 2.400000 -0.100000
v -0.600000 2.800000 -0.100000
v -0.700000 2.400000 -0.100000
v -0.700000 2.800000 -0.100000
v -0.800000 1.200000 -0.100000
v -0.800000 1.300000 -0.100000
v -0.900000 1.200000 -0.100000
v -0.900000 1.300000 -0.100000
v -1.000000 2.400000 -0.100000
v -1.000000 2.500000 -0.100000
v -1.400000 2.400000 -0.100000
v -1.400000 2.500000 -0.100000
v 1.500000 2.100000 0.100000
v 1.500000 2.200000 0.100000
v 1.400000 2.100000 0.100000
v 1.400000 2.200000 0.100000
v -1.400000 2.100000 0.100000
v -1.400000 2.200000 0.100000
v -1.500000 2.100000 0.100000
v -1.500000 2.200000 0.100000
v 1.400000 2.100000 0.200000
v 1.400000 2.200000 0.200000
v 1.300000 2.100000 0.200000
v 1.300000 2.200000 0.200000
v 1.200000 2.100000 0.200000
v 1.200000 2.200000 0.200000
v 1.100000 1.600000 0.200000
v 1.100000 1.700000 0.200000
v 1.100000 1.800000 0.200000
v 1.100000 2.000000 0.200000
v 1.100000 2.100000 0.200000
v 1.000000 1.700000 0.200000
v 1.000000 1.800000 0.200000
v 1.000000 1.900000 0.200000
v 1.000000 2.000000 0.200000
v 1.000000 2.100000 0.200000
v 1.000000 2.200000 0.200000
v 0.900000 1.600000 0.200000
v 0.900000 1.700000 0.200000
v 0.900000 1.900000 0.200000
v 0.900000 2.100000 0.200000
v 0.800000 1.600000 0.200000
v 0.800000 1.700000 0.200000
v 0.700000 1.600000 0.200000
v 0.700000 1.700000 0.200000
v 0.600000 2.000000 0.200000
v 0.600000 2.100000 0.200000
v 0.500000 0.900000 0.200000
v 0.500000 1.000000 0.200000
v 0.500000 2.000000 0.200000
v 0.500000 2.100000 0.200000
v 0.500000 2.300000 0.200000
v 0.500000 2.900000 0.200000
v 0.400000 0.900000 0.200000
v 0.400000 1.000000 0.200000
v 0.400000 2.200000 0.200000
v 0.400000 2.300000 0.200000
v 0.400000 2.500000 0.200000
v 0.400000 2.800000 0.200000
v 0.400000 2.900000 0.200000
v 0.400000 3.000000 0.200000
v 0.300000 2.400000 0.200000
v 0.300000 2.500000 0.200000
v 0.300000 2.800000 0.200000
v 0.300000 2.900000 0.200000
v 0.200000 2.200000 0.200000
v 0.200000 2.300000 0.200000
v 0.200000 2.400000 0.200000
v 0.200000 2.600000 0.200000
v 0.200000 2.700000 0.200000
v 0.200000 3.000000 0.200000
v 0.200000 3.100000 0.200000
v 0.100000 2.500000 0.200000
v 0.100000 2.600000 0.200000
v 0.100000 2.700000 0.200000
v 0.100000 2.900000 0.200000
v -0.100000 2.500000 0.200000
v -0.100000 2.600000 0.200000
v -0.100000 2.700000 0.200000
v -0.100000 2.900000 0.200000
v -0.200000 2.200000 0.200000
v -0.200000 2.300000 0.200000
v -0.200000 2.400000 0.200000
v -0.200000 2.600000 0.200000
v -0.200000 2.700000 0.200000
v -0.200000 3.000000 0.200000
v -0.200000 3.100000 0.200000
v -0.300000 2.400000 0.200000
v -0.300000 2.500000 0.200000
v -0.300000 2.800000 0.200000
v -0.300000 2.900000 0.200000
v -0.400000 0.900000 0.200000
v -0.400000 1.000000 0.200000
v -0.400000 2.200000 0.200000
v -0.400000 2.300000 0.200000
v -0.400000 2.500000 0.200000
v -0.400000 2.800000 0.200000
v -0.400000 2.900000 0.200000
v -0.400000 3.000000 0.200000
v -0.500000 0.900000 0.200000
v -0.500000 1.000000 0.200000
v -0.500000 2.000000 0.200000
v -0.500000 2.100000 0.200000
v -0.500000 2.300000 0.200000
v -0.500000 2.900000 0.200000
v -0.600000 2.000000 0.200000
v -0.600000 2.100000 0.200000
v -0.700000 1.600000 0.200000
v -0.700000 1.700000 0.200000
v -0.800000 1.600000 0.200000
v -0.800000 1.700000 0.200000
v -0.900000 1.600000 0.200000
v -0.900000 1.700000 0.200000
v -0.900000 1.900000 0.200000
v -0.900000 2.100000 0.200000
v -1.000000 1.700000 0.200000
v -1.000000 1.800000 0.200000
v -1.000000 1.900000 0.200000
v -1.000000 2.000000 0.200000
v -1.000000 2.100000 0.200000
v -1.000000 2.200000 0.200000
v -1.100000 1.600000 0.200000
v -1.100000 1.700000 0.200000
v -1.100000 1.800000 0.200000
v -1.100000 2.000000 0.200000
v -1.100000 2.100000 0.200000
v -1.200000 2.100000 0.200000
v -1.200000 2.200000 0.200000
v -1.300000 2.100000 0.200000
v -1.300000 2.200000 0.200000
v -1.400000 2.100000 0.200000
v -1.400000 2.200000 0.200000
v 1.400000 2.000000 0.300000
v 1.400000 2.100000 0.300000
v 1.300000 1.900000 0.300000
v 1.300000 2.000000 0.300000
v 1.300000 2.100000 0.300000
v 1.300000 2.200000 0.300000
v 1.200000 1.800000 0.300000
v 1.200000 1.900000 0.300000
v 1.200000 2.000000 0.300000
v 1.200000 2.100000 0.300000
v 1.200000 2.200000 0.300000
v 1.100000 1.800000 0.300000
v 1.100000 1.900000 0.300000
v 1.100000 2.000000 0.300000
v 1.100000 2.100000 0.300000
v 1.000000 1.800000 0.300000
v 1.000000 2.000000 0.300000
v 0.800000 1.700000 0.300000
v 0.800000 1.800000 0.300000
v 0.700000 1.100000 0.300000
v 0.700000 1.200000 0.300000
v 0.700000 1.700000 0.300000
v 0.700000 1.800000 0.300000
v 0.600000 1.000000 0.300000
v 0.600000 1.100000 0.300000
v 0.600000 1.200000 0.300000
v 0.500000 1.000000 0.300000
v 0.500000 1.100000 0.300000
v 0.500000 2.000000 0.300000
v 0.500000 2.100000 0.300000
v 0.400000 0.900000 0.300000
v 0.400000 1.000000 0.300000
v 0.400000 2.000000 0.300000
v 0.400000 2.100000 0.300000
v 0.300000 0.900000 0.300000
v 0.300000 1.000000 0.300000
v -0.300000 0.900000 0.300000
v -0.300000 1.000000 0.300000
v -0.400000 0.900000 0.300000
v -0.400000 1.000000 0.300000
v -0.400000 2.000000 0.300000
v -0.400000 2.100000 0.300000
v -0.500000 1.000000 0.300000
v -0.500000 1.100000 0.300000
v -0.500000 2.000000 0.300000
v -0.500000 2.100000 0.300000
v -0.600000 1.000000 0.300000
v -0.600000 1.100000 0.300000
v -0.600000 1.200000 0.300000
v -0.700000 1.100000 0.300000
v -0.700000 1.200000 0.300000
v -0.700000 1.700000 0.300000
v -0.700000 1.800000 0.300000
v -0.800000 1.700000 0.300000
v -0.800000 1.800000 0.300000
v -1.000000 1.800000 0.300000
v -1.000000 2.000000 0.300000
v -1.100000 1.800000 0.300000
v -1.100000 1.900000 0.300000
v -1.100000 2.000000 0.300000
v -1.100000 2.100000 0.300000
v -1.200000 1.800000 0.300000
v -1.200000 1.900000 0.300000
v -1.200000 2.000000 0.300000
v -1.200000 2.100000 0.300000
v -1.200000 2.200000 0.300000
v -1.300000 1.900000 0.300000
v -1.300000 2.000000 0.300000
v -1.300000 2.100000 0.300000
v -1.300000 2.200000 0.300000
v -1.400000 2.000000 0.300000
v -1.400000 2.100000 0.300000
v 0.700000 1.200000 0.400000
v 0.700000 1.400000 0.400000
v 0.700000 1.500000 0.400000
v 0.700000 1.900000 0.400000
v 0.700000 2.000000 0.400000
v 0.600000 1.100000 0.400000
v 0.600000 1.200000 0.400000
v 0.600000 1.400000 0.400000
v 0.600000 1.500000 0.400000
v 0.600000 1.900000 0.400000
v 0.600000 2.000000 0.400000
v 0.500000 1.100000 0.400000
v 0.500000 1.200000 0.400000
v 0.400000 2.000000 0.400000
v 0.400000 2.100000 0.400000
v -0.400000 2.000000 0.400000
v -0.400000 2.100000 0.400000
v -0.500000 1.100000 0.400000
v -0.500000 1.200000 0.400000
v -0.600000 1.100000 0.400000
v -0.600000 1.200000 0.400000
v -0.600000 1.400000 0.400000
v -0.600000 1.500000 0.400000
v -0.600000 1.900000 0.400000
v -0.600000 2.000000 0.400000
v -0.700000 1.200000 0.400000
v -0.700000 1.400000 0.400000
v -0.700000 1.500000 0.400000
v -0.700000 1.900000 0.400000
v -0.700000 2.000000 0.400000
v 0.700000 1.500000 0.500000
v 0.700000 1.900000 0.500000
v 0.600000 1.200000 0.500000
v 0.600000 1.300000 0.500000
v 0.600000 1.400000 0.500000
v 0.600000 1.500000 0.500000
v 0.600000 1.900000 0.500000
v 0.600000 2.000000 0.500000
v 0.500000 1.100000 0.500000
v 0.500000 1.200000 0.500000
v 0.400000 1.200000 0.500000
v 0.400000 1.300000 0.500000
v 0.300000 1.100000 0.500000
v 0.200000 1.100000 0.500000
v 0.200000 1.200000 0.500000
v -0.200000 1.100000 0.500000
v -0.200000 1.200000 0.500000
v -0.300000 1.100000 0.500000
v -0.400000 1.200000 0.500000
v -0.400000 1.300000 0.500000
v -0.500000 1.100000 0.500000
v -0.500000 1.200000 0.500000
v -0.600000 1.200000 0.500000
v -0.600000 1.300000 0.500000
v -0.600000 1.400000 0.500000
v -0.600000 1.500000 0.500000
v -0.600000 1.900000 0.500000
v -0.600000 2.000000 0.500000
v -0.700000 1.500000 0.500000
v -0.700000 1.900000 0.500000
v 0.700000 1.500000 -0.500000
v 0.700000 1.900000 -0.500000
v 0.600000 1.200000 -0.500000
v 0.600000 1.300000 -0.500000
v 0.600000 1.400000 -0.500000
v 0.600000 1.500000 -0.500000
v 0.600000 1.900000 -0.500000
v 0.600000 2.000000 -0.500000
v 0.500000 1.100000 -0.500000
v 0.500000 1.200000 -0.500000
v 0.400000 1.200000 -0.500000
v 0.400000 1.300000 -0.500000
v 0.300000 1.100000 -0.500000
v 0.200000 1.100000 -0.500000
v 0.200000 1.200000 -0.500000
v -0.200000 1.100000 -0.500000
v -0.300000 1.100000 -0.500000
v -0.500000 1.100000 -0.500000
v -0.500000 1.200000 -0.500000
v -0.600000 1.200000 -0.500000
v -0.600000 1.400000 -0.500000
v -0.600000 1.500000 -0.500000
v -0.600000 1.900000 -0.500000
v -0.600000 2.000000 -0.500000
v -0.700000 1.500000 -0.500000
v -0.700000 1.900000 -0.500000
v 0.700000 1.200000 -0.400000
v 0.700000 1.400000 -0.400000
v 0.700000 1.500000 -0.400000
v 0.700000 1.900000 -0.400000
v 0.700000 2.000000 -0.400000
v 0.600000 1.100000 -0.400000
v 0.600000 1.200000 -0.400000
v 0.600000 1.400000 -0.400000
v 0.600000 1.500000 -0.400000
v 0.600000 1.900000 -0.400000
v 0.600000 2.000000 -0.400000
v 0.500000 1.100000 -0.400000
v 0.500000 1.200000 -0.400000
v 0.400000 2.000000 -0.400000
v 0.400000 2.100000 -0.400000
v -0.400000 2.000000 -0.400000
v -0.400000 2.100000 -0.400000
v -0.500000 1.100000 -0.400000
v -0.500000 1.200000 -0.400000
v -0.600000 1.100000 -0.400000
v -0.600000 1.200000 -0.400000
v -0.600000 1.400000 -0.400000
v -0.600000 1.500000 -0.400000
v -0.600000 1.900000 -0.400000
v -0.600000 2.000000 -0.400000
v -0.700000 1.200000 -0.400000
v -0.700000 1.400000 -0.400000
v -0.700000 1.500000 -0.400000
v -0.700000 1.900000 -0.400000
v -0.700000 2.000000 -0.400000
v 1.400000 2.000000 -0.300000
v 1.400000 2.100000 -0.300000
v 1.300000 1.900000 -0.300000
v 1.300000 2.000000 -0.300000
v 1.300000 2.100000 -0.300000
v 1.300000 2.200000 -0.300000
v 1.200000 1.800000 -0.300000
v 1.200000 1.900000 -0.300000
v 1.200000 2.000000 -0.300000
v 1.200000 2.100000 -0.300000
v 1.200000 2.200000 -0.300000
v 1.100000 1.800000 -0.300000
v 1.100000 1.900000 -0.300000
v 1.100000 2.000000 -0.300000
v 1.100000 2.100000 -0.300000
v 1.000000 1.800000 -0.300000
v 1.000000 2.000000 -0.300000
v 0.800000 1.700000 -0.300000
v 0.800000 1.800000 -0.300000
v 0.700000 1.100000 -0.300000
v 0.700000 1.200000 -0.300000
v 0.700000 1.700000 -0.300000
v 0.700000 1.800000 -0.300000
v 0.600000 1.000000 -0.300000
v 0.600000 1.100000 -0.300000
v 0.600000 1.200000 -0.300000
v 0.500000 1.000000 -0.300000
v 0.500000 1.100000 -0.300000
v 0.500000 2.000000 -0.300000
v 0.500000 2.100000 -0.300000
v 0.400000 0.900000 -0.300000
v 0.400000 1.000000 -0.300000
v 0.400000 2.000000 -0.300000
v 0.400000 2.100000 -0.300000
v 0.300000 0.900000 -0.300000
v 0.300000 1.000000 -0.300000
v -0.300000 0.900000 -0.300000
v -0.300000 1.000000 -0.300000
v -0.400000 0.900000 -0.300000
v -0.400000 1.000000 -0.300000
v -0.400000 2.000000 -0.300000
v -0.400000 2.100000 -0.300000
v -0.500000 1.000000 -0.300000
v -0.500000 1.100000 -0.300000
v -0.500000 2.000000 -0.300000
v -0.500000 2.100000 -0.300000
v -0.600000 1.000000 -0.300000
v -0.600000 1.100000 -0.300000
v -0.600000 1.200000 -0.300000
v -0.700000 1.100000 -0.300000
v -0.700000 1.200000 -0.300000
v -0.700000 1.700000 -0.300000
v -0.700000 1.800000 -0.300000
v -0.800000 1.700000 -0.300000
v -0.800000 1.800000 -0.300000
v -1.000000 1.800000 -0.300000
v -1.000000 2.000000 -0.300000
v -1.100000 1.800000 -0.300000
v -1.100000 1.900000 -0.300000
v -1.100000 2.000000 -0.300000
v -1.100000 2.100000 -0.300000
v -1.200000 1.800000 -0.300000
v -1.200000 1.900000 -0.300000
v -1.200000 2.000000 -0.300000
v -1.200000 2.100000 -0.300000
v -1.200000 2.200000 -0.300000
v -1.300000 1.900000 -0.300000
v -1.300000 2.000000 -0.300000
v -1.300000 2.100000 -0.300000
v -1.300000 2.200000 -0.300000
v -1.400000 2.000000 -0.300000
v -1.400000 2.100000 -0.300000
v 1.400000 2.100000 -0.200000
v 1.400000 2.200000 -0.200000
v 1.300000 2.100000 -0.200000
v 1.300000 2.200000 -0.200000
v 1.200000 2.100000 -0.200000
v 1.200000 2.200000 -0.200000
v 1.100000 1.600000 -0.200000
v 1.100000 1.700000 -0.200000
v 1.100000 1.800000 -0.200000
v 1.100000 2.000000 -0.200000
v 1.100000 2.100000 -0.200000
v 1.000000 1.700000 -0.200000
v 1.000000 1.800000 -0.200000
v 1.000000 1.900000 -0.200000
v 1.000000 2.000000 -0.200000
v 1.000000 2.100000 -0.200000
v 1.000000 2.200000 -0.200000
v 0.900000 1.600000 -0.200000
v 0.900000 1.700000 -0.200000
v 0.900000 1.900000 -0.200000
v 0.900000 2.100000 -0.200000
v 0.800000 1.600000 -0.200000
v 0.800000 1.700000 -0.200000
v 0.700000 1.600000 -0.200000
v 0.700000 1.700000 -0.200000
v 0.600000 2.000000 -0.200000
v 0.600000 2.100000 -0.200000
v 0.500000 0.900000 -0.200000
v 0.500000 1.000000 -0.200000
v 0.500000 2.000000 -0.200000
v 0.500000 2.100000 -0.200000
v 0.400000 0.900000 -0.200000
v 0.400000 1.000000 -0.200000
v -0.400000 0.900000 -0.200000
v -0.400000 1.000000 -0.200000
v -0.500000 0.900000 -0.200000
v -0.500000 1.000000 -0.200000
v -0.500000 2.000000 -0.200000
v -0.500000 2.100000 -0.200000
v -0.600000 2.000000 -0.200000
v -0.600000 2.100000 -0.200000
v -0.700000 1.600000 -0.200000
v -0.700000 1.700000 -0.200000
v -0.800000 1.600000 -0.200000
v -0.800000 1.700000 -0.200000
v -0.900000 1.600000 -0.200000
v -0.900000 1.700000 -0.200000
v -0.900000 1.900000 -0.200000
v -0.900000 2.100000 -0.200000
v -1.000000 1.700000 -0.200000
v -1.000000 1.800000 -0.200000
v -1.000000 1.900000 -0.200000
v -1.000000 2.000000 -0.200000
v -1.000000 2.100000 -0.200000
v -1.000000 2.200000 -0.200000
v -1.100000 1.600000 -0.200000
v -1.100000 1.700000 -0.200000
v -1.100000 1.800000 -0.200000
v -1.100000 2.000000 -0.200000
v -1.100000 2.100000 -0.200000
v -1.200000 2.100000 -0.200000
v -1.200000 2.200000 -0.200000
v -1.300000 2.100000 -0.200000
v -1.300000 2.200000 -0.200000
v -1.400000 2.100000 -0.200000
v -1.400000 2.200000 -0.200000
v 1.500000 2.100000 -0.100000
v 1.500000 2.200000 -0.100000
v 1.400000 2.100000 -0.100000
v 1.400000 2.200000 -0.100000
v 0.500000 2.300000 -0.100000
v 0.500000 2.900000 -0.100000
v 0.400000 2.200000 -0.100000
v 0.400000 2.300000 -0.100000
v 0.400000 2.900000 -0.100000
v 0.400000 3.000000 -0.100000
v 0.300000 2.500000 -0.100000
v 0.300000 2.800000 -0.100000
v 0.200000 2.200000 -0.100000
v 0.200000 3.000000 -0.100000
v 0.200000 3.100000 -0.100000
v -0.200000 2.200000 -0.100000
v -0.200000 3.000000 -0.100000
v -0.200000 3.100000 -0.100000
v -0.300000 2.500000 -0.100000
v -0.300000 2.800000 -0.100000
v -0.400000 2.200000 -0.100000
v -0.400000 2.300000 -0.100000
v -0.400000 2.900000 -0.100000
v -0.400000 3.000000 -0.100000
v -0.500000 2.300000 -0.100000
v -0.500000 2.900000 -0.100000
v -1.400000 2.100000 -0.100000
v -1.400000 2.200000 -0.100000
v -1.500000 2.100000 -0.100000
v -1.500000 2.200000 -0.100000
v 0.300000 2.500000 0.000000
v 0.300000 2.800000 0.000000
v -0.300000 2.500000 0.000000
v -0.300000 2.800000 0.000000
v 1.400000 2.400000 0.100000
v 1.400000 2.500000 0.100000
v 1.000000 2.400000 0.100000
v 1.000000 2.500000 0.100000
v 0.900000 1.200000 0.100000
v 0.900000 1.300000 0.100000
v 0.800000 1.200000 0.100000
v 0.800000 1.300000 0.100000
v 0.700000 2.400000 0.100000
v 0.700000 2.800000 0.100000
v 0.600000 2.400000 0.100000
v 0.600000 2.800000 0.100000
v 0.500000 3.000000 0.100000
v 0.500000 3.100000 0.100000
v 0.400000 3.000000 0.100000
v 0.400000 3.100000 0.100000
v 0.300000 2.000000 0.100000
v 0.300000 2.100000 0.100000
v 0.300000 3.100000 0.100000
v 0.300000 3.200000 0.100000
v 0.200000 2.000000 0.100000
v 0.200000 2.100000 0.100000
v 0.200000 3.100000 0.100000
v 0.200000 3.200000 0.100000
v 0.100000 3.200000 0.100000
v 0.100000 3.300000 0.100000
v -0.100000 3.200000 0.100000
v -0.100000 3.300000 0.100000
v -0.200000 2.000000 0.100000
v -0.200000 2.100000 0.100000
v -0.200000 3.100000 0.100000
v -0.200000 3.200000 0.100000
v -0.300000 2.000000 0.100000
v -0.300000 2.100000 0.100000
v -0.300000 3.100000 0.100000
v -0.300000 3.200000 0.100000
v -0.400000 3.000000 0.100000
v -0.400000 3.100000 0.100000
v -0.500000 3.000000 0.100000
v -0.500000 3.100000 0.100000
v -0.600000 2.400000 0.100000
v -0.600000 2.800000 0.100000
v -0.700000 2.400000 0.100000
v -0.700000 2.800000 0.100000
v -0.800000 1.200000 0.100000
v -0.800000 1.300000 0.100000
v -0.900000 1.200000 0.100000
v -0.900000 1.300000 0.100000
v -1.000000 2.400000 0.100000
v -1.000000 2.500000 0.100000
v -1.400000 2.400000 0.100000
v -1.400000 2.500000 0.100000
v 1.600000 2.200000 0.200000
v 1.600000 2.300000 0.200000
v 1.500000 2.200000 0.200000
v 1.500000 2.300000 0.200000
v 1.500000 2.400000 0.200000
v 1.400000 2.300000 0.200000
v 1.400000 2.400000 0.200000
v 1.100000 2.300000 0.200000
v 1.100000 2.400000 0.200000
v 1.000000 2.200000 0.200000
v 1.000000 2.300000 0.200000
v 0.900000 1.300000 0.200000
v 0.900000 1.400000 0.200000
v 0.900000 2.100000 0.200000
v 0.900000 2.200000 0.200000
v 0.900000 2.300000 0.200000
v 0.900000 2.400000 0.200000
v 0.800000 1.300000 0.200000
v 0.800000 1.400000 0.200000
v 0.800000 2.100000 0.200000
v 0.800000 2.200000 0.200000
v 0.800000 2.300000 0.200000
v 0.700000 2.100000 0.200000
v 0.700000 2.200000 0.200000
v 0.600000 1.000000 0.200000
v 0.600000 1.100000 0.200000
v 0.600000 2.100000 0.200000
v 0.600000 2.200000 0.200000
v 0.600000 2.300000 0.200000
v 0.600000 2.500000 0.200000
v 0.600000 2.700000 0.200000
v 0.600000 2.900000 0.200000
v 0.500000 1.000000 0.200000
v 0.500000 1.100000 0.200000
v 0.500000 2.100000 0.200000
v 0.500000 2.200000 0.200000
v 0.500000 2.300000 0.200000
v 0.500000 2.500000 0.200000
v 0.500000 2.700000 0.200000
v 0.500000 2.900000 0.200000
v 0.500000 3.000000 0.200000
v 0.400000 2.200000 0.200000
v 0.400000 2.300000 0.200000
v 0.400000 2.900000 0.200000
v 0.400000 3.000000 0.200000
v 0.400000 3.100000 0.200000
v 0.200000 2.000000 0.200000
v 0.200000 2.100000 0.200000
v 0.200000 3.000000 0.200000
v 0.200000 3.100000 0.200000
v 0.200000 3.200000 0.200000
v 0.100000 1.900000 0.200000
v 0.100000 2.000000 0.200000
v -0.100000 1.900000 0.200000
v -0.100000 2.000000 0.200000
v -0.200000 2.000000 0.200000
v -0.200000 2.100000 0.200000
v -0.200000 3.000000 0.200000
v -0.200000 3.100000 0.200000
v -0.200000 3.200000 0.200000
v -0.400000 2.200000 0.200000
v -0.400000 2.300000 0.200000
v -0.400000 2.900000 0.200000
v -0.400000 3.000000 0.200000
v -0.400000 3.100000 0.200000
v -0.500000 1.000000 0.200000
v -0.500000 1.100000 0.200000
v -0.500000 2.100000 0.200000
v -0.500000 2.200000 0.200000
v -0.500000 2.300000 0.200000
v -0.500000 2.500000 0.200000
v -0.500000 2.700000 0.200000
v -0.500000 2.900000 0.200000
v -0.500000 3.000000 0.200000
v -0.600000 1.000000 0.200000
v -0.600000 1.100000 0.200000
v -0.600000 2.100000 0.200000
v -0.600000 2.200000 0.200000
v -0.600000 2.300000 0.200000
v -0.600000 2.500000 0.200000
v -0.600000 2.700000 0.200000
v -0.600000 2.900000 0.200000
v -0.700000 2.100000 0.200000
v -0.700000 2.200000 0.200000
v -0.800000 1.300000 0.200000
v -0.800000 1.400000 0.200000
v -0.800000 2.100000 0.200000
v -0.800000 2.200000 0.200000
v -0.800000 2.300000 0.200000
v -0.900000 1.300000 0.200000
v -0.900000 1.400000 0.200000
v -0.900000 2.100000 0.200000
v -0.900000 2.200000 0.200000
v -0.900000 2.300000 0.200000
v -0.900000 2.400000 0.200000
v -1.000000 2.200000 0.200000
v -1.000000 2.300000 0.200000
v -1.100000 2.300000 0.200000
v -1.100000 2.400000 0.200000
v -1.400000 2.300000 0.200000
v -1.400000 2.400000 0.200000
v -1.500000 2.200000 0.200000
v -1.500000 2.300000 0.200000
v -1.500000 2.400000 0.200000
v -1.600000 2.200000 0.200000
v -1.600000 2.300000 0.200000
v 1.600000 2.100000 0.300000
v 1.600000 2.200000 0.300000
v 1.500000 2.100000 0.300000
v 1.500000 2.200000 0.300000
v 1.400000 2.300000 0.300000
v 1.400000 2.400000 0.300000
v 1.100000 1.600000 0.300000
v 1.100000 1.700000 0.300000
v 1.100000 2.200000 0.300000
v 1.100000 2.300000 0.300000
v 1.100000 2.400000 0.300000
v 1.000000 1.600000 0.300000
v 1.000000 1.700000 0.300000
v 1.000000 2.200000 0.300000
v 1.000000 2.300000 0.300000
v 0.900000 1.400000 0.300000
v 0.900000 1.500000 0.300000
v 0.900000 2.000000 0.300000
v 0.900000 2.100000 0.300000
v 0.800000 1.100000 0.300000
v 0.800000 1.200000 0.300000
v 0.800000 1.400000 0.300000
v 0.800000 1.500000 0.300000
v 0.800000 2.000000 0.300000
v 0.800000 2.100000 0.300000
v 0.700000 1.100000 0.300000
v 0.700000 1.200000 0.300000
v 0.700000 2.000000 0.300000
v 0.700000 2.100000 0.300000
v 0.600000 2.500000 0.300000
v 0.600000 2.700000 0.300000
v 0.500000 2.100000 0.300000
v 0.500000 2.200000 0.300000
v 0.500000 2.300000 0.300000
v 0.500000 2.500000 0.300000
v 0.500000 2.700000 0.300000
v 0.500000 2.900000 0.300000
v 0.400000 2.100000 0.300000
v 0.400000 2.200000 0.300000
v 0.400000 2.300000 0.300000
v 0.400000 2.500000 0.300000
v 0.400000 2.800000 0.300000
v 0.400000 2.900000 0.300000
v 0.400000 3.000000 0.300000
v 0.300000 2.400000 0.300000
v 0.300000 2.500000 0.300000
v 0.300000 2.800000 0.300000
v 0.300000 2.900000 0.300000
v 0.200000 2.300000 0.300000
v 0.200000 2.400000 0.300000
v 0.200000 2.600000 0.300000
v 0.200000 2.700000 0.300000
v 0.200000 3.000000 0.300000
v 0.200000 3.100000 0.300000
v 0.100000 2.500000 0.300000
v 0.100000 2.600000 0.300000
v 0.100000 2.700000 0.300000
v 0.100000 2.900000 0.300000
v -0.100000 2.500000 0.300000
v -0.100000 2.600000 0.300000
v -0.100000 2.700000 0.300000
v -0.100000 2.900000 0.300000
v -0.200000 2.300000 0.300000
v -0.200000 2.400000 0.300000
v -0.200000 2.600000 0.300000
v -0.200000 2.700000 0.300000
v -0.200000 3.000000 0.300000
v -0.200000 3.100000 0.300000
v -0.300000 2.400000 0.300000
v -0.300000 2.500000 0.300000
v -0.300000 2.800000 0.300000
v -0.300000 2.900000 0.300000
v -0.400000 2.100000 0.300000
v -0.400000 2.200000 0.300000
v -0.400000 2.300000 0.300000
v -0.400000 2.500000 0.300000
v -0.400000 2.800000 0.300000
v -0.400000 2.900000 0.300000
v -0.400000 3.000000 0.300000
v -0.500000 2.100000 0.300000
v -0.500000 2.200000 0.300000
v -0.500000 2.300000 0.300000
v -0.500000 2.500000 0.300000
v -0.500000 2.700000 0.300000
v -0.500000 2.900000 0.300000
v -0.600000 2.500000 0.300000
v -0.600000 2.700000 0.300000
v -0.700000 1.100000 0.300000
v -0.700000 1.200000 0.300000
v -0.700000 2.000000 0.300000
v -0.700000 2.100000 0.300000
v -0.800000 1.100000 0.300000
v -0.800000 1.200000 0.300000
v -0.800000 1.400000 0.300000
v -0.800000 1.500000 0.300000
v -0.800000 2.000000 0.300000
v -0.800000 2.100000 0.300000
v -0.900000 1.400000 0.300000
v -0.900000 1.500000 0.300000
v -0.900000 2.000000 0.300000
v -0.900000 2.100000 0.300000
v -1.000000 1.600000 0.300000
v -1.000000 1.700000 0.300000
v -1.000000 2.200000 0.300000
v -1.000000 2.300000 0.300000
v -1.100000 1.600000 0.300000
v -1.100000 1.700000 0.300000
v -1.100000 2.200000 0.300000
v -1.100000 2.300000 0.300000
v -1.100000 2.400000 0.300000
v -1.400000 2.300000 0.300000
v -1.400000 2.400000 0.300000
v -1.500000 2.100000 0.300000
v -1.500000 2.200000 0.300000
v -1.600000 2.100000 0.300000
v -1.600000 2.200000 0.300000
v 1.500000 2.100000 0.400000
v 1.500000 2.200000 0.400000
v 1.500000 2.300000 0.400000
v 1.400000 2.100000 0.400000
v 1.300000 2.100000 0.400000
v 1.300000 2.200000 0.400000
v 1.200000 2.100000 0.400000
v 1.200000 2.200000 0.400000
v 1.100000 1.700000 0.400000
v 1.100000 1.800000 0.400000
v 1.100000 2.000000 0.400000
v 1.100000 2.100000 0.400000
v 1.100000 2.200000 0.400000
v 1.100000 2.300000 0.400000
v 1.000000 1.600000 0.400000
v 1.000000 1.700000 0.400000
v 1.000000 1.800000 0.400000
v 1.000000 1.900000 0.400000
v 1.000000 2.000000 0.400000
v 0.900000 1.500000 0.400000
v 0.900000 1.600000 0.400000
v 0.900000 1.900000 0.400000
v 0.900000 2.000000 0.400000
v 0.900000 2.100000 0.400000
v 0.900000 2.200000 0.400000
v 0.800000 1.200000 0.400000
v 0.800000 1.400000 0.400000
v 0.800000 1.500000 0.400000
v 0.800000 1.900000 0.400000
v 0.800000 2.000000 0.400000
v 0.700000 1.000000 0.400000
v 0.700000 1.100000 0.400000
v 0.700000 1.200000 0.400000
v 0.700000 1.400000 0.400000
v 0.600000 0.900000 0.400000
v 0.600000 1.000000 0.400000
v 0.600000 1.100000 0.400000
v 0.400000 0.900000 0.400000
v 0.400000 1.000000 0.400000
v 0.400000 2.100000 0.400000
v 0.400000 2.200000 0.400000
v 0.300000 0.900000 0.400000
v 0.300000 1.000000 0.400000
v 0.200000 1.000000 0.400000
v -0.200000 1.000000 0.400000
v -0.300000 0.900000 0.400000
v -0.300000 1.000000 0.400000
v -0.400000 0.900000 0.400000
v -0.400000 1.000000 0.400000
v -0.400000 2.100000 0.400000
v -0.400000 2.200000 0.400000
v -0.600000 0.900000 0.400000
v -0.600000 1.000000 0.400000
v -0.600000 1.100000 0.400000
v -0.700000 1.000000 0.400000
v -0.700000 1.100000 0.400000
v -0.700000 1.200000 0.400000
v -0.700000 1.400000 0.400000
v -0.800000 1.200000 0.400000
v -0.800000 1.400000 0.400000
v -0.800000 1.500000 0.400000
v -0.800000 1.900000 0.400000
v -0.800000 2.000000 0.400000
v -0.900000 1.500000 0.400000
v -0.900000 1.600000 0.400000
v -0.900000 1.900000 0.400000
v -0.900000 2.000000 0.400000
v -0.900000 2.100000 0.400000
v -0.900000 2.200000 0.400000
v -1.000000 1.600000 0.400000
v -1.000000 1.700000 0.400000
v -1.000000 1.800000 0.400000
v -1.000000 1.900000 0.400000
v -1.000000 2.000000 0.400000
v -1.100000 1.700000 0.400000
v -1.100000 1.800000 0.400000
v -1.100000 2.000000 0.400000
v -1.100000 2.100000 0.400000
v -1.100000 2.200000 0.400000
v -1.100000 2.300000 0.400000
v -1.200000 2.100000 0.400000
v -1.200000 2.200000 0.400000
v -1.300000 2.100000 0.400000
v -1.300000 2.200000 0.400000
v -1.400000 2.100000 0.400000
v -1.500000 2.100000 0.400000
v -1.500000 2.200000 0.400000
v -1.500000 2.300000 0.400000
v 1.400000 2.000000 0.500000
v 1.400000 2.100000 0.500000
v 1.300000 1.900000 0.500000
v 1.300000 2.000000 0.500000
v 1.300000 2.100000 0.500000
v 1.300000 2.200000 0.500000
v 1.200000 1.800000 0.500000
v 1.200000 1.900000 0.500000
v 1.200000 2.000000 0.500000
v 1.200000 2.100000 0.500000
v 1.200000 2.200000 0.500000
v 1.100000 1.900000 0.500000
v 1.100000 2.000000 0.500000
v 1.100000 2.100000 0.500000
v 1.000000 1.800000 0.500000
v 1.000000 1.900000 0.500000
v 1.000000 2.000000 0.500000
v 0.800000 1.400000 0.500000
v 0.800000 2.000000 0.500000
v 0.700000 1.100000 0.500000
v 0.700000 1.400000 0.500000
v 0.700000 1.900000 0.500000
v 0.700000 2.000000 0.500000
v 0.700000 2.100000 0.500000
v 0.600000 1.000000 0.500000
v 0.600000 1.100000 0.500000
v 0.600000 1.200000 0.500000
v 0.600000 1.300000 0.500000
v 0.600000 1.400000 0.500000
v 0.600000 1.900000 0.500000
v 0.600000 2.000000 0.500000
v 0.500000 1.100000 0.500000
v 0.500000 1.200000 0.500000
v 0.500000 2.000000 0.500000
v 0.500000 2.100000 0.500000
v 0.400000 0.900000 0.500000
v 0.400000 1.000000 0.500000
v 0.300000 0.900000 0.500000
v 0.300000 1.000000 0.500000
v 0.300000 1.100000 0.500000
v 0.200000 1.000000 0.500000
v 0.200000 1.100000 0.500000
v -0.200000 1.000000 0.500000
v -0.200000 1.100000 0.500000
v -0.300000 0.900000 0.500000
v -0.300000 1.000000 0.500000
v -0.300000 1.100000 0.500000
v -0.400000 0.900000 0.500000
v -0.400000 1.000000 0.500000
v -0.500000 1.100000 0.500000
v -0.500000 1.200000 0.500000
v -0.500000 2.000000 0.500000
v -0.500000 2.100000 0.500000
v -0.600000 1.000000 0.500000
v -0.600000 1.100000 0.500000
v -0.600000 1.200000 0.500000
v -0.600000 1.300000 0.500000
v -0.600000 1.400000 0.500000
v -0.600000 1.900000 0.500000
v -0.600000 2.000000 0.500000
v -0.700000 1.100000 0.500000
v -0.700000 1.400000 0.500000
v -0.700000 1.900000 0.500000
v -0.700000 2.000000 0.500000
v -0.700000 2.100000 0.500000
v -0.800000 1.400000 0.500000
v -0.800000 2.000000 0.500000
v -1.000000 1.800000 0.500000
v -1.000000 1.900000 0.500000
v -1.000000 2.000000 0.500000
v -1.100000 1.900000 0.500000
v -1.100000 2.000000 0.500000
v -1.100000 2.100000 0.500000
v -1.200000 1.800000 0.500000
v -1.200000 1.900000 0.500000
v -1.200000 2.000000 0.500000
v -1.200000 2.100000 0.500000
v -1.200000 2.200000 0.500000
v -1.300000 1.900000 0.500000
v -1.300000 2.000000 0.500000
v -1.300000 2.100000 0.500000
v -1.300000 2.200000 0.500000
v -1.400000 2.000000 0.500000
v -1.400000 2.100000 0.500000
v 0.700000 1.400000 0.600000
v 0.700000 1.900000 0.600000
v 0.600000 1.200000 0.600000
v 0.600000 1.300000 0.600000
v 0.600000 1.400000 0.600000
v 0.600000 1.500000 0.600000
v 0.600000 1.700000 0.600000
v 0.600000 1.900000 0.600000
v 0.600000 2.000000 0.600000
v 0.500000 1.100000 0.600000
v 0.500000 1.200000 0.600000
v 0.500000 1.400000 0.600000
v 0.500000 1.500000 0.600000
v 0.500000 1.700000 0.600000
v 0.500000 1.800000 0.600000
v 0.500000 2.000000 0.600000
v 0.500000 2.100000 0.600000
v 0.400000 1.200000 0.600000
v 0.400000 1.300000 0.600000
v 0.400000 1.400000 0.600000
v 0.400000 1.800000 0.600000
v 0.400000 1.900000 0.600000
v 0.300000 1.000000 0.600000
v 0.300000 1.100000 0.600000
v 0.300000 1.200000 0.600000
v 0.300000 1.300000 0.600000
v 0.200000 1.000000 0.600000
v 0.200000 1.100000 0.600000
v 0.200000 1.200000 0.600000
v -0.200000 1.000000 0.600000
v -0.200000 1.100000 0.600000
v -0.200000 1.200000 0.600000
v -0.300000 1.000000 0.600000
v -0.300000 1.100000 0.600000
v -0.300000 1.200000 0.600000
v -0.300000 1.300000 0.600000
v -0.400000 1.200000 0.600000
v -0.400000 1.300000 0.600000
v -0.400000 1.400000 0.600000
v -0.400000 1.800000 0.600000
v -0.400000 1.900000 0.600000
v -0.500000 1.100000 0.600000
v -0.500000 1.200000 0.600000
v -0.500000 1.400000 0.600000
v -0.500000 1.500000 0.600000
v -0.500000 1.700000 0.600000
v -0.500000 1.800000 0.600000
v -0.500000 2.000000 0.600000
v -0.500000 2.100000 0.600000
v -0.600000 1.200000 0.600000
v -0.600000 1.300000 0.600000
v -0.600000 1.400000 0.600000
v -0.600000 1.500000 0.600000
v -0.600000 1.700000 0.600000
v -0.600000 1.900000 0.600000
v -0.600000 2.000000 0.600000
v -0.700000 1.400000 0.600000
v -0.700000 1.900000 0.600000
v 0.600000 1.500000 0.700000
v 0.600000 1.700000 0.700000
v 0.500000 1.400000 0.700000
v 0.500000 1.500000 0.700000
v 0.500000 1.700000 0.700000
v 0.500000 1.800000 0.700000
v 0.400000 1.300000 0.700000
v 0.400000 1.400000 0.700000
v 0.400000 1.800000 0.700000
v 0.400000 1.900000 0.700000
v 0.300000 1.200000 0.700000
v 0.300000 1.300000 0.700000
v -0.300000 1.200000 0.700000
v -0.300000 1.300000 0.700000
v -0.400000 1.300000 0.700000
v -0.400000 1.400000 0.700000
v -0.400000 1.800000 0.700000
v -0.400000 1.900000 0.700000
v -0.500000 1.400000 0.700000
v -0.500000 1.500000 0.700000
v -0.500000 1.700000 0.700000
v -0.500000 1.800000 0.700000
v -0.600000 1.500000 0.700000
v -0.600000 1.700000 0.700000
v 0.400000 0.900000 -0.500000
v 0.300000 0.900000 -0.500000
v -0.300000 0.900000 -0.500000
v -0.400000 0.900000 -0.500000
v 0.600000 0.900000 -0.400000
v 0.400000 0.900000 -0.400000
v 0.300000 0.900000 -0.400000
v -0.300000 0.900000 -0.400000
v -0.400000 0.900000 -0.400000
v -0.600000 0.900000 -0.400000
v 0.400000 0.900000 -0.300000
v 0.300000 0.900000 -0.300000
v -0.300000 0.900000 -0.300000
v -0.400000 0.900000 -0.300000
v 0.500000 0.900000 -0.200000
v 0.400000 0.900000 -0.200000
v -0.400000 0.900000 -0.200000
v -0.500000 0.900000 -0.200000
v 0.600000 0.900000 -0.100000
v 0.500000 0.900000 -0.100000
v -0.500000 0.900000 -0.100000
v -0.600000 0.900000 -0.100000
v 0.600000 0.900000 0.100000
v 0.500000 0.900000 0.100000
v -0.500000 0.900000 0.100000
v -0.600000 0.900000 0.100000
v 0.500000 0.900000 0.200000
v 0.400000 0.900000 0.200000
v -0.400000 0.900000 0.200000
v -0.500000 0.900000 0.200000
v 0.400000 0.900000 0.300000
v 0.300000 0.900000 0.300000
v -0.300000 0.900000 0.300000
v -0.400000 0.900000 0.300000
v 0.600000 0.900000 0.400000
v 0.400000 0.900000 0.400000
v 0.300000 0.900000 0.400000
v -0.300000 0.900000 0.400000
v -0.400000 0.900000 0.400000
v -0.600000 0.900000 0.400000
v 0.400000 0.900000 0.500000
v 0.300000 0.900000 0.500000
v -0.300000 0.900000 0.500000
v -0.400000 0.900000 0.500000
v 0.300000 1.000000 -0.600000
v 0.200000 1.000000 -0.600000
v -0.200000 1.000000 -0.600000
v -0.300000 1.000000 -0.600000
v 0.600000 1.000000 -0.500000
v 0.400000 1.000000 -0.500000
v 0.300000 1.000000 -0.500000
v 0.200000 1.000000 -0.500000
v -0.200000 1.000000 -0.500000
v -0.300000 1.000000 -0.500000
v -0.400000 1.000000 -0.500000
v -0.600000 1.000000 -0.500000
v 0.700000 1.000000 -0.400000
v 0.600000 1.000000 -0.400000
v 0.400000 1.000000 -0.400000
v 0.300000 1.000000 -0.400000
v 0.200000 1.000000 -0.400000
v -0.200000 1.000000 -0.400000
v -0.300000 1.000000 -0.400000
v -0.400000 1.000000 -0.400000
v -0.600000 1.000000 -0.400000
v -0.700000 1.000000 -0.400000
v 0.400000 1.000000 -0.300000
v 0.300000 1.000000 -0.300000
v -0.300000 1.000000 -0.300000
v -0.400000 1.000000 -0.300000
v 0.500000 1.000000 -0.200000
v 0.400000 1.000000 -0.200000
v -0.400000 1.000000 -0.200000
v -0.500000 1.000000 -0.200000
v 0.600000 1.000000 -0.100000
v 0.500000 1.000000 -0.100000
v -0.500000 1.000000 -0.100000
v -0.600000 1.000000 -0.100000
v 0.600000 1.000000 0.100000
v 0.500000 1.000000 0.100000
v -0.500000 1.000000 0.100000
v -0.600000 1.000000 0.100000
v 0.500000 1.000000 0.200000
v 0.400000 1.000000 0.200000
v -0.400000 1.000000 0.200000
v -0.500000 1.000000 0.200000
v 0.400000 1.000000 0.300000
v 0.300000 1.000000 0.300000
v -0.300000 1.000000 0.300000
v -0.400000 1.000000 0.300000
v 0.700000 1.000000 0.400000
v 0.600000 1.000000 0.400000
v 0.400000 1.000000 0.400000
v 0.300000 1.000000 0.400000
v 0.200000 1.000000 0.400000
v -0.200000 1.000000 0.400000
v -0.300000 1.000000 0.400000
v -0.400000 1.000000 0.400000
v -0.600000 1.000000 0.400000
v -0.700000 1.000000 0.400000
v 0.600000 1.000000 0.500000
v 0.400000 1.000000 0.500000
v 0.300000 1.000000 0.500000
v 0.200000 1.000000 0.500000
v -0.200000 1.000000 0.500000
v -0.300000 1.000000 0.500000
v -0.400000 1.000000 0.500000
v -0.600000 1.000000 0.500000
v 0.300000 1.000000 0.600000
v 0.200000 1.000000 0.600000
v -0.200000 1.000000 0.600000
v -0.300000 1.000000 0.600000
v 0.500000 1.100000 -0.600000
v 0.300000 1.100000 -0.600000
v 0.200000 1.100000 -0.600000
v -0.200000 1.100000 -0.600000
v -0.300000 1.100000 -0.600000
v -0.500000 1.100000 -0.600000
v 0.700000 1.100000 -0.500000
v 0.600000 1.100000 -0.500000
v 0.500000 1.100000 -0.500000
v 0.300000 1.100000 -0.500000
v 0.200000 1.100000 -0.500000
v -0.200000 1.100000 -0.500000
v -0.300000 1.100000 -0.500000
v -0.500000 1.100000 -0.500000
v -0.600000 1.100000 -0.500000
v -0.700000 1.100000 -0.500000
v 0.700000 1.100000 -0.400000
v 0.600000 1.100000 -0.400000
v -0.600000 1.100000 -0.400000
v -0.700000 1.100000 -0.400000
v 0.800000 1.100000 -0.300000
v 0.700000 1.100000 -0.300000
v -0.700000 1.100000 -0.300000
v -0.800000 1.100000 -0.300000
v 0.800000 1.100000 0.300000
v 0.700000 1.100000 0.300000
v -0.700000 1.100000 0.300000
v -0.800000 1.100000 0.300000
v 0.700000 1.100000 0.400000
v 0.600000 1.100000 0.400000
v -0.600000 1.100000 0.400000
v -0.700000 1.100000 0.400000
v 0.700000 1.100000 0.500000
v 0.600000 1.100000 0.500000
v 0.500000 1.100000 0.500000
v 0.300000 1.100000 0.500000
v 0.200000 1.100000 0.500000
v -0.200000 1.100000 0.500000
v -0.300000 1.100000 0.500000
v -0.500000 1.100000 0.500000
v -0.600000 1.100000 0.500000
v -0.700000 1.100000 0.500000
v 0.500000 1.100000 0.600000
v 0.300000 1.100000 0.600000
v 0.200000 1.100000 0.600000
v -0.200000 1.100000 0.600000
v -0.300000 1.100000 0.600000
v -0.500000 1.100000 0.600000
v 0.300000 1.200000 -0.700000
v -0.300000 1.200000 -0.700000
v 0.600000 1.200000 -0.600000
v 0.500000 1.200000 -0.600000
v 0.300000 1.200000 -0.600000
v 0.200000 1.200000 -0.600000
v -0.300000 1.200000 -0.600000
v -0.500000 1.200000 -0.600000
v -0.600000 1.200000 -0.600000
v 0.600000 1.200000 -0.500000
v 0.500000 1.200000 -0.500000
v -0.500000 1.200000 -0.500000
v -0.600000 1.200000 -0.500000
v 0.800000 1.200000 -0.400000
v 0.700000 1.200000 -0.400000
v -0.700000 1.200000 -0.400000
v -0.800000 1.200000 -0.400000
v 0.800000 1.200000 -0.300000
v 0.700000 1.200000 -0.300000
v -0.700000 1.200000 -0.300000
v -0.800000 1.200000 -0.300000
v 0.900000 1.200000 -0.100000
v 0.800000 1.200000 -0.100000
v -0.800000 1.200000 -0.100000
v -0.900000 1.200000 -0.100000
v 0.900000 1.200000 0.100000
v 0.800000 1.200000 0.100000
v -0.800000 1.200000 0.100000
v -0.900000 1.200000 0.100000
v 0.800000 1.200000 0.300000
v 0.700000 1.200000 0.300000
v -0.700000 1.200000 0.300000
v -0.800000 1.200000 0.300000
v 0.800000 1.200000 0.400000
v 0.700000 1.200000 0.400000
v -0.700000 1.200000 0.400000
v -0.800000 1.200000 0.400000
v 0.600000 1.200000 0.500000
v 0.500000 1.200000 0.500000
v -0.500000 1.200000 0.500000
v -0.600000 1.200000 0.500000
v 0.600000 1.200000 0.600000
v 0.500000 1.200000 0.600000
v 0.300000 1.200000 0.600000
v 0.200000 1.200000 0.600000
v -0.200000 1.200000 0.600000
v -0.300000 1.200000 0.600000
v -0.500000 1.200000 0.600000
v -0.600000 1.200000 0.600000
v 0.300000 1.200000 0.700000
v -0.300000 1.200000 0.700000
v 0.400000 1.300000 -0.700000
v 0.300000 1.300000 -0.700000
v -0.300000 1.300000 -0.700000
v -0.400000 1.300000 -0.700000
v 0.400000 1.300000 -0.600000
v 0.300000 1.300000 -0.600000
v -0.300000 1.300000 -0.600000
v -0.400000 1.300000 -0.600000
v 0.900000 1.300000 -0.200000
v 0.800000 1.300000 -0.200000
v -0.800000 1.300000 -0.200000
v -0.900000 1.300000 -0.200000
v 0.900000 1.300000 -0.100000
v 0.800000 1.300000 -0.100000
v -0.800000 1.300000 -0.100000
v -0.900000 1.300000 -0.100000
v 0.900000 1.300000 0.100000
v 0.800000 1.300000 0.100000
v -0.800000 1.300000 0.100000
v -0.900000 1.300000 0.100000
v 0.900000 1.300000 0.200000
v 0.800000 1.300000 0.200000
v -0.800000 1.300000 0.200000
v -0.900000 1.300000 0.200000
v 0.400000 1.300000 0.600000
v 0.300000 1.300000 0.600000
v -0.300000 1.300000 0.600000
v -0.400000 1.300000 0.600000
v 0.400000 1.300000 0.700000
v 0.300000 1.300000 0.700000
v -0.300000 1.300000 0.700000
v -0.400000 1.300000 0.700000
v 0.500000 1.400000 -0.700000
v 0.400000 1.400000 -0.700000
v -0.400000 1.400000 -0.700000
v -0.500000 1.400000 -0.700000
v 0.700000 1.400000 -0.600000
v 0.600000 1.400000 -0.600000
v 0.500000 1.400000 -0.600000
v 0.400000 1.400000 -0.600000
v -0.400000 1.400000 -0.600000
v -0.500000 1.400000 -0.600000
v -0.600000 1.400000 -0.600000
v -0.700000 1.400000 -0.600000
v 0.800000 1.400000 -0.500000
v 0.700000 1.400000 -0.500000
v 0.600000 1.400000 -0.500000
v -0.600000 1.400000 -0.500000
v -0.700000 1.400000 -0.500000
v -0.800000 1.400000 -0.500000
v 0.800000 1.400000 -0.400000
v 0.700000 1.400000 -0.400000
v -0.700000 1.400000 -0.400000
v -0.800000 1.400000 -0.400000
v 0.900000 1.400000 -0.300000
v 0.800000 1.400000 -0.300000
v -0.800000 1.400000 -0.300000
v -0.900000 1.400000 -0.300000
v 0.900000 1.400000 -0.200000
v 0.800000 1.400000 -0.200000
v -0.800000 1.400000 -0.200000
v -0.900000 1.400000 -0.200000
v 0.900000 1.400000 0.200000
v 0.800000 1.400000 0.200000
v -0.800000 1.400000 0.200000
v -0.900000 1.400000 0.200000
v 0.900000 1.400000 0.300000
v 0.800000 1.400000 0.300000
v -0.800000 1.400000 0.300000
v -0.900000 1.400000 0.300000
v 0.800000 1.400000 0.400000
v 0.700000 1.400000 0.400000
v -0.700000 1.400000 0.400000
v -0.800000 1.400000 0.400000
v 0.800000 1.400000 0.500000
v 0.700000 1.400000 0.500000
v 0.600000 1.400000 0.500000
v -0.600000 1.400000 0.500000
v -0.700000 1.400000 0.500000
v -0.800000 1.400000 0.500000
v 0.700000 1.400000 0.600000
v 0.600000 1.400000 0.600000
v 0.500000 1.400000 0.600000
v 0.400000 1.400000 0.600000
v -0.400000 1.400000 0.600000
v -0.500000 1.400000 0.600000
v -0.600000 1.400000 0.600000
v -0.700000 1.400000 0.600000
v 0.500000 1.400000 0.700000
v 0.400000 1.400000 0.700000
v -0.400000 1.400000 0.700000
v -0.500000 1.400000 0.700000
v 0.600000 1.500000 -0.700000
v 0.500000 1.500000 -0.700000
v -0.500000 1.500000 -0.700000
v -0.600000 1.500000 -0.700000
v 0.600000 1.500000 -0.600000
v 0.500000 1.500000 -0.600000
v -0.500000 1.500000 -0.600000
v -0.600000 1.500000 -0.600000
v 0.900000 1.500000 -0.400000
v 0.800000 1.500000 -0.400000
v -0.800000 1.500000 -0.400000
v -0.900000 1.500000 -0.400000
v 0.900000 1.500000 -0.300000
v 0.800000 1.500000 -0.300000
v -0.800000 1.500000 -0.300000
v -0.900000 1.500000 -0.300000
v 0.900000 1.500000 0.300000
v 0.800000 1.500000 0.300000
v -0.800000 1.500000 0.300000
v -0.900000 1.500000 0.300000
v 0.900000 1.500000 0.400000
v 0.800000 1.500000 0.400000
v -0.800000 1.500000 0.400000
v -0.900000 1.500000 0.400000
v 0.600000 1.500000 0.600000
v 0.500000 1.500000 0.600000
v -0.500000 1.500000 0.600000
v -0.600000 1.500000 0.600000
v 0.600000 1.500000 0.700000
v 0.500000 1.500000 0.700000
v -0.500000 1.500000 0.700000
v -0.600000 1.500000 0.700000
v 1.000000 1.600000 -0.400000
v 0.900000 1.600000 -0.400000
v -0.900000 1.600000 -0.400000
v -1.000000 1.600000 -0.400000
v 1.100000 1.600000 -0.300000
v 1.000000 1.600000 -0.300000
v -1.000000 1.600000 -0.300000
v -1.100000 1.600000 -0.300000
v 1.100000 1.600000 -0.200000
v 0.900000 1.600000 -0.200000
v -0.900000 1.600000 -0.200000
v -1.100000 1.600000 -0.200000
v 1.100000 1.600000 0.200000
v 0.900000 1.600000 0.200000
v -0.900000 1.600000 0.200000
v -1.100000 1.600000 0.200000
v 1.100000 1.600000 0.300000
v 1.000000 1.600000 0.300000
v -1.000000 1.600000 0.300000
v -1.100000 1.600000 0.300000
v 1.000000 1.600000 0.400000
v 0.900000 1.600000 0.400000
v -0.900000 1.600000 0.400000
v -1.000000 1.600000 0.400000
v 1.100000 1.700000 -0.400000
v 1.000000 1.700000 -0.400000
v -1.000000 1.700000 -0.400000
v -1.100000 1.700000 -0.400000
v 1.100000 1.700000 -0.300000
v 1.000000 1.700000 -0.300000
v -1.000000 1.700000 -0.300000
v -1.100000 1.700000 -0.300000
v 1.000000 1.700000 -0.200000
v 0.900000 1.700000 -0.200000
v -0.900000 1.700000 -0.200000
v -1.000000 1.700000 -0.200000
v 1.000000 1.700000 0.200000
v 0.900000 1.700000 0.200000
v -0.900000 1.700000 0.200000
v -1.000000 1.700000 0.200000
v 1.100000 1.700000 0.300000
v 1.000000 1.700000 0.300000
v -1.000000 1.700000 0.300000
v -1.100000 1.700000 0.300000
v 1.100000 1.700000 0.400000
v 1.000000 1.700000 0.400000
v -1.000000 1.700000 0.400000
v -1.100000 1.700000 0.400000
v 1.200000 1.800000 -0.500000
v 1.000000 1.800000 -0.500000
v -1.000000 1.800000 -0.500000
v -1.200000 1.800000 -0.500000
v 1.100000 1.800000 -0.400000
v 1.000000 1.800000 -0.400000
v -1.000000 1.800000 -0.400000
v -1.100000 1.800000 -0.400000
v 1.200000 1.800000 -0.300000
v 1.100000 1.800000 -0.300000
v 0.800000 1.800000 -0.300000
v 0.700000 1.800000 -0.300000
v -0.700000 1.800000 -0.300000
v -0.800000 1.800000 -0.300000
v -1.100000 1.800000 -0.300000
v -1.200000 1.800000 -0.300000
v 0.800000 1.800000 -0.200000
v -0.800000 1.800000 -0.200000
v 0.800000 1.800000 0.200000
v -0.800000 1.800000 0.200000
v 1.200000 1.800000 0.300000
v 1.100000 1.800000 0.300000
v 0.800000 1.800000 0.300000
v 0.700000 1.800000 0.300000
v -0.700000 1.800000 0.300000
v -0.800000 1.800000 0.300000
v -1.100000 1.800000 0.300000
v -1.200000 1.800000 0.300000
v 1.100000 1.800000 0.400000
v 1.000000 1.800000 0.400000
v -1.000000 1.800000 0.400000
v -1.100000 1.800000 0.400000
v 1.200000 1.800000 0.500000
v 1.000000 1.800000 0.500000
v -1.000000 1.800000 0.500000
v -1.200000 1.800000 0.500000
v 1.300000 1.900000 -0.500000
v 1.200000 1.900000 -0.500000
v 0.700000 1.900000 -0.500000
v 0.600000 1.900000 -0.500000
v -0.600000 1.900000 -0.500000
v -0.700000 1.900000 -0.500000
v -1.200000 1.900000 -0.500000
v -1.300000 1.900000 -0.500000
v 0.700000 1.900000 -0.400000
v 0.600000 1.900000 -0.400000
v -0.600000 1.900000 -0.400000
v -0.700000 1.900000 -0.400000
v 1.300000 1.900000 -0.300000
v 1.200000 1.900000 -0.300000
v -1.200000 1.900000 -0.300000
v -1.300000 1.900000 -0.300000
v 0.100000 1.900000 -0.200000
v -0.100000 1.900000 -0.200000
v 0.100000 1.900000 0.200000
v -0.100000 1.900000 0.200000
v 1.300000 1.900000 0.300000
v 1.200000 1.900000 0.300000
v -1.200000 1.900000 0.300000
v -1.300000 1.900000 0.300000
v 0.700000 1.900000 0.400000
v 0.600000 1.900000 0.400000
v -0.600000 1.900000 0.400000
v -0.700000 1.900000 0.400000
v 1.300000 1.900000 0.500000
v 1.200000 1.900000 0.500000
v 0.700000 1.900000 0.500000
v 0.600000 1.900000 0.500000
v -0.600000 1.900000 0.500000
v -0.700000 1.900000 0.500000
v -1.200000 1.900000 0.500000
v -1.300000 1.900000 0.500000
v 1.400000 2.000000 -0.500000
v 1.300000 2.000000 -0.500000
v 0.600000 2.000000 -0.500000
v -0.600000 2.000000 -0.500000
v -1.300000 2.000000 -0.500000
v -1.400000 2.000000 -0.500000
v 1.400000 2.000000 -0.400000
v 1.300000 2.000000 -0.400000
v 0.700000 2.000000 -0.400000
v 0.600000 2.000000 -0.400000
v 0.400000 2.000000 -0.400000
v -0.400000 2.000000 -0.400000
v -0.600000 2.000000 -0.400000
v -0.700000 2.000000 -0.400000
v -1.300000 2.000000 -0.400000
v -1.400000 2.000000 -0.400000
v 1.400000 2.000000 -0.300000
v 1.300000 2.000000 -0.300000
v 1.100000 2.000000 -0.300000
v 1.000000 2.000000 -0.300000
v 0.500000 2.000000 -0.300000
v 0.400000 2.000000 -0.300000
v -0.400000 2.000000 -0.300000
v -0.500000 2.000000 -0.300000
v -1.000000 2.000000 -0.300000
v -1.100000 2.000000 -0.300000
v -1.300000 2.000000 -0.300000
v -1.400000 2.000000 -0.300000
v 1.100000 2.000000 -0.200000
v 1.000000 2.000000 -0.200000
v 0.600000 2.000000 -0.200000
v 0.500000 2.000000 -0.200000
v 0.200000 2.000000 -0.200000
v 0.100000 2.000000 -0.200000
v -0.100000 2.000000 -0.200000
v -0.200000 2.000000 -0.200000
v -0.500000 2.000000 -0.200000
v -0.600000 2.000000 -0.200000
v -1.000000 2.000000 -0.200000
v -1.100000 2.000000 -0.200000
v 0.700000 2.000000 -0.100000
v 0.300000 2.000000 -0.100000
v 0.200000 2.000000 -0.100000
v -0.200000 2.000000 -0.100000
v -0.300000 2.000000 -0.100000
v -0.700000 2.000000 -0.100000
v 0.700000 2.000000 0.100000
v 0.300000 2.000000 0.100000
v 0.200000 2.000000 0.100000
v -0.200000 2.000000 0.100000
v -0.300000 2.000000 0.100000
v -0.700000 2.000000 0.100000
v 1.100000 2.000000 0.200000
v 1.000000 2.000000 0.200000
v 0.600000 2.000000 0.200000
v 0.500000 2.000000 0.200000
v 0.200000 2.000000 0.200000
v 0.100000 2.000000 0.200000
v -0.100000 2.000000 0.200000
v -0.200000 2.000000 0.200000
v -0.500000 2.000000 0.200000
v -0.600000 2.000000 0.200000
v -1.000000 2.000000 0.200000
v -1.100000 2.000000 0.200000
v 1.400000 2.000000 0.300000
v 1.300000 2.000000 0.300000
v 1.100000 2.000000 0.300000
v 1.000000 2.000000 0.300000
v 0.500000 2.000000 0.300000
v 0.400000 2.000000 0.300000
v -0.400000 2.000000 0.300000
v -0.500000 2.000000 0.300000
v -1.000000 2.000000 0.300000
v -1.100000 2.000000 0.300000
v -1.300000 2.000000 0.300000
v -1.400000 2.000000 0.300000
v 1.400000 2.000000 0.400000
v 1.300000 2.000000 0.400000
v 0.700000 2.000000 0.400000
v 0.600000 2.000000 0.400000
v 0.400000 2.000000 0.400000
v -0.400000 2.000000 0.400000
v -0.600000 2.000000 0.400000
v -0.700000 2.000000 0.400000
v -1.300000 2.000000 0.400000
v -1.400000 2.000000 0.400000
v 1.400000 2.000000 0.500000
v 1.300000 2.000000 0.500000
v 0.600000 2.000000 0.500000
v -0.600000 2.000000 0.500000
v -1.300000 2.000000 0.500000
v -1.400000 2.000000 0.500000
v 1.500000 2.100000 -0.400000
v 1.400000 2.100000 -0.400000
v 0.400000 2.100000 -0.400000
v -0.400000 2.100000 -0.400000
v -1.400000 2.100000 -0.400000
v -1.500000 2.100000 -0.400000
v 1.600000 2.100000 -0.300000
v 1.500000 2.100000 -0.300000
v 1.400000 2.100000 -0.300000
v 1.300000 2.100000 -0.300000
v 1.200000 2.100000 -0.300000
v 1.100000 2.100000 -0.300000
v 0.500000 2.100000 -0.300000
v 0.400000 2.100000 -0.300000
v 0.200000 2.100000 -0.300000
v -0.200000 2.100000 -0.300000
v -0.400000 2.100000 -0.300000
v -0.500000 2.100000 -0.300000
v -1.100000 2.100000 -0.300000
v -1.200000 2.100000 -0.300000
v -1.300000 2.100000 -0.300000
v -1.400000 2.100000 -0.300000
v -1.500000 2.100000 -0.300000
v -1.600000 2.100000 -0.300000
v 1.600000 2.100000 -0.200000
v 1.500000 2.100000 -0.200000
v 1.400000 2.100000 -0.200000
v 1.300000 2.100000 -0.200000
v 1.200000 2.100000 -0.200000
v 1.100000 2.100000 -0.200000
v 1.000000 2.100000 -0.200000
v 0.900000 2.100000 -0.200000
v 0.600000 2.100000 -0.200000
v 0.500000 2.100000 -0.200000
v 0.400000 2.100000 -0.200000
v 0.200000 2.100000 -0.200000
v -0.200000 2.100000 -0.200000
v -0.400000 2.100000 -0.200000
v -0.500000 2.100000 -0.200000
v -0.600000 2.100000 -0.200000
v -0.900000 2.100000 -0.200000
v -1.000000 2.100000 -0.200000
v -1.100000 2.100000 -0.200000
v -1.200000 2.100000 -0.200000
v -1.300000 2.100000 -0.200000
v -1.400000 2.100000 -0.200000
v -1.500000 2.100000 -0.200000
v -1.600000 2.100000 -0.200000
v 1.500000 2.100000 -0.100000
v 1.400000 2.100000 -0.100000
v 0.500000 2.100000 -0.100000
v 0.400000 2.100000 -0.100000
v 0.300000 2.100000 -0.100000
v 0.200000 2.100000 -0.100000
v -0.200000 2.100000 -0.100000
v -0.300000 2.100000 -0.100000
v -0.400000 2.100000 -0.100000
v -0.500000 2.100000 -0.100000
v -1.400000 2.100000 -0.100000
v -1.500000 2.100000 -0.100000
v 1.500000 2.100000 0.100000
v 1.400000 2.100000 0.100000
v 0.500000 2.100000 0.100000
v 0.400000 2.100000 0.100000
v 0.300000 2.100000 0.100000
v 0.200000 2.100000 0.100000
v -0.200000 2.100000 0.100000
v -0.300000 2.100000 0.100000
v -0.400000 2.100000 0.100000
v -0.500000 2.100000 0.100000
v -1.400000 2.100000 0.100000
v -1.500000 2.100000 0.100000
v 1.600000 2.100000 0.200000
v 1.500000 2.100000 0.200000
v 1.400000 2.100000 0.200000
v 1.300000 2.100000 0.200000
v 1.200000 2.100000 0.200000
v 1.100000 2.100000 0.200000
v 1.000000 2.100000 0.200000
v 0.900000 2.100000 0.200000
v 0.600000 2.100000 0.200000
v 0.500000 2.100000 0.200000
v 0.400000 2.100000 0.200000
v 0.200000 2.100000 0.200000
v -0.200000 2.100000 0.200000
v -0.400000 2.100000 0.200000
v -0.500000 2.100000 0.200000
v -0.600000 2.100000 0.200000
v -0.900000 2.100000 0.200000
v -1.000000 2.100000 0.200000
v -1.100000 2.100000 0.200000
v -1.200000 2.100000 0.200000
v -1.300000 2.100000 0.200000
v -1.400000 2.100000 0.200000
v -1.500000 2.100000 0.200000
v -1.600000 2.100000 0.200000
v 1.600000 2.100000 0.300000
v 1.500000 2.100000 0.300000
v 1.400000 2.100000 0.300000
v 1.300000 2.100000 0.300000
v 1.200000 2.100000 0.300000
v 1.100000 2.100000 0.300000
v 0.500000 2.100000 0.300000
v 0.400000 2.100000 0.300000
v 0.200000 2.100000 0.300000
v -0.200000 2.100000 0.300000
v -0.400000 2.100000 0.300000
v -0.500000 2.100000 0.300000
v -1.100000 2.100000 0.300000
v -1.200000 2.100000 0.300000
v -1.300000 2.100000 0.300000
v -1.400000 2.100000 0.300000
v -1.500000 2.100000 0.300000
v -1.600000 2.100000 0.300000
v 1.500000 2.100000 0.400000
v 1.400000 2.100000 0.400000
v 0.400000 2.100000 0.400000
v -0.400000 2.100000 0.400000
v -1.400000 2.100000 0.400000
v -1.500000 2.100000 0.400000
v 1.300000 2.200000 -0.300000
v 1.200000 2.200000 -0.300000
v -1.200000 2.200000 -0.300000
v -1.300000 2.200000 -0.300000
v 1.400000 2.200000 -0.200000
v 1.300000 2.200000 -0.200000
v 1.200000 2.200000 -0.200000
v 1.000000 2.200000 -0.200000
v -1.000000 2.200000 -0.200000
v -1.200000 2.200000 -0.200000
v -1.300000 2.200000 -0.200000
v -1.400000 2.200000 -0.200000
v 1.500000 2.200000 -0.100000
v 1.400000 2.200000 -0.100000
v -1.400000 2.200000 -0.100000
v -1.500000 2.200000 -0.100000
v 1.500000 2.200000 0.100000
v 1.400000 2.200000 0.100000
v -1.400000 2.200000 0.100000
v -1.500000 2.200000 0.100000
v 1.400000 2.200000 0.200000
v 1.300000 2.200000 0.200000
v 1.200000 2.200000 0.200000
v 1.000000 2.200000 0.200000
v -1.000000 2.200000 0.200000
v -1.200000 2.200000 0.200000
v -1.300000 2.200000 0.200000
v -1.400000 2.200000 0.200000
v 1.300000 2.200000 0.300000
v 1.200000 2.200000 0.300000
v -1.200000 2.200000 0.300000
v -1.300000 2.200000 0.300000
v 0.200000 2.300000 -0.400000
v -0.200000 2.300000 -0.400000
v 0.500000 2.300000 -0.300000
v 0.400000 2.300000 -0.300000
v 0.200000 2.300000 -0.300000
v -0.200000 2.300000 -0.300000
v -0.400000 2.300000 -0.300000
v -0.500000 2.300000 -0.300000
v 0.600000 2.300000 -0.200000
v 0.500000 2.300000 -0.200000
v 0.400000 2.300000 -0.200000
v -0.400000 2.300000 -0.200000
v -0.500000 2.300000 -0.200000
v -0.600000 2.300000 -0.200000
v 0.600000 2.300000 0.200000
v 0.500000 2.300000 0.200000
v 0.400000 2.300000 0.200000
v -0.400000 2.300000 0.200000
v -0.500000 2.300000 0.200000
v -0.600000 2.300000 0.200000
v 0.500000 2.300000 0.300000
v 0.400000 2.300000 0.300000
v -0.400000 2.300000 0.300000
v -0.500000 2.300000 0.300000
v 0.300000 2.400000 -0.400000
v 0.200000 2.400000 -0.400000
v -0.200000 2.400000 -0.400000
v -0.300000 2.400000 -0.400000
v 0.300000 2.400000 -0.300000
v 0.200000 2.400000 -0.300000
v -0.200000 2.400000 -0.300000
v -0.300000 2.400000 -0.300000
v 0.700000 2.400000 -0.100000
v 0.600000 2.400000 -0.100000
v -0.600000 2.400000 -0.100000
v -0.700000 2.400000 -0.100000
v 0.700000 2.400000 0.100000
v 0.600000 2.400000 0.100000
v -0.600000 2.400000 0.100000
v -0.700000 2.400000 0.100000
v 0.400000 2.500000 -0.400000
v 0.300000 2.500000 -0.400000
v -0.300000 2.500000 -0.400000
v -0.400000 2.500000 -0.400000
v 0.600000 2.500000 -0.300000
v 0.500000 2.500000 -0.300000
v 0.400000 2.500000 -0.300000
v 0.300000 2.500000 -0.300000
v -0.300000 2.500000 -0.300000
v -0.400000 2.500000 -0.300000
v -0.500000 2.500000 -0.300000
v -0.600000 2.500000 -0.300000
v 0.600000 2.500000 -0.200000
v 0.500000 2.500000 -0.200000
v -0.500000 2.500000 -0.200000
v -0.600000 2.500000 -0.200000
v 0.300000 2.500000 -0.100000
v -0.300000 2.500000 -0.100000
v 0.300000 2.500000 0.000000
v -0.300000 2.500000 0.000000
v 0.600000 2.500000 0.200000
v 0.500000 2.500000 0.200000
v 0.100000 2.500000 0.200000
v -0.100000 2.500000 0.200000
v -0.500000 2.500000 0.200000
v -0.600000 2.500000 0.200000
v 0.600000 2.500000 0.300000
v 0.500000 2.500000 0.300000
v 0.100000 2.500000 0.300000
v -0.100000 2.500000 0.300000
v -0.500000 2.500000 0.300000
v -0.600000 2.500000 0.300000
v 0.200000 2.600000 0.200000
v 0.100000 2.600000 0.200000
v -0.100000 2.600000 0.200000
v -0.200000 2.600000 0.200000
v 0.200000 2.600000 0.300000
v 0.100000 2.600000 0.300000
v -0.100000 2.600000 0.300000
v -0.200000 2.600000 0.300000
v 0.400000 2.800000 0.200000
v 0.300000 2.800000 0.200000
v -0.300000 2.800000 0.200000
v -0.400000 2.800000 0.200000
v 0.400000 2.800000 0.300000
v 0.300000 2.800000 0.300000
v -0.300000 2.800000 0.300000
v -0.400000 2.800000 0.300000
v 0.500000 2.900000 -0.100000
v 0.400000 2.900000 -0.100000
v -0.400000 2.900000 -0.100000
v -0.500000 2.900000 -0.100000
v 0.500000 2.900000 0.200000
v 0.400000 2.900000 0.200000
v 0.300000 2.900000 0.200000
v 0.100000 2.900000 0.200000
v -0.100000 2.900000 0.200000
v -0.300000 2.900000 0.200000
v -0.400000 2.900000 0.200000
v -0.500000 2.900000 0.200000
v 0.300000 2.900000 0.300000
v 0.100000 2.900000 0.300000
v -0.100000 2.900000 0.300000
v -0.300000 2.900000 0.300000
v 0.400000 3.000000 -0.100000
v 0.200000 3.000000 -0.100000
v -0.200000 3.000000 -0.100000
v -0.400000 3.000000 -0.100000
v 0.400000 3.000000 0.200000
v 0.200000 3.000000 0.200000
v -0.200000 3.000000 0.200000
v -0.400000 3.000000 0.200000
v 0.200000 3.100000 -0.100000
v -0.200000 3.100000 -0.100000
v 0.200000 3.100000 0.200000
v -0.200000 3.100000 0.200000
v 0.600000 1.000000 -0.300000
v 0.500000 1.000000 -0.300000
v -0.500000 1.000000 -0.300000
v -0.600000 1.000000 -0.300000
v 0.600000 1.000000 -0.200000
v 0.500000 1.000000 -0.200000
v -0.500000 1.000000 -0.200000
v -0.600000 1.000000 -0.200000
v 0.600000 1.000000 0.200000
v 0.500000 1.000000 0.200000
v -0.500000 1.000000 0.200000
v -0.600000 1.000000 0.200000
v 0.600000 1.000000 0.300000
v 0.500000 1.000000 0.300000
v -0.500000 1.000000 0.300000
v -0.600000 1.000000 0.300000
v 0.500000 1.100000 -0.500000
v 0.300000 1.100000 -0.500000
v 0.200000 1.100000 -0.500000
v -0.200000 1.100000 -0.500000
v -0.300000 1.100000 -0.500000
v -0.500000 1.100000 -0.500000
v 0.600000 1.100000 -0.400000
v 0.500000 1.100000 -0.400000
v 0.300000 1.100000 -0.400000
v 0.200000 1.100000 -0.400000
v -0.200000 1.100000 -0.400000
v -0.300000 1.100000 -0.400000
v -0.500000 1.100000 -0.400000
v -0.600000 1.100000 -0.400000
v 0.700000 1.100000 -0.300000
v 0.600000 1.100000 -0.300000
v 0.500000 1.100000 -0.300000
v 0.400000 1.100000 -0.300000
v 0.300000 1.100000 -0.300000
v -0.300000 1.100000 -0.300000
v -0.400000 1.100000 -0.300000
v -0.500000 1.100000 -0.300000
v -0.600000 1.100000 -0.300000
v -0.700000 1.100000 -0.300000
v 0.600000 1.100000 -0.200000
v 0.500000 1.100000 -0.200000
v 0.400000 1.100000 -0.200000
v -0.400000 1.100000 -0.200000
v -0.500000 1.100000 -0.200000
v -0.600000 1.100000 -0.200000
v 0.600000 1.100000 -0.100000
v 0.500000 1.100000 -0.100000
v -0.500000 1.100000 -0.100000
v -0.600000 1.100000 -0.100000
v 0.600000 1.100000 0.100000
v 0.500000 1.100000 0.100000
v -0.500000 1.100000 0.100000
v -0.600000 1.100000 0.100000
v 0.600000 1.100000 0.200000
v 0.500000 1.100000 0.200000
v 0.400000 1.100000 0.200000
v -0.400000 1.100000 0.200000
v -0.500000 1.100000 0.200000
v -0.600000 1.100000 0.200000
v 0.700000 1.100000 0.300000
v 0.600000 1.100000 0.300000
v 0.500000 1.100000 0.300000
v 0.400000 1.100000 0.300000
v 0.300000 1.100000 0.300000
v -0.300000 1.100000 0.300000
v -0.400000 1.100000 0.300000
v -0.500000 1.100000 0.300000
v -0.600000 1.100000 0.300000
v -0.700000 1.100000 0.300000
v 0.600000 1.100000 0.400000
v 0.500000 1.100000 0.400000
v 0.300000 1.100000 0.400000
v 0.200000 1.100000 0.400000
v -0.200000 1.100000 0.400000
v -0.300000 1.100000 0.400000
v -0.500000 1.100000 0.400000
v -0.600000 1.100000 0.400000
v 0.500000 1.100000 0.500000
v 0.300000 1.100000 0.500000
v 0.200000 1.100000 0.500000
v -0.200000 1.100000 0.500000
v -0.300000 1.100000 0.500000
v -0.500000 1.100000 0.500000
v 0.600000 1.200000 -0.500000
v 0.500000 1.200000 -0.500000
v -0.500000 1.200000 -0.500000
v -0.600000 1.200000 -0.500000
v 0.700000 1.200000 -0.400000
v 0.600000 1.200000 -0.400000
v 0.500000 1.200000 -0.400000
v -0.500000 1.200000 -0.400000
v -0.600000 1.200000 -0.400000
v -0.700000 1.200000 -0.400000
v 0.700000 1.200000 -0.300000
v 0.600000 1.200000 -0.300000
v -0.600000 1.200000 -0.300000
v -0.700000 1.200000 -0.300000
v 0.700000 1.200000 0.300000
v 0.600000 1.200000 0.300000
v -0.600000 1.200000 0.300000
v -0.700000 1.200000 0.300000
v 0.700000 1.200000 0.400000
v 0.600000 1.200000 0.400000
v 0.500000 1.200000 0.400000
v -0.500000 1.200000 0.400000
v -0.600000 1.200000 0.400000
v -0.700000 1.200000 0.400000
v 0.600000 1.200000 0.500000
v 0.500000 1.200000 0.500000
v -0.500000 1.200000 0.500000
v -0.600000 1.200000 0.500000
v 0.700000 1.500000 -0.500000
v 0.600000 1.500000 -0.500000
v -0.600000 1.500000 -0.500000
v -0.700000 1.500000 -0.500000
v 0.700000 1.500000 -0.400000
v 0.600000 1.500000 -0.400000
v -0.600000 1.500000 -0.400000
v -0.700000 1.500000 -0.400000
v 0.700000 1.500000 0.400000
v 0.600000 1.500000 0.400000
v -0.600000 1.500000 0.400000
v -0.700000 1.500000 0.400000
v 0.700000 1.500000 0.500000
v 0.600000 1.500000 0.500000
v -0.600000 1.500000 0.500000
v -0.700000 1.500000 0.500000
v 0.800000 1.600000 -0.200000
v 0.700000 1.600000 -0.200000
v -0.700000 1.600000 -0.200000
v -0.800000 1.600000 -0.200000
v 0.800000 1.600000 0.200000
v 0.700000 1.600000 0.200000
v -0.700000 1.600000 0.200000
v -0.800000 1.600000 0.200000
v 0.600000 1.700000 -0.700000
v 0.500000 1.700000 -0.700000
v -0.500000 1.700000 -0.700000
v -0.600000 1.700000 -0.700000
v 0.600000 1.700000 -0.600000
v 0.500000 1.700000 -0.600000
v -0.500000 1.700000 -0.600000
v -0.600000 1.700000 -0.600000
v 0.800000 1.700000 -0.300000
v 0.700000 1.700000 -0.300000
v -0.700000 1.700000 -0.300000
v -0.800000 1.700000 -0.300000
v 0.800000 1.700000 -0.200000
v 0.700000 1.700000 -0.200000
v -0.700000 1.700000 -0.200000
v -0.800000 1.700000 -0.200000
v 0.800000 1.700000 0.200000
v 0.700000 1.700000 0.200000
v -0.700000 1.700000 0.200000
v -0.800000 1.700000 0.200000
v 0.800000 1.700000 0.300000
v 0.700000 1.700000 0.300000
v -0.700000 1.700000 0.300000
v -0.800000 1.700000 0.300000
v 0.600000 1.700000 0.600000
v 0.500000 1.700000 0.600000
v -0.500000 1.700000 0.600000
v -0.600000 1.700000 0.600000
v 0.600000 1.700000 0.700000
v 0.500000 1.700000 0.700000
v -0.500000 1.700000 0.700000
v -0.600000 1.700000 0.700000
v 0.500000 1.800000 -0.700000
v 0.400000 1.800000 -0.700000
v -0.400000 1.800000 -0.700000
v -0.500000 1.800000 -0.700000
v 0.500000 1.800000 -0.600000
v 0.400000 1.800000 -0.600000
v -0.400000 1.800000 -0.600000
v -0.500000 1.800000 -0.600000
v 1.100000 1.800000 -0.300000
v 1.000000 1.800000 -0.300000
v -1.000000 1.800000 -0.300000
v -1.100000 1.800000 -0.300000
v 1.100000 1.800000 -0.200000
v 1.000000 1.800000 -0.200000
v -1.000000 1.800000 -0.200000
v -1.100000 1.800000 -0.200000
v 1.100000 1.800000 0.200000
v 1.000000 1.800000 0.200000
v -1.000000 1.800000 0.200000
v -1.100000 1.800000 0.200000
v 1.100000 1.800000 0.300000
v 1.000000 1.800000 0.300000
v -1.000000 1.800000 0.300000
v -1.100000 1.800000 0.300000
v 0.500000 1.800000 0.600000
v 0.400000 1.800000 0.600000
v -0.400000 1.800000 0.600000
v -0.500000 1.800000 0.600000
v 0.500000 1.800000 0.700000
v 0.400000 1.800000 0.700000
v -0.400000 1.800000 0.700000
v -0.500000 1.800000 0.700000
v 0.400000 1.900000 -0.700000
v -0.400000 1.900000 -0.700000
v 0.700000 1.900000 -0.600000
v 0.600000 1.900000 -0.600000
v 0.400000 1.900000 -0.600000
v -0.400000 1.900000 -0.600000
v -0.600000 1.900000 -0.600000
v -0.700000 1.900000 -0.600000
v 0.700000 1.900000 -0.500000
v 0.600000 1.900000 -0.500000
v -0.600000 1.900000 -0.500000
v -0.700000 1.900000 -0.500000
v 1.000000 1.900000 -0.200000
v 0.900000 1.900000 -0.200000
v -0.900000 1.900000 -0.200000
v -1.000000 1.900000 -0.200000
v 1.000000 1.900000 0.200000
v 0.900000 1.900000 0.200000
v -0.900000 1.900000 0.200000
v -1.000000 1.900000 0.200000
v 0.700000 1.900000 0.500000
v 0.600000 1.900000 0.500000
v -0.600000 1.900000 0.500000
v -0.700000 1.900000 0.500000
v 0.700000 1.900000 0.600000
v 0.600000 1.900000 0.600000
v 0.400000 1.900000 0.600000
v -0.400000 1.900000 0.600000
v -0.600000 1.900000 0.600000
v -0.700000 1.900000 0.600000
v 0.400000 1.900000 0.700000
v -0.400000 1.900000 0.700000
v 0.600000 2.000000 -0.600000
v 0.500000 2.000000 -0.600000
v -0.500000 2.000000 -0.600000
v -0.600000 2.000000 -0.600000
v 1.100000 2.000000 -0.500000
v 1.000000 2.000000 -0.500000
v 0.800000 2.000000 -0.500000
v 0.700000 2.000000 -0.500000
v 0.600000 2.000000 -0.500000
v 0.500000 2.000000 -0.500000
v -0.500000 2.000000 -0.500000
v -0.600000 2.000000 -0.500000
v -0.700000 2.000000 -0.500000
v -0.800000 2.000000 -0.500000
v -1.000000 2.000000 -0.500000
v -1.100000 2.000000 -0.500000
v 1.100000 2.000000 -0.400000
v 1.000000 2.000000 -0.400000
v 0.900000 2.000000 -0.400000
v 0.800000 2.000000 -0.400000
v -0.800000 2.000000 -0.400000
v -0.900000 2.000000 -0.400000
v -1.000000 2.000000 -0.400000
v -1.100000 2.000000 -0.400000
v 0.900000 2.000000 -0.300000
v 0.800000 2.000000 -0.300000
v 0.700000 2.000000 -0.300000
v -0.700000 2.000000 -0.300000
v -0.800000 2.000000 -0.300000
v -0.900000 2.000000 -0.300000
v 0.900000 2.000000 0.300000
v 0.800000 2.000000 0.300000
v 0.700000 2.000000 0.300000
v -0.700000 2.000000 0.300000
v -0.800000 2.000000 0.300000
v -0.900000 2.000000 0.300000
v 1.100000 2.000000 0.400000
v 1.000000 2.000000 0.400000
v 0.900000 2.000000 0.400000
v 0.800000 2.000000 0.400000
v -0.800000 2.000000 0.400000
v -0.900000 2.000000 0.400000
v -1.000000 2.000000 0.400000
v -1.100000 2.000000 0.400000
v 1.100000 2.000000 0.500000
v 1.000000 2.000000 0.500000
v 0.800000 2.000000 0.500000
v 0.700000 2.000000 0.500000
v 0.600000 2.000000 0.500000
v 0.500000 2.000000 0.500000
v -0.500000 2.000000 0.500000
v -0.600000 2.000000 0.500000
v -0.700000 2.000000 0.500000
v -0.800000 2.000000 0.500000
v -1.000000 2.000000 0.500000
v -1.100000 2.000000 0.500000
v 0.600000 2.000000 0.600000
v 0.500000 2.000000 0.600000
v -0.500000 2.000000 0.600000
v -0.600000 2.000000 0.600000
v 0.500000 2.100000 -0.600000
v -0.500000 2.100000 -0.600000
v 1.400000 2.100000 -0.500000
v 1.300000 2.100000 -0.500000
v 1.200000 2.100000 -0.500000
v 1.100000 2.100000 -0.500000
v 0.700000 2.100000 -0.500000
v 0.500000 2.100000 -0.500000
v -0.500000 2.100000 -0.500000
v -0.700000 2.100000 -0.500000
v -1.100000 2.100000 -0.500000
v -1.200000 2.100000 -0.500000
v -1.300000 2.100000 -0.500000
v -1.400000 2.100000 -0.500000
v 1.400000 2.100000 -0.400000
v 1.300000 2.100000 -0.400000
v 1.200000 2.100000 -0.400000
v 1.100000 2.100000 -0.400000
v 0.400000 2.100000 -0.400000
v -0.400000 2.100000 -0.400000
v -1.100000 2.100000 -0.400000
v -1.200000 2.100000 -0.400000
v -1.300000 2.100000 -0.400000
v -1.400000 2.100000 -0.400000
v 0.900000 2.100000 -0.300000
v 0.800000 2.100000 -0.300000
v 0.700000 2.100000 -0.300000
v 0.500000 2.100000 -0.300000
v 0.400000 2.100000 -0.300000
v -0.400000 2.100000 -0.300000
v -0.500000 2.100000 -0.300000
v -0.700000 2.100000 -0.300000
v -0.800000 2.100000 -0.300000
v -0.900000 2.100000 -0.300000
v 0.900000 2.100000 -0.200000
v 0.800000 2.100000 -0.200000
v 0.700000 2.100000 -0.200000
v 0.600000 2.100000 -0.200000
v 0.500000 2.100000 -0.200000
v -0.500000 2.100000 -0.200000
v -0.600000 2.100000 -0.200000
v -0.700000 2.100000 -0.200000
v -0.800000 2.100000 -0.200000
v -0.900000 2.100000 -0.200000
v 0.900000 2.100000 0.200000
v 0.800000 2.100000 0.200000
v 0.700000 2.100000 0.200000
v 0.600000 2.100000 0.200000
v 0.500000 2.100000 0.200000
v -0.500000 2.100000 0.200000
v -0.600000 2.100000 0.200000
v -0.700000 2.100000 0.200000
v -0.800000 2.100000 0.200000
v -0.900000 2.100000 0.200000
v 0.900000 2.100000 0.300000
v 0.800000 2.100000 0.300000
v 0.700000 2.100000 0.300000
v 0.500000 2.100000 0.300000
v 0.400000 2.100000 0.300000
v -0.400000 2.100000 0.300000
v -0.500000 2.100000 0.300000
v -0.700000 2.100000 0.300000
v -0.800000 2.100000 0.300000
v -0.900000 2.100000 0.300000
v 1.400000 2.100000 0.400000
v 1.300000 2.100000 0.400000
v 1.200000 2.100000 0.400000
v 1.100000 2.100000 0.400000
v 0.400000 2.100000 0.400000
v -0.400000 2.100000 0.400000
v -1.100000 2.100000 0.400000
v -1.200000 2.100000 0.400000
v -1.300000 2.100000 0.400000
v -1.400000 2.100000 0.400000
v 1.400000 2.100000 0.500000
v 1.300000 2.100000 0.500000
v 1.200000 2.100000 0.500000
v 1.100000 2.100000 0.500000
v 0.700000 2.100000 0.500000
v 0.500000 2.100000 0.500000
v -0.500000 2.100000 0.500000
v -0.700000 2.100000 0.500000
v -1.100000 2.100000 0.500000
v -1.200000 2.100000 0.500000
v -1.300000 2.100000 0.500000
v -1.400000 2.100000 0.500000
v 0.500000 2.100000 0.600000
v -0.500000 2.100000 0.600000
v 1.300000 2.200000 -0.500000
v 1.200000 2.200000 -0.500000
v -1.200000 2.200000 -0.500000
v -1.300000 2.200000 -0.500000
v 1.300000 2.200000 -0.400000
v 1.200000 2.200000 -0.400000
v 1.100000 2.200000 -0.400000
v 0.900000 2.200000 -0.400000
v 0.400000 2.200000 -0.400000
v -0.400000 2.200000 -0.400000
v -0.900000 2.200000 -0.400000
v -1.100000 2.200000 -0.400000
v -1.200000 2.200000 -0.400000
v -1.300000 2.200000 -0.400000
v 1.600000 2.200000 -0.300000
v 1.500000 2.200000 -0.300000
v 1.100000 2.200000 -0.300000
v 1.000000 2.200000 -0.300000
v 0.500000 2.200000 -0.300000
v 0.400000 2.200000 -0.300000
v -0.400000 2.200000 -0.300000
v -0.500000 2.200000 -0.300000
v -1.000000 2.200000 -0.300000
v -1.100000 2.200000 -0.300000
v -1.500000 2.200000 -0.300000
v -1.600000 2.200000 -0.300000
v 1.600000 2.200000 -0.200000
v 1.500000 2.200000 -0.200000
v 1.000000 2.200000 -0.200000
v 0.900000 2.200000 -0.200000
v 0.800000 2.200000 -0.200000
v 0.700000 2.200000 -0.200000
v 0.600000 2.200000 -0.200000
v 0.500000 2.200000 -0.200000
v 0.400000 2.200000 -0.200000
v -0.400000 2.200000 -0.200000
v -0.500000 2.200000 -0.200000
v -0.600000 2.200000 -0.200000
v -0.700000 2.200000 -0.200000
v -0.800000 2.200000 -0.200000
v -0.900000 2.200000 -0.200000
v -1.000000 2.200000 -0.200000
v -1.500000 2.200000 -0.200000
v -1.600000 2.200000 -0.200000
v 0.400000 2.200000 -0.100000
v 0.200000 2.200000 -0.100000
v -0.200000 2.200000 -0.100000
v -0.400000 2.200000 -0.100000
v 1.600000 2.200000 0.200000
v 1.500000 2.200000 0.200000
v 1.000000 2.200000 0.200000
v 0.900000 2.200000 0.200000
v 0.800000 2.200000 0.200000
v 0.700000 2.200000 0.200000
v 0.600000 2.200000 0.200000
v 0.500000 2.200000 0.200000
v 0.400000 2.200000 0.200000
v 0.200000 2.200000 0.200000
v -0.200000 2.200000 0.200000
v -0.400000 2.200000 0.200000
v -0.500000 2.200000 0.200000
v -0.600000 2.200000 0.200000
v -0.700000 2.200000 0.200000
v -0.800000 2.200000 0.200000
v -0.900000 2.200000 0.200000
v -1.000000 2.200000 0.200000
v -1.500000 2.200000 0.200000
v -1.600000 2.200000 0.200000
v 1.600000 2.200000 0.300000
v 1.500000 2.200000 0.300000
v 1.100000 2.200000 0.300000
v 1.000000 2.200000 0.300000
v 0.500000 2.200000 0.300000
v 0.400000 2.200000 0.300000
v -0.400000 2.200000 0.300000
v -0.500000 2.200000 0.300000
v -1.000000 2.200000 0.300000
v -1.100000 2.200000 0.300000
v -1.500000 2.200000 0.300000
v -1.600000 2.200000 0.300000
v 1.300000 2.200000 0.400000
v 1.200000 2.200000 0.400000
v 1.100000 2.200000 0.400000
v 0.900000 2.200000 0.400000
v 0.400000 2.200000 0.400000
v -0.400000 2.200000 0.400000
v -0.900000 2.200000 0.400000
v -1.100000 2.200000 0.400000
v -1.200000 2.200000 0.400000
v -1.300000 2.200000 0.400000
v 1.300000 2.200000 0.500000
v 1.200000 2.200000 0.500000
v -1.200000 2.200000 0.500000
v -1.300000 2.200000 0.500000
v 1.500000 2.300000 -0.400000
v 1.100000 2.300000 -0.400000
v -1.100000 2.300000 -0.400000
v -1.500000 2.300000 -0.400000
v 1.400000 2.300000 -0.300000
v 1.100000 2.300000 -0.300000
v 1.000000 2.300000 -0.300000
v -1.000000 2.300000 -0.300000
v -1.100000 2.300000 -0.300000
v -1.400000 2.300000 -0.300000
v 1.600000 2.300000 -0.200000
v 1.500000 2.300000 -0.200000
v 1.400000 2.300000 -0.200000
v 1.100000 2.300000 -0.200000
v 1.000000 2.300000 -0.200000
v 0.900000 2.300000 -0.200000
v 0.800000 2.300000 -0.200000
v -0.800000 2.300000 -0.200000
v -0.900000 2.300000 -0.200000
v -1.000000 2.300000 -0.200000
v -1.100000 2.300000 -0.200000
v -1.400000 2.300000 -0.200000
v -1.500000 2.300000 -0.200000
v -1.600000 2.300000 -0.200000
v 0.500000 2.300000 -0.100000
v 0.400000 2.300000 -0.100000
v -0.400000 2.300000 -0.100000
v -0.500000 2.300000 -0.100000
v 1.600000 2.300000 0.200000
v 1.500000 2.300000 0.200000
v 1.400000 2.300000 0.200000
v 1.100000 2.300000 0.200000
v 1.000000 2.300000 0.200000
v 0.900000 2.300000 0.200000
v 0.800000 2.300000 0.200000
v 0.500000 2.300000 0.200000
v 0.400000 2.300000 0.200000
v 0.200000 2.300000 0.200000
v -0.200000 2.300000 0.200000
v -0.400000 2.300000 0.200000
v -0.500000 2.300000 0.200000
v -0.800000 2.300000 0.200000
v -0.900000 2.300000 0.200000
v -1.000000 2.300000 0.200000
v -1.100000 2.300000 0.200000
v -1.400000 2.300000 0.200000
v -1.500000 2.300000 0.200000
v -1.600000 2.300000 0.200000
v 1.400000 2.300000 0.300000
v 1.100000 2.300000 0.300000
v 1.000000 2.300000 0.300000
v 0.200000 2.300000 0.300000
v -0.200000 2.300000 0.300000
v -1.000000 2.300000 0.300000
v -1.100000 2.300000 0.300000
v -1.400000 2.300000 0.300000
v 1.500000 2.300000 0.400000
v 1.100000 2.300000 0.400000
v -1.100000 2.300000 0.400000
v -1.500000 2.300000 0.400000
v 1.400000 2.400000 -0.300000
v 1.100000 2.400000 -0.300000
v -1.100000 2.400000 -0.300000
v -1.400000 2.400000 -0.300000
v 1.500000 2.400000 -0.200000
v 1.400000 2.400000 -0.200000
v 1.100000 2.400000 -0.200000
v 0.900000 2.400000 -0.200000
v -0.900000 2.400000 -0.200000
v -1.100000 2.400000 -0.200000
v -1.400000 2.400000 -0.200000
v -1.500000 2.400000 -0.200000
v 1.400000 2.400000 -0.100000
v 1.000000 2.400000 -0.100000
v -1.000000 2.400000 -0.100000
v -1.400000 2.400000 -0.100000
v 1.400000 2.400000 0.100000
v 1.000000 2.400000 0.100000
v -1.000000 2.400000 0.100000
v -1.400000 2.400000 0.100000
v 1.500000 2.400000 0.200000
v 1.400000 2.400000 0.200000
v 1.100000 2.400000 0.200000
v 0.900000 2.400000 0.200000
v 0.300000 2.400000 0.200000
v 0.200000 2.400000 0.200000
v -0.200000 2.400000 0.200000
v -0.300000 2.400000 0.200000
v -0.900000 2.400000 0.200000
v -1.100000 2.400000 0.200000
v -1.400000 2.400000 0.200000
v -1.500000 2.400000 0.200000
v 1.400000 2.400000 0.300000
v 1.100000 2.400000 0.300000
v 0.300000 2.400000 0.300000
v 0.200000 2.400000 0.300000
v -0.200000 2.400000 0.300000
v -0.300000 2.400000 0.300000
v -1.100000 2.400000 0.300000
v -1.400000 2.400000 0.300000
v 1.400000 2.500000 -0.100000
v 1.000000 2.500000 -0.100000
v -1.000000 2.500000 -0.100000
v -1.400000 2.500000 -0.100000
v 1.400000 2.500000 0.100000
v 1.000000 2.500000 0.100000
v -1.000000 2.500000 0.100000
v -1.400000 2.500000 0.100000
v 0.400000 2.500000 0.200000
v 0.300000 2.500000 0.200000
v -0.300000 2.500000 0.200000
v -0.400000 2.500000 0.200000
v 0.400000 2.500000 0.300000
v 0.300000 2.500000 0.300000
v -0.300000 2.500000 0.300000
v -0.400000 2.500000 0.300000
v 0.400000 2.700000 -0.400000
v 0.300000 2.700000 -0.400000
v -0.300000 2.700000 -0.400000
v -0.400000 2.700000 -0.400000
v 0.600000 2.700000 -0.300000
v 0.500000 2.700000 -0.300000
v 0.400000 2.700000 -0.300000
v 0.300000 2.700000 -0.300000
v -0.300000 2.700000 -0.300000
v -0.400000 2.700000 -0.300000
v -0.500000 2.700000 -0.300000
v -0.600000 2.700000 -0.300000
v 0.600000 2.700000 -0.200000
v 0.500000 2.700000 -0.200000
v -0.500000 2.700000 -0.200000
v -0.600000 2.700000 -0.200000
v 0.600000 2.700000 0.200000
v 0.500000 2.700000 0.200000
v 0.200000 2.700000 0.200000
v 0.100000 2.700000 0.200000
v -0.100000 2.700000 0.200000
v -0.200000 2.700000 0.200000
v -0.500000 2.700000 0.200000
v -0.600000 2.700000 0.200000
v 0.600000 2.700000 0.300000
v 0.500000 2.700000 0.300000
v 0.200000 2.700000 0.300000
v 0.100000 2.700000 0.300000
v -0.100000 2.700000 0.300000
v -0.200000 2.700000 0.300000
v -0.500000 2.700000 0.300000
v -0.600000 2.700000 0.300000
v 0.300000 2.800000 -0.400000
v 0.200000 2.800000 -0.400000
v -0.200000 2.800000 -0.400000
v -0.300000 2.800000 -0.400000
v 0.300000 2.800000 -0.300000
v 0.200000 2.800000 -0.300000
v -0.200000 2.800000 -0.300000
v -0.300000 2.800000 -0.300000
v 0.700000 2.800000 -0.100000
v 0.600000 2.800000 -0.100000
v 0.300000 2.800000 -0.100000
v -0.300000 2.800000 -0.100000
v -0.600000 2.800000 -0.100000
v -0.700000 2.800000 -0.100000
v 0.300000 2.800000 0.000000
v -0.300000 2.800000 0.000000
v 0.700000 2.800000 0.100000
v 0.600000 2.800000 0.100000
v -0.600000 2.800000 0.100000
v -0.700000 2.800000 0.100000
v 0.200000 2.900000 -0.400000
v -0.200000 2.900000 -0.400000
v 0.500000 2.900000 -0.300000
v 0.400000 2.900000 -0.300000
v 0.200000 2.900000 -0.300000
v -0.200000 2.900000 -0.300000
v -0.400000 2.900000 -0.300000
v -0.500000 2.900000 -0.300000
v 0.600000 2.900000 -0.200000
v 0.500000 2.900000 -0.200000
v 0.400000 2.900000 -0.200000
v -0.400000 2.900000 -0.200000
v -0.500000 2.900000 -0.200000
v -0.600000 2.900000 -0.200000
v 0.600000 2.900000 0.200000
v 0.500000 2.900000 0.200000
v 0.400000 2.900000 0.200000
v -0.400000 2.900000 0.200000
v -0.500000 2.900000 0.200000
v -0.600000 2.900000 0.200000
v 0.500000 2.900000 0.300000
v 0.400000 2.900000 0.300000
v -0.400000 2.900000 0.300000
v -0.500000 2.900000 0.300000
v 0.400000 3.000000 -0.300000
v 0.200000 3.000000 -0.300000
v -0.200000 3.000000 -0.300000
v -0.400000 3.000000 -0.300000
v 0.500000 3.000000 -0.200000
v 0.400000 3.000000 -0.200000
v 0.200000 3.000000 -0.200000
v -0.200000 3.000000 -0.200000
v -0.400000 3.000000 -0.200000
v -0.500000 3.000000 -0.200000
v 0.500000 3.000000 -0.100000
v 0.400000 3.000000 -0.100000
v -0.400000 3.000000 -0.100000
v -0.500000 3.000000 -0.100000
v 0.500000 3.000000 0.100000
v 0.400000 3.000000 0.100000
v -0.400000 3.000000 0.100000
v -0.500000 3.000000 0.100000
v 0.500000 3.000000 0.200000
v 0.400000 3.000000 0.200000
v 0.200000 3.000000 0.200000
v -0.200000 3.000000 0.200000
v -0.400000 3.000000 0.200000
v -0.500000 3.000000 0.200000
v 0.400000 3.000000 0.300000
v 0.200000 3.000000 0.300000
v -0.200000 3.000000 0.300000
v -0.400000 3.000000 0.300000
v 0.200000 3.100000 -0.300000
v -0.200000 3.100000 -0.300000
v 0.400000 3.100000 -0.200000
v 0.200000 3.100000 -0.200000
v -0.200000 3.100000 -0.200000
v -0.400000 3.100000 -0.200000
v 0.500000 3.100000 -0.100000
v 0.400000 3.100000 -0.100000
v 0.300000 3.100000 -0.100000
v 0.200000 3.100000 -0.100000
v -0.200000 3.100000 -0.100000
v -0.300000 3.100000 -0.100000
v -0.400000 3.100000 -0.100000
v -0.500000 3.100000 -0.100000
v 0.500000 3.100000 0.100000
v 0.400000 3.100000 0.100000
v 0.300000 3.100000 0.100000
v 0.200000 3.100000 0.100000
v -0.200000 3.100000 0.100000
v -0.300000 3.100000 0.100000
v -0.400000 3.100000 0.100000
v -0.500000 3.100000 0.100000
v 0.400000 3.100000 0.200000
v 0.200000 3.100000 0.200000
v -0.200000 3.100000 0.200000
v -0.400000 3.100000 0.200000
v 0.200000 3.100000 0.300000
v -0.200000 3.100000 0.300000
v 0.200000 3.200000 -0.200000
v -0.200000 3.200000 -0.200000
v 0.300000 3.200000 -0.100000
v 0.200000 3.200000 -0.100000
v 0.100000 3.200000 -0.100000
v -0.100000 3.200000 -0.100000
v -0.200000 3.200000 -0.100000
v -0.300000 3.200000 -0.100000
v 0.300000 3.200000 0.100000
v 0.200000 3.200000 0.100000
v 0.100000 3.200000 0.100000
v -0.100000 3.200000 0.100000
v -0.200000 3.200000 0.100000
v -0.300000 3.200000 0.100000
v 0.200000 3.200000 0.200000
v -0.200000 3.200000 0.200000
v 0.100000 3.300000 -0.100000
v -0.100000 3.300000 -0.100000
v 0.100000 3.300000 0.100000
v -0.100000 3.300000 0.100000
vn 1.0000 -0.0000 -0.0000
vn -1.0000 -0.0000 -0.0000
vn -0.0000 -0.0000 -1.0000
vn -0.0000 -0.0000 1.0000
vn -0.0000 -1.0000 -0.0000
vn -0.0000 1.0000 -0.0000
vt 0.150391 0.500000
vt 0.154297 0.500000
vt 0.982422 0.500000
vt 0.130859 0.500000
vt 0.986328 0.500000
vt 0.990234 0.500000
vt 0.958984 0.500000
s 1
usemtl palette
f 5/1/1 2/1/1 1/1/1
f 6/2/1 3/2/1 2/2/1
f 6/1/1 2/1/1 5/1/1
f 7/1/1 4/1/1 3/1/1
f 7/2/1 3/2/1 6/2/1
f 8/1/1 4/1/1 7/1/1
f 9/1/1 7/1/1 6/1/1
f 10/1/1 7/1/1 9/1/1
f 15/2/1 12/2/1 11/2/1
f 16/2/1 12/2/1 15/2/1
f 19/2/1 14/2/1 13/2/1
f 20/2/1 14/2/1 19/2/1
f 21/1/1 17/1/1 16/1/1
f 21/1/1 16/1/1 15/1/1
f 22/1/1 17/1/1 21/1/1
f 23/1/1 20/1/1 19/1/1
f 23/1/1 19/1/1 18/1/1
f 24/1/1 20/1/1 23/1/1
f 25/1/1 23/1/1 22/1/1
f 26/1/1 23/1/1 25/1/1
f 33/1/1 28/1/1 27/1/1
f 34/2/1 29/2/1 28/2/1
f 34/1/1 28/1/1 33/1/1
f 35/2/1 29/2/1 34/2/1
f 36/2/1 31/2/1 30/2/1
f 37/1/1 32/1/1 31/1/1
f 37/2/1 31/2/1 36/2/1
f 38/1/1 32/1/1 37/1/1
f 43/1/1 40/1/1 39/1/1
f 44/1/1 40/1/1 43/1/1
f 47/1/1 42/1/1 41/1/1
f 48/1/1 42/1/1 47/1/1
f 49/1/1 46/1/1 45/1/1
f 50/1/1 46/1/1 49/1/1
f 55/2/1 52/2/1 51/2/1
f 56/2/1 52/2/1 55/2/1
f 57/2/1 52/2/1 56/2/1
f 58/2/1 54/2/1 53/2/1
f 59/2/1 54/2/1 58/2/1
f 60/2/1 54/2/1 59/2/1
f 65/1/1 62/1/1 61/1/1
f 66/1/1 62/1/1 65/1/1
f 67/1/1 64/1/1 63/1/1
f 68/1/1 64/1/1 67/1/1
f 73/2/1 70/2/1 69/2/1
f 74/2/1 70/2/1 73/2/1
f 75/2/1 72/2/1 71/2/1
f 76/2/1 72/2/1 75/2/1
f 81/3/1 78/3/1 77/3/1
f 82/3/1 78/3/1 81/3/1
f 83/3/1 80/3/1 79/3/1
f 84/3/1 80/3/1 83/3/1
f 90/2/1 86/2/1 85/2/1
f 91/2/1 86/2/1 90/2/1
f 92/2/1 88/2/1 87/2/1
f 93/2/1 88/2/1 92/2/1
f 95/2/1 90/2/1 89/2/1
f 96/3/1 91/3/1 90/3/1
f 96/2/1 90/2/1 95/2/1
f 97/3/1 91/3/1 96/3/1
f 98/3/1 93/3/1 92/3/1
f 99/2/1 94/2/1 93/2/1
f 99/3/1 93/3/1 98/3/1
f 100/2/1 94/2/1 99/2/1
f 105/3/1 102/3/1 101/3/1
f 106/3/1 102/3/1 105/3/1
f 107/3/1 104/3/1 103/3/1
f 108/3/1 104/3/1 107/3/1
f 113/2/1 110/2/1 109/2/1
f 114/2/1 110/2/1 113/2/1
f 117/2/1 112/2/1 111/2/1
f 118/2/1 112/2/1 117/2/1
f 120/3/1 116/3/1 115/3/1
f 121/3/1 116/3/1 120/3/1
f 123/3/1 120/3/1 119/3/1
f 123/3/1 122/3/1 121/3/1
f 123/3/1 121/3/1 120/3/1
f 124/3/1 122/3/1 123/3/1
f 125/3/1 123/3/1 119/3/1
f 126/3/1 123/3/1 125/3/1
f 127/3/1 122/3/1 124/3/1
f 128/3/1 122/3/1 127/3/1
f 131/3/1 130/3/1 129/3/1
f 132/3/1 130/3/1 131/3/1
f 136/4/1 134/4/1 133/4/1
f 137/4/1 134/4/1 136/4/1
f 140/4/1 136/4/1 135/4/1
f 140/4/1 138/4/1 137/4/1
f 140/4/1 137/4/1 136/4/1
f 141/4/1 138/4/1 140/4/1
f 144/4/1 140/4/1 139/4/1
f 144/4/1 142/4/1 141/4/1
f 144/4/1 141/4/1 140/4/1
f 145/4/1 142/4/1 144/4/1
f 147/4/1 144/4/1 143/4/1
f 147/4/1 146/4/1 145/4/1
f 147/4/1 145/4/1 144/4/1
f 148/4/1 146/4/1 147/4/1
f 149/4/1 146/4/1 148/4/1
f 150/4/1 146/4/1 149/4/1
f 151/2/1 149/2/1 148/2/1
f 152/2/1 149/2/1 151/2/1
f 155/3/1 154/3/1 153/3/1
f 156/3/1 154/3/1 155/3/1
f 160/1/1 158/1/1 157/1/1
f 161/1/1 158/1/1 160/1/1
f 162/1/1 158/1/1 161/1/1
f 163/1/1 158/1/1 162/1/1
f 164/1/1 158/1/1 163/1/1
f 165/1/1 158/1/1 164/1/1
f 167/1/1 160/1/1 159/1/1
f 167/1/1 161/1/1 160/1/1
f 168/4/1 162/4/1 161/4/1
f 168/1/1 161/1/1 167/1/1
f 169/4/1 162/4/1 168/4/1
f 170/4/1 164/4/1 163/4/1
f 171/1/1 166/1/1 165/1/1
f 171/4/1 164/4/1 170/4/1
f 171/1/1 165/1/1 164/1/1
f 172/1/1 166/1/1 171/1/1
f 174/1/1 167/1/1 159/1/1
f 175/4/1 168/4/1 167/4/1
f 175/1/1 167/1/1 174/1/1
f 176/4/1 168/4/1 175/4/1
f 177/4/1 172/4/1 171/4/1
f 178/1/1 166/1/1 172/1/1
f 178/4/1 172/4/1 177/4/1
f 179/1/1 166/1/1 178/1/1
f 181/4/1 174/4/1 173/4/1
f 181/4/1 175/4/1 174/4/1
f 182/4/1 175/4/1 181/4/1
f 183/4/1 180/4/1 179/4/1
f 183/4/1 179/4/1 178/4/1
f 184/4/1 180/4/1 183/4/1
f 185/4/1 181/4/1 173/4/1
f 186/4/1 180/4/1 184/4/1
f 187/4/1 185/4/1 173/4/1
f 188/4/1 185/4/1 187/4/1
f 189/4/1 180/4/1 186/4/1
f 190/4/1 180/4/1 189/4/1
f 194/1/1 192/1/1 191/1/1
f 195/1/1 192/1/1 194/1/1
f 196/1/1 192/1/1 195/1/1
f 197/1/1 192/1/1 196/1/1
f 199/1/1 194/1/1 193/1/1
f 199/1/1 195/1/1 194/1/1
f 200/1/1 195/1/1 199/1/1
f 201/1/1 198/1/1 197/1/1
f 201/1/1 197/1/1 196/1/1
f 202/1/1 198/1/1 201/1/1
f 204/1/1 199/1/1 193/1/1
f 205/1/1 199/1/1 204/1/1
f 206/1/1 198/1/1 202/1/1
f 207/1/1 198/1/1 206/1/1
f 209/4/1 204/4/1 203/4/1
f 210/4/1 204/4/1 209/4/1
f 211/4/1 208/4/1 207/4/1
f 212/4/1 208/4/1 211/4/1
f 217/4/1 214/4/1 213/4/1
f 218/4/1 214/4/1 217/4/1
f 219/4/1 216/4/1 215/4/1
f 220/4/1 216/4/1 219/4/1
f 223/2/1 222/2/1 221/2/1
f 224/2/1 222/2/1 223/2/1
f 230/1/1 226/1/1 225/1/1
f 231/5/1 227/5/1 226/5/1
f 231/1/1 226/1/1 230/1/1
f 232/1/1 228/1/1 227/1/1
f 232/5/1 227/5/1 231/5/1
f 233/1/1 228/1/1 232/1/1
f 235/1/1 230/1/1 229/1/1
f 236/1/1 230/1/1 235/1/1
f 237/1/1 234/1/1 233/1/1
f 238/1/1 234/1/1 237/1/1
f 243/1/1 240/1/1 239/1/1
f 244/1/1 240/1/1 243/1/1
f 245/1/1 242/1/1 241/1/1
f 246/1/1 242/1/1 245/1/1
f 247/4/1 244/4/1 243/4/1
f 248/4/1 244/4/1 247/4/1
f 249/4/1 246/4/1 245/4/1
f 250/4/1 246/4/1 249/4/1
f 255/4/1 252/4/1 251/4/1
f 256/4/1 252/4/1 255/4/1
f 257/4/1 254/4/1 253/4/1
f 258/4/1 254/4/1 257/4/1
f 263/4/1 260/4/1 259/4/1
f 264/4/1 260/4/1 263/4/1
f 265/4/1 262/4/1 261/4/1
f 266/4/1 262/4/1 265/4/1
f 269/4/1 268/4/1 267/4/1
f 270/4/1 268/4/1 269/4/1
f 273/2/1 272/2/1 271/2/1
f 274/2/1 272/2/1 273/2/1
f 276/2/1 273/2/1 271/2/1
f 277/2/1 272/2/1 274/2/1
f 279/2/1 276/2/1 275/2/1
f 280/2/1 273/2/1 276/2/1
f 280/2/1 276/2/1 279/2/1
f 281/2/1 277/2/1 274/2/1
f 281/2/1 278/2/1 277/2/1
f 282/2/1 278/2/1 281/2/1
f 283/2/1 273/2/1 280/2/1
f 284/2/1 281/2/1 274/2/1
f 285/2/1 283/2/1 280/2/1
f 285/2/1 284/2/1 283/2/1
f 286/2/1 281/2/1 284/2/1
f 286/2/1 284/2/1 285/2/1
f 293/6/1 288/6/1 287/6/1
f 294/6/1 288/6/1 293/6/1
f 295/6/1 290/6/1 289/6/1
f 296/6/1 290/6/1 295/6/1
f 299/1/1 292/1/1 291/1/1
f 300/1/1 292/1/1 299/1/1
f 301/1/1 298/1/1 297/1/1
f 302/1/1 298/1/1 301/1/1
f 307/4/1 304/4/1 303/4/1
f 308/4/1 304/4/1 307/4/1
f 309/4/1 306/4/1 305/4/1
f 310/4/1 306/4/1 309/4/1
f 315/4/1 312/4/1 311/4/1
f 316/4/1 312/4/1 315/4/1
f 317/4/1 314/4/1 313/4/1
f 318/4/1 314/4/1 317/4/1
f 323/4/1 320/4/1 319/4/1
f 324/4/1 320/4/1 323/4/1
f 329/4/1 322/4/1 321/4/1
f 330/4/1 322/4/1 329/4/1
f 331/4/1 326/4/1 325/4/1
f 332/4/1 326/4/1 331/4/1
f 333/4/1 328/4/1 327/4/1
f 334/4/1 328/4/1 333/4/1
f 336/2/1 333/2/1 332/2/1
f 337/2/1 333/2/1 336/2/1
f 339/2/1 336/2/1 335/2/1
f 340/2/1 336/2/1 339/2/1
f 341/2/1 338/2/1 337/2/1
f 342/2/1 338/2/1 341/2/1
f 347/2/1 344/2/1 343/2/1
f 348/2/1 344/2/1 347/2/1
f 349/2/1 346/2/1 345/2/1
f 350/2/1 346/2/1 349/2/1
f 351/2/1 349/2/1 348/2/1
f 352/2/1 349/2/1 351/2/1
f 353/2/1 349/2/1 352/2/1
f 354/2/1 349/2/1 353/2/1
f 355/2/1 353/2/1 352/2/1
f 356/2/1 353/2/1 355/2/1
f 361/1/1 358/1/1 357/1/1
f 362/1/1 358/1/1 361/1/1
f 363/1/1 360/1/1 359/1/1
f 364/1/1 360/1/1 363/1/1
f 369/4/1 366/4/1 365/4/1
f 370/4/1 366/4/1 369/4/1
f 371/4/1 368/4/1 367/4/1
f 372/4/1 368/4/1 371/4/1
f 377/4/1 374/4/1 373/4/1
f 378/4/1 374/4/1 377/4/1
f 379/4/1 376/4/1 375/4/1
f 380/4/1 376/4/1 379/4/1
f 385/4/1 382/4/1 381/4/1
f 386/4/1 382/4/1 385/4/1
f 389/4/1 384/4/1 383/4/1
f 390/4/1 384/4/1 389/4/1
f 391/2/1 387/2/1 386/2/1
f 392/2/1 387/2/1 391/2/1
f 393/2/1 389/2/1 388/2/1
f 394/2/1 389/2/1 393/2/1
f 397/2/1 396/2/1 395/2/1
f 398/2/1 396/2/1 397/2/1
f 403/2/1 400/2/1 399/2/1
f 404/2/1 400/2/1 403/2/1
f 407/2/1 402/2/1 401/2/1
f 408/2/1 402/2/1 407/2/1
f 409/2/1 405/2/1 404/2/1
f 410/2/1 405/2/1 409/2/1
f 411/2/1 407/2/1 406/2/1
f 412/2/1 407/2/1 411/2/1
f 417/1/1 414/1/1 413/1/1
f 418/1/1 414/1/1 417/1/1
f 419/1/1 416/1/1 415/1/1
f 420/1/1 416/1/1 419/1/1
f 425/4/1 422/4/1 421/4/1
f 426/4/1 422/4/1 425/4/1
f 427/4/1 424/4/1 423/4/1
f 428/4/1 424/4/1 427/4/1
f 431/2/1 430/2/1 429/2/1
f 432/2/1 430/2/1 431/2/1
f 435/2/1 434/2/1 433/2/1
f 436/2/1 434/2/1 435/2/1
f 441/2/1 440/2/1 439/2/1
f 442/2/1 440/2/1 441/2/1
f 443/7/1 438/7/1 437/7/1
f 444/7/1 438/7/1 443/7/1
f 447/2/1 446/2/1 445/2/1
f 448/2/1 446/2/1 447/2/1
f 453/2/1 450/2/1 449/2/1
f 454/2/1 450/2/1 453/2/1
f 455/2/1 452/2/1 451/2/1
f 456/2/1 452/2/1 455/2/1
f 459/2/1 458/2/1 457/2/1
f 460/2/1 458/2/1 459/2/1
f 463/2/1 462/2/1 461/2/1
f 464/2/1 462/2/1 463/2/1
f 467/2/1 466/2/1 465/2/1
f 468/2/1 466/2/1 467/2/1
f 473/2/1 470/2/1 469/2/1
f 474/2/1 470/2/1 473/2/1
f 477/2/1 472/2/1 471/2/1
f 478/2/1 472/2/1 477/2/1
f 479/2/1 475/2/1 474/2/1
f 480/2/1 475/2/1 479/2/1
f 481/2/1 477/2/1 476/2/1
f 482/2/1 477/2/1 481/2/1
f 485/2/1 484/2/1 483/2/1
f 486/2/1 484/2/1 485/2/1
f 489/2/1 488/2/1 487/2/1
f 490/2/1 488/2/1 489/2/1
f 493/2/1 492/2/1 491/2/1
f 494/2/1 492/2/1 493/2/1
f 497/2/1 496/2/1 495/2/1
f 498/2/1 496/2/1 497/2/1
f 503/4/1 500/4/1 499/4/1
f 504/4/1 500/4/1 503/4/1
f 505/1/1 502/1/1 501/1/1
f 506/1/1 502/1/1 505/1/1
f 509/2/1 508/2/1 507/2/1
f 510/2/1 508/2/1 509/2/1
f 513/2/1 512/2/1 511/2/1
f 514/2/1 512/2/1 513/2/1
f 519/1/1 516/1/1 515/1/1
f 520/1/1 516/1/1 519/1/1
f 521/1/1 518/1/1 517/1/1
f 522/1/1 518/1/1 521/1/1
f 525/2/1 524/2/1 523/2/1
f 526/2/1 524/2/1 525/2/1
f 529/2/1 528/2/1 527/2/1
f 530/2/1 528/2/1 529/2/1
f 535/1/1 532/1/1 531/1/1
f 536/1/1 532/1/1 535/1/1
f 537/1/1 534/1/1 533/1/1
f 538/1/1 534/1/1 537/1/1
f 543/4/1 540/4/1 539/4/1
f 544/4/1 540/4/1 543/4/1
f 545/4/1 542/4/1 541/4/1
f 546/4/1 542/4/1 545/4/1
f 549/2/1 548/2/1 547/2/1
f 550/2/1 548/2/1 549/2/1
f 553/2/1 552/2/1 551/2/1
f 554/2/1 552/2/1 553/2/1
f 557/2/1 556/2/1 555/2/1
f 558/2/1 556/2/1 557/2/1
f 563/1/1 560/1/1 559/1/1
f 564/5/1 561/5/1 560/5/1
f 564/1/1 560/1/1 563/1/1
f 565/1/1 562/1/1 561/1/1
f 565/5/1 561/5/1 564/5/1
f 566/1/1 562/1/1 565/1/1
f 571/1/1 568/1/1 567/1/1
f 572/1/1 568/1/1 571/1/1
f 573/1/1 570/1/1 569/1/1
f 574/1/1 570/1/1 573/1/1
f 579/4/1 576/4/1 575/4/1
f 580/4/1 576/4/1 579/4/1
f 581/4/1 578/4/1 577/4/1
f 582/4/1 578/4/1 581/4/1
f 585/2/1 584/2/1 583/2/1
f 586/2/1 584/2/1 585/2/1
f 592/1/1 588/1/1 587/1/1
f 593/1/1 588/1/1 592/1/1
f 594/1/1 590/1/1 589/1/1
f 595/1/1 590/1/1 594/1/1
f 598/1/1 592/1/1 591/1/1
f 599/1/1 592/1/1 598/1/1
f 600/1/1 596/1/1 595/1/1
f 601/1/1 596/1/1 600/1/1
f 603/1/1 602/1/1 601/1/1
f 604/1/1 598/1/1 597/1/1
f 605/1/1 598/1/1 604/1/1
f 606/1/1 603/1/1 601/1/1
f 607/1/1 603/1/1 606/1/1
f 608/4/1 605/4/1 604/4/1
f 609/4/1 605/4/1 608/4/1
f 610/4/1 607/4/1 606/4/1
f 611/4/1 607/4/1 610/4/1
f 616/4/1 613/4/1 612/4/1
f 617/4/1 613/4/1 616/4/1
f 620/4/1 615/4/1 614/4/1
f 621/4/1 615/4/1 620/4/1
f 622/4/1 619/4/1 618/4/1
f 623/4/1 619/4/1 622/4/1
f 627/1/1 625/1/1 624/1/1
f 628/1/1 625/1/1 627/1/1
f 629/1/1 625/1/1 628/1/1
f 630/1/1 625/1/1 629/1/1
f 632/1/1 627/1/1 626/1/1
f 632/1/1 628/1/1 627/1/1
f 633/4/1 629/4/1 628/4/1
f 633/1/1 628/1/1 632/1/1
f 634/1/1 631/1/1 630/1/1
f 634/4/1 629/4/1 633/4/1
f 634/1/1 630/1/1 629/1/1
f 635/1/1 631/1/1 634/1/1
f 636/1/1 632/1/1 626/1/1
f 637/4/1 633/4/1 632/4/1
f 637/1/1 632/1/1 636/1/1
f 637/4/1 634/4/1 633/4/1
f 637/4/1 635/4/1 634/4/1
f 638/1/1 631/1/1 635/1/1
f 638/4/1 635/4/1 637/4/1
f 639/1/1 631/1/1 638/1/1
f 641/4/1 637/4/1 636/4/1
f 641/4/1 638/4/1 637/4/1
f 641/4/1 639/4/1 638/4/1
f 642/4/1 639/4/1 641/4/1
f 644/4/1 642/4/1 641/4/1
f 644/4/1 643/4/1 642/4/1
f 644/4/1 641/4/1 640/4/1
f 645/4/1 643/4/1 644/4/1
f 646/4/1 644/4/1 640/4/1
f 647/4/1 644/4/1 646/4/1
f 648/4/1 643/4/1 645/4/1
f 649/4/1 643/4/1 648/4/1
f 650/4/1 646/4/1 640/4/1
f 651/4/1 643/4/1 649/4/1
f 652/4/1 650/4/1 640/4/1
f 653/4/1 650/4/1 652/4/1
f 654/2/1 651/2/1 650/2/1
f 654/4/1 650/4/1 653/4/1
f 655/2/1 651/2/1 654/2/1
f 656/2/1 651/2/1 655/2/1
f 657/4/1 643/4/1 651/4/1
f 657/2/1 651/2/1 656/2/1
f 658/4/1 643/4/1 657/4/1
f 659/4/1 643/4/1 658/4/1
f 660/4/1 654/4/1 653/4/1
f 660/4/1 655/4/1 654/4/1
f 661/2/1 656/2/1 655/2/1
f 661/4/1 655/4/1 660/4/1
f 662/4/1 658/4/1 657/4/1
f 662/2/1 656/2/1 661/2/1
f 662/4/1 657/4/1 656/4/1
f 663/4/1 658/4/1 662/4/1
f 666/1/1 665/1/1 664/1/1
f 667/1/1 665/1/1 666/1/1
f 671/2/1 669/2/1 668/2/1
f 672/2/1 669/2/1 671/2/1
f 674/2/1 671/2/1 670/2/1
f 675/4/1 672/4/1 671/4/1
f 675/2/1 671/2/1 674/2/1
f 676/2/1 673/2/1 672/2/1
f 676/4/1 672/4/1 675/4/1
f 677/2/1 673/2/1 676/2/1
f 680/1/1 679/1/1 678/1/1
f 681/1/1 679/1/1 680/1/1
f 686/2/1 683/2/1 682/2/1
f 687/2/1 683/2/1 686/2/1
f 690/2/1 685/2/1 684/2/1
f 691/2/1 685/2/1 690/2/1
f 692/1/1 688/1/1 687/1/1
f 692/1/1 687/1/1 686/1/1
f 693/1/1 688/1/1 692/1/1
f 694/1/1 691/1/1 690/1/1
f 694/1/1 690/1/1 689/1/1
f 695/1/1 691/1/1 694/1/1
f 698/1/1 697/1/1 696/1/1
f 699/1/1 697/1/1 698/1/1
f 704/2/1 701/2/1 700/2/1
f 705/2/1 701/2/1 704/2/1
f 706/2/1 703/2/1 702/2/1
f 707/2/1 703/2/1 706/2/1
f 708/1/1 705/1/1 704/1/1
f 709/1/1 705/1/1 708/1/1
f 710/1/1 707/1/1 706/1/1
f 711/1/1 707/1/1 710/1/1
f 716/1/1 713/1/1 712/1/1
f 717/1/1 713/1/1 716/1/1
f 718/1/1 715/1/1 714/1/1
f 719/1/1 715/1/1 718/1/1
f 722/1/1 721/1/1 720/1/1
f 723/1/1 721/1/1 722/1/1
f 728/1/1 725/1/1 724/1/1
f 729/1/1 725/1/1 728/1/1
f 730/1/1 727/1/1 726/1/1
f 731/1/1 727/1/1 730/1/1
f 736/1/1 733/1/1 732/1/1
f 737/1/1 733/1/1 736/1/1
f 740/1/1 735/1/1 734/1/1
f 741/1/1 735/1/1 740/1/1
f 742/1/1 738/1/1 737/1/1
f 743/1/1 738/1/1 742/1/1
f 744/1/1 740/1/1 739/1/1
f 745/1/1 740/1/1 744/1/1
f 750/1/1 747/1/1 746/1/1
f 751/1/1 747/1/1 750/1/1
f 752/1/1 749/1/1 748/1/1
f 753/1/1 749/1/1 752/1/1
f 758/3/1 755/3/1 754/3/1
f 759/3/1 755/3/1 758/3/1
f 760/3/1 757/3/1 756/3/1
f 761/3/1 757/3/1 760/3/1
f 766/3/1 763/3/1 762/3/1
f 767/3/1 763/3/1 766/3/1
f 768/3/1 765/3/1 764/3/1
f 769/3/1 765/3/1 768/3/1
f 772/2/1 771/2/1 770/2/1
f 773/2/1 771/2/1 772/2/1
f 774/2/2 775/2/2 776/2/2
f 776/2/2 775/2/2 777/2/2
f 778/3/2 779/3/2 782/3/2
f 782/3/2 779/3/2 783/3/2
f 780/3/2 781/3/2 784/3/2
f 784/3/2 781/3/2 785/3/2
f 786/3/2 787/3/2 790/3/2
f 790/3/2 787/3/2 791/3/2
f 788/3/2 789/3/2 792/3/2
f 792/3/2 789/3/2 793/3/2
f 794/1/2 795/1/2 798/1/2
f 798/1/2 795/1/2 799/1/2
f 796/1/2 797/1/2 800/1/2
f 800/1/2 797/1/2 801/1/2
f 802/1/2 803/1/2 806/1/2
f 806/1/2 803/1/2 807/1/2
f 804/1/2 805/1/2 808/1/2
f 808/1/2 805/1/2 809/1/2
f 810/1/2 811/1/2 814/1/2
f 814/1/2 811/1/2 815/1/2
f 812/1/2 813/1/2 818/1/2
f 818/1/2 813/1/2 819/1/2
f 815/1/2 816/1/2 820/1/2
f 820/1/2 816/1/2 821/1/2
f 817/1/2 818/1/2 822/1/2
f 822/1/2 818/1/2 823/1/2
f 824/2/2 825/2/2 828/2/2
f 828/2/2 825/2/2 829/2/2
f 826/2/2 827/2/2 830/2/2
f 830/2/2 827/2/2 831/2/2
f 828/1/2 829/1/2 832/1/2
f 832/1/2 829/1/2 833/1/2
f 830/1/2 831/1/2 834/1/2
f 834/1/2 831/1/2 835/1/2
f 836/1/2 837/1/2 840/1/2
f 840/1/2 837/1/2 841/1/2
f 838/1/2 839/1/2 842/1/2
f 842/1/2 839/1/2 843/1/2
f 844/1/2 845/1/2 846/1/2
f 846/1/2 845/1/2 847/1/2
f 848/2/2 849/2/2 852/2/2
f 852/2/2 849/2/2 853/2/2
f 850/2/2 851/2/2 856/2/2
f 856/2/2 851/2/2 857/2/2
f 853/1/2 854/1/2 858/1/2
f 852/1/2 853/1/2 858/1/2
f 858/1/2 854/1/2 859/1/2
f 856/1/2 857/1/2 860/1/2
f 855/1/2 856/1/2 860/1/2
f 860/1/2 857/1/2 861/1/2
f 862/1/2 863/1/2 864/1/2
f 864/1/2 863/1/2 865/1/2
f 866/2/2 867/2/2 869/2/2
f 869/2/2 867/2/2 870/2/2
f 868/2/2 869/2/2 872/2/2
f 869/4/2 870/4/2 873/4/2
f 872/2/2 869/2/2 873/2/2
f 870/2/2 871/2/2 874/2/2
f 873/4/2 870/4/2 874/4/2
f 874/2/2 871/2/2 875/2/2
f 876/1/2 877/1/2 878/1/2
f 878/1/2 877/1/2 879/1/2
f 880/1/2 881/1/2 883/1/2
f 883/1/2 881/1/2 884/1/2
f 884/1/2 881/1/2 885/1/2
f 885/1/2 881/1/2 886/1/2
f 882/1/2 883/1/2 888/1/2
f 883/1/2 884/1/2 888/1/2
f 884/4/2 885/4/2 889/4/2
f 888/1/2 884/1/2 889/1/2
f 886/1/2 887/1/2 890/1/2
f 889/4/2 885/4/2 890/4/2
f 885/1/2 886/1/2 890/1/2
f 890/1/2 887/1/2 891/1/2
f 882/1/2 888/1/2 892/1/2
f 888/4/2 889/4/2 893/4/2
f 892/1/2 888/1/2 893/1/2
f 889/4/2 890/4/2 893/4/2
f 890/4/2 891/4/2 893/4/2
f 891/1/2 887/1/2 894/1/2
f 893/4/2 891/4/2 894/4/2
f 894/1/2 887/1/2 895/1/2
f 892/4/2 893/4/2 897/4/2
f 893/4/2 894/4/2 897/4/2
f 894/4/2 895/4/2 897/4/2
f 897/4/2 895/4/2 898/4/2
f 897/4/2 898/4/2 900/4/2
f 898/4/2 899/4/2 900/4/2
f 896/4/2 897/4/2 900/4/2
f 900/4/2 899/4/2 901/4/2
f 896/4/2 900/4/2 902/4/2
f 902/4/2 900/4/2 903/4/2
f 901/4/2 899/4/2 904/4/2
f 904/4/2 899/4/2 905/4/2
f 896/4/2 902/4/2 906/4/2
f 905/4/2 899/4/2 907/4/2
f 896/4/2 906/4/2 908/4/2
f 908/4/2 906/4/2 909/4/2
f 906/2/2 907/2/2 910/2/2
f 909/4/2 906/4/2 910/4/2
f 910/2/2 907/2/2 911/2/2
f 911/2/2 907/2/2 912/2/2
f 907/4/2 899/4/2 913/4/2
f 912/2/2 907/2/2 913/2/2
f 913/4/2 899/4/2 914/4/2
f 914/4/2 899/4/2 915/4/2
f 909/4/2 910/4/2 916/4/2
f 910/4/2 911/4/2 916/4/2
f 911/2/2 912/2/2 917/2/2
f 916/4/2 911/4/2 917/4/2
f 913/4/2 914/4/2 918/4/2
f 917/2/2 912/2/2 918/2/2
f 912/4/2 913/4/2 918/4/2
f 918/4/2 914/4/2 919/4/2
f 920/1/2 921/1/2 922/1/2
f 922/1/2 921/1/2 923/1/2
f 924/1/2 925/1/2 929/1/2
f 929/1/2 925/1/2 930/1/2
f 926/1/2 927/1/2 931/1/2
f 931/1/2 927/1/2 932/1/2
f 928/1/2 929/1/2 935/1/2
f 935/1/2 929/1/2 936/1/2
f 932/1/2 933/1/2 937/1/2
f 937/1/2 933/1/2 938/1/2
f 934/1/2 935/1/2 940/1/2
f 938/1/2 939/1/2 941/1/2
f 940/1/2 935/1/2 942/1/2
f 942/1/2 935/1/2 943/1/2
f 938/1/2 941/1/2 944/1/2
f 944/1/2 941/1/2 945/1/2
f 942/4/2 943/4/2 946/4/2
f 946/4/2 943/4/2 947/4/2
f 944/4/2 945/4/2 948/4/2
f 948/4/2 945/4/2 949/4/2
f 950/4/2 951/4/2 954/4/2
f 954/4/2 951/4/2 955/4/2
f 952/4/2 953/4/2 958/4/2
f 958/4/2 953/4/2 959/4/2
f 956/4/2 957/4/2 960/4/2
f 960/4/2 957/4/2 961/4/2
f 962/1/2 963/1/2 966/1/2
f 963/5/2 964/5/2 967/5/2
f 966/1/2 963/1/2 967/1/2
f 964/1/2 965/1/2 968/1/2
f 967/5/2 964/5/2 968/5/2
f 968/1/2 965/1/2 969/1/2
f 970/1/2 971/1/2 974/1/2
f 974/1/2 971/1/2 975/1/2
f 972/1/2 973/1/2 976/1/2
f 976/1/2 973/1/2 977/1/2
f 978/4/2 979/4/2 982/4/2
f 982/4/2 979/4/2 983/4/2
f 980/4/2 981/4/2 984/4/2
f 984/4/2 981/4/2 985/4/2
f 986/2/2 987/2/2 988/2/2
f 988/2/2 987/2/2 989/2/2
f 990/1/2 991/1/2 994/1/2
f 994/1/2 991/1/2 995/1/2
f 992/1/2 993/1/2 996/1/2
f 996/1/2 993/1/2 997/1/2
f 998/4/2 999/4/2 1002/4/2
f 1002/4/2 999/4/2 1003/4/2
f 1000/4/2 1001/4/2 1004/4/2
f 1004/4/2 1001/4/2 1005/4/2
f 1006/2/2 1007/2/2 1008/2/2
f 1008/2/2 1007/2/2 1009/2/2
f 1010/2/2 1011/2/2 1012/2/2
f 1012/2/2 1011/2/2 1013/2/2
f 1014/2/2 1015/2/2 1016/2/2
f 1016/2/2 1015/2/2 1017/2/2
f 1018/1/2 1019/1/2 1022/1/2
f 1022/1/2 1019/1/2 1023/1/2
f 1020/1/2 1021/1/2 1024/1/2
f 1024/1/2 1021/1/2 1025/1/2
f 1026/2/2 1027/2/2 1028/2/2
f 1028/2/2 1027/2/2 1029/2/2
f 1030/2/2 1031/2/2 1032/2/2
f 1032/2/2 1031/2/2 1033/2/2
f 1034/1/2 1035/1/2 1038/1/2
f 1038/1/2 1035/1/2 1039/1/2
f 1036/1/2 1037/1/2 1040/1/2
f 1040/1/2 1037/1/2 1041/1/2
f 1042/2/2 1043/2/2 1044/2/2
f 1044/2/2 1043/2/2 1045/2/2
f 1046/2/2 1047/2/2 1048/2/2
f 1048/2/2 1047/2/2 1049/2/2
f 1050/2/2 1051/2/2 1052/2/2
f 1052/2/2 1051/2/2 1053/2/2
f 1054/2/2 1055/2/2 1056/2/2
f 1056/2/2 1055/2/2 1057/2/2
f 1058/2/2 1059/2/2 1060/2/2
f 1060/2/2 1059/2/2 1061/2/2
f 1062/2/2 1063/2/2 1064/2/2
f 1064/2/2 1063/2/2 1065/2/2
f 1066/2/2 1067/2/2 1070/2/2
f 1070/2/2 1067/2/2 1071/2/2
f 1068/2/2 1069/2/2 1072/2/2
f 1072/2/2 1069/2/2 1073/2/2
f 1074/2/2 1075/2/2 1076/2/2
f 1076/2/2 1075/2/2 1077/2/2
f 1078/2/2 1079/2/2 1080/2/2
f 1080/2/2 1079/2/2 1081/2/2
f 1082/2/2 1083/2/2 1084/2/2
f 1084/2/2 1083/2/2 1085/2/2
f 1086/2/2 1087/2/2 1090/2/2
f 1090/2/2 1087/2/2 1091/2/2
f 1088/2/2 1089/2/2 1094/2/2
f 1094/2/2 1089/2/2 1095/2/2
f 1091/2/2 1092/2/2 1096/2/2
f 1096/2/2 1092/2/2 1097/2/2
f 1093/2/2 1094/2/2 1098/2/2
f 1098/2/2 1094/2/2 1099/2/2
f 1100/4/2 1101/4/2 1104/4/2
f 1104/4/2 1101/4/2 1105/4/2
f 1102/1/2 1103/1/2 1106/1/2
f 1106/1/2 1103/1/2 1107/1/2
f 1108/4/2 1109/4/2 1112/4/2
f 1112/4/2 1109/4/2 1113/4/2
f 1110/4/2 1111/4/2 1114/4/2
f 1114/4/2 1111/4/2 1115/4/2
f 1116/2/2 1117/2/2 1118/2/2
f 1118/2/2 1117/2/2 1119/2/2
f 1120/2/2 1121/2/2 1122/2/2
f 1122/2/2 1121/2/2 1123/2/2
f 1126/2/2 1127/2/2 1128/2/2
f 1128/2/2 1127/2/2 1129/2/2
f 1124/7/2 1125/7/2 1130/7/2
f 1130/7/2 1125/7/2 1131/7/2
f 1132/2/2 1133/2/2 1134/2/2
f 1134/2/2 1133/2/2 1135/2/2
f 1136/1/2 1137/1/2 1140/1/2
f 1140/1/2 1137/1/2 1141/1/2
f 1138/1/2 1139/1/2 1142/1/2
f 1142/1/2 1139/1/2 1143/1/2
f 1144/4/2 1145/4/2 1148/4/2
f 1148/4/2 1145/4/2 1149/4/2
f 1146/4/2 1147/4/2 1150/4/2
f 1150/4/2 1147/4/2 1151/4/2
f 1152/4/2 1153/4/2 1156/4/2
f 1156/4/2 1153/4/2 1157/4/2
f 1154/4/2 1155/4/2 1158/4/2
f 1158/4/2 1155/4/2 1159/4/2
f 1160/4/2 1161/4/2 1164/4/2
f 1164/4/2 1161/4/2 1165/4/2
f 1162/4/2 1163/4/2 1168/4/2
f 1168/4/2 1163/4/2 1169/4/2
f 1165/2/2 1166/2/2 1170/2/2
f 1170/2/2 1166/2/2 1171/2/2
f 1167/2/2 1168/2/2 1172/2/2
f 1172/2/2 1168/2/2 1173/2/2
f 1174/2/2 1175/2/2 1176/2/2
f 1176/2/2 1175/2/2 1177/2/2
f 1178/2/2 1179/2/2 1182/2/2
f 1182/2/2 1179/2/2 1183/2/2
f 1180/2/2 1181/2/2 1186/2/2
f 1186/2/2 1181/2/2 1187/2/2
f 1183/2/2 1184/2/2 1188/2/2
f 1188/2/2 1184/2/2 1189/2/2
f 1185/2/2 1186/2/2 1190/2/2
f 1190/2/2 1186/2/2 1191/2/2
f 1192/6/2 1193/6/2 1198/6/2
f 1198/6/2 1193/6/2 1199/6/2
f 1194/6/2 1195/6/2 1200/6/2
f 1200/6/2 1195/6/2 1201/6/2
f 1196/4/2 1197/4/2 1204/4/2
f 1204/4/2 1197/4/2 1205/4/2
f 1202/1/2 1203/1/2 1206/1/2
f 1206/1/2 1203/1/2 1207/1/2
f 1208/4/2 1209/4/2 1212/4/2
f 1212/4/2 1209/4/2 1213/4/2
f 1210/4/2 1211/4/2 1214/4/2
f 1214/4/2 1211/4/2 1215/4/2
f 1216/4/2 1217/4/2 1220/4/2
f 1220/4/2 1217/4/2 1221/4/2
f 1218/4/2 1219/4/2 1222/4/2
f 1222/4/2 1219/4/2 1223/4/2
f 1224/4/2 1225/4/2 1228/4/2
f 1228/4/2 1225/4/2 1229/4/2
f 1226/4/2 1227/4/2 1234/4/2
f 1234/4/2 1227/4/2 1235/4/2
f 1230/4/2 1231/4/2 1236/4/2
f 1236/4/2 1231/4/2 1237/4/2
f 1232/4/2 1233/4/2 1238/4/2
f 1238/4/2 1233/4/2 1239/4/2
f 1237/2/2 1238/2/2 1241/2/2
f 1241/2/2 1238/2/2 1242/2/2
f 1240/2/2 1241/2/2 1244/2/2
f 1244/2/2 1241/2/2 1245/2/2
f 1242/2/2 1243/2/2 1246/2/2
f 1246/2/2 1243/2/2 1247/2/2
f 1248/2/2 1249/2/2 1252/2/2
f 1252/2/2 1249/2/2 1253/2/2
f 1250/2/2 1251/2/2 1254/2/2
f 1254/2/2 1251/2/2 1255/2/2
f 1253/2/2 1254/2/2 1256/2/2
f 1256/2/2 1254/2/2 1257/2/2
f 1257/2/2 1254/2/2 1258/2/2
f 1258/2/2 1254/2/2 1259/2/2
f 1257/2/2 1258/2/2 1260/2/2
f 1260/2/2 1258/2/2 1261/2/2
f 1262/1/2 1263/1/2 1267/1/2
f 1263/5/2 1264/5/2 1268/5/2
f 1267/1/2 1263/1/2 1268/1/2
f 1264/1/2 1265/1/2 1269/1/2
f 1268/5/2 1264/5/2 1269/5/2
f 1269/1/2 1265/1/2 1270/1/2
f 1266/1/2 1267/1/2 1272/1/2
f 1272/1/2 1267/1/2 1273/1/2
f 1270/1/2 1271/1/2 1274/1/2
f 1274/1/2 1271/1/2 1275/1/2
f 1278/1/2 1279/1/2 1280/1/2
f 1280/1/2 1279/1/2 1281/1/2
f 1276/4/2 1277/4/2 1282/4/2
f 1282/4/2 1277/4/2 1283/4/2
f 1280/4/2 1281/4/2 1284/4/2
f 1284/4/2 1281/4/2 1285/4/2
f 1286/4/2 1287/4/2 1290/4/2
f 1290/4/2 1287/4/2 1291/4/2
f 1288/4/2 1289/4/2 1292/4/2
f 1292/4/2 1289/4/2 1293/4/2
f 1294/4/2 1295/4/2 1298/4/2
f 1298/4/2 1295/4/2 1299/4/2
f 1296/4/2 1297/4/2 1300/4/2
f 1300/4/2 1297/4/2 1301/4/2
f 1302/4/2 1303/4/2 1304/4/2
f 1304/4/2 1303/4/2 1305/4/2
f 1306/2/2 1307/2/2 1308/2/2
f 1308/2/2 1307/2/2 1309/2/2
f 1306/2/2 1308/2/2 1311/2/2
f 1309/2/2 1307/2/2 1312/2/2
f 1310/2/2 1311/2/2 1314/2/2
f 1311/2/2 1308/2/2 1315/2/2
f 1314/2/2 1311/2/2 1315/2/2
f 1309/2/2 1312/2/2 1316/2/2
f 1312/2/2 1313/2/2 1316/2/2
f 1316/2/2 1313/2/2 1317/2/2
f 1315/2/2 1308/2/2 1318/2/2
f 1309/2/2 1316/2/2 1319/2/2
f 1315/2/2 1318/2/2 1320/2/2
f 1318/2/2 1319/2/2 1320/2/2
f 1319/2/2 1316/2/2 1321/2/2
f 1320/2/2 1319/2/2 1321/2/2
f 1322/1/2 1323/1/2 1325/1/2
f 1325/1/2 1323/1/2 1326/1/2
f 1326/1/2 1323/1/2 1327/1/2
f 1327/1/2 1323/1/2 1328/1/2
f 1324/1/2 1325/1/2 1330/1/2
f 1325/1/2 1326/1/2 1330/1/2
f 1330/1/2 1326/1/2 1331/1/2
f 1328/1/2 1329/1/2 1332/1/2
f 1327/1/2 1328/1/2 1332/1/2
f 1332/1/2 1329/1/2 1333/1/2
f 1324/1/2 1330/1/2 1335/1/2
f 1335/1/2 1330/1/2 1336/1/2
f 1333/1/2 1329/1/2 1337/1/2
f 1337/1/2 1329/1/2 1338/1/2
f 1334/4/2 1335/4/2 1340/4/2
f 1340/4/2 1335/4/2 1341/4/2
f 1338/4/2 1339/4/2 1342/4/2
f 1342/4/2 1339/4/2 1343/4/2
f 1344/4/2 1345/4/2 1348/4/2
f 1348/4/2 1345/4/2 1349/4/2
f 1346/4/2 1347/4/2 1350/4/2
f 1350/4/2 1347/4/2 1351/4/2
f 1352/2/2 1353/2/2 1354/2/2
f 1354/2/2 1353/2/2 1355/2/2
f 1356/1/2 1357/1/2 1359/1/2
f 1359/1/2 1357/1/2 1360/1/2
f 1360/1/2 1357/1/2 1361/1/2
f 1361/1/2 1357/1/2 1362/1/2
f 1362/1/2 1357/1/2 1363/1/2
f 1363/1/2 1357/1/2 1364/1/2
f 1358/1/2 1359/1/2 1366/1/2
f 1359/1/2 1360/1/2 1366/1/2
f 1360/4/2 1361/4/2 1367/4/2
f 1366/1/2 1360/1/2 1367/1/2
f 1367/4/2 1361/4/2 1368/4/2
f 1362/4/2 1363/4/2 1369/4/2
f 1364/1/2 1365/1/2 1370/1/2
f 1369/4/2 1363/4/2 1370/4/2
f 1363/1/2 1364/1/2 1370/1/2
f 1370/1/2 1365/1/2 1371/1/2
f 1358/1/2 1366/1/2 1373/1/2
f 1366/4/2 1367/4/2 1374/4/2
f 1373/1/2 1366/1/2 1374/1/2
f 1374/4/2 1367/4/2 1375/4/2
f 1370/4/2 1371/4/2 1376/4/2
f 1371/1/2 1365/1/2 1377/1/2
f 1376/4/2 1371/4/2 1377/4/2
f 1377/1/2 1365/1/2 1378/1/2
f 1372/4/2 1373/4/2 1380/4/2
f 1373/4/2 1374/4/2 1380/4/2
f 1380/4/2 1374/4/2 1381/4/2
f 1378/4/2 1379/4/2 1382/4/2
f 1377/4/2 1378/4/2 1382/4/2
f 1382/4/2 1379/4/2 1383/4/2
f 1372/4/2 1380/4/2 1384/4/2
f 1383/4/2 1379/4/2 1385/4/2
f 1372/4/2 1384/4/2 1386/4/2
f 1386/4/2 1384/4/2 1387/4/2
f 1385/4/2 1379/4/2 1388/4/2
f 1388/4/2 1379/4/2 1389/4/2
f 1390/4/2 1391/4/2 1393/4/2
f 1393/4/2 1391/4/2 1394/4/2
f 1392/4/2 1393/4/2 1397/4/2
f 1394/4/2 1395/4/2 1397/4/2
f 1393/4/2 1394/4/2 1397/4/2
f 1397/4/2 1395/4/2 1398/4/2
f 1396/4/2 1397/4/2 1401/4/2
f 1398/4/2 1399/4/2 1401/4/2
f 1397/4/2 1398/4/2 1401/4/2
f 1401/4/2 1399/4/2 1402/4/2
f 1400/4/2 1401/4/2 1404/4/2
f 1402/4/2 1403/4/2 1404/4/2
f 1401/4/2 1402/4/2 1404/4/2
f 1404/4/2 1403/4/2 1405/4/2
f 1405/4/2 1403/4/2 1406/4/2
f 1406/4/2 1403/4/2 1407/4/2
f 1405/2/2 1406/2/2 1408/2/2
f 1408/2/2 1406/2/2 1409/2/2
f 1410/3/2 1411/3/2 1412/3/2
f 1412/3/2 1411/3/2 1413/3/2
f 1414/2/2 1415/2/2 1418/2/2
f 1418/2/2 1415/2/2 1419/2/2
f 1416/2/2 1417/2/2 1422/2/2
f 1422/2/2 1417/2/2 1423/2/2
f 1420/3/2 1421/3/2 1425/3/2
f 1425/3/2 1421/3/2 1426/3/2
f 1424/3/2 1425/3/2 1428/3/2
f 1426/3/2 1427/3/2 1428/3/2
f 1425/3/2 1426/3/2 1428/3/2
f 1428/3/2 1427/3/2 1429/3/2
f 1424/3/2 1428/3/2 1430/3/2
f 1430/3/2 1428/3/2 1431/3/2
f 1429/3/2 1427/3/2 1432/3/2
f 1432/3/2 1427/3/2 1433/3/2
f 1434/3/2 1435/3/2 1436/3/2
f 1436/3/2 1435/3/2 1437/3/2
f 1438/2/2 1439/2/2 1443/2/2
f 1443/2/2 1439/2/2 1444/2/2
f 1440/2/2 1441/2/2 1445/2/2
f 1445/2/2 1441/2/2 1446/2/2
f 1442/2/2 1443/2/2 1448/2/2
f 1443/3/2 1444/3/2 1449/3/2
f 1448/2/2 1443/2/2 1449/2/2
f 1449/3/2 1444/3/2 1450/3/2
f 1445/3/2 1446/3/2 1451/3/2
f 1446/2/2 1447/2/2 1452/2/2
f 1451/3/2 1446/3/2 1452/3/2
f 1452/2/2 1447/2/2 1453/2/2
f 1454/3/2 1455/3/2 1458/3/2
f 1458/3/2 1455/3/2 1459/3/2
f 1456/3/2 1457/3/2 1460/3/2
f 1460/3/2 1457/3/2 1461/3/2
f 1462/2/2 1463/2/2 1466/2/2
f 1466/2/2 1463/2/2 1467/2/2
f 1464/2/2 1465/2/2 1468/2/2
f 1468/2/2 1465/2/2 1469/2/2
f 1470/3/2 1471/3/2 1474/3/2
f 1474/3/2 1471/3/2 1475/3/2
f 1472/3/2 1473/3/2 1476/3/2
f 1476/3/2 1473/3/2 1477/3/2
f 1478/2/2 1479/2/2 1482/2/2
f 1482/2/2 1479/2/2 1483/2/2
f 1483/2/2 1479/2/2 1484/2/2
f 1480/2/2 1481/2/2 1485/2/2
f 1485/2/2 1481/2/2 1486/2/2
f 1486/2/2 1481/2/2 1487/2/2
f 1488/1/2 1489/1/2 1492/1/2
f 1492/1/2 1489/1/2 1493/1/2
f 1490/1/2 1491/1/2 1494/1/2
f 1494/1/2 1491/1/2 1495/1/2
f 1496/1/2 1497/1/2 1502/1/2
f 1497/2/2 1498/2/2 1503/2/2
f 1502/1/2 1497/1/2 1503/1/2
f 1503/2/2 1498/2/2 1504/2/2
f 1499/2/2 1500/2/2 1505/2/2
f 1500/1/2 1501/1/2 1506/1/2
f 1505/2/2 1500/2/2 1506/2/2
f 1506/1/2 1501/1/2 1507/1/2
f 1508/1/2 1509/1/2 1512/1/2
f 1512/1/2 1509/1/2 1513/1/2
f 1510/1/2 1511/1/2 1516/1/2
f 1516/1/2 1511/1/2 1517/1/2
f 1514/1/2 1515/1/2 1518/1/2
f 1518/1/2 1515/1/2 1519/1/2
f 1520/2/2 1521/2/2 1524/2/2
f 1524/2/2 1521/2/2 1525/2/2
f 1522/2/2 1523/2/2 1528/2/2
f 1528/2/2 1523/2/2 1529/2/2
f 1525/1/2 1526/1/2 1530/1/2
f 1524/1/2 1525/1/2 1530/1/2
f 1530/1/2 1526/1/2 1531/1/2
f 1528/1/2 1529/1/2 1532/1/2
f 1527/1/2 1528/1/2 1532/1/2
f 1532/1/2 1529/1/2 1533/1/2
f 1531/1/2 1532/1/2 1534/1/2
f 1534/1/2 1532/1/2 1535/1/2
f 1536/1/2 1537/1/2 1540/1/2
f 1537/2/2 1538/2/2 1541/2/2
f 1540/1/2 1537/1/2 1541/1/2
f 1538/1/2 1539/1/2 1542/1/2
f 1541/2/2 1538/2/2 1542/2/2
f 1542/1/2 1539/1/2 1543/1/2
f 1541/1/2 1542/1/2 1544/1/2
f 1544/1/2 1542/1/2 1545/1/2
f 1549/4/3 1547/4/3 1546/4/3
f 1550/4/3 1547/4/3 1549/4/3
f 1553/4/3 1549/4/3 1548/4/3
f 1553/4/3 1551/4/3 1550/4/3
f 1553/4/3 1550/4/3 1549/4/3
f 1554/4/3 1551/4/3 1553/4/3
f 1557/4/3 1553/4/3 1552/4/3
f 1557/4/3 1555/4/3 1554/4/3
f 1557/4/3 1554/4/3 1553/4/3
f 1558/4/3 1557/4/3 1556/4/3
f 1559/4/3 1555/4/3 1557/4/3
f 1559/4/3 1557/4/3 1558/4/3
f 1560/4/3 1555/4/3 1559/4/3
f 1561/4/3 1555/4/3 1560/4/3
f 1562/4/3 1555/4/3 1561/4/3
f 1563/4/3 1555/4/3 1562/4/3
f 1564/4/3 1562/4/3 1561/4/3
f 1565/4/3 1562/4/3 1564/4/3
f 1566/4/3 1562/4/3 1565/4/3
f 1567/4/3 1562/4/3 1566/4/3
f 1568/4/3 1566/4/3 1565/4/3
f 1569/4/3 1566/4/3 1568/4/3
f 1574/4/3 1571/4/3 1570/4/3
f 1575/4/3 1571/4/3 1574/4/3
f 1576/4/3 1571/4/3 1575/4/3
f 1577/4/3 1571/4/3 1576/4/3
f 1580/1/3 1573/1/3 1572/1/3
f 1581/4/3 1574/4/3 1573/4/3
f 1581/4/3 1575/4/3 1574/4/3
f 1582/4/3 1575/4/3 1581/4/3
f 1583/4/3 1577/4/3 1576/4/3
f 1583/4/3 1578/4/3 1577/4/3
f 1584/4/3 1578/4/3 1583/4/3
f 1585/4/3 1578/4/3 1584/4/3
f 1587/1/3 1580/1/3 1579/1/3
f 1587/1/3 1573/1/3 1580/1/3
f 1588/4/3 1581/4/3 1573/4/3
f 1588/1/3 1573/1/3 1587/1/3
f 1589/4/3 1581/4/3 1588/4/3
f 1590/4/3 1586/4/3 1585/4/3
f 1590/4/3 1585/4/3 1584/4/3
f 1591/4/3 1586/4/3 1590/4/3
f 1593/1/3 1587/1/3 1579/1/3
f 1594/4/3 1588/4/3 1587/4/3
f 1594/1/3 1587/1/3 1593/1/3
f 1595/4/3 1588/4/3 1594/4/3
f 1596/1/3 1593/1/3 1592/1/3
f 1596/1/3 1594/1/3 1593/1/3
f 1597/1/3 1594/1/3 1596/1/3
f 1598/1/3 1594/1/3 1597/1/3
f 1600/4/3 1598/4/3 1597/4/3
f 1601/4/3 1600/4/3 1599/4/3
f 1602/4/3 1598/4/3 1600/4/3
f 1602/4/3 1600/4/3 1601/4/3
f 1603/4/3 1598/4/3 1602/4/3
f 1605/4/3 1603/4/3 1602/4/3
f 1605/4/3 1604/4/3 1603/4/3
f 1608/4/3 1586/4/3 1591/4/3
f 1609/4/3 1606/4/3 1605/4/3
f 1609/4/3 1605/4/3 1602/4/3
f 1610/4/3 1606/4/3 1609/4/3
f 1611/4/3 1606/4/3 1610/4/3
f 1614/4/3 1608/4/3 1607/4/3
f 1615/4/3 1586/4/3 1608/4/3
f 1615/4/3 1608/4/3 1614/4/3
f 1616/4/3 1586/4/3 1615/4/3
f 1617/4/3 1612/4/3 1611/4/3
f 1617/4/3 1611/4/3 1610/4/3
f 1618/4/3 1612/4/3 1617/4/3
f 1619/4/3 1612/4/3 1618/4/3
f 1620/4/3 1614/4/3 1613/4/3
f 1620/4/3 1615/4/3 1614/4/3
f 1621/4/3 1615/4/3 1620/4/3
f 1622/4/3 1615/4/3 1621/4/3
f 1623/4/3 1619/4/3 1618/4/3
f 1623/4/3 1621/4/3 1620/4/3
f 1623/4/3 1620/4/3 1619/4/3
f 1624/4/3 1621/4/3 1623/4/3
f 1628/1/3 1626/1/3 1625/1/3
f 1629/1/3 1626/1/3 1628/1/3
f 1632/2/3 1628/2/3 1627/2/3
f 1632/2/3 1629/2/3 1628/2/3
f 1633/2/3 1629/2/3 1632/2/3
f 1634/1/3 1630/1/3 1629/1/3
f 1634/2/3 1629/2/3 1633/2/3
f 1635/1/3 1630/1/3 1634/1/3
f 1636/2/3 1633/2/3 1632/2/3
f 1636/2/3 1632/2/3 1631/2/3
f 1637/1/3 1634/1/3 1633/1/3
f 1637/2/3 1633/2/3 1636/2/3
f 1638/1/3 1634/1/3 1637/1/3
f 1639/2/3 1636/2/3 1631/2/3
f 1640/1/3 1637/1/3 1636/1/3
f 1640/2/3 1636/2/3 1639/2/3
f 1641/1/3 1637/1/3 1640/1/3
f 1645/4/3 1643/4/3 1642/4/3
f 1646/4/3 1643/4/3 1645/4/3
f 1647/4/3 1643/4/3 1646/4/3
f 1650/1/3 1645/1/3 1644/1/3
f 1651/1/3 1645/1/3 1650/1/3
f 1652/1/3 1645/1/3 1651/1/3
f 1653/1/3 1645/1/3 1652/1/3
f 1654/4/3 1647/4/3 1646/4/3
f 1654/4/3 1648/4/3 1647/4/3
f 1655/4/3 1648/4/3 1654/4/3
f 1656/1/3 1650/1/3 1649/1/3
f 1656/1/3 1651/1/3 1650/1/3
f 1657/1/3 1651/1/3 1656/1/3
f 1658/4/3 1648/4/3 1655/4/3
f 1659/4/3 1648/4/3 1658/4/3
f 1661/1/3 1656/1/3 1649/1/3
f 1662/1/3 1661/1/3 1660/1/3
f 1663/1/3 1656/1/3 1661/1/3
f 1663/1/3 1661/1/3 1662/1/3
f 1664/1/3 1656/1/3 1663/1/3
f 1667/5/3 1666/5/3 1665/5/3
f 1668/5/3 1666/5/3 1667/5/3
f 1672/1/3 1670/1/3 1669/1/3
f 1672/1/3 1671/1/3 1670/1/3
f 1673/1/3 1671/1/3 1672/1/3
f 1674/1/3 1671/1/3 1673/1/3
f 1678/1/3 1674/1/3 1673/1/3
f 1678/1/3 1675/1/3 1674/1/3
f 1679/1/3 1675/1/3 1678/1/3
f 1680/1/3 1675/1/3 1679/1/3
f 1683/4/3 1677/4/3 1676/4/3
f 1684/1/3 1681/1/3 1680/1/3
f 1684/1/3 1680/1/3 1679/1/3
f 1685/1/3 1681/1/3 1684/1/3
f 1686/4/3 1683/4/3 1682/4/3
f 1687/4/3 1677/4/3 1683/4/3
f 1687/4/3 1683/4/3 1686/4/3
f 1688/4/3 1677/4/3 1687/4/3
f 1689/4/3 1686/4/3 1685/4/3
f 1689/4/3 1687/4/3 1686/4/3
f 1690/4/3 1687/4/3 1689/4/3
f 1694/2/3 1692/2/3 1691/2/3
f 1694/1/3 1693/1/3 1692/1/3
f 1695/1/3 1693/1/3 1694/1/3
f 1697/2/3 1695/2/3 1694/2/3
f 1697/2/3 1694/2/3 1691/2/3
f 1698/2/3 1695/2/3 1697/2/3
f 1699/1/3 1696/1/3 1695/1/3
f 1699/2/3 1695/2/3 1698/2/3
f 1700/1/3 1696/1/3 1699/1/3
f 1702/2/3 1700/2/3 1699/2/3
f 1702/2/3 1699/2/3 1698/2/3
f 1703/2/3 1700/2/3 1702/2/3
f 1704/1/3 1701/1/3 1700/1/3
f 1704/2/3 1700/2/3 1703/2/3
f 1705/1/3 1701/1/3 1704/1/3
f 1706/1/3 1704/1/3 1703/1/3
f 1707/1/3 1704/1/3 1706/1/3
f 1711/2/3 1709/2/3 1708/2/3
f 1712/2/3 1709/2/3 1711/2/3
f 1713/1/3 1710/1/3 1709/1/3
f 1713/2/3 1709/2/3 1712/2/3
f 1715/1/3 1710/1/3 1713/1/3
f 1719/2/3 1715/2/3 1714/2/3
f 1720/1/3 1710/1/3 1715/1/3
f 1720/2/3 1715/2/3 1719/2/3
f 1721/1/3 1710/1/3 1720/1/3
f 1723/2/3 1717/2/3 1716/2/3
f 1724/2/3 1717/2/3 1723/2/3
f 1726/2/3 1719/2/3 1718/2/3
f 1728/2/3 1725/2/3 1724/2/3
f 1728/2/3 1726/2/3 1725/2/3
f 1728/2/3 1723/2/3 1722/2/3
f 1728/2/3 1724/2/3 1723/2/3
f 1729/2/3 1726/2/3 1728/2/3
f 1730/2/3 1719/2/3 1726/2/3
f 1730/2/3 1726/2/3 1729/2/3
f 1731/1/3 1720/1/3 1719/1/3
f 1731/2/3 1719/2/3 1730/2/3
f 1732/1/3 1720/1/3 1731/1/3
f 1735/4/3 1729/4/3 1728/4/3
f 1735/4/3 1728/4/3 1727/4/3
f 1736/1/3 1730/1/3 1729/1/3
f 1736/4/3 1729/4/3 1735/4/3
f 1737/1/3 1730/1/3 1736/1/3
f 1740/1/3 1734/1/3 1733/1/3
f 1741/1/3 1734/1/3 1740/1/3
f 1743/1/3 1739/1/3 1738/1/3
f 1744/1/3 1739/1/3 1743/1/3
f 1745/1/3 1743/1/3 1742/1/3
f 1746/1/3 1743/1/3 1745/1/3
f 1754/2/3 1750/2/3 1749/2/3
f 1755/2/3 1750/2/3 1754/2/3
f 1757/5/3 1752/5/3 1751/5/3
f 1759/2/3 1756/2/3 1755/2/3
f 1759/2/3 1754/2/3 1753/2/3
f 1759/2/3 1755/2/3 1754/2/3
f 1760/2/3 1756/2/3 1759/2/3
f 1762/5/3 1757/5/3 1751/5/3
f 1763/2/3 1761/2/3 1760/2/3
f 1763/2/3 1759/2/3 1758/2/3
f 1763/2/3 1760/2/3 1759/2/3
f 1764/2/3 1761/2/3 1763/2/3
f 1765/2/3 1761/2/3 1764/2/3
f 1766/2/3 1761/2/3 1765/2/3
f 1767/5/3 1762/5/3 1751/5/3
f 1768/5/3 1762/5/3 1767/5/3
f 1769/2/3 1765/2/3 1764/2/3
f 1770/2/3 1765/2/3 1769/2/3
f 1771/2/3 1765/2/3 1770/2/3
f 1772/2/3 1765/2/3 1771/2/3
f 1775/4/3 1748/4/3 1747/4/3
f 1776/4/3 1748/4/3 1775/4/3
f 1777/2/3 1771/2/3 1770/2/3
f 1778/2/3 1771/2/3 1777/2/3
f 1779/1/3 1774/1/3 1773/1/3
f 1780/1/3 1774/1/3 1779/1/3
f 1782/1/3 1781/1/3 1780/1/3
f 1783/1/3 1781/1/3 1782/1/3
f 1786/1/3 1785/1/3 1784/1/3
f 1787/1/3 1785/1/3 1786/1/3
f 1791/4/3 1789/4/3 1788/4/3
f 1792/4/3 1789/4/3 1791/4/3
f 1793/1/3 1790/1/3 1789/1/3
f 1793/4/3 1789/4/3 1792/4/3
f 1794/1/3 1790/1/3 1793/1/3
f 1797/2/3 1793/2/3 1792/2/3
f 1797/2/3 1795/2/3 1794/2/3
f 1797/2/3 1794/2/3 1793/2/3
f 1798/2/3 1795/2/3 1797/2/3
f 1799/2/3 1795/2/3 1798/2/3
f 1800/2/3 1795/2/3 1799/2/3
f 1801/2/3 1795/2/3 1800/2/3
f 1802/2/3 1799/2/3 1798/2/3
f 1803/2/3 1799/2/3 1802/2/3
f 1804/2/3 1795/2/3 1801/2/3
f 1805/1/3 1796/1/3 1795/1/3
f 1805/2/3 1795/2/3 1804/2/3
f 1806/1/3 1796/1/3 1805/1/3
f 1808/2/3 1806/2/3 1805/2/3
f 1809/1/3 1807/1/3 1806/1/3
f 1809/2/3 1806/2/3 1808/2/3
f 1811/1/3 1807/1/3 1809/1/3
f 1812/2/3 1811/2/3 1810/2/3
f 1813/2/3 1811/2/3 1812/2/3
f 1814/1/3 1807/1/3 1811/1/3
f 1814/2/3 1811/2/3 1813/2/3
f 1815/1/3 1807/1/3 1814/1/3
f 1818/1/3 1817/1/3 1816/1/3
f 1819/1/3 1817/1/3 1818/1/3
f 1825/1/3 1821/1/3 1820/1/3
f 1826/1/3 1821/1/3 1825/1/3
f 1827/2/3 1823/2/3 1822/2/3
f 1828/2/3 1823/2/3 1827/2/3
f 1829/1/3 1825/1/3 1824/1/3
f 1830/1/3 1825/1/3 1829/1/3
f 1837/4/3 1832/4/3 1831/4/3
f 1838/4/3 1832/4/3 1837/4/3
f 1839/1/3 1834/1/3 1833/1/3
f 1840/1/3 1834/1/3 1839/1/3
f 1841/1/3 1836/1/3 1835/1/3
f 1842/1/3 1836/1/3 1841/1/3
f 1843/4/3 1840/4/3 1839/4/3
f 1844/4/3 1840/4/3 1843/4/3
f 1850/2/3 1846/2/3 1845/2/3
f 1851/2/3 1846/2/3 1850/2/3
f 1853/4/3 1848/4/3 1847/4/3
f 1854/4/3 1848/4/3 1853/4/3
f 1855/2/3 1852/2/3 1851/2/3
f 1855/2/3 1850/2/3 1849/2/3
f 1855/2/3 1851/2/3 1850/2/3
f 1856/2/3 1852/2/3 1855/2/3
f 1857/2/3 1852/2/3 1856/2/3
f 1858/2/3 1852/2/3 1857/2/3
f 1860/2/3 1855/2/3 1854/2/3
f 1860/2/3 1856/2/3 1855/2/3
f 1861/2/3 1856/2/3 1860/2/3
f 1862/2/3 1859/2/3 1858/2/3
f 1862/2/3 1858/2/3 1857/2/3
f 1863/2/3 1859/2/3 1862/2/3
f 1864/2/3 1860/2/3 1854/2/3
f 1865/2/3 1860/2/3 1864/2/3
f 1866/2/3 1859/2/3 1863/2/3
f 1867/2/3 1859/2/3 1866/2/3
f 1868/2/3 1859/2/3 1867/2/3
f 1870/2/3 1864/2/3 1854/2/3
f 1873/2/3 1869/2/3 1868/2/3
f 1873/2/3 1868/2/3 1867/2/3
f 1874/2/3 1869/2/3 1873/2/3
f 1875/2/3 1869/2/3 1874/2/3
f 1876/2/3 1871/2/3 1870/2/3
f 1879/2/3 1873/2/3 1872/2/3
f 1879/2/3 1874/2/3 1873/2/3
f 1881/2/3 1870/2/3 1854/2/3
f 1881/2/3 1877/2/3 1876/2/3
f 1881/2/3 1876/2/3 1870/2/3
f 1882/2/3 1877/2/3 1881/2/3
f 1883/2/3 1877/2/3 1882/2/3
f 1884/2/3 1879/2/3 1878/2/3
f 1885/2/3 1874/2/3 1879/2/3
f 1885/2/3 1879/2/3 1884/2/3
f 1886/2/3 1874/2/3 1885/2/3
f 1887/4/3 1881/4/3 1880/4/3
f 1888/4/3 1881/4/3 1887/4/3
f 1889/2/3 1883/2/3 1882/2/3
f 1889/2/3 1884/2/3 1883/2/3
f 1889/2/3 1885/2/3 1884/2/3
f 1890/2/3 1885/2/3 1889/2/3
f 1891/2/3 1885/2/3 1890/2/3
f 1892/2/3 1885/2/3 1891/2/3
f 1893/2/3 1891/2/3 1890/2/3
f 1894/2/3 1891/2/3 1893/2/3
f 1899/1/3 1896/1/3 1895/1/3
f 1900/1/3 1896/1/3 1899/1/3
f 1903/4/3 1898/4/3 1897/4/3
f 1904/4/3 1898/4/3 1903/4/3
f 1905/4/3 1902/4/3 1901/4/3
f 1906/4/3 1902/4/3 1905/4/3
f 1907/1/3 1904/1/3 1903/1/3
f 1908/1/3 1904/1/3 1907/1/3
f 1913/2/3 1910/2/3 1909/2/3
f 1914/2/3 1910/2/3 1913/2/3
f 1915/1/3 1912/1/3 1911/1/3
f 1916/1/3 1912/1/3 1915/1/3
f 1918/1/3 1917/1/3 1916/1/3
f 1919/1/3 1917/1/3 1918/1/3
f 1922/1/3 1921/1/3 1920/1/3
f 1923/1/3 1921/1/3 1922/1/3
f 1926/1/3 1925/1/3 1924/1/3
f 1927/1/3 1925/1/3 1926/1/3
f 1929/1/3 1928/1/3 1927/1/3
f 1930/1/3 1928/1/3 1929/1/3
f 1934/1/3 1932/1/3 1931/1/3
f 1938/2/3 1934/2/3 1933/2/3
f 1939/1/3 1932/1/3 1934/1/3
f 1939/2/3 1934/2/3 1938/2/3
f 1940/1/3 1932/1/3 1939/1/3
f 1941/4/3 1936/4/3 1935/4/3
f 1942/4/3 1936/4/3 1941/4/3
f 1943/2/3 1938/2/3 1937/2/3
f 1944/1/3 1939/1/3 1938/1/3
f 1944/2/3 1938/2/3 1943/2/3
f 1945/1/3 1939/1/3 1944/1/3
f 1946/1/3 1944/1/3 1943/1/3
f 1947/1/3 1944/1/3 1946/1/3
f 1956/6/3 1949/6/3 1948/6/3
f 1957/6/3 1949/6/3 1956/6/3
f 1958/4/3 1951/4/3 1950/4/3
f 1959/4/3 1951/4/3 1958/4/3
f 1960/2/3 1953/2/3 1952/2/3
f 1961/2/3 1953/2/3 1960/2/3
f 1962/2/3 1955/2/3 1954/2/3
f 1963/2/3 1955/2/3 1962/2/3
f 1965/2/3 1960/2/3 1959/2/3
f 1966/2/3 1960/2/3 1965/2/3
f 1967/2/3 1964/2/3 1963/2/3
f 1968/2/3 1964/2/3 1967/2/3
f 1972/2/3 1969/2/3 1968/2/3
f 1973/2/3 1969/2/3 1972/2/3
f 1976/2/3 1971/2/3 1970/2/3
f 1977/2/3 1976/2/3 1975/2/3
f 1978/2/3 1971/2/3 1976/2/3
f 1978/2/3 1976/2/3 1977/2/3
f 1979/2/3 1971/2/3 1978/2/3
f 1980/2/3 1971/2/3 1979/2/3
f 1982/2/3 1974/2/3 1973/2/3
f 1983/2/3 1974/2/3 1982/2/3
f 1987/2/3 1982/2/3 1981/2/3
f 1988/2/3 1982/2/3 1987/2/3
f 1992/2/3 1985/2/3 1984/2/3
f 1993/2/3 1985/2/3 1992/2/3
f 1996/2/3 1987/2/3 1986/2/3
f 1997/2/3 1987/2/3 1996/2/3
f 1998/6/3 1990/6/3 1989/6/3
f 1999/6/3 1990/6/3 1998/6/3
f 2000/4/3 1992/4/3 1991/4/3
f 2001/4/3 1992/4/3 2000/4/3
f 2002/2/3 1994/2/3 1993/2/3
f 2003/2/3 1994/2/3 2002/2/3
f 2004/2/3 1996/2/3 1995/2/3
f 2005/2/3 1996/2/3 2004/2/3
f 2010/1/3 2007/1/3 2006/1/3
f 2011/1/3 2007/1/3 2010/1/3
f 2013/4/3 2009/4/3 2008/4/3
f 2014/4/3 2009/4/3 2013/4/3
f 2015/2/3 2011/2/3 2010/2/3
f 2016/1/3 2012/1/3 2011/1/3
f 2016/2/3 2011/2/3 2015/2/3
f 2017/1/3 2012/1/3 2016/1/3
f 2019/2/3 2017/2/3 2016/2/3
f 2020/1/3 2018/1/3 2017/1/3
f 2020/2/3 2017/2/3 2019/2/3
f 2021/1/3 2018/1/3 2020/1/3
f 2022/1/3 2018/1/3 2021/1/3
f 2026/1/3 2024/1/3 2023/1/3
f 2027/1/3 2024/1/3 2026/1/3
f 2028/1/3 2026/1/3 2025/1/3
f 2029/1/3 2026/1/3 2028/1/3
f 2032/1/3 2031/1/3 2030/1/3
f 2033/1/3 2031/1/3 2032/1/3
f 2036/4/3 2035/4/3 2034/4/3
f 2037/4/3 2035/4/3 2036/4/3
f 2040/2/3 2039/2/3 2038/2/3
f 2041/2/3 2039/2/3 2040/2/3
f 2044/2/3 2043/2/3 2042/2/3
f 2045/2/3 2043/2/3 2044/2/3
f 2050/2/3 2047/2/3 2046/2/3
f 2051/2/3 2047/2/3 2050/2/3
f 2052/2/3 2049/2/3 2048/2/3
f 2053/2/3 2049/2/3 2052/2/3
f 2056/2/3 2055/2/3 2054/2/3
f 2057/2/3 2055/2/3 2056/2/3
f 2062/2/3 2059/2/3 2058/2/3
f 2063/2/3 2059/2/3 2062/2/3
f 2064/2/3 2061/2/3 2060/2/3
f 2065/2/3 2061/2/3 2064/2/3
f 2068/2/3 2067/2/3 2066/2/3
f 2069/2/3 2067/2/3 2068/2/3
f 2072/2/3 2071/2/3 2070/2/3
f 2073/2/3 2071/2/3 2072/2/3
f 2076/4/3 2075/4/3 2074/4/3
f 2077/4/3 2075/4/3 2076/4/3
f 2080/1/3 2079/1/3 2078/1/3
f 2081/1/3 2079/1/3 2080/1/3
f 2084/3/3 2083/3/3 2082/3/3
f 2085/3/3 2083/3/3 2084/3/3
f 2088/3/3 2087/3/3 2086/3/3
f 2089/3/3 2087/3/3 2088/3/3
f 2092/3/3 2091/3/3 2090/3/3
f 2093/3/3 2091/3/3 2092/3/3
f 2100/3/3 2095/3/3 2094/3/3
f 2101/3/3 2098/3/3 2097/3/3
f 2101/2/3 2097/2/3 2096/2/3
f 2102/3/3 2098/3/3 2101/3/3
f 2104/3/3 2100/3/3 2099/3/3
f 2105/3/3 2095/3/3 2100/3/3
f 2105/3/3 2100/3/3 2104/3/3
f 2106/3/3 2095/3/3 2105/3/3
f 2107/2/3 2101/2/3 2096/2/3
f 2108/2/3 2101/2/3 2107/2/3
f 2109/3/3 2104/3/3 2103/3/3
f 2109/3/3 2105/3/3 2104/3/3
f 2110/3/3 2105/3/3 2109/3/3
f 2113/4/3 2112/4/3 2111/4/3
f 2114/4/3 2112/4/3 2113/4/3
f 2119/4/3 2116/4/3 2115/4/3
f 2120/4/3 2116/4/3 2119/4/3
f 2123/1/3 2118/1/3 2117/1/3
f 2124/1/3 2118/1/3 2123/1/3
f 2126/2/3 2122/2/3 2121/2/3
f 2127/2/3 2122/2/3 2126/2/3
f 2128/2/3 2122/2/3 2127/2/3
f 2129/2/3 2122/2/3 2128/2/3
f 2131/2/3 2126/2/3 2125/2/3
f 2131/2/3 2127/2/3 2126/2/3
f 2132/2/3 2127/2/3 2131/2/3
f 2133/2/3 2130/2/3 2129/2/3
f 2133/2/3 2129/2/3 2128/2/3
f 2134/2/3 2130/2/3 2133/2/3
f 2135/2/3 2131/2/3 2125/2/3
f 2136/2/3 2131/2/3 2135/2/3
f 2137/2/3 2131/2/3 2136/2/3
f 2140/2/3 2130/2/3 2134/2/3
f 2143/2/3 2139/2/3 2138/2/3
f 2144/2/3 2139/2/3 2143/2/3
f 2145/2/3 2140/2/3 2134/2/3
f 2145/2/3 2141/2/3 2140/2/3
f 2146/2/3 2144/2/3 2143/2/3
f 2146/2/3 2145/2/3 2144/2/3
f 2146/2/3 2143/2/3 2142/2/3
f 2147/2/3 2145/2/3 2146/2/3
f 2148/2/3 2145/2/3 2147/2/3
f 2149/2/3 2141/2/3 2145/2/3
f 2149/2/3 2145/2/3 2148/2/3
f 2150/2/3 2136/2/3 2135/2/3
f 2151/2/3 2136/2/3 2150/2/3
f 2153/2/3 2148/2/3 2147/2/3
f 2154/2/3 2148/2/3 2153/2/3
f 2155/2/3 2141/2/3 2149/2/3
f 2156/2/3 2141/2/3 2155/2/3
f 2157/2/3 2152/2/3 2151/2/3
f 2157/2/3 2151/2/3 2150/2/3
f 2160/2/3 2155/2/3 2149/2/3
f 2163/2/3 2158/2/3 2157/2/3
f 2163/2/3 2157/2/3 2150/2/3
f 2164/2/3 2158/2/3 2163/2/3
f 2165/2/3 2158/2/3 2164/2/3
f 2166/2/3 2160/2/3 2159/2/3
f 2167/2/3 2155/2/3 2160/2/3
f 2167/2/3 2160/2/3 2166/2/3
f 2168/2/3 2155/2/3 2167/2/3
f 2169/1/3 2162/1/3 2161/1/3
f 2170/1/3 2162/1/3 2169/1/3
f 2173/2/3 2165/2/3 2164/2/3
f 2173/2/3 2166/2/3 2165/2/3
f 2173/2/3 2167/2/3 2166/2/3
f 2174/2/3 2167/2/3 2173/2/3
f 2175/4/3 2172/4/3 2171/4/3
f 2176/4/3 2172/4/3 2175/4/3
f 2179/4/3 2178/4/3 2177/4/3
f 2180/4/3 2178/4/3 2179/4/3
f 2185/2/3 2182/2/3 2181/2/3
f 2187/3/3 2184/3/3 2183/3/3
f 2188/3/3 2184/3/3 2187/3/3
f 2189/3/3 2184/3/3 2188/3/3
f 2191/2/3 2185/2/3 2181/2/3
f 2192/3/3 2186/3/3 2185/3/3
f 2192/2/3 2185/2/3 2191/2/3
f 2193/3/3 2186/3/3 2192/3/3
f 2194/3/3 2189/3/3 2188/3/3
f 2194/3/3 2190/3/3 2189/3/3
f 2195/3/3 2190/3/3 2194/3/3
f 2196/3/3 2190/3/3 2195/3/3
f 2197/3/3 2190/3/3 2196/3/3
f 2200/3/3 2199/3/3 2198/3/3
f 2201/3/3 2199/3/3 2200/3/3
f 2205/2/3 2203/2/3 2202/2/3
f 2206/2/3 2203/2/3 2205/2/3
f 2209/2/3 2205/2/3 2204/2/3
f 2210/3/3 2207/3/3 2206/3/3
f 2210/3/3 2206/3/3 2205/3/3
f 2210/2/3 2205/2/3 2209/2/3
f 2211/3/3 2207/3/3 2210/3/3
f 2212/3/3 2207/3/3 2211/3/3
f 2213/2/3 2209/2/3 2208/2/3
f 2214/3/3 2210/3/3 2209/3/3
f 2214/2/3 2209/2/3 2213/2/3
f 2214/3/3 2211/3/3 2210/3/3
f 2215/3/3 2211/3/3 2214/3/3
f 2216/3/3 2211/3/3 2215/3/3
f 2217/3/3 2214/3/3 2213/3/3
f 2217/3/3 2215/3/3 2214/3/3
f 2218/3/3 2215/3/3 2217/3/3
f 2223/4/3 2220/4/3 2219/4/3
f 2224/4/3 2220/4/3 2223/4/3
f 2226/1/3 2222/1/3 2221/1/3
f 2227/1/3 2222/1/3 2226/1/3
f 2228/6/3 2226/6/3 2225/6/3
f 2229/6/3 2226/6/3 2228/6/3
f 2234/4/3 2231/4/3 2230/4/3
f 2235/4/3 2231/4/3 2234/4/3
f 2236/1/3 2233/1/3 2232/1/3
f 2237/1/3 2233/1/3 2236/1/3
f 2238/5/3 2237/5/3 2236/5/3
f 2239/5/3 2237/5/3 2238/5/3
f 2240/1/3 2239/1/3 2238/1/3
f 2241/1/3 2239/1/3 2240/1/3
f 2246/4/3 2243/4/3 2242/4/3
f 2247/4/3 2243/4/3 2246/4/3
f 2248/6/3 2245/6/3 2244/6/3
f 2249/6/3 2245/6/3 2248/6/3
f 2251/1/3 2250/1/3 2249/1/3
f 2252/1/3 2250/1/3 2251/1/3
f 2255/4/3 2254/4/3 2253/4/3
f 2256/4/3 2254/4/3 2255/4/3
f 2259/3/3 2258/3/3 2257/3/3
f 2260/3/3 2258/3/3 2259/3/3
f 2261/3/3 2258/3/3 2260/3/3
f 2263/2/3 2260/2/3 2259/2/3
f 2264/3/3 2262/3/3 2261/3/3
f 2264/2/3 2260/2/3 2263/2/3
f 2264/3/3 2261/3/3 2260/3/3
f 2265/3/3 2262/3/3 2264/3/3
f 2266/3/3 2262/3/3 2265/3/3
f 2268/2/3 2265/2/3 2264/2/3
f 2269/3/3 2266/3/3 2265/3/3
f 2269/2/3 2265/2/3 2268/2/3
f 2269/3/3 2267/3/3 2266/3/3
f 2270/3/3 2267/3/3 2269/3/3
f 2271/3/3 2267/3/3 2270/3/3
f 2272/2/3 2270/2/3 2269/2/3
f 2273/2/3 2270/2/3 2272/2/3
f 2280/1/3 2275/1/3 2274/1/3
f 2281/4/3 2276/4/3 2275/4/3
f 2281/1/3 2275/1/3 2280/1/3
f 2282/4/3 2276/4/3 2281/4/3
f 2283/4/3 2278/4/3 2277/4/3
f 2284/4/3 2278/4/3 2283/4/3
f 2285/1/3 2280/1/3 2279/1/3
f 2286/1/3 2280/1/3 2285/1/3
f 2289/4/3 2288/4/3 2287/4/3
f 2290/4/3 2288/4/3 2289/4/3
f 2293/1/3 2292/1/3 2291/1/3
f 2294/1/3 2292/1/3 2293/1/3
f 2299/1/3 2295/1/3 2294/1/3
f 2300/4/3 2296/4/3 2295/4/3
f 2300/1/3 2295/1/3 2299/1/3
f 2301/4/3 2296/4/3 2300/4/3
f 2302/4/3 2298/4/3 2297/4/3
f 2303/4/3 2298/4/3 2302/4/3
f 2309/4/3 2305/4/3 2304/4/3
f 2310/4/3 2305/4/3 2309/4/3
f 2313/1/3 2307/1/3 2306/1/3
f 2314/1/3 2307/1/3 2313/1/3
f 2314/1/3 2313/1/3 2312/1/3
f 2315/4/3 2308/4/3 2307/4/3
f 2315/1/3 2307/1/3 2314/1/3
f 2315/4/3 2311/4/3 2310/4/3
f 2315/4/3 2309/4/3 2308/4/3
f 2315/4/3 2310/4/3 2309/4/3
f 2316/1/3 2314/1/3 2312/1/3
f 2317/1/3 2314/1/3 2316/1/3
f 2318/4/3 2315/4/3 2314/4/3
f 2318/1/3 2314/1/3 2317/1/3
f 2319/4/3 2318/4/3 2317/4/3
f 2320/4/3 2315/4/3 2318/4/3
f 2320/4/3 2318/4/3 2319/4/3
f 2321/1/3 2320/1/3 2319/1/3
f 2322/4/3 2315/4/3 2320/4/3
f 2322/1/3 2320/1/3 2321/1/3
f 2323/4/3 2311/4/3 2315/4/3
f 2323/4/3 2315/4/3 2322/4/3
f 2324/1/3 2322/1/3 2321/1/3
f 2324/1/3 2323/1/3 2322/1/3
f 2325/1/3 2323/1/3 2324/1/3
f 2326/1/3 2323/1/3 2325/1/3
f 2327/4/3 2311/4/3 2323/4/3
f 2327/1/3 2323/1/3 2326/1/3
f 2328/4/3 2311/4/3 2327/4/3
f 2329/4/3 2311/4/3 2328/4/3
f 2330/4/3 2311/4/3 2329/4/3
f 2331/4/3 2311/4/3 2330/4/3
f 2332/4/3 2330/4/3 2329/4/3
f 2333/4/3 2330/4/3 2332/4/3
f 2334/4/4 2335/4/4 2339/4/4
f 2339/4/4 2335/4/4 2340/4/4
f 2336/1/4 2337/1/4 2343/1/4
f 2343/1/4 2337/1/4 2344/1/4
f 2342/1/4 2343/1/4 2344/1/4
f 2337/4/4 2338/4/4 2345/4/4
f 2344/1/4 2337/1/4 2345/1/4
f 2340/4/4 2341/4/4 2345/4/4
f 2338/4/4 2339/4/4 2345/4/4
f 2339/4/4 2340/4/4 2345/4/4
f 2342/1/4 2344/1/4 2346/1/4
f 2346/1/4 2344/1/4 2347/1/4
f 2344/4/4 2345/4/4 2348/4/4
f 2347/1/4 2344/1/4 2348/1/4
f 2347/4/4 2348/4/4 2349/4/4
f 2349/4/4 2348/4/4 2350/4/4
f 2350/4/4 2348/4/4 2351/4/4
f 2348/4/4 2345/4/4 2352/4/4
f 2351/4/4 2348/4/4 2352/4/4
f 2352/4/4 2345/4/4 2353/4/4
f 2345/4/4 2341/4/4 2354/4/4
f 2353/4/4 2345/4/4 2354/4/4
f 2354/4/4 2341/4/4 2355/4/4
f 2355/4/4 2341/4/4 2356/4/4
f 2356/4/4 2341/4/4 2357/4/4
f 2355/4/4 2356/4/4 2358/4/4
f 2358/4/4 2356/4/4 2359/4/4
f 2360/1/4 2361/1/4 2366/1/4
f 2361/4/4 2362/4/4 2367/4/4
f 2366/1/4 2361/1/4 2367/1/4
f 2367/4/4 2362/4/4 2368/4/4
f 2363/4/4 2364/4/4 2369/4/4
f 2369/4/4 2364/4/4 2370/4/4
f 2365/1/4 2366/1/4 2371/1/4
f 2371/1/4 2366/1/4 2372/1/4
f 2373/4/4 2374/4/4 2375/4/4
f 2375/4/4 2374/4/4 2376/4/4
f 2377/1/4 2378/1/4 2379/1/4
f 2379/1/4 2378/1/4 2380/1/4
f 2380/1/4 2381/1/4 2385/1/4
f 2381/4/4 2382/4/4 2386/4/4
f 2385/1/4 2381/1/4 2386/1/4
f 2386/4/4 2382/4/4 2387/4/4
f 2383/4/4 2384/4/4 2388/4/4
f 2388/4/4 2384/4/4 2389/4/4
f 2390/2/4 2391/2/4 2393/2/4
f 2393/2/4 2391/2/4 2394/2/4
f 2392/2/4 2393/2/4 2397/2/4
f 2394/3/4 2395/3/4 2398/3/4
f 2393/3/4 2394/3/4 2398/3/4
f 2397/2/4 2393/2/4 2398/2/4
f 2398/3/4 2395/3/4 2399/3/4
f 2399/3/4 2395/3/4 2400/3/4
f 2396/2/4 2397/2/4 2401/2/4
f 2397/3/4 2398/3/4 2402/3/4
f 2401/2/4 2397/2/4 2402/2/4
f 2398/3/4 2399/3/4 2402/3/4
f 2402/3/4 2399/3/4 2403/3/4
f 2403/3/4 2399/3/4 2404/3/4
f 2401/3/4 2402/3/4 2405/3/4
f 2402/3/4 2403/3/4 2405/3/4
f 2405/3/4 2403/3/4 2406/3/4
f 2407/4/4 2408/4/4 2411/4/4
f 2411/4/4 2408/4/4 2412/4/4
f 2409/1/4 2410/1/4 2414/1/4
f 2414/1/4 2410/1/4 2415/1/4
f 2413/6/4 2414/6/4 2416/6/4
f 2416/6/4 2414/6/4 2417/6/4
f 2418/4/4 2419/4/4 2422/4/4
f 2422/4/4 2419/4/4 2423/4/4
f 2420/1/4 2421/1/4 2424/1/4
f 2424/1/4 2421/1/4 2425/1/4
f 2424/5/4 2425/5/4 2426/5/4
f 2426/5/4 2425/5/4 2427/5/4
f 2426/1/4 2427/1/4 2428/1/4
f 2428/1/4 2427/1/4 2429/1/4
f 2430/4/4 2431/4/4 2434/4/4
f 2434/4/4 2431/4/4 2435/4/4
f 2432/6/4 2433/6/4 2436/6/4
f 2436/6/4 2433/6/4 2437/6/4
f 2437/1/4 2438/1/4 2439/1/4
f 2439/1/4 2438/1/4 2440/1/4
f 2441/4/4 2442/4/4 2443/4/4
f 2443/4/4 2442/4/4 2444/4/4
f 2445/3/4 2446/3/4 2447/3/4
f 2447/3/4 2446/3/4 2448/3/4
f 2448/3/4 2446/3/4 2449/3/4
f 2447/2/4 2448/2/4 2451/2/4
f 2449/3/4 2450/3/4 2452/3/4
f 2451/2/4 2448/2/4 2452/2/4
f 2448/3/4 2449/3/4 2452/3/4
f 2452/3/4 2450/3/4 2453/3/4
f 2453/3/4 2450/3/4 2454/3/4
f 2452/2/4 2453/2/4 2456/2/4
f 2453/3/4 2454/3/4 2457/3/4
f 2456/2/4 2453/2/4 2457/2/4
f 2454/3/4 2455/3/4 2457/3/4
f 2457/3/4 2455/3/4 2458/3/4
f 2458/3/4 2455/3/4 2459/3/4
f 2457/2/4 2458/2/4 2460/2/4
f 2460/2/4 2458/2/4 2461/2/4
f 2462/3/4 2463/3/4 2464/3/4
f 2464/3/4 2463/3/4 2465/3/4
f 2466/3/4 2467/3/4 2472/3/4
f 2469/3/4 2470/3/4 2473/3/4
f 2468/2/4 2469/2/4 2473/2/4
f 2473/3/4 2470/3/4 2474/3/4
f 2471/3/4 2472/3/4 2476/3/4
f 2472/3/4 2467/3/4 2477/3/4
f 2476/3/4 2472/3/4 2477/3/4
f 2477/3/4 2467/3/4 2478/3/4
f 2468/2/4 2473/2/4 2479/2/4
f 2479/2/4 2473/2/4 2480/2/4
f 2475/3/4 2476/3/4 2481/3/4
f 2476/3/4 2477/3/4 2481/3/4
f 2481/3/4 2477/3/4 2482/3/4
f 2483/4/4 2484/4/4 2485/4/4
f 2485/4/4 2484/4/4 2486/4/4
f 2487/4/4 2488/4/4 2491/4/4
f 2491/4/4 2488/4/4 2492/4/4
f 2489/1/4 2490/1/4 2493/1/4
f 2493/1/4 2490/1/4 2494/1/4
f 2495/1/4 2496/1/4 2497/1/4
f 2497/1/4 2496/1/4 2498/1/4
f 2499/4/4 2500/4/4 2501/4/4
f 2501/4/4 2500/4/4 2502/4/4
f 2503/4/4 2504/4/4 2505/4/4
f 2505/4/4 2504/4/4 2506/4/4
f 2507/2/4 2508/2/4 2511/2/4
f 2509/3/4 2510/3/4 2513/3/4
f 2513/3/4 2510/3/4 2514/3/4
f 2514/3/4 2510/3/4 2515/3/4
f 2507/2/4 2511/2/4 2517/2/4
f 2511/3/4 2512/3/4 2518/3/4
f 2517/2/4 2511/2/4 2518/2/4
f 2518/3/4 2512/3/4 2519/3/4
f 2514/3/4 2515/3/4 2520/3/4
f 2515/3/4 2516/3/4 2520/3/4
f 2520/3/4 2516/3/4 2521/3/4
f 2521/3/4 2516/3/4 2522/3/4
f 2522/3/4 2516/3/4 2523/3/4
f 2524/3/4 2525/3/4 2526/3/4
f 2526/3/4 2525/3/4 2527/3/4
f 2528/3/4 2529/3/4 2530/3/4
f 2530/3/4 2529/3/4 2531/3/4
f 2532/5/4 2533/5/4 2535/5/4
f 2535/5/4 2533/5/4 2536/5/4
f 2534/5/4 2535/5/4 2538/5/4
f 2536/5/4 2537/5/4 2538/5/4
f 2535/5/4 2536/5/4 2538/5/4
f 2538/5/4 2537/5/4 2539/5/4
f 2534/5/4 2538/5/4 2540/5/4
f 2539/5/4 2537/5/4 2541/5/4
f 2540/5/4 2538/5/4 2543/5/4
f 2541/5/4 2542/5/4 2544/5/4
f 2539/5/4 2541/5/4 2544/5/4
f 2544/5/4 2542/5/4 2545/5/4
f 2543/5/4 2538/5/4 2546/5/4
f 2539/5/4 2544/5/4 2547/5/4
f 2543/5/4 2546/5/4 2548/5/4
f 2546/5/4 2547/5/4 2548/5/4
f 2548/5/4 2547/5/4 2549/5/4
f 2547/5/4 2544/5/4 2550/5/4
f 2549/5/4 2547/5/4 2550/5/4
f 2550/5/4 2544/5/4 2551/5/4
f 2549/5/4 2550/5/4 2552/5/4
f 2552/5/4 2550/5/4 2553/5/4
f 2554/3/4 2555/3/4 2556/3/4
f 2556/3/4 2555/3/4 2557/3/4
f 2558/7/4 2559/7/4 2560/7/4
f 2560/7/4 2559/7/4 2561/7/4
f 2562/1/4 2563/1/4 2564/1/4
f 2564/1/4 2563/1/4 2565/1/4
f 2566/4/4 2567/4/4 2568/4/4
f 2568/4/4 2567/4/4 2569/4/4
f 2570/2/4 2571/2/4 2572/2/4
f 2572/2/4 2571/2/4 2573/2/4
f 2574/2/4 2575/2/4 2576/2/4
f 2576/2/4 2575/2/4 2577/2/4
f 2578/2/4 2579/2/4 2582/2/4
f 2582/2/4 2579/2/4 2583/2/4
f 2580/2/4 2581/2/4 2584/2/4
f 2584/2/4 2581/2/4 2585/2/4
f 2586/2/4 2587/2/4 2588/2/4
f 2588/2/4 2587/2/4 2589/2/4
f 2590/2/4 2591/2/4 2594/2/4
f 2594/2/4 2591/2/4 2595/2/4
f 2592/2/4 2593/2/4 2596/2/4
f 2596/2/4 2593/2/4 2597/2/4
f 2598/2/4 2599/2/4 2600/2/4
f 2600/2/4 2599/2/4 2601/2/4
f 2602/2/4 2603/2/4 2604/2/4
f 2604/2/4 2603/2/4 2605/2/4
f 2606/4/4 2607/4/4 2608/4/4
f 2608/4/4 2607/4/4 2609/4/4
f 2610/1/4 2611/1/4 2612/1/4
f 2612/1/4 2611/1/4 2613/1/4
f 2614/1/4 2615/1/4 2616/1/4
f 2616/1/4 2615/1/4 2617/1/4
f 2617/1/4 2618/1/4 2619/1/4
f 2619/1/4 2618/1/4 2620/1/4
f 2621/1/4 2622/1/4 2624/1/4
f 2623/2/4 2624/2/4 2628/2/4
f 2624/1/4 2622/1/4 2629/1/4
f 2628/2/4 2624/2/4 2629/2/4
f 2629/1/4 2622/1/4 2630/1/4
f 2625/4/4 2626/4/4 2631/4/4
f 2631/4/4 2626/4/4 2632/4/4
f 2627/2/4 2628/2/4 2633/2/4
f 2628/1/4 2629/1/4 2634/1/4
f 2633/2/4 2628/2/4 2634/2/4
f 2634/1/4 2629/1/4 2635/1/4
f 2633/1/4 2634/1/4 2636/1/4
f 2636/1/4 2634/1/4 2637/1/4
f 2638/6/4 2639/6/4 2646/6/4
f 2646/6/4 2639/6/4 2647/6/4
f 2640/4/4 2641/4/4 2648/4/4
f 2648/4/4 2641/4/4 2649/4/4
f 2642/2/4 2643/2/4 2650/2/4
f 2650/2/4 2643/2/4 2651/2/4
f 2644/2/4 2645/2/4 2652/2/4
f 2652/2/4 2645/2/4 2653/2/4
f 2649/2/4 2650/2/4 2655/2/4
f 2655/2/4 2650/2/4 2656/2/4
f 2653/2/4 2654/2/4 2657/2/4
f 2657/2/4 2654/2/4 2658/2/4
f 2658/2/4 2659/2/4 2662/2/4
f 2662/2/4 2659/2/4 2663/2/4
f 2660/2/4 2661/2/4 2666/2/4
f 2665/2/4 2666/2/4 2667/2/4
f 2666/2/4 2661/2/4 2668/2/4
f 2667/2/4 2666/2/4 2668/2/4
f 2668/2/4 2661/2/4 2669/2/4
f 2669/2/4 2661/2/4 2670/2/4
f 2663/2/4 2664/2/4 2672/2/4
f 2672/2/4 2664/2/4 2673/2/4
f 2671/2/4 2672/2/4 2677/2/4
f 2677/2/4 2672/2/4 2678/2/4
f 2674/2/4 2675/2/4 2682/2/4
f 2682/2/4 2675/2/4 2683/2/4
f 2676/2/4 2677/2/4 2686/2/4
f 2686/2/4 2677/2/4 2687/2/4
f 2679/6/4 2680/6/4 2688/6/4
f 2688/6/4 2680/6/4 2689/6/4
f 2681/4/4 2682/4/4 2690/4/4
f 2690/4/4 2682/4/4 2691/4/4
f 2683/2/4 2684/2/4 2692/2/4
f 2692/2/4 2684/2/4 2693/2/4
f 2685/2/4 2686/2/4 2694/2/4
f 2694/2/4 2686/2/4 2695/2/4
f 2696/1/4 2697/1/4 2700/1/4
f 2700/1/4 2697/1/4 2701/1/4
f 2698/4/4 2699/4/4 2703/4/4
f 2703/4/4 2699/4/4 2704/4/4
f 2700/2/4 2701/2/4 2705/2/4
f 2701/1/4 2702/1/4 2706/1/4
f 2705/2/4 2701/2/4 2706/2/4
f 2706/1/4 2702/1/4 2707/1/4
f 2706/2/4 2707/2/4 2709/2/4
f 2707/1/4 2708/1/4 2710/1/4
f 2709/2/4 2707/2/4 2710/2/4
f 2710/1/4 2708/1/4 2711/1/4
f 2711/1/4 2708/1/4 2712/1/4
f 2713/1/4 2714/1/4 2716/1/4
f 2716/1/4 2714/1/4 2717/1/4
f 2715/1/4 2716/1/4 2718/1/4
f 2718/1/4 2716/1/4 2719/1/4
f 2720/1/4 2721/1/4 2722/1/4
f 2722/1/4 2721/1/4 2723/1/4
f 2724/1/4 2725/1/4 2729/1/4
f 2729/1/4 2725/1/4 2730/1/4
f 2726/2/4 2727/2/4 2731/2/4
f 2731/2/4 2727/2/4 2732/2/4
f 2728/1/4 2729/1/4 2733/1/4
f 2733/1/4 2729/1/4 2734/1/4
f 2735/4/4 2736/4/4 2741/4/4
f 2741/4/4 2736/4/4 2742/4/4
f 2737/1/4 2738/1/4 2743/1/4
f 2743/1/4 2738/1/4 2744/1/4
f 2739/1/4 2740/1/4 2745/1/4
f 2745/1/4 2740/1/4 2746/1/4
f 2743/4/4 2744/4/4 2747/4/4
f 2747/4/4 2744/4/4 2748/4/4
f 2749/2/4 2750/2/4 2754/2/4
f 2754/2/4 2750/2/4 2755/2/4
f 2751/4/4 2752/4/4 2757/4/4
f 2757/4/4 2752/4/4 2758/4/4
f 2755/2/4 2756/2/4 2759/2/4
f 2753/2/4 2754/2/4 2759/2/4
f 2754/2/4 2755/2/4 2759/2/4
f 2759/2/4 2756/2/4 2760/2/4
f 2760/2/4 2756/2/4 2761/2/4
f 2761/2/4 2756/2/4 2762/2/4
f 2758/2/4 2759/2/4 2764/2/4
f 2759/2/4 2760/2/4 2764/2/4
f 2764/2/4 2760/2/4 2765/2/4
f 2762/2/4 2763/2/4 2766/2/4
f 2761/2/4 2762/2/4 2766/2/4
f 2766/2/4 2763/2/4 2767/2/4
f 2758/2/4 2764/2/4 2768/2/4
f 2768/2/4 2764/2/4 2769/2/4
f 2767/2/4 2763/2/4 2772/2/4
f 2770/2/4 2771/2/4 2775/2/4
f 2775/2/4 2771/2/4 2776/2/4
f 2767/2/4 2772/2/4 2777/2/4
f 2772/2/4 2773/2/4 2777/2/4
f 2775/2/4 2776/2/4 2778/2/4
f 2776/2/4 2777/2/4 2778/2/4
f 2774/2/4 2775/2/4 2778/2/4
f 2778/2/4 2777/2/4 2779/2/4
f 2779/2/4 2777/2/4 2780/2/4
f 2777/2/4 2773/2/4 2781/2/4
f 2780/2/4 2777/2/4 2781/2/4
f 2758/2/4 2768/2/4 2782/2/4
f 2779/2/4 2780/2/4 2784/2/4
f 2784/2/4 2780/2/4 2785/2/4
f 2781/2/4 2773/2/4 2786/2/4
f 2786/2/4 2773/2/4 2787/2/4
f 2782/2/4 2783/2/4 2788/2/4
f 2781/2/4 2786/2/4 2791/2/4
f 2788/2/4 2789/2/4 2793/2/4
f 2758/2/4 2782/2/4 2793/2/4
f 2782/2/4 2788/2/4 2793/2/4
f 2793/2/4 2789/2/4 2794/2/4
f 2794/2/4 2789/2/4 2795/2/4
f 2790/2/4 2791/2/4 2796/2/4
f 2791/2/4 2786/2/4 2797/2/4
f 2796/2/4 2791/2/4 2797/2/4
f 2797/2/4 2786/2/4 2798/2/4
f 2792/4/4 2793/4/4 2799/4/4
f 2799/4/4 2793/4/4 2800/4/4
f 2794/2/4 2795/2/4 2801/2/4
f 2795/2/4 2796/2/4 2801/2/4
f 2796/2/4 2797/2/4 2801/2/4
f 2801/2/4 2797/2/4 2802/2/4
f 2802/2/4 2797/2/4 2803/2/4
f 2803/2/4 2797/2/4 2804/2/4
f 2802/2/4 2803/2/4 2805/2/4
f 2805/2/4 2803/2/4 2806/2/4
f 2807/1/4 2808/1/4 2811/1/4
f 2811/1/4 2808/1/4 2812/1/4
f 2809/4/4 2810/4/4 2815/4/4
f 2815/4/4 2810/4/4 2816/4/4
f 2813/4/4 2814/4/4 2817/4/4
f 2817/4/4 2814/4/4 2818/4/4
f 2815/1/4 2816/1/4 2819/1/4
f 2819/1/4 2816/1/4 2820/1/4
f 2821/2/4 2822/2/4 2825/2/4
f 2825/2/4 2822/2/4 2826/2/4
f 2823/1/4 2824/1/4 2827/1/4
f 2827/1/4 2824/1/4 2828/1/4
f 2828/1/4 2829/1/4 2830/1/4
f 2830/1/4 2829/1/4 2831/1/4
f 2832/1/4 2833/1/4 2834/1/4
f 2834/1/4 2833/1/4 2835/1/4
f 2836/2/4 2837/2/4 2839/2/4
f 2839/2/4 2837/2/4 2840/2/4
f 2837/1/4 2838/1/4 2841/1/4
f 2840/2/4 2837/2/4 2841/2/4
f 2841/1/4 2838/1/4 2843/1/4
f 2842/2/4 2843/2/4 2847/2/4
f 2843/1/4 2838/1/4 2848/1/4
f 2847/2/4 2843/2/4 2848/2/4
f 2848/1/4 2838/1/4 2849/1/4
f 2844/2/4 2845/2/4 2851/2/4
f 2851/2/4 2845/2/4 2852/2/4
f 2846/2/4 2847/2/4 2854/2/4
f 2852/2/4 2853/2/4 2856/2/4
f 2853/2/4 2854/2/4 2856/2/4
f 2850/2/4 2851/2/4 2856/2/4
f 2851/2/4 2852/2/4 2856/2/4
f 2856/2/4 2854/2/4 2857/2/4
f 2854/2/4 2847/2/4 2858/2/4
f 2857/2/4 2854/2/4 2858/2/4
f 2847/1/4 2848/1/4 2859/1/4
f 2858/2/4 2847/2/4 2859/2/4
f 2859/1/4 2848/1/4 2860/1/4
f 2856/4/4 2857/4/4 2863/4/4
f 2855/4/4 2856/4/4 2863/4/4
f 2857/1/4 2858/1/4 2864/1/4
f 2863/4/4 2857/4/4 2864/4/4
f 2864/1/4 2858/1/4 2865/1/4
f 2861/1/4 2862/1/4 2868/1/4
f 2868/1/4 2862/1/4 2869/1/4
f 2866/1/4 2867/1/4 2871/1/4
f 2871/1/4 2867/1/4 2872/1/4
f 2870/1/4 2871/1/4 2873/1/4
f 2873/1/4 2871/1/4 2874/1/4
f 2877/5/4 2878/5/4 2879/5/4
f 2877/5/4 2879/5/4 2880/5/4
f 2877/5/4 2880/5/4 2881/5/4
f 2881/5/4 2880/5/4 2882/5/4
f 2875/4/4 2876/4/4 2885/4/4
f 2885/4/4 2876/4/4 2886/4/4
f 2883/1/4 2884/1/4 2887/1/4
f 2887/1/4 2884/1/4 2888/1/4
f 2888/1/4 2889/1/4 2890/1/4
f 2890/1/4 2889/1/4 2891/1/4
f 2892/1/4 2893/1/4 2894/1/4
f 2894/1/4 2893/1/4 2895/1/4
f 2896/4/4 2897/4/4 2899/4/4
f 2899/4/4 2897/4/4 2900/4/4
f 2897/1/4 2898/1/4 2901/1/4
f 2900/4/4 2897/4/4 2901/4/4
f 2901/1/4 2898/1/4 2902/1/4
f 2900/2/4 2901/2/4 2905/2/4
f 2902/2/4 2903/2/4 2905/2/4
f 2901/2/4 2902/2/4 2905/2/4
f 2905/2/4 2903/2/4 2906/2/4
f 2906/2/4 2903/2/4 2907/2/4
f 2907/2/4 2903/2/4 2908/2/4
f 2908/2/4 2903/2/4 2909/2/4
f 2906/2/4 2907/2/4 2910/2/4
f 2910/2/4 2907/2/4 2911/2/4
f 2909/2/4 2903/2/4 2912/2/4
f 2903/1/4 2904/1/4 2913/1/4
f 2912/2/4 2903/2/4 2913/2/4
f 2913/1/4 2904/1/4 2914/1/4
f 2913/2/4 2914/2/4 2916/2/4
f 2914/1/4 2915/1/4 2917/1/4
f 2916/2/4 2914/2/4 2917/2/4
f 2917/1/4 2915/1/4 2919/1/4
f 2918/2/4 2919/2/4 2920/2/4
f 2920/2/4 2919/2/4 2921/2/4
f 2919/1/4 2915/1/4 2922/1/4
f 2921/2/4 2919/2/4 2922/2/4
f 2922/1/4 2915/1/4 2923/1/4
f 2924/1/4 2925/1/4 2927/1/4
f 2927/1/4 2925/1/4 2928/1/4
f 2926/2/4 2927/2/4 2931/2/4
f 2927/2/4 2928/2/4 2931/2/4
f 2931/2/4 2928/2/4 2932/2/4
f 2928/1/4 2929/1/4 2933/1/4
f 2932/2/4 2928/2/4 2933/2/4
f 2933/1/4 2929/1/4 2934/1/4
f 2931/2/4 2932/2/4 2935/2/4
f 2930/2/4 2931/2/4 2935/2/4
f 2932/1/4 2933/1/4 2936/1/4
f 2935/2/4 2932/2/4 2936/2/4
f 2936/1/4 2933/1/4 2937/1/4
f 2930/2/4 2935/2/4 2938/2/4
f 2935/1/4 2936/1/4 2939/1/4
f 2938/2/4 2935/2/4 2939/2/4
f 2939/1/4 2936/1/4 2940/1/4
f 2941/4/4 2942/4/4 2944/4/4
f 2944/4/4 2942/4/4 2945/4/4
f 2945/4/4 2942/4/4 2946/4/4
f 2943/1/4 2944/1/4 2949/1/4
f 2949/1/4 2944/1/4 2950/1/4
f 2950/1/4 2944/1/4 2951/1/4
f 2951/1/4 2944/1/4 2952/1/4
f 2945/4/4 2946/4/4 2953/4/4
f 2946/4/4 2947/4/4 2953/4/4
f 2953/4/4 2947/4/4 2954/4/4
f 2948/1/4 2949/1/4 2955/1/4
f 2949/1/4 2950/1/4 2955/1/4
f 2955/1/4 2950/1/4 2956/1/4
f 2954/4/4 2947/4/4 2957/4/4
f 2957/4/4 2947/4/4 2958/4/4
f 2948/1/4 2955/1/4 2960/1/4
f 2959/1/4 2960/1/4 2961/1/4
f 2960/1/4 2955/1/4 2962/1/4
f 2961/1/4 2960/1/4 2962/1/4
f 2962/1/4 2955/1/4 2963/1/4
f 2964/5/4 2965/5/4 2966/5/4
f 2966/5/4 2965/5/4 2967/5/4
f 2968/1/4 2969/1/4 2971/1/4
f 2969/1/4 2970/1/4 2971/1/4
f 2971/1/4 2970/1/4 2972/1/4
f 2972/1/4 2970/1/4 2973/1/4
f 2972/1/4 2973/1/4 2977/1/4
f 2973/1/4 2974/1/4 2977/1/4
f 2977/1/4 2974/1/4 2978/1/4
f 2978/1/4 2974/1/4 2979/1/4
f 2975/4/4 2976/4/4 2983/4/4
f 2980/1/4 2981/1/4 2984/1/4
f 2978/1/4 2979/1/4 2984/1/4
f 2979/1/4 2980/1/4 2984/1/4
f 2984/1/4 2981/1/4 2985/1/4
f 2982/4/4 2983/4/4 2986/4/4
f 2983/4/4 2976/4/4 2987/4/4
f 2986/4/4 2983/4/4 2987/4/4
f 2987/4/4 2976/4/4 2988/4/4
f 2985/4/4 2986/4/4 2989/4/4
f 2986/4/4 2987/4/4 2989/4/4
f 2989/4/4 2987/4/4 2990/4/4
f 2991/2/4 2992/2/4 2994/2/4
f 2992/1/4 2993/1/4 2994/1/4
f 2994/1/4 2993/1/4 2995/1/4
f 2994/2/4 2995/2/4 2997/2/4
f 2991/2/4 2994/2/4 2997/2/4
f 2997/2/4 2995/2/4 2998/2/4
f 2995/1/4 2996/1/4 2999/1/4
f 2998/2/4 2995/2/4 2999/2/4
f 2999/1/4 2996/1/4 3000/1/4
f 2999/2/4 3000/2/4 3002/2/4
f 2998/2/4 2999/2/4 3002/2/4
f 3002/2/4 3000/2/4 3003/2/4
f 3000/1/4 3001/1/4 3004/1/4
f 3003/2/4 3000/2/4 3004/2/4
f 3004/1/4 3001/1/4 3005/1/4
f 3003/1/4 3004/1/4 3006/1/4
f 3006/1/4 3004/1/4 3007/1/4
f 3008/4/4 3009/4/4 3012/4/4
f 3012/4/4 3009/4/4 3013/4/4
f 3013/4/4 3009/4/4 3014/4/4
f 3014/4/4 3009/4/4 3015/4/4
f 3010/1/4 3011/1/4 3018/1/4
f 3011/4/4 3012/4/4 3019/4/4
f 3012/4/4 3013/4/4 3019/4/4
f 3019/4/4 3013/4/4 3020/4/4
f 3014/4/4 3015/4/4 3021/4/4
f 3015/4/4 3016/4/4 3021/4/4
f 3021/4/4 3016/4/4 3022/4/4
f 3022/4/4 3016/4/4 3023/4/4
f 3017/1/4 3018/1/4 3025/1/4
f 3018/1/4 3011/1/4 3025/1/4
f 3011/4/4 3019/4/4 3026/4/4
f 3025/1/4 3011/1/4 3026/1/4
f 3026/4/4 3019/4/4 3027/4/4
f 3023/4/4 3024/4/4 3028/4/4
f 3022/4/4 3023/4/4 3028/4/4
f 3028/4/4 3024/4/4 3029/4/4
f 3017/1/4 3025/1/4 3031/1/4
f 3025/4/4 3026/4/4 3032/4/4
f 3031/1/4 3025/1/4 3032/1/4
f 3032/4/4 3026/4/4 3033/4/4
f 3030/1/4 3031/1/4 3034/1/4
f 3031/1/4 3032/1/4 3034/1/4
f 3034/1/4 3032/1/4 3035/1/4
f 3035/1/4 3032/1/4 3036/1/4
f 3035/4/4 3036/4/4 3038/4/4
f 3038/4/4 3036/4/4 3039/4/4
f 3037/1/4 3038/1/4 3040/1/4
f 3038/1/4 3039/1/4 3040/1/4
f 3040/1/4 3039/1/4 3041/1/4
f 3041/1/4 3039/1/4 3042/1/4
f 3041/1/4 3042/1/4 3044/1/4
f 3042/4/4 3043/4/4 3044/4/4
f 3044/4/4 3043/4/4 3045/4/4
f 3029/4/4 3024/4/4 3048/4/4
f 3044/1/4 3045/1/4 3049/1/4
f 3041/1/4 3044/1/4 3049/1/4
f 3049/1/4 3045/1/4 3050/1/4
f 3045/4/4 3046/4/4 3051/4/4
f 3047/4/4 3048/4/4 3054/4/4
f 3048/4/4 3024/4/4 3055/4/4
f 3054/4/4 3048/4/4 3055/4/4
f 3055/4/4 3024/4/4 3056/4/4
f 3050/1/4 3045/1/4 3057/1/4
f 3051/4/4 3052/4/4 3058/4/4
f 3057/1/4 3045/1/4 3058/1/4
f 3045/4/4 3051/4/4 3058/4/4
f 3058/4/4 3052/4/4 3059/4/4
f 3059/4/4 3052/4/4 3060/4/4
f 3053/4/4 3054/4/4 3061/4/4
f 3054/4/4 3055/4/4 3061/4/4
f 3061/4/4 3055/4/4 3062/4/4
f 3062/4/4 3055/4/4 3063/4/4
f 3059/4/4 3060/4/4 3064/4/4
f 3061/4/4 3062/4/4 3064/4/4
f 3060/4/4 3061/4/4 3064/4/4
f 3064/4/4 3062/4/4 3065/4/4
f 3066/4/4 3067/4/4 3069/4/4
f 3069/4/4 3067/4/4 3070/4/4
f 3068/4/4 3069/4/4 3073/4/4
f 3070/4/4 3071/4/4 3073/4/4
f 3069/4/4 3070/4/4 3073/4/4
f 3073/4/4 3071/4/4 3074/4/4
f 3072/4/4 3073/4/4 3077/4/4
f 3074/4/4 3075/4/4 3077/4/4
f 3073/4/4 3074/4/4 3077/4/4
f 3076/4/4 3077/4/4 3078/4/4
f 3077/4/4 3075/4/4 3079/4/4
f 3078/4/4 3077/4/4 3079/4/4
f 3079/4/4 3075/4/4 3080/4/4
f 3080/4/4 3075/4/4 3081/4/4
f 3081/4/4 3075/4/4 3082/4/4
f 3082/4/4 3075/4/4 3083/4/4
f 3081/4/4 3082/4/4 3084/4/4
f 3084/4/4 3082/4/4 3085/4/4
f 3085/4/4 3082/4/4 3086/4/4
f 3086/4/4 3082/4/4 3087/4/4
f 3085/4/4 3086/4/4 3088/4/4
f 3088/4/4 3086/4/4 3089/4/4
f 3095/1/5 3091/1/5 3090/1/5
f 3096/1/5 3091/1/5 3095/1/5
f 3097/1/5 3093/1/5 3092/1/5
f 3098/1/5 3093/1/5 3097/1/5
f 3100/1/5 3096/1/5 3095/1/5
f 3100/1/5 3095/1/5 3094/1/5
f 3101/5/5 3097/5/5 3096/5/5
f 3101/1/5 3096/1/5 3100/1/5
f 3102/1/5 3099/1/5 3098/1/5
f 3102/5/5 3097/5/5 3101/5/5
f 3102/1/5 3098/1/5 3097/1/5
f 3103/1/5 3099/1/5 3102/1/5
f 3104/1/5 3100/1/5 3094/1/5
f 3105/1/5 3100/1/5 3104/1/5
f 3106/1/5 3099/1/5 3103/1/5
f 3107/1/5 3099/1/5 3106/1/5
f 3108/1/5 3104/1/5 3094/1/5
f 3109/1/5 3104/1/5 3108/1/5
f 3110/1/5 3099/1/5 3107/1/5
f 3111/1/5 3099/1/5 3110/1/5
f 3112/5/5 3109/5/5 3108/5/5
f 3113/5/5 3109/5/5 3112/5/5
f 3114/5/5 3111/5/5 3110/5/5
f 3115/5/5 3111/5/5 3114/5/5
f 3116/1/5 3113/1/5 3112/1/5
f 3119/1/5 3115/1/5 3114/1/5
f 3120/1/5 3117/1/5 3116/1/5
f 3123/1/5 3119/1/5 3118/1/5
f 3124/1/5 3116/1/5 3112/1/5
f 3124/1/5 3120/1/5 3116/1/5
f 3124/1/5 3121/1/5 3120/1/5
f 3125/1/5 3121/1/5 3124/1/5
f 3126/5/5 3122/5/5 3121/5/5
f 3126/1/5 3121/1/5 3125/1/5
f 3127/1/5 3123/1/5 3122/1/5
f 3127/5/5 3122/5/5 3126/5/5
f 3128/1/5 3119/1/5 3123/1/5
f 3128/1/5 3123/1/5 3127/1/5
f 3129/1/5 3115/1/5 3119/1/5
f 3129/1/5 3119/1/5 3128/1/5
f 3130/1/5 3126/1/5 3125/1/5
f 3131/1/5 3126/1/5 3130/1/5
f 3132/1/5 3128/1/5 3127/1/5
f 3133/1/5 3128/1/5 3132/1/5
f 3140/1/5 3135/1/5 3134/1/5
f 3141/1/5 3135/1/5 3140/1/5
f 3142/4/5 3137/4/5 3136/4/5
f 3143/4/5 3137/4/5 3142/4/5
f 3147/1/5 3139/1/5 3138/1/5
f 3148/1/5 3139/1/5 3147/1/5
f 3149/4/5 3141/4/5 3140/4/5
f 3150/5/5 3142/5/5 3141/5/5
f 3150/4/5 3141/4/5 3149/4/5
f 3151/4/5 3143/4/5 3142/4/5
f 3151/5/5 3142/5/5 3150/5/5
f 3152/4/5 3143/4/5 3151/4/5
f 3153/1/5 3145/1/5 3144/1/5
f 3154/1/5 3145/1/5 3153/1/5
f 3161/5/5 3157/5/5 3156/5/5
f 3161/5/5 3159/5/5 3158/5/5
f 3161/5/5 3158/5/5 3157/5/5
f 3162/5/5 3159/5/5 3161/5/5
f 3164/1/5 3147/1/5 3146/1/5
f 3165/5/5 3163/5/5 3162/5/5
f 3165/5/5 3161/5/5 3160/5/5
f 3165/5/5 3162/5/5 3161/5/5
f 3166/5/5 3163/5/5 3165/5/5
f 3167/1/5 3155/1/5 3154/1/5
f 3168/1/5 3164/1/5 3146/1/5
f 3169/5/5 3166/5/5 3165/5/5
f 3170/5/5 3166/5/5 3169/5/5
f 3171/1/5 3155/1/5 3167/1/5
f 3172/5/5 3170/5/5 3169/5/5
f 3173/5/5 3170/5/5 3172/5/5
f 3174/5/5 3170/5/5 3173/5/5
f 3175/5/5 3170/5/5 3174/5/5
f 3176/5/5 3174/5/5 3173/5/5
f 3177/5/5 3174/5/5 3176/5/5
f 3178/5/5 3174/5/5 3177/5/5
f 3179/5/5 3174/5/5 3178/5/5
f 3180/1/5 3168/1/5 3146/1/5
f 3181/1/5 3168/1/5 3180/1/5
f 3188/1/5 3155/1/5 3171/1/5
f 3189/1/5 3155/1/5 3188/1/5
f 3190/1/5 3182/1/5 3181/1/5
f 3191/1/5 3182/1/5 3190/1/5
f 3192/4/5 3184/4/5 3183/4/5
f 3193/5/5 3185/5/5 3184/5/5
f 3193/4/5 3184/4/5 3192/4/5
f 3194/4/5 3186/4/5 3185/4/5
f 3194/5/5 3185/5/5 3193/5/5
f 3195/4/5 3186/4/5 3194/4/5
f 3196/1/5 3188/1/5 3187/1/5
f 3197/1/5 3188/1/5 3196/1/5
f 3198/1/5 3193/1/5 3192/1/5
f 3199/1/5 3193/1/5 3198/1/5
f 3200/1/5 3195/1/5 3194/1/5
f 3201/1/5 3195/1/5 3200/1/5
f 3210/1/5 3203/1/5 3202/1/5
f 3211/1/5 3203/1/5 3210/1/5
f 3212/4/5 3205/4/5 3204/4/5
f 3213/4/5 3205/4/5 3212/4/5
f 3214/4/5 3207/4/5 3206/4/5
f 3215/4/5 3207/4/5 3214/4/5
f 3218/1/5 3209/1/5 3208/1/5
f 3219/1/5 3209/1/5 3218/1/5
f 3220/1/5 3217/1/5 3216/1/5
f 3221/1/5 3217/1/5 3220/1/5
f 3226/1/5 3223/1/5 3222/1/5
f 3227/1/5 3223/1/5 3226/1/5
f 3228/1/5 3225/1/5 3224/1/5
f 3229/1/5 3225/1/5 3228/1/5
f 3234/1/5 3231/1/5 3230/1/5
f 3235/1/5 3231/1/5 3234/1/5
f 3242/1/5 3233/1/5 3232/1/5
f 3243/1/5 3233/1/5 3242/1/5
f 3244/1/5 3237/1/5 3236/1/5
f 3245/1/5 3237/1/5 3244/1/5
f 3246/4/5 3239/4/5 3238/4/5
f 3247/4/5 3239/4/5 3246/4/5
f 3248/1/5 3241/1/5 3240/1/5
f 3249/1/5 3241/1/5 3248/1/5
f 3254/4/5 3251/4/5 3250/4/5
f 3255/4/5 3251/4/5 3254/4/5
f 3256/4/5 3251/4/5 3255/4/5
f 3259/1/5 3253/1/5 3252/1/5
f 3260/1/5 3253/1/5 3259/1/5
f 3261/4/5 3258/4/5 3257/4/5
f 3262/4/5 3258/4/5 3261/4/5
f 3267/1/5 3264/1/5 3263/1/5
f 3268/1/5 3264/1/5 3267/1/5
f 3269/1/5 3266/1/5 3265/1/5
f 3270/1/5 3266/1/5 3269/1/5
f 3275/4/5 3272/4/5 3271/4/5
f 3276/4/5 3272/4/5 3275/4/5
f 3277/4/5 3274/4/5 3273/4/5
f 3278/4/5 3274/4/5 3277/4/5
f 3283/1/5 3280/1/5 3279/1/5
f 3284/1/5 3280/1/5 3283/1/5
f 3285/1/5 3282/1/5 3281/1/5
f 3286/1/5 3282/1/5 3285/1/5
f 3291/1/5 3288/1/5 3287/1/5
f 3292/1/5 3288/1/5 3291/1/5
f 3297/1/5 3290/1/5 3289/1/5
f 3298/1/5 3290/1/5 3297/1/5
f 3299/4/5 3296/4/5 3295/4/5
f 3299/4/5 3294/4/5 3293/4/5
f 3299/4/5 3295/4/5 3294/4/5
f 3300/4/5 3296/4/5 3299/4/5
f 3305/4/5 3302/4/5 3301/4/5
f 3306/4/5 3302/4/5 3305/4/5
f 3307/4/5 3304/4/5 3303/4/5
f 3308/4/5 3304/4/5 3307/4/5
f 3313/4/5 3310/4/5 3309/4/5
f 3314/4/5 3310/4/5 3313/4/5
f 3315/4/5 3312/4/5 3311/4/5
f 3316/4/5 3312/4/5 3315/4/5
f 3321/4/5 3318/4/5 3317/4/5
f 3322/4/5 3318/4/5 3321/4/5
f 3323/4/5 3320/4/5 3319/4/5
f 3324/4/5 3320/4/5 3323/4/5
f 3329/4/5 3326/4/5 3325/4/5
f 3330/4/5 3326/4/5 3329/4/5
f 3331/4/5 3328/4/5 3327/4/5
f 3332/4/5 3328/4/5 3331/4/5
f 3339/4/5 3334/4/5 3333/4/5
f 3340/4/5 3334/4/5 3339/4/5
f 3341/4/5 3336/4/5 3335/4/5
f 3342/4/5 3336/4/5 3341/4/5
f 3346/4/5 3338/4/5 3337/4/5
f 3347/4/5 3338/4/5 3346/4/5
f 3348/4/5 3344/4/5 3343/4/5
f 3349/4/5 3344/4/5 3348/4/5
f 3351/4/5 3346/4/5 3345/4/5
f 3352/4/5 3346/4/5 3351/4/5
f 3353/4/5 3350/4/5 3349/4/5
f 3354/4/5 3350/4/5 3353/4/5
f 3359/4/5 3356/4/5 3355/4/5
f 3360/4/5 3356/4/5 3359/4/5
f 3361/4/5 3358/4/5 3357/4/5
f 3362/4/5 3358/4/5 3361/4/5
f 3367/4/5 3364/4/5 3363/4/5
f 3368/4/5 3364/4/5 3367/4/5
f 3369/4/5 3366/4/5 3365/4/5
f 3370/4/5 3366/4/5 3369/4/5
f 3375/4/5 3372/4/5 3371/4/5
f 3376/4/5 3372/4/5 3375/4/5
f 3379/4/5 3374/4/5 3373/4/5
f 3380/4/5 3374/4/5 3379/4/5
f 3381/4/5 3377/4/5 3376/4/5
f 3382/4/5 3377/4/5 3381/4/5
f 3387/4/5 3379/4/5 3378/4/5
f 3388/4/5 3379/4/5 3387/4/5
f 3389/4/5 3384/4/5 3383/4/5
f 3390/4/5 3384/4/5 3389/4/5
f 3391/4/5 3386/4/5 3385/4/5
f 3392/4/5 3386/4/5 3391/4/5
f 3397/4/5 3394/4/5 3393/4/5
f 3398/4/5 3394/4/5 3397/4/5
f 3399/4/5 3396/4/5 3395/4/5
f 3400/4/5 3396/4/5 3399/4/5
f 3405/4/5 3402/4/5 3401/4/5
f 3406/4/5 3402/4/5 3405/4/5
f 3407/4/5 3404/4/5 3403/4/5
f 3408/4/5 3404/4/5 3407/4/5
f 3413/4/5 3410/4/5 3409/4/5
f 3414/4/5 3410/4/5 3413/4/5
f 3415/4/5 3412/4/5 3411/4/5
f 3416/4/5 3412/4/5 3415/4/5
f 3421/4/5 3418/4/5 3417/4/5
f 3422/4/5 3418/4/5 3421/4/5
f 3423/4/5 3420/4/5 3419/4/5
f 3424/4/5 3420/4/5 3423/4/5
f 3430/2/5 3426/2/5 3425/2/5
f 3431/2/5 3428/2/5 3427/2/5
f 3433/2/5 3430/2/5 3429/2/5
f 3434/2/5 3426/2/5 3430/2/5
f 3434/2/5 3430/2/5 3433/2/5
f 3435/2/5 3432/2/5 3431/2/5
f 3435/2/5 3431/2/5 3427/2/5
f 3436/2/5 3432/2/5 3435/2/5
f 3441/2/5 3438/2/5 3437/2/5
f 3442/2/5 3438/2/5 3441/2/5
f 3443/2/5 3440/2/5 3439/2/5
f 3444/2/5 3440/2/5 3443/2/5
f 3445/2/5 3438/2/5 3442/2/5
f 3446/2/5 3438/2/5 3445/2/5
f 3447/2/5 3443/2/5 3439/2/5
f 3448/2/5 3443/2/5 3447/2/5
f 3453/2/5 3450/2/5 3449/2/5
f 3454/2/5 3450/2/5 3453/2/5
f 3455/2/5 3452/2/5 3451/2/5
f 3456/2/5 3452/2/5 3455/2/5
f 3461/3/5 3458/3/5 3457/3/5
f 3462/3/5 3458/3/5 3461/3/5
f 3463/3/5 3460/3/5 3459/3/5
f 3464/3/5 3460/3/5 3463/3/5
f 3469/2/5 3466/2/5 3465/2/5
f 3470/2/5 3466/2/5 3469/2/5
f 3471/2/5 3468/2/5 3467/2/5
f 3472/2/5 3468/2/5 3471/2/5
f 3477/2/5 3474/2/5 3473/2/5
f 3478/2/5 3474/2/5 3477/2/5
f 3479/2/5 3476/2/5 3475/2/5
f 3480/2/5 3476/2/5 3479/2/5
f 3481/2/5 3477/2/5 3473/2/5
f 3482/2/5 3477/2/5 3481/2/5
f 3487/2/5 3476/2/5 3480/2/5
f 3488/2/5 3476/2/5 3487/2/5
f 3489/2/5 3484/2/5 3483/2/5
f 3490/2/5 3486/2/5 3485/2/5
f 3491/2/5 3484/2/5 3489/2/5
f 3492/2/5 3490/2/5 3485/2/5
f 3495/2/5 3484/2/5 3491/2/5
f 3496/2/5 3484/2/5 3495/2/5
f 3497/2/5 3492/2/5 3485/2/5
f 3498/2/5 3492/2/5 3497/2/5
f 3501/2/5 3494/2/5 3493/2/5
f 3504/2/5 3500/2/5 3499/2/5
f 3505/2/5 3502/2/5 3501/2/5
f 3505/2/5 3501/2/5 3493/2/5
f 3506/2/5 3502/2/5 3505/2/5
f 3507/2/5 3504/2/5 3503/2/5
f 3508/2/5 3500/2/5 3504/2/5
f 3508/2/5 3504/2/5 3507/2/5
f 3517/4/5 3512/4/5 3511/4/5
f 3518/4/5 3512/4/5 3517/4/5
f 3519/4/5 3514/4/5 3513/4/5
f 3520/4/5 3514/4/5 3519/4/5
f 3521/2/5 3510/2/5 3509/2/5
f 3522/2/5 3510/2/5 3521/2/5
f 3523/2/5 3516/2/5 3515/2/5
f 3524/2/5 3516/2/5 3523/2/5
f 3527/2/5 3526/2/5 3525/2/5
f 3528/2/5 3526/2/5 3527/2/5
f 3537/2/5 3530/2/5 3529/2/5
f 3538/2/5 3530/2/5 3537/2/5
f 3539/4/5 3534/4/5 3533/4/5
f 3540/4/5 3534/4/5 3539/4/5
f 3541/4/5 3536/4/5 3535/4/5
f 3542/4/5 3536/4/5 3541/4/5
f 3543/2/5 3532/2/5 3531/2/5
f 3544/2/5 3532/2/5 3543/2/5
f 3551/1/5 3546/1/5 3545/1/5
f 3552/1/5 3546/1/5 3551/1/5
f 3554/4/5 3548/4/5 3547/4/5
f 3555/4/5 3548/4/5 3554/4/5
f 3556/4/5 3548/4/5 3555/4/5
f 3557/4/5 3548/4/5 3556/4/5
f 3559/1/5 3550/1/5 3549/1/5
f 3560/1/5 3550/1/5 3559/1/5
f 3561/2/5 3552/2/5 3551/2/5
f 3562/2/5 3552/2/5 3561/2/5
f 3565/4/5 3554/4/5 3553/4/5
f 3565/4/5 3555/4/5 3554/4/5
f 3566/4/5 3555/4/5 3565/4/5
f 3567/4/5 3558/4/5 3557/4/5
f 3567/4/5 3557/4/5 3556/4/5
f 3568/4/5 3558/4/5 3567/4/5
f 3571/2/5 3560/2/5 3559/2/5
f 3572/2/5 3560/2/5 3571/2/5
f 3573/3/5 3564/3/5 3563/3/5
f 3574/3/5 3564/3/5 3573/3/5
f 3575/4/5 3565/4/5 3553/4/5
f 3576/4/5 3565/4/5 3575/4/5
f 3581/4/5 3558/4/5 3568/4/5
f 3582/4/5 3558/4/5 3581/4/5
f 3583/3/5 3570/3/5 3569/3/5
f 3584/3/5 3570/3/5 3583/3/5
f 3585/4/5 3575/4/5 3553/4/5
f 3587/2/5 3578/2/5 3577/2/5
f 3588/2/5 3580/2/5 3579/2/5
f 3590/4/5 3558/4/5 3582/4/5
f 3591/4/5 3575/4/5 3585/4/5
f 3592/2/5 3587/2/5 3586/2/5
f 3593/2/5 3578/2/5 3587/2/5
f 3593/2/5 3587/2/5 3592/2/5
f 3594/2/5 3589/2/5 3588/2/5
f 3594/2/5 3588/2/5 3579/2/5
f 3595/2/5 3589/2/5 3594/2/5
f 3596/4/5 3590/4/5 3582/4/5
f 3599/4/5 3575/4/5 3591/4/5
f 3601/2/5 3578/2/5 3593/2/5
f 3602/2/5 3578/2/5 3601/2/5
f 3603/2/5 3594/2/5 3579/2/5
f 3604/2/5 3594/2/5 3603/2/5
f 3606/4/5 3596/4/5 3582/4/5
f 3611/3/5 3598/3/5 3597/3/5
f 3612/3/5 3598/3/5 3611/3/5
f 3613/4/5 3600/4/5 3599/4/5
f 3616/4/5 3606/4/5 3605/4/5
f 3617/3/5 3608/3/5 3607/3/5
f 3618/3/5 3608/3/5 3617/3/5
f 3621/2/5 3610/2/5 3609/2/5
f 3622/2/5 3610/2/5 3621/2/5
f 3623/4/5 3614/4/5 3613/4/5
f 3623/4/5 3599/4/5 3591/4/5
f 3623/4/5 3613/4/5 3599/4/5
f 3624/4/5 3614/4/5 3623/4/5
f 3625/4/5 3614/4/5 3624/4/5
f 3626/4/5 3616/4/5 3615/4/5
f 3627/4/5 3606/4/5 3616/4/5
f 3627/4/5 3596/4/5 3606/4/5
f 3627/4/5 3616/4/5 3626/4/5
f 3628/4/5 3596/4/5 3627/4/5
f 3629/2/5 3620/2/5 3619/2/5
f 3630/2/5 3620/2/5 3629/2/5
f 3631/1/5 3622/1/5 3621/1/5
f 3632/1/5 3622/1/5 3631/1/5
f 3633/4/5 3626/4/5 3625/4/5
f 3633/4/5 3625/4/5 3624/4/5
f 3633/4/5 3627/4/5 3626/4/5
f 3634/4/5 3627/4/5 3633/4/5
f 3635/1/5 3630/1/5 3629/1/5
f 3636/1/5 3630/1/5 3635/1/5
f 3644/2/5 3638/2/5 3637/2/5
f 3645/2/5 3638/2/5 3644/2/5
f 3650/4/5 3640/4/5 3639/4/5
f 3651/4/5 3640/4/5 3650/4/5
f 3652/4/5 3640/4/5 3651/4/5
f 3653/4/5 3640/4/5 3652/4/5
f 3658/2/5 3642/2/5 3641/2/5
f 3659/2/5 3642/2/5 3658/2/5
f 3661/1/5 3644/1/5 3643/1/5
f 3662/2/5 3645/2/5 3644/2/5
f 3662/1/5 3644/1/5 3661/1/5
f 3663/3/5 3646/3/5 3645/3/5
f 3663/2/5 3645/2/5 3662/2/5
f 3664/3/5 3646/3/5 3663/3/5
f 3665/3/5 3648/3/5 3647/3/5
f 3666/3/5 3648/3/5 3665/3/5
f 3670/4/5 3650/4/5 3649/4/5
f 3670/4/5 3651/4/5 3650/4/5
f 3671/4/5 3651/4/5 3670/4/5
f 3672/2/5 3652/2/5 3651/2/5
f 3672/4/5 3651/4/5 3671/4/5
f 3673/4/5 3653/4/5 3652/4/5
f 3673/2/5 3652/2/5 3672/2/5
f 3673/4/5 3654/4/5 3653/4/5
f 3674/4/5 3654/4/5 3673/4/5
f 3675/4/5 3654/4/5 3674/4/5
f 3679/3/5 3656/3/5 3655/3/5
f 3680/3/5 3656/3/5 3679/3/5
f 3681/3/5 3658/3/5 3657/3/5
f 3682/2/5 3659/2/5 3658/2/5
f 3682/3/5 3658/3/5 3681/3/5
f 3683/1/5 3660/1/5 3659/1/5
f 3683/2/5 3659/2/5 3682/2/5
f 3684/1/5 3660/1/5 3683/1/5
f 3685/2/5 3662/2/5 3661/2/5
f 3685/3/5 3663/3/5 3662/3/5
f 3686/3/5 3663/3/5 3685/3/5
f 3687/4/5 3671/4/5 3670/4/5
f 3687/4/5 3670/4/5 3669/4/5
f 3688/2/5 3672/2/5 3671/2/5
f 3688/4/5 3671/4/5 3687/4/5
f 3689/2/5 3672/2/5 3688/2/5
f 3690/2/5 3672/2/5 3689/2/5
f 3691/2/5 3674/2/5 3673/2/5
f 3692/2/5 3674/2/5 3691/2/5
f 3693/4/5 3676/4/5 3675/4/5
f 3693/2/5 3674/2/5 3692/2/5
f 3693/4/5 3675/4/5 3674/4/5
f 3694/4/5 3676/4/5 3693/4/5
f 3695/3/5 3683/3/5 3682/3/5
f 3696/2/5 3684/2/5 3683/2/5
f 3696/3/5 3683/3/5 3695/3/5
f 3697/2/5 3685/2/5 3661/2/5
f 3699/4/5 3687/4/5 3669/4/5
f 3699/2/5 3689/2/5 3688/2/5
f 3699/2/5 3688/2/5 3687/2/5
f 3700/2/5 3689/2/5 3699/2/5
f 3701/2/5 3689/2/5 3700/2/5
f 3704/2/5 3694/2/5 3693/2/5
f 3704/2/5 3693/2/5 3692/2/5
f 3705/2/5 3694/2/5 3704/2/5
f 3706/4/5 3676/4/5 3694/4/5
f 3706/2/5 3694/2/5 3705/2/5
f 3708/2/5 3684/2/5 3696/2/5
f 3709/2/5 3697/2/5 3661/2/5
f 3710/3/5 3698/3/5 3697/3/5
f 3710/2/5 3697/2/5 3709/2/5
f 3711/3/5 3698/3/5 3710/3/5
f 3715/3/5 3668/3/5 3667/3/5
f 3716/3/5 3668/3/5 3715/3/5
f 3717/4/5 3699/4/5 3669/4/5
f 3717/4/5 3700/4/5 3699/4/5
f 3718/4/5 3700/4/5 3717/4/5
f 3719/2/5 3702/2/5 3701/2/5
f 3719/4/5 3700/4/5 3718/4/5
f 3719/2/5 3701/2/5 3700/2/5
f 3720/2/5 3702/2/5 3719/2/5
f 3721/2/5 3705/2/5 3704/2/5
f 3721/2/5 3704/2/5 3703/2/5
f 3722/4/5 3706/4/5 3705/4/5
f 3722/2/5 3705/2/5 3721/2/5
f 3723/4/5 3676/4/5 3706/4/5
f 3723/4/5 3706/4/5 3722/4/5
f 3724/4/5 3676/4/5 3723/4/5
f 3725/3/5 3678/3/5 3677/3/5
f 3726/3/5 3678/3/5 3725/3/5
f 3730/3/5 3708/3/5 3707/3/5
f 3731/2/5 3684/2/5 3708/2/5
f 3731/3/5 3708/3/5 3730/3/5
f 3732/2/5 3684/2/5 3731/2/5
f 3733/1/5 3710/1/5 3709/1/5
f 3734/2/5 3711/2/5 3710/2/5
f 3734/1/5 3710/1/5 3733/1/5
f 3735/3/5 3712/3/5 3711/3/5
f 3735/2/5 3711/2/5 3734/2/5
f 3736/3/5 3712/3/5 3735/3/5
f 3737/3/5 3714/3/5 3713/3/5
f 3738/3/5 3714/3/5 3737/3/5
f 3739/4/5 3720/4/5 3719/4/5
f 3739/4/5 3719/4/5 3718/4/5
f 3740/4/5 3720/4/5 3739/4/5
f 3741/2/5 3721/2/5 3720/2/5
f 3741/4/5 3720/4/5 3740/4/5
f 3742/4/5 3722/4/5 3721/4/5
f 3742/2/5 3721/2/5 3741/2/5
f 3742/4/5 3723/4/5 3722/4/5
f 3743/4/5 3723/4/5 3742/4/5
f 3744/4/5 3723/4/5 3743/4/5
f 3745/3/5 3728/3/5 3727/3/5
f 3746/3/5 3728/3/5 3745/3/5
f 3747/3/5 3730/3/5 3729/3/5
f 3748/2/5 3731/2/5 3730/2/5
f 3748/3/5 3730/3/5 3747/3/5
f 3749/1/5 3732/1/5 3731/1/5
f 3749/2/5 3731/2/5 3748/2/5
f 3750/1/5 3732/1/5 3749/1/5
f 3751/2/5 3735/2/5 3734/2/5
f 3752/2/5 3735/2/5 3751/2/5
f 3753/4/5 3741/4/5 3740/4/5
f 3753/4/5 3743/4/5 3742/4/5
f 3753/4/5 3742/4/5 3741/4/5
f 3754/4/5 3743/4/5 3753/4/5
f 3755/2/5 3749/2/5 3748/2/5
f 3756/2/5 3749/2/5 3755/2/5
f 3762/3/5 3758/3/5 3757/3/5
f 3763/3/5 3758/3/5 3762/3/5
f 3766/3/5 3760/3/5 3759/3/5
f 3767/3/5 3760/3/5 3766/3/5
f 3770/3/5 3764/3/5 3763/3/5
f 3770/3/5 3762/3/5 3761/3/5
f 3770/3/5 3763/3/5 3762/3/5
f 3771/3/5 3768/3/5 3767/3/5
f 3771/3/5 3767/3/5 3766/3/5
f 3771/3/5 3766/3/5 3765/3/5
f 3773/3/5 3770/3/5 3769/3/5
f 3774/3/5 3764/3/5 3770/3/5
f 3774/3/5 3770/3/5 3773/3/5
f 3775/3/5 3772/3/5 3771/3/5
f 3775/3/5 3771/3/5 3765/3/5
f 3776/3/5 3772/3/5 3775/3/5
f 3777/3/5 3764/3/5 3774/3/5
f 3778/3/5 3764/3/5 3777/3/5
f 3779/3/5 3764/3/5 3778/3/5
f 3780/3/5 3764/3/5 3779/3/5
f 3781/3/5 3775/3/5 3765/3/5
f 3782/3/5 3775/3/5 3781/3/5
f 3783/3/5 3775/3/5 3782/3/5
f 3784/3/5 3775/3/5 3783/3/5
f 3785/3/5 3779/3/5 3778/3/5
f 3786/3/5 3779/3/5 3785/3/5
f 3787/3/5 3783/3/5 3782/3/5
f 3788/3/5 3783/3/5 3787/3/5
f 3793/2/5 3790/2/5 3789/2/5
f 3794/2/5 3790/2/5 3793/2/5
f 3798/2/5 3792/2/5 3791/2/5
f 3799/2/5 3792/2/5 3798/2/5
f 3800/2/5 3796/2/5 3795/2/5
f 3801/2/5 3796/2/5 3800/2/5
f 3803/2/5 3798/2/5 3797/2/5
f 3804/2/5 3798/2/5 3803/2/5
f 3807/2/5 3802/2/5 3801/2/5
f 3808/2/5 3802/2/5 3807/2/5
f 3809/2/5 3805/2/5 3804/2/5
f 3810/2/5 3805/2/5 3809/2/5
f 3811/2/5 3807/2/5 3806/2/5
f 3812/2/5 3807/2/5 3811/2/5
f 3817/2/5 3814/2/5 3813/2/5
f 3818/2/5 3814/2/5 3817/2/5
f 3819/2/5 3816/2/5 3815/2/5
f 3820/2/5 3816/2/5 3819/2/5
f 3825/2/5 3822/2/5 3821/2/5
f 3826/2/5 3822/2/5 3825/2/5
f 3827/2/5 3824/2/5 3823/2/5
f 3828/2/5 3824/2/5 3827/2/5
f 3835/2/5 3830/2/5 3829/2/5
f 3836/2/5 3830/2/5 3835/2/5
f 3837/2/5 3832/2/5 3831/2/5
f 3838/2/5 3832/2/5 3837/2/5
f 3841/2/5 3834/2/5 3833/2/5
f 3842/2/5 3834/2/5 3841/2/5
f 3843/2/5 3840/2/5 3839/2/5
f 3844/2/5 3840/2/5 3843/2/5
f 3847/7/5 3846/7/5 3845/7/5
f 3848/7/5 3846/7/5 3847/7/5
f 3855/2/5 3850/2/5 3849/2/5
f 3856/2/5 3850/2/5 3855/2/5
f 3857/2/5 3852/2/5 3851/2/5
f 3858/2/5 3852/2/5 3857/2/5
f 3859/2/5 3854/2/5 3853/2/5
f 3860/2/5 3854/2/5 3859/2/5
f 3865/2/5 3862/2/5 3861/2/5
f 3866/2/5 3862/2/5 3865/2/5
f 3867/2/5 3864/2/5 3863/2/5
f 3868/2/5 3864/2/5 3867/2/5
f 3873/2/5 3870/2/5 3869/2/5
f 3874/2/5 3870/2/5 3873/2/5
f 3875/2/5 3872/2/5 3871/2/5
f 3876/2/5 3872/2/5 3875/2/5
f 3881/2/5 3878/2/5 3877/2/5
f 3882/2/5 3878/2/5 3881/2/5
f 3887/2/5 3880/2/5 3879/2/5
f 3888/2/5 3880/2/5 3887/2/5
f 3889/2/5 3884/2/5 3883/2/5
f 3890/2/5 3884/2/5 3889/2/5
f 3891/2/5 3886/2/5 3885/2/5
f 3892/2/5 3886/2/5 3891/2/5
f 3897/2/5 3894/2/5 3893/2/5
f 3898/2/5 3894/2/5 3897/2/5
f 3899/2/5 3896/2/5 3895/2/5
f 3900/2/5 3896/2/5 3899/2/5
f 3903/2/5 3902/2/5 3901/2/5
f 3904/2/5 3902/2/5 3903/2/5
f 3905/1/6 3906/1/6 3909/1/6
f 3909/1/6 3906/1/6 3910/1/6
f 3907/1/6 3908/1/6 3911/1/6
f 3911/1/6 3908/1/6 3912/1/6
f 3913/1/6 3914/1/6 3917/1/6
f 3917/1/6 3914/1/6 3918/1/6
f 3915/1/6 3916/1/6 3919/1/6
f 3919/1/6 3916/1/6 3920/1/6
f 3921/1/6 3922/1/6 3928/1/6
f 3922/4/6 3923/4/6 3929/4/6
f 3928/1/6 3922/1/6 3929/1/6
f 3923/5/6 3924/5/6 3930/5/6
f 3929/4/6 3923/4/6 3930/4/6
f 3924/4/6 3925/4/6 3931/4/6
f 3930/5/6 3924/5/6 3931/5/6
f 3925/1/6 3926/1/6 3932/1/6
f 3931/4/6 3925/4/6 3932/4/6
f 3932/1/6 3926/1/6 3933/1/6
f 3927/6/6 3928/6/6 3936/6/6
f 3928/6/6 3929/6/6 3936/6/6
f 3936/6/6 3929/6/6 3937/6/6
f 3937/6/6 3929/6/6 3938/6/6
f 3930/5/6 3931/5/6 3939/5/6
f 3938/6/6 3929/6/6 3939/6/6
f 3929/5/6 3930/5/6 3939/5/6
f 3931/5/6 3932/5/6 3939/5/6
f 3933/6/6 3934/6/6 3940/6/6
f 3939/5/6 3932/5/6 3940/5/6
f 3932/6/6 3933/6/6 3940/6/6
f 3940/6/6 3934/6/6 3941/6/6
f 3941/6/6 3934/6/6 3942/6/6
f 3942/6/6 3934/6/6 3943/6/6
f 3935/1/6 3936/1/6 3945/1/6
f 3937/6/6 3938/6/6 3946/6/6
f 3938/5/6 3939/5/6 3947/5/6
f 3939/5/6 3940/5/6 3947/5/6
f 3946/6/6 3938/6/6 3947/6/6
f 3940/5/6 3941/5/6 3947/5/6
f 3941/6/6 3942/6/6 3948/6/6
f 3947/5/6 3941/5/6 3948/5/6
f 3948/6/6 3942/6/6 3949/6/6
f 3943/1/6 3944/1/6 3950/1/6
f 3935/1/6 3945/1/6 3951/1/6
f 3945/6/6 3946/6/6 3951/6/6
f 3948/5/6 3949/5/6 3952/5/6
f 3951/6/6 3946/6/6 3952/6/6
f 3946/5/6 3947/5/6 3952/5/6
f 3947/5/6 3948/5/6 3952/5/6
f 3949/6/6 3950/6/6 3953/6/6
f 3952/5/6 3949/5/6 3953/5/6
f 3950/1/6 3944/1/6 3954/1/6
f 3953/6/6 3950/6/6 3954/6/6
f 3951/5/6 3952/5/6 3955/5/6
f 3952/5/6 3953/5/6 3955/5/6
f 3953/5/6 3954/5/6 3955/5/6
f 3935/1/6 3951/1/6 3955/1/6
f 3955/5/6 3954/5/6 3956/5/6
f 3956/5/6 3954/5/6 3957/5/6
f 3954/1/6 3944/1/6 3958/1/6
f 3957/5/6 3954/5/6 3958/5/6
f 3935/1/6 3955/1/6 3959/1/6
f 3955/6/6 3956/6/6 3959/6/6
f 3956/5/6 3957/5/6 3960/5/6
f 3959/6/6 3956/6/6 3960/6/6
f 3960/5/6 3957/5/6 3961/5/6
f 3961/5/6 3957/5/6 3962/5/6
f 3957/6/6 3958/6/6 3963/6/6
f 3962/5/6 3957/5/6 3963/5/6
f 3958/1/6 3944/1/6 3964/1/6
f 3963/6/6 3958/6/6 3964/6/6
f 3935/1/6 3959/1/6 3965/1/6
f 3965/1/6 3959/1/6 3966/1/6
f 3960/6/6 3961/6/6 3967/6/6
f 3961/5/6 3962/5/6 3968/5/6
f 3967/6/6 3961/6/6 3968/6/6
f 3968/5/6 3962/5/6 3969/5/6
f 3969/5/6 3962/5/6 3970/5/6
f 3962/6/6 3963/6/6 3971/6/6
f 3970/5/6 3962/5/6 3971/5/6
f 3971/6/6 3963/6/6 3972/6/6
f 3964/1/6 3944/1/6 3973/1/6
f 3973/1/6 3944/1/6 3974/1/6
f 3966/6/6 3967/6/6 3975/6/6
f 3967/6/6 3968/6/6 3975/6/6
f 3968/6/6 3969/6/6 3975/6/6
f 3975/6/6 3969/6/6 3976/6/6
f 3969/5/6 3970/5/6 3977/5/6
f 3976/6/6 3969/6/6 3977/6/6
f 3977/5/6 3970/5/6 3978/5/6
f 3978/5/6 3970/5/6 3979/5/6
f 3971/6/6 3972/6/6 3980/6/6
f 3979/5/6 3970/5/6 3980/5/6
f 3972/6/6 3973/6/6 3980/6/6
f 3970/6/6 3971/6/6 3980/6/6
f 3980/6/6 3973/6/6 3981/6/6
f 3981/6/6 3973/6/6 3982/6/6
f 3976/1/6 3977/1/6 3983/1/6
f 3977/4/6 3978/4/6 3984/4/6
f 3983/1/6 3977/1/6 3984/1/6
f 3978/5/6 3979/5/6 3985/5/6
f 3984/4/6 3978/4/6 3985/4/6
f 3979/4/6 3980/4/6 3986/4/6
f 3985/5/6 3979/5/6 3986/5/6
f 3980/1/6 3981/1/6 3987/1/6
f 3986/4/6 3980/4/6 3987/4/6
f 3987/1/6 3981/1/6 3988/1/6
f 3989/1/6 3990/1/6 3994/1/6
f 3994/1/6 3990/1/6 3995/1/6
f 3991/1/6 3992/1/6 3996/1/6
f 3996/1/6 3992/1/6 3997/1/6
f 3993/1/6 3994/1/6 3999/1/6
f 3999/1/6 3994/1/6 4000/1/6
f 3997/1/6 3998/1/6 4001/1/6
f 4001/1/6 3998/1/6 4002/1/6
f 4003/1/6 4004/1/6 4007/1/6
f 4007/1/6 4004/1/6 4008/1/6
f 4005/1/6 4006/1/6 4011/1/6
f 4011/1/6 4006/1/6 4012/1/6
f 4008/1/6 4009/1/6 4013/1/6
f 4013/1/6 4009/1/6 4014/1/6
f 4010/1/6 4011/1/6 4015/1/6
f 4015/1/6 4011/1/6 4016/1/6
f 4017/4/6 4018/4/6 4021/4/6
f 4021/4/6 4018/4/6 4022/4/6
f 4019/4/6 4020/4/6 4023/4/6
f 4023/4/6 4020/4/6 4024/4/6
f 4025/4/6 4026/4/6 4029/4/6
f 4029/4/6 4026/4/6 4030/4/6
f 4027/4/6 4028/4/6 4031/4/6
f 4031/4/6 4028/4/6 4032/4/6
f 4033/4/6 4034/4/6 4037/4/6
f 4037/4/6 4034/4/6 4038/4/6
f 4035/4/6 4036/4/6 4039/4/6
f 4039/4/6 4036/4/6 4040/4/6
f 4041/4/6 4042/4/6 4045/4/6
f 4045/4/6 4042/4/6 4046/4/6
f 4043/4/6 4044/4/6 4047/4/6
f 4047/4/6 4044/4/6 4048/4/6
f 4049/4/6 4050/4/6 4053/4/6
f 4053/4/6 4050/4/6 4054/4/6
f 4051/4/6 4052/4/6 4055/4/6
f 4055/4/6 4052/4/6 4056/4/6
f 4057/4/6 4058/4/6 4061/4/6
f 4061/4/6 4058/4/6 4062/4/6
f 4059/4/6 4060/4/6 4063/4/6
f 4063/4/6 4060/4/6 4064/4/6
f 4065/4/6 4066/4/6 4069/4/6
f 4069/4/6 4066/4/6 4070/4/6
f 4067/4/6 4068/4/6 4071/4/6
f 4071/4/6 4068/4/6 4072/4/6
f 4073/4/6 4074/4/6 4077/4/6
f 4077/4/6 4074/4/6 4078/4/6
f 4075/4/6 4076/4/6 4079/4/6
f 4079/4/6 4076/4/6 4080/4/6
f 4081/3/6 4082/3/6 4085/3/6
f 4085/3/6 4082/3/6 4086/3/6
f 4083/3/6 4084/3/6 4087/3/6
f 4087/3/6 4084/3/6 4088/3/6
f 4089/3/6 4090/3/6 4093/3/6
f 4093/3/6 4090/3/6 4094/3/6
f 4091/3/6 4092/3/6 4095/3/6
f 4095/3/6 4092/3/6 4096/3/6
f 4097/4/6 4098/4/6 4101/4/6
f 4101/4/6 4098/4/6 4102/4/6
f 4099/4/6 4100/4/6 4103/4/6
f 4103/4/6 4100/4/6 4104/4/6
f 4105/4/6 4106/4/6 4109/4/6
f 4109/4/6 4106/4/6 4110/4/6
f 4107/4/6 4108/4/6 4113/4/6
f 4113/4/6 4108/4/6 4114/4/6
f 4111/4/6 4112/4/6 4115/4/6
f 4115/4/6 4112/4/6 4116/4/6
f 4117/3/6 4118/3/6 4121/3/6
f 4121/3/6 4118/3/6 4122/3/6
f 4119/3/6 4120/3/6 4123/3/6
f 4123/3/6 4120/3/6 4124/3/6
f 4125/4/6 4126/4/6 4129/4/6
f 4129/4/6 4126/4/6 4130/4/6
f 4127/4/6 4128/4/6 4133/4/6
f 4133/4/6 4128/4/6 4134/4/6
f 4131/4/6 4132/4/6 4135/4/6
f 4135/4/6 4132/4/6 4136/4/6
f 4137/4/6 4138/4/6 4145/4/6
f 4145/4/6 4138/4/6 4146/4/6
f 4139/4/6 4140/4/6 4147/4/6
f 4147/4/6 4140/4/6 4148/4/6
f 4141/1/6 4142/1/6 4153/1/6
f 4153/1/6 4142/1/6 4154/1/6
f 4143/4/6 4144/4/6 4156/4/6
f 4149/4/6 4150/4/6 4157/4/6
f 4151/1/6 4152/1/6 4159/1/6
f 4159/1/6 4152/1/6 4160/1/6
f 4155/1/6 4156/1/6 4161/1/6
f 4156/4/6 4144/4/6 4162/4/6
f 4161/1/6 4156/1/6 4162/1/6
f 4162/4/6 4144/4/6 4163/4/6
f 4149/4/6 4157/4/6 4164/4/6
f 4157/1/6 4158/1/6 4165/1/6
f 4164/4/6 4157/4/6 4165/4/6
f 4165/1/6 4158/1/6 4166/1/6
f 4167/1/6 4168/1/6 4175/1/6
f 4168/4/6 4169/4/6 4176/4/6
f 4175/1/6 4168/1/6 4176/1/6
f 4170/4/6 4171/4/6 4177/4/6
f 4171/1/6 4172/1/6 4177/1/6
f 4177/1/6 4172/1/6 4178/1/6
f 4173/1/6 4174/1/6 4181/1/6
f 4181/1/6 4174/1/6 4182/1/6
f 4176/4/6 4169/4/6 4183/4/6
f 4183/4/6 4169/4/6 4184/4/6
f 4170/4/6 4177/4/6 4189/4/6
f 4189/4/6 4177/4/6 4190/4/6
f 4179/1/6 4180/1/6 4191/1/6
f 4191/1/6 4180/1/6 4192/1/6
f 4185/4/6 4186/4/6 4193/4/6
f 4193/4/6 4186/4/6 4194/4/6
f 4187/4/6 4188/4/6 4195/4/6
f 4195/4/6 4188/4/6 4196/4/6
f 4197/4/6 4198/4/6 4204/4/6
f 4204/4/6 4198/4/6 4205/4/6
f 4199/1/6 4200/1/6 4211/1/6
f 4211/1/6 4200/1/6 4212/1/6
f 4201/1/6 4202/1/6 4213/1/6
f 4213/1/6 4202/1/6 4214/1/6
f 4203/4/6 4204/4/6 4215/4/6
f 4204/4/6 4205/4/6 4215/4/6
f 4205/4/6 4206/4/6 4215/4/6
f 4215/4/6 4206/4/6 4216/4/6
f 4207/1/6 4208/1/6 4217/1/6
f 4217/1/6 4208/1/6 4218/1/6
f 4209/1/6 4210/1/6 4219/1/6
f 4219/1/6 4210/1/6 4220/1/6
f 4203/4/6 4215/4/6 4223/4/6
f 4223/4/6 4215/4/6 4224/4/6
f 4224/4/6 4215/4/6 4225/4/6
f 4216/4/6 4206/4/6 4226/4/6
f 4226/4/6 4206/4/6 4227/4/6
f 4227/4/6 4206/4/6 4228/4/6
f 4221/1/6 4222/1/6 4231/1/6
f 4222/4/6 4223/4/6 4232/4/6
f 4231/1/6 4222/1/6 4232/1/6
f 4223/4/6 4224/4/6 4232/4/6
f 4232/4/6 4224/4/6 4233/4/6
f 4233/4/6 4224/4/6 4234/4/6
f 4234/4/6 4224/4/6 4235/4/6
f 4228/4/6 4229/4/6 4236/4/6
f 4227/4/6 4228/4/6 4236/4/6
f 4236/4/6 4229/4/6 4237/4/6
f 4237/4/6 4229/4/6 4238/4/6
f 4229/1/6 4230/1/6 4239/1/6
f 4238/4/6 4229/4/6 4239/4/6
f 4239/1/6 4230/1/6 4240/1/6
f 4233/4/6 4234/4/6 4243/4/6
f 4243/4/6 4234/4/6 4244/4/6
f 4237/4/6 4238/4/6 4247/4/6
f 4247/4/6 4238/4/6 4248/4/6
f 4241/1/6 4242/1/6 4251/1/6
f 4244/4/6 4245/4/6 4252/4/6
f 4251/1/6 4242/1/6 4252/1/6
f 4242/4/6 4243/4/6 4252/4/6
f 4243/4/6 4244/4/6 4252/4/6
f 4252/4/6 4245/4/6 4253/4/6
f 4253/4/6 4245/4/6 4254/4/6
f 4248/4/6 4249/4/6 4257/4/6
f 4247/4/6 4248/4/6 4257/4/6
f 4246/4/6 4247/4/6 4257/4/6
f 4257/4/6 4249/4/6 4258/4/6
f 4249/1/6 4250/1/6 4259/1/6
f 4258/4/6 4249/4/6 4259/4/6
f 4259/1/6 4250/1/6 4260/1/6
f 4254/4/6 4255/4/6 4265/4/6
f 4253/4/6 4254/4/6 4265/4/6
f 4257/4/6 4258/4/6 4266/4/6
f 4256/4/6 4257/4/6 4266/4/6
f 4261/1/6 4262/1/6 4271/1/6
f 4271/1/6 4262/1/6 4272/1/6
f 4263/1/6 4264/1/6 4273/1/6
f 4273/1/6 4264/1/6 4274/1/6
f 4265/4/6 4266/4/6 4275/4/6
f 4253/4/6 4265/4/6 4275/4/6
f 4275/4/6 4266/4/6 4276/4/6
f 4266/4/6 4258/4/6 4277/4/6
f 4276/4/6 4266/4/6 4277/4/6
f 4277/4/6 4258/4/6 4278/4/6
f 4267/1/6 4268/1/6 4279/1/6
f 4279/1/6 4268/1/6 4280/1/6
f 4269/1/6 4270/1/6 4281/1/6
f 4281/1/6 4270/1/6 4282/1/6
f 4276/4/6 4277/4/6 4283/4/6
f 4283/4/6 4277/4/6 4284/4/6
f 4285/1/6 4286/1/6 4289/1/6
f 4289/1/6 4286/1/6 4290/1/6
f 4287/1/6 4288/1/6 4297/1/6
f 4297/1/6 4288/1/6 4298/1/6
f 4291/1/6 4292/1/6 4301/1/6
f 4301/1/6 4292/1/6 4302/1/6
f 4293/4/6 4294/4/6 4304/4/6
f 4304/4/6 4294/4/6 4305/4/6
f 4295/1/6 4296/1/6 4307/1/6
f 4307/1/6 4296/1/6 4308/1/6
f 4299/1/6 4300/1/6 4311/1/6
f 4311/1/6 4300/1/6 4312/1/6
f 4302/1/6 4292/1/6 4313/1/6
f 4313/1/6 4292/1/6 4314/1/6
f 4303/4/6 4304/4/6 4318/4/6
f 4318/4/6 4304/4/6 4319/4/6
f 4305/4/6 4306/4/6 4320/4/6
f 4320/4/6 4306/4/6 4321/4/6
f 4295/1/6 4307/1/6 4325/1/6
f 4325/1/6 4307/1/6 4326/1/6
f 4309/1/6 4310/1/6 4327/1/6
f 4327/1/6 4310/1/6 4328/1/6
f 4315/1/6 4316/1/6 4337/1/6
f 4337/1/6 4316/1/6 4338/1/6
f 4317/4/6 4318/4/6 4339/4/6
f 4339/4/6 4318/4/6 4340/4/6
f 4329/2/6 4330/2/6 4341/2/6
f 4330/1/6 4331/1/6 4342/1/6
f 4341/2/6 4330/2/6 4342/2/6
f 4331/2/6 4332/2/6 4343/2/6
f 4342/1/6 4331/1/6 4343/1/6
f 4343/2/6 4332/2/6 4344/2/6
f 4321/4/6 4322/4/6 4345/4/6
f 4345/4/6 4322/4/6 4346/4/6
f 4323/1/6 4324/1/6 4347/1/6
f 4347/1/6 4324/1/6 4348/1/6
f 4333/1/6 4334/1/6 4353/1/6
f 4353/1/6 4334/1/6 4354/1/6
f 4335/1/6 4336/1/6 4356/1/6
f 4340/4/6 4341/4/6 4357/4/6
f 4357/4/6 4341/4/6 4358/4/6
f 4344/4/6 4345/4/6 4359/4/6
f 4359/4/6 4345/4/6 4360/4/6
f 4349/1/6 4350/1/6 4361/1/6
f 4351/1/6 4352/1/6 4363/1/6
f 4363/1/6 4352/1/6 4364/1/6
f 4355/1/6 4356/1/6 4367/1/6
f 4356/1/6 4336/1/6 4368/1/6
f 4367/1/6 4356/1/6 4368/1/6
f 4358/4/6 4359/4/6 4369/4/6
f 4369/4/6 4359/4/6 4370/4/6
f 4361/1/6 4362/1/6 4371/1/6
f 4349/1/6 4361/1/6 4371/1/6
f 4371/1/6 4362/1/6 4372/1/6
f 4365/1/6 4366/1/6 4375/1/6
f 4375/1/6 4366/1/6 4376/1/6
f 4373/1/6 4374/1/6 4377/1/6
f 4377/1/6 4374/1/6 4378/1/6
f 4379/1/6 4380/1/6 4383/1/6
f 4383/1/6 4380/1/6 4384/1/6
f 4381/1/6 4382/1/6 4387/1/6
f 4387/1/6 4382/1/6 4388/1/6
f 4379/1/6 4383/1/6 4390/1/6
f 4390/1/6 4383/1/6 4391/1/6
f 4384/1/6 4385/1/6 4392/1/6
f 4392/1/6 4385/1/6 4393/1/6
f 4386/1/6 4387/1/6 4398/1/6
f 4398/1/6 4387/1/6 4399/1/6
f 4388/1/6 4382/1/6 4400/1/6
f 4400/1/6 4382/1/6 4401/1/6
f 4389/1/6 4390/1/6 4407/1/6
f 4407/1/6 4390/1/6 4408/1/6
f 4394/1/6 4395/1/6 4412/1/6
f 4412/1/6 4395/1/6 4413/1/6
f 4403/2/6 4404/2/6 4414/2/6
f 4414/2/6 4404/2/6 4415/2/6
f 4405/2/6 4406/2/6 4418/2/6
f 4418/2/6 4406/2/6 4419/2/6
f 4396/1/6 4397/1/6 4420/1/6
f 4420/1/6 4397/1/6 4421/1/6
f 4401/1/6 4402/1/6 4425/1/6
f 4425/1/6 4402/1/6 4426/1/6
f 4408/1/6 4409/1/6 4427/1/6
f 4410/1/6 4411/1/6 4428/1/6
f 4428/1/6 4411/1/6 4429/1/6
f 4416/2/6 4417/2/6 4430/2/6
f 4430/2/6 4417/2/6 4431/2/6
f 4422/1/6 4423/1/6 4432/1/6
f 4432/1/6 4423/1/6 4433/1/6
f 4424/1/6 4425/1/6 4434/1/6
f 4408/1/6 4427/1/6 4435/1/6
f 4427/1/6 4428/1/6 4435/1/6
f 4435/1/6 4428/1/6 4436/1/6
f 4433/1/6 4434/1/6 4437/1/6
f 4434/1/6 4425/1/6 4438/1/6
f 4437/1/6 4434/1/6 4438/1/6
f 4439/1/6 4440/1/6 4444/1/6
f 4444/1/6 4440/1/6 4445/1/6
f 4441/1/6 4442/1/6 4448/1/6
f 4448/1/6 4442/1/6 4449/1/6
f 4445/1/6 4446/1/6 4451/1/6
f 4443/1/6 4444/1/6 4451/1/6
f 4444/1/6 4445/1/6 4451/1/6
f 4451/1/6 4446/1/6 4452/1/6
f 4449/1/6 4450/1/6 4453/1/6
f 4448/1/6 4449/1/6 4453/1/6
f 4447/1/6 4448/1/6 4453/1/6
f 4453/1/6 4450/1/6 4454/1/6
f 4443/1/6 4451/1/6 4455/1/6
f 4452/1/6 4446/1/6 4456/1/6
f 4447/1/6 4453/1/6 4457/1/6
f 4454/1/6 4450/1/6 4458/1/6
f 4443/1/6 4455/1/6 4459/1/6
f 4455/1/6 4456/1/6 4459/1/6
f 4459/1/6 4456/1/6 4460/1/6
f 4460/1/6 4456/1/6 4461/1/6
f 4456/1/6 4446/1/6 4462/1/6
f 4461/1/6 4456/1/6 4462/1/6
f 4457/1/6 4458/1/6 4467/1/6
f 4447/1/6 4457/1/6 4467/1/6
f 4467/1/6 4458/1/6 4468/1/6
f 4458/1/6 4450/1/6 4469/1/6
f 4468/1/6 4458/1/6 4469/1/6
f 4469/1/6 4450/1/6 4470/1/6
f 4460/1/6 4461/1/6 4471/1/6
f 4471/1/6 4461/1/6 4472/1/6
f 4463/2/6 4464/2/6 4473/2/6
f 4473/2/6 4464/2/6 4474/2/6
f 4465/2/6 4466/2/6 4475/2/6
f 4475/2/6 4466/2/6 4476/2/6
f 4468/1/6 4469/1/6 4477/1/6
f 4477/1/6 4469/1/6 4478/1/6
f 4479/1/6 4480/1/6 4483/1/6
f 4483/1/6 4480/1/6 4484/1/6
f 4481/1/6 4482/1/6 4485/1/6
f 4485/1/6 4482/1/6 4486/1/6
f 4487/2/6 4488/2/6 4491/2/6
f 4491/2/6 4488/2/6 4492/2/6
f 4489/2/6 4490/2/6 4493/2/6
f 4493/2/6 4490/2/6 4494/2/6
f 4495/2/6 4496/2/6 4501/2/6
f 4501/2/6 4496/2/6 4502/2/6
f 4497/2/6 4498/2/6 4503/2/6
f 4503/2/6 4498/2/6 4504/2/6
f 4499/2/6 4500/2/6 4507/2/6
f 4507/2/6 4500/2/6 4508/2/6
f 4505/2/6 4506/2/6 4509/2/6
f 4509/2/6 4506/2/6 4510/2/6
f 4511/2/6 4512/2/6 4519/2/6
f 4519/2/6 4512/2/6 4520/2/6
f 4513/2/6 4514/2/6 4521/2/6
f 4521/2/6 4514/2/6 4522/2/6
f 4515/2/6 4516/2/6 4523/2/6
f 4523/2/6 4516/2/6 4524/2/6
f 4517/2/6 4518/2/6 4525/2/6
f 4525/2/6 4518/2/6 4526/2/6
f 4527/2/6 4528/2/6 4531/2/6
f 4531/2/6 4528/2/6 4532/2/6
f 4529/2/6 4530/2/6 4533/2/6
f 4533/2/6 4530/2/6 4534/2/6
f 4537/7/6 4538/7/6 4541/7/6
f 4541/7/6 4538/7/6 4542/7/6
f 4535/2/6 4536/2/6 4543/2/6
f 4543/2/6 4536/2/6 4544/2/6
f 4539/2/6 4540/2/6 4545/2/6
f 4545/2/6 4540/2/6 4546/2/6
f 4547/2/6 4548/2/6 4551/2/6
f 4551/2/6 4548/2/6 4552/2/6
f 4549/2/6 4550/2/6 4556/2/6
f 4556/2/6 4550/2/6 4557/2/6
f 4553/2/6 4554/2/6 4558/2/6
f 4558/2/6 4554/2/6 4559/2/6
f 4555/2/6 4556/2/6 4561/2/6
f 4561/2/6 4556/2/6 4562/2/6
f 4559/2/6 4560/2/6 4565/2/6
f 4565/2/6 4560/2/6 4566/2/6
f 4562/2/6 4563/2/6 4567/2/6
f 4567/2/6 4563/2/6 4568/2/6
f 4564/2/6 4565/2/6 4569/2/6
f 4569/2/6 4565/2/6 4570/2/6
f 4571/2/6 4572/2/6 4576/2/6
f 4576/2/6 4572/2/6 4577/2/6
f 4573/2/6 4574/2/6 4578/2/6
f 4578/2/6 4574/2/6 4579/2/6
f 4575/2/6 4576/2/6 4581/2/6
f 4581/2/6 4576/2/6 4582/2/6
f 4579/2/6 4580/2/6 4583/2/6
f 4583/2/6 4580/2/6 4584/2/6
f 4585/2/6 4586/2/6 4589/2/6
f 4589/2/6 4586/2/6 4590/2/6
f 4587/2/6 4588/2/6 4593/2/6
f 4593/2/6 4588/2/6 4594/2/6
f 4590/2/6 4591/2/6 4595/2/6
f 4595/2/6 4591/2/6 4596/2/6
f 4592/2/6 4593/2/6 4597/2/6
f 4597/2/6 4593/2/6 4598/2/6
f 4599/2/6 4600/2/6 4602/2/6
f 4602/2/6 4600/2/6 4603/2/6
f 4601/2/6 4602/2/6 4606/2/6
f 4606/2/6 4602/2/6 4607/2/6
f 4607/2/6 4602/2/6 4608/2/6
f 4603/2/6 4604/2/6 4609/2/6
f 4609/2/6 4604/2/6 4610/2/6
f 4610/2/6 4604/2/6 4611/2/6
f 4605/2/6 4606/2/6 4613/2/6
f 4606/2/6 4607/2/6 4613/2/6
f 4613/2/6 4607/2/6 4614/2/6
f 4614/2/6 4607/2/6 4615/2/6
f 4611/2/6 4612/2/6 4618/2/6
f 4610/2/6 4611/2/6 4618/2/6
f 4618/2/6 4612/2/6 4619/2/6
f 4619/2/6 4612/2/6 4620/2/6
f 4615/2/6 4616/2/6 4621/2/6
f 4614/2/6 4615/2/6 4621/2/6
f 4621/2/6 4616/2/6 4622/2/6
f 4618/2/6 4619/2/6 4623/2/6
f 4617/2/6 4618/2/6 4623/2/6
f 4623/2/6 4619/2/6 4624/2/6
f 4622/2/6 4623/2/6 4625/2/6
f 4625/2/6 4623/2/6 4626/2/6
f 4627/2/6 4628/2/6 4630/2/6
f 4630/2/6 4628/2/6 4631/2/6
f 4631/2/6 4628/2/6 4632/2/6
f 4632/2/6 4628/2/6 4633/2/6
f 4629/2/6 4630/2/6 4635/2/6
f 4630/2/6 4631/2/6 4635/2/6
f 4635/2/6 4631/2/6 4636/2/6
f 4636/2/6 4631/2/6 4637/2/6
f 4633/2/6 4634/2/6 4638/2/6
f 4632/2/6 4633/2/6 4638/2/6
f 4638/2/6 4634/2/6 4639/2/6
f 4639/2/6 4634/2/6 4640/2/6
f 4636/2/6 4637/2/6 4641/2/6
f 4638/2/6 4639/2/6 4641/2/6
f 4637/2/6 4638/2/6 4641/2/6
f 4641/2/6 4639/2/6 4642/2/6
f 4643/2/6 4644/2/6 4645/2/6
f 4645/2/6 4644/2/6 4646/2/6
