# Blender 5.1.2
# www.blender.org
mtllib Gate.mtl
o 円柱
v 5.130234 -0.986653 -0.735991
v 5.130234 6.758990 -0.735991
v 5.273819 -0.986653 -0.721849
v 5.273819 6.758990 -0.721849
v 5.411886 -0.986653 -0.679967
v 5.411886 6.758990 -0.679967
v 5.539129 -0.986653 -0.611954
v 5.539129 6.758990 -0.611954
v 5.650658 -0.986653 -0.520424
v 5.650658 6.758990 -0.520424
v 5.742188 -0.986653 -0.408894
v 5.742188 6.758990 -0.408894
v 5.810201 -0.986653 -0.281651
v 5.810201 6.758990 -0.281651
v 5.852083 -0.986653 -0.143585
v 5.852083 6.758990 -0.143585
v 5.866225 -0.986653 0.000000
v 5.866225 6.758990 0.000000
v 5.852083 -0.986653 0.143585
v 5.852083 6.758990 0.143585
v 5.810201 -0.986653 0.281651
v 5.810201 6.758990 0.281651
v 5.742188 -0.986653 0.408894
v 5.742188 6.758990 0.408894
v 5.650658 -0.986653 0.520424
v 5.650658 6.758990 0.520424
v 5.539129 -0.986653 0.611954
v 5.539129 6.758990 0.611954
v 5.411886 -0.986653 0.679967
v 5.411886 6.758990 0.679967
v 5.273819 -0.986653 0.721849
v 5.273819 6.758990 0.721849
v 5.130234 -0.986653 0.735991
v 5.130234 6.758990 0.735991
v 4.986650 -0.986653 0.721849
v 4.986650 6.758990 0.721849
v 4.848583 -0.986653 0.679967
v 4.848583 6.758990 0.679967
v 4.721340 -0.986653 0.611954
v 4.721340 6.758990 0.611954
v 4.609810 -0.986653 0.520424
v 4.609810 6.758990 0.520424
v 4.518281 -0.986653 0.408894
v 4.518281 6.758990 0.408894
v 4.450268 -0.986653 0.281651
v 4.450268 6.758990 0.281651
v 4.408385 -0.986653 0.143585
v 4.408385 6.758990 0.143585
v 4.394244 -0.986653 0.000000
v 4.394244 6.758990 0.000000
v 4.408385 -0.986653 -0.143585
v 4.408385 6.758990 -0.143585
v 4.450268 -0.986653 -0.281651
v 4.450268 6.758990 -0.281651
v 4.518281 -0.986653 -0.408894
v 4.518281 6.758990 -0.408894
v 4.609810 -0.986653 -0.520424
v 4.609810 6.758990 -0.520424
v 4.721340 -0.986653 -0.611954
v 4.721340 6.758990 -0.611954
v 4.848583 -0.986653 -0.679967
v 4.848583 6.758990 -0.679967
v 4.986650 -0.986653 -0.721849
v 4.986650 6.758990 -0.721849
v -5.225415 -0.986653 -0.735991
v -5.225415 6.758990 -0.735991
v -5.081831 -0.986653 -0.721849
v -5.081831 6.758990 -0.721849
v -4.943763 -0.986653 -0.679967
v -4.943763 6.758990 -0.679967
v -4.816520 -0.986653 -0.611954
v -4.816520 6.758990 -0.611954
v -4.704991 -0.986653 -0.520424
v -4.704991 6.758990 -0.520424
v -4.613461 -0.986653 -0.408895
v -4.613461 6.758990 -0.408895
v -4.545448 -0.986653 -0.281651
v -4.545448 6.758990 -0.281651
v -4.503566 -0.986653 -0.143585
v -4.503566 6.758990 -0.143585
v -4.489424 -0.986653 0.000000
v -4.489424 6.758990 0.000000
v -4.503566 -0.986653 0.143585
v -4.503566 6.758990 0.143585
v -4.545448 -0.986653 0.281651
v -4.545448 6.758990 0.281651
v -4.613461 -0.986653 0.408895
v -4.613461 6.758990 0.408895
v -4.704991 -0.986653 0.520424
v -4.704991 6.758990 0.520424
v -4.816520 -0.986653 0.611954
v -4.816520 6.758990 0.611954
v -4.943763 -0.986653 0.679967
v -4.943763 6.758990 0.679967
v -5.081831 -0.986653 0.721849
v -5.081831 6.758990 0.721849
v -5.225415 -0.986653 0.735991
v -5.225415 6.758990 0.735991
v -5.368999 -0.986653 0.721849
v -5.368999 6.758990 0.721849
v -5.507066 -0.986653 0.679967
v -5.507066 6.758990 0.679967
v -5.634309 -0.986653 0.611954
v -5.634309 6.758990 0.611954
v -5.745839 -0.986653 0.520424
v -5.745839 6.758990 0.520424
v -5.837368 -0.986653 0.408895
v -5.837368 6.758990 0.408895
v -5.905382 -0.986653 0.281651
v -5.905382 6.758990 0.281651
v -5.947263 -0.986653 0.143585
v -5.947263 6.758990 0.143585
v -5.961405 -0.986653 0.000000
v -5.961405 6.758990 0.000000
v -5.947263 -0.986653 -0.143585
v -5.947263 6.758990 -0.143585
v -5.905382 -0.986653 -0.281651
v -5.905382 6.758990 -0.281651
v -5.837368 -0.986653 -0.408895
v -5.837368 6.758990 -0.408895
v -5.745839 -0.986653 -0.520424
v -5.745839 6.758990 -0.520424
v -5.634309 -0.986653 -0.611954
v -5.634309 6.758990 -0.611954
v -5.507066 -0.986653 -0.679967
v -5.507066 6.758990 -0.679967
v -5.368999 -0.986653 -0.721849
v -5.368999 6.758990 -0.721849
vn 0.0980 -0.0000 -0.9952
vn 0.2903 -0.0000 -0.9569
vn 0.4714 -0.0000 -0.8819
vn 0.6344 -0.0000 -0.7730
vn 0.7730 -0.0000 -0.6344
vn 0.8819 -0.0000 -0.4714
vn 0.9569 -0.0000 -0.2903
vn 0.9952 -0.0000 -0.0980
vn 0.9952 -0.0000 0.0980
vn 0.9569 -0.0000 0.2903
vn 0.8819 -0.0000 0.4714
vn 0.7730 -0.0000 0.6344
vn 0.6344 -0.0000 0.7730
vn 0.4714 -0.0000 0.8819
vn 0.2903 -0.0000 0.9569
vn 0.0980 -0.0000 0.9952
vn -0.0980 -0.0000 0.9952
vn -0.2903 -0.0000 0.9569
vn -0.4714 -0.0000 0.8819
vn -0.6344 -0.0000 0.7730
vn -0.7730 -0.0000 0.6344
vn -0.8819 -0.0000 0.4714
vn -0.9569 -0.0000 0.2903
vn -0.9952 -0.0000 0.0980
vn -0.9952 -0.0000 -0.0980
vn -0.9569 -0.0000 -0.2903
vn -0.8819 -0.0000 -0.4714
vn -0.7730 -0.0000 -0.6344
vn -0.6344 -0.0000 -0.7730
vn -0.4714 -0.0000 -0.8819
vn -0.0000 1.0000 -0.0000
vn -0.2903 -0.0000 -0.9569
vn -0.0980 -0.0000 -0.9952
vn -0.0000 -1.0000 -0.0000
vt 0.975190 0.505000
vt 0.975190 0.504998
vt 0.975190 0.504998
vt 0.975190 0.505000
vt 0.975190 0.504998
vt 0.975190 0.505000
vt 0.975190 0.504998
vt 0.975190 0.505000
vt 0.975190 0.504998
vt 0.975190 0.505000
vt 0.975190 0.504998
vt 0.975190 0.505000
vt 0.975190 0.504998
vt 0.975190 0.505000
vt 0.975190 0.504998
vt 0.975190 0.505000
vt 0.975190 0.504998
vt 0.975190 0.505000
vt 0.975191 0.504998
vt 0.975191 0.505000
vt 0.975191 0.504998
vt 0.975191 0.505000
vt 0.975191 0.504998
vt 0.975191 0.505000
vt 0.975191 0.504998
vt 0.975191 0.505000
vt 0.975191 0.504998
vt 0.975191 0.505000
vt 0.975191 0.504998
vt 0.975191 0.505000
vt 0.975191 0.504998
vt 0.975191 0.505000
vt 0.975191 0.504998
vt 0.975191 0.505000
vt 0.975191 0.504998
vt 0.975191 0.505000
vt 0.975192 0.504998
vt 0.975192 0.505000
vt 0.975192 0.504998
vt 0.975192 0.505000
vt 0.975192 0.504998
vt 0.975192 0.505000
vt 0.975192 0.504998
vt 0.975192 0.505000
vt 0.975192 0.504998
vt 0.975192 0.505000
vt 0.975192 0.504998
vt 0.975192 0.505000
vt 0.975192 0.504998
vt 0.975192 0.505000
vt 0.975192 0.504998
vt 0.975192 0.505000
vt 0.975192 0.504998
vt 0.975192 0.505000
vt 0.975192 0.504998
vt 0.975192 0.505000
vt 0.975193 0.504998
vt 0.975193 0.505000
vt 0.975193 0.504998
vt 0.975193 0.505000
vt 0.975193 0.504998
vt 0.975193 0.505000
vt 0.975192 0.505000
vt 0.975192 0.505000
vt 0.975192 0.505000
vt 0.975192 0.505000
vt 0.975193 0.505000
vt 0.975193 0.505000
vt 0.975193 0.505000
vt 0.975193 0.505001
vt 0.975193 0.505001
vt 0.975193 0.505001
vt 0.975193 0.505001
vt 0.975193 0.505001
vt 0.975193 0.505001
vt 0.975193 0.505001
vt 0.975193 0.505002
vt 0.975192 0.505002
vt 0.975192 0.505002
vt 0.975192 0.505002
vt 0.975192 0.505002
vt 0.975192 0.505002
vt 0.975192 0.505002
vt 0.975192 0.505001
vt 0.975191 0.505001
vt 0.975191 0.505001
vt 0.975191 0.505001
vt 0.975191 0.505001
vt 0.975191 0.505001
vt 0.975191 0.505001
vt 0.975191 0.505000
vt 0.975192 0.505000
vt 0.975192 0.505000
vt 0.975192 0.505000
vt 0.975193 0.504998
vt 0.975193 0.505000
vt 0.975193 0.504998
vt 0.975193 0.505000
vt 0.975190 0.505000
vt 0.975190 0.505000
vt 0.975190 0.505000
vt 0.975190 0.505000
vt 0.975190 0.505000
vt 0.975190 0.505000
vt 0.975190 0.505001
vt 0.975190 0.505001
vt 0.975190 0.505001
vt 0.975190 0.505001
vt 0.975190 0.505001
vt 0.975190 0.505001
vt 0.975190 0.505001
vt 0.975190 0.505002
vt 0.975190 0.505002
vt 0.975190 0.505002
vt 0.975190 0.505002
vt 0.975191 0.505002
vt 0.975191 0.505002
vt 0.975191 0.505002
vt 0.975191 0.505001
vt 0.975191 0.505001
vt 0.975191 0.505001
vt 0.975191 0.505001
vt 0.975191 0.505001
vt 0.975191 0.505001
vt 0.975191 0.505001
vt 0.975191 0.505000
vt 0.975191 0.505000
vt 0.975191 0.505000
vt 0.975191 0.505000
vt 0.975191 0.505000
s 0
usemtl Material
f 1/1/1 2/2/1 4/3/1 3/4/1
f 3/4/2 4/3/2 6/5/2 5/6/2
f 5/6/3 6/5/3 8/7/3 7/8/3
f 7/8/4 8/7/4 10/9/4 9/10/4
f 9/10/5 10/9/5 12/11/5 11/12/5
f 11/12/6 12/11/6 14/13/6 13/14/6
f 13/14/7 14/13/7 16/15/7 15/16/7
f 15/16/8 16/15/8 18/17/8 17/18/8
f 17/18/9 18/17/9 20/19/9 19/20/9
f 19/20/10 20/19/10 22/21/10 21/22/10
f 21/22/11 22/21/11 24/23/11 23/24/11
f 23/24/12 24/23/12 26/25/12 25/26/12
f 25/26/13 26/25/13 28/27/13 27/28/13
f 27/28/14 28/27/14 30/29/14 29/30/14
f 29/30/15 30/29/15 32/31/15 31/32/15
f 31/32/16 32/31/16 34/33/16 33/34/16
f 33/34/17 34/33/17 36/35/17 35/36/17
f 35/36/18 36/35/18 38/37/18 37/38/18
f 37/38/19 38/37/19 40/39/19 39/40/19
f 39/40/20 40/39/20 42/41/20 41/42/20
f 41/42/21 42/41/21 44/43/21 43/44/21
f 43/44/22 44/43/22 46/45/22 45/46/22
f 45/46/23 46/45/23 48/47/23 47/48/23
f 47/48/24 48/47/24 50/49/24 49/50/24
f 49/50/25 50/49/25 52/51/25 51/52/25
f 51/52/26 52/51/26 54/53/26 53/54/26
f 53/54/27 54/53/27 56/55/27 55/56/27
f 55/56/28 56/55/28 58/57/28 57/58/28
f 57/58/29 58/57/29 60/59/29 59/60/29
f 59/60/30 60/59/30 62/61/30 61/62/30
f 4/63/31 2/64/31 64/65/31 62/66/31 60/67/31 58/68/31 56/69/31 54/70/31 52/71/31 50/72/31 48/73/31 46/74/31 44/75/31 42/76/31 40/77/31 38/78/31 36/79/31 34/80/31 32/81/31 30/82/31 28/83/31 26/84/31 24/85/31 22/86/31 20/87/31 18/88/31 16/89/31 14/90/31 12/91/31 10/92/31 8/93/31 6/94/31
f 61/62/32 62/61/32 64/95/32 63/96/32
f 63/96/33 64/95/33 2/97/33 1/98/33
f 1/99/34 3/100/34 5/101/34 7/102/34 9/103/34 11/104/34 13/105/34 15/106/34 17/107/34 19/108/34 21/109/34 23/110/34 25/111/34 27/112/34 29/113/34 31/114/34 33/115/34 35/116/34 37/117/34 39/118/34 41/119/34 43/120/34 45/121/34 47/122/34 49/123/34 51/124/34 53/125/34 55/126/34 57/127/34 59/128/34 61/129/34 63/130/34
f 65/1/1 66/2/1 68/3/1 67/4/1
f 67/4/2 68/3/2 70/5/2 69/6/2
f 69/6/3 70/5/3 72/7/3 71/8/3
f 71/8/4 72/7/4 74/9/4 73/10/4
f 73/10/5 74/9/5 76/11/5 75/12/5
f 75/12/6 76/11/6 78/13/6 77/14/6
f 77/14/7 78/13/7 80/15/7 79/16/7
f 79/16/8 80/15/8 82/17/8 81/18/8
f 81/18/9 82/17/9 84/19/9 83/20/9
f 83/20/10 84/19/10 86/21/10 85/22/10
f 85/22/11 86/21/11 88/23/11 87/24/11
f 87/24/12 88/23/12 90/25/12 89/26/12
f 89/26/13 90/25/13 92/27/13 91/28/13
f 91/28/14 92/27/14 94/29/14 93/30/14
f 93/30/15 94/29/15 96/31/15 95/32/15
f 95/32/16 96/31/16 98/33/16 97/34/16
f 97/34/17 98/33/17 100/35/17 99/36/17
f 99/36/18 100/35/18 102/37/18 101/38/18
f 101/38/19 102/37/19 104/39/19 103/40/19
f 103/40/20 104/39/20 106/41/20 105/42/20
f 105/42/21 106/41/21 108/43/21 107/44/21
f 107/44/22 108/43/22 110/45/22 109/46/22
f 109/46/23 110/45/23 112/47/23 111/48/23
f 111/48/24 112/47/24 114/49/24 113/50/24
f 113/50/25 114/49/25 116/51/25 115/52/25
f 115/52/26 116/51/26 118/53/26 117/54/26
f 117/54/27 118/53/27 120/55/27 119/56/27
f 119/56/28 120/55/28 122/57/28 121/58/28
f 121/58/29 122/57/29 124/59/29 123/60/29
f 123/60/30 124/59/30 126/61/30 125/62/30
f 68/63/31 66/64/31 128/65/31 126/66/31 124/67/31 122/68/31 120/69/31 118/70/31 116/71/31 114/72/31 112/73/31 110/74/31 108/75/31 106/76/31 104/77/31 102/78/31 100/79/31 98/80/31 96/81/31 94/82/31 92/83/31 90/84/31 88/85/31 86/86/31 84/87/31 82/88/31 80/89/31 78/90/31 76/91/31 74/92/31 72/93/31 70/94/31
f 125/62/32 126/61/32 128/95/32 127/96/32
f 127/96/33 128/95/33 66/97/33 65/98/33
f 65/99/34 67/100/34 69/101/34 71/102/34 73/103/34 75/104/34 77/105/34 79/106/34 81/107/34 83/108/34 85/109/34 87/110/34 89/111/34 91/112/34 93/113/34 95/114/34 97/115/34 99/116/34 101/117/34 103/118/34 105/119/34 107/120/34 109/121/34 111/122/34 113/123/34 115/124/34 117/125/34 119/126/34 121/127/34 123/128/34 125/129/34 127/130/34
o 立方体
v -11.709504 -0.383434 -0.259319
v -11.709504 6.380477 -0.259319
v -11.709504 -0.383434 -8.638939
v -11.709504 6.380477 -8.638939
v -4.945594 -0.383434 -0.259319
v -4.945594 6.380477 -0.259319
v -4.945594 -0.383434 -8.638939
v -4.945594 6.380477 -8.638939
vn -1.0000 -0.0000 -0.0000
vn -0.0000 -0.0000 -1.0000
vn 1.0000 -0.0000 -0.0000
vn -0.0000 -0.0000 1.0000
vn -0.0000 -1.0000 -0.0000
vn -0.0000 1.0000 -0.0000
vt 5.565785 -3.017906
vt 5.565785 4.017907
vt 3.032891 4.017907
vt 3.032892 -3.017906
vt 0.499998 4.017907
vt 0.499998 -3.017906
vt -2.032895 4.017907
vt -2.032895 -3.017907
vt -4.565788 4.017907
vt -4.565788 -3.017907
vt 0.499999 -10.053720
vt -2.032895 -10.053723
vt 0.499997 11.053721
vt -2.032895 11.053721
s 0
usemtl Brick
f 129/131/35 130/132/35 132/133/35 131/134/35
f 131/134/36 132/133/36 136/135/36 135/136/36
f 135/136/37 136/135/37 134/137/37 133/138/37
f 133/138/38 134/137/38 130/139/38 129/140/38
f 131/141/39 135/136/39 133/138/39 129/142/39
f 136/135/40 132/143/40 130/144/40 134/137/40
o 立方体.001
v 4.834674 -0.498105 -0.153482
v 4.834674 6.265806 -0.153482
v 4.834674 -0.498105 -8.533102
v 4.834674 6.265806 -8.533102
v 11.598584 -0.498105 -0.153482
v 11.598584 6.265806 -0.153482
v 11.598584 -0.498105 -8.533102
v 11.598584 6.265806 -8.533102
vn -1.0000 -0.0000 -0.0000
vn -0.0000 -0.0000 -1.0000
vn 1.0000 -0.0000 -0.0000
vn -0.0000 -0.0000 1.0000
vn -0.0000 -1.0000 -0.0000
vn -0.0000 1.0000 -0.0000
vt 5.363499 -2.877429
vt 5.363499 3.877429
vt 2.931748 3.877429
vt 2.931748 -2.877429
vt 0.499999 3.877429
vt 0.499999 -2.877429
vt -1.931750 3.877429
vt -1.931750 -2.877429
vt -4.363499 3.877429
vt -4.363499 -2.877429
vt 0.499999 -9.632289
vt -1.931749 -9.632289
vt 0.499999 10.632289
vt -1.931750 10.632289
s 0
usemtl Brick
f 137/145/41 138/146/41 140/147/41 139/148/41
f 139/148/42 140/147/42 144/149/42 143/150/42
f 143/150/43 144/149/43 142/151/43 141/152/43
f 141/152/44 142/151/44 138/153/44 137/154/44
f 139/155/45 143/150/45 141/152/45 137/156/45
f 144/149/46 140/157/46 138/158/46 142/151/46
o 平面
v -21.142410 0.000000 11.249157
v 21.142410 0.000000 11.249157
v -21.142410 0.000000 -31.035664
v 21.142410 0.000000 -31.035664
vn -0.0000 1.0000 -0.0000
vt 0.951669 0.500000
vt 0.951669 0.500000
vt 0.951669 0.500000
vt 0.951669 0.500000
s 0
usemtl Material
f 145/159/47 146/160/47 148/161/47 147/162/47
o 立方体.002
v -5.547705 -0.256035 17.555626
v -5.547705 0.663699 17.555626
v -5.547705 -0.256035 -0.791771
v -5.547705 0.663699 -0.791771
v -5.094057 -0.256035 17.555626
v -5.094057 0.663699 17.555626
v -5.094057 -0.256035 -0.791771
v -5.094057 0.663699 -0.791771
vn -1.0000 -0.0000 -0.0000
vn -0.0000 -0.0000 -1.0000
vn 1.0000 -0.0000 -0.0000
vn -0.0000 -0.0000 1.0000
vn -0.0000 -1.0000 -0.0000
vn -0.0000 1.0000 -0.0000
vt 0.982483 0.499999
vt 0.982484 0.499999
vt 0.982484 0.499999
vt 0.982483 0.499999
vt 0.982484 0.500000
vt 0.982483 0.500000
vt 0.982484 0.500001
vt 0.982483 0.500001
vt 0.982484 0.500001
vt 0.982483 0.500001
vt 0.982483 0.500000
vt 0.982483 0.500001
vt 0.982485 0.500000
vt 0.982485 0.500001
s 0
usemtl Material
f 149/163/48 150/164/48 152/165/48 151/166/48
f 151/166/49 152/165/49 156/167/49 155/168/49
f 155/168/50 156/167/50 154/169/50 153/170/50
f 153/170/51 154/169/51 150/171/51 149/172/51
f 151/173/52 155/168/52 153/170/52 149/174/52
f 156/167/53 152/175/53 150/176/53 154/169/53
o 立方体.003
v 5.012922 -0.256035 17.555626
v 5.012922 0.663699 17.555626
v 5.012922 -0.256035 -0.791771
v 5.012922 0.663699 -0.791771
v 5.466570 -0.256035 17.555626
v 5.466570 0.663699 17.555626
v 5.466570 -0.256035 -0.791771
v 5.466570 0.663699 -0.791771
vn -1.0000 -0.0000 -0.0000
vn -0.0000 -0.0000 -1.0000
vn 1.0000 -0.0000 -0.0000
vn -0.0000 -0.0000 1.0000
vn -0.0000 -1.0000 -0.0000
vn -0.0000 1.0000 -0.0000
vt 0.982483 0.499999
vt 0.982484 0.499999
vt 0.982484 0.499999
vt 0.982483 0.499999
vt 0.982484 0.500000
vt 0.982483 0.500000
vt 0.982484 0.500001
vt 0.982483 0.500001
vt 0.982484 0.500001
vt 0.982483 0.500001
vt 0.982483 0.500000
vt 0.982483 0.500001
vt 0.982485 0.500000
vt 0.982485 0.500001
s 0
usemtl Material
f 157/177/54 158/178/54 160/179/54 159/180/54
f 159/180/55 160/179/55 164/181/55 163/182/55
f 163/182/56 164/181/56 162/183/56 161/184/56
f 161/184/57 162/183/57 158/185/57 157/186/57
f 159/187/58 163/182/58 161/184/58 157/188/58
f 164/181/59 160/189/59 158/190/59 162/183/59
o 立方体.004
v -5.406624 -3.056488 16.409203
v -5.406624 -2.877561 16.505638
v -5.406624 5.648263 0.258218
v -5.406624 5.827190 0.354653
v -5.235138 -3.056488 16.409203
v -5.235138 -2.877561 16.505638
v -5.235138 5.648263 0.258218
v -5.235138 5.827190 0.354653
vn -1.0000 -0.0000 -0.0000
vn -0.0000 0.4744 -0.8803
vn 1.0000 -0.0000 -0.0000
vn -0.0000 -0.4744 0.8803
vn -0.0000 -0.8803 -0.4744
vn -0.0000 0.8803 0.4744
vt 0.982483 0.499999
vt 0.982484 0.499999
vt 0.982484 0.499999
vt 0.982483 0.499999
vt 0.982484 0.500000
vt 0.982483 0.500000
vt 0.982484 0.500001
vt 0.982483 0.500001
vt 0.982484 0.500001
vt 0.982483 0.500001
vt 0.982483 0.500000
vt 0.982483 0.500001
vt 0.982485 0.500000
vt 0.982485 0.500001
s 0
usemtl Material
f 165/191/60 166/192/60 168/193/60 167/194/60
f 167/194/61 168/193/61 172/195/61 171/196/61
f 171/196/62 172/195/62 170/197/62 169/198/62
f 169/198/63 170/197/63 166/199/63 165/200/63
f 167/201/64 171/196/64 169/198/64 165/202/64
f 172/195/65 168/203/65 166/204/65 170/197/65
o 立方体.005
v 5.138013 -3.056488 16.409203
v 5.138013 -2.877561 16.505638
v 5.138013 5.648263 0.258218
v 5.138013 5.827190 0.354653
v 5.341479 -3.056488 16.409203
v 5.341479 -2.877561 16.505638
v 5.341479 5.648263 0.258218
v 5.341479 5.827190 0.354653
vn -1.0000 -0.0000 -0.0000
vn -0.0000 0.4744 -0.8803
vn 1.0000 -0.0000 -0.0000
vn -0.0000 -0.4744 0.8803
vn -0.0000 -0.8803 -0.4744
vn -0.0000 0.8803 0.4744
vt 0.982483 0.499999
vt 0.982484 0.499999
vt 0.982484 0.499999
vt 0.982483 0.499999
vt 0.982484 0.500000
vt 0.982483 0.500000
vt 0.982484 0.500001
vt 0.982483 0.500001
vt 0.982484 0.500001
vt 0.982483 0.500001
vt 0.982483 0.500000
vt 0.982483 0.500001
vt 0.982485 0.500000
vt 0.982485 0.500001
s 0
usemtl Material
f 173/205/66 174/206/66 176/207/66 175/208/66
f 175/208/67 176/207/67 180/209/67 179/210/67
f 179/210/68 180/209/68 178/211/68 177/212/68
f 177/212/69 178/211/69 174/213/69 173/214/69
f 175/215/70 179/210/70 177/212/70 173/216/70
f 180/209/71 176/217/71 174/218/71 178/211/71
o 立方体.006
v -4.437158 -0.051131 1.873910
v -4.437158 0.204843 1.873910
v -4.437158 -0.051131 1.280955
v -4.437158 0.204843 1.280955
v 4.437158 -0.051131 1.873910
v 4.437158 0.204843 1.873910
v 4.437158 -0.051131 1.280955
v 4.437158 0.204843 1.280955
v -4.437158 -0.051131 2.763344
v -4.437158 0.204843 2.763344
v -4.437158 -0.051131 2.170388
v -4.437158 0.204843 2.170388
v 4.437158 -0.051131 2.763344
v 4.437158 0.204843 2.763344
v 4.437158 -0.051131 2.170388
v 4.437158 0.204843 2.170388
v -4.437158 -0.051131 3.652777
v -4.437158 0.204843 3.652777
v -4.437158 -0.051131 3.059821
v -4.437158 0.204843 3.059821
v 4.437158 -0.051131 3.652777
v 4.437158 0.204843 3.652777
v 4.437158 -0.051131 3.059821
v 4.437158 0.204843 3.059821
v -4.437158 -0.051131 4.542210
v -4.437158 0.204843 4.542210
v -4.437158 -0.051131 3.949255
v -4.437158 0.204843 3.949255
v 4.437158 -0.051131 4.542210
v 4.437158 0.204843 4.542210
v 4.437158 -0.051131 3.949255
v 4.437158 0.204843 3.949255
v -4.437158 -0.051131 5.431643
v -4.437158 0.204843 5.431643
v -4.437158 -0.051131 4.838688
v -4.437158 0.204843 4.838688
v 4.437158 -0.051131 5.431643
v 4.437158 0.204843 5.431643
v 4.437158 -0.051131 4.838688
v 4.437158 0.204843 4.838688
v -4.437158 -0.051131 6.321076
v -4.437158 0.204843 6.321076
v -4.437158 -0.051131 5.728121
v -4.437158 0.204843 5.728121
v 4.437158 -0.051131 6.321076
v 4.437158 0.204843 6.321076
v 4.437158 -0.051131 5.728121
v 4.437158 0.204843 5.728121
v -4.437158 -0.051131 7.210510
v -4.437158 0.204843 7.210510
v -4.437158 -0.051131 6.617554
v -4.437158 0.204843 6.617554
v 4.437158 -0.051131 7.210510
v 4.437158 0.204843 7.210510
v 4.437158 -0.051131 6.617554
v 4.437158 0.204843 6.617554
v -4.437158 -0.051131 8.099943
v -4.437158 0.204843 8.099943
v -4.437158 -0.051131 7.506988
v -4.437158 0.204843 7.506988
v 4.437158 -0.051131 8.099943
v 4.437158 0.204843 8.099943
v 4.437158 -0.051131 7.506988
v 4.437158 0.204843 7.506988
v -4.437158 -0.051131 8.989376
v -4.437158 0.204843 8.989376
v -4.437158 -0.051131 8.396420
v -4.437158 0.204843 8.396420
v 4.437158 -0.051131 8.989376
v 4.437158 0.204843 8.989376
v 4.437158 -0.051131 8.396420
v 4.437158 0.204843 8.396420
v -4.437158 -0.051131 9.878809
v -4.437158 0.204843 9.878809
v -4.437158 -0.051131 9.285854
v -4.437158 0.204843 9.285854
v 4.437158 -0.051131 9.878809
v 4.437158 0.204843 9.878809
v 4.437158 -0.051131 9.285854
v 4.437158 0.204843 9.285854
v -4.437158 -0.051131 10.768243
v -4.437158 0.204843 10.768243
v -4.437158 -0.051131 10.175287
v -4.437158 0.204843 10.175287
v 4.437158 -0.051131 10.768243
v 4.437158 0.204843 10.768243
v 4.437158 -0.051131 10.175287
v 4.437158 0.204843 10.175287
vn -1.0000 -0.0000 -0.0000
vn -0.0000 -0.0000 -1.0000
vn 1.0000 -0.0000 -0.0000
vn -0.0000 -0.0000 1.0000
vn -0.0000 -1.0000 -0.0000
vn -0.0000 1.0000 -0.0000
vt 0.947667 0.499998
vt 0.947668 0.499998
vt 0.947668 0.499999
vt 0.947667 0.499999
vt 0.947668 0.500000
vt 0.947667 0.500000
vt 0.947668 0.500001
vt 0.947667 0.500001
vt 0.947668 0.500002
vt 0.947667 0.500002
vt 0.947666 0.500000
vt 0.947666 0.500001
vt 0.947669 0.500000
vt 0.947669 0.500001
s 0
usemtl Material
f 181/219/72 182/220/72 184/221/72 183/222/72
f 183/222/73 184/221/73 188/223/73 187/224/73
f 187/224/74 188/223/74 186/225/74 185/226/74
f 185/226/75 186/225/75 182/227/75 181/228/75
f 183/229/76 187/224/76 185/226/76 181/230/76
f 188/223/77 184/231/77 182/232/77 186/225/77
f 189/219/72 190/220/72 192/221/72 191/222/72
f 191/222/73 192/221/73 196/223/73 195/224/73
f 195/224/74 196/223/74 194/225/74 193/226/74
f 193/226/75 194/225/75 190/227/75 189/228/75
f 191/229/76 195/224/76 193/226/76 189/230/76
f 196/223/77 192/231/77 190/232/77 194/225/77
f 197/219/72 198/220/72 200/221/72 199/222/72
f 199/222/73 200/221/73 204/223/73 203/224/73
f 203/224/74 204/223/74 202/225/74 201/226/74
f 201/226/75 202/225/75 198/227/75 197/228/75
f 199/229/76 203/224/76 201/226/76 197/230/76
f 204/223/77 200/231/77 198/232/77 202/225/77
f 205/219/72 206/220/72 208/221/72 207/222/72
f 207/222/73 208/221/73 212/223/73 211/224/73
f 211/224/74 212/223/74 210/225/74 209/226/74
f 209/226/75 210/225/75 206/227/75 205/228/75
f 207/229/76 211/224/76 209/226/76 205/230/76
f 212/223/77 208/231/77 206/232/77 210/225/77
f 213/219/72 214/220/72 216/221/72 215/222/72
f 215/222/73 216/221/73 220/223/73 219/224/73
f 219/224/74 220/223/74 218/225/74 217/226/74
f 217/226/75 218/225/75 214/227/75 213/228/75
f 215/229/76 219/224/76 217/226/76 213/230/76
f 220/223/77 216/231/77 214/232/77 218/225/77
f 221/219/72 222/220/72 224/221/72 223/222/72
f 223/222/73 224/221/73 228/223/73 227/224/73
f 227/224/74 228/223/74 226/225/74 225/226/74
f 225/226/75 226/225/75 222/227/75 221/228/75
f 223/229/76 227/224/76 225/226/76 221/230/76
f 228/223/77 224/231/77 222/232/77 226/225/77
f 229/219/72 230/220/72 232/221/72 231/222/72
f 231/222/73 232/221/73 236/223/73 235/224/73
f 235/224/74 236/223/74 234/225/74 233/226/74
f 233/226/75 234/225/75 230/227/75 229/228/75
f 231/229/76 235/224/76 233/226/76 229/230/76
f 236/223/77 232/231/77 230/232/77 234/225/77
f 237/219/72 238/220/72 240/221/72 239/222/72
f 239/222/73 240/221/73 244/223/73 243/224/73
f 243/224/74 244/223/74 242/225/74 241/226/74
f 241/226/75 242/225/75 238/227/75 237/228/75
f 239/229/76 243/224/76 241/226/76 237/230/76
f 244/223/77 240/231/77 238/232/77 242/225/77
f 245/219/72 246/220/72 248/221/72 247/222/72
f 247/222/73 248/221/73 252/223/73 251/224/73
f 251/224/74 252/223/74 250/225/74 249/226/74
f 249/226/75 250/225/75 246/227/75 245/228/75
f 247/229/76 251/224/76 249/226/76 245/230/76
f 252/223/77 248/231/77 246/232/77 250/225/77
f 253/219/72 254/220/72 256/221/72 255/222/72
f 255/222/73 256/221/73 260/223/73 259/224/73
f 259/224/74 260/223/74 258/225/74 257/226/74
f 257/226/75 258/225/75 254/227/75 253/228/75
f 255/229/76 259/224/76 257/226/76 253/230/76
f 260/223/77 256/231/77 254/232/77 258/225/77
f 261/219/72 262/220/72 264/221/72 263/222/72
f 263/222/73 264/221/73 268/223/73 267/224/73
f 267/224/74 268/223/74 266/225/74 265/226/74
f 265/226/75 266/225/75 262/227/75 261/228/75
f 263/229/76 267/224/76 265/226/76 261/230/76
f 268/223/77 264/231/77 262/232/77 266/225/77
o 円柱.003
v -7.532223 3.739140 -0.128576
v -7.532583 4.568483 -0.468198
v -7.509687 3.739140 -0.126357
v -7.445962 4.567010 -0.457917
v -7.488019 3.739140 -0.119784
v -7.362689 4.566962 -0.432598
v -7.468048 3.739140 -0.109109
v -7.285941 4.566954 -0.391564
v -7.450544 3.739140 -0.094744
v -7.218676 4.566942 -0.336343
v -7.436179 3.739140 -0.077240
v -7.163480 4.566927 -0.269061
v -7.425505 3.739140 -0.057270
v -7.122475 4.566911 -0.192305
v -7.418931 3.739140 -0.035601
v -7.097234 4.566893 -0.109028
v -7.416712 3.739140 -0.013066
v -7.088726 4.566874 -0.022430
v -7.418931 3.739140 0.009469
v -7.097276 4.566854 0.064160
v -7.425505 3.739140 0.031138
v -7.122552 4.566835 0.147414
v -7.436179 3.739140 0.051108
v -7.163581 4.566818 0.224135
v -7.450544 3.739140 0.068613
v -7.218785 4.566803 0.291375
v -7.468048 3.739140 0.082978
v -7.286041 4.566790 0.346554
v -7.488019 3.739140 0.093652
v -7.362766 4.566780 0.387553
v -7.509687 3.739140 0.100225
v -7.446013 4.566774 0.412800
v -7.532223 3.739140 0.102445
v -7.532584 4.566772 0.421324
v -7.554758 3.739140 0.100225
v -7.619154 4.566774 0.412799
v -7.576427 3.739140 0.093652
v -7.702401 4.566780 0.387553
v -7.596397 3.739140 0.082978
v -7.779126 4.566789 0.346554
v -7.613901 3.739140 0.068613
v -7.846382 4.566802 0.291375
v -7.628266 3.739140 0.051108
v -7.901586 4.566817 0.224134
v -7.638940 3.739140 0.031138
v -7.942615 4.566834 0.147414
v -7.645514 3.739140 0.009469
v -7.967890 4.566853 0.064160
v -7.647733 3.739140 -0.013066
v -7.976440 4.566873 -0.022429
v -7.645514 3.739140 -0.035601
v -7.967932 4.566892 -0.109027
v -7.638940 3.739140 -0.057270
v -7.942691 4.566910 -0.192305
v -7.628266 3.739140 -0.077240
v -7.901686 4.566926 -0.269061
v -7.613901 3.739140 -0.094744
v -7.846491 4.566941 -0.336343
v -7.596397 3.739140 -0.109109
v -7.779226 4.566953 -0.391563
v -7.576427 3.739140 -0.119784
v -7.702478 4.566962 -0.432598
v -7.554758 3.739140 -0.126357
v -7.619205 4.567009 -0.457917
v -7.724351 4.566069 -0.302140
v -7.599926 4.566077 -0.353687
v -7.664676 4.566069 -0.334037
v -7.877756 4.566069 -0.015140
v -7.871124 4.566069 0.052200
v -7.776658 4.566069 0.228934
v -7.819584 4.566069 0.176628
v -7.851481 4.566069 0.116952
v -7.532584 4.566069 0.330032
v -7.465244 4.566069 0.323400
v -7.340817 4.566069 0.271860
v -7.288511 4.566069 0.228934
v -7.400493 4.566069 0.303758
v -7.288510 4.566069 -0.259213
v -7.245584 4.566069 -0.206907
v -7.194044 4.566069 -0.082479
v -7.187412 4.566069 -0.015140
v -7.213686 4.566069 -0.147231
v -7.871124 4.566069 -0.082479
v -7.851482 4.566069 -0.147231
v -7.819584 4.566069 -0.206907
v -7.776658 4.566069 -0.259213
v -7.724351 4.566069 0.271860
v -7.465243 4.566077 -0.353687
v -7.532584 4.566593 -0.360797
v -7.599924 4.566069 0.323400
v -7.664676 4.566069 0.303758
v -7.400493 4.566069 -0.334037
v -7.245584 4.566069 0.176628
v -7.213687 4.566069 0.116952
v -7.194045 4.566069 0.052200
v -7.340816 4.566069 -0.302140
v -7.497777 3.739140 -0.094340
v -7.468577 3.739140 -0.074828
v -7.482216 3.739140 -0.086022
v -7.482216 3.739140 0.063657
v -7.468577 3.739140 0.052464
v -7.449065 3.739140 0.023263
v -7.443943 3.739140 0.006378
v -7.457383 3.739140 0.038824
v -7.607062 3.739140 0.038824
v -7.595868 3.739140 0.052464
v -7.582229 3.739140 0.063657
v -7.549782 3.739140 0.077097
v -7.566668 3.739140 0.071975
v -7.615380 3.739140 -0.045627
v -7.620502 3.739140 -0.028742
v -7.582229 3.739140 -0.086022
v -7.595868 3.739140 -0.074828
v -7.607062 3.739140 -0.061188
v -7.532223 3.739140 -0.101191
v -7.514663 3.739140 -0.099462
v -7.497777 3.739140 0.071975
v -7.449065 3.739140 -0.045627
v -7.457383 3.739140 -0.061188
v -7.442214 3.739140 -0.011182
v -7.443943 3.739140 -0.028742
v -7.622231 3.739140 -0.011182
v -7.615380 3.739140 0.023263
v -7.620502 3.739140 0.006378
v -7.566668 3.739140 -0.094340
v -7.549782 3.739140 -0.099462
v -7.532223 3.739140 0.078826
v -7.514663 3.739140 0.077097
v -7.492955 3.875510 -0.186671
v -7.485493 3.952519 -0.217494
v -7.477918 4.040107 -0.250217
v -7.468135 4.164856 -0.294579
v -7.463689 4.233600 -0.315398
v -7.453430 4.332880 -0.363831
v -7.442712 4.438435 -0.414433
v -7.499287 3.797655 -0.158009
v -7.475310 3.797656 -0.150735
v -7.464345 3.875535 -0.177979
v -7.451391 3.952567 -0.207096
v -7.438155 4.040117 -0.238130
v -7.421161 4.164856 -0.280330
v -7.413479 4.233599 -0.300167
v -7.395772 4.332878 -0.346337
v -7.377271 4.438432 -0.394577
v -7.449598 3.797655 -0.136992
v -7.433661 3.875531 -0.161580
v -7.414807 3.952559 -0.187551
v -7.395517 4.040123 -0.215326
v -7.370789 4.164856 -0.253405
v -7.359640 4.233599 -0.271385
v -7.333952 4.332870 -0.313273
v -7.307111 4.438414 -0.357043
v -7.427062 3.797654 -0.118497
v -7.406765 3.875526 -0.139511
v -7.382735 3.952548 -0.161246
v -7.358152 4.040130 -0.184639
v -7.326638 4.164856 -0.217172
v -7.312451 4.233598 -0.232653
v -7.279777 4.332860 -0.268782
v -7.245631 4.438389 -0.306538
v -7.408566 3.797652 -0.095961
v -7.384691 3.875518 -0.112619
v -7.356409 3.952533 -0.129189
v -7.327496 4.040138 -0.147253
v -7.290404 4.164856 -0.173020
v -7.273726 4.233597 -0.185459
v -7.235329 4.332847 -0.214577
v -7.195196 4.438360 -0.245010
v -7.394823 3.797651 -0.070249
v -7.368286 3.875509 -0.081938
v -7.336838 3.952516 -0.092612
v -7.304726 4.040148 -0.104607
v -7.263480 4.164856 -0.122649
v -7.244954 4.233596 -0.131618
v -7.202316 4.332832 -0.152744
v -7.157743 4.438325 -0.174830
v -7.386360 3.797649 -0.042350
v -7.358181 3.875499 -0.048644
v -7.324778 3.952498 -0.052916
v -7.290717 4.040159 -0.058341
v -7.246900 4.164856 -0.067992
v -7.227238 4.233594 -0.073199
v -7.182004 4.332816 -0.085665
v -7.134707 4.438288 -0.098700
v -7.126970 4.438250 -0.019549
v -7.383502 3.797648 -0.013336
v -7.354766 3.875487 -0.014019
v -7.320693 3.952478 -0.011627
v -7.286004 4.040170 -0.010236
v -7.241302 4.164856 -0.011151
v -7.221261 4.233593 -0.012447
v -7.175171 4.332798 -0.015918
v -7.386359 3.797646 0.015678
v -7.358171 3.875475 0.020609
v -7.324741 3.952458 0.029669
v -7.290765 4.040181 0.037860
v -7.246900 4.164856 0.045690
v -7.227250 4.233592 0.048303
v -7.182075 4.332782 0.053814
v -7.134820 4.438211 0.059579
v -7.394822 3.797645 0.043577
v -7.368266 3.875463 0.053908
v -7.336770 3.952439 0.069385
v -7.304815 4.040192 0.084098
v -7.263480 4.164856 0.100346
v -7.244975 4.233591 0.106715
v -7.202446 4.332766 0.120854
v -7.157951 4.438173 0.135646
v -7.408565 3.797644 0.069289
v -7.384665 3.875452 0.084599
v -7.356319 3.952421 0.105994
v -7.327612 4.040202 0.126704
v -7.290404 4.164856 0.150718
v -7.273755 4.233590 0.160547
v -7.235499 4.332750 0.182626
v -7.195468 4.438139 0.205731
v -7.427061 3.797643 0.091826
v -7.406737 3.875441 0.111501
v -7.382638 3.952405 0.138087
v -7.358278 4.040210 0.164042
v -7.326638 4.164856 0.194869
v -7.312481 4.233588 0.207729
v -7.279961 4.332737 0.236761
v -7.245926 4.438108 0.267146
v -7.449597 3.797643 0.110321
v -7.433635 3.875432 0.133580
v -7.414717 3.952391 0.164429
v -7.395634 4.040217 0.194680
v -7.370789 4.164856 0.231103
v -7.359668 4.233588 0.246450
v -7.334123 4.332726 0.281182
v -7.307383 4.438084 0.317537
v -7.475309 3.797642 0.124065
v -7.464324 3.875424 0.149988
v -7.451323 3.952380 0.184005
v -7.438244 4.040223 0.217444
v -7.421161 4.164856 0.258027
v -7.413501 4.233587 0.275221
v -7.395903 4.332718 0.314186
v -7.377480 4.438065 0.354976
v -7.503208 3.797642 0.132528
v -7.497626 3.875418 0.160092
v -7.491046 3.952373 0.196062
v -7.484474 4.040226 0.231461
v -7.475818 4.164856 0.274607
v -7.471911 4.233587 0.292938
v -7.462929 4.332714 0.334508
v -7.453526 4.438053 0.378027
v -7.506172 3.797642 0.132820
v -7.504655 3.875489 0.161063
v -7.504535 3.952796 0.198096
v -7.505102 4.040912 0.234246
v -7.507352 4.165272 0.278113
v -7.511856 4.233569 0.296796
v -7.517433 4.332775 0.339998
v -7.523441 4.438071 0.384938
v -7.532223 3.797642 0.135385
v -7.532260 3.875414 0.163505
v -7.532360 3.952369 0.200134
v -7.532548 4.040227 0.236193
v -7.532659 4.164856 0.280206
v -7.532656 4.233586 0.298920
v -7.532631 4.332712 0.341370
v -7.532605 4.438049 0.385810
v -7.535186 3.797642 0.135094
v -7.539345 3.875484 0.163086
v -7.545991 3.952793 0.199496
v -7.553327 4.040916 0.234894
v -7.564273 4.165272 0.277492
v -7.572585 4.233569 0.294915
v -7.587162 4.332782 0.336138
v -7.602524 4.438069 0.378952
v -7.561237 3.797642 0.132528
v -7.566895 3.875412 0.160095
v -7.573675 3.952370 0.196064
v -7.580623 4.040226 0.231461
v -7.589499 4.164856 0.274607
v -7.593400 4.233587 0.292938
v -7.602332 4.332713 0.334508
v -7.611683 4.438053 0.378027
v -7.589136 3.797642 0.124065
v -7.600197 3.875413 0.149992
v -7.613400 3.952374 0.184010
v -7.626852 4.040223 0.217444
v -7.644156 4.164856 0.258027
v -7.651811 4.233587 0.275221
v -7.669359 4.332718 0.314186
v -7.687729 4.438064 0.354975
v -7.614848 3.797642 0.110321
v -7.630889 3.875416 0.133586
v -7.650008 3.952382 0.164435
v -7.669463 4.040217 0.194681
v -7.694528 4.164856 0.231103
v -7.705644 4.233588 0.246450
v -7.731139 4.332726 0.281182
v -7.757825 4.438082 0.317536
v -7.657790 3.875421 0.111506
v -7.637385 3.797643 0.091826
v -7.682090 3.952393 0.138094
v -7.706819 4.040210 0.164042
v -7.738679 4.164856 0.194869
v -7.752831 4.233588 0.207729
v -7.785300 4.332737 0.236760
v -7.819282 4.438107 0.267144
v -7.655880 3.797643 0.069289
v -7.679864 3.875428 0.084603
v -7.708412 3.952407 0.106000
v -7.737484 4.040201 0.126704
v -7.774913 4.164856 0.150718
v -7.791558 4.233590 0.160547
v -7.829762 4.332750 0.182626
v -7.869739 4.438137 0.205729
v -7.669623 3.797644 0.043577
v -7.696265 3.875437 0.053911
v -7.727964 3.952424 0.069389
v -7.760282 4.040192 0.084099
v -7.801837 4.164856 0.100346
v -7.820337 4.233591 0.106715
v -7.862814 4.332765 0.120853
v -7.907255 4.438171 0.135645
v -7.678086 3.797645 0.015678
v -7.706363 3.875447 0.020610
v -7.739995 3.952442 0.029670
v -7.774332 4.040181 0.037860
v -7.818417 4.164856 0.045690
v -7.838062 4.233592 0.048303
v -7.883185 4.332781 0.053814
v -7.930386 4.438209 0.059579
v -7.680943 3.797646 -0.013336
v -7.709768 3.875458 -0.014021
v -7.744044 3.952462 -0.011629
v -7.779093 4.040170 -0.010236
v -7.824015 4.164856 -0.011151
v -7.844051 4.233593 -0.012447
v -7.890089 4.332798 -0.015918
v -7.938236 4.438248 -0.019549
v -7.678086 3.797647 -0.042350
v -7.706352 3.875470 -0.048649
v -7.739958 3.952482 -0.052921
v -7.774380 4.040158 -0.058341
v -7.818417 4.164856 -0.067992
v -7.838074 4.233594 -0.073199
v -7.883255 4.332815 -0.085665
v -7.930498 4.438286 -0.098699
v -7.669622 3.797649 -0.070249
v -7.696246 3.875482 -0.081944
v -7.727896 3.952501 -0.092619
v -7.760370 4.040148 -0.104607
v -7.801837 4.164856 -0.122649
v -7.820358 4.233596 -0.131618
v -7.862944 4.332831 -0.152744
v -7.907463 4.438323 -0.174829
v -7.655879 3.797651 -0.095961
v -7.679839 3.875494 -0.112627
v -7.708323 3.952519 -0.129198
v -7.737601 4.040138 -0.147254
v -7.774913 4.164856 -0.173020
v -7.791586 4.233597 -0.185460
v -7.829931 4.332846 -0.214576
v -7.870011 4.438358 -0.245009
v -7.706944 4.040130 -0.184640
v -7.738679 4.164856 -0.217172
v -7.752861 4.233598 -0.232653
v -7.785484 4.332859 -0.268781
v -7.819576 4.438388 -0.306536
v -7.637383 3.797652 -0.118497
v -7.657762 3.875505 -0.139519
v -7.681993 3.952536 -0.161255
v -7.614847 3.797653 -0.136992
v -7.630864 3.875515 -0.161587
v -7.649919 3.952550 -0.187559
v -7.669579 4.040123 -0.215326
v -7.694528 4.164856 -0.253405
v -7.705672 4.233599 -0.271386
v -7.731309 4.332870 -0.313273
v -7.758097 4.438413 -0.357041
v -7.589135 3.797655 -0.150735
v -7.600178 3.875523 -0.177984
v -7.613332 3.952560 -0.207103
v -7.626941 4.040117 -0.238130
v -7.644156 4.164856 -0.280330
v -7.651833 4.233599 -0.300167
v -7.669489 4.332878 -0.346337
v -7.687937 4.438431 -0.394575
v -7.622496 4.438435 -0.414432
v -7.565158 3.797654 -0.158009
v -7.571566 3.875506 -0.186673
v -7.611831 4.332880 -0.363830
v -7.601623 4.233600 -0.315398
v -7.579227 3.952518 -0.217494
v -7.587177 4.040108 -0.250215
v -7.597182 4.164856 -0.294579
v -7.509614 3.797641 -0.124573
v -7.505166 3.873932 -0.147417
v -7.499580 3.948369 -0.173280
v -7.494842 4.039498 -0.195873
v -7.488367 4.164856 -0.229070
v -7.485332 4.233573 -0.245278
v -7.478354 4.332601 -0.282931
v -7.471243 4.436911 -0.321306
v -7.532223 3.797641 -0.126800
v -7.532258 3.873930 -0.150086
v -7.532354 3.948364 -0.176512
v -7.532547 4.039497 -0.199589
v -7.532659 4.164856 -0.233433
v -7.532656 4.233573 -0.249939
v -7.532631 4.332602 -0.288279
v -7.532605 4.437815 -0.328475
v -7.487874 3.797641 -0.117978
v -7.479115 3.873934 -0.139514
v -7.468068 3.948378 -0.163713
v -7.458587 4.039501 -0.184872
v -7.445777 4.164856 -0.216151
v -7.439827 4.233572 -0.231473
v -7.426166 4.332597 -0.267095
v -7.412245 4.436897 -0.303392
v -7.467839 3.797641 -0.107269
v -7.455106 3.873936 -0.126680
v -7.439030 3.948390 -0.148181
v -7.425177 4.039504 -0.167007
v -7.406526 4.164856 -0.195171
v -7.397890 4.233572 -0.209056
v -7.378071 4.332593 -0.241378
v -7.357870 4.436896 -0.274326
v -7.450277 3.797641 -0.092857
v -7.434062 3.873938 -0.109409
v -7.413583 3.948405 -0.127282
v -7.395895 4.039507 -0.142968
v -7.372122 4.164856 -0.166937
v -7.361132 4.233572 -0.178887
v -7.335922 4.332586 -0.206772
v -7.310211 4.436894 -0.235211
v -7.435865 3.797641 -0.075295
v -7.416793 3.873940 -0.088365
v -7.392705 3.948422 -0.101820
v -7.371867 4.039511 -0.113678
v -7.343888 4.164856 -0.132533
v -7.330967 4.233571 -0.142128
v -7.301336 4.332579 -0.164608
v -7.271099 4.436893 -0.187549
v -7.425156 3.797641 -0.055260
v -7.403961 3.873942 -0.064356
v -7.377197 3.948440 -0.072776
v -7.354016 4.039515 -0.080265
v -7.322907 4.164856 -0.093282
v -7.308553 4.233571 -0.100190
v -7.275643 4.332570 -0.116509
v -7.242037 4.436891 -0.133173
v -7.418561 3.797641 -0.033520
v -7.396059 3.873944 -0.038305
v -7.367654 3.948459 -0.041268
v -7.343028 4.039520 -0.044012
v -7.309988 4.164856 -0.050692
v -7.294752 4.233570 -0.054685
v -7.259830 4.332560 -0.064323
v -7.224142 4.436889 -0.074173
v -7.416335 3.797641 -0.010911
v -7.393392 3.873946 -0.011214
v -7.364442 3.948479 -0.008505
v -7.339324 4.039525 -0.006314
v -7.305626 4.164856 -0.006400
v -7.290094 4.233569 -0.007363
v -7.254503 4.332550 -0.010058
v -7.218102 4.436886 -0.012815
v -7.418561 3.797641 0.011697
v -7.396060 3.873947 0.015878
v -7.367682 3.948498 0.024252
v -7.343044 4.039530 0.031382
v -7.309988 4.164856 0.037892
v -7.294757 4.233568 0.039958
v -7.259863 4.332540 0.044200
v -7.224147 4.436884 0.048541
v -7.425156 3.797641 0.033437
v -7.403964 3.873949 0.041928
v -7.377248 3.948515 0.055745
v -7.354046 4.039534 0.067625
v -7.322907 4.164856 0.080481
v -7.308562 4.233568 0.085460
v -7.275704 4.332530 0.096367
v -7.242046 4.436882 0.107539
v -7.435865 3.797641 0.053472
v -7.416796 3.873950 0.065936
v -7.392772 3.948530 0.084765
v -7.371906 4.039538 0.101025
v -7.343888 4.164856 0.119732
v -7.330979 4.233567 0.127394
v -7.301415 4.332521 0.144439
v -7.271111 4.436880 0.161910
v -7.450277 3.797641 0.071034
v -7.434066 3.873951 0.086979
v -7.413656 3.948543 0.110198
v -7.395937 4.039541 0.130299
v -7.372122 4.164856 0.154136
v -7.361145 4.233567 0.164149
v -7.336008 4.332513 0.186570
v -7.310225 4.436878 0.209567
v -7.467839 3.797641 0.085446
v -7.455109 3.873952 0.104248
v -7.439097 3.948552 0.131069
v -7.425215 4.039544 0.154322
v -7.406526 4.164856 0.182370
v -7.397902 4.233566 0.194312
v -7.378151 4.332507 0.221143
v -7.357882 4.436877 0.248677
v -7.487874 3.797641 0.096155
v -7.479117 3.873951 0.117081
v -7.468120 3.948558 0.146577
v -7.458617 4.039546 0.172172
v -7.445777 4.164856 0.203350
v -7.439836 4.233566 0.216725
v -7.426227 4.332501 0.246831
v -7.412255 4.436876 0.277738
v -7.509614 3.797641 0.102750
v -7.505167 3.873950 0.124983
v -7.499608 3.948560 0.156128
v -7.494858 4.039546 0.183165
v -7.488367 4.164856 0.216270
v -7.485337 4.233565 0.230527
v -7.478388 4.332498 0.262649
v -7.471251 4.436875 0.295634
v -7.510618 3.874177 0.126039
v -7.510291 3.949228 0.157824
v -7.511039 4.040328 0.185285
v -7.512949 4.165111 0.218884
v -7.516451 4.233555 0.233558
v -7.520806 4.332529 0.266873
v -7.532223 3.797641 0.104977
v -7.532258 3.873948 0.127652
v -7.532354 3.948559 0.159354
v -7.532547 4.039546 0.186877
v -7.532659 4.164856 0.220632
v -7.532656 4.233565 0.235187
v -7.532631 4.332497 0.267989
v -7.532606 4.436875 0.301677
v -7.537813 3.874173 0.127624
v -7.543163 3.949224 0.158936
v -7.548831 4.040327 0.185801
v -7.557280 4.165111 0.218400
v -7.563764 4.233556 0.232092
v -7.575058 4.332525 0.263854
v -7.554831 3.797641 0.102750
v -7.559350 3.873945 0.124985
v -7.565102 3.948553 0.156133
v -7.570236 4.039545 0.183167
v -7.576950 4.164856 0.216270
v -7.579975 4.233565 0.230527
v -7.586874 4.332499 0.262649
v -7.593960 4.436875 0.295634
v -7.576571 3.797641 0.096155
v -7.585400 3.873942 0.117083
v -7.596593 3.948544 0.146586
v -7.606479 4.039543 0.172177
v -7.619540 4.164856 0.203350
v -7.625476 4.233566 0.216725
v -7.639036 4.332501 0.246831
v -7.652956 4.436876 0.277739
v -7.596606 3.797641 0.085446
v -7.609409 3.873939 0.104251
v -7.625619 3.948532 0.131080
v -7.639882 4.039540 0.154327
v -7.658791 4.164856 0.182370
v -7.667410 4.233566 0.194312
v -7.687111 4.332506 0.221142
v -7.707329 4.436877 0.248677
v -7.630454 3.873935 0.086982
v -7.614168 3.797641 0.071034
v -7.651066 3.948517 0.110210
v -7.669163 4.039536 0.130304
v -7.693194 4.164856 0.154136
v -7.704167 4.233567 0.164149
v -7.729254 4.332512 0.186569
v -7.754987 4.436878 0.209567
v -7.628580 3.797641 0.053472
v -7.647725 3.873932 0.065938
v -7.671955 3.948500 0.084775
v -7.693196 4.039532 0.101030
v -7.721429 4.164856 0.119732
v -7.734333 4.233567 0.127394
v -7.763846 4.332520 0.144438
v -7.794101 4.436880 0.161911
v -7.639289 3.797641 0.033437
v -7.660559 3.873929 0.041930
v -7.687483 3.948481 0.055752
v -7.711058 4.039527 0.067629
v -7.742409 4.164856 0.080481
v -7.756750 4.233568 0.085460
v -7.789557 4.332530 0.096366
v -7.823165 4.436882 0.107539
v -7.645884 3.797641 0.011697
v -7.668463 3.873926 0.015878
v -7.697052 3.948462 0.024254
v -7.722062 4.039523 0.031383
v -7.755329 4.164856 0.037892
v -7.770555 4.233569 0.039958
v -7.805398 4.332539 0.044200
v -7.841065 4.436884 0.048541
v -7.648110 3.797641 -0.010911
v -7.671132 3.873924 -0.011215
v -7.700294 3.948442 -0.008508
v -7.725783 4.039518 -0.006315
v -7.759691 4.164856 -0.006400
v -7.775218 4.233569 -0.007363
v -7.810759 4.332549 -0.010058
v -7.847110 4.436887 -0.012815
v -7.645884 3.797641 -0.033520
v -7.668464 3.873923 -0.038308
v -7.697080 3.948424 -0.041276
v -7.722077 4.039513 -0.044015
v -7.755329 4.164856 -0.050692
v -7.770560 4.233570 -0.054685
v -7.805431 4.332559 -0.064323
v -7.841070 4.436889 -0.074173
v -7.639289 3.797641 -0.055260
v -7.660562 3.873922 -0.064360
v -7.687534 3.948406 -0.072789
v -7.711088 4.039509 -0.080270
v -7.742409 4.164856 -0.093282
v -7.756759 4.233571 -0.100190
v -7.789618 4.332569 -0.116508
v -7.823175 4.436891 -0.133173
v -7.628580 3.797641 -0.075295
v -7.647728 3.873922 -0.088370
v -7.672022 3.948391 -0.101835
v -7.693235 4.039505 -0.113685
v -7.721429 4.164856 -0.132533
v -7.734345 4.233571 -0.142128
v -7.763926 4.332578 -0.164608
v -7.794113 4.436893 -0.187550
v -7.669205 4.039502 -0.142975
v -7.693194 4.164856 -0.166937
v -7.704180 4.233572 -0.178887
v -7.729340 4.332586 -0.206772
v -7.755001 4.436895 -0.235211
v -7.614168 3.797641 -0.092857
v -7.630457 3.873923 -0.109414
v -7.651138 3.948379 -0.127298
v -7.596606 3.797641 -0.107269
v -7.609412 3.873924 -0.126684
v -7.625686 3.948370 -0.148195
v -7.639920 4.039499 -0.167014
v -7.658791 4.164856 -0.195171
v -7.667422 4.233572 -0.209056
v -7.687190 4.332592 -0.241378
v -7.707341 4.436896 -0.274327
v -7.576571 3.797641 -0.117978
v -7.585402 3.873926 -0.139517
v -7.596644 3.948364 -0.163724
v -7.606508 4.039498 -0.184876
v -7.619540 4.164856 -0.216151
v -7.625485 4.233572 -0.231473
v -7.639096 4.332597 -0.267094
v -7.652966 4.436897 -0.303392
v -7.554831 3.797641 -0.124573
v -7.559350 3.873928 -0.147419
v -7.565129 3.948362 -0.173285
v -7.570252 4.039497 -0.195876
v -7.576950 4.164856 -0.229070
v -7.579980 4.233573 -0.245278
v -7.586907 4.332600 -0.282931
v -7.593968 4.436911 -0.321307
v -7.553267 3.626749 -0.154738
v -7.600888 4.604414 -0.420247
v -7.543015 3.626749 -0.128604
v -7.600888 4.604414 -0.556859
v -7.515630 3.626749 -0.154738
v -7.464276 4.604414 -0.420247
v -7.522148 3.626749 -0.128604
v -7.464276 4.604414 -0.556859
v -7.609405 3.626749 -0.124268
v -7.804647 4.604414 -0.309654
v -7.631527 3.626749 -0.154718
v -7.884946 4.604414 -0.420175
v -7.578955 3.626749 -0.146391
v -7.694127 4.604414 -0.389952
v -7.601078 3.626749 -0.176840
v -7.774425 4.604414 -0.500473
v -7.589389 3.626749 -0.058884
v -7.904488 4.604414 -0.100415
v -7.609235 3.626749 -0.065332
v -8.034413 4.604414 -0.142630
v -7.625280 3.626749 -0.102417
v -7.862272 4.604414 -0.230340
v -7.661076 3.626749 -0.114048
v -7.992198 4.604414 -0.272555
v -7.625280 3.626749 -0.003816
v -7.862272 4.604414 0.127548
v -7.661076 3.626749 0.007814
v -7.992198 4.604414 0.169763
v -7.636911 3.626749 -0.039612
v -7.904488 4.604414 -0.002378
v -7.672707 3.626749 -0.027981
v -8.034413 4.604414 0.039838
v -7.578955 3.626749 0.040158
v -7.694127 4.604414 0.287160
v -7.601078 3.626749 0.070607
v -7.774425 4.604414 0.397681
v -7.609405 3.626749 0.018035
v -7.804647 4.604414 0.206861
v -7.631527 3.626749 0.048484
v -7.884946 4.604414 0.317382
v -7.522148 3.626749 0.004945
v -7.464276 4.604414 0.317455
v -7.515630 3.626749 0.086142
v -7.464276 4.604414 0.454066
v -7.543015 3.626749 0.004945
v -7.600887 4.604414 0.317455
v -7.553267 3.626749 0.086142
v -7.600887 4.604414 0.454066
v -7.459493 3.626749 0.018035
v -7.260516 4.604414 0.206861
v -7.437370 3.626749 0.048484
v -7.180218 4.604414 0.317382
v -7.489942 3.626749 0.040158
v -7.371037 4.604414 0.287160
v -7.467819 3.626749 0.070607
v -7.290739 4.604414 0.397681
v -7.431986 3.626749 -0.039612
v -7.160676 4.604414 -0.002378
v -7.396191 3.626749 -0.027981
v -7.030751 4.604414 0.039838
v -7.443617 3.626749 -0.003816
v -7.202891 4.604414 0.127548
v -7.407821 3.626749 0.007814
v -7.072966 4.604414 0.169763
v -7.443617 3.626749 -0.102417
v -7.202891 4.604414 -0.230340
v -7.407821 3.626749 -0.114048
v -7.072966 4.604414 -0.272556
v -7.475774 3.626749 -0.058884
v -7.160676 4.604414 -0.100415
v -7.396191 3.626749 -0.078252
v -7.030751 4.604414 -0.142630
v -7.489942 3.626749 -0.146391
v -7.371037 4.604414 -0.389952
v -7.467819 3.626749 -0.176840
v -7.290739 4.604414 -0.500473
v -7.459493 3.626749 -0.124268
v -7.260516 4.604414 -0.309654
v -7.437370 3.626749 -0.154718
v -7.180218 4.604414 -0.420175
vn 0.1004 -0.3768 -0.9208
vn 0.1660 -0.3681 -0.9148
vn 0.4498 -0.2999 -0.8412
vn 0.4097 -0.4945 -0.7666
vn 0.4356 -0.3815 -0.8153
vn 0.4433 -0.3409 -0.8290
vn 0.4227 -0.4430 -0.7906
vn 0.6058 -0.2980 -0.7377
vn 0.5515 -0.4941 -0.6721
vn 0.5855 -0.3841 -0.7139
vn 0.5967 -0.3402 -0.7268
vn 0.5697 -0.4402 -0.6940
vn 0.6956 -0.4366 -0.5706
vn 0.7387 -0.2955 -0.6059
vn 0.7124 -0.3874 -0.5851
vn 0.7272 -0.3394 -0.5966
vn 0.6722 -0.4937 -0.5517
vn 0.8435 -0.2925 -0.4505
vn 0.7672 -0.4932 -0.4101
vn 0.8114 -0.3914 -0.4341
vn 0.8300 -0.3385 -0.4434
vn 0.7954 -0.4323 -0.4249
vn 0.9162 -0.2891 -0.2776
vn 0.8327 -0.4927 -0.2526
vn 0.8786 -0.3959 -0.2670
vn 0.9008 -0.3376 -0.2730
vn 0.8652 -0.4275 -0.2622
vn 0.9538 -0.2856 -0.0936
vn 0.8663 -0.4921 -0.0853
vn 0.9118 -0.4006 -0.0903
vn 0.9372 -0.3365 -0.0920
vn 0.9021 -0.4223 -0.0886
vn 0.9548 -0.2819 0.0944
vn 0.8667 -0.4915 0.0853
vn 0.9098 -0.4055 0.0891
vn 0.9375 -0.3355 0.0926
vn 0.9045 -0.4170 0.0893
vn 0.9190 -0.2783 0.2791
vn 0.8337 -0.4910 0.2529
vn 0.8728 -0.4102 0.2643
vn 0.9017 -0.3346 0.2738
vn 0.8720 -0.4118 0.2647
vn 0.8478 -0.2749 0.4535
vn 0.7686 -0.4904 0.4108
vn 0.8027 -0.4147 0.4286
vn 0.8313 -0.3337 0.4446
vn 0.8056 -0.4068 0.4308
vn 0.7438 -0.2717 0.6107
vn 0.6739 -0.4899 0.5530
vn 0.7022 -0.4187 0.5758
vn 0.7288 -0.3329 0.5984
vn 0.7076 -0.4023 0.5809
vn 0.5753 -0.4222 0.7005
vn 0.6108 -0.2691 0.7446
vn 0.5532 -0.4895 0.6741
vn 0.5982 -0.3323 0.7292
vn 0.5818 -0.3984 0.7091
vn 0.4541 -0.2670 0.8500
vn 0.4111 -0.4892 0.7692
vn 0.4269 -0.4249 0.7982
vn 0.4446 -0.3318 0.8320
vn 0.4329 -0.3953 0.8101
vn 0.2798 -0.2655 0.9226
vn 0.2532 -0.4890 0.8347
vn 0.2627 -0.4269 0.8653
vn 0.2738 -0.3315 0.9028
vn 0.2668 -0.3932 0.8799
vn 0.0945 -0.2647 0.9597
vn 0.0855 -0.4888 0.8682
vn 0.0886 -0.4295 0.8987
vn 0.0925 -0.3308 0.9392
vn 0.0901 -0.3927 0.9152
vn -0.0945 -0.2647 0.9597
vn -0.0855 -0.4888 0.8682
vn -0.0885 -0.4297 0.8986
vn -0.0925 -0.3310 0.9391
vn -0.0901 -0.3927 0.9152
vn -0.2798 -0.2654 0.9226
vn -0.2532 -0.4890 0.8347
vn -0.2625 -0.4274 0.8651
vn -0.2738 -0.3320 0.9027
vn -0.2669 -0.3931 0.8799
vn -0.4542 -0.2669 0.8500
vn -0.4111 -0.4892 0.7692
vn -0.4267 -0.4258 0.7979
vn -0.4445 -0.3325 0.8318
vn -0.4329 -0.3951 0.8102
vn -0.6109 -0.2689 0.7447
vn -0.5749 -0.4234 0.7002
vn -0.5532 -0.4895 0.6741
vn -0.5980 -0.3332 0.7289
vn -0.5818 -0.3981 0.7092
vn -0.7438 -0.2715 0.6108
vn -0.6739 -0.4899 0.5530
vn -0.7016 -0.4202 0.5754
vn -0.7285 -0.3340 0.5981
vn -0.7077 -0.4020 0.5810
vn -0.8479 -0.2746 0.4535
vn -0.7686 -0.4904 0.4108
vn -0.8020 -0.4164 0.4283
vn -0.8309 -0.3350 0.4444
vn -0.8057 -0.4064 0.4309
vn -0.9191 -0.2780 0.2792
vn -0.8337 -0.4910 0.2529
vn -0.8720 -0.4121 0.2641
vn -0.9012 -0.3360 0.2736
vn -0.8722 -0.4114 0.2648
vn -0.9549 -0.2816 0.0944
vn -0.8667 -0.4916 0.0853
vn -0.9089 -0.4074 0.0891
vn -0.9369 -0.3370 0.0925
vn -0.9047 -0.4166 0.0893
vn -0.9539 -0.2853 -0.0936
vn -0.9023 -0.4219 -0.0886
vn -0.8663 -0.4921 -0.0853
vn -0.9109 -0.4026 -0.0902
vn -0.9366 -0.3380 -0.0920
vn -0.9162 -0.2889 -0.2776
vn -0.8327 -0.4927 -0.2526
vn -0.8778 -0.3978 -0.2668
vn -0.9004 -0.3390 -0.2729
vn -0.8653 -0.4271 -0.2623
vn -0.8436 -0.2922 -0.4505
vn -0.7672 -0.4933 -0.4101
vn -0.8107 -0.3932 -0.4338
vn -0.8295 -0.3398 -0.4431
vn -0.7955 -0.4319 -0.4250
vn -0.7387 -0.2952 -0.6059
vn -0.7269 -0.3406 -0.5963
vn -0.6957 -0.4363 -0.5707
vn -0.6722 -0.4937 -0.5517
vn -0.7119 -0.3890 -0.5847
vn -0.6058 -0.2978 -0.7378
vn -0.5515 -0.4941 -0.6720
vn -0.5851 -0.3854 -0.7135
vn -0.5965 -0.3412 -0.7265
vn -0.5698 -0.4400 -0.6941
vn -0.4499 -0.2998 -0.8413
vn -0.4097 -0.4945 -0.7666
vn -0.4353 -0.3824 -0.8150
vn -0.4432 -0.3416 -0.8288
vn -0.4228 -0.4428 -0.7907
vn -0.0000 1.0000 0.0021
vn -0.0000 1.0000 -0.0076
vn -0.1650 -0.3682 -0.9150
vn -0.1004 -0.3769 -0.9208
vn -0.0000 -1.0000 -0.0000
vn -0.1043 0.2443 0.9641
vn -0.0899 0.3994 0.9124
vn -0.0925 0.3330 0.9384
vn -0.0947 0.2594 0.9611
vn -0.0915 0.3595 0.9286
vn -0.2815 0.2456 0.9276
vn -0.2661 0.3995 0.8772
vn -0.2738 0.3339 0.9020
vn -0.2804 0.2593 0.9242
vn -0.2710 0.3587 0.8932
vn -0.4571 0.2445 0.8552
vn -0.4321 0.3998 0.8084
vn -0.4442 0.3358 0.8306
vn -0.4554 0.2591 0.8518
vn -0.4404 0.3571 0.8238
vn -0.6154 0.2427 0.7499
vn -0.5814 0.4002 0.7084
vn -0.5971 0.3388 0.7271
vn -0.6128 0.2590 0.7466
vn -0.5932 0.3546 0.7227
vn -0.7082 0.4007 0.5812
vn -0.7264 0.3427 0.5957
vn -0.7467 0.2588 0.6127
vn -0.7238 0.3515 0.5938
vn -0.7503 0.2405 0.6158
vn -0.8078 0.4013 0.4318
vn -0.8272 0.3472 0.4418
vn -0.8520 0.2587 0.4553
vn -0.8269 0.3478 0.4419
vn -0.8566 0.2378 0.4579
vn -0.8763 0.4019 0.2658
vn -0.8957 0.3523 0.2713
vn -0.9244 0.2586 0.2803
vn -0.8987 0.3436 0.2725
vn -0.9302 0.2349 0.2822
vn -0.9110 0.4026 0.0897
vn -0.9293 0.3578 0.0912
vn -0.9614 0.2585 0.0946
vn -0.9362 0.3392 0.0921
vn -0.9681 0.2317 0.0953
vn -0.9107 0.4033 -0.0897
vn -0.9271 0.3633 -0.0917
vn -0.9614 0.2585 -0.0948
vn -0.9378 0.3346 -0.0925
vn -0.9689 0.2285 -0.0954
vn -0.8754 0.4040 -0.2655
vn -0.8894 0.3688 -0.2701
vn -0.9244 0.2584 -0.2805
vn -0.9032 0.3302 -0.2741
vn -0.9323 0.2253 -0.2828
vn -0.8065 0.4046 -0.4311
vn -0.8178 0.3740 -0.4374
vn -0.8519 0.2584 -0.4555
vn -0.8337 0.3259 -0.4458
vn -0.8599 0.2223 -0.4596
vn -0.7067 0.4052 -0.5800
vn -0.7153 0.3786 -0.5873
vn -0.7467 0.2585 -0.6129
vn -0.7318 0.3221 -0.6007
vn -0.7541 0.2195 -0.6189
vn -0.6128 0.2585 -0.7468
vn -0.6012 0.3188 -0.7327
vn -0.5798 0.4057 -0.7065
vn -0.5860 0.3826 -0.7143
vn -0.6192 0.2172 -0.7546
vn -0.4308 0.4060 -0.8059
vn -0.4348 0.3858 -0.8137
vn -0.4553 0.2586 -0.8519
vn -0.4472 0.3161 -0.8367
vn -0.4603 0.2154 -0.8612
vn -0.2652 0.4063 -0.8744
vn -0.2675 0.3881 -0.8819
vn -0.2804 0.2587 -0.9244
vn -0.2755 0.3143 -0.9085
vn -0.2836 0.2141 -0.9348
vn -0.0896 0.4064 -0.9093
vn -0.0903 0.3894 -0.9166
vn -0.0947 0.2583 -0.9614
vn -0.0931 0.3137 -0.9450
vn -0.0958 0.2134 -0.9723
vn 0.0896 0.4064 -0.9093
vn 0.0902 0.3897 -0.9165
vn 0.0947 0.2584 -0.9614
vn 0.0931 0.3136 -0.9450
vn 0.0958 0.2134 -0.9723
vn 0.2652 0.4063 -0.8744
vn 0.2673 0.3888 -0.8817
vn 0.2803 0.2592 -0.9243
vn 0.2755 0.3142 -0.9085
vn 0.2836 0.2140 -0.9348
vn 0.4308 0.4060 -0.8059
vn 0.4345 0.3869 -0.8134
vn 0.4552 0.2593 -0.8518
vn 0.4472 0.3159 -0.8368
vn 0.4603 0.2152 -0.8613
vn 0.5798 0.4057 -0.7065
vn 0.5855 0.3841 -0.7139
vn 0.6126 0.2595 -0.7466
vn 0.6013 0.3185 -0.7328
vn 0.6193 0.2170 -0.7546
vn 0.7542 0.2193 -0.6190
vn 0.7067 0.4052 -0.5800
vn 0.7147 0.3804 -0.5870
vn 0.7464 0.2596 -0.6127
vn 0.7318 0.3217 -0.6007
vn 0.8599 0.2220 -0.4596
vn 0.8065 0.4046 -0.4311
vn 0.8170 0.3760 -0.4371
vn 0.8516 0.2598 -0.4553
vn 0.8338 0.3255 -0.4458
vn 0.9324 0.2250 -0.2829
vn 0.8754 0.4040 -0.2655
vn 0.8885 0.3710 -0.2699
vn 0.9240 0.2599 -0.2804
vn 0.9034 0.3297 -0.2742
vn 0.9689 0.2282 -0.0954
vn 0.9107 0.4033 -0.0897
vn 0.9262 0.3657 -0.0916
vn 0.9610 0.2599 -0.0948
vn 0.9379 0.3342 -0.0925
vn 0.9682 0.2314 0.0953
vn 0.9110 0.4026 0.0897
vn 0.9284 0.3601 0.0911
vn 0.9610 0.2600 0.0945
vn 0.9364 0.3388 0.0921
vn 0.9302 0.2346 0.2822
vn 0.8763 0.4019 0.2658
vn 0.8948 0.3546 0.2711
vn 0.9241 0.2600 0.2802
vn 0.8989 0.3432 0.2725
vn 0.8567 0.2375 0.4579
vn 0.8078 0.4013 0.4318
vn 0.8265 0.3493 0.4415
vn 0.8516 0.2600 0.4551
vn 0.8271 0.3474 0.4419
vn 0.7258 0.3445 0.5954
vn 0.7504 0.2402 0.6158
vn 0.7082 0.4007 0.5812
vn 0.7465 0.2600 0.6125
vn 0.7239 0.3512 0.5939
vn 0.6155 0.2425 0.7499
vn 0.5814 0.4002 0.7084
vn 0.5966 0.3404 0.7268
vn 0.6126 0.2599 0.7464
vn 0.5933 0.3543 0.7228
vn 0.4571 0.2443 0.8552
vn 0.4321 0.3998 0.8084
vn 0.4439 0.3370 0.8303
vn 0.4552 0.2598 0.8516
vn 0.4404 0.3569 0.8238
vn 0.2815 0.2456 0.9276
vn 0.2661 0.3995 0.8772
vn 0.2736 0.3346 0.9018
vn 0.2803 0.2597 0.9241
vn 0.2710 0.3586 0.8933
vn 0.1043 0.2442 0.9641
vn 0.0899 0.3994 0.9124
vn 0.0924 0.3332 0.9383
vn 0.0947 0.2595 0.9611
vn 0.0915 0.3595 0.9286
vn -0.0000 0.4323 0.9017
vn -0.0000 1.0000 0.0004
vn 0.0002 1.0000 -0.0031
vn -0.0000 -1.0000 -0.0013
vn -0.0012 -0.9999 0.0141
vn -0.0000 0.2898 0.9571
vn -0.0000 1.0000 -0.0001
vn -0.0000 1.0000 -0.0007
vn -0.0000 -1.0000 0.0003
vn -0.0000 0.3500 0.9368
vn 0.0002 1.0000 0.0050
vn -0.0031 0.9961 -0.0887
vn -0.0000 -1.0000 0.0001
vn 0.0001 -0.9999 0.0110
vn -0.0000 0.3455 0.9384
vn -0.0000 1.0000 0.0001
vn -0.0000 1.0000 -0.0000
vn -0.0000 -1.0000 -0.0022
vn 0.0024 -0.9993 0.0384
vn -0.9920 -0.0862 -0.0921
vn -0.0000 -0.4012 -0.9160
vn 0.9953 -0.0764 -0.0587
vn -0.0000 0.2621 0.9650
vn -0.8080 -0.0500 0.5870
vn -0.5509 -0.3487 -0.7582
vn 0.8080 -0.0511 -0.5870
vn 0.5674 0.2614 0.7809
vn -0.3085 -0.0591 0.9494
vn -0.9335 -0.3550 0.0503
vn 0.3086 -0.0495 -0.9499
vn 0.9610 0.2744 0.0350
vn 0.3086 -0.0528 0.9497
vn -0.8910 -0.3497 0.2895
vn -0.3087 -0.0483 -0.9499
vn 0.9177 0.2625 -0.2982
vn 0.8079 -0.0531 0.5870
vn -0.5504 -0.3510 0.7575
vn -0.8081 -0.0480 -0.5871
vn 0.5669 0.2639 -0.7803
vn 0.9985 -0.0454 -0.0299
vn -0.0000 -0.3522 0.9359
vn -0.9982 -0.0375 -0.0470
vn -0.0000 0.3045 -0.9525
vn 0.5500 -0.3529 0.7570
vn -0.5666 0.2659 -0.7799
vn 0.8899 -0.3527 0.2892
vn -0.3086 -0.0516 0.9498
vn -0.9169 0.2658 -0.2979
vn 0.8903 -0.3518 -0.2893
vn 0.2817 -0.0461 0.9584
vn -0.9591 0.2775 0.0556
vn 0.5505 -0.3505 -0.7577
vn -0.5670 0.2634 0.7804
vt 0.990488 0.500000
vt 0.990488 0.500044
vt 0.990485 0.500044
vt 0.990485 0.500000
vt 0.990482 0.500000
vt 0.990482 0.500044
vt 0.990482 0.500038
vt 0.990485 0.500038
vt 0.990485 0.500034
vt 0.990482 0.500034
vt 0.990482 0.500029
vt 0.990485 0.500029
vt 0.990485 0.500024
vt 0.990482 0.500024
vt 0.990482 0.500019
vt 0.990485 0.500019
vt 0.990485 0.500014
vt 0.990482 0.500014
vt 0.990482 0.500009
vt 0.990485 0.500009
vt 0.990485 0.500004
vt 0.990482 0.500004
vt 0.990480 0.500044
vt 0.990480 0.500038
vt 0.990480 0.500000
vt 0.990480 0.500004
vt 0.990480 0.500014
vt 0.990480 0.500009
vt 0.990480 0.500024
vt 0.990480 0.500019
vt 0.990480 0.500034
vt 0.990480 0.500029
vt 0.990477 0.500044
vt 0.990477 0.500038
vt 0.990477 0.500000
vt 0.990477 0.500004
vt 0.990477 0.500014
vt 0.990477 0.500009
vt 0.990477 0.500024
vt 0.990477 0.500019
vt 0.990477 0.500034
vt 0.990477 0.500029
vt 0.990474 0.500034
vt 0.990474 0.500029
vt 0.990474 0.500044
vt 0.990474 0.500038
vt 0.990474 0.500014
vt 0.990474 0.500009
vt 0.990474 0.500024
vt 0.990474 0.500019
vt 0.990474 0.500004
vt 0.990474 0.500000
vt 0.990471 0.500044
vt 0.990471 0.500038
vt 0.990471 0.500004
vt 0.990471 0.500000
vt 0.990471 0.500014
vt 0.990471 0.500009
vt 0.990471 0.500024
vt 0.990471 0.500019
vt 0.990471 0.500034
vt 0.990471 0.500029
vt 0.990469 0.500044
vt 0.990469 0.500038
vt 0.990469 0.500004
vt 0.990469 0.500000
vt 0.990469 0.500014
vt 0.990469 0.500009
vt 0.990469 0.500024
vt 0.990469 0.500019
vt 0.990469 0.500034
vt 0.990469 0.500029
vt 0.990466 0.500044
vt 0.990466 0.500038
vt 0.990466 0.500004
vt 0.990466 0.500000
vt 0.990466 0.500014
vt 0.990466 0.500009
vt 0.990466 0.500024
vt 0.990466 0.500019
vt 0.990466 0.500034
vt 0.990466 0.500029
vt 0.990463 0.500044
vt 0.990463 0.500038
vt 0.990463 0.500004
vt 0.990463 0.500000
vt 0.990463 0.500014
vt 0.990463 0.500009
vt 0.990463 0.500024
vt 0.990463 0.500019
vt 0.990463 0.500034
vt 0.990463 0.500029
vt 0.990461 0.500044
vt 0.990461 0.500038
vt 0.990461 0.500004
vt 0.990461 0.500000
vt 0.990461 0.500014
vt 0.990461 0.500009
vt 0.990461 0.500024
vt 0.990461 0.500019
vt 0.990461 0.500034
vt 0.990461 0.500029
vt 0.990458 0.500044
vt 0.990458 0.500038
vt 0.990458 0.500004
vt 0.990458 0.500000
vt 0.990458 0.500014
vt 0.990458 0.500009
vt 0.990458 0.500024
vt 0.990458 0.500019
vt 0.990458 0.500034
vt 0.990458 0.500029
vt 0.990455 0.500044
vt 0.990455 0.500038
vt 0.990455 0.500004
vt 0.990455 0.500000
vt 0.990455 0.500014
vt 0.990455 0.500009
vt 0.990455 0.500024
vt 0.990455 0.500019
vt 0.990455 0.500034
vt 0.990455 0.500029
vt 0.990452 0.500014
vt 0.990452 0.500009
vt 0.990452 0.500044
vt 0.990452 0.500038
vt 0.990452 0.500004
vt 0.990452 0.500000
vt 0.990452 0.500024
vt 0.990452 0.500019
vt 0.990452 0.500034
vt 0.990452 0.500029
vt 0.990450 0.500044
vt 0.990450 0.500038
vt 0.990450 0.500004
vt 0.990450 0.500000
vt 0.990450 0.500014
vt 0.990450 0.500009
vt 0.990450 0.500024
vt 0.990450 0.500019
vt 0.990450 0.500034
vt 0.990450 0.500029
vt 0.990447 0.500044
vt 0.990447 0.500038
vt 0.990447 0.500004
vt 0.990447 0.500000
vt 0.990447 0.500014
vt 0.990447 0.500009
vt 0.990447 0.500024
vt 0.990447 0.500019
vt 0.990447 0.500034
vt 0.990447 0.500029
vt 0.990444 0.500044
vt 0.990444 0.500038
vt 0.990444 0.500038
vt 0.990444 0.500004
vt 0.990444 0.500000
vt 0.990447 0.500004
vt 0.990446 0.500009
vt 0.990446 0.500014
vt 0.990444 0.500014
vt 0.990444 0.500009
vt 0.990446 0.500019
vt 0.990445 0.500024
vt 0.990444 0.500024
vt 0.990444 0.500019
vt 0.990445 0.500029
vt 0.990445 0.500034
vt 0.990444 0.500034
vt 0.990444 0.500029
vt 0.990442 0.500044
vt 0.990442 0.500038
vt 0.990442 0.500038
vt 0.990442 0.500004
vt 0.990442 0.500000
vt 0.990444 0.500004
vt 0.990444 0.500009
vt 0.990443 0.500014
vt 0.990442 0.500014
vt 0.990442 0.500009
vt 0.990443 0.500019
vt 0.990443 0.500024
vt 0.990442 0.500024
vt 0.990442 0.500019
vt 0.990442 0.500029
vt 0.990442 0.500034
vt 0.990442 0.500034
vt 0.990442 0.500029
vt 0.990439 0.500044
vt 0.990439 0.500038
vt 0.990439 0.500004
vt 0.990439 0.500000
vt 0.990439 0.500014
vt 0.990439 0.500009
vt 0.990439 0.500024
vt 0.990439 0.500019
vt 0.990439 0.500034
vt 0.990439 0.500029
vt 0.990436 0.500044
vt 0.990436 0.500038
vt 0.990436 0.500004
vt 0.990436 0.500000
vt 0.990436 0.500014
vt 0.990436 0.500009
vt 0.990436 0.500024
vt 0.990436 0.500019
vt 0.990436 0.500034
vt 0.990436 0.500029
vt 0.990433 0.500044
vt 0.990433 0.500038
vt 0.990433 0.500014
vt 0.990433 0.500009
vt 0.990433 0.500004
vt 0.990433 0.500000
vt 0.990433 0.500024
vt 0.990433 0.500019
vt 0.990433 0.500034
vt 0.990433 0.500029
vt 0.990431 0.500044
vt 0.990431 0.500038
vt 0.990431 0.500000
vt 0.990431 0.500004
vt 0.990431 0.500014
vt 0.990431 0.500009
vt 0.990431 0.500024
vt 0.990431 0.500019
vt 0.990431 0.500034
vt 0.990431 0.500029
vt 0.990428 0.500044
vt 0.990428 0.500038
vt 0.990428 0.500000
vt 0.990428 0.500004
vt 0.990428 0.500014
vt 0.990428 0.500009
vt 0.990428 0.500024
vt 0.990428 0.500019
vt 0.990428 0.500034
vt 0.990428 0.500029
vt 0.990425 0.500044
vt 0.990425 0.500038
vt 0.990425 0.500000
vt 0.990425 0.500004
vt 0.990425 0.500014
vt 0.990425 0.500009
vt 0.990425 0.500024
vt 0.990425 0.500019
vt 0.990425 0.500034
vt 0.990425 0.500029
vt 0.990422 0.500044
vt 0.990422 0.500038
vt 0.990422 0.500000
vt 0.990422 0.500004
vt 0.990422 0.500014
vt 0.990422 0.500009
vt 0.990422 0.500024
vt 0.990422 0.500019
vt 0.990422 0.500034
vt 0.990422 0.500029
vt 0.990420 0.500044
vt 0.990420 0.500038
vt 0.990420 0.500034
vt 0.990420 0.500029
vt 0.990420 0.500000
vt 0.990420 0.500004
vt 0.990420 0.500014
vt 0.990420 0.500009
vt 0.990420 0.500024
vt 0.990420 0.500019
vt 0.990417 0.500044
vt 0.990417 0.500038
vt 0.990417 0.500000
vt 0.990417 0.500004
vt 0.990417 0.500014
vt 0.990417 0.500009
vt 0.990417 0.500024
vt 0.990417 0.500019
vt 0.990417 0.500034
vt 0.990417 0.500029
vt 0.990414 0.500044
vt 0.990414 0.500038
vt 0.990414 0.500000
vt 0.990414 0.500004
vt 0.990414 0.500014
vt 0.990414 0.500009
vt 0.990414 0.500024
vt 0.990414 0.500019
vt 0.990414 0.500034
vt 0.990414 0.500029
vt 0.990412 0.500044
vt 0.990412 0.500038
vt 0.990412 0.500019
vt 0.990412 0.500024
vt 0.990412 0.500029
vt 0.990412 0.500034
vt 0.990412 0.500000
vt 0.990412 0.500004
vt 0.990412 0.500014
vt 0.990412 0.500009
vt 0.990409 0.500044
vt 0.990409 0.500038
vt 0.990409 0.500000
vt 0.990409 0.500004
vt 0.990409 0.500014
vt 0.990409 0.500009
vt 0.990409 0.500024
vt 0.990409 0.500019
vt 0.990409 0.500034
vt 0.990409 0.500029
vt 0.990406 0.500044
vt 0.990406 0.500038
vt 0.990406 0.500000
vt 0.990406 0.500004
vt 0.990406 0.500014
vt 0.990406 0.500009
vt 0.990406 0.500024
vt 0.990406 0.500019
vt 0.990406 0.500034
vt 0.990406 0.500029
vt 0.990429 0.499963
vt 0.990430 0.499959
vt 0.990434 0.499961
vt 0.990437 0.499963
vt 0.990440 0.499967
vt 0.990442 0.499970
vt 0.990443 0.499974
vt 0.990443 0.499978
vt 0.990443 0.499982
vt 0.990442 0.499986
vt 0.990440 0.499990
vt 0.990437 0.499993
vt 0.990434 0.499996
vt 0.990430 0.499998
vt 0.990426 0.499999
vt 0.990422 0.499999
vt 0.990418 0.499999
vt 0.990414 0.499998
vt 0.990411 0.499996
vt 0.990408 0.499993
vt 0.990405 0.499990
vt 0.990403 0.499986
vt 0.990402 0.499982
vt 0.990402 0.499978
vt 0.990402 0.499974
vt 0.990403 0.499970
vt 0.990405 0.499967
vt 0.990408 0.499963
vt 0.990411 0.499961
vt 0.990414 0.499959
vt 0.990416 0.499963
vt 0.990413 0.499964
vt 0.990411 0.499966
vt 0.990409 0.499969
vt 0.990407 0.499972
vt 0.990406 0.499975
vt 0.990406 0.499978
vt 0.990406 0.499981
vt 0.990407 0.499984
vt 0.990409 0.499987
vt 0.990411 0.499989
vt 0.990413 0.499991
vt 0.990416 0.499993
vt 0.990419 0.499994
vt 0.990422 0.499994
vt 0.990426 0.499994
vt 0.990429 0.499993
vt 0.990431 0.499991
vt 0.990434 0.499989
vt 0.990436 0.499987
vt 0.990437 0.499984
vt 0.990438 0.499981
vt 0.990439 0.499978
vt 0.990438 0.499975
vt 0.990437 0.499972
vt 0.990436 0.499969
vt 0.990434 0.499966
vt 0.990431 0.499964
vt 0.990419 0.499962
vt 0.990418 0.499958
vt 0.990422 0.499957
vt 0.990426 0.499958
vt 0.990426 0.499962
vt 0.990422 0.499962
vt 0.990403 0.500044
vt 0.990403 0.500000
vt 0.990404 0.500004
vt 0.990404 0.500009
vt 0.990404 0.500014
vt 0.990404 0.500019
vt 0.990404 0.500024
vt 0.990404 0.500029
vt 0.990404 0.500034
vt 0.990404 0.500038
vt 0.990401 0.500044
vt 0.990401 0.500000
vt 0.990454 0.499966
vt 0.990457 0.499964
vt 0.990454 0.499961
vt 0.990451 0.499963
vt 0.990449 0.499967
vt 0.990447 0.499970
vt 0.990445 0.499974
vt 0.990445 0.499978
vt 0.990445 0.499982
vt 0.990447 0.499986
vt 0.990449 0.499990
vt 0.990451 0.499993
vt 0.990454 0.499996
vt 0.990458 0.499998
vt 0.990462 0.499999
vt 0.990466 0.499999
vt 0.990470 0.499999
vt 0.990474 0.499998
vt 0.990478 0.499996
vt 0.990481 0.499993
vt 0.990483 0.499990
vt 0.990485 0.499986
vt 0.990486 0.499982
vt 0.990487 0.499978
vt 0.990486 0.499974
vt 0.990485 0.499970
vt 0.990483 0.499967
vt 0.990481 0.499963
vt 0.990478 0.499961
vt 0.990474 0.499959
vt 0.990470 0.499958
vt 0.990469 0.499962
vt 0.990472 0.499963
vt 0.990475 0.499964
vt 0.990477 0.499966
vt 0.990479 0.499969
vt 0.990481 0.499972
vt 0.990482 0.499975
vt 0.990482 0.499978
vt 0.990482 0.499981
vt 0.990481 0.499984
vt 0.990479 0.499987
vt 0.990477 0.499989
vt 0.990475 0.499991
vt 0.990472 0.499993
vt 0.990469 0.499994
vt 0.990466 0.499994
vt 0.990463 0.499994
vt 0.990460 0.499993
vt 0.990457 0.499991
vt 0.990454 0.499989
vt 0.990452 0.499987
vt 0.990451 0.499984
vt 0.990450 0.499981
vt 0.990450 0.499978
vt 0.990450 0.499975
vt 0.990451 0.499972
vt 0.990452 0.499969
vt 0.990466 0.499957
vt 0.990462 0.499958
vt 0.990458 0.499959
vt 0.990460 0.499963
vt 0.990463 0.499962
vt 0.990466 0.499962
vt 0.990485 0.500027
vt 0.990485 0.500029
vt 0.990488 0.500029
vt 0.990488 0.500027
vt 0.990488 0.500016
vt 0.990488 0.500014
vt 0.990485 0.500014
vt 0.990485 0.500016
vt 0.990485 0.500017
vt 0.990485 0.500019
vt 0.990488 0.500019
vt 0.990488 0.500017
vt 0.990485 0.500021
vt 0.990485 0.500023
vt 0.990488 0.500023
vt 0.990488 0.500021
vt 0.990485 0.500024
vt 0.990485 0.500026
vt 0.990488 0.500026
vt 0.990488 0.500024
vt 0.990482 0.500027
vt 0.990482 0.500029
vt 0.990482 0.500014
vt 0.990482 0.500016
vt 0.990482 0.500017
vt 0.990482 0.500019
vt 0.990482 0.500021
vt 0.990482 0.500023
vt 0.990482 0.500024
vt 0.990482 0.500026
vt 0.990480 0.500027
vt 0.990480 0.500029
vt 0.990480 0.500014
vt 0.990480 0.500016
vt 0.990480 0.500017
vt 0.990480 0.500019
vt 0.990480 0.500021
vt 0.990480 0.500023
vt 0.990480 0.500024
vt 0.990480 0.500026
vt 0.990477 0.500027
vt 0.990477 0.500029
vt 0.990477 0.500014
vt 0.990477 0.500016
vt 0.990477 0.500017
vt 0.990477 0.500019
vt 0.990477 0.500021
vt 0.990477 0.500023
vt 0.990477 0.500024
vt 0.990477 0.500026
vt 0.990474 0.500014
vt 0.990474 0.500016
vt 0.990474 0.500017
vt 0.990474 0.500019
vt 0.990474 0.500021
vt 0.990474 0.500023
vt 0.990474 0.500024
vt 0.990474 0.500026
vt 0.990474 0.500027
vt 0.990474 0.500029
vt 0.990471 0.500014
vt 0.990471 0.500016
vt 0.990471 0.500017
vt 0.990471 0.500019
vt 0.990471 0.500021
vt 0.990471 0.500023
vt 0.990471 0.500024
vt 0.990471 0.500026
vt 0.990471 0.500027
vt 0.990471 0.500029
vt 0.990469 0.500014
vt 0.990469 0.500016
vt 0.990469 0.500017
vt 0.990469 0.500019
vt 0.990469 0.500021
vt 0.990469 0.500023
vt 0.990469 0.500024
vt 0.990469 0.500026
vt 0.990469 0.500027
vt 0.990469 0.500029
vt 0.990466 0.500014
vt 0.990466 0.500016
vt 0.990466 0.500017
vt 0.990466 0.500019
vt 0.990466 0.500021
vt 0.990466 0.500023
vt 0.990466 0.500024
vt 0.990466 0.500026
vt 0.990466 0.500027
vt 0.990466 0.500029
vt 0.990463 0.500014
vt 0.990463 0.500016
vt 0.990463 0.500017
vt 0.990463 0.500019
vt 0.990463 0.500021
vt 0.990463 0.500023
vt 0.990463 0.500024
vt 0.990463 0.500026
vt 0.990463 0.500027
vt 0.990463 0.500029
vt 0.990461 0.500014
vt 0.990461 0.500016
vt 0.990461 0.500017
vt 0.990461 0.500019
vt 0.990461 0.500021
vt 0.990461 0.500023
vt 0.990461 0.500024
vt 0.990461 0.500026
vt 0.990461 0.500027
vt 0.990461 0.500029
vt 0.990458 0.500014
vt 0.990458 0.500016
vt 0.990458 0.500017
vt 0.990458 0.500019
vt 0.990458 0.500021
vt 0.990458 0.500023
vt 0.990458 0.500024
vt 0.990458 0.500026
vt 0.990458 0.500027
vt 0.990458 0.500029
vt 0.990455 0.500014
vt 0.990455 0.500016
vt 0.990455 0.500017
vt 0.990455 0.500019
vt 0.990455 0.500021
vt 0.990455 0.500023
vt 0.990455 0.500024
vt 0.990455 0.500026
vt 0.990455 0.500027
vt 0.990455 0.500029
vt 0.990452 0.500021
vt 0.990452 0.500023
vt 0.990452 0.500024
vt 0.990452 0.500026
vt 0.990452 0.500014
vt 0.990452 0.500016
vt 0.990452 0.500017
vt 0.990452 0.500019
vt 0.990452 0.500027
vt 0.990452 0.500029
vt 0.990450 0.500014
vt 0.990450 0.500016
vt 0.990450 0.500017
vt 0.990450 0.500019
vt 0.990450 0.500021
vt 0.990450 0.500023
vt 0.990450 0.500024
vt 0.990450 0.500026
vt 0.990450 0.500027
vt 0.990450 0.500029
vt 0.990447 0.500014
vt 0.990447 0.500016
vt 0.990447 0.500017
vt 0.990447 0.500019
vt 0.990447 0.500021
vt 0.990447 0.500023
vt 0.990447 0.500024
vt 0.990447 0.500026
vt 0.990447 0.500027
vt 0.990447 0.500029
vt 0.990444 0.500014
vt 0.990444 0.500016
vt 0.990446 0.500019
vt 0.990446 0.500017
vt 0.990444 0.500017
vt 0.990444 0.500019
vt 0.990445 0.500023
vt 0.990446 0.500021
vt 0.990444 0.500021
vt 0.990444 0.500023
vt 0.990445 0.500026
vt 0.990445 0.500024
vt 0.990444 0.500024
vt 0.990444 0.500026
vt 0.990444 0.500027
vt 0.990444 0.500029
vt 0.990442 0.500014
vt 0.990442 0.500016
vt 0.990443 0.500019
vt 0.990444 0.500017
vt 0.990442 0.500017
vt 0.990442 0.500019
vt 0.990443 0.500023
vt 0.990443 0.500021
vt 0.990442 0.500021
vt 0.990442 0.500023
vt 0.990442 0.500026
vt 0.990442 0.500024
vt 0.990442 0.500024
vt 0.990442 0.500026
vt 0.990442 0.500027
vt 0.990442 0.500029
vt 0.990439 0.500014
vt 0.990439 0.500016
vt 0.990439 0.500017
vt 0.990439 0.500019
vt 0.990439 0.500021
vt 0.990439 0.500023
vt 0.990439 0.500024
vt 0.990439 0.500026
vt 0.990439 0.500027
vt 0.990439 0.500029
vt 0.990436 0.500014
vt 0.990436 0.500016
vt 0.990436 0.500017
vt 0.990436 0.500019
vt 0.990436 0.500021
vt 0.990436 0.500023
vt 0.990436 0.500024
vt 0.990436 0.500026
vt 0.990436 0.500027
vt 0.990436 0.500029
vt 0.990433 0.500014
vt 0.990433 0.500016
vt 0.990433 0.500017
vt 0.990433 0.500019
vt 0.990433 0.500021
vt 0.990433 0.500023
vt 0.990433 0.500024
vt 0.990433 0.500026
vt 0.990433 0.500029
vt 0.990433 0.500027
vt 0.990431 0.500027
vt 0.990431 0.500029
vt 0.990431 0.500014
vt 0.990431 0.500016
vt 0.990431 0.500017
vt 0.990431 0.500019
vt 0.990431 0.500021
vt 0.990431 0.500023
vt 0.990431 0.500024
vt 0.990431 0.500026
vt 0.990428 0.500027
vt 0.990428 0.500029
vt 0.990428 0.500014
vt 0.990428 0.500016
vt 0.990428 0.500017
vt 0.990428 0.500019
vt 0.990428 0.500021
vt 0.990428 0.500023
vt 0.990428 0.500024
vt 0.990428 0.500026
vt 0.990425 0.500027
vt 0.990425 0.500029
vt 0.990425 0.500014
vt 0.990425 0.500016
vt 0.990425 0.500017
vt 0.990425 0.500019
vt 0.990425 0.500021
vt 0.990425 0.500023
vt 0.990425 0.500024
vt 0.990425 0.500026
vt 0.990422 0.500027
vt 0.990422 0.500029
vt 0.990422 0.500014
vt 0.990422 0.500016
vt 0.990422 0.500017
vt 0.990422 0.500019
vt 0.990422 0.500021
vt 0.990422 0.500023
vt 0.990422 0.500024
vt 0.990422 0.500026
vt 0.990420 0.500027
vt 0.990420 0.500029
vt 0.990420 0.500014
vt 0.990420 0.500016
vt 0.990420 0.500017
vt 0.990420 0.500019
vt 0.990420 0.500021
vt 0.990420 0.500023
vt 0.990420 0.500024
vt 0.990420 0.500026
vt 0.990417 0.500027
vt 0.990417 0.500029
vt 0.990417 0.500014
vt 0.990417 0.500016
vt 0.990417 0.500017
vt 0.990417 0.500019
vt 0.990417 0.500021
vt 0.990417 0.500023
vt 0.990417 0.500024
vt 0.990417 0.500026
vt 0.990414 0.500027
vt 0.990414 0.500029
vt 0.990414 0.500014
vt 0.990414 0.500016
vt 0.990414 0.500017
vt 0.990414 0.500019
vt 0.990414 0.500021
vt 0.990414 0.500023
vt 0.990414 0.500024
vt 0.990414 0.500026
vt 0.990412 0.500017
vt 0.990412 0.500019
vt 0.990412 0.500027
vt 0.990412 0.500029
vt 0.990412 0.500014
vt 0.990412 0.500016
vt 0.990412 0.500021
vt 0.990412 0.500023
vt 0.990412 0.500024
vt 0.990412 0.500026
vt 0.990409 0.500027
vt 0.990409 0.500029
vt 0.990409 0.500014
vt 0.990409 0.500016
vt 0.990409 0.500017
vt 0.990409 0.500019
vt 0.990409 0.500021
vt 0.990409 0.500023
vt 0.990409 0.500024
vt 0.990409 0.500026
vt 0.990406 0.500027
vt 0.990406 0.500029
vt 0.990406 0.500014
vt 0.990406 0.500016
vt 0.990406 0.500017
vt 0.990406 0.500019
vt 0.990406 0.500021
vt 0.990406 0.500023
vt 0.990406 0.500024
vt 0.990406 0.500026
vt 0.990403 0.500027
vt 0.990403 0.500029
vt 0.990403 0.500014
vt 0.990403 0.500016
vt 0.990403 0.500017
vt 0.990403 0.500019
vt 0.990403 0.500021
vt 0.990403 0.500023
vt 0.990403 0.500024
vt 0.990403 0.500026
vt 0.990401 0.500027
vt 0.990401 0.500029
vt 0.990401 0.500014
vt 0.990401 0.500016
vt 0.990401 0.500017
vt 0.990401 0.500019
vt 0.990401 0.500021
vt 0.990401 0.500023
vt 0.990401 0.500024
vt 0.990401 0.500026
vt 0.990433 0.499987
vt 0.990433 0.499992
vt 0.990455 0.499992
vt 0.990455 0.499987
vt 0.990423 0.500021
vt 0.990425 0.500021
vt 0.990427 0.500021
vt 0.990429 0.500020
vt 0.990430 0.500018
vt 0.990431 0.500017
vt 0.990432 0.500015
vt 0.990433 0.500013
vt 0.990433 0.500011
vt 0.990433 0.500008
vt 0.990432 0.500006
vt 0.990431 0.500005
vt 0.990430 0.500003
vt 0.990429 0.500002
vt 0.990427 0.500001
vt 0.990425 0.500000
vt 0.990420 0.500000
vt 0.990418 0.500001
vt 0.990416 0.500002
vt 0.990415 0.500003
vt 0.990413 0.500005
vt 0.990412 0.500006
vt 0.990412 0.500008
vt 0.990412 0.500011
vt 0.990412 0.500013
vt 0.990412 0.500015
vt 0.990413 0.500017
vt 0.990415 0.500018
vt 0.990416 0.500020
vt 0.990418 0.500021
vt 0.990420 0.500021
vt 0.990421 0.500021
vt 0.990421 0.500019
vt 0.990421 0.500019
vt 0.990419 0.500019
vt 0.990418 0.500018
vt 0.990416 0.500017
vt 0.990415 0.500015
vt 0.990415 0.500014
vt 0.990414 0.500012
vt 0.990414 0.500011
vt 0.990414 0.500009
vt 0.990415 0.500008
vt 0.990415 0.500006
vt 0.990416 0.500005
vt 0.990418 0.500004
vt 0.990419 0.500003
vt 0.990421 0.500002
vt 0.990422 0.500002
vt 0.990424 0.500002
vt 0.990426 0.500003
vt 0.990427 0.500004
vt 0.990428 0.500005
vt 0.990429 0.500006
vt 0.990430 0.500008
vt 0.990431 0.500009
vt 0.990431 0.500011
vt 0.990431 0.500012
vt 0.990430 0.500014
vt 0.990429 0.500015
vt 0.990428 0.500017
vt 0.990427 0.500018
vt 0.990426 0.500019
vt 0.990424 0.500019
vt 0.990423 0.500019
vt 0.990422 0.500021
vt 0.990422 0.500019
vt 0.990468 0.500021
vt 0.990468 0.500021
vt 0.990470 0.500021
vt 0.990472 0.500020
vt 0.990474 0.500018
vt 0.990475 0.500017
vt 0.990476 0.500015
vt 0.990477 0.500013
vt 0.990477 0.500011
vt 0.990477 0.500008
vt 0.990476 0.500006
vt 0.990475 0.500005
vt 0.990474 0.500003
vt 0.990472 0.500002
vt 0.990470 0.500001
vt 0.990468 0.500000
vt 0.990463 0.500000
vt 0.990462 0.500001
vt 0.990460 0.500002
vt 0.990458 0.500003
vt 0.990457 0.500005
vt 0.990456 0.500006
vt 0.990455 0.500008
vt 0.990455 0.500011
vt 0.990455 0.500013
vt 0.990456 0.500015
vt 0.990457 0.500017
vt 0.990458 0.500018
vt 0.990460 0.500020
vt 0.990462 0.500021
vt 0.990464 0.500021
vt 0.990466 0.500021
vt 0.990466 0.500019
vt 0.990464 0.500019
vt 0.990463 0.500019
vt 0.990461 0.500018
vt 0.990460 0.500017
vt 0.990459 0.500015
vt 0.990458 0.500014
vt 0.990458 0.500012
vt 0.990457 0.500011
vt 0.990458 0.500009
vt 0.990458 0.500008
vt 0.990459 0.500006
vt 0.990460 0.500005
vt 0.990461 0.500004
vt 0.990463 0.500003
vt 0.990464 0.500002
vt 0.990466 0.500002
vt 0.990468 0.500002
vt 0.990469 0.500003
vt 0.990471 0.500004
vt 0.990472 0.500005
vt 0.990473 0.500006
vt 0.990474 0.500008
vt 0.990474 0.500009
vt 0.990474 0.500011
vt 0.990474 0.500012
vt 0.990474 0.500014
vt 0.990473 0.500015
vt 0.990472 0.500017
vt 0.990471 0.500018
vt 0.990469 0.500019
vt 0.990468 0.500019
vt 0.990466 0.500021
vt 0.990423 0.500021
vt 0.990421 0.500021
vt 0.990422 0.500019
vt 0.990423 0.500019
vt 0.990467 0.500019
vt 0.990467 0.500021
vt 0.990465 0.500021
vt 0.990465 0.500019
vt 0.990424 0.500021
vt 0.990422 0.500021
vt 0.990422 0.500019
vt 0.990424 0.500019
vt 0.990467 0.500019
vt 0.990467 0.500021
vt 0.990465 0.500021
vt 0.990465 0.500019
vt 0.990422 0.500021
vt 0.990424 0.500021
vt 0.990466 0.500019
vt 0.990466 0.500021
vt 0.990464 0.500021
vt 0.990465 0.500019
vt 0.990433 0.499957
vt 0.990455 0.499957
vt 0.990455 0.499978
vt 0.990433 0.499978
vt 0.990455 0.500022
vt 0.990433 0.500022
vt 0.990412 0.500022
vt 0.990477 0.500022
s 0
usemtl Material
f 269/233/78 270/234/78 272/235/78 271/236/78
f 273/237/79 271/236/79 272/235/79 274/238/79 412/239/79 403/240/79 402/241/79 411/242/79 410/243/79 401/244/79 400/245/79 409/246/79 408/247/79 399/248/79 398/249/79 407/250/79 406/251/79 397/252/79 404/253/79 405/254/79
f 412/239/80 274/238/80 276/255/80 420/256/80
f 275/257/81 273/237/81 405/254/81 413/258/81
f 415/259/82 414/260/82 406/251/82 407/250/82
f 417/261/83 416/262/83 408/247/83 409/246/83
f 419/263/84 418/264/84 410/243/84 411/242/84
f 420/256/85 276/255/85 278/265/85 428/266/85
f 277/267/86 275/257/86 413/258/86 421/268/86
f 423/269/87 422/270/87 414/260/87 415/259/87
f 425/271/88 424/272/88 416/262/88 417/261/88
f 427/273/89 426/274/89 418/264/89 419/263/89
f 426/274/90 427/273/90 435/275/90 434/276/90
f 428/266/91 278/265/91 280/277/91 436/278/91
f 422/270/92 423/269/92 431/279/92 430/280/92
f 424/272/93 425/271/93 433/281/93 432/282/93
f 429/283/94 279/284/94 277/267/94 421/268/94
f 436/278/95 280/277/95 282/285/95 444/286/95
f 437/287/96 281/288/96 279/284/96 429/283/96
f 430/280/97 431/279/97 439/289/97 438/290/97
f 432/282/98 433/281/98 441/291/98 440/292/98
f 434/276/99 435/275/99 443/293/99 442/294/99
f 444/286/100 282/285/100 284/295/100 452/296/100
f 445/297/101 283/298/101 281/288/101 437/287/101
f 438/290/102 439/289/102 447/299/102 446/300/102
f 440/292/103 441/291/103 449/301/103 448/302/103
f 442/294/104 443/293/104 451/303/104 450/304/104
f 452/296/105 284/295/105 286/305/105 453/306/105
f 454/307/106 285/308/106 283/298/106 445/297/106
f 446/300/107 447/299/107 456/309/107 455/310/107
f 448/302/108 449/301/108 458/311/108 457/312/108
f 450/304/109 451/303/109 460/313/109 459/314/109
f 453/306/110 286/305/110 288/315/110 468/316/110
f 461/317/111 287/318/111 285/308/111 454/307/111
f 455/310/112 456/309/112 463/319/112 462/320/112
f 457/312/113 458/311/113 465/321/113 464/322/113
f 459/314/114 460/313/114 467/323/114 466/324/114
f 468/316/115 288/315/115 290/325/115 476/326/115
f 469/327/116 289/328/116 287/318/116 461/317/116
f 462/320/117 463/319/117 471/329/117 470/330/117
f 464/322/118 465/321/118 473/331/118 472/332/118
f 466/324/119 467/323/119 475/333/119 474/334/119
f 476/326/120 290/325/120 292/335/120 484/336/120
f 477/337/121 291/338/121 289/328/121 469/327/121
f 470/330/122 471/329/122 479/339/122 478/340/122
f 472/332/123 473/331/123 481/341/123 480/342/123
f 474/334/124 475/333/124 483/343/124 482/344/124
f 484/336/125 292/335/125 294/345/125 492/346/125
f 485/347/126 293/348/126 291/338/126 477/337/126
f 478/340/127 479/339/127 487/349/127 486/350/127
f 480/342/128 481/341/128 489/351/128 488/352/128
f 482/344/129 483/343/129 491/353/129 490/354/129
f 495/355/130 494/356/130 486/350/130 487/349/130
f 492/346/131 294/345/131 296/357/131 500/358/131
f 493/359/132 295/360/132 293/348/132 485/347/132
f 488/352/133 489/351/133 497/361/133 496/362/133
f 490/354/134 491/353/134 499/363/134 498/364/134
f 500/358/135 296/357/135 298/365/135 508/366/135
f 501/367/136 297/368/136 295/360/136 493/359/136
f 494/356/137 495/355/137 503/369/137 502/370/137
f 496/362/138 497/361/138 505/371/138 504/372/138
f 498/364/139 499/363/139 507/373/139 506/374/139
f 508/366/140 298/365/140 300/375/140 516/376/140
f 509/377/141 299/378/141 297/368/141 501/367/141
f 502/370/142 503/369/142 511/379/142 510/380/142
f 504/372/143 505/371/143 513/381/143 512/382/143
f 506/374/144 507/373/144 515/383/144 514/384/144
f 516/376/145 300/375/145 302/385/145 532/386/145 524/387/145
f 525/388/146 301/389/146 299/378/146 509/377/146 517/390/146
f 518/391/147 510/380/147 511/379/147 519/392/147 527/393/147 526/394/147
f 520/395/148 512/382/148 513/381/148 521/396/148 529/397/148 528/398/148
f 522/399/149 514/384/149 515/383/149 523/400/149 531/401/149 530/402/149
f 532/386/150 302/385/150 304/403/150 548/404/150 540/405/150
f 541/406/151 303/407/151 301/389/151 525/388/151 533/408/151
f 534/409/152 526/394/152 527/393/152 535/410/152 543/411/152 542/412/152
f 536/413/153 528/398/153 529/397/153 537/414/153 545/415/153 544/416/153
f 538/417/154 530/402/154 531/401/154 539/418/154 547/419/154 546/420/154
f 548/404/155 304/403/155 306/421/155 556/422/155
f 549/423/156 305/424/156 303/407/156 541/406/156
f 542/412/157 543/411/157 551/425/157 550/426/157
f 544/416/158 545/415/158 553/427/158 552/428/158
f 546/420/159 547/419/159 555/429/159 554/430/159
f 556/422/160 306/421/160 308/431/160 564/432/160
f 557/433/161 307/434/161 305/424/161 549/423/161
f 550/426/162 551/425/162 559/435/162 558/436/162
f 552/428/163 553/427/163 561/437/163 560/438/163
f 554/430/164 555/429/164 563/439/164 562/440/164
f 564/432/165 308/431/165 310/441/165 572/442/165
f 567/443/166 565/444/166 558/436/166 559/435/166
f 566/445/167 309/446/167 307/434/167 557/433/167
f 569/447/168 568/448/168 560/438/168 561/437/168
f 571/449/169 570/450/169 562/440/169 563/439/169
f 572/442/170 310/441/170 312/451/170 580/452/170
f 311/453/171 309/446/171 566/445/171 573/454/171
f 575/455/172 574/456/172 565/444/172 567/443/172
f 577/457/173 576/458/173 568/448/173 569/447/173
f 579/459/174 578/460/174 570/450/174 571/449/174
f 580/452/175 312/451/175 314/461/175 588/462/175
f 313/463/176 311/453/176 573/454/176 581/464/176
f 583/465/177 582/466/177 574/456/177 575/455/177
f 585/467/178 584/468/178 576/458/178 577/457/178
f 587/469/179 586/470/179 578/460/179 579/459/179
f 588/462/180 314/461/180 316/471/180 596/472/180
f 315/473/181 313/463/181 581/464/181 589/474/181
f 591/475/182 590/476/182 582/466/182 583/465/182
f 593/477/183 592/478/183 584/468/183 585/467/183
f 595/479/184 594/480/184 586/470/184 587/469/184
f 596/472/185 316/471/185 318/481/185 604/482/185
f 317/483/186 315/473/186 589/474/186 597/484/186
f 599/485/187 598/486/187 590/476/187 591/475/187
f 601/487/188 600/488/188 592/478/188 593/477/188
f 603/489/189 602/490/189 594/480/189 595/479/189
f 318/481/190 320/491/190 612/492/190 604/482/190
f 603/489/191 611/493/191 610/494/191 602/490/191
f 319/495/192 317/483/192 597/484/192 605/496/192
f 607/497/193 606/498/193 598/486/193 599/485/193
f 609/499/194 608/500/194 600/488/194 601/487/194
f 612/492/195 320/491/195 322/501/195 620/502/195
f 321/503/196 319/495/196 605/496/196 613/504/196
f 615/505/197 614/506/197 606/498/197 607/497/197
f 617/507/198 616/508/198 608/500/198 609/499/198
f 619/509/199 618/510/199 610/494/199 611/493/199
f 620/502/200 322/501/200 324/511/200 628/512/200
f 323/513/201 321/503/201 613/504/201 621/514/201
f 623/515/202 622/516/202 614/506/202 615/505/202
f 625/517/203 624/518/203 616/508/203 617/507/203
f 627/519/204 626/520/204 618/510/204 619/509/204
f 628/512/205 324/511/205 326/521/205 633/522/205
f 629/523/206 624/518/206 625/517/206 630/524/206
f 631/525/207 626/520/207 627/519/207 632/526/207
f 325/527/208 323/513/208 621/514/208 634/528/208
f 636/529/209 635/530/209 622/516/209 623/515/209
f 633/522/210 326/521/210 328/531/210 644/532/210
f 327/533/211 325/527/211 634/528/211 637/534/211
f 639/535/212 638/536/212 635/530/212 636/529/212
f 641/537/213 640/538/213 629/523/213 630/524/213
f 643/539/214 642/540/214 631/525/214 632/526/214
f 644/532/215 328/531/215 330/541/215 652/542/215
f 329/543/216 327/533/216 637/534/216 645/544/216
f 647/545/217 646/546/217 638/536/217 639/535/217
f 649/547/218 648/548/218 640/538/218 641/537/218
f 651/549/219 650/550/219 642/540/219 643/539/219
f 345/551/220 298/552/220 296/553/220 294/554/220 292/555/220 290/556/220 288/557/220 286/558/220 284/559/220 282/560/220 280/561/220 278/562/220 276/563/220 274/564/220 272/565/220 270/566/220 332/567/220 330/568/220 328/569/220 326/570/220 324/571/220 322/572/220 320/573/220 318/574/220 316/575/220 314/576/220 312/577/220 310/578/220 308/579/220 306/580/220 359/581/220 355/582/220 338/583/220 339/584/220 340/585/220 337/586/220 336/587/220 351/588/220 352/589/220 353/590/220 354/591/220 333/592/220 335/593/220 334/594/220 357/595/220 356/596/220 360/597/220 364/598/220 346/599/220 347/600/220 350/601/220 348/602/220 349/603/220 363/604/220 362/605/220 361/606/220 344/607/220 343/608/220
f 358/609/221 359/581/221 306/580/221 304/610/221 302/611/221 300/612/221 298/552/221 345/551/221 342/613/221 341/614/221
f 330/541/222 332/615/222 331/616/222 329/543/222 645/544/222 654/617/222 655/618/222 646/546/222 647/545/222 658/619/222 659/620/222 648/548/222 649/547/222 660/621/222 657/622/222 650/550/222 651/549/222 656/623/222 653/624/222 652/542/222
f 331/616/223 332/615/223 270/625/223 269/626/223
f 374/627/224 375/628/224 307/629/224 309/630/224 311/631/224 313/632/224 315/633/224 317/634/224 319/635/224 321/636/224 323/637/224 325/638/224 327/639/224 329/640/224 331/641/224 269/642/224 271/643/224 273/644/224 275/645/224 277/646/224 279/647/224 281/648/224 283/649/224 285/650/224 287/651/224 289/652/224 291/653/224 293/654/224 295/655/224 297/656/224 299/657/224 396/658/224 385/659/224 368/660/224 369/661/224 372/662/224 370/663/224 371/664/224 388/665/224 389/666/224 386/667/224 387/668/224 366/669/224 367/670/224 365/671/224 384/672/224 383/673/224 394/674/224 393/675/224 380/676/224 381/677/224 382/678/224 378/679/224 379/680/224 390/681/224 392/682/224 391/683/224 373/684/224
f 396/658/224 299/657/224 301/685/224 303/686/224 305/687/224 307/629/224 375/628/224 377/688/224 376/689/224 395/690/224
f 668/691/225 356/692/225 357/693/225 676/694/225
f 669/695/226 383/696/226 384/697/226 661/698/226
f 662/699/227 663/700/227 671/701/227 670/702/227
f 664/703/228 665/704/228 673/705/228 672/706/228
f 666/707/229 667/708/229 675/709/229 674/710/229
f 684/711/230 360/712/230 356/692/230 668/691/230
f 661/698/231 384/697/231 365/713/231 677/714/231
f 663/700/232 662/699/232 678/715/232 679/716/232
f 665/704/233 664/703/233 680/717/233 681/718/233
f 667/708/234 666/707/234 682/719/234 683/720/234
f 692/721/235 364/722/235 360/712/235 684/711/235
f 677/714/236 365/713/236 367/723/236 685/724/236
f 679/716/237 678/715/237 686/725/237 687/726/237
f 681/718/238 680/717/238 688/727/238 689/728/238
f 683/720/239 682/719/239 690/729/239 691/730/239
f 700/731/240 346/732/240 364/722/240 692/721/240
f 685/724/241 367/723/241 366/733/241 693/734/241
f 687/726/242 686/725/242 694/735/242 695/736/242
f 689/728/243 688/727/243 696/737/243 697/738/243
f 691/730/244 690/729/244 698/739/244 699/740/244
f 366/733/245 387/741/245 701/742/245 693/734/245
f 695/736/246 694/735/246 702/743/246 703/744/246
f 697/738/247 696/737/247 704/745/247 705/746/247
f 699/740/248 698/739/248 706/747/248 707/748/248
f 708/749/249 347/750/249 346/732/249 700/731/249
f 387/741/250 386/751/250 709/752/250 701/742/250
f 703/744/251 702/743/251 710/753/251 711/754/251
f 705/746/252 704/745/252 712/755/252 713/756/252
f 707/748/253 706/747/253 714/757/253 715/758/253
f 716/759/254 350/760/254 347/750/254 708/749/254
f 386/751/255 389/761/255 717/762/255 709/752/255
f 711/754/256 710/753/256 718/763/256 719/764/256
f 713/756/257 712/755/257 720/765/257 721/766/257
f 715/758/258 714/757/258 722/767/258 723/768/258
f 724/769/259 348/770/259 350/760/259 716/759/259
f 389/761/260 388/771/260 725/772/260 717/762/260
f 719/764/261 718/763/261 726/773/261 727/774/261
f 721/766/262 720/765/262 728/775/262 729/776/262
f 723/768/263 722/767/263 730/777/263 731/778/263
f 732/779/264 349/780/264 348/770/264 724/769/264
f 388/771/265 371/781/265 733/782/265 725/772/265
f 727/774/266 726/773/266 734/783/266 735/784/266
f 729/776/267 728/775/267 736/785/267 737/786/267
f 731/778/268 730/777/268 738/787/268 739/788/268
f 740/789/269 363/790/269 349/780/269 732/779/269
f 371/781/270 370/791/270 741/792/270 733/782/270
f 735/784/271 734/783/271 742/793/271 743/794/271
f 737/786/272 736/785/272 744/795/272 745/796/272
f 739/788/273 738/787/273 746/797/273 747/798/273
f 748/799/274 362/800/274 363/790/274 740/789/274
f 370/791/275 372/801/275 749/802/275 741/792/275
f 743/794/276 742/793/276 750/803/276 751/804/276
f 745/796/277 744/795/277 752/805/277 753/806/277
f 747/798/278 746/797/278 754/807/278 755/808/278
f 756/809/279 361/810/279 362/800/279 748/799/279
f 372/801/280 369/811/280 757/812/280 749/802/280
f 751/804/281 750/803/281 758/813/281 759/814/281
f 753/806/282 752/805/282 760/815/282 761/816/282
f 755/808/283 754/807/283 762/817/283 763/818/283
f 764/819/284 344/820/284 361/810/284 756/809/284
f 760/815/285 768/821/285 769/822/285 761/816/285
f 762/817/286 770/823/286 771/824/286 763/818/286
f 369/811/287 368/825/287 765/826/287 757/812/287
f 758/813/288 766/827/288 767/828/288 759/814/288
f 772/829/289 343/830/289 344/820/289 764/819/289
f 368/825/290 385/831/290 773/832/290 765/826/290
f 767/828/291 766/827/291 774/833/291 775/834/291
f 769/822/292 768/821/292 776/835/292 777/836/292
f 771/824/293 770/823/293 778/837/293 779/838/293
f 780/839/294 345/840/294 343/830/294 772/829/294
f 385/831/295 396/841/295 781/842/295 773/832/295
f 775/834/296 774/833/296 782/843/296 783/844/296
f 777/836/297 776/835/297 784/845/297 785/846/297
f 779/838/298 778/837/298 786/847/298 787/848/298
f 788/849/299 342/850/299 345/840/299 780/839/299
f 396/841/300 395/851/300 795/852/300 781/842/300
f 790/853/301 783/844/301 782/843/301 789/854/301 796/855/301 797/856/301
f 792/857/302 785/846/302 784/845/302 791/858/302 798/859/302 799/860/302
f 794/861/303 787/848/303 786/847/303 793/862/303 800/863/303 801/864/303
f 802/865/304 341/866/304 342/850/304 788/849/304
f 395/851/305 376/867/305 809/868/305 795/852/305
f 804/869/306 797/856/306 796/855/306 803/870/306 810/871/306 811/872/306
f 806/873/307 799/860/307 798/859/307 805/874/307 812/875/307 813/876/307
f 808/877/308 801/864/308 800/863/308 807/878/308 814/879/308 815/880/308
f 816/881/309 358/882/309 341/866/309 802/865/309
f 376/867/310 377/883/310 817/884/310 809/868/310
f 811/872/311 810/871/311 818/885/311 819/886/311
f 813/876/312 812/875/312 820/887/312 821/888/312
f 815/880/313 814/879/313 822/889/313 823/890/313
f 824/891/314 359/892/314 358/882/314 816/881/314
f 377/883/315 375/893/315 825/894/315 817/884/315
f 819/886/316 818/885/316 826/895/316 827/896/316
f 821/888/317 820/887/317 828/897/317 829/898/317
f 823/890/318 822/889/318 830/899/318 831/900/318
f 832/901/319 355/902/319 359/892/319 824/891/319
f 375/893/320 374/903/320 834/904/320 825/894/320
f 827/896/321 826/895/321 833/905/321 835/906/321
f 829/898/322 828/897/322 836/907/322 837/908/322
f 831/900/323 830/899/323 838/909/323 839/910/323
f 338/911/324 355/902/324 832/901/324 840/912/324
f 848/913/325 339/914/325 338/911/325 840/912/325
f 834/904/326 374/903/326 373/915/326 841/916/326
f 835/906/327 833/905/327 842/917/327 843/918/327
f 837/908/328 836/907/328 844/919/328 845/920/328
f 839/910/329 838/909/329 846/921/329 847/922/329
f 856/923/330 340/924/330 339/914/330 848/913/330
f 841/916/331 373/915/331 391/925/331 849/926/331
f 843/918/332 842/917/332 850/927/332 851/928/332
f 845/920/333 844/919/333 852/929/333 853/930/333
f 847/922/334 846/921/334 854/931/334 855/932/334
f 864/933/335 337/934/335 340/924/335 856/923/335
f 849/926/336 391/925/336 392/935/336 857/936/336
f 851/928/337 850/927/337 858/937/337 859/938/337
f 853/930/338 852/929/338 860/939/338 861/940/338
f 855/932/339 854/931/339 862/941/339 863/942/339
f 872/943/340 336/944/340 337/934/340 864/933/340
f 857/936/341 392/935/341 390/945/341 865/946/341
f 859/938/342 858/937/342 866/947/342 867/948/342
f 861/940/343 860/939/343 868/949/343 869/950/343
f 863/942/344 862/941/344 870/951/344 871/952/344
f 880/953/345 351/954/345 336/944/345 872/943/345
f 865/946/346 390/945/346 379/955/346 873/956/346
f 867/948/347 866/947/347 874/957/347 875/958/347
f 869/950/348 868/949/348 876/959/348 877/960/348
f 871/952/349 870/951/349 878/961/349 879/962/349
f 888/963/350 352/964/350 351/954/350 880/953/350
f 873/956/351 379/955/351 378/965/351 881/966/351
f 875/958/352 874/957/352 882/967/352 883/968/352
f 877/960/353 876/959/353 884/969/353 885/970/353
f 879/962/354 878/961/354 886/971/354 887/972/354
f 896/973/355 353/974/355 352/964/355 888/963/355
f 881/966/356 378/965/356 382/975/356 889/976/356
f 883/968/357 882/967/357 890/977/357 891/978/357
f 885/970/358 884/969/358 892/979/358 893/980/358
f 887/972/359 886/971/359 894/981/359 895/982/359
f 903/983/360 904/984/360 891/978/360 890/977/360
f 901/985/361 354/986/361 353/974/361 896/973/361
f 889/976/362 382/975/362 381/987/362 902/988/362
f 893/980/363 892/979/363 897/989/363 898/990/363
f 895/982/364 894/981/364 899/991/364 900/992/364
f 912/993/365 333/994/365 354/986/365 901/985/365
f 902/988/366 381/987/366 380/995/366 905/996/366
f 904/984/367 903/983/367 906/997/367 907/998/367
f 898/990/368 897/989/368 908/999/368 909/1000/368
f 900/992/369 899/991/369 910/1001/369 911/1002/369
f 920/1003/370 335/1004/370 333/994/370 912/993/370
f 905/996/371 380/995/371 393/1005/371 913/1006/371
f 907/998/372 906/997/372 914/1007/372 915/1008/372
f 909/1000/373 908/999/373 916/1009/373 917/1010/373
f 911/1002/374 910/1001/374 918/1011/374 919/1012/374
f 928/1013/375 334/1014/375 335/1004/375 920/1003/375
f 913/1006/376 393/1005/376 394/1015/376 921/1016/376
f 915/1008/377 914/1007/377 922/1017/377 923/1018/377
f 917/1010/378 916/1009/378 924/1019/378 925/1020/378
f 919/1012/379 918/1011/379 926/1021/379 927/1022/379
f 676/1023/380 357/1024/380 334/1014/380 928/1013/380
f 921/1016/381 394/1015/381 383/1025/381 669/1026/381
f 923/1018/382 922/1017/382 670/1027/382 671/1028/382
f 925/1020/383 924/1019/383 672/1029/383 673/1030/383
f 927/1022/384 926/1021/384 674/1031/384 675/1032/384
f 656/1033/385 402/1034/385 403/1035/385 653/1036/385
f 523/1037/386 515/1038/386 507/1039/386 499/1040/386 491/1041/386 483/1042/386 475/1043/386 467/1044/386 460/1045/386 451/1046/386 443/1047/386 435/1048/386 427/1049/386 419/1050/386 411/1051/386 402/1052/386 656/1053/386 651/1054/386 643/1055/386 632/1056/386 627/1057/386 619/1058/386 611/1059/386 603/1060/386 595/1061/386 587/1062/386 579/1063/386 571/1064/386 563/1065/386 555/1066/386 547/1067/386 539/1068/386 808/1069/386 815/1070/386 823/1071/386 831/1072/386 839/1073/386 847/1074/386 855/1075/386 863/1076/386 871/1077/386 879/1078/386 887/1079/386 895/1080/386 900/1081/386 911/1082/386 919/1083/386 927/1084/386 675/1085/386 667/1086/386 683/1087/386 691/1088/386 699/1089/386 707/1090/386 715/1091/386 723/1092/386 731/1093/386 739/1094/386 747/1095/386 755/1096/386 763/1097/386 771/1098/386 779/1099/386 787/1100/386 794/1101/386
f 808/1069/387 539/1068/387 531/1102/387 523/1037/387 794/1101/387 801/1103/387
f 540/1104/388 548/1105/388 556/1106/388 564/1107/388 572/1108/388 580/1109/388 588/1110/388 596/1111/388 604/1112/388 612/1113/388 620/1114/388 628/1115/388 633/1116/388 644/1117/388 652/1118/388 653/1119/388 403/1120/388 412/1121/388 420/1122/388 428/1123/388 436/1124/388 444/1125/388 452/1126/388 453/1127/388 468/1128/388 476/1129/388 484/1130/388 492/1131/388 500/1132/388 508/1133/388 516/1134/388 524/1135/388 802/1136/388 788/1137/388 780/1138/388 772/1139/388 764/1140/388 756/1141/388 748/1142/388 740/1143/388 732/1144/388 724/1145/388 716/1146/388 708/1147/388 700/1148/388 692/1149/388 684/1150/388 668/1151/388 676/1152/388 928/1153/388 920/1154/388 912/1155/388 901/1156/388 896/1157/388 888/1158/388 880/1159/388 872/1160/388 864/1161/388 856/1162/388 848/1163/388 840/1164/388 832/1165/388 824/1166/388 816/1167/388
f 802/1136/389 524/1135/389 532/1168/389 540/1104/389 816/1167/389
f 660/1033/390 400/1034/390 401/1035/390 657/1036/390
f 521/1169/391 513/1038/391 505/1039/391 497/1040/391 489/1041/391 481/1042/391 473/1043/391 465/1044/391 458/1045/391 449/1046/391 441/1047/391 433/1048/391 425/1049/391 417/1050/391 409/1051/391 400/1052/391 660/1053/391 649/1054/391 641/1055/391 630/1056/391 625/1057/391 617/1058/391 609/1059/391 601/1060/391 593/1061/391 585/1062/391 577/1063/391 569/1064/391 561/1065/391 553/1066/391 545/1067/391 537/1170/391 806/1171/391 813/1070/391 821/1071/391 829/1072/391 837/1073/391 845/1074/391 853/1075/391 861/1076/391 869/1077/391 877/1078/391 885/1079/391 893/1080/391 898/1081/391 909/1082/391 917/1083/391 925/1084/391 673/1085/391 665/1086/391 681/1087/391 689/1088/391 697/1089/391 705/1090/391 713/1091/391 721/1092/391 729/1093/391 737/1094/391 745/1095/391 753/1096/391 761/1097/391 769/1098/391 777/1099/391 785/1100/391 792/1172/391
f 806/1171/392 537/1170/392 529/1102/392 521/1169/392 792/1172/392 799/1103/392
f 814/1167/224 807/1173/224 538/1174/224 546/1105/224 554/1106/224 562/1107/224 570/1108/224 578/1109/224 586/1110/224 594/1111/224 602/1112/224 610/1113/224 618/1114/224 626/1115/224 631/1116/224 642/1117/224 650/1118/224 657/1119/224 401/1120/224 410/1121/224 418/1122/224 426/1123/224 434/1124/224 442/1125/224 450/1126/224 459/1127/224 466/1128/224 474/1129/224 482/1130/224 490/1131/224 498/1132/224 506/1133/224 514/1134/224 522/1175/224 793/1176/224 786/1137/224 778/1138/224 770/1139/224 762/1140/224 754/1141/224 746/1142/224 738/1143/224 730/1144/224 722/1145/224 714/1146/224 706/1147/224 698/1148/224 690/1149/224 682/1150/224 666/1151/224 674/1152/224 926/1153/224 918/1154/224 910/1155/224 899/1156/224 894/1157/224 886/1158/224 878/1159/224 870/1160/224 862/1161/224 854/1162/224 846/1163/224 838/1164/224 830/1165/224 822/1166/224
f 522/1175/393 530/1168/393 538/1174/393 807/1173/393 800/1136/393 793/1176/393
f 658/1033/394 398/1034/394 399/1035/394 659/1036/394
f 519/1177/395 511/1038/395 503/1039/395 495/1040/395 487/1041/395 479/1042/395 471/1043/395 463/1044/395 456/1045/395 447/1046/395 439/1047/395 431/1048/395 423/1049/395 415/1050/395 407/1051/395 398/1052/395 658/1053/395 647/1054/395 639/1055/395 636/1056/395 623/1057/395 615/1058/395 607/1059/395 599/1060/395 591/1061/395 583/1062/395 575/1063/395 567/1064/395 559/1065/395 551/1066/395 543/1067/395 535/1178/395 804/1179/395 811/1070/395 819/1071/395 827/1072/395 835/1073/395 843/1074/395 851/1075/395 859/1076/395 867/1077/395 875/1078/395 883/1079/395 891/1080/395 904/1081/395 907/1082/395 915/1083/395 923/1084/395 671/1085/395 663/1086/395 679/1087/395 687/1088/395 695/1089/395 703/1090/395 711/1091/395 719/1092/395 727/1093/395 735/1094/395 743/1095/395 751/1096/395 759/1097/395 767/1098/395 775/1099/395 783/1100/395 790/1180/395
f 804/1179/396 535/1178/396 527/1102/396 519/1177/396 790/1180/396 797/1103/396
f 812/1167/397 805/1181/397 536/1182/397 544/1105/397 552/1106/397 560/1107/397 568/1108/397 576/1109/397 584/1110/397 592/1111/397 600/1112/397 608/1113/397 616/1114/397 624/1115/397 629/1116/397 640/1117/397 648/1118/397 659/1119/397 399/1120/397 408/1121/397 416/1122/397 424/1123/397 432/1124/397 440/1125/397 448/1126/397 457/1127/397 464/1128/397 472/1129/397 480/1130/397 488/1131/397 496/1132/397 504/1133/397 512/1134/397 520/1183/397 791/1184/397 784/1137/397 776/1138/397 768/1139/397 760/1140/397 752/1141/397 744/1142/397 736/1143/397 728/1144/397 720/1145/397 712/1146/397 704/1147/397 696/1148/397 688/1149/397 680/1150/397 664/1151/397 672/1152/397 924/1153/397 916/1154/397 908/1155/397 897/1156/397 892/1157/397 884/1158/397 876/1159/397 868/1160/397 860/1161/397 852/1162/397 844/1163/397 836/1164/397 828/1165/397 820/1166/397
f 520/1183/398 528/1168/398 536/1182/398 805/1181/398 798/1136/398 791/1184/398
f 654/1033/399 404/1034/399 397/1035/399 655/1036/399
f 634/1056/400 621/1057/400 613/1058/400 605/1059/400 597/1060/400 589/1061/400 581/1062/400 573/1063/400 566/1064/400 557/1065/400 549/1066/400 541/1067/400 533/1185/400 795/1103/400 809/1070/400 817/1071/400 825/1072/400 834/1073/400 841/1074/400 849/1075/400 857/1076/400 865/1077/400 873/1078/400 881/1079/400 889/1080/400 902/1081/400 905/1082/400 913/1083/400 921/1084/400 669/1085/400 661/1086/400 677/1087/400 685/1088/400 693/1089/400 701/1090/400 709/1091/400 717/1092/400 725/1093/400 733/1094/400 741/1095/400 749/1096/400 757/1097/400 765/1098/400 773/1099/400 781/1100/400 517/1186/400 509/1038/400 501/1039/400 493/1040/400 485/1041/400 477/1042/400 469/1043/400 461/1044/400 454/1045/400 445/1046/400 437/1047/400 429/1048/400 421/1049/400 413/1050/400 405/1051/400 404/1052/400 654/1053/400 645/1054/400 637/1055/400
f 533/1185/401 525/1102/401 517/1186/401 781/1100/401 795/1103/401
f 810/1167/402 803/1187/402 534/1188/402 542/1105/402 550/1106/402 558/1107/402 565/1108/402 574/1109/402 582/1110/402 590/1111/402 598/1112/402 606/1113/402 614/1114/402 622/1115/402 635/1116/402 638/1117/402 646/1118/402 655/1119/402 397/1120/402 406/1121/402 414/1122/402 422/1123/402 430/1124/402 438/1125/402 446/1126/402 455/1127/402 462/1128/402 470/1129/402 478/1130/402 486/1131/402 494/1132/402 502/1133/402 510/1134/402 518/1189/402 789/1190/402 782/1137/402 774/1138/402 766/1139/402 758/1140/402 750/1141/402 742/1142/402 734/1143/402 726/1144/402 718/1145/402 710/1146/402 702/1147/402 694/1148/402 686/1149/402 678/1150/402 662/1151/402 670/1152/402 922/1153/402 914/1154/402 906/1155/402 903/1156/402 890/1157/402 882/1158/402 874/1159/402 866/1160/402 858/1161/402 850/1162/402 842/1163/402 833/1164/402 826/1165/402 818/1166/402
f 789/1190/403 518/1189/403 526/1168/403 534/1188/403 803/1187/403 796/1136/403
f 929/1191/404 930/1192/404 932/1193/404 931/1194/404
f 931/1194/405 932/1193/405 936/348/405 935/446/405
f 935/446/406 936/348/406 934/1195/406 933/1196/406
f 933/1196/407 934/1195/407 930/345/407 929/441/407
f 931/527/401 935/446/401 933/1196/401 929/1197/401
f 936/348/401 932/267/401 930/1198/401 934/1195/401
f 937/1191/408 938/1192/408 940/1193/408 939/1194/408
f 939/1194/409 940/1193/409 944/348/409 943/446/409
f 943/446/410 944/348/410 942/1195/410 941/1196/410
f 941/1196/411 942/1195/411 938/345/411 937/441/411
f 939/527/224 943/446/224 941/1196/224 937/1197/224
f 944/348/401 940/267/401 938/1198/401 942/1195/401
f 945/1191/412 946/1192/412 948/1193/412 947/1194/412
f 947/1194/413 948/1193/413 952/348/413 951/446/413
f 951/446/414 952/348/414 950/1195/414 949/1196/414
f 949/1196/415 950/1195/415 946/345/415 945/441/415
f 947/527/224 951/446/224 949/1196/224 945/1197/224
f 952/348/401 948/267/401 946/1198/401 950/1195/401
f 953/1191/416 954/1192/416 956/1193/416 955/1194/416
f 955/1194/417 956/1193/417 960/348/417 959/446/417
f 959/446/418 960/348/418 958/1195/418 957/1196/418
f 957/1196/419 958/1195/419 954/345/419 953/441/419
f 955/527/224 959/446/224 957/1196/224 953/1197/224
f 960/348/401 956/267/401 954/1198/401 958/1195/401
f 961/1191/420 962/1192/420 964/1193/420 963/1194/420
f 963/1194/421 964/1193/421 968/348/421 967/446/421
f 967/446/422 968/348/422 966/1195/422 965/1196/422
f 965/1196/423 966/1195/423 962/345/423 961/441/423
f 963/527/224 967/446/224 965/1196/224 961/1197/224
f 968/348/401 964/267/401 962/1198/401 966/1195/401
f 969/1191/424 970/1192/424 972/1193/424 971/1194/424
f 971/1194/425 972/1193/425 976/348/425 975/446/425
f 975/446/426 976/348/426 974/1195/426 973/1196/426
f 973/1196/427 974/1195/427 970/345/427 969/441/427
f 971/527/224 975/446/224 973/1196/224 969/1197/224
f 976/348/401 972/267/401 970/1198/401 974/1195/401
f 977/1191/410 978/1192/410 980/1193/410 979/1194/410
f 979/1194/428 980/1193/428 984/348/428 983/446/428
f 983/446/408 984/348/408 982/1195/408 981/1196/408
f 981/1196/429 982/1195/429 978/345/429 977/441/429
f 979/527/224 983/446/224 981/1196/224 977/1197/224
f 984/348/401 980/267/401 978/1198/401 982/1195/401
f 985/1191/414 986/1192/414 988/1193/414 987/1194/414
f 987/1194/430 988/1193/430 992/348/430 991/446/430
f 991/446/431 992/348/431 990/1195/431 989/1196/431
f 989/1196/432 990/1195/432 986/345/432 985/441/432
f 987/527/224 991/446/224 989/1196/224 985/1197/224
f 992/348/401 988/267/401 986/1198/401 990/1195/401
f 993/1191/418 994/1192/418 996/1193/418 995/1194/418
f 995/1194/433 996/1193/433 1000/348/433 999/446/433
f 999/446/434 1000/348/434 998/1195/434 997/1196/434
f 997/1196/435 998/1195/435 994/345/435 993/441/435
f 995/527/224 999/446/224 997/1196/224 993/1197/224
f 1000/348/401 996/267/401 994/1198/401 998/1195/401
f 1001/1191/422 1002/1192/422 1004/1193/422 1003/1194/422
f 1003/1194/436 1004/1193/436 1008/348/436 1007/446/436
f 1007/446/420 1008/348/420 1006/1195/420 1005/1196/420
f 1005/1196/437 1006/1195/437 1002/345/437 1001/441/437
f 1003/527/224 1007/446/224 1005/1196/224 1001/1197/224
f 1008/348/401 1004/267/401 1002/1198/401 1006/1195/401
o 円柱.004
v 7.166372 3.739140 -0.128576
v 7.166012 4.568483 -0.468198
v 7.188908 3.739140 -0.126357
v 7.252633 4.567010 -0.457917
v 7.210577 3.739140 -0.119784
v 7.335906 4.566962 -0.432598
v 7.230547 3.739140 -0.109109
v 7.412654 4.566954 -0.391564
v 7.248051 3.739140 -0.094744
v 7.479919 4.566942 -0.336343
v 7.262416 3.739140 -0.077240
v 7.535115 4.566927 -0.269061
v 7.273090 3.739140 -0.057270
v 7.576120 4.566911 -0.192305
v 7.279664 3.739140 -0.035601
v 7.601361 4.566893 -0.109028
v 7.281883 3.739140 -0.013066
v 7.609869 4.566874 -0.022430
v 7.279664 3.739140 0.009469
v 7.601319 4.566854 0.064160
v 7.273090 3.739140 0.031138
v 7.576043 4.566835 0.147414
v 7.262416 3.739140 0.051108
v 7.535014 4.566818 0.224135
v 7.248051 3.739140 0.068613
v 7.479810 4.566803 0.291375
v 7.230547 3.739140 0.082978
v 7.412554 4.566790 0.346554
v 7.210577 3.739140 0.093652
v 7.335829 4.566780 0.387553
v 7.188908 3.739140 0.100225
v 7.252582 4.566774 0.412800
v 7.166372 3.739140 0.102445
v 7.166011 4.566772 0.421324
v 7.143837 3.739140 0.100225
v 7.079441 4.566774 0.412799
v 7.122169 3.739140 0.093652
v 6.996194 4.566780 0.387553
v 7.102198 3.739140 0.082978
v 6.919469 4.566789 0.346554
v 7.084694 3.739140 0.068613
v 6.852213 4.566802 0.291375
v 7.070329 3.739140 0.051108
v 6.797009 4.566817 0.224134
v 7.059655 3.739140 0.031138
v 6.755980 4.566834 0.147414
v 7.053082 3.739140 0.009469
v 6.730705 4.566853 0.064160
v 7.050862 3.739140 -0.013066
v 6.722155 4.566873 -0.022429
v 7.053082 3.739140 -0.035601
v 6.730663 4.566892 -0.109027
v 7.059655 3.739140 -0.057270
v 6.755904 4.566910 -0.192305
v 7.070329 3.739140 -0.077240
v 6.796909 4.566926 -0.269061
v 7.084694 3.739140 -0.094744
v 6.852104 4.566941 -0.336343
v 7.102198 3.739140 -0.109109
v 6.919369 4.566953 -0.391563
v 7.122169 3.739140 -0.119784
v 6.996117 4.566962 -0.432598
v 7.143837 3.739140 -0.126357
v 7.079390 4.567009 -0.457917
v 6.974244 4.566069 -0.302140
v 7.098670 4.566077 -0.353687
v 7.033919 4.566069 -0.334037
v 6.820839 4.566069 -0.015140
v 6.827471 4.566069 0.052200
v 6.921937 4.566069 0.228934
v 6.879011 4.566069 0.176628
v 6.847114 4.566069 0.116952
v 7.166011 4.566069 0.330032
v 7.233351 4.566069 0.323400
v 7.357778 4.566069 0.271860
v 7.410084 4.566069 0.228934
v 7.298102 4.566069 0.303758
v 7.410085 4.566069 -0.259213
v 7.453011 4.566069 -0.206907
v 7.504551 4.566069 -0.082479
v 7.511183 4.566069 -0.015140
v 7.484909 4.566069 -0.147231
v 6.827471 4.566069 -0.082479
v 6.847113 4.566069 -0.147231
v 6.879011 4.566069 -0.206907
v 6.921937 4.566069 -0.259213
v 6.974244 4.566069 0.271860
v 7.233352 4.566077 -0.353687
v 7.166011 4.566593 -0.360797
v 7.098671 4.566069 0.323400
v 7.033919 4.566069 0.303758
v 7.298102 4.566069 -0.334037
v 7.453011 4.566069 0.176628
v 7.484908 4.566069 0.116952
v 7.504550 4.566069 0.052200
v 7.357779 4.566069 -0.302140
v 7.200818 3.739140 -0.094340
v 7.230018 3.739140 -0.074828
v 7.216379 3.739140 -0.086022
v 7.216379 3.739140 0.063657
v 7.230018 3.739140 0.052464
v 7.249530 3.739140 0.023263
v 7.254652 3.739140 0.006378
v 7.241212 3.739140 0.038824
v 7.091533 3.739140 0.038824
v 7.102727 3.739140 0.052464
v 7.116366 3.739140 0.063657
v 7.148813 3.739140 0.077097
v 7.131927 3.739140 0.071975
v 7.083215 3.739140 -0.045627
v 7.078093 3.739140 -0.028742
v 7.116366 3.739140 -0.086022
v 7.102727 3.739140 -0.074828
v 7.091533 3.739140 -0.061188
v 7.166372 3.739140 -0.101191
v 7.183932 3.739140 -0.099462
v 7.200818 3.739140 0.071975
v 7.249530 3.739140 -0.045627
v 7.241212 3.739140 -0.061188
v 7.256382 3.739140 -0.011182
v 7.254652 3.739140 -0.028742
v 7.076364 3.739140 -0.011182
v 7.083215 3.739140 0.023263
v 7.078093 3.739140 0.006378
v 7.131927 3.739140 -0.094340
v 7.148813 3.739140 -0.099462
v 7.166372 3.739140 0.078826
v 7.183932 3.739140 0.077097
v 7.205640 3.875510 -0.186671
v 7.213102 3.952519 -0.217494
v 7.220677 4.040107 -0.250217
v 7.230460 4.164856 -0.294579
v 7.234906 4.233600 -0.315398
v 7.245165 4.332880 -0.363831
v 7.255883 4.438435 -0.414433
v 7.199308 3.797655 -0.158009
v 7.223285 3.797656 -0.150735
v 7.234251 3.875535 -0.177979
v 7.247204 3.952567 -0.207096
v 7.260440 4.040117 -0.238130
v 7.277434 4.164856 -0.280330
v 7.285116 4.233599 -0.300167
v 7.302823 4.332878 -0.346337
v 7.321324 4.438432 -0.394577
v 7.248997 3.797655 -0.136992
v 7.264934 3.875531 -0.161580
v 7.283788 3.952559 -0.187551
v 7.303078 4.040123 -0.215326
v 7.327806 4.164856 -0.253405
v 7.338955 4.233599 -0.271385
v 7.364643 4.332870 -0.313273
v 7.391484 4.438414 -0.357043
v 7.271533 3.797654 -0.118497
v 7.291830 3.875526 -0.139511
v 7.315860 3.952548 -0.161246
v 7.340443 4.040130 -0.184639
v 7.371957 4.164856 -0.217172
v 7.386144 4.233598 -0.232653
v 7.418818 4.332860 -0.268782
v 7.452964 4.438389 -0.306538
v 7.290029 3.797652 -0.095961
v 7.313904 3.875518 -0.112619
v 7.342186 3.952533 -0.129189
v 7.371099 4.040138 -0.147253
v 7.408191 4.164856 -0.173020
v 7.424869 4.233597 -0.185459
v 7.463266 4.332847 -0.214577
v 7.503399 4.438360 -0.245010
v 7.303772 3.797651 -0.070249
v 7.330309 3.875509 -0.081938
v 7.361757 3.952516 -0.092612
v 7.393869 4.040148 -0.104607
v 7.435115 4.164856 -0.122649
v 7.453641 4.233596 -0.131618
v 7.496279 4.332832 -0.152744
v 7.540852 4.438325 -0.174830
v 7.312235 3.797649 -0.042350
v 7.340414 3.875499 -0.048644
v 7.373817 3.952498 -0.052916
v 7.407878 4.040159 -0.058341
v 7.451695 4.164856 -0.067992
v 7.471357 4.233594 -0.073199
v 7.516591 4.332816 -0.085665
v 7.563888 4.438288 -0.098700
v 7.571625 4.438250 -0.019549
v 7.315094 3.797648 -0.013336
v 7.343829 3.875487 -0.014019
v 7.377903 3.952478 -0.011627
v 7.412591 4.040170 -0.010236
v 7.457294 4.164856 -0.011151
v 7.477334 4.233593 -0.012447
v 7.523424 4.332798 -0.015918
v 7.312236 3.797646 0.015678
v 7.340425 3.875475 0.020609
v 7.373854 3.952458 0.029669
v 7.407830 4.040181 0.037860
v 7.451695 4.164856 0.045690
v 7.471345 4.233592 0.048303
v 7.516520 4.332782 0.053814
v 7.563775 4.438211 0.059579
v 7.303773 3.797645 0.043577
v 7.330329 3.875463 0.053908
v 7.361825 3.952439 0.069385
v 7.393780 4.040192 0.084098
v 7.435115 4.164856 0.100346
v 7.453620 4.233591 0.106715
v 7.496149 4.332766 0.120854
v 7.540644 4.438173 0.135646
v 7.290030 3.797644 0.069289
v 7.313930 3.875452 0.084599
v 7.342276 3.952421 0.105994
v 7.370983 4.040202 0.126704
v 7.408191 4.164856 0.150718
v 7.424840 4.233590 0.160547
v 7.463096 4.332750 0.182626
v 7.503127 4.438139 0.205731
v 7.271534 3.797643 0.091826
v 7.291858 3.875441 0.111501
v 7.315957 3.952405 0.138087
v 7.340317 4.040210 0.164042
v 7.371957 4.164856 0.194869
v 7.386114 4.233588 0.207729
v 7.418634 4.332737 0.236761
v 7.452669 4.438108 0.267146
v 7.248998 3.797643 0.110321
v 7.264960 3.875432 0.133580
v 7.283878 3.952391 0.164429
v 7.302961 4.040217 0.194680
v 7.327806 4.164856 0.231103
v 7.338927 4.233588 0.246450
v 7.364472 4.332726 0.281182
v 7.391212 4.438084 0.317537
v 7.223286 3.797642 0.124065
v 7.234271 3.875424 0.149988
v 7.247272 3.952380 0.184005
v 7.260351 4.040223 0.217444
v 7.277434 4.164856 0.258027
v 7.285094 4.233587 0.275221
v 7.302692 4.332718 0.314186
v 7.321115 4.438065 0.354976
v 7.195387 3.797642 0.132528
v 7.200969 3.875418 0.160092
v 7.207549 3.952373 0.196062
v 7.214121 4.040226 0.231461
v 7.222777 4.164856 0.274607
v 7.226684 4.233587 0.292938
v 7.235666 4.332714 0.334508
v 7.245069 4.438053 0.378027
v 7.192423 3.797642 0.132820
v 7.193940 3.875489 0.161063
v 7.194060 3.952796 0.198096
v 7.193493 4.040912 0.234246
v 7.191243 4.165272 0.278113
v 7.186739 4.233569 0.296796
v 7.181162 4.332775 0.339998
v 7.175154 4.438071 0.384938
v 7.166372 3.797642 0.135385
v 7.166335 3.875414 0.163505
v 7.166235 3.952369 0.200134
v 7.166047 4.040227 0.236193
v 7.165936 4.164856 0.280206
v 7.165939 4.233586 0.298920
v 7.165964 4.332712 0.341370
v 7.165990 4.438049 0.385810
v 7.163409 3.797642 0.135094
v 7.159250 3.875484 0.163086
v 7.152604 3.952793 0.199496
v 7.145268 4.040916 0.234894
v 7.134322 4.165272 0.277492
v 7.126010 4.233569 0.294915
v 7.111433 4.332782 0.336138
v 7.096071 4.438069 0.378952
v 7.137358 3.797642 0.132528
v 7.131701 3.875412 0.160095
v 7.124920 3.952370 0.196064
v 7.117972 4.040226 0.231461
v 7.109096 4.164856 0.274607
v 7.105195 4.233587 0.292938
v 7.096263 4.332713 0.334508
v 7.086912 4.438053 0.378027
v 7.109459 3.797642 0.124065
v 7.098398 3.875413 0.149992
v 7.085195 3.952374 0.184010
v 7.071743 4.040223 0.217444
v 7.054439 4.164856 0.258027
v 7.046784 4.233587 0.275221
v 7.029236 4.332718 0.314186
v 7.010866 4.438064 0.354975
v 7.083747 3.797642 0.110321
v 7.067706 3.875416 0.133586
v 7.048587 3.952382 0.164435
v 7.029132 4.040217 0.194681
v 7.004067 4.164856 0.231103
v 6.992951 4.233588 0.246450
v 6.967456 4.332726 0.281182
v 6.940770 4.438082 0.317536
v 7.040805 3.875421 0.111506
v 7.061210 3.797643 0.091826
v 7.016505 3.952393 0.138094
v 6.991776 4.040210 0.164042
v 6.959916 4.164856 0.194869
v 6.945765 4.233588 0.207729
v 6.913295 4.332737 0.236760
v 6.879313 4.438107 0.267144
v 7.042715 3.797643 0.069289
v 7.018731 3.875428 0.084603
v 6.990183 3.952407 0.106000
v 6.961111 4.040201 0.126704
v 6.923682 4.164856 0.150718
v 6.907037 4.233590 0.160547
v 6.868834 4.332750 0.182626
v 6.828856 4.438137 0.205729
v 7.028972 3.797644 0.043577
v 7.002330 3.875437 0.053911
v 6.970631 3.952424 0.069389
v 6.938313 4.040192 0.084099
v 6.896758 4.164856 0.100346
v 6.878258 4.233591 0.106715
v 6.835781 4.332765 0.120853
v 6.791340 4.438171 0.135645
v 7.020509 3.797645 0.015678
v 6.992232 3.875447 0.020610
v 6.958601 3.952442 0.029670
v 6.924263 4.040181 0.037860
v 6.880178 4.164856 0.045690
v 6.860533 4.233592 0.048303
v 6.815410 4.332781 0.053814
v 6.768209 4.438209 0.059579
v 7.017652 3.797646 -0.013336
v 6.988827 3.875458 -0.014021
v 6.954551 3.952462 -0.011629
v 6.919502 4.040170 -0.010236
v 6.874580 4.164856 -0.011151
v 6.854544 4.233593 -0.012447
v 6.808506 4.332798 -0.015918
v 6.760359 4.438248 -0.019549
v 7.020509 3.797647 -0.042350
v 6.992243 3.875470 -0.048649
v 6.958637 3.952482 -0.052921
v 6.924215 4.040158 -0.058341
v 6.880178 4.164856 -0.067992
v 6.860521 4.233594 -0.073199
v 6.815340 4.332815 -0.085665
v 6.768097 4.438286 -0.098699
v 7.028973 3.797649 -0.070249
v 7.002349 3.875482 -0.081944
v 6.970699 3.952501 -0.092619
v 6.938225 4.040148 -0.104607
v 6.896758 4.164856 -0.122649
v 6.878237 4.233596 -0.131618
v 6.835651 4.332831 -0.152744
v 6.791132 4.438323 -0.174829
v 7.042716 3.797651 -0.095961
v 7.018756 3.875494 -0.112627
v 6.990272 3.952519 -0.129198
v 6.960994 4.040138 -0.147254
v 6.923682 4.164856 -0.173020
v 6.907009 4.233597 -0.185460
v 6.868664 4.332846 -0.214576
v 6.828584 4.438358 -0.245009
v 6.991651 4.040130 -0.184640
v 6.959916 4.164856 -0.217172
v 6.945734 4.233598 -0.232653
v 6.913111 4.332859 -0.268781
v 6.879019 4.438388 -0.306536
v 7.061212 3.797652 -0.118497
v 7.040833 3.875505 -0.139519
v 7.016602 3.952536 -0.161255
v 7.083748 3.797653 -0.136992
v 7.067731 3.875515 -0.161587
v 7.048676 3.952550 -0.187559
v 7.029016 4.040123 -0.215326
v 7.004067 4.164856 -0.253405
v 6.992923 4.233599 -0.271386
v 6.967286 4.332870 -0.313273
v 6.940498 4.438413 -0.357041
v 7.109460 3.797655 -0.150735
v 7.098417 3.875523 -0.177984
v 7.085263 3.952560 -0.207103
v 7.071654 4.040117 -0.238130
v 7.054439 4.164856 -0.280330
v 7.046762 4.233599 -0.300167
v 7.029106 4.332878 -0.346337
v 7.010658 4.438431 -0.394575
v 7.076099 4.438435 -0.414432
v 7.133437 3.797654 -0.158009
v 7.127029 3.875506 -0.186673
v 7.086764 4.332880 -0.363830
v 7.096972 4.233600 -0.315398
v 7.119368 3.952518 -0.217494
v 7.111418 4.040108 -0.250215
v 7.101413 4.164856 -0.294579
v 7.188981 3.797641 -0.124573
v 7.193429 3.873932 -0.147417
v 7.199015 3.948369 -0.173280
v 7.203753 4.039498 -0.195873
v 7.210228 4.164856 -0.229070
v 7.213263 4.233573 -0.245278
v 7.220241 4.332601 -0.282931
v 7.227352 4.436911 -0.321306
v 7.166372 3.797641 -0.126800
v 7.166337 3.873930 -0.150086
v 7.166241 3.948364 -0.176512
v 7.166049 4.039497 -0.199589
v 7.165936 4.164856 -0.233433
v 7.165939 4.233573 -0.249939
v 7.165964 4.332602 -0.288279
v 7.165990 4.437815 -0.328475
v 7.210721 3.797641 -0.117978
v 7.219481 3.873934 -0.139514
v 7.230527 3.948378 -0.163713
v 7.240008 4.039501 -0.184872
v 7.252818 4.164856 -0.216151
v 7.258768 4.233572 -0.231473
v 7.272429 4.332597 -0.267095
v 7.286350 4.436897 -0.303392
v 7.230756 3.797641 -0.107269
v 7.243489 3.873936 -0.126680
v 7.259565 3.948390 -0.148181
v 7.273418 4.039504 -0.167007
v 7.292069 4.164856 -0.195171
v 7.300705 4.233572 -0.209056
v 7.320524 4.332593 -0.241378
v 7.340725 4.436896 -0.274326
v 7.248318 3.797641 -0.092857
v 7.264533 3.873938 -0.109409
v 7.285012 3.948405 -0.127282
v 7.302700 4.039507 -0.142968
v 7.326473 4.164856 -0.166937
v 7.337463 4.233572 -0.178887
v 7.362673 4.332586 -0.206772
v 7.388384 4.436894 -0.235211
v 7.262730 3.797641 -0.075295
v 7.281802 3.873940 -0.088365
v 7.305890 3.948422 -0.101820
v 7.326728 4.039511 -0.113678
v 7.354707 4.164856 -0.132533
v 7.367628 4.233571 -0.142128
v 7.397259 4.332579 -0.164608
v 7.427496 4.436893 -0.187549
v 7.273439 3.797641 -0.055260
v 7.294634 3.873942 -0.064356
v 7.321398 3.948440 -0.072776
v 7.344579 4.039515 -0.080265
v 7.375688 4.164856 -0.093282
v 7.390042 4.233571 -0.100190
v 7.422952 4.332570 -0.116509
v 7.456558 4.436891 -0.133173
v 7.280034 3.797641 -0.033520
v 7.302536 3.873944 -0.038305
v 7.330941 3.948459 -0.041268
v 7.355567 4.039520 -0.044012
v 7.388607 4.164856 -0.050692
v 7.403843 4.233570 -0.054685
v 7.438765 4.332560 -0.064323
v 7.474453 4.436889 -0.074173
v 7.282260 3.797641 -0.010911
v 7.305203 3.873946 -0.011214
v 7.334153 3.948479 -0.008505
v 7.359272 4.039525 -0.006314
v 7.392969 4.164856 -0.006400
v 7.408501 4.233569 -0.007363
v 7.444092 4.332550 -0.010058
v 7.480494 4.436886 -0.012815
v 7.280034 3.797641 0.011697
v 7.302535 3.873947 0.015878
v 7.330913 3.948498 0.024252
v 7.355551 4.039530 0.031382
v 7.388607 4.164856 0.037892
v 7.403838 4.233568 0.039958
v 7.438732 4.332540 0.044200
v 7.474448 4.436884 0.048541
v 7.273439 3.797641 0.033437
v 7.294631 3.873949 0.041928
v 7.321347 3.948515 0.055745
v 7.344549 4.039534 0.067625
v 7.375688 4.164856 0.080481
v 7.390033 4.233568 0.085460
v 7.422891 4.332530 0.096367
v 7.456549 4.436882 0.107539
v 7.262730 3.797641 0.053472
v 7.281799 3.873950 0.065936
v 7.305823 3.948530 0.084765
v 7.326689 4.039538 0.101025
v 7.354707 4.164856 0.119732
v 7.367616 4.233567 0.127394
v 7.397180 4.332521 0.144439
v 7.427484 4.436880 0.161910
v 7.248318 3.797641 0.071034
v 7.264529 3.873951 0.086979
v 7.284939 3.948543 0.110198
v 7.302658 4.039541 0.130299
v 7.326473 4.164856 0.154136
v 7.337450 4.233567 0.164149
v 7.362587 4.332513 0.186570
v 7.388371 4.436878 0.209567
v 7.230756 3.797641 0.085446
v 7.243486 3.873952 0.104248
v 7.259498 3.948552 0.131069
v 7.273380 4.039544 0.154322
v 7.292069 4.164856 0.182370
v 7.300694 4.233566 0.194312
v 7.320444 4.332507 0.221143
v 7.340713 4.436877 0.248677
v 7.210721 3.797641 0.096155
v 7.219478 3.873951 0.117081
v 7.230475 3.948558 0.146577
v 7.239978 4.039546 0.172172
v 7.252818 4.164856 0.203350
v 7.258759 4.233566 0.216725
v 7.272368 4.332501 0.246831
v 7.286340 4.436876 0.277738
v 7.188981 3.797641 0.102750
v 7.193428 3.873950 0.124983
v 7.198987 3.948560 0.156128
v 7.203737 4.039546 0.183165
v 7.210228 4.164856 0.216270
v 7.213258 4.233565 0.230527
v 7.220207 4.332498 0.262649
v 7.227344 4.436875 0.295634
v 7.187977 3.874177 0.126039
v 7.188304 3.949228 0.157824
v 7.187556 4.040328 0.185285
v 7.185646 4.165111 0.218884
v 7.182144 4.233555 0.233558
v 7.177789 4.332529 0.266873
v 7.166372 3.797641 0.104977
v 7.166337 3.873948 0.127652
v 7.166241 3.948559 0.159354
v 7.166049 4.039546 0.186877
v 7.165936 4.164856 0.220632
v 7.165939 4.233565 0.235187
v 7.165964 4.332497 0.267989
v 7.165989 4.436875 0.301677
v 7.160782 3.874173 0.127624
v 7.155432 3.949224 0.158936
v 7.149764 4.040327 0.185801
v 7.141315 4.165111 0.218400
v 7.134831 4.233556 0.232092
v 7.123537 4.332525 0.263854
v 7.143764 3.797641 0.102750
v 7.139246 3.873945 0.124985
v 7.133493 3.948553 0.156133
v 7.128359 4.039545 0.183167
v 7.121645 4.164856 0.216270
v 7.118620 4.233565 0.230527
v 7.111721 4.332499 0.262649
v 7.104635 4.436875 0.295634
v 7.122024 3.797641 0.096155
v 7.113195 3.873942 0.117083
v 7.102002 3.948544 0.146586
v 7.092116 4.039543 0.172177
v 7.079055 4.164856 0.203350
v 7.073119 4.233566 0.216725
v 7.059559 4.332501 0.246831
v 7.045639 4.436876 0.277739
v 7.101989 3.797641 0.085446
v 7.089186 3.873939 0.104251
v 7.072976 3.948532 0.131080
v 7.058713 4.039540 0.154327
v 7.039804 4.164856 0.182370
v 7.031185 4.233566 0.194312
v 7.011484 4.332506 0.221142
v 6.991266 4.436877 0.248677
v 7.068141 3.873935 0.086982
v 7.084427 3.797641 0.071034
v 7.047529 3.948517 0.110210
v 7.029432 4.039536 0.130304
v 7.005401 4.164856 0.154136
v 6.994428 4.233567 0.164149
v 6.969341 4.332512 0.186569
v 6.943608 4.436878 0.209567
v 7.070015 3.797641 0.053472
v 7.050870 3.873932 0.065938
v 7.026640 3.948500 0.084775
v 7.005399 4.039532 0.101030
v 6.977166 4.164856 0.119732
v 6.964262 4.233567 0.127394
v 6.934749 4.332520 0.144438
v 6.904494 4.436880 0.161911
v 7.059306 3.797641 0.033437
v 7.038036 3.873929 0.041930
v 7.011112 3.948481 0.055752
v 6.987537 4.039527 0.067629
v 6.956186 4.164856 0.080481
v 6.941845 4.233568 0.085460
v 6.909038 4.332530 0.096366
v 6.875430 4.436882 0.107539
v 7.052711 3.797641 0.011697
v 7.030132 3.873926 0.015878
v 7.001543 3.948462 0.024254
v 6.976533 4.039523 0.031383
v 6.943266 4.164856 0.037892
v 6.928040 4.233569 0.039958
v 6.893197 4.332539 0.044200
v 6.857530 4.436884 0.048541
v 7.050485 3.797641 -0.010911
v 7.027463 3.873924 -0.011215
v 6.998302 3.948442 -0.008508
v 6.972812 4.039518 -0.006315
v 6.938904 4.164856 -0.006400
v 6.923377 4.233569 -0.007363
v 6.887836 4.332549 -0.010058
v 6.851485 4.436887 -0.012815
v 7.052711 3.797641 -0.033520
v 7.030131 3.873923 -0.038308
v 7.001515 3.948424 -0.041276
v 6.976518 4.039513 -0.044015
v 6.943266 4.164856 -0.050692
v 6.928035 4.233570 -0.054685
v 6.893164 4.332559 -0.064323
v 6.857525 4.436889 -0.074173
v 7.059306 3.797641 -0.055260
v 7.038033 3.873922 -0.064360
v 7.011061 3.948406 -0.072789
v 6.987507 4.039509 -0.080270
v 6.956186 4.164856 -0.093282
v 6.941836 4.233571 -0.100190
v 6.908977 4.332569 -0.116508
v 6.875420 4.436891 -0.133173
v 7.070015 3.797641 -0.075295
v 7.050867 3.873922 -0.088370
v 7.026573 3.948391 -0.101835
v 7.005360 4.039505 -0.113685
v 6.977166 4.164856 -0.132533
v 6.964250 4.233571 -0.142128
v 6.934669 4.332578 -0.164608
v 6.904482 4.436893 -0.187550
v 7.029390 4.039502 -0.142975
v 7.005401 4.164856 -0.166937
v 6.994415 4.233572 -0.178887
v 6.969255 4.332586 -0.206772
v 6.943594 4.436895 -0.235211
v 7.084427 3.797641 -0.092857
v 7.068138 3.873923 -0.109414
v 7.047457 3.948379 -0.127298
v 7.101989 3.797641 -0.107269
v 7.089183 3.873924 -0.126684
v 7.072909 3.948370 -0.148195
v 7.058675 4.039499 -0.167014
v 7.039804 4.164856 -0.195171
v 7.031173 4.233572 -0.209056
v 7.011405 4.332592 -0.241378
v 6.991254 4.436896 -0.274327
v 7.122024 3.797641 -0.117978
v 7.113193 3.873926 -0.139517
v 7.101951 3.948364 -0.163724
v 7.092087 4.039498 -0.184876
v 7.079055 4.164856 -0.216151
v 7.073110 4.233572 -0.231473
v 7.059499 4.332597 -0.267094
v 7.045629 4.436897 -0.303392
v 7.143764 3.797641 -0.124573
v 7.139245 3.873928 -0.147419
v 7.133466 3.948362 -0.173285
v 7.128343 4.039497 -0.195876
v 7.121645 4.164856 -0.229070
v 7.118615 4.233573 -0.245278
v 7.111688 4.332600 -0.282931
v 7.104627 4.436911 -0.321307
v 7.145328 3.626749 -0.154738
v 7.097707 4.604414 -0.420247
v 7.155580 3.626749 -0.128604
v 7.097707 4.604414 -0.556859
v 7.182965 3.626749 -0.154738
v 7.234319 4.604414 -0.420247
v 7.176447 3.626749 -0.128604
v 7.234319 4.604414 -0.556859
v 7.089190 3.626749 -0.124268
v 6.893948 4.604414 -0.309654
v 7.067068 3.626749 -0.154718
v 6.813649 4.604414 -0.420175
v 7.119640 3.626749 -0.146391
v 7.004468 4.604414 -0.389952
v 7.097517 3.626749 -0.176840
v 6.924170 4.604414 -0.500473
v 7.109206 3.626749 -0.058884
v 6.794107 4.604414 -0.100415
v 7.089360 3.626749 -0.065332
v 6.664182 4.604414 -0.142630
v 7.073315 3.626749 -0.102417
v 6.836323 4.604414 -0.230340
v 7.037519 3.626749 -0.114048
v 6.706398 4.604414 -0.272555
v 7.073315 3.626749 -0.003816
v 6.836323 4.604414 0.127548
v 7.037519 3.626749 0.007814
v 6.706398 4.604414 0.169763
v 7.061684 3.626749 -0.039612
v 6.794107 4.604414 -0.002378
v 7.025888 3.626749 -0.027981
v 6.664182 4.604414 0.039838
v 7.119640 3.626749 0.040158
v 7.004468 4.604414 0.287160
v 7.097517 3.626749 0.070607
v 6.924170 4.604414 0.397681
v 7.089190 3.626749 0.018035
v 6.893948 4.604414 0.206861
v 7.067068 3.626749 0.048484
v 6.813649 4.604414 0.317382
v 7.176447 3.626749 0.004945
v 7.234319 4.604414 0.317455
v 7.182965 3.626749 0.086142
v 7.234319 4.604414 0.454066
v 7.155580 3.626749 0.004945
v 7.097708 4.604414 0.317455
v 7.145328 3.626749 0.086142
v 7.097708 4.604414 0.454066
v 7.239102 3.626749 0.018035
v 7.438079 4.604414 0.206861
v 7.261225 3.626749 0.048484
v 7.518377 4.604414 0.317382
v 7.208653 3.626749 0.040158
v 7.327558 4.604414 0.287160
v 7.230776 3.626749 0.070607
v 7.407856 4.604414 0.397681
v 7.266609 3.626749 -0.039612
v 7.537919 4.604414 -0.002378
v 7.302404 3.626749 -0.027981
v 7.667844 4.604414 0.039838
v 7.254978 3.626749 -0.003816
v 7.495704 4.604414 0.127548
v 7.290774 3.626749 0.007814
v 7.625629 4.604414 0.169763
v 7.254978 3.626749 -0.102417
v 7.495704 4.604414 -0.230340
v 7.290774 3.626749 -0.114048
v 7.625629 4.604414 -0.272556
v 7.222821 3.626749 -0.058884
v 7.537919 4.604414 -0.100415
v 7.302404 3.626749 -0.078252
v 7.667844 4.604414 -0.142630
v 7.208653 3.626749 -0.146391
v 7.327558 4.604414 -0.389952
v 7.230776 3.626749 -0.176840
v 7.407856 4.604414 -0.500473
v 7.239102 3.626749 -0.124268
v 7.438079 4.604414 -0.309654
v 7.261225 3.626749 -0.154718
v 7.518377 4.604414 -0.420175
vn 0.1004 -0.3768 -0.9208
vn 0.1660 -0.3681 -0.9148
vn 0.4498 -0.2999 -0.8412
vn 0.4097 -0.4945 -0.7666
vn 0.4356 -0.3815 -0.8153
vn 0.4433 -0.3409 -0.8290
vn 0.4227 -0.4430 -0.7906
vn 0.6058 -0.2980 -0.7377
vn 0.5515 -0.4941 -0.6721
vn 0.5855 -0.3841 -0.7139
vn 0.5967 -0.3402 -0.7268
vn 0.5697 -0.4402 -0.6940
vn 0.6956 -0.4366 -0.5706
vn 0.7387 -0.2955 -0.6059
vn 0.7124 -0.3874 -0.5851
vn 0.7272 -0.3394 -0.5966
vn 0.6722 -0.4937 -0.5517
vn 0.8435 -0.2925 -0.4505
vn 0.7672 -0.4932 -0.4101
vn 0.8114 -0.3914 -0.4341
vn 0.8300 -0.3385 -0.4434
vn 0.7954 -0.4323 -0.4249
vn 0.9162 -0.2891 -0.2776
vn 0.8327 -0.4927 -0.2526
vn 0.8786 -0.3959 -0.2670
vn 0.9008 -0.3376 -0.2730
vn 0.8652 -0.4275 -0.2622
vn 0.9538 -0.2856 -0.0936
vn 0.8663 -0.4921 -0.0853
vn 0.9118 -0.4006 -0.0903
vn 0.9372 -0.3365 -0.0920
vn 0.9021 -0.4223 -0.0886
vn 0.9548 -0.2819 0.0944
vn 0.8667 -0.4915 0.0853
vn 0.9098 -0.4055 0.0891
vn 0.9375 -0.3355 0.0926
vn 0.9045 -0.4170 0.0893
vn 0.9190 -0.2783 0.2791
vn 0.8337 -0.4910 0.2529
vn 0.8728 -0.4102 0.2643
vn 0.9017 -0.3346 0.2738
vn 0.8720 -0.4118 0.2647
vn 0.8478 -0.2749 0.4535
vn 0.7686 -0.4904 0.4108
vn 0.8027 -0.4147 0.4286
vn 0.8313 -0.3337 0.4446
vn 0.8056 -0.4068 0.4308
vn 0.7438 -0.2717 0.6107
vn 0.6739 -0.4899 0.5530
vn 0.7022 -0.4187 0.5758
vn 0.7288 -0.3329 0.5984
vn 0.7076 -0.4023 0.5809
vn 0.5753 -0.4222 0.7005
vn 0.6108 -0.2691 0.7446
vn 0.5532 -0.4895 0.6741
vn 0.5982 -0.3323 0.7292
vn 0.5818 -0.3984 0.7091
vn 0.4541 -0.2670 0.8500
vn 0.4111 -0.4892 0.7692
vn 0.4269 -0.4249 0.7982
vn 0.4446 -0.3318 0.8320
vn 0.4329 -0.3953 0.8101
vn 0.2798 -0.2655 0.9226
vn 0.2532 -0.4890 0.8347
vn 0.2627 -0.4269 0.8653
vn 0.2738 -0.3315 0.9028
vn 0.2668 -0.3932 0.8799
vn 0.0945 -0.2647 0.9597
vn 0.0855 -0.4888 0.8682
vn 0.0886 -0.4295 0.8987
vn 0.0925 -0.3308 0.9392
vn 0.0901 -0.3927 0.9152
vn -0.0945 -0.2647 0.9597
vn -0.0855 -0.4888 0.8682
vn -0.0885 -0.4297 0.8986
vn -0.0925 -0.3310 0.9391
vn -0.0901 -0.3927 0.9152
vn -0.2798 -0.2654 0.9226
vn -0.2532 -0.4890 0.8347
vn -0.2625 -0.4274 0.8651
vn -0.2738 -0.3320 0.9027
vn -0.2669 -0.3931 0.8799
vn -0.4542 -0.2669 0.8500
vn -0.4111 -0.4892 0.7692
vn -0.4267 -0.4258 0.7979
vn -0.4445 -0.3325 0.8318
vn -0.4329 -0.3951 0.8102
vn -0.6109 -0.2689 0.7447
vn -0.5749 -0.4234 0.7002
vn -0.5532 -0.4895 0.6741
vn -0.5980 -0.3332 0.7289
vn -0.5818 -0.3981 0.7092
vn -0.7438 -0.2715 0.6108
vn -0.6739 -0.4899 0.5530
vn -0.7016 -0.4202 0.5754
vn -0.7285 -0.3340 0.5981
vn -0.7077 -0.4020 0.5810
vn -0.8479 -0.2746 0.4535
vn -0.7686 -0.4904 0.4108
vn -0.8020 -0.4164 0.4283
vn -0.8309 -0.3350 0.4444
vn -0.8057 -0.4064 0.4309
vn -0.9191 -0.2780 0.2792
vn -0.8337 -0.4910 0.2529
vn -0.8720 -0.4121 0.2641
vn -0.9012 -0.3360 0.2736
vn -0.8722 -0.4114 0.2648
vn -0.9549 -0.2816 0.0944
vn -0.8667 -0.4916 0.0853
vn -0.9089 -0.4074 0.0891
vn -0.9369 -0.3370 0.0925
vn -0.9047 -0.4166 0.0893
vn -0.9539 -0.2853 -0.0936
vn -0.9023 -0.4219 -0.0886
vn -0.8663 -0.4921 -0.0853
vn -0.9109 -0.4026 -0.0902
vn -0.9366 -0.3380 -0.0920
vn -0.9162 -0.2889 -0.2776
vn -0.8327 -0.4927 -0.2526
vn -0.8778 -0.3978 -0.2668
vn -0.9004 -0.3390 -0.2729
vn -0.8653 -0.4271 -0.2623
vn -0.8436 -0.2922 -0.4505
vn -0.7672 -0.4933 -0.4101
vn -0.8107 -0.3932 -0.4338
vn -0.8295 -0.3398 -0.4431
vn -0.7955 -0.4319 -0.4250
vn -0.7387 -0.2952 -0.6059
vn -0.7269 -0.3406 -0.5963
vn -0.6957 -0.4363 -0.5707
vn -0.6722 -0.4937 -0.5517
vn -0.7119 -0.3890 -0.5847
vn -0.6058 -0.2978 -0.7378
vn -0.5515 -0.4941 -0.6720
vn -0.5851 -0.3854 -0.7135
vn -0.5965 -0.3412 -0.7265
vn -0.5698 -0.4400 -0.6941
vn -0.4499 -0.2998 -0.8413
vn -0.4097 -0.4945 -0.7666
vn -0.4353 -0.3824 -0.8150
vn -0.4432 -0.3416 -0.8288
vn -0.4228 -0.4428 -0.7907
vn -0.0000 1.0000 0.0021
vn -0.0000 1.0000 -0.0076
vn -0.1650 -0.3682 -0.9150
vn -0.1004 -0.3769 -0.9208
vn -0.0000 -1.0000 -0.0000
vn -0.1043 0.2443 0.9641
vn -0.0899 0.3994 0.9124
vn -0.0925 0.3330 0.9384
vn -0.0947 0.2594 0.9611
vn -0.0915 0.3595 0.9286
vn -0.2815 0.2456 0.9276
vn -0.2661 0.3995 0.8772
vn -0.2738 0.3339 0.9020
vn -0.2804 0.2593 0.9242
vn -0.2710 0.3587 0.8932
vn -0.4571 0.2445 0.8552
vn -0.4321 0.3998 0.8084
vn -0.4442 0.3358 0.8306
vn -0.4554 0.2591 0.8518
vn -0.4404 0.3571 0.8238
vn -0.6154 0.2427 0.7499
vn -0.5814 0.4002 0.7084
vn -0.5971 0.3388 0.7271
vn -0.6128 0.2590 0.7466
vn -0.5932 0.3546 0.7227
vn -0.7082 0.4007 0.5812
vn -0.7264 0.3427 0.5957
vn -0.7467 0.2588 0.6127
vn -0.7238 0.3515 0.5938
vn -0.7503 0.2405 0.6158
vn -0.8078 0.4013 0.4318
vn -0.8272 0.3472 0.4418
vn -0.8520 0.2587 0.4553
vn -0.8269 0.3478 0.4419
vn -0.8566 0.2378 0.4579
vn -0.8763 0.4019 0.2658
vn -0.8957 0.3523 0.2713
vn -0.9244 0.2586 0.2803
vn -0.8987 0.3436 0.2725
vn -0.9302 0.2349 0.2822
vn -0.9110 0.4026 0.0897
vn -0.9293 0.3578 0.0912
vn -0.9614 0.2585 0.0946
vn -0.9362 0.3392 0.0921
vn -0.9681 0.2317 0.0953
vn -0.9107 0.4033 -0.0897
vn -0.9271 0.3633 -0.0917
vn -0.9614 0.2585 -0.0948
vn -0.9378 0.3346 -0.0925
vn -0.9689 0.2285 -0.0954
vn -0.8754 0.4040 -0.2655
vn -0.8894 0.3688 -0.2701
vn -0.9244 0.2584 -0.2805
vn -0.9032 0.3302 -0.2741
vn -0.9323 0.2253 -0.2828
vn -0.8065 0.4046 -0.4311
vn -0.8178 0.3740 -0.4374
vn -0.8519 0.2584 -0.4555
vn -0.8337 0.3259 -0.4458
vn -0.8599 0.2223 -0.4596
vn -0.7067 0.4052 -0.5800
vn -0.7153 0.3786 -0.5873
vn -0.7467 0.2585 -0.6129
vn -0.7318 0.3221 -0.6007
vn -0.7541 0.2195 -0.6189
vn -0.6128 0.2585 -0.7468
vn -0.6012 0.3188 -0.7327
vn -0.5798 0.4057 -0.7065
vn -0.5860 0.3826 -0.7143
vn -0.6192 0.2172 -0.7546
vn -0.4308 0.4060 -0.8059
vn -0.4348 0.3858 -0.8137
vn -0.4553 0.2586 -0.8519
vn -0.4472 0.3161 -0.8367
vn -0.4603 0.2154 -0.8612
vn -0.2652 0.4063 -0.8744
vn -0.2675 0.3881 -0.8819
vn -0.2804 0.2587 -0.9244
vn -0.2755 0.3143 -0.9085
vn -0.2836 0.2141 -0.9348
vn -0.0896 0.4064 -0.9093
vn -0.0903 0.3894 -0.9166
vn -0.0947 0.2583 -0.9614
vn -0.0931 0.3137 -0.9450
vn -0.0958 0.2134 -0.9723
vn 0.0896 0.4064 -0.9093
vn 0.0902 0.3897 -0.9165
vn 0.0947 0.2584 -0.9614
vn 0.0931 0.3136 -0.9450
vn 0.0958 0.2134 -0.9723
vn 0.2652 0.4063 -0.8744
vn 0.2673 0.3888 -0.8817
vn 0.2803 0.2592 -0.9243
vn 0.2755 0.3142 -0.9085
vn 0.2836 0.2140 -0.9348
vn 0.4308 0.4060 -0.8059
vn 0.4345 0.3869 -0.8134
vn 0.4552 0.2593 -0.8518
vn 0.4472 0.3159 -0.8368
vn 0.4603 0.2152 -0.8613
vn 0.5798 0.4057 -0.7065
vn 0.5855 0.3841 -0.7139
vn 0.6126 0.2595 -0.7466
vn 0.6013 0.3185 -0.7328
vn 0.6193 0.2170 -0.7546
vn 0.7542 0.2193 -0.6190
vn 0.7067 0.4052 -0.5800
vn 0.7147 0.3804 -0.5870
vn 0.7464 0.2596 -0.6127
vn 0.7318 0.3217 -0.6007
vn 0.8599 0.2220 -0.4596
vn 0.8065 0.4046 -0.4311
vn 0.8170 0.3760 -0.4371
vn 0.8516 0.2598 -0.4553
vn 0.8338 0.3255 -0.4458
vn 0.9324 0.2250 -0.2829
vn 0.8754 0.4040 -0.2655
vn 0.8885 0.3710 -0.2699
vn 0.9240 0.2599 -0.2804
vn 0.9034 0.3297 -0.2742
vn 0.9689 0.2282 -0.0954
vn 0.9107 0.4033 -0.0897
vn 0.9262 0.3657 -0.0916
vn 0.9610 0.2599 -0.0948
vn 0.9379 0.3342 -0.0925
vn 0.9682 0.2314 0.0953
vn 0.9110 0.4026 0.0897
vn 0.9284 0.3601 0.0911
vn 0.9610 0.2600 0.0945
vn 0.9364 0.3388 0.0921
vn 0.9302 0.2346 0.2822
vn 0.8763 0.4019 0.2658
vn 0.8948 0.3546 0.2711
vn 0.9241 0.2600 0.2802
vn 0.8989 0.3432 0.2725
vn 0.8567 0.2375 0.4579
vn 0.8078 0.4013 0.4318
vn 0.8265 0.3493 0.4415
vn 0.8516 0.2600 0.4551
vn 0.8271 0.3474 0.4419
vn 0.7258 0.3445 0.5954
vn 0.7504 0.2402 0.6158
vn 0.7082 0.4007 0.5812
vn 0.7465 0.2600 0.6125
vn 0.7239 0.3512 0.5939
vn 0.6155 0.2425 0.7499
vn 0.5814 0.4002 0.7084
vn 0.5966 0.3404 0.7268
vn 0.6126 0.2599 0.7464
vn 0.5933 0.3543 0.7228
vn 0.4571 0.2443 0.8552
vn 0.4321 0.3998 0.8084
vn 0.4439 0.3370 0.8303
vn 0.4552 0.2598 0.8516
vn 0.4404 0.3569 0.8238
vn 0.2815 0.2456 0.9276
vn 0.2661 0.3995 0.8772
vn 0.2736 0.3346 0.9018
vn 0.2803 0.2597 0.9241
vn 0.2710 0.3586 0.8933
vn 0.1043 0.2442 0.9641
vn 0.0899 0.3994 0.9124
vn 0.0924 0.3332 0.9383
vn 0.0947 0.2595 0.9611
vn 0.0915 0.3595 0.9286
vn -0.0000 0.4323 0.9017
vn -0.0000 1.0000 0.0004
vn 0.0002 1.0000 -0.0031
vn -0.0000 -1.0000 -0.0013
vn -0.0012 -0.9999 0.0141
vn -0.0000 0.2898 0.9571
vn -0.0000 1.0000 -0.0001
vn -0.0000 1.0000 -0.0007
vn -0.0000 -1.0000 0.0003
vn -0.0000 0.3500 0.9368
vn 0.0002 1.0000 0.0050
vn -0.0031 0.9961 -0.0887
vn -0.0000 -1.0000 0.0001
vn 0.0001 -0.9999 0.0110
vn -0.0000 0.3455 0.9384
vn -0.0000 1.0000 0.0001
vn -0.0000 1.0000 -0.0000
vn -0.0000 -1.0000 -0.0022
vn 0.0024 -0.9993 0.0384
vn -0.9920 -0.0862 -0.0921
vn -0.0000 -0.4012 -0.9160
vn 0.9953 -0.0764 -0.0587
vn -0.0000 0.2621 0.9650
vn -0.8080 -0.0500 0.5870
vn -0.5509 -0.3487 -0.7582
vn 0.8080 -0.0511 -0.5870
vn 0.5674 0.2614 0.7809
vn -0.3085 -0.0591 0.9494
vn -0.9335 -0.3550 0.0503
vn 0.3086 -0.0495 -0.9499
vn 0.9610 0.2744 0.0350
vn 0.3086 -0.0528 0.9497
vn -0.8910 -0.3497 0.2895
vn -0.3087 -0.0483 -0.9499
vn 0.9177 0.2625 -0.2982
vn 0.8079 -0.0531 0.5870
vn -0.5504 -0.3510 0.7575
vn -0.8081 -0.0480 -0.5871
vn 0.5669 0.2639 -0.7803
vn 0.9985 -0.0454 -0.0299
vn -0.0000 -0.3522 0.9359
vn -0.9982 -0.0375 -0.0470
vn -0.0000 0.3045 -0.9525
vn 0.5500 -0.3529 0.7570
vn -0.5666 0.2659 -0.7799
vn 0.8899 -0.3527 0.2892
vn -0.3086 -0.0516 0.9498
vn -0.9169 0.2658 -0.2979
vn 0.8903 -0.3518 -0.2893
vn 0.2817 -0.0461 0.9584
vn -0.9591 0.2775 0.0556
vn 0.5505 -0.3505 -0.7577
vn -0.5670 0.2634 0.7804
vt 0.990488 0.500000
vt 0.990488 0.500044
vt 0.990485 0.500044
vt 0.990485 0.500000
vt 0.990482 0.500000
vt 0.990482 0.500044
vt 0.990482 0.500038
vt 0.990485 0.500038
vt 0.990485 0.500034
vt 0.990482 0.500034
vt 0.990482 0.500029
vt 0.990485 0.500029
vt 0.990485 0.500024
vt 0.990482 0.500024
vt 0.990482 0.500019
vt 0.990485 0.500019
vt 0.990485 0.500014
vt 0.990482 0.500014
vt 0.990482 0.500009
vt 0.990485 0.500009
vt 0.990485 0.500004
vt 0.990482 0.500004
vt 0.990480 0.500044
vt 0.990480 0.500038
vt 0.990480 0.500000
vt 0.990480 0.500004
vt 0.990480 0.500014
vt 0.990480 0.500009
vt 0.990480 0.500024
vt 0.990480 0.500019
vt 0.990480 0.500034
vt 0.990480 0.500029
vt 0.990477 0.500044
vt 0.990477 0.500038
vt 0.990477 0.500000
vt 0.990477 0.500004
vt 0.990477 0.500014
vt 0.990477 0.500009
vt 0.990477 0.500024
vt 0.990477 0.500019
vt 0.990477 0.500034
vt 0.990477 0.500029
vt 0.990474 0.500034
vt 0.990474 0.500029
vt 0.990474 0.500044
vt 0.990474 0.500038
vt 0.990474 0.500014
vt 0.990474 0.500009
vt 0.990474 0.500024
vt 0.990474 0.500019
vt 0.990474 0.500004
vt 0.990474 0.500000
vt 0.990471 0.500044
vt 0.990471 0.500038
vt 0.990471 0.500004
vt 0.990471 0.500000
vt 0.990471 0.500014
vt 0.990471 0.500009
vt 0.990471 0.500024
vt 0.990471 0.500019
vt 0.990471 0.500034
vt 0.990471 0.500029
vt 0.990469 0.500044
vt 0.990469 0.500038
vt 0.990469 0.500004
vt 0.990469 0.500000
vt 0.990469 0.500014
vt 0.990469 0.500009
vt 0.990469 0.500024
vt 0.990469 0.500019
vt 0.990469 0.500034
vt 0.990469 0.500029
vt 0.990466 0.500044
vt 0.990466 0.500038
vt 0.990466 0.500004
vt 0.990466 0.500000
vt 0.990466 0.500014
vt 0.990466 0.500009
vt 0.990466 0.500024
vt 0.990466 0.500019
vt 0.990466 0.500034
vt 0.990466 0.500029
vt 0.990463 0.500044
vt 0.990463 0.500038
vt 0.990463 0.500004
vt 0.990463 0.500000
vt 0.990463 0.500014
vt 0.990463 0.500009
vt 0.990463 0.500024
vt 0.990463 0.500019
vt 0.990463 0.500034
vt 0.990463 0.500029
vt 0.990461 0.500044
vt 0.990461 0.500038
vt 0.990461 0.500004
vt 0.990461 0.500000
vt 0.990461 0.500014
vt 0.990461 0.500009
vt 0.990461 0.500024
vt 0.990461 0.500019
vt 0.990461 0.500034
vt 0.990461 0.500029
vt 0.990458 0.500044
vt 0.990458 0.500038
vt 0.990458 0.500004
vt 0.990458 0.500000
vt 0.990458 0.500014
vt 0.990458 0.500009
vt 0.990458 0.500024
vt 0.990458 0.500019
vt 0.990458 0.500034
vt 0.990458 0.500029
vt 0.990455 0.500044
vt 0.990455 0.500038
vt 0.990455 0.500004
vt 0.990455 0.500000
vt 0.990455 0.500014
vt 0.990455 0.500009
vt 0.990455 0.500024
vt 0.990455 0.500019
vt 0.990455 0.500034
vt 0.990455 0.500029
vt 0.990452 0.500014
vt 0.990452 0.500009
vt 0.990452 0.500044
vt 0.990452 0.500038
vt 0.990452 0.500004
vt 0.990452 0.500000
vt 0.990452 0.500024
vt 0.990452 0.500019
vt 0.990452 0.500034
vt 0.990452 0.500029
vt 0.990450 0.500044
vt 0.990450 0.500038
vt 0.990450 0.500004
vt 0.990450 0.500000
vt 0.990450 0.500014
vt 0.990450 0.500009
vt 0.990450 0.500024
vt 0.990450 0.500019
vt 0.990450 0.500034
vt 0.990450 0.500029
vt 0.990447 0.500044
vt 0.990447 0.500038
vt 0.990447 0.500004
vt 0.990447 0.500000
vt 0.990447 0.500014
vt 0.990447 0.500009
vt 0.990447 0.500024
vt 0.990447 0.500019
vt 0.990447 0.500034
vt 0.990447 0.500029
vt 0.990444 0.500044
vt 0.990444 0.500038
vt 0.990444 0.500038
vt 0.990444 0.500004
vt 0.990444 0.500000
vt 0.990447 0.500004
vt 0.990446 0.500009
vt 0.990446 0.500014
vt 0.990444 0.500014
vt 0.990444 0.500009
vt 0.990446 0.500019
vt 0.990445 0.500024
vt 0.990444 0.500024
vt 0.990444 0.500019
vt 0.990445 0.500029
vt 0.990445 0.500034
vt 0.990444 0.500034
vt 0.990444 0.500029
vt 0.990442 0.500044
vt 0.990442 0.500038
vt 0.990442 0.500038
vt 0.990442 0.500004
vt 0.990442 0.500000
vt 0.990444 0.500004
vt 0.990444 0.500009
vt 0.990443 0.500014
vt 0.990442 0.500014
vt 0.990442 0.500009
vt 0.990443 0.500019
vt 0.990443 0.500024
vt 0.990442 0.500024
vt 0.990442 0.500019
vt 0.990442 0.500029
vt 0.990442 0.500034
vt 0.990442 0.500034
vt 0.990442 0.500029
vt 0.990439 0.500044
vt 0.990439 0.500038
vt 0.990439 0.500004
vt 0.990439 0.500000
vt 0.990439 0.500014
vt 0.990439 0.500009
vt 0.990439 0.500024
vt 0.990439 0.500019
vt 0.990439 0.500034
vt 0.990439 0.500029
vt 0.990436 0.500044
vt 0.990436 0.500038
vt 0.990436 0.500004
vt 0.990436 0.500000
vt 0.990436 0.500014
vt 0.990436 0.500009
vt 0.990436 0.500024
vt 0.990436 0.500019
vt 0.990436 0.500034
vt 0.990436 0.500029
vt 0.990433 0.500044
vt 0.990433 0.500038
vt 0.990433 0.500014
vt 0.990433 0.500009
vt 0.990433 0.500004
vt 0.990433 0.500000
vt 0.990433 0.500024
vt 0.990433 0.500019
vt 0.990433 0.500034
vt 0.990433 0.500029
vt 0.990431 0.500044
vt 0.990431 0.500038
vt 0.990431 0.500000
vt 0.990431 0.500004
vt 0.990431 0.500014
vt 0.990431 0.500009
vt 0.990431 0.500024
vt 0.990431 0.500019
vt 0.990431 0.500034
vt 0.990431 0.500029
vt 0.990428 0.500044
vt 0.990428 0.500038
vt 0.990428 0.500000
vt 0.990428 0.500004
vt 0.990428 0.500014
vt 0.990428 0.500009
vt 0.990428 0.500024
vt 0.990428 0.500019
vt 0.990428 0.500034
vt 0.990428 0.500029
vt 0.990425 0.500044
vt 0.990425 0.500038
vt 0.990425 0.500000
vt 0.990425 0.500004
vt 0.990425 0.500014
vt 0.990425 0.500009
vt 0.990425 0.500024
vt 0.990425 0.500019
vt 0.990425 0.500034
vt 0.990425 0.500029
vt 0.990422 0.500044
vt 0.990422 0.500038
vt 0.990422 0.500000
vt 0.990422 0.500004
vt 0.990422 0.500014
vt 0.990422 0.500009
vt 0.990422 0.500024
vt 0.990422 0.500019
vt 0.990422 0.500034
vt 0.990422 0.500029
vt 0.990420 0.500044
vt 0.990420 0.500038
vt 0.990420 0.500034
vt 0.990420 0.500029
vt 0.990420 0.500000
vt 0.990420 0.500004
vt 0.990420 0.500014
vt 0.990420 0.500009
vt 0.990420 0.500024
vt 0.990420 0.500019
vt 0.990417 0.500044
vt 0.990417 0.500038
vt 0.990417 0.500000
vt 0.990417 0.500004
vt 0.990417 0.500014
vt 0.990417 0.500009
vt 0.990417 0.500024
vt 0.990417 0.500019
vt 0.990417 0.500034
vt 0.990417 0.500029
vt 0.990414 0.500044
vt 0.990414 0.500038
vt 0.990414 0.500000
vt 0.990414 0.500004
vt 0.990414 0.500014
vt 0.990414 0.500009
vt 0.990414 0.500024
vt 0.990414 0.500019
vt 0.990414 0.500034
vt 0.990414 0.500029
vt 0.990412 0.500044
vt 0.990412 0.500038
vt 0.990412 0.500019
vt 0.990412 0.500024
vt 0.990412 0.500029
vt 0.990412 0.500034
vt 0.990412 0.500000
vt 0.990412 0.500004
vt 0.990412 0.500014
vt 0.990412 0.500009
vt 0.990409 0.500044
vt 0.990409 0.500038
vt 0.990409 0.500000
vt 0.990409 0.500004
vt 0.990409 0.500014
vt 0.990409 0.500009
vt 0.990409 0.500024
vt 0.990409 0.500019
vt 0.990409 0.500034
vt 0.990409 0.500029
vt 0.990406 0.500044
vt 0.990406 0.500038
vt 0.990406 0.500000
vt 0.990406 0.500004
vt 0.990406 0.500014
vt 0.990406 0.500009
vt 0.990406 0.500024
vt 0.990406 0.500019
vt 0.990406 0.500034
vt 0.990406 0.500029
vt 0.990429 0.499963
vt 0.990430 0.499959
vt 0.990434 0.499961
vt 0.990437 0.499963
vt 0.990440 0.499967
vt 0.990442 0.499970
vt 0.990443 0.499974
vt 0.990443 0.499978
vt 0.990443 0.499982
vt 0.990442 0.499986
vt 0.990440 0.499990
vt 0.990437 0.499993
vt 0.990434 0.499996
vt 0.990430 0.499998
vt 0.990426 0.499999
vt 0.990422 0.499999
vt 0.990418 0.499999
vt 0.990414 0.499998
vt 0.990411 0.499996
vt 0.990408 0.499993
vt 0.990405 0.499990
vt 0.990403 0.499986
vt 0.990402 0.499982
vt 0.990402 0.499978
vt 0.990402 0.499974
vt 0.990403 0.499970
vt 0.990405 0.499967
vt 0.990408 0.499963
vt 0.990411 0.499961
vt 0.990414 0.499959
vt 0.990416 0.499963
vt 0.990413 0.499964
vt 0.990411 0.499966
vt 0.990409 0.499969
vt 0.990407 0.499972
vt 0.990406 0.499975
vt 0.990406 0.499978
vt 0.990406 0.499981
vt 0.990407 0.499984
vt 0.990409 0.499987
vt 0.990411 0.499989
vt 0.990413 0.499991
vt 0.990416 0.499993
vt 0.990419 0.499994
vt 0.990422 0.499994
vt 0.990426 0.499994
vt 0.990429 0.499993
vt 0.990431 0.499991
vt 0.990434 0.499989
vt 0.990436 0.499987
vt 0.990437 0.499984
vt 0.990438 0.499981
vt 0.990439 0.499978
vt 0.990438 0.499975
vt 0.990437 0.499972
vt 0.990436 0.499969
vt 0.990434 0.499966
vt 0.990431 0.499964
vt 0.990419 0.499962
vt 0.990418 0.499958
vt 0.990422 0.499957
vt 0.990426 0.499958
vt 0.990426 0.499962
vt 0.990422 0.499962
vt 0.990403 0.500044
vt 0.990403 0.500000
vt 0.990404 0.500004
vt 0.990404 0.500009
vt 0.990404 0.500014
vt 0.990404 0.500019
vt 0.990404 0.500024
vt 0.990404 0.500029
vt 0.990404 0.500034
vt 0.990404 0.500038
vt 0.990401 0.500044
vt 0.990401 0.500000
vt 0.990454 0.499966
vt 0.990457 0.499964
vt 0.990454 0.499961
vt 0.990451 0.499963
vt 0.990449 0.499967
vt 0.990447 0.499970
vt 0.990445 0.499974
vt 0.990445 0.499978
vt 0.990445 0.499982
vt 0.990447 0.499986
vt 0.990449 0.499990
vt 0.990451 0.499993
vt 0.990454 0.499996
vt 0.990458 0.499998
vt 0.990462 0.499999
vt 0.990466 0.499999
vt 0.990470 0.499999
vt 0.990474 0.499998
vt 0.990478 0.499996
vt 0.990481 0.499993
vt 0.990483 0.499990
vt 0.990485 0.499986
vt 0.990486 0.499982
vt 0.990487 0.499978
vt 0.990486 0.499974
vt 0.990485 0.499970
vt 0.990483 0.499967
vt 0.990481 0.499963
vt 0.990478 0.499961
vt 0.990474 0.499959
vt 0.990470 0.499958
vt 0.990469 0.499962
vt 0.990472 0.499963
vt 0.990475 0.499964
vt 0.990477 0.499966
vt 0.990479 0.499969
vt 0.990481 0.499972
vt 0.990482 0.499975
vt 0.990482 0.499978
vt 0.990482 0.499981
vt 0.990481 0.499984
vt 0.990479 0.499987
vt 0.990477 0.499989
vt 0.990475 0.499991
vt 0.990472 0.499993
vt 0.990469 0.499994
vt 0.990466 0.499994
vt 0.990463 0.499994
vt 0.990460 0.499993
vt 0.990457 0.499991
vt 0.990454 0.499989
vt 0.990452 0.499987
vt 0.990451 0.499984
vt 0.990450 0.499981
vt 0.990450 0.499978
vt 0.990450 0.499975
vt 0.990451 0.499972
vt 0.990452 0.499969
vt 0.990466 0.499957
vt 0.990462 0.499958
vt 0.990458 0.499959
vt 0.990460 0.499963
vt 0.990463 0.499962
vt 0.990466 0.499962
vt 0.990485 0.500027
vt 0.990485 0.500029
vt 0.990488 0.500029
vt 0.990488 0.500027
vt 0.990488 0.500016
vt 0.990488 0.500014
vt 0.990485 0.500014
vt 0.990485 0.500016
vt 0.990485 0.500017
vt 0.990485 0.500019
vt 0.990488 0.500019
vt 0.990488 0.500017
vt 0.990485 0.500021
vt 0.990485 0.500023
vt 0.990488 0.500023
vt 0.990488 0.500021
vt 0.990485 0.500024
vt 0.990485 0.500026
vt 0.990488 0.500026
vt 0.990488 0.500024
vt 0.990482 0.500027
vt 0.990482 0.500029
vt 0.990482 0.500014
vt 0.990482 0.500016
vt 0.990482 0.500017
vt 0.990482 0.500019
vt 0.990482 0.500021
vt 0.990482 0.500023
vt 0.990482 0.500024
vt 0.990482 0.500026
vt 0.990480 0.500027
vt 0.990480 0.500029
vt 0.990480 0.500014
vt 0.990480 0.500016
vt 0.990480 0.500017
vt 0.990480 0.500019
vt 0.990480 0.500021
vt 0.990480 0.500023
vt 0.990480 0.500024
vt 0.990480 0.500026
vt 0.990477 0.500027
vt 0.990477 0.500029
vt 0.990477 0.500014
vt 0.990477 0.500016
vt 0.990477 0.500017
vt 0.990477 0.500019
vt 0.990477 0.500021
vt 0.990477 0.500023
vt 0.990477 0.500024
vt 0.990477 0.500026
vt 0.990474 0.500014
vt 0.990474 0.500016
vt 0.990474 0.500017
vt 0.990474 0.500019
vt 0.990474 0.500021
vt 0.990474 0.500023
vt 0.990474 0.500024
vt 0.990474 0.500026
vt 0.990474 0.500027
vt 0.990474 0.500029
vt 0.990471 0.500014
vt 0.990471 0.500016
vt 0.990471 0.500017
vt 0.990471 0.500019
vt 0.990471 0.500021
vt 0.990471 0.500023
vt 0.990471 0.500024
vt 0.990471 0.500026
vt 0.990471 0.500027
vt 0.990471 0.500029
vt 0.990469 0.500014
vt 0.990469 0.500016
vt 0.990469 0.500017
vt 0.990469 0.500019
vt 0.990469 0.500021
vt 0.990469 0.500023
vt 0.990469 0.500024
vt 0.990469 0.500026
vt 0.990469 0.500027
vt 0.990469 0.500029
vt 0.990466 0.500014
vt 0.990466 0.500016
vt 0.990466 0.500017
vt 0.990466 0.500019
vt 0.990466 0.500021
vt 0.990466 0.500023
vt 0.990466 0.500024
vt 0.990466 0.500026
vt 0.990466 0.500027
vt 0.990466 0.500029
vt 0.990463 0.500014
vt 0.990463 0.500016
vt 0.990463 0.500017
vt 0.990463 0.500019
vt 0.990463 0.500021
vt 0.990463 0.500023
vt 0.990463 0.500024
vt 0.990463 0.500026
vt 0.990463 0.500027
vt 0.990463 0.500029
vt 0.990461 0.500014
vt 0.990461 0.500016
vt 0.990461 0.500017
vt 0.990461 0.500019
vt 0.990461 0.500021
vt 0.990461 0.500023
vt 0.990461 0.500024
vt 0.990461 0.500026
vt 0.990461 0.500027
vt 0.990461 0.500029
vt 0.990458 0.500014
vt 0.990458 0.500016
vt 0.990458 0.500017
vt 0.990458 0.500019
vt 0.990458 0.500021
vt 0.990458 0.500023
vt 0.990458 0.500024
vt 0.990458 0.500026
vt 0.990458 0.500027
vt 0.990458 0.500029
vt 0.990455 0.500014
vt 0.990455 0.500016
vt 0.990455 0.500017
vt 0.990455 0.500019
vt 0.990455 0.500021
vt 0.990455 0.500023
vt 0.990455 0.500024
vt 0.990455 0.500026
vt 0.990455 0.500027
vt 0.990455 0.500029
vt 0.990452 0.500021
vt 0.990452 0.500023
vt 0.990452 0.500024
vt 0.990452 0.500026
vt 0.990452 0.500014
vt 0.990452 0.500016
vt 0.990452 0.500017
vt 0.990452 0.500019
vt 0.990452 0.500027
vt 0.990452 0.500029
vt 0.990450 0.500014
vt 0.990450 0.500016
vt 0.990450 0.500017
vt 0.990450 0.500019
vt 0.990450 0.500021
vt 0.990450 0.500023
vt 0.990450 0.500024
vt 0.990450 0.500026
vt 0.990450 0.500027
vt 0.990450 0.500029
vt 0.990447 0.500014
vt 0.990447 0.500016
vt 0.990447 0.500017
vt 0.990447 0.500019
vt 0.990447 0.500021
vt 0.990447 0.500023
vt 0.990447 0.500024
vt 0.990447 0.500026
vt 0.990447 0.500027
vt 0.990447 0.500029
vt 0.990444 0.500014
vt 0.990444 0.500016
vt 0.990446 0.500019
vt 0.990446 0.500017
vt 0.990444 0.500017
vt 0.990444 0.500019
vt 0.990445 0.500023
vt 0.990446 0.500021
vt 0.990444 0.500021
vt 0.990444 0.500023
vt 0.990445 0.500026
vt 0.990445 0.500024
vt 0.990444 0.500024
vt 0.990444 0.500026
vt 0.990444 0.500027
vt 0.990444 0.500029
vt 0.990442 0.500014
vt 0.990442 0.500016
vt 0.990443 0.500019
vt 0.990444 0.500017
vt 0.990442 0.500017
vt 0.990442 0.500019
vt 0.990443 0.500023
vt 0.990443 0.500021
vt 0.990442 0.500021
vt 0.990442 0.500023
vt 0.990442 0.500026
vt 0.990442 0.500024
vt 0.990442 0.500024
vt 0.990442 0.500026
vt 0.990442 0.500027
vt 0.990442 0.500029
vt 0.990439 0.500014
vt 0.990439 0.500016
vt 0.990439 0.500017
vt 0.990439 0.500019
vt 0.990439 0.500021
vt 0.990439 0.500023
vt 0.990439 0.500024
vt 0.990439 0.500026
vt 0.990439 0.500027
vt 0.990439 0.500029
vt 0.990436 0.500014
vt 0.990436 0.500016
vt 0.990436 0.500017
vt 0.990436 0.500019
vt 0.990436 0.500021
vt 0.990436 0.500023
vt 0.990436 0.500024
vt 0.990436 0.500026
vt 0.990436 0.500027
vt 0.990436 0.500029
vt 0.990433 0.500014
vt 0.990433 0.500016
vt 0.990433 0.500017
vt 0.990433 0.500019
vt 0.990433 0.500021
vt 0.990433 0.500023
vt 0.990433 0.500024
vt 0.990433 0.500026
vt 0.990433 0.500029
vt 0.990433 0.500027
vt 0.990431 0.500027
vt 0.990431 0.500029
vt 0.990431 0.500014
vt 0.990431 0.500016
vt 0.990431 0.500017
vt 0.990431 0.500019
vt 0.990431 0.500021
vt 0.990431 0.500023
vt 0.990431 0.500024
vt 0.990431 0.500026
vt 0.990428 0.500027
vt 0.990428 0.500029
vt 0.990428 0.500014
vt 0.990428 0.500016
vt 0.990428 0.500017
vt 0.990428 0.500019
vt 0.990428 0.500021
vt 0.990428 0.500023
vt 0.990428 0.500024
vt 0.990428 0.500026
vt 0.990425 0.500027
vt 0.990425 0.500029
vt 0.990425 0.500014
vt 0.990425 0.500016
vt 0.990425 0.500017
vt 0.990425 0.500019
vt 0.990425 0.500021
vt 0.990425 0.500023
vt 0.990425 0.500024
vt 0.990425 0.500026
vt 0.990422 0.500027
vt 0.990422 0.500029
vt 0.990422 0.500014
vt 0.990422 0.500016
vt 0.990422 0.500017
vt 0.990422 0.500019
vt 0.990422 0.500021
vt 0.990422 0.500023
vt 0.990422 0.500024
vt 0.990422 0.500026
vt 0.990420 0.500027
vt 0.990420 0.500029
vt 0.990420 0.500014
vt 0.990420 0.500016
vt 0.990420 0.500017
vt 0.990420 0.500019
vt 0.990420 0.500021
vt 0.990420 0.500023
vt 0.990420 0.500024
vt 0.990420 0.500026
vt 0.990417 0.500027
vt 0.990417 0.500029
vt 0.990417 0.500014
vt 0.990417 0.500016
vt 0.990417 0.500017
vt 0.990417 0.500019
vt 0.990417 0.500021
vt 0.990417 0.500023
vt 0.990417 0.500024
vt 0.990417 0.500026
vt 0.990414 0.500027
vt 0.990414 0.500029
vt 0.990414 0.500014
vt 0.990414 0.500016
vt 0.990414 0.500017
vt 0.990414 0.500019
vt 0.990414 0.500021
vt 0.990414 0.500023
vt 0.990414 0.500024
vt 0.990414 0.500026
vt 0.990412 0.500017
vt 0.990412 0.500019
vt 0.990412 0.500027
vt 0.990412 0.500029
vt 0.990412 0.500014
vt 0.990412 0.500016
vt 0.990412 0.500021
vt 0.990412 0.500023
vt 0.990412 0.500024
vt 0.990412 0.500026
vt 0.990409 0.500027
vt 0.990409 0.500029
vt 0.990409 0.500014
vt 0.990409 0.500016
vt 0.990409 0.500017
vt 0.990409 0.500019
vt 0.990409 0.500021
vt 0.990409 0.500023
vt 0.990409 0.500024
vt 0.990409 0.500026
vt 0.990406 0.500027
vt 0.990406 0.500029
vt 0.990406 0.500014
vt 0.990406 0.500016
vt 0.990406 0.500017
vt 0.990406 0.500019
vt 0.990406 0.500021
vt 0.990406 0.500023
vt 0.990406 0.500024
vt 0.990406 0.500026
vt 0.990403 0.500027
vt 0.990403 0.500029
vt 0.990403 0.500014
vt 0.990403 0.500016
vt 0.990403 0.500017
vt 0.990403 0.500019
vt 0.990403 0.500021
vt 0.990403 0.500023
vt 0.990403 0.500024
vt 0.990403 0.500026
vt 0.990401 0.500027
vt 0.990401 0.500029
vt 0.990401 0.500014
vt 0.990401 0.500016
vt 0.990401 0.500017
vt 0.990401 0.500019
vt 0.990401 0.500021
vt 0.990401 0.500023
vt 0.990401 0.500024
vt 0.990401 0.500026
vt 0.990433 0.499987
vt 0.990433 0.499992
vt 0.990455 0.499992
vt 0.990455 0.499987
vt 0.990423 0.500021
vt 0.990425 0.500021
vt 0.990427 0.500021
vt 0.990429 0.500020
vt 0.990430 0.500018
vt 0.990431 0.500017
vt 0.990432 0.500015
vt 0.990433 0.500013
vt 0.990433 0.500011
vt 0.990433 0.500008
vt 0.990432 0.500006
vt 0.990431 0.500005
vt 0.990430 0.500003
vt 0.990429 0.500002
vt 0.990427 0.500001
vt 0.990425 0.500000
vt 0.990420 0.500000
vt 0.990418 0.500001
vt 0.990416 0.500002
vt 0.990415 0.500003
vt 0.990413 0.500005
vt 0.990412 0.500006
vt 0.990412 0.500008
vt 0.990412 0.500011
vt 0.990412 0.500013
vt 0.990412 0.500015
vt 0.990413 0.500017
vt 0.990415 0.500018
vt 0.990416 0.500020
vt 0.990418 0.500021
vt 0.990420 0.500021
vt 0.990421 0.500021
vt 0.990421 0.500019
vt 0.990421 0.500019
vt 0.990419 0.500019
vt 0.990418 0.500018
vt 0.990416 0.500017
vt 0.990415 0.500015
vt 0.990415 0.500014
vt 0.990414 0.500012
vt 0.990414 0.500011
vt 0.990414 0.500009
vt 0.990415 0.500008
vt 0.990415 0.500006
vt 0.990416 0.500005
vt 0.990418 0.500004
vt 0.990419 0.500003
vt 0.990421 0.500002
vt 0.990422 0.500002
vt 0.990424 0.500002
vt 0.990426 0.500003
vt 0.990427 0.500004
vt 0.990428 0.500005
vt 0.990429 0.500006
vt 0.990430 0.500008
vt 0.990431 0.500009
vt 0.990431 0.500011
vt 0.990431 0.500012
vt 0.990430 0.500014
vt 0.990429 0.500015
vt 0.990428 0.500017
vt 0.990427 0.500018
vt 0.990426 0.500019
vt 0.990424 0.500019
vt 0.990423 0.500019
vt 0.990422 0.500021
vt 0.990422 0.500019
vt 0.990468 0.500021
vt 0.990468 0.500021
vt 0.990470 0.500021
vt 0.990472 0.500020
vt 0.990474 0.500018
vt 0.990475 0.500017
vt 0.990476 0.500015
vt 0.990477 0.500013
vt 0.990477 0.500011
vt 0.990477 0.500008
vt 0.990476 0.500006
vt 0.990475 0.500005
vt 0.990474 0.500003
vt 0.990472 0.500002
vt 0.990470 0.500001
vt 0.990468 0.500000
vt 0.990463 0.500000
vt 0.990462 0.500001
vt 0.990460 0.500002
vt 0.990458 0.500003
vt 0.990457 0.500005
vt 0.990456 0.500006
vt 0.990455 0.500008
vt 0.990455 0.500011
vt 0.990455 0.500013
vt 0.990456 0.500015
vt 0.990457 0.500017
vt 0.990458 0.500018
vt 0.990460 0.500020
vt 0.990462 0.500021
vt 0.990464 0.500021
vt 0.990466 0.500021
vt 0.990466 0.500019
vt 0.990464 0.500019
vt 0.990463 0.500019
vt 0.990461 0.500018
vt 0.990460 0.500017
vt 0.990459 0.500015
vt 0.990458 0.500014
vt 0.990458 0.500012
vt 0.990457 0.500011
vt 0.990458 0.500009
vt 0.990458 0.500008
vt 0.990459 0.500006
vt 0.990460 0.500005
vt 0.990461 0.500004
vt 0.990463 0.500003
vt 0.990464 0.500002
vt 0.990466 0.500002
vt 0.990468 0.500002
vt 0.990469 0.500003
vt 0.990471 0.500004
vt 0.990472 0.500005
vt 0.990473 0.500006
vt 0.990474 0.500008
vt 0.990474 0.500009
vt 0.990474 0.500011
vt 0.990474 0.500012
vt 0.990474 0.500014
vt 0.990473 0.500015
vt 0.990472 0.500017
vt 0.990471 0.500018
vt 0.990469 0.500019
vt 0.990468 0.500019
vt 0.990466 0.500021
vt 0.990423 0.500021
vt 0.990421 0.500021
vt 0.990422 0.500019
vt 0.990423 0.500019
vt 0.990467 0.500019
vt 0.990467 0.500021
vt 0.990465 0.500021
vt 0.990465 0.500019
vt 0.990424 0.500021
vt 0.990422 0.500021
vt 0.990422 0.500019
vt 0.990424 0.500019
vt 0.990467 0.500019
vt 0.990467 0.500021
vt 0.990465 0.500021
vt 0.990465 0.500019
vt 0.990422 0.500021
vt 0.990424 0.500021
vt 0.990466 0.500019
vt 0.990466 0.500021
vt 0.990464 0.500021
vt 0.990465 0.500019
vt 0.990433 0.499957
vt 0.990455 0.499957
vt 0.990455 0.499978
vt 0.990433 0.499978
vt 0.990455 0.500022
vt 0.990433 0.500022
vt 0.990412 0.500022
vt 0.990477 0.500022
s 0
usemtl Material
f 1009/1199/438 1010/1200/438 1012/1201/438 1011/1202/438
f 1013/1203/439 1011/1202/439 1012/1201/439 1014/1204/439 1152/1205/439 1143/1206/439 1142/1207/439 1151/1208/439 1150/1209/439 1141/1210/439 1140/1211/439 1149/1212/439 1148/1213/439 1139/1214/439 1138/1215/439 1147/1216/439 1146/1217/439 1137/1218/439 1144/1219/439 1145/1220/439
f 1152/1205/440 1014/1204/440 1016/1221/440 1160/1222/440
f 1015/1223/441 1013/1203/441 1145/1220/441 1153/1224/441
f 1155/1225/442 1154/1226/442 1146/1217/442 1147/1216/442
f 1157/1227/443 1156/1228/443 1148/1213/443 1149/1212/443
f 1159/1229/444 1158/1230/444 1150/1209/444 1151/1208/444
f 1160/1222/445 1016/1221/445 1018/1231/445 1168/1232/445
f 1017/1233/446 1015/1223/446 1153/1224/446 1161/1234/446
f 1163/1235/447 1162/1236/447 1154/1226/447 1155/1225/447
f 1165/1237/448 1164/1238/448 1156/1228/448 1157/1227/448
f 1167/1239/449 1166/1240/449 1158/1230/449 1159/1229/449
f 1166/1240/450 1167/1239/450 1175/1241/450 1174/1242/450
f 1168/1232/451 1018/1231/451 1020/1243/451 1176/1244/451
f 1162/1236/452 1163/1235/452 1171/1245/452 1170/1246/452
f 1164/1238/453 1165/1237/453 1173/1247/453 1172/1248/453
f 1169/1249/454 1019/1250/454 1017/1233/454 1161/1234/454
f 1176/1244/455 1020/1243/455 1022/1251/455 1184/1252/455
f 1177/1253/456 1021/1254/456 1019/1250/456 1169/1249/456
f 1170/1246/457 1171/1245/457 1179/1255/457 1178/1256/457
f 1172/1248/458 1173/1247/458 1181/1257/458 1180/1258/458
f 1174/1242/459 1175/1241/459 1183/1259/459 1182/1260/459
f 1184/1252/460 1022/1251/460 1024/1261/460 1192/1262/460
f 1185/1263/461 1023/1264/461 1021/1254/461 1177/1253/461
f 1178/1256/462 1179/1255/462 1187/1265/462 1186/1266/462
f 1180/1258/463 1181/1257/463 1189/1267/463 1188/1268/463
f 1182/1260/464 1183/1259/464 1191/1269/464 1190/1270/464
f 1192/1262/465 1024/1261/465 1026/1271/465 1193/1272/465
f 1194/1273/466 1025/1274/466 1023/1264/466 1185/1263/466
f 1186/1266/467 1187/1265/467 1196/1275/467 1195/1276/467
f 1188/1268/468 1189/1267/468 1198/1277/468 1197/1278/468
f 1190/1270/469 1191/1269/469 1200/1279/469 1199/1280/469
f 1193/1272/470 1026/1271/470 1028/1281/470 1208/1282/470
f 1201/1283/471 1027/1284/471 1025/1274/471 1194/1273/471
f 1195/1276/472 1196/1275/472 1203/1285/472 1202/1286/472
f 1197/1278/473 1198/1277/473 1205/1287/473 1204/1288/473
f 1199/1280/474 1200/1279/474 1207/1289/474 1206/1290/474
f 1208/1282/475 1028/1281/475 1030/1291/475 1216/1292/475
f 1209/1293/476 1029/1294/476 1027/1284/476 1201/1283/476
f 1202/1286/477 1203/1285/477 1211/1295/477 1210/1296/477
f 1204/1288/478 1205/1287/478 1213/1297/478 1212/1298/478
f 1206/1290/479 1207/1289/479 1215/1299/479 1214/1300/479
f 1216/1292/480 1030/1291/480 1032/1301/480 1224/1302/480
f 1217/1303/481 1031/1304/481 1029/1294/481 1209/1293/481
f 1210/1296/482 1211/1295/482 1219/1305/482 1218/1306/482
f 1212/1298/483 1213/1297/483 1221/1307/483 1220/1308/483
f 1214/1300/484 1215/1299/484 1223/1309/484 1222/1310/484
f 1224/1302/485 1032/1301/485 1034/1311/485 1232/1312/485
f 1225/1313/486 1033/1314/486 1031/1304/486 1217/1303/486
f 1218/1306/487 1219/1305/487 1227/1315/487 1226/1316/487
f 1220/1308/488 1221/1307/488 1229/1317/488 1228/1318/488
f 1222/1310/489 1223/1309/489 1231/1319/489 1230/1320/489
f 1235/1321/490 1234/1322/490 1226/1316/490 1227/1315/490
f 1232/1312/491 1034/1311/491 1036/1323/491 1240/1324/491
f 1233/1325/492 1035/1326/492 1033/1314/492 1225/1313/492
f 1228/1318/493 1229/1317/493 1237/1327/493 1236/1328/493
f 1230/1320/494 1231/1319/494 1239/1329/494 1238/1330/494
f 1240/1324/495 1036/1323/495 1038/1331/495 1248/1332/495
f 1241/1333/496 1037/1334/496 1035/1326/496 1233/1325/496
f 1234/1322/497 1235/1321/497 1243/1335/497 1242/1336/497
f 1236/1328/498 1237/1327/498 1245/1337/498 1244/1338/498
f 1238/1330/499 1239/1329/499 1247/1339/499 1246/1340/499
f 1248/1332/500 1038/1331/500 1040/1341/500 1256/1342/500
f 1249/1343/501 1039/1344/501 1037/1334/501 1241/1333/501
f 1242/1336/502 1243/1335/502 1251/1345/502 1250/1346/502
f 1244/1338/503 1245/1337/503 1253/1347/503 1252/1348/503
f 1246/1340/504 1247/1339/504 1255/1349/504 1254/1350/504
f 1256/1342/505 1040/1341/505 1042/1351/505 1272/1352/505 1264/1353/505
f 1265/1354/506 1041/1355/506 1039/1344/506 1249/1343/506 1257/1356/506
f 1258/1357/507 1250/1346/507 1251/1345/507 1259/1358/507 1267/1359/507 1266/1360/507
f 1260/1361/508 1252/1348/508 1253/1347/508 1261/1362/508 1269/1363/508 1268/1364/508
f 1262/1365/509 1254/1350/509 1255/1349/509 1263/1366/509 1271/1367/509 1270/1368/509
f 1272/1352/510 1042/1351/510 1044/1369/510 1288/1370/510 1280/1371/510
f 1281/1372/511 1043/1373/511 1041/1355/511 1265/1354/511 1273/1374/511
f 1274/1375/512 1266/1360/512 1267/1359/512 1275/1376/512 1283/1377/512 1282/1378/512
f 1276/1379/513 1268/1364/513 1269/1363/513 1277/1380/513 1285/1381/513 1284/1382/513
f 1278/1383/514 1270/1368/514 1271/1367/514 1279/1384/514 1287/1385/514 1286/1386/514
f 1288/1370/515 1044/1369/515 1046/1387/515 1296/1388/515
f 1289/1389/516 1045/1390/516 1043/1373/516 1281/1372/516
f 1282/1378/517 1283/1377/517 1291/1391/517 1290/1392/517
f 1284/1382/518 1285/1381/518 1293/1393/518 1292/1394/518
f 1286/1386/519 1287/1385/519 1295/1395/519 1294/1396/519
f 1296/1388/520 1046/1387/520 1048/1397/520 1304/1398/520
f 1297/1399/521 1047/1400/521 1045/1390/521 1289/1389/521
f 1290/1392/522 1291/1391/522 1299/1401/522 1298/1402/522
f 1292/1394/523 1293/1393/523 1301/1403/523 1300/1404/523
f 1294/1396/524 1295/1395/524 1303/1405/524 1302/1406/524
f 1304/1398/525 1048/1397/525 1050/1407/525 1312/1408/525
f 1307/1409/526 1305/1410/526 1298/1402/526 1299/1401/526
f 1306/1411/527 1049/1412/527 1047/1400/527 1297/1399/527
f 1309/1413/528 1308/1414/528 1300/1404/528 1301/1403/528
f 1311/1415/529 1310/1416/529 1302/1406/529 1303/1405/529
f 1312/1408/530 1050/1407/530 1052/1417/530 1320/1418/530
f 1051/1419/531 1049/1412/531 1306/1411/531 1313/1420/531
f 1315/1421/532 1314/1422/532 1305/1410/532 1307/1409/532
f 1317/1423/533 1316/1424/533 1308/1414/533 1309/1413/533
f 1319/1425/534 1318/1426/534 1310/1416/534 1311/1415/534
f 1320/1418/535 1052/1417/535 1054/1427/535 1328/1428/535
f 1053/1429/536 1051/1419/536 1313/1420/536 1321/1430/536
f 1323/1431/537 1322/1432/537 1314/1422/537 1315/1421/537
f 1325/1433/538 1324/1434/538 1316/1424/538 1317/1423/538
f 1327/1435/539 1326/1436/539 1318/1426/539 1319/1425/539
f 1328/1428/540 1054/1427/540 1056/1437/540 1336/1438/540
f 1055/1439/541 1053/1429/541 1321/1430/541 1329/1440/541
f 1331/1441/542 1330/1442/542 1322/1432/542 1323/1431/542
f 1333/1443/543 1332/1444/543 1324/1434/543 1325/1433/543
f 1335/1445/544 1334/1446/544 1326/1436/544 1327/1435/544
f 1336/1438/545 1056/1437/545 1058/1447/545 1344/1448/545
f 1057/1449/546 1055/1439/546 1329/1440/546 1337/1450/546
f 1339/1451/547 1338/1452/547 1330/1442/547 1331/1441/547
f 1341/1453/548 1340/1454/548 1332/1444/548 1333/1443/548
f 1343/1455/549 1342/1456/549 1334/1446/549 1335/1445/549
f 1058/1447/550 1060/1457/550 1352/1458/550 1344/1448/550
f 1343/1455/551 1351/1459/551 1350/1460/551 1342/1456/551
f 1059/1461/552 1057/1449/552 1337/1450/552 1345/1462/552
f 1347/1463/553 1346/1464/553 1338/1452/553 1339/1451/553
f 1349/1465/554 1348/1466/554 1340/1454/554 1341/1453/554
f 1352/1458/555 1060/1457/555 1062/1467/555 1360/1468/555
f 1061/1469/556 1059/1461/556 1345/1462/556 1353/1470/556
f 1355/1471/557 1354/1472/557 1346/1464/557 1347/1463/557
f 1357/1473/558 1356/1474/558 1348/1466/558 1349/1465/558
f 1359/1475/559 1358/1476/559 1350/1460/559 1351/1459/559
f 1360/1468/560 1062/1467/560 1064/1477/560 1368/1478/560
f 1063/1479/561 1061/1469/561 1353/1470/561 1361/1480/561
f 1363/1481/562 1362/1482/562 1354/1472/562 1355/1471/562
f 1365/1483/563 1364/1484/563 1356/1474/563 1357/1473/563
f 1367/1485/564 1366/1486/564 1358/1476/564 1359/1475/564
f 1368/1478/565 1064/1477/565 1066/1487/565 1373/1488/565
f 1369/1489/566 1364/1484/566 1365/1483/566 1370/1490/566
f 1371/1491/567 1366/1486/567 1367/1485/567 1372/1492/567
f 1065/1493/568 1063/1479/568 1361/1480/568 1374/1494/568
f 1376/1495/569 1375/1496/569 1362/1482/569 1363/1481/569
f 1373/1488/570 1066/1487/570 1068/1497/570 1384/1498/570
f 1067/1499/571 1065/1493/571 1374/1494/571 1377/1500/571
f 1379/1501/572 1378/1502/572 1375/1496/572 1376/1495/572
f 1381/1503/573 1380/1504/573 1369/1489/573 1370/1490/573
f 1383/1505/574 1382/1506/574 1371/1491/574 1372/1492/574
f 1384/1498/575 1068/1497/575 1070/1507/575 1392/1508/575
f 1069/1509/576 1067/1499/576 1377/1500/576 1385/1510/576
f 1387/1511/577 1386/1512/577 1378/1502/577 1379/1501/577
f 1389/1513/578 1388/1514/578 1380/1504/578 1381/1503/578
f 1391/1515/579 1390/1516/579 1382/1506/579 1383/1505/579
f 1085/1517/580 1038/1518/580 1036/1519/580 1034/1520/580 1032/1521/580 1030/1522/580 1028/1523/580 1026/1524/580 1024/1525/580 1022/1526/580 1020/1527/580 1018/1528/580 1016/1529/580 1014/1530/580 1012/1531/580 1010/1532/580 1072/1533/580 1070/1534/580 1068/1535/580 1066/1536/580 1064/1537/580 1062/1538/580 1060/1539/580 1058/1540/580 1056/1541/580 1054/1542/580 1052/1543/580 1050/1544/580 1048/1545/580 1046/1546/580 1099/1547/580 1095/1548/580 1078/1549/580 1079/1550/580 1080/1551/580 1077/1552/580 1076/1553/580 1091/1554/580 1092/1555/580 1093/1556/580 1094/1557/580 1073/1558/580 1075/1559/580 1074/1560/580 1097/1561/580 1096/1562/580 1100/1563/580 1104/1564/580 1086/1565/580 1087/1566/580 1090/1567/580 1088/1568/580 1089/1569/580 1103/1570/580 1102/1571/580 1101/1572/580 1084/1573/580 1083/1574/580
f 1098/1575/581 1099/1547/581 1046/1546/581 1044/1576/581 1042/1577/581 1040/1578/581 1038/1518/581 1085/1517/581 1082/1579/581 1081/1580/581
f 1070/1507/582 1072/1581/582 1071/1582/582 1069/1509/582 1385/1510/582 1394/1583/582 1395/1584/582 1386/1512/582 1387/1511/582 1398/1585/582 1399/1586/582 1388/1514/582 1389/1513/582 1400/1587/582 1397/1588/582 1390/1516/582 1391/1515/582 1396/1589/582 1393/1590/582 1392/1508/582
f 1071/1582/583 1072/1581/583 1010/1591/583 1009/1592/583
f 1114/1593/584 1115/1594/584 1047/1595/584 1049/1596/584 1051/1597/584 1053/1598/584 1055/1599/584 1057/1600/584 1059/1601/584 1061/1602/584 1063/1603/584 1065/1604/584 1067/1605/584 1069/1606/584 1071/1607/584 1009/1608/584 1011/1609/584 1013/1610/584 1015/1611/584 1017/1612/584 1019/1613/584 1021/1614/584 1023/1615/584 1025/1616/584 1027/1617/584 1029/1618/584 1031/1619/584 1033/1620/584 1035/1621/584 1037/1622/584 1039/1623/584 1136/1624/584 1125/1625/584 1108/1626/584 1109/1627/584 1112/1628/584 1110/1629/584 1111/1630/584 1128/1631/584 1129/1632/584 1126/1633/584 1127/1634/584 1106/1635/584 1107/1636/584 1105/1637/584 1124/1638/584 1123/1639/584 1134/1640/584 1133/1641/584 1120/1642/584 1121/1643/584 1122/1644/584 1118/1645/584 1119/1646/584 1130/1647/584 1132/1648/584 1131/1649/584 1113/1650/584
f 1136/1624/584 1039/1623/584 1041/1651/584 1043/1652/584 1045/1653/584 1047/1595/584 1115/1594/584 1117/1654/584 1116/1655/584 1135/1656/584
f 1408/1657/585 1096/1658/585 1097/1659/585 1416/1660/585
f 1409/1661/586 1123/1662/586 1124/1663/586 1401/1664/586
f 1402/1665/587 1403/1666/587 1411/1667/587 1410/1668/587
f 1404/1669/588 1405/1670/588 1413/1671/588 1412/1672/588
f 1406/1673/589 1407/1674/589 1415/1675/589 1414/1676/589
f 1424/1677/590 1100/1678/590 1096/1658/590 1408/1657/590
f 1401/1664/591 1124/1663/591 1105/1679/591 1417/1680/591
f 1403/1666/592 1402/1665/592 1418/1681/592 1419/1682/592
f 1405/1670/593 1404/1669/593 1420/1683/593 1421/1684/593
f 1407/1674/594 1406/1673/594 1422/1685/594 1423/1686/594
f 1432/1687/595 1104/1688/595 1100/1678/595 1424/1677/595
f 1417/1680/596 1105/1679/596 1107/1689/596 1425/1690/596
f 1419/1682/597 1418/1681/597 1426/1691/597 1427/1692/597
f 1421/1684/598 1420/1683/598 1428/1693/598 1429/1694/598
f 1423/1686/599 1422/1685/599 1430/1695/599 1431/1696/599
f 1440/1697/600 1086/1698/600 1104/1688/600 1432/1687/600
f 1425/1690/601 1107/1689/601 1106/1699/601 1433/1700/601
f 1427/1692/602 1426/1691/602 1434/1701/602 1435/1702/602
f 1429/1694/603 1428/1693/603 1436/1703/603 1437/1704/603
f 1431/1696/604 1430/1695/604 1438/1705/604 1439/1706/604
f 1106/1699/605 1127/1707/605 1441/1708/605 1433/1700/605
f 1435/1702/606 1434/1701/606 1442/1709/606 1443/1710/606
f 1437/1704/607 1436/1703/607 1444/1711/607 1445/1712/607
f 1439/1706/608 1438/1705/608 1446/1713/608 1447/1714/608
f 1448/1715/609 1087/1716/609 1086/1698/609 1440/1697/609
f 1127/1707/610 1126/1717/610 1449/1718/610 1441/1708/610
f 1443/1710/611 1442/1709/611 1450/1719/611 1451/1720/611
f 1445/1712/612 1444/1711/612 1452/1721/612 1453/1722/612
f 1447/1714/613 1446/1713/613 1454/1723/613 1455/1724/613
f 1456/1725/614 1090/1726/614 1087/1716/614 1448/1715/614
f 1126/1717/615 1129/1727/615 1457/1728/615 1449/1718/615
f 1451/1720/616 1450/1719/616 1458/1729/616 1459/1730/616
f 1453/1722/617 1452/1721/617 1460/1731/617 1461/1732/617
f 1455/1724/618 1454/1723/618 1462/1733/618 1463/1734/618
f 1464/1735/619 1088/1736/619 1090/1726/619 1456/1725/619
f 1129/1727/620 1128/1737/620 1465/1738/620 1457/1728/620
f 1459/1730/621 1458/1729/621 1466/1739/621 1467/1740/621
f 1461/1732/622 1460/1731/622 1468/1741/622 1469/1742/622
f 1463/1734/623 1462/1733/623 1470/1743/623 1471/1744/623
f 1472/1745/624 1089/1746/624 1088/1736/624 1464/1735/624
f 1128/1737/625 1111/1747/625 1473/1748/625 1465/1738/625
f 1467/1740/626 1466/1739/626 1474/1749/626 1475/1750/626
f 1469/1742/627 1468/1741/627 1476/1751/627 1477/1752/627
f 1471/1744/628 1470/1743/628 1478/1753/628 1479/1754/628
f 1480/1755/629 1103/1756/629 1089/1746/629 1472/1745/629
f 1111/1747/630 1110/1757/630 1481/1758/630 1473/1748/630
f 1475/1750/631 1474/1749/631 1482/1759/631 1483/1760/631
f 1477/1752/632 1476/1751/632 1484/1761/632 1485/1762/632
f 1479/1754/633 1478/1753/633 1486/1763/633 1487/1764/633
f 1488/1765/634 1102/1766/634 1103/1756/634 1480/1755/634
f 1110/1757/635 1112/1767/635 1489/1768/635 1481/1758/635
f 1483/1760/636 1482/1759/636 1490/1769/636 1491/1770/636
f 1485/1762/637 1484/1761/637 1492/1771/637 1493/1772/637
f 1487/1764/638 1486/1763/638 1494/1773/638 1495/1774/638
f 1496/1775/639 1101/1776/639 1102/1766/639 1488/1765/639
f 1112/1767/640 1109/1777/640 1497/1778/640 1489/1768/640
f 1491/1770/641 1490/1769/641 1498/1779/641 1499/1780/641
f 1493/1772/642 1492/1771/642 1500/1781/642 1501/1782/642
f 1495/1774/643 1494/1773/643 1502/1783/643 1503/1784/643
f 1504/1785/644 1084/1786/644 1101/1776/644 1496/1775/644
f 1500/1781/645 1508/1787/645 1509/1788/645 1501/1782/645
f 1502/1783/646 1510/1789/646 1511/1790/646 1503/1784/646
f 1109/1777/647 1108/1791/647 1505/1792/647 1497/1778/647
f 1498/1779/648 1506/1793/648 1507/1794/648 1499/1780/648
f 1512/1795/649 1083/1796/649 1084/1786/649 1504/1785/649
f 1108/1791/650 1125/1797/650 1513/1798/650 1505/1792/650
f 1507/1794/651 1506/1793/651 1514/1799/651 1515/1800/651
f 1509/1788/652 1508/1787/652 1516/1801/652 1517/1802/652
f 1511/1790/653 1510/1789/653 1518/1803/653 1519/1804/653
f 1520/1805/654 1085/1806/654 1083/1796/654 1512/1795/654
f 1125/1797/655 1136/1807/655 1521/1808/655 1513/1798/655
f 1515/1800/656 1514/1799/656 1522/1809/656 1523/1810/656
f 1517/1802/657 1516/1801/657 1524/1811/657 1525/1812/657
f 1519/1804/658 1518/1803/658 1526/1813/658 1527/1814/658
f 1528/1815/659 1082/1816/659 1085/1806/659 1520/1805/659
f 1136/1807/660 1135/1817/660 1535/1818/660 1521/1808/660
f 1530/1819/661 1523/1810/661 1522/1809/661 1529/1820/661 1536/1821/661 1537/1822/661
f 1532/1823/662 1525/1812/662 1524/1811/662 1531/1824/662 1538/1825/662 1539/1826/662
f 1534/1827/663 1527/1814/663 1526/1813/663 1533/1828/663 1540/1829/663 1541/1830/663
f 1542/1831/664 1081/1832/664 1082/1816/664 1528/1815/664
f 1135/1817/665 1116/1833/665 1549/1834/665 1535/1818/665
f 1544/1835/666 1537/1822/666 1536/1821/666 1543/1836/666 1550/1837/666 1551/1838/666
f 1546/1839/667 1539/1826/667 1538/1825/667 1545/1840/667 1552/1841/667 1553/1842/667
f 1548/1843/668 1541/1830/668 1540/1829/668 1547/1844/668 1554/1845/668 1555/1846/668
f 1556/1847/669 1098/1848/669 1081/1832/669 1542/1831/669
f 1116/1833/670 1117/1849/670 1557/1850/670 1549/1834/670
f 1551/1838/671 1550/1837/671 1558/1851/671 1559/1852/671
f 1553/1842/672 1552/1841/672 1560/1853/672 1561/1854/672
f 1555/1846/673 1554/1845/673 1562/1855/673 1563/1856/673
f 1564/1857/674 1099/1858/674 1098/1848/674 1556/1847/674
f 1117/1849/675 1115/1859/675 1565/1860/675 1557/1850/675
f 1559/1852/676 1558/1851/676 1566/1861/676 1567/1862/676
f 1561/1854/677 1560/1853/677 1568/1863/677 1569/1864/677
f 1563/1856/678 1562/1855/678 1570/1865/678 1571/1866/678
f 1572/1867/679 1095/1868/679 1099/1858/679 1564/1857/679
f 1115/1859/680 1114/1869/680 1574/1870/680 1565/1860/680
f 1567/1862/681 1566/1861/681 1573/1871/681 1575/1872/681
f 1569/1864/682 1568/1863/682 1576/1873/682 1577/1874/682
f 1571/1866/683 1570/1865/683 1578/1875/683 1579/1876/683
f 1078/1877/684 1095/1868/684 1572/1867/684 1580/1878/684
f 1588/1879/685 1079/1880/685 1078/1877/685 1580/1878/685
f 1574/1870/686 1114/1869/686 1113/1881/686 1581/1882/686
f 1575/1872/687 1573/1871/687 1582/1883/687 1583/1884/687
f 1577/1874/688 1576/1873/688 1584/1885/688 1585/1886/688
f 1579/1876/689 1578/1875/689 1586/1887/689 1587/1888/689
f 1596/1889/690 1080/1890/690 1079/1880/690 1588/1879/690
f 1581/1882/691 1113/1881/691 1131/1891/691 1589/1892/691
f 1583/1884/692 1582/1883/692 1590/1893/692 1591/1894/692
f 1585/1886/693 1584/1885/693 1592/1895/693 1593/1896/693
f 1587/1888/694 1586/1887/694 1594/1897/694 1595/1898/694
f 1604/1899/695 1077/1900/695 1080/1890/695 1596/1889/695
f 1589/1892/696 1131/1891/696 1132/1901/696 1597/1902/696
f 1591/1894/697 1590/1893/697 1598/1903/697 1599/1904/697
f 1593/1896/698 1592/1895/698 1600/1905/698 1601/1906/698
f 1595/1898/699 1594/1897/699 1602/1907/699 1603/1908/699
f 1612/1909/700 1076/1910/700 1077/1900/700 1604/1899/700
f 1597/1902/701 1132/1901/701 1130/1911/701 1605/1912/701
f 1599/1904/702 1598/1903/702 1606/1913/702 1607/1914/702
f 1601/1906/703 1600/1905/703 1608/1915/703 1609/1916/703
f 1603/1908/704 1602/1907/704 1610/1917/704 1611/1918/704
f 1620/1919/705 1091/1920/705 1076/1910/705 1612/1909/705
f 1605/1912/706 1130/1911/706 1119/1921/706 1613/1922/706
f 1607/1914/707 1606/1913/707 1614/1923/707 1615/1924/707
f 1609/1916/708 1608/1915/708 1616/1925/708 1617/1926/708
f 1611/1918/709 1610/1917/709 1618/1927/709 1619/1928/709
f 1628/1929/710 1092/1930/710 1091/1920/710 1620/1919/710
f 1613/1922/711 1119/1921/711 1118/1931/711 1621/1932/711
f 1615/1924/712 1614/1923/712 1622/1933/712 1623/1934/712
f 1617/1926/713 1616/1925/713 1624/1935/713 1625/1936/713
f 1619/1928/714 1618/1927/714 1626/1937/714 1627/1938/714
f 1636/1939/715 1093/1940/715 1092/1930/715 1628/1929/715
f 1621/1932/716 1118/1931/716 1122/1941/716 1629/1942/716
f 1623/1934/717 1622/1933/717 1630/1943/717 1631/1944/717
f 1625/1936/718 1624/1935/718 1632/1945/718 1633/1946/718
f 1627/1938/719 1626/1937/719 1634/1947/719 1635/1948/719
f 1643/1949/720 1644/1950/720 1631/1944/720 1630/1943/720
f 1641/1951/721 1094/1952/721 1093/1940/721 1636/1939/721
f 1629/1942/722 1122/1941/722 1121/1953/722 1642/1954/722
f 1633/1946/723 1632/1945/723 1637/1955/723 1638/1956/723
f 1635/1948/724 1634/1947/724 1639/1957/724 1640/1958/724
f 1652/1959/725 1073/1960/725 1094/1952/725 1641/1951/725
f 1642/1954/726 1121/1953/726 1120/1961/726 1645/1962/726
f 1644/1950/727 1643/1949/727 1646/1963/727 1647/1964/727
f 1638/1956/728 1637/1955/728 1648/1965/728 1649/1966/728
f 1640/1958/729 1639/1957/729 1650/1967/729 1651/1968/729
f 1660/1969/730 1075/1970/730 1073/1960/730 1652/1959/730
f 1645/1962/731 1120/1961/731 1133/1971/731 1653/1972/731
f 1647/1964/732 1646/1963/732 1654/1973/732 1655/1974/732
f 1649/1966/733 1648/1965/733 1656/1975/733 1657/1976/733
f 1651/1968/734 1650/1967/734 1658/1977/734 1659/1978/734
f 1668/1979/735 1074/1980/735 1075/1970/735 1660/1969/735
f 1653/1972/736 1133/1971/736 1134/1981/736 1661/1982/736
f 1655/1974/737 1654/1973/737 1662/1983/737 1663/1984/737
f 1657/1976/738 1656/1975/738 1664/1985/738 1665/1986/738
f 1659/1978/739 1658/1977/739 1666/1987/739 1667/1988/739
f 1416/1989/740 1097/1990/740 1074/1980/740 1668/1979/740
f 1661/1982/741 1134/1981/741 1123/1991/741 1409/1992/741
f 1663/1984/742 1662/1983/742 1410/1993/742 1411/1994/742
f 1665/1986/743 1664/1985/743 1412/1995/743 1413/1996/743
f 1667/1988/744 1666/1987/744 1414/1997/744 1415/1998/744
f 1396/1999/745 1142/2000/745 1143/2001/745 1393/2002/745
f 1263/2003/746 1255/2004/746 1247/2005/746 1239/2006/746 1231/2007/746 1223/2008/746 1215/2009/746 1207/2010/746 1200/2011/746 1191/2012/746 1183/2013/746 1175/2014/746 1167/2015/746 1159/2016/746 1151/2017/746 1142/2018/746 1396/2019/746 1391/2020/746 1383/2021/746 1372/2022/746 1367/2023/746 1359/2024/746 1351/2025/746 1343/2026/746 1335/2027/746 1327/2028/746 1319/2029/746 1311/2030/746 1303/2031/746 1295/2032/746 1287/2033/746 1279/2034/746 1548/2035/746 1555/2036/746 1563/2037/746 1571/2038/746 1579/2039/746 1587/2040/746 1595/2041/746 1603/2042/746 1611/2043/746 1619/2044/746 1627/2045/746 1635/2046/746 1640/2047/746 1651/2048/746 1659/2049/746 1667/2050/746 1415/2051/746 1407/2052/746 1423/2053/746 1431/2054/746 1439/2055/746 1447/2056/746 1455/2057/746 1463/2058/746 1471/2059/746 1479/2060/746 1487/2061/746 1495/2062/746 1503/2063/746 1511/2064/746 1519/2065/746 1527/2066/746 1534/2067/746
f 1548/2035/747 1279/2034/747 1271/2068/747 1263/2003/747 1534/2067/747 1541/2069/747
f 1280/2070/748 1288/2071/748 1296/2072/748 1304/2073/748 1312/2074/748 1320/2075/748 1328/2076/748 1336/2077/748 1344/2078/748 1352/2079/748 1360/2080/748 1368/2081/748 1373/2082/748 1384/2083/748 1392/2084/748 1393/2085/748 1143/2086/748 1152/2087/748 1160/2088/748 1168/2089/748 1176/2090/748 1184/2091/748 1192/2092/748 1193/2093/748 1208/2094/748 1216/2095/748 1224/2096/748 1232/2097/748 1240/2098/748 1248/2099/748 1256/2100/748 1264/2101/748 1542/2102/748 1528/2103/748 1520/2104/748 1512/2105/748 1504/2106/748 1496/2107/748 1488/2108/748 1480/2109/748 1472/2110/748 1464/2111/748 1456/2112/748 1448/2113/748 1440/2114/748 1432/2115/748 1424/2116/748 1408/2117/748 1416/2118/748 1668/2119/748 1660/2120/748 1652/2121/748 1641/2122/748 1636/2123/748 1628/2124/748 1620/2125/748 1612/2126/748 1604/2127/748 1596/2128/748 1588/2129/748 1580/2130/748 1572/2131/748 1564/2132/748 1556/2133/748
f 1542/2102/749 1264/2101/749 1272/2134/749 1280/2070/749 1556/2133/749
f 1400/1999/750 1140/2000/750 1141/2001/750 1397/2002/750
f 1261/2135/751 1253/2004/751 1245/2005/751 1237/2006/751 1229/2007/751 1221/2008/751 1213/2009/751 1205/2010/751 1198/2011/751 1189/2012/751 1181/2013/751 1173/2014/751 1165/2015/751 1157/2016/751 1149/2017/751 1140/2018/751 1400/2019/751 1389/2020/751 1381/2021/751 1370/2022/751 1365/2023/751 1357/2024/751 1349/2025/751 1341/2026/751 1333/2027/751 1325/2028/751 1317/2029/751 1309/2030/751 1301/2031/751 1293/2032/751 1285/2033/751 1277/2136/751 1546/2137/751 1553/2036/751 1561/2037/751 1569/2038/751 1577/2039/751 1585/2040/751 1593/2041/751 1601/2042/751 1609/2043/751 1617/2044/751 1625/2045/751 1633/2046/751 1638/2047/751 1649/2048/751 1657/2049/751 1665/2050/751 1413/2051/751 1405/2052/751 1421/2053/751 1429/2054/751 1437/2055/751 1445/2056/751 1453/2057/751 1461/2058/751 1469/2059/751 1477/2060/751 1485/2061/751 1493/2062/751 1501/2063/751 1509/2064/751 1517/2065/751 1525/2066/751 1532/2138/751
f 1546/2137/752 1277/2136/752 1269/2068/752 1261/2135/752 1532/2138/752 1539/2069/752
f 1554/2133/584 1547/2139/584 1278/2140/584 1286/2071/584 1294/2072/584 1302/2073/584 1310/2074/584 1318/2075/584 1326/2076/584 1334/2077/584 1342/2078/584 1350/2079/584 1358/2080/584 1366/2081/584 1371/2082/584 1382/2083/584 1390/2084/584 1397/2085/584 1141/2086/584 1150/2087/584 1158/2088/584 1166/2089/584 1174/2090/584 1182/2091/584 1190/2092/584 1199/2093/584 1206/2094/584 1214/2095/584 1222/2096/584 1230/2097/584 1238/2098/584 1246/2099/584 1254/2100/584 1262/2141/584 1533/2142/584 1526/2103/584 1518/2104/584 1510/2105/584 1502/2106/584 1494/2107/584 1486/2108/584 1478/2109/584 1470/2110/584 1462/2111/584 1454/2112/584 1446/2113/584 1438/2114/584 1430/2115/584 1422/2116/584 1406/2117/584 1414/2118/584 1666/2119/584 1658/2120/584 1650/2121/584 1639/2122/584 1634/2123/584 1626/2124/584 1618/2125/584 1610/2126/584 1602/2127/584 1594/2128/584 1586/2129/584 1578/2130/584 1570/2131/584 1562/2132/584
f 1262/2141/753 1270/2134/753 1278/2140/753 1547/2139/753 1540/2102/753 1533/2142/753
f 1398/1999/754 1138/2000/754 1139/2001/754 1399/2002/754
f 1259/2143/755 1251/2004/755 1243/2005/755 1235/2006/755 1227/2007/755 1219/2008/755 1211/2009/755 1203/2010/755 1196/2011/755 1187/2012/755 1179/2013/755 1171/2014/755 1163/2015/755 1155/2016/755 1147/2017/755 1138/2018/755 1398/2019/755 1387/2020/755 1379/2021/755 1376/2022/755 1363/2023/755 1355/2024/755 1347/2025/755 1339/2026/755 1331/2027/755 1323/2028/755 1315/2029/755 1307/2030/755 1299/2031/755 1291/2032/755 1283/2033/755 1275/2144/755 1544/2145/755 1551/2036/755 1559/2037/755 1567/2038/755 1575/2039/755 1583/2040/755 1591/2041/755 1599/2042/755 1607/2043/755 1615/2044/755 1623/2045/755 1631/2046/755 1644/2047/755 1647/2048/755 1655/2049/755 1663/2050/755 1411/2051/755 1403/2052/755 1419/2053/755 1427/2054/755 1435/2055/755 1443/2056/755 1451/2057/755 1459/2058/755 1467/2059/755 1475/2060/755 1483/2061/755 1491/2062/755 1499/2063/755 1507/2064/755 1515/2065/755 1523/2066/755 1530/2146/755
f 1544/2145/756 1275/2144/756 1267/2068/756 1259/2143/756 1530/2146/756 1537/2069/756
f 1552/2133/757 1545/2147/757 1276/2148/757 1284/2071/757 1292/2072/757 1300/2073/757 1308/2074/757 1316/2075/757 1324/2076/757 1332/2077/757 1340/2078/757 1348/2079/757 1356/2080/757 1364/2081/757 1369/2082/757 1380/2083/757 1388/2084/757 1399/2085/757 1139/2086/757 1148/2087/757 1156/2088/757 1164/2089/757 1172/2090/757 1180/2091/757 1188/2092/757 1197/2093/757 1204/2094/757 1212/2095/757 1220/2096/757 1228/2097/757 1236/2098/757 1244/2099/757 1252/2100/757 1260/2149/757 1531/2150/757 1524/2103/757 1516/2104/757 1508/2105/757 1500/2106/757 1492/2107/757 1484/2108/757 1476/2109/757 1468/2110/757 1460/2111/757 1452/2112/757 1444/2113/757 1436/2114/757 1428/2115/757 1420/2116/757 1404/2117/757 1412/2118/757 1664/2119/757 1656/2120/757 1648/2121/757 1637/2122/757 1632/2123/757 1624/2124/757 1616/2125/757 1608/2126/757 1600/2127/757 1592/2128/757 1584/2129/757 1576/2130/757 1568/2131/757 1560/2132/757
f 1260/2149/758 1268/2134/758 1276/2148/758 1545/2147/758 1538/2102/758 1531/2150/758
f 1394/1999/759 1144/2000/759 1137/2001/759 1395/2002/759
f 1374/2022/760 1361/2023/760 1353/2024/760 1345/2025/760 1337/2026/760 1329/2027/760 1321/2028/760 1313/2029/760 1306/2030/760 1297/2031/760 1289/2032/760 1281/2033/760 1273/2151/760 1535/2069/760 1549/2036/760 1557/2037/760 1565/2038/760 1574/2039/760 1581/2040/760 1589/2041/760 1597/2042/760 1605/2043/760 1613/2044/760 1621/2045/760 1629/2046/760 1642/2047/760 1645/2048/760 1653/2049/760 1661/2050/760 1409/2051/760 1401/2052/760 1417/2053/760 1425/2054/760 1433/2055/760 1441/2056/760 1449/2057/760 1457/2058/760 1465/2059/760 1473/2060/760 1481/2061/760 1489/2062/760 1497/2063/760 1505/2064/760 1513/2065/760 1521/2066/760 1257/2152/760 1249/2004/760 1241/2005/760 1233/2006/760 1225/2007/760 1217/2008/760 1209/2009/760 1201/2010/760 1194/2011/760 1185/2012/760 1177/2013/760 1169/2014/760 1161/2015/760 1153/2016/760 1145/2017/760 1144/2018/760 1394/2019/760 1385/2020/760 1377/2021/760
f 1273/2151/761 1265/2068/761 1257/2152/761 1521/2066/761 1535/2069/761
f 1550/2133/762 1543/2153/762 1274/2154/762 1282/2071/762 1290/2072/762 1298/2073/762 1305/2074/762 1314/2075/762 1322/2076/762 1330/2077/762 1338/2078/762 1346/2079/762 1354/2080/762 1362/2081/762 1375/2082/762 1378/2083/762 1386/2084/762 1395/2085/762 1137/2086/762 1146/2087/762 1154/2088/762 1162/2089/762 1170/2090/762 1178/2091/762 1186/2092/762 1195/2093/762 1202/2094/762 1210/2095/762 1218/2096/762 1226/2097/762 1234/2098/762 1242/2099/762 1250/2100/762 1258/2155/762 1529/2156/762 1522/2103/762 1514/2104/762 1506/2105/762 1498/2106/762 1490/2107/762 1482/2108/762 1474/2109/762 1466/2110/762 1458/2111/762 1450/2112/762 1442/2113/762 1434/2114/762 1426/2115/762 1418/2116/762 1402/2117/762 1410/2118/762 1662/2119/762 1654/2120/762 1646/2121/762 1643/2122/762 1630/2123/762 1622/2124/762 1614/2125/762 1606/2126/762 1598/2127/762 1590/2128/762 1582/2129/762 1573/2130/762 1566/2131/762 1558/2132/762
f 1529/2156/763 1258/2155/763 1266/2134/763 1274/2154/763 1543/2153/763 1536/2102/763
f 1669/2157/764 1670/2158/764 1672/2159/764 1671/2160/764
f 1671/2160/765 1672/2159/765 1676/1314/765 1675/1412/765
f 1675/1412/766 1676/1314/766 1674/2161/766 1673/2162/766
f 1673/2162/767 1674/2161/767 1670/1311/767 1669/1407/767
f 1671/1493/761 1675/1412/761 1673/2162/761 1669/2163/761
f 1676/1314/761 1672/1233/761 1670/2164/761 1674/2161/761
f 1677/2157/768 1678/2158/768 1680/2159/768 1679/2160/768
f 1679/2160/769 1680/2159/769 1684/1314/769 1683/1412/769
f 1683/1412/770 1684/1314/770 1682/2161/770 1681/2162/770
f 1681/2162/771 1682/2161/771 1678/1311/771 1677/1407/771
f 1679/1493/584 1683/1412/584 1681/2162/584 1677/2163/584
f 1684/1314/761 1680/1233/761 1678/2164/761 1682/2161/761
f 1685/2157/772 1686/2158/772 1688/2159/772 1687/2160/772
f 1687/2160/773 1688/2159/773 1692/1314/773 1691/1412/773
f 1691/1412/774 1692/1314/774 1690/2161/774 1689/2162/774
f 1689/2162/775 1690/2161/775 1686/1311/775 1685/1407/775
f 1687/1493/584 1691/1412/584 1689/2162/584 1685/2163/584
f 1692/1314/761 1688/1233/761 1686/2164/761 1690/2161/761
f 1693/2157/776 1694/2158/776 1696/2159/776 1695/2160/776
f 1695/2160/777 1696/2159/777 1700/1314/777 1699/1412/777
f 1699/1412/778 1700/1314/778 1698/2161/778 1697/2162/778
f 1697/2162/779 1698/2161/779 1694/1311/779 1693/1407/779
f 1695/1493/584 1699/1412/584 1697/2162/584 1693/2163/584
f 1700/1314/761 1696/1233/761 1694/2164/761 1698/2161/761
f 1701/2157/780 1702/2158/780 1704/2159/780 1703/2160/780
f 1703/2160/781 1704/2159/781 1708/1314/781 1707/1412/781
f 1707/1412/782 1708/1314/782 1706/2161/782 1705/2162/782
f 1705/2162/783 1706/2161/783 1702/1311/783 1701/1407/783
f 1703/1493/584 1707/1412/584 1705/2162/584 1701/2163/584
f 1708/1314/761 1704/1233/761 1702/2164/761 1706/2161/761
f 1709/2157/784 1710/2158/784 1712/2159/784 1711/2160/784
f 1711/2160/785 1712/2159/785 1716/1314/785 1715/1412/785
f 1715/1412/786 1716/1314/786 1714/2161/786 1713/2162/786
f 1713/2162/787 1714/2161/787 1710/1311/787 1709/1407/787
f 1711/1493/584 1715/1412/584 1713/2162/584 1709/2163/584
f 1716/1314/761 1712/1233/761 1710/2164/761 1714/2161/761
f 1717/2157/770 1718/2158/770 1720/2159/770 1719/2160/770
f 1719/2160/788 1720/2159/788 1724/1314/788 1723/1412/788
f 1723/1412/768 1724/1314/768 1722/2161/768 1721/2162/768
f 1721/2162/789 1722/2161/789 1718/1311/789 1717/1407/789
f 1719/1493/584 1723/1412/584 1721/2162/584 1717/2163/584
f 1724/1314/761 1720/1233/761 1718/2164/761 1722/2161/761
f 1725/2157/774 1726/2158/774 1728/2159/774 1727/2160/774
f 1727/2160/790 1728/2159/790 1732/1314/790 1731/1412/790
f 1731/1412/791 1732/1314/791 1730/2161/791 1729/2162/791
f 1729/2162/792 1730/2161/792 1726/1311/792 1725/1407/792
f 1727/1493/584 1731/1412/584 1729/2162/584 1725/2163/584
f 1732/1314/761 1728/1233/761 1726/2164/761 1730/2161/761
f 1733/2157/778 1734/2158/778 1736/2159/778 1735/2160/778
f 1735/2160/793 1736/2159/793 1740/1314/793 1739/1412/793
f 1739/1412/794 1740/1314/794 1738/2161/794 1737/2162/794
f 1737/2162/795 1738/2161/795 1734/1311/795 1733/1407/795
f 1735/1493/584 1739/1412/584 1737/2162/584 1733/2163/584
f 1740/1314/761 1736/1233/761 1734/2164/761 1738/2161/761
f 1741/2157/782 1742/2158/782 1744/2159/782 1743/2160/782
f 1743/2160/796 1744/2159/796 1748/1314/796 1747/1412/796
f 1747/1412/780 1748/1314/780 1746/2161/780 1745/2162/780
f 1745/2162/797 1746/2161/797 1742/1311/797 1741/1407/797
f 1743/1493/584 1747/1412/584 1745/2162/584 1741/2163/584
f 1748/1314/761 1744/1233/761 1742/2164/761 1746/2161/761
o 立方体.007
v -13.485750 6.321978 1.527484
v -13.485750 14.945976 1.527484
v -13.485750 6.321978 -7.096514
v -13.485750 14.945976 -7.096514
v 13.485750 6.321978 1.527484
v 13.485750 14.945976 1.527484
v 13.485750 6.321978 -7.096514
v 13.485750 14.945976 -7.096514
vn -1.0000 -0.0000 -0.0000
vn -0.0000 -0.0000 -1.0000
vn 1.0000 -0.0000 -0.0000
vn -0.0000 -0.0000 1.0000
vn -0.0000 -1.0000 -0.0000
vn -0.0000 1.0000 -0.0000
vt 22.595947 -4.438070
vt 22.595947 5.438071
vt 11.547974 5.438071
vt 11.547974 -4.438070
vt 0.499998 5.438070
vt 0.499999 -4.438071
vt -10.547977 5.438070
vt -10.547974 -4.438071
vt -21.595949 5.438070
vt -21.595949 -4.438071
vt 0.500001 -14.314213
vt -10.547974 -14.314213
vt 0.499997 15.314213
vt -10.547977 15.314213
s 0
usemtl Brick
f 1749/2165/798 1750/2166/798 1752/2167/798 1751/2168/798
f 1751/2168/799 1752/2167/799 1756/2169/799 1755/2170/799
f 1755/2170/800 1756/2169/800 1754/2171/800 1753/2172/800
f 1753/2172/801 1754/2171/801 1750/2173/801 1749/2174/801
f 1751/2175/802 1755/2170/802 1753/2172/802 1749/2176/802
f 1756/2169/803 1752/2177/803 1750/2178/803 1754/2171/803
