# Blender 5.1.1
# www.blender.org
mtllib thumbsUp.mtl
o Text
v 0.041000 0.100000 0.305000
v 0.035243 0.100000 0.305319
v 0.029639 0.100000 0.305611
v 0.024188 0.100000 0.305875
v 0.018889 0.100000 0.306111
v 0.013743 0.100000 0.306319
v 0.008750 0.100000 0.306500
v 0.003910 0.100000 0.306653
v -0.000778 0.100000 0.306778
v -0.005312 0.100000 0.306875
v -0.009694 0.100000 0.306944
v -0.013924 0.100000 0.306986
v -0.018000 0.100000 0.307000
v -0.038562 0.100000 0.306625
v -0.058583 0.100000 0.305500
v -0.078062 0.100000 0.303625
v -0.097000 0.100000 0.301000
v -0.115396 0.100000 0.297625
v -0.133250 0.100000 0.293500
v -0.150562 0.100000 0.288625
v -0.167333 0.100000 0.283000
v -0.183562 0.100000 0.276625
v -0.199250 0.100000 0.269500
v -0.214396 0.100000 0.261625
v -0.229000 0.100000 0.253000
v -0.244000 0.100000 0.243000
v -0.250892 0.100000 0.238778
v -0.257569 0.100000 0.234778
v -0.264031 0.100000 0.231000
v -0.270278 0.100000 0.227444
v -0.276309 0.100000 0.224111
v -0.282125 0.100000 0.221000
v -0.287726 0.100000 0.218111
v -0.293111 0.100000 0.215444
v -0.298281 0.100000 0.213000
v -0.303236 0.100000 0.210778
v -0.307976 0.100000 0.208778
v -0.312500 0.100000 0.207000
v -0.316920 0.100000 0.205403
v -0.321347 0.100000 0.203944
v -0.325781 0.100000 0.202625
v -0.330222 0.100000 0.201444
v -0.334670 0.100000 0.200403
v -0.339125 0.100000 0.199500
v -0.343587 0.100000 0.198736
v -0.348055 0.100000 0.198111
v -0.352531 0.100000 0.197625
v -0.357014 0.100000 0.197278
v -0.361503 0.100000 0.197069
v -0.366000 0.100000 0.197000
v -0.524000 0.100000 0.197000
v -0.524000 0.100000 -0.220000
v -0.516278 0.100000 -0.220017
v -0.508444 0.100000 -0.220069
v -0.500500 0.100000 -0.220156
v -0.492444 0.100000 -0.220278
v -0.484278 0.100000 -0.220434
v -0.476000 0.100000 -0.220625
v -0.467611 0.100000 -0.220851
v -0.459111 0.100000 -0.221111
v -0.450500 0.100000 -0.221406
v -0.441778 0.100000 -0.221736
v -0.432944 0.100000 -0.222101
v -0.424000 0.100000 -0.222500
v -0.415028 0.100000 -0.222983
v -0.406111 0.100000 -0.223597
v -0.397250 0.100000 -0.224344
v -0.388444 0.100000 -0.225222
v -0.379694 0.100000 -0.226233
v -0.371000 0.100000 -0.227375
v -0.362361 0.100000 -0.228649
v -0.353778 0.100000 -0.230056
v -0.345250 0.100000 -0.231594
v -0.336778 0.100000 -0.233264
v -0.328361 0.100000 -0.235066
v -0.320000 0.100000 -0.237000
v -0.318705 0.100000 -0.243747
v -0.317153 0.100000 -0.250319
v -0.315344 0.100000 -0.256719
v -0.313278 0.100000 -0.262944
v -0.310955 0.100000 -0.268997
v -0.308375 0.100000 -0.274875
v -0.305538 0.100000 -0.280580
v -0.302444 0.100000 -0.286111
v -0.299094 0.100000 -0.291469
v -0.295486 0.100000 -0.296653
v -0.291621 0.100000 -0.301663
v -0.287500 0.100000 -0.306500
v -0.283024 0.100000 -0.311281
v -0.278097 0.100000 -0.316125
v -0.272719 0.100000 -0.321031
v -0.266889 0.100000 -0.326000
v -0.260608 0.100000 -0.331031
v -0.253875 0.100000 -0.336125
v -0.246691 0.100000 -0.341281
v -0.239056 0.100000 -0.346500
v -0.230969 0.100000 -0.351781
v -0.222431 0.100000 -0.357125
v -0.213441 0.100000 -0.362531
v -0.204000 0.100000 -0.368000
v -0.195816 0.100000 -0.372837
v -0.187931 0.100000 -0.377681
v -0.180344 0.100000 -0.382531
v -0.173055 0.100000 -0.387389
v -0.166066 0.100000 -0.392254
v -0.159375 0.100000 -0.397125
v -0.152983 0.100000 -0.402004
v -0.146889 0.100000 -0.406889
v -0.141094 0.100000 -0.411781
v -0.135597 0.100000 -0.416681
v -0.130399 0.100000 -0.421587
v -0.125500 0.100000 -0.426500
v -0.120868 0.100000 -0.431479
v -0.116472 0.100000 -0.436583
v -0.112312 0.100000 -0.441813
v -0.108389 0.100000 -0.447167
v -0.104701 0.100000 -0.452646
v -0.101250 0.100000 -0.458250
v -0.098035 0.100000 -0.463979
v -0.095056 0.100000 -0.469833
v -0.092312 0.100000 -0.475813
v -0.089806 0.100000 -0.481917
v -0.087535 0.100000 -0.488146
v -0.085500 0.100000 -0.494500
v -0.083663 0.100000 -0.501045
v -0.081986 0.100000 -0.507847
v -0.080469 0.100000 -0.514906
v -0.079111 0.100000 -0.522222
v -0.077913 0.100000 -0.529795
v -0.076875 0.100000 -0.537625
v -0.075997 0.100000 -0.545712
v -0.075278 0.100000 -0.554056
v -0.074719 0.100000 -0.562656
v -0.074319 0.100000 -0.571514
v -0.074080 0.100000 -0.580629
v -0.074000 0.100000 -0.590000
v -0.074000 0.100000 -0.609000
v -0.073528 0.100000 -0.623535
v -0.072111 0.100000 -0.636806
v -0.069750 0.100000 -0.648813
v -0.066444 0.100000 -0.659556
v -0.062194 0.100000 -0.669035
v -0.057000 0.100000 -0.677250
v -0.050861 0.100000 -0.684202
v -0.043778 0.100000 -0.689889
v -0.035750 0.100000 -0.694313
v -0.026778 0.100000 -0.697472
v -0.016861 0.100000 -0.699368
v -0.006000 0.100000 -0.700000
v 0.002684 0.100000 -0.699670
v 0.011069 0.100000 -0.698681
v 0.019156 0.100000 -0.697031
v 0.026944 0.100000 -0.694722
v 0.034434 0.100000 -0.691754
v 0.041625 0.100000 -0.688125
v 0.048517 0.100000 -0.683837
v 0.055111 0.100000 -0.678889
v 0.061406 0.100000 -0.673281
v 0.067403 0.100000 -0.667014
v 0.073101 0.100000 -0.660087
v 0.078500 0.100000 -0.652500
v 0.083531 0.100000 -0.644372
v 0.088125 0.100000 -0.635819
v 0.092281 0.100000 -0.626844
v 0.096000 0.100000 -0.617445
v 0.099281 0.100000 -0.607622
v 0.102125 0.100000 -0.597375
v 0.104531 0.100000 -0.586705
v 0.106500 0.100000 -0.575611
v 0.108031 0.100000 -0.564094
v 0.109125 0.100000 -0.552153
v 0.109781 0.100000 -0.539788
v 0.110000 0.100000 -0.527000
v 0.109938 0.100000 -0.519879
v 0.109750 0.100000 -0.512847
v 0.109438 0.100000 -0.505906
v 0.109000 0.100000 -0.499056
v 0.108438 0.100000 -0.492295
v 0.107750 0.100000 -0.485625
v 0.106938 0.100000 -0.479045
v 0.106000 0.100000 -0.472556
v 0.104938 0.100000 -0.466156
v 0.103750 0.100000 -0.459847
v 0.102438 0.100000 -0.453629
v 0.101000 0.100000 -0.447500
v 0.099497 0.100000 -0.441438
v 0.097986 0.100000 -0.435417
v 0.096469 0.100000 -0.429438
v 0.094944 0.100000 -0.423500
v 0.093413 0.100000 -0.417604
v 0.091875 0.100000 -0.411750
v 0.090330 0.100000 -0.405937
v 0.088778 0.100000 -0.400167
v 0.087219 0.100000 -0.394437
v 0.085653 0.100000 -0.388750
v 0.084080 0.100000 -0.383104
v 0.082500 0.100000 -0.377500
v 0.080962 0.100000 -0.371906
v 0.079514 0.100000 -0.366292
v 0.078156 0.100000 -0.360656
v 0.076889 0.100000 -0.355000
v 0.075712 0.100000 -0.349323
v 0.074625 0.100000 -0.343625
v 0.073629 0.100000 -0.337906
v 0.072722 0.100000 -0.332167
v 0.071906 0.100000 -0.326406
v 0.071181 0.100000 -0.320625
v 0.070545 0.100000 -0.314823
v 0.070000 0.100000 -0.309000
v 0.029000 0.100000 -0.288000
v 0.029073 0.100000 -0.294809
v 0.029292 0.100000 -0.301569
v 0.029656 0.100000 -0.308281
v 0.030167 0.100000 -0.314945
v 0.030823 0.100000 -0.321559
v 0.031625 0.100000 -0.328125
v 0.032573 0.100000 -0.334642
v 0.033667 0.100000 -0.341111
v 0.034906 0.100000 -0.347531
v 0.036292 0.100000 -0.353903
v 0.037823 0.100000 -0.360226
v 0.039500 0.100000 -0.366500
v 0.041250 0.100000 -0.372760
v 0.043000 0.100000 -0.379042
v 0.044750 0.100000 -0.385344
v 0.046500 0.100000 -0.391667
v 0.048250 0.100000 -0.398010
v 0.050000 0.100000 -0.404375
v 0.051750 0.100000 -0.410761
v 0.053500 0.100000 -0.417167
v 0.055250 0.100000 -0.423594
v 0.057000 0.100000 -0.430042
v 0.058750 0.100000 -0.436511
v 0.060500 0.100000 -0.443000
v 0.062177 0.100000 -0.449542
v 0.063708 0.100000 -0.456167
v 0.065094 0.100000 -0.462875
v 0.066333 0.100000 -0.469667
v 0.067427 0.100000 -0.476542
v 0.068375 0.100000 -0.483500
v 0.069177 0.100000 -0.490542
v 0.069833 0.100000 -0.497667
v 0.070344 0.100000 -0.504875
v 0.070708 0.100000 -0.512167
v 0.070927 0.100000 -0.519542
v 0.071000 0.100000 -0.527000
v 0.070854 0.100000 -0.537153
v 0.070417 0.100000 -0.546944
v 0.069688 0.100000 -0.556375
v 0.068667 0.100000 -0.565444
v 0.067354 0.100000 -0.574153
v 0.065750 0.100000 -0.582500
v 0.063854 0.100000 -0.590486
v 0.061667 0.100000 -0.598111
v 0.059188 0.100000 -0.605375
v 0.056417 0.100000 -0.612278
v 0.053354 0.100000 -0.618819
v 0.050000 0.100000 -0.625000
v 0.046403 0.100000 -0.630750
v 0.042611 0.100000 -0.636000
v 0.038625 0.100000 -0.640750
v 0.034445 0.100000 -0.645000
v 0.030070 0.100000 -0.648750
v 0.025500 0.100000 -0.652000
v 0.020736 0.100000 -0.654750
v 0.015778 0.100000 -0.657000
v 0.010625 0.100000 -0.658750
v 0.005278 0.100000 -0.660000
v -0.000264 0.100000 -0.660750
v -0.006000 0.100000 -0.661000
v -0.008444 0.100000 -0.660924
v -0.010778 0.100000 -0.660694
v -0.013000 0.100000 -0.660313
v -0.015111 0.100000 -0.659778
v -0.017111 0.100000 -0.659090
v -0.019000 0.100000 -0.658250
v -0.020778 0.100000 -0.657257
v -0.022444 0.100000 -0.656111
v -0.024000 0.100000 -0.654813
v -0.025444 0.100000 -0.653361
v -0.026778 0.100000 -0.651757
v -0.028000 0.100000 -0.650000
v -0.029118 0.100000 -0.648035
v -0.030139 0.100000 -0.645806
v -0.031062 0.100000 -0.643313
v -0.031889 0.100000 -0.640556
v -0.032618 0.100000 -0.637535
v -0.033250 0.100000 -0.634250
v -0.033785 0.100000 -0.630701
v -0.034222 0.100000 -0.626889
v -0.034562 0.100000 -0.622813
v -0.034806 0.100000 -0.618472
v -0.034951 0.100000 -0.613868
v -0.035000 0.100000 -0.609000
v -0.035000 0.100000 -0.590000
v -0.035097 0.100000 -0.579465
v -0.035389 0.100000 -0.569194
v -0.035875 0.100000 -0.559188
v -0.036556 0.100000 -0.549444
v -0.037431 0.100000 -0.539965
v -0.038500 0.100000 -0.530750
v -0.039764 0.100000 -0.521799
v -0.041222 0.100000 -0.513111
v -0.042875 0.100000 -0.504688
v -0.044722 0.100000 -0.496528
v -0.046764 0.100000 -0.488632
v -0.049000 0.100000 -0.481000
v -0.051462 0.100000 -0.473573
v -0.054181 0.100000 -0.466292
v -0.057156 0.100000 -0.459156
v -0.060389 0.100000 -0.452167
v -0.063878 0.100000 -0.445323
v -0.067625 0.100000 -0.438625
v -0.071628 0.100000 -0.432073
v -0.075889 0.100000 -0.425667
v -0.080406 0.100000 -0.419406
v -0.085181 0.100000 -0.413292
v -0.090212 0.100000 -0.407323
v -0.095500 0.100000 -0.401500
v -0.101087 0.100000 -0.395760
v -0.107014 0.100000 -0.390042
v -0.113281 0.100000 -0.384344
v -0.119889 0.100000 -0.378667
v -0.126837 0.100000 -0.373010
v -0.134125 0.100000 -0.367375
v -0.141753 0.100000 -0.361760
v -0.149722 0.100000 -0.356167
v -0.158031 0.100000 -0.350594
v -0.166681 0.100000 -0.345042
v -0.175670 0.100000 -0.339510
v -0.185000 0.100000 -0.334000
v -0.191375 0.100000 -0.330201
v -0.197500 0.100000 -0.326472
v -0.203375 0.100000 -0.322813
v -0.209000 0.100000 -0.319222
v -0.214375 0.100000 -0.315701
v -0.219500 0.100000 -0.312250
v -0.224375 0.100000 -0.308868
v -0.229000 0.100000 -0.305556
v -0.233375 0.100000 -0.302313
v -0.237500 0.100000 -0.299139
v -0.241375 0.100000 -0.296035
v -0.245000 0.100000 -0.293000
v -0.248410 0.100000 -0.289986
v -0.251639 0.100000 -0.286945
v -0.254687 0.100000 -0.283875
v -0.257556 0.100000 -0.280778
v -0.260243 0.100000 -0.277653
v -0.262750 0.100000 -0.274500
v -0.265076 0.100000 -0.271320
v -0.267222 0.100000 -0.268111
v -0.269187 0.100000 -0.264875
v -0.270972 0.100000 -0.261611
v -0.272576 0.100000 -0.258319
v -0.274000 0.100000 -0.255000
v -0.275285 0.100000 -0.251604
v -0.276472 0.100000 -0.248083
v -0.277562 0.100000 -0.244438
v -0.278556 0.100000 -0.240667
v -0.279451 0.100000 -0.236771
v -0.280250 0.100000 -0.232750
v -0.280951 0.100000 -0.228604
v -0.281556 0.100000 -0.224333
v -0.282062 0.100000 -0.219938
v -0.282472 0.100000 -0.215417
v -0.282785 0.100000 -0.210771
v -0.283000 0.100000 -0.206000
v -0.291038 0.100000 -0.203729
v -0.299153 0.100000 -0.201583
v -0.307344 0.100000 -0.199563
v -0.315611 0.100000 -0.197667
v -0.323955 0.100000 -0.195896
v -0.332375 0.100000 -0.194250
v -0.340871 0.100000 -0.192729
v -0.349444 0.100000 -0.191333
v -0.358094 0.100000 -0.190063
v -0.366819 0.100000 -0.188917
v -0.375621 0.100000 -0.187896
v -0.384500 0.100000 -0.187000
v -0.393371 0.100000 -0.186194
v -0.402153 0.100000 -0.185444
v -0.410844 0.100000 -0.184750
v -0.419444 0.100000 -0.184111
v -0.427955 0.100000 -0.183528
v -0.436375 0.100000 -0.183000
v -0.444705 0.100000 -0.182528
v -0.452944 0.100000 -0.182111
v -0.461094 0.100000 -0.181750
v -0.469153 0.100000 -0.181444
v -0.477122 0.100000 -0.181194
v -0.485000 0.100000 -0.181000
v -0.485000 0.100000 0.158000
v -0.366000 0.100000 0.158000
v -0.360667 0.100000 0.158080
v -0.355333 0.100000 0.158319
v -0.350000 0.100000 0.158719
v -0.344667 0.100000 0.159278
v -0.339333 0.100000 0.159997
v -0.334000 0.100000 0.160875
v -0.328667 0.100000 0.161913
v -0.323333 0.100000 0.163111
v -0.318000 0.100000 0.164469
v -0.312667 0.100000 0.165986
v -0.307333 0.100000 0.167663
v -0.302000 0.100000 0.169500
v -0.296569 0.100000 0.171538
v -0.290944 0.100000 0.173819
v -0.285125 0.100000 0.176344
v -0.279111 0.100000 0.179111
v -0.272903 0.100000 0.182122
v -0.266500 0.100000 0.185375
v -0.259903 0.100000 0.188872
v -0.253111 0.100000 0.192611
v -0.246125 0.100000 0.196594
v -0.238944 0.100000 0.200819
v -0.231569 0.100000 0.205288
v -0.224000 0.100000 0.210000
v -0.208000 0.100000 0.220000
v -0.195069 0.100000 0.227667
v -0.181611 0.100000 0.234667
v -0.167625 0.100000 0.241000
v -0.153111 0.100000 0.246667
v -0.138069 0.100000 0.251667
v -0.122500 0.100000 0.256000
v -0.106403 0.100000 0.259667
v -0.089778 0.100000 0.262667
v -0.072625 0.100000 0.265000
v -0.054945 0.100000 0.266667
v -0.036736 0.100000 0.267667
v -0.018000 0.100000 0.268000
v -0.013653 0.100000 0.267990
v -0.009278 0.100000 0.267958
v -0.004875 0.100000 0.267906
v -0.000444 0.100000 0.267833
v 0.004014 0.100000 0.267740
v 0.008500 0.100000 0.267625
v 0.013014 0.100000 0.267490
v 0.017555 0.100000 0.267333
v 0.022125 0.100000 0.267156
v 0.026722 0.100000 0.266958
v 0.031347 0.100000 0.266740
v 0.036000 0.100000 0.266500
v 0.040660 0.100000 0.266240
v 0.045306 0.100000 0.265958
v 0.049938 0.100000 0.265656
v 0.054556 0.100000 0.265333
v 0.059160 0.100000 0.264990
v 0.063750 0.100000 0.264625
v 0.068326 0.100000 0.264240
v 0.072889 0.100000 0.263833
v 0.077438 0.100000 0.263406
v 0.081972 0.100000 0.262958
v 0.086493 0.100000 0.262490
v 0.091000 0.100000 0.262000
v 0.133000 0.100000 0.297000
v 0.123653 0.100000 0.297972
v 0.114611 0.100000 0.298889
v 0.105875 0.100000 0.299750
v 0.097445 0.100000 0.300556
v 0.089320 0.100000 0.301306
v 0.081500 0.100000 0.302000
v 0.073986 0.100000 0.302639
v 0.066778 0.100000 0.303222
v 0.059875 0.100000 0.303750
v 0.053278 0.100000 0.304222
v 0.046986 0.100000 0.304639
v 0.216500 0.100000 0.315500
v 0.215705 0.100000 0.315406
v 0.214819 0.100000 0.315292
v 0.213844 0.100000 0.315156
v 0.212778 0.100000 0.315000
v 0.211622 0.100000 0.314823
v 0.210375 0.100000 0.314625
v 0.209038 0.100000 0.314406
v 0.207611 0.100000 0.314167
v 0.206094 0.100000 0.313906
v 0.204486 0.100000 0.313625
v 0.202788 0.100000 0.313323
v 0.201000 0.100000 0.313000
v 0.109000 0.100000 0.299000
v 0.103104 0.100000 0.298038
v 0.097417 0.100000 0.296819
v 0.091938 0.100000 0.295344
v 0.086667 0.100000 0.293611
v 0.081604 0.100000 0.291622
v 0.076750 0.100000 0.289375
v 0.072104 0.100000 0.286872
v 0.067667 0.100000 0.284111
v 0.063438 0.100000 0.281094
v 0.059417 0.100000 0.277819
v 0.055604 0.100000 0.274288
v 0.052000 0.100000 0.270500
v 0.048646 0.100000 0.266497
v 0.045583 0.100000 0.262319
v 0.042813 0.100000 0.257969
v 0.040333 0.100000 0.253444
v 0.038146 0.100000 0.248747
v 0.036250 0.100000 0.243875
v 0.034646 0.100000 0.238830
v 0.033333 0.100000 0.233611
v 0.032313 0.100000 0.228219
v 0.031583 0.100000 0.222653
v 0.031146 0.100000 0.216913
v 0.031000 0.100000 0.211000
v 0.031146 0.100000 0.205108
v 0.031583 0.100000 0.199431
v 0.032313 0.100000 0.193969
v 0.033333 0.100000 0.188722
v 0.034646 0.100000 0.183691
v 0.036250 0.100000 0.178875
v 0.038146 0.100000 0.174274
v 0.040333 0.100000 0.169889
v 0.042813 0.100000 0.165719
v 0.045583 0.100000 0.161764
v 0.048646 0.100000 0.158024
v 0.052000 0.100000 0.154500
v 0.055625 0.100000 0.151212
v 0.059500 0.100000 0.148181
v 0.063625 0.100000 0.145406
v 0.068000 0.100000 0.142889
v 0.072625 0.100000 0.140628
v 0.077500 0.100000 0.138625
v 0.082625 0.100000 0.136878
v 0.088000 0.100000 0.135389
v 0.093625 0.100000 0.134156
v 0.099500 0.100000 0.133181
v 0.105625 0.100000 0.132462
v 0.112000 0.100000 0.132000
v 0.180000 0.100000 0.170000
v 0.123000 0.100000 0.170000
v 0.118445 0.100000 0.170066
v 0.114111 0.100000 0.170264
v 0.110000 0.100000 0.170594
v 0.106111 0.100000 0.171056
v 0.102445 0.100000 0.171649
v 0.099000 0.100000 0.172375
v 0.095778 0.100000 0.173233
v 0.092778 0.100000 0.174222
v 0.090000 0.100000 0.175344
v 0.087445 0.100000 0.176597
v 0.085111 0.100000 0.177983
v 0.083000 0.100000 0.179500
v 0.081083 0.100000 0.181170
v 0.079333 0.100000 0.183014
v 0.077750 0.100000 0.185031
v 0.076333 0.100000 0.187222
v 0.075083 0.100000 0.189587
v 0.074000 0.100000 0.192125
v 0.073083 0.100000 0.194837
v 0.072333 0.100000 0.197722
v 0.071750 0.100000 0.200781
v 0.071333 0.100000 0.204014
v 0.071083 0.100000 0.207420
v 0.071000 0.100000 0.211000
v 0.071299 0.100000 0.217910
v 0.072195 0.100000 0.224306
v 0.073688 0.100000 0.230187
v 0.075778 0.100000 0.235556
v 0.078465 0.100000 0.240410
v 0.081750 0.100000 0.244750
v 0.085632 0.100000 0.248576
v 0.090111 0.100000 0.251889
v 0.095188 0.100000 0.254687
v 0.100861 0.100000 0.256972
v 0.107132 0.100000 0.258743
v 0.114000 0.100000 0.260000
v 0.217000 0.100000 0.276000
v 0.220281 0.100000 0.276358
v 0.223458 0.100000 0.276431
v 0.226531 0.100000 0.276219
v 0.229500 0.100000 0.275722
v 0.232365 0.100000 0.274941
v 0.235125 0.100000 0.273875
v 0.237781 0.100000 0.272524
v 0.240333 0.100000 0.270889
v 0.242781 0.100000 0.268969
v 0.245125 0.100000 0.266764
v 0.247365 0.100000 0.264274
v 0.249500 0.100000 0.261500
v 0.251497 0.100000 0.258517
v 0.253319 0.100000 0.255403
v 0.254969 0.100000 0.252156
v 0.256444 0.100000 0.248778
v 0.257747 0.100000 0.245267
v 0.258875 0.100000 0.241625
v 0.259830 0.100000 0.237851
v 0.260611 0.100000 0.233944
v 0.261219 0.100000 0.229906
v 0.261653 0.100000 0.225736
v 0.261913 0.100000 0.221434
v 0.262000 0.100000 0.217000
v 0.261778 0.100000 0.211042
v 0.261111 0.100000 0.205500
v 0.260000 0.100000 0.200375
v 0.258445 0.100000 0.195667
v 0.256445 0.100000 0.191375
v 0.254000 0.100000 0.187500
v 0.251111 0.100000 0.184042
v 0.247778 0.100000 0.181000
v 0.244000 0.100000 0.178375
v 0.239778 0.100000 0.176167
v 0.235111 0.100000 0.174375
v 0.230000 0.100000 0.173000
v 0.275000 0.100000 0.151000
v 0.279153 0.100000 0.154972
v 0.282945 0.100000 0.159222
v 0.286375 0.100000 0.163750
v 0.289445 0.100000 0.168556
v 0.292153 0.100000 0.173639
v 0.294500 0.100000 0.179000
v 0.296486 0.100000 0.184639
v 0.298111 0.100000 0.190556
v 0.299375 0.100000 0.196750
v 0.300278 0.100000 0.203222
v 0.300819 0.100000 0.209972
v 0.301000 0.100000 0.217000
v 0.300847 0.100000 0.223750
v 0.300389 0.100000 0.230333
v 0.299625 0.100000 0.236750
v 0.298556 0.100000 0.243000
v 0.297181 0.100000 0.249083
v 0.295500 0.100000 0.255000
v 0.293514 0.100000 0.260750
v 0.291222 0.100000 0.266333
v 0.288625 0.100000 0.271750
v 0.285722 0.100000 0.277000
v 0.282514 0.100000 0.282083
v 0.279000 0.100000 0.287000
v 0.275250 0.100000 0.291632
v 0.271333 0.100000 0.295861
v 0.267250 0.100000 0.299688
v 0.263000 0.100000 0.303111
v 0.258583 0.100000 0.306132
v 0.254000 0.100000 0.308750
v 0.249250 0.100000 0.310965
v 0.244333 0.100000 0.312778
v 0.239250 0.100000 0.314188
v 0.234000 0.100000 0.315194
v 0.228583 0.100000 0.315799
v 0.223000 0.100000 0.316000
v 0.222649 0.100000 0.315997
v 0.222264 0.100000 0.315986
v 0.221844 0.100000 0.315969
v 0.221389 0.100000 0.315944
v 0.220899 0.100000 0.315913
v 0.220375 0.100000 0.315875
v 0.219816 0.100000 0.315830
v 0.219222 0.100000 0.315778
v 0.218594 0.100000 0.315719
v 0.217931 0.100000 0.315653
v 0.217233 0.100000 0.315580
v -0.027500 0.100000 -0.032500
v -0.034483 0.100000 -0.027038
v -0.041597 0.100000 -0.021819
v -0.048844 0.100000 -0.016844
v -0.056222 0.100000 -0.012111
v -0.063733 0.100000 -0.007622
v -0.071375 0.100000 -0.003375
v -0.079149 0.100000 0.000628
v -0.087056 0.100000 0.004389
v -0.095094 0.100000 0.007906
v -0.103264 0.100000 0.011181
v -0.111566 0.100000 0.014212
v -0.120000 0.100000 0.017000
v -0.135000 0.100000 -0.020000
v -0.127719 0.100000 -0.022281
v -0.120542 0.100000 -0.024792
v -0.113469 0.100000 -0.027531
v -0.106500 0.100000 -0.030500
v -0.099635 0.100000 -0.033698
v -0.092875 0.100000 -0.037125
v -0.086219 0.100000 -0.040781
v -0.079667 0.100000 -0.044667
v -0.073219 0.100000 -0.048781
v -0.066875 0.100000 -0.053125
v -0.060635 0.100000 -0.057698
v -0.054500 0.100000 -0.062500
v -0.048510 0.100000 -0.067493
v -0.042708 0.100000 -0.072639
v -0.037094 0.100000 -0.077938
v -0.031667 0.100000 -0.083389
v -0.026427 0.100000 -0.088993
v -0.021375 0.100000 -0.094750
v -0.016510 0.100000 -0.100660
v -0.011833 0.100000 -0.106722
v -0.007344 0.100000 -0.112938
v -0.003042 0.100000 -0.119306
v 0.001073 0.100000 -0.125826
v 0.005000 0.100000 -0.132500
v 0.008695 0.100000 -0.139281
v 0.012111 0.100000 -0.146125
v 0.015250 0.100000 -0.153031
v 0.018111 0.100000 -0.160000
v 0.020694 0.100000 -0.167031
v 0.023000 0.100000 -0.174125
v 0.025028 0.100000 -0.181281
v 0.026778 0.100000 -0.188500
v 0.028250 0.100000 -0.195781
v 0.029444 0.100000 -0.203125
v 0.030361 0.100000 -0.210531
v 0.031000 0.100000 -0.218000
v 0.067000 0.100000 -0.193000
v 0.066504 0.100000 -0.186153
v 0.065681 0.100000 -0.179278
v 0.064531 0.100000 -0.172375
v 0.063056 0.100000 -0.165444
v 0.061254 0.100000 -0.158486
v 0.059125 0.100000 -0.151500
v 0.056670 0.100000 -0.144486
v 0.053889 0.100000 -0.137444
v 0.050781 0.100000 -0.130375
v 0.047347 0.100000 -0.123278
v 0.043587 0.100000 -0.116153
v 0.039500 0.100000 -0.109000
v 0.035139 0.100000 -0.101899
v 0.030556 0.100000 -0.094931
v 0.025750 0.100000 -0.088094
v 0.020722 0.100000 -0.081389
v 0.015472 0.100000 -0.074816
v 0.010000 0.100000 -0.068375
v 0.004306 0.100000 -0.062066
v -0.001611 0.100000 -0.055889
v -0.007750 0.100000 -0.049844
v -0.014111 0.100000 -0.043931
v -0.020694 0.100000 -0.038149
v 0.350500 0.100000 0.160500
v 0.344941 0.100000 0.165163
v 0.339097 0.100000 0.169319
v 0.332969 0.100000 0.172969
v 0.326556 0.100000 0.176111
v 0.319858 0.100000 0.178747
v 0.312875 0.100000 0.180875
v 0.305608 0.100000 0.182497
v 0.298056 0.100000 0.183611
v 0.290219 0.100000 0.184219
v 0.282097 0.100000 0.184319
v 0.273691 0.100000 0.183913
v 0.265000 0.100000 0.183000
v 0.133000 0.100000 0.167000
v 0.125806 0.100000 0.166007
v 0.118889 0.100000 0.164694
v 0.112250 0.100000 0.163062
v 0.105889 0.100000 0.161111
v 0.099806 0.100000 0.158840
v 0.094000 0.100000 0.156250
v 0.088472 0.100000 0.153340
v 0.083222 0.100000 0.150111
v 0.078250 0.100000 0.146562
v 0.073556 0.100000 0.142694
v 0.069139 0.100000 0.138507
v 0.065000 0.100000 0.134000
v 0.061167 0.100000 0.129257
v 0.057667 0.100000 0.124361
v 0.054500 0.100000 0.119312
v 0.051667 0.100000 0.114111
v 0.049167 0.100000 0.108757
v 0.047000 0.100000 0.103250
v 0.045167 0.100000 0.097590
v 0.043667 0.100000 0.091778
v 0.042500 0.100000 0.085812
v 0.041667 0.100000 0.079694
v 0.041167 0.100000 0.073424
v 0.041000 0.100000 0.067000
v 0.041222 0.100000 0.059163
v 0.041889 0.100000 0.051653
v 0.043000 0.100000 0.044469
v 0.044556 0.100000 0.037611
v 0.046556 0.100000 0.031080
v 0.049000 0.100000 0.024875
v 0.051889 0.100000 0.018997
v 0.055222 0.100000 0.013444
v 0.059000 0.100000 0.008219
v 0.063222 0.100000 0.003319
v 0.067889 0.100000 -0.001253
v 0.073000 0.100000 -0.005500
v 0.078465 0.100000 -0.009413
v 0.084194 0.100000 -0.012986
v 0.090188 0.100000 -0.016219
v 0.096444 0.100000 -0.019111
v 0.102965 0.100000 -0.021663
v 0.109750 0.100000 -0.023875
v 0.116799 0.100000 -0.025747
v 0.124111 0.100000 -0.027278
v 0.131688 0.100000 -0.028469
v 0.139528 0.100000 -0.029319
v 0.147632 0.100000 -0.029830
v 0.156000 0.100000 -0.030000
v 0.264000 0.100000 -0.030000
v 0.273319 0.100000 -0.029806
v 0.282278 0.100000 -0.029222
v 0.290875 0.100000 -0.028250
v 0.299111 0.100000 -0.026889
v 0.306986 0.100000 -0.025139
v 0.314500 0.100000 -0.023000
v 0.321653 0.100000 -0.020472
v 0.328445 0.100000 -0.017556
v 0.334875 0.100000 -0.014250
v 0.340944 0.100000 -0.010556
v 0.346653 0.100000 -0.006472
v 0.352000 0.100000 -0.002000
v 0.356951 0.100000 0.002826
v 0.361472 0.100000 0.007972
v 0.365563 0.100000 0.013437
v 0.369222 0.100000 0.019222
v 0.372451 0.100000 0.025326
v 0.375250 0.100000 0.031750
v 0.377618 0.100000 0.038493
v 0.379556 0.100000 0.045556
v 0.381063 0.100000 0.052938
v 0.382139 0.100000 0.060639
v 0.382785 0.100000 0.068660
v 0.383000 0.100000 0.077000
v 0.382774 0.100000 0.085830
v 0.382097 0.100000 0.094319
v 0.380969 0.100000 0.102469
v 0.379389 0.100000 0.110278
v 0.377358 0.100000 0.117747
v 0.374875 0.100000 0.124875
v 0.371941 0.100000 0.131663
v 0.368556 0.100000 0.138111
v 0.364719 0.100000 0.144219
v 0.360431 0.100000 0.149986
v 0.355691 0.100000 0.155413
v 0.138000 0.100000 0.128000
v 0.270000 0.100000 0.144000
v 0.275722 0.100000 0.144674
v 0.281222 0.100000 0.145028
v 0.286500 0.100000 0.145062
v 0.291556 0.100000 0.144778
v 0.296389 0.100000 0.144174
v 0.301000 0.100000 0.143250
v 0.305389 0.100000 0.142007
v 0.309556 0.100000 0.140444
v 0.313500 0.100000 0.138562
v 0.317222 0.100000 0.136361
v 0.320722 0.100000 0.133840
v 0.324000 0.100000 0.131000
v 0.327035 0.100000 0.127875
v 0.329806 0.100000 0.124500
v 0.332313 0.100000 0.120875
v 0.334556 0.100000 0.117000
v 0.336535 0.100000 0.112875
v 0.338250 0.100000 0.108500
v 0.339702 0.100000 0.103875
v 0.340889 0.100000 0.099000
v 0.341813 0.100000 0.093875
v 0.342472 0.100000 0.088500
v 0.342868 0.100000 0.082875
v 0.343000 0.100000 0.077000
v 0.342868 0.100000 0.071451
v 0.342472 0.100000 0.066139
v 0.341813 0.100000 0.061062
v 0.340889 0.100000 0.056222
v 0.339701 0.100000 0.051618
v 0.338250 0.100000 0.047250
v 0.336535 0.100000 0.043118
v 0.334556 0.100000 0.039222
v 0.332313 0.100000 0.035562
v 0.329806 0.100000 0.032139
v 0.327035 0.100000 0.028951
v 0.324000 0.100000 0.026000
v 0.320674 0.100000 0.023285
v 0.317028 0.100000 0.020806
v 0.313062 0.100000 0.018562
v 0.308778 0.100000 0.016556
v 0.304174 0.100000 0.014785
v 0.299250 0.100000 0.013250
v 0.294007 0.100000 0.011951
v 0.288444 0.100000 0.010889
v 0.282562 0.100000 0.010062
v 0.276361 0.100000 0.009472
v 0.269840 0.100000 0.009118
v 0.263000 0.100000 0.009000
v 0.155000 0.100000 0.009000
v 0.149427 0.100000 0.009094
v 0.144042 0.100000 0.009375
v 0.138844 0.100000 0.009844
v 0.133833 0.100000 0.010500
v 0.129010 0.100000 0.011344
v 0.124375 0.100000 0.012375
v 0.119927 0.100000 0.013594
v 0.115667 0.100000 0.015000
v 0.111594 0.100000 0.016594
v 0.107708 0.100000 0.018375
v 0.104010 0.100000 0.020344
v 0.100500 0.100000 0.022500
v 0.097226 0.100000 0.024871
v 0.094236 0.100000 0.027486
v 0.091531 0.100000 0.030344
v 0.089111 0.100000 0.033444
v 0.086976 0.100000 0.036788
v 0.085125 0.100000 0.040375
v 0.083559 0.100000 0.044205
v 0.082278 0.100000 0.048278
v 0.081281 0.100000 0.052594
v 0.080570 0.100000 0.057153
v 0.080142 0.100000 0.061955
v 0.080000 0.100000 0.067000
v 0.080097 0.100000 0.070792
v 0.080389 0.100000 0.074500
v 0.080875 0.100000 0.078125
v 0.081556 0.100000 0.081667
v 0.082431 0.100000 0.085125
v 0.083500 0.100000 0.088500
v 0.084764 0.100000 0.091792
v 0.086222 0.100000 0.095000
v 0.087875 0.100000 0.098125
v 0.089722 0.100000 0.101167
v 0.091764 0.100000 0.104125
v 0.094000 0.100000 0.107000
v 0.096444 0.100000 0.109743
v 0.099111 0.100000 0.112306
v 0.102000 0.100000 0.114687
v 0.105111 0.100000 0.116889
v 0.108445 0.100000 0.118910
v 0.112000 0.100000 0.120750
v 0.115778 0.100000 0.122410
v 0.119778 0.100000 0.123889
v 0.124000 0.100000 0.125187
v 0.128444 0.100000 0.126306
v 0.133111 0.100000 0.127243
v 0.279000 0.100000 0.010000
v 0.142000 0.100000 0.010000
v 0.133809 0.100000 0.009809
v 0.125903 0.100000 0.009236
v 0.118281 0.100000 0.008281
v 0.110945 0.100000 0.006944
v 0.103892 0.100000 0.005226
v 0.097125 0.100000 0.003125
v 0.090642 0.100000 0.000642
v 0.084445 0.100000 -0.002222
v 0.078531 0.100000 -0.005469
v 0.072903 0.100000 -0.009097
v 0.067559 0.100000 -0.013108
v 0.062500 0.100000 -0.017500
v 0.057788 0.100000 -0.022191
v 0.053486 0.100000 -0.027097
v 0.049594 0.100000 -0.032219
v 0.046111 0.100000 -0.037556
v 0.043038 0.100000 -0.043108
v 0.040375 0.100000 -0.048875
v 0.038122 0.100000 -0.054858
v 0.036278 0.100000 -0.061056
v 0.034844 0.100000 -0.067469
v 0.033819 0.100000 -0.074097
v 0.033205 0.100000 -0.080941
v 0.033000 0.100000 -0.088000
v 0.033149 0.100000 -0.094569
v 0.033597 0.100000 -0.100944
v 0.034344 0.100000 -0.107125
v 0.035389 0.100000 -0.113111
v 0.036733 0.100000 -0.118903
v 0.038375 0.100000 -0.124500
v 0.040316 0.100000 -0.129903
v 0.042556 0.100000 -0.135111
v 0.045094 0.100000 -0.140125
v 0.047931 0.100000 -0.144945
v 0.051066 0.100000 -0.149569
v 0.054500 0.100000 -0.154000
v 0.058309 0.100000 -0.158194
v 0.062569 0.100000 -0.162111
v 0.067281 0.100000 -0.165750
v 0.072444 0.100000 -0.169111
v 0.078059 0.100000 -0.172194
v 0.084125 0.100000 -0.175000
v 0.090642 0.100000 -0.177528
v 0.097611 0.100000 -0.179778
v 0.105031 0.100000 -0.181750
v 0.112903 0.100000 -0.183445
v 0.121226 0.100000 -0.184861
v 0.130000 0.100000 -0.186000
v 0.280000 0.100000 -0.202000
v 0.288833 0.100000 -0.202767
v 0.297333 0.100000 -0.203069
v 0.305500 0.100000 -0.202906
v 0.313333 0.100000 -0.202278
v 0.320833 0.100000 -0.201184
v 0.328000 0.100000 -0.199625
v 0.334833 0.100000 -0.197601
v 0.341333 0.100000 -0.195111
v 0.347500 0.100000 -0.192156
v 0.353333 0.100000 -0.188736
v 0.358833 0.100000 -0.184851
v 0.364000 0.100000 -0.180500
v 0.368792 0.100000 -0.175733
v 0.373167 0.100000 -0.170597
v 0.377125 0.100000 -0.165094
v 0.380667 0.100000 -0.159222
v 0.383792 0.100000 -0.152983
v 0.386500 0.100000 -0.146375
v 0.388792 0.100000 -0.139399
v 0.390667 0.100000 -0.132056
v 0.392125 0.100000 -0.124344
v 0.393167 0.100000 -0.116264
v 0.393792 0.100000 -0.107816
v 0.394000 0.100000 -0.099000
v 0.393792 0.100000 -0.090340
v 0.393167 0.100000 -0.082028
v 0.392125 0.100000 -0.074063
v 0.390667 0.100000 -0.066444
v 0.388792 0.100000 -0.059174
v 0.386500 0.100000 -0.052250
v 0.383792 0.100000 -0.045674
v 0.380667 0.100000 -0.039444
v 0.377125 0.100000 -0.033563
v 0.373167 0.100000 -0.028028
v 0.368792 0.100000 -0.022840
v 0.364000 0.100000 -0.018000
v 0.358826 0.100000 -0.013528
v 0.353306 0.100000 -0.009444
v 0.347438 0.100000 -0.005750
v 0.341222 0.100000 -0.002444
v 0.334660 0.100000 0.000472
v 0.327750 0.100000 0.003000
v 0.320493 0.100000 0.005139
v 0.312889 0.100000 0.006889
v 0.304938 0.100000 0.008250
v 0.296639 0.100000 0.009222
v 0.287993 0.100000 0.009806
v 0.091000 0.100000 -0.045000
v 0.094264 0.100000 -0.042604
v 0.097722 0.100000 -0.040417
v 0.101375 0.100000 -0.038438
v 0.105222 0.100000 -0.036667
v 0.109264 0.100000 -0.035104
v 0.113500 0.100000 -0.033750
v 0.117931 0.100000 -0.032604
v 0.122556 0.100000 -0.031667
v 0.127375 0.100000 -0.030937
v 0.132389 0.100000 -0.030417
v 0.137597 0.100000 -0.030104
v 0.143000 0.100000 -0.030000
v 0.280000 0.100000 -0.030000
v 0.286198 0.100000 -0.030111
v 0.292125 0.100000 -0.030444
v 0.297781 0.100000 -0.031000
v 0.303167 0.100000 -0.031778
v 0.308281 0.100000 -0.032778
v 0.313125 0.100000 -0.034000
v 0.317698 0.100000 -0.035444
v 0.322000 0.100000 -0.037111
v 0.326031 0.100000 -0.039000
v 0.329792 0.100000 -0.041111
v 0.333281 0.100000 -0.043444
v 0.336500 0.100000 -0.046000
v 0.339455 0.100000 -0.048813
v 0.342153 0.100000 -0.051917
v 0.344594 0.100000 -0.055313
v 0.346778 0.100000 -0.059000
v 0.348705 0.100000 -0.062979
v 0.350375 0.100000 -0.067250
v 0.351788 0.100000 -0.071813
v 0.352945 0.100000 -0.076667
v 0.353844 0.100000 -0.081813
v 0.354486 0.100000 -0.087250
v 0.354872 0.100000 -0.092979
v 0.355000 0.100000 -0.099000
v 0.354507 0.100000 -0.110444
v 0.353028 0.100000 -0.120778
v 0.350563 0.100000 -0.130000
v 0.347111 0.100000 -0.138111
v 0.342674 0.100000 -0.145111
v 0.337250 0.100000 -0.151000
v 0.330840 0.100000 -0.155778
v 0.323444 0.100000 -0.159444
v 0.315062 0.100000 -0.162000
v 0.305694 0.100000 -0.163444
v 0.295340 0.100000 -0.163778
v 0.284000 0.100000 -0.163000
v 0.133000 0.100000 -0.147000
v 0.127320 0.100000 -0.146257
v 0.121944 0.100000 -0.145361
v 0.116875 0.100000 -0.144313
v 0.112111 0.100000 -0.143111
v 0.107653 0.100000 -0.141757
v 0.103500 0.100000 -0.140250
v 0.099653 0.100000 -0.138590
v 0.096111 0.100000 -0.136778
v 0.092875 0.100000 -0.134813
v 0.089944 0.100000 -0.132694
v 0.087319 0.100000 -0.130424
v 0.085000 0.100000 -0.128000
v 0.082924 0.100000 -0.125431
v 0.081028 0.100000 -0.122722
v 0.079313 0.100000 -0.119875
v 0.077778 0.100000 -0.116889
v 0.076424 0.100000 -0.113764
v 0.075250 0.100000 -0.110500
v 0.074257 0.100000 -0.107097
v 0.073444 0.100000 -0.103556
v 0.072813 0.100000 -0.099875
v 0.072361 0.100000 -0.096056
v 0.072090 0.100000 -0.092097
v 0.072000 0.100000 -0.088000
v 0.072132 0.100000 -0.083424
v 0.072528 0.100000 -0.079028
v 0.073188 0.100000 -0.074813
v 0.074111 0.100000 -0.070778
v 0.075299 0.100000 -0.066924
v 0.076750 0.100000 -0.063250
v 0.078465 0.100000 -0.059757
v 0.080445 0.100000 -0.056444
v 0.082688 0.100000 -0.053313
v 0.085194 0.100000 -0.050361
v 0.087965 0.100000 -0.047590
v 0.275000 0.100000 -0.163000
v 0.139000 0.100000 -0.149000
v 0.127899 0.100000 -0.148066
v 0.117264 0.100000 -0.147597
v 0.107094 0.100000 -0.147594
v 0.097389 0.100000 -0.148056
v 0.088149 0.100000 -0.148983
v 0.079375 0.100000 -0.150375
v 0.071066 0.100000 -0.152233
v 0.063222 0.100000 -0.154556
v 0.055844 0.100000 -0.157344
v 0.048931 0.100000 -0.160597
v 0.042483 0.100000 -0.164316
v 0.036500 0.100000 -0.168500
v 0.030990 0.100000 -0.173080
v 0.025958 0.100000 -0.177986
v 0.021406 0.100000 -0.183219
v 0.017333 0.100000 -0.188778
v 0.013740 0.100000 -0.194663
v 0.010625 0.100000 -0.200875
v 0.007990 0.100000 -0.207413
v 0.005833 0.100000 -0.214278
v 0.004156 0.100000 -0.221469
v 0.002958 0.100000 -0.228986
v 0.002240 0.100000 -0.236830
v 0.002000 0.100000 -0.245000
v 0.002226 0.100000 -0.252062
v 0.002903 0.100000 -0.258917
v 0.004031 0.100000 -0.265563
v 0.005611 0.100000 -0.272000
v 0.007643 0.100000 -0.278229
v 0.010125 0.100000 -0.284250
v 0.013059 0.100000 -0.290063
v 0.016445 0.100000 -0.295667
v 0.020281 0.100000 -0.301063
v 0.024570 0.100000 -0.306250
v 0.029309 0.100000 -0.311229
v 0.034500 0.100000 -0.316000
v 0.040101 0.100000 -0.320528
v 0.046070 0.100000 -0.324778
v 0.052406 0.100000 -0.328750
v 0.059111 0.100000 -0.332444
v 0.066184 0.100000 -0.335861
v 0.073625 0.100000 -0.339000
v 0.081434 0.100000 -0.341861
v 0.089611 0.100000 -0.344444
v 0.098156 0.100000 -0.346750
v 0.107070 0.100000 -0.348778
v 0.116351 0.100000 -0.350528
v 0.126000 0.100000 -0.352000
v 0.234000 0.100000 -0.366000
v 0.242521 0.100000 -0.366778
v 0.250750 0.100000 -0.367111
v 0.258688 0.100000 -0.367000
v 0.266333 0.100000 -0.366444
v 0.273688 0.100000 -0.365444
v 0.280750 0.100000 -0.364000
v 0.287521 0.100000 -0.362111
v 0.294000 0.100000 -0.359778
v 0.300188 0.100000 -0.357000
v 0.306084 0.100000 -0.353778
v 0.311688 0.100000 -0.350111
v 0.317000 0.100000 -0.346000
v 0.321951 0.100000 -0.341479
v 0.326472 0.100000 -0.336583
v 0.330563 0.100000 -0.331313
v 0.334222 0.100000 -0.325667
v 0.337452 0.100000 -0.319646
v 0.340250 0.100000 -0.313250
v 0.342618 0.100000 -0.306479
v 0.344556 0.100000 -0.299333
v 0.346063 0.100000 -0.291813
v 0.347139 0.100000 -0.283917
v 0.347785 0.100000 -0.275646
v 0.348000 0.100000 -0.267000
v 0.347861 0.100000 -0.259931
v 0.347445 0.100000 -0.253056
v 0.346750 0.100000 -0.246375
v 0.345778 0.100000 -0.239889
v 0.344528 0.100000 -0.233597
v 0.343000 0.100000 -0.227500
v 0.341194 0.100000 -0.221597
v 0.339111 0.100000 -0.215889
v 0.336750 0.100000 -0.210375
v 0.334111 0.100000 -0.205056
v 0.331194 0.100000 -0.199931
v 0.328000 0.100000 -0.195000
v 0.324576 0.100000 -0.190347
v 0.320972 0.100000 -0.186056
v 0.317187 0.100000 -0.182125
v 0.313222 0.100000 -0.178556
v 0.309076 0.100000 -0.175347
v 0.304750 0.100000 -0.172500
v 0.300243 0.100000 -0.170014
v 0.295556 0.100000 -0.167889
v 0.290688 0.100000 -0.166125
v 0.285639 0.100000 -0.164722
v 0.280410 0.100000 -0.163681
v 0.065500 0.100000 -0.198500
v 0.069726 0.100000 -0.196059
v 0.074236 0.100000 -0.193903
v 0.079031 0.100000 -0.192031
v 0.084111 0.100000 -0.190444
v 0.089476 0.100000 -0.189142
v 0.095125 0.100000 -0.188125
v 0.101059 0.100000 -0.187392
v 0.107278 0.100000 -0.186944
v 0.113781 0.100000 -0.186781
v 0.120569 0.100000 -0.186903
v 0.127642 0.100000 -0.187309
v 0.135000 0.100000 -0.188000
v 0.270000 0.100000 -0.202000
v 0.272948 0.100000 -0.202441
v 0.275792 0.100000 -0.203097
v 0.278531 0.100000 -0.203969
v 0.281167 0.100000 -0.205056
v 0.283698 0.100000 -0.206358
v 0.286125 0.100000 -0.207875
v 0.288448 0.100000 -0.209608
v 0.290667 0.100000 -0.211556
v 0.292781 0.100000 -0.213719
v 0.294792 0.100000 -0.216097
v 0.296698 0.100000 -0.218691
v 0.298500 0.100000 -0.221500
v 0.300177 0.100000 -0.224490
v 0.301708 0.100000 -0.227625
v 0.303094 0.100000 -0.230906
v 0.304333 0.100000 -0.234333
v 0.305427 0.100000 -0.237906
v 0.306375 0.100000 -0.241625
v 0.307177 0.100000 -0.245490
v 0.307833 0.100000 -0.249500
v 0.308344 0.100000 -0.253656
v 0.308708 0.100000 -0.257958
v 0.308927 0.100000 -0.262406
v 0.309000 0.100000 -0.267000
v 0.308507 0.100000 -0.277806
v 0.307028 0.100000 -0.287556
v 0.304563 0.100000 -0.296250
v 0.301111 0.100000 -0.303889
v 0.296674 0.100000 -0.310472
v 0.291250 0.100000 -0.316000
v 0.284840 0.100000 -0.320472
v 0.277445 0.100000 -0.323889
v 0.269063 0.100000 -0.326250
v 0.259695 0.100000 -0.327556
v 0.249340 0.100000 -0.327806
v 0.238000 0.100000 -0.327000
v 0.131000 0.100000 -0.313000
v 0.123813 0.100000 -0.312076
v 0.116917 0.100000 -0.310972
v 0.110313 0.100000 -0.309688
v 0.104000 0.100000 -0.308222
v 0.097979 0.100000 -0.306576
v 0.092250 0.100000 -0.304750
v 0.086813 0.100000 -0.302743
v 0.081667 0.100000 -0.300556
v 0.076813 0.100000 -0.298188
v 0.072250 0.100000 -0.295639
v 0.067979 0.100000 -0.292910
v 0.064000 0.100000 -0.290000
v 0.060326 0.100000 -0.286938
v 0.056972 0.100000 -0.283750
v 0.053938 0.100000 -0.280438
v 0.051222 0.100000 -0.277000
v 0.048826 0.100000 -0.273438
v 0.046750 0.100000 -0.269750
v 0.044993 0.100000 -0.265938
v 0.043556 0.100000 -0.262000
v 0.042437 0.100000 -0.257937
v 0.041639 0.100000 -0.253750
v 0.041160 0.100000 -0.249437
v 0.041000 0.100000 -0.245000
v 0.041170 0.100000 -0.239941
v 0.041681 0.100000 -0.235097
v 0.042531 0.100000 -0.230469
v 0.043722 0.100000 -0.226056
v 0.045253 0.100000 -0.221858
v 0.047125 0.100000 -0.217875
v 0.049337 0.100000 -0.214108
v 0.051889 0.100000 -0.210556
v 0.054781 0.100000 -0.207219
v 0.058014 0.100000 -0.204097
v 0.061587 0.100000 -0.201191
v 0.110763 0.100000 0.299268
v 0.048117 0.100000 0.265775
v 0.296175 0.100000 0.183757
v 0.247625 0.100000 0.180894
v 0.157750 0.100000 0.170000
v 0.071801 0.100000 0.141031
v 0.138308 0.100000 0.009914
v 0.075598 0.100000 -0.007360
v 0.033488 0.100000 -0.099389
v 0.062075 0.100000 -0.161656
v 0.347483 0.100000 -0.005778
v 0.281368 0.100000 0.009949
v 0.060383 0.100000 -0.155628
v 0.057104 0.100000 -0.156868
v 0.024552 0.100000 -0.179603
v 0.029925 0.100000 -0.311796
v 0.073832 0.100000 -0.339076
v 0.330514 0.100000 -0.198880
v 0.041000 -0.100000 0.305000
v 0.035243 -0.100000 0.305319
v 0.029639 -0.100000 0.305611
v 0.024188 -0.100000 0.305875
v 0.018889 -0.100000 0.306111
v 0.013743 -0.100000 0.306319
v 0.008750 -0.100000 0.306500
v 0.003910 -0.100000 0.306653
v -0.000778 -0.100000 0.306778
v -0.005312 -0.100000 0.306875
v -0.009694 -0.100000 0.306944
v -0.013924 -0.100000 0.306986
v -0.018000 -0.100000 0.307000
v -0.038562 -0.100000 0.306625
v -0.058583 -0.100000 0.305500
v -0.078062 -0.100000 0.303625
v -0.097000 -0.100000 0.301000
v -0.115396 -0.100000 0.297625
v -0.133250 -0.100000 0.293500
v -0.150562 -0.100000 0.288625
v -0.167333 -0.100000 0.283000
v -0.183562 -0.100000 0.276625
v -0.199250 -0.100000 0.269500
v -0.214396 -0.100000 0.261625
v -0.229000 -0.100000 0.253000
v -0.244000 -0.100000 0.243000
v -0.250892 -0.100000 0.238778
v -0.257569 -0.100000 0.234778
v -0.264031 -0.100000 0.231000
v -0.270278 -0.100000 0.227444
v -0.276309 -0.100000 0.224111
v -0.282125 -0.100000 0.221000
v -0.287726 -0.100000 0.218111
v -0.293111 -0.100000 0.215444
v -0.298281 -0.100000 0.213000
v -0.303236 -0.100000 0.210778
v -0.307976 -0.100000 0.208778
v -0.312500 -0.100000 0.207000
v -0.316920 -0.100000 0.205403
v -0.321347 -0.100000 0.203944
v -0.325781 -0.100000 0.202625
v -0.330222 -0.100000 0.201444
v -0.334670 -0.100000 0.200403
v -0.339125 -0.100000 0.199500
v -0.343587 -0.100000 0.198736
v -0.348055 -0.100000 0.198111
v -0.352531 -0.100000 0.197625
v -0.357014 -0.100000 0.197278
v -0.361503 -0.100000 0.197069
v -0.366000 -0.100000 0.197000
v -0.524000 -0.100000 0.197000
v -0.524000 -0.100000 -0.220000
v -0.516278 -0.100000 -0.220017
v -0.508444 -0.100000 -0.220069
v -0.500500 -0.100000 -0.220156
v -0.492444 -0.100000 -0.220278
v -0.484278 -0.100000 -0.220434
v -0.476000 -0.100000 -0.220625
v -0.467611 -0.100000 -0.220851
v -0.459111 -0.100000 -0.221111
v -0.450500 -0.100000 -0.221406
v -0.441778 -0.100000 -0.221736
v -0.432944 -0.100000 -0.222101
v -0.424000 -0.100000 -0.222500
v -0.415028 -0.100000 -0.222983
v -0.406111 -0.100000 -0.223597
v -0.397250 -0.100000 -0.224344
v -0.388444 -0.100000 -0.225222
v -0.379694 -0.100000 -0.226233
v -0.371000 -0.100000 -0.227375
v -0.362361 -0.100000 -0.228649
v -0.353778 -0.100000 -0.230056
v -0.345250 -0.100000 -0.231594
v -0.336778 -0.100000 -0.233264
v -0.328361 -0.100000 -0.235066
v -0.320000 -0.100000 -0.237000
v -0.318705 -0.100000 -0.243747
v -0.317153 -0.100000 -0.250319
v -0.315344 -0.100000 -0.256719
v -0.313278 -0.100000 -0.262944
v -0.310955 -0.100000 -0.268997
v -0.308375 -0.100000 -0.274875
v -0.305538 -0.100000 -0.280580
v -0.302444 -0.100000 -0.286111
v -0.299094 -0.100000 -0.291469
v -0.295486 -0.100000 -0.296653
v -0.291621 -0.100000 -0.301663
v -0.287500 -0.100000 -0.306500
v -0.283024 -0.100000 -0.311281
v -0.278097 -0.100000 -0.316125
v -0.272719 -0.100000 -0.321031
v -0.266889 -0.100000 -0.326000
v -0.260608 -0.100000 -0.331031
v -0.253875 -0.100000 -0.336125
v -0.246691 -0.100000 -0.341281
v -0.239056 -0.100000 -0.346500
v -0.230969 -0.100000 -0.351781
v -0.222431 -0.100000 -0.357125
v -0.213441 -0.100000 -0.362531
v -0.204000 -0.100000 -0.368000
v -0.195816 -0.100000 -0.372837
v -0.187931 -0.100000 -0.377681
v -0.180344 -0.100000 -0.382531
v -0.173055 -0.100000 -0.387389
v -0.166066 -0.100000 -0.392254
v -0.159375 -0.100000 -0.397125
v -0.152983 -0.100000 -0.402004
v -0.146889 -0.100000 -0.406889
v -0.141094 -0.100000 -0.411781
v -0.135597 -0.100000 -0.416681
v -0.130399 -0.100000 -0.421587
v -0.125500 -0.100000 -0.426500
v -0.120868 -0.100000 -0.431479
v -0.116472 -0.100000 -0.436583
v -0.112312 -0.100000 -0.441813
v -0.108389 -0.100000 -0.447167
v -0.104701 -0.100000 -0.452646
v -0.101250 -0.100000 -0.458250
v -0.098035 -0.100000 -0.463979
v -0.095056 -0.100000 -0.469833
v -0.092312 -0.100000 -0.475813
v -0.089806 -0.100000 -0.481917
v -0.087535 -0.100000 -0.488146
v -0.085500 -0.100000 -0.494500
v -0.083663 -0.100000 -0.501045
v -0.081986 -0.100000 -0.507847
v -0.080469 -0.100000 -0.514906
v -0.079111 -0.100000 -0.522222
v -0.077913 -0.100000 -0.529795
v -0.076875 -0.100000 -0.537625
v -0.075997 -0.100000 -0.545712
v -0.075278 -0.100000 -0.554056
v -0.074719 -0.100000 -0.562656
v -0.074319 -0.100000 -0.571514
v -0.074080 -0.100000 -0.580629
v -0.074000 -0.100000 -0.590000
v -0.074000 -0.100000 -0.609000
v -0.073528 -0.100000 -0.623535
v -0.072111 -0.100000 -0.636806
v -0.069750 -0.100000 -0.648813
v -0.066444 -0.100000 -0.659556
v -0.062194 -0.100000 -0.669035
v -0.057000 -0.100000 -0.677250
v -0.050861 -0.100000 -0.684202
v -0.043778 -0.100000 -0.689889
v -0.035750 -0.100000 -0.694313
v -0.026778 -0.100000 -0.697472
v -0.016861 -0.100000 -0.699368
v -0.006000 -0.100000 -0.700000
v 0.002684 -0.100000 -0.699670
v 0.011069 -0.100000 -0.698681
v 0.019156 -0.100000 -0.697031
v 0.026944 -0.100000 -0.694722
v 0.034434 -0.100000 -0.691754
v 0.041625 -0.100000 -0.688125
v 0.048517 -0.100000 -0.683837
v 0.055111 -0.100000 -0.678889
v 0.061406 -0.100000 -0.673281
v 0.067403 -0.100000 -0.667014
v 0.073101 -0.100000 -0.660087
v 0.078500 -0.100000 -0.652500
v 0.083531 -0.100000 -0.644372
v 0.088125 -0.100000 -0.635819
v 0.092281 -0.100000 -0.626844
v 0.096000 -0.100000 -0.617445
v 0.099281 -0.100000 -0.607622
v 0.102125 -0.100000 -0.597375
v 0.104531 -0.100000 -0.586705
v 0.106500 -0.100000 -0.575611
v 0.108031 -0.100000 -0.564094
v 0.109125 -0.100000 -0.552153
v 0.109781 -0.100000 -0.539788
v 0.110000 -0.100000 -0.527000
v 0.109938 -0.100000 -0.519879
v 0.109750 -0.100000 -0.512847
v 0.109438 -0.100000 -0.505906
v 0.109000 -0.100000 -0.499056
v 0.108438 -0.100000 -0.492295
v 0.107750 -0.100000 -0.485625
v 0.106938 -0.100000 -0.479045
v 0.106000 -0.100000 -0.472556
v 0.104938 -0.100000 -0.466156
v 0.103750 -0.100000 -0.459847
v 0.102438 -0.100000 -0.453629
v 0.101000 -0.100000 -0.447500
v 0.099497 -0.100000 -0.441438
v 0.097986 -0.100000 -0.435417
v 0.096469 -0.100000 -0.429438
v 0.094944 -0.100000 -0.423500
v 0.093413 -0.100000 -0.417604
v 0.091875 -0.100000 -0.411750
v 0.090330 -0.100000 -0.405937
v 0.088778 -0.100000 -0.400167
v 0.087219 -0.100000 -0.394437
v 0.085653 -0.100000 -0.388750
v 0.084080 -0.100000 -0.383104
v 0.082500 -0.100000 -0.377500
v 0.080962 -0.100000 -0.371906
v 0.079514 -0.100000 -0.366292
v 0.078156 -0.100000 -0.360656
v 0.076889 -0.100000 -0.355000
v 0.075712 -0.100000 -0.349323
v 0.074625 -0.100000 -0.343625
v 0.073629 -0.100000 -0.337906
v 0.072722 -0.100000 -0.332167
v 0.071906 -0.100000 -0.326406
v 0.071181 -0.100000 -0.320625
v 0.070545 -0.100000 -0.314823
v 0.070000 -0.100000 -0.309000
v 0.029000 -0.100000 -0.288000
v 0.029073 -0.100000 -0.294809
v 0.029292 -0.100000 -0.301569
v 0.029656 -0.100000 -0.308281
v 0.030167 -0.100000 -0.314945
v 0.030823 -0.100000 -0.321559
v 0.031625 -0.100000 -0.328125
v 0.032573 -0.100000 -0.334642
v 0.033667 -0.100000 -0.341111
v 0.034906 -0.100000 -0.347531
v 0.036292 -0.100000 -0.353903
v 0.037823 -0.100000 -0.360226
v 0.039500 -0.100000 -0.366500
v 0.041250 -0.100000 -0.372760
v 0.043000 -0.100000 -0.379042
v 0.044750 -0.100000 -0.385344
v 0.046500 -0.100000 -0.391667
v 0.048250 -0.100000 -0.398010
v 0.050000 -0.100000 -0.404375
v 0.051750 -0.100000 -0.410761
v 0.053500 -0.100000 -0.417167
v 0.055250 -0.100000 -0.423594
v 0.057000 -0.100000 -0.430042
v 0.058750 -0.100000 -0.436511
v 0.060500 -0.100000 -0.443000
v 0.062177 -0.100000 -0.449542
v 0.063708 -0.100000 -0.456167
v 0.065094 -0.100000 -0.462875
v 0.066333 -0.100000 -0.469667
v 0.067427 -0.100000 -0.476542
v 0.068375 -0.100000 -0.483500
v 0.069177 -0.100000 -0.490542
v 0.069833 -0.100000 -0.497667
v 0.070344 -0.100000 -0.504875
v 0.070708 -0.100000 -0.512167
v 0.070927 -0.100000 -0.519542
v 0.071000 -0.100000 -0.527000
v 0.070854 -0.100000 -0.537153
v 0.070417 -0.100000 -0.546944
v 0.069688 -0.100000 -0.556375
v 0.068667 -0.100000 -0.565444
v 0.067354 -0.100000 -0.574153
v 0.065750 -0.100000 -0.582500
v 0.063854 -0.100000 -0.590486
v 0.061667 -0.100000 -0.598111
v 0.059188 -0.100000 -0.605375
v 0.056417 -0.100000 -0.612278
v 0.053354 -0.100000 -0.618819
v 0.050000 -0.100000 -0.625000
v 0.046403 -0.100000 -0.630750
v 0.042611 -0.100000 -0.636000
v 0.038625 -0.100000 -0.640750
v 0.034445 -0.100000 -0.645000
v 0.030070 -0.100000 -0.648750
v 0.025500 -0.100000 -0.652000
v 0.020736 -0.100000 -0.654750
v 0.015778 -0.100000 -0.657000
v 0.010625 -0.100000 -0.658750
v 0.005278 -0.100000 -0.660000
v -0.000264 -0.100000 -0.660750
v -0.006000 -0.100000 -0.661000
v -0.008444 -0.100000 -0.660924
v -0.010778 -0.100000 -0.660694
v -0.013000 -0.100000 -0.660313
v -0.015111 -0.100000 -0.659778
v -0.017111 -0.100000 -0.659090
v -0.019000 -0.100000 -0.658250
v -0.020778 -0.100000 -0.657257
v -0.022444 -0.100000 -0.656111
v -0.024000 -0.100000 -0.654813
v -0.025444 -0.100000 -0.653361
v -0.026778 -0.100000 -0.651757
v -0.028000 -0.100000 -0.650000
v -0.029118 -0.100000 -0.648035
v -0.030139 -0.100000 -0.645806
v -0.031062 -0.100000 -0.643313
v -0.031889 -0.100000 -0.640556
v -0.032618 -0.100000 -0.637535
v -0.033250 -0.100000 -0.634250
v -0.033785 -0.100000 -0.630701
v -0.034222 -0.100000 -0.626889
v -0.034562 -0.100000 -0.622813
v -0.034806 -0.100000 -0.618472
v -0.034951 -0.100000 -0.613868
v -0.035000 -0.100000 -0.609000
v -0.035000 -0.100000 -0.590000
v -0.035097 -0.100000 -0.579465
v -0.035389 -0.100000 -0.569194
v -0.035875 -0.100000 -0.559188
v -0.036556 -0.100000 -0.549444
v -0.037431 -0.100000 -0.539965
v -0.038500 -0.100000 -0.530750
v -0.039764 -0.100000 -0.521799
v -0.041222 -0.100000 -0.513111
v -0.042875 -0.100000 -0.504688
v -0.044722 -0.100000 -0.496528
v -0.046764 -0.100000 -0.488632
v -0.049000 -0.100000 -0.481000
v -0.051462 -0.100000 -0.473573
v -0.054181 -0.100000 -0.466292
v -0.057156 -0.100000 -0.459156
v -0.060389 -0.100000 -0.452167
v -0.063878 -0.100000 -0.445323
v -0.067625 -0.100000 -0.438625
v -0.071628 -0.100000 -0.432073
v -0.075889 -0.100000 -0.425667
v -0.080406 -0.100000 -0.419406
v -0.085181 -0.100000 -0.413292
v -0.090212 -0.100000 -0.407323
v -0.095500 -0.100000 -0.401500
v -0.101087 -0.100000 -0.395760
v -0.107014 -0.100000 -0.390042
v -0.113281 -0.100000 -0.384344
v -0.119889 -0.100000 -0.378667
v -0.126837 -0.100000 -0.373010
v -0.134125 -0.100000 -0.367375
v -0.141753 -0.100000 -0.361760
v -0.149722 -0.100000 -0.356167
v -0.158031 -0.100000 -0.350594
v -0.166681 -0.100000 -0.345042
v -0.175670 -0.100000 -0.339510
v -0.185000 -0.100000 -0.334000
v -0.191375 -0.100000 -0.330201
v -0.197500 -0.100000 -0.326472
v -0.203375 -0.100000 -0.322813
v -0.209000 -0.100000 -0.319222
v -0.214375 -0.100000 -0.315701
v -0.219500 -0.100000 -0.312250
v -0.224375 -0.100000 -0.308868
v -0.229000 -0.100000 -0.305556
v -0.233375 -0.100000 -0.302313
v -0.237500 -0.100000 -0.299139
v -0.241375 -0.100000 -0.296035
v -0.245000 -0.100000 -0.293000
v -0.248410 -0.100000 -0.289986
v -0.251639 -0.100000 -0.286945
v -0.254687 -0.100000 -0.283875
v -0.257556 -0.100000 -0.280778
v -0.260243 -0.100000 -0.277653
v -0.262750 -0.100000 -0.274500
v -0.265076 -0.100000 -0.271320
v -0.267222 -0.100000 -0.268111
v -0.269187 -0.100000 -0.264875
v -0.270972 -0.100000 -0.261611
v -0.272576 -0.100000 -0.258319
v -0.274000 -0.100000 -0.255000
v -0.275285 -0.100000 -0.251604
v -0.276472 -0.100000 -0.248083
v -0.277562 -0.100000 -0.244438
v -0.278556 -0.100000 -0.240667
v -0.279451 -0.100000 -0.236771
v -0.280250 -0.100000 -0.232750
v -0.280951 -0.100000 -0.228604
v -0.281556 -0.100000 -0.224333
v -0.282062 -0.100000 -0.219938
v -0.282472 -0.100000 -0.215417
v -0.282785 -0.100000 -0.210771
v -0.283000 -0.100000 -0.206000
v -0.291038 -0.100000 -0.203729
v -0.299153 -0.100000 -0.201583
v -0.307344 -0.100000 -0.199563
v -0.315611 -0.100000 -0.197667
v -0.323955 -0.100000 -0.195896
v -0.332375 -0.100000 -0.194250
v -0.340871 -0.100000 -0.192729
v -0.349444 -0.100000 -0.191333
v -0.358094 -0.100000 -0.190063
v -0.366819 -0.100000 -0.188917
v -0.375621 -0.100000 -0.187896
v -0.384500 -0.100000 -0.187000
v -0.393371 -0.100000 -0.186194
v -0.402153 -0.100000 -0.185444
v -0.410844 -0.100000 -0.184750
v -0.419444 -0.100000 -0.184111
v -0.427955 -0.100000 -0.183528
v -0.436375 -0.100000 -0.183000
v -0.444705 -0.100000 -0.182528
v -0.452944 -0.100000 -0.182111
v -0.461094 -0.100000 -0.181750
v -0.469153 -0.100000 -0.181444
v -0.477122 -0.100000 -0.181194
v -0.485000 -0.100000 -0.181000
v -0.485000 -0.100000 0.158000
v -0.366000 -0.100000 0.158000
v -0.360667 -0.100000 0.158080
v -0.355333 -0.100000 0.158319
v -0.350000 -0.100000 0.158719
v -0.344667 -0.100000 0.159278
v -0.339333 -0.100000 0.159997
v -0.334000 -0.100000 0.160875
v -0.328667 -0.100000 0.161913
v -0.323333 -0.100000 0.163111
v -0.318000 -0.100000 0.164469
v -0.312667 -0.100000 0.165986
v -0.307333 -0.100000 0.167663
v -0.302000 -0.100000 0.169500
v -0.296569 -0.100000 0.171538
v -0.290944 -0.100000 0.173819
v -0.285125 -0.100000 0.176344
v -0.279111 -0.100000 0.179111
v -0.272903 -0.100000 0.182122
v -0.266500 -0.100000 0.185375
v -0.259903 -0.100000 0.188872
v -0.253111 -0.100000 0.192611
v -0.246125 -0.100000 0.196594
v -0.238944 -0.100000 0.200819
v -0.231569 -0.100000 0.205288
v -0.224000 -0.100000 0.210000
v -0.208000 -0.100000 0.220000
v -0.195069 -0.100000 0.227667
v -0.181611 -0.100000 0.234667
v -0.167625 -0.100000 0.241000
v -0.153111 -0.100000 0.246667
v -0.138069 -0.100000 0.251667
v -0.122500 -0.100000 0.256000
v -0.106403 -0.100000 0.259667
v -0.089778 -0.100000 0.262667
v -0.072625 -0.100000 0.265000
v -0.054945 -0.100000 0.266667
v -0.036736 -0.100000 0.267667
v -0.018000 -0.100000 0.268000
v -0.013653 -0.100000 0.267990
v -0.009278 -0.100000 0.267958
v -0.004875 -0.100000 0.267906
v -0.000444 -0.100000 0.267833
v 0.004014 -0.100000 0.267740
v 0.008500 -0.100000 0.267625
v 0.013014 -0.100000 0.267490
v 0.017555 -0.100000 0.267333
v 0.022125 -0.100000 0.267156
v 0.026722 -0.100000 0.266958
v 0.031347 -0.100000 0.266740
v 0.036000 -0.100000 0.266500
v 0.040660 -0.100000 0.266240
v 0.045306 -0.100000 0.265958
v 0.049938 -0.100000 0.265656
v 0.054556 -0.100000 0.265333
v 0.059160 -0.100000 0.264990
v 0.063750 -0.100000 0.264625
v 0.068326 -0.100000 0.264240
v 0.072889 -0.100000 0.263833
v 0.077438 -0.100000 0.263406
v 0.081972 -0.100000 0.262958
v 0.086493 -0.100000 0.262490
v 0.091000 -0.100000 0.262000
v 0.133000 -0.100000 0.297000
v 0.123653 -0.100000 0.297972
v 0.114611 -0.100000 0.298889
v 0.105875 -0.100000 0.299750
v 0.097445 -0.100000 0.300556
v 0.089320 -0.100000 0.301306
v 0.081500 -0.100000 0.302000
v 0.073986 -0.100000 0.302639
v 0.066778 -0.100000 0.303222
v 0.059875 -0.100000 0.303750
v 0.053278 -0.100000 0.304222
v 0.046986 -0.100000 0.304639
v 0.216500 -0.100000 0.315500
v 0.215705 -0.100000 0.315406
v 0.214819 -0.100000 0.315292
v 0.213844 -0.100000 0.315156
v 0.212778 -0.100000 0.315000
v 0.211622 -0.100000 0.314823
v 0.210375 -0.100000 0.314625
v 0.209038 -0.100000 0.314406
v 0.207611 -0.100000 0.314167
v 0.206094 -0.100000 0.313906
v 0.204486 -0.100000 0.313625
v 0.202788 -0.100000 0.313323
v 0.201000 -0.100000 0.313000
v 0.109000 -0.100000 0.299000
v 0.103104 -0.100000 0.298038
v 0.097417 -0.100000 0.296819
v 0.091938 -0.100000 0.295344
v 0.086667 -0.100000 0.293611
v 0.081604 -0.100000 0.291622
v 0.076750 -0.100000 0.289375
v 0.072104 -0.100000 0.286872
v 0.067667 -0.100000 0.284111
v 0.063438 -0.100000 0.281094
v 0.059417 -0.100000 0.277819
v 0.055604 -0.100000 0.274288
v 0.052000 -0.100000 0.270500
v 0.048646 -0.100000 0.266497
v 0.045583 -0.100000 0.262319
v 0.042813 -0.100000 0.257969
v 0.040333 -0.100000 0.253444
v 0.038146 -0.100000 0.248747
v 0.036250 -0.100000 0.243875
v 0.034646 -0.100000 0.238830
v 0.033333 -0.100000 0.233611
v 0.032313 -0.100000 0.228219
v 0.031583 -0.100000 0.222653
v 0.031146 -0.100000 0.216913
v 0.031000 -0.100000 0.211000
v 0.031146 -0.100000 0.205108
v 0.031583 -0.100000 0.199431
v 0.032313 -0.100000 0.193969
v 0.033333 -0.100000 0.188722
v 0.034646 -0.100000 0.183691
v 0.036250 -0.100000 0.178875
v 0.038146 -0.100000 0.174274
v 0.040333 -0.100000 0.169889
v 0.042813 -0.100000 0.165719
v 0.045583 -0.100000 0.161764
v 0.048646 -0.100000 0.158024
v 0.052000 -0.100000 0.154500
v 0.055625 -0.100000 0.151212
v 0.059500 -0.100000 0.148181
v 0.063625 -0.100000 0.145406
v 0.068000 -0.100000 0.142889
v 0.072625 -0.100000 0.140628
v 0.077500 -0.100000 0.138625
v 0.082625 -0.100000 0.136878
v 0.088000 -0.100000 0.135389
v 0.093625 -0.100000 0.134156
v 0.099500 -0.100000 0.133181
v 0.105625 -0.100000 0.132462
v 0.112000 -0.100000 0.132000
v 0.180000 -0.100000 0.170000
v 0.123000 -0.100000 0.170000
v 0.118445 -0.100000 0.170066
v 0.114111 -0.100000 0.170264
v 0.110000 -0.100000 0.170594
v 0.106111 -0.100000 0.171056
v 0.102445 -0.100000 0.171649
v 0.099000 -0.100000 0.172375
v 0.095778 -0.100000 0.173233
v 0.092778 -0.100000 0.174222
v 0.090000 -0.100000 0.175344
v 0.087445 -0.100000 0.176597
v 0.085111 -0.100000 0.177983
v 0.083000 -0.100000 0.179500
v 0.081083 -0.100000 0.181170
v 0.079333 -0.100000 0.183014
v 0.077750 -0.100000 0.185031
v 0.076333 -0.100000 0.187222
v 0.075083 -0.100000 0.189587
v 0.074000 -0.100000 0.192125
v 0.073083 -0.100000 0.194837
v 0.072333 -0.100000 0.197722
v 0.071750 -0.100000 0.200781
v 0.071333 -0.100000 0.204014
v 0.071083 -0.100000 0.207420
v 0.071000 -0.100000 0.211000
v 0.071299 -0.100000 0.217910
v 0.072195 -0.100000 0.224306
v 0.073688 -0.100000 0.230187
v 0.075778 -0.100000 0.235556
v 0.078465 -0.100000 0.240410
v 0.081750 -0.100000 0.244750
v 0.085632 -0.100000 0.248576
v 0.090111 -0.100000 0.251889
v 0.095188 -0.100000 0.254687
v 0.100861 -0.100000 0.256972
v 0.107132 -0.100000 0.258743
v 0.114000 -0.100000 0.260000
v 0.217000 -0.100000 0.276000
v 0.220281 -0.100000 0.276358
v 0.223458 -0.100000 0.276431
v 0.226531 -0.100000 0.276219
v 0.229500 -0.100000 0.275722
v 0.232365 -0.100000 0.274941
v 0.235125 -0.100000 0.273875
v 0.237781 -0.100000 0.272524
v 0.240333 -0.100000 0.270889
v 0.242781 -0.100000 0.268969
v 0.245125 -0.100000 0.266764
v 0.247365 -0.100000 0.264274
v 0.249500 -0.100000 0.261500
v 0.251497 -0.100000 0.258517
v 0.253319 -0.100000 0.255403
v 0.254969 -0.100000 0.252156
v 0.256444 -0.100000 0.248778
v 0.257747 -0.100000 0.245267
v 0.258875 -0.100000 0.241625
v 0.259830 -0.100000 0.237851
v 0.260611 -0.100000 0.233944
v 0.261219 -0.100000 0.229906
v 0.261653 -0.100000 0.225736
v 0.261913 -0.100000 0.221434
v 0.262000 -0.100000 0.217000
v 0.261778 -0.100000 0.211042
v 0.261111 -0.100000 0.205500
v 0.260000 -0.100000 0.200375
v 0.258445 -0.100000 0.195667
v 0.256445 -0.100000 0.191375
v 0.254000 -0.100000 0.187500
v 0.251111 -0.100000 0.184042
v 0.247778 -0.100000 0.181000
v 0.244000 -0.100000 0.178375
v 0.239778 -0.100000 0.176167
v 0.235111 -0.100000 0.174375
v 0.230000 -0.100000 0.173000
v 0.275000 -0.100000 0.151000
v 0.279153 -0.100000 0.154972
v 0.282945 -0.100000 0.159222
v 0.286375 -0.100000 0.163750
v 0.289445 -0.100000 0.168556
v 0.292153 -0.100000 0.173639
v 0.294500 -0.100000 0.179000
v 0.296486 -0.100000 0.184639
v 0.298111 -0.100000 0.190556
v 0.299375 -0.100000 0.196750
v 0.300278 -0.100000 0.203222
v 0.300819 -0.100000 0.209972
v 0.301000 -0.100000 0.217000
v 0.300847 -0.100000 0.223750
v 0.300389 -0.100000 0.230333
v 0.299625 -0.100000 0.236750
v 0.298556 -0.100000 0.243000
v 0.297181 -0.100000 0.249083
v 0.295500 -0.100000 0.255000
v 0.293514 -0.100000 0.260750
v 0.291222 -0.100000 0.266333
v 0.288625 -0.100000 0.271750
v 0.285722 -0.100000 0.277000
v 0.282514 -0.100000 0.282083
v 0.279000 -0.100000 0.287000
v 0.275250 -0.100000 0.291632
v 0.271333 -0.100000 0.295861
v 0.267250 -0.100000 0.299688
v 0.263000 -0.100000 0.303111
v 0.258583 -0.100000 0.306132
v 0.254000 -0.100000 0.308750
v 0.249250 -0.100000 0.310965
v 0.244333 -0.100000 0.312778
v 0.239250 -0.100000 0.314188
v 0.234000 -0.100000 0.315194
v 0.228583 -0.100000 0.315799
v 0.223000 -0.100000 0.316000
v 0.222649 -0.100000 0.315997
v 0.222264 -0.100000 0.315986
v 0.221844 -0.100000 0.315969
v 0.221389 -0.100000 0.315944
v 0.220899 -0.100000 0.315913
v 0.220375 -0.100000 0.315875
v 0.219816 -0.100000 0.315830
v 0.219222 -0.100000 0.315778
v 0.218594 -0.100000 0.315719
v 0.217931 -0.100000 0.315653
v 0.217233 -0.100000 0.315580
v -0.027500 -0.100000 -0.032500
v -0.034483 -0.100000 -0.027038
v -0.041597 -0.100000 -0.021819
v -0.048844 -0.100000 -0.016844
v -0.056222 -0.100000 -0.012111
v -0.063733 -0.100000 -0.007622
v -0.071375 -0.100000 -0.003375
v -0.079149 -0.100000 0.000628
v -0.087056 -0.100000 0.004389
v -0.095094 -0.100000 0.007906
v -0.103264 -0.100000 0.011181
v -0.111566 -0.100000 0.014212
v -0.120000 -0.100000 0.017000
v -0.135000 -0.100000 -0.020000
v -0.127719 -0.100000 -0.022281
v -0.120542 -0.100000 -0.024792
v -0.113469 -0.100000 -0.027531
v -0.106500 -0.100000 -0.030500
v -0.099635 -0.100000 -0.033698
v -0.092875 -0.100000 -0.037125
v -0.086219 -0.100000 -0.040781
v -0.079667 -0.100000 -0.044667
v -0.073219 -0.100000 -0.048781
v -0.066875 -0.100000 -0.053125
v -0.060635 -0.100000 -0.057698
v -0.054500 -0.100000 -0.062500
v -0.048510 -0.100000 -0.067493
v -0.042708 -0.100000 -0.072639
v -0.037094 -0.100000 -0.077938
v -0.031667 -0.100000 -0.083389
v -0.026427 -0.100000 -0.088993
v -0.021375 -0.100000 -0.094750
v -0.016510 -0.100000 -0.100660
v -0.011833 -0.100000 -0.106722
v -0.007344 -0.100000 -0.112938
v -0.003042 -0.100000 -0.119306
v 0.001073 -0.100000 -0.125826
v 0.005000 -0.100000 -0.132500
v 0.008695 -0.100000 -0.139281
v 0.012111 -0.100000 -0.146125
v 0.015250 -0.100000 -0.153031
v 0.018111 -0.100000 -0.160000
v 0.020694 -0.100000 -0.167031
v 0.023000 -0.100000 -0.174125
v 0.025028 -0.100000 -0.181281
v 0.026778 -0.100000 -0.188500
v 0.028250 -0.100000 -0.195781
v 0.029444 -0.100000 -0.203125
v 0.030361 -0.100000 -0.210531
v 0.031000 -0.100000 -0.218000
v 0.067000 -0.100000 -0.193000
v 0.066504 -0.100000 -0.186153
v 0.065681 -0.100000 -0.179278
v 0.064531 -0.100000 -0.172375
v 0.063056 -0.100000 -0.165444
v 0.061254 -0.100000 -0.158486
v 0.059125 -0.100000 -0.151500
v 0.056670 -0.100000 -0.144486
v 0.053889 -0.100000 -0.137444
v 0.050781 -0.100000 -0.130375
v 0.047347 -0.100000 -0.123278
v 0.043587 -0.100000 -0.116153
v 0.039500 -0.100000 -0.109000
v 0.035139 -0.100000 -0.101899
v 0.030556 -0.100000 -0.094931
v 0.025750 -0.100000 -0.088094
v 0.020722 -0.100000 -0.081389
v 0.015472 -0.100000 -0.074816
v 0.010000 -0.100000 -0.068375
v 0.004306 -0.100000 -0.062066
v -0.001611 -0.100000 -0.055889
v -0.007750 -0.100000 -0.049844
v -0.014111 -0.100000 -0.043931
v -0.020694 -0.100000 -0.038149
v 0.350500 -0.100000 0.160500
v 0.344941 -0.100000 0.165163
v 0.339097 -0.100000 0.169319
v 0.332969 -0.100000 0.172969
v 0.326556 -0.100000 0.176111
v 0.319858 -0.100000 0.178747
v 0.312875 -0.100000 0.180875
v 0.305608 -0.100000 0.182497
v 0.298056 -0.100000 0.183611
v 0.290219 -0.100000 0.184219
v 0.282097 -0.100000 0.184319
v 0.273691 -0.100000 0.183913
v 0.265000 -0.100000 0.183000
v 0.133000 -0.100000 0.167000
v 0.125806 -0.100000 0.166007
v 0.118889 -0.100000 0.164694
v 0.112250 -0.100000 0.163062
v 0.105889 -0.100000 0.161111
v 0.099806 -0.100000 0.158840
v 0.094000 -0.100000 0.156250
v 0.088472 -0.100000 0.153340
v 0.083222 -0.100000 0.150111
v 0.078250 -0.100000 0.146562
v 0.073556 -0.100000 0.142694
v 0.069139 -0.100000 0.138507
v 0.065000 -0.100000 0.134000
v 0.061167 -0.100000 0.129257
v 0.057667 -0.100000 0.124361
v 0.054500 -0.100000 0.119312
v 0.051667 -0.100000 0.114111
v 0.049167 -0.100000 0.108757
v 0.047000 -0.100000 0.103250
v 0.045167 -0.100000 0.097590
v 0.043667 -0.100000 0.091778
v 0.042500 -0.100000 0.085812
v 0.041667 -0.100000 0.079694
v 0.041167 -0.100000 0.073424
v 0.041000 -0.100000 0.067000
v 0.041222 -0.100000 0.059163
v 0.041889 -0.100000 0.051653
v 0.043000 -0.100000 0.044469
v 0.044556 -0.100000 0.037611
v 0.046556 -0.100000 0.031080
v 0.049000 -0.100000 0.024875
v 0.051889 -0.100000 0.018997
v 0.055222 -0.100000 0.013444
v 0.059000 -0.100000 0.008219
v 0.063222 -0.100000 0.003319
v 0.067889 -0.100000 -0.001253
v 0.073000 -0.100000 -0.005500
v 0.078465 -0.100000 -0.009413
v 0.084194 -0.100000 -0.012986
v 0.090188 -0.100000 -0.016219
v 0.096444 -0.100000 -0.019111
v 0.102965 -0.100000 -0.021663
v 0.109750 -0.100000 -0.023875
v 0.116799 -0.100000 -0.025747
v 0.124111 -0.100000 -0.027278
v 0.131688 -0.100000 -0.028469
v 0.139528 -0.100000 -0.029319
v 0.147632 -0.100000 -0.029830
v 0.156000 -0.100000 -0.030000
v 0.264000 -0.100000 -0.030000
v 0.273319 -0.100000 -0.029806
v 0.282278 -0.100000 -0.029222
v 0.290875 -0.100000 -0.028250
v 0.299111 -0.100000 -0.026889
v 0.306986 -0.100000 -0.025139
v 0.314500 -0.100000 -0.023000
v 0.321653 -0.100000 -0.020472
v 0.328445 -0.100000 -0.017556
v 0.334875 -0.100000 -0.014250
v 0.340944 -0.100000 -0.010556
v 0.346653 -0.100000 -0.006472
v 0.352000 -0.100000 -0.002000
v 0.356951 -0.100000 0.002826
v 0.361472 -0.100000 0.007972
v 0.365563 -0.100000 0.013437
v 0.369222 -0.100000 0.019222
v 0.372451 -0.100000 0.025326
v 0.375250 -0.100000 0.031750
v 0.377618 -0.100000 0.038493
v 0.379556 -0.100000 0.045556
v 0.381063 -0.100000 0.052938
v 0.382139 -0.100000 0.060639
v 0.382785 -0.100000 0.068660
v 0.383000 -0.100000 0.077000
v 0.382774 -0.100000 0.085830
v 0.382097 -0.100000 0.094319
v 0.380969 -0.100000 0.102469
v 0.379389 -0.100000 0.110278
v 0.377358 -0.100000 0.117747
v 0.374875 -0.100000 0.124875
v 0.371941 -0.100000 0.131663
v 0.368556 -0.100000 0.138111
v 0.364719 -0.100000 0.144219
v 0.360431 -0.100000 0.149986
v 0.355691 -0.100000 0.155413
v 0.138000 -0.100000 0.128000
v 0.270000 -0.100000 0.144000
v 0.275722 -0.100000 0.144674
v 0.281222 -0.100000 0.145028
v 0.286500 -0.100000 0.145062
v 0.291556 -0.100000 0.144778
v 0.296389 -0.100000 0.144174
v 0.301000 -0.100000 0.143250
v 0.305389 -0.100000 0.142007
v 0.309556 -0.100000 0.140444
v 0.313500 -0.100000 0.138562
v 0.317222 -0.100000 0.136361
v 0.320722 -0.100000 0.133840
v 0.324000 -0.100000 0.131000
v 0.327035 -0.100000 0.127875
v 0.329806 -0.100000 0.124500
v 0.332313 -0.100000 0.120875
v 0.334556 -0.100000 0.117000
v 0.336535 -0.100000 0.112875
v 0.338250 -0.100000 0.108500
v 0.339702 -0.100000 0.103875
v 0.340889 -0.100000 0.099000
v 0.341813 -0.100000 0.093875
v 0.342472 -0.100000 0.088500
v 0.342868 -0.100000 0.082875
v 0.343000 -0.100000 0.077000
v 0.342868 -0.100000 0.071451
v 0.342472 -0.100000 0.066139
v 0.341813 -0.100000 0.061062
v 0.340889 -0.100000 0.056222
v 0.339701 -0.100000 0.051618
v 0.338250 -0.100000 0.047250
v 0.336535 -0.100000 0.043118
v 0.334556 -0.100000 0.039222
v 0.332313 -0.100000 0.035562
v 0.329806 -0.100000 0.032139
v 0.327035 -0.100000 0.028951
v 0.324000 -0.100000 0.026000
v 0.320674 -0.100000 0.023285
v 0.317028 -0.100000 0.020806
v 0.313062 -0.100000 0.018562
v 0.308778 -0.100000 0.016556
v 0.304174 -0.100000 0.014785
v 0.299250 -0.100000 0.013250
v 0.294007 -0.100000 0.011951
v 0.288444 -0.100000 0.010889
v 0.282562 -0.100000 0.010062
v 0.276361 -0.100000 0.009472
v 0.269840 -0.100000 0.009118
v 0.263000 -0.100000 0.009000
v 0.155000 -0.100000 0.009000
v 0.149427 -0.100000 0.009094
v 0.144042 -0.100000 0.009375
v 0.138844 -0.100000 0.009844
v 0.133833 -0.100000 0.010500
v 0.129010 -0.100000 0.011344
v 0.124375 -0.100000 0.012375
v 0.119927 -0.100000 0.013594
v 0.115667 -0.100000 0.015000
v 0.111594 -0.100000 0.016594
v 0.107708 -0.100000 0.018375
v 0.104010 -0.100000 0.020344
v 0.100500 -0.100000 0.022500
v 0.097226 -0.100000 0.024871
v 0.094236 -0.100000 0.027486
v 0.091531 -0.100000 0.030344
v 0.089111 -0.100000 0.033444
v 0.086976 -0.100000 0.036788
v 0.085125 -0.100000 0.040375
v 0.083559 -0.100000 0.044205
v 0.082278 -0.100000 0.048278
v 0.081281 -0.100000 0.052594
v 0.080570 -0.100000 0.057153
v 0.080142 -0.100000 0.061955
v 0.080000 -0.100000 0.067000
v 0.080097 -0.100000 0.070792
v 0.080389 -0.100000 0.074500
v 0.080875 -0.100000 0.078125
v 0.081556 -0.100000 0.081667
v 0.082431 -0.100000 0.085125
v 0.083500 -0.100000 0.088500
v 0.084764 -0.100000 0.091792
v 0.086222 -0.100000 0.095000
v 0.087875 -0.100000 0.098125
v 0.089722 -0.100000 0.101167
v 0.091764 -0.100000 0.104125
v 0.094000 -0.100000 0.107000
v 0.096444 -0.100000 0.109743
v 0.099111 -0.100000 0.112306
v 0.102000 -0.100000 0.114687
v 0.105111 -0.100000 0.116889
v 0.108445 -0.100000 0.118910
v 0.112000 -0.100000 0.120750
v 0.115778 -0.100000 0.122410
v 0.119778 -0.100000 0.123889
v 0.124000 -0.100000 0.125187
v 0.128444 -0.100000 0.126306
v 0.133111 -0.100000 0.127243
v 0.279000 -0.100000 0.010000
v 0.142000 -0.100000 0.010000
v 0.133809 -0.100000 0.009809
v 0.125903 -0.100000 0.009236
v 0.118281 -0.100000 0.008281
v 0.110945 -0.100000 0.006944
v 0.103892 -0.100000 0.005226
v 0.097125 -0.100000 0.003125
v 0.090642 -0.100000 0.000642
v 0.084445 -0.100000 -0.002222
v 0.078531 -0.100000 -0.005469
v 0.072903 -0.100000 -0.009097
v 0.067559 -0.100000 -0.013108
v 0.062500 -0.100000 -0.017500
v 0.057788 -0.100000 -0.022191
v 0.053486 -0.100000 -0.027097
v 0.049594 -0.100000 -0.032219
v 0.046111 -0.100000 -0.037556
v 0.043038 -0.100000 -0.043108
v 0.040375 -0.100000 -0.048875
v 0.038122 -0.100000 -0.054858
v 0.036278 -0.100000 -0.061056
v 0.034844 -0.100000 -0.067469
v 0.033819 -0.100000 -0.074097
v 0.033205 -0.100000 -0.080941
v 0.033000 -0.100000 -0.088000
v 0.033149 -0.100000 -0.094569
v 0.033597 -0.100000 -0.100944
v 0.034344 -0.100000 -0.107125
v 0.035389 -0.100000 -0.113111
v 0.036733 -0.100000 -0.118903
v 0.038375 -0.100000 -0.124500
v 0.040316 -0.100000 -0.129903
v 0.042556 -0.100000 -0.135111
v 0.045094 -0.100000 -0.140125
v 0.047931 -0.100000 -0.144945
v 0.051066 -0.100000 -0.149569
v 0.054500 -0.100000 -0.154000
v 0.058309 -0.100000 -0.158194
v 0.062569 -0.100000 -0.162111
v 0.067281 -0.100000 -0.165750
v 0.072444 -0.100000 -0.169111
v 0.078059 -0.100000 -0.172194
v 0.084125 -0.100000 -0.175000
v 0.090642 -0.100000 -0.177528
v 0.097611 -0.100000 -0.179778
v 0.105031 -0.100000 -0.181750
v 0.112903 -0.100000 -0.183445
v 0.121226 -0.100000 -0.184861
v 0.130000 -0.100000 -0.186000
v 0.280000 -0.100000 -0.202000
v 0.288833 -0.100000 -0.202767
v 0.297333 -0.100000 -0.203069
v 0.305500 -0.100000 -0.202906
v 0.313333 -0.100000 -0.202278
v 0.320833 -0.100000 -0.201184
v 0.328000 -0.100000 -0.199625
v 0.334833 -0.100000 -0.197601
v 0.341333 -0.100000 -0.195111
v 0.347500 -0.100000 -0.192156
v 0.353333 -0.100000 -0.188736
v 0.358833 -0.100000 -0.184851
v 0.364000 -0.100000 -0.180500
v 0.368792 -0.100000 -0.175733
v 0.373167 -0.100000 -0.170597
v 0.377125 -0.100000 -0.165094
v 0.380667 -0.100000 -0.159222
v 0.383792 -0.100000 -0.152983
v 0.386500 -0.100000 -0.146375
v 0.388792 -0.100000 -0.139399
v 0.390667 -0.100000 -0.132056
v 0.392125 -0.100000 -0.124344
v 0.393167 -0.100000 -0.116264
v 0.393792 -0.100000 -0.107816
v 0.394000 -0.100000 -0.099000
v 0.393792 -0.100000 -0.090340
v 0.393167 -0.100000 -0.082028
v 0.392125 -0.100000 -0.074063
v 0.390667 -0.100000 -0.066444
v 0.388792 -0.100000 -0.059174
v 0.386500 -0.100000 -0.052250
v 0.383792 -0.100000 -0.045674
v 0.380667 -0.100000 -0.039444
v 0.377125 -0.100000 -0.033563
v 0.373167 -0.100000 -0.028028
v 0.368792 -0.100000 -0.022840
v 0.364000 -0.100000 -0.018000
v 0.358826 -0.100000 -0.013528
v 0.353306 -0.100000 -0.009444
v 0.347438 -0.100000 -0.005750
v 0.341222 -0.100000 -0.002444
v 0.334660 -0.100000 0.000472
v 0.327750 -0.100000 0.003000
v 0.320493 -0.100000 0.005139
v 0.312889 -0.100000 0.006889
v 0.304938 -0.100000 0.008250
v 0.296639 -0.100000 0.009222
v 0.287993 -0.100000 0.009806
v 0.091000 -0.100000 -0.045000
v 0.094264 -0.100000 -0.042604
v 0.097722 -0.100000 -0.040417
v 0.101375 -0.100000 -0.038438
v 0.105222 -0.100000 -0.036667
v 0.109264 -0.100000 -0.035104
v 0.113500 -0.100000 -0.033750
v 0.117931 -0.100000 -0.032604
v 0.122556 -0.100000 -0.031667
v 0.127375 -0.100000 -0.030937
v 0.132389 -0.100000 -0.030417
v 0.137597 -0.100000 -0.030104
v 0.143000 -0.100000 -0.030000
v 0.280000 -0.100000 -0.030000
v 0.286198 -0.100000 -0.030111
v 0.292125 -0.100000 -0.030444
v 0.297781 -0.100000 -0.031000
v 0.303167 -0.100000 -0.031778
v 0.308281 -0.100000 -0.032778
v 0.313125 -0.100000 -0.034000
v 0.317698 -0.100000 -0.035444
v 0.322000 -0.100000 -0.037111
v 0.326031 -0.100000 -0.039000
v 0.329792 -0.100000 -0.041111
v 0.333281 -0.100000 -0.043444
v 0.336500 -0.100000 -0.046000
v 0.339455 -0.100000 -0.048813
v 0.342153 -0.100000 -0.051917
v 0.344594 -0.100000 -0.055313
v 0.346778 -0.100000 -0.059000
v 0.348705 -0.100000 -0.062979
v 0.350375 -0.100000 -0.067250
v 0.351788 -0.100000 -0.071813
v 0.352945 -0.100000 -0.076667
v 0.353844 -0.100000 -0.081813
v 0.354486 -0.100000 -0.087250
v 0.354872 -0.100000 -0.092979
v 0.355000 -0.100000 -0.099000
v 0.354507 -0.100000 -0.110444
v 0.353028 -0.100000 -0.120778
v 0.350563 -0.100000 -0.130000
v 0.347111 -0.100000 -0.138111
v 0.342674 -0.100000 -0.145111
v 0.337250 -0.100000 -0.151000
v 0.330840 -0.100000 -0.155778
v 0.323444 -0.100000 -0.159444
v 0.315062 -0.100000 -0.162000
v 0.305694 -0.100000 -0.163444
v 0.295340 -0.100000 -0.163778
v 0.284000 -0.100000 -0.163000
v 0.133000 -0.100000 -0.147000
v 0.127320 -0.100000 -0.146257
v 0.121944 -0.100000 -0.145361
v 0.116875 -0.100000 -0.144313
v 0.112111 -0.100000 -0.143111
v 0.107653 -0.100000 -0.141757
v 0.103500 -0.100000 -0.140250
v 0.099653 -0.100000 -0.138590
v 0.096111 -0.100000 -0.136778
v 0.092875 -0.100000 -0.134813
v 0.089944 -0.100000 -0.132694
v 0.087319 -0.100000 -0.130424
v 0.085000 -0.100000 -0.128000
v 0.082924 -0.100000 -0.125431
v 0.081028 -0.100000 -0.122722
v 0.079313 -0.100000 -0.119875
v 0.077778 -0.100000 -0.116889
v 0.076424 -0.100000 -0.113764
v 0.075250 -0.100000 -0.110500
v 0.074257 -0.100000 -0.107097
v 0.073444 -0.100000 -0.103556
v 0.072813 -0.100000 -0.099875
v 0.072361 -0.100000 -0.096056
v 0.072090 -0.100000 -0.092097
v 0.072000 -0.100000 -0.088000
v 0.072132 -0.100000 -0.083424
v 0.072528 -0.100000 -0.079028
v 0.073188 -0.100000 -0.074813
v 0.074111 -0.100000 -0.070778
v 0.075299 -0.100000 -0.066924
v 0.076750 -0.100000 -0.063250
v 0.078465 -0.100000 -0.059757
v 0.080445 -0.100000 -0.056444
v 0.082688 -0.100000 -0.053313
v 0.085194 -0.100000 -0.050361
v 0.087965 -0.100000 -0.047590
v 0.275000 -0.100000 -0.163000
v 0.139000 -0.100000 -0.149000
v 0.127899 -0.100000 -0.148066
v 0.117264 -0.100000 -0.147597
v 0.107094 -0.100000 -0.147594
v 0.097389 -0.100000 -0.148056
v 0.088149 -0.100000 -0.148983
v 0.079375 -0.100000 -0.150375
v 0.071066 -0.100000 -0.152233
v 0.063222 -0.100000 -0.154556
v 0.055844 -0.100000 -0.157344
v 0.048931 -0.100000 -0.160597
v 0.042483 -0.100000 -0.164316
v 0.036500 -0.100000 -0.168500
v 0.030990 -0.100000 -0.173080
v 0.025958 -0.100000 -0.177986
v 0.021406 -0.100000 -0.183219
v 0.017333 -0.100000 -0.188778
v 0.013740 -0.100000 -0.194663
v 0.010625 -0.100000 -0.200875
v 0.007990 -0.100000 -0.207413
v 0.005833 -0.100000 -0.214278
v 0.004156 -0.100000 -0.221469
v 0.002958 -0.100000 -0.228986
v 0.002240 -0.100000 -0.236830
v 0.002000 -0.100000 -0.245000
v 0.002226 -0.100000 -0.252062
v 0.002903 -0.100000 -0.258917
v 0.004031 -0.100000 -0.265563
v 0.005611 -0.100000 -0.272000
v 0.007643 -0.100000 -0.278229
v 0.010125 -0.100000 -0.284250
v 0.013059 -0.100000 -0.290063
v 0.016445 -0.100000 -0.295667
v 0.020281 -0.100000 -0.301063
v 0.024570 -0.100000 -0.306250
v 0.029309 -0.100000 -0.311229
v 0.034500 -0.100000 -0.316000
v 0.040101 -0.100000 -0.320528
v 0.046070 -0.100000 -0.324778
v 0.052406 -0.100000 -0.328750
v 0.059111 -0.100000 -0.332444
v 0.066184 -0.100000 -0.335861
v 0.073625 -0.100000 -0.339000
v 0.081434 -0.100000 -0.341861
v 0.089611 -0.100000 -0.344444
v 0.098156 -0.100000 -0.346750
v 0.107070 -0.100000 -0.348778
v 0.116351 -0.100000 -0.350528
v 0.126000 -0.100000 -0.352000
v 0.234000 -0.100000 -0.366000
v 0.242521 -0.100000 -0.366778
v 0.250750 -0.100000 -0.367111
v 0.258688 -0.100000 -0.367000
v 0.266333 -0.100000 -0.366444
v 0.273688 -0.100000 -0.365444
v 0.280750 -0.100000 -0.364000
v 0.287521 -0.100000 -0.362111
v 0.294000 -0.100000 -0.359778
v 0.300188 -0.100000 -0.357000
v 0.306084 -0.100000 -0.353778
v 0.311688 -0.100000 -0.350111
v 0.317000 -0.100000 -0.346000
v 0.321951 -0.100000 -0.341479
v 0.326472 -0.100000 -0.336583
v 0.330563 -0.100000 -0.331313
v 0.334222 -0.100000 -0.325667
v 0.337452 -0.100000 -0.319646
v 0.340250 -0.100000 -0.313250
v 0.342618 -0.100000 -0.306479
v 0.344556 -0.100000 -0.299333
v 0.346063 -0.100000 -0.291813
v 0.347139 -0.100000 -0.283917
v 0.347785 -0.100000 -0.275646
v 0.348000 -0.100000 -0.267000
v 0.347861 -0.100000 -0.259931
v 0.347445 -0.100000 -0.253056
v 0.346750 -0.100000 -0.246375
v 0.345778 -0.100000 -0.239889
v 0.344528 -0.100000 -0.233597
v 0.343000 -0.100000 -0.227500
v 0.341194 -0.100000 -0.221597
v 0.339111 -0.100000 -0.215889
v 0.336750 -0.100000 -0.210375
v 0.334111 -0.100000 -0.205056
v 0.331194 -0.100000 -0.199931
v 0.328000 -0.100000 -0.195000
v 0.324576 -0.100000 -0.190347
v 0.320972 -0.100000 -0.186056
v 0.317187 -0.100000 -0.182125
v 0.313222 -0.100000 -0.178556
v 0.309076 -0.100000 -0.175347
v 0.304750 -0.100000 -0.172500
v 0.300243 -0.100000 -0.170014
v 0.295556 -0.100000 -0.167889
v 0.290688 -0.100000 -0.166125
v 0.285639 -0.100000 -0.164722
v 0.280410 -0.100000 -0.163681
v 0.065500 -0.100000 -0.198500
v 0.069726 -0.100000 -0.196059
v 0.074236 -0.100000 -0.193903
v 0.079031 -0.100000 -0.192031
v 0.084111 -0.100000 -0.190444
v 0.089476 -0.100000 -0.189142
v 0.095125 -0.100000 -0.188125
v 0.101059 -0.100000 -0.187392
v 0.107278 -0.100000 -0.186944
v 0.113781 -0.100000 -0.186781
v 0.120569 -0.100000 -0.186903
v 0.127642 -0.100000 -0.187309
v 0.135000 -0.100000 -0.188000
v 0.270000 -0.100000 -0.202000
v 0.272948 -0.100000 -0.202441
v 0.275792 -0.100000 -0.203097
v 0.278531 -0.100000 -0.203969
v 0.281167 -0.100000 -0.205056
v 0.283698 -0.100000 -0.206358
v 0.286125 -0.100000 -0.207875
v 0.288448 -0.100000 -0.209608
v 0.290667 -0.100000 -0.211556
v 0.292781 -0.100000 -0.213719
v 0.294792 -0.100000 -0.216097
v 0.296698 -0.100000 -0.218691
v 0.298500 -0.100000 -0.221500
v 0.300177 -0.100000 -0.224490
v 0.301708 -0.100000 -0.227625
v 0.303094 -0.100000 -0.230906
v 0.304333 -0.100000 -0.234333
v 0.305427 -0.100000 -0.237906
v 0.306375 -0.100000 -0.241625
v 0.307177 -0.100000 -0.245490
v 0.307833 -0.100000 -0.249500
v 0.308344 -0.100000 -0.253656
v 0.308708 -0.100000 -0.257958
v 0.308927 -0.100000 -0.262406
v 0.309000 -0.100000 -0.267000
v 0.308507 -0.100000 -0.277806
v 0.307028 -0.100000 -0.287556
v 0.304563 -0.100000 -0.296250
v 0.301111 -0.100000 -0.303889
v 0.296674 -0.100000 -0.310472
v 0.291250 -0.100000 -0.316000
v 0.284840 -0.100000 -0.320472
v 0.277445 -0.100000 -0.323889
v 0.269063 -0.100000 -0.326250
v 0.259695 -0.100000 -0.327556
v 0.249340 -0.100000 -0.327806
v 0.238000 -0.100000 -0.327000
v 0.131000 -0.100000 -0.313000
v 0.123813 -0.100000 -0.312076
v 0.116917 -0.100000 -0.310972
v 0.110313 -0.100000 -0.309688
v 0.104000 -0.100000 -0.308222
v 0.097979 -0.100000 -0.306576
v 0.092250 -0.100000 -0.304750
v 0.086813 -0.100000 -0.302743
v 0.081667 -0.100000 -0.300556
v 0.076813 -0.100000 -0.298188
v 0.072250 -0.100000 -0.295639
v 0.067979 -0.100000 -0.292910
v 0.064000 -0.100000 -0.290000
v 0.060326 -0.100000 -0.286938
v 0.056972 -0.100000 -0.283750
v 0.053938 -0.100000 -0.280438
v 0.051222 -0.100000 -0.277000
v 0.048826 -0.100000 -0.273438
v 0.046750 -0.100000 -0.269750
v 0.044993 -0.100000 -0.265938
v 0.043556 -0.100000 -0.262000
v 0.042437 -0.100000 -0.257937
v 0.041639 -0.100000 -0.253750
v 0.041160 -0.100000 -0.249437
v 0.041000 -0.100000 -0.245000
v 0.041170 -0.100000 -0.239941
v 0.041681 -0.100000 -0.235097
v 0.042531 -0.100000 -0.230469
v 0.043722 -0.100000 -0.226056
v 0.045253 -0.100000 -0.221858
v 0.047125 -0.100000 -0.217875
v 0.049337 -0.100000 -0.214108
v 0.051889 -0.100000 -0.210556
v 0.054781 -0.100000 -0.207219
v 0.058014 -0.100000 -0.204097
v 0.061587 -0.100000 -0.201191
v 0.110763 -0.100000 0.299268
v 0.048117 -0.100000 0.265775
v 0.296175 -0.100000 0.183757
v 0.247625 -0.100000 0.180894
v 0.157750 -0.100000 0.170000
v 0.071801 -0.100000 0.141031
v 0.138308 -0.100000 0.009914
v 0.075598 -0.100000 -0.007360
v 0.033488 -0.100000 -0.099389
v 0.062075 -0.100000 -0.161656
v 0.347483 -0.100000 -0.005778
v 0.281368 -0.100000 0.009949
v 0.060383 -0.100000 -0.155628
v 0.057104 -0.100000 -0.156868
v 0.024552 -0.100000 -0.179603
v 0.029925 -0.100000 -0.311796
v 0.073832 -0.100000 -0.339076
v 0.330514 -0.100000 -0.198880
v 0.041000 -0.100000 0.305000
v 0.041000 0.100000 0.305000
v 0.035243 -0.100000 0.305319
v 0.035243 0.100000 0.305319
v 0.029639 -0.100000 0.305611
v 0.029639 0.100000 0.305611
v 0.024188 -0.100000 0.305875
v 0.024188 0.100000 0.305875
v 0.018889 -0.100000 0.306111
v 0.018889 0.100000 0.306111
v 0.013743 -0.100000 0.306319
v 0.013743 0.100000 0.306319
v 0.008750 -0.100000 0.306500
v 0.008750 0.100000 0.306500
v 0.003910 -0.100000 0.306653
v 0.003910 0.100000 0.306653
v -0.000778 -0.100000 0.306778
v -0.000778 0.100000 0.306778
v -0.005312 -0.100000 0.306875
v -0.005312 0.100000 0.306875
v -0.009694 -0.100000 0.306944
v -0.009694 0.100000 0.306944
v -0.013924 -0.100000 0.306986
v -0.013924 0.100000 0.306986
v -0.018000 -0.100000 0.307000
v -0.018000 0.100000 0.307000
v -0.038562 -0.100000 0.306625
v -0.038562 0.100000 0.306625
v -0.058583 -0.100000 0.305500
v -0.058583 0.100000 0.305500
v -0.078062 -0.100000 0.303625
v -0.078062 0.100000 0.303625
v -0.097000 -0.100000 0.301000
v -0.097000 0.100000 0.301000
v -0.115396 -0.100000 0.297625
v -0.115396 0.100000 0.297625
v -0.133250 -0.100000 0.293500
v -0.133250 0.100000 0.293500
v -0.150562 -0.100000 0.288625
v -0.150562 0.100000 0.288625
v -0.167333 -0.100000 0.283000
v -0.167333 0.100000 0.283000
v -0.183562 -0.100000 0.276625
v -0.183562 0.100000 0.276625
v -0.199250 -0.100000 0.269500
v -0.199250 0.100000 0.269500
v -0.214396 -0.100000 0.261625
v -0.214396 0.100000 0.261625
v -0.229000 -0.100000 0.253000
v -0.229000 0.100000 0.253000
v -0.244000 -0.100000 0.243000
v -0.244000 0.100000 0.243000
v -0.250892 -0.100000 0.238778
v -0.250892 0.100000 0.238778
v -0.257569 -0.100000 0.234778
v -0.257569 0.100000 0.234778
v -0.264031 -0.100000 0.231000
v -0.264031 0.100000 0.231000
v -0.270278 -0.100000 0.227444
v -0.270278 0.100000 0.227444
v -0.276309 -0.100000 0.224111
v -0.276309 0.100000 0.224111
v -0.282125 -0.100000 0.221000
v -0.282125 0.100000 0.221000
v -0.287726 -0.100000 0.218111
v -0.287726 0.100000 0.218111
v -0.293111 -0.100000 0.215444
v -0.293111 0.100000 0.215444
v -0.298281 -0.100000 0.213000
v -0.298281 0.100000 0.213000
v -0.303236 -0.100000 0.210778
v -0.303236 0.100000 0.210778
v -0.307976 -0.100000 0.208778
v -0.307976 0.100000 0.208778
v -0.312500 -0.100000 0.207000
v -0.312500 0.100000 0.207000
v -0.316920 -0.100000 0.205403
v -0.316920 0.100000 0.205403
v -0.321347 -0.100000 0.203944
v -0.321347 0.100000 0.203944
v -0.325781 -0.100000 0.202625
v -0.325781 0.100000 0.202625
v -0.330222 -0.100000 0.201444
v -0.330222 0.100000 0.201444
v -0.334670 -0.100000 0.200403
v -0.334670 0.100000 0.200403
v -0.339125 -0.100000 0.199500
v -0.339125 0.100000 0.199500
v -0.343587 -0.100000 0.198736
v -0.343587 0.100000 0.198736
v -0.348055 -0.100000 0.198111
v -0.348055 0.100000 0.198111
v -0.352531 -0.100000 0.197625
v -0.352531 0.100000 0.197625
v -0.357014 -0.100000 0.197278
v -0.357014 0.100000 0.197278
v -0.361503 -0.100000 0.197069
v -0.361503 0.100000 0.197069
v -0.366000 -0.100000 0.197000
v -0.366000 0.100000 0.197000
v -0.524000 -0.100000 0.197000
v -0.524000 0.100000 0.197000
v -0.524000 -0.100000 -0.220000
v -0.524000 0.100000 -0.220000
v -0.516278 -0.100000 -0.220017
v -0.516278 0.100000 -0.220017
v -0.508444 -0.100000 -0.220069
v -0.508444 0.100000 -0.220069
v -0.500500 -0.100000 -0.220156
v -0.500500 0.100000 -0.220156
v -0.492444 -0.100000 -0.220278
v -0.492444 0.100000 -0.220278
v -0.484278 -0.100000 -0.220434
v -0.484278 0.100000 -0.220434
v -0.476000 -0.100000 -0.220625
v -0.476000 0.100000 -0.220625
v -0.467611 -0.100000 -0.220851
v -0.467611 0.100000 -0.220851
v -0.459111 -0.100000 -0.221111
v -0.459111 0.100000 -0.221111
v -0.450500 -0.100000 -0.221406
v -0.450500 0.100000 -0.221406
v -0.441778 -0.100000 -0.221736
v -0.441778 0.100000 -0.221736
v -0.432944 -0.100000 -0.222101
v -0.432944 0.100000 -0.222101
v -0.424000 -0.100000 -0.222500
v -0.424000 0.100000 -0.222500
v -0.415028 -0.100000 -0.222983
v -0.415028 0.100000 -0.222983
v -0.406111 -0.100000 -0.223597
v -0.406111 0.100000 -0.223597
v -0.397250 -0.100000 -0.224344
v -0.397250 0.100000 -0.224344
v -0.388444 -0.100000 -0.225222
v -0.388444 0.100000 -0.225222
v -0.379694 -0.100000 -0.226233
v -0.379694 0.100000 -0.226233
v -0.371000 -0.100000 -0.227375
v -0.371000 0.100000 -0.227375
v -0.362361 -0.100000 -0.228649
v -0.362361 0.100000 -0.228649
v -0.353778 -0.100000 -0.230056
v -0.353778 0.100000 -0.230056
v -0.345250 -0.100000 -0.231594
v -0.345250 0.100000 -0.231594
v -0.336778 -0.100000 -0.233264
v -0.336778 0.100000 -0.233264
v -0.328361 -0.100000 -0.235066
v -0.328361 0.100000 -0.235066
v -0.320000 -0.100000 -0.237000
v -0.320000 0.100000 -0.237000
v -0.318705 -0.100000 -0.243747
v -0.318705 0.100000 -0.243747
v -0.317153 -0.100000 -0.250319
v -0.317153 0.100000 -0.250319
v -0.315344 -0.100000 -0.256719
v -0.315344 0.100000 -0.256719
v -0.313278 -0.100000 -0.262944
v -0.313278 0.100000 -0.262944
v -0.310955 -0.100000 -0.268997
v -0.310955 0.100000 -0.268997
v -0.308375 -0.100000 -0.274875
v -0.308375 0.100000 -0.274875
v -0.305538 -0.100000 -0.280580
v -0.305538 0.100000 -0.280580
v -0.302444 -0.100000 -0.286111
v -0.302444 0.100000 -0.286111
v -0.299094 -0.100000 -0.291469
v -0.299094 0.100000 -0.291469
v -0.295486 -0.100000 -0.296653
v -0.295486 0.100000 -0.296653
v -0.291621 -0.100000 -0.301663
v -0.291621 0.100000 -0.301663
v -0.287500 -0.100000 -0.306500
v -0.287500 0.100000 -0.306500
v -0.283024 -0.100000 -0.311281
v -0.283024 0.100000 -0.311281
v -0.278097 -0.100000 -0.316125
v -0.278097 0.100000 -0.316125
v -0.272719 -0.100000 -0.321031
v -0.272719 0.100000 -0.321031
v -0.266889 -0.100000 -0.326000
v -0.266889 0.100000 -0.326000
v -0.260608 -0.100000 -0.331031
v -0.260608 0.100000 -0.331031
v -0.253875 -0.100000 -0.336125
v -0.253875 0.100000 -0.336125
v -0.246691 -0.100000 -0.341281
v -0.246691 0.100000 -0.341281
v -0.239056 -0.100000 -0.346500
v -0.239056 0.100000 -0.346500
v -0.230969 -0.100000 -0.351781
v -0.230969 0.100000 -0.351781
v -0.222431 -0.100000 -0.357125
v -0.222431 0.100000 -0.357125
v -0.213441 -0.100000 -0.362531
v -0.213441 0.100000 -0.362531
v -0.204000 -0.100000 -0.368000
v -0.204000 0.100000 -0.368000
v -0.195816 -0.100000 -0.372837
v -0.195816 0.100000 -0.372837
v -0.187931 -0.100000 -0.377681
v -0.187931 0.100000 -0.377681
v -0.180344 -0.100000 -0.382531
v -0.180344 0.100000 -0.382531
v -0.173055 -0.100000 -0.387389
v -0.173055 0.100000 -0.387389
v -0.166066 -0.100000 -0.392254
v -0.166066 0.100000 -0.392254
v -0.159375 -0.100000 -0.397125
v -0.159375 0.100000 -0.397125
v -0.152983 -0.100000 -0.402004
v -0.152983 0.100000 -0.402004
v -0.146889 -0.100000 -0.406889
v -0.146889 0.100000 -0.406889
v -0.141094 -0.100000 -0.411781
v -0.141094 0.100000 -0.411781
v -0.135597 -0.100000 -0.416681
v -0.135597 0.100000 -0.416681
v -0.130399 -0.100000 -0.421587
v -0.130399 0.100000 -0.421587
v -0.125500 -0.100000 -0.426500
v -0.125500 0.100000 -0.426500
v -0.120868 -0.100000 -0.431479
v -0.120868 0.100000 -0.431479
v -0.116472 -0.100000 -0.436583
v -0.116472 0.100000 -0.436583
v -0.112312 -0.100000 -0.441813
v -0.112312 0.100000 -0.441813
v -0.108389 -0.100000 -0.447167
v -0.108389 0.100000 -0.447167
v -0.104701 -0.100000 -0.452646
v -0.104701 0.100000 -0.452646
v -0.101250 -0.100000 -0.458250
v -0.101250 0.100000 -0.458250
v -0.098035 -0.100000 -0.463979
v -0.098035 0.100000 -0.463979
v -0.095056 -0.100000 -0.469833
v -0.095056 0.100000 -0.469833
v -0.092312 -0.100000 -0.475813
v -0.092312 0.100000 -0.475813
v -0.089806 -0.100000 -0.481917
v -0.089806 0.100000 -0.481917
v -0.087535 -0.100000 -0.488146
v -0.087535 0.100000 -0.488146
v -0.085500 -0.100000 -0.494500
v -0.085500 0.100000 -0.494500
v -0.083663 -0.100000 -0.501045
v -0.083663 0.100000 -0.501045
v -0.081986 -0.100000 -0.507847
v -0.081986 0.100000 -0.507847
v -0.080469 -0.100000 -0.514906
v -0.080469 0.100000 -0.514906
v -0.079111 -0.100000 -0.522222
v -0.079111 0.100000 -0.522222
v -0.077913 -0.100000 -0.529795
v -0.077913 0.100000 -0.529795
v -0.076875 -0.100000 -0.537625
v -0.076875 0.100000 -0.537625
v -0.075997 -0.100000 -0.545712
v -0.075997 0.100000 -0.545712
v -0.075278 -0.100000 -0.554056
v -0.075278 0.100000 -0.554056
v -0.074719 -0.100000 -0.562656
v -0.074719 0.100000 -0.562656
v -0.074319 -0.100000 -0.571514
v -0.074319 0.100000 -0.571514
v -0.074080 -0.100000 -0.580629
v -0.074080 0.100000 -0.580629
v -0.074000 -0.100000 -0.590000
v -0.074000 0.100000 -0.590000
v -0.074000 -0.100000 -0.609000
v -0.074000 0.100000 -0.609000
v -0.073528 -0.100000 -0.623535
v -0.073528 0.100000 -0.623535
v -0.072111 -0.100000 -0.636806
v -0.072111 0.100000 -0.636806
v -0.069750 -0.100000 -0.648813
v -0.069750 0.100000 -0.648813
v -0.066444 -0.100000 -0.659556
v -0.066444 0.100000 -0.659556
v -0.062194 -0.100000 -0.669035
v -0.062194 0.100000 -0.669035
v -0.057000 -0.100000 -0.677250
v -0.057000 0.100000 -0.677250
v -0.050861 -0.100000 -0.684202
v -0.050861 0.100000 -0.684202
v -0.043778 -0.100000 -0.689889
v -0.043778 0.100000 -0.689889
v -0.035750 -0.100000 -0.694313
v -0.035750 0.100000 -0.694313
v -0.026778 -0.100000 -0.697472
v -0.026778 0.100000 -0.697472
v -0.016861 -0.100000 -0.699368
v -0.016861 0.100000 -0.699368
v -0.006000 -0.100000 -0.700000
v -0.006000 0.100000 -0.700000
v 0.002684 -0.100000 -0.699670
v 0.002684 0.100000 -0.699670
v 0.011069 -0.100000 -0.698681
v 0.011069 0.100000 -0.698681
v 0.019156 -0.100000 -0.697031
v 0.019156 0.100000 -0.697031
v 0.026944 -0.100000 -0.694722
v 0.026944 0.100000 -0.694722
v 0.034434 -0.100000 -0.691754
v 0.034434 0.100000 -0.691754
v 0.041625 -0.100000 -0.688125
v 0.041625 0.100000 -0.688125
v 0.048517 -0.100000 -0.683837
v 0.048517 0.100000 -0.683837
v 0.055111 -0.100000 -0.678889
v 0.055111 0.100000 -0.678889
v 0.061406 -0.100000 -0.673281
v 0.061406 0.100000 -0.673281
v 0.067403 -0.100000 -0.667014
v 0.067403 0.100000 -0.667014
v 0.073101 -0.100000 -0.660087
v 0.073101 0.100000 -0.660087
v 0.078500 -0.100000 -0.652500
v 0.078500 0.100000 -0.652500
v 0.083531 -0.100000 -0.644372
v 0.083531 0.100000 -0.644372
v 0.088125 -0.100000 -0.635819
v 0.088125 0.100000 -0.635819
v 0.092281 -0.100000 -0.626844
v 0.092281 0.100000 -0.626844
v 0.096000 -0.100000 -0.617445
v 0.096000 0.100000 -0.617445
v 0.099281 -0.100000 -0.607622
v 0.099281 0.100000 -0.607622
v 0.102125 -0.100000 -0.597375
v 0.102125 0.100000 -0.597375
v 0.104531 -0.100000 -0.586705
v 0.104531 0.100000 -0.586705
v 0.106500 -0.100000 -0.575611
v 0.106500 0.100000 -0.575611
v 0.108031 -0.100000 -0.564094
v 0.108031 0.100000 -0.564094
v 0.109125 -0.100000 -0.552153
v 0.109125 0.100000 -0.552153
v 0.109781 -0.100000 -0.539788
v 0.109781 0.100000 -0.539788
v 0.110000 -0.100000 -0.527000
v 0.110000 0.100000 -0.527000
v 0.109938 -0.100000 -0.519879
v 0.109938 0.100000 -0.519879
v 0.109750 -0.100000 -0.512847
v 0.109750 0.100000 -0.512847
v 0.109438 -0.100000 -0.505906
v 0.109438 0.100000 -0.505906
v 0.109000 -0.100000 -0.499056
v 0.109000 0.100000 -0.499056
v 0.108438 -0.100000 -0.492295
v 0.108438 0.100000 -0.492295
v 0.107750 -0.100000 -0.485625
v 0.107750 0.100000 -0.485625
v 0.106938 -0.100000 -0.479045
v 0.106938 0.100000 -0.479045
v 0.106000 -0.100000 -0.472556
v 0.106000 0.100000 -0.472556
v 0.104938 -0.100000 -0.466156
v 0.104938 0.100000 -0.466156
v 0.103750 -0.100000 -0.459847
v 0.103750 0.100000 -0.459847
v 0.102438 -0.100000 -0.453629
v 0.102438 0.100000 -0.453629
v 0.101000 -0.100000 -0.447500
v 0.101000 0.100000 -0.447500
v 0.099497 -0.100000 -0.441438
v 0.099497 0.100000 -0.441438
v 0.097986 -0.100000 -0.435417
v 0.097986 0.100000 -0.435417
v 0.096469 -0.100000 -0.429438
v 0.096469 0.100000 -0.429438
v 0.094944 -0.100000 -0.423500
v 0.094944 0.100000 -0.423500
v 0.093413 -0.100000 -0.417604
v 0.093413 0.100000 -0.417604
v 0.091875 -0.100000 -0.411750
v 0.091875 0.100000 -0.411750
v 0.090330 -0.100000 -0.405937
v 0.090330 0.100000 -0.405937
v 0.088778 -0.100000 -0.400167
v 0.088778 0.100000 -0.400167
v 0.087219 -0.100000 -0.394437
v 0.087219 0.100000 -0.394437
v 0.085653 -0.100000 -0.388750
v 0.085653 0.100000 -0.388750
v 0.084080 -0.100000 -0.383104
v 0.084080 0.100000 -0.383104
v 0.082500 -0.100000 -0.377500
v 0.082500 0.100000 -0.377500
v 0.080962 -0.100000 -0.371906
v 0.080962 0.100000 -0.371906
v 0.079514 -0.100000 -0.366292
v 0.079514 0.100000 -0.366292
v 0.078156 -0.100000 -0.360656
v 0.078156 0.100000 -0.360656
v 0.076889 -0.100000 -0.355000
v 0.076889 0.100000 -0.355000
v 0.075712 -0.100000 -0.349323
v 0.075712 0.100000 -0.349323
v 0.074625 -0.100000 -0.343625
v 0.074625 0.100000 -0.343625
v 0.073629 -0.100000 -0.337906
v 0.073629 0.100000 -0.337906
v 0.072722 -0.100000 -0.332167
v 0.072722 0.100000 -0.332167
v 0.071906 -0.100000 -0.326406
v 0.071906 0.100000 -0.326406
v 0.071181 -0.100000 -0.320625
v 0.071181 0.100000 -0.320625
v 0.070545 -0.100000 -0.314823
v 0.070545 0.100000 -0.314823
v 0.070000 -0.100000 -0.309000
v 0.070000 0.100000 -0.309000
v 0.029000 -0.100000 -0.288000
v 0.029000 0.100000 -0.288000
v 0.029073 -0.100000 -0.294809
v 0.029073 0.100000 -0.294809
v 0.029292 -0.100000 -0.301569
v 0.029292 0.100000 -0.301569
v 0.029656 -0.100000 -0.308281
v 0.029656 0.100000 -0.308281
v 0.030167 -0.100000 -0.314945
v 0.030167 0.100000 -0.314945
v 0.030823 -0.100000 -0.321559
v 0.030823 0.100000 -0.321559
v 0.031625 -0.100000 -0.328125
v 0.031625 0.100000 -0.328125
v 0.032573 -0.100000 -0.334642
v 0.032573 0.100000 -0.334642
v 0.033667 -0.100000 -0.341111
v 0.033667 0.100000 -0.341111
v 0.034906 -0.100000 -0.347531
v 0.034906 0.100000 -0.347531
v 0.036292 -0.100000 -0.353903
v 0.036292 0.100000 -0.353903
v 0.037823 -0.100000 -0.360226
v 0.037823 0.100000 -0.360226
v 0.039500 -0.100000 -0.366500
v 0.039500 0.100000 -0.366500
v 0.041250 -0.100000 -0.372760
v 0.041250 0.100000 -0.372760
v 0.043000 -0.100000 -0.379042
v 0.043000 0.100000 -0.379042
v 0.044750 -0.100000 -0.385344
v 0.044750 0.100000 -0.385344
v 0.046500 -0.100000 -0.391667
v 0.046500 0.100000 -0.391667
v 0.048250 -0.100000 -0.398010
v 0.048250 0.100000 -0.398010
v 0.050000 -0.100000 -0.404375
v 0.050000 0.100000 -0.404375
v 0.051750 -0.100000 -0.410761
v 0.051750 0.100000 -0.410761
v 0.053500 -0.100000 -0.417167
v 0.053500 0.100000 -0.417167
v 0.055250 -0.100000 -0.423594
v 0.055250 0.100000 -0.423594
v 0.057000 -0.100000 -0.430042
v 0.057000 0.100000 -0.430042
v 0.058750 -0.100000 -0.436511
v 0.058750 0.100000 -0.436511
v 0.060500 -0.100000 -0.443000
v 0.060500 0.100000 -0.443000
v 0.062177 -0.100000 -0.449542
v 0.062177 0.100000 -0.449542
v 0.063708 -0.100000 -0.456167
v 0.063708 0.100000 -0.456167
v 0.065094 -0.100000 -0.462875
v 0.065094 0.100000 -0.462875
v 0.066333 -0.100000 -0.469667
v 0.066333 0.100000 -0.469667
v 0.067427 -0.100000 -0.476542
v 0.067427 0.100000 -0.476542
v 0.068375 -0.100000 -0.483500
v 0.068375 0.100000 -0.483500
v 0.069177 -0.100000 -0.490542
v 0.069177 0.100000 -0.490542
v 0.069833 -0.100000 -0.497667
v 0.069833 0.100000 -0.497667
v 0.070344 -0.100000 -0.504875
v 0.070344 0.100000 -0.504875
v 0.070708 -0.100000 -0.512167
v 0.070708 0.100000 -0.512167
v 0.070927 -0.100000 -0.519542
v 0.070927 0.100000 -0.519542
v 0.071000 -0.100000 -0.527000
v 0.071000 0.100000 -0.527000
v 0.070854 -0.100000 -0.537153
v 0.070854 0.100000 -0.537153
v 0.070417 -0.100000 -0.546944
v 0.070417 0.100000 -0.546944
v 0.069688 -0.100000 -0.556375
v 0.069688 0.100000 -0.556375
v 0.068667 -0.100000 -0.565444
v 0.068667 0.100000 -0.565444
v 0.067354 -0.100000 -0.574153
v 0.067354 0.100000 -0.574153
v 0.065750 -0.100000 -0.582500
v 0.065750 0.100000 -0.582500
v 0.063854 -0.100000 -0.590486
v 0.063854 0.100000 -0.590486
v 0.061667 -0.100000 -0.598111
v 0.061667 0.100000 -0.598111
v 0.059188 -0.100000 -0.605375
v 0.059188 0.100000 -0.605375
v 0.056417 -0.100000 -0.612278
v 0.056417 0.100000 -0.612278
v 0.053354 -0.100000 -0.618819
v 0.053354 0.100000 -0.618819
v 0.050000 -0.100000 -0.625000
v 0.050000 0.100000 -0.625000
v 0.046403 -0.100000 -0.630750
v 0.046403 0.100000 -0.630750
v 0.042611 -0.100000 -0.636000
v 0.042611 0.100000 -0.636000
v 0.038625 -0.100000 -0.640750
v 0.038625 0.100000 -0.640750
v 0.034445 -0.100000 -0.645000
v 0.034445 0.100000 -0.645000
v 0.030070 -0.100000 -0.648750
v 0.030070 0.100000 -0.648750
v 0.025500 -0.100000 -0.652000
v 0.025500 0.100000 -0.652000
v 0.020736 -0.100000 -0.654750
v 0.020736 0.100000 -0.654750
v 0.015778 -0.100000 -0.657000
v 0.015778 0.100000 -0.657000
v 0.010625 -0.100000 -0.658750
v 0.010625 0.100000 -0.658750
v 0.005278 -0.100000 -0.660000
v 0.005278 0.100000 -0.660000
v -0.000264 -0.100000 -0.660750
v -0.000264 0.100000 -0.660750
v -0.006000 -0.100000 -0.661000
v -0.006000 0.100000 -0.661000
v -0.008444 -0.100000 -0.660924
v -0.008444 0.100000 -0.660924
v -0.010778 -0.100000 -0.660694
v -0.010778 0.100000 -0.660694
v -0.013000 -0.100000 -0.660313
v -0.013000 0.100000 -0.660313
v -0.015111 -0.100000 -0.659778
v -0.015111 0.100000 -0.659778
v -0.017111 -0.100000 -0.659090
v -0.017111 0.100000 -0.659090
v -0.019000 -0.100000 -0.658250
v -0.019000 0.100000 -0.658250
v -0.020778 -0.100000 -0.657257
v -0.020778 0.100000 -0.657257
v -0.022444 -0.100000 -0.656111
v -0.022444 0.100000 -0.656111
v -0.024000 -0.100000 -0.654813
v -0.024000 0.100000 -0.654813
v -0.025444 -0.100000 -0.653361
v -0.025444 0.100000 -0.653361
v -0.026778 -0.100000 -0.651757
v -0.026778 0.100000 -0.651757
v -0.028000 -0.100000 -0.650000
v -0.028000 0.100000 -0.650000
v -0.029118 -0.100000 -0.648035
v -0.029118 0.100000 -0.648035
v -0.030139 -0.100000 -0.645806
v -0.030139 0.100000 -0.645806
v -0.031062 -0.100000 -0.643313
v -0.031062 0.100000 -0.643313
v -0.031889 -0.100000 -0.640556
v -0.031889 0.100000 -0.640556
v -0.032618 -0.100000 -0.637535
v -0.032618 0.100000 -0.637535
v -0.033250 -0.100000 -0.634250
v -0.033250 0.100000 -0.634250
v -0.033785 -0.100000 -0.630701
v -0.033785 0.100000 -0.630701
v -0.034222 -0.100000 -0.626889
v -0.034222 0.100000 -0.626889
v -0.034562 -0.100000 -0.622813
v -0.034562 0.100000 -0.622813
v -0.034806 -0.100000 -0.618472
v -0.034806 0.100000 -0.618472
v -0.034951 -0.100000 -0.613868
v -0.034951 0.100000 -0.613868
v -0.035000 -0.100000 -0.609000
v -0.035000 0.100000 -0.609000
v -0.035000 -0.100000 -0.590000
v -0.035000 0.100000 -0.590000
v -0.035097 -0.100000 -0.579465
v -0.035097 0.100000 -0.579465
v -0.035389 -0.100000 -0.569194
v -0.035389 0.100000 -0.569194
v -0.035875 -0.100000 -0.559188
v -0.035875 0.100000 -0.559188
v -0.036556 -0.100000 -0.549444
v -0.036556 0.100000 -0.549444
v -0.037431 -0.100000 -0.539965
v -0.037431 0.100000 -0.539965
v -0.038500 -0.100000 -0.530750
v -0.038500 0.100000 -0.530750
v -0.039764 -0.100000 -0.521799
v -0.039764 0.100000 -0.521799
v -0.041222 -0.100000 -0.513111
v -0.041222 0.100000 -0.513111
v -0.042875 -0.100000 -0.504688
v -0.042875 0.100000 -0.504688
v -0.044722 -0.100000 -0.496528
v -0.044722 0.100000 -0.496528
v -0.046764 -0.100000 -0.488632
v -0.046764 0.100000 -0.488632
v -0.049000 -0.100000 -0.481000
v -0.049000 0.100000 -0.481000
v -0.051462 -0.100000 -0.473573
v -0.051462 0.100000 -0.473573
v -0.054181 -0.100000 -0.466292
v -0.054181 0.100000 -0.466292
v -0.057156 -0.100000 -0.459156
v -0.057156 0.100000 -0.459156
v -0.060389 -0.100000 -0.452167
v -0.060389 0.100000 -0.452167
v -0.063878 -0.100000 -0.445323
v -0.063878 0.100000 -0.445323
v -0.067625 -0.100000 -0.438625
v -0.067625 0.100000 -0.438625
v -0.071628 -0.100000 -0.432073
v -0.071628 0.100000 -0.432073
v -0.075889 -0.100000 -0.425667
v -0.075889 0.100000 -0.425667
v -0.080406 -0.100000 -0.419406
v -0.080406 0.100000 -0.419406
v -0.085181 -0.100000 -0.413292
v -0.085181 0.100000 -0.413292
v -0.090212 -0.100000 -0.407323
v -0.090212 0.100000 -0.407323
v -0.095500 -0.100000 -0.401500
v -0.095500 0.100000 -0.401500
v -0.101087 -0.100000 -0.395760
v -0.101087 0.100000 -0.395760
v -0.107014 -0.100000 -0.390042
v -0.107014 0.100000 -0.390042
v -0.113281 -0.100000 -0.384344
v -0.113281 0.100000 -0.384344
v -0.119889 -0.100000 -0.378667
v -0.119889 0.100000 -0.378667
v -0.126837 -0.100000 -0.373010
v -0.126837 0.100000 -0.373010
v -0.134125 -0.100000 -0.367375
v -0.134125 0.100000 -0.367375
v -0.141753 -0.100000 -0.361760
v -0.141753 0.100000 -0.361760
v -0.149722 -0.100000 -0.356167
v -0.149722 0.100000 -0.356167
v -0.158031 -0.100000 -0.350594
v -0.158031 0.100000 -0.350594
v -0.166681 -0.100000 -0.345042
v -0.166681 0.100000 -0.345042
v -0.175670 -0.100000 -0.339510
v -0.175670 0.100000 -0.339510
v -0.185000 -0.100000 -0.334000
v -0.185000 0.100000 -0.334000
v -0.191375 -0.100000 -0.330201
v -0.191375 0.100000 -0.330201
v -0.197500 -0.100000 -0.326472
v -0.197500 0.100000 -0.326472
v -0.203375 -0.100000 -0.322813
v -0.203375 0.100000 -0.322813
v -0.209000 -0.100000 -0.319222
v -0.209000 0.100000 -0.319222
v -0.214375 -0.100000 -0.315701
v -0.214375 0.100000 -0.315701
v -0.219500 -0.100000 -0.312250
v -0.219500 0.100000 -0.312250
v -0.224375 -0.100000 -0.308868
v -0.224375 0.100000 -0.308868
v -0.229000 -0.100000 -0.305556
v -0.229000 0.100000 -0.305556
v -0.233375 -0.100000 -0.302313
v -0.233375 0.100000 -0.302313
v -0.237500 -0.100000 -0.299139
v -0.237500 0.100000 -0.299139
v -0.241375 -0.100000 -0.296035
v -0.241375 0.100000 -0.296035
v -0.245000 -0.100000 -0.293000
v -0.245000 0.100000 -0.293000
v -0.248410 -0.100000 -0.289986
v -0.248410 0.100000 -0.289986
v -0.251639 -0.100000 -0.286945
v -0.251639 0.100000 -0.286945
v -0.254687 -0.100000 -0.283875
v -0.254687 0.100000 -0.283875
v -0.257556 -0.100000 -0.280778
v -0.257556 0.100000 -0.280778
v -0.260243 -0.100000 -0.277653
v -0.260243 0.100000 -0.277653
v -0.262750 -0.100000 -0.274500
v -0.262750 0.100000 -0.274500
v -0.265076 -0.100000 -0.271320
v -0.265076 0.100000 -0.271320
v -0.267222 -0.100000 -0.268111
v -0.267222 0.100000 -0.268111
v -0.269187 -0.100000 -0.264875
v -0.269187 0.100000 -0.264875
v -0.270972 -0.100000 -0.261611
v -0.270972 0.100000 -0.261611
v -0.272576 -0.100000 -0.258319
v -0.272576 0.100000 -0.258319
v -0.274000 -0.100000 -0.255000
v -0.274000 0.100000 -0.255000
v -0.275285 -0.100000 -0.251604
v -0.275285 0.100000 -0.251604
v -0.276472 -0.100000 -0.248083
v -0.276472 0.100000 -0.248083
v -0.277562 -0.100000 -0.244438
v -0.277562 0.100000 -0.244438
v -0.278556 -0.100000 -0.240667
v -0.278556 0.100000 -0.240667
v -0.279451 -0.100000 -0.236771
v -0.279451 0.100000 -0.236771
v -0.280250 -0.100000 -0.232750
v -0.280250 0.100000 -0.232750
v -0.280951 -0.100000 -0.228604
v -0.280951 0.100000 -0.228604
v -0.281556 -0.100000 -0.224333
v -0.281556 0.100000 -0.224333
v -0.282062 -0.100000 -0.219938
v -0.282062 0.100000 -0.219938
v -0.282472 -0.100000 -0.215417
v -0.282472 0.100000 -0.215417
v -0.282785 -0.100000 -0.210771
v -0.282785 0.100000 -0.210771
v -0.283000 -0.100000 -0.206000
v -0.283000 0.100000 -0.206000
v -0.291038 -0.100000 -0.203729
v -0.291038 0.100000 -0.203729
v -0.299153 -0.100000 -0.201583
v -0.299153 0.100000 -0.201583
v -0.307344 -0.100000 -0.199563
v -0.307344 0.100000 -0.199563
v -0.315611 -0.100000 -0.197667
v -0.315611 0.100000 -0.197667
v -0.323955 -0.100000 -0.195896
v -0.323955 0.100000 -0.195896
v -0.332375 -0.100000 -0.194250
v -0.332375 0.100000 -0.194250
v -0.340871 -0.100000 -0.192729
v -0.340871 0.100000 -0.192729
v -0.349444 -0.100000 -0.191333
v -0.349444 0.100000 -0.191333
v -0.358094 -0.100000 -0.190063
v -0.358094 0.100000 -0.190063
v -0.366819 -0.100000 -0.188917
v -0.366819 0.100000 -0.188917
v -0.375621 -0.100000 -0.187896
v -0.375621 0.100000 -0.187896
v -0.384500 -0.100000 -0.187000
v -0.384500 0.100000 -0.187000
v -0.393371 -0.100000 -0.186194
v -0.393371 0.100000 -0.186194
v -0.402153 -0.100000 -0.185444
v -0.402153 0.100000 -0.185444
v -0.410844 -0.100000 -0.184750
v -0.410844 0.100000 -0.184750
v -0.419444 -0.100000 -0.184111
v -0.419444 0.100000 -0.184111
v -0.427955 -0.100000 -0.183528
v -0.427955 0.100000 -0.183528
v -0.436375 -0.100000 -0.183000
v -0.436375 0.100000 -0.183000
v -0.444705 -0.100000 -0.182528
v -0.444705 0.100000 -0.182528
v -0.452944 -0.100000 -0.182111
v -0.452944 0.100000 -0.182111
v -0.461094 -0.100000 -0.181750
v -0.461094 0.100000 -0.181750
v -0.469153 -0.100000 -0.181444
v -0.469153 0.100000 -0.181444
v -0.477122 -0.100000 -0.181194
v -0.477122 0.100000 -0.181194
v -0.485000 -0.100000 -0.181000
v -0.485000 0.100000 -0.181000
v -0.485000 -0.100000 0.158000
v -0.485000 0.100000 0.158000
v -0.366000 -0.100000 0.158000
v -0.366000 0.100000 0.158000
v -0.360667 -0.100000 0.158080
v -0.360667 0.100000 0.158080
v -0.355333 -0.100000 0.158319
v -0.355333 0.100000 0.158319
v -0.350000 -0.100000 0.158719
v -0.350000 0.100000 0.158719
v -0.344667 -0.100000 0.159278
v -0.344667 0.100000 0.159278
v -0.339333 -0.100000 0.159997
v -0.339333 0.100000 0.159997
v -0.334000 -0.100000 0.160875
v -0.334000 0.100000 0.160875
v -0.328667 -0.100000 0.161913
v -0.328667 0.100000 0.161913
v -0.323333 -0.100000 0.163111
v -0.323333 0.100000 0.163111
v -0.318000 -0.100000 0.164469
v -0.318000 0.100000 0.164469
v -0.312667 -0.100000 0.165986
v -0.312667 0.100000 0.165986
v -0.307333 -0.100000 0.167663
v -0.307333 0.100000 0.167663
v -0.302000 -0.100000 0.169500
v -0.302000 0.100000 0.169500
v -0.296569 -0.100000 0.171538
v -0.296569 0.100000 0.171538
v -0.290944 -0.100000 0.173819
v -0.290944 0.100000 0.173819
v -0.285125 -0.100000 0.176344
v -0.285125 0.100000 0.176344
v -0.279111 -0.100000 0.179111
v -0.279111 0.100000 0.179111
v -0.272903 -0.100000 0.182122
v -0.272903 0.100000 0.182122
v -0.266500 -0.100000 0.185375
v -0.266500 0.100000 0.185375
v -0.259903 -0.100000 0.188872
v -0.259903 0.100000 0.188872
v -0.253111 -0.100000 0.192611
v -0.253111 0.100000 0.192611
v -0.246125 -0.100000 0.196594
v -0.246125 0.100000 0.196594
v -0.238944 -0.100000 0.200819
v -0.238944 0.100000 0.200819
v -0.231569 -0.100000 0.205288
v -0.231569 0.100000 0.205288
v -0.224000 -0.100000 0.210000
v -0.224000 0.100000 0.210000
v -0.208000 -0.100000 0.220000
v -0.208000 0.100000 0.220000
v -0.195069 -0.100000 0.227667
v -0.195069 0.100000 0.227667
v -0.181611 -0.100000 0.234667
v -0.181611 0.100000 0.234667
v -0.167625 -0.100000 0.241000
v -0.167625 0.100000 0.241000
v -0.153111 -0.100000 0.246667
v -0.153111 0.100000 0.246667
v -0.138069 -0.100000 0.251667
v -0.138069 0.100000 0.251667
v -0.122500 -0.100000 0.256000
v -0.122500 0.100000 0.256000
v -0.106403 -0.100000 0.259667
v -0.106403 0.100000 0.259667
v -0.089778 -0.100000 0.262667
v -0.089778 0.100000 0.262667
v -0.072625 -0.100000 0.265000
v -0.072625 0.100000 0.265000
v -0.054945 -0.100000 0.266667
v -0.054945 0.100000 0.266667
v -0.036736 -0.100000 0.267667
v -0.036736 0.100000 0.267667
v -0.018000 -0.100000 0.268000
v -0.018000 0.100000 0.268000
v -0.013653 -0.100000 0.267990
v -0.013653 0.100000 0.267990
v -0.009278 -0.100000 0.267958
v -0.009278 0.100000 0.267958
v -0.004875 -0.100000 0.267906
v -0.004875 0.100000 0.267906
v -0.000444 -0.100000 0.267833
v -0.000444 0.100000 0.267833
v 0.004014 -0.100000 0.267740
v 0.004014 0.100000 0.267740
v 0.008500 -0.100000 0.267625
v 0.008500 0.100000 0.267625
v 0.013014 -0.100000 0.267490
v 0.013014 0.100000 0.267490
v 0.017555 -0.100000 0.267333
v 0.017555 0.100000 0.267333
v 0.022125 -0.100000 0.267156
v 0.022125 0.100000 0.267156
v 0.026722 -0.100000 0.266958
v 0.026722 0.100000 0.266958
v 0.031347 -0.100000 0.266740
v 0.031347 0.100000 0.266740
v 0.036000 -0.100000 0.266500
v 0.036000 0.100000 0.266500
v 0.040660 -0.100000 0.266240
v 0.040660 0.100000 0.266240
v 0.045306 -0.100000 0.265958
v 0.045306 0.100000 0.265958
v 0.049938 -0.100000 0.265656
v 0.049938 0.100000 0.265656
v 0.054556 -0.100000 0.265333
v 0.054556 0.100000 0.265333
v 0.059160 -0.100000 0.264990
v 0.059160 0.100000 0.264990
v 0.063750 -0.100000 0.264625
v 0.063750 0.100000 0.264625
v 0.068326 -0.100000 0.264240
v 0.068326 0.100000 0.264240
v 0.072889 -0.100000 0.263833
v 0.072889 0.100000 0.263833
v 0.077438 -0.100000 0.263406
v 0.077438 0.100000 0.263406
v 0.081972 -0.100000 0.262958
v 0.081972 0.100000 0.262958
v 0.086493 -0.100000 0.262490
v 0.086493 0.100000 0.262490
v 0.091000 -0.100000 0.262000
v 0.091000 0.100000 0.262000
v 0.133000 -0.100000 0.297000
v 0.133000 0.100000 0.297000
v 0.123653 -0.100000 0.297972
v 0.123653 0.100000 0.297972
v 0.114611 -0.100000 0.298889
v 0.114611 0.100000 0.298889
v 0.105875 -0.100000 0.299750
v 0.105875 0.100000 0.299750
v 0.097445 -0.100000 0.300556
v 0.097445 0.100000 0.300556
v 0.089320 -0.100000 0.301306
v 0.089320 0.100000 0.301306
v 0.081500 -0.100000 0.302000
v 0.081500 0.100000 0.302000
v 0.073986 -0.100000 0.302639
v 0.073986 0.100000 0.302639
v 0.066778 -0.100000 0.303222
v 0.066778 0.100000 0.303222
v 0.059875 -0.100000 0.303750
v 0.059875 0.100000 0.303750
v 0.053278 -0.100000 0.304222
v 0.053278 0.100000 0.304222
v 0.046986 -0.100000 0.304639
v 0.046986 0.100000 0.304639
v 0.216500 -0.100000 0.315500
v 0.216500 0.100000 0.315500
v 0.215705 -0.100000 0.315406
v 0.215705 0.100000 0.315406
v 0.214819 -0.100000 0.315292
v 0.214819 0.100000 0.315292
v 0.213844 -0.100000 0.315156
v 0.213844 0.100000 0.315156
v 0.212778 -0.100000 0.315000
v 0.212778 0.100000 0.315000
v 0.211622 -0.100000 0.314823
v 0.211622 0.100000 0.314823
v 0.210375 -0.100000 0.314625
v 0.210375 0.100000 0.314625
v 0.209038 -0.100000 0.314406
v 0.209038 0.100000 0.314406
v 0.207611 -0.100000 0.314167
v 0.207611 0.100000 0.314167
v 0.206094 -0.100000 0.313906
v 0.206094 0.100000 0.313906
v 0.204486 -0.100000 0.313625
v 0.204486 0.100000 0.313625
v 0.202788 -0.100000 0.313323
v 0.202788 0.100000 0.313323
v 0.201000 -0.100000 0.313000
v 0.201000 0.100000 0.313000
v 0.109000 -0.100000 0.299000
v 0.109000 0.100000 0.299000
v 0.103104 -0.100000 0.298038
v 0.103104 0.100000 0.298038
v 0.097417 -0.100000 0.296819
v 0.097417 0.100000 0.296819
v 0.091938 -0.100000 0.295344
v 0.091938 0.100000 0.295344
v 0.086667 -0.100000 0.293611
v 0.086667 0.100000 0.293611
v 0.081604 -0.100000 0.291622
v 0.081604 0.100000 0.291622
v 0.076750 -0.100000 0.289375
v 0.076750 0.100000 0.289375
v 0.072104 -0.100000 0.286872
v 0.072104 0.100000 0.286872
v 0.067667 -0.100000 0.284111
v 0.067667 0.100000 0.284111
v 0.063438 -0.100000 0.281094
v 0.063438 0.100000 0.281094
v 0.059417 -0.100000 0.277819
v 0.059417 0.100000 0.277819
v 0.055604 -0.100000 0.274288
v 0.055604 0.100000 0.274288
v 0.052000 -0.100000 0.270500
v 0.052000 0.100000 0.270500
v 0.048646 -0.100000 0.266497
v 0.048646 0.100000 0.266497
v 0.045583 -0.100000 0.262319
v 0.045583 0.100000 0.262319
v 0.042813 -0.100000 0.257969
v 0.042813 0.100000 0.257969
v 0.040333 -0.100000 0.253444
v 0.040333 0.100000 0.253444
v 0.038146 -0.100000 0.248747
v 0.038146 0.100000 0.248747
v 0.036250 -0.100000 0.243875
v 0.036250 0.100000 0.243875
v 0.034646 -0.100000 0.238830
v 0.034646 0.100000 0.238830
v 0.033333 -0.100000 0.233611
v 0.033333 0.100000 0.233611
v 0.032313 -0.100000 0.228219
v 0.032313 0.100000 0.228219
v 0.031583 -0.100000 0.222653
v 0.031583 0.100000 0.222653
v 0.031146 -0.100000 0.216913
v 0.031146 0.100000 0.216913
v 0.031000 -0.100000 0.211000
v 0.031000 0.100000 0.211000
v 0.031146 -0.100000 0.205108
v 0.031146 0.100000 0.205108
v 0.031583 -0.100000 0.199431
v 0.031583 0.100000 0.199431
v 0.032313 -0.100000 0.193969
v 0.032313 0.100000 0.193969
v 0.033333 -0.100000 0.188722
v 0.033333 0.100000 0.188722
v 0.034646 -0.100000 0.183691
v 0.034646 0.100000 0.183691
v 0.036250 -0.100000 0.178875
v 0.036250 0.100000 0.178875
v 0.038146 -0.100000 0.174274
v 0.038146 0.100000 0.174274
v 0.040333 -0.100000 0.169889
v 0.040333 0.100000 0.169889
v 0.042813 -0.100000 0.165719
v 0.042813 0.100000 0.165719
v 0.045583 -0.100000 0.161764
v 0.045583 0.100000 0.161764
v 0.048646 -0.100000 0.158024
v 0.048646 0.100000 0.158024
v 0.052000 -0.100000 0.154500
v 0.052000 0.100000 0.154500
v 0.055625 -0.100000 0.151212
v 0.055625 0.100000 0.151212
v 0.059500 -0.100000 0.148181
v 0.059500 0.100000 0.148181
v 0.063625 -0.100000 0.145406
v 0.063625 0.100000 0.145406
v 0.068000 -0.100000 0.142889
v 0.068000 0.100000 0.142889
v 0.072625 -0.100000 0.140628
v 0.072625 0.100000 0.140628
v 0.077500 -0.100000 0.138625
v 0.077500 0.100000 0.138625
v 0.082625 -0.100000 0.136878
v 0.082625 0.100000 0.136878
v 0.088000 -0.100000 0.135389
v 0.088000 0.100000 0.135389
v 0.093625 -0.100000 0.134156
v 0.093625 0.100000 0.134156
v 0.099500 -0.100000 0.133181
v 0.099500 0.100000 0.133181
v 0.105625 -0.100000 0.132462
v 0.105625 0.100000 0.132462
v 0.112000 -0.100000 0.132000
v 0.112000 0.100000 0.132000
v 0.180000 -0.100000 0.170000
v 0.180000 0.100000 0.170000
v 0.123000 -0.100000 0.170000
v 0.123000 0.100000 0.170000
v 0.118445 -0.100000 0.170066
v 0.118445 0.100000 0.170066
v 0.114111 -0.100000 0.170264
v 0.114111 0.100000 0.170264
v 0.110000 -0.100000 0.170594
v 0.110000 0.100000 0.170594
v 0.106111 -0.100000 0.171056
v 0.106111 0.100000 0.171056
v 0.102445 -0.100000 0.171649
v 0.102445 0.100000 0.171649
v 0.099000 -0.100000 0.172375
v 0.099000 0.100000 0.172375
v 0.095778 -0.100000 0.173233
v 0.095778 0.100000 0.173233
v 0.092778 -0.100000 0.174222
v 0.092778 0.100000 0.174222
v 0.090000 -0.100000 0.175344
v 0.090000 0.100000 0.175344
v 0.087445 -0.100000 0.176597
v 0.087445 0.100000 0.176597
v 0.085111 -0.100000 0.177983
v 0.085111 0.100000 0.177983
v 0.083000 -0.100000 0.179500
v 0.083000 0.100000 0.179500
v 0.081083 -0.100000 0.181170
v 0.081083 0.100000 0.181170
v 0.079333 -0.100000 0.183014
v 0.079333 0.100000 0.183014
v 0.077750 -0.100000 0.185031
v 0.077750 0.100000 0.185031
v 0.076333 -0.100000 0.187222
v 0.076333 0.100000 0.187222
v 0.075083 -0.100000 0.189587
v 0.075083 0.100000 0.189587
v 0.074000 -0.100000 0.192125
v 0.074000 0.100000 0.192125
v 0.073083 -0.100000 0.194837
v 0.073083 0.100000 0.194837
v 0.072333 -0.100000 0.197722
v 0.072333 0.100000 0.197722
v 0.071750 -0.100000 0.200781
v 0.071750 0.100000 0.200781
v 0.071333 -0.100000 0.204014
v 0.071333 0.100000 0.204014
v 0.071083 -0.100000 0.207420
v 0.071083 0.100000 0.207420
v 0.071000 -0.100000 0.211000
v 0.071000 0.100000 0.211000
v 0.071299 -0.100000 0.217910
v 0.071299 0.100000 0.217910
v 0.072195 -0.100000 0.224306
v 0.072195 0.100000 0.224306
v 0.073688 -0.100000 0.230187
v 0.073688 0.100000 0.230187
v 0.075778 -0.100000 0.235556
v 0.075778 0.100000 0.235556
v 0.078465 -0.100000 0.240410
v 0.078465 0.100000 0.240410
v 0.081750 -0.100000 0.244750
v 0.081750 0.100000 0.244750
v 0.085632 -0.100000 0.248576
v 0.085632 0.100000 0.248576
v 0.090111 -0.100000 0.251889
v 0.090111 0.100000 0.251889
v 0.095188 -0.100000 0.254687
v 0.095188 0.100000 0.254687
v 0.100861 -0.100000 0.256972
v 0.100861 0.100000 0.256972
v 0.107132 -0.100000 0.258743
v 0.107132 0.100000 0.258743
v 0.114000 -0.100000 0.260000
v 0.114000 0.100000 0.260000
v 0.217000 -0.100000 0.276000
v 0.217000 0.100000 0.276000
v 0.220281 -0.100000 0.276358
v 0.220281 0.100000 0.276358
v 0.223458 -0.100000 0.276431
v 0.223458 0.100000 0.276431
v 0.226531 -0.100000 0.276219
v 0.226531 0.100000 0.276219
v 0.229500 -0.100000 0.275722
v 0.229500 0.100000 0.275722
v 0.232365 -0.100000 0.274941
v 0.232365 0.100000 0.274941
v 0.235125 -0.100000 0.273875
v 0.235125 0.100000 0.273875
v 0.237781 -0.100000 0.272524
v 0.237781 0.100000 0.272524
v 0.240333 -0.100000 0.270889
v 0.240333 0.100000 0.270889
v 0.242781 -0.100000 0.268969
v 0.242781 0.100000 0.268969
v 0.245125 -0.100000 0.266764
v 0.245125 0.100000 0.266764
v 0.247365 -0.100000 0.264274
v 0.247365 0.100000 0.264274
v 0.249500 -0.100000 0.261500
v 0.249500 0.100000 0.261500
v 0.251497 -0.100000 0.258517
v 0.251497 0.100000 0.258517
v 0.253319 -0.100000 0.255403
v 0.253319 0.100000 0.255403
v 0.254969 -0.100000 0.252156
v 0.254969 0.100000 0.252156
v 0.256444 -0.100000 0.248778
v 0.256444 0.100000 0.248778
v 0.257747 -0.100000 0.245267
v 0.257747 0.100000 0.245267
v 0.258875 -0.100000 0.241625
v 0.258875 0.100000 0.241625
v 0.259830 -0.100000 0.237851
v 0.259830 0.100000 0.237851
v 0.260611 -0.100000 0.233944
v 0.260611 0.100000 0.233944
v 0.261219 -0.100000 0.229906
v 0.261219 0.100000 0.229906
v 0.261653 -0.100000 0.225736
v 0.261653 0.100000 0.225736
v 0.261913 -0.100000 0.221434
v 0.261913 0.100000 0.221434
v 0.262000 -0.100000 0.217000
v 0.262000 0.100000 0.217000
v 0.261778 -0.100000 0.211042
v 0.261778 0.100000 0.211042
v 0.261111 -0.100000 0.205500
v 0.261111 0.100000 0.205500
v 0.260000 -0.100000 0.200375
v 0.260000 0.100000 0.200375
v 0.258445 -0.100000 0.195667
v 0.258445 0.100000 0.195667
v 0.256445 -0.100000 0.191375
v 0.256445 0.100000 0.191375
v 0.254000 -0.100000 0.187500
v 0.254000 0.100000 0.187500
v 0.251111 -0.100000 0.184042
v 0.251111 0.100000 0.184042
v 0.247778 -0.100000 0.181000
v 0.247778 0.100000 0.181000
v 0.244000 -0.100000 0.178375
v 0.244000 0.100000 0.178375
v 0.239778 -0.100000 0.176167
v 0.239778 0.100000 0.176167
v 0.235111 -0.100000 0.174375
v 0.235111 0.100000 0.174375
v 0.230000 -0.100000 0.173000
v 0.230000 0.100000 0.173000
v 0.275000 -0.100000 0.151000
v 0.275000 0.100000 0.151000
v 0.279153 -0.100000 0.154972
v 0.279153 0.100000 0.154972
v 0.282945 -0.100000 0.159222
v 0.282945 0.100000 0.159222
v 0.286375 -0.100000 0.163750
v 0.286375 0.100000 0.163750
v 0.289445 -0.100000 0.168556
v 0.289445 0.100000 0.168556
v 0.292153 -0.100000 0.173639
v 0.292153 0.100000 0.173639
v 0.294500 -0.100000 0.179000
v 0.294500 0.100000 0.179000
v 0.296486 -0.100000 0.184639
v 0.296486 0.100000 0.184639
v 0.298111 -0.100000 0.190556
v 0.298111 0.100000 0.190556
v 0.299375 -0.100000 0.196750
v 0.299375 0.100000 0.196750
v 0.300278 -0.100000 0.203222
v 0.300278 0.100000 0.203222
v 0.300819 -0.100000 0.209972
v 0.300819 0.100000 0.209972
v 0.301000 -0.100000 0.217000
v 0.301000 0.100000 0.217000
v 0.300847 -0.100000 0.223750
v 0.300847 0.100000 0.223750
v 0.300389 -0.100000 0.230333
v 0.300389 0.100000 0.230333
v 0.299625 -0.100000 0.236750
v 0.299625 0.100000 0.236750
v 0.298556 -0.100000 0.243000
v 0.298556 0.100000 0.243000
v 0.297181 -0.100000 0.249083
v 0.297181 0.100000 0.249083
v 0.295500 -0.100000 0.255000
v 0.295500 0.100000 0.255000
v 0.293514 -0.100000 0.260750
v 0.293514 0.100000 0.260750
v 0.291222 -0.100000 0.266333
v 0.291222 0.100000 0.266333
v 0.288625 -0.100000 0.271750
v 0.288625 0.100000 0.271750
v 0.285722 -0.100000 0.277000
v 0.285722 0.100000 0.277000
v 0.282514 -0.100000 0.282083
v 0.282514 0.100000 0.282083
v 0.279000 -0.100000 0.287000
v 0.279000 0.100000 0.287000
v 0.275250 -0.100000 0.291632
v 0.275250 0.100000 0.291632
v 0.271333 -0.100000 0.295861
v 0.271333 0.100000 0.295861
v 0.267250 -0.100000 0.299688
v 0.267250 0.100000 0.299688
v 0.263000 -0.100000 0.303111
v 0.263000 0.100000 0.303111
v 0.258583 -0.100000 0.306132
v 0.258583 0.100000 0.306132
v 0.254000 -0.100000 0.308750
v 0.254000 0.100000 0.308750
v 0.249250 -0.100000 0.310965
v 0.249250 0.100000 0.310965
v 0.244333 -0.100000 0.312778
v 0.244333 0.100000 0.312778
v 0.239250 -0.100000 0.314188
v 0.239250 0.100000 0.314188
v 0.234000 -0.100000 0.315194
v 0.234000 0.100000 0.315194
v 0.228583 -0.100000 0.315799
v 0.228583 0.100000 0.315799
v 0.223000 -0.100000 0.316000
v 0.223000 0.100000 0.316000
v 0.222649 -0.100000 0.315997
v 0.222649 0.100000 0.315997
v 0.222264 -0.100000 0.315986
v 0.222264 0.100000 0.315986
v 0.221844 -0.100000 0.315969
v 0.221844 0.100000 0.315969
v 0.221389 -0.100000 0.315944
v 0.221389 0.100000 0.315944
v 0.220899 -0.100000 0.315913
v 0.220899 0.100000 0.315913
v 0.220375 -0.100000 0.315875
v 0.220375 0.100000 0.315875
v 0.219816 -0.100000 0.315830
v 0.219816 0.100000 0.315830
v 0.219222 -0.100000 0.315778
v 0.219222 0.100000 0.315778
v 0.218594 -0.100000 0.315719
v 0.218594 0.100000 0.315719
v 0.217931 -0.100000 0.315653
v 0.217931 0.100000 0.315653
v 0.217233 -0.100000 0.315580
v 0.217233 0.100000 0.315580
v -0.027500 -0.100000 -0.032500
v -0.027500 0.100000 -0.032500
v -0.034483 -0.100000 -0.027038
v -0.034483 0.100000 -0.027038
v -0.041597 -0.100000 -0.021819
v -0.041597 0.100000 -0.021819
v -0.048844 -0.100000 -0.016844
v -0.048844 0.100000 -0.016844
v -0.056222 -0.100000 -0.012111
v -0.056222 0.100000 -0.012111
v -0.063733 -0.100000 -0.007622
v -0.063733 0.100000 -0.007622
v -0.071375 -0.100000 -0.003375
v -0.071375 0.100000 -0.003375
v -0.079149 -0.100000 0.000628
v -0.079149 0.100000 0.000628
v -0.087056 -0.100000 0.004389
v -0.087056 0.100000 0.004389
v -0.095094 -0.100000 0.007906
v -0.095094 0.100000 0.007906
v -0.103264 -0.100000 0.011181
v -0.103264 0.100000 0.011181
v -0.111566 -0.100000 0.014212
v -0.111566 0.100000 0.014212
v -0.120000 -0.100000 0.017000
v -0.120000 0.100000 0.017000
v -0.135000 -0.100000 -0.020000
v -0.135000 0.100000 -0.020000
v -0.127719 -0.100000 -0.022281
v -0.127719 0.100000 -0.022281
v -0.120542 -0.100000 -0.024792
v -0.120542 0.100000 -0.024792
v -0.113469 -0.100000 -0.027531
v -0.113469 0.100000 -0.027531
v -0.106500 -0.100000 -0.030500
v -0.106500 0.100000 -0.030500
v -0.099635 -0.100000 -0.033698
v -0.099635 0.100000 -0.033698
v -0.092875 -0.100000 -0.037125
v -0.092875 0.100000 -0.037125
v -0.086219 -0.100000 -0.040781
v -0.086219 0.100000 -0.040781
v -0.079667 -0.100000 -0.044667
v -0.079667 0.100000 -0.044667
v -0.073219 -0.100000 -0.048781
v -0.073219 0.100000 -0.048781
v -0.066875 -0.100000 -0.053125
v -0.066875 0.100000 -0.053125
v -0.060635 -0.100000 -0.057698
v -0.060635 0.100000 -0.057698
v -0.054500 -0.100000 -0.062500
v -0.054500 0.100000 -0.062500
v -0.048510 -0.100000 -0.067493
v -0.048510 0.100000 -0.067493
v -0.042708 -0.100000 -0.072639
v -0.042708 0.100000 -0.072639
v -0.037094 -0.100000 -0.077938
v -0.037094 0.100000 -0.077938
v -0.031667 -0.100000 -0.083389
v -0.031667 0.100000 -0.083389
v -0.026427 -0.100000 -0.088993
v -0.026427 0.100000 -0.088993
v -0.021375 -0.100000 -0.094750
v -0.021375 0.100000 -0.094750
v -0.016510 -0.100000 -0.100660
v -0.016510 0.100000 -0.100660
v -0.011833 -0.100000 -0.106722
v -0.011833 0.100000 -0.106722
v -0.007344 -0.100000 -0.112938
v -0.007344 0.100000 -0.112938
v -0.003042 -0.100000 -0.119306
v -0.003042 0.100000 -0.119306
v 0.001073 -0.100000 -0.125826
v 0.001073 0.100000 -0.125826
v 0.005000 -0.100000 -0.132500
v 0.005000 0.100000 -0.132500
v 0.008695 -0.100000 -0.139281
v 0.008695 0.100000 -0.139281
v 0.012111 -0.100000 -0.146125
v 0.012111 0.100000 -0.146125
v 0.015250 -0.100000 -0.153031
v 0.015250 0.100000 -0.153031
v 0.018111 -0.100000 -0.160000
v 0.018111 0.100000 -0.160000
v 0.020694 -0.100000 -0.167031
v 0.020694 0.100000 -0.167031
v 0.023000 -0.100000 -0.174125
v 0.023000 0.100000 -0.174125
v 0.025028 -0.100000 -0.181281
v 0.025028 0.100000 -0.181281
v 0.026778 -0.100000 -0.188500
v 0.026778 0.100000 -0.188500
v 0.028250 -0.100000 -0.195781
v 0.028250 0.100000 -0.195781
v 0.029444 -0.100000 -0.203125
v 0.029444 0.100000 -0.203125
v 0.030361 -0.100000 -0.210531
v 0.030361 0.100000 -0.210531
v 0.031000 -0.100000 -0.218000
v 0.031000 0.100000 -0.218000
v 0.067000 -0.100000 -0.193000
v 0.067000 0.100000 -0.193000
v 0.066504 -0.100000 -0.186153
v 0.066504 0.100000 -0.186153
v 0.065681 -0.100000 -0.179278
v 0.065681 0.100000 -0.179278
v 0.064531 -0.100000 -0.172375
v 0.064531 0.100000 -0.172375
v 0.063056 -0.100000 -0.165444
v 0.063056 0.100000 -0.165444
v 0.061254 -0.100000 -0.158486
v 0.061254 0.100000 -0.158486
v 0.059125 -0.100000 -0.151500
v 0.059125 0.100000 -0.151500
v 0.056670 -0.100000 -0.144486
v 0.056670 0.100000 -0.144486
v 0.053889 -0.100000 -0.137444
v 0.053889 0.100000 -0.137444
v 0.050781 -0.100000 -0.130375
v 0.050781 0.100000 -0.130375
v 0.047347 -0.100000 -0.123278
v 0.047347 0.100000 -0.123278
v 0.043587 -0.100000 -0.116153
v 0.043587 0.100000 -0.116153
v 0.039500 -0.100000 -0.109000
v 0.039500 0.100000 -0.109000
v 0.035139 -0.100000 -0.101899
v 0.035139 0.100000 -0.101899
v 0.030556 -0.100000 -0.094931
v 0.030556 0.100000 -0.094931
v 0.025750 -0.100000 -0.088094
v 0.025750 0.100000 -0.088094
v 0.020722 -0.100000 -0.081389
v 0.020722 0.100000 -0.081389
v 0.015472 -0.100000 -0.074816
v 0.015472 0.100000 -0.074816
v 0.010000 -0.100000 -0.068375
v 0.010000 0.100000 -0.068375
v 0.004306 -0.100000 -0.062066
v 0.004306 0.100000 -0.062066
v -0.001611 -0.100000 -0.055889
v -0.001611 0.100000 -0.055889
v -0.007750 -0.100000 -0.049844
v -0.007750 0.100000 -0.049844
v -0.014111 -0.100000 -0.043931
v -0.014111 0.100000 -0.043931
v -0.020694 -0.100000 -0.038149
v -0.020694 0.100000 -0.038149
v 0.350500 -0.100000 0.160500
v 0.350500 0.100000 0.160500
v 0.344941 -0.100000 0.165163
v 0.344941 0.100000 0.165163
v 0.339097 -0.100000 0.169319
v 0.339097 0.100000 0.169319
v 0.332969 -0.100000 0.172969
v 0.332969 0.100000 0.172969
v 0.326556 -0.100000 0.176111
v 0.326556 0.100000 0.176111
v 0.319858 -0.100000 0.178747
v 0.319858 0.100000 0.178747
v 0.312875 -0.100000 0.180875
v 0.312875 0.100000 0.180875
v 0.305608 -0.100000 0.182497
v 0.305608 0.100000 0.182497
v 0.298056 -0.100000 0.183611
v 0.298056 0.100000 0.183611
v 0.290219 -0.100000 0.184219
v 0.290219 0.100000 0.184219
v 0.282097 -0.100000 0.184319
v 0.282097 0.100000 0.184319
v 0.273691 -0.100000 0.183913
v 0.273691 0.100000 0.183913
v 0.265000 -0.100000 0.183000
v 0.265000 0.100000 0.183000
v 0.133000 -0.100000 0.167000
v 0.133000 0.100000 0.167000
v 0.125806 -0.100000 0.166007
v 0.125806 0.100000 0.166007
v 0.118889 -0.100000 0.164694
v 0.118889 0.100000 0.164694
v 0.112250 -0.100000 0.163062
v 0.112250 0.100000 0.163062
v 0.105889 -0.100000 0.161111
v 0.105889 0.100000 0.161111
v 0.099806 -0.100000 0.158840
v 0.099806 0.100000 0.158840
v 0.094000 -0.100000 0.156250
v 0.094000 0.100000 0.156250
v 0.088472 -0.100000 0.153340
v 0.088472 0.100000 0.153340
v 0.083222 -0.100000 0.150111
v 0.083222 0.100000 0.150111
v 0.078250 -0.100000 0.146562
v 0.078250 0.100000 0.146562
v 0.073556 -0.100000 0.142694
v 0.073556 0.100000 0.142694
v 0.069139 -0.100000 0.138507
v 0.069139 0.100000 0.138507
v 0.065000 -0.100000 0.134000
v 0.065000 0.100000 0.134000
v 0.061167 -0.100000 0.129257
v 0.061167 0.100000 0.129257
v 0.057667 -0.100000 0.124361
v 0.057667 0.100000 0.124361
v 0.054500 -0.100000 0.119312
v 0.054500 0.100000 0.119312
v 0.051667 -0.100000 0.114111
v 0.051667 0.100000 0.114111
v 0.049167 -0.100000 0.108757
v 0.049167 0.100000 0.108757
v 0.047000 -0.100000 0.103250
v 0.047000 0.100000 0.103250
v 0.045167 -0.100000 0.097590
v 0.045167 0.100000 0.097590
v 0.043667 -0.100000 0.091778
v 0.043667 0.100000 0.091778
v 0.042500 -0.100000 0.085812
v 0.042500 0.100000 0.085812
v 0.041667 -0.100000 0.079694
v 0.041667 0.100000 0.079694
v 0.041167 -0.100000 0.073424
v 0.041167 0.100000 0.073424
v 0.041000 -0.100000 0.067000
v 0.041000 0.100000 0.067000
v 0.041222 -0.100000 0.059163
v 0.041222 0.100000 0.059163
v 0.041889 -0.100000 0.051653
v 0.041889 0.100000 0.051653
v 0.043000 -0.100000 0.044469
v 0.043000 0.100000 0.044469
v 0.044556 -0.100000 0.037611
v 0.044556 0.100000 0.037611
v 0.046556 -0.100000 0.031080
v 0.046556 0.100000 0.031080
v 0.049000 -0.100000 0.024875
v 0.049000 0.100000 0.024875
v 0.051889 -0.100000 0.018997
v 0.051889 0.100000 0.018997
v 0.055222 -0.100000 0.013444
v 0.055222 0.100000 0.013444
v 0.059000 -0.100000 0.008219
v 0.059000 0.100000 0.008219
v 0.063222 -0.100000 0.003319
v 0.063222 0.100000 0.003319
v 0.067889 -0.100000 -0.001253
v 0.067889 0.100000 -0.001253
v 0.073000 -0.100000 -0.005500
v 0.073000 0.100000 -0.005500
v 0.078465 -0.100000 -0.009413
v 0.078465 0.100000 -0.009413
v 0.084194 -0.100000 -0.012986
v 0.084194 0.100000 -0.012986
v 0.090188 -0.100000 -0.016219
v 0.090188 0.100000 -0.016219
v 0.096444 -0.100000 -0.019111
v 0.096444 0.100000 -0.019111
v 0.102965 -0.100000 -0.021663
v 0.102965 0.100000 -0.021663
v 0.109750 -0.100000 -0.023875
v 0.109750 0.100000 -0.023875
v 0.116799 -0.100000 -0.025747
v 0.116799 0.100000 -0.025747
v 0.124111 -0.100000 -0.027278
v 0.124111 0.100000 -0.027278
v 0.131688 -0.100000 -0.028469
v 0.131688 0.100000 -0.028469
v 0.139528 -0.100000 -0.029319
v 0.139528 0.100000 -0.029319
v 0.147632 -0.100000 -0.029830
v 0.147632 0.100000 -0.029830
v 0.156000 -0.100000 -0.030000
v 0.156000 0.100000 -0.030000
v 0.264000 -0.100000 -0.030000
v 0.264000 0.100000 -0.030000
v 0.273319 -0.100000 -0.029806
v 0.273319 0.100000 -0.029806
v 0.282278 -0.100000 -0.029222
v 0.282278 0.100000 -0.029222
v 0.290875 -0.100000 -0.028250
v 0.290875 0.100000 -0.028250
v 0.299111 -0.100000 -0.026889
v 0.299111 0.100000 -0.026889
v 0.306986 -0.100000 -0.025139
v 0.306986 0.100000 -0.025139
v 0.314500 -0.100000 -0.023000
v 0.314500 0.100000 -0.023000
v 0.321653 -0.100000 -0.020472
v 0.321653 0.100000 -0.020472
v 0.328445 -0.100000 -0.017556
v 0.328445 0.100000 -0.017556
v 0.334875 -0.100000 -0.014250
v 0.334875 0.100000 -0.014250
v 0.340944 -0.100000 -0.010556
v 0.340944 0.100000 -0.010556
v 0.346653 -0.100000 -0.006472
v 0.346653 0.100000 -0.006472
v 0.352000 -0.100000 -0.002000
v 0.352000 0.100000 -0.002000
v 0.356951 -0.100000 0.002826
v 0.356951 0.100000 0.002826
v 0.361472 -0.100000 0.007972
v 0.361472 0.100000 0.007972
v 0.365563 -0.100000 0.013437
v 0.365563 0.100000 0.013437
v 0.369222 -0.100000 0.019222
v 0.369222 0.100000 0.019222
v 0.372451 -0.100000 0.025326
v 0.372451 0.100000 0.025326
v 0.375250 -0.100000 0.031750
v 0.375250 0.100000 0.031750
v 0.377618 -0.100000 0.038493
v 0.377618 0.100000 0.038493
v 0.379556 -0.100000 0.045556
v 0.379556 0.100000 0.045556
v 0.381063 -0.100000 0.052938
v 0.381063 0.100000 0.052938
v 0.382139 -0.100000 0.060639
v 0.382139 0.100000 0.060639
v 0.382785 -0.100000 0.068660
v 0.382785 0.100000 0.068660
v 0.383000 -0.100000 0.077000
v 0.383000 0.100000 0.077000
v 0.382774 -0.100000 0.085830
v 0.382774 0.100000 0.085830
v 0.382097 -0.100000 0.094319
v 0.382097 0.100000 0.094319
v 0.380969 -0.100000 0.102469
v 0.380969 0.100000 0.102469
v 0.379389 -0.100000 0.110278
v 0.379389 0.100000 0.110278
v 0.377358 -0.100000 0.117747
v 0.377358 0.100000 0.117747
v 0.374875 -0.100000 0.124875
v 0.374875 0.100000 0.124875
v 0.371941 -0.100000 0.131663
v 0.371941 0.100000 0.131663
v 0.368556 -0.100000 0.138111
v 0.368556 0.100000 0.138111
v 0.364719 -0.100000 0.144219
v 0.364719 0.100000 0.144219
v 0.360431 -0.100000 0.149986
v 0.360431 0.100000 0.149986
v 0.355691 -0.100000 0.155413
v 0.355691 0.100000 0.155413
v 0.138000 -0.100000 0.128000
v 0.138000 0.100000 0.128000
v 0.270000 -0.100000 0.144000
v 0.270000 0.100000 0.144000
v 0.275722 -0.100000 0.144674
v 0.275722 0.100000 0.144674
v 0.281222 -0.100000 0.145028
v 0.281222 0.100000 0.145028
v 0.286500 -0.100000 0.145062
v 0.286500 0.100000 0.145062
v 0.291556 -0.100000 0.144778
v 0.291556 0.100000 0.144778
v 0.296389 -0.100000 0.144174
v 0.296389 0.100000 0.144174
v 0.301000 -0.100000 0.143250
v 0.301000 0.100000 0.143250
v 0.305389 -0.100000 0.142007
v 0.305389 0.100000 0.142007
v 0.309556 -0.100000 0.140444
v 0.309556 0.100000 0.140444
v 0.313500 -0.100000 0.138562
v 0.313500 0.100000 0.138562
v 0.317222 -0.100000 0.136361
v 0.317222 0.100000 0.136361
v 0.320722 -0.100000 0.133840
v 0.320722 0.100000 0.133840
v 0.324000 -0.100000 0.131000
v 0.324000 0.100000 0.131000
v 0.327035 -0.100000 0.127875
v 0.327035 0.100000 0.127875
v 0.329806 -0.100000 0.124500
v 0.329806 0.100000 0.124500
v 0.332313 -0.100000 0.120875
v 0.332313 0.100000 0.120875
v 0.334556 -0.100000 0.117000
v 0.334556 0.100000 0.117000
v 0.336535 -0.100000 0.112875
v 0.336535 0.100000 0.112875
v 0.338250 -0.100000 0.108500
v 0.338250 0.100000 0.108500
v 0.339702 -0.100000 0.103875
v 0.339702 0.100000 0.103875
v 0.340889 -0.100000 0.099000
v 0.340889 0.100000 0.099000
v 0.341813 -0.100000 0.093875
v 0.341813 0.100000 0.093875
v 0.342472 -0.100000 0.088500
v 0.342472 0.100000 0.088500
v 0.342868 -0.100000 0.082875
v 0.342868 0.100000 0.082875
v 0.343000 -0.100000 0.077000
v 0.343000 0.100000 0.077000
v 0.342868 -0.100000 0.071451
v 0.342868 0.100000 0.071451
v 0.342472 -0.100000 0.066139
v 0.342472 0.100000 0.066139
v 0.341813 -0.100000 0.061062
v 0.341813 0.100000 0.061062
v 0.340889 -0.100000 0.056222
v 0.340889 0.100000 0.056222
v 0.339701 -0.100000 0.051618
v 0.339701 0.100000 0.051618
v 0.338250 -0.100000 0.047250
v 0.338250 0.100000 0.047250
v 0.336535 -0.100000 0.043118
v 0.336535 0.100000 0.043118
v 0.334556 -0.100000 0.039222
v 0.334556 0.100000 0.039222
v 0.332313 -0.100000 0.035562
v 0.332313 0.100000 0.035562
v 0.329806 -0.100000 0.032139
v 0.329806 0.100000 0.032139
v 0.327035 -0.100000 0.028951
v 0.327035 0.100000 0.028951
v 0.324000 -0.100000 0.026000
v 0.324000 0.100000 0.026000
v 0.320674 -0.100000 0.023285
v 0.320674 0.100000 0.023285
v 0.317028 -0.100000 0.020806
v 0.317028 0.100000 0.020806
v 0.313062 -0.100000 0.018562
v 0.313062 0.100000 0.018562
v 0.308778 -0.100000 0.016556
v 0.308778 0.100000 0.016556
v 0.304174 -0.100000 0.014785
v 0.304174 0.100000 0.014785
v 0.299250 -0.100000 0.013250
v 0.299250 0.100000 0.013250
v 0.294007 -0.100000 0.011951
v 0.294007 0.100000 0.011951
v 0.288444 -0.100000 0.010889
v 0.288444 0.100000 0.010889
v 0.282562 -0.100000 0.010062
v 0.282562 0.100000 0.010062
v 0.276361 -0.100000 0.009472
v 0.276361 0.100000 0.009472
v 0.269840 -0.100000 0.009118
v 0.269840 0.100000 0.009118
v 0.263000 -0.100000 0.009000
v 0.263000 0.100000 0.009000
v 0.155000 -0.100000 0.009000
v 0.155000 0.100000 0.009000
v 0.149427 -0.100000 0.009094
v 0.149427 0.100000 0.009094
v 0.144042 -0.100000 0.009375
v 0.144042 0.100000 0.009375
v 0.138844 -0.100000 0.009844
v 0.138844 0.100000 0.009844
v 0.133833 -0.100000 0.010500
v 0.133833 0.100000 0.010500
v 0.129010 -0.100000 0.011344
v 0.129010 0.100000 0.011344
v 0.124375 -0.100000 0.012375
v 0.124375 0.100000 0.012375
v 0.119927 -0.100000 0.013594
v 0.119927 0.100000 0.013594
v 0.115667 -0.100000 0.015000
v 0.115667 0.100000 0.015000
v 0.111594 -0.100000 0.016594
v 0.111594 0.100000 0.016594
v 0.107708 -0.100000 0.018375
v 0.107708 0.100000 0.018375
v 0.104010 -0.100000 0.020344
v 0.104010 0.100000 0.020344
v 0.100500 -0.100000 0.022500
v 0.100500 0.100000 0.022500
v 0.097226 -0.100000 0.024871
v 0.097226 0.100000 0.024871
v 0.094236 -0.100000 0.027486
v 0.094236 0.100000 0.027486
v 0.091531 -0.100000 0.030344
v 0.091531 0.100000 0.030344
v 0.089111 -0.100000 0.033444
v 0.089111 0.100000 0.033444
v 0.086976 -0.100000 0.036788
v 0.086976 0.100000 0.036788
v 0.085125 -0.100000 0.040375
v 0.085125 0.100000 0.040375
v 0.083559 -0.100000 0.044205
v 0.083559 0.100000 0.044205
v 0.082278 -0.100000 0.048278
v 0.082278 0.100000 0.048278
v 0.081281 -0.100000 0.052594
v 0.081281 0.100000 0.052594
v 0.080570 -0.100000 0.057153
v 0.080570 0.100000 0.057153
v 0.080142 -0.100000 0.061955
v 0.080142 0.100000 0.061955
v 0.080000 -0.100000 0.067000
v 0.080000 0.100000 0.067000
v 0.080097 -0.100000 0.070792
v 0.080097 0.100000 0.070792
v 0.080389 -0.100000 0.074500
v 0.080389 0.100000 0.074500
v 0.080875 -0.100000 0.078125
v 0.080875 0.100000 0.078125
v 0.081556 -0.100000 0.081667
v 0.081556 0.100000 0.081667
v 0.082431 -0.100000 0.085125
v 0.082431 0.100000 0.085125
v 0.083500 -0.100000 0.088500
v 0.083500 0.100000 0.088500
v 0.084764 -0.100000 0.091792
v 0.084764 0.100000 0.091792
v 0.086222 -0.100000 0.095000
v 0.086222 0.100000 0.095000
v 0.087875 -0.100000 0.098125
v 0.087875 0.100000 0.098125
v 0.089722 -0.100000 0.101167
v 0.089722 0.100000 0.101167
v 0.091764 -0.100000 0.104125
v 0.091764 0.100000 0.104125
v 0.094000 -0.100000 0.107000
v 0.094000 0.100000 0.107000
v 0.096444 -0.100000 0.109743
v 0.096444 0.100000 0.109743
v 0.099111 -0.100000 0.112306
v 0.099111 0.100000 0.112306
v 0.102000 -0.100000 0.114687
v 0.102000 0.100000 0.114687
v 0.105111 -0.100000 0.116889
v 0.105111 0.100000 0.116889
v 0.108445 -0.100000 0.118910
v 0.108445 0.100000 0.118910
v 0.112000 -0.100000 0.120750
v 0.112000 0.100000 0.120750
v 0.115778 -0.100000 0.122410
v 0.115778 0.100000 0.122410
v 0.119778 -0.100000 0.123889
v 0.119778 0.100000 0.123889
v 0.124000 -0.100000 0.125187
v 0.124000 0.100000 0.125187
v 0.128444 -0.100000 0.126306
v 0.128444 0.100000 0.126306
v 0.133111 -0.100000 0.127243
v 0.133111 0.100000 0.127243
v 0.279000 -0.100000 0.010000
v 0.279000 0.100000 0.010000
v 0.142000 -0.100000 0.010000
v 0.142000 0.100000 0.010000
v 0.133809 -0.100000 0.009809
v 0.133809 0.100000 0.009809
v 0.125903 -0.100000 0.009236
v 0.125903 0.100000 0.009236
v 0.118281 -0.100000 0.008281
v 0.118281 0.100000 0.008281
v 0.110945 -0.100000 0.006944
v 0.110945 0.100000 0.006944
v 0.103892 -0.100000 0.005226
v 0.103892 0.100000 0.005226
v 0.097125 -0.100000 0.003125
v 0.097125 0.100000 0.003125
v 0.090642 -0.100000 0.000642
v 0.090642 0.100000 0.000642
v 0.084445 -0.100000 -0.002222
v 0.084445 0.100000 -0.002222
v 0.078531 -0.100000 -0.005469
v 0.078531 0.100000 -0.005469
v 0.072903 -0.100000 -0.009097
v 0.072903 0.100000 -0.009097
v 0.067559 -0.100000 -0.013108
v 0.067559 0.100000 -0.013108
v 0.062500 -0.100000 -0.017500
v 0.062500 0.100000 -0.017500
v 0.057788 -0.100000 -0.022191
v 0.057788 0.100000 -0.022191
v 0.053486 -0.100000 -0.027097
v 0.053486 0.100000 -0.027097
v 0.049594 -0.100000 -0.032219
v 0.049594 0.100000 -0.032219
v 0.046111 -0.100000 -0.037556
v 0.046111 0.100000 -0.037556
v 0.043038 -0.100000 -0.043108
v 0.043038 0.100000 -0.043108
v 0.040375 -0.100000 -0.048875
v 0.040375 0.100000 -0.048875
v 0.038122 -0.100000 -0.054858
v 0.038122 0.100000 -0.054858
v 0.036278 -0.100000 -0.061056
v 0.036278 0.100000 -0.061056
v 0.034844 -0.100000 -0.067469
v 0.034844 0.100000 -0.067469
v 0.033819 -0.100000 -0.074097
v 0.033819 0.100000 -0.074097
v 0.033205 -0.100000 -0.080941
v 0.033205 0.100000 -0.080941
v 0.033000 -0.100000 -0.088000
v 0.033000 0.100000 -0.088000
v 0.033149 -0.100000 -0.094569
v 0.033149 0.100000 -0.094569
v 0.033597 -0.100000 -0.100944
v 0.033597 0.100000 -0.100944
v 0.034344 -0.100000 -0.107125
v 0.034344 0.100000 -0.107125
v 0.035389 -0.100000 -0.113111
v 0.035389 0.100000 -0.113111
v 0.036733 -0.100000 -0.118903
v 0.036733 0.100000 -0.118903
v 0.038375 -0.100000 -0.124500
v 0.038375 0.100000 -0.124500
v 0.040316 -0.100000 -0.129903
v 0.040316 0.100000 -0.129903
v 0.042556 -0.100000 -0.135111
v 0.042556 0.100000 -0.135111
v 0.045094 -0.100000 -0.140125
v 0.045094 0.100000 -0.140125
v 0.047931 -0.100000 -0.144945
v 0.047931 0.100000 -0.144945
v 0.051066 -0.100000 -0.149569
v 0.051066 0.100000 -0.149569
v 0.054500 -0.100000 -0.154000
v 0.054500 0.100000 -0.154000
v 0.058309 -0.100000 -0.158194
v 0.058309 0.100000 -0.158194
v 0.062569 -0.100000 -0.162111
v 0.062569 0.100000 -0.162111
v 0.067281 -0.100000 -0.165750
v 0.067281 0.100000 -0.165750
v 0.072444 -0.100000 -0.169111
v 0.072444 0.100000 -0.169111
v 0.078059 -0.100000 -0.172194
v 0.078059 0.100000 -0.172194
v 0.084125 -0.100000 -0.175000
v 0.084125 0.100000 -0.175000
v 0.090642 -0.100000 -0.177528
v 0.090642 0.100000 -0.177528
v 0.097611 -0.100000 -0.179778
v 0.097611 0.100000 -0.179778
v 0.105031 -0.100000 -0.181750
v 0.105031 0.100000 -0.181750
v 0.112903 -0.100000 -0.183445
v 0.112903 0.100000 -0.183445
v 0.121226 -0.100000 -0.184861
v 0.121226 0.100000 -0.184861
v 0.130000 -0.100000 -0.186000
v 0.130000 0.100000 -0.186000
v 0.280000 -0.100000 -0.202000
v 0.280000 0.100000 -0.202000
v 0.288833 -0.100000 -0.202767
v 0.288833 0.100000 -0.202767
v 0.297333 -0.100000 -0.203069
v 0.297333 0.100000 -0.203069
v 0.305500 -0.100000 -0.202906
v 0.305500 0.100000 -0.202906
v 0.313333 -0.100000 -0.202278
v 0.313333 0.100000 -0.202278
v 0.320833 -0.100000 -0.201184
v 0.320833 0.100000 -0.201184
v 0.328000 -0.100000 -0.199625
v 0.328000 0.100000 -0.199625
v 0.334833 -0.100000 -0.197601
v 0.334833 0.100000 -0.197601
v 0.341333 -0.100000 -0.195111
v 0.341333 0.100000 -0.195111
v 0.347500 -0.100000 -0.192156
v 0.347500 0.100000 -0.192156
v 0.353333 -0.100000 -0.188736
v 0.353333 0.100000 -0.188736
v 0.358833 -0.100000 -0.184851
v 0.358833 0.100000 -0.184851
v 0.364000 -0.100000 -0.180500
v 0.364000 0.100000 -0.180500
v 0.368792 -0.100000 -0.175733
v 0.368792 0.100000 -0.175733
v 0.373167 -0.100000 -0.170597
v 0.373167 0.100000 -0.170597
v 0.377125 -0.100000 -0.165094
v 0.377125 0.100000 -0.165094
v 0.380667 -0.100000 -0.159222
v 0.380667 0.100000 -0.159222
v 0.383792 -0.100000 -0.152983
v 0.383792 0.100000 -0.152983
v 0.386500 -0.100000 -0.146375
v 0.386500 0.100000 -0.146375
v 0.388792 -0.100000 -0.139399
v 0.388792 0.100000 -0.139399
v 0.390667 -0.100000 -0.132056
v 0.390667 0.100000 -0.132056
v 0.392125 -0.100000 -0.124344
v 0.392125 0.100000 -0.124344
v 0.393167 -0.100000 -0.116264
v 0.393167 0.100000 -0.116264
v 0.393792 -0.100000 -0.107816
v 0.393792 0.100000 -0.107816
v 0.394000 -0.100000 -0.099000
v 0.394000 0.100000 -0.099000
v 0.393792 -0.100000 -0.090340
v 0.393792 0.100000 -0.090340
v 0.393167 -0.100000 -0.082028
v 0.393167 0.100000 -0.082028
v 0.392125 -0.100000 -0.074063
v 0.392125 0.100000 -0.074063
v 0.390667 -0.100000 -0.066444
v 0.390667 0.100000 -0.066444
v 0.388792 -0.100000 -0.059174
v 0.388792 0.100000 -0.059174
v 0.386500 -0.100000 -0.052250
v 0.386500 0.100000 -0.052250
v 0.383792 -0.100000 -0.045674
v 0.383792 0.100000 -0.045674
v 0.380667 -0.100000 -0.039444
v 0.380667 0.100000 -0.039444
v 0.377125 -0.100000 -0.033563
v 0.377125 0.100000 -0.033563
v 0.373167 -0.100000 -0.028028
v 0.373167 0.100000 -0.028028
v 0.368792 -0.100000 -0.022840
v 0.368792 0.100000 -0.022840
v 0.364000 -0.100000 -0.018000
v 0.364000 0.100000 -0.018000
v 0.358826 -0.100000 -0.013528
v 0.358826 0.100000 -0.013528
v 0.353306 -0.100000 -0.009444
v 0.353306 0.100000 -0.009444
v 0.347438 -0.100000 -0.005750
v 0.347438 0.100000 -0.005750
v 0.341222 -0.100000 -0.002444
v 0.341222 0.100000 -0.002444
v 0.334660 -0.100000 0.000472
v 0.334660 0.100000 0.000472
v 0.327750 -0.100000 0.003000
v 0.327750 0.100000 0.003000
v 0.320493 -0.100000 0.005139
v 0.320493 0.100000 0.005139
v 0.312889 -0.100000 0.006889
v 0.312889 0.100000 0.006889
v 0.304938 -0.100000 0.008250
v 0.304938 0.100000 0.008250
v 0.296639 -0.100000 0.009222
v 0.296639 0.100000 0.009222
v 0.287993 -0.100000 0.009806
v 0.287993 0.100000 0.009806
v 0.091000 -0.100000 -0.045000
v 0.091000 0.100000 -0.045000
v 0.094264 -0.100000 -0.042604
v 0.094264 0.100000 -0.042604
v 0.097722 -0.100000 -0.040417
v 0.097722 0.100000 -0.040417
v 0.101375 -0.100000 -0.038438
v 0.101375 0.100000 -0.038438
v 0.105222 -0.100000 -0.036667
v 0.105222 0.100000 -0.036667
v 0.109264 -0.100000 -0.035104
v 0.109264 0.100000 -0.035104
v 0.113500 -0.100000 -0.033750
v 0.113500 0.100000 -0.033750
v 0.117931 -0.100000 -0.032604
v 0.117931 0.100000 -0.032604
v 0.122556 -0.100000 -0.031667
v 0.122556 0.100000 -0.031667
v 0.127375 -0.100000 -0.030937
v 0.127375 0.100000 -0.030937
v 0.132389 -0.100000 -0.030417
v 0.132389 0.100000 -0.030417
v 0.137597 -0.100000 -0.030104
v 0.137597 0.100000 -0.030104
v 0.143000 -0.100000 -0.030000
v 0.143000 0.100000 -0.030000
v 0.280000 -0.100000 -0.030000
v 0.280000 0.100000 -0.030000
v 0.286198 -0.100000 -0.030111
v 0.286198 0.100000 -0.030111
v 0.292125 -0.100000 -0.030444
v 0.292125 0.100000 -0.030444
v 0.297781 -0.100000 -0.031000
v 0.297781 0.100000 -0.031000
v 0.303167 -0.100000 -0.031778
v 0.303167 0.100000 -0.031778
v 0.308281 -0.100000 -0.032778
v 0.308281 0.100000 -0.032778
v 0.313125 -0.100000 -0.034000
v 0.313125 0.100000 -0.034000
v 0.317698 -0.100000 -0.035444
v 0.317698 0.100000 -0.035444
v 0.322000 -0.100000 -0.037111
v 0.322000 0.100000 -0.037111
v 0.326031 -0.100000 -0.039000
v 0.326031 0.100000 -0.039000
v 0.329792 -0.100000 -0.041111
v 0.329792 0.100000 -0.041111
v 0.333281 -0.100000 -0.043444
v 0.333281 0.100000 -0.043444
v 0.336500 -0.100000 -0.046000
v 0.336500 0.100000 -0.046000
v 0.339455 -0.100000 -0.048813
v 0.339455 0.100000 -0.048813
v 0.342153 -0.100000 -0.051917
v 0.342153 0.100000 -0.051917
v 0.344594 -0.100000 -0.055313
v 0.344594 0.100000 -0.055313
v 0.346778 -0.100000 -0.059000
v 0.346778 0.100000 -0.059000
v 0.348705 -0.100000 -0.062979
v 0.348705 0.100000 -0.062979
v 0.350375 -0.100000 -0.067250
v 0.350375 0.100000 -0.067250
v 0.351788 -0.100000 -0.071813
v 0.351788 0.100000 -0.071813
v 0.352945 -0.100000 -0.076667
v 0.352945 0.100000 -0.076667
v 0.353844 -0.100000 -0.081813
v 0.353844 0.100000 -0.081813
v 0.354486 -0.100000 -0.087250
v 0.354486 0.100000 -0.087250
v 0.354872 -0.100000 -0.092979
v 0.354872 0.100000 -0.092979
v 0.355000 -0.100000 -0.099000
v 0.355000 0.100000 -0.099000
v 0.354507 -0.100000 -0.110444
v 0.354507 0.100000 -0.110444
v 0.353028 -0.100000 -0.120778
v 0.353028 0.100000 -0.120778
v 0.350563 -0.100000 -0.130000
v 0.350563 0.100000 -0.130000
v 0.347111 -0.100000 -0.138111
v 0.347111 0.100000 -0.138111
v 0.342674 -0.100000 -0.145111
v 0.342674 0.100000 -0.145111
v 0.337250 -0.100000 -0.151000
v 0.337250 0.100000 -0.151000
v 0.330840 -0.100000 -0.155778
v 0.330840 0.100000 -0.155778
v 0.323444 -0.100000 -0.159444
v 0.323444 0.100000 -0.159444
v 0.315062 -0.100000 -0.162000
v 0.315062 0.100000 -0.162000
v 0.305694 -0.100000 -0.163444
v 0.305694 0.100000 -0.163444
v 0.295340 -0.100000 -0.163778
v 0.295340 0.100000 -0.163778
v 0.284000 -0.100000 -0.163000
v 0.284000 0.100000 -0.163000
v 0.133000 -0.100000 -0.147000
v 0.133000 0.100000 -0.147000
v 0.127320 -0.100000 -0.146257
v 0.127320 0.100000 -0.146257
v 0.121944 -0.100000 -0.145361
v 0.121944 0.100000 -0.145361
v 0.116875 -0.100000 -0.144313
v 0.116875 0.100000 -0.144313
v 0.112111 -0.100000 -0.143111
v 0.112111 0.100000 -0.143111
v 0.107653 -0.100000 -0.141757
v 0.107653 0.100000 -0.141757
v 0.103500 -0.100000 -0.140250
v 0.103500 0.100000 -0.140250
v 0.099653 -0.100000 -0.138590
v 0.099653 0.100000 -0.138590
v 0.096111 -0.100000 -0.136778
v 0.096111 0.100000 -0.136778
v 0.092875 -0.100000 -0.134813
v 0.092875 0.100000 -0.134813
v 0.089944 -0.100000 -0.132694
v 0.089944 0.100000 -0.132694
v 0.087319 -0.100000 -0.130424
v 0.087319 0.100000 -0.130424
v 0.085000 -0.100000 -0.128000
v 0.085000 0.100000 -0.128000
v 0.082924 -0.100000 -0.125431
v 0.082924 0.100000 -0.125431
v 0.081028 -0.100000 -0.122722
v 0.081028 0.100000 -0.122722
v 0.079313 -0.100000 -0.119875
v 0.079313 0.100000 -0.119875
v 0.077778 -0.100000 -0.116889
v 0.077778 0.100000 -0.116889
v 0.076424 -0.100000 -0.113764
v 0.076424 0.100000 -0.113764
v 0.075250 -0.100000 -0.110500
v 0.075250 0.100000 -0.110500
v 0.074257 -0.100000 -0.107097
v 0.074257 0.100000 -0.107097
v 0.073444 -0.100000 -0.103556
v 0.073444 0.100000 -0.103556
v 0.072813 -0.100000 -0.099875
v 0.072813 0.100000 -0.099875
v 0.072361 -0.100000 -0.096056
v 0.072361 0.100000 -0.096056
v 0.072090 -0.100000 -0.092097
v 0.072090 0.100000 -0.092097
v 0.072000 -0.100000 -0.088000
v 0.072000 0.100000 -0.088000
v 0.072132 -0.100000 -0.083424
v 0.072132 0.100000 -0.083424
v 0.072528 -0.100000 -0.079028
v 0.072528 0.100000 -0.079028
v 0.073188 -0.100000 -0.074813
v 0.073188 0.100000 -0.074813
v 0.074111 -0.100000 -0.070778
v 0.074111 0.100000 -0.070778
v 0.075299 -0.100000 -0.066924
v 0.075299 0.100000 -0.066924
v 0.076750 -0.100000 -0.063250
v 0.076750 0.100000 -0.063250
v 0.078465 -0.100000 -0.059757
v 0.078465 0.100000 -0.059757
v 0.080445 -0.100000 -0.056444
v 0.080445 0.100000 -0.056444
v 0.082688 -0.100000 -0.053313
v 0.082688 0.100000 -0.053313
v 0.085194 -0.100000 -0.050361
v 0.085194 0.100000 -0.050361
v 0.087965 -0.100000 -0.047590
v 0.087965 0.100000 -0.047590
v 0.275000 -0.100000 -0.163000
v 0.275000 0.100000 -0.163000
v 0.139000 -0.100000 -0.149000
v 0.139000 0.100000 -0.149000
v 0.127899 -0.100000 -0.148066
v 0.127899 0.100000 -0.148066
v 0.117264 -0.100000 -0.147597
v 0.117264 0.100000 -0.147597
v 0.107094 -0.100000 -0.147594
v 0.107094 0.100000 -0.147594
v 0.097389 -0.100000 -0.148056
v 0.097389 0.100000 -0.148056
v 0.088149 -0.100000 -0.148983
v 0.088149 0.100000 -0.148983
v 0.079375 -0.100000 -0.150375
v 0.079375 0.100000 -0.150375
v 0.071066 -0.100000 -0.152233
v 0.071066 0.100000 -0.152233
v 0.063222 -0.100000 -0.154556
v 0.063222 0.100000 -0.154556
v 0.055844 -0.100000 -0.157344
v 0.055844 0.100000 -0.157344
v 0.048931 -0.100000 -0.160597
v 0.048931 0.100000 -0.160597
v 0.042483 -0.100000 -0.164316
v 0.042483 0.100000 -0.164316
v 0.036500 -0.100000 -0.168500
v 0.036500 0.100000 -0.168500
v 0.030990 -0.100000 -0.173080
v 0.030990 0.100000 -0.173080
v 0.025958 -0.100000 -0.177986
v 0.025958 0.100000 -0.177986
v 0.021406 -0.100000 -0.183219
v 0.021406 0.100000 -0.183219
v 0.017333 -0.100000 -0.188778
v 0.017333 0.100000 -0.188778
v 0.013740 -0.100000 -0.194663
v 0.013740 0.100000 -0.194663
v 0.010625 -0.100000 -0.200875
v 0.010625 0.100000 -0.200875
v 0.007990 -0.100000 -0.207413
v 0.007990 0.100000 -0.207413
v 0.005833 -0.100000 -0.214278
v 0.005833 0.100000 -0.214278
v 0.004156 -0.100000 -0.221469
v 0.004156 0.100000 -0.221469
v 0.002958 -0.100000 -0.228986
v 0.002958 0.100000 -0.228986
v 0.002240 -0.100000 -0.236830
v 0.002240 0.100000 -0.236830
v 0.002000 -0.100000 -0.245000
v 0.002000 0.100000 -0.245000
v 0.002226 -0.100000 -0.252062
v 0.002226 0.100000 -0.252062
v 0.002903 -0.100000 -0.258917
v 0.002903 0.100000 -0.258917
v 0.004031 -0.100000 -0.265563
v 0.004031 0.100000 -0.265563
v 0.005611 -0.100000 -0.272000
v 0.005611 0.100000 -0.272000
v 0.007643 -0.100000 -0.278229
v 0.007643 0.100000 -0.278229
v 0.010125 -0.100000 -0.284250
v 0.010125 0.100000 -0.284250
v 0.013059 -0.100000 -0.290063
v 0.013059 0.100000 -0.290063
v 0.016445 -0.100000 -0.295667
v 0.016445 0.100000 -0.295667
v 0.020281 -0.100000 -0.301063
v 0.020281 0.100000 -0.301063
v 0.024570 -0.100000 -0.306250
v 0.024570 0.100000 -0.306250
v 0.029309 -0.100000 -0.311229
v 0.029309 0.100000 -0.311229
v 0.034500 -0.100000 -0.316000
v 0.034500 0.100000 -0.316000
v 0.040101 -0.100000 -0.320528
v 0.040101 0.100000 -0.320528
v 0.046070 -0.100000 -0.324778
v 0.046070 0.100000 -0.324778
v 0.052406 -0.100000 -0.328750
v 0.052406 0.100000 -0.328750
v 0.059111 -0.100000 -0.332444
v 0.059111 0.100000 -0.332444
v 0.066184 -0.100000 -0.335861
v 0.066184 0.100000 -0.335861
v 0.073625 -0.100000 -0.339000
v 0.073625 0.100000 -0.339000
v 0.081434 -0.100000 -0.341861
v 0.081434 0.100000 -0.341861
v 0.089611 -0.100000 -0.344444
v 0.089611 0.100000 -0.344444
v 0.098156 -0.100000 -0.346750
v 0.098156 0.100000 -0.346750
v 0.107070 -0.100000 -0.348778
v 0.107070 0.100000 -0.348778
v 0.116351 -0.100000 -0.350528
v 0.116351 0.100000 -0.350528
v 0.126000 -0.100000 -0.352000
v 0.126000 0.100000 -0.352000
v 0.234000 -0.100000 -0.366000
v 0.234000 0.100000 -0.366000
v 0.242521 -0.100000 -0.366778
v 0.242521 0.100000 -0.366778
v 0.250750 -0.100000 -0.367111
v 0.250750 0.100000 -0.367111
v 0.258688 -0.100000 -0.367000
v 0.258688 0.100000 -0.367000
v 0.266333 -0.100000 -0.366444
v 0.266333 0.100000 -0.366444
v 0.273688 -0.100000 -0.365444
v 0.273688 0.100000 -0.365444
v 0.280750 -0.100000 -0.364000
v 0.280750 0.100000 -0.364000
v 0.287521 -0.100000 -0.362111
v 0.287521 0.100000 -0.362111
v 0.294000 -0.100000 -0.359778
v 0.294000 0.100000 -0.359778
v 0.300188 -0.100000 -0.357000
v 0.300188 0.100000 -0.357000
v 0.306084 -0.100000 -0.353778
v 0.306084 0.100000 -0.353778
v 0.311688 -0.100000 -0.350111
v 0.311688 0.100000 -0.350111
v 0.317000 -0.100000 -0.346000
v 0.317000 0.100000 -0.346000
v 0.321951 -0.100000 -0.341479
v 0.321951 0.100000 -0.341479
v 0.326472 -0.100000 -0.336583
v 0.326472 0.100000 -0.336583
v 0.330563 -0.100000 -0.331313
v 0.330563 0.100000 -0.331313
v 0.334222 -0.100000 -0.325667
v 0.334222 0.100000 -0.325667
v 0.337452 -0.100000 -0.319646
v 0.337452 0.100000 -0.319646
v 0.340250 -0.100000 -0.313250
v 0.340250 0.100000 -0.313250
v 0.342618 -0.100000 -0.306479
v 0.342618 0.100000 -0.306479
v 0.344556 -0.100000 -0.299333
v 0.344556 0.100000 -0.299333
v 0.346063 -0.100000 -0.291813
v 0.346063 0.100000 -0.291813
v 0.347139 -0.100000 -0.283917
v 0.347139 0.100000 -0.283917
v 0.347785 -0.100000 -0.275646
v 0.347785 0.100000 -0.275646
v 0.348000 -0.100000 -0.267000
v 0.348000 0.100000 -0.267000
v 0.347861 -0.100000 -0.259931
v 0.347861 0.100000 -0.259931
v 0.347445 -0.100000 -0.253056
v 0.347445 0.100000 -0.253056
v 0.346750 -0.100000 -0.246375
v 0.346750 0.100000 -0.246375
v 0.345778 -0.100000 -0.239889
v 0.345778 0.100000 -0.239889
v 0.344528 -0.100000 -0.233597
v 0.344528 0.100000 -0.233597
v 0.343000 -0.100000 -0.227500
v 0.343000 0.100000 -0.227500
v 0.341194 -0.100000 -0.221597
v 0.341194 0.100000 -0.221597
v 0.339111 -0.100000 -0.215889
v 0.339111 0.100000 -0.215889
v 0.336750 -0.100000 -0.210375
v 0.336750 0.100000 -0.210375
v 0.334111 -0.100000 -0.205056
v 0.334111 0.100000 -0.205056
v 0.331194 -0.100000 -0.199931
v 0.331194 0.100000 -0.199931
v 0.328000 -0.100000 -0.195000
v 0.328000 0.100000 -0.195000
v 0.324576 -0.100000 -0.190347
v 0.324576 0.100000 -0.190347
v 0.320972 -0.100000 -0.186056
v 0.320972 0.100000 -0.186056
v 0.317187 -0.100000 -0.182125
v 0.317187 0.100000 -0.182125
v 0.313222 -0.100000 -0.178556
v 0.313222 0.100000 -0.178556
v 0.309076 -0.100000 -0.175347
v 0.309076 0.100000 -0.175347
v 0.304750 -0.100000 -0.172500
v 0.304750 0.100000 -0.172500
v 0.300243 -0.100000 -0.170014
v 0.300243 0.100000 -0.170014
v 0.295556 -0.100000 -0.167889
v 0.295556 0.100000 -0.167889
v 0.290688 -0.100000 -0.166125
v 0.290688 0.100000 -0.166125
v 0.285639 -0.100000 -0.164722
v 0.285639 0.100000 -0.164722
v 0.280410 -0.100000 -0.163681
v 0.280410 0.100000 -0.163681
v 0.065500 -0.100000 -0.198500
v 0.065500 0.100000 -0.198500
v 0.069726 -0.100000 -0.196059
v 0.069726 0.100000 -0.196059
v 0.074236 -0.100000 -0.193903
v 0.074236 0.100000 -0.193903
v 0.079031 -0.100000 -0.192031
v 0.079031 0.100000 -0.192031
v 0.084111 -0.100000 -0.190444
v 0.084111 0.100000 -0.190444
v 0.089476 -0.100000 -0.189142
v 0.089476 0.100000 -0.189142
v 0.095125 -0.100000 -0.188125
v 0.095125 0.100000 -0.188125
v 0.101059 -0.100000 -0.187392
v 0.101059 0.100000 -0.187392
v 0.107278 -0.100000 -0.186944
v 0.107278 0.100000 -0.186944
v 0.113781 -0.100000 -0.186781
v 0.113781 0.100000 -0.186781
v 0.120569 -0.100000 -0.186903
v 0.120569 0.100000 -0.186903
v 0.127642 -0.100000 -0.187309
v 0.127642 0.100000 -0.187309
v 0.135000 -0.100000 -0.188000
v 0.135000 0.100000 -0.188000
v 0.270000 -0.100000 -0.202000
v 0.270000 0.100000 -0.202000
v 0.272948 -0.100000 -0.202441
v 0.272948 0.100000 -0.202441
v 0.275792 -0.100000 -0.203097
v 0.275792 0.100000 -0.203097
v 0.278531 -0.100000 -0.203969
v 0.278531 0.100000 -0.203969
v 0.281167 -0.100000 -0.205056
v 0.281167 0.100000 -0.205056
v 0.283698 -0.100000 -0.206358
v 0.283698 0.100000 -0.206358
v 0.286125 -0.100000 -0.207875
v 0.286125 0.100000 -0.207875
v 0.288448 -0.100000 -0.209608
v 0.288448 0.100000 -0.209608
v 0.290667 -0.100000 -0.211556
v 0.290667 0.100000 -0.211556
v 0.292781 -0.100000 -0.213719
v 0.292781 0.100000 -0.213719
v 0.294792 -0.100000 -0.216097
v 0.294792 0.100000 -0.216097
v 0.296698 -0.100000 -0.218691
v 0.296698 0.100000 -0.218691
v 0.298500 -0.100000 -0.221500
v 0.298500 0.100000 -0.221500
v 0.300177 -0.100000 -0.224490
v 0.300177 0.100000 -0.224490
v 0.301708 -0.100000 -0.227625
v 0.301708 0.100000 -0.227625
v 0.303094 -0.100000 -0.230906
v 0.303094 0.100000 -0.230906
v 0.304333 -0.100000 -0.234333
v 0.304333 0.100000 -0.234333
v 0.305427 -0.100000 -0.237906
v 0.305427 0.100000 -0.237906
v 0.306375 -0.100000 -0.241625
v 0.306375 0.100000 -0.241625
v 0.307177 -0.100000 -0.245490
v 0.307177 0.100000 -0.245490
v 0.307833 -0.100000 -0.249500
v 0.307833 0.100000 -0.249500
v 0.308344 -0.100000 -0.253656
v 0.308344 0.100000 -0.253656
v 0.308708 -0.100000 -0.257958
v 0.308708 0.100000 -0.257958
v 0.308927 -0.100000 -0.262406
v 0.308927 0.100000 -0.262406
v 0.309000 -0.100000 -0.267000
v 0.309000 0.100000 -0.267000
v 0.308507 -0.100000 -0.277806
v 0.308507 0.100000 -0.277806
v 0.307028 -0.100000 -0.287556
v 0.307028 0.100000 -0.287556
v 0.304563 -0.100000 -0.296250
v 0.304563 0.100000 -0.296250
v 0.301111 -0.100000 -0.303889
v 0.301111 0.100000 -0.303889
v 0.296674 -0.100000 -0.310472
v 0.296674 0.100000 -0.310472
v 0.291250 -0.100000 -0.316000
v 0.291250 0.100000 -0.316000
v 0.284840 -0.100000 -0.320472
v 0.284840 0.100000 -0.320472
v 0.277445 -0.100000 -0.323889
v 0.277445 0.100000 -0.323889
v 0.269063 -0.100000 -0.326250
v 0.269063 0.100000 -0.326250
v 0.259695 -0.100000 -0.327556
v 0.259695 0.100000 -0.327556
v 0.249340 -0.100000 -0.327806
v 0.249340 0.100000 -0.327806
v 0.238000 -0.100000 -0.327000
v 0.238000 0.100000 -0.327000
v 0.131000 -0.100000 -0.313000
v 0.131000 0.100000 -0.313000
v 0.123813 -0.100000 -0.312076
v 0.123813 0.100000 -0.312076
v 0.116917 -0.100000 -0.310972
v 0.116917 0.100000 -0.310972
v 0.110313 -0.100000 -0.309688
v 0.110313 0.100000 -0.309688
v 0.104000 -0.100000 -0.308222
v 0.104000 0.100000 -0.308222
v 0.097979 -0.100000 -0.306576
v 0.097979 0.100000 -0.306576
v 0.092250 -0.100000 -0.304750
v 0.092250 0.100000 -0.304750
v 0.086813 -0.100000 -0.302743
v 0.086813 0.100000 -0.302743
v 0.081667 -0.100000 -0.300556
v 0.081667 0.100000 -0.300556
v 0.076813 -0.100000 -0.298188
v 0.076813 0.100000 -0.298188
v 0.072250 -0.100000 -0.295639
v 0.072250 0.100000 -0.295639
v 0.067979 -0.100000 -0.292910
v 0.067979 0.100000 -0.292910
v 0.064000 -0.100000 -0.290000
v 0.064000 0.100000 -0.290000
v 0.060326 -0.100000 -0.286938
v 0.060326 0.100000 -0.286938
v 0.056972 -0.100000 -0.283750
v 0.056972 0.100000 -0.283750
v 0.053938 -0.100000 -0.280438
v 0.053938 0.100000 -0.280438
v 0.051222 -0.100000 -0.277000
v 0.051222 0.100000 -0.277000
v 0.048826 -0.100000 -0.273438
v 0.048826 0.100000 -0.273438
v 0.046750 -0.100000 -0.269750
v 0.046750 0.100000 -0.269750
v 0.044993 -0.100000 -0.265938
v 0.044993 0.100000 -0.265938
v 0.043556 -0.100000 -0.262000
v 0.043556 0.100000 -0.262000
v 0.042437 -0.100000 -0.257937
v 0.042437 0.100000 -0.257937
v 0.041639 -0.100000 -0.253750
v 0.041639 0.100000 -0.253750
v 0.041160 -0.100000 -0.249437
v 0.041160 0.100000 -0.249437
v 0.041000 -0.100000 -0.245000
v 0.041000 0.100000 -0.245000
v 0.041170 -0.100000 -0.239941
v 0.041170 0.100000 -0.239941
v 0.041681 -0.100000 -0.235097
v 0.041681 0.100000 -0.235097
v 0.042531 -0.100000 -0.230469
v 0.042531 0.100000 -0.230469
v 0.043722 -0.100000 -0.226056
v 0.043722 0.100000 -0.226056
v 0.045253 -0.100000 -0.221858
v 0.045253 0.100000 -0.221858
v 0.047125 -0.100000 -0.217875
v 0.047125 0.100000 -0.217875
v 0.049337 -0.100000 -0.214108
v 0.049337 0.100000 -0.214108
v 0.051889 -0.100000 -0.210556
v 0.051889 0.100000 -0.210556
v 0.054781 -0.100000 -0.207219
v 0.054781 0.100000 -0.207219
v 0.058014 -0.100000 -0.204097
v 0.058014 0.100000 -0.204097
v 0.061587 -0.100000 -0.201191
v 0.061587 0.100000 -0.201191
v -0.500000 0.100000 0.190000
v 0.100000 0.100000 0.190000
v -0.500000 0.100000 -0.210000
v 0.100000 0.100000 -0.210000
v -0.270000 0.100000 0.160000
v 0.350000 0.100000 0.160000
v -0.270000 0.100000 -0.000000
v 0.350000 0.100000 -0.000000
v -0.260000 0.100000 -0.020000
v 0.360000 0.100000 -0.020000
v -0.260000 0.100000 -0.180000
v 0.360000 0.100000 -0.180000
v -0.160000 0.100000 -0.170000
v 0.320000 0.100000 -0.170000
v -0.160000 0.100000 -0.330000
v 0.320000 0.100000 -0.330000
v -0.150000 0.100000 0.280000
v 0.270000 0.100000 0.280000
v -0.150000 0.100000 0.160000
v 0.270000 0.100000 0.160000
v -0.359930 0.100000 0.168806
v -0.046958 0.100000 0.301655
v -0.313042 0.100000 0.058345
v -0.000070 0.100000 0.191194
v -0.326169 0.100000 -0.036791
v 0.046861 0.100000 -0.338865
v -0.426861 0.100000 -0.161135
v -0.053831 0.100000 -0.463209
v -0.023352 0.100000 -0.119228
v 0.097929 0.100000 -0.542183
v -0.157929 0.100000 -0.157817
v -0.036648 0.100000 -0.580772
v 0.063894 0.100000 -0.515399
v 0.091458 0.100000 -0.611525
v -0.051458 0.100000 -0.548475
v -0.023894 0.100000 -0.644601
v 0.056650 0.100000 -0.565011
v 0.078701 0.100000 -0.641912
v -0.058701 0.100000 -0.598088
v -0.036650 0.100000 -0.674989
v -0.500000 -0.100000 0.190000
v 0.100000 -0.100000 0.190000
v -0.500000 -0.100000 -0.210000
v 0.100000 -0.100000 -0.210000
v -0.270000 -0.100000 0.160000
v 0.350000 -0.100000 0.160000
v -0.270000 -0.100000 -0.000000
v 0.350000 -0.100000 -0.000000
v -0.260000 -0.100000 -0.020000
v 0.360000 -0.100000 -0.020000
v -0.260000 -0.100000 -0.180000
v 0.360000 -0.100000 -0.180000
v -0.160000 -0.100000 -0.170000
v 0.320000 -0.100000 -0.170000
v -0.160000 -0.100000 -0.330000
v 0.320000 -0.100000 -0.330000
v -0.150000 -0.100000 0.280000
v 0.270000 -0.100000 0.280000
v -0.150000 -0.100000 0.160000
v 0.270000 -0.100000 0.160000
v -0.359930 -0.100000 0.168806
v -0.046958 -0.100000 0.301655
v -0.313042 -0.100000 0.058345
v -0.000070 -0.100000 0.191194
v -0.326169 -0.100000 -0.036791
v 0.046861 -0.100000 -0.338865
v -0.426861 -0.100000 -0.161135
v -0.053831 -0.100000 -0.463209
v -0.023352 -0.100000 -0.119228
v 0.097929 -0.100000 -0.542183
v -0.157929 -0.100000 -0.157817
v -0.036648 -0.100000 -0.580772
v 0.063894 -0.100000 -0.515399
v 0.091458 -0.100000 -0.611525
v -0.051458 -0.100000 -0.548475
v -0.023894 -0.100000 -0.644601
v 0.056650 -0.100000 -0.565011
v 0.078701 -0.100000 -0.641912
v -0.058701 -0.100000 -0.598088
v -0.036650 -0.100000 -0.674989
vn -0.0000 1.0000 -0.0000
vn -0.0000 -1.0000 -0.0000
vn 0.0537 -0.0000 0.9986
vn 0.0578 -0.0000 0.9983
vn 0.0502 -0.0000 0.9987
vn 0.0464 -0.0000 0.9989
vn 0.0424 -0.0000 0.9991
vn 0.0383 -0.0000 0.9993
vn 0.0339 -0.0000 0.9994
vn 0.0291 -0.0000 0.9996
vn 0.0240 -0.0000 0.9997
vn 0.0186 -0.0000 0.9998
vn 0.0128 -0.0000 0.9999
vn 0.0067 -0.0000 1.0000
vn -0.0074 -0.0000 1.0000
vn -0.0372 -0.0000 0.9993
vn -0.0760 -0.0000 0.9971
vn -0.1166 -0.0000 0.9932
vn -0.1589 -0.0000 0.9873
vn -0.2028 -0.0000 0.9792
vn -0.2482 -0.0000 0.9687
vn -0.2946 -0.0000 0.9556
vn -0.3419 -0.0000 0.9397
vn -0.3897 -0.0000 0.9209
vn -0.4376 -0.0000 0.8992
vn -0.4851 -0.0000 0.8745
vn -0.5318 -0.0000 0.8469
vn -0.5386 -0.0000 0.8425
vn -0.5181 -0.0000 0.8553
vn -0.5093 -0.0000 0.8606
vn -0.4997 -0.0000 0.8662
vn -0.4892 -0.0000 0.8722
vn -0.4777 -0.0000 0.8785
vn -0.4651 -0.0000 0.8853
vn -0.4511 -0.0000 0.8925
vn -0.4356 -0.0000 0.9001
vn -0.4183 -0.0000 0.9083
vn -0.3990 -0.0000 0.9170
vn -0.3773 -0.0000 0.9261
vn -0.3528 -0.0000 0.9357
vn -0.3264 -0.0000 0.9452
vn -0.2991 -0.0000 0.9542
vn -0.2711 -0.0000 0.9626
vn -0.2425 -0.0000 0.9702
vn -0.2133 -0.0000 0.9770
vn -0.1837 -0.0000 0.9830
vn -0.1537 -0.0000 0.9881
vn -0.1233 -0.0000 0.9924
vn -0.0926 -0.0000 0.9957
vn -0.0618 -0.0000 0.9981
vn -0.0309 -0.0000 0.9995
vn -0.0077 -0.0000 1.0000
vn -0.7071 -0.0000 0.7071
vn -0.7079 -0.0000 -0.7063
vn -0.0044 -0.0000 -1.0000
vn -0.0088 -0.0000 -1.0000
vn -0.0130 -0.0000 -0.9999
vn -0.0171 -0.0000 -0.9999
vn -0.0211 -0.0000 -0.9998
vn -0.0250 -0.0000 -0.9997
vn -0.0288 -0.0000 -0.9996
vn -0.0324 -0.0000 -0.9995
vn -0.0360 -0.0000 -0.9994
vn -0.0395 -0.0000 -0.9992
vn -0.0429 -0.0000 -0.9991
vn -0.0492 -0.0000 -0.9988
vn -0.0612 -0.0000 -0.9981
vn -0.0764 -0.0000 -0.9971
vn -0.0916 -0.0000 -0.9958
vn -0.1070 -0.0000 -0.9943
vn -0.1225 -0.0000 -0.9925
vn -0.1381 -0.0000 -0.9904
vn -0.1538 -0.0000 -0.9881
vn -0.1696 -0.0000 -0.9855
vn -0.1854 -0.0000 -0.9827
vn -0.2014 -0.0000 -0.9795
vn -0.2174 -0.0000 -0.9761
vn -0.7203 -0.0000 -0.6937
vn -0.9779 -0.0000 -0.2092
vn -0.9680 -0.0000 -0.2510
vn -0.9559 -0.0000 -0.2936
vn -0.9416 -0.0000 -0.3367
vn -0.9249 -0.0000 -0.3802
vn -0.9058 -0.0000 -0.4237
vn -0.8843 -0.0000 -0.4669
vn -0.8606 -0.0000 -0.5093
vn -0.8346 -0.0000 -0.5509
vn -0.8065 -0.0000 -0.5912
vn -0.7767 -0.0000 -0.6299
vn -0.7458 -0.0000 -0.6662
vn -0.7157 -0.0000 -0.6984
vn -0.6876 -0.0000 -0.7261
vn -0.6614 -0.0000 -0.7500
vn -0.6370 -0.0000 -0.7709
vn -0.6143 -0.0000 -0.7891
vn -0.5933 -0.0000 -0.8050
vn -0.5737 -0.0000 -0.8190
vn -0.5556 -0.0000 -0.8315
vn -0.5387 -0.0000 -0.8425
vn -0.5230 -0.0000 -0.8524
vn -0.5083 -0.0000 -0.8612
vn -0.5050 -0.0000 -0.8631
vn -0.5161 -0.0000 -0.8565
vn -0.5310 -0.0000 -0.8473
vn -0.5466 -0.0000 -0.8374
vn -0.5630 -0.0000 -0.8265
vn -0.5800 -0.0000 -0.8146
vn -0.5977 -0.0000 -0.8017
vn -0.6161 -0.0000 -0.7876
vn -0.6353 -0.0000 -0.7723
vn -0.6553 -0.0000 -0.7554
vn -0.6760 -0.0000 -0.7369
vn -0.6973 -0.0000 -0.7167
vn -0.7202 -0.0000 -0.6937
vn -0.6973 -0.0000 -0.7168
vn -0.7451 -0.0000 -0.6670
vn -0.7703 -0.0000 -0.6377
vn -0.7948 -0.0000 -0.6069
vn -0.8183 -0.0000 -0.5748
vn -0.8407 -0.0000 -0.5415
vn -0.8620 -0.0000 -0.5070
vn -0.8818 -0.0000 -0.4716
vn -0.9002 -0.0000 -0.4354
vn -0.9172 -0.0000 -0.3985
vn -0.9325 -0.0000 -0.3612
vn -0.9461 -0.0000 -0.3238
vn -0.9577 -0.0000 -0.2877
vn -0.9670 -0.0000 -0.2548
vn -0.9744 -0.0000 -0.2248
vn -0.9805 -0.0000 -0.1963
vn -0.9855 -0.0000 -0.1694
vn -0.9896 -0.0000 -0.1438
vn -0.9928 -0.0000 -0.1197
vn -0.9953 -0.0000 -0.0969
vn -0.9972 -0.0000 -0.0754
vn -0.9985 -0.0000 -0.0550
vn -0.9994 -0.0000 -0.0357
vn -0.9998 -0.0000 -0.0174
vn -1.0000 -0.0000 -0.0043
vn -0.9999 -0.0000 -0.0162
vn -0.9976 -0.0000 -0.0694
vn -0.9887 -0.0000 -0.1497
vn -0.9698 -0.0000 -0.2439
vn -0.9359 -0.0000 -0.3523
vn -0.8811 -0.0000 -0.4730
vn -0.8000 -0.0000 -0.6001
vn -0.6904 -0.0000 -0.7235
vn -0.7999 -0.0000 -0.6001
vn -0.5564 -0.0000 -0.8309
vn -0.6903 -0.0000 -0.7235
vn -0.4088 -0.0000 -0.9126
vn -0.2607 -0.0000 -0.9654
vn -0.1232 -0.0000 -0.9924
vn -0.0101 -0.0000 -0.9999
vn 0.0776 -0.0000 -0.9970
vn 0.1587 -0.0000 -0.9873
vn 0.2423 -0.0000 -0.9702
vn 0.3267 -0.0000 -0.9451
vn 0.4099 -0.0000 -0.9121
vn 0.3266 -0.0000 -0.9451
vn 0.4899 -0.0000 -0.8718
vn 0.5648 -0.0000 -0.8252
vn 0.6333 -0.0000 -0.7739
vn 0.6944 -0.0000 -0.7196
vn 0.6332 -0.0000 -0.7740
vn 0.7479 -0.0000 -0.6638
vn 0.7940 -0.0000 -0.6079
vn 0.8330 -0.0000 -0.5533
vn 0.8660 -0.0000 -0.5000
vn 0.8946 -0.0000 -0.4469
vn 0.9190 -0.0000 -0.3942
vn 0.9395 -0.0000 -0.3425
vn 0.9564 -0.0000 -0.2922
vn 0.9698 -0.0000 -0.2438
vn 0.9803 -0.0000 -0.1974
vn 0.9882 -0.0000 -0.1533
vn 0.9938 -0.0000 -0.1115
vn 0.9974 -0.0000 -0.0721
vn 0.9994 -0.0000 -0.0351
vn 1.0000 -0.0000 -0.0042
vn 0.9998 -0.0000 0.0177
vn 0.9994 -0.0000 0.0358
vn 0.9985 -0.0000 0.0544
vn 0.9973 -0.0000 0.0733
vn 0.9957 -0.0000 0.0927
vn 0.9936 -0.0000 0.1125
vn 0.9911 -0.0000 0.1328
vn 0.9882 -0.0000 0.1534
vn 0.9847 -0.0000 0.1744
vn 0.9807 -0.0000 0.1958
vn 0.9761 -0.0000 0.2174
vn 0.9721 -0.0000 0.2345
vn 0.9761 -0.0000 0.2175
vn 0.9703 -0.0000 0.2420
vn 0.9696 -0.0000 0.2447
vn 0.9689 -0.0000 0.2473
vn 0.9682 -0.0000 0.2500
vn 0.9675 -0.0000 0.2527
vn 0.9668 -0.0000 0.2555
vn 0.9661 -0.0000 0.2583
vn 0.9653 -0.0000 0.2611
vn 0.9645 -0.0000 0.2640
vn 0.9637 -0.0000 0.2669
vn 0.9629 -0.0000 0.2699
vn 0.9634 -0.0000 0.2682
vn 0.9663 -0.0000 0.2574
vn 0.9740 -0.0000 0.2264
vn 0.9775 -0.0000 0.2108
vn 0.9808 -0.0000 0.1952
vn 0.9838 -0.0000 0.1795
vn 0.9865 -0.0000 0.1638
vn 0.9890 -0.0000 0.1482
vn 0.9912 -0.0000 0.1323
vn 0.9932 -0.0000 0.1167
vn 0.9949 -0.0000 0.1011
vn 0.8279 -0.0000 0.5608
vn -0.5262 -0.0000 0.8504
vn -0.9998 -0.0000 -0.0216
vn -0.9991 -0.0000 -0.0433
vn -0.9979 -0.0000 -0.0653
vn -0.9962 -0.0000 -0.0876
vn -0.9939 -0.0000 -0.1100
vn -0.9912 -0.0000 -0.1326
vn -0.9879 -0.0000 -0.1554
vn -0.9840 -0.0000 -0.1781
vn -0.9796 -0.0000 -0.2010
vn -0.9746 -0.0000 -0.2240
vn -0.9691 -0.0000 -0.2468
vn -0.9646 -0.0000 -0.2637
vn -0.9632 -0.0000 -0.2688
vn -0.9634 -0.0000 -0.2680
vn -0.9637 -0.0000 -0.2672
vn -0.9639 -0.0000 -0.2663
vn -0.9641 -0.0000 -0.2655
vn -0.9639 -0.0000 -0.2664
vn -0.9643 -0.0000 -0.2647
vn -0.9645 -0.0000 -0.2639
vn -0.9648 -0.0000 -0.2631
vn -0.9650 -0.0000 -0.2623
vn -0.9652 -0.0000 -0.2615
vn -0.9654 -0.0000 -0.2608
vn -0.9671 -0.0000 -0.2544
vn -0.9716 -0.0000 -0.2368
vn -0.9769 -0.0000 -0.2138
vn -0.9816 -0.0000 -0.1909
vn -0.9857 -0.0000 -0.1683
vn -0.9893 -0.0000 -0.1461
vn -0.9923 -0.0000 -0.1241
vn -0.9947 -0.0000 -0.1024
vn -0.9967 -0.0000 -0.0812
vn -0.9982 -0.0000 -0.0603
vn -0.9992 -0.0000 -0.0398
vn -0.9998 -0.0000 -0.0197
vn -1.0000 -0.0000 0.0023
vn -0.9996 -0.0000 0.0295
vn -0.9981 -0.0000 0.0608
vn -0.9955 -0.0000 0.0945
vn -0.9914 -0.0000 0.1305
vn -0.9856 -0.0000 0.1689
vn -0.9777 -0.0000 0.2099
vn -0.9674 -0.0000 0.2534
vn -0.9541 -0.0000 0.2994
vn -0.9375 -0.0000 0.3479
vn -0.9172 -0.0000 0.3985
vn -0.8927 -0.0000 0.4507
vn -0.8638 -0.0000 0.5039
vn -0.8297 -0.0000 0.5582
vn -0.7889 -0.0000 0.6146
vn -0.7401 -0.0000 0.6725
vn -0.6825 -0.0000 0.7309
vn -0.6158 -0.0000 0.7879
vn -0.5404 -0.0000 0.8414
vn -0.4571 -0.0000 0.8894
vn -0.5403 -0.0000 0.8414
vn -0.3679 -0.0000 0.9299
vn -0.2749 -0.0000 0.9615
vn -0.1811 -0.0000 0.9835
vn -0.0889 -0.0000 0.9960
vn -0.0062 -0.0000 1.0000
vn 0.0646 -0.0000 0.9979
vn 0.1336 -0.0000 0.9910
vn 0.2078 -0.0000 0.9782
vn 0.2854 -0.0000 0.9584
vn 0.2075 -0.0000 0.9782
vn 0.3662 -0.0000 0.9305
vn 0.2857 -0.0000 0.9583
vn 0.4474 -0.0000 0.8943
vn 0.3661 -0.0000 0.9306
vn 0.5278 -0.0000 0.8494
vn 0.6043 -0.0000 0.7968
vn 0.5277 -0.0000 0.8494
vn 0.6755 -0.0000 0.7373
vn 0.6043 -0.0000 0.7967
vn 0.7397 -0.0000 0.6730
vn 0.6756 -0.0000 0.7373
vn 0.7957 -0.0000 0.6058
vn 0.8459 -0.0000 0.5333
vn 0.7956 -0.0000 0.6058
vn 0.8900 -0.0000 0.4559
vn 0.9241 -0.0000 0.3821
vn 0.9483 -0.0000 0.3174
vn 0.9653 -0.0000 0.2610
vn 0.9773 -0.0000 0.2118
vn 0.9856 -0.0000 0.1690
vn 0.9913 -0.0000 0.1315
vn 0.9951 -0.0000 0.0985
vn 0.9976 -0.0000 0.0696
vn 0.9990 -0.0000 0.0438
vn 0.9998 -0.0000 0.0208
vn 1.0000 -0.0000 0.0050
vn 1.0000 -0.0000 0.0046
vn 0.9998 -0.0000 0.0188
vn 0.9993 -0.0000 0.0385
vn 0.9983 -0.0000 0.0591
vn 0.9967 -0.0000 0.0808
vn 0.9946 -0.0000 0.1036
vn 0.9918 -0.0000 0.1275
vn 0.9883 -0.0000 0.1527
vn 0.9838 -0.0000 0.1791
vn 0.9784 -0.0000 0.2067
vn 0.9719 -0.0000 0.2356
vn 0.9640 -0.0000 0.2658
vn 0.9546 -0.0000 0.2980
vn 0.9432 -0.0000 0.3323
vn 0.9301 -0.0000 0.3674
vn 0.9155 -0.0000 0.4024
vn 0.8994 -0.0000 0.4371
vn 0.8820 -0.0000 0.4713
vn 0.8632 -0.0000 0.5049
vn 0.8431 -0.0000 0.5377
vn 0.8220 -0.0000 0.5696
vn 0.7997 -0.0000 0.6004
vn 0.7765 -0.0000 0.6301
vn 0.7526 -0.0000 0.6585
vn 0.7286 -0.0000 0.6850
vn 0.7055 -0.0000 0.7087
vn 0.6836 -0.0000 0.7299
vn 0.6623 -0.0000 0.7493
vn 0.6416 -0.0000 0.7671
vn 0.6216 -0.0000 0.7834
vn 0.6023 -0.0000 0.7983
vn 0.6216 -0.0000 0.7833
vn 0.5837 -0.0000 0.8120
vn 0.5658 -0.0000 0.8246
vn 0.5486 -0.0000 0.8361
vn 0.5322 -0.0000 0.8466
vn 0.5163 -0.0000 0.8564
vn 0.5102 -0.0000 0.8600
vn 0.5160 -0.0000 0.8566
vn 0.5244 -0.0000 0.8515
vn 0.5334 -0.0000 0.8459
vn 0.5243 -0.0000 0.8515
vn 0.5430 -0.0000 0.8397
vn 0.5533 -0.0000 0.8330
vn 0.5643 -0.0000 0.8256
vn 0.5761 -0.0000 0.8174
vn 0.5889 -0.0000 0.8082
vn 0.6027 -0.0000 0.7980
vn 0.6175 -0.0000 0.7865
vn 0.6336 -0.0000 0.7737
vn 0.6522 -0.0000 0.7581
vn 0.6740 -0.0000 0.7387
vn 0.6977 -0.0000 0.7164
vn 0.7217 -0.0000 0.6922
vn 0.7460 -0.0000 0.6659
vn 0.7706 -0.0000 0.6373
vn 0.7951 -0.0000 0.6065
vn 0.8194 -0.0000 0.5733
vn 0.8432 -0.0000 0.5376
vn 0.8663 -0.0000 0.4996
vn 0.8884 -0.0000 0.4590
vn 0.9092 -0.0000 0.4163
vn 0.9274 -0.0000 0.3742
vn 0.9416 -0.0000 0.3367
vn 0.9530 -0.0000 0.3030
vn 0.9627 -0.0000 0.2707
vn 0.9709 -0.0000 0.2394
vn 0.9778 -0.0000 0.2094
vn 0.9835 -0.0000 0.1808
vn 0.9881 -0.0000 0.1535
vn 0.9919 -0.0000 0.1273
vn 0.9947 -0.0000 0.1024
vn 0.9969 -0.0000 0.0788
vn 0.9984 -0.0000 0.0561
vn 0.7837 -0.0000 0.6212
vn 0.2638 -0.0000 0.9646
vn 0.2476 -0.0000 0.9689
vn 0.2315 -0.0000 0.9728
vn 0.2156 -0.0000 0.9765
vn 0.1997 -0.0000 0.9798
vn 0.1840 -0.0000 0.9829
vn 0.1685 -0.0000 0.9857
vn 0.1530 -0.0000 0.9882
vn 0.1377 -0.0000 0.9905
vn 0.1227 -0.0000 0.9924
vn 0.1078 -0.0000 0.9942
vn 0.0954 -0.0000 0.9954
vn 0.0878 -0.0000 0.9961
vn 0.0823 -0.0000 0.9966
vn 0.0768 -0.0000 0.9970
vn 0.0712 -0.0000 0.9975
vn 0.0769 -0.0000 0.9970
vn 0.0655 -0.0000 0.9979
vn 0.0596 -0.0000 0.9982
vn 0.0536 -0.0000 0.9986
vn 0.0474 -0.0000 0.9989
vn 0.0411 -0.0000 0.9992
vn 0.0346 -0.0000 0.9994
vn 0.0280 -0.0000 0.9996
vn 0.7158 -0.0000 0.6984
vn 0.7071 -0.0000 -0.7071
vn 0.0075 -0.0000 -1.0000
vn 0.0299 -0.0000 -0.9996
vn 0.0598 -0.0000 -0.9982
vn 0.0895 -0.0000 -0.9960
vn 0.1189 -0.0000 -0.9929
vn 0.1480 -0.0000 -0.9890
vn 0.1768 -0.0000 -0.9843
vn 0.2051 -0.0000 -0.9787
vn 0.2330 -0.0000 -0.9725
vn 0.2602 -0.0000 -0.9656
vn 0.2868 -0.0000 -0.9580
vn 0.3128 -0.0000 -0.9498
vn 0.3385 -0.0000 -0.9410
vn 0.3636 -0.0000 -0.9316
vn 0.3870 -0.0000 -0.9221
vn 0.4080 -0.0000 -0.9130
vn 0.4272 -0.0000 -0.9042
vn 0.4447 -0.0000 -0.8957
vn 0.4607 -0.0000 -0.8876
vn 0.4753 -0.0000 -0.8798
vn 0.4888 -0.0000 -0.8724
vn 0.5012 -0.0000 -0.8653
vn 0.5127 -0.0000 -0.8586
vn 0.5234 -0.0000 -0.8521
vn 0.5292 -0.0000 -0.8485
vn 0.5200 -0.0000 -0.8541
vn 0.4859 -0.0000 -0.8740
vn 0.4371 -0.0000 -0.8994
vn 0.3882 -0.0000 -0.9216
vn 0.3397 -0.0000 -0.9405
vn 0.2919 -0.0000 -0.9565
vn 0.2452 -0.0000 -0.9695
vn 0.1999 -0.0000 -0.9798
vn 0.1562 -0.0000 -0.9877
vn 0.1143 -0.0000 -0.9934
vn 0.0744 -0.0000 -0.9972
vn 0.0363 -0.0000 -0.9993
vn 0.0077 -0.0000 -1.0000
vn -0.0048 -0.0000 -1.0000
vn -0.0096 -0.0000 -1.0000
vn -0.0141 -0.0000 -0.9999
vn -0.0187 -0.0000 -0.9998
vn -0.0232 -0.0000 -0.9997
vn -0.0278 -0.0000 -0.9996
vn -0.0322 -0.0000 -0.9995
vn -0.0366 -0.0000 -0.9993
vn -0.0409 -0.0000 -0.9992
vn -0.0451 -0.0000 -0.9990
vn -0.0493 -0.0000 -0.9988
vn -0.0536 -0.0000 -0.9986
vn -0.0581 -0.0000 -0.9983
vn -0.0628 -0.0000 -0.9980
vn -0.0674 -0.0000 -0.9977
vn -0.0720 -0.0000 -0.9974
vn -0.0768 -0.0000 -0.9970
vn -0.0816 -0.0000 -0.9967
vn -0.0863 -0.0000 -0.9963
vn -0.0912 -0.0000 -0.9958
vn -0.0959 -0.0000 -0.9954
vn -0.0911 -0.0000 -0.9958
vn -0.1007 -0.0000 -0.9949
vn -0.1055 -0.0000 -0.9944
vn -0.1006 -0.0000 -0.9949
vn 0.2890 -0.0000 -0.9573
vn 0.9566 -0.0000 0.2913
vn 0.1022 -0.0000 0.9948
vn 0.0995 -0.0000 0.9950
vn 0.0966 -0.0000 0.9953
vn 0.0936 -0.0000 0.9956
vn 0.0902 -0.0000 0.9959
vn 0.0935 -0.0000 0.9956
vn 0.0866 -0.0000 0.9962
vn 0.0827 -0.0000 0.9966
vn 0.0784 -0.0000 0.9969
vn 0.0738 -0.0000 0.9973
vn 0.0687 -0.0000 0.9976
vn 0.0632 -0.0000 0.9980
vn 0.0688 -0.0000 0.9976
vn -0.1225 -0.0000 0.9925
vn -0.1127 -0.0000 0.9936
vn -0.1329 -0.0000 0.9911
vn -0.1415 -0.0000 0.9899
vn -0.1481 -0.0000 0.9890
vn -0.1541 -0.0000 0.9881
vn -0.1593 -0.0000 0.9872
vn -0.1540 -0.0000 0.9881
vn -0.1634 -0.0000 0.9866
vn -0.1592 -0.0000 0.9872
vn -0.1674 -0.0000 0.9859
vn -0.1709 -0.0000 0.9853
vn -0.1736 -0.0000 0.9848
vn -0.1708 -0.0000 0.9853
vn -0.1764 -0.0000 0.9843
vn -0.1641 -0.0000 0.9864
vn -0.1557 -0.0000 0.9878
vn -0.1854 -0.0000 0.9827
vn -0.2349 -0.0000 0.9720
vn -0.2863 -0.0000 0.9582
vn -0.2348 -0.0000 0.9720
vn -0.3391 -0.0000 0.9407
vn -0.3930 -0.0000 0.9195
vn -0.4474 -0.0000 0.8943
vn -0.5016 -0.0000 0.8651
vn -0.5548 -0.0000 0.8320
vn -0.6064 -0.0000 0.7951
vn -0.6558 -0.0000 0.7549
vn -0.7023 -0.0000 0.7119
vn -0.7459 -0.0000 0.6661
vn -0.7869 -0.0000 0.6171
vn -0.8254 -0.0000 0.5645
vn -0.8607 -0.0000 0.5091
vn -0.8922 -0.0000 0.4516
vn -0.9197 -0.0000 0.3926
vn -0.9429 -0.0000 0.3330
vn -0.9618 -0.0000 0.2736
vn -0.9766 -0.0000 0.2150
vn -0.9874 -0.0000 0.1580
vn -0.9947 -0.0000 0.1030
vn -0.9987 -0.0000 0.0503
vn -1.0000 -0.0000 -0.0000
vn -0.9987 -0.0000 -0.0508
vn -0.9945 -0.0000 -0.1047
vn -0.9868 -0.0000 -0.1617
vn -0.9751 -0.0000 -0.2218
vn -0.9587 -0.0000 -0.2844
vn -0.9372 -0.0000 -0.3487
vn -0.9103 -0.0000 -0.4139
vn -0.8778 -0.0000 -0.4791
vn -0.8399 -0.0000 -0.5428
vn -0.7969 -0.0000 -0.6041
vn -0.7495 -0.0000 -0.6620
vn -0.6986 -0.0000 -0.7155
vn -0.6444 -0.0000 -0.7647
vn -0.5875 -0.0000 -0.8092
vn -0.5288 -0.0000 -0.8488
vn -0.4692 -0.0000 -0.8831
vn -0.4098 -0.0000 -0.9122
vn -0.3515 -0.0000 -0.9362
vn -0.2949 -0.0000 -0.9555
vn -0.2406 -0.0000 -0.9706
vn -0.1890 -0.0000 -0.9820
vn -0.1402 -0.0000 -0.9901
vn -0.0945 -0.0000 -0.9955
vn 0.2169 -0.0000 -0.9762
vn 0.9677 -0.0000 0.2521
vn 0.0072 -0.0000 1.0000
vn 0.9677 -0.0000 0.2520
vn 0.0301 -0.0000 0.9995
vn 0.0628 -0.0000 0.9980
vn 0.0990 -0.0000 0.9951
vn 0.1389 -0.0000 0.9903
vn 0.1830 -0.0000 0.9831
vn 0.1388 -0.0000 0.9903
vn 0.2319 -0.0000 0.9728
vn 0.2853 -0.0000 0.9584
vn 0.2318 -0.0000 0.9728
vn 0.3440 -0.0000 0.9390
vn 0.4077 -0.0000 0.9131
vn 0.4758 -0.0000 0.8795
vn 0.5476 -0.0000 0.8367
vn 0.6209 -0.0000 0.7839
vn 0.6919 -0.0000 0.7220
vn 0.7568 -0.0000 0.6536
vn 0.8140 -0.0000 0.5808
vn 0.8627 -0.0000 0.5057
vn 0.9027 -0.0000 0.4303
vn 0.9342 -0.0000 0.3567
vn 0.9582 -0.0000 0.2861
vn 0.9756 -0.0000 0.2195
vn 0.9875 -0.0000 0.1576
vn 0.9949 -0.0000 0.1006
vn 0.9988 -0.0000 0.0482
vn 0.9999 -0.0000 -0.0100
vn 0.9958 -0.0000 -0.0911
vn 0.9813 -0.0000 -0.1927
vn 0.9524 -0.0000 -0.3050
vn 0.9054 -0.0000 -0.4245
vn 0.8382 -0.0000 -0.5453
vn 0.9053 -0.0000 -0.4248
vn 0.7516 -0.0000 -0.6596
vn 0.6499 -0.0000 -0.7600
vn 0.5399 -0.0000 -0.8418
vn 0.4289 -0.0000 -0.9033
vn 0.3232 -0.0000 -0.9463
vn 0.2262 -0.0000 -0.9741
vn 0.1668 -0.0000 -0.9860
vn 0.1310 -0.0000 -0.9914
vn 0.0658 -0.0000 -0.9978
vn -0.0230 -0.0000 -0.9997
vn -0.1171 -0.0000 -0.9931
vn -0.0229 -0.0000 -0.9997
vn -0.2143 -0.0000 -0.9768
vn -0.3121 -0.0000 -0.9501
vn -0.4074 -0.0000 -0.9133
vn -0.4970 -0.0000 -0.8677
vn -0.5790 -0.0000 -0.8154
vn -0.6518 -0.0000 -0.7584
vn -0.7149 -0.0000 -0.6992
vn -0.7685 -0.0000 -0.6398
vn -0.8122 -0.0000 -0.5834
vn -0.8474 -0.0000 -0.5309
vn -0.8777 -0.0000 -0.4792
vn -0.9044 -0.0000 -0.4268
vn -0.9273 -0.0000 -0.3742
vn -0.9467 -0.0000 -0.3220
vn -0.9274 -0.0000 -0.3742
vn -0.9627 -0.0000 -0.2707
vn -0.9753 -0.0000 -0.2207
vn -0.9850 -0.0000 -0.1725
vn -0.9920 -0.0000 -0.1262
vn -0.9966 -0.0000 -0.0819
vn -0.9992 -0.0000 -0.0400
vn -1.0000 -0.0000 0.0088
vn -0.9969 -0.0000 0.0784
vn -0.9861 -0.0000 0.1659
vn -0.9648 -0.0000 0.2631
vn -0.9296 -0.0000 0.3686
vn -0.8778 -0.0000 0.4790
vn -0.8084 -0.0000 0.5887
vn -0.7224 -0.0000 0.6915
vn -0.6237 -0.0000 0.7816
vn -0.5180 -0.0000 0.8554
vn -0.4116 -0.0000 0.9114
vn -0.3095 -0.0000 0.9509
vn -0.9954 -0.0000 0.0958
vn 0.1536 -0.0000 -0.9881
vn -0.9954 -0.0000 0.0959
vn 0.7192 -0.0000 -0.6948
vn 0.7723 -0.0000 -0.6353
vn 0.8206 -0.0000 -0.5715
vn 0.8633 -0.0000 -0.5047
vn 0.9000 -0.0000 -0.4359
vn 0.9303 -0.0000 -0.3669
vn 0.9543 -0.0000 -0.2987
vn 0.9726 -0.0000 -0.2325
vn 0.9856 -0.0000 -0.1692
vn 0.9940 -0.0000 -0.1091
vn 0.9986 -0.0000 -0.0528
vn 1.0000 -0.0000 -0.0015
vn 0.9989 -0.0000 0.0460
vn 0.9956 -0.0000 0.0938
vn 0.9897 -0.0000 0.1435
vn 0.9809 -0.0000 0.1946
vn 0.9690 -0.0000 0.2470
vn 0.9539 -0.0000 0.3000
vn 0.9355 -0.0000 0.3533
vn 0.9138 -0.0000 0.4062
vn 0.8888 -0.0000 0.4583
vn 0.8608 -0.0000 0.5090
vn 0.8300 -0.0000 0.5578
vn 0.7958 -0.0000 0.6056
vn 0.7559 -0.0000 0.6547
vn 0.7092 -0.0000 0.7050
vn 0.6560 -0.0000 0.7547
vn 0.5964 -0.0000 0.8027
vn 0.5307 -0.0000 0.8476
vn 0.4597 -0.0000 0.8881
vn 0.3846 -0.0000 0.9231
vn 0.3069 -0.0000 0.9517
vn 0.2279 -0.0000 0.9737
vn 0.1497 -0.0000 0.9887
vn 0.0735 -0.0000 0.9973
vn 0.0132 -0.0000 0.9999
vn -0.0186 -0.0000 0.9998
vn 0.0131 -0.0000 0.9999
vn -0.0344 -0.0000 0.9994
vn -0.0477 -0.0000 0.9989
vn -0.0346 -0.0000 0.9994
vn -0.0590 -0.0000 0.9983
vn -0.0472 -0.0000 0.9989
vn -0.0677 -0.0000 0.9977
vn -0.0763 -0.0000 0.9971
vn -0.0681 -0.0000 0.9977
vn -0.0837 -0.0000 0.9965
vn -0.0903 -0.0000 0.9959
vn -0.0963 -0.0000 0.9954
vn -0.0904 -0.0000 0.9959
vn -0.1013 -0.0000 0.9949
vn -0.1063 -0.0000 0.9943
vn -0.1015 -0.0000 0.9948
vn -0.1062 -0.0000 0.9943
vn 0.6039 -0.0000 0.7971
vn 0.6275 -0.0000 0.7787
vn 0.5788 -0.0000 0.8155
vn 0.5530 -0.0000 0.8332
vn 0.5265 -0.0000 0.8501
vn 0.4995 -0.0000 0.8663
vn 0.4718 -0.0000 0.8817
vn 0.4437 -0.0000 0.8962
vn 0.4152 -0.0000 0.9097
vn 0.3865 -0.0000 0.9223
vn 0.3576 -0.0000 0.9339
vn 0.3284 -0.0000 0.9445
vn -0.4198 -0.0000 0.9076
vn -0.9043 -0.0000 -0.4269
vn -0.3146 -0.0000 -0.9492
vn -0.3457 -0.0000 -0.9383
vn -0.3766 -0.0000 -0.9264
vn -0.4072 -0.0000 -0.9134
vn -0.4373 -0.0000 -0.8993
vn -0.4669 -0.0000 -0.8843
vn -0.4958 -0.0000 -0.8684
vn -0.5241 -0.0000 -0.8517
vn -0.5515 -0.0000 -0.8342
vn -0.5781 -0.0000 -0.8160
vn -0.6038 -0.0000 -0.7971
vn -0.6284 -0.0000 -0.7779
vn -0.6520 -0.0000 -0.7582
vn -0.6751 -0.0000 -0.7378
vn -0.6976 -0.0000 -0.7165
vn -0.7196 -0.0000 -0.6944
vn -0.7411 -0.0000 -0.6714
vn -0.7619 -0.0000 -0.6476
vn -0.7820 -0.0000 -0.6233
vn -0.8013 -0.0000 -0.5982
vn -0.8198 -0.0000 -0.5727
vn -0.8372 -0.0000 -0.5468
vn -0.8539 -0.0000 -0.5205
vn -0.8701 -0.0000 -0.4929
vn -0.8866 -0.0000 -0.4626
vn -0.9027 -0.0000 -0.4303
vn -0.9179 -0.0000 -0.3969
vn -0.9320 -0.0000 -0.3624
vn -0.9450 -0.0000 -0.3270
vn -0.9567 -0.0000 -0.2910
vn -0.9672 -0.0000 -0.2542
vn -0.9762 -0.0000 -0.2169
vn -0.9838 -0.0000 -0.1794
vn -0.9899 -0.0000 -0.1417
vn -0.9946 -0.0000 -0.1041
vn -0.4253 -0.0000 -0.9051
vn 0.9023 -0.0000 -0.4311
vn 0.9954 -0.0000 0.0956
vn 0.9899 -0.0000 0.1416
vn 0.9825 -0.0000 0.1863
vn 0.9733 -0.0000 0.2295
vn 0.9625 -0.0000 0.2712
vn 0.9504 -0.0000 0.3110
vn 0.9372 -0.0000 0.3489
vn 0.9229 -0.0000 0.3850
vn 0.9079 -0.0000 0.4191
vn 0.8924 -0.0000 0.4512
vn 0.8765 -0.0000 0.4815
vn 0.8603 -0.0000 0.5098
vn 0.8439 -0.0000 0.5365
vn 0.8269 -0.0000 0.5624
vn 0.8092 -0.0000 0.5876
vn 0.7908 -0.0000 0.6121
vn 0.7718 -0.0000 0.6358
vn 0.7523 -0.0000 0.6588
vn 0.7323 -0.0000 0.6809
vn 0.7120 -0.0000 0.7022
vn 0.6913 -0.0000 0.7226
vn 0.6704 -0.0000 0.7420
vn 0.6494 -0.0000 0.7605
vn 0.6116 -0.0000 0.7912
vn 0.6718 -0.0000 0.7407
vn 0.5461 -0.0000 0.8377
vn 0.4762 -0.0000 0.8793
vn 0.4034 -0.0000 0.9150
vn 0.3291 -0.0000 0.9443
vn 0.2549 -0.0000 0.9670
vn 0.1820 -0.0000 0.9833
vn 0.1117 -0.0000 0.9937
vn 0.0449 -0.0000 0.9990
vn -0.0180 -0.0000 0.9998
vn -0.0764 -0.0000 0.9971
vn -0.1124 -0.0000 0.9937
vn -0.1285 -0.0000 0.9917
vn -0.1617 -0.0000 0.9868
vn -0.2127 -0.0000 0.9771
vn -0.2661 -0.0000 0.9640
vn -0.3216 -0.0000 0.9469
vn -0.3788 -0.0000 0.9255
vn -0.4368 -0.0000 0.8995
vn -0.4951 -0.0000 0.8688
vn -0.5528 -0.0000 0.8333
vn -0.6088 -0.0000 0.7933
vn -0.6623 -0.0000 0.7492
vn -0.7127 -0.0000 0.7015
vn -0.7575 -0.0000 0.6528
vn -0.7960 -0.0000 0.6053
vn -0.8307 -0.0000 0.5567
vn -0.8631 -0.0000 0.5051
vn -0.8926 -0.0000 0.4509
vn -0.9188 -0.0000 0.3948
vn -0.9414 -0.0000 0.3373
vn -0.9603 -0.0000 0.2791
vn -0.9753 -0.0000 0.2210
vn -0.9865 -0.0000 0.1635
vn -0.9942 -0.0000 0.1072
vn -0.9986 -0.0000 0.0528
vn -1.0000 -0.0000 -0.0012
vn -0.9983 -0.0000 -0.0584
vn -0.9927 -0.0000 -0.1207
vn -0.9823 -0.0000 -0.1872
vn -0.9664 -0.0000 -0.2572
vn -0.9440 -0.0000 -0.3299
vn -0.9147 -0.0000 -0.4041
vn -0.8782 -0.0000 -0.4783
vn -0.8346 -0.0000 -0.5508
vn -0.7847 -0.0000 -0.6199
vn -0.7293 -0.0000 -0.6842
vn -0.6700 -0.0000 -0.7424
vn -0.6110 -0.0000 -0.7916
vn -0.5560 -0.0000 -0.8312
vn -0.5022 -0.0000 -0.8647
vn -0.4474 -0.0000 -0.8943
vn -0.3922 -0.0000 -0.9199
vn -0.3373 -0.0000 -0.9414
vn -0.2834 -0.0000 -0.9590
vn -0.2309 -0.0000 -0.9730
vn -0.1802 -0.0000 -0.9836
vn -0.1316 -0.0000 -0.9913
vn -0.0854 -0.0000 -0.9963
vn -0.0416 -0.0000 -0.9991
vn -0.0102 -0.0000 -0.9999
vn 0.0104 -0.0000 -0.9999
vn 0.0429 -0.0000 -0.9991
vn 0.0887 -0.0000 -0.9961
vn 0.1377 -0.0000 -0.9905
vn 0.1901 -0.0000 -0.9818
vn 0.2455 -0.0000 -0.9694
vn 0.3037 -0.0000 -0.9528
vn 0.3641 -0.0000 -0.9314
vn 0.4261 -0.0000 -0.9047
vn 0.4889 -0.0000 -0.8723
vn 0.5513 -0.0000 -0.8343
vn 0.6121 -0.0000 -0.7908
vn 0.6703 -0.0000 -0.7421
vn 0.7252 -0.0000 -0.6886
vn 0.7765 -0.0000 -0.6301
vn 0.8235 -0.0000 -0.5673
vn 0.8652 -0.0000 -0.5015
vn 0.9010 -0.0000 -0.4338
vn 0.9308 -0.0000 -0.3656
vn 0.9545 -0.0000 -0.2982
vn 0.9726 -0.0000 -0.2324
vn 0.9856 -0.0000 -0.1693
vn 0.9940 -0.0000 -0.1094
vn 0.9986 -0.0000 -0.0530
vn 1.0000 -0.0000 -0.0001
vn 0.9986 -0.0000 0.0526
vn 0.9941 -0.0000 0.1083
vn 0.9858 -0.0000 0.1678
vn 0.9731 -0.0000 0.2305
vn 0.9552 -0.0000 0.2959
vn 0.9318 -0.0000 0.3631
vn 0.9023 -0.0000 0.4311
vn 0.8667 -0.0000 0.4988
vn 0.8253 -0.0000 0.5647
vn 0.7784 -0.0000 0.6277
vn 0.7271 -0.0000 0.6865
vn 0.1187 -0.0000 -0.9929
vn 0.1367 -0.0000 -0.9906
vn 0.0906 -0.0000 -0.9959
vn 0.0354 -0.0000 -0.9994
vn -0.0248 -0.0000 -0.9997
vn -0.0901 -0.0000 -0.9959
vn -0.1604 -0.0000 -0.9871
vn -0.0904 -0.0000 -0.9959
vn -0.2347 -0.0000 -0.9721
vn -0.3121 -0.0000 -0.9500
vn -0.3913 -0.0000 -0.9203
vn -0.4703 -0.0000 -0.8825
vn -0.5473 -0.0000 -0.8369
vn -0.6203 -0.0000 -0.7844
vn -0.6867 -0.0000 -0.7269
vn -0.7983 -0.0000 -0.6022
vn -0.8446 -0.0000 -0.5353
vn -0.7984 -0.0000 -0.6022
vn -0.8842 -0.0000 -0.4671
vn -0.9169 -0.0000 -0.3990
vn -0.9431 -0.0000 -0.3324
vn -0.9634 -0.0000 -0.2682
vn -0.9783 -0.0000 -0.2071
vn -0.9887 -0.0000 -0.1496
vn -0.9954 -0.0000 -0.0960
vn -0.9989 -0.0000 -0.0464
vn -1.0000 -0.0000 0.0007
vn -0.9988 -0.0000 0.0491
vn -0.9948 -0.0000 0.1016
vn -0.9874 -0.0000 0.1582
vn -0.9758 -0.0000 0.2188
vn -0.9592 -0.0000 0.2827
vn -0.9369 -0.0000 0.3495
vn -0.9083 -0.0000 0.4184
vn -0.8728 -0.0000 0.4881
vn -0.8304 -0.0000 0.5572
vn -0.7814 -0.0000 0.6240
vn -0.7266 -0.0000 0.6871
vn -0.6654 -0.0000 0.7465
vn -0.5979 -0.0000 0.8016
vn -0.5278 -0.0000 0.8494
vn -0.4586 -0.0000 0.8886
vn -0.3918 -0.0000 0.9201
vn -0.3285 -0.0000 0.9445
vn -0.2692 -0.0000 0.9631
vn -0.2141 -0.0000 0.9768
vn -0.1170 -0.0000 0.9931
vn -0.0745 -0.0000 0.9972
vn -0.0357 -0.0000 0.9994
vn -0.0086 -0.0000 1.0000
vn 0.0084 -0.0000 1.0000
vn 0.0345 -0.0000 0.9994
vn 0.0710 -0.0000 0.9975
vn 0.1099 -0.0000 0.9939
vn 0.1511 -0.0000 0.9885
vn 0.1948 -0.0000 0.9808
vn 0.2408 -0.0000 0.9706
vn 0.2890 -0.0000 0.9573
vn 0.3391 -0.0000 0.9408
vn 0.3907 -0.0000 0.9205
vn 0.4435 -0.0000 0.8963
vn 0.4969 -0.0000 0.8678
vn 0.5554 -0.0000 0.8316
vn 0.6231 -0.0000 0.7822
vn 0.6931 -0.0000 0.7209
vn 0.7581 -0.0000 0.6521
vn 0.8165 -0.0000 0.5774
vn 0.8667 -0.0000 0.4989
vn 0.9080 -0.0000 0.4189
vn 0.9406 -0.0000 0.3395
vn 0.9649 -0.0000 0.2627
vn 0.9818 -0.0000 0.1897
vn 0.9926 -0.0000 0.1215
vn 0.9983 -0.0000 0.0585
vn 1.0000 -0.0000 0.0013
vn 0.9986 -0.0000 -0.0521
vn 0.9944 -0.0000 -0.1057
vn 0.9870 -0.0000 -0.1609
vn 0.9761 -0.0000 -0.2171
vn 0.9618 -0.0000 -0.2737
vn 0.9439 -0.0000 -0.3303
vn 0.9224 -0.0000 -0.3863
vn 0.8976 -0.0000 -0.4409
vn 0.8697 -0.0000 -0.4935
vn 0.8392 -0.0000 -0.5438
vn 0.8065 -0.0000 -0.5913
vn 0.7684 -0.0000 -0.6399
vn 0.7203 -0.0000 -0.6937
vn 0.6649 -0.0000 -0.7469
vn 0.6073 -0.0000 -0.7945
vn 0.5484 -0.0000 -0.8362
vn 0.4893 -0.0000 -0.8721
vn 0.4312 -0.0000 -0.9023
vn 0.3747 -0.0000 -0.9271
vn 0.3205 -0.0000 -0.9473
vn 0.2691 -0.0000 -0.9631
vn 0.2206 -0.0000 -0.9754
vn 0.1750 -0.0000 -0.9846
vn -0.0117 -0.0000 0.9999
vn 0.0108 -0.0000 0.9999
vn -0.0478 -0.0000 0.9989
vn -0.0983 -0.0000 0.9952
vn -0.1519 -0.0000 0.9884
vn -0.2081 -0.0000 0.9781
vn -0.2667 -0.0000 0.9638
vn -0.3273 -0.0000 0.9449
vn -0.3888 -0.0000 0.9213
vn -0.4507 -0.0000 0.8927
vn -0.5119 -0.0000 0.8591
vn -0.5714 -0.0000 0.8207
vn -0.6283 -0.0000 0.7779
vn -0.6809 -0.0000 0.7323
vn -0.7291 -0.0000 0.6844
vn -0.7745 -0.0000 0.6325
vn -0.8174 -0.0000 0.5761
vn -0.8567 -0.0000 0.5157
vn -0.8920 -0.0000 0.4520
vn -0.9225 -0.0000 0.3861
vn -0.9478 -0.0000 0.3190
vn -0.9678 -0.0000 0.2518
vn -0.9826 -0.0000 0.1856
vn -0.9926 -0.0000 0.1212
vn -0.9982 -0.0000 0.0592
vn -1.0000 -0.0000 0.0032
vn -0.9955 -0.0000 -0.0951
vn -0.9893 -0.0000 -0.1460
vn -0.9800 -0.0000 -0.1991
vn -0.9672 -0.0000 -0.2539
vn -0.9508 -0.0000 -0.3099
vn -0.9303 -0.0000 -0.3668
vn -0.9059 -0.0000 -0.4236
vn -0.8774 -0.0000 -0.4797
vn -0.8452 -0.0000 -0.5345
vn -0.8095 -0.0000 -0.5872
vn -0.7659 -0.0000 -0.6429
vn -0.7093 -0.0000 -0.7049
vn -0.6446 -0.0000 -0.7645
vn -0.5789 -0.0000 -0.8154
vn -0.5138 -0.0000 -0.8579
vn -0.4508 -0.0000 -0.8926
vn -0.3909 -0.0000 -0.9204
vn -0.3346 -0.0000 -0.9424
vn -0.2821 -0.0000 -0.9594
vn -0.2337 -0.0000 -0.9723
vn -0.1892 -0.0000 -0.9819
vn -0.1483 -0.0000 -0.9889
vn -0.1174 -0.0000 -0.9931
vn -0.0963 -0.0000 -0.9954
vn -0.0610 -0.0000 -0.9981
vn -0.0078 -0.0000 -1.0000
vn 0.0500 -0.0000 -0.9988
vn 0.1122 -0.0000 -0.9937
vn 0.1786 -0.0000 -0.9839
vn 0.2485 -0.0000 -0.9686
vn 0.3211 -0.0000 -0.9470
vn 0.3952 -0.0000 -0.9186
vn 0.4694 -0.0000 -0.8830
vn 0.5419 -0.0000 -0.8405
vn 0.6111 -0.0000 -0.7916
vn 0.6753 -0.0000 -0.7376
vn 0.7339 -0.0000 -0.6793
vn 0.7872 -0.0000 -0.6167
vn 0.8347 -0.0000 -0.5507
vn 0.8759 -0.0000 -0.4825
vn 0.9104 -0.0000 -0.4138
vn 0.9383 -0.0000 -0.3459
vn 0.9600 -0.0000 -0.2799
vn 0.9762 -0.0000 -0.2167
vn 0.9876 -0.0000 -0.1569
vn 0.9949 -0.0000 -0.1009
vn 0.9988 -0.0000 -0.0487
vn 1.0000 -0.0000 0.0002
vn 0.9988 -0.0000 0.0495
vn 0.9873 -0.0000 0.1589
vn 0.9757 -0.0000 0.2190
vn 0.9594 -0.0000 0.2822
vn 0.9376 -0.0000 0.3477
vn 0.9099 -0.0000 0.4149
vn 0.8759 -0.0000 0.4825
vn 0.8357 -0.0000 0.5492
vn 0.7896 -0.0000 0.6137
vn 0.7381 -0.0000 0.6747
vn 0.6828 -0.0000 0.7306
vn 0.6248 -0.0000 0.7808
vn 0.5642 -0.0000 0.8257
vn 0.5015 -0.0000 0.8652
vn 0.4381 -0.0000 0.8989
vn 0.3750 -0.0000 0.9270
vn 0.3133 -0.0000 0.9497
vn 0.2536 -0.0000 0.9673
vn 0.1966 -0.0000 0.9805
vn 0.1426 -0.0000 0.9898
vn 0.0919 -0.0000 0.9958
vn 0.0445 -0.0000 0.9990
vn 0.5635 -0.0000 -0.8261
vn 0.6209 -0.0000 -0.7839
vn 0.5057 -0.0000 -0.8627
vn 0.4475 -0.0000 -0.8943
vn 0.3896 -0.0000 -0.9210
vn 0.3327 -0.0000 -0.9430
vn 0.2775 -0.0000 -0.9607
vn 0.2246 -0.0000 -0.9745
vn 0.1742 -0.0000 -0.9847
vn 0.1265 -0.0000 -0.9920
vn 0.0816 -0.0000 -0.9967
vn 0.0396 -0.0000 -0.9992
vn 0.0096 -0.0000 -1.0000
vn -0.0090 -0.0000 -1.0000
vn -0.0370 -0.0000 -0.9993
vn -0.0770 -0.0000 -0.9970
vn -0.1204 -0.0000 -0.9927
vn -0.1675 -0.0000 -0.9859
vn -0.2183 -0.0000 -0.9759
vn -0.2730 -0.0000 -0.9620
vn -0.3314 -0.0000 -0.9435
vn -0.3931 -0.0000 -0.9195
vn -0.4572 -0.0000 -0.8894
vn -0.5231 -0.0000 -0.8523
vn -0.5893 -0.0000 -0.8079
vn -0.6563 -0.0000 -0.7545
vn -0.7229 -0.0000 -0.6909
vn -0.7842 -0.0000 -0.6205
vn -0.8370 -0.0000 -0.5472
vn -0.8810 -0.0000 -0.4732
vn -0.9164 -0.0000 -0.4003
vn -0.9439 -0.0000 -0.3302
vn -0.9645 -0.0000 -0.2640
vn -0.9794 -0.0000 -0.2021
vn -0.9895 -0.0000 -0.1447
vn -0.9957 -0.0000 -0.0923
vn -0.9990 -0.0000 -0.0443
vn -0.9999 -0.0000 0.0109
vn -0.9957 -0.0000 0.0925
vn -0.9797 -0.0000 0.2003
vn -0.9455 -0.0000 0.3257
vn -0.8853 -0.0000 0.4650
vn -0.7933 -0.0000 0.6089
vn -0.6695 -0.0000 0.7428
vn -0.5230 -0.0000 0.8523
vn -0.3691 -0.0000 0.9294
vn -0.2226 -0.0000 0.9749
vn -0.0925 -0.0000 0.9957
vn 0.0181 -0.0000 0.9998
vn 0.0869 -0.0000 0.9962
vn 0.1175 -0.0000 0.9931
vn 0.1471 -0.0000 0.9891
vn 0.1835 -0.0000 0.9830
vn 0.2236 -0.0000 0.9747
vn 0.2677 -0.0000 0.9635
vn 0.3160 -0.0000 0.9488
vn 0.3688 -0.0000 0.9295
vn 0.4260 -0.0000 0.9047
vn 0.4876 -0.0000 0.8731
vn 0.5529 -0.0000 0.8332
vn 0.6206 -0.0000 0.7841
vn 0.6891 -0.0000 0.7246
vn 0.7508 -0.0000 0.6605
vn 0.6891 -0.0000 0.7247
vn 0.7990 -0.0000 0.6013
vn 0.8384 -0.0000 0.5450
vn 0.8735 -0.0000 0.4869
vn 0.9040 -0.0000 0.4276
vn 0.9297 -0.0000 0.3682
vn 0.9509 -0.0000 0.3094
vn 0.9805 -0.0000 0.1964
vn 0.9897 -0.0000 0.1433
vn 0.9957 -0.0000 0.0929
vn 0.9990 -0.0000 0.0451
vn 1.0000 -0.0000 -0.0034
vn 0.9982 -0.0000 -0.0593
vn 0.9925 -0.0000 -0.1223
vn 0.9820 -0.0000 -0.1890
vn 0.9659 -0.0000 -0.2590
vn 0.9436 -0.0000 -0.3312
vn 0.9146 -0.0000 -0.4044
vn 0.8788 -0.0000 -0.4773
vn 0.8364 -0.0000 -0.5482
vn 0.7883 -0.0000 -0.6153
vn 0.7353 -0.0000 -0.6777
vn 0.6787 -0.0000 -0.7345
vn 0.0931 -0.0000 0.9957
vn 0.1137 -0.0000 0.9935
vn 0.0640 -0.0000 0.9980
vn 0.0222 -0.0000 0.9998
vn -0.0236 -0.0000 0.9997
vn -0.0737 -0.0000 0.9973
vn -0.1283 -0.0000 0.9917
vn -0.1876 -0.0000 0.9823
vn -0.2512 -0.0000 0.9679
vn -0.1875 -0.0000 0.9823
vn -0.3189 -0.0000 0.9478
vn -0.3899 -0.0000 0.9208
vn -0.4631 -0.0000 0.8863
vn -0.5369 -0.0000 0.8437
vn -0.6067 -0.0000 0.7949
vn -0.6692 -0.0000 0.7431
vn -0.7269 -0.0000 0.6867
vn -0.7813 -0.0000 0.6242
vn -0.8308 -0.0000 0.5566
vn -0.8745 -0.0000 0.4851
vn -0.9115 -0.0000 0.4114
vn -0.9415 -0.0000 0.3370
vn -0.9646 -0.0000 0.2636
vn -0.9813 -0.0000 0.1924
vn -0.9922 -0.0000 0.1243
vn -0.9982 -0.0000 0.0603
vn -1.0000 -0.0000 -0.0013
vn -0.9979 -0.0000 -0.0652
vn -0.9911 -0.0000 -0.1329
vn -0.9792 -0.0000 -0.2030
vn -0.9616 -0.0000 -0.2744
vn -0.9383 -0.0000 -0.3459
vn -0.9093 -0.0000 -0.4162
vn -0.8749 -0.0000 -0.4842
vn -0.8360 -0.0000 -0.5487
vn -0.7934 -0.0000 -0.6087
vn -0.7480 -0.0000 -0.6637
vn -0.7009 -0.0000 -0.7132
vn -0.6530 -0.0000 -0.7573
vn -0.6046 -0.0000 -0.7965
vn -0.5558 -0.0000 -0.8313
vn -0.5070 -0.0000 -0.8619
vn -0.4589 -0.0000 -0.8885
vn -0.5071 -0.0000 -0.8619
vn -0.4120 -0.0000 -0.9112
vn -0.3665 -0.0000 -0.9304
vn -0.3227 -0.0000 -0.9465
vn -0.2809 -0.0000 -0.9597
vn -0.2412 -0.0000 -0.9705
vn -0.2036 -0.0000 -0.9791
vn -0.1681 -0.0000 -0.9858
vn -0.1397 -0.0000 -0.9902
vn -0.1098 -0.0000 -0.9940
vn -0.0657 -0.0000 -0.9978
vn -0.0132 -0.0000 -0.9999
vn 0.0433 -0.0000 -0.9991
vn 0.1037 -0.0000 -0.9946
vn 0.1676 -0.0000 -0.9859
vn 0.2347 -0.0000 -0.9721
vn 0.3040 -0.0000 -0.9527
vn 0.3744 -0.0000 -0.9273
vn 0.4449 -0.0000 -0.8956
vn 0.3744 -0.0000 -0.9272
vn 0.5139 -0.0000 -0.8578
vn 0.5802 -0.0000 -0.8144
vn 0.6437 -0.0000 -0.7653
vn 0.7051 -0.0000 -0.7091
vn 0.7630 -0.0000 -0.6464
vn 0.8153 -0.0000 -0.5791
vn 0.8609 -0.0000 -0.5087
vn 0.8153 -0.0000 -0.5790
vn 0.8994 -0.0000 -0.4371
vn 0.9307 -0.0000 -0.3657
vn 0.9551 -0.0000 -0.2961
vn 0.9734 -0.0000 -0.2292
vn 0.9862 -0.0000 -0.1658
vn 0.9943 -0.0000 -0.1065
vn 0.9987 -0.0000 -0.0514
vn 1.0000 -0.0000 -0.0026
vn 0.9992 -0.0000 0.0400
vn 0.9966 -0.0000 0.0820
vn 0.9920 -0.0000 0.1259
vn 0.9852 -0.0000 0.1716
vn 0.9634 -0.0000 0.2679
vn 0.9482 -0.0000 0.3178
vn 0.9297 -0.0000 0.3684
vn 0.9079 -0.0000 0.4192
vn 0.8828 -0.0000 0.4697
vn 0.8546 -0.0000 0.5194
vn 0.8227 -0.0000 0.5684
vn 0.8545 -0.0000 0.5194
vn 0.7860 -0.0000 0.6182
vn 0.7435 -0.0000 0.6688
vn 0.6951 -0.0000 0.7189
vn 0.6410 -0.0000 0.7676
vn 0.5813 -0.0000 0.8137
vn 0.5168 -0.0000 0.8561
vn 0.4483 -0.0000 0.8939
vn 0.3771 -0.0000 0.9262
vn 0.3044 -0.0000 0.9525
vn 0.2316 -0.0000 0.9728
vn 0.1602 -0.0000 0.9871
vn 0.2317 -0.0000 0.9728
vn 0.4661 -0.0000 -0.8847
vn 0.5338 -0.0000 -0.8456
vn 0.3978 -0.0000 -0.9175
vn 0.3311 -0.0000 -0.9436
vn 0.2672 -0.0000 -0.9637
vn 0.2066 -0.0000 -0.9784
vn 0.1499 -0.0000 -0.9887
vn 0.0973 -0.0000 -0.9953
vn 0.0485 -0.0000 -0.9988
vn 0.0035 -0.0000 -1.0000
vn -0.0376 -0.0000 -0.9993
vn -0.0754 -0.0000 -0.9972
vn -0.0983 -0.0000 -0.9952
vn -0.1256 -0.0000 -0.9921
vn -0.1865 -0.0000 -0.9825
vn -0.2643 -0.0000 -0.9644
vn -0.3426 -0.0000 -0.9395
vn -0.4197 -0.0000 -0.9077
vn -0.4942 -0.0000 -0.8694
vn -0.5645 -0.0000 -0.8255
vn -0.6293 -0.0000 -0.7771
vn -0.6879 -0.0000 -0.7258
vn -0.7398 -0.0000 -0.6728
vn -0.7852 -0.0000 -0.6193
vn -0.8242 -0.0000 -0.5663
vn -0.8573 -0.0000 -0.5148
vn -0.8857 -0.0000 -0.4642
vn -0.9102 -0.0000 -0.4141
vn -0.9311 -0.0000 -0.3647
vn -0.9486 -0.0000 -0.3165
vn -0.9629 -0.0000 -0.2700
vn -0.9743 -0.0000 -0.2251
vn -0.9832 -0.0000 -0.1823
vn -0.9899 -0.0000 -0.1418
vn -0.9947 -0.0000 -0.1032
vn -0.9978 -0.0000 -0.0668
vn -0.9995 -0.0000 -0.0325
vn -0.9999 -0.0000 0.0149
vn -0.9952 -0.0000 0.0979
vn -0.9773 -0.0000 0.2118
vn -0.9393 -0.0000 0.3432
vn -0.8734 -0.0000 0.4871
vn -0.7747 -0.0000 0.6323
vn -0.6458 -0.0000 0.7635
vn -0.4977 -0.0000 0.8673
vn -0.3464 -0.0000 0.9381
vn -0.2051 -0.0000 0.9787
vn -0.0812 -0.0000 0.9967
vn 0.0234 -0.0000 0.9997
vn 0.1004 -0.0000 0.9950
vn 0.1286 -0.0000 0.9917
vn 0.1428 -0.0000 0.9897
vn 0.1745 -0.0000 0.9847
vn 0.2086 -0.0000 0.9780
vn 0.2450 -0.0000 0.9695
vn 0.2838 -0.0000 0.9589
vn 0.3251 -0.0000 0.9457
vn 0.2837 -0.0000 0.9589
vn 0.4149 -0.0000 0.9099
vn 0.4632 -0.0000 0.8862
vn 0.5133 -0.0000 0.8582
vn 0.4633 -0.0000 0.8862
vn 0.5647 -0.0000 0.8253
vn 0.6156 -0.0000 0.7881
vn 0.6649 -0.0000 0.7469
vn 0.7136 -0.0000 0.7006
vn 0.7615 -0.0000 0.6481
vn 0.8078 -0.0000 0.5894
vn 0.8513 -0.0000 0.5247
vn 0.8905 -0.0000 0.4549
vn 0.9246 -0.0000 0.3810
vn 0.9525 -0.0000 0.3044
vn 0.9740 -0.0000 0.2266
vn 0.9889 -0.0000 0.1489
vn 1.0000 -0.0000 0.0012
vn 0.9976 -0.0000 -0.0693
vn 0.9897 -0.0000 -0.1429
vn 0.9753 -0.0000 -0.2208
vn 0.9533 -0.0000 -0.3019
vn 0.9232 -0.0000 -0.3844
vn 0.8846 -0.0000 -0.4663
vn 0.8381 -0.0000 -0.5455
vn 0.7847 -0.0000 -0.6198
vn 0.7259 -0.0000 -0.6878
vn 0.6634 -0.0000 -0.7482
vn 0.5993 -0.0000 -0.8005
vn 0.6634 -0.0000 -0.7483
vt 0.042879 0.000000
vt 0.298622 0.000000
vt 0.297856 0.000000
vt 0.042113 0.000000
vt 0.039051 0.000000
vt 0.038285 0.000000
vt 0.299387 0.000000
vt 0.039816 0.000000
vt 0.040582 0.000000
vt 0.041348 0.000000
vt 0.044410 0.000000
vt 0.296325 0.000000
vt 0.045176 0.000000
vt 0.297090 0.000000
vt 0.043645 0.000000
vt 0.046708 0.000000
vt 0.294793 0.000000
vt 0.294028 0.000000
vt 0.045942 0.000000
vt 0.295559 0.000000
vt 0.048239 0.000000
vt 0.292496 0.000000
vt 0.049005 0.000000
vt 0.293262 0.000000
vt 0.047473 0.000000
vt 0.050536 0.000000
vt 0.290965 0.000000
vt 0.290199 0.000000
vt 0.049770 0.000000
vt 0.291730 0.000000
vt 0.051302 0.000000
vt 0.289433 0.000000
vt 0.288668 0.000000
vt 0.052067 0.000000
vt 0.287902 0.000000
vt 0.052833 0.000000
vt 0.037519 0.000000
vt 0.300153 0.000000
vt 0.035222 0.000000
vt 0.302450 0.000000
vt 0.035988 0.000000
vt 0.301685 0.000000
vt 0.033691 0.000000
vt 0.032925 0.000000
vt 0.304747 0.000000
vt 0.303982 0.000000
vt 0.034456 0.000000
vt 0.303216 0.000000
vt 0.054364 0.000000
vt 0.286371 0.000000
vt 0.285605 0.000000
vt 0.055130 0.000000
vt 0.284839 0.000000
vt 0.055896 0.000000
vt 0.030628 0.000000
vt 0.029862 0.000000
vt 0.307810 0.000000
vt 0.307044 0.000000
vt 0.056662 0.000000
vt 0.284074 0.000000
vt 0.283308 0.000000
vt 0.057427 0.000000
vt 0.282542 0.000000
vt 0.031394 0.000000
vt 0.306279 0.000000
vt 0.032159 0.000000
vt 0.305513 0.000000
vt 0.036753 0.000000
vt 0.300919 0.000000
vt 0.287136 0.000000
vt 0.053599 0.000000
vt 0.280245 0.000000
vt 0.279479 0.000000
vt 0.281011 0.000000
vt 0.026799 0.000000
vt 0.026034 0.000000
vt 0.311639 0.000000
vt 0.310873 0.000000
vt 0.025268 0.000000
vt 0.024502 0.000000
vt 0.313170 0.000000
vt 0.312404 0.000000
vt 0.278714 0.000000
vt 0.281776 0.000000
vt 0.277948 0.000000
vt 0.017611 0.000000
vt 0.319296 0.000000
vt 0.018377 0.000000
vt 0.019142 0.000000
vt 0.318530 0.000000
vt 0.257274 0.000000
vt 0.256508 0.000000
vt 0.072741 0.000000
vt 0.073507 0.000000
vt 0.255743 0.000000
vt 0.019908 0.000000
vt 0.317764 0.000000
vt 0.020674 0.000000
vt 0.316998 0.000000
vt 0.021440 0.000000
vt 0.316233 0.000000
vt 0.261868 0.000000
vt 0.261103 0.000000
vt 0.069678 0.000000
vt 0.260337 0.000000
vt 0.070444 0.000000
vt 0.259571 0.000000
vt 0.071210 0.000000
vt 0.258806 0.000000
vt 0.071975 0.000000
vt 0.258040 0.000000
vt 0.022205 0.000000
vt 0.315467 0.000000
vt 0.022971 0.000000
vt 0.314701 0.000000
vt 0.023737 0.000000
vt 0.313936 0.000000
vt 0.062787 0.000000
vt 0.269525 0.000000
vt 0.268760 0.000000
vt 0.063553 0.000000
vt 0.267994 0.000000
vt 0.064319 0.000000
vt 0.267228 0.000000
vt 0.065084 0.000000
vt 0.266462 0.000000
vt 0.065850 0.000000
vt 0.265697 0.000000
vt 0.066616 0.000000
vt 0.264931 0.000000
vt 0.067381 0.000000
vt 0.264165 0.000000
vt 0.263400 0.000000
vt 0.068147 0.000000
vt 0.262634 0.000000
vt 0.068913 0.000000
vt 0.027565 0.000000
vt 0.310107 0.000000
vt 0.028331 0.000000
vt 0.309341 0.000000
vt 0.029096 0.000000
vt 0.308576 0.000000
vt 0.277182 0.000000
vt 0.276417 0.000000
vt 0.275651 0.000000
vt 0.058193 0.000000
vt 0.274885 0.000000
vt 0.058959 0.000000
vt 0.274119 0.000000
vt 0.273354 0.000000
vt 0.059724 0.000000
vt 0.272588 0.000000
vt 0.060490 0.000000
vt 0.271822 0.000000
vt 0.061256 0.000000
vt 0.271057 0.000000
vt 0.062021 0.000000
vt 0.270291 0.000000
vt 0.016080 0.000000
vt 0.320827 0.000000
vt 0.016845 0.000000
vt 0.320061 0.000000
vt 0.321593 0.000000
vt 0.015314 0.000000
vt 0.322358 0.000000
vt 0.251149 0.000000
vt 0.250383 0.000000
vt 0.078101 0.000000
vt 0.078867 0.000000
vt 0.077335 0.000000
vt 0.076570 0.000000
vt 0.251914 0.000000
vt 0.323124 0.000000
vt 0.014548 0.000000
vt 0.013783 0.000000
vt 0.323890 0.000000
vt 0.507657 0.000000
vt 0.509188 0.000000
vt 0.508423 0.000000
vt 0.081164 0.000000
vt 0.248086 0.000000
vt 0.247320 0.000000
vt 0.081930 0.000000
vt 0.246554 0.000000
vt 0.082695 0.000000
vt 0.249617 0.000000
vt 0.079632 0.000000
vt 0.248851 0.000000
vt 0.080398 0.000000
vt 0.324655 0.000000
vt 0.013017 0.000000
vt 0.012251 0.000000
vt 0.506126 0.000000
vt 0.505360 0.000000
vt 0.510720 0.000000
vt 0.511485 0.000000
vt 0.011485 0.000000
vt 0.325421 0.000000
vt 0.504594 0.000000
vt 0.512251 0.000000
vt 0.503828 0.000000
vt 0.513017 0.000000
vt 0.242726 0.000000
vt 0.241960 0.000000
vt 0.086524 0.000000
vt 0.087289 0.000000
vt 0.241194 0.000000
vt 0.088055 0.000000
vt 0.506891 0.000000
vt 0.509954 0.000000
vt 0.245789 0.000000
vt 0.083461 0.000000
vt 0.245023 0.000000
vt 0.084227 0.000000
vt 0.244257 0.000000
vt 0.084992 0.000000
vt 0.243492 0.000000
vt 0.085758 0.000000
vt 0.010720 0.000000
vt 0.326953 0.000000
vt 0.326187 0.000000
vt 0.501531 0.000000
vt 0.500766 0.000000
vt 0.515314 0.000000
vt 0.516080 0.000000
vt 0.327718 0.000000
vt 0.009954 0.000000
vt 0.009188 0.000000
vt 0.211332 0.000000
vt 0.210567 0.000000
vt 0.111026 0.000000
vt 0.500000 0.000000
vt 0.516845 0.000000
vt 0.499234 0.000000
vt 0.517611 0.000000
vt 0.498469 0.000000
vt 0.518377 0.000000
vt 0.554364 0.000000
vt 0.519142 0.000000
vt 0.228943 0.000000
vt 0.228178 0.000000
vt 0.099541 0.000000
vt 0.100306 0.000000
vt 0.227412 0.000000
vt 0.101072 0.000000
vt 0.226646 0.000000
vt 0.101838 0.000000
vt 0.225881 0.000000
vt 0.102603 0.000000
vt 0.225115 0.000000
vt 0.103369 0.000000
vt 0.104135 0.000000
vt 0.224349 0.000000
vt 0.223583 0.000000
vt 0.104900 0.000000
vt 0.222818 0.000000
vt 0.222052 0.000000
vt 0.221286 0.000000
vt 0.105666 0.000000
vt 0.220521 0.000000
vt 0.219755 0.000000
vt 0.106432 0.000000
vt 0.218989 0.000000
vt 0.218224 0.000000
vt 0.217458 0.000000
vt 0.107198 0.000000
vt 0.216692 0.000000
vt 0.215926 0.000000
vt 0.107963 0.000000
vt 0.215161 0.000000
vt 0.214395 0.000000
vt 0.108729 0.000000
vt 0.213629 0.000000
vt 0.109495 0.000000
vt 0.212864 0.000000
vt 0.212098 0.000000
vt 0.110260 0.000000
vt 0.503063 0.000000
vt 0.513783 0.000000
vt 0.502297 0.000000
vt 0.514548 0.000000
vt 0.240429 0.000000
vt 0.088821 0.000000
vt 0.239663 0.000000
vt 0.089587 0.000000
vt 0.238897 0.000000
vt 0.238132 0.000000
vt 0.090352 0.000000
vt 0.237366 0.000000
vt 0.091118 0.000000
vt 0.236600 0.000000
vt 0.091884 0.000000
vt 0.235835 0.000000
vt 0.092649 0.000000
vt 0.235069 0.000000
vt 0.093415 0.000000
vt 0.234303 0.000000
vt 0.094181 0.000000
vt 0.233538 0.000000
vt 0.094946 0.000000
vt 0.232772 0.000000
vt 0.095712 0.000000
vt 0.232006 0.000000
vt 0.096478 0.000000
vt 0.231240 0.000000
vt 0.097243 0.000000
vt 0.230475 0.000000
vt 0.098009 0.000000
vt 0.229709 0.000000
vt 0.098775 0.000000
vt 0.254977 0.000000
vt 0.074273 0.000000
vt 0.254211 0.000000
vt 0.075038 0.000000
vt 0.253446 0.000000
vt 0.075804 0.000000
vt 0.252680 0.000000
vt 0.008423 0.000000
vt 0.329250 0.000000
vt 0.328484 0.000000
vt 0.330015 0.000000
vt 0.007657 0.000000
vt 0.006891 0.000000
vt 0.330781 0.000000
vt 0.205972 0.000000
vt 0.113323 0.000000
vt 0.206738 0.000000
vt 0.112557 0.000000
vt 0.208270 0.000000
vt 0.207504 0.000000
vt 0.331547 0.000000
vt 0.006126 0.000000
vt 0.005360 0.000000
vt 0.332312 0.000000
vt 0.205207 0.000000
vt 0.114089 0.000000
vt 0.333078 0.000000
vt 0.004594 0.000000
vt 0.003828 0.000000
vt 0.333844 0.000000
vt 0.335375 0.000000
vt 0.002297 0.000000
vt 0.336141 0.000000
vt 0.532159 0.000000
vt 0.997703 0.000000
vt 0.857580 0.000000
vt 0.003063 0.000000
vt 0.334610 0.000000
vt 0.858346 0.000000
vt 0.532925 0.000000
vt 0.859112 0.000000
vt 0.550536 0.000000
vt 0.549770 0.000000
vt 0.522971 0.000000
vt 0.549005 0.000000
vt 0.523737 0.000000
vt 0.548239 0.000000
vt 0.524502 0.000000
vt 0.203675 0.000000
vt 0.115620 0.000000
vt 0.204441 0.000000
vt 0.114855 0.000000
vt 0.725881 0.000000
vt 0.726646 0.000000
vt 0.547473 0.000000
vt 0.162328 0.000000
vt 0.161562 0.000000
vt 0.874426 0.000000
vt 0.998469 0.000000
vt 0.163859 0.000000
vt 0.163093 0.000000
vt 0.337672 0.000000
vt 0.000766 0.000000
vt 0.000000 0.000000
vt 0.338438 0.000000
vt 0.336907 0.000000
vt 0.001531 0.000000
vt 0.546708 0.000000
vt 0.993109 0.000000
vt 0.545942 0.000000
vt 0.727412 0.000000
vt 0.979326 0.000000
vt 0.978561 0.000000
vt 0.535988 0.000000
vt 0.875191 0.000000
vt 0.164625 0.000000
vt 0.525268 0.000000
vt 0.526034 0.000000
vt 0.526799 0.000000
vt 0.728178 0.000000
vt 0.728943 0.000000
vt 0.527565 0.000000
vt 0.729709 0.000000
vt 0.528331 0.000000
vt 0.855283 0.000000
vt 0.856049 0.000000
vt 0.529862 0.000000
vt 0.530628 0.000000
vt 0.856815 0.000000
vt 0.531394 0.000000
vt 0.533691 0.000000
vt 0.859877 0.000000
vt 0.534456 0.000000
vt 0.860643 0.000000
vt 0.535222 0.000000
vt 0.861409 0.000000
vt 0.862175 0.000000
vt 0.862940 0.000000
vt 0.863706 0.000000
vt 0.864472 0.000000
vt 0.865237 0.000000
vt 0.977795 0.000000
vt 0.866003 0.000000
vt 0.977029 0.000000
vt 0.866769 0.000000
vt 0.976263 0.000000
vt 0.867534 0.000000
vt 0.975498 0.000000
vt 0.868300 0.000000
vt 0.869066 0.000000
vt 0.160031 0.000000
vt 0.869832 0.000000
vt 0.870597 0.000000
vt 0.871363 0.000000
vt 0.160796 0.000000
vt 0.872129 0.000000
vt 0.872894 0.000000
vt 0.873660 0.000000
vt 0.202144 0.000000
vt 0.201378 0.000000
vt 0.117917 0.000000
vt 0.117152 0.000000
vt 0.202910 0.000000
vt 0.116386 0.000000
vt 0.376723 0.000000
vt 0.339969 0.000000
vt 0.987749 0.000000
vt 0.375191 0.000000
vt 0.340735 0.000000
vt 0.375957 0.000000
vt 0.339204 0.000000
vt 0.377489 0.000000
vt 0.378254 0.000000
vt 0.731240 0.000000
vt 0.730475 0.000000
vt 0.543645 0.000000
vt 0.542879 0.000000
vt 0.732006 0.000000
vt 0.542113 0.000000
vt 0.732772 0.000000
vt 0.854518 0.000000
vt 0.733537 0.000000
vt 0.853752 0.000000
vt 0.734303 0.000000
vt 0.373660 0.000000
vt 0.342266 0.000000
vt 0.374426 0.000000
vt 0.341501 0.000000
vt 0.735069 0.000000
vt 0.540582 0.000000
vt 0.852986 0.000000
vt 0.539816 0.000000
vt 0.735835 0.000000
vt 0.539051 0.000000
vt 0.536753 0.000000
vt 0.921133 0.000000
vt 0.986217 0.000000
vt 0.159265 0.000000
vt 0.967841 0.000000
vt 0.967075 0.000000
vt 0.372129 0.000000
vt 0.372894 0.000000
vt 0.353752 0.000000
vt 0.354518 0.000000
vt 0.343032 0.000000
vt 0.541348 0.000000
vt 0.852221 0.000000
vt 0.736600 0.000000
vt 0.538285 0.000000
vt 0.921899 0.000000
vt 0.968606 0.000000
vt 0.157734 0.000000
vt 0.156968 0.000000
vt 0.877488 0.000000
vt 0.878254 0.000000
vt 0.355283 0.000000
vt 0.356049 0.000000
vt 0.996172 0.000000
vt 0.993874 0.000000
vt 0.158499 0.000000
vt 0.875957 0.000000
vt 0.876723 0.000000
vt 0.379020 0.000000
vt 0.382083 0.000000
vt 0.381317 0.000000
vt 0.424962 0.000000
vt 0.382848 0.000000
vt 0.424196 0.000000
vt 0.383614 0.000000
vt 0.384380 0.000000
vt 0.423430 0.000000
vt 0.385145 0.000000
vt 0.422665 0.000000
vt 0.385911 0.000000
vt 0.421899 0.000000
vt 0.386677 0.000000
vt 0.421133 0.000000
vt 0.387443 0.000000
vt 0.420368 0.000000
vt 0.388208 0.000000
vt 0.388974 0.000000
vt 0.724349 0.000000
vt 0.723583 0.000000
vt 0.837672 0.000000
vt 0.836907 0.000000
vt 0.836141 0.000000
vt 0.725115 0.000000
vt 0.835375 0.000000
vt 0.545176 0.000000
vt 0.544410 0.000000
vt 0.529096 0.000000
vt 0.537519 0.000000
vt 0.982389 0.000000
vt 0.981623 0.000000
vt 0.980858 0.000000
vt 0.980092 0.000000
vt 0.974732 0.000000
vt 0.973966 0.000000
vt 0.973201 0.000000
vt 0.972435 0.000000
vt 0.971669 0.000000
vt 0.970904 0.000000
vt 0.165391 0.000000
vt 0.166156 0.000000
vt 0.166922 0.000000
vt 0.167688 0.000000
vt 0.168453 0.000000
vt 0.199847 0.000000
vt 0.199081 0.000000
vt 0.120980 0.000000
vt 0.120214 0.000000
vt 0.119449 0.000000
vt 0.200613 0.000000
vt 0.118683 0.000000
vt 0.553599 0.000000
vt 0.519908 0.000000
vt 0.552833 0.000000
vt 0.520674 0.000000
vt 0.552067 0.000000
vt 0.521439 0.000000
vt 0.551302 0.000000
vt 0.522205 0.000000
vt 0.209801 0.000000
vt 0.111792 0.000000
vt 0.209035 0.000000
vt 0.571975 0.000000
vt 0.398928 0.000000
vt 0.572741 0.000000
vt 0.398162 0.000000
vt 0.352221 0.000000
vt 0.370597 0.000000
vt 0.352986 0.000000
vt 0.371363 0.000000
vt 0.345329 0.000000
vt 0.344564 0.000000
vt 0.343798 0.000000
vt 0.428025 0.000000
vt 0.427259 0.000000
vt 0.571210 0.000000
vt 0.399694 0.000000
vt 0.712864 0.000000
vt 0.593415 0.000000
vt 0.992343 0.000000
vt 0.155436 0.000000
vt 0.156202 0.000000
vt 0.879786 0.000000
vt 0.879020 0.000000
vt 0.999234 0.000000
vt 0.346095 0.000000
vt 0.369832 0.000000
vt 0.346861 0.000000
vt 0.429556 0.000000
vt 0.428790 0.000000
vt 0.411945 0.000000
vt 0.570444 0.000000
vt 0.412711 0.000000
vt 0.413476 0.000000
vt 0.594181 0.000000
vt 0.712098 0.000000
vt 0.711332 0.000000
vt 0.594946 0.000000
vt 0.780245 0.000000
vt 0.845329 0.000000
vt 0.850689 0.000000
vt 0.738897 0.000000
vt 0.738132 0.000000
vt 0.569678 0.000000
vt 0.411179 0.000000
vt 0.410413 0.000000
vt 0.710567 0.000000
vt 0.678407 0.000000
vt 0.677642 0.000000
vt 0.350689 0.000000
vt 0.368300 0.000000
vt 0.369066 0.000000
vt 0.409648 0.000000
vt 0.568913 0.000000
vt 0.401991 0.000000
vt 0.401225 0.000000
vt 0.696784 0.000000
vt 0.697550 0.000000
vt 0.595712 0.000000
vt 0.781776 0.000000
vt 0.781011 0.000000
vt 0.823890 0.000000
vt 0.849923 0.000000
vt 0.824655 0.000000
vt 0.351455 0.000000
vt 0.431087 0.000000
vt 0.430322 0.000000
vt 0.400459 0.000000
vt 0.696018 0.000000
vt 0.679939 0.000000
vt 0.679173 0.000000
vt 0.826187 0.000000
vt 0.825421 0.000000
vt 0.739663 0.000000
vt 0.925727 0.000000
vt 0.924962 0.000000
vt 0.414242 0.000000
vt 0.827718 0.000000
vt 0.826953 0.000000
vt 0.851455 0.000000
vt 0.737366 0.000000
vt 0.923430 0.000000
vt 0.924196 0.000000
vt 0.782542 0.000000
vt 0.596478 0.000000
vt 0.783308 0.000000
vt 0.349923 0.000000
vt 0.366769 0.000000
vt 0.367534 0.000000
vt 0.408116 0.000000
vt 0.568147 0.000000
vt 0.408882 0.000000
vt 0.699081 0.000000
vt 0.402757 0.000000
vt 0.699847 0.000000
vt 0.709801 0.000000
vt 0.676876 0.000000
vt 0.676110 0.000000
vt 0.822358 0.000000
vt 0.849158 0.000000
vt 0.823124 0.000000
vt 0.926493 0.000000
vt 0.740429 0.000000
vt 0.927259 0.000000
vt 0.406585 0.000000
vt 0.567381 0.000000
vt 0.407351 0.000000
vt 0.405054 0.000000
vt 0.566616 0.000000
vt 0.405819 0.000000
vt 0.708270 0.000000
vt 0.674579 0.000000
vt 0.673813 0.000000
vt 0.785605 0.000000
vt 0.598009 0.000000
vt 0.786371 0.000000
vt 0.848392 0.000000
vt 0.820827 0.000000
vt 0.820061 0.000000
vt 0.882848 0.000000
vt 0.960949 0.000000
vt 0.960184 0.000000
vt 0.403522 0.000000
vt 0.702144 0.000000
vt 0.701378 0.000000
vt 0.700613 0.000000
vt 0.709035 0.000000
vt 0.675345 0.000000
vt 0.597243 0.000000
vt 0.784839 0.000000
vt 0.821593 0.000000
vt 0.741960 0.000000
vt 0.741194 0.000000
vt 0.928025 0.000000
vt 0.928790 0.000000
vt 0.986983 0.000000
vt 0.349158 0.000000
vt 0.784074 0.000000
vt 0.961715 0.000000
vt 0.882083 0.000000
vt 0.707504 0.000000
vt 0.673047 0.000000
vt 0.672282 0.000000
vt 0.598775 0.000000
vt 0.599541 0.000000
vt 0.787136 0.000000
vt 0.787902 0.000000
vt 0.847626 0.000000
vt 0.819296 0.000000
vt 0.818530 0.000000
vt 0.705972 0.000000
vt 0.670750 0.000000
vt 0.991577 0.000000
vt 0.706738 0.000000
vt 0.600306 0.000000
vt 0.789433 0.000000
vt 0.788668 0.000000
vt 0.601072 0.000000
vt 0.669985 0.000000
vt 0.669219 0.000000
vt 0.668453 0.000000
vt 0.601838 0.000000
vt 0.671516 0.000000
vt 0.846861 0.000000
vt 0.742726 0.000000
vt 0.846095 0.000000
vt 0.929556 0.000000
vt 0.930322 0.000000
vt 0.359112 0.000000
vt 0.433384 0.000000
vt 0.359877 0.000000
vt 0.360643 0.000000
vt 0.361409 0.000000
vt 0.362175 0.000000
vt 0.362940 0.000000
vt 0.495406 0.000000
vt 0.494640 0.000000
vt 0.434150 0.000000
vt 0.496172 0.000000
vt 0.496937 0.000000
vt 0.497703 0.000000
vt 0.356815 0.000000
vt 0.357580 0.000000
vt 0.358346 0.000000
vt 0.489280 0.000000
vt 0.434916 0.000000
vt 0.490046 0.000000
vt 0.490812 0.000000
vt 0.488515 0.000000
vt 0.435681 0.000000
vt 0.487749 0.000000
vt 0.436447 0.000000
vt 0.884380 0.000000
vt 0.958652 0.000000
vt 0.885145 0.000000
vt 0.486983 0.000000
vt 0.437213 0.000000
vt 0.491577 0.000000
vt 0.492343 0.000000
vt 0.493109 0.000000
vt 0.493874 0.000000
vt 0.363706 0.000000
vt 0.364472 0.000000
vt 0.365237 0.000000
vt 0.366003 0.000000
vt 0.347626 0.000000
vt 0.883614 0.000000
vt 0.959418 0.000000
vt 0.348392 0.000000
vt 0.432619 0.000000
vt 0.404288 0.000000
vt 0.565084 0.000000
vt 0.990046 0.000000
vt 0.565850 0.000000
vt 0.703675 0.000000
vt 0.702910 0.000000
vt 0.431853 0.000000
vt 0.698315 0.000000
vt 0.880551 0.000000
vt 0.963247 0.000000
vt 0.962481 0.000000
vt 0.881317 0.000000
vt 0.885911 0.000000
vt 0.957887 0.000000
vt 0.886677 0.000000
vt 0.602603 0.000000
vt 0.667688 0.000000
vt 0.666922 0.000000
vt 0.956355 0.000000
vt 0.887443 0.000000
vt 0.957121 0.000000
vt 0.455590 0.000000
vt 0.454824 0.000000
vt 0.564319 0.000000
vt 0.456355 0.000000
vt 0.457121 0.000000
vt 0.457887 0.000000
vt 0.933384 0.000000
vt 0.932619 0.000000
vt 0.743492 0.000000
vt 0.931853 0.000000
vt 0.664625 0.000000
vt 0.779479 0.000000
vt 0.665390 0.000000
vt 0.666156 0.000000
vt 0.995406 0.000000
vt 0.604135 0.000000
vt 0.464012 0.000000
vt 0.463247 0.000000
vt 0.563553 0.000000
vt 0.633231 0.000000
vt 0.462481 0.000000
vt 0.632466 0.000000
vt 0.461715 0.000000
vt 0.631700 0.000000
vt 0.705207 0.000000
vt 0.603369 0.000000
vt 0.790199 0.000000
vt 0.790965 0.000000
vt 0.920368 0.000000
vt 0.817764 0.000000
vt 0.919602 0.000000
vt 0.934916 0.000000
vt 0.934150 0.000000
vt 0.889740 0.000000
vt 0.888974 0.000000
vt 0.955590 0.000000
vt 0.481623 0.000000
vt 0.480858 0.000000
vt 0.441041 0.000000
vt 0.441807 0.000000
vt 0.480092 0.000000
vt 0.442573 0.000000
vt 0.479326 0.000000
vt 0.443338 0.000000
vt 0.478560 0.000000
vt 0.444104 0.000000
vt 0.562787 0.000000
vt 0.453292 0.000000
vt 0.454058 0.000000
vt 0.458652 0.000000
vt 0.989280 0.000000
vt 0.630934 0.000000
vt 0.888208 0.000000
vt 0.466309 0.000000
vt 0.465544 0.000000
vt 0.562021 0.000000
vt 0.468606 0.000000
vt 0.467841 0.000000
vt 0.467075 0.000000
vt 0.988515 0.000000
vt 0.561256 0.000000
vt 0.663093 0.000000
vt 0.778714 0.000000
vt 0.663859 0.000000
vt 0.605666 0.000000
vt 0.604900 0.000000
vt 0.791730 0.000000
vt 0.792496 0.000000
vt 0.918836 0.000000
vt 0.816998 0.000000
vt 0.918070 0.000000
vt 0.744257 0.000000
vt 0.936447 0.000000
vt 0.745023 0.000000
vt 0.937213 0.000000
vt 0.937979 0.000000
vt 0.938744 0.000000
vt 0.660796 0.000000
vt 0.777182 0.000000
vt 0.661562 0.000000
vt 0.636294 0.000000
vt 0.635528 0.000000
vt 0.559724 0.000000
vt 0.777948 0.000000
vt 0.662328 0.000000
vt 0.606432 0.000000
vt 0.794028 0.000000
vt 0.793262 0.000000
vt 0.916539 0.000000
vt 0.917305 0.000000
vt 0.816233 0.000000
vt 0.915773 0.000000
vt 0.560490 0.000000
vt 0.464778 0.000000
vt 0.634763 0.000000
vt 0.745789 0.000000
vt 0.939510 0.000000
vt 0.940276 0.000000
vt 0.477795 0.000000
vt 0.444870 0.000000
vt 0.477029 0.000000
vt 0.445636 0.000000
vt 0.476263 0.000000
vt 0.446401 0.000000
vt 0.475498 0.000000
vt 0.447167 0.000000
vt 0.474732 0.000000
vt 0.447933 0.000000
vt 0.473966 0.000000
vt 0.448698 0.000000
vt 0.473201 0.000000
vt 0.449464 0.000000
vt 0.472435 0.000000
vt 0.450230 0.000000
vt 0.471669 0.000000
vt 0.450995 0.000000
vt 0.470904 0.000000
vt 0.451761 0.000000
vt 0.470138 0.000000
vt 0.452527 0.000000
vt 0.469372 0.000000
vt 0.633997 0.000000
vt 0.935681 0.000000
vt 0.954058 0.000000
vt 0.892802 0.000000
vt 0.954824 0.000000
vt 0.892037 0.000000
vt 0.891271 0.000000
vt 0.890505 0.000000
vt 0.659265 0.000000
vt 0.776417 0.000000
vt 0.660031 0.000000
vt 0.795559 0.000000
vt 0.607198 0.000000
vt 0.607963 0.000000
vt 0.796325 0.000000
vt 0.915008 0.000000
vt 0.815467 0.000000
vt 0.814701 0.000000
vt 0.914242 0.000000
vt 0.913476 0.000000
vt 0.746554 0.000000
vt 0.747320 0.000000
vt 0.657734 0.000000
vt 0.775651 0.000000
vt 0.658499 0.000000
vt 0.608729 0.000000
vt 0.797856 0.000000
vt 0.797090 0.000000
vt 0.748086 0.000000
vt 0.911945 0.000000
vt 1.000000 0.000000
vt 0.813936 0.000000
vt 0.912711 0.000000
vt 0.609495 0.000000
vt 0.799387 0.000000
vt 0.798622 0.000000
vt 0.774119 0.000000
vt 0.610260 0.000000
vt 0.774885 0.000000
vt 0.637825 0.000000
vt 0.558193 0.000000
vt 0.557427 0.000000
vt 0.638591 0.000000
vt 0.556662 0.000000
vt 0.639357 0.000000
vt 0.656968 0.000000
vt 0.749617 0.000000
vt 0.748851 0.000000
vt 0.911179 0.000000
vt 0.910414 0.000000
vt 0.909648 0.000000
vt 0.908882 0.000000
vt 0.611026 0.000000
vt 0.773354 0.000000
vt 0.994640 0.000000
vt 0.768760 0.000000
vt 0.767994 0.000000
vt 0.801685 0.000000
vt 0.802450 0.000000
vt 0.767228 0.000000
vt 0.803216 0.000000
vt 0.766463 0.000000
vt 0.803982 0.000000
vt 0.765697 0.000000
vt 0.804747 0.000000
vt 0.764931 0.000000
vt 0.805513 0.000000
vt 0.764165 0.000000
vt 0.806279 0.000000
vt 0.763400 0.000000
vt 0.807044 0.000000
vt 0.762634 0.000000
vt 0.807810 0.000000
vt 0.761868 0.000000
vt 0.808576 0.000000
vt 0.761103 0.000000
vt 0.809341 0.000000
vt 0.760337 0.000000
vt 0.759571 0.000000
vt 0.810107 0.000000
vt 0.758806 0.000000
vt 0.810873 0.000000
vt 0.758040 0.000000
vt 0.757274 0.000000
vt 0.811639 0.000000
vt 0.756508 0.000000
vt 0.755743 0.000000
vt 0.754977 0.000000
vt 0.555896 0.000000
vt 0.555130 0.000000
vt 0.640123 0.000000
vt 0.629403 0.000000
vt 0.640888 0.000000
vt 0.628637 0.000000
vt 0.641654 0.000000
vt 0.627871 0.000000
vt 0.642420 0.000000
vt 0.627106 0.000000
vt 0.643185 0.000000
vt 0.626340 0.000000
vt 0.643951 0.000000
vt 0.625574 0.000000
vt 0.644717 0.000000
vt 0.624809 0.000000
vt 0.645482 0.000000
vt 0.624043 0.000000
vt 0.646248 0.000000
vt 0.623277 0.000000
vt 0.647014 0.000000
vt 0.622512 0.000000
vt 0.647779 0.000000
vt 0.621746 0.000000
vt 0.648545 0.000000
vt 0.620980 0.000000
vt 0.649311 0.000000
vt 0.650077 0.000000
vt 0.620214 0.000000
vt 0.650842 0.000000
vt 0.619449 0.000000
vt 0.651608 0.000000
vt 0.618683 0.000000
vt 0.652374 0.000000
vt 0.617917 0.000000
vt 0.653139 0.000000
vt 0.617152 0.000000
vt 0.653905 0.000000
vt 0.616386 0.000000
vt 0.654671 0.000000
vt 0.615620 0.000000
vt 0.655436 0.000000
vt 0.614855 0.000000
vt 0.614089 0.000000
vt 0.656202 0.000000
vt 0.613323 0.000000
vt 0.612557 0.000000
vt 0.611792 0.000000
vt 0.772588 0.000000
vt 0.771822 0.000000
vt 0.771057 0.000000
vt 0.800153 0.000000
vt 0.770291 0.000000
vt 0.800919 0.000000
vt 0.769525 0.000000
vt 0.812404 0.000000
vt 0.754211 0.000000
vt 0.753446 0.000000
vt 0.813170 0.000000
vt 0.752680 0.000000
vt 0.751914 0.000000
vt 0.751149 0.000000
vt 0.750383 0.000000
vt 0.558959 0.000000
vt 0.637060 0.000000
vt 0.794793 0.000000
vt 0.941041 0.000000
vt 0.941807 0.000000
vt 0.942573 0.000000
vt 0.908116 0.000000
vt 0.943338 0.000000
vt 0.907351 0.000000
vt 0.944104 0.000000
vt 0.944870 0.000000
vt 0.906585 0.000000
vt 0.945636 0.000000
vt 0.905819 0.000000
vt 0.946401 0.000000
vt 0.905054 0.000000
vt 0.947167 0.000000
vt 0.904288 0.000000
vt 0.947933 0.000000
vt 0.903522 0.000000
vt 0.948698 0.000000
vt 0.902757 0.000000
vt 0.949464 0.000000
vt 0.901991 0.000000
vt 0.950230 0.000000
vt 0.901225 0.000000
vt 0.900459 0.000000
vt 0.950995 0.000000
vt 0.899694 0.000000
vt 0.951761 0.000000
vt 0.898928 0.000000
vt 0.898162 0.000000
vt 0.952527 0.000000
vt 0.897397 0.000000
vt 0.896631 0.000000
vt 0.895865 0.000000
vt 0.953292 0.000000
vt 0.895100 0.000000
vt 0.894334 0.000000
vt 0.893568 0.000000
vt 0.486217 0.000000
vt 0.485452 0.000000
vt 0.437979 0.000000
vt 0.484686 0.000000
vt 0.438744 0.000000
vt 0.483920 0.000000
vt 0.483155 0.000000
vt 0.439510 0.000000
vt 0.482389 0.000000
vt 0.440276 0.000000
vt 0.459418 0.000000
vt 0.460949 0.000000
vt 0.630168 0.000000
vt 0.426493 0.000000
vt 0.379786 0.000000
vt 0.425727 0.000000
vt 0.380551 0.000000
vt 0.419602 0.000000
vt 0.389740 0.000000
vt 0.418836 0.000000
vt 0.390505 0.000000
vt 0.418070 0.000000
vt 0.391271 0.000000
vt 0.417305 0.000000
vt 0.392037 0.000000
vt 0.416539 0.000000
vt 0.392802 0.000000
vt 0.393568 0.000000
vt 0.415773 0.000000
vt 0.394334 0.000000
vt 0.415008 0.000000
vt 0.395100 0.000000
vt 0.395865 0.000000
vt 0.396631 0.000000
vt 0.397397 0.000000
vt 0.990812 0.000000
vt 0.573507 0.000000
vt 0.574273 0.000000
vt 0.575038 0.000000
vt 0.695253 0.000000
vt 0.575804 0.000000
vt 0.694487 0.000000
vt 0.576570 0.000000
vt 0.693721 0.000000
vt 0.577335 0.000000
vt 0.692956 0.000000
vt 0.578101 0.000000
vt 0.692190 0.000000
vt 0.578867 0.000000
vt 0.691424 0.000000
vt 0.579632 0.000000
vt 0.690659 0.000000
vt 0.580398 0.000000
vt 0.689893 0.000000
vt 0.581164 0.000000
vt 0.689127 0.000000
vt 0.581930 0.000000
vt 0.688361 0.000000
vt 0.582695 0.000000
vt 0.687596 0.000000
vt 0.583461 0.000000
vt 0.686830 0.000000
vt 0.686064 0.000000
vt 0.584227 0.000000
vt 0.685299 0.000000
vt 0.584992 0.000000
vt 0.684533 0.000000
vt 0.585758 0.000000
vt 0.683767 0.000000
vt 0.586524 0.000000
vt 0.683002 0.000000
vt 0.587289 0.000000
vt 0.588055 0.000000
vt 0.682236 0.000000
vt 0.588821 0.000000
vt 0.681470 0.000000
vt 0.589586 0.000000
vt 0.680704 0.000000
vt 0.590352 0.000000
vt 0.591118 0.000000
vt 0.591884 0.000000
vt 0.592649 0.000000
vt 0.713629 0.000000
vt 0.714395 0.000000
vt 0.715161 0.000000
vt 0.715926 0.000000
vt 0.844564 0.000000
vt 0.716692 0.000000
vt 0.843798 0.000000
vt 0.717458 0.000000
vt 0.843032 0.000000
vt 0.718224 0.000000
vt 0.842266 0.000000
vt 0.718989 0.000000
vt 0.841501 0.000000
vt 0.719755 0.000000
vt 0.840735 0.000000
vt 0.720521 0.000000
vt 0.839969 0.000000
vt 0.721286 0.000000
vt 0.839204 0.000000
vt 0.722052 0.000000
vt 0.722818 0.000000
vt 0.838438 0.000000
vt 0.834610 0.000000
vt 0.833844 0.000000
vt 0.833078 0.000000
vt 0.832312 0.000000
vt 0.831547 0.000000
vt 0.830781 0.000000
vt 0.830015 0.000000
vt 0.829250 0.000000
vt 0.828484 0.000000
vt 0.922665 0.000000
vt 0.966309 0.000000
vt 0.965544 0.000000
vt 0.964778 0.000000
vt 0.964012 0.000000
vt 0.154671 0.000000
vt 0.153905 0.000000
vt 0.153139 0.000000
vt 0.169219 0.000000
vt 0.152374 0.000000
vt 0.169985 0.000000
vt 0.151608 0.000000
vt 0.170750 0.000000
vt 0.150842 0.000000
vt 0.171516 0.000000
vt 0.150077 0.000000
vt 0.172282 0.000000
vt 0.149311 0.000000
vt 0.173047 0.000000
vt 0.148545 0.000000
vt 0.173813 0.000000
vt 0.147779 0.000000
vt 0.147014 0.000000
vt 0.174579 0.000000
vt 0.146248 0.000000
vt 0.175345 0.000000
vt 0.145482 0.000000
vt 0.176110 0.000000
vt 0.144717 0.000000
vt 0.176876 0.000000
vt 0.143951 0.000000
vt 0.177642 0.000000
vt 0.143185 0.000000
vt 0.178407 0.000000
vt 0.142420 0.000000
vt 0.179173 0.000000
vt 0.141654 0.000000
vt 0.179939 0.000000
vt 0.140888 0.000000
vt 0.140123 0.000000
vt 0.180704 0.000000
vt 0.139357 0.000000
vt 0.181470 0.000000
vt 0.138591 0.000000
vt 0.182236 0.000000
vt 0.137825 0.000000
vt 0.183002 0.000000
vt 0.137060 0.000000
vt 0.136294 0.000000
vt 0.183767 0.000000
vt 0.135528 0.000000
vt 0.184533 0.000000
vt 0.134763 0.000000
vt 0.185299 0.000000
vt 0.133997 0.000000
vt 0.186064 0.000000
vt 0.133231 0.000000
vt 0.186830 0.000000
vt 0.132466 0.000000
vt 0.187596 0.000000
vt 0.131700 0.000000
vt 0.188361 0.000000
vt 0.130934 0.000000
vt 0.189127 0.000000
vt 0.130168 0.000000
vt 0.189893 0.000000
vt 0.129403 0.000000
vt 0.190658 0.000000
vt 0.128637 0.000000
vt 0.191424 0.000000
vt 0.127871 0.000000
vt 0.192190 0.000000
vt 0.127106 0.000000
vt 0.192956 0.000000
vt 0.126340 0.000000
vt 0.193721 0.000000
vt 0.125574 0.000000
vt 0.194487 0.000000
vt 0.124809 0.000000
vt 0.195253 0.000000
vt 0.124043 0.000000
vt 0.196018 0.000000
vt 0.123277 0.000000
vt 0.196784 0.000000
vt 0.197550 0.000000
vt 0.122511 0.000000
vt 0.198315 0.000000
vt 0.121746 0.000000
vt 0.970138 0.000000
vt 0.969372 0.000000
vt 0.704441 0.000000
vt 0.460184 0.000000
vt 0.985452 0.000000
vt 0.983155 0.000000
vt 0.984686 0.000000
vt 0.983920 0.000000
vt 0.996937 0.000000
vt 0.931087 0.000000
vt 0.002146 1.000000
vt 0.000000 1.000000
vt 0.004292 1.000000
vt 0.002146 0.000000
vt 0.006438 1.000000
vt 0.004292 0.000000
vt 0.008584 1.000000
vt 0.006438 0.000000
vt 0.010730 1.000000
vt 0.008584 0.000000
vt 0.012876 1.000000
vt 0.010730 0.000000
vt 0.015021 1.000000
vt 0.012876 0.000000
vt 0.017167 1.000000
vt 0.015021 0.000000
vt 0.019313 1.000000
vt 0.017167 0.000000
vt 0.021459 1.000000
vt 0.019313 0.000000
vt 0.023605 1.000000
vt 0.021459 0.000000
vt 0.025751 1.000000
vt 0.023605 0.000000
vt 0.027897 1.000000
vt 0.025751 0.000000
vt 0.030043 1.000000
vt 0.027897 0.000000
vt 0.032189 1.000000
vt 0.030043 0.000000
vt 0.034335 1.000000
vt 0.032189 0.000000
vt 0.036481 1.000000
vt 0.034335 0.000000
vt 0.038627 1.000000
vt 0.036481 0.000000
vt 0.040773 1.000000
vt 0.038627 0.000000
vt 0.042918 1.000000
vt 0.040773 0.000000
vt 0.045064 1.000000
vt 0.042918 0.000000
vt 0.047210 1.000000
vt 0.045064 0.000000
vt 0.049356 1.000000
vt 0.047210 0.000000
vt 0.051502 1.000000
vt 0.049356 0.000000
vt 0.053648 1.000000
vt 0.051502 0.000000
vt 0.055794 1.000000
vt 0.053648 0.000000
vt 0.057940 1.000000
vt 0.055794 0.000000
vt 0.060086 1.000000
vt 0.057940 0.000000
vt 0.062232 1.000000
vt 0.060086 0.000000
vt 0.064378 1.000000
vt 0.062232 0.000000
vt 0.066524 1.000000
vt 0.064378 0.000000
vt 0.068670 1.000000
vt 0.066524 0.000000
vt 0.070815 1.000000
vt 0.068670 0.000000
vt 0.072961 1.000000
vt 0.070815 0.000000
vt 0.075107 1.000000
vt 0.072961 0.000000
vt 0.077253 1.000000
vt 0.075107 0.000000
vt 0.079399 1.000000
vt 0.077253 0.000000
vt 0.081545 1.000000
vt 0.079399 0.000000
vt 0.083691 1.000000
vt 0.081545 0.000000
vt 0.085837 1.000000
vt 0.083691 0.000000
vt 0.087983 1.000000
vt 0.085837 0.000000
vt 0.090129 1.000000
vt 0.087983 0.000000
vt 0.092275 1.000000
vt 0.090129 0.000000
vt 0.094421 1.000000
vt 0.092275 0.000000
vt 0.096567 1.000000
vt 0.094421 0.000000
vt 0.098712 1.000000
vt 0.096567 0.000000
vt 0.100858 1.000000
vt 0.098712 0.000000
vt 0.103004 1.000000
vt 0.100858 0.000000
vt 0.105150 1.000000
vt 0.103004 0.000000
vt 0.107296 1.000000
vt 0.105150 0.000000
vt 0.109442 1.000000
vt 0.107296 0.000000
vt 0.111588 1.000000
vt 0.109442 0.000000
vt 0.113734 1.000000
vt 0.111588 0.000000
vt 0.115880 1.000000
vt 0.113734 0.000000
vt 0.118026 1.000000
vt 0.115880 0.000000
vt 0.120172 1.000000
vt 0.118026 0.000000
vt 0.122318 1.000000
vt 0.120172 0.000000
vt 0.124464 1.000000
vt 0.122318 0.000000
vt 0.126609 1.000000
vt 0.124464 0.000000
vt 0.128755 1.000000
vt 0.126609 0.000000
vt 0.130901 1.000000
vt 0.128755 0.000000
vt 0.133047 1.000000
vt 0.130901 0.000000
vt 0.135193 1.000000
vt 0.133047 0.000000
vt 0.137339 1.000000
vt 0.135193 0.000000
vt 0.139485 1.000000
vt 0.137339 0.000000
vt 0.141631 1.000000
vt 0.139485 0.000000
vt 0.143777 1.000000
vt 0.141631 0.000000
vt 0.145923 1.000000
vt 0.143777 0.000000
vt 0.148069 1.000000
vt 0.145923 0.000000
vt 0.150215 1.000000
vt 0.148069 0.000000
vt 0.152361 1.000000
vt 0.150215 0.000000
vt 0.154506 1.000000
vt 0.152361 0.000000
vt 0.156652 1.000000
vt 0.154506 0.000000
vt 0.158798 1.000000
vt 0.156652 0.000000
vt 0.160944 1.000000
vt 0.158798 0.000000
vt 0.163090 1.000000
vt 0.160944 0.000000
vt 0.165236 1.000000
vt 0.163090 0.000000
vt 0.167382 1.000000
vt 0.165236 0.000000
vt 0.169528 1.000000
vt 0.167382 0.000000
vt 0.171674 1.000000
vt 0.169528 0.000000
vt 0.173820 1.000000
vt 0.171674 0.000000
vt 0.175966 1.000000
vt 0.173820 0.000000
vt 0.178112 1.000000
vt 0.175966 0.000000
vt 0.180258 1.000000
vt 0.178112 0.000000
vt 0.182403 1.000000
vt 0.180258 0.000000
vt 0.184549 1.000000
vt 0.182403 0.000000
vt 0.186695 1.000000
vt 0.184549 0.000000
vt 0.188841 1.000000
vt 0.186695 0.000000
vt 0.190987 1.000000
vt 0.188841 0.000000
vt 0.193133 1.000000
vt 0.190987 0.000000
vt 0.195279 1.000000
vt 0.193133 0.000000
vt 0.197425 1.000000
vt 0.195279 0.000000
vt 0.199571 1.000000
vt 0.197425 0.000000
vt 0.201717 1.000000
vt 0.199571 0.000000
vt 0.203863 1.000000
vt 0.201717 0.000000
vt 0.206009 1.000000
vt 0.203863 0.000000
vt 0.208154 1.000000
vt 0.206009 0.000000
vt 0.210300 1.000000
vt 0.208154 0.000000
vt 0.212446 1.000000
vt 0.210300 0.000000
vt 0.214592 1.000000
vt 0.212446 0.000000
vt 0.216738 1.000000
vt 0.214592 0.000000
vt 0.218884 1.000000
vt 0.216738 0.000000
vt 0.221030 1.000000
vt 0.218884 0.000000
vt 0.223176 1.000000
vt 0.221030 0.000000
vt 0.225322 1.000000
vt 0.223176 0.000000
vt 0.227468 1.000000
vt 0.225322 0.000000
vt 0.229614 1.000000
vt 0.227468 0.000000
vt 0.231760 1.000000
vt 0.229614 0.000000
vt 0.233906 1.000000
vt 0.231760 0.000000
vt 0.236051 1.000000
vt 0.233906 0.000000
vt 0.238197 1.000000
vt 0.236051 0.000000
vt 0.240343 1.000000
vt 0.238197 0.000000
vt 0.242489 1.000000
vt 0.240343 0.000000
vt 0.244635 1.000000
vt 0.242489 0.000000
vt 0.246781 1.000000
vt 0.244635 0.000000
vt 0.248927 1.000000
vt 0.246781 0.000000
vt 0.251073 1.000000
vt 0.248927 0.000000
vt 0.253219 1.000000
vt 0.251073 0.000000
vt 0.255365 1.000000
vt 0.253219 0.000000
vt 0.257511 1.000000
vt 0.255365 0.000000
vt 0.259657 1.000000
vt 0.257511 0.000000
vt 0.261803 1.000000
vt 0.259657 0.000000
vt 0.263949 1.000000
vt 0.261803 0.000000
vt 0.266094 1.000000
vt 0.263949 0.000000
vt 0.268240 1.000000
vt 0.266094 0.000000
vt 0.270386 1.000000
vt 0.268240 0.000000
vt 0.272532 1.000000
vt 0.270386 0.000000
vt 0.274678 1.000000
vt 0.272532 0.000000
vt 0.276824 1.000000
vt 0.274678 0.000000
vt 0.278970 1.000000
vt 0.276824 0.000000
vt 0.281116 1.000000
vt 0.278970 0.000000
vt 0.283262 1.000000
vt 0.281116 0.000000
vt 0.285408 1.000000
vt 0.283262 0.000000
vt 0.287554 1.000000
vt 0.285408 0.000000
vt 0.289700 1.000000
vt 0.287554 0.000000
vt 0.291846 1.000000
vt 0.289700 0.000000
vt 0.293991 1.000000
vt 0.291846 0.000000
vt 0.296137 1.000000
vt 0.293991 0.000000
vt 0.298283 1.000000
vt 0.296137 0.000000
vt 0.300429 1.000000
vt 0.298283 0.000000
vt 0.302575 1.000000
vt 0.300429 0.000000
vt 0.304721 1.000000
vt 0.302575 0.000000
vt 0.306867 1.000000
vt 0.304721 0.000000
vt 0.309013 1.000000
vt 0.306867 0.000000
vt 0.311159 1.000000
vt 0.309013 0.000000
vt 0.313305 1.000000
vt 0.311159 0.000000
vt 0.315451 1.000000
vt 0.313305 0.000000
vt 0.317597 1.000000
vt 0.315451 0.000000
vt 0.319743 1.000000
vt 0.317597 0.000000
vt 0.321888 1.000000
vt 0.319743 0.000000
vt 0.324034 1.000000
vt 0.321888 0.000000
vt 0.326180 1.000000
vt 0.324034 0.000000
vt 0.328326 1.000000
vt 0.326180 0.000000
vt 0.330472 1.000000
vt 0.328326 0.000000
vt 0.332618 1.000000
vt 0.330472 0.000000
vt 0.334764 1.000000
vt 0.332618 0.000000
vt 0.336910 1.000000
vt 0.334764 0.000000
vt 0.339056 1.000000
vt 0.336910 0.000000
vt 0.341202 1.000000
vt 0.339056 0.000000
vt 0.343348 1.000000
vt 0.341202 0.000000
vt 0.345494 1.000000
vt 0.343348 0.000000
vt 0.347639 1.000000
vt 0.345494 0.000000
vt 0.349785 1.000000
vt 0.347639 0.000000
vt 0.351931 1.000000
vt 0.349785 0.000000
vt 0.354077 1.000000
vt 0.351931 0.000000
vt 0.356223 1.000000
vt 0.354077 0.000000
vt 0.358369 1.000000
vt 0.356223 0.000000
vt 0.360515 1.000000
vt 0.358369 0.000000
vt 0.362661 1.000000
vt 0.360515 0.000000
vt 0.364807 1.000000
vt 0.362661 0.000000
vt 0.366953 1.000000
vt 0.364807 0.000000
vt 0.369099 1.000000
vt 0.366953 0.000000
vt 0.371245 1.000000
vt 0.369099 0.000000
vt 0.373391 1.000000
vt 0.371245 0.000000
vt 0.375536 1.000000
vt 0.373391 0.000000
vt 0.377682 1.000000
vt 0.375536 0.000000
vt 0.379828 1.000000
vt 0.377682 0.000000
vt 0.381974 1.000000
vt 0.379828 0.000000
vt 0.384120 1.000000
vt 0.381974 0.000000
vt 0.386266 1.000000
vt 0.384120 0.000000
vt 0.388412 1.000000
vt 0.386266 0.000000
vt 0.390558 1.000000
vt 0.388412 0.000000
vt 0.392704 1.000000
vt 0.390558 0.000000
vt 0.394850 1.000000
vt 0.392704 0.000000
vt 0.396996 1.000000
vt 0.394850 0.000000
vt 0.399142 1.000000
vt 0.396996 0.000000
vt 0.401288 1.000000
vt 0.399142 0.000000
vt 0.403433 1.000000
vt 0.401288 0.000000
vt 0.405579 1.000000
vt 0.403433 0.000000
vt 0.407725 1.000000
vt 0.405579 0.000000
vt 0.409871 1.000000
vt 0.407725 0.000000
vt 0.412017 1.000000
vt 0.409871 0.000000
vt 0.414163 1.000000
vt 0.412017 0.000000
vt 0.416309 1.000000
vt 0.414163 0.000000
vt 0.418455 1.000000
vt 0.416309 0.000000
vt 0.420601 1.000000
vt 0.418455 0.000000
vt 0.422747 1.000000
vt 0.420601 0.000000
vt 0.424893 1.000000
vt 0.422747 0.000000
vt 0.427039 1.000000
vt 0.424893 0.000000
vt 0.429185 1.000000
vt 0.427039 0.000000
vt 0.431330 1.000000
vt 0.429185 0.000000
vt 0.433476 1.000000
vt 0.431330 0.000000
vt 0.435622 1.000000
vt 0.433476 0.000000
vt 0.437768 1.000000
vt 0.435622 0.000000
vt 0.439914 1.000000
vt 0.437768 0.000000
vt 0.442060 1.000000
vt 0.439914 0.000000
vt 0.444206 1.000000
vt 0.442060 0.000000
vt 0.446352 1.000000
vt 0.444206 0.000000
vt 0.448498 1.000000
vt 0.446352 0.000000
vt 0.450644 1.000000
vt 0.448498 0.000000
vt 0.452790 1.000000
vt 0.450644 0.000000
vt 0.454936 1.000000
vt 0.452790 0.000000
vt 0.457082 1.000000
vt 0.454936 0.000000
vt 0.459227 1.000000
vt 0.457082 0.000000
vt 0.461373 1.000000
vt 0.459227 0.000000
vt 0.463519 1.000000
vt 0.461373 0.000000
vt 0.465665 1.000000
vt 0.463519 0.000000
vt 0.467811 1.000000
vt 0.465665 0.000000
vt 0.469957 1.000000
vt 0.467811 0.000000
vt 0.472103 1.000000
vt 0.469957 0.000000
vt 0.474249 1.000000
vt 0.472103 0.000000
vt 0.476395 1.000000
vt 0.474249 0.000000
vt 0.478541 1.000000
vt 0.476395 0.000000
vt 0.480687 1.000000
vt 0.478541 0.000000
vt 0.482833 1.000000
vt 0.480687 0.000000
vt 0.484979 1.000000
vt 0.482833 0.000000
vt 0.487124 1.000000
vt 0.484979 0.000000
vt 0.489270 1.000000
vt 0.487124 0.000000
vt 0.491416 1.000000
vt 0.489270 0.000000
vt 0.493562 1.000000
vt 0.491416 0.000000
vt 0.495708 1.000000
vt 0.493562 0.000000
vt 0.497854 1.000000
vt 0.495708 0.000000
vt 0.500000 1.000000
vt 0.497854 0.000000
vt 0.502146 1.000000
vt 0.504292 1.000000
vt 0.502146 0.000000
vt 0.506438 1.000000
vt 0.504292 0.000000
vt 0.508584 1.000000
vt 0.506438 0.000000
vt 0.510730 1.000000
vt 0.508584 0.000000
vt 0.512876 1.000000
vt 0.510730 0.000000
vt 0.515021 1.000000
vt 0.512876 0.000000
vt 0.517167 1.000000
vt 0.515021 0.000000
vt 0.519313 1.000000
vt 0.517167 0.000000
vt 0.521459 1.000000
vt 0.519313 0.000000
vt 0.523605 1.000000
vt 0.521459 0.000000
vt 0.525751 1.000000
vt 0.523605 0.000000
vt 0.527897 1.000000
vt 0.525751 0.000000
vt 0.530043 1.000000
vt 0.527897 0.000000
vt 0.532189 1.000000
vt 0.530043 0.000000
vt 0.534335 1.000000
vt 0.532189 0.000000
vt 0.536481 1.000000
vt 0.534335 0.000000
vt 0.538627 1.000000
vt 0.536481 0.000000
vt 0.540773 1.000000
vt 0.538627 0.000000
vt 0.542918 1.000000
vt 0.540773 0.000000
vt 0.545064 1.000000
vt 0.542918 0.000000
vt 0.547210 1.000000
vt 0.545064 0.000000
vt 0.549356 1.000000
vt 0.547210 0.000000
vt 0.551502 1.000000
vt 0.549356 0.000000
vt 0.553648 1.000000
vt 0.551502 0.000000
vt 0.555794 1.000000
vt 0.553648 0.000000
vt 0.557940 1.000000
vt 0.555794 0.000000
vt 0.560086 1.000000
vt 0.557940 0.000000
vt 0.562232 1.000000
vt 0.560086 0.000000
vt 0.564378 1.000000
vt 0.562232 0.000000
vt 0.566524 1.000000
vt 0.564378 0.000000
vt 0.568670 1.000000
vt 0.566524 0.000000
vt 0.570815 1.000000
vt 0.568670 0.000000
vt 0.572961 1.000000
vt 0.570815 0.000000
vt 0.575107 1.000000
vt 0.572961 0.000000
vt 0.577253 1.000000
vt 0.575107 0.000000
vt 0.579399 1.000000
vt 0.577253 0.000000
vt 0.581545 1.000000
vt 0.579399 0.000000
vt 0.583691 1.000000
vt 0.581545 0.000000
vt 0.585837 1.000000
vt 0.583691 0.000000
vt 0.587983 1.000000
vt 0.585837 0.000000
vt 0.590129 1.000000
vt 0.587983 0.000000
vt 0.592275 1.000000
vt 0.590129 0.000000
vt 0.594421 1.000000
vt 0.592275 0.000000
vt 0.596566 1.000000
vt 0.594421 0.000000
vt 0.598712 1.000000
vt 0.596566 0.000000
vt 0.600858 1.000000
vt 0.598712 0.000000
vt 0.603004 1.000000
vt 0.600858 0.000000
vt 0.605150 1.000000
vt 0.603004 0.000000
vt 0.607296 1.000000
vt 0.605150 0.000000
vt 0.609442 1.000000
vt 0.607296 0.000000
vt 0.611588 1.000000
vt 0.609442 0.000000
vt 0.613734 1.000000
vt 0.611588 0.000000
vt 0.615880 1.000000
vt 0.613734 0.000000
vt 0.618026 1.000000
vt 0.615880 0.000000
vt 0.620172 1.000000
vt 0.618026 0.000000
vt 0.622318 1.000000
vt 0.620172 0.000000
vt 0.624463 1.000000
vt 0.622318 0.000000
vt 0.626609 1.000000
vt 0.624463 0.000000
vt 0.628755 1.000000
vt 0.626609 0.000000
vt 0.630901 1.000000
vt 0.628755 0.000000
vt 0.633047 1.000000
vt 0.630901 0.000000
vt 0.635193 1.000000
vt 0.633047 0.000000
vt 0.637339 1.000000
vt 0.635193 0.000000
vt 0.639485 1.000000
vt 0.637339 0.000000
vt 0.641631 1.000000
vt 0.639485 0.000000
vt 0.643777 1.000000
vt 0.641631 0.000000
vt 0.645923 1.000000
vt 0.643777 0.000000
vt 0.648069 1.000000
vt 0.645923 0.000000
vt 0.650215 1.000000
vt 0.648069 0.000000
vt 0.652360 1.000000
vt 0.650215 0.000000
vt 0.654506 1.000000
vt 0.652360 0.000000
vt 0.656652 1.000000
vt 0.654506 0.000000
vt 0.658798 1.000000
vt 0.656652 0.000000
vt 0.660944 1.000000
vt 0.658798 0.000000
vt 0.663090 1.000000
vt 0.660944 0.000000
vt 0.665236 1.000000
vt 0.663090 0.000000
vt 0.667382 1.000000
vt 0.665236 0.000000
vt 0.669528 1.000000
vt 0.667382 0.000000
vt 0.671674 1.000000
vt 0.669528 0.000000
vt 0.673820 1.000000
vt 0.671674 0.000000
vt 0.675966 1.000000
vt 0.673820 0.000000
vt 0.678112 1.000000
vt 0.675966 0.000000
vt 0.680257 1.000000
vt 0.678112 0.000000
vt 0.682403 1.000000
vt 0.680257 0.000000
vt 0.684549 1.000000
vt 0.682403 0.000000
vt 0.686695 1.000000
vt 0.684549 0.000000
vt 0.688841 1.000000
vt 0.686695 0.000000
vt 0.690987 1.000000
vt 0.688841 0.000000
vt 0.693133 1.000000
vt 0.690987 0.000000
vt 0.695279 1.000000
vt 0.693133 0.000000
vt 0.697425 1.000000
vt 0.695279 0.000000
vt 0.699571 1.000000
vt 0.697425 0.000000
vt 0.701717 1.000000
vt 0.699571 0.000000
vt 0.703863 1.000000
vt 0.701717 0.000000
vt 0.706009 1.000000
vt 0.703863 0.000000
vt 0.708154 1.000000
vt 0.706009 0.000000
vt 0.710300 1.000000
vt 0.708154 0.000000
vt 0.712446 1.000000
vt 0.710300 0.000000
vt 0.714592 1.000000
vt 0.712446 0.000000
vt 0.716738 1.000000
vt 0.714592 0.000000
vt 0.718884 1.000000
vt 0.716738 0.000000
vt 0.721030 1.000000
vt 0.718884 0.000000
vt 0.723176 1.000000
vt 0.721030 0.000000
vt 0.725322 1.000000
vt 0.723176 0.000000
vt 0.727468 1.000000
vt 0.725322 0.000000
vt 0.729614 1.000000
vt 0.727468 0.000000
vt 0.731760 1.000000
vt 0.729614 0.000000
vt 0.733906 1.000000
vt 0.731760 0.000000
vt 0.736051 1.000000
vt 0.733906 0.000000
vt 0.738197 1.000000
vt 0.736051 0.000000
vt 0.740343 1.000000
vt 0.738197 0.000000
vt 0.742489 1.000000
vt 0.740343 0.000000
vt 0.744635 1.000000
vt 0.742489 0.000000
vt 0.746781 1.000000
vt 0.744635 0.000000
vt 0.748927 1.000000
vt 0.746781 0.000000
vt 0.751073 1.000000
vt 0.748927 0.000000
vt 0.753219 1.000000
vt 0.751073 0.000000
vt 0.755365 1.000000
vt 0.753219 0.000000
vt 0.757511 1.000000
vt 0.755365 0.000000
vt 0.759657 1.000000
vt 0.757511 0.000000
vt 0.761803 1.000000
vt 0.759657 0.000000
vt 0.763949 1.000000
vt 0.761803 0.000000
vt 0.766094 1.000000
vt 0.763949 0.000000
vt 0.768240 1.000000
vt 0.766094 0.000000
vt 0.770386 1.000000
vt 0.768240 0.000000
vt 0.772532 1.000000
vt 0.770386 0.000000
vt 0.774678 1.000000
vt 0.772532 0.000000
vt 0.776824 1.000000
vt 0.774678 0.000000
vt 0.778970 1.000000
vt 0.776824 0.000000
vt 0.781116 1.000000
vt 0.778970 0.000000
vt 0.783262 1.000000
vt 0.781116 0.000000
vt 0.785408 1.000000
vt 0.783262 0.000000
vt 0.787554 1.000000
vt 0.785408 0.000000
vt 0.789700 1.000000
vt 0.787554 0.000000
vt 0.791846 1.000000
vt 0.789700 0.000000
vt 0.793991 1.000000
vt 0.791846 0.000000
vt 0.796137 1.000000
vt 0.793991 0.000000
vt 0.798283 1.000000
vt 0.796137 0.000000
vt 0.800429 1.000000
vt 0.798283 0.000000
vt 0.802575 1.000000
vt 0.800429 0.000000
vt 0.804721 1.000000
vt 0.802575 0.000000
vt 0.806867 1.000000
vt 0.804721 0.000000
vt 0.809013 1.000000
vt 0.806867 0.000000
vt 0.811159 1.000000
vt 0.809013 0.000000
vt 0.813305 1.000000
vt 0.811159 0.000000
vt 0.815451 1.000000
vt 0.813305 0.000000
vt 0.817597 1.000000
vt 0.815451 0.000000
vt 0.819743 1.000000
vt 0.817597 0.000000
vt 0.821888 1.000000
vt 0.819743 0.000000
vt 0.824034 1.000000
vt 0.821888 0.000000
vt 0.826180 1.000000
vt 0.824034 0.000000
vt 0.828326 1.000000
vt 0.826180 0.000000
vt 0.830472 1.000000
vt 0.828326 0.000000
vt 0.832618 1.000000
vt 0.830472 0.000000
vt 0.834764 1.000000
vt 0.832618 0.000000
vt 0.836910 1.000000
vt 0.834764 0.000000
vt 0.839056 1.000000
vt 0.836910 0.000000
vt 0.841202 1.000000
vt 0.839056 0.000000
vt 0.843348 1.000000
vt 0.841202 0.000000
vt 0.845494 1.000000
vt 0.843348 0.000000
vt 0.847640 1.000000
vt 0.845494 0.000000
vt 0.849785 1.000000
vt 0.847640 0.000000
vt 0.851931 1.000000
vt 0.849785 0.000000
vt 0.854077 1.000000
vt 0.851931 0.000000
vt 0.856223 1.000000
vt 0.854077 0.000000
vt 0.858369 1.000000
vt 0.856223 0.000000
vt 0.860515 1.000000
vt 0.858369 0.000000
vt 0.862661 1.000000
vt 0.860515 0.000000
vt 0.864807 1.000000
vt 0.862661 0.000000
vt 0.866953 1.000000
vt 0.864807 0.000000
vt 0.869099 1.000000
vt 0.866953 0.000000
vt 0.871245 1.000000
vt 0.869099 0.000000
vt 0.873391 1.000000
vt 0.871245 0.000000
vt 0.875537 1.000000
vt 0.873391 0.000000
vt 0.877682 1.000000
vt 0.875537 0.000000
vt 0.879828 1.000000
vt 0.877682 0.000000
vt 0.881974 1.000000
vt 0.879828 0.000000
vt 0.884120 1.000000
vt 0.881974 0.000000
vt 0.886266 1.000000
vt 0.884120 0.000000
vt 0.888412 1.000000
vt 0.886266 0.000000
vt 0.890558 1.000000
vt 0.888412 0.000000
vt 0.892704 1.000000
vt 0.890558 0.000000
vt 0.894850 1.000000
vt 0.892704 0.000000
vt 0.896996 1.000000
vt 0.894850 0.000000
vt 0.899142 1.000000
vt 0.896996 0.000000
vt 0.901288 1.000000
vt 0.899142 0.000000
vt 0.903434 1.000000
vt 0.901288 0.000000
vt 0.905579 1.000000
vt 0.903434 0.000000
vt 0.907725 1.000000
vt 0.905579 0.000000
vt 0.909871 1.000000
vt 0.907725 0.000000
vt 0.912017 1.000000
vt 0.909871 0.000000
vt 0.914163 1.000000
vt 0.912017 0.000000
vt 0.916309 1.000000
vt 0.914163 0.000000
vt 0.918455 1.000000
vt 0.916309 0.000000
vt 0.920601 1.000000
vt 0.918455 0.000000
vt 0.922747 1.000000
vt 0.920601 0.000000
vt 0.924893 1.000000
vt 0.922747 0.000000
vt 0.927039 1.000000
vt 0.924893 0.000000
vt 0.929185 1.000000
vt 0.927039 0.000000
vt 0.931330 1.000000
vt 0.929185 0.000000
vt 0.933476 1.000000
vt 0.931330 0.000000
vt 0.935622 1.000000
vt 0.933476 0.000000
vt 0.937768 1.000000
vt 0.935622 0.000000
vt 0.939914 1.000000
vt 0.937768 0.000000
vt 0.942060 1.000000
vt 0.939914 0.000000
vt 0.944206 1.000000
vt 0.942060 0.000000
vt 0.946352 1.000000
vt 0.944206 0.000000
vt 0.948498 1.000000
vt 0.946352 0.000000
vt 0.950644 1.000000
vt 0.948498 0.000000
vt 0.952790 1.000000
vt 0.950644 0.000000
vt 0.954936 1.000000
vt 0.952790 0.000000
vt 0.957082 1.000000
vt 0.954936 0.000000
vt 0.959227 1.000000
vt 0.957082 0.000000
vt 0.961373 1.000000
vt 0.959227 0.000000
vt 0.963519 1.000000
vt 0.961373 0.000000
vt 0.965665 1.000000
vt 0.963519 0.000000
vt 0.967811 1.000000
vt 0.965665 0.000000
vt 0.969957 1.000000
vt 0.967811 0.000000
vt 0.972103 1.000000
vt 0.969957 0.000000
vt 0.974249 1.000000
vt 0.972103 0.000000
vt 0.976395 1.000000
vt 0.974249 0.000000
vt 0.978541 1.000000
vt 0.976395 0.000000
vt 0.980687 1.000000
vt 0.978541 0.000000
vt 0.982833 1.000000
vt 0.980687 0.000000
vt 0.984979 1.000000
vt 0.982833 0.000000
vt 0.987124 1.000000
vt 0.984979 0.000000
vt 0.989270 1.000000
vt 0.987124 0.000000
vt 0.991416 1.000000
vt 0.989270 0.000000
vt 0.993562 1.000000
vt 0.991416 0.000000
vt 0.995708 1.000000
vt 0.993562 0.000000
vt 0.997854 1.000000
vt 0.995708 0.000000
vt 1.000000 1.000000
vt 0.997854 0.000000
vt 0.005405 1.000000
vt 0.010811 1.000000
vt 0.005405 0.000000
vt 0.016216 1.000000
vt 0.010811 0.000000
vt 0.021622 1.000000
vt 0.016216 0.000000
vt 0.027027 1.000000
vt 0.021622 0.000000
vt 0.032432 1.000000
vt 0.027027 0.000000
vt 0.037838 1.000000
vt 0.032432 0.000000
vt 0.043243 1.000000
vt 0.037838 0.000000
vt 0.048649 1.000000
vt 0.043243 0.000000
vt 0.054054 1.000000
vt 0.048649 0.000000
vt 0.059459 1.000000
vt 0.054054 0.000000
vt 0.064865 1.000000
vt 0.059459 0.000000
vt 0.070270 1.000000
vt 0.064865 0.000000
vt 0.075676 1.000000
vt 0.070270 0.000000
vt 0.081081 1.000000
vt 0.075676 0.000000
vt 0.086486 1.000000
vt 0.081081 0.000000
vt 0.091892 1.000000
vt 0.086486 0.000000
vt 0.097297 1.000000
vt 0.091892 0.000000
vt 0.102703 1.000000
vt 0.097297 0.000000
vt 0.108108 1.000000
vt 0.102703 0.000000
vt 0.113514 1.000000
vt 0.108108 0.000000
vt 0.118919 1.000000
vt 0.113514 0.000000
vt 0.124324 1.000000
vt 0.118919 0.000000
vt 0.129730 1.000000
vt 0.124324 0.000000
vt 0.135135 1.000000
vt 0.129730 0.000000
vt 0.140541 1.000000
vt 0.135135 0.000000
vt 0.145946 1.000000
vt 0.140541 0.000000
vt 0.151351 1.000000
vt 0.145946 0.000000
vt 0.156757 1.000000
vt 0.151351 0.000000
vt 0.162162 1.000000
vt 0.156757 0.000000
vt 0.167568 1.000000
vt 0.162162 0.000000
vt 0.172973 1.000000
vt 0.167568 0.000000
vt 0.178378 1.000000
vt 0.172973 0.000000
vt 0.183784 1.000000
vt 0.178378 0.000000
vt 0.189189 1.000000
vt 0.183784 0.000000
vt 0.194595 1.000000
vt 0.189189 0.000000
vt 0.200000 1.000000
vt 0.194595 0.000000
vt 0.205405 1.000000
vt 0.200000 0.000000
vt 0.210811 1.000000
vt 0.205405 0.000000
vt 0.216216 1.000000
vt 0.210811 0.000000
vt 0.221622 1.000000
vt 0.216216 0.000000
vt 0.227027 1.000000
vt 0.221622 0.000000
vt 0.232432 1.000000
vt 0.227027 0.000000
vt 0.237838 1.000000
vt 0.232432 0.000000
vt 0.243243 1.000000
vt 0.237838 0.000000
vt 0.248649 1.000000
vt 0.243243 0.000000
vt 0.254054 1.000000
vt 0.248649 0.000000
vt 0.259459 1.000000
vt 0.254054 0.000000
vt 0.264865 1.000000
vt 0.259459 0.000000
vt 0.270270 1.000000
vt 0.264865 0.000000
vt 0.275676 1.000000
vt 0.270270 0.000000
vt 0.281081 1.000000
vt 0.275676 0.000000
vt 0.286486 1.000000
vt 0.281081 0.000000
vt 0.291892 1.000000
vt 0.286486 0.000000
vt 0.297297 1.000000
vt 0.291892 0.000000
vt 0.302703 1.000000
vt 0.297297 0.000000
vt 0.308108 1.000000
vt 0.302703 0.000000
vt 0.313514 1.000000
vt 0.308108 0.000000
vt 0.318919 1.000000
vt 0.313514 0.000000
vt 0.324324 1.000000
vt 0.318919 0.000000
vt 0.329730 1.000000
vt 0.324324 0.000000
vt 0.335135 1.000000
vt 0.329730 0.000000
vt 0.340541 1.000000
vt 0.335135 0.000000
vt 0.345946 1.000000
vt 0.340541 0.000000
vt 0.351351 1.000000
vt 0.345946 0.000000
vt 0.356757 1.000000
vt 0.351351 0.000000
vt 0.362162 1.000000
vt 0.356757 0.000000
vt 0.367568 1.000000
vt 0.362162 0.000000
vt 0.372973 1.000000
vt 0.367568 0.000000
vt 0.378378 1.000000
vt 0.372973 0.000000
vt 0.383784 1.000000
vt 0.378378 0.000000
vt 0.389189 1.000000
vt 0.383784 0.000000
vt 0.394595 1.000000
vt 0.389189 0.000000
vt 0.400000 1.000000
vt 0.394595 0.000000
vt 0.405405 1.000000
vt 0.400000 0.000000
vt 0.410811 1.000000
vt 0.405405 0.000000
vt 0.416216 1.000000
vt 0.410811 0.000000
vt 0.421622 1.000000
vt 0.416216 0.000000
vt 0.427027 1.000000
vt 0.421622 0.000000
vt 0.432432 1.000000
vt 0.427027 0.000000
vt 0.437838 1.000000
vt 0.432432 0.000000
vt 0.443243 1.000000
vt 0.437838 0.000000
vt 0.448649 1.000000
vt 0.443243 0.000000
vt 0.454054 1.000000
vt 0.448649 0.000000
vt 0.459459 1.000000
vt 0.454054 0.000000
vt 0.464865 1.000000
vt 0.459459 0.000000
vt 0.470270 1.000000
vt 0.464865 0.000000
vt 0.475676 1.000000
vt 0.470270 0.000000
vt 0.481081 1.000000
vt 0.475676 0.000000
vt 0.486486 1.000000
vt 0.481081 0.000000
vt 0.491892 1.000000
vt 0.486486 0.000000
vt 0.497297 1.000000
vt 0.491892 0.000000
vt 0.502703 1.000000
vt 0.497297 0.000000
vt 0.508108 1.000000
vt 0.502703 0.000000
vt 0.513514 1.000000
vt 0.508108 0.000000
vt 0.518919 1.000000
vt 0.513514 0.000000
vt 0.524324 1.000000
vt 0.518919 0.000000
vt 0.529730 1.000000
vt 0.524324 0.000000
vt 0.535135 1.000000
vt 0.529730 0.000000
vt 0.540541 1.000000
vt 0.535135 0.000000
vt 0.545946 1.000000
vt 0.540541 0.000000
vt 0.551351 1.000000
vt 0.545946 0.000000
vt 0.556757 1.000000
vt 0.551351 0.000000
vt 0.562162 1.000000
vt 0.556757 0.000000
vt 0.567568 1.000000
vt 0.562162 0.000000
vt 0.572973 1.000000
vt 0.567568 0.000000
vt 0.578378 1.000000
vt 0.572973 0.000000
vt 0.583784 1.000000
vt 0.578378 0.000000
vt 0.589189 1.000000
vt 0.583784 0.000000
vt 0.594595 1.000000
vt 0.589189 0.000000
vt 0.600000 1.000000
vt 0.594595 0.000000
vt 0.605405 1.000000
vt 0.600000 0.000000
vt 0.610811 1.000000
vt 0.605405 0.000000
vt 0.616216 1.000000
vt 0.610811 0.000000
vt 0.621622 1.000000
vt 0.616216 0.000000
vt 0.627027 1.000000
vt 0.621622 0.000000
vt 0.632432 1.000000
vt 0.627027 0.000000
vt 0.637838 1.000000
vt 0.632432 0.000000
vt 0.643243 1.000000
vt 0.637838 0.000000
vt 0.648649 1.000000
vt 0.643243 0.000000
vt 0.654054 1.000000
vt 0.648649 0.000000
vt 0.659459 1.000000
vt 0.654054 0.000000
vt 0.664865 1.000000
vt 0.659459 0.000000
vt 0.670270 1.000000
vt 0.664865 0.000000
vt 0.675676 1.000000
vt 0.670270 0.000000
vt 0.681081 1.000000
vt 0.675676 0.000000
vt 0.686486 1.000000
vt 0.681081 0.000000
vt 0.691892 1.000000
vt 0.686486 0.000000
vt 0.697297 1.000000
vt 0.691892 0.000000
vt 0.702703 1.000000
vt 0.697297 0.000000
vt 0.708108 1.000000
vt 0.702703 0.000000
vt 0.713513 1.000000
vt 0.708108 0.000000
vt 0.718919 1.000000
vt 0.713513 0.000000
vt 0.724324 1.000000
vt 0.718919 0.000000
vt 0.729730 1.000000
vt 0.724324 0.000000
vt 0.735135 1.000000
vt 0.729730 0.000000
vt 0.740541 1.000000
vt 0.735135 0.000000
vt 0.745946 1.000000
vt 0.740541 0.000000
vt 0.751351 1.000000
vt 0.745946 0.000000
vt 0.756757 1.000000
vt 0.751351 0.000000
vt 0.762162 1.000000
vt 0.756757 0.000000
vt 0.767568 1.000000
vt 0.762162 0.000000
vt 0.772973 1.000000
vt 0.767568 0.000000
vt 0.778378 1.000000
vt 0.772973 0.000000
vt 0.783784 1.000000
vt 0.778378 0.000000
vt 0.789189 1.000000
vt 0.783784 0.000000
vt 0.794595 1.000000
vt 0.789189 0.000000
vt 0.800000 1.000000
vt 0.794595 0.000000
vt 0.805405 1.000000
vt 0.800000 0.000000
vt 0.810811 1.000000
vt 0.805405 0.000000
vt 0.816216 1.000000
vt 0.810811 0.000000
vt 0.821622 1.000000
vt 0.816216 0.000000
vt 0.827027 1.000000
vt 0.821622 0.000000
vt 0.832432 1.000000
vt 0.827027 0.000000
vt 0.837838 1.000000
vt 0.832432 0.000000
vt 0.843243 1.000000
vt 0.837838 0.000000
vt 0.848649 1.000000
vt 0.843243 0.000000
vt 0.854054 1.000000
vt 0.848649 0.000000
vt 0.859459 1.000000
vt 0.854054 0.000000
vt 0.864865 1.000000
vt 0.859459 0.000000
vt 0.870270 1.000000
vt 0.864865 0.000000
vt 0.875676 1.000000
vt 0.870270 0.000000
vt 0.881081 1.000000
vt 0.875676 0.000000
vt 0.886486 1.000000
vt 0.881081 0.000000
vt 0.891892 1.000000
vt 0.886486 0.000000
vt 0.897297 1.000000
vt 0.891892 0.000000
vt 0.902703 1.000000
vt 0.897297 0.000000
vt 0.908108 1.000000
vt 0.902703 0.000000
vt 0.913514 1.000000
vt 0.908108 0.000000
vt 0.918919 1.000000
vt 0.913514 0.000000
vt 0.924324 1.000000
vt 0.918919 0.000000
vt 0.929730 1.000000
vt 0.924324 0.000000
vt 0.935135 1.000000
vt 0.929730 0.000000
vt 0.940541 1.000000
vt 0.935135 0.000000
vt 0.945946 1.000000
vt 0.940541 0.000000
vt 0.951351 1.000000
vt 0.945946 0.000000
vt 0.956757 1.000000
vt 0.951351 0.000000
vt 0.962162 1.000000
vt 0.956757 0.000000
vt 0.967568 1.000000
vt 0.962162 0.000000
vt 0.972973 1.000000
vt 0.967568 0.000000
vt 0.978378 1.000000
vt 0.972973 0.000000
vt 0.983784 1.000000
vt 0.978378 0.000000
vt 0.989189 1.000000
vt 0.983784 0.000000
vt 0.994595 1.000000
vt 0.989189 0.000000
vt 0.994595 0.000000
vt 0.013514 1.000000
vt 0.013514 0.000000
vt 0.040541 1.000000
vt 0.040541 0.000000
vt 0.067568 1.000000
vt 0.067568 0.000000
vt 0.094595 1.000000
vt 0.094595 0.000000
vt 0.121622 1.000000
vt 0.121622 0.000000
vt 0.148649 1.000000
vt 0.148649 0.000000
vt 0.175676 1.000000
vt 0.175676 0.000000
vt 0.202703 1.000000
vt 0.202703 0.000000
vt 0.229730 1.000000
vt 0.229730 0.000000
vt 0.256757 1.000000
vt 0.256757 0.000000
vt 0.283784 1.000000
vt 0.283784 0.000000
vt 0.310811 1.000000
vt 0.310811 0.000000
vt 0.337838 1.000000
vt 0.337838 0.000000
vt 0.364865 1.000000
vt 0.364865 0.000000
vt 0.391892 1.000000
vt 0.391892 0.000000
vt 0.418919 1.000000
vt 0.418919 0.000000
vt 0.445946 1.000000
vt 0.445946 0.000000
vt 0.472973 1.000000
vt 0.472973 0.000000
vt 0.527027 1.000000
vt 0.527027 0.000000
vt 0.554054 1.000000
vt 0.554054 0.000000
vt 0.581081 1.000000
vt 0.581081 0.000000
vt 0.608108 1.000000
vt 0.608108 0.000000
vt 0.635135 1.000000
vt 0.635135 0.000000
vt 0.662162 1.000000
vt 0.662162 0.000000
vt 0.689189 1.000000
vt 0.689189 0.000000
vt 0.716216 1.000000
vt 0.716216 0.000000
vt 0.743243 1.000000
vt 0.743243 0.000000
vt 0.770270 1.000000
vt 0.770270 0.000000
vt 0.797297 1.000000
vt 0.797297 0.000000
vt 0.824324 1.000000
vt 0.824324 0.000000
vt 0.851351 1.000000
vt 0.851351 0.000000
vt 0.878378 1.000000
vt 0.878378 0.000000
vt 0.905405 1.000000
vt 0.905405 0.000000
vt 0.932432 1.000000
vt 0.932432 0.000000
vt 0.959459 1.000000
vt 0.959459 0.000000
vt 0.986486 1.000000
vt 0.986486 0.000000
vt 0.010204 1.000000
vt 0.020408 1.000000
vt 0.010204 0.000000
vt 0.030612 1.000000
vt 0.020408 0.000000
vt 0.040816 1.000000
vt 0.030612 0.000000
vt 0.051020 1.000000
vt 0.040816 0.000000
vt 0.061224 1.000000
vt 0.051020 0.000000
vt 0.071429 1.000000
vt 0.061224 0.000000
vt 0.081633 1.000000
vt 0.071429 0.000000
vt 0.091837 1.000000
vt 0.081633 0.000000
vt 0.102041 1.000000
vt 0.091837 0.000000
vt 0.112245 1.000000
vt 0.102041 0.000000
vt 0.122449 1.000000
vt 0.112245 0.000000
vt 0.132653 1.000000
vt 0.122449 0.000000
vt 0.142857 1.000000
vt 0.132653 0.000000
vt 0.153061 1.000000
vt 0.142857 0.000000
vt 0.163265 1.000000
vt 0.153061 0.000000
vt 0.173469 1.000000
vt 0.163265 0.000000
vt 0.183673 1.000000
vt 0.173469 0.000000
vt 0.193878 1.000000
vt 0.183673 0.000000
vt 0.204082 1.000000
vt 0.193878 0.000000
vt 0.214286 1.000000
vt 0.204082 0.000000
vt 0.224490 1.000000
vt 0.214286 0.000000
vt 0.234694 1.000000
vt 0.224490 0.000000
vt 0.244898 1.000000
vt 0.234694 0.000000
vt 0.255102 1.000000
vt 0.244898 0.000000
vt 0.265306 1.000000
vt 0.255102 0.000000
vt 0.275510 1.000000
vt 0.265306 0.000000
vt 0.285714 1.000000
vt 0.275510 0.000000
vt 0.295918 1.000000
vt 0.285714 0.000000
vt 0.306122 1.000000
vt 0.295918 0.000000
vt 0.316327 1.000000
vt 0.306122 0.000000
vt 0.326531 1.000000
vt 0.316327 0.000000
vt 0.336735 1.000000
vt 0.326531 0.000000
vt 0.346939 1.000000
vt 0.336735 0.000000
vt 0.357143 1.000000
vt 0.346939 0.000000
vt 0.367347 1.000000
vt 0.357143 0.000000
vt 0.377551 1.000000
vt 0.367347 0.000000
vt 0.387755 1.000000
vt 0.377551 0.000000
vt 0.397959 1.000000
vt 0.387755 0.000000
vt 0.408163 1.000000
vt 0.397959 0.000000
vt 0.418367 1.000000
vt 0.408163 0.000000
vt 0.428571 1.000000
vt 0.418367 0.000000
vt 0.438776 1.000000
vt 0.428571 0.000000
vt 0.448980 1.000000
vt 0.438776 0.000000
vt 0.459184 1.000000
vt 0.448980 0.000000
vt 0.469388 1.000000
vt 0.459184 0.000000
vt 0.479592 1.000000
vt 0.469388 0.000000
vt 0.489796 1.000000
vt 0.479592 0.000000
vt 0.489796 0.000000
vt 0.510204 1.000000
vt 0.520408 1.000000
vt 0.510204 0.000000
vt 0.530612 1.000000
vt 0.520408 0.000000
vt 0.540816 1.000000
vt 0.530612 0.000000
vt 0.551020 1.000000
vt 0.540816 0.000000
vt 0.561224 1.000000
vt 0.551020 0.000000
vt 0.571429 1.000000
vt 0.561224 0.000000
vt 0.581633 1.000000
vt 0.571429 0.000000
vt 0.591837 1.000000
vt 0.581633 0.000000
vt 0.602041 1.000000
vt 0.591837 0.000000
vt 0.612245 1.000000
vt 0.602041 0.000000
vt 0.622449 1.000000
vt 0.612245 0.000000
vt 0.632653 1.000000
vt 0.622449 0.000000
vt 0.642857 1.000000
vt 0.632653 0.000000
vt 0.653061 1.000000
vt 0.642857 0.000000
vt 0.663265 1.000000
vt 0.653061 0.000000
vt 0.673469 1.000000
vt 0.663265 0.000000
vt 0.683673 1.000000
vt 0.673469 0.000000
vt 0.693878 1.000000
vt 0.683673 0.000000
vt 0.704082 1.000000
vt 0.693878 0.000000
vt 0.714286 1.000000
vt 0.704082 0.000000
vt 0.724490 1.000000
vt 0.714286 0.000000
vt 0.734694 1.000000
vt 0.724490 0.000000
vt 0.744898 1.000000
vt 0.734694 0.000000
vt 0.755102 1.000000
vt 0.744898 0.000000
vt 0.765306 1.000000
vt 0.755102 0.000000
vt 0.775510 1.000000
vt 0.765306 0.000000
vt 0.785714 1.000000
vt 0.775510 0.000000
vt 0.795918 1.000000
vt 0.785714 0.000000
vt 0.806122 1.000000
vt 0.795918 0.000000
vt 0.816327 1.000000
vt 0.806122 0.000000
vt 0.826531 1.000000
vt 0.816327 0.000000
vt 0.836735 1.000000
vt 0.826531 0.000000
vt 0.846939 1.000000
vt 0.836735 0.000000
vt 0.857143 1.000000
vt 0.846939 0.000000
vt 0.867347 1.000000
vt 0.857143 0.000000
vt 0.877551 1.000000
vt 0.867347 0.000000
vt 0.887755 1.000000
vt 0.877551 0.000000
vt 0.897959 1.000000
vt 0.887755 0.000000
vt 0.908163 1.000000
vt 0.897959 0.000000
vt 0.918367 1.000000
vt 0.908163 0.000000
vt 0.928571 1.000000
vt 0.918367 0.000000
vt 0.938776 1.000000
vt 0.928571 0.000000
vt 0.948980 1.000000
vt 0.938776 0.000000
vt 0.959184 1.000000
vt 0.948980 0.000000
vt 0.969388 1.000000
vt 0.959184 0.000000
vt 0.979592 1.000000
vt 0.969388 0.000000
vt 0.989796 1.000000
vt 0.979592 0.000000
vt 0.989796 0.000000
vt 0.011628 1.000000
vt 0.023256 1.000000
vt 0.011628 0.000000
vt 0.034884 1.000000
vt 0.023256 0.000000
vt 0.046512 1.000000
vt 0.034884 0.000000
vt 0.058140 1.000000
vt 0.046512 0.000000
vt 0.069767 1.000000
vt 0.058140 0.000000
vt 0.081395 1.000000
vt 0.069767 0.000000
vt 0.093023 1.000000
vt 0.081395 0.000000
vt 0.104651 1.000000
vt 0.093023 0.000000
vt 0.116279 1.000000
vt 0.104651 0.000000
vt 0.127907 1.000000
vt 0.116279 0.000000
vt 0.139535 1.000000
vt 0.127907 0.000000
vt 0.151163 1.000000
vt 0.139535 0.000000
vt 0.162791 1.000000
vt 0.151163 0.000000
vt 0.174419 1.000000
vt 0.162791 0.000000
vt 0.186047 1.000000
vt 0.174419 0.000000
vt 0.197674 1.000000
vt 0.186047 0.000000
vt 0.209302 1.000000
vt 0.197674 0.000000
vt 0.220930 1.000000
vt 0.209302 0.000000
vt 0.232558 1.000000
vt 0.220930 0.000000
vt 0.244186 1.000000
vt 0.232558 0.000000
vt 0.255814 1.000000
vt 0.244186 0.000000
vt 0.267442 1.000000
vt 0.255814 0.000000
vt 0.279070 1.000000
vt 0.267442 0.000000
vt 0.290698 1.000000
vt 0.279070 0.000000
vt 0.302326 1.000000
vt 0.290698 0.000000
vt 0.313953 1.000000
vt 0.302326 0.000000
vt 0.325581 1.000000
vt 0.313953 0.000000
vt 0.337209 1.000000
vt 0.325581 0.000000
vt 0.348837 1.000000
vt 0.337209 0.000000
vt 0.360465 1.000000
vt 0.348837 0.000000
vt 0.372093 1.000000
vt 0.360465 0.000000
vt 0.383721 1.000000
vt 0.372093 0.000000
vt 0.395349 1.000000
vt 0.383721 0.000000
vt 0.406977 1.000000
vt 0.395349 0.000000
vt 0.418605 1.000000
vt 0.406977 0.000000
vt 0.430233 1.000000
vt 0.418605 0.000000
vt 0.441860 1.000000
vt 0.430233 0.000000
vt 0.453488 1.000000
vt 0.441860 0.000000
vt 0.465116 1.000000
vt 0.453488 0.000000
vt 0.476744 1.000000
vt 0.465116 0.000000
vt 0.488372 1.000000
vt 0.476744 0.000000
vt 0.488372 0.000000
vt 0.511628 1.000000
vt 0.523256 1.000000
vt 0.511628 0.000000
vt 0.534884 1.000000
vt 0.523256 0.000000
vt 0.546512 1.000000
vt 0.534884 0.000000
vt 0.558140 1.000000
vt 0.546512 0.000000
vt 0.569767 1.000000
vt 0.558140 0.000000
vt 0.581395 1.000000
vt 0.569767 0.000000
vt 0.593023 1.000000
vt 0.581395 0.000000
vt 0.604651 1.000000
vt 0.593023 0.000000
vt 0.616279 1.000000
vt 0.604651 0.000000
vt 0.627907 1.000000
vt 0.616279 0.000000
vt 0.639535 1.000000
vt 0.627907 0.000000
vt 0.651163 1.000000
vt 0.639535 0.000000
vt 0.662791 1.000000
vt 0.651163 0.000000
vt 0.674419 1.000000
vt 0.662791 0.000000
vt 0.686047 1.000000
vt 0.674419 0.000000
vt 0.697674 1.000000
vt 0.686047 0.000000
vt 0.709302 1.000000
vt 0.697674 0.000000
vt 0.720930 1.000000
vt 0.709302 0.000000
vt 0.732558 1.000000
vt 0.720930 0.000000
vt 0.744186 1.000000
vt 0.732558 0.000000
vt 0.755814 1.000000
vt 0.744186 0.000000
vt 0.767442 1.000000
vt 0.755814 0.000000
vt 0.779070 1.000000
vt 0.767442 0.000000
vt 0.790698 1.000000
vt 0.779070 0.000000
vt 0.802326 1.000000
vt 0.790698 0.000000
vt 0.813953 1.000000
vt 0.802326 0.000000
vt 0.825581 1.000000
vt 0.813953 0.000000
vt 0.837209 1.000000
vt 0.825581 0.000000
vt 0.848837 1.000000
vt 0.837209 0.000000
vt 0.860465 1.000000
vt 0.848837 0.000000
vt 0.872093 1.000000
vt 0.860465 0.000000
vt 0.883721 1.000000
vt 0.872093 0.000000
vt 0.895349 1.000000
vt 0.883721 0.000000
vt 0.906977 1.000000
vt 0.895349 0.000000
vt 0.918605 1.000000
vt 0.906977 0.000000
vt 0.930233 1.000000
vt 0.918605 0.000000
vt 0.941860 1.000000
vt 0.930233 0.000000
vt 0.953488 1.000000
vt 0.941860 0.000000
vt 0.965116 1.000000
vt 0.953488 0.000000
vt 0.976744 1.000000
vt 0.965116 0.000000
vt 0.988372 1.000000
vt 0.976744 0.000000
vt 0.988372 0.000000
s 1
f 57/1/1 391/2/1 390/3/1
f 391/2/1 57/1/1 56/4/1
f 52/5/1 51/6/1 392/7/1
f 392/7/1 391/2/1 52/5/1
f 53/8/1 52/5/1 391/2/1
f 54/9/1 53/8/1 391/2/1
f 55/10/1 54/9/1 391/2/1
f 391/2/1 56/4/1 55/10/1
f 59/11/1 388/12/1 60/13/1
f 388/12/1 59/11/1 389/14/1
f 58/15/1 389/14/1 59/11/1
f 62/16/1 386/17/1 385/18/1
f 61/19/1 387/20/1 386/17/1
f 386/17/1 62/16/1 61/19/1
f 60/13/1 388/12/1 387/20/1
f 387/20/1 61/19/1 60/13/1
f 389/14/1 58/15/1 390/3/1
f 57/1/1 390/3/1 58/15/1
f 64/21/1 383/22/1 65/23/1
f 383/22/1 64/21/1 384/24/1
f 63/25/1 384/24/1 64/21/1
f 67/26/1 381/27/1 380/28/1
f 66/29/1 382/30/1 381/27/1
f 381/27/1 67/26/1 66/29/1
f 65/23/1 383/22/1 382/30/1
f 382/30/1 66/29/1 65/23/1
f 68/31/1 379/32/1 378/33/1
f 378/33/1 69/34/1 68/31/1
f 69/34/1 378/33/1 377/35/1
f 70/36/1 69/34/1 377/35/1
f 379/32/1 68/31/1 380/28/1
f 67/26/1 380/28/1 68/31/1
f 392/7/1 51/6/1 50/37/1
f 50/37/1 393/38/1 392/7/1
f 384/24/1 63/25/1 385/18/1
f 62/16/1 385/18/1 63/25/1
f 47/39/1 396/40/1 48/41/1
f 395/42/1 48/41/1 396/40/1
f 45/43/1 44/44/1 399/45/1
f 398/46/1 45/43/1 399/45/1
f 45/43/1 398/46/1 46/47/1
f 398/46/1 397/48/1 46/47/1
f 47/39/1 46/47/1 397/48/1
f 396/40/1 47/39/1 397/48/1
f 72/49/1 375/50/1 374/51/1
f 73/52/1 72/49/1 374/51/1
f 374/51/1 373/53/1 73/52/1
f 373/53/1 74/54/1 73/52/1
f 41/55/1 40/56/1 403/57/1
f 402/58/1 41/55/1 403/57/1
f 75/59/1 372/60/1 371/61/1
f 76/62/1 75/59/1 371/61/1
f 371/61/1 370/63/1 76/62/1
f 41/55/1 402/58/1 42/64/1
f 402/58/1 401/65/1 42/64/1
f 43/66/1 42/64/1 401/65/1
f 401/65/1 400/67/1 43/66/1
f 44/44/1 43/66/1 400/67/1
f 399/45/1 44/44/1 400/67/1
f 74/54/1 373/53/1 372/60/1
f 372/60/1 75/59/1 74/54/1
f 48/41/1 395/42/1 49/68/1
f 395/42/1 394/69/1 49/68/1
f 50/37/1 49/68/1 394/69/1
f 393/38/1 50/37/1 394/69/1
f 70/36/1 377/35/1 376/70/1
f 71/71/1 70/36/1 376/70/1
f 376/70/1 375/50/1 71/71/1
f 375/50/1 72/49/1 71/71/1
f 367/72/1 366/73/1 368/74/1
f 36/75/1 35/76/1 408/77/1
f 408/77/1 407/78/1 36/75/1
f 34/79/1 33/80/1 410/81/1
f 410/81/1 409/82/1 34/79/1
f 35/76/1 34/79/1 409/82/1
f 408/77/1 35/76/1 409/82/1
f 368/74/1 366/73/1 365/83/1
f 369/84/1 368/74/1 365/83/1
f 365/83/1 364/85/1 369/84/1
f 24/86/1 418/87/1 25/88/1
f 26/89/1 25/88/1 418/87/1
f 418/87/1 417/90/1 26/89/1
f 337/91/1 336/92/1 96/93/1
f 97/94/1 96/93/1 336/92/1
f 336/92/1 335/95/1 97/94/1
f 26/89/1 417/90/1 27/96/1
f 417/90/1 416/97/1 27/96/1
f 28/98/1 27/96/1 416/97/1
f 416/97/1 415/99/1 28/98/1
f 29/100/1 28/98/1 415/99/1
f 414/101/1 29/100/1 415/99/1
f 343/102/1 342/103/1 92/104/1
f 342/103/1 341/105/1 92/104/1
f 93/106/1 92/104/1 341/105/1
f 341/105/1 340/107/1 93/106/1
f 94/108/1 93/106/1 340/107/1
f 340/107/1 339/109/1 94/108/1
f 95/110/1 94/108/1 339/109/1
f 339/109/1 338/111/1 95/110/1
f 338/111/1 337/91/1 95/110/1
f 337/91/1 96/93/1 95/110/1
f 29/100/1 414/101/1 30/112/1
f 414/101/1 413/113/1 30/112/1
f 31/114/1 30/112/1 413/113/1
f 413/113/1 412/115/1 31/114/1
f 32/116/1 31/114/1 412/115/1
f 412/115/1 411/117/1 32/116/1
f 33/80/1 32/116/1 411/117/1
f 410/81/1 33/80/1 411/117/1
f 83/118/1 353/119/1 352/120/1
f 84/121/1 83/118/1 352/120/1
f 352/120/1 351/122/1 84/121/1
f 85/123/1 84/121/1 351/122/1
f 351/122/1 350/124/1 85/123/1
f 86/125/1 85/123/1 350/124/1
f 350/124/1 349/126/1 86/125/1
f 87/127/1 86/125/1 349/126/1
f 349/126/1 348/128/1 87/127/1
f 88/129/1 87/127/1 348/128/1
f 348/128/1 347/130/1 88/129/1
f 89/131/1 88/129/1 347/130/1
f 347/130/1 346/132/1 89/131/1
f 346/132/1 345/133/1 89/131/1
f 90/134/1 89/131/1 345/133/1
f 345/133/1 344/135/1 90/134/1
f 91/136/1 90/134/1 344/135/1
f 344/135/1 343/102/1 91/136/1
f 343/102/1 92/104/1 91/136/1
f 36/75/1 407/78/1 37/137/1
f 407/78/1 406/138/1 37/137/1
f 38/139/1 37/137/1 406/138/1
f 406/138/1 405/140/1 38/139/1
f 39/141/1 38/139/1 405/140/1
f 405/140/1 404/142/1 39/141/1
f 40/56/1 39/141/1 404/142/1
f 403/57/1 40/56/1 404/142/1
f 76/62/1 370/63/1 369/84/1
f 369/84/1 364/85/1 76/62/1
f 364/85/1 363/143/1 76/62/1
f 363/143/1 362/144/1 76/62/1
f 362/144/1 361/145/1 76/62/1
f 77/146/1 76/62/1 361/145/1
f 361/145/1 360/147/1 77/146/1
f 78/148/1 77/146/1 360/147/1
f 360/147/1 359/149/1 78/148/1
f 359/149/1 358/150/1 78/148/1
f 79/151/1 78/148/1 358/150/1
f 358/150/1 357/152/1 79/151/1
f 80/153/1 79/151/1 357/152/1
f 357/152/1 356/154/1 80/153/1
f 81/155/1 80/153/1 356/154/1
f 356/154/1 355/156/1 81/155/1
f 82/157/1 81/155/1 355/156/1
f 355/156/1 354/158/1 82/157/1
f 354/158/1 353/119/1 82/157/1
f 353/119/1 83/118/1 82/157/1
f 22/159/1 420/160/1 23/161/1
f 419/162/1 23/161/1 420/160/1
f 421/163/1 21/164/1 422/165/1
f 329/166/1 328/167/1 103/168/1
f 104/169/1 103/168/1 328/167/1
f 21/164/1 421/163/1 22/159/1
f 420/160/1 22/159/1 421/163/1
f 102/170/1 101/171/1 330/172/1
f 330/172/1 329/166/1 102/170/1
f 329/166/1 103/168/1 102/170/1
f 423/173/1 20/174/1 19/175/1
f 19/175/1 424/176/1 423/173/1
f 664/177/1 666/178/1 665/179/1
f 107/180/1 325/181/1 324/182/1
f 108/183/1 107/180/1 324/182/1
f 324/182/1 323/184/1 108/183/1
f 109/185/1 108/183/1 323/184/1
f 422/165/1 21/164/1 20/174/1
f 20/174/1 423/173/1 422/165/1
f 104/169/1 328/167/1 327/186/1
f 105/187/1 104/169/1 327/186/1
f 327/186/1 326/188/1 105/187/1
f 106/189/1 105/187/1 326/188/1
f 326/188/1 325/181/1 106/189/1
f 325/181/1 107/180/1 106/189/1
f 425/190/1 18/191/1 17/192/1
f 662/193/1 661/194/1 668/195/1
f 669/196/1 668/195/1 661/194/1
f 16/197/1 426/198/1 17/192/1
f 425/190/1 17/192/1 426/198/1
f 669/196/1 661/194/1 660/199/1
f 670/200/1 669/196/1 660/199/1
f 660/199/1 659/201/1 670/200/1
f 659/201/1 671/202/1 670/200/1
f 318/203/1 317/204/1 114/205/1
f 115/206/1 114/205/1 317/204/1
f 317/204/1 316/207/1 115/206/1
f 116/208/1 115/206/1 316/207/1
f 424/176/1 19/175/1 18/191/1
f 18/191/1 425/190/1 424/176/1
f 666/178/1 664/177/1 663/209/1
f 667/210/1 666/178/1 663/209/1
f 663/209/1 662/193/1 667/210/1
f 662/193/1 668/195/1 667/210/1
f 109/185/1 323/184/1 322/211/1
f 110/212/1 109/185/1 322/211/1
f 322/211/1 321/213/1 110/212/1
f 111/214/1 110/212/1 321/213/1
f 321/213/1 320/215/1 111/214/1
f 112/216/1 111/214/1 320/215/1
f 320/215/1 319/217/1 112/216/1
f 113/218/1 112/216/1 319/217/1
f 319/217/1 318/203/1 113/218/1
f 318/203/1 114/205/1 113/218/1
f 15/219/1 428/220/1 427/221/1
f 656/222/1 655/223/1 674/224/1
f 675/225/1 674/224/1 655/223/1
f 429/226/1 14/227/1 13/228/1
f 277/229/1 276/230/1 146/231/1
f 428/220/1 15/219/1 14/227/1
f 14/227/1 429/226/1 428/220/1
f 675/225/1 655/223/1 654/232/1
f 676/233/1 675/225/1 654/232/1
f 654/232/1 653/234/1 676/233/1
f 677/235/1 676/233/1 653/234/1
f 653/234/1 652/236/1 677/235/1
f 678/237/1 677/235/1 652/236/1
f 652/236/1 725/238/1 678/237/1
f 679/239/1 678/237/1 725/238/1
f 300/240/1 299/241/1 131/242/1
f 132/243/1 131/242/1 299/241/1
f 299/241/1 298/244/1 132/243/1
f 133/245/1 132/243/1 298/244/1
f 298/244/1 297/246/1 133/245/1
f 134/247/1 133/245/1 297/246/1
f 297/246/1 296/248/1 134/247/1
f 135/249/1 134/247/1 296/248/1
f 296/248/1 295/250/1 135/249/1
f 136/251/1 135/249/1 295/250/1
f 137/252/1 136/251/1 295/250/1
f 295/250/1 294/253/1 137/252/1
f 294/253/1 293/254/1 137/252/1
f 138/255/1 137/252/1 293/254/1
f 293/254/1 292/256/1 138/255/1
f 292/256/1 291/257/1 138/255/1
f 291/257/1 290/258/1 138/255/1
f 139/259/1 138/255/1 290/258/1
f 290/258/1 289/260/1 139/259/1
f 289/260/1 288/261/1 139/259/1
f 140/262/1 139/259/1 288/261/1
f 288/261/1 287/263/1 140/262/1
f 287/263/1 286/264/1 140/262/1
f 286/264/1 285/265/1 140/262/1
f 141/266/1 140/262/1 285/265/1
f 285/265/1 284/267/1 141/266/1
f 284/267/1 283/268/1 141/266/1
f 142/269/1 141/266/1 283/268/1
f 283/268/1 282/270/1 142/269/1
f 282/270/1 281/271/1 142/269/1
f 143/272/1 142/269/1 281/271/1
f 281/271/1 280/273/1 143/272/1
f 144/274/1 143/272/1 280/273/1
f 280/273/1 279/275/1 144/274/1
f 279/275/1 278/276/1 144/274/1
f 145/277/1 144/274/1 278/276/1
f 278/276/1 277/229/1 145/277/1
f 277/229/1 146/231/1 145/277/1
f 15/219/1 427/221/1 16/197/1
f 426/198/1 16/197/1 427/221/1
f 671/202/1 659/201/1 658/278/1
f 672/279/1 671/202/1 658/278/1
f 658/278/1 657/280/1 672/279/1
f 673/281/1 672/279/1 657/280/1
f 657/280/1 656/222/1 673/281/1
f 656/222/1 674/224/1 673/281/1
f 116/208/1 316/207/1 315/282/1
f 117/283/1 116/208/1 315/282/1
f 315/282/1 314/284/1 117/283/1
f 118/285/1 117/283/1 314/284/1
f 314/284/1 313/286/1 118/285/1
f 313/286/1 312/287/1 118/285/1
f 119/288/1 118/285/1 312/287/1
f 312/287/1 311/289/1 119/288/1
f 120/290/1 119/288/1 311/289/1
f 311/289/1 310/291/1 120/290/1
f 121/292/1 120/290/1 310/291/1
f 310/291/1 309/293/1 121/292/1
f 122/294/1 121/292/1 309/293/1
f 309/293/1 308/295/1 122/294/1
f 123/296/1 122/294/1 308/295/1
f 308/295/1 307/297/1 123/296/1
f 124/298/1 123/296/1 307/297/1
f 307/297/1 306/299/1 124/298/1
f 125/300/1 124/298/1 306/299/1
f 306/299/1 305/301/1 125/300/1
f 126/302/1 125/300/1 305/301/1
f 305/301/1 304/303/1 126/302/1
f 127/304/1 126/302/1 304/303/1
f 304/303/1 303/305/1 127/304/1
f 128/306/1 127/304/1 303/305/1
f 303/305/1 302/307/1 128/306/1
f 129/308/1 128/306/1 302/307/1
f 302/307/1 301/309/1 129/308/1
f 130/310/1 129/308/1 301/309/1
f 301/309/1 300/240/1 130/310/1
f 300/240/1 131/242/1 130/310/1
f 23/161/1 419/162/1 24/86/1
f 418/87/1 24/86/1 419/162/1
f 97/94/1 335/95/1 334/311/1
f 98/312/1 97/94/1 334/311/1
f 334/311/1 333/313/1 98/312/1
f 99/314/1 98/312/1 333/313/1
f 333/313/1 332/315/1 99/314/1
f 100/316/1 99/314/1 332/315/1
f 332/315/1 331/317/1 100/316/1
f 331/317/1 330/172/1 100/316/1
f 330/172/1 101/171/1 100/316/1
f 12/318/1 431/319/1 430/320/1
f 432/321/1 11/322/1 10/323/1
f 10/323/1 433/324/1 432/321/1
f 270/325/1 149/326/1 271/327/1
f 431/319/1 12/318/1 11/322/1
f 11/322/1 432/321/1 431/319/1
f 148/328/1 273/329/1 272/330/1
f 272/330/1 271/327/1 148/328/1
f 271/327/1 149/326/1 148/328/1
f 434/331/1 9/332/1 8/333/1
f 8/333/1 435/334/1 434/331/1
f 433/324/1 10/323/1 9/332/1
f 9/332/1 434/331/1 433/324/1
f 269/335/1 150/336/1 270/325/1
f 149/326/1 270/325/1 150/336/1
f 436/337/1 7/338/1 6/339/1
f 6/339/1 437/340/1 436/337/1
f 439/341/1 4/342/1 440/343/1
f 696/344/1 1304/345/1 1121/346/1
f 4/342/1 439/341/1 5/347/1
f 438/348/1 5/347/1 439/341/1
f 1304/345/1 696/344/1 1122/349/1
f 696/344/1 697/350/1 1122/349/1
f 1123/351/1 1122/349/1 697/350/1
f 437/340/1 6/339/1 5/347/1
f 5/347/1 438/348/1 437/340/1
f 435/334/1 8/333/1 7/338/1
f 7/338/1 436/337/1 435/334/1
f 720/352/1 719/353/1 684/354/1
f 719/353/1 718/355/1 684/354/1
f 685/356/1 684/354/1 718/355/1
f 718/355/1 717/357/1 685/356/1
f 686/358/1 685/356/1 717/357/1
f 267/359/1 152/360/1 268/361/1
f 152/360/1 151/362/1 268/361/1
f 269/335/1 268/361/1 151/362/1
f 150/336/1 269/335/1 151/362/1
f 949/363/1 950/364/1 716/365/1
f 213/366/1 212/367/1 1143/368/1
f 213/366/1 1143/368/1 1305/369/1
f 215/370/1 214/371/1 1143/368/1
f 442/372/1 2/373/1 1/374/1
f 1/374/1 443/375/1 442/372/1
f 441/376/1 3/377/1 2/373/1
f 2/373/1 442/372/1 441/376/1
f 715/378/1 949/363/1 1298/379/1
f 950/364/1 949/363/1 715/378/1
f 715/378/1 714/380/1 950/364/1
f 714/380/1 951/381/1 950/364/1
f 1280/382/1 1279/383/1 701/384/1
f 215/370/1 1143/368/1 1144/385/1
f 216/386/1 215/370/1 1144/385/1
f 440/343/1 4/342/1 3/377/1
f 3/377/1 441/376/1 440/343/1
f 686/358/1 717/357/1 716/365/1
f 687/387/1 686/358/1 716/365/1
f 716/365/1 950/364/1 687/387/1
f 688/388/1 687/387/1 950/364/1
f 950/364/1 951/381/1 688/388/1
f 689/389/1 688/388/1 951/381/1
f 951/381/1 952/390/1 689/389/1
f 952/390/1 953/391/1 689/389/1
f 690/392/1 689/389/1 953/391/1
f 953/391/1 954/393/1 690/392/1
f 691/394/1 690/392/1 954/393/1
f 1118/395/1 1119/396/1 693/397/1
f 694/398/1 693/397/1 1119/396/1
f 1119/396/1 1120/399/1 694/398/1
f 695/400/1 694/398/1 1120/399/1
f 1121/346/1 695/400/1 1120/399/1
f 696/344/1 1121/346/1 1120/399/1
f 697/350/1 696/344/1 1120/399/1
f 1120/399/1 1119/396/1 697/350/1
f 1123/351/1 697/350/1 698/401/1
f 1124/402/1 1123/351/1 698/401/1
f 698/401/1 699/403/1 1124/402/1
f 1125/404/1 1124/402/1 699/403/1
f 699/403/1 700/405/1 1125/404/1
f 1126/406/1 1125/404/1 700/405/1
f 1127/407/1 1126/406/1 700/405/1
f 700/405/1 701/384/1 1127/407/1
f 1128/408/1 1127/407/1 701/384/1
f 1129/409/1 1128/408/1 701/384/1
f 1130/410/1 1129/409/1 701/384/1
f 701/384/1 1279/383/1 1130/410/1
f 1131/411/1 1130/410/1 1279/383/1
f 1279/383/1 1278/412/1 1131/411/1
f 1132/413/1 1131/411/1 1278/412/1
f 1278/412/1 1277/414/1 1132/413/1
f 1133/415/1 1132/413/1 1277/414/1
f 1277/414/1 1276/416/1 1133/415/1
f 1134/417/1 1133/415/1 1276/416/1
f 1276/416/1 1275/418/1 1134/417/1
f 1135/419/1 1134/417/1 1275/418/1
f 1136/420/1 1135/419/1 210/421/1
f 1137/422/1 1136/420/1 210/421/1
f 1138/423/1 1137/422/1 210/421/1
f 1139/424/1 1138/423/1 210/421/1
f 210/421/1 211/425/1 1139/424/1
f 1140/426/1 1139/424/1 211/425/1
f 211/425/1 212/367/1 1140/426/1
f 1141/427/1 1140/426/1 212/367/1
f 212/367/1 213/366/1 1141/427/1
f 213/366/1 1142/428/1 1141/427/1
f 265/429/1 264/430/1 155/431/1
f 155/431/1 154/432/1 265/429/1
f 266/433/1 265/429/1 154/432/1
f 154/432/1 153/434/1 266/433/1
f 267/359/1 266/433/1 153/434/1
f 152/360/1 267/359/1 153/434/1
f 493/435/1 445/436/1 1291/437/1
f 491/438/1 446/439/1 492/440/1
f 445/436/1 492/440/1 446/439/1
f 493/435/1 444/441/1 492/440/1
f 492/440/1 445/436/1 493/435/1
f 445/436/1 446/439/1 494/442/1
f 495/443/1 494/442/1 446/439/1
f 956/444/1 955/445/1 711/446/1
f 711/446/1 710/447/1 956/444/1
f 957/448/1 956/444/1 710/447/1
f 710/447/1 709/449/1 957/448/1
f 709/449/1 958/450/1 957/448/1
f 1117/451/1 957/448/1 958/450/1
f 958/450/1 959/452/1 1117/451/1
f 959/452/1 1116/453/1 1117/451/1
f 1116/453/1 960/454/1 1117/451/1
f 489/455/1 448/456/1 490/457/1
f 447/458/1 490/457/1 448/456/1
f 961/459/1 707/460/1 1115/461/1
f 706/462/1 961/459/1 962/463/1
f 962/463/1 705/464/1 706/462/1
f 702/465/1 1204/466/1 1289/467/1
f 209/468/1 1265/469/1 1264/470/1
f 487/471/1 488/472/1 463/473/1
f 464/474/1 463/473/1 488/472/1
f 489/455/1 464/474/1 488/472/1
f 488/472/1 449/475/1 489/455/1
f 448/456/1 489/455/1 449/475/1
f 1115/461/1 708/476/1 1114/477/1
f 961/459/1 1115/461/1 1114/477/1
f 962/463/1 961/459/1 1114/477/1
f 1114/477/1 963/478/1 962/463/1
f 705/464/1 962/463/1 963/478/1
f 704/479/1 705/464/1 963/478/1
f 1204/466/1 702/465/1 1205/480/1
f 1265/469/1 209/468/1 1266/481/1
f 207/482/1 206/483/1 1147/484/1
f 1148/485/1 1147/484/1 206/483/1
f 464/474/1 489/455/1 465/486/1
f 489/455/1 490/457/1 465/486/1
f 466/487/1 465/486/1 490/457/1
f 491/438/1 466/487/1 490/457/1
f 490/457/1 447/458/1 491/438/1
f 446/439/1 491/438/1 447/458/1
f 495/443/1 446/439/1 447/458/1
f 1114/477/1 708/476/1 709/449/1
f 958/450/1 709/449/1 708/476/1
f 959/452/1 958/450/1 708/476/1
f 707/460/1 960/454/1 1302/488/1
f 960/454/1 707/460/1 1299/489/1
f 1117/451/1 960/454/1 706/462/1
f 706/462/1 705/464/1 1117/451/1
f 209/468/1 208/490/1 1145/491/1
f 1146/492/1 1145/491/1 208/490/1
f 208/490/1 207/482/1 1146/492/1
f 207/482/1 1147/484/1 1146/492/1
f 466/487/1 491/438/1 1/374/1
f 491/438/1 492/440/1 1/374/1
f 443/375/1 1/374/1 492/440/1
f 492/440/1 444/441/1 443/375/1
f 495/443/1 447/458/1 496/493/1
f 500/494/1 499/495/1 556/496/1
f 501/497/1 500/494/1 556/496/1
f 556/496/1 555/498/1 501/497/1
f 502/499/1 501/497/1 555/498/1
f 503/500/1 502/499/1 555/498/1
f 555/498/1 554/501/1 503/500/1
f 504/502/1 503/500/1 554/501/1
f 554/501/1 553/503/1 504/502/1
f 505/504/1 504/502/1 553/503/1
f 553/503/1 552/505/1 505/504/1
f 506/506/1 505/504/1 552/505/1
f 552/505/1 551/507/1 506/506/1
f 507/508/1 506/506/1 551/507/1
f 551/507/1 550/509/1 507/508/1
f 508/510/1 507/508/1 550/509/1
f 509/511/1 508/510/1 550/509/1
f 947/512/1 946/513/1 1095/514/1
f 1095/514/1 1094/515/1 947/512/1
f 1094/515/1 1093/516/1 947/512/1
f 948/517/1 947/512/1 1093/516/1
f 715/378/1 948/517/1 1093/516/1
f 1093/516/1 1092/518/1 715/378/1
f 714/380/1 715/378/1 1092/518/1
f 951/381/1 714/380/1 713/519/1
f 952/390/1 951/381/1 713/519/1
f 953/391/1 952/390/1 713/519/1
f 713/519/1 712/520/1 953/391/1
f 954/393/1 953/391/1 712/520/1
f 712/520/1 711/446/1 954/393/1
f 711/446/1 955/445/1 954/393/1
f 691/394/1 954/393/1 955/445/1
f 692/521/1 691/394/1 955/445/1
f 955/445/1 956/444/1 692/521/1
f 693/397/1 692/521/1 956/444/1
f 956/444/1 957/448/1 693/397/1
f 1118/395/1 693/397/1 957/448/1
f 957/448/1 1117/451/1 1118/395/1
f 1117/451/1 705/464/1 1118/395/1
f 705/464/1 704/479/1 1118/395/1
f 1119/396/1 1118/395/1 704/479/1
f 704/479/1 703/522/1 1119/396/1
f 697/350/1 1119/396/1 703/522/1
f 698/401/1 697/350/1 703/522/1
f 1284/523/1 1283/524/1 701/384/1
f 1283/524/1 1282/525/1 701/384/1
f 1282/525/1 1281/526/1 701/384/1
f 1280/382/1 701/384/1 1281/526/1
f 1135/419/1 1275/418/1 1274/527/1
f 210/421/1 1135/419/1 1274/527/1
f 1274/527/1 1273/528/1 210/421/1
f 1273/528/1 1272/529/1 210/421/1
f 1272/529/1 1271/530/1 210/421/1
f 1271/530/1 1270/531/1 210/421/1
f 1270/531/1 1269/532/1 210/421/1
f 1144/385/1 1143/368/1 209/468/1
f 209/468/1 1145/491/1 1144/385/1
f 216/386/1 1144/385/1 1145/491/1
f 217/533/1 216/386/1 1145/491/1
f 1145/491/1 1146/492/1 217/533/1
f 218/534/1 217/533/1 1146/492/1
f 219/535/1 218/534/1 1146/492/1
f 1146/492/1 1147/484/1 219/535/1
f 220/536/1 219/535/1 1147/484/1
f 1147/484/1 1148/485/1 220/536/1
f 221/537/1 220/536/1 1148/485/1
f 262/538/1 261/539/1 159/540/1
f 159/540/1 158/541/1 262/538/1
f 158/541/1 157/542/1 262/538/1
f 263/543/1 262/538/1 157/542/1
f 157/542/1 156/544/1 263/543/1
f 264/430/1 263/543/1 156/544/1
f 155/431/1 264/430/1 156/544/1
f 12/318/1 430/320/1 13/228/1
f 429/226/1 13/228/1 430/320/1
f 679/239/1 725/238/1 724/545/1
f 680/546/1 679/239/1 724/545/1
f 724/545/1 723/547/1 680/546/1
f 681/548/1 680/546/1 723/547/1
f 723/547/1 722/549/1 681/548/1
f 682/550/1 681/548/1 722/549/1
f 722/549/1 721/551/1 682/550/1
f 683/552/1 682/550/1 721/551/1
f 721/551/1 720/352/1 683/552/1
f 720/352/1 684/354/1 683/552/1
f 146/231/1 276/230/1 275/553/1
f 147/554/1 146/231/1 275/553/1
f 275/553/1 274/555/1 147/554/1
f 274/555/1 273/329/1 147/554/1
f 273/329/1 148/328/1 147/554/1
f 748/556/1 522/557/1 749/558/1
f 521/559/1 749/558/1 522/557/1
f 461/560/1 485/561/1 462/562/1
f 486/563/1 462/562/1 485/561/1
f 485/561/1 452/564/1 486/563/1
f 451/565/1 486/563/1 452/564/1
f 450/566/1 451/565/1 560/567/1
f 559/568/1 450/566/1 560/567/1
f 747/569/1 523/570/1 748/556/1
f 522/557/1 748/556/1 523/570/1
f 932/571/1 776/572/1 1297/573/1
f 204/574/1 205/575/1 1150/576/1
f 1149/577/1 204/574/1 1306/578/1
f 453/579/1 484/580/1 454/581/1
f 454/581/1 562/582/1 453/579/1
f 561/583/1 453/579/1 562/582/1
f 539/584/1 746/585/1 540/586/1
f 541/587/1 540/586/1 746/585/1
f 777/588/1 931/589/1 930/590/1
f 930/590/1 778/591/1 777/588/1
f 778/591/1 1020/592/1 777/588/1
f 1105/593/1 777/588/1 1020/592/1
f 1112/594/1 966/595/1 965/596/1
f 745/597/1 538/598/1 537/599/1
f 929/600/1 887/601/1 886/602/1
f 459/603/1 482/604/1 483/605/1
f 536/606/1 744/607/1 537/599/1
f 745/597/1 537/599/1 744/607/1
f 744/607/1 526/608/1 745/597/1
f 525/609/1 745/597/1 526/608/1
f 911/610/1 525/609/1 912/611/1
f 779/612/1 1022/613/1 1021/614/1
f 1077/615/1 1111/616/1 1078/617/1
f 459/603/1 483/605/1 460/618/1
f 484/580/1 460/618/1 483/605/1
f 454/581/1 484/580/1 483/605/1
f 483/605/1 482/604/1 454/581/1
f 564/619/1 563/620/1 454/581/1
f 562/582/1 454/581/1 563/620/1
f 538/598/1 745/597/1 539/584/1
f 746/585/1 539/584/1 745/597/1
f 745/597/1 525/609/1 746/585/1
f 524/621/1 746/585/1 525/609/1
f 525/609/1 911/610/1 524/621/1
f 911/610/1 910/622/1 524/621/1
f 931/589/1 889/623/1 888/624/1
f 930/590/1 931/589/1 888/624/1
f 888/624/1 887/601/1 930/590/1
f 887/601/1 929/600/1 930/590/1
f 778/591/1 930/590/1 929/600/1
f 929/600/1 779/612/1 778/591/1
f 779/612/1 1021/614/1 778/591/1
f 1020/592/1 778/591/1 1021/614/1
f 1112/594/1 1080/625/1 1079/626/1
f 1079/626/1 1078/617/1 1112/594/1
f 1078/617/1 1111/616/1 1112/594/1
f 966/595/1 1112/594/1 1111/616/1
f 1111/616/1 967/627/1 966/595/1
f 967/627/1 1210/628/1 966/595/1
f 1209/629/1 966/595/1 1210/628/1
f 460/618/1 484/580/1 461/560/1
f 485/561/1 461/560/1 484/580/1
f 484/580/1 453/579/1 485/561/1
f 452/564/1 485/561/1 453/579/1
f 453/579/1 561/583/1 452/564/1
f 451/565/1 452/564/1 561/583/1
f 560/567/1 451/565/1 561/583/1
f 747/569/1 542/630/1 541/587/1
f 541/587/1 746/585/1 747/569/1
f 746/585/1 524/621/1 747/569/1
f 523/570/1 747/569/1 524/621/1
f 524/621/1 910/622/1 523/570/1
f 776/572/1 932/571/1 931/589/1
f 931/589/1 777/588/1 776/572/1
f 1082/631/1 1081/632/1 1113/633/1
f 1081/632/1 1080/625/1 1113/633/1
f 1080/625/1 1112/594/1 1113/633/1
f 964/634/1 1113/633/1 1112/594/1
f 1112/594/1 965/596/1 964/634/1
f 1207/635/1 964/634/1 965/596/1
f 1208/636/1 1207/635/1 965/596/1
f 965/596/1 966/595/1 1208/636/1
f 966/595/1 1209/629/1 1208/636/1
f 1023/637/1 780/638/1 1024/639/1
f 458/640/1 480/641/1 481/642/1
f 534/643/1 743/644/1 535/645/1
f 914/646/1 527/647/1 915/648/1
f 928/649/1 885/650/1 884/651/1
f 1075/652/1 1110/653/1 1076/654/1
f 1211/655/1 968/656/1 1212/657/1
f 532/658/1 742/659/1 533/660/1
f 530/661/1 741/662/1 531/663/1
f 926/664/1 882/665/1 881/666/1
f 1027/667/1 782/668/1 1028/669/1
f 1109/670/1 1073/671/1 1072/672/1
f 1154/673/1 1256/674/1 1255/675/1
f 531/663/1 741/662/1 532/658/1
f 742/659/1 532/658/1 741/662/1
f 528/676/1 742/659/1 741/662/1
f 918/677/1 917/678/1 528/676/1
f 916/679/1 528/676/1 917/678/1
f 927/680/1 883/681/1 882/665/1
f 882/665/1 926/664/1 927/680/1
f 926/664/1 782/668/1 927/680/1
f 781/682/1 927/680/1 782/668/1
f 1026/683/1 781/682/1 782/668/1
f 782/668/1 1027/667/1 1026/683/1
f 1073/671/1 1109/670/1 1074/684/1
f 1109/670/1 970/685/1 969/686/1
f 1213/687/1 969/686/1 970/685/1
f 970/685/1 1214/688/1 1213/687/1
f 1290/689/1 457/690/1 480/641/1
f 743/644/1 534/643/1 533/660/1
f 533/660/1 742/659/1 743/644/1
f 742/659/1 528/676/1 743/644/1
f 527/647/1 743/644/1 528/676/1
f 528/676/1 916/679/1 527/647/1
f 915/648/1 527/647/1 916/679/1
f 883/681/1 927/680/1 884/651/1
f 928/649/1 884/651/1 927/680/1
f 780/638/1 928/649/1 927/680/1
f 927/680/1 781/682/1 780/638/1
f 1024/639/1 780/638/1 781/682/1
f 1025/691/1 1024/639/1 781/682/1
f 781/682/1 1026/683/1 1025/691/1
f 1110/653/1 1075/652/1 1074/684/1
f 1074/684/1 1109/670/1 1110/653/1
f 968/656/1 1110/653/1 1109/670/1
f 1109/670/1 969/686/1 968/656/1
f 1212/657/1 968/656/1 969/686/1
f 969/686/1 1213/687/1 1212/657/1
f 1257/692/1 1256/674/1 1153/693/1
f 1256/674/1 1154/673/1 1153/693/1
f 925/694/1 880/695/1 879/696/1
f 783/697/1 925/694/1 784/698/1
f 1029/699/1 783/697/1 784/698/1
f 784/698/1 1030/700/1 1029/699/1
f 1108/701/1 1071/702/1 1070/703/1
f 923/704/1 877/705/1 1296/706/1
f 1296/706/1 877/705/1 924/707/1
f 785/708/1 1032/709/1 1031/710/1
f 786/711/1 876/712/1 875/713/1
f 875/713/1 874/714/1 786/711/1
f 874/714/1 787/715/1 786/711/1
f 875/713/1 876/712/1 923/704/1
f 877/705/1 923/704/1 876/712/1
f 785/708/1 877/705/1 876/712/1
f 876/712/1 786/711/1 785/708/1
f 1032/709/1 785/708/1 786/711/1
f 878/716/1 924/707/1 879/696/1
f 925/694/1 879/696/1 924/707/1
f 784/698/1 925/694/1 924/707/1
f 924/707/1 877/705/1 784/698/1
f 877/705/1 785/708/1 784/698/1
f 785/708/1 1031/710/1 784/698/1
f 1030/700/1 784/698/1 1031/710/1
f 786/711/1 787/715/1 1032/709/1
f 1108/701/1 1070/703/1 1107/717/1
f 971/718/1 1108/701/1 1107/717/1
f 971/718/1 1107/717/1 1106/719/1
f 1215/720/1 971/718/1 1216/721/1
f 470/722/1 567/723/1 471/724/1
f 472/725/1 471/724/1 567/723/1
f 473/726/1 472/725/1 567/723/1
f 474/727/1 473/726/1 567/723/1
f 475/728/1 474/727/1 567/723/1
f 648/729/1 647/730/1 568/731/1
f 649/732/1 648/729/1 568/731/1
f 650/733/1 649/732/1 568/731/1
f 651/734/1 650/733/1 568/731/1
f 651/734/1 568/731/1 467/735/1
f 468/736/1 467/735/1 568/731/1
f 469/737/1 468/736/1 568/731/1
f 470/722/1 469/737/1 568/731/1
f 567/723/1 470/722/1 568/731/1
f 640/738/1 569/739/1 641/740/1
f 642/741/1 641/740/1 569/739/1
f 569/739/1 640/738/1 639/742/1
f 570/743/1 569/739/1 639/742/1
f 639/742/1 638/744/1 570/743/1
f 638/744/1 571/745/1 570/743/1
f 1156/746/1 1253/747/1 1157/748/1
f 571/745/1 638/744/1 637/749/1
f 572/750/1 571/745/1 637/749/1
f 642/741/1 569/739/1 643/751/1
f 644/752/1 643/751/1 569/739/1
f 645/753/1 644/752/1 569/739/1
f 646/754/1 645/753/1 569/739/1
f 647/730/1 646/754/1 569/739/1
f 568/731/1 647/730/1 569/739/1
f 475/728/1 567/723/1 476/755/1
f 477/756/1 476/755/1 567/723/1
f 478/757/1 477/756/1 567/723/1
f 479/758/1 478/757/1 567/723/1
f 455/759/1 479/758/1 567/723/1
f 1155/760/1 1254/761/1 1253/747/1
f 1253/747/1 1156/746/1 1155/760/1
f 457/690/1 1290/689/1 479/758/1
f 456/762/1 457/690/1 479/758/1
f 479/758/1 455/759/1 456/762/1
f 455/759/1 567/723/1 566/763/1
f 529/764/1 739/765/1 1294/766/1
f 739/765/1 740/767/1 530/661/1
f 741/662/1 530/661/1 740/767/1
f 528/676/1 741/662/1 740/767/1
f 740/767/1 739/765/1 528/676/1
f 920/768/1 919/769/1 528/676/1
f 918/677/1 528/676/1 919/769/1
f 926/664/1 881/666/1 880/695/1
f 880/695/1 925/694/1 926/664/1
f 925/694/1 783/697/1 926/664/1
f 782/668/1 926/664/1 783/697/1
f 1028/669/1 782/668/1 783/697/1
f 783/697/1 1029/699/1 1028/669/1
f 1071/702/1 1108/701/1 1072/672/1
f 1109/670/1 1072/672/1 1108/701/1
f 970/685/1 1109/670/1 1108/701/1
f 1108/701/1 971/718/1 970/685/1
f 971/718/1 1215/720/1 970/685/1
f 1214/688/1 970/685/1 1215/720/1
f 1254/761/1 1155/760/1 1255/675/1
f 1154/673/1 1255/675/1 1155/760/1
f 458/640/1 481/642/1 459/603/1
f 482/604/1 459/603/1 481/642/1
f 454/581/1 482/604/1 481/642/1
f 564/619/1 454/581/1 565/770/1
f 744/607/1 536/606/1 535/645/1
f 535/645/1 743/644/1 744/607/1
f 743/644/1 527/647/1 744/607/1
f 526/608/1 744/607/1 527/647/1
f 527/647/1 914/646/1 526/608/1
f 914/646/1 913/771/1 526/608/1
f 525/609/1 526/608/1 913/771/1
f 912/611/1 525/609/1 913/771/1
f 929/600/1 886/602/1 885/650/1
f 885/650/1 928/649/1 929/600/1
f 779/612/1 929/600/1 928/649/1
f 928/649/1 780/638/1 779/612/1
f 780/638/1 1023/637/1 779/612/1
f 1022/613/1 779/612/1 1023/637/1
f 1111/616/1 1077/615/1 1076/654/1
f 1076/654/1 1110/653/1 1111/616/1
f 967/627/1 1111/616/1 1110/653/1
f 1110/653/1 968/656/1 967/627/1
f 968/656/1 1211/655/1 967/627/1
f 1210/628/1 967/627/1 1211/655/1
f 1151/772/1 1259/773/1 1258/774/1
f 1152/775/1 1151/772/1 1258/774/1
f 1258/774/1 1257/692/1 1152/775/1
f 1257/692/1 1153/693/1 1152/775/1
f 1158/776/1 1252/777/1 1159/778/1
f 788/779/1 873/780/1 872/781/1
f 1250/782/1 1160/783/1 1251/784/1
f 596/785/1 595/786/1 738/787/1
f 597/788/1 596/785/1 738/787/1
f 598/789/1 597/788/1 738/787/1
f 599/790/1 598/789/1 738/787/1
f 1159/778/1 1252/777/1 1251/784/1
f 1251/784/1 1160/783/1 1159/778/1
f 1220/791/1 1219/792/1 972/793/1
f 972/793/1 1219/792/1 1218/794/1
f 869/795/1 1019/796/1 870/797/1
f 871/798/1 1301/799/1 790/800/1
f 607/801/1 606/802/1 737/803/1
f 606/802/1 828/804/1 605/805/1
f 828/804/1 827/806/1 605/805/1
f 604/807/1 605/805/1 827/806/1
f 826/808/1 604/807/1 827/806/1
f 871/798/1 922/809/1 1301/799/1
f 789/810/1 871/798/1 790/800/1
f 1033/811/1 789/810/1 790/800/1
f 790/800/1 1034/812/1 1033/811/1
f 1107/717/1 1070/703/1 1106/719/1
f 1203/813/1 1106/719/1 1069/814/1
f 1069/814/1 1202/815/1 1203/813/1
f 972/793/1 1203/813/1 1202/815/1
f 1222/816/1 1221/817/1 972/793/1
f 1220/791/1 972/793/1 1221/817/1
f 1163/818/1 1162/819/1 1249/820/1
f 630/821/1 629/822/1 577/823/1
f 578/824/1 577/823/1 629/822/1
f 629/822/1 628/825/1 578/824/1
f 579/826/1 578/824/1 628/825/1
f 628/825/1 627/827/1 579/826/1
f 580/828/1 579/826/1 627/827/1
f 627/827/1 626/829/1 580/828/1
f 581/830/1 580/828/1 626/829/1
f 736/831/1 737/803/1 593/832/1
f 594/833/1 593/832/1 737/803/1
f 595/786/1 594/833/1 737/803/1
f 738/787/1 595/786/1 737/803/1
f 737/803/1 606/802/1 738/787/1
f 606/802/1 605/805/1 738/787/1
f 605/805/1 604/807/1 738/787/1
f 600/834/1 1293/835/1 604/807/1
f 604/807/1 826/808/1 825/836/1
f 872/781/1 873/780/1 922/809/1
f 922/809/1 871/798/1 872/781/1
f 871/798/1 789/810/1 872/781/1
f 788/779/1 872/781/1 789/810/1
f 789/810/1 1033/811/1 788/779/1
f 1249/820/1 1162/819/1 1250/782/1
f 1162/819/1 1161/837/1 1250/782/1
f 1160/783/1 1250/782/1 1161/837/1
f 610/838/1 609/839/1 735/840/1
f 613/841/1 612/842/1 735/840/1
f 612/842/1 611/843/1 735/840/1
f 610/838/1 735/840/1 1292/844/1
f 610/838/1 1292/844/1 734/845/1
f 867/846/1 1018/847/1 868/848/1
f 1018/847/1 792/849/1 791/850/1
f 1035/851/1 791/850/1 792/849/1
f 792/849/1 1036/852/1 1035/851/1
f 1201/853/1 1068/854/1 1200/855/1
f 973/856/1 1201/853/1 1200/855/1
f 1224/857/1 973/856/1 974/858/1
f 1225/859/1 1224/857/1 974/858/1
f 1226/860/1 1225/859/1 974/858/1
f 1227/861/1 1226/860/1 974/858/1
f 864/862/1 1016/863/1 865/864/1
f 832/865/1 831/866/1 732/867/1
f 1017/868/1 866/869/1 865/864/1
f 865/864/1 1016/863/1 1017/868/1
f 1016/863/1 793/870/1 1017/868/1
f 793/870/1 1038/871/1 1037/872/1
f 1198/873/1 1199/874/1 1067/875/1
f 1067/875/1 1197/876/1 1198/873/1
f 610/838/1 734/845/1 733/877/1
f 609/839/1 610/838/1 733/877/1
f 733/877/1 732/867/1 609/839/1
f 608/878/1 609/839/1 732/867/1
f 732/867/1 831/866/1 608/878/1
f 830/879/1 608/878/1 831/866/1
f 866/869/1 1017/868/1 867/846/1
f 1018/847/1 867/846/1 1017/868/1
f 792/849/1 1018/847/1 1017/868/1
f 1017/868/1 793/870/1 792/849/1
f 793/870/1 1037/872/1 792/849/1
f 1036/852/1 792/849/1 1037/872/1
f 1067/875/1 1199/874/1 1068/854/1
f 1200/855/1 1068/854/1 1199/874/1
f 973/856/1 1200/855/1 1199/874/1
f 974/858/1 973/856/1 1199/874/1
f 1199/874/1 1198/873/1 974/858/1
f 1198/873/1 1197/876/1 974/858/1
f 1197/876/1 975/880/1 974/858/1
f 1227/861/1 974/858/1 975/880/1
f 1228/881/1 1227/861/1 975/880/1
f 1229/882/1 1228/881/1 975/880/1
f 581/830/1 626/829/1 625/883/1
f 582/884/1 581/830/1 625/883/1
f 625/883/1 624/885/1 582/884/1
f 583/886/1 582/884/1 624/885/1
f 624/885/1 623/887/1 583/886/1
f 584/888/1 583/886/1 623/887/1
f 623/887/1 622/889/1 584/888/1
f 585/890/1 584/888/1 622/889/1
f 622/889/1 621/891/1 585/890/1
f 586/892/1 585/890/1 621/891/1
f 621/891/1 620/893/1 586/892/1
f 587/894/1 586/892/1 620/893/1
f 620/893/1 619/895/1 587/894/1
f 588/896/1 587/894/1 619/895/1
f 619/895/1 618/897/1 588/896/1
f 589/898/1 588/896/1 618/897/1
f 618/897/1 617/899/1 589/898/1
f 590/900/1 589/898/1 617/899/1
f 617/899/1 616/901/1 590/900/1
f 591/902/1 590/900/1 616/901/1
f 616/901/1 615/903/1 591/902/1
f 592/904/1 591/902/1 615/903/1
f 615/903/1 614/905/1 592/904/1
f 593/832/1 592/904/1 614/905/1
f 736/831/1 593/832/1 614/905/1
f 614/905/1 613/841/1 736/831/1
f 613/841/1 735/840/1 736/831/1
f 735/840/1 609/839/1 736/831/1
f 609/839/1 608/878/1 736/831/1
f 737/803/1 736/831/1 608/878/1
f 607/801/1 737/803/1 608/878/1
f 608/878/1 830/879/1 607/801/1
f 830/879/1 829/906/1 607/801/1
f 606/802/1 607/801/1 829/906/1
f 828/804/1 606/802/1 829/906/1
f 1019/796/1 869/795/1 868/848/1
f 868/848/1 1018/847/1 1019/796/1
f 1018/847/1 791/850/1 1019/796/1
f 790/800/1 1019/796/1 791/850/1
f 1034/812/1 790/800/1 791/850/1
f 791/850/1 1035/851/1 1034/812/1
f 1068/854/1 1201/853/1 1069/814/1
f 1202/815/1 1069/814/1 1201/853/1
f 972/793/1 1202/815/1 1201/853/1
f 1201/853/1 973/856/1 972/793/1
f 1222/816/1 972/793/1 973/856/1
f 1223/907/1 1222/816/1 973/856/1
f 973/856/1 1224/857/1 1223/907/1
f 1247/908/1 1167/909/1 1248/910/1
f 1167/909/1 1166/911/1 1248/910/1
f 1166/911/1 1165/912/1 1248/910/1
f 1249/820/1 1248/910/1 1165/912/1
f 1165/912/1 1164/913/1 1249/820/1
f 1163/818/1 1249/820/1 1164/913/1
f 862/914/1 1015/915/1 863/916/1
f 1040/917/1 794/918/1 795/919/1
f 795/919/1 1041/920/1 1040/917/1
f 1196/921/1 1066/922/1 1065/923/1
f 1195/924/1 1196/921/1 1065/923/1
f 1065/923/1 1194/925/1 1195/924/1
f 976/926/1 1195/924/1 1194/925/1
f 1194/925/1 977/927/1 976/926/1
f 860/928/1 1014/929/1 861/930/1
f 796/931/1 1043/932/1 1042/933/1
f 978/934/1 1192/935/1 1307/936/1
f 861/930/1 1014/929/1 862/914/1
f 1015/915/1 862/914/1 1014/929/1
f 1014/929/1 796/931/1 1015/915/1
f 795/919/1 1015/915/1 796/931/1
f 796/931/1 1042/933/1 795/919/1
f 1041/920/1 795/919/1 1042/933/1
f 1194/925/1 1065/923/1 1064/937/1
f 977/927/1 1194/925/1 1193/938/1
f 1193/938/1 1192/935/1 977/927/1
f 1192/935/1 978/934/1 977/927/1
f 797/939/1 1045/940/1 1044/941/1
f 1012/942/1 798/943/1 1013/944/1
f 797/939/1 1013/944/1 798/943/1
f 834/945/1 730/946/1 729/947/1
f 835/948/1 834/945/1 729/947/1
f 729/947/1 728/949/1 835/948/1
f 836/950/1 835/948/1 728/949/1
f 860/928/1 859/951/1 1013/944/1
f 1014/929/1 860/928/1 1013/944/1
f 1013/944/1 797/939/1 1014/929/1
f 796/931/1 1014/929/1 797/939/1
f 1043/932/1 796/931/1 797/939/1
f 797/939/1 1044/941/1 1043/932/1
f 1192/935/1 1193/938/1 980/952/1
f 980/952/1 979/953/1 1192/935/1
f 978/934/1 1191/954/1 1190/955/1
f 977/927/1 978/934/1 1190/955/1
f 1190/955/1 1189/956/1 977/927/1
f 1189/956/1 1188/957/1 977/927/1
f 799/958/1 1011/959/1 1300/960/1
f 1005/961/1 1004/962/1 1048/963/1
f 1049/964/1 1048/963/1 1004/962/1
f 1004/962/1 1003/965/1 1049/964/1
f 1050/966/1 1049/964/1 1003/965/1
f 1003/965/1 1002/967/1 1050/966/1
f 1051/968/1 1050/966/1 1002/967/1
f 1002/967/1 1001/969/1 1051/968/1
f 1052/970/1 1051/968/1 1001/969/1
f 1001/969/1 1000/971/1 1052/970/1
f 1053/972/1 1052/970/1 1000/971/1
f 1000/971/1 999/973/1 1053/972/1
f 1054/974/1 1053/972/1 999/973/1
f 999/973/1 998/975/1 1054/974/1
f 1055/976/1 1054/974/1 998/975/1
f 998/975/1 997/977/1 1055/976/1
f 1056/978/1 1055/976/1 997/977/1
f 997/977/1 996/979/1 1056/978/1
f 1057/980/1 1056/978/1 996/979/1
f 996/979/1 995/981/1 1057/980/1
f 1058/982/1 1057/980/1 995/981/1
f 995/981/1 994/983/1 1058/982/1
f 994/983/1 993/984/1 1058/982/1
f 1059/985/1 1058/982/1 993/984/1
f 993/984/1 992/986/1 1059/985/1
f 1060/987/1 1059/985/1 992/986/1
f 992/986/1 991/988/1 1060/987/1
f 991/988/1 990/989/1 1060/987/1
f 1061/990/1 1060/987/1 990/989/1
f 990/989/1 989/991/1 1061/990/1
f 989/991/1 988/992/1 1061/990/1
f 988/992/1 987/993/1 1061/990/1
f 836/950/1 728/949/1 727/994/1
f 727/994/1 726/995/1 836/950/1
f 837/996/1 836/950/1 726/995/1
f 726/995/1 823/997/1 837/996/1
f 838/998/1 837/996/1 823/997/1
f 823/997/1 822/999/1 838/998/1
f 839/1000/1 838/998/1 822/999/1
f 822/999/1 821/1001/1 839/1000/1
f 840/1002/1 839/1000/1 821/1001/1
f 821/1001/1 820/1003/1 840/1002/1
f 841/1004/1 840/1002/1 820/1003/1
f 820/1003/1 819/1005/1 841/1004/1
f 842/1006/1 841/1004/1 819/1005/1
f 819/1005/1 818/1007/1 842/1006/1
f 843/1008/1 842/1006/1 818/1007/1
f 818/1007/1 817/1009/1 843/1008/1
f 844/1010/1 843/1008/1 817/1009/1
f 817/1009/1 816/1011/1 844/1010/1
f 845/1012/1 844/1010/1 816/1011/1
f 816/1011/1 815/1013/1 845/1012/1
f 846/1014/1 845/1012/1 815/1013/1
f 815/1013/1 814/1015/1 846/1014/1
f 847/1016/1 846/1014/1 814/1015/1
f 814/1015/1 813/1017/1 847/1016/1
f 848/1018/1 847/1016/1 813/1017/1
f 813/1017/1 812/1019/1 848/1018/1
f 849/1020/1 848/1018/1 812/1019/1
f 850/1021/1 849/1020/1 812/1019/1
f 812/1019/1 811/1022/1 850/1021/1
f 851/1023/1 850/1021/1 811/1022/1
f 811/1022/1 810/1024/1 851/1023/1
f 852/1025/1 851/1023/1 810/1024/1
f 810/1024/1 809/1026/1 852/1025/1
f 853/1027/1 852/1025/1 809/1026/1
f 809/1026/1 808/1028/1 853/1027/1
f 854/1029/1 853/1027/1 808/1028/1
f 808/1028/1 807/1030/1 854/1029/1
f 855/1031/1 854/1029/1 807/1030/1
f 807/1030/1 806/1032/1 855/1031/1
f 856/1033/1 855/1031/1 806/1032/1
f 806/1032/1 805/1034/1 856/1033/1
f 857/1035/1 856/1033/1 805/1034/1
f 805/1034/1 804/1036/1 857/1035/1
f 804/1036/1 803/1037/1 857/1035/1
f 858/1038/1 857/1035/1 803/1037/1
f 803/1037/1 802/1039/1 858/1038/1
f 859/951/1 858/1038/1 802/1039/1
f 802/1039/1 801/1040/1 859/951/1
f 1013/944/1 859/951/1 801/1040/1
f 1012/942/1 1013/944/1 801/1040/1
f 801/1040/1 800/1041/1 1012/942/1
f 800/1041/1 1011/959/1 1012/942/1
f 1011/959/1 799/958/1 1012/942/1
f 798/943/1 1012/942/1 799/958/1
f 799/958/1 1010/1042/1 798/943/1
f 1010/1042/1 1009/1043/1 798/943/1
f 797/939/1 798/943/1 1009/1043/1
f 1045/940/1 797/939/1 1009/1043/1
f 1009/1043/1 1008/1044/1 1045/940/1
f 1046/1045/1 1045/940/1 1008/1044/1
f 1008/1044/1 1007/1046/1 1046/1045/1
f 1047/1047/1 1046/1045/1 1007/1046/1
f 1007/1046/1 1006/1048/1 1047/1047/1
f 1006/1048/1 1005/961/1 1047/1047/1
f 1005/961/1 1048/963/1 1047/1047/1
f 1061/990/1 987/993/1 1062/1049/1
f 987/993/1 986/1050/1 1062/1049/1
f 986/1050/1 985/1051/1 1062/1049/1
f 1063/1052/1 1062/1049/1 985/1051/1
f 985/1051/1 984/1053/1 1063/1052/1
f 984/1053/1 983/1054/1 1063/1052/1
f 1064/937/1 1063/1052/1 983/1054/1
f 983/1054/1 982/1055/1 1064/937/1
f 982/1055/1 981/1056/1 1064/937/1
f 1194/925/1 1064/937/1 981/1056/1
f 1193/938/1 1194/925/1 981/1056/1
f 980/952/1 1193/938/1 981/1056/1
f 832/865/1 732/867/1 731/1057/1
f 833/1058/1 832/865/1 731/1057/1
f 731/1057/1 730/946/1 833/1058/1
f 730/946/1 834/945/1 833/1058/1
f 863/916/1 1015/915/1 864/862/1
f 1016/863/1 864/862/1 1015/915/1
f 1015/915/1 795/919/1 1016/863/1
f 795/919/1 794/918/1 1016/863/1
f 793/870/1 1016/863/1 794/918/1
f 1038/871/1 793/870/1 794/918/1
f 1039/1059/1 1038/871/1 794/918/1
f 794/918/1 1040/917/1 1039/1059/1
f 1197/876/1 1067/875/1 1066/922/1
f 1066/922/1 1196/921/1 1197/876/1
f 975/880/1 1197/876/1 1196/921/1
f 1196/921/1 1195/924/1 975/880/1
f 1195/924/1 976/926/1 975/880/1
f 1229/882/1 975/880/1 976/926/1
f 1230/1060/1 1229/882/1 976/926/1
f 1231/1061/1 1230/1060/1 976/926/1
f 976/926/1 977/927/1 1231/1061/1
f 977/927/1 1188/957/1 1231/1061/1
f 1232/1062/1 1231/1061/1 1188/957/1
f 1188/957/1 1187/1063/1 1232/1062/1
f 1233/1064/1 1232/1062/1 1187/1063/1
f 1187/1063/1 1186/1065/1 1233/1064/1
f 1234/1066/1 1233/1064/1 1186/1065/1
f 1235/1067/1 1234/1066/1 1186/1065/1
f 1186/1065/1 1185/1068/1 1235/1067/1
f 1236/1069/1 1235/1067/1 1185/1068/1
f 1185/1068/1 1184/1070/1 1236/1069/1
f 1237/1071/1 1236/1069/1 1184/1070/1
f 1184/1070/1 1183/1072/1 1237/1071/1
f 1238/1073/1 1237/1071/1 1183/1072/1
f 1183/1072/1 1182/1074/1 1238/1073/1
f 1239/1075/1 1238/1073/1 1182/1074/1
f 1182/1074/1 1181/1076/1 1239/1075/1
f 1240/1077/1 1239/1075/1 1181/1076/1
f 1181/1076/1 1180/1078/1 1240/1077/1
f 1241/1079/1 1240/1077/1 1180/1078/1
f 1180/1078/1 1179/1080/1 1241/1079/1
f 1242/1081/1 1241/1079/1 1179/1080/1
f 1179/1080/1 1178/1082/1 1242/1081/1
f 1178/1082/1 1177/1083/1 1242/1081/1
f 1243/1084/1 1242/1081/1 1177/1083/1
f 1177/1083/1 1176/1085/1 1243/1084/1
f 1244/1086/1 1243/1084/1 1176/1085/1
f 1176/1085/1 1175/1087/1 1244/1086/1
f 1175/1087/1 1174/1088/1 1244/1086/1
f 1245/1089/1 1244/1086/1 1174/1088/1
f 1174/1088/1 1173/1090/1 1245/1089/1
f 1173/1090/1 1172/1091/1 1245/1089/1
f 1172/1091/1 1171/1092/1 1245/1089/1
f 1246/1093/1 1245/1089/1 1171/1092/1
f 1171/1092/1 1170/1094/1 1246/1093/1
f 1170/1094/1 1169/1095/1 1246/1093/1
f 1247/908/1 1246/1093/1 1169/1095/1
f 1169/1095/1 1168/1096/1 1247/908/1
f 1167/909/1 1247/908/1 1168/1096/1
f 572/750/1 637/749/1 636/1097/1
f 636/1097/1 635/1098/1 572/750/1
f 573/1099/1 572/750/1 635/1098/1
f 635/1098/1 634/1100/1 573/1099/1
f 574/1101/1 573/1099/1 634/1100/1
f 634/1100/1 633/1102/1 574/1101/1
f 633/1102/1 632/1103/1 574/1101/1
f 575/1104/1 574/1101/1 632/1103/1
f 632/1103/1 631/1105/1 575/1104/1
f 576/1106/1 575/1104/1 631/1105/1
f 631/1105/1 630/821/1 576/1106/1
f 630/821/1 577/823/1 576/1106/1
f 600/834/1 601/1107/1 1293/835/1
f 601/1107/1 600/834/1 604/807/1
f 529/764/1 603/1108/1 825/836/1
f 824/1109/1 529/764/1 825/836/1
f 787/715/1 874/714/1 873/780/1
f 873/780/1 788/779/1 787/715/1
f 1157/748/1 1253/747/1 1252/777/1
f 1252/777/1 1158/776/1 1157/748/1
f 487/471/1 463/473/1 462/562/1
f 462/562/1 486/563/1 487/471/1
f 486/563/1 451/565/1 487/471/1
f 451/565/1 450/566/1 487/471/1
f 488/472/1 487/471/1 450/566/1
f 449/475/1 488/472/1 450/566/1
f 450/566/1 559/568/1 449/475/1
f 448/456/1 449/475/1 559/568/1
f 559/568/1 558/1110/1 448/456/1
f 447/458/1 448/456/1 558/1110/1
f 496/493/1 447/458/1 558/1110/1
f 497/1111/1 496/493/1 558/1110/1
f 558/1110/1 557/1112/1 497/1111/1
f 498/1113/1 497/1111/1 557/1112/1
f 499/495/1 498/1113/1 557/1112/1
f 556/496/1 499/495/1 557/1112/1
f 509/511/1 550/509/1 549/1114/1
f 510/1115/1 509/511/1 549/1114/1
f 549/1114/1 548/1116/1 510/1115/1
f 511/1117/1 510/1115/1 548/1116/1
f 548/1116/1 547/1118/1 511/1117/1
f 512/1119/1 511/1117/1 547/1118/1
f 547/1118/1 546/1120/1 512/1119/1
f 513/1121/1 512/1119/1 546/1120/1
f 546/1120/1 545/1122/1 513/1121/1
f 514/1123/1 513/1121/1 545/1122/1
f 515/1124/1 514/1123/1 545/1122/1
f 545/1122/1 544/1125/1 515/1124/1
f 516/1126/1 515/1124/1 544/1125/1
f 544/1125/1 543/1127/1 516/1126/1
f 517/1128/1 516/1126/1 543/1127/1
f 543/1127/1 542/630/1 517/1128/1
f 518/1129/1 517/1128/1 542/630/1
f 542/630/1 747/569/1 518/1129/1
f 747/569/1 748/556/1 518/1129/1
f 519/1130/1 518/1129/1 748/556/1
f 520/1131/1 519/1130/1 748/556/1
f 748/556/1 749/558/1 520/1131/1
f 749/558/1 521/559/1 1295/1132/1
f 1295/1132/1 521/559/1 750/1133/1
f 521/559/1 522/557/1 750/1133/1
f 751/1134/1 750/1133/1 522/557/1
f 522/557/1 523/570/1 751/1134/1
f 752/1135/1 751/1134/1 523/570/1
f 523/570/1 910/622/1 752/1135/1
f 910/622/1 909/1136/1 752/1135/1
f 753/1137/1 752/1135/1 909/1136/1
f 909/1136/1 908/1138/1 753/1137/1
f 754/1139/1 753/1137/1 908/1138/1
f 908/1138/1 907/1140/1 754/1139/1
f 755/1141/1 754/1139/1 907/1140/1
f 907/1140/1 906/1142/1 755/1141/1
f 756/1143/1 755/1141/1 906/1142/1
f 906/1142/1 905/1144/1 756/1143/1
f 757/1145/1 756/1143/1 905/1144/1
f 905/1144/1 904/1146/1 757/1145/1
f 758/1147/1 757/1145/1 904/1146/1
f 904/1146/1 903/1148/1 758/1147/1
f 759/1149/1 758/1147/1 903/1148/1
f 903/1148/1 902/1150/1 759/1149/1
f 760/1151/1 759/1149/1 902/1150/1
f 902/1150/1 901/1152/1 760/1151/1
f 761/1153/1 760/1151/1 901/1152/1
f 901/1152/1 900/1154/1 761/1153/1
f 762/1155/1 761/1153/1 900/1154/1
f 900/1154/1 899/1156/1 762/1155/1
f 763/1157/1 762/1155/1 899/1156/1
f 899/1156/1 898/1158/1 763/1157/1
f 898/1158/1 897/1159/1 763/1157/1
f 764/1160/1 763/1157/1 897/1159/1
f 897/1159/1 896/1161/1 764/1160/1
f 765/1162/1 764/1160/1 896/1161/1
f 896/1161/1 895/1163/1 765/1162/1
f 766/1164/1 765/1162/1 895/1163/1
f 895/1163/1 894/1165/1 766/1164/1
f 767/1166/1 766/1164/1 894/1165/1
f 894/1165/1 893/1167/1 767/1166/1
f 768/1168/1 767/1166/1 893/1167/1
f 769/1169/1 768/1168/1 893/1167/1
f 893/1167/1 892/1170/1 769/1169/1
f 770/1171/1 769/1169/1 892/1170/1
f 892/1170/1 891/1172/1 770/1171/1
f 771/1173/1 770/1171/1 891/1172/1
f 891/1172/1 890/1174/1 771/1173/1
f 772/1175/1 771/1173/1 890/1174/1
f 890/1174/1 889/623/1 772/1175/1
f 773/1176/1 772/1175/1 889/623/1
f 889/623/1 931/589/1 773/1176/1
f 774/1177/1 773/1176/1 931/589/1
f 931/589/1 932/571/1 774/1177/1
f 932/571/1 775/1178/1 774/1177/1
f 933/1179/1 776/572/1 934/1180/1
f 776/572/1 777/588/1 934/1180/1
f 935/1181/1 934/1180/1 777/588/1
f 777/588/1 1105/593/1 935/1181/1
f 936/1182/1 935/1181/1 1105/593/1
f 1105/593/1 1104/1183/1 936/1182/1
f 937/1184/1 936/1182/1 1104/1183/1
f 1104/1183/1 1103/1185/1 937/1184/1
f 938/1186/1 937/1184/1 1103/1185/1
f 1103/1185/1 1102/1187/1 938/1186/1
f 939/1188/1 938/1186/1 1102/1187/1
f 1102/1187/1 1101/1189/1 939/1188/1
f 940/1190/1 939/1188/1 1101/1189/1
f 1101/1189/1 1100/1191/1 940/1190/1
f 941/1192/1 940/1190/1 1100/1191/1
f 1100/1191/1 1099/1193/1 941/1192/1
f 942/1194/1 941/1192/1 1099/1193/1
f 1099/1193/1 1098/1195/1 942/1194/1
f 943/1196/1 942/1194/1 1098/1195/1
f 1098/1195/1 1097/1197/1 943/1196/1
f 944/1198/1 943/1196/1 1097/1197/1
f 945/1199/1 944/1198/1 1097/1197/1
f 1097/1197/1 1096/1200/1 945/1199/1
f 946/513/1 945/1199/1 1096/1200/1
f 1095/514/1 946/513/1 1096/1200/1
f 714/380/1 1092/518/1 1091/1201/1
f 713/519/1 714/380/1 1091/1201/1
f 1091/1201/1 1090/1202/1 713/519/1
f 1090/1202/1 1089/1203/1 713/519/1
f 712/520/1 713/519/1 1089/1203/1
f 1089/1203/1 1088/1204/1 712/520/1
f 1088/1204/1 1087/1205/1 712/520/1
f 711/446/1 712/520/1 1087/1205/1
f 1087/1205/1 1086/1206/1 711/446/1
f 1086/1206/1 1085/1207/1 711/446/1
f 710/447/1 711/446/1 1085/1207/1
f 1085/1207/1 1084/1208/1 710/447/1
f 1084/1208/1 1083/1209/1 710/447/1
f 709/449/1 710/447/1 1083/1209/1
f 1114/477/1 709/449/1 1083/1209/1
f 1083/1209/1 1082/631/1 1114/477/1
f 1082/631/1 1113/633/1 1114/477/1
f 963/478/1 1114/477/1 1113/633/1
f 1113/633/1 964/634/1 963/478/1
f 704/479/1 963/478/1 964/634/1
f 703/522/1 704/479/1 964/634/1
f 964/634/1 1207/635/1 703/522/1
f 1207/635/1 1206/1210/1 703/522/1
f 702/465/1 703/522/1 1206/1210/1
f 1205/480/1 702/465/1 1206/1210/1
f 209/468/1 1264/470/1 1263/1211/1
f 1263/1211/1 1262/1212/1 209/468/1
f 1262/1212/1 1261/1213/1 209/468/1
f 208/490/1 209/468/1 1261/1213/1
f 207/482/1 208/490/1 1261/1213/1
f 1261/1213/1 1260/1214/1 207/482/1
f 206/483/1 207/482/1 1260/1214/1
f 1260/1214/1 1259/773/1 206/483/1
f 1259/773/1 1151/772/1 206/483/1
f 1151/772/1 1150/576/1 206/483/1
f 1150/576/1 205/575/1 206/483/1
f 1148/485/1 206/483/1 205/575/1
f 205/575/1 204/574/1 1148/485/1
f 204/574/1 1149/577/1 1148/485/1
f 1149/577/1 203/1215/1 1148/485/1
f 203/1215/1 202/1216/1 1148/485/1
f 221/537/1 1148/485/1 202/1216/1
f 202/1216/1 201/1217/1 221/537/1
f 222/1218/1 221/537/1 201/1217/1
f 201/1217/1 200/1219/1 222/1218/1
f 223/1220/1 222/1218/1 200/1219/1
f 200/1219/1 199/1221/1 223/1220/1
f 224/1222/1 223/1220/1 199/1221/1
f 199/1221/1 198/1223/1 224/1222/1
f 225/1224/1 224/1222/1 198/1223/1
f 198/1223/1 197/1225/1 225/1224/1
f 226/1226/1 225/1224/1 197/1225/1
f 197/1225/1 196/1227/1 226/1226/1
f 227/1228/1 226/1226/1 196/1227/1
f 196/1227/1 195/1229/1 227/1228/1
f 228/1230/1 227/1228/1 195/1229/1
f 195/1229/1 194/1231/1 228/1230/1
f 194/1231/1 193/1232/1 228/1230/1
f 229/1233/1 228/1230/1 193/1232/1
f 193/1232/1 192/1234/1 229/1233/1
f 230/1235/1 229/1233/1 192/1234/1
f 192/1234/1 191/1236/1 230/1235/1
f 231/1237/1 230/1235/1 191/1236/1
f 191/1236/1 190/1238/1 231/1237/1
f 232/1239/1 231/1237/1 190/1238/1
f 190/1238/1 189/1240/1 232/1239/1
f 233/1241/1 232/1239/1 189/1240/1
f 189/1240/1 188/1242/1 233/1241/1
f 234/1243/1 233/1241/1 188/1242/1
f 188/1242/1 187/1244/1 234/1243/1
f 235/1245/1 234/1243/1 187/1244/1
f 187/1244/1 186/1246/1 235/1245/1
f 236/1247/1 235/1245/1 186/1246/1
f 186/1246/1 185/1248/1 236/1247/1
f 185/1248/1 184/1249/1 236/1247/1
f 237/1250/1 236/1247/1 184/1249/1
f 184/1249/1 183/1251/1 237/1250/1
f 238/1252/1 237/1250/1 183/1251/1
f 183/1251/1 182/1253/1 238/1252/1
f 239/1254/1 238/1252/1 182/1253/1
f 182/1253/1 181/1255/1 239/1254/1
f 240/1256/1 239/1254/1 181/1255/1
f 181/1255/1 180/1257/1 240/1256/1
f 180/1257/1 179/1258/1 240/1256/1
f 241/1259/1 240/1256/1 179/1258/1
f 179/1258/1 178/1260/1 241/1259/1
f 242/1261/1 241/1259/1 178/1260/1
f 178/1260/1 177/1262/1 242/1261/1
f 243/1263/1 242/1261/1 177/1262/1
f 177/1262/1 176/1264/1 243/1263/1
f 244/1265/1 243/1263/1 176/1264/1
f 176/1264/1 175/1266/1 244/1265/1
f 245/1267/1 244/1265/1 175/1266/1
f 175/1266/1 174/1268/1 245/1267/1
f 246/1269/1 245/1267/1 174/1268/1
f 174/1268/1 173/1270/1 246/1269/1
f 247/1271/1 246/1269/1 173/1270/1
f 173/1270/1 172/1272/1 247/1271/1
f 248/1273/1 247/1271/1 172/1272/1
f 172/1272/1 171/1274/1 248/1273/1
f 249/1275/1 248/1273/1 171/1274/1
f 171/1274/1 170/1276/1 249/1275/1
f 250/1277/1 249/1275/1 170/1276/1
f 170/1276/1 169/1278/1 250/1277/1
f 251/1279/1 250/1277/1 169/1278/1
f 169/1278/1 168/1280/1 251/1279/1
f 252/1281/1 251/1279/1 168/1280/1
f 168/1280/1 167/1282/1 252/1281/1
f 253/1283/1 252/1281/1 167/1282/1
f 167/1282/1 166/1284/1 253/1283/1
f 254/1285/1 253/1283/1 166/1284/1
f 166/1284/1 165/1286/1 254/1285/1
f 255/1287/1 254/1285/1 165/1286/1
f 165/1286/1 164/1288/1 255/1287/1
f 256/1289/1 255/1287/1 164/1288/1
f 164/1288/1 163/1290/1 256/1289/1
f 257/1291/1 256/1289/1 163/1290/1
f 163/1290/1 162/1292/1 257/1291/1
f 258/1293/1 257/1291/1 162/1292/1
f 259/1294/1 258/1293/1 162/1292/1
f 162/1292/1 161/1295/1 259/1294/1
f 260/1296/1 259/1294/1 161/1295/1
f 161/1295/1 160/1297/1 260/1296/1
f 261/539/1 260/1296/1 160/1297/1
f 159/540/1 261/539/1 160/1297/1
f 204/574/1 1150/576/1 1306/578/1
f 1269/532/1 1268/1298/1 210/421/1
f 1267/1299/1 1266/481/1 209/468/1
f 209/468/1 210/421/1 1267/1299/1
f 1268/1298/1 1267/1299/1 210/421/1
f 211/425/1 210/421/1 209/468/1
f 212/367/1 211/425/1 209/468/1
f 1143/368/1 212/367/1 209/468/1
f 1142/428/1 213/366/1 1305/369/1
f 445/436/1 494/442/1 1291/437/1
f 566/763/1 565/770/1 455/759/1
f 565/770/1 454/581/1 455/759/1
f 456/762/1 455/759/1 454/581/1
f 457/690/1 456/762/1 454/581/1
f 480/641/1 457/690/1 454/581/1
f 481/642/1 480/641/1 454/581/1
f 480/641/1 458/640/1 1290/689/1
f 444/441/1 493/435/1 1291/437/1
f 921/1300/1 920/768/1 528/676/1
f 529/764/1 824/1109/1 528/676/1
f 824/1109/1 921/1300/1 528/676/1
f 739/765/1 529/764/1 528/676/1
f 604/807/1 825/836/1 603/1108/1
f 603/1108/1 602/1301/1 604/807/1
f 602/1301/1 601/1107/1 604/807/1
f 702/465/1 1289/467/1 1288/1302/1
f 1285/1303/1 1284/523/1 701/384/1
f 701/384/1 702/465/1 1288/1302/1
f 1288/1302/1 1287/1304/1 701/384/1
f 1287/1304/1 1286/1305/1 701/384/1
f 1286/1305/1 1285/1303/1 701/384/1
f 701/384/1 700/405/1 702/465/1
f 700/405/1 699/403/1 702/465/1
f 699/403/1 698/401/1 702/465/1
f 703/522/1 702/465/1 698/401/1
f 707/460/1 961/459/1 1299/489/1
f 1115/461/1 707/460/1 1302/488/1
f 948/517/1 715/378/1 1298/379/1
f 735/840/1 611/843/1 1292/844/1
f 599/790/1 738/787/1 1293/835/1
f 738/787/1 604/807/1 1293/835/1
f 529/764/1 1294/766/1 1293/835/1
f 603/1108/1 529/764/1 1293/835/1
f 602/1301/1 603/1108/1 1293/835/1
f 601/1107/1 602/1301/1 1293/835/1
f 739/765/1 530/661/1 1294/766/1
f 520/1131/1 749/558/1 1295/1132/1
f 776/572/1 933/1179/1 1297/573/1
f 1010/1042/1 799/958/1 1300/960/1
f 874/714/1 875/713/1 923/704/1
f 923/704/1 922/809/1 873/780/1
f 873/780/1 874/714/1 923/704/1
f 924/707/1 878/716/1 1296/706/1
f 775/1178/1 932/571/1 1297/573/1
f 949/363/1 716/365/1 1298/379/1
f 960/454/1 1116/453/1 1303/1306/1
f 706/462/1 960/454/1 1299/489/1
f 961/459/1 706/462/1 1299/489/1
f 1218/794/1 1217/1307/1 972/793/1
f 1216/721/1 971/718/1 1217/1307/1
f 971/718/1 972/793/1 1217/1307/1
f 1203/813/1 972/793/1 1106/719/1
f 972/793/1 971/718/1 1106/719/1
f 1191/954/1 978/934/1 1307/936/1
f 1011/959/1 800/1041/1 1300/960/1
f 870/797/1 1019/796/1 1301/799/1
f 1019/796/1 790/800/1 1301/799/1
f 1069/814/1 1106/719/1 1070/703/1
f 708/476/1 1115/461/1 1302/488/1
f 959/452/1 708/476/1 1303/1306/1
f 708/476/1 1302/488/1 1303/1306/1
f 960/454/1 1303/1306/1 1302/488/1
f 1116/453/1 959/452/1 1303/1306/1
f 695/400/1 1121/346/1 1304/345/1
f 1143/368/1 214/371/1 1305/369/1
f 203/1215/1 1149/577/1 1306/578/1
f 1192/935/1 979/953/1 1307/936/1
f 1364/1/2 1697/3/2 1698/2/2
f 1698/2/2 1363/4/2 1364/1/2
f 1359/5/2 1699/7/2 1358/6/2
f 1699/7/2 1359/5/2 1698/2/2
f 1360/8/2 1698/2/2 1359/5/2
f 1361/9/2 1698/2/2 1360/8/2
f 1362/10/2 1698/2/2 1361/9/2
f 1698/2/2 1362/10/2 1363/4/2
f 1366/11/2 1367/13/2 1695/12/2
f 1695/12/2 1696/14/2 1366/11/2
f 1365/15/2 1366/11/2 1696/14/2
f 1369/16/2 1692/18/2 1693/17/2
f 1368/19/2 1693/17/2 1694/20/2
f 1693/17/2 1368/19/2 1369/16/2
f 1367/13/2 1694/20/2 1695/12/2
f 1694/20/2 1367/13/2 1368/19/2
f 1696/14/2 1697/3/2 1365/15/2
f 1364/1/2 1365/15/2 1697/3/2
f 1371/21/2 1372/23/2 1690/22/2
f 1690/22/2 1691/24/2 1371/21/2
f 1370/25/2 1371/21/2 1691/24/2
f 1374/26/2 1687/28/2 1688/27/2
f 1373/29/2 1688/27/2 1689/30/2
f 1688/27/2 1373/29/2 1374/26/2
f 1372/23/2 1689/30/2 1690/22/2
f 1689/30/2 1372/23/2 1373/29/2
f 1375/31/2 1685/33/2 1686/32/2
f 1685/33/2 1375/31/2 1376/34/2
f 1376/34/2 1684/35/2 1685/33/2
f 1377/36/2 1684/35/2 1376/34/2
f 1686/32/2 1687/28/2 1375/31/2
f 1374/26/2 1375/31/2 1687/28/2
f 1699/7/2 1357/37/2 1358/6/2
f 1357/37/2 1699/7/2 1700/38/2
f 1691/24/2 1692/18/2 1370/25/2
f 1369/16/2 1370/25/2 1692/18/2
f 1354/39/2 1355/41/2 1703/40/2
f 1702/42/2 1703/40/2 1355/41/2
f 1352/43/2 1706/45/2 1351/44/2
f 1705/46/2 1706/45/2 1352/43/2
f 1352/43/2 1353/47/2 1705/46/2
f 1705/46/2 1353/47/2 1704/48/2
f 1354/39/2 1704/48/2 1353/47/2
f 1703/40/2 1704/48/2 1354/39/2
f 1379/49/2 1681/51/2 1682/50/2
f 1380/52/2 1681/51/2 1379/49/2
f 1681/51/2 1380/52/2 1680/53/2
f 1680/53/2 1380/52/2 1381/54/2
f 1348/55/2 1710/57/2 1347/56/2
f 1709/58/2 1710/57/2 1348/55/2
f 1382/59/2 1678/61/2 1679/60/2
f 1383/62/2 1678/61/2 1382/59/2
f 1678/61/2 1383/62/2 1677/63/2
f 1348/55/2 1349/64/2 1709/58/2
f 1709/58/2 1349/64/2 1708/65/2
f 1350/66/2 1708/65/2 1349/64/2
f 1708/65/2 1350/66/2 1707/67/2
f 1351/44/2 1707/67/2 1350/66/2
f 1706/45/2 1707/67/2 1351/44/2
f 1381/54/2 1679/60/2 1680/53/2
f 1679/60/2 1381/54/2 1382/59/2
f 1355/41/2 1356/68/2 1702/42/2
f 1702/42/2 1356/68/2 1701/69/2
f 1357/37/2 1701/69/2 1356/68/2
f 1700/38/2 1701/69/2 1357/37/2
f 1377/36/2 1683/70/2 1684/35/2
f 1378/71/2 1683/70/2 1377/36/2
f 1683/70/2 1378/71/2 1682/50/2
f 1682/50/2 1378/71/2 1379/49/2
f 1674/72/2 1675/74/2 1673/73/2
f 1343/75/2 1715/77/2 1342/76/2
f 1715/77/2 1343/75/2 1714/78/2
f 1341/79/2 1717/81/2 1340/80/2
f 1717/81/2 1341/79/2 1716/82/2
f 1342/76/2 1716/82/2 1341/79/2
f 1715/77/2 1716/82/2 1342/76/2
f 1675/74/2 1672/83/2 1673/73/2
f 1676/84/2 1672/83/2 1675/74/2
f 1672/83/2 1676/84/2 1671/85/2
f 1331/86/2 1332/88/2 1725/87/2
f 1333/89/2 1725/87/2 1332/88/2
f 1725/87/2 1333/89/2 1724/90/2
f 1644/91/2 1403/93/2 1643/92/2
f 1404/94/2 1643/92/2 1403/93/2
f 1643/92/2 1404/94/2 1642/95/2
f 1333/89/2 1334/96/2 1724/90/2
f 1724/90/2 1334/96/2 1723/97/2
f 1335/98/2 1723/97/2 1334/96/2
f 1723/97/2 1335/98/2 1722/99/2
f 1336/100/2 1722/99/2 1335/98/2
f 1721/101/2 1722/99/2 1336/100/2
f 1650/102/2 1399/104/2 1649/103/2
f 1649/103/2 1399/104/2 1648/105/2
f 1400/106/2 1648/105/2 1399/104/2
f 1648/105/2 1400/106/2 1647/107/2
f 1401/108/2 1647/107/2 1400/106/2
f 1647/107/2 1401/108/2 1646/109/2
f 1402/110/2 1646/109/2 1401/108/2
f 1646/109/2 1402/110/2 1645/111/2
f 1645/111/2 1402/110/2 1644/91/2
f 1644/91/2 1402/110/2 1403/93/2
f 1336/100/2 1337/112/2 1721/101/2
f 1721/101/2 1337/112/2 1720/113/2
f 1338/114/2 1720/113/2 1337/112/2
f 1720/113/2 1338/114/2 1719/115/2
f 1339/116/2 1719/115/2 1338/114/2
f 1719/115/2 1339/116/2 1718/117/2
f 1340/80/2 1718/117/2 1339/116/2
f 1717/81/2 1718/117/2 1340/80/2
f 1390/118/2 1659/120/2 1660/119/2
f 1391/121/2 1659/120/2 1390/118/2
f 1659/120/2 1391/121/2 1658/122/2
f 1392/123/2 1658/122/2 1391/121/2
f 1658/122/2 1392/123/2 1657/124/2
f 1393/125/2 1657/124/2 1392/123/2
f 1657/124/2 1393/125/2 1656/126/2
f 1394/127/2 1656/126/2 1393/125/2
f 1656/126/2 1394/127/2 1655/128/2
f 1395/129/2 1655/128/2 1394/127/2
f 1655/128/2 1395/129/2 1654/130/2
f 1396/131/2 1654/130/2 1395/129/2
f 1654/130/2 1396/131/2 1653/132/2
f 1653/132/2 1396/131/2 1652/133/2
f 1397/134/2 1652/133/2 1396/131/2
f 1652/133/2 1397/134/2 1651/135/2
f 1398/136/2 1651/135/2 1397/134/2
f 1651/135/2 1398/136/2 1650/102/2
f 1650/102/2 1398/136/2 1399/104/2
f 1343/75/2 1344/137/2 1714/78/2
f 1714/78/2 1344/137/2 1713/138/2
f 1345/139/2 1713/138/2 1344/137/2
f 1713/138/2 1345/139/2 1712/140/2
f 1346/141/2 1712/140/2 1345/139/2
f 1712/140/2 1346/141/2 1711/142/2
f 1347/56/2 1711/142/2 1346/141/2
f 1710/57/2 1711/142/2 1347/56/2
f 1383/62/2 1676/84/2 1677/63/2
f 1676/84/2 1383/62/2 1671/85/2
f 1671/85/2 1383/62/2 1670/143/2
f 1670/143/2 1383/62/2 1669/144/2
f 1669/144/2 1383/62/2 1668/145/2
f 1384/146/2 1668/145/2 1383/62/2
f 1668/145/2 1384/146/2 1667/147/2
f 1385/148/2 1667/147/2 1384/146/2
f 1667/147/2 1385/148/2 1666/149/2
f 1666/149/2 1385/148/2 1665/150/2
f 1386/151/2 1665/150/2 1385/148/2
f 1665/150/2 1386/151/2 1664/152/2
f 1387/153/2 1664/152/2 1386/151/2
f 1664/152/2 1387/153/2 1663/154/2
f 1388/155/2 1663/154/2 1387/153/2
f 1663/154/2 1388/155/2 1662/156/2
f 1389/157/2 1662/156/2 1388/155/2
f 1662/156/2 1389/157/2 1661/158/2
f 1661/158/2 1389/157/2 1660/119/2
f 1660/119/2 1389/157/2 1390/118/2
f 1329/159/2 1330/161/2 1727/160/2
f 1726/162/2 1727/160/2 1330/161/2
f 1728/163/2 1729/165/2 1328/164/2
f 1636/166/2 1410/168/2 1635/167/2
f 1411/169/2 1635/167/2 1410/168/2
f 1328/164/2 1329/159/2 1728/163/2
f 1727/160/2 1728/163/2 1329/159/2
f 1409/170/2 1637/172/2 1408/171/2
f 1637/172/2 1409/170/2 1636/166/2
f 1636/166/2 1409/170/2 1410/168/2
f 1730/173/2 1326/175/2 1327/174/2
f 1326/175/2 1730/173/2 1731/176/2
f 1971/177/2 1972/179/2 1973/178/2
f 1414/180/2 1631/182/2 1632/181/2
f 1415/183/2 1631/182/2 1414/180/2
f 1631/182/2 1415/183/2 1630/184/2
f 1416/185/2 1630/184/2 1415/183/2
f 1729/165/2 1327/174/2 1328/164/2
f 1327/174/2 1729/165/2 1730/173/2
f 1411/169/2 1634/186/2 1635/167/2
f 1412/187/2 1634/186/2 1411/169/2
f 1634/186/2 1412/187/2 1633/188/2
f 1413/189/2 1633/188/2 1412/187/2
f 1633/188/2 1413/189/2 1632/181/2
f 1632/181/2 1413/189/2 1414/180/2
f 1732/190/2 1324/192/2 1325/191/2
f 1969/193/2 1975/195/2 1968/194/2
f 1976/196/2 1968/194/2 1975/195/2
f 1323/197/2 1324/192/2 1733/198/2
f 1732/190/2 1733/198/2 1324/192/2
f 1976/196/2 1967/199/2 1968/194/2
f 1977/200/2 1967/199/2 1976/196/2
f 1967/199/2 1977/200/2 1966/201/2
f 1966/201/2 1977/200/2 1978/202/2
f 1625/203/2 1421/205/2 1624/204/2
f 1422/206/2 1624/204/2 1421/205/2
f 1624/204/2 1422/206/2 1623/207/2
f 1423/208/2 1623/207/2 1422/206/2
f 1731/176/2 1325/191/2 1326/175/2
f 1325/191/2 1731/176/2 1732/190/2
f 1973/178/2 1970/209/2 1971/177/2
f 1974/210/2 1970/209/2 1973/178/2
f 1970/209/2 1974/210/2 1969/193/2
f 1969/193/2 1974/210/2 1975/195/2
f 1416/185/2 1629/211/2 1630/184/2
f 1417/212/2 1629/211/2 1416/185/2
f 1629/211/2 1417/212/2 1628/213/2
f 1418/214/2 1628/213/2 1417/212/2
f 1628/213/2 1418/214/2 1627/215/2
f 1419/216/2 1627/215/2 1418/214/2
f 1627/215/2 1419/216/2 1626/217/2
f 1420/218/2 1626/217/2 1419/216/2
f 1626/217/2 1420/218/2 1625/203/2
f 1625/203/2 1420/218/2 1421/205/2
f 1322/219/2 1734/221/2 1735/220/2
f 1963/222/2 1981/224/2 1962/223/2
f 1982/225/2 1962/223/2 1981/224/2
f 1736/226/2 1320/228/2 1321/227/2
f 1584/229/2 1453/231/2 1583/230/2
f 1735/220/2 1321/227/2 1322/219/2
f 1321/227/2 1735/220/2 1736/226/2
f 1982/225/2 1961/232/2 1962/223/2
f 1983/233/2 1961/232/2 1982/225/2
f 1961/232/2 1983/233/2 1960/234/2
f 1984/235/2 1960/234/2 1983/233/2
f 1960/234/2 1984/235/2 1959/236/2
f 1985/237/2 1959/236/2 1984/235/2
f 1959/236/2 1985/237/2 2032/238/2
f 1986/239/2 2032/238/2 1985/237/2
f 1607/240/2 1438/242/2 1606/241/2
f 1439/243/2 1606/241/2 1438/242/2
f 1606/241/2 1439/243/2 1605/244/2
f 1440/245/2 1605/244/2 1439/243/2
f 1605/244/2 1440/245/2 1604/246/2
f 1441/247/2 1604/246/2 1440/245/2
f 1604/246/2 1441/247/2 1603/248/2
f 1442/249/2 1603/248/2 1441/247/2
f 1603/248/2 1442/249/2 1602/250/2
f 1443/251/2 1602/250/2 1442/249/2
f 1444/252/2 1602/250/2 1443/251/2
f 1602/250/2 1444/252/2 1601/253/2
f 1601/253/2 1444/252/2 1600/254/2
f 1445/255/2 1600/254/2 1444/252/2
f 1600/254/2 1445/255/2 1599/256/2
f 1599/256/2 1445/255/2 1598/257/2
f 1598/257/2 1445/255/2 1597/258/2
f 1446/259/2 1597/258/2 1445/255/2
f 1597/258/2 1446/259/2 1596/260/2
f 1596/260/2 1446/259/2 1595/261/2
f 1447/262/2 1595/261/2 1446/259/2
f 1595/261/2 1447/262/2 1594/263/2
f 1594/263/2 1447/262/2 1593/264/2
f 1593/264/2 1447/262/2 1592/265/2
f 1448/266/2 1592/265/2 1447/262/2
f 1592/265/2 1448/266/2 1591/267/2
f 1591/267/2 1448/266/2 1590/268/2
f 1449/269/2 1590/268/2 1448/266/2
f 1590/268/2 1449/269/2 1589/270/2
f 1589/270/2 1449/269/2 1588/271/2
f 1450/272/2 1588/271/2 1449/269/2
f 1588/271/2 1450/272/2 1587/273/2
f 1451/274/2 1587/273/2 1450/272/2
f 1587/273/2 1451/274/2 1586/275/2
f 1586/275/2 1451/274/2 1585/276/2
f 1452/277/2 1585/276/2 1451/274/2
f 1585/276/2 1452/277/2 1584/229/2
f 1584/229/2 1452/277/2 1453/231/2
f 1322/219/2 1323/197/2 1734/221/2
f 1733/198/2 1734/221/2 1323/197/2
f 1978/202/2 1965/278/2 1966/201/2
f 1979/279/2 1965/278/2 1978/202/2
f 1965/278/2 1979/279/2 1964/280/2
f 1980/281/2 1964/280/2 1979/279/2
f 1964/280/2 1980/281/2 1963/222/2
f 1963/222/2 1980/281/2 1981/224/2
f 1423/208/2 1622/282/2 1623/207/2
f 1424/283/2 1622/282/2 1423/208/2
f 1622/282/2 1424/283/2 1621/284/2
f 1425/285/2 1621/284/2 1424/283/2
f 1621/284/2 1425/285/2 1620/286/2
f 1620/286/2 1425/285/2 1619/287/2
f 1426/288/2 1619/287/2 1425/285/2
f 1619/287/2 1426/288/2 1618/289/2
f 1427/290/2 1618/289/2 1426/288/2
f 1618/289/2 1427/290/2 1617/291/2
f 1428/292/2 1617/291/2 1427/290/2
f 1617/291/2 1428/292/2 1616/293/2
f 1429/294/2 1616/293/2 1428/292/2
f 1616/293/2 1429/294/2 1615/295/2
f 1430/296/2 1615/295/2 1429/294/2
f 1615/295/2 1430/296/2 1614/297/2
f 1431/298/2 1614/297/2 1430/296/2
f 1614/297/2 1431/298/2 1613/299/2
f 1432/300/2 1613/299/2 1431/298/2
f 1613/299/2 1432/300/2 1612/301/2
f 1433/302/2 1612/301/2 1432/300/2
f 1612/301/2 1433/302/2 1611/303/2
f 1434/304/2 1611/303/2 1433/302/2
f 1611/303/2 1434/304/2 1610/305/2
f 1435/306/2 1610/305/2 1434/304/2
f 1610/305/2 1435/306/2 1609/307/2
f 1436/308/2 1609/307/2 1435/306/2
f 1609/307/2 1436/308/2 1608/309/2
f 1437/310/2 1608/309/2 1436/308/2
f 1608/309/2 1437/310/2 1607/240/2
f 1607/240/2 1437/310/2 1438/242/2
f 1330/161/2 1331/86/2 1726/162/2
f 1725/87/2 1726/162/2 1331/86/2
f 1404/94/2 1641/311/2 1642/95/2
f 1405/312/2 1641/311/2 1404/94/2
f 1641/311/2 1405/312/2 1640/313/2
f 1406/314/2 1640/313/2 1405/312/2
f 1640/313/2 1406/314/2 1639/315/2
f 1407/316/2 1639/315/2 1406/314/2
f 1639/315/2 1407/316/2 1638/317/2
f 1638/317/2 1407/316/2 1637/172/2
f 1637/172/2 1407/316/2 1408/171/2
f 1319/318/2 1737/320/2 1738/319/2
f 1739/321/2 1317/323/2 1318/322/2
f 1317/323/2 1739/321/2 1740/324/2
f 1577/325/2 1578/327/2 1456/326/2
f 1738/319/2 1318/322/2 1319/318/2
f 1318/322/2 1738/319/2 1739/321/2
f 1455/328/2 1579/330/2 1580/329/2
f 1579/330/2 1455/328/2 1578/327/2
f 1578/327/2 1455/328/2 1456/326/2
f 1741/331/2 1315/333/2 1316/332/2
f 1315/333/2 1741/331/2 1742/334/2
f 1740/324/2 1316/332/2 1317/323/2
f 1316/332/2 1740/324/2 1741/331/2
f 1576/335/2 1577/325/2 1457/336/2
f 1456/326/2 1457/336/2 1577/325/2
f 1743/337/2 1313/339/2 1314/338/2
f 1313/339/2 1743/337/2 1744/340/2
f 1746/341/2 1747/343/2 1311/342/2
f 2003/344/2 2428/346/2 2611/345/2
f 1311/342/2 1312/347/2 1746/341/2
f 1745/348/2 1746/341/2 1312/347/2
f 2611/345/2 2429/349/2 2003/344/2
f 2003/344/2 2429/349/2 2004/350/2
f 2430/351/2 2004/350/2 2429/349/2
f 1744/340/2 1312/347/2 1313/339/2
f 1312/347/2 1744/340/2 1745/348/2
f 1742/334/2 1314/338/2 1315/333/2
f 1314/338/2 1742/334/2 1743/337/2
f 2027/352/2 1991/354/2 2026/353/2
f 2026/353/2 1991/354/2 2025/355/2
f 1992/356/2 2025/355/2 1991/354/2
f 2025/355/2 1992/356/2 2024/357/2
f 1993/358/2 2024/357/2 1992/356/2
f 1574/359/2 1575/361/2 1459/360/2
f 1459/360/2 1575/361/2 1458/362/2
f 1576/335/2 1458/362/2 1575/361/2
f 1457/336/2 1458/362/2 1576/335/2
f 2256/363/2 2023/365/2 2257/364/2
f 1520/366/2 2450/368/2 1519/367/2
f 1520/366/2 2612/369/2 2450/368/2
f 1522/370/2 2450/368/2 1521/371/2
f 1749/372/2 1308/374/2 1309/373/2
f 1308/374/2 1749/372/2 1750/375/2
f 1748/376/2 1309/373/2 1310/377/2
f 1309/373/2 1748/376/2 1749/372/2
f 2022/378/2 2605/379/2 2256/363/2
f 2257/364/2 2022/378/2 2256/363/2
f 2022/378/2 2257/364/2 2021/380/2
f 2021/380/2 2257/364/2 2258/381/2
f 2587/382/2 2008/384/2 2586/383/2
f 1522/370/2 2451/385/2 2450/368/2
f 1523/386/2 2451/385/2 1522/370/2
f 1747/343/2 1310/377/2 1311/342/2
f 1310/377/2 1747/343/2 1748/376/2
f 1993/358/2 2023/365/2 2024/357/2
f 1994/387/2 2023/365/2 1993/358/2
f 2023/365/2 1994/387/2 2257/364/2
f 1995/388/2 2257/364/2 1994/387/2
f 2257/364/2 1995/388/2 2258/381/2
f 1996/389/2 2258/381/2 1995/388/2
f 2258/381/2 1996/389/2 2259/390/2
f 2259/390/2 1996/389/2 2260/391/2
f 1997/392/2 2260/391/2 1996/389/2
f 2260/391/2 1997/392/2 2261/393/2
f 1998/394/2 2261/393/2 1997/392/2
f 2425/395/2 2000/397/2 2426/396/2
f 2001/398/2 2426/396/2 2000/397/2
f 2426/396/2 2001/398/2 2427/399/2
f 2002/400/2 2427/399/2 2001/398/2
f 2428/346/2 2427/399/2 2002/400/2
f 2003/344/2 2427/399/2 2428/346/2
f 2004/350/2 2427/399/2 2003/344/2
f 2427/399/2 2004/350/2 2426/396/2
f 2430/351/2 2005/401/2 2004/350/2
f 2431/402/2 2005/401/2 2430/351/2
f 2005/401/2 2431/402/2 2006/403/2
f 2432/404/2 2006/403/2 2431/402/2
f 2006/403/2 2432/404/2 2007/405/2
f 2433/406/2 2007/405/2 2432/404/2
f 2434/407/2 2007/405/2 2433/406/2
f 2007/405/2 2434/407/2 2008/384/2
f 2435/408/2 2008/384/2 2434/407/2
f 2436/409/2 2008/384/2 2435/408/2
f 2437/410/2 2008/384/2 2436/409/2
f 2008/384/2 2437/410/2 2586/383/2
f 2438/411/2 2586/383/2 2437/410/2
f 2586/383/2 2438/411/2 2585/412/2
f 2439/413/2 2585/412/2 2438/411/2
f 2585/412/2 2439/413/2 2584/414/2
f 2440/415/2 2584/414/2 2439/413/2
f 2584/414/2 2440/415/2 2583/416/2
f 2441/417/2 2583/416/2 2440/415/2
f 2583/416/2 2441/417/2 2582/418/2
f 2442/419/2 2582/418/2 2441/417/2
f 2443/420/2 1517/421/2 2442/419/2
f 2444/422/2 1517/421/2 2443/420/2
f 2445/423/2 1517/421/2 2444/422/2
f 2446/424/2 1517/421/2 2445/423/2
f 1517/421/2 2446/424/2 1518/425/2
f 2447/426/2 1518/425/2 2446/424/2
f 1518/425/2 2447/426/2 1519/367/2
f 2448/427/2 1519/367/2 2447/426/2
f 1519/367/2 2448/427/2 1520/366/2
f 1520/366/2 2448/427/2 2449/428/2
f 1572/429/2 1462/431/2 1571/430/2
f 1462/431/2 1572/429/2 1461/432/2
f 1573/433/2 1461/432/2 1572/429/2
f 1461/432/2 1573/433/2 1460/434/2
f 1574/359/2 1460/434/2 1573/433/2
f 1459/360/2 1460/434/2 1574/359/2
f 1800/435/2 2598/437/2 1752/436/2
f 1798/438/2 1799/440/2 1753/439/2
f 1752/436/2 1753/439/2 1799/440/2
f 1800/435/2 1799/440/2 1751/441/2
f 1799/440/2 1800/435/2 1752/436/2
f 1752/436/2 1801/442/2 1753/439/2
f 1802/443/2 1753/439/2 1801/442/2
f 2263/444/2 2018/446/2 2262/445/2
f 2018/446/2 2263/444/2 2017/447/2
f 2264/448/2 2017/447/2 2263/444/2
f 2017/447/2 2264/448/2 2016/449/2
f 2016/449/2 2264/448/2 2265/450/2
f 2424/451/2 2265/450/2 2264/448/2
f 2265/450/2 2424/451/2 2266/452/2
f 2266/452/2 2424/451/2 2423/453/2
f 2423/453/2 2424/451/2 2267/454/2
f 1796/455/2 1797/457/2 1755/456/2
f 1754/458/2 1755/456/2 1797/457/2
f 2268/459/2 2422/461/2 2014/460/2
f 2013/462/2 2269/463/2 2268/459/2
f 2269/463/2 2013/462/2 2012/464/2
f 2009/465/2 2596/467/2 2511/466/2
f 1516/468/2 2571/470/2 2572/469/2
f 1794/471/2 1770/473/2 1795/472/2
f 1771/474/2 1795/472/2 1770/473/2
f 1796/455/2 1795/472/2 1771/474/2
f 1795/472/2 1796/455/2 1756/475/2
f 1755/456/2 1756/475/2 1796/455/2
f 2422/461/2 2421/477/2 2015/476/2
f 2268/459/2 2421/477/2 2422/461/2
f 2269/463/2 2421/477/2 2268/459/2
f 2421/477/2 2269/463/2 2270/478/2
f 2012/464/2 2270/478/2 2269/463/2
f 2011/479/2 2270/478/2 2012/464/2
f 2511/466/2 2512/480/2 2009/465/2
f 2572/469/2 2573/481/2 1516/468/2
f 1514/482/2 2454/484/2 1513/483/2
f 2455/485/2 1513/483/2 2454/484/2
f 1771/474/2 1772/486/2 1796/455/2
f 1796/455/2 1772/486/2 1797/457/2
f 1773/487/2 1797/457/2 1772/486/2
f 1798/438/2 1797/457/2 1773/487/2
f 1797/457/2 1798/438/2 1754/458/2
f 1753/439/2 1754/458/2 1798/438/2
f 1802/443/2 1754/458/2 1753/439/2
f 2421/477/2 2016/449/2 2015/476/2
f 2265/450/2 2015/476/2 2016/449/2
f 2266/452/2 2015/476/2 2265/450/2
f 2014/460/2 2609/488/2 2267/454/2
f 2267/454/2 2606/489/2 2014/460/2
f 2424/451/2 2013/462/2 2267/454/2
f 2013/462/2 2424/451/2 2012/464/2
f 1516/468/2 2452/491/2 1515/490/2
f 2453/492/2 1515/490/2 2452/491/2
f 1515/490/2 2453/492/2 1514/482/2
f 1514/482/2 2453/492/2 2454/484/2
f 1773/487/2 1308/374/2 1798/438/2
f 1798/438/2 1308/374/2 1799/440/2
f 1750/375/2 1799/440/2 1308/374/2
f 1799/440/2 1750/375/2 1751/441/2
f 1802/443/2 1803/493/2 1754/458/2
f 1807/494/2 1863/496/2 1806/495/2
f 1808/497/2 1863/496/2 1807/494/2
f 1863/496/2 1808/497/2 1862/498/2
f 1809/499/2 1862/498/2 1808/497/2
f 1810/500/2 1862/498/2 1809/499/2
f 1862/498/2 1810/500/2 1861/501/2
f 1811/502/2 1861/501/2 1810/500/2
f 1861/501/2 1811/502/2 1860/503/2
f 1812/504/2 1860/503/2 1811/502/2
f 1860/503/2 1812/504/2 1859/505/2
f 1813/506/2 1859/505/2 1812/504/2
f 1859/505/2 1813/506/2 1858/507/2
f 1814/508/2 1858/507/2 1813/506/2
f 1858/507/2 1814/508/2 1857/509/2
f 1815/510/2 1857/509/2 1814/508/2
f 1816/511/2 1857/509/2 1815/510/2
f 2254/512/2 2402/514/2 2253/513/2
f 2402/514/2 2254/512/2 2401/515/2
f 2401/515/2 2254/512/2 2400/516/2
f 2255/517/2 2400/516/2 2254/512/2
f 2022/378/2 2400/516/2 2255/517/2
f 2400/516/2 2022/378/2 2399/518/2
f 2021/380/2 2399/518/2 2022/378/2
f 2258/381/2 2020/519/2 2021/380/2
f 2259/390/2 2020/519/2 2258/381/2
f 2260/391/2 2020/519/2 2259/390/2
f 2020/519/2 2260/391/2 2019/520/2
f 2261/393/2 2019/520/2 2260/391/2
f 2019/520/2 2261/393/2 2018/446/2
f 2018/446/2 2261/393/2 2262/445/2
f 1998/394/2 2262/445/2 2261/393/2
f 1999/521/2 2262/445/2 1998/394/2
f 2262/445/2 1999/521/2 2263/444/2
f 2000/397/2 2263/444/2 1999/521/2
f 2263/444/2 2000/397/2 2264/448/2
f 2425/395/2 2264/448/2 2000/397/2
f 2264/448/2 2425/395/2 2424/451/2
f 2424/451/2 2425/395/2 2012/464/2
f 2012/464/2 2425/395/2 2011/479/2
f 2426/396/2 2011/479/2 2425/395/2
f 2011/479/2 2426/396/2 2010/522/2
f 2004/350/2 2010/522/2 2426/396/2
f 2005/401/2 2010/522/2 2004/350/2
f 2591/523/2 2008/384/2 2590/524/2
f 2590/524/2 2008/384/2 2589/525/2
f 2589/525/2 2008/384/2 2588/526/2
f 2587/382/2 2588/526/2 2008/384/2
f 2442/419/2 2581/527/2 2582/418/2
f 1517/421/2 2581/527/2 2442/419/2
f 2581/527/2 1517/421/2 2580/528/2
f 2580/528/2 1517/421/2 2579/529/2
f 2579/529/2 1517/421/2 2578/530/2
f 2578/530/2 1517/421/2 2577/531/2
f 2577/531/2 1517/421/2 2576/532/2
f 2451/385/2 1516/468/2 2450/368/2
f 1516/468/2 2451/385/2 2452/491/2
f 1523/386/2 2452/491/2 2451/385/2
f 1524/533/2 2452/491/2 1523/386/2
f 2452/491/2 1524/533/2 2453/492/2
f 1525/534/2 2453/492/2 1524/533/2
f 1526/535/2 2453/492/2 1525/534/2
f 2453/492/2 1526/535/2 2454/484/2
f 1527/536/2 2454/484/2 1526/535/2
f 2454/484/2 1527/536/2 2455/485/2
f 1528/537/2 2455/485/2 1527/536/2
f 1569/538/2 1466/540/2 1568/539/2
f 1466/540/2 1569/538/2 1465/541/2
f 1465/541/2 1569/538/2 1464/542/2
f 1570/543/2 1464/542/2 1569/538/2
f 1464/542/2 1570/543/2 1463/544/2
f 1571/430/2 1463/544/2 1570/543/2
f 1462/431/2 1463/544/2 1571/430/2
f 1319/318/2 1320/228/2 1737/320/2
f 1736/226/2 1737/320/2 1320/228/2
f 1986/239/2 2031/545/2 2032/238/2
f 1987/546/2 2031/545/2 1986/239/2
f 2031/545/2 1987/546/2 2030/547/2
f 1988/548/2 2030/547/2 1987/546/2
f 2030/547/2 1988/548/2 2029/549/2
f 1989/550/2 2029/549/2 1988/548/2
f 2029/549/2 1989/550/2 2028/551/2
f 1990/552/2 2028/551/2 1989/550/2
f 2028/551/2 1990/552/2 2027/352/2
f 2027/352/2 1990/552/2 1991/354/2
f 1453/231/2 1582/553/2 1583/230/2
f 1454/554/2 1582/553/2 1453/231/2
f 1582/553/2 1454/554/2 1581/555/2
f 1581/555/2 1454/554/2 1580/329/2
f 1580/329/2 1454/554/2 1455/328/2
f 2055/556/2 2056/558/2 1829/557/2
f 1828/559/2 1829/557/2 2056/558/2
f 1768/560/2 1769/562/2 1792/561/2
f 1793/563/2 1792/561/2 1769/562/2
f 1792/561/2 1793/563/2 1759/564/2
f 1758/565/2 1759/564/2 1793/563/2
f 1757/566/2 1867/567/2 1758/565/2
f 1866/568/2 1867/567/2 1757/566/2
f 2054/569/2 2055/556/2 1830/570/2
f 1829/557/2 1830/570/2 2055/556/2
f 2239/571/2 2604/573/2 2083/572/2
f 1511/574/2 2457/576/2 1512/575/2
f 2456/577/2 2613/578/2 1511/574/2
f 1760/579/2 1761/581/2 1791/580/2
f 1761/581/2 1760/579/2 1869/582/2
f 1868/583/2 1869/582/2 1760/579/2
f 1846/584/2 1847/586/2 2053/585/2
f 1848/587/2 2053/585/2 1847/586/2
f 2084/588/2 2237/590/2 2238/589/2
f 2237/590/2 2084/588/2 2085/591/2
f 2085/591/2 2084/588/2 2327/592/2
f 2412/593/2 2327/592/2 2084/588/2
f 2419/594/2 2272/596/2 2273/595/2
f 2052/597/2 1844/599/2 1845/598/2
f 2236/600/2 2193/602/2 2194/601/2
f 1766/603/2 1790/605/2 1789/604/2
f 1843/606/2 1844/599/2 2051/607/2
f 2052/597/2 2051/607/2 1844/599/2
f 2051/607/2 2052/597/2 1833/608/2
f 1832/609/2 1833/608/2 2052/597/2
f 2218/610/2 2219/611/2 1832/609/2
f 2086/612/2 2328/614/2 2329/613/2
f 2384/615/2 2385/617/2 2418/616/2
f 1766/603/2 1767/618/2 1790/605/2
f 1791/580/2 1790/605/2 1767/618/2
f 1761/581/2 1790/605/2 1791/580/2
f 1790/605/2 1761/581/2 1789/604/2
f 1871/619/2 1761/581/2 1870/620/2
f 1869/582/2 1870/620/2 1761/581/2
f 1845/598/2 1846/584/2 2052/597/2
f 2053/585/2 2052/597/2 1846/584/2
f 2052/597/2 2053/585/2 1832/609/2
f 1831/621/2 1832/609/2 2053/585/2
f 1832/609/2 1831/621/2 2218/610/2
f 2218/610/2 1831/621/2 2217/622/2
f 2238/589/2 2195/624/2 2196/623/2
f 2237/590/2 2195/624/2 2238/589/2
f 2195/624/2 2237/590/2 2194/601/2
f 2194/601/2 2237/590/2 2236/600/2
f 2085/591/2 2236/600/2 2237/590/2
f 2236/600/2 2085/591/2 2086/612/2
f 2086/612/2 2085/591/2 2328/614/2
f 2327/592/2 2328/614/2 2085/591/2
f 2419/594/2 2386/626/2 2387/625/2
f 2386/626/2 2419/594/2 2385/617/2
f 2385/617/2 2419/594/2 2418/616/2
f 2273/595/2 2418/616/2 2419/594/2
f 2418/616/2 2273/595/2 2274/627/2
f 2274/627/2 2273/595/2 2517/628/2
f 2516/629/2 2517/628/2 2273/595/2
f 1767/618/2 1768/560/2 1791/580/2
f 1792/561/2 1791/580/2 1768/560/2
f 1791/580/2 1792/561/2 1760/579/2
f 1759/564/2 1760/579/2 1792/561/2
f 1760/579/2 1759/564/2 1868/583/2
f 1758/565/2 1868/583/2 1759/564/2
f 1867/567/2 1868/583/2 1758/565/2
f 2054/569/2 1848/587/2 1849/630/2
f 1848/587/2 2054/569/2 2053/585/2
f 2053/585/2 2054/569/2 1831/621/2
f 1830/570/2 1831/621/2 2054/569/2
f 1831/621/2 1830/570/2 2217/622/2
f 2083/572/2 2238/589/2 2239/571/2
f 2238/589/2 2083/572/2 2084/588/2
f 2389/631/2 2420/633/2 2388/632/2
f 2388/632/2 2420/633/2 2387/625/2
f 2387/625/2 2420/633/2 2419/594/2
f 2271/634/2 2419/594/2 2420/633/2
f 2419/594/2 2271/634/2 2272/596/2
f 2514/635/2 2272/596/2 2271/634/2
f 2515/636/2 2272/596/2 2514/635/2
f 2272/596/2 2515/636/2 2273/595/2
f 2273/595/2 2515/636/2 2516/629/2
f 2330/637/2 2331/639/2 2087/638/2
f 1765/640/2 1788/642/2 1787/641/2
f 1841/643/2 1842/645/2 2050/644/2
f 2221/646/2 2222/648/2 1834/647/2
f 2235/649/2 2191/651/2 2192/650/2
f 2382/652/2 2383/654/2 2417/653/2
f 2518/655/2 2519/657/2 2275/656/2
f 1839/658/2 1840/660/2 2049/659/2
f 1837/661/2 1838/663/2 2048/662/2
f 2233/664/2 2188/666/2 2189/665/2
f 2334/667/2 2335/669/2 2089/668/2
f 2416/670/2 2379/672/2 2380/671/2
f 2461/673/2 2562/675/2 2563/674/2
f 1838/663/2 1839/658/2 2048/662/2
f 2049/659/2 2048/662/2 1839/658/2
f 1835/676/2 2048/662/2 2049/659/2
f 2225/677/2 1835/676/2 2224/678/2
f 2223/679/2 2224/678/2 1835/676/2
f 2234/680/2 2189/665/2 2190/681/2
f 2189/665/2 2234/680/2 2233/664/2
f 2233/664/2 2234/680/2 2089/668/2
f 2088/682/2 2089/668/2 2234/680/2
f 2333/683/2 2089/668/2 2088/682/2
f 2089/668/2 2333/683/2 2334/667/2
f 2380/671/2 2381/684/2 2416/670/2
f 2416/670/2 2276/686/2 2277/685/2
f 2520/687/2 2277/685/2 2276/686/2
f 2277/685/2 2520/687/2 2521/688/2
f 2597/689/2 1787/641/2 1764/690/2
f 2050/644/2 1840/660/2 1841/643/2
f 1840/660/2 2050/644/2 2049/659/2
f 2049/659/2 2050/644/2 1835/676/2
f 1834/647/2 1835/676/2 2050/644/2
f 1835/676/2 1834/647/2 2223/679/2
f 2222/648/2 2223/679/2 1834/647/2
f 2190/681/2 2191/651/2 2234/680/2
f 2235/649/2 2234/680/2 2191/651/2
f 2087/638/2 2234/680/2 2235/649/2
f 2234/680/2 2087/638/2 2088/682/2
f 2331/639/2 2088/682/2 2087/638/2
f 2332/691/2 2088/682/2 2331/639/2
f 2088/682/2 2332/691/2 2333/683/2
f 2417/653/2 2381/684/2 2382/652/2
f 2381/684/2 2417/653/2 2416/670/2
f 2275/656/2 2416/670/2 2417/653/2
f 2416/670/2 2275/656/2 2276/686/2
f 2519/657/2 2276/686/2 2275/656/2
f 2276/686/2 2519/657/2 2520/687/2
f 2564/692/2 2460/693/2 2563/674/2
f 2563/674/2 2460/693/2 2461/673/2
f 2232/694/2 2186/696/2 2187/695/2
f 2090/697/2 2091/698/2 2232/694/2
f 2336/699/2 2091/698/2 2090/697/2
f 2091/698/2 2336/699/2 2337/700/2
f 2415/701/2 2377/703/2 2378/702/2
f 2230/704/2 2603/706/2 2184/705/2
f 2603/706/2 2231/707/2 2184/705/2
f 2092/708/2 2338/710/2 2339/709/2
f 2093/711/2 2182/713/2 2183/712/2
f 2182/713/2 2093/711/2 2181/714/2
f 2181/714/2 2093/711/2 2094/715/2
f 2182/713/2 2230/704/2 2183/712/2
f 2184/705/2 2183/712/2 2230/704/2
f 2092/708/2 2183/712/2 2184/705/2
f 2183/712/2 2092/708/2 2093/711/2
f 2339/709/2 2093/711/2 2092/708/2
f 2185/716/2 2186/696/2 2231/707/2
f 2232/694/2 2231/707/2 2186/696/2
f 2091/698/2 2231/707/2 2232/694/2
f 2231/707/2 2091/698/2 2184/705/2
f 2184/705/2 2091/698/2 2092/708/2
f 2092/708/2 2091/698/2 2338/710/2
f 2337/700/2 2338/710/2 2091/698/2
f 2093/711/2 2339/709/2 2094/715/2
f 2415/701/2 2414/717/2 2377/703/2
f 2278/718/2 2414/717/2 2415/701/2
f 2278/718/2 2413/719/2 2414/717/2
f 2522/720/2 2523/721/2 2278/718/2
f 1777/722/2 1778/724/2 1874/723/2
f 1779/725/2 1874/723/2 1778/724/2
f 1780/726/2 1874/723/2 1779/725/2
f 1781/727/2 1874/723/2 1780/726/2
f 1782/728/2 1874/723/2 1781/727/2
f 1955/729/2 1875/731/2 1954/730/2
f 1956/732/2 1875/731/2 1955/729/2
f 1957/733/2 1875/731/2 1956/732/2
f 1958/734/2 1875/731/2 1957/733/2
f 1958/734/2 1774/735/2 1875/731/2
f 1775/736/2 1875/731/2 1774/735/2
f 1776/737/2 1875/731/2 1775/736/2
f 1777/722/2 1875/731/2 1776/737/2
f 1874/723/2 1875/731/2 1777/722/2
f 1947/738/2 1948/740/2 1876/739/2
f 1949/741/2 1876/739/2 1948/740/2
f 1876/739/2 1946/742/2 1947/738/2
f 1877/743/2 1946/742/2 1876/739/2
f 1946/742/2 1877/743/2 1945/744/2
f 1945/744/2 1877/743/2 1878/745/2
f 2463/746/2 2464/748/2 2560/747/2
f 1878/745/2 1944/749/2 1945/744/2
f 1879/750/2 1944/749/2 1878/745/2
f 1949/741/2 1950/751/2 1876/739/2
f 1951/752/2 1876/739/2 1950/751/2
f 1952/753/2 1876/739/2 1951/752/2
f 1953/754/2 1876/739/2 1952/753/2
f 1954/730/2 1876/739/2 1953/754/2
f 1875/731/2 1876/739/2 1954/730/2
f 1782/728/2 1783/755/2 1874/723/2
f 1784/756/2 1874/723/2 1783/755/2
f 1785/757/2 1874/723/2 1784/756/2
f 1786/758/2 1874/723/2 1785/757/2
f 1762/759/2 1874/723/2 1786/758/2
f 2462/760/2 2560/747/2 2561/761/2
f 2560/747/2 2462/760/2 2463/746/2
f 1764/690/2 1786/758/2 2597/689/2
f 1763/762/2 1786/758/2 1764/690/2
f 1786/758/2 1763/762/2 1762/759/2
f 1762/759/2 1873/763/2 1874/723/2
f 1836/764/2 2601/766/2 2046/765/2
f 2046/765/2 1837/661/2 2047/767/2
f 2048/662/2 2047/767/2 1837/661/2
f 1835/676/2 2047/767/2 2048/662/2
f 2047/767/2 1835/676/2 2046/765/2
f 2227/768/2 1835/676/2 2226/769/2
f 2225/677/2 2226/769/2 1835/676/2
f 2233/664/2 2187/695/2 2188/666/2
f 2187/695/2 2233/664/2 2232/694/2
f 2232/694/2 2233/664/2 2090/697/2
f 2089/668/2 2090/697/2 2233/664/2
f 2335/669/2 2090/697/2 2089/668/2
f 2090/697/2 2335/669/2 2336/699/2
f 2378/702/2 2379/672/2 2415/701/2
f 2416/670/2 2415/701/2 2379/672/2
f 2277/685/2 2415/701/2 2416/670/2
f 2415/701/2 2277/685/2 2278/718/2
f 2278/718/2 2277/685/2 2522/720/2
f 2521/688/2 2522/720/2 2277/685/2
f 2561/761/2 2562/675/2 2462/760/2
f 2461/673/2 2462/760/2 2562/675/2
f 1765/640/2 1766/603/2 1788/642/2
f 1789/604/2 1788/642/2 1766/603/2
f 1761/581/2 1788/642/2 1789/604/2
f 1871/619/2 1872/770/2 1761/581/2
f 2051/607/2 1842/645/2 1843/606/2
f 1842/645/2 2051/607/2 2050/644/2
f 2050/644/2 2051/607/2 1834/647/2
f 1833/608/2 1834/647/2 2051/607/2
f 1834/647/2 1833/608/2 2221/646/2
f 2221/646/2 1833/608/2 2220/771/2
f 1832/609/2 2220/771/2 1833/608/2
f 2219/611/2 2220/771/2 1832/609/2
f 2236/600/2 2192/650/2 2193/602/2
f 2192/650/2 2236/600/2 2235/649/2
f 2086/612/2 2235/649/2 2236/600/2
f 2235/649/2 2086/612/2 2087/638/2
f 2087/638/2 2086/612/2 2330/637/2
f 2329/613/2 2330/637/2 2086/612/2
f 2418/616/2 2383/654/2 2384/615/2
f 2383/654/2 2418/616/2 2417/653/2
f 2274/627/2 2417/653/2 2418/616/2
f 2417/653/2 2274/627/2 2275/656/2
f 2275/656/2 2274/627/2 2518/655/2
f 2517/628/2 2518/655/2 2274/627/2
f 2458/772/2 2565/774/2 2566/773/2
f 2459/775/2 2565/774/2 2458/772/2
f 2565/774/2 2459/775/2 2564/692/2
f 2564/692/2 2459/775/2 2460/693/2
f 2465/776/2 2466/778/2 2559/777/2
f 2095/779/2 2179/781/2 2180/780/2
f 2557/782/2 2558/784/2 2467/783/2
f 1903/785/2 2045/787/2 1902/786/2
f 1904/788/2 2045/787/2 1903/785/2
f 1905/789/2 2045/787/2 1904/788/2
f 1906/790/2 2045/787/2 1905/789/2
f 2466/778/2 2558/784/2 2559/777/2
f 2558/784/2 2466/778/2 2467/783/2
f 2527/791/2 2279/793/2 2526/792/2
f 2279/793/2 2525/794/2 2526/792/2
f 2176/795/2 2177/797/2 2326/796/2
f 2178/798/2 2097/800/2 2608/799/2
f 1914/801/2 2044/803/2 1913/802/2
f 1913/802/2 1912/805/2 2135/804/2
f 2135/804/2 1912/805/2 2134/806/2
f 1911/807/2 2134/806/2 1912/805/2
f 2133/808/2 2134/806/2 1911/807/2
f 2178/798/2 2608/799/2 2229/809/2
f 2096/810/2 2097/800/2 2178/798/2
f 2340/811/2 2097/800/2 2096/810/2
f 2097/800/2 2340/811/2 2341/812/2
f 2414/717/2 2413/719/2 2377/703/2
f 2510/813/2 2376/814/2 2413/719/2
f 2376/814/2 2510/813/2 2509/815/2
f 2279/793/2 2509/815/2 2510/813/2
f 2529/816/2 2279/793/2 2528/817/2
f 2527/791/2 2528/817/2 2279/793/2
f 2470/818/2 2556/820/2 2469/819/2
f 1937/821/2 1884/823/2 1936/822/2
f 1885/824/2 1936/822/2 1884/823/2
f 1936/822/2 1885/824/2 1935/825/2
f 1886/826/2 1935/825/2 1885/824/2
f 1935/825/2 1886/826/2 1934/827/2
f 1887/828/2 1934/827/2 1886/826/2
f 1934/827/2 1887/828/2 1933/829/2
f 1888/830/2 1933/829/2 1887/828/2
f 2043/831/2 1900/832/2 2044/803/2
f 1901/833/2 2044/803/2 1900/832/2
f 1902/786/2 2044/803/2 1901/833/2
f 2045/787/2 2044/803/2 1902/786/2
f 2044/803/2 2045/787/2 1913/802/2
f 1913/802/2 2045/787/2 1912/805/2
f 1912/805/2 2045/787/2 1911/807/2
f 1907/834/2 1911/807/2 2600/835/2
f 1911/807/2 2132/836/2 2133/808/2
f 2179/781/2 2229/809/2 2180/780/2
f 2229/809/2 2179/781/2 2178/798/2
f 2178/798/2 2179/781/2 2096/810/2
f 2095/779/2 2096/810/2 2179/781/2
f 2096/810/2 2095/779/2 2340/811/2
f 2556/820/2 2557/782/2 2469/819/2
f 2469/819/2 2557/782/2 2468/837/2
f 2467/783/2 2468/837/2 2557/782/2
f 1917/838/2 2042/840/2 1916/839/2
f 1920/841/2 2042/840/2 1919/842/2
f 1919/842/2 2042/840/2 1918/843/2
f 1917/838/2 2599/844/2 2042/840/2
f 1917/838/2 2041/845/2 2599/844/2
f 2174/846/2 2175/848/2 2325/847/2
f 2325/847/2 2098/850/2 2099/849/2
f 2342/851/2 2099/849/2 2098/850/2
f 2099/849/2 2342/851/2 2343/852/2
f 2508/853/2 2507/855/2 2375/854/2
f 2280/856/2 2507/855/2 2508/853/2
f 2531/857/2 2281/858/2 2280/856/2
f 2532/859/2 2281/858/2 2531/857/2
f 2533/860/2 2281/858/2 2532/859/2
f 2534/861/2 2281/858/2 2533/860/2
f 2171/862/2 2172/864/2 2323/863/2
f 2139/865/2 2039/867/2 2138/866/2
f 2324/868/2 2172/864/2 2173/869/2
f 2172/864/2 2324/868/2 2323/863/2
f 2323/863/2 2324/868/2 2100/870/2
f 2100/870/2 2344/872/2 2345/871/2
f 2505/873/2 2374/875/2 2506/874/2
f 2374/875/2 2505/873/2 2504/876/2
f 1917/838/2 2040/877/2 2041/845/2
f 1916/839/2 2040/877/2 1917/838/2
f 2040/877/2 1916/839/2 2039/867/2
f 1915/878/2 2039/867/2 1916/839/2
f 2039/867/2 1915/878/2 2138/866/2
f 2137/879/2 2138/866/2 1915/878/2
f 2173/869/2 2174/846/2 2324/868/2
f 2325/847/2 2324/868/2 2174/846/2
f 2099/849/2 2324/868/2 2325/847/2
f 2324/868/2 2099/849/2 2100/870/2
f 2100/870/2 2099/849/2 2344/872/2
f 2343/852/2 2344/872/2 2099/849/2
f 2374/875/2 2375/854/2 2506/874/2
f 2507/855/2 2506/874/2 2375/854/2
f 2280/856/2 2506/874/2 2507/855/2
f 2281/858/2 2506/874/2 2280/856/2
f 2506/874/2 2281/858/2 2505/873/2
f 2505/873/2 2281/858/2 2504/876/2
f 2504/876/2 2281/858/2 2282/880/2
f 2534/861/2 2282/880/2 2281/858/2
f 2535/881/2 2282/880/2 2534/861/2
f 2536/882/2 2282/880/2 2535/881/2
f 1888/830/2 1932/883/2 1933/829/2
f 1889/884/2 1932/883/2 1888/830/2
f 1932/883/2 1889/884/2 1931/885/2
f 1890/886/2 1931/885/2 1889/884/2
f 1931/885/2 1890/886/2 1930/887/2
f 1891/888/2 1930/887/2 1890/886/2
f 1930/887/2 1891/888/2 1929/889/2
f 1892/890/2 1929/889/2 1891/888/2
f 1929/889/2 1892/890/2 1928/891/2
f 1893/892/2 1928/891/2 1892/890/2
f 1928/891/2 1893/892/2 1927/893/2
f 1894/894/2 1927/893/2 1893/892/2
f 1927/893/2 1894/894/2 1926/895/2
f 1895/896/2 1926/895/2 1894/894/2
f 1926/895/2 1895/896/2 1925/897/2
f 1896/898/2 1925/897/2 1895/896/2
f 1925/897/2 1896/898/2 1924/899/2
f 1897/900/2 1924/899/2 1896/898/2
f 1924/899/2 1897/900/2 1923/901/2
f 1898/902/2 1923/901/2 1897/900/2
f 1923/901/2 1898/902/2 1922/903/2
f 1899/904/2 1922/903/2 1898/902/2
f 1922/903/2 1899/904/2 1921/905/2
f 1900/832/2 1921/905/2 1899/904/2
f 2043/831/2 1921/905/2 1900/832/2
f 1921/905/2 2043/831/2 1920/841/2
f 1920/841/2 2043/831/2 2042/840/2
f 2042/840/2 2043/831/2 1916/839/2
f 1916/839/2 2043/831/2 1915/878/2
f 2044/803/2 1915/878/2 2043/831/2
f 1914/801/2 1915/878/2 2044/803/2
f 1915/878/2 1914/801/2 2137/879/2
f 2137/879/2 1914/801/2 2136/906/2
f 1913/802/2 2136/906/2 1914/801/2
f 2135/804/2 2136/906/2 1913/802/2
f 2326/796/2 2175/848/2 2176/795/2
f 2175/848/2 2326/796/2 2325/847/2
f 2325/847/2 2326/796/2 2098/850/2
f 2097/800/2 2098/850/2 2326/796/2
f 2341/812/2 2098/850/2 2097/800/2
f 2098/850/2 2341/812/2 2342/851/2
f 2375/854/2 2376/814/2 2508/853/2
f 2509/815/2 2508/853/2 2376/814/2
f 2279/793/2 2508/853/2 2509/815/2
f 2508/853/2 2279/793/2 2280/856/2
f 2529/816/2 2280/856/2 2279/793/2
f 2530/907/2 2280/856/2 2529/816/2
f 2280/856/2 2530/907/2 2531/857/2
f 2554/908/2 2555/910/2 2474/909/2
f 2474/909/2 2555/910/2 2473/911/2
f 2473/911/2 2555/910/2 2472/912/2
f 2556/820/2 2472/912/2 2555/910/2
f 2472/912/2 2556/820/2 2471/913/2
f 2470/818/2 2471/913/2 2556/820/2
f 2169/914/2 2170/916/2 2322/915/2
f 2347/917/2 2102/919/2 2101/918/2
f 2102/919/2 2347/917/2 2348/920/2
f 2503/921/2 2372/923/2 2373/922/2
f 2502/924/2 2372/923/2 2503/921/2
f 2372/923/2 2502/924/2 2501/925/2
f 2283/926/2 2501/925/2 2502/924/2
f 2501/925/2 2283/926/2 2284/927/2
f 2167/928/2 2168/930/2 2321/929/2
f 2103/931/2 2349/933/2 2350/932/2
f 2285/934/2 2614/936/2 2499/935/2
f 2168/930/2 2169/914/2 2321/929/2
f 2322/915/2 2321/929/2 2169/914/2
f 2321/929/2 2322/915/2 2103/931/2
f 2102/919/2 2103/931/2 2322/915/2
f 2103/931/2 2102/919/2 2349/933/2
f 2348/920/2 2349/933/2 2102/919/2
f 2501/925/2 2371/937/2 2372/923/2
f 2284/927/2 2500/938/2 2501/925/2
f 2500/938/2 2284/927/2 2499/935/2
f 2499/935/2 2284/927/2 2285/934/2
f 2104/939/2 2351/941/2 2352/940/2
f 2319/942/2 2320/944/2 2105/943/2
f 2104/939/2 2105/943/2 2320/944/2
f 2141/945/2 2036/947/2 2037/946/2
f 2142/948/2 2036/947/2 2141/945/2
f 2036/947/2 2142/948/2 2035/949/2
f 2143/950/2 2035/949/2 2142/948/2
f 2167/928/2 2320/944/2 2166/951/2
f 2321/929/2 2320/944/2 2167/928/2
f 2320/944/2 2321/929/2 2104/939/2
f 2103/931/2 2104/939/2 2321/929/2
f 2350/932/2 2104/939/2 2103/931/2
f 2104/939/2 2350/932/2 2351/941/2
f 2499/935/2 2287/952/2 2500/938/2
f 2287/952/2 2499/935/2 2286/953/2
f 2285/934/2 2497/955/2 2498/954/2
f 2284/927/2 2497/955/2 2285/934/2
f 2497/955/2 2284/927/2 2496/956/2
f 2496/956/2 2284/927/2 2495/957/2
f 2106/958/2 2607/960/2 2318/959/2
f 2312/961/2 2355/963/2 2311/962/2
f 2356/964/2 2311/962/2 2355/963/2
f 2311/962/2 2356/964/2 2310/965/2
f 2357/966/2 2310/965/2 2356/964/2
f 2310/965/2 2357/966/2 2309/967/2
f 2358/968/2 2309/967/2 2357/966/2
f 2309/967/2 2358/968/2 2308/969/2
f 2359/970/2 2308/969/2 2358/968/2
f 2308/969/2 2359/970/2 2307/971/2
f 2360/972/2 2307/971/2 2359/970/2
f 2307/971/2 2360/972/2 2306/973/2
f 2361/974/2 2306/973/2 2360/972/2
f 2306/973/2 2361/974/2 2305/975/2
f 2362/976/2 2305/975/2 2361/974/2
f 2305/975/2 2362/976/2 2304/977/2
f 2363/978/2 2304/977/2 2362/976/2
f 2304/977/2 2363/978/2 2303/979/2
f 2364/980/2 2303/979/2 2363/978/2
f 2303/979/2 2364/980/2 2302/981/2
f 2365/982/2 2302/981/2 2364/980/2
f 2302/981/2 2365/982/2 2301/983/2
f 2301/983/2 2365/982/2 2300/984/2
f 2366/985/2 2300/984/2 2365/982/2
f 2300/984/2 2366/985/2 2299/986/2
f 2367/987/2 2299/986/2 2366/985/2
f 2299/986/2 2367/987/2 2298/988/2
f 2298/988/2 2367/987/2 2297/989/2
f 2368/990/2 2297/989/2 2367/987/2
f 2297/989/2 2368/990/2 2296/991/2
f 2296/991/2 2368/990/2 2295/992/2
f 2295/992/2 2368/990/2 2294/993/2
f 2143/950/2 2034/994/2 2035/949/2
f 2034/994/2 2143/950/2 2033/995/2
f 2144/996/2 2033/995/2 2143/950/2
f 2033/995/2 2144/996/2 2130/997/2
f 2145/998/2 2130/997/2 2144/996/2
f 2130/997/2 2145/998/2 2129/999/2
f 2146/1000/2 2129/999/2 2145/998/2
f 2129/999/2 2146/1000/2 2128/1001/2
f 2147/1002/2 2128/1001/2 2146/1000/2
f 2128/1001/2 2147/1002/2 2127/1003/2
f 2148/1004/2 2127/1003/2 2147/1002/2
f 2127/1003/2 2148/1004/2 2126/1005/2
f 2149/1006/2 2126/1005/2 2148/1004/2
f 2126/1005/2 2149/1006/2 2125/1007/2
f 2150/1008/2 2125/1007/2 2149/1006/2
f 2125/1007/2 2150/1008/2 2124/1009/2
f 2151/1010/2 2124/1009/2 2150/1008/2
f 2124/1009/2 2151/1010/2 2123/1011/2
f 2152/1012/2 2123/1011/2 2151/1010/2
f 2123/1011/2 2152/1012/2 2122/1013/2
f 2153/1014/2 2122/1013/2 2152/1012/2
f 2122/1013/2 2153/1014/2 2121/1015/2
f 2154/1016/2 2121/1015/2 2153/1014/2
f 2121/1015/2 2154/1016/2 2120/1017/2
f 2155/1018/2 2120/1017/2 2154/1016/2
f 2120/1017/2 2155/1018/2 2119/1019/2
f 2156/1020/2 2119/1019/2 2155/1018/2
f 2157/1021/2 2119/1019/2 2156/1020/2
f 2119/1019/2 2157/1021/2 2118/1022/2
f 2158/1023/2 2118/1022/2 2157/1021/2
f 2118/1022/2 2158/1023/2 2117/1024/2
f 2159/1025/2 2117/1024/2 2158/1023/2
f 2117/1024/2 2159/1025/2 2116/1026/2
f 2160/1027/2 2116/1026/2 2159/1025/2
f 2116/1026/2 2160/1027/2 2115/1028/2
f 2161/1029/2 2115/1028/2 2160/1027/2
f 2115/1028/2 2161/1029/2 2114/1030/2
f 2162/1031/2 2114/1030/2 2161/1029/2
f 2114/1030/2 2162/1031/2 2113/1032/2
f 2163/1033/2 2113/1032/2 2162/1031/2
f 2113/1032/2 2163/1033/2 2112/1034/2
f 2164/1035/2 2112/1034/2 2163/1033/2
f 2112/1034/2 2164/1035/2 2111/1036/2
f 2111/1036/2 2164/1035/2 2110/1037/2
f 2165/1038/2 2110/1037/2 2164/1035/2
f 2110/1037/2 2165/1038/2 2109/1039/2
f 2166/951/2 2109/1039/2 2165/1038/2
f 2109/1039/2 2166/951/2 2108/1040/2
f 2320/944/2 2108/1040/2 2166/951/2
f 2319/942/2 2108/1040/2 2320/944/2
f 2108/1040/2 2319/942/2 2107/1041/2
f 2107/1041/2 2319/942/2 2318/959/2
f 2318/959/2 2319/942/2 2106/958/2
f 2105/943/2 2106/958/2 2319/942/2
f 2106/958/2 2105/943/2 2317/1042/2
f 2317/1042/2 2105/943/2 2316/1043/2
f 2104/939/2 2316/1043/2 2105/943/2
f 2352/940/2 2316/1043/2 2104/939/2
f 2316/1043/2 2352/940/2 2315/1044/2
f 2353/1045/2 2315/1044/2 2352/940/2
f 2315/1044/2 2353/1045/2 2314/1046/2
f 2354/1047/2 2314/1046/2 2353/1045/2
f 2314/1046/2 2354/1047/2 2313/1048/2
f 2313/1048/2 2354/1047/2 2312/961/2
f 2312/961/2 2354/1047/2 2355/963/2
f 2368/990/2 2369/1049/2 2294/993/2
f 2294/993/2 2369/1049/2 2293/1050/2
f 2293/1050/2 2369/1049/2 2292/1051/2
f 2370/1052/2 2292/1051/2 2369/1049/2
f 2292/1051/2 2370/1052/2 2291/1053/2
f 2291/1053/2 2370/1052/2 2290/1054/2
f 2371/937/2 2290/1054/2 2370/1052/2
f 2290/1054/2 2371/937/2 2289/1055/2
f 2289/1055/2 2371/937/2 2288/1056/2
f 2501/925/2 2288/1056/2 2371/937/2
f 2500/938/2 2288/1056/2 2501/925/2
f 2287/952/2 2288/1056/2 2500/938/2
f 2139/865/2 2038/1057/2 2039/867/2
f 2140/1058/2 2038/1057/2 2139/865/2
f 2038/1057/2 2140/1058/2 2037/946/2
f 2037/946/2 2140/1058/2 2141/945/2
f 2170/916/2 2171/862/2 2322/915/2
f 2323/863/2 2322/915/2 2171/862/2
f 2322/915/2 2323/863/2 2102/919/2
f 2102/919/2 2323/863/2 2101/918/2
f 2100/870/2 2101/918/2 2323/863/2
f 2345/871/2 2101/918/2 2100/870/2
f 2346/1059/2 2101/918/2 2345/871/2
f 2101/918/2 2346/1059/2 2347/917/2
f 2504/876/2 2373/922/2 2374/875/2
f 2373/922/2 2504/876/2 2503/921/2
f 2282/880/2 2503/921/2 2504/876/2
f 2503/921/2 2282/880/2 2502/924/2
f 2502/924/2 2282/880/2 2283/926/2
f 2536/882/2 2283/926/2 2282/880/2
f 2537/1060/2 2283/926/2 2536/882/2
f 2538/1061/2 2283/926/2 2537/1060/2
f 2283/926/2 2538/1061/2 2284/927/2
f 2284/927/2 2538/1061/2 2495/957/2
f 2539/1062/2 2495/957/2 2538/1061/2
f 2495/957/2 2539/1062/2 2494/1063/2
f 2540/1064/2 2494/1063/2 2539/1062/2
f 2494/1063/2 2540/1064/2 2493/1065/2
f 2541/1066/2 2493/1065/2 2540/1064/2
f 2542/1067/2 2493/1065/2 2541/1066/2
f 2493/1065/2 2542/1067/2 2492/1068/2
f 2543/1069/2 2492/1068/2 2542/1067/2
f 2492/1068/2 2543/1069/2 2491/1070/2
f 2544/1071/2 2491/1070/2 2543/1069/2
f 2491/1070/2 2544/1071/2 2490/1072/2
f 2545/1073/2 2490/1072/2 2544/1071/2
f 2490/1072/2 2545/1073/2 2489/1074/2
f 2546/1075/2 2489/1074/2 2545/1073/2
f 2489/1074/2 2546/1075/2 2488/1076/2
f 2547/1077/2 2488/1076/2 2546/1075/2
f 2488/1076/2 2547/1077/2 2487/1078/2
f 2548/1079/2 2487/1078/2 2547/1077/2
f 2487/1078/2 2548/1079/2 2486/1080/2
f 2549/1081/2 2486/1080/2 2548/1079/2
f 2486/1080/2 2549/1081/2 2485/1082/2
f 2485/1082/2 2549/1081/2 2484/1083/2
f 2550/1084/2 2484/1083/2 2549/1081/2
f 2484/1083/2 2550/1084/2 2483/1085/2
f 2551/1086/2 2483/1085/2 2550/1084/2
f 2483/1085/2 2551/1086/2 2482/1087/2
f 2482/1087/2 2551/1086/2 2481/1088/2
f 2552/1089/2 2481/1088/2 2551/1086/2
f 2481/1088/2 2552/1089/2 2480/1090/2
f 2480/1090/2 2552/1089/2 2479/1091/2
f 2479/1091/2 2552/1089/2 2478/1092/2
f 2553/1093/2 2478/1092/2 2552/1089/2
f 2478/1092/2 2553/1093/2 2477/1094/2
f 2477/1094/2 2553/1093/2 2476/1095/2
f 2554/908/2 2476/1095/2 2553/1093/2
f 2476/1095/2 2554/908/2 2475/1096/2
f 2474/909/2 2475/1096/2 2554/908/2
f 1879/750/2 1943/1097/2 1944/749/2
f 1943/1097/2 1879/750/2 1942/1098/2
f 1880/1099/2 1942/1098/2 1879/750/2
f 1942/1098/2 1880/1099/2 1941/1100/2
f 1881/1101/2 1941/1100/2 1880/1099/2
f 1941/1100/2 1881/1101/2 1940/1102/2
f 1940/1102/2 1881/1101/2 1939/1103/2
f 1882/1104/2 1939/1103/2 1881/1101/2
f 1939/1103/2 1882/1104/2 1938/1105/2
f 1883/1106/2 1938/1105/2 1882/1104/2
f 1938/1105/2 1883/1106/2 1937/821/2
f 1937/821/2 1883/1106/2 1884/823/2
f 1907/834/2 2600/835/2 1908/1107/2
f 1908/1107/2 1911/807/2 1907/834/2
f 1836/764/2 2132/836/2 1910/1108/2
f 2131/1109/2 2132/836/2 1836/764/2
f 2094/715/2 2180/780/2 2181/714/2
f 2180/780/2 2094/715/2 2095/779/2
f 2464/748/2 2559/777/2 2560/747/2
f 2559/777/2 2464/748/2 2465/776/2
f 1794/471/2 1769/562/2 1770/473/2
f 1769/562/2 1794/471/2 1793/563/2
f 1793/563/2 1794/471/2 1758/565/2
f 1758/565/2 1794/471/2 1757/566/2
f 1795/472/2 1757/566/2 1794/471/2
f 1756/475/2 1757/566/2 1795/472/2
f 1757/566/2 1756/475/2 1866/568/2
f 1755/456/2 1866/568/2 1756/475/2
f 1866/568/2 1755/456/2 1865/1110/2
f 1754/458/2 1865/1110/2 1755/456/2
f 1803/493/2 1865/1110/2 1754/458/2
f 1804/1111/2 1865/1110/2 1803/493/2
f 1865/1110/2 1804/1111/2 1864/1112/2
f 1805/1113/2 1864/1112/2 1804/1111/2
f 1806/495/2 1864/1112/2 1805/1113/2
f 1863/496/2 1864/1112/2 1806/495/2
f 1816/511/2 1856/1114/2 1857/509/2
f 1817/1115/2 1856/1114/2 1816/511/2
f 1856/1114/2 1817/1115/2 1855/1116/2
f 1818/1117/2 1855/1116/2 1817/1115/2
f 1855/1116/2 1818/1117/2 1854/1118/2
f 1819/1119/2 1854/1118/2 1818/1117/2
f 1854/1118/2 1819/1119/2 1853/1120/2
f 1820/1121/2 1853/1120/2 1819/1119/2
f 1853/1120/2 1820/1121/2 1852/1122/2
f 1821/1123/2 1852/1122/2 1820/1121/2
f 1822/1124/2 1852/1122/2 1821/1123/2
f 1852/1122/2 1822/1124/2 1851/1125/2
f 1823/1126/2 1851/1125/2 1822/1124/2
f 1851/1125/2 1823/1126/2 1850/1127/2
f 1824/1128/2 1850/1127/2 1823/1126/2
f 1850/1127/2 1824/1128/2 1849/630/2
f 1825/1129/2 1849/630/2 1824/1128/2
f 1849/630/2 1825/1129/2 2054/569/2
f 2054/569/2 1825/1129/2 2055/556/2
f 1826/1130/2 2055/556/2 1825/1129/2
f 1827/1131/2 2055/556/2 1826/1130/2
f 2055/556/2 1827/1131/2 2056/558/2
f 2056/558/2 2602/1132/2 1828/559/2
f 2602/1132/2 2057/1133/2 1828/559/2
f 1828/559/2 2057/1133/2 1829/557/2
f 2058/1134/2 1829/557/2 2057/1133/2
f 1829/557/2 2058/1134/2 1830/570/2
f 2059/1135/2 1830/570/2 2058/1134/2
f 1830/570/2 2059/1135/2 2217/622/2
f 2217/622/2 2059/1135/2 2216/1136/2
f 2060/1137/2 2216/1136/2 2059/1135/2
f 2216/1136/2 2060/1137/2 2215/1138/2
f 2061/1139/2 2215/1138/2 2060/1137/2
f 2215/1138/2 2061/1139/2 2214/1140/2
f 2062/1141/2 2214/1140/2 2061/1139/2
f 2214/1140/2 2062/1141/2 2213/1142/2
f 2063/1143/2 2213/1142/2 2062/1141/2
f 2213/1142/2 2063/1143/2 2212/1144/2
f 2064/1145/2 2212/1144/2 2063/1143/2
f 2212/1144/2 2064/1145/2 2211/1146/2
f 2065/1147/2 2211/1146/2 2064/1145/2
f 2211/1146/2 2065/1147/2 2210/1148/2
f 2066/1149/2 2210/1148/2 2065/1147/2
f 2210/1148/2 2066/1149/2 2209/1150/2
f 2067/1151/2 2209/1150/2 2066/1149/2
f 2209/1150/2 2067/1151/2 2208/1152/2
f 2068/1153/2 2208/1152/2 2067/1151/2
f 2208/1152/2 2068/1153/2 2207/1154/2
f 2069/1155/2 2207/1154/2 2068/1153/2
f 2207/1154/2 2069/1155/2 2206/1156/2
f 2070/1157/2 2206/1156/2 2069/1155/2
f 2206/1156/2 2070/1157/2 2205/1158/2
f 2205/1158/2 2070/1157/2 2204/1159/2
f 2071/1160/2 2204/1159/2 2070/1157/2
f 2204/1159/2 2071/1160/2 2203/1161/2
f 2072/1162/2 2203/1161/2 2071/1160/2
f 2203/1161/2 2072/1162/2 2202/1163/2
f 2073/1164/2 2202/1163/2 2072/1162/2
f 2202/1163/2 2073/1164/2 2201/1165/2
f 2074/1166/2 2201/1165/2 2073/1164/2
f 2201/1165/2 2074/1166/2 2200/1167/2
f 2075/1168/2 2200/1167/2 2074/1166/2
f 2076/1169/2 2200/1167/2 2075/1168/2
f 2200/1167/2 2076/1169/2 2199/1170/2
f 2077/1171/2 2199/1170/2 2076/1169/2
f 2199/1170/2 2077/1171/2 2198/1172/2
f 2078/1173/2 2198/1172/2 2077/1171/2
f 2198/1172/2 2078/1173/2 2197/1174/2
f 2079/1175/2 2197/1174/2 2078/1173/2
f 2197/1174/2 2079/1175/2 2196/623/2
f 2080/1176/2 2196/623/2 2079/1175/2
f 2196/623/2 2080/1176/2 2238/589/2
f 2081/1177/2 2238/589/2 2080/1176/2
f 2238/589/2 2081/1177/2 2239/571/2
f 2239/571/2 2081/1177/2 2082/1178/2
f 2240/1179/2 2241/1180/2 2083/572/2
f 2083/572/2 2241/1180/2 2084/588/2
f 2242/1181/2 2084/588/2 2241/1180/2
f 2084/588/2 2242/1181/2 2412/593/2
f 2243/1182/2 2412/593/2 2242/1181/2
f 2412/593/2 2243/1182/2 2411/1183/2
f 2244/1184/2 2411/1183/2 2243/1182/2
f 2411/1183/2 2244/1184/2 2410/1185/2
f 2245/1186/2 2410/1185/2 2244/1184/2
f 2410/1185/2 2245/1186/2 2409/1187/2
f 2246/1188/2 2409/1187/2 2245/1186/2
f 2409/1187/2 2246/1188/2 2408/1189/2
f 2247/1190/2 2408/1189/2 2246/1188/2
f 2408/1189/2 2247/1190/2 2407/1191/2
f 2248/1192/2 2407/1191/2 2247/1190/2
f 2407/1191/2 2248/1192/2 2406/1193/2
f 2249/1194/2 2406/1193/2 2248/1192/2
f 2406/1193/2 2249/1194/2 2405/1195/2
f 2250/1196/2 2405/1195/2 2249/1194/2
f 2405/1195/2 2250/1196/2 2404/1197/2
f 2251/1198/2 2404/1197/2 2250/1196/2
f 2252/1199/2 2404/1197/2 2251/1198/2
f 2404/1197/2 2252/1199/2 2403/1200/2
f 2253/513/2 2403/1200/2 2252/1199/2
f 2402/514/2 2403/1200/2 2253/513/2
f 2021/380/2 2398/1201/2 2399/518/2
f 2020/519/2 2398/1201/2 2021/380/2
f 2398/1201/2 2020/519/2 2397/1202/2
f 2397/1202/2 2020/519/2 2396/1203/2
f 2019/520/2 2396/1203/2 2020/519/2
f 2396/1203/2 2019/520/2 2395/1204/2
f 2395/1204/2 2019/520/2 2394/1205/2
f 2018/446/2 2394/1205/2 2019/520/2
f 2394/1205/2 2018/446/2 2393/1206/2
f 2393/1206/2 2018/446/2 2392/1207/2
f 2017/447/2 2392/1207/2 2018/446/2
f 2392/1207/2 2017/447/2 2391/1208/2
f 2391/1208/2 2017/447/2 2390/1209/2
f 2016/449/2 2390/1209/2 2017/447/2
f 2421/477/2 2390/1209/2 2016/449/2
f 2390/1209/2 2421/477/2 2389/631/2
f 2389/631/2 2421/477/2 2420/633/2
f 2270/478/2 2420/633/2 2421/477/2
f 2420/633/2 2270/478/2 2271/634/2
f 2011/479/2 2271/634/2 2270/478/2
f 2010/522/2 2271/634/2 2011/479/2
f 2271/634/2 2010/522/2 2514/635/2
f 2514/635/2 2010/522/2 2513/1210/2
f 2009/465/2 2513/1210/2 2010/522/2
f 2512/480/2 2513/1210/2 2009/465/2
f 1516/468/2 2570/1211/2 2571/470/2
f 2570/1211/2 1516/468/2 2569/1212/2
f 2569/1212/2 1516/468/2 2568/1213/2
f 1515/490/2 2568/1213/2 1516/468/2
f 1514/482/2 2568/1213/2 1515/490/2
f 2568/1213/2 1514/482/2 2567/1214/2
f 1513/483/2 2567/1214/2 1514/482/2
f 2567/1214/2 1513/483/2 2566/773/2
f 2566/773/2 1513/483/2 2458/772/2
f 2458/772/2 1513/483/2 2457/576/2
f 2457/576/2 1513/483/2 1512/575/2
f 2455/485/2 1512/575/2 1513/483/2
f 1512/575/2 2455/485/2 1511/574/2
f 1511/574/2 2455/485/2 2456/577/2
f 2456/577/2 2455/485/2 1510/1215/2
f 1510/1215/2 2455/485/2 1509/1216/2
f 1528/537/2 1509/1216/2 2455/485/2
f 1509/1216/2 1528/537/2 1508/1217/2
f 1529/1218/2 1508/1217/2 1528/537/2
f 1508/1217/2 1529/1218/2 1507/1219/2
f 1530/1220/2 1507/1219/2 1529/1218/2
f 1507/1219/2 1530/1220/2 1506/1221/2
f 1531/1222/2 1506/1221/2 1530/1220/2
f 1506/1221/2 1531/1222/2 1505/1223/2
f 1532/1224/2 1505/1223/2 1531/1222/2
f 1505/1223/2 1532/1224/2 1504/1225/2
f 1533/1226/2 1504/1225/2 1532/1224/2
f 1504/1225/2 1533/1226/2 1503/1227/2
f 1534/1228/2 1503/1227/2 1533/1226/2
f 1503/1227/2 1534/1228/2 1502/1229/2
f 1535/1230/2 1502/1229/2 1534/1228/2
f 1502/1229/2 1535/1230/2 1501/1231/2
f 1501/1231/2 1535/1230/2 1500/1232/2
f 1536/1233/2 1500/1232/2 1535/1230/2
f 1500/1232/2 1536/1233/2 1499/1234/2
f 1537/1235/2 1499/1234/2 1536/1233/2
f 1499/1234/2 1537/1235/2 1498/1236/2
f 1538/1237/2 1498/1236/2 1537/1235/2
f 1498/1236/2 1538/1237/2 1497/1238/2
f 1539/1239/2 1497/1238/2 1538/1237/2
f 1497/1238/2 1539/1239/2 1496/1240/2
f 1540/1241/2 1496/1240/2 1539/1239/2
f 1496/1240/2 1540/1241/2 1495/1242/2
f 1541/1243/2 1495/1242/2 1540/1241/2
f 1495/1242/2 1541/1243/2 1494/1244/2
f 1542/1245/2 1494/1244/2 1541/1243/2
f 1494/1244/2 1542/1245/2 1493/1246/2
f 1543/1247/2 1493/1246/2 1542/1245/2
f 1493/1246/2 1543/1247/2 1492/1248/2
f 1492/1248/2 1543/1247/2 1491/1249/2
f 1544/1250/2 1491/1249/2 1543/1247/2
f 1491/1249/2 1544/1250/2 1490/1251/2
f 1545/1252/2 1490/1251/2 1544/1250/2
f 1490/1251/2 1545/1252/2 1489/1253/2
f 1546/1254/2 1489/1253/2 1545/1252/2
f 1489/1253/2 1546/1254/2 1488/1255/2
f 1547/1256/2 1488/1255/2 1546/1254/2
f 1488/1255/2 1547/1256/2 1487/1257/2
f 1487/1257/2 1547/1256/2 1486/1258/2
f 1548/1259/2 1486/1258/2 1547/1256/2
f 1486/1258/2 1548/1259/2 1485/1260/2
f 1549/1261/2 1485/1260/2 1548/1259/2
f 1485/1260/2 1549/1261/2 1484/1262/2
f 1550/1263/2 1484/1262/2 1549/1261/2
f 1484/1262/2 1550/1263/2 1483/1264/2
f 1551/1265/2 1483/1264/2 1550/1263/2
f 1483/1264/2 1551/1265/2 1482/1266/2
f 1552/1267/2 1482/1266/2 1551/1265/2
f 1482/1266/2 1552/1267/2 1481/1268/2
f 1553/1269/2 1481/1268/2 1552/1267/2
f 1481/1268/2 1553/1269/2 1480/1270/2
f 1554/1271/2 1480/1270/2 1553/1269/2
f 1480/1270/2 1554/1271/2 1479/1272/2
f 1555/1273/2 1479/1272/2 1554/1271/2
f 1479/1272/2 1555/1273/2 1478/1274/2
f 1556/1275/2 1478/1274/2 1555/1273/2
f 1478/1274/2 1556/1275/2 1477/1276/2
f 1557/1277/2 1477/1276/2 1556/1275/2
f 1477/1276/2 1557/1277/2 1476/1278/2
f 1558/1279/2 1476/1278/2 1557/1277/2
f 1476/1278/2 1558/1279/2 1475/1280/2
f 1559/1281/2 1475/1280/2 1558/1279/2
f 1475/1280/2 1559/1281/2 1474/1282/2
f 1560/1283/2 1474/1282/2 1559/1281/2
f 1474/1282/2 1560/1283/2 1473/1284/2
f 1561/1285/2 1473/1284/2 1560/1283/2
f 1473/1284/2 1561/1285/2 1472/1286/2
f 1562/1287/2 1472/1286/2 1561/1285/2
f 1472/1286/2 1562/1287/2 1471/1288/2
f 1563/1289/2 1471/1288/2 1562/1287/2
f 1471/1288/2 1563/1289/2 1470/1290/2
f 1564/1291/2 1470/1290/2 1563/1289/2
f 1470/1290/2 1564/1291/2 1469/1292/2
f 1565/1293/2 1469/1292/2 1564/1291/2
f 1566/1294/2 1469/1292/2 1565/1293/2
f 1469/1292/2 1566/1294/2 1468/1295/2
f 1567/1296/2 1468/1295/2 1566/1294/2
f 1468/1295/2 1567/1296/2 1467/1297/2
f 1568/539/2 1467/1297/2 1567/1296/2
f 1466/540/2 1467/1297/2 1568/539/2
f 1511/574/2 2613/578/2 2457/576/2
f 2576/532/2 1517/421/2 2575/1298/2
f 2574/1299/2 1516/468/2 2573/481/2
f 1516/468/2 2574/1299/2 1517/421/2
f 2575/1298/2 1517/421/2 2574/1299/2
f 1518/425/2 1516/468/2 1517/421/2
f 1519/367/2 1516/468/2 1518/425/2
f 2450/368/2 1516/468/2 1519/367/2
f 2449/428/2 2612/369/2 1520/366/2
f 1752/436/2 2598/437/2 1801/442/2
f 1873/763/2 1762/759/2 1872/770/2
f 1872/770/2 1762/759/2 1761/581/2
f 1763/762/2 1761/581/2 1762/759/2
f 1764/690/2 1761/581/2 1763/762/2
f 1787/641/2 1761/581/2 1764/690/2
f 1788/642/2 1761/581/2 1787/641/2
f 1787/641/2 2597/689/2 1765/640/2
f 1751/441/2 2598/437/2 1800/435/2
f 2228/1300/2 1835/676/2 2227/768/2
f 1836/764/2 1835/676/2 2131/1109/2
f 2131/1109/2 1835/676/2 2228/1300/2
f 2046/765/2 1835/676/2 1836/764/2
f 1911/807/2 1910/1108/2 2132/836/2
f 1910/1108/2 1911/807/2 1909/1301/2
f 1909/1301/2 1911/807/2 1908/1107/2
f 2009/465/2 2595/1302/2 2596/467/2
f 2592/1303/2 2008/384/2 2591/523/2
f 2008/384/2 2595/1302/2 2009/465/2
f 2595/1302/2 2008/384/2 2594/1304/2
f 2594/1304/2 2008/384/2 2593/1305/2
f 2593/1305/2 2008/384/2 2592/1303/2
f 2008/384/2 2009/465/2 2007/405/2
f 2007/405/2 2009/465/2 2006/403/2
f 2006/403/2 2009/465/2 2005/401/2
f 2010/522/2 2005/401/2 2009/465/2
f 2014/460/2 2606/489/2 2268/459/2
f 2422/461/2 2609/488/2 2014/460/2
f 2255/517/2 2605/379/2 2022/378/2
f 2042/840/2 2599/844/2 1918/843/2
f 1906/790/2 2600/835/2 2045/787/2
f 2045/787/2 2600/835/2 1911/807/2
f 1836/764/2 2600/835/2 2601/766/2
f 1910/1108/2 2600/835/2 1836/764/2
f 1909/1301/2 2600/835/2 1910/1108/2
f 1908/1107/2 2600/835/2 1909/1301/2
f 2046/765/2 2601/766/2 1837/661/2
f 1827/1131/2 2602/1132/2 2056/558/2
f 2083/572/2 2604/573/2 2240/1179/2
f 2317/1042/2 2607/960/2 2106/958/2
f 2181/714/2 2230/704/2 2182/713/2
f 2230/704/2 2180/780/2 2229/809/2
f 2180/780/2 2230/704/2 2181/714/2
f 2231/707/2 2603/706/2 2185/716/2
f 2082/1178/2 2604/573/2 2239/571/2
f 2256/363/2 2605/379/2 2023/365/2
f 2267/454/2 2610/1306/2 2423/453/2
f 2013/462/2 2606/489/2 2267/454/2
f 2268/459/2 2606/489/2 2013/462/2
f 2525/794/2 2279/793/2 2524/1307/2
f 2523/721/2 2524/1307/2 2278/718/2
f 2278/718/2 2524/1307/2 2279/793/2
f 2510/813/2 2413/719/2 2279/793/2
f 2279/793/2 2413/719/2 2278/718/2
f 2498/954/2 2614/936/2 2285/934/2
f 2318/959/2 2607/960/2 2107/1041/2
f 2177/797/2 2608/799/2 2326/796/2
f 2326/796/2 2608/799/2 2097/800/2
f 2376/814/2 2377/703/2 2413/719/2
f 2015/476/2 2609/488/2 2422/461/2
f 2266/452/2 2610/1306/2 2015/476/2
f 2015/476/2 2610/1306/2 2609/488/2
f 2267/454/2 2609/488/2 2610/1306/2
f 2423/453/2 2610/1306/2 2266/452/2
f 2002/400/2 2611/345/2 2428/346/2
f 2450/368/2 2612/369/2 1521/371/2
f 1510/1215/2 2613/578/2 2456/577/2
f 2499/935/2 2614/936/2 2286/953/2
f 2618/1308/3 2615/374/4 2616/1309/4
f 2620/1310/5 2617/1311/3 2618/1308/3
f 2622/1312/6 2619/1313/5 2620/1310/5
f 2624/1314/7 2621/1315/6 2622/1312/6
f 2626/1316/8 2623/1317/7 2624/1314/7
f 2628/1318/9 2625/1319/8 2626/1316/8
f 2630/1320/10 2627/1321/9 2628/1318/9
f 2632/1322/11 2629/1323/10 2630/1320/10
f 2634/1324/12 2631/1325/11 2632/1322/11
f 2636/1326/13 2633/1327/12 2634/1324/12
f 2638/1328/14 2635/1329/13 2636/1326/13
f 2640/1330/15 2637/1331/14 2638/1328/14
f 2642/1332/16 2639/1333/15 2640/1330/15
f 2644/1334/17 2641/1335/16 2642/1332/16
f 2646/1336/18 2643/1337/17 2644/1334/17
f 2648/1338/19 2645/1339/18 2646/1336/18
f 2650/1340/20 2647/1341/19 2648/1338/19
f 2652/1342/21 2649/1343/20 2650/1340/20
f 2654/1344/22 2651/1345/21 2652/1342/21
f 2656/1346/23 2653/1347/22 2654/1344/22
f 2658/1348/24 2655/1349/23 2656/1346/23
f 2660/1350/25 2657/1351/24 2658/1348/24
f 2662/1352/26 2659/1353/25 2660/1350/25
f 2664/1354/27 2661/1355/26 2662/1352/26
f 2666/1356/28 2663/1357/27 2664/1354/27
f 2668/1358/29 2665/1359/28 2666/1356/28
f 2670/1360/30 2667/1361/29 2668/1358/29
f 2672/1362/31 2669/1363/30 2670/1360/30
f 2674/1364/32 2671/1365/31 2672/1362/31
f 2676/1366/33 2673/1367/32 2674/1364/32
f 2678/1368/34 2675/1369/33 2676/1366/33
f 2680/1370/35 2677/1371/34 2678/1368/34
f 2682/1372/36 2679/1373/35 2680/1370/35
f 2684/1374/37 2681/1375/36 2682/1372/36
f 2686/1376/38 2683/1377/37 2684/1374/37
f 2688/1378/39 2685/1379/38 2686/1376/38
f 2690/1380/40 2687/1381/39 2688/1378/39
f 2692/1382/41 2689/1383/40 2690/1380/40
f 2694/1384/42 2691/1385/41 2692/1382/41
f 2696/1386/43 2693/1387/42 2694/1384/42
f 2698/1388/44 2695/1389/43 2696/1386/43
f 2700/1390/45 2697/1391/44 2698/1388/44
f 2702/1392/46 2699/1393/45 2700/1390/45
f 2704/1394/47 2701/1395/46 2702/1392/46
f 2706/1396/48 2703/1397/47 2704/1394/47
f 2708/1398/49 2705/1399/48 2706/1396/48
f 2710/1400/50 2707/1401/49 2708/1398/49
f 2712/1402/51 2709/1403/50 2710/1400/50
f 2714/1404/52 2711/1405/51 2712/1402/51
f 2716/1406/53 2713/1407/52 2714/1404/52
f 2718/1408/54 2715/1409/53 2716/1406/53
f 2720/1410/55 2717/1411/54 2718/1408/54
f 2722/1412/56 2719/1413/55 2720/1410/55
f 2724/1414/57 2721/1415/56 2722/1412/56
f 2726/1416/58 2723/1417/57 2724/1414/57
f 2728/1418/59 2725/1419/58 2726/1416/58
f 2730/1420/60 2727/1421/59 2728/1418/59
f 2732/1422/61 2729/1423/60 2730/1420/60
f 2734/1424/62 2731/1425/61 2732/1422/61
f 2736/1426/63 2733/1427/62 2734/1424/62
f 2738/1428/64 2735/1429/63 2736/1426/63
f 2740/1430/65 2737/1431/64 2738/1428/64
f 2742/1432/66 2739/1433/65 2740/1430/65
f 2744/1434/67 2741/1435/66 2742/1432/66
f 2746/1436/68 2743/1437/67 2744/1434/67
f 2748/1438/69 2745/1439/68 2746/1436/68
f 2750/1440/70 2747/1441/69 2748/1438/69
f 2752/1442/71 2749/1443/70 2750/1440/70
f 2754/1444/72 2751/1445/71 2752/1442/71
f 2756/1446/73 2753/1447/72 2754/1444/72
f 2758/1448/74 2755/1449/73 2756/1446/73
f 2760/1450/75 2757/1451/74 2758/1448/74
f 2762/1452/76 2759/1453/75 2760/1450/75
f 2764/1454/77 2761/1455/76 2762/1452/76
f 2766/1456/78 2763/1457/77 2764/1454/77
f 2768/1458/79 2765/1459/78 2766/1456/78
f 2770/1460/80 2767/1461/79 2768/1458/79
f 2772/1462/81 2769/1463/80 2770/1460/80
f 2774/1464/82 2771/1465/81 2772/1462/81
f 2776/1466/83 2773/1467/82 2774/1464/82
f 2778/1468/84 2775/1469/83 2776/1466/83
f 2780/1470/85 2777/1471/84 2778/1468/84
f 2782/1472/86 2779/1473/85 2780/1470/85
f 2784/1474/87 2781/1475/86 2782/1472/86
f 2786/1476/88 2783/1477/87 2784/1474/87
f 2788/1478/89 2785/1479/88 2786/1476/88
f 2790/1480/90 2787/1481/89 2788/1478/89
f 2792/1482/91 2789/1483/90 2790/1480/90
f 2794/1484/92 2791/1485/91 2792/1482/91
f 2796/1486/93 2793/1487/92 2794/1484/92
f 2798/1488/94 2795/1489/93 2796/1486/93
f 2800/1490/95 2797/1491/94 2798/1488/94
f 2802/1492/96 2799/1493/95 2800/1490/95
f 2804/1494/97 2801/1495/96 2802/1492/96
f 2806/1496/98 2803/1497/97 2804/1494/97
f 2808/1498/99 2805/1499/98 2806/1496/98
f 2810/1500/100 2807/1501/99 2808/1498/99
f 2812/1502/101 2809/1503/100 2810/1500/100
f 2814/1504/102 2811/1505/101 2812/1502/101
f 2816/1506/103 2813/1507/102 2814/1504/102
f 2818/1508/104 2815/1509/103 2816/1506/103
f 2820/1510/105 2817/1511/104 2818/1508/104
f 2822/1512/106 2819/1513/105 2820/1510/105
f 2824/1514/107 2821/1515/106 2822/1512/106
f 2826/1516/108 2823/1517/107 2824/1514/107
f 2828/1518/109 2825/1519/108 2826/1516/108
f 2830/1520/110 2827/1521/109 2828/1518/109
f 2832/1522/111 2829/1523/110 2830/1520/110
f 2834/1524/112 2831/1525/111 2832/1522/111
f 2836/1526/113 2833/1527/112 2834/1524/112
f 2838/1528/114 2835/1529/115 2836/1526/113
f 2840/1530/116 2837/1531/114 2838/1528/114
f 2842/1532/117 2839/1533/116 2840/1530/116
f 2844/1534/118 2841/1535/117 2842/1532/117
f 2846/1536/119 2843/1537/118 2844/1534/118
f 2848/1538/120 2845/1539/119 2846/1536/119
f 2850/1540/121 2847/1541/120 2848/1538/120
f 2852/1542/122 2849/1543/121 2850/1540/121
f 2854/1544/123 2851/1545/122 2852/1542/122
f 2856/1546/124 2853/1547/123 2854/1544/123
f 2858/1548/125 2855/1549/124 2856/1546/124
f 2860/1550/126 2857/1551/125 2858/1548/125
f 2862/1552/127 2859/1553/126 2860/1550/126
f 2864/1554/128 2861/1555/127 2862/1552/127
f 2866/1556/129 2863/1557/128 2864/1554/128
f 2868/1558/130 2865/1559/129 2866/1556/129
f 2870/1560/131 2867/1561/130 2868/1558/130
f 2872/1562/132 2869/1563/131 2870/1560/131
f 2874/1564/133 2871/1565/132 2872/1562/132
f 2876/1566/134 2873/1567/133 2874/1564/133
f 2878/1568/135 2875/1569/134 2876/1566/134
f 2880/1570/136 2877/1571/135 2878/1568/135
f 2882/1572/137 2879/1573/136 2880/1570/136
f 2884/1574/138 2881/1575/137 2882/1572/137
f 2886/1576/139 2883/1577/138 2884/1574/138
f 2888/1578/140 2885/1579/139 2886/1576/139
f 2890/1580/141 2887/1581/140 2888/1578/140
f 2892/1582/142 2889/1583/141 2890/1580/141
f 2894/1584/143 2891/1585/142 2892/1582/142
f 2896/1586/144 2893/1587/143 2894/1584/143
f 2898/1588/145 2895/1589/144 2896/1586/144
f 2900/1590/146 2897/1591/145 2898/1588/145
f 2902/1592/147 2899/1593/148 2900/1590/146
f 2904/1594/149 2901/1595/150 2902/1592/147
f 2906/1596/151 2903/1597/149 2904/1594/149
f 2908/1598/152 2905/1599/151 2906/1596/151
f 2910/1600/153 2907/1601/152 2908/1598/152
f 2912/1602/154 2909/1603/153 2910/1600/153
f 2914/1604/155 2911/1605/154 2912/1602/154
f 2916/1606/156 2913/1607/155 2914/1604/155
f 2918/1608/157 2915/1609/156 2916/1606/156
f 2920/1610/158 2917/1611/157 2918/1608/157
f 2922/1612/159 2919/1613/160 2920/1610/158
f 2924/1614/161 2921/1615/159 2922/1612/159
f 2926/1616/162 2923/1617/161 2924/1614/161
f 2928/1618/163 2925/1619/162 2926/1616/162
f 2930/1620/164 2927/1621/165 2928/1618/163
f 2932/1622/166 2929/1623/164 2930/1620/164
f 2934/1624/167 2931/1625/166 2932/1622/166
f 2936/1626/168 2933/1627/167 2934/1624/167
f 2938/1628/169 2935/1629/168 2936/1626/168
f 2940/1630/170 2937/1631/169 2938/1628/169
f 2942/1632/171 2939/1633/170 2940/1630/170
f 2944/1634/172 2941/1635/171 2942/1632/171
f 2946/1636/173 2943/1637/172 2944/1634/172
f 2948/1638/174 2945/1639/173 2946/1636/173
f 2950/1640/175 2947/1641/174 2948/1638/174
f 2952/1642/176 2949/1643/175 2950/1640/175
f 2954/1644/177 2951/1645/176 2952/1642/176
f 2956/1646/178 2953/1647/177 2954/1644/177
f 2958/1648/179 2955/1649/178 2956/1646/178
f 2960/1650/180 2957/1651/179 2958/1648/179
f 2962/1652/181 2959/1653/180 2960/1650/180
f 2964/1654/182 2961/1655/181 2962/1652/181
f 2966/1656/183 2963/1657/182 2964/1654/182
f 2968/1658/184 2965/1659/183 2966/1656/183
f 2970/1660/185 2967/1661/184 2968/1658/184
f 2972/1662/186 2969/1663/185 2970/1660/185
f 2974/1664/187 2971/1665/186 2972/1662/186
f 2976/1666/188 2973/1667/187 2974/1664/187
f 2978/1668/189 2975/1669/188 2976/1666/188
f 2980/1670/190 2977/1671/189 2978/1668/189
f 2982/1672/191 2979/1673/190 2980/1670/190
f 2984/1674/192 2981/1675/193 2982/1672/191
f 2986/1676/194 2983/1677/192 2984/1674/192
f 2988/1678/195 2985/1679/194 2986/1676/194
f 2990/1680/196 2987/1681/195 2988/1678/195
f 2992/1682/197 2989/1683/196 2990/1680/196
f 2994/1684/198 2991/1685/197 2992/1682/197
f 2996/1686/199 2993/1687/198 2994/1684/198
f 2998/1688/200 2995/1689/199 2996/1686/199
f 3000/1690/201 2997/1691/200 2998/1688/200
f 3002/1692/202 2999/1693/201 3000/1690/201
f 3004/1694/203 3001/1695/202 3002/1692/202
f 3006/1696/204 3003/1697/203 3004/1694/203
f 3008/1698/205 3005/1699/204 3006/1696/204
f 3010/1700/206 3007/1701/205 3008/1698/205
f 3012/1702/194 3009/1703/206 3010/1700/206
f 3014/1704/207 3011/1705/194 3012/1702/194
f 3016/1706/208 3013/1707/207 3014/1704/207
f 3018/1708/209 3015/1709/208 3016/1706/208
f 3020/1710/210 3017/1711/209 3018/1708/209
f 3022/1712/211 3019/1713/210 3020/1710/210
f 3024/1714/212 3021/1715/211 3022/1712/211
f 3026/1716/213 3023/1717/212 3024/1714/212
f 3028/1718/214 3025/1719/213 3026/1716/213
f 3030/1720/215 3027/1721/214 3028/1718/214
f 3032/1722/216 3029/1723/215 3030/1720/215
f 3034/1724/217 3031/1725/216 3032/1722/216
f 3036/1726/218 3033/1727/217 3034/1724/217
f 3038/1728/219 3035/1729/218 3036/1726/218
f 3040/1730/220 3037/1731/219 3038/1728/219
f 3042/1732/221 3039/1733/220 3040/1730/220
f 3044/1734/222 3041/1735/221 3042/1732/221
f 3046/1736/223 3043/1737/222 3044/1734/222
f 3048/1738/224 3045/1739/223 3046/1736/223
f 3050/1740/225 3047/1741/224 3048/1738/224
f 3052/1742/226 3049/1743/225 3050/1740/225
f 3054/1744/227 3051/1745/226 3052/1742/226
f 3056/1746/228 3053/1747/227 3054/1744/227
f 3058/1748/229 3055/1749/228 3056/1746/228
f 3060/1750/230 3057/1751/229 3058/1748/229
f 3062/1752/231 3059/1753/230 3060/1750/230
f 3064/1754/232 3061/1755/231 3062/1752/231
f 3066/1756/233 3063/1757/232 3064/1754/232
f 3068/1758/234 3065/1759/235 3066/1756/233
f 3070/1760/236 3067/1761/234 3068/1758/234
f 3072/1762/237 3069/1763/236 3070/1760/236
f 3074/1764/238 3071/1765/237 3072/1762/237
f 3076/1766/239 3073/1767/238 3074/1764/238
f 3078/1768/240 3075/1769/239 3076/1766/239
f 3080/1770/241 3077/1771/240 3078/1768/240
f 3082/1772/242 3079/1773/241 3080/1770/241
f 3084/1774/243 3081/232/242 3082/1772/242
f 3086/1775/244 3083/1776/243 3084/1774/243
f 3088/1777/245 3085/1778/244 3086/1775/244
f 3090/1779/246 3087/1780/245 3088/1777/245
f 3092/1781/247 3089/1782/246 3090/1779/246
f 3094/1783/248 3091/1784/247 3092/1781/247
f 3096/1785/249 3093/1786/248 3094/1783/248
f 3098/1787/250 3095/1788/249 3096/1785/249
f 3100/1789/251 3097/1790/250 3098/1787/250
f 3102/1791/252 3099/1792/251 3100/1789/251
f 3104/1793/253 3101/1794/252 3102/1791/252
f 3106/1795/254 3103/1796/253 3104/1793/253
f 3108/1797/255 3105/1798/254 3106/1795/254
f 3110/1799/256 3107/1800/255 3108/1797/255
f 3112/1801/257 3109/1802/256 3110/1799/256
f 3114/1803/258 3111/1804/257 3112/1801/257
f 3116/1805/259 3113/1806/258 3114/1803/258
f 3118/1807/260 3115/1808/259 3116/1805/259
f 3120/1809/261 3117/1810/260 3118/1807/260
f 3122/1811/262 3119/1812/261 3120/1809/261
f 3124/1813/263 3121/1814/262 3122/1811/262
f 3126/1815/264 3123/1816/263 3124/1813/263
f 3128/1817/265 3125/1818/264 3126/1815/264
f 3130/1819/266 3127/1820/265 3128/1817/265
f 3132/1821/267 3129/1822/266 3130/1819/266
f 3134/1823/268 3131/1824/267 3132/1821/267
f 3136/1825/269 3133/1826/268 3134/1823/268
f 3138/1827/270 3135/1828/269 3136/1825/269
f 3140/1829/271 3137/1830/270 3138/1827/270
f 3142/1831/272 3139/1832/271 3140/1829/271
f 3144/1833/273 3141/1834/274 3142/1831/272
f 3146/1835/275 3143/1836/273 3144/1833/273
f 3148/1837/276 3145/1838/275 3146/1835/275
f 3150/1839/277 3147/1840/276 3148/1837/276
f 3152/1841/278 3149/1842/277 3150/1839/277
f 3154/1843/279 3151/1844/278 3152/1841/278
f 3156/1845/280 3153/1846/279 3154/1843/279
f 3158/1847/281 3155/1848/280 3156/1845/280
f 3160/1849/282 3157/1850/281 3158/1847/281
f 3162/1851/283 3159/1852/284 3160/1849/282
f 3164/1853/285 3161/1854/286 3162/1851/283
f 3166/1855/287 3163/1856/288 3164/1853/285
f 3168/1857/289 3165/1858/287 3166/1855/287
f 3170/1859/290 3167/1860/291 3168/1857/289
f 3172/1861/292 3169/1862/293 3170/1859/290
f 3174/1863/294 3171/1864/295 3172/1861/292
f 3176/1865/296 3173/1866/294 3174/1863/294
f 3178/1867/297 3175/1868/298 3176/1865/296
f 3180/1869/299 3177/1870/297 3178/1867/297
f 3182/1871/300 3179/1872/299 3180/1869/299
f 3184/1873/301 3181/1874/300 3182/1871/300
f 3186/1875/302 3183/1876/301 3184/1873/301
f 3188/1877/303 3185/1878/302 3186/1875/302
f 3190/1879/304 3187/1880/303 3188/1877/303
f 3192/1881/305 3189/1882/304 3190/1879/304
f 3194/1883/306 3191/1884/305 3192/1881/305
f 3196/1885/307 3193/1886/306 3194/1883/306
f 3198/1887/308 3195/1888/307 3196/1885/307
f 3200/1889/309 3197/1890/308 3198/1887/308
f 3202/1891/310 3199/1892/309 3200/1889/309
f 3204/1893/311 3201/1894/310 3202/1891/310
f 3206/1895/312 3203/1896/311 3204/1893/311
f 3208/1897/313 3205/1898/312 3206/1895/312
f 3210/1899/314 3207/1900/313 3208/1897/313
f 3212/1901/315 3209/1902/314 3210/1899/314
f 3214/1903/316 3211/1904/315 3212/1901/315
f 3216/1905/317 3213/1906/316 3214/1903/316
f 3218/1907/318 3215/1908/317 3216/1905/317
f 3220/1909/319 3217/1910/318 3218/1907/318
f 3222/1911/320 3219/1912/319 3220/1909/319
f 3224/1913/321 3221/1914/320 3222/1911/320
f 3226/1915/322 3223/1916/321 3224/1913/321
f 3228/1917/323 3225/1918/322 3226/1915/322
f 3230/1919/324 3227/1920/323 3228/1917/323
f 3232/1921/325 3229/1922/324 3230/1919/324
f 3234/1923/326 3231/1924/325 3232/1921/325
f 3236/1925/327 3233/1926/326 3234/1923/326
f 3238/1927/328 3235/1928/327 3236/1925/327
f 3240/1929/329 3237/1930/328 3238/1927/328
f 3242/1931/330 3239/1932/329 3240/1929/329
f 3244/1933/331 3241/1934/330 3242/1931/330
f 3246/1935/332 3243/1936/331 3244/1933/331
f 3248/1937/333 3245/1938/332 3246/1935/332
f 3250/1939/334 3247/1940/333 3248/1937/333
f 3252/1941/335 3249/1942/334 3250/1939/334
f 3254/1943/336 3251/1944/335 3252/1941/335
f 3256/1945/337 3253/1946/336 3254/1943/336
f 3258/1947/338 3255/1948/337 3256/1945/337
f 3260/1949/339 3257/1950/338 3258/1947/338
f 3262/1951/340 3259/1952/339 3260/1949/339
f 3264/1953/341 3261/1954/342 3262/1951/340
f 3266/1955/343 3263/1956/341 3264/1953/341
f 3268/1957/344 3265/1958/343 3266/1955/343
f 3270/1959/345 3267/1960/344 3268/1957/344
f 3272/1961/346 3269/1962/345 3270/1959/345
f 3274/1963/347 3271/1964/346 3272/1961/346
f 3276/1965/348 3273/1966/347 3274/1963/347
f 3278/1967/349 3275/1968/348 3276/1965/348
f 3280/1969/350 3277/1970/349 3278/1967/349
f 3282/1971/351 3279/1972/352 3280/1969/350
f 3284/1973/353 3281/1974/351 3282/1971/351
f 3286/1975/354 3283/1976/353 3284/1973/353
f 3288/1977/355 3285/1978/354 3286/1975/354
f 3290/1979/356 3287/1980/355 3288/1977/355
f 3292/1981/357 3289/1982/356 3290/1979/356
f 3294/1983/358 3291/1984/357 3292/1981/357
f 3296/1985/359 3293/1986/358 3294/1983/358
f 3298/1987/360 3295/1988/359 3296/1985/359
f 3300/1989/361 3297/1990/360 3298/1987/360
f 3302/1991/362 3299/1992/361 3300/1989/361
f 3304/1993/363 3301/1994/362 3302/1991/362
f 3306/1995/364 3303/1996/363 3304/1993/363
f 3308/1997/365 3305/1998/364 3306/1995/364
f 3310/1999/366 3307/2000/365 3308/1997/365
f 3312/2001/367 3309/2002/366 3310/1999/366
f 3314/2003/368 3311/2004/367 3312/2001/367
f 3316/2005/369 3313/2006/368 3314/2003/368
f 3318/2007/370 3315/2008/369 3316/2005/369
f 3320/2009/371 3317/2010/370 3318/2007/370
f 3322/2011/372 3319/2012/371 3320/2009/371
f 3324/2013/373 3321/2014/372 3322/2011/372
f 3326/2015/374 3323/2016/373 3324/2013/373
f 3328/2017/375 3325/2018/374 3326/2015/374
f 3330/2019/376 3327/2020/375 3328/2017/375
f 3332/2021/377 3329/2022/376 3330/2019/376
f 3334/2023/378 3331/2024/377 3332/2021/377
f 3336/2025/379 3333/2026/378 3334/2023/378
f 3338/2027/380 3335/2028/379 3336/2025/379
f 3340/2029/381 3337/2030/380 3338/2027/380
f 3342/2031/382 3339/2032/381 3340/2029/381
f 3344/2033/383 3341/2034/382 3342/2031/382
f 3346/2035/384 3343/2036/383 3344/2033/383
f 3348/2037/385 3345/2038/384 3346/2035/384
f 3350/2039/386 3347/2040/385 3348/2037/385
f 3352/2041/387 3349/2042/386 3350/2039/386
f 3354/2043/388 3351/2044/387 3352/2041/387
f 3356/2045/389 3353/2046/388 3354/2043/388
f 3358/2047/390 3355/2048/389 3356/2045/389
f 3360/2049/391 3357/2050/390 3358/2047/390
f 3362/2051/392 3359/2052/391 3360/2049/391
f 3364/2053/393 3361/2054/392 3362/2051/392
f 3366/2055/394 3363/2056/393 3364/2053/393
f 3368/2057/395 3365/2058/394 3366/2055/394
f 3370/2059/396 3367/2060/395 3368/2057/395
f 3372/2061/397 3369/2062/396 3370/2059/396
f 3374/2063/398 3371/2064/397 3372/2061/397
f 3376/2065/399 3373/2066/398 3374/2063/398
f 3378/2067/400 3375/2068/399 3376/2065/399
f 3380/2069/401 3377/2070/402 3378/2067/400
f 3382/2071/403 3379/2072/401 3380/2069/401
f 3384/2073/404 3381/2074/403 3382/2071/403
f 3386/2075/405 3383/2076/404 3384/2073/404
f 3388/2077/406 3385/2078/405 3386/2075/405
f 3390/2079/407 3387/2080/406 3388/2077/406
f 3392/2081/408 3389/2082/407 3390/2079/407
f 3394/2083/409 3391/2084/408 3392/2081/408
f 3396/2085/410 3393/2086/409 3394/2083/409
f 3398/2087/411 3395/2088/410 3396/2085/410
f 3400/2089/412 3397/2090/411 3398/2087/411
f 3402/2091/413 3399/2092/412 3400/2089/412
f 3404/2093/414 3401/2094/413 3402/2091/413
f 3406/2095/415 3403/2096/414 3404/2093/414
f 3408/2097/416 3405/2098/415 3406/2095/415
f 3410/2099/417 3407/2100/416 3408/2097/416
f 3412/2101/418 3409/2102/417 3410/2099/417
f 3414/2103/419 3411/2104/418 3412/2101/418
f 3416/2105/420 3413/2106/419 3414/2103/419
f 3418/2107/421 3415/2108/420 3416/2105/420
f 3420/2109/422 3417/2110/421 3418/2107/421
f 3422/2111/423 3419/2112/422 3420/2109/422
f 3424/2113/424 3421/2114/423 3422/2111/423
f 3426/2115/425 3423/2116/424 3424/2113/424
f 3428/2117/426 3425/2118/425 3426/2115/425
f 3430/2119/427 3427/2120/426 3428/2117/426
f 3432/2121/428 3429/2122/427 3430/2119/427
f 3434/2123/429 3431/2124/428 3432/2121/428
f 3436/2125/430 3433/2126/429 3434/2123/429
f 3438/2127/431 3435/2128/430 3436/2125/430
f 3440/2129/432 3437/2130/431 3438/2127/431
f 3442/2131/433 3439/2132/432 3440/2129/432
f 3444/2133/434 3441/2134/433 3442/2131/433
f 3446/2135/435 3443/2136/434 3444/2133/434
f 3448/2137/436 3445/2138/435 3446/2135/435
f 3450/2139/437 3447/2140/436 3448/2137/436
f 3452/2141/438 3449/2142/437 3450/2139/437
f 3454/2143/439 3451/2144/438 3452/2141/438
f 3456/2145/440 3453/2146/439 3454/2143/439
f 3458/2147/441 3455/2148/440 3456/2145/440
f 3460/2149/442 3457/2150/441 3458/2147/441
f 3462/2151/443 3459/2152/442 3460/2149/442
f 3464/2153/444 3461/2154/443 3462/2151/443
f 3466/2155/445 3463/2156/444 3464/2153/444
f 3468/2157/446 3465/2158/445 3466/2155/445
f 3470/2159/447 3467/2160/446 3468/2157/446
f 3472/2161/448 3469/2162/447 3470/2159/447
f 3474/2163/449 3471/2164/448 3472/2161/448
f 3476/2165/450 3473/2166/449 3474/2163/449
f 3478/2167/451 3475/2168/450 3476/2165/450
f 3480/2169/452 3477/2170/451 3478/2167/451
f 3482/2171/453 3479/2172/452 3480/2169/452
f 3484/2173/454 3481/2174/453 3482/2171/453
f 3486/2175/455 3483/2176/454 3484/2173/454
f 3488/2177/456 3485/2178/455 3486/2175/455
f 3490/2179/457 3487/2180/456 3488/2177/456
f 3492/2181/458 3489/2182/457 3490/2179/457
f 3494/2183/459 3491/2184/458 3492/2181/458
f 3496/2185/460 3493/2186/459 3494/2183/459
f 3498/2187/461 3495/2188/460 3496/2185/460
f 3500/2189/462 3497/2190/461 3498/2187/461
f 3502/2191/463 3499/2192/462 3500/2189/462
f 3504/2193/464 3501/2194/463 3502/2191/463
f 3506/2195/465 3503/2196/464 3504/2193/464
f 3508/2197/466 3505/2198/465 3506/2195/465
f 3510/2199/467 3507/2200/466 3508/2197/466
f 3512/2201/468 3509/2202/467 3510/2199/467
f 3514/2203/469 3511/2204/468 3512/2201/468
f 3516/2205/470 3513/2206/471 3514/2203/469
f 3518/2207/472 3515/2208/470 3516/2205/470
f 3520/2209/473 3517/2210/474 3518/2207/472
f 3522/2211/475 3519/2212/473 3520/2209/473
f 3524/2213/476 3521/2214/475 3522/2211/475
f 3526/2215/477 3523/2216/476 3524/2213/476
f 3528/2217/478 3525/2218/477 3526/2215/477
f 3530/2219/479 3527/2220/478 3528/2217/478
f 3532/2221/480 3529/2222/479 3530/2219/479
f 3534/2223/481 3531/2224/482 3532/2221/480
f 3536/2225/483 3533/2226/481 3534/2223/481
f 3538/2227/484 3535/2228/483 3536/2225/483
f 3540/2229/485 3537/2230/484 3538/2227/484
f 3542/2231/486 3539/2232/485 3540/2229/485
f 3544/2233/487 3541/2234/486 3542/2231/486
f 3546/2235/488 3543/2236/489 3544/2233/487
f 2616/2237/4 3545/2238/488 3546/2235/488
f 3550/2239/490 3547/374/491 3548/1309/491
f 3552/2240/492 3549/2241/490 3550/2239/490
f 3554/2242/493 3551/2243/492 3552/2240/492
f 3556/2244/494 3553/2245/493 3554/2242/493
f 3558/2246/495 3555/2247/494 3556/2244/494
f 3560/2248/496 3557/2249/497 3558/2246/495
f 3562/2250/498 3559/2251/499 3560/2248/496
f 3564/2252/500 3561/2253/498 3562/2250/498
f 3566/2254/501 3563/2255/500 3564/2252/500
f 3568/2256/502 3565/2257/503 3566/2254/501
f 3570/2258/504 3567/2259/502 3568/2256/502
f 3572/2260/505 3569/2261/504 3570/2258/504
f 3574/2262/506 3571/2263/505 3572/2260/505
f 3576/2264/507 3573/2265/506 3574/2262/506
f 3578/2266/508 3575/2267/507 3576/2264/507
f 3580/2268/509 3577/2269/510 3578/2266/508
f 3582/2270/511 3579/2271/509 3580/2268/509
f 3584/2272/512 3581/2273/511 3582/2270/511
f 3586/2274/513 3583/2275/512 3584/2272/512
f 3588/2276/514 3585/2277/513 3586/2274/513
f 3590/2278/515 3587/2279/514 3588/2276/514
f 3592/2280/516 3589/2281/515 3590/2278/515
f 3594/2282/517 3591/2283/516 3592/2280/516
f 3596/2284/518 3593/2285/517 3594/2282/517
f 3598/2286/519 3595/2287/518 3596/2284/518
f 3600/2288/520 3597/2289/519 3598/2286/519
f 3602/2290/521 3599/2291/520 3600/2288/520
f 3604/2292/522 3601/2293/521 3602/2290/521
f 3606/2294/523 3603/2295/522 3604/2292/522
f 3608/2296/524 3605/2297/523 3606/2294/523
f 3610/2298/525 3607/2299/524 3608/2296/524
f 3612/2300/526 3609/2301/525 3610/2298/525
f 3614/2302/527 3611/2303/526 3612/2300/526
f 3616/2304/528 3613/2305/527 3614/2302/527
f 3618/2306/529 3615/2307/528 3616/2304/528
f 3620/2308/530 3617/2309/529 3618/2306/529
f 3622/2310/531 3619/2311/530 3620/2308/530
f 3624/2312/532 3621/2313/531 3622/2310/531
f 3626/2314/533 3623/2315/532 3624/2312/532
f 3628/2316/534 3625/2317/533 3626/2314/533
f 3630/2318/535 3627/2319/534 3628/2316/534
f 3632/2320/536 3629/2321/535 3630/2318/535
f 3634/2322/537 3631/2323/536 3632/2320/536
f 3636/2324/538 3633/2325/537 3634/2322/537
f 3638/2326/539 3635/2327/538 3636/2324/538
f 3640/2328/540 3637/2329/539 3638/2326/539
f 3642/2330/541 3639/2331/540 3640/2328/540
f 3644/2332/542 3641/2333/541 3642/2330/541
f 3646/2334/543 3643/2335/542 3644/2332/542
f 3648/2336/544 3645/2337/543 3646/2334/543
f 3650/2338/545 3647/2339/544 3648/2336/544
f 3652/2340/546 3649/2341/545 3650/2338/545
f 3654/2342/547 3651/2343/546 3652/2340/546
f 3656/2344/548 3653/2345/547 3654/2342/547
f 3658/2346/549 3655/2347/548 3656/2344/548
f 3660/2348/550 3657/2349/549 3658/2346/549
f 3662/2350/551 3659/2351/550 3660/2348/550
f 3664/2352/552 3661/2353/551 3662/2350/551
f 3666/2354/553 3663/2355/552 3664/2352/552
f 3668/2356/554 3665/2357/553 3666/2354/553
f 3670/2358/555 3667/2359/554 3668/2356/554
f 3672/2360/556 3669/2361/555 3670/2358/555
f 3674/2362/557 3671/2363/558 3672/2360/556
f 3676/2364/559 3673/2365/557 3674/2362/557
f 3678/2366/560 3675/2367/559 3676/2364/559
f 3680/2368/561 3677/2369/560 3678/2366/560
f 3682/2370/562 3679/2371/561 3680/2368/561
f 3684/2372/563 3681/2373/564 3682/2370/562
f 3686/2374/565 3683/2375/563 3684/2372/563
f 3688/2376/566 3685/2377/567 3686/2374/565
f 3690/2378/568 3687/2379/566 3688/2376/566
f 3692/2380/569 3689/2381/568 3690/2378/568
f 3694/2382/570 3691/2383/569 3692/2380/569
f 3696/2384/571 3693/2385/570 3694/2382/570
f 3698/2386/572 3695/2387/571 3696/2384/571
f 3700/2388/573 3697/2389/572 3698/2386/572
f 3702/2390/574 3699/2391/573 3700/2388/573
f 3704/2392/575 3701/2393/574 3702/2390/574
f 3706/2394/576 3703/2395/575 3704/2392/575
f 3708/2396/577 3705/2397/576 3706/2394/576
f 3710/2398/578 3707/2399/577 3708/2396/577
f 3712/2400/579 3709/2401/578 3710/2398/578
f 3714/2402/580 3711/2403/579 3712/2400/579
f 3716/2404/581 3713/2405/580 3714/2402/580
f 3718/2406/582 3715/2407/581 3716/2404/581
f 3720/2408/583 3717/2409/582 3718/2406/582
f 3722/2410/584 3719/2411/583 3720/2408/583
f 3724/2412/585 3721/2413/584 3722/2410/584
f 3726/2414/586 3723/2415/585 3724/2412/585
f 3728/2416/587 3725/2417/586 3726/2414/586
f 3730/2418/588 3727/2419/587 3728/2416/587
f 3732/2420/589 3729/2421/590 3730/2418/588
f 3734/2422/591 3731/2423/589 3732/2420/589
f 3736/2424/592 3733/2425/591 3734/2422/591
f 3738/2426/593 3735/2427/592 3736/2424/592
f 3740/2428/594 3737/2429/593 3738/2426/593
f 3742/2430/595 3739/2431/594 3740/2428/594
f 3744/2432/596 3741/2433/595 3742/2430/595
f 3746/2434/597 3743/2435/596 3744/2432/596
f 3748/2436/598 3745/2437/597 3746/2434/597
f 3750/2438/599 3747/2439/598 3748/2436/598
f 3752/2440/600 3749/2441/599 3750/2438/599
f 3754/2442/601 3751/2443/602 3752/2440/600
f 3756/2444/603 3753/2445/601 3754/2442/601
f 3758/2446/604 3755/2447/603 3756/2444/603
f 3760/2448/605 3757/2449/604 3758/2446/604
f 3762/2450/606 3759/2451/605 3760/2448/605
f 3764/2452/607 3761/2453/606 3762/2450/606
f 3766/2454/608 3763/2455/607 3764/2452/607
f 3768/2456/609 3765/2457/608 3766/2454/608
f 3770/2458/610 3767/2459/609 3768/2456/609
f 3772/2460/611 3769/2461/610 3770/2458/610
f 3774/2462/612 3771/2463/611 3772/2460/611
f 3776/2464/613 3773/2465/612 3774/2462/612
f 3778/2466/614 3775/2467/613 3776/2464/613
f 3780/2468/615 3777/2469/614 3778/2466/614
f 3782/2470/616 3779/2471/617 3780/2468/615
f 3784/2472/618 3781/2473/616 3782/2470/616
f 3786/2474/619 3783/2475/618 3784/2472/618
f 3788/2476/620 3785/2477/619 3786/2474/619
f 3790/2478/621 3787/2479/620 3788/2476/620
f 3792/2480/622 3789/2481/621 3790/2478/621
f 3794/2482/623 3791/2483/622 3792/2480/622
f 3796/2484/624 3793/2485/623 3794/2482/623
f 3798/2486/625 3795/2487/624 3796/2484/624
f 3800/2488/626 3797/2489/625 3798/2486/625
f 3802/2490/627 3799/2491/626 3800/2488/626
f 3804/2492/628 3801/2493/627 3802/2490/627
f 3806/2494/629 3803/2495/628 3804/2492/628
f 3808/2496/630 3805/2497/629 3806/2494/629
f 3810/2498/631 3807/2499/630 3808/2496/630
f 3812/2500/632 3809/2501/631 3810/2498/631
f 3814/2502/633 3811/2503/632 3812/2500/632
f 3816/2504/634 3813/2505/633 3814/2502/633
f 3818/2506/635 3815/2507/634 3816/2504/634
f 3820/2508/636 3817/2509/635 3818/2506/635
f 3822/2510/637 3819/2511/638 3820/2508/636
f 3824/2512/639 3821/2513/637 3822/2510/637
f 3826/2514/640 3823/2515/639 3824/2512/639
f 3828/2516/641 3825/2517/640 3826/2514/640
f 3830/2518/642 3827/2519/641 3828/2516/641
f 3832/2520/643 3829/2521/642 3830/2518/642
f 3834/2522/644 3831/2523/643 3832/2520/643
f 3836/2524/645 3833/2525/644 3834/2522/644
f 3838/2526/646 3835/2527/645 3836/2524/645
f 3840/2528/647 3837/2529/646 3838/2526/646
f 3842/2530/648 3839/2531/647 3840/2528/647
f 3844/2532/649 3841/2533/648 3842/2530/648
f 3846/2534/650 3843/2535/649 3844/2532/649
f 3848/2536/651 3845/2537/650 3846/2534/650
f 3850/2538/652 3847/2539/651 3848/2536/651
f 3852/2540/653 3849/2541/652 3850/2538/652
f 3854/2542/654 3851/2543/653 3852/2540/653
f 3856/2544/655 3853/2545/654 3854/2542/654
f 3858/2546/656 3855/2547/655 3856/2544/655
f 3860/2548/657 3857/2549/656 3858/2546/656
f 3862/2550/658 3859/2551/657 3860/2548/657
f 3864/2552/659 3861/2553/658 3862/2550/658
f 3866/2554/660 3863/2555/659 3864/2552/659
f 3868/2556/661 3865/2557/660 3866/2554/660
f 3870/2558/662 3867/2559/661 3868/2556/661
f 3872/2560/663 3869/2561/662 3870/2558/662
f 3874/2562/664 3871/2563/663 3872/2560/663
f 3876/2564/665 3873/2565/664 3874/2562/664
f 3878/2566/666 3875/2567/665 3876/2564/665
f 3880/2568/667 3877/2569/666 3878/2566/666
f 3882/2570/668 3879/2571/667 3880/2568/667
f 3884/2572/669 3881/2573/668 3882/2570/668
f 3886/2574/670 3883/2575/669 3884/2572/669
f 3888/2576/671 3885/2577/670 3886/2574/670
f 3890/2578/672 3887/2579/671 3888/2576/671
f 3892/2580/673 3889/2581/672 3890/2578/672
f 3894/2582/674 3891/2583/673 3892/2580/673
f 3896/2584/675 3893/2585/676 3894/2582/674
f 3898/2586/677 3895/2587/675 3896/2584/675
f 3900/2588/678 3897/2589/679 3898/2586/677
f 3902/2590/680 3899/2591/681 3900/2588/678
f 3904/2592/682 3901/2593/680 3902/2590/680
f 3906/2594/683 3903/2595/684 3904/2592/682
f 3908/2596/685 3905/2597/683 3906/2594/683
f 3910/2598/686 3907/2599/685 3908/2596/685
f 3912/2600/687 3909/2601/688 3910/2598/686
f 3914/2602/689 3911/2603/687 3912/2600/687
f 3916/2604/690 3913/2605/691 3914/2602/689
f 3548/2237/491 3915/2606/692 3916/2604/690
f 3920/2607/693 3917/374/694 3918/1309/694
f 3922/2246/695 3919/2608/693 3920/2607/693
f 3924/2609/696 3921/2249/695 3922/2246/695
f 3926/2256/697 3923/2610/696 3924/2609/696
f 3928/2611/698 3925/2259/697 3926/2256/697
f 3930/2266/699 3927/2612/698 3928/2611/698
f 3932/2613/700 3929/2269/699 3930/2266/699
f 3934/2276/701 3931/2614/700 3932/2613/700
f 3936/2615/702 3933/2279/701 3934/2276/701
f 3938/2286/703 3935/2616/702 3936/2615/702
f 3940/2617/704 3937/2289/703 3938/2286/703
f 3942/2296/705 3939/2618/704 3940/2617/704
f 3944/2619/706 3941/2299/705 3942/2296/705
f 3946/2306/707 3943/2620/706 3944/2619/706
f 3948/2621/708 3945/2309/707 3946/2306/707
f 3950/2316/709 3947/2622/708 3948/2621/708
f 3952/2623/710 3949/2319/709 3950/2316/709
f 3954/2326/711 3951/2624/710 3952/2623/710
f 3956/2625/712 3953/2329/711 3954/2326/711
f 3958/2336/713 3955/2626/712 3956/2625/712
f 3960/2627/714 3957/2339/713 3958/2336/713
f 3962/2346/715 3959/2628/714 3960/2627/714
f 3964/2629/716 3961/2349/715 3962/2346/715
f 3966/2356/717 3963/2630/716 3964/2629/716
f 3968/2631/718 3965/2359/717 3966/2356/717
f 3970/2366/719 3967/2632/718 3968/2631/718
f 3972/2633/720 3969/2369/719 3970/2366/719
f 3974/2376/721 3971/2634/720 3972/2633/720
f 3976/2635/722 3973/2379/721 3974/2376/721
f 3978/2386/723 3975/2636/722 3976/2635/722
f 3980/2637/724 3977/2389/723 3978/2386/723
f 3982/2396/725 3979/2638/724 3980/2637/724
f 3984/2639/726 3981/2399/725 3982/2396/725
f 3986/2406/727 3983/2640/726 3984/2639/726
f 3988/2641/728 3985/2409/727 3986/2406/727
f 3990/2416/729 3987/2642/728 3988/2641/728
f 3992/1772/730 3989/2419/729 3990/2416/729
f 3994/2426/731 3991/232/730 3992/1772/730
f 3996/2643/732 3993/2429/731 3994/2426/731
f 3998/2436/733 3995/2644/732 3996/2643/732
f 4000/2645/734 3997/2439/733 3998/2436/733
f 4002/2446/735 3999/2646/734 4000/2645/734
f 4004/2647/736 4001/2449/735 4002/2446/735
f 4006/2456/737 4003/2648/736 4004/2647/736
f 4008/2649/738 4005/2459/737 4006/2456/737
f 4010/2466/739 4007/2650/738 4008/2649/738
f 4012/2651/740 4009/2469/739 4010/2466/739
f 4014/2476/741 4011/2652/740 4012/2651/740
f 4016/2653/742 4013/2479/741 4014/2476/741
f 4018/2486/743 4015/2654/742 4016/2653/742
f 4020/2655/744 4017/2489/743 4018/2486/743
f 4022/2496/745 4019/2656/744 4020/2655/744
f 4024/2657/746 4021/2499/745 4022/2496/745
f 4026/2506/747 4023/2658/746 4024/2657/746
f 4028/2659/748 4025/2509/747 4026/2506/747
f 4030/2516/749 4027/2660/748 4028/2659/748
f 4032/2661/750 4029/2519/749 4030/2516/749
f 4034/2526/751 4031/2662/750 4032/2661/750
f 4036/2663/752 4033/2529/751 4034/2526/751
f 4038/2536/753 4035/2664/752 4036/2663/752
f 4040/2665/754 4037/2539/753 4038/2536/753
f 4042/2546/755 4039/2666/754 4040/2665/754
f 4044/2667/756 4041/2549/755 4042/2546/755
f 4046/2556/757 4043/2668/756 4044/2667/756
f 4048/2669/758 4045/2559/757 4046/2556/757
f 4050/2566/759 4047/2670/758 4048/2669/758
f 4052/2671/760 4049/2569/759 4050/2566/759
f 4054/2576/761 4051/2672/760 4052/2671/760
f 4056/2673/762 4053/2579/761 4054/2576/761
f 4058/2586/763 4055/2674/762 4056/2673/762
f 4060/2675/764 4057/2589/763 4058/2586/763
f 4062/2596/765 4059/2676/764 4060/2675/764
f 4064/2677/766 4061/2599/765 4062/2596/765
f 3918/2237/694 4063/2678/766 4064/2677/766
f 4068/2679/767 4065/374/768 4066/1309/768
f 4070/2680/769 4067/2681/767 4068/2679/767
f 4072/2682/770 4069/2683/769 4070/2680/769
f 4074/2684/771 4071/2685/770 4072/2682/770
f 4076/2686/772 4073/2687/771 4074/2684/771
f 4078/2688/773 4075/2689/772 4076/2686/772
f 4080/2690/774 4077/2691/773 4078/2688/773
f 4082/2692/775 4079/2693/774 4080/2690/774
f 4084/2694/776 4081/2695/775 4082/2692/775
f 4086/2696/777 4083/2697/776 4084/2694/776
f 4088/2698/778 4085/2699/777 4086/2696/777
f 4090/2700/779 4087/2701/778 4088/2698/778
f 4092/2702/780 4089/2703/779 4090/2700/779
f 4094/2704/781 4091/2705/780 4092/2702/780
f 4096/2706/782 4093/2707/781 4094/2704/781
f 4098/2708/783 4095/2709/782 4096/2706/782
f 4100/2710/784 4097/2711/783 4098/2708/783
f 4102/2712/785 4099/2713/784 4100/2710/784
f 4104/2714/786 4101/2715/785 4102/2712/785
f 4106/2716/787 4103/2717/786 4104/2714/786
f 4108/2718/788 4105/2719/787 4106/2716/787
f 4110/2720/789 4107/2721/788 4108/2718/788
f 4112/2722/790 4109/2723/789 4110/2720/789
f 4114/2724/791 4111/2725/790 4112/2722/790
f 4116/2726/792 4113/2727/791 4114/2724/791
f 4118/2728/793 4115/2729/792 4116/2726/792
f 4120/2730/794 4117/2731/793 4118/2728/793
f 4122/2732/795 4119/2733/794 4120/2730/794
f 4124/2734/796 4121/2735/795 4122/2732/795
f 4126/2736/797 4123/2737/796 4124/2734/796
f 4128/2738/798 4125/2739/797 4126/2736/797
f 4130/2740/799 4127/2741/798 4128/2738/798
f 4132/2742/800 4129/2743/799 4130/2740/799
f 4134/2744/801 4131/2745/800 4132/2742/800
f 4136/2746/802 4133/2747/801 4134/2744/801
f 4138/2748/803 4135/2749/802 4136/2746/802
f 4140/2750/804 4137/2751/803 4138/2748/803
f 4142/2752/805 4139/2753/804 4140/2750/804
f 4144/2754/806 4141/2755/805 4142/2752/805
f 4146/2756/807 4143/2757/806 4144/2754/806
f 4148/2758/808 4145/2759/807 4146/2756/807
f 4150/2760/809 4147/2761/808 4148/2758/808
f 4152/2762/810 4149/2763/809 4150/2760/809
f 4154/2764/811 4151/2765/810 4152/2762/810
f 4156/2766/812 4153/2767/811 4154/2764/811
f 4158/2768/813 4155/2769/812 4156/2766/812
f 4160/2770/814 4157/2771/813 4158/2768/813
f 4162/2772/815 4159/2773/814 4160/2770/814
f 4164/1772/816 4161/2774/815 4162/2772/815
f 4166/2775/817 4163/232/816 4164/1772/816
f 4168/2776/818 4165/2777/817 4166/2775/817
f 4170/2778/819 4167/2779/818 4168/2776/818
f 4172/2780/820 4169/2781/819 4170/2778/819
f 4174/2782/821 4171/2783/820 4172/2780/820
f 4176/2784/822 4173/2785/821 4174/2782/821
f 4178/2786/823 4175/2787/822 4176/2784/822
f 4180/2788/824 4177/2789/823 4178/2786/823
f 4182/2790/825 4179/2791/824 4180/2788/824
f 4184/2792/826 4181/2793/825 4182/2790/825
f 4186/2794/827 4183/2795/826 4184/2792/826
f 4188/2796/828 4185/2797/827 4186/2794/827
f 4190/2798/829 4187/2799/828 4188/2796/828
f 4192/2800/830 4189/2801/829 4190/2798/829
f 4194/2802/831 4191/2803/830 4192/2800/830
f 4196/2804/832 4193/2805/831 4194/2802/831
f 4198/2806/833 4195/2807/832 4196/2804/832
f 4200/2808/834 4197/2809/833 4198/2806/833
f 4202/2810/835 4199/2811/834 4200/2808/834
f 4204/2812/836 4201/2813/835 4202/2810/835
f 4206/2814/837 4203/2815/836 4204/2812/836
f 4208/2816/838 4205/2817/837 4206/2814/837
f 4210/2818/839 4207/2819/838 4208/2816/838
f 4212/2820/840 4209/2821/839 4210/2818/839
f 4214/2822/841 4211/2823/840 4212/2820/840
f 4216/2824/842 4213/2825/841 4214/2822/841
f 4218/2826/843 4215/2827/842 4216/2824/842
f 4220/2828/844 4217/2829/843 4218/2826/843
f 4222/2830/845 4219/2831/844 4220/2828/844
f 4224/2832/846 4221/2833/845 4222/2830/845
f 4226/2834/847 4223/2835/846 4224/2832/846
f 4228/2836/848 4225/2837/847 4226/2834/847
f 4230/2838/849 4227/2839/848 4228/2836/848
f 4232/2840/850 4229/2841/849 4230/2838/849
f 4234/2842/851 4231/2843/850 4232/2840/850
f 4236/2844/852 4233/2845/851 4234/2842/851
f 4238/2846/853 4235/2847/852 4236/2844/852
f 4240/2848/854 4237/2849/853 4238/2846/853
f 4242/2850/855 4239/2851/854 4240/2848/854
f 4244/2852/856 4241/2853/855 4242/2850/855
f 4246/2854/857 4243/2855/856 4244/2852/856
f 4248/2856/858 4245/2857/857 4246/2854/857
f 4250/2858/859 4247/2859/858 4248/2856/858
f 4252/2860/860 4249/2861/859 4250/2858/859
f 4254/2862/861 4251/2863/860 4252/2860/860
f 4256/2864/862 4253/2865/861 4254/2862/861
f 4258/2866/863 4255/2867/862 4256/2864/862
f 4260/2868/864 4257/2869/863 4258/2866/863
f 4066/2237/768 4259/2870/864 4260/2868/864
f 4264/2679/865 4261/374/866 4262/1309/866
f 4266/2680/867 4263/2681/865 4264/2679/865
f 4268/2682/868 4265/2683/867 4266/2680/867
f 4270/2684/869 4267/2685/868 4268/2682/868
f 4272/2686/870 4269/2687/869 4270/2684/869
f 4274/2688/871 4271/2689/872 4272/2686/870
f 4276/2690/873 4273/2691/871 4274/2688/871
f 4278/2692/874 4275/2693/873 4276/2690/873
f 4280/2694/875 4277/2695/874 4278/2692/874
f 4282/2696/876 4279/2697/875 4280/2694/875
f 4284/2698/877 4281/2699/876 4282/2696/876
f 4286/2700/878 4283/2701/877 4284/2698/877
f 4288/2702/879 4285/2703/878 4286/2700/878
f 4290/2704/90 4287/2705/879 4288/2702/879
f 4292/2706/880 4289/2707/90 4290/2704/90
f 4294/2708/881 4291/2709/882 4292/2706/880
f 4296/2710/883 4293/2711/881 4294/2708/881
f 4298/2712/884 4295/2713/883 4296/2710/883
f 4300/2714/885 4297/2715/884 4298/2712/884
f 4302/2716/886 4299/2717/885 4300/2714/885
f 4304/2718/887 4301/2719/886 4302/2716/886
f 4306/2720/888 4303/2721/887 4304/2718/887
f 4308/2722/889 4305/2723/888 4306/2720/888
f 4310/2724/890 4307/2725/889 4308/2722/889
f 4312/2726/891 4309/2727/890 4310/2724/890
f 4314/2728/892 4311/2729/891 4312/2726/891
f 4316/2730/893 4313/2731/892 4314/2728/892
f 4318/2732/894 4315/2733/893 4316/2730/893
f 4320/2734/895 4317/2735/894 4318/2732/894
f 4322/2736/896 4319/2737/895 4320/2734/895
f 4324/2738/897 4321/2739/896 4322/2736/896
f 4326/2740/898 4323/2741/897 4324/2738/897
f 4328/2742/899 4325/2743/898 4326/2740/898
f 4330/2744/900 4327/2745/899 4328/2742/899
f 4332/2746/901 4329/2747/900 4330/2744/900
f 4334/2748/902 4331/2749/901 4332/2746/901
f 4336/2750/903 4333/2751/902 4334/2748/902
f 4338/2752/904 4335/2753/903 4336/2750/903
f 4340/2754/905 4337/2755/904 4338/2752/904
f 4342/2756/906 4339/2757/905 4340/2754/905
f 4344/2758/907 4341/2759/906 4342/2756/906
f 4346/2760/908 4343/2761/907 4344/2758/907
f 4348/2762/909 4345/2763/908 4346/2760/908
f 4350/2764/910 4347/2765/909 4348/2762/909
f 4352/2766/498 4349/2767/910 4350/2764/910
f 4354/2768/911 4351/2769/498 4352/2766/498
f 4356/2770/912 4353/2771/911 4354/2768/911
f 4358/2772/913 4355/2773/912 4356/2770/912
f 4360/1772/914 4357/2774/913 4358/2772/913
f 4362/2775/915 4359/232/914 4360/1772/914
f 4364/2776/916 4361/2777/915 4362/2775/915
f 4366/2778/917 4363/2779/916 4364/2776/916
f 4368/2780/918 4365/2781/917 4366/2778/917
f 4370/2782/919 4367/2783/918 4368/2780/918
f 4372/2784/920 4369/2785/919 4370/2782/919
f 4374/2786/921 4371/2787/920 4372/2784/920
f 4376/2788/922 4373/2789/921 4374/2786/921
f 4378/2790/923 4375/2791/922 4376/2788/922
f 4380/2792/924 4377/2793/923 4378/2790/923
f 4382/2794/925 4379/2795/924 4380/2792/924
f 4384/2796/926 4381/2797/925 4382/2794/925
f 4386/2798/927 4383/2799/926 4384/2796/926
f 4388/2800/928 4385/2801/927 4386/2798/927
f 4390/2802/929 4387/2803/928 4388/2800/928
f 4392/2804/930 4389/2805/929 4390/2802/929
f 4394/2806/931 4391/2807/930 4392/2804/930
f 4396/2808/932 4393/2809/931 4394/2806/931
f 4398/2810/933 4395/2811/932 4396/2808/932
f 4400/2812/934 4397/2813/933 4398/2810/933
f 4402/2814/935 4399/2815/934 4400/2812/934
f 4404/2816/936 4401/2817/935 4402/2814/935
f 4406/2818/937 4403/2819/936 4404/2816/936
f 4408/2820/938 4405/2821/937 4406/2818/937
f 4410/2822/939 4407/2823/938 4408/2820/938
f 4412/2824/940 4409/2825/939 4410/2822/939
f 4414/2826/941 4411/2827/940 4412/2824/940
f 4416/2828/942 4413/2829/941 4414/2826/941
f 4418/2830/943 4415/2831/942 4416/2828/942
f 4420/2832/944 4417/2833/943 4418/2830/943
f 4422/2834/945 4419/2835/944 4420/2832/944
f 4424/2836/946 4421/2837/945 4422/2834/945
f 4426/2838/947 4423/2839/946 4424/2836/946
f 4428/2840/948 4425/2841/947 4426/2838/947
f 4430/2842/949 4427/2843/948 4428/2840/948
f 4432/2844/950 4429/2845/949 4430/2842/949
f 4434/2846/951 4431/2847/950 4432/2844/950
f 4436/2848/952 4433/2849/951 4434/2846/951
f 4438/2850/953 4435/2851/952 4436/2848/952
f 4440/2852/954 4437/2853/953 4438/2850/953
f 4442/2854/955 4439/2855/954 4440/2852/954
f 4444/2856/956 4441/2857/955 4442/2854/955
f 4446/2858/957 4443/2859/956 4444/2856/956
f 4448/2860/958 4445/2861/957 4446/2858/957
f 4450/2862/959 4447/2863/958 4448/2860/958
f 4452/2864/960 4449/2865/959 4450/2862/959
f 4454/2866/961 4451/2867/960 4452/2864/960
f 4456/2868/962 4453/2869/961 4454/2866/961
f 4262/2237/866 4455/2870/962 4456/2868/962
f 4460/2679/963 4457/374/964 4458/1309/964
f 4462/2680/965 4459/2681/963 4460/2679/963
f 4464/2682/966 4461/2683/965 4462/2680/965
f 4466/2684/967 4463/2685/966 4464/2682/966
f 4468/2686/968 4465/2687/967 4466/2684/967
f 4470/2688/969 4467/2689/968 4468/2686/968
f 4472/2690/970 4469/2691/969 4470/2688/969
f 4474/2692/971 4471/2693/970 4472/2690/970
f 4476/2694/972 4473/2695/971 4474/2692/971
f 4478/2696/973 4475/2697/972 4476/2694/972
f 4480/2698/974 4477/2699/973 4478/2696/973
f 4482/2700/975 4479/2701/974 4480/2698/974
f 4484/2702/976 4481/2703/975 4482/2700/975
f 4486/2704/977 4483/2705/976 4484/2702/976
f 4488/2706/978 4485/2707/977 4486/2704/977
f 4490/2708/979 4487/2709/978 4488/2706/978
f 4492/2710/980 4489/2711/979 4490/2708/979
f 4494/2712/981 4491/2713/980 4492/2710/980
f 4496/2714/982 4493/2715/981 4494/2712/981
f 4498/2716/983 4495/2717/982 4496/2714/982
f 4500/2718/984 4497/2719/983 4498/2716/983
f 4502/2720/985 4499/2721/984 4500/2718/984
f 4504/2722/986 4501/2723/985 4502/2720/985
f 4506/2724/987 4503/2725/986 4504/2722/986
f 4508/2726/988 4505/2727/987 4506/2724/987
f 4510/2728/890 4507/2729/988 4508/2726/988
f 4512/2730/989 4509/2731/890 4510/2728/890
f 4514/2732/990 4511/2733/989 4512/2730/989
f 4516/2734/991 4513/2735/990 4514/2732/990
f 4518/2736/992 4515/2737/991 4516/2734/991
f 4520/2738/993 4517/2739/992 4518/2736/992
f 4522/2740/994 4519/2741/993 4520/2738/993
f 4524/2742/995 4521/2743/994 4522/2740/994
f 4526/2744/996 4523/2745/995 4524/2742/995
f 4528/2746/997 4525/2747/996 4526/2744/996
f 4530/2748/998 4527/2749/997 4528/2746/997
f 4532/2750/999 4529/2751/998 4530/2748/998
f 4534/2752/1000 4531/2753/999 4532/2750/999
f 4536/2754/1001 4533/2755/1000 4534/2752/1000
f 4538/2756/1002 4535/2757/1001 4536/2754/1001
f 4540/2758/1003 4537/2759/1002 4538/2756/1002
f 4542/2760/1004 4539/2761/1003 4540/2758/1003
f 4544/2762/1005 4541/2763/1004 4542/2760/1004
f 4546/2764/1006 4543/2765/1005 4544/2762/1005
f 4548/2766/1007 4545/2767/1006 4546/2764/1006
f 4550/2768/1008 4547/2769/1007 4548/2766/1007
f 4552/2770/1009 4549/2771/1008 4550/2768/1008
f 4554/2772/1010 4551/2773/1009 4552/2770/1009
f 4556/1772/1011 4553/2774/1010 4554/2772/1010
f 4558/2775/1012 4555/232/1011 4556/1772/1011
f 4560/2776/1013 4557/2777/1012 4558/2775/1012
f 4562/2778/1014 4559/2779/1013 4560/2776/1013
f 4564/2780/1015 4561/2781/1014 4562/2778/1014
f 4566/2782/1016 4563/2783/1015 4564/2780/1015
f 4568/2784/1017 4565/2785/1016 4566/2782/1016
f 4570/2786/1018 4567/2787/1017 4568/2784/1017
f 4572/2788/1019 4569/2789/1018 4570/2786/1018
f 4574/2790/1020 4571/2791/1019 4572/2788/1019
f 4576/2792/1021 4573/2793/1020 4574/2790/1020
f 4578/2794/1022 4575/2795/1021 4576/2792/1021
f 4580/2796/1023 4577/2797/1022 4578/2794/1022
f 4582/2798/1024 4579/2799/1023 4580/2796/1023
f 4584/2800/1025 4581/2801/1024 4582/2798/1024
f 4586/2802/1026 4583/2803/1025 4584/2800/1025
f 4588/2804/1027 4585/2805/1026 4586/2802/1026
f 4590/2806/1028 4587/2807/1027 4588/2804/1027
f 4592/2808/1029 4589/2809/1028 4590/2806/1028
f 4594/2810/1030 4591/2811/1029 4592/2808/1029
f 4596/2812/1031 4593/2813/1030 4594/2810/1030
f 4598/2814/1032 4595/2815/1031 4596/2812/1031
f 4600/2816/1033 4597/2817/1032 4598/2814/1032
f 4602/2818/1034 4599/2819/1033 4600/2816/1033
f 4604/2820/1035 4601/2821/1034 4602/2818/1034
f 4606/2822/1036 4603/2823/1035 4604/2820/1035
f 4608/2824/1037 4605/2825/1036 4606/2822/1036
f 4610/2826/382 4607/2827/1037 4608/2824/1037
f 4612/2828/1038 4609/2829/382 4610/2826/382
f 4614/2830/1039 4611/2831/1038 4612/2828/1038
f 4616/2832/1040 4613/2833/1039 4614/2830/1039
f 4618/2834/1041 4615/2835/1040 4616/2832/1040
f 4620/2836/1042 4617/2837/1041 4618/2834/1041
f 4622/2838/1043 4619/2839/1042 4620/2836/1042
f 4624/2840/1044 4621/2841/1043 4622/2838/1043
f 4626/2842/1045 4623/2843/1044 4624/2840/1044
f 4628/2844/1046 4625/2845/1045 4626/2842/1045
f 4630/2846/1047 4627/2847/1046 4628/2844/1046
f 4632/2848/1048 4629/2849/1047 4630/2846/1047
f 4634/2850/1049 4631/2851/1048 4632/2848/1048
f 4636/2852/1050 4633/2853/1049 4634/2850/1049
f 4638/2854/1051 4635/2855/1050 4636/2852/1050
f 4640/2856/1052 4637/2857/1051 4638/2854/1051
f 4642/2858/1053 4639/2859/1052 4640/2856/1052
f 4644/2860/1054 4641/2861/1053 4642/2858/1053
f 4646/2862/1055 4643/2863/1054 4644/2860/1054
f 4648/2864/1056 4645/2865/1055 4646/2862/1055
f 4650/2866/1057 4647/2867/1056 4648/2864/1056
f 4652/2868/1058 4649/2869/1057 4650/2866/1057
f 4458/2237/964 4651/2870/1058 4652/2868/1058
f 4656/2871/1059 4653/374/1060 4654/1309/1060
f 4658/2872/1061 4655/2873/1059 4656/2871/1059
f 4660/2874/1062 4657/2875/1061 4658/2872/1061
f 4662/2876/1063 4659/2877/1062 4660/2874/1062
f 4664/2878/1064 4661/2879/1063 4662/2876/1063
f 4666/2880/1065 4663/2881/1064 4664/2878/1064
f 4668/2882/1066 4665/2883/1065 4666/2880/1065
f 4670/2884/1067 4667/2885/1066 4668/2882/1066
f 4672/2886/1068 4669/2887/1067 4670/2884/1067
f 4674/2888/1069 4671/2889/1068 4672/2886/1068
f 4676/2890/1070 4673/2891/1069 4674/2888/1069
f 4678/2892/1071 4675/2893/1070 4676/2890/1070
f 4680/2894/1072 4677/2895/1071 4678/2892/1071
f 4682/2896/1073 4679/2897/1072 4680/2894/1072
f 4684/2898/1074 4681/2899/1073 4682/2896/1073
f 4686/2900/1075 4683/2901/1074 4684/2898/1074
f 4688/2902/1076 4685/2903/1075 4686/2900/1075
f 4690/2904/1077 4687/2905/1076 4688/2902/1076
f 4692/2906/1078 4689/2907/1077 4690/2904/1077
f 4694/2908/1079 4691/2909/1078 4692/2906/1078
f 4696/2910/1080 4693/2911/1079 4694/2908/1079
f 4698/2912/1081 4695/2913/1080 4696/2910/1080
f 4700/2914/1082 4697/2915/1081 4698/2912/1081
f 4702/2916/1083 4699/2917/1082 4700/2914/1082
f 4704/2918/1084 4701/2919/1083 4702/2916/1083
f 4706/2920/1085 4703/2921/1084 4704/2918/1084
f 4708/2922/1086 4705/2923/1085 4706/2920/1085
f 4710/2924/1087 4707/2925/1086 4708/2922/1086
f 4712/2926/1088 4709/2927/1087 4710/2924/1087
f 4714/2928/1089 4711/2929/1088 4712/2926/1088
f 4716/2930/1090 4713/2931/1089 4714/2928/1089
f 4718/2932/1091 4715/2933/1090 4716/2930/1090
f 4720/2934/1092 4717/2935/1091 4718/2932/1091
f 4722/2936/1093 4719/2937/1092 4720/2934/1092
f 4724/2938/1094 4721/2939/1093 4722/2936/1093
f 4726/2940/1095 4723/2941/1094 4724/2938/1094
f 4728/2942/1096 4725/2943/1095 4726/2940/1095
f 4730/2944/1097 4727/2945/1096 4728/2942/1096
f 4732/2946/1098 4729/2947/1097 4730/2944/1097
f 4734/2948/1099 4731/2949/1098 4732/2946/1098
f 4736/2950/1100 4733/2951/1099 4734/2948/1099
f 4738/2952/1101 4735/2953/1100 4736/2950/1100
f 4740/1772/1102 4737/2954/1101 4738/2952/1101
f 4742/2955/1103 4739/232/1102 4740/1772/1102
f 4744/2956/1104 4741/2957/1103 4742/2955/1103
f 4746/2958/1105 4743/2959/1104 4744/2956/1104
f 4748/2960/1106 4745/2961/1105 4746/2958/1105
f 4750/2962/1107 4747/2963/1106 4748/2960/1106
f 4752/2964/1108 4749/2965/1107 4750/2962/1107
f 4754/2966/1109 4751/2967/1108 4752/2964/1108
f 4756/2968/1110 4753/2969/1109 4754/2966/1109
f 4758/2970/1111 4755/2971/1110 4756/2968/1110
f 4760/2972/1112 4757/2973/1111 4758/2970/1111
f 4762/2974/1113 4759/2975/1112 4760/2972/1112
f 4764/2976/1114 4761/2977/1113 4762/2974/1113
f 4766/2978/1115 4763/2979/1114 4764/2976/1114
f 4768/2980/1116 4765/2981/1115 4766/2978/1115
f 4770/2982/1117 4767/2983/1116 4768/2980/1116
f 4772/2984/1118 4769/2985/1117 4770/2982/1117
f 4774/2986/1119 4771/2987/1118 4772/2984/1118
f 4776/2988/1120 4773/2989/1119 4774/2986/1119
f 4778/2990/1121 4775/2991/1122 4776/2988/1120
f 4780/2992/1123 4777/2993/1121 4778/2990/1121
f 4782/2994/1124 4779/2995/1123 4780/2992/1123
f 4784/2996/1125 4781/2997/1124 4782/2994/1124
f 4786/2998/1126 4783/2999/1125 4784/2996/1125
f 4788/3000/1127 4785/3001/1126 4786/2998/1126
f 4790/3002/1128 4787/3003/1127 4788/3000/1127
f 4792/3004/556 4789/3005/1128 4790/3002/1128
f 4794/3006/1129 4791/3007/556 4792/3004/556
f 4796/3008/1130 4793/3009/1129 4794/3006/1129
f 4798/3010/1131 4795/3011/1130 4796/3008/1130
f 4800/3012/1132 4797/3013/1131 4798/3010/1131
f 4802/3014/1133 4799/3015/1132 4800/3012/1132
f 4804/3016/1134 4801/3017/1133 4802/3014/1133
f 4806/3018/1135 4803/3019/1134 4804/3016/1134
f 4808/3020/1136 4805/3021/1135 4806/3018/1135
f 4810/3022/1137 4807/3023/1136 4808/3020/1136
f 4812/3024/1138 4809/3025/1137 4810/3022/1137
f 4814/3026/1139 4811/3027/1138 4812/3024/1138
f 4816/3028/1140 4813/3029/1139 4814/3026/1139
f 4818/3030/1141 4815/3031/1140 4816/3028/1140
f 4820/3032/1142 4817/3033/1141 4818/3030/1141
f 4822/3034/1143 4819/3035/1142 4820/3032/1142
f 4824/3036/1144 4821/3037/1143 4822/3034/1143
f 4654/2237/1060 4823/3038/1144 4824/3036/1144
f 4828/2679/1145 4825/374/1146 4826/1309/1146
f 4830/2680/1147 4827/2681/1145 4828/2679/1145
f 4832/2682/1148 4829/2683/1147 4830/2680/1147
f 4834/2684/1149 4831/2685/1148 4832/2682/1148
f 4836/2686/1150 4833/2687/1149 4834/2684/1149
f 4838/2688/1151 4835/2689/1150 4836/2686/1150
f 4840/2690/1152 4837/2691/1151 4838/2688/1151
f 4842/2692/1153 4839/2693/1154 4840/2690/1152
f 4844/2694/1155 4841/2695/1153 4842/2692/1153
f 4846/2696/1156 4843/2697/1155 4844/2694/1155
f 4848/2698/1157 4845/2699/1156 4846/2696/1156
f 4850/2700/1158 4847/2701/1157 4848/2698/1157
f 4852/2702/1159 4849/2703/1158 4850/2700/1158
f 4854/2704/1160 4851/2705/1159 4852/2702/1159
f 4856/2706/1161 4853/2707/1160 4854/2704/1160
f 4858/2708/1162 4855/2709/1161 4856/2706/1161
f 4860/2710/1163 4857/2711/1162 4858/2708/1162
f 4862/2712/1164 4859/2713/1163 4860/2710/1163
f 4864/2714/1165 4861/2715/1164 4862/2712/1164
f 4866/2716/1166 4863/2717/1165 4864/2714/1165
f 4868/2718/1167 4865/2719/1166 4866/2716/1166
f 4870/2720/1168 4867/2721/1167 4868/2718/1167
f 4872/2722/1169 4869/2723/1168 4870/2720/1168
f 4874/2724/1170 4871/2725/1169 4872/2722/1169
f 4876/2726/1171 4873/2727/1170 4874/2724/1170
f 4878/2728/1172 4875/2729/1171 4876/2726/1171
f 4880/2730/1173 4877/2731/1172 4878/2728/1172
f 4882/2732/1174 4879/2733/1173 4880/2730/1173
f 4884/2734/1175 4881/2735/1174 4882/2732/1174
f 4886/2736/1176 4883/2737/1175 4884/2734/1175
f 4888/2738/1177 4885/2739/1176 4886/2736/1176
f 4890/2740/1178 4887/2741/1177 4888/2738/1177
f 4892/2742/1179 4889/2743/1178 4890/2740/1178
f 4894/2744/1180 4891/2745/1179 4892/2742/1179
f 4896/2746/1181 4893/2747/1180 4894/2744/1180
f 4898/2748/1182 4895/2749/1181 4896/2746/1181
f 4900/2750/1183 4897/2751/1182 4898/2748/1182
f 4902/2752/1184 4899/2753/1183 4900/2750/1183
f 4904/2754/1185 4901/2755/1184 4902/2752/1184
f 4906/2756/1186 4903/2757/1185 4904/2754/1185
f 4908/2758/1187 4905/2759/1188 4906/2756/1186
f 4910/2760/1189 4907/2761/1187 4908/2758/1187
f 4912/2762/1190 4909/2763/1189 4910/2760/1189
f 4914/2764/1191 4911/2765/1190 4912/2762/1190
f 4916/2766/1192 4913/2767/1191 4914/2764/1191
f 4918/2768/1193 4915/2769/1192 4916/2766/1192
f 4920/2770/1194 4917/2771/1193 4918/2768/1193
f 4922/2772/1195 4919/2773/1194 4920/2770/1194
f 4924/1772/1196 4921/2774/1195 4922/2772/1195
f 4926/2775/1197 4923/232/1196 4924/1772/1196
f 4928/2776/1198 4925/2777/1197 4926/2775/1197
f 4930/2778/1199 4927/2779/1198 4928/2776/1198
f 4932/2780/1200 4929/2781/1199 4930/2778/1199
f 4934/2782/1201 4931/2783/1200 4932/2780/1200
f 4936/2784/1202 4933/2785/1201 4934/2782/1201
f 4938/2786/1203 4935/2787/1202 4936/2784/1202
f 4940/2788/1204 4937/2789/1203 4938/2786/1203
f 4942/2790/1205 4939/2791/1204 4940/2788/1204
f 4944/2792/1206 4941/2793/1207 4942/2790/1205
f 4946/2794/1208 4943/2795/1206 4944/2792/1206
f 4948/2796/1209 4945/2797/1208 4946/2794/1208
f 4950/2798/1210 4947/2799/1209 4948/2796/1209
f 4952/2800/1211 4949/2801/1210 4950/2798/1210
f 4954/2802/1212 4951/2803/1211 4952/2800/1211
f 4956/2804/1213 4953/2805/1212 4954/2802/1212
f 4958/2806/1214 4955/2807/1215 4956/2804/1213
f 4960/2808/1216 4957/2809/1214 4958/2806/1214
f 4962/2810/1217 4959/2811/1216 4960/2808/1216
f 4964/2812/1218 4961/2813/1217 4962/2810/1217
f 4966/2814/1219 4963/2815/1218 4964/2812/1218
f 4968/2816/1220 4965/2817/1219 4966/2814/1219
f 4970/2818/1221 4967/2819/1220 4968/2816/1220
f 4972/2820/1222 4969/2821/1221 4970/2818/1221
f 4974/2822/1223 4971/2823/1222 4972/2820/1222
f 4976/2824/1224 4973/2825/1223 4974/2822/1223
f 4978/2826/1225 4975/2827/1224 4976/2824/1224
f 4980/2828/1226 4977/2829/1225 4978/2826/1225
f 4982/2830/1227 4979/2831/1226 4980/2828/1226
f 4984/2832/1039 4981/2833/1227 4982/2830/1227
f 4986/2834/1228 4983/2835/1039 4984/2832/1039
f 4988/2836/1229 4985/2837/1228 4986/2834/1228
f 4990/2838/1230 4987/2839/1229 4988/2836/1229
f 4992/2840/1231 4989/2841/1230 4990/2838/1230
f 4994/2842/1232 4991/2843/1231 4992/2840/1231
f 4996/2844/1233 4993/2845/1232 4994/2842/1232
f 4998/2846/1234 4995/2847/1235 4996/2844/1233
f 5000/2848/1236 4997/2849/1234 4998/2846/1234
f 5002/2850/1237 4999/2851/1236 5000/2848/1236
f 5004/2852/1238 5001/2853/1237 5002/2850/1237
f 5006/2854/1239 5003/2855/1238 5004/2852/1238
f 5008/2856/1240 5005/2857/1239 5006/2854/1239
f 5010/2858/1241 5007/2859/1240 5008/2856/1240
f 5012/2860/1242 5009/2861/1241 5010/2858/1241
f 5014/2862/1243 5011/2863/1242 5012/2860/1242
f 5016/2864/1244 5013/2865/1243 5014/2862/1243
f 5018/2866/1245 5015/2867/1244 5016/2864/1244
f 5020/2868/1246 5017/2869/1247 5018/2866/1245
f 4826/2237/1146 5019/2870/1246 5020/2868/1246
f 5024/2871/1248 5021/374/1249 5022/1309/1249
f 5026/2872/1250 5023/2873/1248 5024/2871/1248
f 5028/2874/1251 5025/2875/1250 5026/2872/1250
f 5030/2876/1252 5027/2877/1251 5028/2874/1251
f 5032/2878/1253 5029/2879/1252 5030/2876/1252
f 5034/2880/1254 5031/2881/1253 5032/2878/1253
f 5036/2882/1255 5033/2883/1254 5034/2880/1254
f 5038/2884/1256 5035/2885/1255 5036/2882/1255
f 5040/2886/1257 5037/2887/1256 5038/2884/1256
f 5042/2888/1258 5039/2889/1257 5040/2886/1257
f 5044/2890/1259 5041/2891/1258 5042/2888/1258
f 5046/2892/1260 5043/2893/1259 5044/2890/1259
f 5048/2894/1261 5045/2895/1260 5046/2892/1260
f 5050/2896/1262 5047/2897/1261 5048/2894/1261
f 5052/2898/1263 5049/2899/1262 5050/2896/1262
f 5054/2900/1264 5051/2901/1263 5052/2898/1263
f 5056/2902/1265 5053/2903/1264 5054/2900/1264
f 5058/2904/1266 5055/2905/1265 5056/2902/1265
f 5060/2906/1267 5057/2907/1266 5058/2904/1266
f 5062/2908/1268 5059/2909/1267 5060/2906/1267
f 5064/2910/1269 5061/2911/1268 5062/2908/1268
f 5066/2912/1270 5063/2913/1269 5064/2910/1269
f 5068/2914/1271 5065/2915/1270 5066/2912/1270
f 5070/2916/1272 5067/2917/1271 5068/2914/1271
f 5072/2918/1273 5069/2919/1272 5070/2916/1272
f 5074/2920/1274 5071/2921/1273 5072/2918/1273
f 5076/2922/1275 5073/2923/1274 5074/2920/1274
f 5078/2924/1276 5075/2925/1275 5076/2922/1275
f 5080/2926/1277 5077/2927/1276 5078/2924/1276
f 5082/2928/1278 5079/2929/1277 5080/2926/1277
f 5084/2930/1279 5081/2931/1278 5082/2928/1278
f 5086/2932/1280 5083/2933/1279 5084/2930/1279
f 5088/2934/1281 5085/2935/1280 5086/2932/1280
f 5090/2936/1282 5087/2937/1281 5088/2934/1281
f 5092/2938/1283 5089/2939/1282 5090/2936/1282
f 5094/2940/1284 5091/2941/1283 5092/2938/1283
f 5096/2942/1285 5093/2943/1284 5094/2940/1284
f 5098/2944/1286 5095/2945/1285 5096/2942/1285
f 5100/2946/1287 5097/2947/1286 5098/2944/1286
f 5102/2948/1288 5099/2949/1287 5100/2946/1287
f 5104/2950/1289 5101/2951/1288 5102/2948/1288
f 5106/2952/1290 5103/2953/1289 5104/2950/1289
f 5108/1772/1291 5105/2954/1290 5106/2952/1290
f 5110/2955/1292 5107/232/1291 5108/1772/1291
f 5112/2956/1293 5109/2957/1292 5110/2955/1292
f 5114/2958/1294 5111/2959/1293 5112/2956/1293
f 5116/2960/1295 5113/2961/1294 5114/2958/1294
f 5118/2962/1296 5115/2963/1295 5116/2960/1295
f 5120/2964/1297 5117/2965/1296 5118/2962/1296
f 5122/2966/1298 5119/2967/1297 5120/2964/1297
f 5124/2968/1299 5121/2969/1298 5122/2966/1298
f 5126/2970/1300 5123/2971/1299 5124/2968/1299
f 5128/2972/1301 5125/2973/1300 5126/2970/1300
f 5130/2974/1302 5127/2975/1301 5128/2972/1301
f 5132/2976/1303 5129/2977/1302 5130/2974/1302
f 5134/2978/1304 5131/2979/1305 5132/2976/1303
f 5136/2980/1115 5133/2981/1304 5134/2978/1304
f 5138/2982/1306 5135/2983/1115 5136/2980/1115
f 5140/2984/1307 5137/2985/1306 5138/2982/1306
f 5142/2986/1308 5139/2987/1309 5140/2984/1307
f 5144/2988/1310 5141/2989/1308 5142/2986/1308
f 5146/2990/1311 5143/2991/1310 5144/2988/1310
f 5148/2992/1312 5145/2993/1311 5146/2990/1311
f 5150/2994/1313 5147/2995/1312 5148/2992/1312
f 5152/2996/1314 5149/2997/1313 5150/2994/1313
f 5154/2998/1315 5151/2999/1314 5152/2996/1314
f 5156/3000/1316 5153/3001/1315 5154/2998/1315
f 5158/3002/1317 5155/3003/1316 5156/3000/1316
f 5160/3004/1318 5157/3005/1317 5158/3002/1317
f 5162/3006/1319 5159/3007/1318 5160/3004/1318
f 5164/3008/1320 5161/3009/1319 5162/3006/1319
f 5166/3010/1321 5163/3011/1320 5164/3008/1320
f 5168/3012/184 5165/3013/1321 5166/3010/1321
f 5170/3014/1322 5167/3015/184 5168/3012/184
f 5172/3016/1323 5169/3017/1322 5170/3014/1322
f 5174/3018/1324 5171/3019/1323 5172/3016/1323
f 5176/3020/1325 5173/3021/1324 5174/3018/1324
f 5178/3022/1326 5175/3023/1325 5176/3020/1325
f 5180/3024/1327 5177/3025/1326 5178/3022/1326
f 5182/3026/1328 5179/3027/1327 5180/3024/1327
f 5184/3028/1329 5181/3029/1328 5182/3026/1328
f 5186/3030/1330 5183/3031/1329 5184/3028/1329
f 5188/3032/1331 5185/3033/1330 5186/3030/1330
f 5190/3034/1332 5187/3035/1331 5188/3032/1331
f 5192/3036/1333 5189/3037/1334 5190/3034/1332
f 5022/2237/1249 5191/3038/1333 5192/3036/1333
f 2618/1308/3 2617/1311/3 2615/374/4
f 2620/1310/5 2619/1313/5 2617/1311/3
f 2622/1312/6 2621/1315/6 2619/1313/5
f 2624/1314/7 2623/1317/7 2621/1315/6
f 2626/1316/8 2625/1319/8 2623/1317/7
f 2628/1318/9 2627/1321/9 2625/1319/8
f 2630/1320/10 2629/1323/10 2627/1321/9
f 2632/1322/11 2631/1325/11 2629/1323/10
f 2634/1324/12 2633/1327/12 2631/1325/11
f 2636/1326/13 2635/1329/13 2633/1327/12
f 2638/1328/14 2637/1331/14 2635/1329/13
f 2640/1330/15 2639/1333/15 2637/1331/14
f 2642/1332/16 2641/1335/16 2639/1333/15
f 2644/1334/17 2643/1337/17 2641/1335/16
f 2646/1336/18 2645/1339/18 2643/1337/17
f 2648/1338/19 2647/1341/19 2645/1339/18
f 2650/1340/20 2649/1343/20 2647/1341/19
f 2652/1342/21 2651/1345/21 2649/1343/20
f 2654/1344/22 2653/1347/22 2651/1345/21
f 2656/1346/23 2655/1349/23 2653/1347/22
f 2658/1348/24 2657/1351/24 2655/1349/23
f 2660/1350/25 2659/1353/25 2657/1351/24
f 2662/1352/26 2661/1355/26 2659/1353/25
f 2664/1354/27 2663/1357/27 2661/1355/26
f 2666/1356/28 2665/1359/28 2663/1357/27
f 2668/1358/29 2667/1361/29 2665/1359/28
f 2670/1360/30 2669/1363/30 2667/1361/29
f 2672/1362/31 2671/1365/31 2669/1363/30
f 2674/1364/32 2673/1367/32 2671/1365/31
f 2676/1366/33 2675/1369/33 2673/1367/32
f 2678/1368/34 2677/1371/34 2675/1369/33
f 2680/1370/35 2679/1373/35 2677/1371/34
f 2682/1372/36 2681/1375/36 2679/1373/35
f 2684/1374/37 2683/1377/37 2681/1375/36
f 2686/1376/38 2685/1379/38 2683/1377/37
f 2688/1378/39 2687/1381/39 2685/1379/38
f 2690/1380/40 2689/1383/40 2687/1381/39
f 2692/1382/41 2691/1385/41 2689/1383/40
f 2694/1384/42 2693/1387/42 2691/1385/41
f 2696/1386/43 2695/1389/43 2693/1387/42
f 2698/1388/44 2697/1391/44 2695/1389/43
f 2700/1390/45 2699/1393/45 2697/1391/44
f 2702/1392/46 2701/1395/46 2699/1393/45
f 2704/1394/47 2703/1397/47 2701/1395/46
f 2706/1396/48 2705/1399/48 2703/1397/47
f 2708/1398/49 2707/1401/49 2705/1399/48
f 2710/1400/50 2709/1403/50 2707/1401/49
f 2712/1402/51 2711/1405/51 2709/1403/50
f 2714/1404/52 2713/1407/52 2711/1405/51
f 2716/1406/53 2715/1409/53 2713/1407/52
f 2718/1408/54 2717/1411/54 2715/1409/53
f 2720/1410/55 2719/1413/55 2717/1411/54
f 2722/1412/56 2721/1415/56 2719/1413/55
f 2724/1414/57 2723/1417/57 2721/1415/56
f 2726/1416/58 2725/1419/58 2723/1417/57
f 2728/1418/59 2727/1421/59 2725/1419/58
f 2730/1420/60 2729/1423/60 2727/1421/59
f 2732/1422/61 2731/1425/61 2729/1423/60
f 2734/1424/62 2733/1427/62 2731/1425/61
f 2736/1426/63 2735/1429/63 2733/1427/62
f 2738/1428/64 2737/1431/64 2735/1429/63
f 2740/1430/65 2739/1433/65 2737/1431/64
f 2742/1432/66 2741/1435/66 2739/1433/65
f 2744/1434/67 2743/1437/67 2741/1435/66
f 2746/1436/68 2745/1439/68 2743/1437/67
f 2748/1438/69 2747/1441/69 2745/1439/68
f 2750/1440/70 2749/1443/70 2747/1441/69
f 2752/1442/71 2751/1445/71 2749/1443/70
f 2754/1444/72 2753/1447/72 2751/1445/71
f 2756/1446/73 2755/1449/73 2753/1447/72
f 2758/1448/74 2757/1451/74 2755/1449/73
f 2760/1450/75 2759/1453/75 2757/1451/74
f 2762/1452/76 2761/1455/76 2759/1453/75
f 2764/1454/77 2763/1457/77 2761/1455/76
f 2766/1456/78 2765/1459/78 2763/1457/77
f 2768/1458/79 2767/1461/79 2765/1459/78
f 2770/1460/80 2769/1463/80 2767/1461/79
f 2772/1462/81 2771/1465/81 2769/1463/80
f 2774/1464/82 2773/1467/82 2771/1465/81
f 2776/1466/83 2775/1469/83 2773/1467/82
f 2778/1468/84 2777/1471/84 2775/1469/83
f 2780/1470/85 2779/1473/85 2777/1471/84
f 2782/1472/86 2781/1475/86 2779/1473/85
f 2784/1474/87 2783/1477/87 2781/1475/86
f 2786/1476/88 2785/1479/88 2783/1477/87
f 2788/1478/89 2787/1481/89 2785/1479/88
f 2790/1480/90 2789/1483/90 2787/1481/89
f 2792/1482/91 2791/1485/91 2789/1483/90
f 2794/1484/92 2793/1487/92 2791/1485/91
f 2796/1486/93 2795/1489/93 2793/1487/92
f 2798/1488/94 2797/1491/94 2795/1489/93
f 2800/1490/95 2799/1493/95 2797/1491/94
f 2802/1492/96 2801/1495/96 2799/1493/95
f 2804/1494/97 2803/1497/97 2801/1495/96
f 2806/1496/98 2805/1499/98 2803/1497/97
f 2808/1498/99 2807/1501/99 2805/1499/98
f 2810/1500/100 2809/1503/100 2807/1501/99
f 2812/1502/101 2811/1505/101 2809/1503/100
f 2814/1504/102 2813/1507/102 2811/1505/101
f 2816/1506/103 2815/1509/103 2813/1507/102
f 2818/1508/104 2817/1511/104 2815/1509/103
f 2820/1510/105 2819/1513/105 2817/1511/104
f 2822/1512/106 2821/1515/106 2819/1513/105
f 2824/1514/107 2823/1517/107 2821/1515/106
f 2826/1516/108 2825/1519/108 2823/1517/107
f 2828/1518/109 2827/1521/109 2825/1519/108
f 2830/1520/110 2829/1523/110 2827/1521/109
f 2832/1522/111 2831/1525/111 2829/1523/110
f 2834/1524/112 2833/1527/112 2831/1525/111
f 2836/1526/113 2835/1529/115 2833/1527/112
f 2838/1528/114 2837/1531/114 2835/1529/115
f 2840/1530/116 2839/1533/116 2837/1531/114
f 2842/1532/117 2841/1535/117 2839/1533/116
f 2844/1534/118 2843/1537/118 2841/1535/117
f 2846/1536/119 2845/1539/119 2843/1537/118
f 2848/1538/120 2847/1541/120 2845/1539/119
f 2850/1540/121 2849/1543/121 2847/1541/120
f 2852/1542/122 2851/1545/122 2849/1543/121
f 2854/1544/123 2853/1547/123 2851/1545/122
f 2856/1546/124 2855/1549/124 2853/1547/123
f 2858/1548/125 2857/1551/125 2855/1549/124
f 2860/1550/126 2859/1553/126 2857/1551/125
f 2862/1552/127 2861/1555/127 2859/1553/126
f 2864/1554/128 2863/1557/128 2861/1555/127
f 2866/1556/129 2865/1559/129 2863/1557/128
f 2868/1558/130 2867/1561/130 2865/1559/129
f 2870/1560/131 2869/1563/131 2867/1561/130
f 2872/1562/132 2871/1565/132 2869/1563/131
f 2874/1564/133 2873/1567/133 2871/1565/132
f 2876/1566/134 2875/1569/134 2873/1567/133
f 2878/1568/135 2877/1571/135 2875/1569/134
f 2880/1570/136 2879/1573/136 2877/1571/135
f 2882/1572/137 2881/1575/137 2879/1573/136
f 2884/1574/138 2883/1577/138 2881/1575/137
f 2886/1576/139 2885/1579/139 2883/1577/138
f 2888/1578/140 2887/1581/140 2885/1579/139
f 2890/1580/141 2889/1583/141 2887/1581/140
f 2892/1582/142 2891/1585/142 2889/1583/141
f 2894/1584/143 2893/1587/143 2891/1585/142
f 2896/1586/144 2895/1589/144 2893/1587/143
f 2898/1588/145 2897/1591/145 2895/1589/144
f 2900/1590/146 2899/1593/148 2897/1591/145
f 2902/1592/147 2901/1595/150 2899/1593/148
f 2904/1594/149 2903/1597/149 2901/1595/150
f 2906/1596/151 2905/1599/151 2903/1597/149
f 2908/1598/152 2907/1601/152 2905/1599/151
f 2910/1600/153 2909/1603/153 2907/1601/152
f 2912/1602/154 2911/1605/154 2909/1603/153
f 2914/1604/155 2913/1607/155 2911/1605/154
f 2916/1606/156 2915/1609/156 2913/1607/155
f 2918/1608/157 2917/1611/157 2915/1609/156
f 2920/1610/158 2919/1613/160 2917/1611/157
f 2922/1612/159 2921/1615/159 2919/1613/160
f 2924/1614/161 2923/1617/161 2921/1615/159
f 2926/1616/162 2925/1619/162 2923/1617/161
f 2928/1618/163 2927/1621/165 2925/1619/162
f 2930/1620/164 2929/1623/164 2927/1621/165
f 2932/1622/166 2931/1625/166 2929/1623/164
f 2934/1624/167 2933/1627/167 2931/1625/166
f 2936/1626/168 2935/1629/168 2933/1627/167
f 2938/1628/169 2937/1631/169 2935/1629/168
f 2940/1630/170 2939/1633/170 2937/1631/169
f 2942/1632/171 2941/1635/171 2939/1633/170
f 2944/1634/172 2943/1637/172 2941/1635/171
f 2946/1636/173 2945/1639/173 2943/1637/172
f 2948/1638/174 2947/1641/174 2945/1639/173
f 2950/1640/175 2949/1643/175 2947/1641/174
f 2952/1642/176 2951/1645/176 2949/1643/175
f 2954/1644/177 2953/1647/177 2951/1645/176
f 2956/1646/178 2955/1649/178 2953/1647/177
f 2958/1648/179 2957/1651/179 2955/1649/178
f 2960/1650/180 2959/1653/180 2957/1651/179
f 2962/1652/181 2961/1655/181 2959/1653/180
f 2964/1654/182 2963/1657/182 2961/1655/181
f 2966/1656/183 2965/1659/183 2963/1657/182
f 2968/1658/184 2967/1661/184 2965/1659/183
f 2970/1660/185 2969/1663/185 2967/1661/184
f 2972/1662/186 2971/1665/186 2969/1663/185
f 2974/1664/187 2973/1667/187 2971/1665/186
f 2976/1666/188 2975/1669/188 2973/1667/187
f 2978/1668/189 2977/1671/189 2975/1669/188
f 2980/1670/190 2979/1673/190 2977/1671/189
f 2982/1672/191 2981/1675/193 2979/1673/190
f 2984/1674/192 2983/1677/192 2981/1675/193
f 2986/1676/194 2985/1679/194 2983/1677/192
f 2988/1678/195 2987/1681/195 2985/1679/194
f 2990/1680/196 2989/1683/196 2987/1681/195
f 2992/1682/197 2991/1685/197 2989/1683/196
f 2994/1684/198 2993/1687/198 2991/1685/197
f 2996/1686/199 2995/1689/199 2993/1687/198
f 2998/1688/200 2997/1691/200 2995/1689/199
f 3000/1690/201 2999/1693/201 2997/1691/200
f 3002/1692/202 3001/1695/202 2999/1693/201
f 3004/1694/203 3003/1697/203 3001/1695/202
f 3006/1696/204 3005/1699/204 3003/1697/203
f 3008/1698/205 3007/1701/205 3005/1699/204
f 3010/1700/206 3009/1703/206 3007/1701/205
f 3012/1702/194 3011/1705/194 3009/1703/206
f 3014/1704/207 3013/1707/207 3011/1705/194
f 3016/1706/208 3015/1709/208 3013/1707/207
f 3018/1708/209 3017/1711/209 3015/1709/208
f 3020/1710/210 3019/1713/210 3017/1711/209
f 3022/1712/211 3021/1715/211 3019/1713/210
f 3024/1714/212 3023/1717/212 3021/1715/211
f 3026/1716/213 3025/1719/213 3023/1717/212
f 3028/1718/214 3027/1721/214 3025/1719/213
f 3030/1720/215 3029/1723/215 3027/1721/214
f 3032/1722/216 3031/1725/216 3029/1723/215
f 3034/1724/217 3033/1727/217 3031/1725/216
f 3036/1726/218 3035/1729/218 3033/1727/217
f 3038/1728/219 3037/1731/219 3035/1729/218
f 3040/1730/220 3039/1733/220 3037/1731/219
f 3042/1732/221 3041/1735/221 3039/1733/220
f 3044/1734/222 3043/1737/222 3041/1735/221
f 3046/1736/223 3045/1739/223 3043/1737/222
f 3048/1738/224 3047/1741/224 3045/1739/223
f 3050/1740/225 3049/1743/225 3047/1741/224
f 3052/1742/226 3051/1745/226 3049/1743/225
f 3054/1744/227 3053/1747/227 3051/1745/226
f 3056/1746/228 3055/1749/228 3053/1747/227
f 3058/1748/229 3057/1751/229 3055/1749/228
f 3060/1750/230 3059/1753/230 3057/1751/229
f 3062/1752/231 3061/1755/231 3059/1753/230
f 3064/1754/232 3063/1757/232 3061/1755/231
f 3066/1756/233 3065/1759/235 3063/1757/232
f 3068/1758/234 3067/1761/234 3065/1759/235
f 3070/1760/236 3069/1763/236 3067/1761/234
f 3072/1762/237 3071/1765/237 3069/1763/236
f 3074/1764/238 3073/1767/238 3071/1765/237
f 3076/1766/239 3075/1769/239 3073/1767/238
f 3078/1768/240 3077/1771/240 3075/1769/239
f 3080/1770/241 3079/1773/241 3077/1771/240
f 3082/1772/242 3081/232/242 3079/1773/241
f 3084/1774/243 3083/1776/243 3081/232/242
f 3086/1775/244 3085/1778/244 3083/1776/243
f 3088/1777/245 3087/1780/245 3085/1778/244
f 3090/1779/246 3089/1782/246 3087/1780/245
f 3092/1781/247 3091/1784/247 3089/1782/246
f 3094/1783/248 3093/1786/248 3091/1784/247
f 3096/1785/249 3095/1788/249 3093/1786/248
f 3098/1787/250 3097/1790/250 3095/1788/249
f 3100/1789/251 3099/1792/251 3097/1790/250
f 3102/1791/252 3101/1794/252 3099/1792/251
f 3104/1793/253 3103/1796/253 3101/1794/252
f 3106/1795/254 3105/1798/254 3103/1796/253
f 3108/1797/255 3107/1800/255 3105/1798/254
f 3110/1799/256 3109/1802/256 3107/1800/255
f 3112/1801/257 3111/1804/257 3109/1802/256
f 3114/1803/258 3113/1806/258 3111/1804/257
f 3116/1805/259 3115/1808/259 3113/1806/258
f 3118/1807/260 3117/1810/260 3115/1808/259
f 3120/1809/261 3119/1812/261 3117/1810/260
f 3122/1811/262 3121/1814/262 3119/1812/261
f 3124/1813/263 3123/1816/263 3121/1814/262
f 3126/1815/264 3125/1818/264 3123/1816/263
f 3128/1817/265 3127/1820/265 3125/1818/264
f 3130/1819/266 3129/1822/266 3127/1820/265
f 3132/1821/267 3131/1824/267 3129/1822/266
f 3134/1823/268 3133/1826/268 3131/1824/267
f 3136/1825/269 3135/1828/269 3133/1826/268
f 3138/1827/270 3137/1830/270 3135/1828/269
f 3140/1829/271 3139/1832/271 3137/1830/270
f 3142/1831/272 3141/1834/274 3139/1832/271
f 3144/1833/273 3143/1836/273 3141/1834/274
f 3146/1835/275 3145/1838/275 3143/1836/273
f 3148/1837/276 3147/1840/276 3145/1838/275
f 3150/1839/277 3149/1842/277 3147/1840/276
f 3152/1841/278 3151/1844/278 3149/1842/277
f 3154/1843/279 3153/1846/279 3151/1844/278
f 3156/1845/280 3155/1848/280 3153/1846/279
f 3158/1847/281 3157/1850/281 3155/1848/280
f 3160/1849/282 3159/1852/284 3157/1850/281
f 3162/1851/283 3161/1854/286 3159/1852/284
f 3164/1853/285 3163/1856/288 3161/1854/286
f 3166/1855/287 3165/1858/287 3163/1856/288
f 3168/1857/289 3167/1860/291 3165/1858/287
f 3170/1859/290 3169/1862/293 3167/1860/291
f 3172/1861/292 3171/1864/295 3169/1862/293
f 3174/1863/294 3173/1866/294 3171/1864/295
f 3176/1865/296 3175/1868/298 3173/1866/294
f 3178/1867/297 3177/1870/297 3175/1868/298
f 3180/1869/299 3179/1872/299 3177/1870/297
f 3182/1871/300 3181/1874/300 3179/1872/299
f 3184/1873/301 3183/1876/301 3181/1874/300
f 3186/1875/302 3185/1878/302 3183/1876/301
f 3188/1877/303 3187/1880/303 3185/1878/302
f 3190/1879/304 3189/1882/304 3187/1880/303
f 3192/1881/305 3191/1884/305 3189/1882/304
f 3194/1883/306 3193/1886/306 3191/1884/305
f 3196/1885/307 3195/1888/307 3193/1886/306
f 3198/1887/308 3197/1890/308 3195/1888/307
f 3200/1889/309 3199/1892/309 3197/1890/308
f 3202/1891/310 3201/1894/310 3199/1892/309
f 3204/1893/311 3203/1896/311 3201/1894/310
f 3206/1895/312 3205/1898/312 3203/1896/311
f 3208/1897/313 3207/1900/313 3205/1898/312
f 3210/1899/314 3209/1902/314 3207/1900/313
f 3212/1901/315 3211/1904/315 3209/1902/314
f 3214/1903/316 3213/1906/316 3211/1904/315
f 3216/1905/317 3215/1908/317 3213/1906/316
f 3218/1907/318 3217/1910/318 3215/1908/317
f 3220/1909/319 3219/1912/319 3217/1910/318
f 3222/1911/320 3221/1914/320 3219/1912/319
f 3224/1913/321 3223/1916/321 3221/1914/320
f 3226/1915/322 3225/1918/322 3223/1916/321
f 3228/1917/323 3227/1920/323 3225/1918/322
f 3230/1919/324 3229/1922/324 3227/1920/323
f 3232/1921/325 3231/1924/325 3229/1922/324
f 3234/1923/326 3233/1926/326 3231/1924/325
f 3236/1925/327 3235/1928/327 3233/1926/326
f 3238/1927/328 3237/1930/328 3235/1928/327
f 3240/1929/329 3239/1932/329 3237/1930/328
f 3242/1931/330 3241/1934/330 3239/1932/329
f 3244/1933/331 3243/1936/331 3241/1934/330
f 3246/1935/332 3245/1938/332 3243/1936/331
f 3248/1937/333 3247/1940/333 3245/1938/332
f 3250/1939/334 3249/1942/334 3247/1940/333
f 3252/1941/335 3251/1944/335 3249/1942/334
f 3254/1943/336 3253/1946/336 3251/1944/335
f 3256/1945/337 3255/1948/337 3253/1946/336
f 3258/1947/338 3257/1950/338 3255/1948/337
f 3260/1949/339 3259/1952/339 3257/1950/338
f 3262/1951/340 3261/1954/342 3259/1952/339
f 3264/1953/341 3263/1956/341 3261/1954/342
f 3266/1955/343 3265/1958/343 3263/1956/341
f 3268/1957/344 3267/1960/344 3265/1958/343
f 3270/1959/345 3269/1962/345 3267/1960/344
f 3272/1961/346 3271/1964/346 3269/1962/345
f 3274/1963/347 3273/1966/347 3271/1964/346
f 3276/1965/348 3275/1968/348 3273/1966/347
f 3278/1967/349 3277/1970/349 3275/1968/348
f 3280/1969/350 3279/1972/352 3277/1970/349
f 3282/1971/351 3281/1974/351 3279/1972/352
f 3284/1973/353 3283/1976/353 3281/1974/351
f 3286/1975/354 3285/1978/354 3283/1976/353
f 3288/1977/355 3287/1980/355 3285/1978/354
f 3290/1979/356 3289/1982/356 3287/1980/355
f 3292/1981/357 3291/1984/357 3289/1982/356
f 3294/1983/358 3293/1986/358 3291/1984/357
f 3296/1985/359 3295/1988/359 3293/1986/358
f 3298/1987/360 3297/1990/360 3295/1988/359
f 3300/1989/361 3299/1992/361 3297/1990/360
f 3302/1991/362 3301/1994/362 3299/1992/361
f 3304/1993/363 3303/1996/363 3301/1994/362
f 3306/1995/364 3305/1998/364 3303/1996/363
f 3308/1997/365 3307/2000/365 3305/1998/364
f 3310/1999/366 3309/2002/366 3307/2000/365
f 3312/2001/367 3311/2004/367 3309/2002/366
f 3314/2003/368 3313/2006/368 3311/2004/367
f 3316/2005/369 3315/2008/369 3313/2006/368
f 3318/2007/370 3317/2010/370 3315/2008/369
f 3320/2009/371 3319/2012/371 3317/2010/370
f 3322/2011/372 3321/2014/372 3319/2012/371
f 3324/2013/373 3323/2016/373 3321/2014/372
f 3326/2015/374 3325/2018/374 3323/2016/373
f 3328/2017/375 3327/2020/375 3325/2018/374
f 3330/2019/376 3329/2022/376 3327/2020/375
f 3332/2021/377 3331/2024/377 3329/2022/376
f 3334/2023/378 3333/2026/378 3331/2024/377
f 3336/2025/379 3335/2028/379 3333/2026/378
f 3338/2027/380 3337/2030/380 3335/2028/379
f 3340/2029/381 3339/2032/381 3337/2030/380
f 3342/2031/382 3341/2034/382 3339/2032/381
f 3344/2033/383 3343/2036/383 3341/2034/382
f 3346/2035/384 3345/2038/384 3343/2036/383
f 3348/2037/385 3347/2040/385 3345/2038/384
f 3350/2039/386 3349/2042/386 3347/2040/385
f 3352/2041/387 3351/2044/387 3349/2042/386
f 3354/2043/388 3353/2046/388 3351/2044/387
f 3356/2045/389 3355/2048/389 3353/2046/388
f 3358/2047/390 3357/2050/390 3355/2048/389
f 3360/2049/391 3359/2052/391 3357/2050/390
f 3362/2051/392 3361/2054/392 3359/2052/391
f 3364/2053/393 3363/2056/393 3361/2054/392
f 3366/2055/394 3365/2058/394 3363/2056/393
f 3368/2057/395 3367/2060/395 3365/2058/394
f 3370/2059/396 3369/2062/396 3367/2060/395
f 3372/2061/397 3371/2064/397 3369/2062/396
f 3374/2063/398 3373/2066/398 3371/2064/397
f 3376/2065/399 3375/2068/399 3373/2066/398
f 3378/2067/400 3377/2070/402 3375/2068/399
f 3380/2069/401 3379/2072/401 3377/2070/402
f 3382/2071/403 3381/2074/403 3379/2072/401
f 3384/2073/404 3383/2076/404 3381/2074/403
f 3386/2075/405 3385/2078/405 3383/2076/404
f 3388/2077/406 3387/2080/406 3385/2078/405
f 3390/2079/407 3389/2082/407 3387/2080/406
f 3392/2081/408 3391/2084/408 3389/2082/407
f 3394/2083/409 3393/2086/409 3391/2084/408
f 3396/2085/410 3395/2088/410 3393/2086/409
f 3398/2087/411 3397/2090/411 3395/2088/410
f 3400/2089/412 3399/2092/412 3397/2090/411
f 3402/2091/413 3401/2094/413 3399/2092/412
f 3404/2093/414 3403/2096/414 3401/2094/413
f 3406/2095/415 3405/2098/415 3403/2096/414
f 3408/2097/416 3407/2100/416 3405/2098/415
f 3410/2099/417 3409/2102/417 3407/2100/416
f 3412/2101/418 3411/2104/418 3409/2102/417
f 3414/2103/419 3413/2106/419 3411/2104/418
f 3416/2105/420 3415/2108/420 3413/2106/419
f 3418/2107/421 3417/2110/421 3415/2108/420
f 3420/2109/422 3419/2112/422 3417/2110/421
f 3422/2111/423 3421/2114/423 3419/2112/422
f 3424/2113/424 3423/2116/424 3421/2114/423
f 3426/2115/425 3425/2118/425 3423/2116/424
f 3428/2117/426 3427/2120/426 3425/2118/425
f 3430/2119/427 3429/2122/427 3427/2120/426
f 3432/2121/428 3431/2124/428 3429/2122/427
f 3434/2123/429 3433/2126/429 3431/2124/428
f 3436/2125/430 3435/2128/430 3433/2126/429
f 3438/2127/431 3437/2130/431 3435/2128/430
f 3440/2129/432 3439/2132/432 3437/2130/431
f 3442/2131/433 3441/2134/433 3439/2132/432
f 3444/2133/434 3443/2136/434 3441/2134/433
f 3446/2135/435 3445/2138/435 3443/2136/434
f 3448/2137/436 3447/2140/436 3445/2138/435
f 3450/2139/437 3449/2142/437 3447/2140/436
f 3452/2141/438 3451/2144/438 3449/2142/437
f 3454/2143/439 3453/2146/439 3451/2144/438
f 3456/2145/440 3455/2148/440 3453/2146/439
f 3458/2147/441 3457/2150/441 3455/2148/440
f 3460/2149/442 3459/2152/442 3457/2150/441
f 3462/2151/443 3461/2154/443 3459/2152/442
f 3464/2153/444 3463/2156/444 3461/2154/443
f 3466/2155/445 3465/2158/445 3463/2156/444
f 3468/2157/446 3467/2160/446 3465/2158/445
f 3470/2159/447 3469/2162/447 3467/2160/446
f 3472/2161/448 3471/2164/448 3469/2162/447
f 3474/2163/449 3473/2166/449 3471/2164/448
f 3476/2165/450 3475/2168/450 3473/2166/449
f 3478/2167/451 3477/2170/451 3475/2168/450
f 3480/2169/452 3479/2172/452 3477/2170/451
f 3482/2171/453 3481/2174/453 3479/2172/452
f 3484/2173/454 3483/2176/454 3481/2174/453
f 3486/2175/455 3485/2178/455 3483/2176/454
f 3488/2177/456 3487/2180/456 3485/2178/455
f 3490/2179/457 3489/2182/457 3487/2180/456
f 3492/2181/458 3491/2184/458 3489/2182/457
f 3494/2183/459 3493/2186/459 3491/2184/458
f 3496/2185/460 3495/2188/460 3493/2186/459
f 3498/2187/461 3497/2190/461 3495/2188/460
f 3500/2189/462 3499/2192/462 3497/2190/461
f 3502/2191/463 3501/2194/463 3499/2192/462
f 3504/2193/464 3503/2196/464 3501/2194/463
f 3506/2195/465 3505/2198/465 3503/2196/464
f 3508/2197/466 3507/2200/466 3505/2198/465
f 3510/2199/467 3509/2202/467 3507/2200/466
f 3512/2201/468 3511/2204/468 3509/2202/467
f 3514/2203/469 3513/2206/471 3511/2204/468
f 3516/2205/470 3515/2208/470 3513/2206/471
f 3518/2207/472 3517/2210/474 3515/2208/470
f 3520/2209/473 3519/2212/473 3517/2210/474
f 3522/2211/475 3521/2214/475 3519/2212/473
f 3524/2213/476 3523/2216/476 3521/2214/475
f 3526/2215/477 3525/2218/477 3523/2216/476
f 3528/2217/478 3527/2220/478 3525/2218/477
f 3530/2219/479 3529/2222/479 3527/2220/478
f 3532/2221/480 3531/2224/482 3529/2222/479
f 3534/2223/481 3533/2226/481 3531/2224/482
f 3536/2225/483 3535/2228/483 3533/2226/481
f 3538/2227/484 3537/2230/484 3535/2228/483
f 3540/2229/485 3539/2232/485 3537/2230/484
f 3542/2231/486 3541/2234/486 3539/2232/485
f 3544/2233/487 3543/2236/489 3541/2234/486
f 3546/2235/488 3545/2238/488 3543/2236/489
f 2616/2237/4 2615/936/4 3545/2238/488
f 3550/2239/490 3549/2241/490 3547/374/491
f 3552/2240/492 3551/2243/492 3549/2241/490
f 3554/2242/493 3553/2245/493 3551/2243/492
f 3556/2244/494 3555/2247/494 3553/2245/493
f 3558/2246/495 3557/2249/497 3555/2247/494
f 3560/2248/496 3559/2251/499 3557/2249/497
f 3562/2250/498 3561/2253/498 3559/2251/499
f 3564/2252/500 3563/2255/500 3561/2253/498
f 3566/2254/501 3565/2257/503 3563/2255/500
f 3568/2256/502 3567/2259/502 3565/2257/503
f 3570/2258/504 3569/2261/504 3567/2259/502
f 3572/2260/505 3571/2263/505 3569/2261/504
f 3574/2262/506 3573/2265/506 3571/2263/505
f 3576/2264/507 3575/2267/507 3573/2265/506
f 3578/2266/508 3577/2269/510 3575/2267/507
f 3580/2268/509 3579/2271/509 3577/2269/510
f 3582/2270/511 3581/2273/511 3579/2271/509
f 3584/2272/512 3583/2275/512 3581/2273/511
f 3586/2274/513 3585/2277/513 3583/2275/512
f 3588/2276/514 3587/2279/514 3585/2277/513
f 3590/2278/515 3589/2281/515 3587/2279/514
f 3592/2280/516 3591/2283/516 3589/2281/515
f 3594/2282/517 3593/2285/517 3591/2283/516
f 3596/2284/518 3595/2287/518 3593/2285/517
f 3598/2286/519 3597/2289/519 3595/2287/518
f 3600/2288/520 3599/2291/520 3597/2289/519
f 3602/2290/521 3601/2293/521 3599/2291/520
f 3604/2292/522 3603/2295/522 3601/2293/521
f 3606/2294/523 3605/2297/523 3603/2295/522
f 3608/2296/524 3607/2299/524 3605/2297/523
f 3610/2298/525 3609/2301/525 3607/2299/524
f 3612/2300/526 3611/2303/526 3609/2301/525
f 3614/2302/527 3613/2305/527 3611/2303/526
f 3616/2304/528 3615/2307/528 3613/2305/527
f 3618/2306/529 3617/2309/529 3615/2307/528
f 3620/2308/530 3619/2311/530 3617/2309/529
f 3622/2310/531 3621/2313/531 3619/2311/530
f 3624/2312/532 3623/2315/532 3621/2313/531
f 3626/2314/533 3625/2317/533 3623/2315/532
f 3628/2316/534 3627/2319/534 3625/2317/533
f 3630/2318/535 3629/2321/535 3627/2319/534
f 3632/2320/536 3631/2323/536 3629/2321/535
f 3634/2322/537 3633/2325/537 3631/2323/536
f 3636/2324/538 3635/2327/538 3633/2325/537
f 3638/2326/539 3637/2329/539 3635/2327/538
f 3640/2328/540 3639/2331/540 3637/2329/539
f 3642/2330/541 3641/2333/541 3639/2331/540
f 3644/2332/542 3643/2335/542 3641/2333/541
f 3646/2334/543 3645/2337/543 3643/2335/542
f 3648/2336/544 3647/2339/544 3645/2337/543
f 3650/2338/545 3649/2341/545 3647/2339/544
f 3652/2340/546 3651/2343/546 3649/2341/545
f 3654/2342/547 3653/2345/547 3651/2343/546
f 3656/2344/548 3655/2347/548 3653/2345/547
f 3658/2346/549 3657/2349/549 3655/2347/548
f 3660/2348/550 3659/2351/550 3657/2349/549
f 3662/2350/551 3661/2353/551 3659/2351/550
f 3664/2352/552 3663/2355/552 3661/2353/551
f 3666/2354/553 3665/2357/553 3663/2355/552
f 3668/2356/554 3667/2359/554 3665/2357/553
f 3670/2358/555 3669/2361/555 3667/2359/554
f 3672/2360/556 3671/2363/558 3669/2361/555
f 3674/2362/557 3673/2365/557 3671/2363/558
f 3676/2364/559 3675/2367/559 3673/2365/557
f 3678/2366/560 3677/2369/560 3675/2367/559
f 3680/2368/561 3679/2371/561 3677/2369/560
f 3682/2370/562 3681/2373/564 3679/2371/561
f 3684/2372/563 3683/2375/563 3681/2373/564
f 3686/2374/565 3685/2377/567 3683/2375/563
f 3688/2376/566 3687/2379/566 3685/2377/567
f 3690/2378/568 3689/2381/568 3687/2379/566
f 3692/2380/569 3691/2383/569 3689/2381/568
f 3694/2382/570 3693/2385/570 3691/2383/569
f 3696/2384/571 3695/2387/571 3693/2385/570
f 3698/2386/572 3697/2389/572 3695/2387/571
f 3700/2388/573 3699/2391/573 3697/2389/572
f 3702/2390/574 3701/2393/574 3699/2391/573
f 3704/2392/575 3703/2395/575 3701/2393/574
f 3706/2394/576 3705/2397/576 3703/2395/575
f 3708/2396/577 3707/2399/577 3705/2397/576
f 3710/2398/578 3709/2401/578 3707/2399/577
f 3712/2400/579 3711/2403/579 3709/2401/578
f 3714/2402/580 3713/2405/580 3711/2403/579
f 3716/2404/581 3715/2407/581 3713/2405/580
f 3718/2406/582 3717/2409/582 3715/2407/581
f 3720/2408/583 3719/2411/583 3717/2409/582
f 3722/2410/584 3721/2413/584 3719/2411/583
f 3724/2412/585 3723/2415/585 3721/2413/584
f 3726/2414/586 3725/2417/586 3723/2415/585
f 3728/2416/587 3727/2419/587 3725/2417/586
f 3730/2418/588 3729/2421/590 3727/2419/587
f 3732/2420/589 3731/2423/589 3729/2421/590
f 3734/2422/591 3733/2425/591 3731/2423/589
f 3736/2424/592 3735/2427/592 3733/2425/591
f 3738/2426/593 3737/2429/593 3735/2427/592
f 3740/2428/594 3739/2431/594 3737/2429/593
f 3742/2430/595 3741/2433/595 3739/2431/594
f 3744/2432/596 3743/2435/596 3741/2433/595
f 3746/2434/597 3745/2437/597 3743/2435/596
f 3748/2436/598 3747/2439/598 3745/2437/597
f 3750/2438/599 3749/2441/599 3747/2439/598
f 3752/2440/600 3751/2443/602 3749/2441/599
f 3754/2442/601 3753/2445/601 3751/2443/602
f 3756/2444/603 3755/2447/603 3753/2445/601
f 3758/2446/604 3757/2449/604 3755/2447/603
f 3760/2448/605 3759/2451/605 3757/2449/604
f 3762/2450/606 3761/2453/606 3759/2451/605
f 3764/2452/607 3763/2455/607 3761/2453/606
f 3766/2454/608 3765/2457/608 3763/2455/607
f 3768/2456/609 3767/2459/609 3765/2457/608
f 3770/2458/610 3769/2461/610 3767/2459/609
f 3772/2460/611 3771/2463/611 3769/2461/610
f 3774/2462/612 3773/2465/612 3771/2463/611
f 3776/2464/613 3775/2467/613 3773/2465/612
f 3778/2466/614 3777/2469/614 3775/2467/613
f 3780/2468/615 3779/2471/617 3777/2469/614
f 3782/2470/616 3781/2473/616 3779/2471/617
f 3784/2472/618 3783/2475/618 3781/2473/616
f 3786/2474/619 3785/2477/619 3783/2475/618
f 3788/2476/620 3787/2479/620 3785/2477/619
f 3790/2478/621 3789/2481/621 3787/2479/620
f 3792/2480/622 3791/2483/622 3789/2481/621
f 3794/2482/623 3793/2485/623 3791/2483/622
f 3796/2484/624 3795/2487/624 3793/2485/623
f 3798/2486/625 3797/2489/625 3795/2487/624
f 3800/2488/626 3799/2491/626 3797/2489/625
f 3802/2490/627 3801/2493/627 3799/2491/626
f 3804/2492/628 3803/2495/628 3801/2493/627
f 3806/2494/629 3805/2497/629 3803/2495/628
f 3808/2496/630 3807/2499/630 3805/2497/629
f 3810/2498/631 3809/2501/631 3807/2499/630
f 3812/2500/632 3811/2503/632 3809/2501/631
f 3814/2502/633 3813/2505/633 3811/2503/632
f 3816/2504/634 3815/2507/634 3813/2505/633
f 3818/2506/635 3817/2509/635 3815/2507/634
f 3820/2508/636 3819/2511/638 3817/2509/635
f 3822/2510/637 3821/2513/637 3819/2511/638
f 3824/2512/639 3823/2515/639 3821/2513/637
f 3826/2514/640 3825/2517/640 3823/2515/639
f 3828/2516/641 3827/2519/641 3825/2517/640
f 3830/2518/642 3829/2521/642 3827/2519/641
f 3832/2520/643 3831/2523/643 3829/2521/642
f 3834/2522/644 3833/2525/644 3831/2523/643
f 3836/2524/645 3835/2527/645 3833/2525/644
f 3838/2526/646 3837/2529/646 3835/2527/645
f 3840/2528/647 3839/2531/647 3837/2529/646
f 3842/2530/648 3841/2533/648 3839/2531/647
f 3844/2532/649 3843/2535/649 3841/2533/648
f 3846/2534/650 3845/2537/650 3843/2535/649
f 3848/2536/651 3847/2539/651 3845/2537/650
f 3850/2538/652 3849/2541/652 3847/2539/651
f 3852/2540/653 3851/2543/653 3849/2541/652
f 3854/2542/654 3853/2545/654 3851/2543/653
f 3856/2544/655 3855/2547/655 3853/2545/654
f 3858/2546/656 3857/2549/656 3855/2547/655
f 3860/2548/657 3859/2551/657 3857/2549/656
f 3862/2550/658 3861/2553/658 3859/2551/657
f 3864/2552/659 3863/2555/659 3861/2553/658
f 3866/2554/660 3865/2557/660 3863/2555/659
f 3868/2556/661 3867/2559/661 3865/2557/660
f 3870/2558/662 3869/2561/662 3867/2559/661
f 3872/2560/663 3871/2563/663 3869/2561/662
f 3874/2562/664 3873/2565/664 3871/2563/663
f 3876/2564/665 3875/2567/665 3873/2565/664
f 3878/2566/666 3877/2569/666 3875/2567/665
f 3880/2568/667 3879/2571/667 3877/2569/666
f 3882/2570/668 3881/2573/668 3879/2571/667
f 3884/2572/669 3883/2575/669 3881/2573/668
f 3886/2574/670 3885/2577/670 3883/2575/669
f 3888/2576/671 3887/2579/671 3885/2577/670
f 3890/2578/672 3889/2581/672 3887/2579/671
f 3892/2580/673 3891/2583/673 3889/2581/672
f 3894/2582/674 3893/2585/676 3891/2583/673
f 3896/2584/675 3895/2587/675 3893/2585/676
f 3898/2586/677 3897/2589/679 3895/2587/675
f 3900/2588/678 3899/2591/681 3897/2589/679
f 3902/2590/680 3901/2593/680 3899/2591/681
f 3904/2592/682 3903/2595/684 3901/2593/680
f 3906/2594/683 3905/2597/683 3903/2595/684
f 3908/2596/685 3907/2599/685 3905/2597/683
f 3910/2598/686 3909/2601/688 3907/2599/685
f 3912/2600/687 3911/2603/687 3909/2601/688
f 3914/2602/689 3913/2605/691 3911/2603/687
f 3916/2604/690 3915/2606/692 3913/2605/691
f 3548/2237/491 3547/936/491 3915/2606/692
f 3920/2607/693 3919/2608/693 3917/374/694
f 3922/2246/695 3921/2249/695 3919/2608/693
f 3924/2609/696 3923/2610/696 3921/2249/695
f 3926/2256/697 3925/2259/697 3923/2610/696
f 3928/2611/698 3927/2612/698 3925/2259/697
f 3930/2266/699 3929/2269/699 3927/2612/698
f 3932/2613/700 3931/2614/700 3929/2269/699
f 3934/2276/701 3933/2279/701 3931/2614/700
f 3936/2615/702 3935/2616/702 3933/2279/701
f 3938/2286/703 3937/2289/703 3935/2616/702
f 3940/2617/704 3939/2618/704 3937/2289/703
f 3942/2296/705 3941/2299/705 3939/2618/704
f 3944/2619/706 3943/2620/706 3941/2299/705
f 3946/2306/707 3945/2309/707 3943/2620/706
f 3948/2621/708 3947/2622/708 3945/2309/707
f 3950/2316/709 3949/2319/709 3947/2622/708
f 3952/2623/710 3951/2624/710 3949/2319/709
f 3954/2326/711 3953/2329/711 3951/2624/710
f 3956/2625/712 3955/2626/712 3953/2329/711
f 3958/2336/713 3957/2339/713 3955/2626/712
f 3960/2627/714 3959/2628/714 3957/2339/713
f 3962/2346/715 3961/2349/715 3959/2628/714
f 3964/2629/716 3963/2630/716 3961/2349/715
f 3966/2356/717 3965/2359/717 3963/2630/716
f 3968/2631/718 3967/2632/718 3965/2359/717
f 3970/2366/719 3969/2369/719 3967/2632/718
f 3972/2633/720 3971/2634/720 3969/2369/719
f 3974/2376/721 3973/2379/721 3971/2634/720
f 3976/2635/722 3975/2636/722 3973/2379/721
f 3978/2386/723 3977/2389/723 3975/2636/722
f 3980/2637/724 3979/2638/724 3977/2389/723
f 3982/2396/725 3981/2399/725 3979/2638/724
f 3984/2639/726 3983/2640/726 3981/2399/725
f 3986/2406/727 3985/2409/727 3983/2640/726
f 3988/2641/728 3987/2642/728 3985/2409/727
f 3990/2416/729 3989/2419/729 3987/2642/728
f 3992/1772/730 3991/232/730 3989/2419/729
f 3994/2426/731 3993/2429/731 3991/232/730
f 3996/2643/732 3995/2644/732 3993/2429/731
f 3998/2436/733 3997/2439/733 3995/2644/732
f 4000/2645/734 3999/2646/734 3997/2439/733
f 4002/2446/735 4001/2449/735 3999/2646/734
f 4004/2647/736 4003/2648/736 4001/2449/735
f 4006/2456/737 4005/2459/737 4003/2648/736
f 4008/2649/738 4007/2650/738 4005/2459/737
f 4010/2466/739 4009/2469/739 4007/2650/738
f 4012/2651/740 4011/2652/740 4009/2469/739
f 4014/2476/741 4013/2479/741 4011/2652/740
f 4016/2653/742 4015/2654/742 4013/2479/741
f 4018/2486/743 4017/2489/743 4015/2654/742
f 4020/2655/744 4019/2656/744 4017/2489/743
f 4022/2496/745 4021/2499/745 4019/2656/744
f 4024/2657/746 4023/2658/746 4021/2499/745
f 4026/2506/747 4025/2509/747 4023/2658/746
f 4028/2659/748 4027/2660/748 4025/2509/747
f 4030/2516/749 4029/2519/749 4027/2660/748
f 4032/2661/750 4031/2662/750 4029/2519/749
f 4034/2526/751 4033/2529/751 4031/2662/750
f 4036/2663/752 4035/2664/752 4033/2529/751
f 4038/2536/753 4037/2539/753 4035/2664/752
f 4040/2665/754 4039/2666/754 4037/2539/753
f 4042/2546/755 4041/2549/755 4039/2666/754
f 4044/2667/756 4043/2668/756 4041/2549/755
f 4046/2556/757 4045/2559/757 4043/2668/756
f 4048/2669/758 4047/2670/758 4045/2559/757
f 4050/2566/759 4049/2569/759 4047/2670/758
f 4052/2671/760 4051/2672/760 4049/2569/759
f 4054/2576/761 4053/2579/761 4051/2672/760
f 4056/2673/762 4055/2674/762 4053/2579/761
f 4058/2586/763 4057/2589/763 4055/2674/762
f 4060/2675/764 4059/2676/764 4057/2589/763
f 4062/2596/765 4061/2599/765 4059/2676/764
f 4064/2677/766 4063/2678/766 4061/2599/765
f 3918/2237/694 3917/936/694 4063/2678/766
f 4068/2679/767 4067/2681/767 4065/374/768
f 4070/2680/769 4069/2683/769 4067/2681/767
f 4072/2682/770 4071/2685/770 4069/2683/769
f 4074/2684/771 4073/2687/771 4071/2685/770
f 4076/2686/772 4075/2689/772 4073/2687/771
f 4078/2688/773 4077/2691/773 4075/2689/772
f 4080/2690/774 4079/2693/774 4077/2691/773
f 4082/2692/775 4081/2695/775 4079/2693/774
f 4084/2694/776 4083/2697/776 4081/2695/775
f 4086/2696/777 4085/2699/777 4083/2697/776
f 4088/2698/778 4087/2701/778 4085/2699/777
f 4090/2700/779 4089/2703/779 4087/2701/778
f 4092/2702/780 4091/2705/780 4089/2703/779
f 4094/2704/781 4093/2707/781 4091/2705/780
f 4096/2706/782 4095/2709/782 4093/2707/781
f 4098/2708/783 4097/2711/783 4095/2709/782
f 4100/2710/784 4099/2713/784 4097/2711/783
f 4102/2712/785 4101/2715/785 4099/2713/784
f 4104/2714/786 4103/2717/786 4101/2715/785
f 4106/2716/787 4105/2719/787 4103/2717/786
f 4108/2718/788 4107/2721/788 4105/2719/787
f 4110/2720/789 4109/2723/789 4107/2721/788
f 4112/2722/790 4111/2725/790 4109/2723/789
f 4114/2724/791 4113/2727/791 4111/2725/790
f 4116/2726/792 4115/2729/792 4113/2727/791
f 4118/2728/793 4117/2731/793 4115/2729/792
f 4120/2730/794 4119/2733/794 4117/2731/793
f 4122/2732/795 4121/2735/795 4119/2733/794
f 4124/2734/796 4123/2737/796 4121/2735/795
f 4126/2736/797 4125/2739/797 4123/2737/796
f 4128/2738/798 4127/2741/798 4125/2739/797
f 4130/2740/799 4129/2743/799 4127/2741/798
f 4132/2742/800 4131/2745/800 4129/2743/799
f 4134/2744/801 4133/2747/801 4131/2745/800
f 4136/2746/802 4135/2749/802 4133/2747/801
f 4138/2748/803 4137/2751/803 4135/2749/802
f 4140/2750/804 4139/2753/804 4137/2751/803
f 4142/2752/805 4141/2755/805 4139/2753/804
f 4144/2754/806 4143/2757/806 4141/2755/805
f 4146/2756/807 4145/2759/807 4143/2757/806
f 4148/2758/808 4147/2761/808 4145/2759/807
f 4150/2760/809 4149/2763/809 4147/2761/808
f 4152/2762/810 4151/2765/810 4149/2763/809
f 4154/2764/811 4153/2767/811 4151/2765/810
f 4156/2766/812 4155/2769/812 4153/2767/811
f 4158/2768/813 4157/2771/813 4155/2769/812
f 4160/2770/814 4159/2773/814 4157/2771/813
f 4162/2772/815 4161/2774/815 4159/2773/814
f 4164/1772/816 4163/232/816 4161/2774/815
f 4166/2775/817 4165/2777/817 4163/232/816
f 4168/2776/818 4167/2779/818 4165/2777/817
f 4170/2778/819 4169/2781/819 4167/2779/818
f 4172/2780/820 4171/2783/820 4169/2781/819
f 4174/2782/821 4173/2785/821 4171/2783/820
f 4176/2784/822 4175/2787/822 4173/2785/821
f 4178/2786/823 4177/2789/823 4175/2787/822
f 4180/2788/824 4179/2791/824 4177/2789/823
f 4182/2790/825 4181/2793/825 4179/2791/824
f 4184/2792/826 4183/2795/826 4181/2793/825
f 4186/2794/827 4185/2797/827 4183/2795/826
f 4188/2796/828 4187/2799/828 4185/2797/827
f 4190/2798/829 4189/2801/829 4187/2799/828
f 4192/2800/830 4191/2803/830 4189/2801/829
f 4194/2802/831 4193/2805/831 4191/2803/830
f 4196/2804/832 4195/2807/832 4193/2805/831
f 4198/2806/833 4197/2809/833 4195/2807/832
f 4200/2808/834 4199/2811/834 4197/2809/833
f 4202/2810/835 4201/2813/835 4199/2811/834
f 4204/2812/836 4203/2815/836 4201/2813/835
f 4206/2814/837 4205/2817/837 4203/2815/836
f 4208/2816/838 4207/2819/838 4205/2817/837
f 4210/2818/839 4209/2821/839 4207/2819/838
f 4212/2820/840 4211/2823/840 4209/2821/839
f 4214/2822/841 4213/2825/841 4211/2823/840
f 4216/2824/842 4215/2827/842 4213/2825/841
f 4218/2826/843 4217/2829/843 4215/2827/842
f 4220/2828/844 4219/2831/844 4217/2829/843
f 4222/2830/845 4221/2833/845 4219/2831/844
f 4224/2832/846 4223/2835/846 4221/2833/845
f 4226/2834/847 4225/2837/847 4223/2835/846
f 4228/2836/848 4227/2839/848 4225/2837/847
f 4230/2838/849 4229/2841/849 4227/2839/848
f 4232/2840/850 4231/2843/850 4229/2841/849
f 4234/2842/851 4233/2845/851 4231/2843/850
f 4236/2844/852 4235/2847/852 4233/2845/851
f 4238/2846/853 4237/2849/853 4235/2847/852
f 4240/2848/854 4239/2851/854 4237/2849/853
f 4242/2850/855 4241/2853/855 4239/2851/854
f 4244/2852/856 4243/2855/856 4241/2853/855
f 4246/2854/857 4245/2857/857 4243/2855/856
f 4248/2856/858 4247/2859/858 4245/2857/857
f 4250/2858/859 4249/2861/859 4247/2859/858
f 4252/2860/860 4251/2863/860 4249/2861/859
f 4254/2862/861 4253/2865/861 4251/2863/860
f 4256/2864/862 4255/2867/862 4253/2865/861
f 4258/2866/863 4257/2869/863 4255/2867/862
f 4260/2868/864 4259/2870/864 4257/2869/863
f 4066/2237/768 4065/936/768 4259/2870/864
f 4264/2679/865 4263/2681/865 4261/374/866
f 4266/2680/867 4265/2683/867 4263/2681/865
f 4268/2682/868 4267/2685/868 4265/2683/867
f 4270/2684/869 4269/2687/869 4267/2685/868
f 4272/2686/870 4271/2689/872 4269/2687/869
f 4274/2688/871 4273/2691/871 4271/2689/872
f 4276/2690/873 4275/2693/873 4273/2691/871
f 4278/2692/874 4277/2695/874 4275/2693/873
f 4280/2694/875 4279/2697/875 4277/2695/874
f 4282/2696/876 4281/2699/876 4279/2697/875
f 4284/2698/877 4283/2701/877 4281/2699/876
f 4286/2700/878 4285/2703/878 4283/2701/877
f 4288/2702/879 4287/2705/879 4285/2703/878
f 4290/2704/90 4289/2707/90 4287/2705/879
f 4292/2706/880 4291/2709/882 4289/2707/90
f 4294/2708/881 4293/2711/881 4291/2709/882
f 4296/2710/883 4295/2713/883 4293/2711/881
f 4298/2712/884 4297/2715/884 4295/2713/883
f 4300/2714/885 4299/2717/885 4297/2715/884
f 4302/2716/886 4301/2719/886 4299/2717/885
f 4304/2718/887 4303/2721/887 4301/2719/886
f 4306/2720/888 4305/2723/888 4303/2721/887
f 4308/2722/889 4307/2725/889 4305/2723/888
f 4310/2724/890 4309/2727/890 4307/2725/889
f 4312/2726/891 4311/2729/891 4309/2727/890
f 4314/2728/892 4313/2731/892 4311/2729/891
f 4316/2730/893 4315/2733/893 4313/2731/892
f 4318/2732/894 4317/2735/894 4315/2733/893
f 4320/2734/895 4319/2737/895 4317/2735/894
f 4322/2736/896 4321/2739/896 4319/2737/895
f 4324/2738/897 4323/2741/897 4321/2739/896
f 4326/2740/898 4325/2743/898 4323/2741/897
f 4328/2742/899 4327/2745/899 4325/2743/898
f 4330/2744/900 4329/2747/900 4327/2745/899
f 4332/2746/901 4331/2749/901 4329/2747/900
f 4334/2748/902 4333/2751/902 4331/2749/901
f 4336/2750/903 4335/2753/903 4333/2751/902
f 4338/2752/904 4337/2755/904 4335/2753/903
f 4340/2754/905 4339/2757/905 4337/2755/904
f 4342/2756/906 4341/2759/906 4339/2757/905
f 4344/2758/907 4343/2761/907 4341/2759/906
f 4346/2760/908 4345/2763/908 4343/2761/907
f 4348/2762/909 4347/2765/909 4345/2763/908
f 4350/2764/910 4349/2767/910 4347/2765/909
f 4352/2766/498 4351/2769/498 4349/2767/910
f 4354/2768/911 4353/2771/911 4351/2769/498
f 4356/2770/912 4355/2773/912 4353/2771/911
f 4358/2772/913 4357/2774/913 4355/2773/912
f 4360/1772/914 4359/232/914 4357/2774/913
f 4362/2775/915 4361/2777/915 4359/232/914
f 4364/2776/916 4363/2779/916 4361/2777/915
f 4366/2778/917 4365/2781/917 4363/2779/916
f 4368/2780/918 4367/2783/918 4365/2781/917
f 4370/2782/919 4369/2785/919 4367/2783/918
f 4372/2784/920 4371/2787/920 4369/2785/919
f 4374/2786/921 4373/2789/921 4371/2787/920
f 4376/2788/922 4375/2791/922 4373/2789/921
f 4378/2790/923 4377/2793/923 4375/2791/922
f 4380/2792/924 4379/2795/924 4377/2793/923
f 4382/2794/925 4381/2797/925 4379/2795/924
f 4384/2796/926 4383/2799/926 4381/2797/925
f 4386/2798/927 4385/2801/927 4383/2799/926
f 4388/2800/928 4387/2803/928 4385/2801/927
f 4390/2802/929 4389/2805/929 4387/2803/928
f 4392/2804/930 4391/2807/930 4389/2805/929
f 4394/2806/931 4393/2809/931 4391/2807/930
f 4396/2808/932 4395/2811/932 4393/2809/931
f 4398/2810/933 4397/2813/933 4395/2811/932
f 4400/2812/934 4399/2815/934 4397/2813/933
f 4402/2814/935 4401/2817/935 4399/2815/934
f 4404/2816/936 4403/2819/936 4401/2817/935
f 4406/2818/937 4405/2821/937 4403/2819/936
f 4408/2820/938 4407/2823/938 4405/2821/937
f 4410/2822/939 4409/2825/939 4407/2823/938
f 4412/2824/940 4411/2827/940 4409/2825/939
f 4414/2826/941 4413/2829/941 4411/2827/940
f 4416/2828/942 4415/2831/942 4413/2829/941
f 4418/2830/943 4417/2833/943 4415/2831/942
f 4420/2832/944 4419/2835/944 4417/2833/943
f 4422/2834/945 4421/2837/945 4419/2835/944
f 4424/2836/946 4423/2839/946 4421/2837/945
f 4426/2838/947 4425/2841/947 4423/2839/946
f 4428/2840/948 4427/2843/948 4425/2841/947
f 4430/2842/949 4429/2845/949 4427/2843/948
f 4432/2844/950 4431/2847/950 4429/2845/949
f 4434/2846/951 4433/2849/951 4431/2847/950
f 4436/2848/952 4435/2851/952 4433/2849/951
f 4438/2850/953 4437/2853/953 4435/2851/952
f 4440/2852/954 4439/2855/954 4437/2853/953
f 4442/2854/955 4441/2857/955 4439/2855/954
f 4444/2856/956 4443/2859/956 4441/2857/955
f 4446/2858/957 4445/2861/957 4443/2859/956
f 4448/2860/958 4447/2863/958 4445/2861/957
f 4450/2862/959 4449/2865/959 4447/2863/958
f 4452/2864/960 4451/2867/960 4449/2865/959
f 4454/2866/961 4453/2869/961 4451/2867/960
f 4456/2868/962 4455/2870/962 4453/2869/961
f 4262/2237/866 4261/936/866 4455/2870/962
f 4460/2679/963 4459/2681/963 4457/374/964
f 4462/2680/965 4461/2683/965 4459/2681/963
f 4464/2682/966 4463/2685/966 4461/2683/965
f 4466/2684/967 4465/2687/967 4463/2685/966
f 4468/2686/968 4467/2689/968 4465/2687/967
f 4470/2688/969 4469/2691/969 4467/2689/968
f 4472/2690/970 4471/2693/970 4469/2691/969
f 4474/2692/971 4473/2695/971 4471/2693/970
f 4476/2694/972 4475/2697/972 4473/2695/971
f 4478/2696/973 4477/2699/973 4475/2697/972
f 4480/2698/974 4479/2701/974 4477/2699/973
f 4482/2700/975 4481/2703/975 4479/2701/974
f 4484/2702/976 4483/2705/976 4481/2703/975
f 4486/2704/977 4485/2707/977 4483/2705/976
f 4488/2706/978 4487/2709/978 4485/2707/977
f 4490/2708/979 4489/2711/979 4487/2709/978
f 4492/2710/980 4491/2713/980 4489/2711/979
f 4494/2712/981 4493/2715/981 4491/2713/980
f 4496/2714/982 4495/2717/982 4493/2715/981
f 4498/2716/983 4497/2719/983 4495/2717/982
f 4500/2718/984 4499/2721/984 4497/2719/983
f 4502/2720/985 4501/2723/985 4499/2721/984
f 4504/2722/986 4503/2725/986 4501/2723/985
f 4506/2724/987 4505/2727/987 4503/2725/986
f 4508/2726/988 4507/2729/988 4505/2727/987
f 4510/2728/890 4509/2731/890 4507/2729/988
f 4512/2730/989 4511/2733/989 4509/2731/890
f 4514/2732/990 4513/2735/990 4511/2733/989
f 4516/2734/991 4515/2737/991 4513/2735/990
f 4518/2736/992 4517/2739/992 4515/2737/991
f 4520/2738/993 4519/2741/993 4517/2739/992
f 4522/2740/994 4521/2743/994 4519/2741/993
f 4524/2742/995 4523/2745/995 4521/2743/994
f 4526/2744/996 4525/2747/996 4523/2745/995
f 4528/2746/997 4527/2749/997 4525/2747/996
f 4530/2748/998 4529/2751/998 4527/2749/997
f 4532/2750/999 4531/2753/999 4529/2751/998
f 4534/2752/1000 4533/2755/1000 4531/2753/999
f 4536/2754/1001 4535/2757/1001 4533/2755/1000
f 4538/2756/1002 4537/2759/1002 4535/2757/1001
f 4540/2758/1003 4539/2761/1003 4537/2759/1002
f 4542/2760/1004 4541/2763/1004 4539/2761/1003
f 4544/2762/1005 4543/2765/1005 4541/2763/1004
f 4546/2764/1006 4545/2767/1006 4543/2765/1005
f 4548/2766/1007 4547/2769/1007 4545/2767/1006
f 4550/2768/1008 4549/2771/1008 4547/2769/1007
f 4552/2770/1009 4551/2773/1009 4549/2771/1008
f 4554/2772/1010 4553/2774/1010 4551/2773/1009
f 4556/1772/1011 4555/232/1011 4553/2774/1010
f 4558/2775/1012 4557/2777/1012 4555/232/1011
f 4560/2776/1013 4559/2779/1013 4557/2777/1012
f 4562/2778/1014 4561/2781/1014 4559/2779/1013
f 4564/2780/1015 4563/2783/1015 4561/2781/1014
f 4566/2782/1016 4565/2785/1016 4563/2783/1015
f 4568/2784/1017 4567/2787/1017 4565/2785/1016
f 4570/2786/1018 4569/2789/1018 4567/2787/1017
f 4572/2788/1019 4571/2791/1019 4569/2789/1018
f 4574/2790/1020 4573/2793/1020 4571/2791/1019
f 4576/2792/1021 4575/2795/1021 4573/2793/1020
f 4578/2794/1022 4577/2797/1022 4575/2795/1021
f 4580/2796/1023 4579/2799/1023 4577/2797/1022
f 4582/2798/1024 4581/2801/1024 4579/2799/1023
f 4584/2800/1025 4583/2803/1025 4581/2801/1024
f 4586/2802/1026 4585/2805/1026 4583/2803/1025
f 4588/2804/1027 4587/2807/1027 4585/2805/1026
f 4590/2806/1028 4589/2809/1028 4587/2807/1027
f 4592/2808/1029 4591/2811/1029 4589/2809/1028
f 4594/2810/1030 4593/2813/1030 4591/2811/1029
f 4596/2812/1031 4595/2815/1031 4593/2813/1030
f 4598/2814/1032 4597/2817/1032 4595/2815/1031
f 4600/2816/1033 4599/2819/1033 4597/2817/1032
f 4602/2818/1034 4601/2821/1034 4599/2819/1033
f 4604/2820/1035 4603/2823/1035 4601/2821/1034
f 4606/2822/1036 4605/2825/1036 4603/2823/1035
f 4608/2824/1037 4607/2827/1037 4605/2825/1036
f 4610/2826/382 4609/2829/382 4607/2827/1037
f 4612/2828/1038 4611/2831/1038 4609/2829/382
f 4614/2830/1039 4613/2833/1039 4611/2831/1038
f 4616/2832/1040 4615/2835/1040 4613/2833/1039
f 4618/2834/1041 4617/2837/1041 4615/2835/1040
f 4620/2836/1042 4619/2839/1042 4617/2837/1041
f 4622/2838/1043 4621/2841/1043 4619/2839/1042
f 4624/2840/1044 4623/2843/1044 4621/2841/1043
f 4626/2842/1045 4625/2845/1045 4623/2843/1044
f 4628/2844/1046 4627/2847/1046 4625/2845/1045
f 4630/2846/1047 4629/2849/1047 4627/2847/1046
f 4632/2848/1048 4631/2851/1048 4629/2849/1047
f 4634/2850/1049 4633/2853/1049 4631/2851/1048
f 4636/2852/1050 4635/2855/1050 4633/2853/1049
f 4638/2854/1051 4637/2857/1051 4635/2855/1050
f 4640/2856/1052 4639/2859/1052 4637/2857/1051
f 4642/2858/1053 4641/2861/1053 4639/2859/1052
f 4644/2860/1054 4643/2863/1054 4641/2861/1053
f 4646/2862/1055 4645/2865/1055 4643/2863/1054
f 4648/2864/1056 4647/2867/1056 4645/2865/1055
f 4650/2866/1057 4649/2869/1057 4647/2867/1056
f 4652/2868/1058 4651/2870/1058 4649/2869/1057
f 4458/2237/964 4457/936/964 4651/2870/1058
f 4656/2871/1059 4655/2873/1059 4653/374/1060
f 4658/2872/1061 4657/2875/1061 4655/2873/1059
f 4660/2874/1062 4659/2877/1062 4657/2875/1061
f 4662/2876/1063 4661/2879/1063 4659/2877/1062
f 4664/2878/1064 4663/2881/1064 4661/2879/1063
f 4666/2880/1065 4665/2883/1065 4663/2881/1064
f 4668/2882/1066 4667/2885/1066 4665/2883/1065
f 4670/2884/1067 4669/2887/1067 4667/2885/1066
f 4672/2886/1068 4671/2889/1068 4669/2887/1067
f 4674/2888/1069 4673/2891/1069 4671/2889/1068
f 4676/2890/1070 4675/2893/1070 4673/2891/1069
f 4678/2892/1071 4677/2895/1071 4675/2893/1070
f 4680/2894/1072 4679/2897/1072 4677/2895/1071
f 4682/2896/1073 4681/2899/1073 4679/2897/1072
f 4684/2898/1074 4683/2901/1074 4681/2899/1073
f 4686/2900/1075 4685/2903/1075 4683/2901/1074
f 4688/2902/1076 4687/2905/1076 4685/2903/1075
f 4690/2904/1077 4689/2907/1077 4687/2905/1076
f 4692/2906/1078 4691/2909/1078 4689/2907/1077
f 4694/2908/1079 4693/2911/1079 4691/2909/1078
f 4696/2910/1080 4695/2913/1080 4693/2911/1079
f 4698/2912/1081 4697/2915/1081 4695/2913/1080
f 4700/2914/1082 4699/2917/1082 4697/2915/1081
f 4702/2916/1083 4701/2919/1083 4699/2917/1082
f 4704/2918/1084 4703/2921/1084 4701/2919/1083
f 4706/2920/1085 4705/2923/1085 4703/2921/1084
f 4708/2922/1086 4707/2925/1086 4705/2923/1085
f 4710/2924/1087 4709/2927/1087 4707/2925/1086
f 4712/2926/1088 4711/2929/1088 4709/2927/1087
f 4714/2928/1089 4713/2931/1089 4711/2929/1088
f 4716/2930/1090 4715/2933/1090 4713/2931/1089
f 4718/2932/1091 4717/2935/1091 4715/2933/1090
f 4720/2934/1092 4719/2937/1092 4717/2935/1091
f 4722/2936/1093 4721/2939/1093 4719/2937/1092
f 4724/2938/1094 4723/2941/1094 4721/2939/1093
f 4726/2940/1095 4725/2943/1095 4723/2941/1094
f 4728/2942/1096 4727/2945/1096 4725/2943/1095
f 4730/2944/1097 4729/2947/1097 4727/2945/1096
f 4732/2946/1098 4731/2949/1098 4729/2947/1097
f 4734/2948/1099 4733/2951/1099 4731/2949/1098
f 4736/2950/1100 4735/2953/1100 4733/2951/1099
f 4738/2952/1101 4737/2954/1101 4735/2953/1100
f 4740/1772/1102 4739/232/1102 4737/2954/1101
f 4742/2955/1103 4741/2957/1103 4739/232/1102
f 4744/2956/1104 4743/2959/1104 4741/2957/1103
f 4746/2958/1105 4745/2961/1105 4743/2959/1104
f 4748/2960/1106 4747/2963/1106 4745/2961/1105
f 4750/2962/1107 4749/2965/1107 4747/2963/1106
f 4752/2964/1108 4751/2967/1108 4749/2965/1107
f 4754/2966/1109 4753/2969/1109 4751/2967/1108
f 4756/2968/1110 4755/2971/1110 4753/2969/1109
f 4758/2970/1111 4757/2973/1111 4755/2971/1110
f 4760/2972/1112 4759/2975/1112 4757/2973/1111
f 4762/2974/1113 4761/2977/1113 4759/2975/1112
f 4764/2976/1114 4763/2979/1114 4761/2977/1113
f 4766/2978/1115 4765/2981/1115 4763/2979/1114
f 4768/2980/1116 4767/2983/1116 4765/2981/1115
f 4770/2982/1117 4769/2985/1117 4767/2983/1116
f 4772/2984/1118 4771/2987/1118 4769/2985/1117
f 4774/2986/1119 4773/2989/1119 4771/2987/1118
f 4776/2988/1120 4775/2991/1122 4773/2989/1119
f 4778/2990/1121 4777/2993/1121 4775/2991/1122
f 4780/2992/1123 4779/2995/1123 4777/2993/1121
f 4782/2994/1124 4781/2997/1124 4779/2995/1123
f 4784/2996/1125 4783/2999/1125 4781/2997/1124
f 4786/2998/1126 4785/3001/1126 4783/2999/1125
f 4788/3000/1127 4787/3003/1127 4785/3001/1126
f 4790/3002/1128 4789/3005/1128 4787/3003/1127
f 4792/3004/556 4791/3007/556 4789/3005/1128
f 4794/3006/1129 4793/3009/1129 4791/3007/556
f 4796/3008/1130 4795/3011/1130 4793/3009/1129
f 4798/3010/1131 4797/3013/1131 4795/3011/1130
f 4800/3012/1132 4799/3015/1132 4797/3013/1131
f 4802/3014/1133 4801/3017/1133 4799/3015/1132
f 4804/3016/1134 4803/3019/1134 4801/3017/1133
f 4806/3018/1135 4805/3021/1135 4803/3019/1134
f 4808/3020/1136 4807/3023/1136 4805/3021/1135
f 4810/3022/1137 4809/3025/1137 4807/3023/1136
f 4812/3024/1138 4811/3027/1138 4809/3025/1137
f 4814/3026/1139 4813/3029/1139 4811/3027/1138
f 4816/3028/1140 4815/3031/1140 4813/3029/1139
f 4818/3030/1141 4817/3033/1141 4815/3031/1140
f 4820/3032/1142 4819/3035/1142 4817/3033/1141
f 4822/3034/1143 4821/3037/1143 4819/3035/1142
f 4824/3036/1144 4823/3038/1144 4821/3037/1143
f 4654/2237/1060 4653/936/1060 4823/3038/1144
f 4828/2679/1145 4827/2681/1145 4825/374/1146
f 4830/2680/1147 4829/2683/1147 4827/2681/1145
f 4832/2682/1148 4831/2685/1148 4829/2683/1147
f 4834/2684/1149 4833/2687/1149 4831/2685/1148
f 4836/2686/1150 4835/2689/1150 4833/2687/1149
f 4838/2688/1151 4837/2691/1151 4835/2689/1150
f 4840/2690/1152 4839/2693/1154 4837/2691/1151
f 4842/2692/1153 4841/2695/1153 4839/2693/1154
f 4844/2694/1155 4843/2697/1155 4841/2695/1153
f 4846/2696/1156 4845/2699/1156 4843/2697/1155
f 4848/2698/1157 4847/2701/1157 4845/2699/1156
f 4850/2700/1158 4849/2703/1158 4847/2701/1157
f 4852/2702/1159 4851/2705/1159 4849/2703/1158
f 4854/2704/1160 4853/2707/1160 4851/2705/1159
f 4856/2706/1161 4855/2709/1161 4853/2707/1160
f 4858/2708/1162 4857/2711/1162 4855/2709/1161
f 4860/2710/1163 4859/2713/1163 4857/2711/1162
f 4862/2712/1164 4861/2715/1164 4859/2713/1163
f 4864/2714/1165 4863/2717/1165 4861/2715/1164
f 4866/2716/1166 4865/2719/1166 4863/2717/1165
f 4868/2718/1167 4867/2721/1167 4865/2719/1166
f 4870/2720/1168 4869/2723/1168 4867/2721/1167
f 4872/2722/1169 4871/2725/1169 4869/2723/1168
f 4874/2724/1170 4873/2727/1170 4871/2725/1169
f 4876/2726/1171 4875/2729/1171 4873/2727/1170
f 4878/2728/1172 4877/2731/1172 4875/2729/1171
f 4880/2730/1173 4879/2733/1173 4877/2731/1172
f 4882/2732/1174 4881/2735/1174 4879/2733/1173
f 4884/2734/1175 4883/2737/1175 4881/2735/1174
f 4886/2736/1176 4885/2739/1176 4883/2737/1175
f 4888/2738/1177 4887/2741/1177 4885/2739/1176
f 4890/2740/1178 4889/2743/1178 4887/2741/1177
f 4892/2742/1179 4891/2745/1179 4889/2743/1178
f 4894/2744/1180 4893/2747/1180 4891/2745/1179
f 4896/2746/1181 4895/2749/1181 4893/2747/1180
f 4898/2748/1182 4897/2751/1182 4895/2749/1181
f 4900/2750/1183 4899/2753/1183 4897/2751/1182
f 4902/2752/1184 4901/2755/1184 4899/2753/1183
f 4904/2754/1185 4903/2757/1185 4901/2755/1184
f 4906/2756/1186 4905/2759/1188 4903/2757/1185
f 4908/2758/1187 4907/2761/1187 4905/2759/1188
f 4910/2760/1189 4909/2763/1189 4907/2761/1187
f 4912/2762/1190 4911/2765/1190 4909/2763/1189
f 4914/2764/1191 4913/2767/1191 4911/2765/1190
f 4916/2766/1192 4915/2769/1192 4913/2767/1191
f 4918/2768/1193 4917/2771/1193 4915/2769/1192
f 4920/2770/1194 4919/2773/1194 4917/2771/1193
f 4922/2772/1195 4921/2774/1195 4919/2773/1194
f 4924/1772/1196 4923/232/1196 4921/2774/1195
f 4926/2775/1197 4925/2777/1197 4923/232/1196
f 4928/2776/1198 4927/2779/1198 4925/2777/1197
f 4930/2778/1199 4929/2781/1199 4927/2779/1198
f 4932/2780/1200 4931/2783/1200 4929/2781/1199
f 4934/2782/1201 4933/2785/1201 4931/2783/1200
f 4936/2784/1202 4935/2787/1202 4933/2785/1201
f 4938/2786/1203 4937/2789/1203 4935/2787/1202
f 4940/2788/1204 4939/2791/1204 4937/2789/1203
f 4942/2790/1205 4941/2793/1207 4939/2791/1204
f 4944/2792/1206 4943/2795/1206 4941/2793/1207
f 4946/2794/1208 4945/2797/1208 4943/2795/1206
f 4948/2796/1209 4947/2799/1209 4945/2797/1208
f 4950/2798/1210 4949/2801/1210 4947/2799/1209
f 4952/2800/1211 4951/2803/1211 4949/2801/1210
f 4954/2802/1212 4953/2805/1212 4951/2803/1211
f 4956/2804/1213 4955/2807/1215 4953/2805/1212
f 4958/2806/1214 4957/2809/1214 4955/2807/1215
f 4960/2808/1216 4959/2811/1216 4957/2809/1214
f 4962/2810/1217 4961/2813/1217 4959/2811/1216
f 4964/2812/1218 4963/2815/1218 4961/2813/1217
f 4966/2814/1219 4965/2817/1219 4963/2815/1218
f 4968/2816/1220 4967/2819/1220 4965/2817/1219
f 4970/2818/1221 4969/2821/1221 4967/2819/1220
f 4972/2820/1222 4971/2823/1222 4969/2821/1221
f 4974/2822/1223 4973/2825/1223 4971/2823/1222
f 4976/2824/1224 4975/2827/1224 4973/2825/1223
f 4978/2826/1225 4977/2829/1225 4975/2827/1224
f 4980/2828/1226 4979/2831/1226 4977/2829/1225
f 4982/2830/1227 4981/2833/1227 4979/2831/1226
f 4984/2832/1039 4983/2835/1039 4981/2833/1227
f 4986/2834/1228 4985/2837/1228 4983/2835/1039
f 4988/2836/1229 4987/2839/1229 4985/2837/1228
f 4990/2838/1230 4989/2841/1230 4987/2839/1229
f 4992/2840/1231 4991/2843/1231 4989/2841/1230
f 4994/2842/1232 4993/2845/1232 4991/2843/1231
f 4996/2844/1233 4995/2847/1235 4993/2845/1232
f 4998/2846/1234 4997/2849/1234 4995/2847/1235
f 5000/2848/1236 4999/2851/1236 4997/2849/1234
f 5002/2850/1237 5001/2853/1237 4999/2851/1236
f 5004/2852/1238 5003/2855/1238 5001/2853/1237
f 5006/2854/1239 5005/2857/1239 5003/2855/1238
f 5008/2856/1240 5007/2859/1240 5005/2857/1239
f 5010/2858/1241 5009/2861/1241 5007/2859/1240
f 5012/2860/1242 5011/2863/1242 5009/2861/1241
f 5014/2862/1243 5013/2865/1243 5011/2863/1242
f 5016/2864/1244 5015/2867/1244 5013/2865/1243
f 5018/2866/1245 5017/2869/1247 5015/2867/1244
f 5020/2868/1246 5019/2870/1246 5017/2869/1247
f 4826/2237/1146 4825/936/1146 5019/2870/1246
f 5024/2871/1248 5023/2873/1248 5021/374/1249
f 5026/2872/1250 5025/2875/1250 5023/2873/1248
f 5028/2874/1251 5027/2877/1251 5025/2875/1250
f 5030/2876/1252 5029/2879/1252 5027/2877/1251
f 5032/2878/1253 5031/2881/1253 5029/2879/1252
f 5034/2880/1254 5033/2883/1254 5031/2881/1253
f 5036/2882/1255 5035/2885/1255 5033/2883/1254
f 5038/2884/1256 5037/2887/1256 5035/2885/1255
f 5040/2886/1257 5039/2889/1257 5037/2887/1256
f 5042/2888/1258 5041/2891/1258 5039/2889/1257
f 5044/2890/1259 5043/2893/1259 5041/2891/1258
f 5046/2892/1260 5045/2895/1260 5043/2893/1259
f 5048/2894/1261 5047/2897/1261 5045/2895/1260
f 5050/2896/1262 5049/2899/1262 5047/2897/1261
f 5052/2898/1263 5051/2901/1263 5049/2899/1262
f 5054/2900/1264 5053/2903/1264 5051/2901/1263
f 5056/2902/1265 5055/2905/1265 5053/2903/1264
f 5058/2904/1266 5057/2907/1266 5055/2905/1265
f 5060/2906/1267 5059/2909/1267 5057/2907/1266
f 5062/2908/1268 5061/2911/1268 5059/2909/1267
f 5064/2910/1269 5063/2913/1269 5061/2911/1268
f 5066/2912/1270 5065/2915/1270 5063/2913/1269
f 5068/2914/1271 5067/2917/1271 5065/2915/1270
f 5070/2916/1272 5069/2919/1272 5067/2917/1271
f 5072/2918/1273 5071/2921/1273 5069/2919/1272
f 5074/2920/1274 5073/2923/1274 5071/2921/1273
f 5076/2922/1275 5075/2925/1275 5073/2923/1274
f 5078/2924/1276 5077/2927/1276 5075/2925/1275
f 5080/2926/1277 5079/2929/1277 5077/2927/1276
f 5082/2928/1278 5081/2931/1278 5079/2929/1277
f 5084/2930/1279 5083/2933/1279 5081/2931/1278
f 5086/2932/1280 5085/2935/1280 5083/2933/1279
f 5088/2934/1281 5087/2937/1281 5085/2935/1280
f 5090/2936/1282 5089/2939/1282 5087/2937/1281
f 5092/2938/1283 5091/2941/1283 5089/2939/1282
f 5094/2940/1284 5093/2943/1284 5091/2941/1283
f 5096/2942/1285 5095/2945/1285 5093/2943/1284
f 5098/2944/1286 5097/2947/1286 5095/2945/1285
f 5100/2946/1287 5099/2949/1287 5097/2947/1286
f 5102/2948/1288 5101/2951/1288 5099/2949/1287
f 5104/2950/1289 5103/2953/1289 5101/2951/1288
f 5106/2952/1290 5105/2954/1290 5103/2953/1289
f 5108/1772/1291 5107/232/1291 5105/2954/1290
f 5110/2955/1292 5109/2957/1292 5107/232/1291
f 5112/2956/1293 5111/2959/1293 5109/2957/1292
f 5114/2958/1294 5113/2961/1294 5111/2959/1293
f 5116/2960/1295 5115/2963/1295 5113/2961/1294
f 5118/2962/1296 5117/2965/1296 5115/2963/1295
f 5120/2964/1297 5119/2967/1297 5117/2965/1296
f 5122/2966/1298 5121/2969/1298 5119/2967/1297
f 5124/2968/1299 5123/2971/1299 5121/2969/1298
f 5126/2970/1300 5125/2973/1300 5123/2971/1299
f 5128/2972/1301 5127/2975/1301 5125/2973/1300
f 5130/2974/1302 5129/2977/1302 5127/2975/1301
f 5132/2976/1303 5131/2979/1305 5129/2977/1302
f 5134/2978/1304 5133/2981/1304 5131/2979/1305
f 5136/2980/1115 5135/2983/1115 5133/2981/1304
f 5138/2982/1306 5137/2985/1306 5135/2983/1115
f 5140/2984/1307 5139/2987/1309 5137/2985/1306
f 5142/2986/1308 5141/2989/1308 5139/2987/1309
f 5144/2988/1310 5143/2991/1310 5141/2989/1308
f 5146/2990/1311 5145/2993/1311 5143/2991/1310
f 5148/2992/1312 5147/2995/1312 5145/2993/1311
f 5150/2994/1313 5149/2997/1313 5147/2995/1312
f 5152/2996/1314 5151/2999/1314 5149/2997/1313
f 5154/2998/1315 5153/3001/1315 5151/2999/1314
f 5156/3000/1316 5155/3003/1316 5153/3001/1315
f 5158/3002/1317 5157/3005/1317 5155/3003/1316
f 5160/3004/1318 5159/3007/1318 5157/3005/1317
f 5162/3006/1319 5161/3009/1319 5159/3007/1318
f 5164/3008/1320 5163/3011/1320 5161/3009/1319
f 5166/3010/1321 5165/3013/1321 5163/3011/1320
f 5168/3012/184 5167/3015/184 5165/3013/1321
f 5170/3014/1322 5169/3017/1322 5167/3015/184
f 5172/3016/1323 5171/3019/1323 5169/3017/1322
f 5174/3018/1324 5173/3021/1324 5171/3019/1323
f 5176/3020/1325 5175/3023/1325 5173/3021/1324
f 5178/3022/1326 5177/3025/1326 5175/3023/1325
f 5180/3024/1327 5179/3027/1327 5177/3025/1326
f 5182/3026/1328 5181/3029/1328 5179/3027/1327
f 5184/3028/1329 5183/3031/1329 5181/3029/1328
f 5186/3030/1330 5185/3033/1330 5183/3031/1329
f 5188/3032/1331 5187/3035/1331 5185/3033/1330
f 5190/3034/1332 5189/3037/1334 5187/3035/1331
f 5192/3036/1333 5191/3038/1333 5189/3037/1334
f 5022/2237/1249 5021/936/1249 5191/3038/1333
s 0
f 5194/936/1 5195/1309/1 5193/374/1
f 5198/936/1 5199/1309/1 5197/374/1
f 5202/936/1 5203/1309/1 5201/374/1
f 5206/936/1 5207/1309/1 5205/374/1
f 5210/936/1 5211/1309/1 5209/374/1
f 5214/936/1 5215/1309/1 5213/374/1
f 5218/936/1 5219/1309/1 5217/374/1
f 5222/936/1 5223/1309/1 5221/374/1
f 5225/374/1 5228/2237/1 5227/1309/1
f 5229/374/1 5232/2237/1 5231/1309/1
f 5234/936/1 5235/1309/1 5233/374/1
f 5238/936/1 5239/1309/1 5237/374/1
f 5242/936/1 5243/1309/1 5241/374/1
f 5246/936/1 5247/1309/1 5245/374/1
f 5250/936/1 5251/1309/1 5249/374/1
f 5254/936/1 5255/1309/1 5253/374/1
f 5257/374/1 5260/2237/1 5259/1309/1
f 5262/936/1 5263/1309/1 5261/374/1
f 5265/374/1 5268/2237/1 5267/1309/1
f 5269/374/1 5272/2237/1 5271/1309/1
f 5194/936/1 5196/2237/1 5195/1309/1
f 5198/936/1 5200/2237/1 5199/1309/1
f 5202/936/1 5204/2237/1 5203/1309/1
f 5206/936/1 5208/2237/1 5207/1309/1
f 5210/936/1 5212/2237/1 5211/1309/1
f 5214/936/1 5216/2237/1 5215/1309/1
f 5218/936/1 5220/2237/1 5219/1309/1
f 5222/936/1 5224/2237/1 5223/1309/1
f 5225/374/1 5226/936/1 5228/2237/1
f 5229/374/1 5230/936/1 5232/2237/1
f 5234/936/1 5236/2237/1 5235/1309/1
f 5238/936/1 5240/2237/1 5239/1309/1
f 5242/936/1 5244/2237/1 5243/1309/1
f 5246/936/1 5248/2237/1 5247/1309/1
f 5250/936/1 5252/2237/1 5251/1309/1
f 5254/936/1 5256/2237/1 5255/1309/1
f 5257/374/1 5258/936/1 5260/2237/1
f 5262/936/1 5264/2237/1 5263/1309/1
f 5265/374/1 5266/936/1 5268/2237/1
f 5269/374/1 5270/936/1 5272/2237/1
