# Blender 5.1.2
# www.blender.org
mtllib Moveing.mtl
o テキスト
v 1.017000 0.100000 -0.221000
v 1.382000 0.100000 -0.221000
v 1.382000 0.100000 0.249000
v 1.305000 0.100000 0.249000
v 1.305000 0.100000 0.192000
v 1.017000 0.100000 0.192000
v 1.017000 0.100000 0.519000
v 0.938000 0.100000 0.519000
v 0.938000 0.100000 0.192000
v 0.651000 0.100000 0.192000
v 0.651000 0.100000 0.254000
v 0.576000 0.100000 0.254000
v 0.576000 0.100000 -0.221000
v 0.938000 0.100000 -0.221000
v 0.938000 0.100000 -0.400000
v 1.017000 0.100000 -0.400000
v 0.938000 0.100000 -0.148000
v 0.651000 0.100000 -0.148000
v 0.651000 0.100000 0.118000
v 0.938000 0.100000 0.118000
v 1.017000 0.100000 -0.148000
v 1.017000 0.100000 0.118000
v 1.305000 0.100000 0.118000
v 1.305000 0.100000 -0.148000
v 0.207979 0.100000 -0.368042
v 0.207916 0.100000 -0.349171
v 0.207812 0.100000 -0.330391
v 0.207667 0.100000 -0.311704
v 0.207479 0.100000 -0.293114
v 0.207250 0.100000 -0.274625
v 0.206979 0.100000 -0.256240
v 0.206667 0.100000 -0.237963
v 0.206312 0.100000 -0.219797
v 0.205917 0.100000 -0.201745
v 0.205479 0.100000 -0.183812
v 0.205000 0.100000 -0.166000
v 0.418000 0.100000 -0.166000
v 0.418000 0.100000 -0.165444
v 0.418000 0.100000 -0.163884
v 0.418000 0.100000 -0.161484
v 0.418000 0.100000 -0.158407
v 0.418000 0.100000 -0.154817
v 0.418000 0.100000 -0.150875
v 0.418000 0.100000 -0.146746
v 0.418000 0.100000 -0.142593
v 0.418000 0.100000 -0.138578
v 0.418000 0.100000 -0.134866
v 0.418000 0.100000 -0.131619
v 0.418000 0.100000 -0.129000
v 0.415257 0.100000 -0.029039
v 0.412468 0.100000 0.059773
v 0.409547 0.100000 0.138078
v 0.406407 0.100000 0.206519
v 0.402962 0.100000 0.265737
v 0.399125 0.100000 0.316375
v 0.394809 0.100000 0.359076
v 0.389926 0.100000 0.394481
v 0.384391 0.100000 0.423234
v 0.378116 0.100000 0.445977
v 0.371014 0.100000 0.463351
v 0.363000 0.100000 0.476000
v 0.358684 0.100000 0.482362
v 0.354218 0.100000 0.487981
v 0.349578 0.100000 0.492906
v 0.344741 0.100000 0.497185
v 0.339681 0.100000 0.500867
v 0.334375 0.100000 0.504000
v 0.328798 0.100000 0.506633
v 0.322926 0.100000 0.508815
v 0.316734 0.100000 0.510594
v 0.310199 0.100000 0.512019
v 0.303296 0.100000 0.513138
v 0.296000 0.100000 0.514000
v 0.288386 0.100000 0.514898
v 0.280083 0.100000 0.515602
v 0.271156 0.100000 0.516125
v 0.261667 0.100000 0.516481
v 0.251677 0.100000 0.516685
v 0.241250 0.100000 0.516750
v 0.230448 0.100000 0.516690
v 0.219333 0.100000 0.516519
v 0.207969 0.100000 0.516250
v 0.196417 0.100000 0.515898
v 0.184740 0.100000 0.515477
v 0.173000 0.100000 0.515000
v 0.172376 0.100000 0.509554
v 0.171509 0.100000 0.503764
v 0.170406 0.100000 0.497703
v 0.169074 0.100000 0.491444
v 0.167520 0.100000 0.485061
v 0.165750 0.100000 0.478625
v 0.163772 0.100000 0.472210
v 0.161593 0.100000 0.465889
v 0.159219 0.100000 0.459734
v 0.156657 0.100000 0.453819
v 0.153916 0.100000 0.448217
v 0.151000 0.100000 0.443000
v 0.163154 0.100000 0.443919
v 0.175065 0.100000 0.444685
v 0.186656 0.100000 0.445312
v 0.197852 0.100000 0.445815
v 0.208575 0.100000 0.446206
v 0.218750 0.100000 0.446500
v 0.228300 0.100000 0.446711
v 0.237148 0.100000 0.446852
v 0.245219 0.100000 0.446938
v 0.252435 0.100000 0.446981
v 0.258721 0.100000 0.446998
v 0.264000 0.100000 0.447000
v 0.267878 0.100000 0.446953
v 0.271523 0.100000 0.446792
v 0.274953 0.100000 0.446484
v 0.278185 0.100000 0.446000
v 0.281237 0.100000 0.445307
v 0.284125 0.100000 0.444375
v 0.286867 0.100000 0.443172
v 0.289482 0.100000 0.441667
v 0.291984 0.100000 0.439828
v 0.294394 0.100000 0.437625
v 0.296726 0.100000 0.435026
v 0.299000 0.100000 0.432000
v 0.304756 0.100000 0.422279
v 0.310046 0.100000 0.407815
v 0.314906 0.100000 0.388156
v 0.319370 0.100000 0.362852
v 0.323473 0.100000 0.331450
v 0.327250 0.100000 0.293500
v 0.330735 0.100000 0.248550
v 0.333963 0.100000 0.196148
v 0.336969 0.100000 0.135844
v 0.339787 0.100000 0.067185
v 0.342453 0.100000 -0.010279
v 0.345000 0.100000 -0.097000
v 0.203000 0.100000 -0.097000
v 0.199024 0.100000 -0.031003
v 0.193361 0.100000 0.032893
v 0.185656 0.100000 0.094547
v 0.175556 0.100000 0.153815
v 0.162705 0.100000 0.210555
v 0.146750 0.100000 0.264625
v 0.127337 0.100000 0.315883
v 0.104111 0.100000 0.364185
v 0.076719 0.100000 0.409391
v 0.044806 0.100000 0.451356
v 0.008017 0.100000 0.489940
v -0.034000 0.100000 0.525000
v -0.037049 0.100000 0.520595
v -0.040643 0.100000 0.515931
v -0.044703 0.100000 0.511078
v -0.049148 0.100000 0.506111
v -0.053899 0.100000 0.501102
v -0.058875 0.100000 0.496125
v -0.063997 0.100000 0.491252
v -0.069185 0.100000 0.486556
v -0.074359 0.100000 0.482109
v -0.079440 0.100000 0.477986
v -0.084347 0.100000 0.474259
v -0.089000 0.100000 0.471000
v -0.085251 0.100000 0.468230
v -0.081509 0.100000 0.465421
v -0.077781 0.100000 0.462578
v -0.074074 0.100000 0.459704
v -0.070395 0.100000 0.456802
v -0.066750 0.100000 0.453875
v -0.063147 0.100000 0.450928
v -0.059593 0.100000 0.447963
v -0.056094 0.100000 0.444984
v -0.052657 0.100000 0.441995
v -0.049291 0.100000 0.438999
v -0.046000 0.100000 0.436000
v -0.084286 0.100000 0.440497
v -0.122537 0.100000 0.444972
v -0.160594 0.100000 0.449406
v -0.198296 0.100000 0.453778
v -0.235485 0.100000 0.458066
v -0.272000 0.100000 0.462250
v -0.307682 0.100000 0.466309
v -0.342370 0.100000 0.470222
v -0.375906 0.100000 0.473969
v -0.408130 0.100000 0.477528
v -0.438881 0.100000 0.480878
v -0.468000 0.100000 0.484000
v -0.478000 0.100000 0.418000
v -0.261000 0.100000 0.398000
v -0.261000 0.100000 0.311000
v -0.451000 0.100000 0.311000
v -0.451000 0.100000 0.253000
v -0.261000 0.100000 0.253000
v -0.261000 0.100000 0.192000
v -0.448000 0.100000 0.192000
v -0.448000 0.100000 -0.107000
v -0.261000 0.100000 -0.107000
v -0.261000 0.100000 -0.170000
v -0.478000 0.100000 -0.170000
v -0.478000 0.100000 -0.229000
v -0.261000 0.100000 -0.229000
v -0.261000 0.100000 -0.296000
v -0.277017 0.100000 -0.294772
v -0.293051 0.100000 -0.293588
v -0.309078 0.100000 -0.292453
v -0.325074 0.100000 -0.291370
v -0.341014 0.100000 -0.290343
v -0.356875 0.100000 -0.289375
v -0.372631 0.100000 -0.288469
v -0.388259 0.100000 -0.287630
v -0.403734 0.100000 -0.286859
v -0.419032 0.100000 -0.286162
v -0.434129 0.100000 -0.285541
v -0.449000 0.100000 -0.285000
v -0.449851 0.100000 -0.289157
v -0.450889 0.100000 -0.293593
v -0.452094 0.100000 -0.298250
v -0.453444 0.100000 -0.303074
v -0.454920 0.100000 -0.308009
v -0.456500 0.100000 -0.313000
v -0.458163 0.100000 -0.317991
v -0.459889 0.100000 -0.322926
v -0.461656 0.100000 -0.327750
v -0.463444 0.100000 -0.332407
v -0.465233 0.100000 -0.336843
v -0.467000 0.100000 -0.341000
v -0.429357 0.100000 -0.342976
v -0.390685 0.100000 -0.345394
v -0.351375 0.100000 -0.348234
v -0.311815 0.100000 -0.351481
v -0.272394 0.100000 -0.355117
v -0.233500 0.100000 -0.359125
v -0.195523 0.100000 -0.363487
v -0.158852 0.100000 -0.368185
v -0.123875 0.100000 -0.373203
v -0.090981 0.100000 -0.378523
v -0.060560 0.100000 -0.384128
v -0.033000 0.100000 -0.390000
v 0.004000 0.100000 -0.332000
v -0.009806 0.100000 -0.329061
v -0.024199 0.100000 -0.326241
v -0.039140 0.100000 -0.323531
v -0.054592 0.100000 -0.320926
v -0.070517 0.100000 -0.318418
v -0.086875 0.100000 -0.316000
v -0.103629 0.100000 -0.313666
v -0.120741 0.100000 -0.311407
v -0.138172 0.100000 -0.309219
v -0.155884 0.100000 -0.307093
v -0.173840 0.100000 -0.305022
v -0.192000 0.100000 -0.303000
v -0.192000 0.100000 -0.229000
v 0.022000 0.100000 -0.229000
v 0.022000 0.100000 -0.170000
v -0.192000 0.100000 -0.170000
v -0.192000 0.100000 -0.107000
v 0.003000 0.100000 -0.107000
v 0.003000 0.100000 0.192000
v -0.192000 0.100000 0.192000
v -0.192000 0.100000 0.253000
v 0.005000 0.100000 0.253000
v 0.005000 0.100000 0.311000
v -0.192000 0.100000 0.311000
v -0.192000 0.100000 0.391000
v 0.009000 0.100000 0.370000
v 0.009000 0.100000 0.374000
v 0.029505 0.100000 0.343344
v 0.047620 0.100000 0.310917
v 0.063500 0.100000 0.276781
v 0.077296 0.100000 0.241000
v 0.089162 0.100000 0.203635
v 0.099250 0.100000 0.164750
v 0.107713 0.100000 0.124406
v 0.114704 0.100000 0.082667
v 0.120375 0.100000 0.039594
v 0.124880 0.100000 -0.004750
v 0.128370 0.100000 -0.050302
v 0.131000 0.100000 -0.097000
v 0.014000 0.100000 -0.097000
v 0.014000 0.100000 -0.166000
v 0.133000 0.100000 -0.166000
v 0.133460 0.100000 -0.183812
v 0.133843 0.100000 -0.201746
v 0.134156 0.100000 -0.219797
v 0.134408 0.100000 -0.237963
v 0.134603 0.100000 -0.256240
v 0.134750 0.100000 -0.274625
v 0.134855 0.100000 -0.293114
v 0.134926 0.100000 -0.311704
v 0.134969 0.100000 -0.330391
v 0.134991 0.100000 -0.349171
v 0.134999 0.100000 -0.368042
v 0.135000 0.100000 -0.387000
v 0.208000 0.100000 -0.387000
v -0.261000 0.100000 0.140000
v -0.261000 0.100000 0.067000
v -0.386000 0.100000 0.067000
v -0.386000 0.100000 0.140000
v -0.061000 0.100000 0.140000
v -0.061000 0.100000 0.067000
v -0.192000 0.100000 0.067000
v -0.192000 0.100000 0.140000
v -0.261000 0.100000 0.017000
v -0.261000 0.100000 -0.055000
v -0.386000 0.100000 -0.055000
v -0.386000 0.100000 0.017000
v -0.061000 0.100000 0.017000
v -0.061000 0.100000 -0.055000
v -0.192000 0.100000 -0.055000
v -0.192000 0.100000 0.017000
v -1.141643 0.100000 -0.327521
v -1.150560 0.100000 -0.324088
v -1.159734 0.100000 -0.320703
v -1.169148 0.100000 -0.317370
v -1.178784 0.100000 -0.314093
v -1.188625 0.100000 -0.310875
v -1.198653 0.100000 -0.307719
v -1.208852 0.100000 -0.304630
v -1.219203 0.100000 -0.301609
v -1.229690 0.100000 -0.298662
v -1.240294 0.100000 -0.295791
v -1.251000 0.100000 -0.293000
v -1.251000 0.100000 -0.113000
v -1.128000 0.100000 -0.113000
v -1.128000 0.100000 -0.043000
v -1.251000 0.100000 -0.043000
v -1.251000 0.100000 -0.020000
v -1.243691 0.100000 -0.011585
v -1.234532 0.100000 -0.000681
v -1.223922 0.100000 0.012203
v -1.212259 0.100000 0.026556
v -1.199944 0.100000 0.041866
v -1.187375 0.100000 0.057625
v -1.174952 0.100000 0.073321
v -1.163074 0.100000 0.088444
v -1.152141 0.100000 0.102484
v -1.142551 0.100000 0.114931
v -1.134704 0.100000 0.125273
v -1.129000 0.100000 0.133000
v -1.173000 0.100000 0.193000
v -1.176922 0.100000 0.184940
v -1.181625 0.100000 0.175856
v -1.187016 0.100000 0.165891
v -1.193000 0.100000 0.155185
v -1.199484 0.100000 0.143883
v -1.206375 0.100000 0.132125
v -1.213578 0.100000 0.120055
v -1.221000 0.100000 0.107815
v -1.228547 0.100000 0.095547
v -1.236125 0.100000 0.083393
v -1.243641 0.100000 0.071497
v -1.251000 0.100000 0.060000
v -1.251000 0.100000 0.521000
v -1.321000 0.100000 0.521000
v -1.321000 0.100000 0.075000
v -1.330203 0.100000 0.100707
v -1.339787 0.100000 0.126241
v -1.349719 0.100000 0.151469
v -1.359963 0.100000 0.176259
v -1.370485 0.100000 0.200480
v -1.381250 0.100000 0.224000
v -1.392223 0.100000 0.246686
v -1.403370 0.100000 0.268407
v -1.414656 0.100000 0.289031
v -1.426046 0.100000 0.308426
v -1.437506 0.100000 0.326459
v -1.449000 0.100000 0.343000
v -1.451199 0.100000 0.337575
v -1.453759 0.100000 0.331847
v -1.456625 0.100000 0.325891
v -1.459741 0.100000 0.319778
v -1.463051 0.100000 0.313582
v -1.466500 0.100000 0.307375
v -1.470032 0.100000 0.301231
v -1.473593 0.100000 0.295222
v -1.477125 0.100000 0.289422
v -1.480574 0.100000 0.283903
v -1.483884 0.100000 0.278738
v -1.487000 0.100000 0.274000
v -1.472933 0.100000 0.254815
v -1.458801 0.100000 0.233435
v -1.444703 0.100000 0.210125
v -1.430741 0.100000 0.185148
v -1.417014 0.100000 0.158768
v -1.403625 0.100000 0.131250
v -1.390673 0.100000 0.102856
v -1.378259 0.100000 0.073852
v -1.366484 0.100000 0.044500
v -1.355449 0.100000 0.015065
v -1.345254 0.100000 -0.014190
v -1.336000 0.100000 -0.043000
v -1.473000 0.100000 -0.043000
v -1.473000 0.100000 -0.113000
v -1.321000 0.100000 -0.113000
v -1.321000 0.100000 -0.276000
v -1.331248 0.100000 -0.273791
v -1.341486 0.100000 -0.271662
v -1.351703 0.100000 -0.269609
v -1.361889 0.100000 -0.267630
v -1.372033 0.100000 -0.265719
v -1.382125 0.100000 -0.263875
v -1.392154 0.100000 -0.262093
v -1.402111 0.100000 -0.260370
v -1.411984 0.100000 -0.258703
v -1.421764 0.100000 -0.257088
v -1.431439 0.100000 -0.255521
v -1.441000 0.100000 -0.254000
v -1.441891 0.100000 -0.258178
v -1.443046 0.100000 -0.262671
v -1.444438 0.100000 -0.267422
v -1.446037 0.100000 -0.272370
v -1.447817 0.100000 -0.277458
v -1.449750 0.100000 -0.282625
v -1.451808 0.100000 -0.287813
v -1.453963 0.100000 -0.292963
v -1.456187 0.100000 -0.298016
v -1.458454 0.100000 -0.302912
v -1.460734 0.100000 -0.307593
v -1.463000 0.100000 -0.312000
v -1.437704 0.100000 -0.316954
v -1.411968 0.100000 -0.322296
v -1.386016 0.100000 -0.328000
v -1.360074 0.100000 -0.334037
v -1.334369 0.100000 -0.340380
v -1.309125 0.100000 -0.347000
v -1.284569 0.100000 -0.353870
v -1.260926 0.100000 -0.360963
v -1.238422 0.100000 -0.368250
v -1.217282 0.100000 -0.375704
v -1.197733 0.100000 -0.383296
v -1.180000 0.100000 -0.391000
v -1.133000 0.100000 -0.331000
v -0.945385 0.100000 -0.181050
v -0.936579 0.100000 -0.175731
v -0.927641 0.100000 -0.170094
v -0.918630 0.100000 -0.164185
v -0.909605 0.100000 -0.158054
v -0.900625 0.100000 -0.151750
v -0.891749 0.100000 -0.145321
v -0.883037 0.100000 -0.138815
v -0.874547 0.100000 -0.132281
v -0.866338 0.100000 -0.125769
v -0.858469 0.100000 -0.119325
v -0.851000 0.100000 -0.113000
v -0.838149 0.100000 -0.122126
v -0.825611 0.100000 -0.131505
v -0.813406 0.100000 -0.141141
v -0.801555 0.100000 -0.151037
v -0.790080 0.100000 -0.161197
v -0.779000 0.100000 -0.171625
v -0.768337 0.100000 -0.182324
v -0.758111 0.100000 -0.193296
v -0.748344 0.100000 -0.204547
v -0.739055 0.100000 -0.216079
v -0.730267 0.100000 -0.227895
v -0.722000 0.100000 -0.240000
v -0.931000 0.100000 -0.240000
v -0.942397 0.100000 -0.230043
v -0.954092 0.100000 -0.220181
v -0.966094 0.100000 -0.210422
v -0.978407 0.100000 -0.200778
v -0.991040 0.100000 -0.191259
v -1.004000 0.100000 -0.181875
v -1.017293 0.100000 -0.172637
v -1.030926 0.100000 -0.163556
v -1.044906 0.100000 -0.154641
v -1.059241 0.100000 -0.145903
v -1.073936 0.100000 -0.137352
v -1.089000 0.100000 -0.129000
v -1.092219 0.100000 -0.133174
v -1.095833 0.100000 -0.137639
v -1.099781 0.100000 -0.142313
v -1.104000 0.100000 -0.147111
v -1.108427 0.100000 -0.151951
v -1.113000 0.100000 -0.156750
v -1.117656 0.100000 -0.161424
v -1.122333 0.100000 -0.165889
v -1.126969 0.100000 -0.170062
v -1.131500 0.100000 -0.173861
v -1.135864 0.100000 -0.177201
v -1.140000 0.100000 -0.180000
v -1.109734 0.100000 -0.195730
v -1.080958 0.100000 -0.212338
v -1.053703 0.100000 -0.229703
v -1.028000 0.100000 -0.247704
v -1.003880 0.100000 -0.266218
v -0.981375 0.100000 -0.285125
v -0.960515 0.100000 -0.304303
v -0.941333 0.100000 -0.323630
v -0.923859 0.100000 -0.342984
v -0.908125 0.100000 -0.362245
v -0.894161 0.100000 -0.381291
v -0.882000 0.100000 -0.400000
v -0.805000 0.100000 -0.385000
v -0.809562 0.100000 -0.378250
v -0.814245 0.100000 -0.371500
v -0.819047 0.100000 -0.364750
v -0.823963 0.100000 -0.358000
v -0.828990 0.100000 -0.351250
v -0.834125 0.100000 -0.344500
v -0.839364 0.100000 -0.337750
v -0.844704 0.100000 -0.331000
v -0.850141 0.100000 -0.324250
v -0.855671 0.100000 -0.317500
v -0.861292 0.100000 -0.310750
v -0.867000 0.100000 -0.304000
v -0.679000 0.100000 -0.304000
v -0.666000 0.100000 -0.307000
v -0.618000 0.100000 -0.283000
v -0.641691 0.100000 -0.237442
v -0.669528 0.100000 -0.195204
v -0.701156 0.100000 -0.156188
v -0.736222 0.100000 -0.120296
v -0.774371 0.100000 -0.087433
v -0.815250 0.100000 -0.057500
v -0.858503 0.100000 -0.030400
v -0.903778 0.100000 -0.006037
v -0.950719 0.100000 0.015687
v -0.998972 0.100000 0.034870
v -1.048184 0.100000 0.051609
v -1.098000 0.100000 0.066000
v -1.100200 0.100000 0.061364
v -1.102764 0.100000 0.056495
v -1.105641 0.100000 0.051453
v -1.108778 0.100000 0.046296
v -1.112123 0.100000 0.041084
v -1.115625 0.100000 0.035875
v -1.119231 0.100000 0.030729
v -1.122889 0.100000 0.025704
v -1.126547 0.100000 0.020859
v -1.130153 0.100000 0.016255
v -1.133654 0.100000 0.011948
v -1.137000 0.100000 0.008000
v -1.117505 0.100000 0.003292
v -1.098042 0.100000 -0.001833
v -1.078641 0.100000 -0.007375
v -1.059333 0.100000 -0.013333
v -1.040151 0.100000 -0.019708
v -1.021125 0.100000 -0.026500
v -1.002286 0.100000 -0.033708
v -0.983667 0.100000 -0.041333
v -0.965297 0.100000 -0.049375
v -0.947208 0.100000 -0.057833
v -0.929432 0.100000 -0.066708
v -0.912000 0.100000 -0.076000
v -0.918950 0.100000 -0.082306
v -0.926268 0.100000 -0.088699
v -0.933906 0.100000 -0.095141
v -0.941815 0.100000 -0.101593
v -0.949946 0.100000 -0.108017
v -0.958250 0.100000 -0.114375
v -0.966679 0.100000 -0.120629
v -0.975185 0.100000 -0.126741
v -0.983719 0.100000 -0.132672
v -0.992231 0.100000 -0.138384
v -1.000675 0.100000 -0.143840
v -1.009000 0.100000 -0.149000
v -0.954000 0.100000 -0.186000
v -0.895156 0.100000 0.213951
v -0.885167 0.100000 0.220273
v -0.875094 0.100000 0.226922
v -0.865000 0.100000 0.233852
v -0.854948 0.100000 0.241018
v -0.845000 0.100000 0.248375
v -0.835219 0.100000 0.255878
v -0.825667 0.100000 0.263481
v -0.816406 0.100000 0.271141
v -0.807500 0.100000 0.278810
v -0.799010 0.100000 0.286445
v -0.791000 0.100000 0.294000
v -0.777460 0.100000 0.281792
v -0.764347 0.100000 0.269167
v -0.751672 0.100000 0.256125
v -0.739444 0.100000 0.242667
v -0.727675 0.100000 0.228792
v -0.716375 0.100000 0.214500
v -0.705554 0.100000 0.199792
v -0.695222 0.100000 0.184667
v -0.685390 0.100000 0.169125
v -0.676069 0.100000 0.153167
v -0.667269 0.100000 0.136792
v -0.659000 0.100000 0.120000
v -0.856000 0.100000 0.120000
v -0.871043 0.100000 0.134414
v -0.886676 0.100000 0.148644
v -0.902906 0.100000 0.162672
v -0.919741 0.100000 0.176481
v -0.937186 0.100000 0.190055
v -0.955250 0.100000 0.203375
v -0.973939 0.100000 0.216424
v -0.993259 0.100000 0.229185
v -1.013219 0.100000 0.241641
v -1.033824 0.100000 0.253773
v -1.055082 0.100000 0.265565
v -1.077000 0.100000 0.277000
v -1.079950 0.100000 0.272826
v -1.083268 0.100000 0.268356
v -1.086906 0.100000 0.263672
v -1.090815 0.100000 0.258852
v -1.094946 0.100000 0.253976
v -1.099250 0.100000 0.249125
v -1.103679 0.100000 0.244378
v -1.108185 0.100000 0.239815
v -1.112719 0.100000 0.235516
v -1.117231 0.100000 0.231560
v -1.121675 0.100000 0.228028
v -1.126000 0.100000 0.225000
v -1.089233 0.100000 0.206859
v -1.054449 0.100000 0.187537
v -1.021672 0.100000 0.167187
v -0.990926 0.100000 0.145963
v -0.962236 0.100000 0.124016
v -0.935625 0.100000 0.101500
v -0.911119 0.100000 0.078567
v -0.888741 0.100000 0.055370
v -0.868516 0.100000 0.032062
v -0.850468 0.100000 0.008796
v -0.834621 0.100000 -0.014275
v -0.821000 0.100000 -0.037000
v -0.744000 0.100000 -0.022000
v -0.748023 0.100000 -0.015501
v -0.752097 0.100000 -0.009005
v -0.756234 0.100000 -0.002516
v -0.760444 0.100000 0.003963
v -0.764738 0.100000 0.010428
v -0.769125 0.100000 0.016875
v -0.773616 0.100000 0.023301
v -0.778222 0.100000 0.029704
v -0.782953 0.100000 0.036078
v -0.787819 0.100000 0.042421
v -0.792832 0.100000 0.048730
v -0.798000 0.100000 0.055000
v -0.624000 0.100000 0.055000
v -0.611000 0.100000 0.052000
v -0.562000 0.100000 0.074000
v -0.586748 0.100000 0.136995
v -0.616736 0.100000 0.194625
v -0.651578 0.100000 0.247109
v -0.690889 0.100000 0.294667
v -0.734283 0.100000 0.337516
v -0.781375 0.100000 0.375875
v -0.831779 0.100000 0.409964
v -0.885111 0.100000 0.440000
v -0.940984 0.100000 0.466203
v -0.999014 0.100000 0.488792
v -1.058814 0.100000 0.507984
v -1.120000 0.100000 0.524000
v -1.122200 0.100000 0.519094
v -1.124764 0.100000 0.513921
v -1.127640 0.100000 0.508547
v -1.130778 0.100000 0.503037
v -1.134123 0.100000 0.497458
v -1.137625 0.100000 0.491875
v -1.141231 0.100000 0.486355
v -1.144889 0.100000 0.480963
v -1.148547 0.100000 0.475766
v -1.152153 0.100000 0.470829
v -1.155654 0.100000 0.466218
v -1.159000 0.100000 0.462000
v -1.131071 0.100000 0.456103
v -1.103319 0.100000 0.449407
v -1.075797 0.100000 0.441906
v -1.048556 0.100000 0.433593
v -1.021648 0.100000 0.424459
v -0.995125 0.100000 0.414500
v -0.969040 0.100000 0.403707
v -0.943444 0.100000 0.392074
v -0.918391 0.100000 0.379594
v -0.893931 0.100000 0.366259
v -0.870116 0.100000 0.352064
v -0.847000 0.100000 0.337000
v -0.855010 0.100000 0.329385
v -0.863500 0.100000 0.321579
v -0.872406 0.100000 0.313641
v -0.881667 0.100000 0.305630
v -0.891219 0.100000 0.297605
v -0.901000 0.100000 0.289625
v -0.910948 0.100000 0.281749
v -0.921000 0.100000 0.274037
v -0.931094 0.100000 0.266547
v -0.941167 0.100000 0.259338
v -0.951156 0.100000 0.252469
v -0.961000 0.100000 0.246000
v -0.905000 0.100000 0.208000
v 1.017000 -0.100000 -0.221000
v 1.382000 -0.100000 -0.221000
v 1.382000 -0.100000 0.249000
v 1.305000 -0.100000 0.249000
v 1.305000 -0.100000 0.192000
v 1.017000 -0.100000 0.192000
v 1.017000 -0.100000 0.519000
v 0.938000 -0.100000 0.519000
v 0.938000 -0.100000 0.192000
v 0.651000 -0.100000 0.192000
v 0.651000 -0.100000 0.254000
v 0.576000 -0.100000 0.254000
v 0.576000 -0.100000 -0.221000
v 0.938000 -0.100000 -0.221000
v 0.938000 -0.100000 -0.400000
v 1.017000 -0.100000 -0.400000
v 0.938000 -0.100000 -0.148000
v 0.651000 -0.100000 -0.148000
v 0.651000 -0.100000 0.118000
v 0.938000 -0.100000 0.118000
v 1.017000 -0.100000 -0.148000
v 1.017000 -0.100000 0.118000
v 1.305000 -0.100000 0.118000
v 1.305000 -0.100000 -0.148000
v 0.207979 -0.100000 -0.368042
v 0.207916 -0.100000 -0.349171
v 0.207812 -0.100000 -0.330391
v 0.207667 -0.100000 -0.311704
v 0.207479 -0.100000 -0.293114
v 0.207250 -0.100000 -0.274625
v 0.206979 -0.100000 -0.256240
v 0.206667 -0.100000 -0.237963
v 0.206312 -0.100000 -0.219797
v 0.205917 -0.100000 -0.201745
v 0.205479 -0.100000 -0.183812
v 0.205000 -0.100000 -0.166000
v 0.418000 -0.100000 -0.166000
v 0.418000 -0.100000 -0.165444
v 0.418000 -0.100000 -0.163884
v 0.418000 -0.100000 -0.161484
v 0.418000 -0.100000 -0.158407
v 0.418000 -0.100000 -0.154817
v 0.418000 -0.100000 -0.150875
v 0.418000 -0.100000 -0.146746
v 0.418000 -0.100000 -0.142593
v 0.418000 -0.100000 -0.138578
v 0.418000 -0.100000 -0.134866
v 0.418000 -0.100000 -0.131619
v 0.418000 -0.100000 -0.129000
v 0.415257 -0.100000 -0.029039
v 0.412468 -0.100000 0.059773
v 0.409547 -0.100000 0.138078
v 0.406407 -0.100000 0.206519
v 0.402962 -0.100000 0.265737
v 0.399125 -0.100000 0.316375
v 0.394809 -0.100000 0.359076
v 0.389926 -0.100000 0.394481
v 0.384391 -0.100000 0.423234
v 0.378116 -0.100000 0.445977
v 0.371014 -0.100000 0.463351
v 0.363000 -0.100000 0.476000
v 0.358684 -0.100000 0.482362
v 0.354218 -0.100000 0.487981
v 0.349578 -0.100000 0.492906
v 0.344741 -0.100000 0.497185
v 0.339681 -0.100000 0.500867
v 0.334375 -0.100000 0.504000
v 0.328798 -0.100000 0.506633
v 0.322926 -0.100000 0.508815
v 0.316734 -0.100000 0.510594
v 0.310199 -0.100000 0.512019
v 0.303296 -0.100000 0.513138
v 0.296000 -0.100000 0.514000
v 0.288386 -0.100000 0.514898
v 0.280083 -0.100000 0.515602
v 0.271156 -0.100000 0.516125
v 0.261667 -0.100000 0.516481
v 0.251677 -0.100000 0.516685
v 0.241250 -0.100000 0.516750
v 0.230448 -0.100000 0.516690
v 0.219333 -0.100000 0.516519
v 0.207969 -0.100000 0.516250
v 0.196417 -0.100000 0.515898
v 0.184740 -0.100000 0.515477
v 0.173000 -0.100000 0.515000
v 0.172376 -0.100000 0.509554
v 0.171509 -0.100000 0.503764
v 0.170406 -0.100000 0.497703
v 0.169074 -0.100000 0.491444
v 0.167520 -0.100000 0.485061
v 0.165750 -0.100000 0.478625
v 0.163772 -0.100000 0.472210
v 0.161593 -0.100000 0.465889
v 0.159219 -0.100000 0.459734
v 0.156657 -0.100000 0.453819
v 0.153916 -0.100000 0.448217
v 0.151000 -0.100000 0.443000
v 0.163154 -0.100000 0.443919
v 0.175065 -0.100000 0.444685
v 0.186656 -0.100000 0.445312
v 0.197852 -0.100000 0.445815
v 0.208575 -0.100000 0.446206
v 0.218750 -0.100000 0.446500
v 0.228300 -0.100000 0.446711
v 0.237148 -0.100000 0.446852
v 0.245219 -0.100000 0.446938
v 0.252435 -0.100000 0.446981
v 0.258721 -0.100000 0.446998
v 0.264000 -0.100000 0.447000
v 0.267878 -0.100000 0.446953
v 0.271523 -0.100000 0.446792
v 0.274953 -0.100000 0.446484
v 0.278185 -0.100000 0.446000
v 0.281237 -0.100000 0.445307
v 0.284125 -0.100000 0.444375
v 0.286867 -0.100000 0.443172
v 0.289482 -0.100000 0.441667
v 0.291984 -0.100000 0.439828
v 0.294394 -0.100000 0.437625
v 0.296726 -0.100000 0.435026
v 0.299000 -0.100000 0.432000
v 0.304756 -0.100000 0.422279
v 0.310046 -0.100000 0.407815
v 0.314906 -0.100000 0.388156
v 0.319370 -0.100000 0.362852
v 0.323473 -0.100000 0.331450
v 0.327250 -0.100000 0.293500
v 0.330735 -0.100000 0.248550
v 0.333963 -0.100000 0.196148
v 0.336969 -0.100000 0.135844
v 0.339787 -0.100000 0.067185
v 0.342453 -0.100000 -0.010279
v 0.345000 -0.100000 -0.097000
v 0.203000 -0.100000 -0.097000
v 0.199024 -0.100000 -0.031003
v 0.193361 -0.100000 0.032893
v 0.185656 -0.100000 0.094547
v 0.175556 -0.100000 0.153815
v 0.162705 -0.100000 0.210555
v 0.146750 -0.100000 0.264625
v 0.127337 -0.100000 0.315883
v 0.104111 -0.100000 0.364185
v 0.076719 -0.100000 0.409391
v 0.044806 -0.100000 0.451356
v 0.008017 -0.100000 0.489940
v -0.034000 -0.100000 0.525000
v -0.037049 -0.100000 0.520595
v -0.040643 -0.100000 0.515931
v -0.044703 -0.100000 0.511078
v -0.049148 -0.100000 0.506111
v -0.053899 -0.100000 0.501102
v -0.058875 -0.100000 0.496125
v -0.063997 -0.100000 0.491252
v -0.069185 -0.100000 0.486556
v -0.074359 -0.100000 0.482109
v -0.079440 -0.100000 0.477986
v -0.084347 -0.100000 0.474259
v -0.089000 -0.100000 0.471000
v -0.085251 -0.100000 0.468230
v -0.081509 -0.100000 0.465421
v -0.077781 -0.100000 0.462578
v -0.074074 -0.100000 0.459704
v -0.070395 -0.100000 0.456802
v -0.066750 -0.100000 0.453875
v -0.063147 -0.100000 0.450928
v -0.059593 -0.100000 0.447963
v -0.056094 -0.100000 0.444984
v -0.052657 -0.100000 0.441995
v -0.049291 -0.100000 0.438999
v -0.046000 -0.100000 0.436000
v -0.084286 -0.100000 0.440497
v -0.122537 -0.100000 0.444972
v -0.160594 -0.100000 0.449406
v -0.198296 -0.100000 0.453778
v -0.235485 -0.100000 0.458066
v -0.272000 -0.100000 0.462250
v -0.307682 -0.100000 0.466309
v -0.342370 -0.100000 0.470222
v -0.375906 -0.100000 0.473969
v -0.408130 -0.100000 0.477528
v -0.438881 -0.100000 0.480878
v -0.468000 -0.100000 0.484000
v -0.478000 -0.100000 0.418000
v -0.261000 -0.100000 0.398000
v -0.261000 -0.100000 0.311000
v -0.451000 -0.100000 0.311000
v -0.451000 -0.100000 0.253000
v -0.261000 -0.100000 0.253000
v -0.261000 -0.100000 0.192000
v -0.448000 -0.100000 0.192000
v -0.448000 -0.100000 -0.107000
v -0.261000 -0.100000 -0.107000
v -0.261000 -0.100000 -0.170000
v -0.478000 -0.100000 -0.170000
v -0.478000 -0.100000 -0.229000
v -0.261000 -0.100000 -0.229000
v -0.261000 -0.100000 -0.296000
v -0.277017 -0.100000 -0.294772
v -0.293051 -0.100000 -0.293588
v -0.309078 -0.100000 -0.292453
v -0.325074 -0.100000 -0.291370
v -0.341014 -0.100000 -0.290343
v -0.356875 -0.100000 -0.289375
v -0.372631 -0.100000 -0.288469
v -0.388259 -0.100000 -0.287630
v -0.403734 -0.100000 -0.286859
v -0.419032 -0.100000 -0.286162
v -0.434129 -0.100000 -0.285541
v -0.449000 -0.100000 -0.285000
v -0.449851 -0.100000 -0.289157
v -0.450889 -0.100000 -0.293593
v -0.452094 -0.100000 -0.298250
v -0.453444 -0.100000 -0.303074
v -0.454920 -0.100000 -0.308009
v -0.456500 -0.100000 -0.313000
v -0.458163 -0.100000 -0.317991
v -0.459889 -0.100000 -0.322926
v -0.461656 -0.100000 -0.327750
v -0.463444 -0.100000 -0.332407
v -0.465233 -0.100000 -0.336843
v -0.467000 -0.100000 -0.341000
v -0.429357 -0.100000 -0.342976
v -0.390685 -0.100000 -0.345394
v -0.351375 -0.100000 -0.348234
v -0.311815 -0.100000 -0.351481
v -0.272394 -0.100000 -0.355117
v -0.233500 -0.100000 -0.359125
v -0.195523 -0.100000 -0.363487
v -0.158852 -0.100000 -0.368185
v -0.123875 -0.100000 -0.373203
v -0.090981 -0.100000 -0.378523
v -0.060560 -0.100000 -0.384128
v -0.033000 -0.100000 -0.390000
v 0.004000 -0.100000 -0.332000
v -0.009806 -0.100000 -0.329061
v -0.024199 -0.100000 -0.326241
v -0.039140 -0.100000 -0.323531
v -0.054592 -0.100000 -0.320926
v -0.070517 -0.100000 -0.318418
v -0.086875 -0.100000 -0.316000
v -0.103629 -0.100000 -0.313666
v -0.120741 -0.100000 -0.311407
v -0.138172 -0.100000 -0.309219
v -0.155884 -0.100000 -0.307093
v -0.173840 -0.100000 -0.305022
v -0.192000 -0.100000 -0.303000
v -0.192000 -0.100000 -0.229000
v 0.022000 -0.100000 -0.229000
v 0.022000 -0.100000 -0.170000
v -0.192000 -0.100000 -0.170000
v -0.192000 -0.100000 -0.107000
v 0.003000 -0.100000 -0.107000
v 0.003000 -0.100000 0.192000
v -0.192000 -0.100000 0.192000
v -0.192000 -0.100000 0.253000
v 0.005000 -0.100000 0.253000
v 0.005000 -0.100000 0.311000
v -0.192000 -0.100000 0.311000
v -0.192000 -0.100000 0.391000
v 0.009000 -0.100000 0.370000
v 0.009000 -0.100000 0.374000
v 0.029505 -0.100000 0.343344
v 0.047620 -0.100000 0.310917
v 0.063500 -0.100000 0.276781
v 0.077296 -0.100000 0.241000
v 0.089162 -0.100000 0.203635
v 0.099250 -0.100000 0.164750
v 0.107713 -0.100000 0.124406
v 0.114704 -0.100000 0.082667
v 0.120375 -0.100000 0.039594
v 0.124880 -0.100000 -0.004750
v 0.128370 -0.100000 -0.050302
v 0.131000 -0.100000 -0.097000
v 0.014000 -0.100000 -0.097000
v 0.014000 -0.100000 -0.166000
v 0.133000 -0.100000 -0.166000
v 0.133460 -0.100000 -0.183812
v 0.133843 -0.100000 -0.201746
v 0.134156 -0.100000 -0.219797
v 0.134408 -0.100000 -0.237963
v 0.134603 -0.100000 -0.256240
v 0.134750 -0.100000 -0.274625
v 0.134855 -0.100000 -0.293114
v 0.134926 -0.100000 -0.311704
v 0.134969 -0.100000 -0.330391
v 0.134991 -0.100000 -0.349171
v 0.134999 -0.100000 -0.368042
v 0.135000 -0.100000 -0.387000
v 0.208000 -0.100000 -0.387000
v -0.261000 -0.100000 0.140000
v -0.261000 -0.100000 0.067000
v -0.386000 -0.100000 0.067000
v -0.386000 -0.100000 0.140000
v -0.061000 -0.100000 0.140000
v -0.061000 -0.100000 0.067000
v -0.192000 -0.100000 0.067000
v -0.192000 -0.100000 0.140000
v -0.261000 -0.100000 0.017000
v -0.261000 -0.100000 -0.055000
v -0.386000 -0.100000 -0.055000
v -0.386000 -0.100000 0.017000
v -0.061000 -0.100000 0.017000
v -0.061000 -0.100000 -0.055000
v -0.192000 -0.100000 -0.055000
v -0.192000 -0.100000 0.017000
v -1.141643 -0.100000 -0.327521
v -1.150560 -0.100000 -0.324088
v -1.159734 -0.100000 -0.320703
v -1.169148 -0.100000 -0.317370
v -1.178784 -0.100000 -0.314093
v -1.188625 -0.100000 -0.310875
v -1.198653 -0.100000 -0.307719
v -1.208852 -0.100000 -0.304630
v -1.219203 -0.100000 -0.301609
v -1.229690 -0.100000 -0.298662
v -1.240294 -0.100000 -0.295791
v -1.251000 -0.100000 -0.293000
v -1.251000 -0.100000 -0.113000
v -1.128000 -0.100000 -0.113000
v -1.128000 -0.100000 -0.043000
v -1.251000 -0.100000 -0.043000
v -1.251000 -0.100000 -0.020000
v -1.243691 -0.100000 -0.011585
v -1.234532 -0.100000 -0.000681
v -1.223922 -0.100000 0.012203
v -1.212259 -0.100000 0.026556
v -1.199944 -0.100000 0.041866
v -1.187375 -0.100000 0.057625
v -1.174952 -0.100000 0.073321
v -1.163074 -0.100000 0.088444
v -1.152141 -0.100000 0.102484
v -1.142551 -0.100000 0.114931
v -1.134704 -0.100000 0.125273
v -1.129000 -0.100000 0.133000
v -1.173000 -0.100000 0.193000
v -1.176922 -0.100000 0.184940
v -1.181625 -0.100000 0.175856
v -1.187016 -0.100000 0.165891
v -1.193000 -0.100000 0.155185
v -1.199484 -0.100000 0.143883
v -1.206375 -0.100000 0.132125
v -1.213578 -0.100000 0.120055
v -1.221000 -0.100000 0.107815
v -1.228547 -0.100000 0.095547
v -1.236125 -0.100000 0.083393
v -1.243641 -0.100000 0.071497
v -1.251000 -0.100000 0.060000
v -1.251000 -0.100000 0.521000
v -1.321000 -0.100000 0.521000
v -1.321000 -0.100000 0.075000
v -1.330203 -0.100000 0.100707
v -1.339787 -0.100000 0.126241
v -1.349719 -0.100000 0.151469
v -1.359963 -0.100000 0.176259
v -1.370485 -0.100000 0.200480
v -1.381250 -0.100000 0.224000
v -1.392223 -0.100000 0.246686
v -1.403370 -0.100000 0.268407
v -1.414656 -0.100000 0.289031
v -1.426046 -0.100000 0.308426
v -1.437506 -0.100000 0.326459
v -1.449000 -0.100000 0.343000
v -1.451199 -0.100000 0.337575
v -1.453759 -0.100000 0.331847
v -1.456625 -0.100000 0.325891
v -1.459741 -0.100000 0.319778
v -1.463051 -0.100000 0.313582
v -1.466500 -0.100000 0.307375
v -1.470032 -0.100000 0.301231
v -1.473593 -0.100000 0.295222
v -1.477125 -0.100000 0.289422
v -1.480574 -0.100000 0.283903
v -1.483884 -0.100000 0.278738
v -1.487000 -0.100000 0.274000
v -1.472933 -0.100000 0.254815
v -1.458801 -0.100000 0.233435
v -1.444703 -0.100000 0.210125
v -1.430741 -0.100000 0.185148
v -1.417014 -0.100000 0.158768
v -1.403625 -0.100000 0.131250
v -1.390673 -0.100000 0.102856
v -1.378259 -0.100000 0.073852
v -1.366484 -0.100000 0.044500
v -1.355449 -0.100000 0.015065
v -1.345254 -0.100000 -0.014190
v -1.336000 -0.100000 -0.043000
v -1.473000 -0.100000 -0.043000
v -1.473000 -0.100000 -0.113000
v -1.321000 -0.100000 -0.113000
v -1.321000 -0.100000 -0.276000
v -1.331248 -0.100000 -0.273791
v -1.341486 -0.100000 -0.271662
v -1.351703 -0.100000 -0.269609
v -1.361889 -0.100000 -0.267630
v -1.372033 -0.100000 -0.265719
v -1.382125 -0.100000 -0.263875
v -1.392154 -0.100000 -0.262093
v -1.402111 -0.100000 -0.260370
v -1.411984 -0.100000 -0.258703
v -1.421764 -0.100000 -0.257088
v -1.431439 -0.100000 -0.255521
v -1.441000 -0.100000 -0.254000
v -1.441891 -0.100000 -0.258178
v -1.443046 -0.100000 -0.262671
v -1.444438 -0.100000 -0.267422
v -1.446037 -0.100000 -0.272370
v -1.447817 -0.100000 -0.277458
v -1.449750 -0.100000 -0.282625
v -1.451808 -0.100000 -0.287813
v -1.453963 -0.100000 -0.292963
v -1.456187 -0.100000 -0.298016
v -1.458454 -0.100000 -0.302912
v -1.460734 -0.100000 -0.307593
v -1.463000 -0.100000 -0.312000
v -1.437704 -0.100000 -0.316954
v -1.411968 -0.100000 -0.322296
v -1.386016 -0.100000 -0.328000
v -1.360074 -0.100000 -0.334037
v -1.334369 -0.100000 -0.340380
v -1.309125 -0.100000 -0.347000
v -1.284569 -0.100000 -0.353870
v -1.260926 -0.100000 -0.360963
v -1.238422 -0.100000 -0.368250
v -1.217282 -0.100000 -0.375704
v -1.197733 -0.100000 -0.383296
v -1.180000 -0.100000 -0.391000
v -1.133000 -0.100000 -0.331000
v -0.945385 -0.100000 -0.181050
v -0.936579 -0.100000 -0.175731
v -0.927641 -0.100000 -0.170094
v -0.918630 -0.100000 -0.164185
v -0.909605 -0.100000 -0.158054
v -0.900625 -0.100000 -0.151750
v -0.891749 -0.100000 -0.145321
v -0.883037 -0.100000 -0.138815
v -0.874547 -0.100000 -0.132281
v -0.866338 -0.100000 -0.125769
v -0.858469 -0.100000 -0.119325
v -0.851000 -0.100000 -0.113000
v -0.838149 -0.100000 -0.122126
v -0.825611 -0.100000 -0.131505
v -0.813406 -0.100000 -0.141141
v -0.801555 -0.100000 -0.151037
v -0.790080 -0.100000 -0.161197
v -0.779000 -0.100000 -0.171625
v -0.768337 -0.100000 -0.182324
v -0.758111 -0.100000 -0.193296
v -0.748344 -0.100000 -0.204547
v -0.739055 -0.100000 -0.216079
v -0.730267 -0.100000 -0.227895
v -0.722000 -0.100000 -0.240000
v -0.931000 -0.100000 -0.240000
v -0.942397 -0.100000 -0.230043
v -0.954092 -0.100000 -0.220181
v -0.966094 -0.100000 -0.210422
v -0.978407 -0.100000 -0.200778
v -0.991040 -0.100000 -0.191259
v -1.004000 -0.100000 -0.181875
v -1.017293 -0.100000 -0.172637
v -1.030926 -0.100000 -0.163556
v -1.044906 -0.100000 -0.154641
v -1.059241 -0.100000 -0.145903
v -1.073936 -0.100000 -0.137352
v -1.089000 -0.100000 -0.129000
v -1.092219 -0.100000 -0.133174
v -1.095833 -0.100000 -0.137639
v -1.099781 -0.100000 -0.142313
v -1.104000 -0.100000 -0.147111
v -1.108427 -0.100000 -0.151951
v -1.113000 -0.100000 -0.156750
v -1.117656 -0.100000 -0.161424
v -1.122333 -0.100000 -0.165889
v -1.126969 -0.100000 -0.170062
v -1.131500 -0.100000 -0.173861
v -1.135864 -0.100000 -0.177201
v -1.140000 -0.100000 -0.180000
v -1.109734 -0.100000 -0.195730
v -1.080958 -0.100000 -0.212338
v -1.053703 -0.100000 -0.229703
v -1.028000 -0.100000 -0.247704
v -1.003880 -0.100000 -0.266218
v -0.981375 -0.100000 -0.285125
v -0.960515 -0.100000 -0.304303
v -0.941333 -0.100000 -0.323630
v -0.923859 -0.100000 -0.342984
v -0.908125 -0.100000 -0.362245
v -0.894161 -0.100000 -0.381291
v -0.882000 -0.100000 -0.400000
v -0.805000 -0.100000 -0.385000
v -0.809562 -0.100000 -0.378250
v -0.814245 -0.100000 -0.371500
v -0.819047 -0.100000 -0.364750
v -0.823963 -0.100000 -0.358000
v -0.828990 -0.100000 -0.351250
v -0.834125 -0.100000 -0.344500
v -0.839364 -0.100000 -0.337750
v -0.844704 -0.100000 -0.331000
v -0.850141 -0.100000 -0.324250
v -0.855671 -0.100000 -0.317500
v -0.861292 -0.100000 -0.310750
v -0.867000 -0.100000 -0.304000
v -0.679000 -0.100000 -0.304000
v -0.666000 -0.100000 -0.307000
v -0.618000 -0.100000 -0.283000
v -0.641691 -0.100000 -0.237442
v -0.669528 -0.100000 -0.195204
v -0.701156 -0.100000 -0.156188
v -0.736222 -0.100000 -0.120296
v -0.774371 -0.100000 -0.087433
v -0.815250 -0.100000 -0.057500
v -0.858503 -0.100000 -0.030400
v -0.903778 -0.100000 -0.006037
v -0.950719 -0.100000 0.015687
v -0.998972 -0.100000 0.034870
v -1.048184 -0.100000 0.051609
v -1.098000 -0.100000 0.066000
v -1.100200 -0.100000 0.061364
v -1.102764 -0.100000 0.056495
v -1.105641 -0.100000 0.051453
v -1.108778 -0.100000 0.046296
v -1.112123 -0.100000 0.041084
v -1.115625 -0.100000 0.035875
v -1.119231 -0.100000 0.030729
v -1.122889 -0.100000 0.025704
v -1.126547 -0.100000 0.020859
v -1.130153 -0.100000 0.016255
v -1.133654 -0.100000 0.011948
v -1.137000 -0.100000 0.008000
v -1.117505 -0.100000 0.003292
v -1.098042 -0.100000 -0.001833
v -1.078641 -0.100000 -0.007375
v -1.059333 -0.100000 -0.013333
v -1.040151 -0.100000 -0.019708
v -1.021125 -0.100000 -0.026500
v -1.002286 -0.100000 -0.033708
v -0.983667 -0.100000 -0.041333
v -0.965297 -0.100000 -0.049375
v -0.947208 -0.100000 -0.057833
v -0.929432 -0.100000 -0.066708
v -0.912000 -0.100000 -0.076000
v -0.918950 -0.100000 -0.082306
v -0.926268 -0.100000 -0.088699
v -0.933906 -0.100000 -0.095141
v -0.941815 -0.100000 -0.101593
v -0.949946 -0.100000 -0.108017
v -0.958250 -0.100000 -0.114375
v -0.966679 -0.100000 -0.120629
v -0.975185 -0.100000 -0.126741
v -0.983719 -0.100000 -0.132672
v -0.992231 -0.100000 -0.138384
v -1.000675 -0.100000 -0.143840
v -1.009000 -0.100000 -0.149000
v -0.954000 -0.100000 -0.186000
v -0.895156 -0.100000 0.213951
v -0.885167 -0.100000 0.220273
v -0.875094 -0.100000 0.226922
v -0.865000 -0.100000 0.233852
v -0.854948 -0.100000 0.241018
v -0.845000 -0.100000 0.248375
v -0.835219 -0.100000 0.255878
v -0.825667 -0.100000 0.263481
v -0.816406 -0.100000 0.271141
v -0.807500 -0.100000 0.278810
v -0.799010 -0.100000 0.286445
v -0.791000 -0.100000 0.294000
v -0.777460 -0.100000 0.281792
v -0.764347 -0.100000 0.269167
v -0.751672 -0.100000 0.256125
v -0.739444 -0.100000 0.242667
v -0.727675 -0.100000 0.228792
v -0.716375 -0.100000 0.214500
v -0.705554 -0.100000 0.199792
v -0.695222 -0.100000 0.184667
v -0.685390 -0.100000 0.169125
v -0.676069 -0.100000 0.153167
v -0.667269 -0.100000 0.136792
v -0.659000 -0.100000 0.120000
v -0.856000 -0.100000 0.120000
v -0.871043 -0.100000 0.134414
v -0.886676 -0.100000 0.148644
v -0.902906 -0.100000 0.162672
v -0.919741 -0.100000 0.176481
v -0.937186 -0.100000 0.190055
v -0.955250 -0.100000 0.203375
v -0.973939 -0.100000 0.216424
v -0.993259 -0.100000 0.229185
v -1.013219 -0.100000 0.241641
v -1.033824 -0.100000 0.253773
v -1.055082 -0.100000 0.265565
v -1.077000 -0.100000 0.277000
v -1.079950 -0.100000 0.272826
v -1.083268 -0.100000 0.268356
v -1.086906 -0.100000 0.263672
v -1.090815 -0.100000 0.258852
v -1.094946 -0.100000 0.253976
v -1.099250 -0.100000 0.249125
v -1.103679 -0.100000 0.244378
v -1.108185 -0.100000 0.239815
v -1.112719 -0.100000 0.235516
v -1.117231 -0.100000 0.231560
v -1.121675 -0.100000 0.228028
v -1.126000 -0.100000 0.225000
v -1.089233 -0.100000 0.206859
v -1.054449 -0.100000 0.187537
v -1.021672 -0.100000 0.167187
v -0.990926 -0.100000 0.145963
v -0.962236 -0.100000 0.124016
v -0.935625 -0.100000 0.101500
v -0.911119 -0.100000 0.078567
v -0.888741 -0.100000 0.055370
v -0.868516 -0.100000 0.032062
v -0.850468 -0.100000 0.008796
v -0.834621 -0.100000 -0.014275
v -0.821000 -0.100000 -0.037000
v -0.744000 -0.100000 -0.022000
v -0.748023 -0.100000 -0.015501
v -0.752097 -0.100000 -0.009005
v -0.756234 -0.100000 -0.002516
v -0.760444 -0.100000 0.003963
v -0.764738 -0.100000 0.010428
v -0.769125 -0.100000 0.016875
v -0.773616 -0.100000 0.023301
v -0.778222 -0.100000 0.029704
v -0.782953 -0.100000 0.036078
v -0.787819 -0.100000 0.042421
v -0.792832 -0.100000 0.048730
v -0.798000 -0.100000 0.055000
v -0.624000 -0.100000 0.055000
v -0.611000 -0.100000 0.052000
v -0.562000 -0.100000 0.074000
v -0.586748 -0.100000 0.136995
v -0.616736 -0.100000 0.194625
v -0.651578 -0.100000 0.247109
v -0.690889 -0.100000 0.294667
v -0.734283 -0.100000 0.337516
v -0.781375 -0.100000 0.375875
v -0.831779 -0.100000 0.409964
v -0.885111 -0.100000 0.440000
v -0.940984 -0.100000 0.466203
v -0.999014 -0.100000 0.488792
v -1.058814 -0.100000 0.507984
v -1.120000 -0.100000 0.524000
v -1.122200 -0.100000 0.519094
v -1.124764 -0.100000 0.513921
v -1.127640 -0.100000 0.508547
v -1.130778 -0.100000 0.503037
v -1.134123 -0.100000 0.497458
v -1.137625 -0.100000 0.491875
v -1.141231 -0.100000 0.486355
v -1.144889 -0.100000 0.480963
v -1.148547 -0.100000 0.475766
v -1.152153 -0.100000 0.470829
v -1.155654 -0.100000 0.466218
v -1.159000 -0.100000 0.462000
v -1.131071 -0.100000 0.456103
v -1.103319 -0.100000 0.449407
v -1.075797 -0.100000 0.441906
v -1.048556 -0.100000 0.433593
v -1.021648 -0.100000 0.424459
v -0.995125 -0.100000 0.414500
v -0.969040 -0.100000 0.403707
v -0.943444 -0.100000 0.392074
v -0.918391 -0.100000 0.379594
v -0.893931 -0.100000 0.366259
v -0.870116 -0.100000 0.352064
v -0.847000 -0.100000 0.337000
v -0.855010 -0.100000 0.329385
v -0.863500 -0.100000 0.321579
v -0.872406 -0.100000 0.313641
v -0.881667 -0.100000 0.305630
v -0.891219 -0.100000 0.297605
v -0.901000 -0.100000 0.289625
v -0.910948 -0.100000 0.281749
v -0.921000 -0.100000 0.274037
v -0.931094 -0.100000 0.266547
v -0.941167 -0.100000 0.259338
v -0.951156 -0.100000 0.252469
v -0.961000 -0.100000 0.246000
v -0.905000 -0.100000 0.208000
v -1.141643 -0.100000 -0.327521
v -1.141643 0.100000 -0.327521
v -1.150560 -0.100000 -0.324088
v -1.150560 0.100000 -0.324088
v -1.159734 -0.100000 -0.320703
v -1.159734 0.100000 -0.320703
v -1.169148 -0.100000 -0.317370
v -1.169148 0.100000 -0.317370
v -1.178784 -0.100000 -0.314093
v -1.178784 0.100000 -0.314093
v -1.188625 -0.100000 -0.310875
v -1.188625 0.100000 -0.310875
v -1.198653 -0.100000 -0.307719
v -1.198653 0.100000 -0.307719
v -1.208852 -0.100000 -0.304630
v -1.208852 0.100000 -0.304630
v -1.219203 -0.100000 -0.301609
v -1.219203 0.100000 -0.301609
v -1.229690 -0.100000 -0.298662
v -1.229690 0.100000 -0.298662
v -1.240294 -0.100000 -0.295791
v -1.240294 0.100000 -0.295791
v -1.251000 -0.100000 -0.293000
v -1.251000 0.100000 -0.293000
v -1.251000 -0.100000 -0.113000
v -1.251000 0.100000 -0.113000
v -1.128000 -0.100000 -0.113000
v -1.128000 0.100000 -0.113000
v -1.128000 -0.100000 -0.043000
v -1.128000 0.100000 -0.043000
v -1.251000 -0.100000 -0.043000
v -1.251000 0.100000 -0.043000
v -1.251000 -0.100000 -0.020000
v -1.251000 0.100000 -0.020000
v -1.243691 -0.100000 -0.011585
v -1.243691 0.100000 -0.011585
v -1.234532 -0.100000 -0.000681
v -1.234532 0.100000 -0.000681
v -1.223922 -0.100000 0.012203
v -1.223922 0.100000 0.012203
v -1.212259 -0.100000 0.026556
v -1.212259 0.100000 0.026556
v -1.199944 -0.100000 0.041866
v -1.199944 0.100000 0.041866
v -1.187375 -0.100000 0.057625
v -1.187375 0.100000 0.057625
v -1.174952 -0.100000 0.073321
v -1.174952 0.100000 0.073321
v -1.163074 -0.100000 0.088444
v -1.163074 0.100000 0.088444
v -1.152141 -0.100000 0.102484
v -1.152141 0.100000 0.102484
v -1.142551 -0.100000 0.114931
v -1.142551 0.100000 0.114931
v -1.134704 -0.100000 0.125273
v -1.134704 0.100000 0.125273
v -1.129000 -0.100000 0.133000
v -1.129000 0.100000 0.133000
v -1.173000 -0.100000 0.193000
v -1.173000 0.100000 0.193000
v -1.176922 -0.100000 0.184940
v -1.176922 0.100000 0.184940
v -1.181625 -0.100000 0.175856
v -1.181625 0.100000 0.175856
v -1.187016 -0.100000 0.165891
v -1.187016 0.100000 0.165891
v -1.193000 -0.100000 0.155185
v -1.193000 0.100000 0.155185
v -1.199484 -0.100000 0.143883
v -1.199484 0.100000 0.143883
v -1.206375 -0.100000 0.132125
v -1.206375 0.100000 0.132125
v -1.213578 -0.100000 0.120055
v -1.213578 0.100000 0.120055
v -1.221000 -0.100000 0.107815
v -1.221000 0.100000 0.107815
v -1.228547 -0.100000 0.095547
v -1.228547 0.100000 0.095547
v -1.236125 -0.100000 0.083393
v -1.236125 0.100000 0.083393
v -1.243641 -0.100000 0.071497
v -1.243641 0.100000 0.071497
v -1.251000 -0.100000 0.060000
v -1.251000 0.100000 0.060000
v -1.251000 -0.100000 0.521000
v -1.251000 0.100000 0.521000
v -1.321000 -0.100000 0.521000
v -1.321000 0.100000 0.521000
v -1.321000 -0.100000 0.075000
v -1.321000 0.100000 0.075000
v -1.330203 -0.100000 0.100707
v -1.330203 0.100000 0.100707
v -1.339787 -0.100000 0.126241
v -1.339787 0.100000 0.126241
v -1.349719 -0.100000 0.151469
v -1.349719 0.100000 0.151469
v -1.359963 -0.100000 0.176259
v -1.359963 0.100000 0.176259
v -1.370485 -0.100000 0.200480
v -1.370485 0.100000 0.200480
v -1.381250 -0.100000 0.224000
v -1.381250 0.100000 0.224000
v -1.392223 -0.100000 0.246686
v -1.392223 0.100000 0.246686
v -1.403370 -0.100000 0.268407
v -1.403370 0.100000 0.268407
v -1.414656 -0.100000 0.289031
v -1.414656 0.100000 0.289031
v -1.426046 -0.100000 0.308426
v -1.426046 0.100000 0.308426
v -1.437506 -0.100000 0.326459
v -1.437506 0.100000 0.326459
v -1.449000 -0.100000 0.343000
v -1.449000 0.100000 0.343000
v -1.451199 -0.100000 0.337575
v -1.451199 0.100000 0.337575
v -1.453759 -0.100000 0.331847
v -1.453759 0.100000 0.331847
v -1.456625 -0.100000 0.325891
v -1.456625 0.100000 0.325891
v -1.459741 -0.100000 0.319778
v -1.459741 0.100000 0.319778
v -1.463051 -0.100000 0.313582
v -1.463051 0.100000 0.313582
v -1.466500 -0.100000 0.307375
v -1.466500 0.100000 0.307375
v -1.470032 -0.100000 0.301231
v -1.470032 0.100000 0.301231
v -1.473593 -0.100000 0.295222
v -1.473593 0.100000 0.295222
v -1.477125 -0.100000 0.289422
v -1.477125 0.100000 0.289422
v -1.480574 -0.100000 0.283903
v -1.480574 0.100000 0.283903
v -1.483884 -0.100000 0.278738
v -1.483884 0.100000 0.278738
v -1.487000 -0.100000 0.274000
v -1.487000 0.100000 0.274000
v -1.472933 -0.100000 0.254815
v -1.472933 0.100000 0.254815
v -1.458801 -0.100000 0.233435
v -1.458801 0.100000 0.233435
v -1.444703 -0.100000 0.210125
v -1.444703 0.100000 0.210125
v -1.430741 -0.100000 0.185148
v -1.430741 0.100000 0.185148
v -1.417014 -0.100000 0.158768
v -1.417014 0.100000 0.158768
v -1.403625 -0.100000 0.131250
v -1.403625 0.100000 0.131250
v -1.390673 -0.100000 0.102856
v -1.390673 0.100000 0.102856
v -1.378259 -0.100000 0.073852
v -1.378259 0.100000 0.073852
v -1.366484 -0.100000 0.044500
v -1.366484 0.100000 0.044500
v -1.355449 -0.100000 0.015065
v -1.355449 0.100000 0.015065
v -1.345254 -0.100000 -0.014190
v -1.345254 0.100000 -0.014190
v -1.336000 -0.100000 -0.043000
v -1.336000 0.100000 -0.043000
v -1.473000 -0.100000 -0.043000
v -1.473000 0.100000 -0.043000
v -1.473000 -0.100000 -0.113000
v -1.473000 0.100000 -0.113000
v -1.321000 -0.100000 -0.113000
v -1.321000 0.100000 -0.113000
v -1.321000 -0.100000 -0.276000
v -1.321000 0.100000 -0.276000
v -1.331248 -0.100000 -0.273791
v -1.331248 0.100000 -0.273791
v -1.341486 -0.100000 -0.271662
v -1.341486 0.100000 -0.271662
v -1.351703 -0.100000 -0.269609
v -1.351703 0.100000 -0.269609
v -1.361889 -0.100000 -0.267630
v -1.361889 0.100000 -0.267630
v -1.372033 -0.100000 -0.265719
v -1.372033 0.100000 -0.265719
v -1.382125 -0.100000 -0.263875
v -1.382125 0.100000 -0.263875
v -1.392154 -0.100000 -0.262093
v -1.392154 0.100000 -0.262093
v -1.402111 -0.100000 -0.260370
v -1.402111 0.100000 -0.260370
v -1.411984 -0.100000 -0.258703
v -1.411984 0.100000 -0.258703
v -1.421764 -0.100000 -0.257088
v -1.421764 0.100000 -0.257088
v -1.431439 -0.100000 -0.255521
v -1.431439 0.100000 -0.255521
v -1.441000 -0.100000 -0.254000
v -1.441000 0.100000 -0.254000
v -1.441891 -0.100000 -0.258178
v -1.441891 0.100000 -0.258178
v -1.443046 -0.100000 -0.262671
v -1.443046 0.100000 -0.262671
v -1.444438 -0.100000 -0.267422
v -1.444438 0.100000 -0.267422
v -1.446037 -0.100000 -0.272370
v -1.446037 0.100000 -0.272370
v -1.447817 -0.100000 -0.277458
v -1.447817 0.100000 -0.277458
v -1.449750 -0.100000 -0.282625
v -1.449750 0.100000 -0.282625
v -1.451808 -0.100000 -0.287813
v -1.451808 0.100000 -0.287813
v -1.453963 -0.100000 -0.292963
v -1.453963 0.100000 -0.292963
v -1.456187 -0.100000 -0.298016
v -1.456187 0.100000 -0.298016
v -1.458454 -0.100000 -0.302912
v -1.458454 0.100000 -0.302912
v -1.460734 -0.100000 -0.307593
v -1.460734 0.100000 -0.307593
v -1.463000 -0.100000 -0.312000
v -1.463000 0.100000 -0.312000
v -1.437704 -0.100000 -0.316954
v -1.437704 0.100000 -0.316954
v -1.411968 -0.100000 -0.322296
v -1.411968 0.100000 -0.322296
v -1.386016 -0.100000 -0.328000
v -1.386016 0.100000 -0.328000
v -1.360074 -0.100000 -0.334037
v -1.360074 0.100000 -0.334037
v -1.334369 -0.100000 -0.340380
v -1.334369 0.100000 -0.340380
v -1.309125 -0.100000 -0.347000
v -1.309125 0.100000 -0.347000
v -1.284569 -0.100000 -0.353870
v -1.284569 0.100000 -0.353870
v -1.260926 -0.100000 -0.360963
v -1.260926 0.100000 -0.360963
v -1.238422 -0.100000 -0.368250
v -1.238422 0.100000 -0.368250
v -1.217282 -0.100000 -0.375704
v -1.217282 0.100000 -0.375704
v -1.197733 -0.100000 -0.383296
v -1.197733 0.100000 -0.383296
v -1.180000 -0.100000 -0.391000
v -1.180000 0.100000 -0.391000
v -1.133000 -0.100000 -0.331000
v -1.133000 0.100000 -0.331000
v -0.945385 -0.100000 -0.181050
v -0.945385 0.100000 -0.181050
v -0.936579 -0.100000 -0.175731
v -0.936579 0.100000 -0.175731
v -0.927641 -0.100000 -0.170094
v -0.927641 0.100000 -0.170094
v -0.918630 -0.100000 -0.164185
v -0.918630 0.100000 -0.164185
v -0.909605 -0.100000 -0.158054
v -0.909605 0.100000 -0.158054
v -0.900625 -0.100000 -0.151750
v -0.900625 0.100000 -0.151750
v -0.891749 -0.100000 -0.145321
v -0.891749 0.100000 -0.145321
v -0.883037 -0.100000 -0.138815
v -0.883037 0.100000 -0.138815
v -0.874547 -0.100000 -0.132281
v -0.874547 0.100000 -0.132281
v -0.866338 -0.100000 -0.125769
v -0.866338 0.100000 -0.125769
v -0.858469 -0.100000 -0.119325
v -0.858469 0.100000 -0.119325
v -0.851000 -0.100000 -0.113000
v -0.851000 0.100000 -0.113000
v -0.838149 -0.100000 -0.122126
v -0.838149 0.100000 -0.122126
v -0.825611 -0.100000 -0.131505
v -0.825611 0.100000 -0.131505
v -0.813406 -0.100000 -0.141141
v -0.813406 0.100000 -0.141141
v -0.801555 -0.100000 -0.151037
v -0.801555 0.100000 -0.151037
v -0.790080 -0.100000 -0.161197
v -0.790080 0.100000 -0.161197
v -0.779000 -0.100000 -0.171625
v -0.779000 0.100000 -0.171625
v -0.768337 -0.100000 -0.182324
v -0.768337 0.100000 -0.182324
v -0.758111 -0.100000 -0.193296
v -0.758111 0.100000 -0.193296
v -0.748344 -0.100000 -0.204547
v -0.748344 0.100000 -0.204547
v -0.739055 -0.100000 -0.216079
v -0.739055 0.100000 -0.216079
v -0.730267 -0.100000 -0.227895
v -0.730267 0.100000 -0.227895
v -0.722000 -0.100000 -0.240000
v -0.722000 0.100000 -0.240000
v -0.931000 -0.100000 -0.240000
v -0.931000 0.100000 -0.240000
v -0.942397 -0.100000 -0.230043
v -0.942397 0.100000 -0.230043
v -0.954092 -0.100000 -0.220181
v -0.954092 0.100000 -0.220181
v -0.966094 -0.100000 -0.210422
v -0.966094 0.100000 -0.210422
v -0.978407 -0.100000 -0.200778
v -0.978407 0.100000 -0.200778
v -0.991040 -0.100000 -0.191259
v -0.991040 0.100000 -0.191259
v -1.004000 -0.100000 -0.181875
v -1.004000 0.100000 -0.181875
v -1.017293 -0.100000 -0.172637
v -1.017293 0.100000 -0.172637
v -1.030926 -0.100000 -0.163556
v -1.030926 0.100000 -0.163556
v -1.044906 -0.100000 -0.154641
v -1.044906 0.100000 -0.154641
v -1.059241 -0.100000 -0.145903
v -1.059241 0.100000 -0.145903
v -1.073936 -0.100000 -0.137352
v -1.073936 0.100000 -0.137352
v -1.089000 -0.100000 -0.129000
v -1.089000 0.100000 -0.129000
v -1.092219 -0.100000 -0.133174
v -1.092219 0.100000 -0.133174
v -1.095833 -0.100000 -0.137639
v -1.095833 0.100000 -0.137639
v -1.099781 -0.100000 -0.142313
v -1.099781 0.100000 -0.142313
v -1.104000 -0.100000 -0.147111
v -1.104000 0.100000 -0.147111
v -1.108427 -0.100000 -0.151951
v -1.108427 0.100000 -0.151951
v -1.113000 -0.100000 -0.156750
v -1.113000 0.100000 -0.156750
v -1.117656 -0.100000 -0.161424
v -1.117656 0.100000 -0.161424
v -1.122333 -0.100000 -0.165889
v -1.122333 0.100000 -0.165889
v -1.126969 -0.100000 -0.170062
v -1.126969 0.100000 -0.170062
v -1.131500 -0.100000 -0.173861
v -1.131500 0.100000 -0.173861
v -1.135864 -0.100000 -0.177201
v -1.135864 0.100000 -0.177201
v -1.140000 -0.100000 -0.180000
v -1.140000 0.100000 -0.180000
v -1.109734 -0.100000 -0.195730
v -1.109734 0.100000 -0.195730
v -1.080958 -0.100000 -0.212338
v -1.080958 0.100000 -0.212338
v -1.053703 -0.100000 -0.229703
v -1.053703 0.100000 -0.229703
v -1.028000 -0.100000 -0.247704
v -1.028000 0.100000 -0.247704
v -1.003880 -0.100000 -0.266218
v -1.003880 0.100000 -0.266218
v -0.981375 -0.100000 -0.285125
v -0.981375 0.100000 -0.285125
v -0.960515 -0.100000 -0.304303
v -0.960515 0.100000 -0.304303
v -0.941333 -0.100000 -0.323630
v -0.941333 0.100000 -0.323630
v -0.923859 -0.100000 -0.342984
v -0.923859 0.100000 -0.342984
v -0.908125 -0.100000 -0.362245
v -0.908125 0.100000 -0.362245
v -0.894161 -0.100000 -0.381291
v -0.894161 0.100000 -0.381291
v -0.882000 -0.100000 -0.400000
v -0.882000 0.100000 -0.400000
v -0.805000 -0.100000 -0.385000
v -0.805000 0.100000 -0.385000
v -0.809562 -0.100000 -0.378250
v -0.809562 0.100000 -0.378250
v -0.814245 -0.100000 -0.371500
v -0.814245 0.100000 -0.371500
v -0.819047 -0.100000 -0.364750
v -0.819047 0.100000 -0.364750
v -0.823963 -0.100000 -0.358000
v -0.823963 0.100000 -0.358000
v -0.828990 -0.100000 -0.351250
v -0.828990 0.100000 -0.351250
v -0.834125 -0.100000 -0.344500
v -0.834125 0.100000 -0.344500
v -0.839364 -0.100000 -0.337750
v -0.839364 0.100000 -0.337750
v -0.844704 -0.100000 -0.331000
v -0.844704 0.100000 -0.331000
v -0.850141 -0.100000 -0.324250
v -0.850141 0.100000 -0.324250
v -0.855671 -0.100000 -0.317500
v -0.855671 0.100000 -0.317500
v -0.861292 -0.100000 -0.310750
v -0.861292 0.100000 -0.310750
v -0.867000 -0.100000 -0.304000
v -0.867000 0.100000 -0.304000
v -0.679000 -0.100000 -0.304000
v -0.679000 0.100000 -0.304000
v -0.666000 -0.100000 -0.307000
v -0.666000 0.100000 -0.307000
v -0.618000 -0.100000 -0.283000
v -0.618000 0.100000 -0.283000
v -0.641691 -0.100000 -0.237442
v -0.641691 0.100000 -0.237442
v -0.669528 -0.100000 -0.195204
v -0.669528 0.100000 -0.195204
v -0.701156 -0.100000 -0.156188
v -0.701156 0.100000 -0.156188
v -0.736222 -0.100000 -0.120296
v -0.736222 0.100000 -0.120296
v -0.774371 -0.100000 -0.087433
v -0.774371 0.100000 -0.087433
v -0.815250 -0.100000 -0.057500
v -0.815250 0.100000 -0.057500
v -0.858503 -0.100000 -0.030400
v -0.858503 0.100000 -0.030400
v -0.903778 -0.100000 -0.006037
v -0.903778 0.100000 -0.006037
v -0.950719 -0.100000 0.015687
v -0.950719 0.100000 0.015687
v -0.998972 -0.100000 0.034870
v -0.998972 0.100000 0.034870
v -1.048184 -0.100000 0.051609
v -1.048184 0.100000 0.051609
v -1.098000 -0.100000 0.066000
v -1.098000 0.100000 0.066000
v -1.100200 -0.100000 0.061364
v -1.100200 0.100000 0.061364
v -1.102764 -0.100000 0.056495
v -1.102764 0.100000 0.056495
v -1.105641 -0.100000 0.051453
v -1.105641 0.100000 0.051453
v -1.108778 -0.100000 0.046296
v -1.108778 0.100000 0.046296
v -1.112123 -0.100000 0.041084
v -1.112123 0.100000 0.041084
v -1.115625 -0.100000 0.035875
v -1.115625 0.100000 0.035875
v -1.119231 -0.100000 0.030729
v -1.119231 0.100000 0.030729
v -1.122889 -0.100000 0.025704
v -1.122889 0.100000 0.025704
v -1.126547 -0.100000 0.020859
v -1.126547 0.100000 0.020859
v -1.130153 -0.100000 0.016255
v -1.130153 0.100000 0.016255
v -1.133654 -0.100000 0.011948
v -1.133654 0.100000 0.011948
v -1.137000 -0.100000 0.008000
v -1.137000 0.100000 0.008000
v -1.117505 -0.100000 0.003292
v -1.117505 0.100000 0.003292
v -1.098042 -0.100000 -0.001833
v -1.098042 0.100000 -0.001833
v -1.078641 -0.100000 -0.007375
v -1.078641 0.100000 -0.007375
v -1.059333 -0.100000 -0.013333
v -1.059333 0.100000 -0.013333
v -1.040151 -0.100000 -0.019708
v -1.040151 0.100000 -0.019708
v -1.021125 -0.100000 -0.026500
v -1.021125 0.100000 -0.026500
v -1.002286 -0.100000 -0.033708
v -1.002286 0.100000 -0.033708
v -0.983667 -0.100000 -0.041333
v -0.983667 0.100000 -0.041333
v -0.965297 -0.100000 -0.049375
v -0.965297 0.100000 -0.049375
v -0.947208 -0.100000 -0.057833
v -0.947208 0.100000 -0.057833
v -0.929432 -0.100000 -0.066708
v -0.929432 0.100000 -0.066708
v -0.912000 -0.100000 -0.076000
v -0.912000 0.100000 -0.076000
v -0.918950 -0.100000 -0.082306
v -0.918950 0.100000 -0.082306
v -0.926268 -0.100000 -0.088699
v -0.926268 0.100000 -0.088699
v -0.933906 -0.100000 -0.095141
v -0.933906 0.100000 -0.095141
v -0.941815 -0.100000 -0.101593
v -0.941815 0.100000 -0.101593
v -0.949946 -0.100000 -0.108017
v -0.949946 0.100000 -0.108017
v -0.958250 -0.100000 -0.114375
v -0.958250 0.100000 -0.114375
v -0.966679 -0.100000 -0.120629
v -0.966679 0.100000 -0.120629
v -0.975185 -0.100000 -0.126741
v -0.975185 0.100000 -0.126741
v -0.983719 -0.100000 -0.132672
v -0.983719 0.100000 -0.132672
v -0.992231 -0.100000 -0.138384
v -0.992231 0.100000 -0.138384
v -1.000675 -0.100000 -0.143840
v -1.000675 0.100000 -0.143840
v -1.009000 -0.100000 -0.149000
v -1.009000 0.100000 -0.149000
v -0.954000 -0.100000 -0.186000
v -0.954000 0.100000 -0.186000
v -0.895156 -0.100000 0.213951
v -0.895156 0.100000 0.213951
v -0.885167 -0.100000 0.220273
v -0.885167 0.100000 0.220273
v -0.875094 -0.100000 0.226922
v -0.875094 0.100000 0.226922
v -0.865000 -0.100000 0.233852
v -0.865000 0.100000 0.233852
v -0.854948 -0.100000 0.241018
v -0.854948 0.100000 0.241018
v -0.845000 -0.100000 0.248375
v -0.845000 0.100000 0.248375
v -0.835219 -0.100000 0.255878
v -0.835219 0.100000 0.255878
v -0.825667 -0.100000 0.263481
v -0.825667 0.100000 0.263481
v -0.816406 -0.100000 0.271141
v -0.816406 0.100000 0.271141
v -0.807500 -0.100000 0.278810
v -0.807500 0.100000 0.278810
v -0.799010 -0.100000 0.286445
v -0.799010 0.100000 0.286445
v -0.791000 -0.100000 0.294000
v -0.791000 0.100000 0.294000
v -0.777460 -0.100000 0.281792
v -0.777460 0.100000 0.281792
v -0.764347 -0.100000 0.269167
v -0.764347 0.100000 0.269167
v -0.751672 -0.100000 0.256125
v -0.751672 0.100000 0.256125
v -0.739444 -0.100000 0.242667
v -0.739444 0.100000 0.242667
v -0.727675 -0.100000 0.228792
v -0.727675 0.100000 0.228792
v -0.716375 -0.100000 0.214500
v -0.716375 0.100000 0.214500
v -0.705554 -0.100000 0.199792
v -0.705554 0.100000 0.199792
v -0.695222 -0.100000 0.184667
v -0.695222 0.100000 0.184667
v -0.685390 -0.100000 0.169125
v -0.685390 0.100000 0.169125
v -0.676069 -0.100000 0.153167
v -0.676069 0.100000 0.153167
v -0.667269 -0.100000 0.136792
v -0.667269 0.100000 0.136792
v -0.659000 -0.100000 0.120000
v -0.659000 0.100000 0.120000
v -0.856000 -0.100000 0.120000
v -0.856000 0.100000 0.120000
v -0.871043 -0.100000 0.134414
v -0.871043 0.100000 0.134414
v -0.886676 -0.100000 0.148644
v -0.886676 0.100000 0.148644
v -0.902906 -0.100000 0.162672
v -0.902906 0.100000 0.162672
v -0.919741 -0.100000 0.176481
v -0.919741 0.100000 0.176481
v -0.937186 -0.100000 0.190055
v -0.937186 0.100000 0.190055
v -0.955250 -0.100000 0.203375
v -0.955250 0.100000 0.203375
v -0.973939 -0.100000 0.216424
v -0.973939 0.100000 0.216424
v -0.993259 -0.100000 0.229185
v -0.993259 0.100000 0.229185
v -1.013219 -0.100000 0.241641
v -1.013219 0.100000 0.241641
v -1.033824 -0.100000 0.253773
v -1.033824 0.100000 0.253773
v -1.055082 -0.100000 0.265565
v -1.055082 0.100000 0.265565
v -1.077000 -0.100000 0.277000
v -1.077000 0.100000 0.277000
v -1.079950 -0.100000 0.272826
v -1.079950 0.100000 0.272826
v -1.083268 -0.100000 0.268356
v -1.083268 0.100000 0.268356
v -1.086906 -0.100000 0.263672
v -1.086906 0.100000 0.263672
v -1.090815 -0.100000 0.258852
v -1.090815 0.100000 0.258852
v -1.094946 -0.100000 0.253976
v -1.094946 0.100000 0.253976
v -1.099250 -0.100000 0.249125
v -1.099250 0.100000 0.249125
v -1.103679 -0.100000 0.244378
v -1.103679 0.100000 0.244378
v -1.108185 -0.100000 0.239815
v -1.108185 0.100000 0.239815
v -1.112719 -0.100000 0.235516
v -1.112719 0.100000 0.235516
v -1.117231 -0.100000 0.231560
v -1.117231 0.100000 0.231560
v -1.121675 -0.100000 0.228028
v -1.121675 0.100000 0.228028
v -1.126000 -0.100000 0.225000
v -1.126000 0.100000 0.225000
v -1.089233 -0.100000 0.206859
v -1.089233 0.100000 0.206859
v -1.054449 -0.100000 0.187537
v -1.054449 0.100000 0.187537
v -1.021672 -0.100000 0.167187
v -1.021672 0.100000 0.167187
v -0.990926 -0.100000 0.145963
v -0.990926 0.100000 0.145963
v -0.962236 -0.100000 0.124016
v -0.962236 0.100000 0.124016
v -0.935625 -0.100000 0.101500
v -0.935625 0.100000 0.101500
v -0.911119 -0.100000 0.078567
v -0.911119 0.100000 0.078567
v -0.888741 -0.100000 0.055370
v -0.888741 0.100000 0.055370
v -0.868516 -0.100000 0.032062
v -0.868516 0.100000 0.032062
v -0.850468 -0.100000 0.008796
v -0.850468 0.100000 0.008796
v -0.834621 -0.100000 -0.014275
v -0.834621 0.100000 -0.014275
v -0.821000 -0.100000 -0.037000
v -0.821000 0.100000 -0.037000
v -0.744000 -0.100000 -0.022000
v -0.744000 0.100000 -0.022000
v -0.748023 -0.100000 -0.015501
v -0.748023 0.100000 -0.015501
v -0.752097 -0.100000 -0.009005
v -0.752097 0.100000 -0.009005
v -0.756234 -0.100000 -0.002516
v -0.756234 0.100000 -0.002516
v -0.760444 -0.100000 0.003963
v -0.760444 0.100000 0.003963
v -0.764738 -0.100000 0.010428
v -0.764738 0.100000 0.010428
v -0.769125 -0.100000 0.016875
v -0.769125 0.100000 0.016875
v -0.773616 -0.100000 0.023301
v -0.773616 0.100000 0.023301
v -0.778222 -0.100000 0.029704
v -0.778222 0.100000 0.029704
v -0.782953 -0.100000 0.036078
v -0.782953 0.100000 0.036078
v -0.787819 -0.100000 0.042421
v -0.787819 0.100000 0.042421
v -0.792832 -0.100000 0.048730
v -0.792832 0.100000 0.048730
v -0.798000 -0.100000 0.055000
v -0.798000 0.100000 0.055000
v -0.624000 -0.100000 0.055000
v -0.624000 0.100000 0.055000
v -0.611000 -0.100000 0.052000
v -0.611000 0.100000 0.052000
v -0.562000 -0.100000 0.074000
v -0.562000 0.100000 0.074000
v -0.586748 -0.100000 0.136995
v -0.586748 0.100000 0.136995
v -0.616736 -0.100000 0.194625
v -0.616736 0.100000 0.194625
v -0.651578 -0.100000 0.247109
v -0.651578 0.100000 0.247109
v -0.690889 -0.100000 0.294667
v -0.690889 0.100000 0.294667
v -0.734283 -0.100000 0.337516
v -0.734283 0.100000 0.337516
v -0.781375 -0.100000 0.375875
v -0.781375 0.100000 0.375875
v -0.831779 -0.100000 0.409964
v -0.831779 0.100000 0.409964
v -0.885111 -0.100000 0.440000
v -0.885111 0.100000 0.440000
v -0.940984 -0.100000 0.466203
v -0.940984 0.100000 0.466203
v -0.999014 -0.100000 0.488792
v -0.999014 0.100000 0.488792
v -1.058814 -0.100000 0.507984
v -1.058814 0.100000 0.507984
v -1.120000 -0.100000 0.524000
v -1.120000 0.100000 0.524000
v -1.122200 -0.100000 0.519094
v -1.122200 0.100000 0.519094
v -1.124764 -0.100000 0.513921
v -1.124764 0.100000 0.513921
v -1.127640 -0.100000 0.508547
v -1.127640 0.100000 0.508547
v -1.130778 -0.100000 0.503037
v -1.130778 0.100000 0.503037
v -1.134123 -0.100000 0.497458
v -1.134123 0.100000 0.497458
v -1.137625 -0.100000 0.491875
v -1.137625 0.100000 0.491875
v -1.141231 -0.100000 0.486355
v -1.141231 0.100000 0.486355
v -1.144889 -0.100000 0.480963
v -1.144889 0.100000 0.480963
v -1.148547 -0.100000 0.475766
v -1.148547 0.100000 0.475766
v -1.152153 -0.100000 0.470829
v -1.152153 0.100000 0.470829
v -1.155654 -0.100000 0.466218
v -1.155654 0.100000 0.466218
v -1.159000 -0.100000 0.462000
v -1.159000 0.100000 0.462000
v -1.131071 -0.100000 0.456103
v -1.131071 0.100000 0.456103
v -1.103319 -0.100000 0.449407
v -1.103319 0.100000 0.449407
v -1.075797 -0.100000 0.441906
v -1.075797 0.100000 0.441906
v -1.048556 -0.100000 0.433593
v -1.048556 0.100000 0.433593
v -1.021648 -0.100000 0.424459
v -1.021648 0.100000 0.424459
v -0.995125 -0.100000 0.414500
v -0.995125 0.100000 0.414500
v -0.969040 -0.100000 0.403707
v -0.969040 0.100000 0.403707
v -0.943444 -0.100000 0.392074
v -0.943444 0.100000 0.392074
v -0.918391 -0.100000 0.379594
v -0.918391 0.100000 0.379594
v -0.893931 -0.100000 0.366259
v -0.893931 0.100000 0.366259
v -0.870116 -0.100000 0.352064
v -0.870116 0.100000 0.352064
v -0.847000 -0.100000 0.337000
v -0.847000 0.100000 0.337000
v -0.855010 -0.100000 0.329385
v -0.855010 0.100000 0.329385
v -0.863500 -0.100000 0.321579
v -0.863500 0.100000 0.321579
v -0.872406 -0.100000 0.313641
v -0.872406 0.100000 0.313641
v -0.881667 -0.100000 0.305630
v -0.881667 0.100000 0.305630
v -0.891219 -0.100000 0.297605
v -0.891219 0.100000 0.297605
v -0.901000 -0.100000 0.289625
v -0.901000 0.100000 0.289625
v -0.910948 -0.100000 0.281749
v -0.910948 0.100000 0.281749
v -0.921000 -0.100000 0.274037
v -0.921000 0.100000 0.274037
v -0.931094 -0.100000 0.266547
v -0.931094 0.100000 0.266547
v -0.941167 -0.100000 0.259338
v -0.941167 0.100000 0.259338
v -0.951156 -0.100000 0.252469
v -0.951156 0.100000 0.252469
v -0.961000 -0.100000 0.246000
v -0.961000 0.100000 0.246000
v -0.905000 -0.100000 0.208000
v -0.905000 0.100000 0.208000
v 0.207979 -0.100000 -0.368042
v 0.207979 0.100000 -0.368042
v 0.207916 -0.100000 -0.349171
v 0.207916 0.100000 -0.349171
v 0.207812 -0.100000 -0.330391
v 0.207812 0.100000 -0.330391
v 0.207667 -0.100000 -0.311704
v 0.207667 0.100000 -0.311704
v 0.207479 -0.100000 -0.293114
v 0.207479 0.100000 -0.293114
v 0.207250 -0.100000 -0.274625
v 0.207250 0.100000 -0.274625
v 0.206979 -0.100000 -0.256240
v 0.206979 0.100000 -0.256240
v 0.206667 -0.100000 -0.237963
v 0.206667 0.100000 -0.237963
v 0.206312 -0.100000 -0.219797
v 0.206312 0.100000 -0.219797
v 0.205917 -0.100000 -0.201745
v 0.205917 0.100000 -0.201745
v 0.205479 -0.100000 -0.183812
v 0.205479 0.100000 -0.183812
v 0.205000 -0.100000 -0.166000
v 0.205000 0.100000 -0.166000
v 0.418000 -0.100000 -0.166000
v 0.418000 0.100000 -0.166000
v 0.418000 -0.100000 -0.165444
v 0.418000 0.100000 -0.165444
v 0.418000 -0.100000 -0.163884
v 0.418000 0.100000 -0.163884
v 0.418000 -0.100000 -0.161484
v 0.418000 0.100000 -0.161484
v 0.418000 -0.100000 -0.158407
v 0.418000 0.100000 -0.158407
v 0.418000 -0.100000 -0.154817
v 0.418000 0.100000 -0.154817
v 0.418000 -0.100000 -0.150875
v 0.418000 0.100000 -0.150875
v 0.418000 -0.100000 -0.146746
v 0.418000 0.100000 -0.146746
v 0.418000 -0.100000 -0.142593
v 0.418000 0.100000 -0.142593
v 0.418000 -0.100000 -0.138578
v 0.418000 0.100000 -0.138578
v 0.418000 -0.100000 -0.134866
v 0.418000 0.100000 -0.134866
v 0.418000 -0.100000 -0.131619
v 0.418000 0.100000 -0.131619
v 0.418000 -0.100000 -0.129000
v 0.418000 0.100000 -0.129000
v 0.415257 -0.100000 -0.029039
v 0.415257 0.100000 -0.029039
v 0.412468 -0.100000 0.059773
v 0.412468 0.100000 0.059773
v 0.409547 -0.100000 0.138078
v 0.409547 0.100000 0.138078
v 0.406407 -0.100000 0.206519
v 0.406407 0.100000 0.206519
v 0.402962 -0.100000 0.265737
v 0.402962 0.100000 0.265737
v 0.399125 -0.100000 0.316375
v 0.399125 0.100000 0.316375
v 0.394809 -0.100000 0.359076
v 0.394809 0.100000 0.359076
v 0.389926 -0.100000 0.394481
v 0.389926 0.100000 0.394481
v 0.384391 -0.100000 0.423234
v 0.384391 0.100000 0.423234
v 0.378116 -0.100000 0.445977
v 0.378116 0.100000 0.445977
v 0.371014 -0.100000 0.463351
v 0.371014 0.100000 0.463351
v 0.363000 -0.100000 0.476000
v 0.363000 0.100000 0.476000
v 0.358684 -0.100000 0.482362
v 0.358684 0.100000 0.482362
v 0.354218 -0.100000 0.487981
v 0.354218 0.100000 0.487981
v 0.349578 -0.100000 0.492906
v 0.349578 0.100000 0.492906
v 0.344741 -0.100000 0.497185
v 0.344741 0.100000 0.497185
v 0.339681 -0.100000 0.500867
v 0.339681 0.100000 0.500867
v 0.334375 -0.100000 0.504000
v 0.334375 0.100000 0.504000
v 0.328798 -0.100000 0.506633
v 0.328798 0.100000 0.506633
v 0.322926 -0.100000 0.508815
v 0.322926 0.100000 0.508815
v 0.316734 -0.100000 0.510594
v 0.316734 0.100000 0.510594
v 0.310199 -0.100000 0.512019
v 0.310199 0.100000 0.512019
v 0.303296 -0.100000 0.513138
v 0.303296 0.100000 0.513138
v 0.296000 -0.100000 0.514000
v 0.296000 0.100000 0.514000
v 0.288386 -0.100000 0.514898
v 0.288386 0.100000 0.514898
v 0.280083 -0.100000 0.515602
v 0.280083 0.100000 0.515602
v 0.271156 -0.100000 0.516125
v 0.271156 0.100000 0.516125
v 0.261667 -0.100000 0.516481
v 0.261667 0.100000 0.516481
v 0.251677 -0.100000 0.516685
v 0.251677 0.100000 0.516685
v 0.241250 -0.100000 0.516750
v 0.241250 0.100000 0.516750
v 0.230448 -0.100000 0.516690
v 0.230448 0.100000 0.516690
v 0.219333 -0.100000 0.516519
v 0.219333 0.100000 0.516519
v 0.207969 -0.100000 0.516250
v 0.207969 0.100000 0.516250
v 0.196417 -0.100000 0.515898
v 0.196417 0.100000 0.515898
v 0.184740 -0.100000 0.515477
v 0.184740 0.100000 0.515477
v 0.173000 -0.100000 0.515000
v 0.173000 0.100000 0.515000
v 0.172376 -0.100000 0.509554
v 0.172376 0.100000 0.509554
v 0.171509 -0.100000 0.503764
v 0.171509 0.100000 0.503764
v 0.170406 -0.100000 0.497703
v 0.170406 0.100000 0.497703
v 0.169074 -0.100000 0.491444
v 0.169074 0.100000 0.491444
v 0.167520 -0.100000 0.485061
v 0.167520 0.100000 0.485061
v 0.165750 -0.100000 0.478625
v 0.165750 0.100000 0.478625
v 0.163772 -0.100000 0.472210
v 0.163772 0.100000 0.472210
v 0.161593 -0.100000 0.465889
v 0.161593 0.100000 0.465889
v 0.159219 -0.100000 0.459734
v 0.159219 0.100000 0.459734
v 0.156657 -0.100000 0.453819
v 0.156657 0.100000 0.453819
v 0.153916 -0.100000 0.448217
v 0.153916 0.100000 0.448217
v 0.151000 -0.100000 0.443000
v 0.151000 0.100000 0.443000
v 0.163154 -0.100000 0.443919
v 0.163154 0.100000 0.443919
v 0.175065 -0.100000 0.444685
v 0.175065 0.100000 0.444685
v 0.186656 -0.100000 0.445312
v 0.186656 0.100000 0.445312
v 0.197852 -0.100000 0.445815
v 0.197852 0.100000 0.445815
v 0.208575 -0.100000 0.446206
v 0.208575 0.100000 0.446206
v 0.218750 -0.100000 0.446500
v 0.218750 0.100000 0.446500
v 0.228300 -0.100000 0.446711
v 0.228300 0.100000 0.446711
v 0.237148 -0.100000 0.446852
v 0.237148 0.100000 0.446852
v 0.245219 -0.100000 0.446938
v 0.245219 0.100000 0.446938
v 0.252435 -0.100000 0.446981
v 0.252435 0.100000 0.446981
v 0.258721 -0.100000 0.446998
v 0.258721 0.100000 0.446998
v 0.264000 -0.100000 0.447000
v 0.264000 0.100000 0.447000
v 0.267878 -0.100000 0.446953
v 0.267878 0.100000 0.446953
v 0.271523 -0.100000 0.446792
v 0.271523 0.100000 0.446792
v 0.274953 -0.100000 0.446484
v 0.274953 0.100000 0.446484
v 0.278185 -0.100000 0.446000
v 0.278185 0.100000 0.446000
v 0.281237 -0.100000 0.445307
v 0.281237 0.100000 0.445307
v 0.284125 -0.100000 0.444375
v 0.284125 0.100000 0.444375
v 0.286867 -0.100000 0.443172
v 0.286867 0.100000 0.443172
v 0.289482 -0.100000 0.441667
v 0.289482 0.100000 0.441667
v 0.291984 -0.100000 0.439828
v 0.291984 0.100000 0.439828
v 0.294394 -0.100000 0.437625
v 0.294394 0.100000 0.437625
v 0.296726 -0.100000 0.435026
v 0.296726 0.100000 0.435026
v 0.299000 -0.100000 0.432000
v 0.299000 0.100000 0.432000
v 0.304756 -0.100000 0.422279
v 0.304756 0.100000 0.422279
v 0.310046 -0.100000 0.407815
v 0.310046 0.100000 0.407815
v 0.314906 -0.100000 0.388156
v 0.314906 0.100000 0.388156
v 0.319370 -0.100000 0.362852
v 0.319370 0.100000 0.362852
v 0.323473 -0.100000 0.331450
v 0.323473 0.100000 0.331450
v 0.327250 -0.100000 0.293500
v 0.327250 0.100000 0.293500
v 0.330735 -0.100000 0.248550
v 0.330735 0.100000 0.248550
v 0.333963 -0.100000 0.196148
v 0.333963 0.100000 0.196148
v 0.336969 -0.100000 0.135844
v 0.336969 0.100000 0.135844
v 0.339787 -0.100000 0.067185
v 0.339787 0.100000 0.067185
v 0.342453 -0.100000 -0.010279
v 0.342453 0.100000 -0.010279
v 0.345000 -0.100000 -0.097000
v 0.345000 0.100000 -0.097000
v 0.203000 -0.100000 -0.097000
v 0.203000 0.100000 -0.097000
v 0.199024 -0.100000 -0.031003
v 0.199024 0.100000 -0.031003
v 0.193361 -0.100000 0.032893
v 0.193361 0.100000 0.032893
v 0.185656 -0.100000 0.094547
v 0.185656 0.100000 0.094547
v 0.175556 -0.100000 0.153815
v 0.175556 0.100000 0.153815
v 0.162705 -0.100000 0.210555
v 0.162705 0.100000 0.210555
v 0.146750 -0.100000 0.264625
v 0.146750 0.100000 0.264625
v 0.127337 -0.100000 0.315883
v 0.127337 0.100000 0.315883
v 0.104111 -0.100000 0.364185
v 0.104111 0.100000 0.364185
v 0.076719 -0.100000 0.409391
v 0.076719 0.100000 0.409391
v 0.044806 -0.100000 0.451356
v 0.044806 0.100000 0.451356
v 0.008017 -0.100000 0.489940
v 0.008017 0.100000 0.489940
v -0.034000 -0.100000 0.525000
v -0.034000 0.100000 0.525000
v -0.037049 -0.100000 0.520595
v -0.037049 0.100000 0.520595
v -0.040643 -0.100000 0.515931
v -0.040643 0.100000 0.515931
v -0.044703 -0.100000 0.511078
v -0.044703 0.100000 0.511078
v -0.049148 -0.100000 0.506111
v -0.049148 0.100000 0.506111
v -0.053899 -0.100000 0.501102
v -0.053899 0.100000 0.501102
v -0.058875 -0.100000 0.496125
v -0.058875 0.100000 0.496125
v -0.063997 -0.100000 0.491252
v -0.063997 0.100000 0.491252
v -0.069185 -0.100000 0.486556
v -0.069185 0.100000 0.486556
v -0.074359 -0.100000 0.482109
v -0.074359 0.100000 0.482109
v -0.079440 -0.100000 0.477986
v -0.079440 0.100000 0.477986
v -0.084347 -0.100000 0.474259
v -0.084347 0.100000 0.474259
v -0.089000 -0.100000 0.471000
v -0.089000 0.100000 0.471000
v -0.085251 -0.100000 0.468230
v -0.085251 0.100000 0.468230
v -0.081509 -0.100000 0.465421
v -0.081509 0.100000 0.465421
v -0.077781 -0.100000 0.462578
v -0.077781 0.100000 0.462578
v -0.074074 -0.100000 0.459704
v -0.074074 0.100000 0.459704
v -0.070395 -0.100000 0.456802
v -0.070395 0.100000 0.456802
v -0.066750 -0.100000 0.453875
v -0.066750 0.100000 0.453875
v -0.063147 -0.100000 0.450928
v -0.063147 0.100000 0.450928
v -0.059593 -0.100000 0.447963
v -0.059593 0.100000 0.447963
v -0.056094 -0.100000 0.444984
v -0.056094 0.100000 0.444984
v -0.052657 -0.100000 0.441995
v -0.052657 0.100000 0.441995
v -0.049291 -0.100000 0.438999
v -0.049291 0.100000 0.438999
v -0.046000 -0.100000 0.436000
v -0.046000 0.100000 0.436000
v -0.084286 -0.100000 0.440497
v -0.084286 0.100000 0.440497
v -0.122537 -0.100000 0.444972
v -0.122537 0.100000 0.444972
v -0.160594 -0.100000 0.449406
v -0.160594 0.100000 0.449406
v -0.198296 -0.100000 0.453778
v -0.198296 0.100000 0.453778
v -0.235485 -0.100000 0.458066
v -0.235485 0.100000 0.458066
v -0.272000 -0.100000 0.462250
v -0.272000 0.100000 0.462250
v -0.307682 -0.100000 0.466309
v -0.307682 0.100000 0.466309
v -0.342370 -0.100000 0.470222
v -0.342370 0.100000 0.470222
v -0.375906 -0.100000 0.473969
v -0.375906 0.100000 0.473969
v -0.408130 -0.100000 0.477528
v -0.408130 0.100000 0.477528
v -0.438881 -0.100000 0.480878
v -0.438881 0.100000 0.480878
v -0.468000 -0.100000 0.484000
v -0.468000 0.100000 0.484000
v -0.478000 -0.100000 0.418000
v -0.478000 0.100000 0.418000
v -0.261000 -0.100000 0.398000
v -0.261000 0.100000 0.398000
v -0.261000 -0.100000 0.311000
v -0.261000 0.100000 0.311000
v -0.451000 -0.100000 0.311000
v -0.451000 0.100000 0.311000
v -0.451000 -0.100000 0.253000
v -0.451000 0.100000 0.253000
v -0.261000 -0.100000 0.253000
v -0.261000 0.100000 0.253000
v -0.261000 -0.100000 0.192000
v -0.261000 0.100000 0.192000
v -0.448000 -0.100000 0.192000
v -0.448000 0.100000 0.192000
v -0.448000 -0.100000 -0.107000
v -0.448000 0.100000 -0.107000
v -0.261000 -0.100000 -0.107000
v -0.261000 0.100000 -0.107000
v -0.261000 -0.100000 -0.170000
v -0.261000 0.100000 -0.170000
v -0.478000 -0.100000 -0.170000
v -0.478000 0.100000 -0.170000
v -0.478000 -0.100000 -0.229000
v -0.478000 0.100000 -0.229000
v -0.261000 -0.100000 -0.229000
v -0.261000 0.100000 -0.229000
v -0.261000 -0.100000 -0.296000
v -0.261000 0.100000 -0.296000
v -0.277017 -0.100000 -0.294772
v -0.277017 0.100000 -0.294772
v -0.293051 -0.100000 -0.293588
v -0.293051 0.100000 -0.293588
v -0.309078 -0.100000 -0.292453
v -0.309078 0.100000 -0.292453
v -0.325074 -0.100000 -0.291370
v -0.325074 0.100000 -0.291370
v -0.341014 -0.100000 -0.290343
v -0.341014 0.100000 -0.290343
v -0.356875 -0.100000 -0.289375
v -0.356875 0.100000 -0.289375
v -0.372631 -0.100000 -0.288469
v -0.372631 0.100000 -0.288469
v -0.388259 -0.100000 -0.287630
v -0.388259 0.100000 -0.287630
v -0.403734 -0.100000 -0.286859
v -0.403734 0.100000 -0.286859
v -0.419032 -0.100000 -0.286162
v -0.419032 0.100000 -0.286162
v -0.434129 -0.100000 -0.285541
v -0.434129 0.100000 -0.285541
v -0.449000 -0.100000 -0.285000
v -0.449000 0.100000 -0.285000
v -0.449851 -0.100000 -0.289157
v -0.449851 0.100000 -0.289157
v -0.450889 -0.100000 -0.293593
v -0.450889 0.100000 -0.293593
v -0.452094 -0.100000 -0.298250
v -0.452094 0.100000 -0.298250
v -0.453444 -0.100000 -0.303074
v -0.453444 0.100000 -0.303074
v -0.454920 -0.100000 -0.308009
v -0.454920 0.100000 -0.308009
v -0.456500 -0.100000 -0.313000
v -0.456500 0.100000 -0.313000
v -0.458163 -0.100000 -0.317991
v -0.458163 0.100000 -0.317991
v -0.459889 -0.100000 -0.322926
v -0.459889 0.100000 -0.322926
v -0.461656 -0.100000 -0.327750
v -0.461656 0.100000 -0.327750
v -0.463444 -0.100000 -0.332407
v -0.463444 0.100000 -0.332407
v -0.465233 -0.100000 -0.336843
v -0.465233 0.100000 -0.336843
v -0.467000 -0.100000 -0.341000
v -0.467000 0.100000 -0.341000
v -0.429357 -0.100000 -0.342976
v -0.429357 0.100000 -0.342976
v -0.390685 -0.100000 -0.345394
v -0.390685 0.100000 -0.345394
v -0.351375 -0.100000 -0.348234
v -0.351375 0.100000 -0.348234
v -0.311815 -0.100000 -0.351481
v -0.311815 0.100000 -0.351481
v -0.272394 -0.100000 -0.355117
v -0.272394 0.100000 -0.355117
v -0.233500 -0.100000 -0.359125
v -0.233500 0.100000 -0.359125
v -0.195523 -0.100000 -0.363487
v -0.195523 0.100000 -0.363487
v -0.158852 -0.100000 -0.368185
v -0.158852 0.100000 -0.368185
v -0.123875 -0.100000 -0.373203
v -0.123875 0.100000 -0.373203
v -0.090981 -0.100000 -0.378523
v -0.090981 0.100000 -0.378523
v -0.060560 -0.100000 -0.384128
v -0.060560 0.100000 -0.384128
v -0.033000 -0.100000 -0.390000
v -0.033000 0.100000 -0.390000
v 0.004000 -0.100000 -0.332000
v 0.004000 0.100000 -0.332000
v -0.009806 -0.100000 -0.329061
v -0.009806 0.100000 -0.329061
v -0.024199 -0.100000 -0.326241
v -0.024199 0.100000 -0.326241
v -0.039140 -0.100000 -0.323531
v -0.039140 0.100000 -0.323531
v -0.054592 -0.100000 -0.320926
v -0.054592 0.100000 -0.320926
v -0.070517 -0.100000 -0.318418
v -0.070517 0.100000 -0.318418
v -0.086875 -0.100000 -0.316000
v -0.086875 0.100000 -0.316000
v -0.103629 -0.100000 -0.313666
v -0.103629 0.100000 -0.313666
v -0.120741 -0.100000 -0.311407
v -0.120741 0.100000 -0.311407
v -0.138172 -0.100000 -0.309219
v -0.138172 0.100000 -0.309219
v -0.155884 -0.100000 -0.307093
v -0.155884 0.100000 -0.307093
v -0.173840 -0.100000 -0.305022
v -0.173840 0.100000 -0.305022
v -0.192000 -0.100000 -0.303000
v -0.192000 0.100000 -0.303000
v -0.192000 -0.100000 -0.229000
v -0.192000 0.100000 -0.229000
v 0.022000 -0.100000 -0.229000
v 0.022000 0.100000 -0.229000
v 0.022000 -0.100000 -0.170000
v 0.022000 0.100000 -0.170000
v -0.192000 -0.100000 -0.170000
v -0.192000 0.100000 -0.170000
v -0.192000 -0.100000 -0.107000
v -0.192000 0.100000 -0.107000
v 0.003000 -0.100000 -0.107000
v 0.003000 0.100000 -0.107000
v 0.003000 -0.100000 0.192000
v 0.003000 0.100000 0.192000
v -0.192000 -0.100000 0.192000
v -0.192000 0.100000 0.192000
v -0.192000 -0.100000 0.253000
v -0.192000 0.100000 0.253000
v 0.005000 -0.100000 0.253000
v 0.005000 0.100000 0.253000
v 0.005000 -0.100000 0.311000
v 0.005000 0.100000 0.311000
v -0.192000 -0.100000 0.311000
v -0.192000 0.100000 0.311000
v -0.192000 -0.100000 0.391000
v -0.192000 0.100000 0.391000
v 0.009000 -0.100000 0.370000
v 0.009000 0.100000 0.370000
v 0.009000 -0.100000 0.374000
v 0.009000 0.100000 0.374000
v 0.029505 -0.100000 0.343344
v 0.029505 0.100000 0.343344
v 0.047620 -0.100000 0.310917
v 0.047620 0.100000 0.310917
v 0.063500 -0.100000 0.276781
v 0.063500 0.100000 0.276781
v 0.077296 -0.100000 0.241000
v 0.077296 0.100000 0.241000
v 0.089162 -0.100000 0.203635
v 0.089162 0.100000 0.203635
v 0.099250 -0.100000 0.164750
v 0.099250 0.100000 0.164750
v 0.107713 -0.100000 0.124406
v 0.107713 0.100000 0.124406
v 0.114704 -0.100000 0.082667
v 0.114704 0.100000 0.082667
v 0.120375 -0.100000 0.039594
v 0.120375 0.100000 0.039594
v 0.124880 -0.100000 -0.004750
v 0.124880 0.100000 -0.004750
v 0.128370 -0.100000 -0.050302
v 0.128370 0.100000 -0.050302
v 0.131000 -0.100000 -0.097000
v 0.131000 0.100000 -0.097000
v 0.014000 -0.100000 -0.097000
v 0.014000 0.100000 -0.097000
v 0.014000 -0.100000 -0.166000
v 0.014000 0.100000 -0.166000
v 0.133000 -0.100000 -0.166000
v 0.133000 0.100000 -0.166000
v 0.133460 -0.100000 -0.183812
v 0.133460 0.100000 -0.183812
v 0.133843 -0.100000 -0.201746
v 0.133843 0.100000 -0.201746
v 0.134156 -0.100000 -0.219797
v 0.134156 0.100000 -0.219797
v 0.134408 -0.100000 -0.237963
v 0.134408 0.100000 -0.237963
v 0.134603 -0.100000 -0.256240
v 0.134603 0.100000 -0.256240
v 0.134750 -0.100000 -0.274625
v 0.134750 0.100000 -0.274625
v 0.134855 -0.100000 -0.293114
v 0.134855 0.100000 -0.293114
v 0.134926 -0.100000 -0.311704
v 0.134926 0.100000 -0.311704
v 0.134969 -0.100000 -0.330391
v 0.134969 0.100000 -0.330391
v 0.134991 -0.100000 -0.349171
v 0.134991 0.100000 -0.349171
v 0.134999 -0.100000 -0.368042
v 0.134999 0.100000 -0.368042
v 0.135000 -0.100000 -0.387000
v 0.135000 0.100000 -0.387000
v 0.208000 -0.100000 -0.387000
v 0.208000 0.100000 -0.387000
v -0.261000 -0.100000 0.140000
v -0.261000 0.100000 0.140000
v -0.261000 -0.100000 0.067000
v -0.261000 0.100000 0.067000
v -0.386000 -0.100000 0.067000
v -0.386000 0.100000 0.067000
v -0.386000 -0.100000 0.140000
v -0.386000 0.100000 0.140000
v -0.061000 -0.100000 0.140000
v -0.061000 0.100000 0.140000
v -0.061000 -0.100000 0.067000
v -0.061000 0.100000 0.067000
v -0.192000 -0.100000 0.067000
v -0.192000 0.100000 0.067000
v -0.192000 -0.100000 0.140000
v -0.192000 0.100000 0.140000
v -0.261000 -0.100000 0.017000
v -0.261000 0.100000 0.017000
v -0.261000 -0.100000 -0.055000
v -0.261000 0.100000 -0.055000
v -0.386000 -0.100000 -0.055000
v -0.386000 0.100000 -0.055000
v -0.386000 -0.100000 0.017000
v -0.386000 0.100000 0.017000
v -0.061000 -0.100000 0.017000
v -0.061000 0.100000 0.017000
v -0.061000 -0.100000 -0.055000
v -0.061000 0.100000 -0.055000
v -0.192000 -0.100000 -0.055000
v -0.192000 0.100000 -0.055000
v -0.192000 -0.100000 0.017000
v -0.192000 0.100000 0.017000
v 1.017000 -0.100000 -0.221000
v 1.017000 0.100000 -0.221000
v 1.382000 -0.100000 -0.221000
v 1.382000 0.100000 -0.221000
v 1.382000 -0.100000 0.249000
v 1.382000 0.100000 0.249000
v 1.305000 -0.100000 0.249000
v 1.305000 0.100000 0.249000
v 1.305000 -0.100000 0.192000
v 1.305000 0.100000 0.192000
v 1.017000 -0.100000 0.192000
v 1.017000 0.100000 0.192000
v 1.017000 -0.100000 0.519000
v 1.017000 0.100000 0.519000
v 0.938000 -0.100000 0.519000
v 0.938000 0.100000 0.519000
v 0.938000 -0.100000 0.192000
v 0.938000 0.100000 0.192000
v 0.651000 -0.100000 0.192000
v 0.651000 0.100000 0.192000
v 0.651000 -0.100000 0.254000
v 0.651000 0.100000 0.254000
v 0.576000 -0.100000 0.254000
v 0.576000 0.100000 0.254000
v 0.576000 -0.100000 -0.221000
v 0.576000 0.100000 -0.221000
v 0.938000 -0.100000 -0.221000
v 0.938000 0.100000 -0.221000
v 0.938000 -0.100000 -0.400000
v 0.938000 0.100000 -0.400000
v 1.017000 -0.100000 -0.400000
v 1.017000 0.100000 -0.400000
v 0.938000 -0.100000 -0.148000
v 0.938000 0.100000 -0.148000
v 0.651000 -0.100000 -0.148000
v 0.651000 0.100000 -0.148000
v 0.651000 -0.100000 0.118000
v 0.651000 0.100000 0.118000
v 0.938000 -0.100000 0.118000
v 0.938000 0.100000 0.118000
v 1.017000 -0.100000 -0.148000
v 1.017000 0.100000 -0.148000
v 1.017000 -0.100000 0.118000
v 1.017000 0.100000 0.118000
v 1.305000 -0.100000 0.118000
v 1.305000 0.100000 0.118000
v 1.305000 -0.100000 -0.148000
v 1.305000 0.100000 -0.148000
vn -0.0000 1.0000 -0.0000
vn -0.0000 -1.0000 -0.0000
vn 0.3527 -0.0000 0.9357
vn 0.3664 -0.0000 0.9305
vn 0.3399 -0.0000 0.9404
vn 0.3279 -0.0000 0.9447
vn 0.3164 -0.0000 0.9486
vn 0.3055 -0.0000 0.9522
vn 0.2951 -0.0000 0.9555
vn 0.2850 -0.0000 0.9585
vn 0.2753 -0.0000 0.9613
vn 0.2659 -0.0000 0.9640
vn 0.2568 -0.0000 0.9665
vn 0.7913 -0.0000 0.6114
vn 0.7071 -0.0000 -0.7071
vn 0.7071 -0.0000 0.7071
vn 0.9367 -0.0000 -0.3500
vn 0.7604 -0.0000 -0.6495
vn 0.7688 -0.0000 -0.6395
vn 0.7740 -0.0000 -0.6332
vn 0.7776 -0.0000 -0.6287
vn 0.7805 -0.0000 -0.6252
vn 0.7830 -0.0000 -0.6221
vn 0.7853 -0.0000 -0.6191
vn 0.7877 -0.0000 -0.6160
vn 0.7906 -0.0000 -0.6124
vn 0.7944 -0.0000 -0.6074
vn 0.8006 -0.0000 -0.5992
vn 1.0000 -0.0000 -0.0016
vn -0.0899 -0.0000 0.9960
vn -0.8937 -0.0000 0.4487
vn -0.0898 -0.0000 0.9960
vn -0.8838 -0.0000 0.4678
vn -0.8762 -0.0000 0.4819
vn -0.8701 -0.0000 0.4928
vn -0.8651 -0.0000 0.5016
vn -0.8607 -0.0000 0.5090
vn -0.8569 -0.0000 0.5155
vn -0.8534 -0.0000 0.5212
vn -0.8502 -0.0000 0.5265
vn -0.8470 -0.0000 0.5316
vn -0.8438 -0.0000 0.5366
vn 0.2808 -0.0000 0.9598
vn -0.7071 -0.0000 0.7071
vn -0.1709 -0.0000 0.9853
vn 0.9389 -0.0000 0.3442
vn -0.1710 -0.0000 0.9853
vn 0.9334 -0.0000 0.3589
vn 0.9274 -0.0000 0.3741
vn 0.9207 -0.0000 0.3902
vn 0.9133 -0.0000 0.4073
vn 0.9048 -0.0000 0.4258
vn 0.8950 -0.0000 0.4460
vn 0.8835 -0.0000 0.4684
vn 0.8699 -0.0000 0.4933
vn 0.8533 -0.0000 0.5214
vn 0.8328 -0.0000 0.5536
vn -0.1109 -0.0000 0.9938
vn -0.9200 -0.0000 0.3919
vn -0.9071 -0.0000 0.4209
vn -0.8961 -0.0000 0.4439
vn -0.8865 -0.0000 0.4627
vn -0.8781 -0.0000 0.4785
vn -0.8705 -0.0000 0.4921
vn -0.8636 -0.0000 0.5041
vn -0.8572 -0.0000 0.5150
vn -0.8511 -0.0000 0.5251
vn -0.8450 -0.0000 0.5348
vn -0.8387 -0.0000 0.5445
vn -0.9997 -0.0000 -0.0255
vn -0.8206 -0.0000 -0.5715
vn -0.8451 -0.0000 -0.5346
vn -0.8644 -0.0000 -0.5028
vn -0.8801 -0.0000 -0.4748
vn -0.8932 -0.0000 -0.4496
vn -0.9046 -0.0000 -0.4263
vn -0.9146 -0.0000 -0.4043
vn -0.9238 -0.0000 -0.3829
vn -0.9323 -0.0000 -0.3617
vn -0.9404 -0.0000 -0.3401
vn -0.9483 -0.0000 -0.3175
vn -0.8080 -0.0000 0.5891
vn -0.8080 -0.0000 0.5892
vn -0.7071 -0.0000 -0.7071
vn -0.6282 -0.0000 0.7780
vn 0.2072 -0.0000 0.9783
vn 0.2003 -0.0000 0.9797
vn 0.1939 -0.0000 0.9810
vn 0.1879 -0.0000 0.9822
vn 0.1824 -0.0000 0.9832
vn 0.1773 -0.0000 0.9841
vn 0.1727 -0.0000 0.9850
vn 0.1685 -0.0000 0.9857
vn 0.1647 -0.0000 0.9863
vn 0.1614 -0.0000 0.9869
vn 0.1585 -0.0000 0.9874
vn -0.5658 -0.0000 0.8245
vn -0.9735 -0.0000 0.2288
vn -0.9642 -0.0000 0.2650
vn -0.9557 -0.0000 0.2943
vn -0.9478 -0.0000 0.3189
vn -0.9403 -0.0000 0.3403
vn -0.9331 -0.0000 0.3595
vn -0.9261 -0.0000 0.3774
vn -0.9189 -0.0000 0.3945
vn -0.9114 -0.0000 0.4115
vn -0.9033 -0.0000 0.4290
vn -0.8942 -0.0000 0.4476
vn -0.8999 -0.0000 -0.4361
vn -0.1977 -0.0000 -0.9803
vn -0.2090 -0.0000 -0.9779
vn -0.2207 -0.0000 -0.9754
vn -0.2331 -0.0000 -0.9724
vn -0.2466 -0.0000 -0.9691
vn -0.2616 -0.0000 -0.9652
vn -0.2784 -0.0000 -0.9605
vn -0.2977 -0.0000 -0.9547
vn -0.3203 -0.0000 -0.9473
vn -0.3473 -0.0000 -0.9377
vn -0.3803 -0.0000 -0.9249
vn 0.2457 -0.0000 -0.9693
vn 0.9659 -0.0000 0.2589
vn 0.2457 -0.0000 -0.9694
vn 0.5253 -0.0000 -0.8509
vn 0.5076 -0.0000 -0.8616
vn 0.5409 -0.0000 -0.8411
vn 0.5552 -0.0000 -0.8317
vn 0.5683 -0.0000 -0.8228
vn 0.5806 -0.0000 -0.8142
vn 0.5925 -0.0000 -0.8056
vn 0.6041 -0.0000 -0.7969
vn 0.6157 -0.0000 -0.7880
vn 0.6276 -0.0000 -0.7786
vn 0.6399 -0.0000 -0.7684
vn 0.0426 -0.0000 -0.9991
vn -0.5890 -0.0000 -0.8081
vn -0.6094 -0.0000 -0.7929
vn -0.6304 -0.0000 -0.7763
vn -0.6520 -0.0000 -0.7582
vn -0.6742 -0.0000 -0.7385
vn -0.6969 -0.0000 -0.7172
vn -0.7200 -0.0000 -0.6939
vn -0.7435 -0.0000 -0.6688
vn -0.7671 -0.0000 -0.6415
vn -0.7908 -0.0000 -0.6121
vn -0.8143 -0.0000 -0.5805
vn -0.8843 -0.0000 0.4669
vn 0.3514 -0.0000 0.9362
vn -0.8843 -0.0000 0.4670
vn 0.6513 -0.0000 0.7588
vn 0.6378 -0.0000 0.7702
vn 0.6238 -0.0000 0.7816
vn 0.6092 -0.0000 0.7930
vn 0.5942 -0.0000 0.8043
vn 0.5786 -0.0000 0.8156
vn 0.5626 -0.0000 0.8268
vn 0.5461 -0.0000 0.8377
vn 0.5291 -0.0000 0.8486
vn 0.5117 -0.0000 0.8592
vn 0.4939 -0.0000 0.8695
vn 0.5117 -0.0000 0.8591
vn -0.2024 -0.0000 0.9793
vn -0.7846 -0.0000 0.6200
vn -0.7706 -0.0000 0.6373
vn -0.7575 -0.0000 0.6528
vn -0.7445 -0.0000 0.6676
vn -0.7310 -0.0000 0.6824
vn -0.7162 -0.0000 0.6979
vn -0.6995 -0.0000 0.7146
vn -0.6799 -0.0000 0.7333
vn -0.6559 -0.0000 0.7549
vn -0.6252 -0.0000 0.7804
vn -0.5844 -0.0000 0.8115
vn -0.6253 -0.0000 0.7804
vn -0.9983 -0.0000 -0.0578
vn -0.4806 -0.0000 -0.8769
vn -0.5187 -0.0000 -0.8549
vn -0.5556 -0.0000 -0.8314
vn -0.5914 -0.0000 -0.8064
vn -0.6262 -0.0000 -0.7796
vn -0.6602 -0.0000 -0.7511
vn -0.6935 -0.0000 -0.7205
vn -0.7262 -0.0000 -0.6875
vn -0.7586 -0.0000 -0.6516
vn -0.7907 -0.0000 -0.6122
vn -0.8228 -0.0000 -0.5684
vn -0.3903 -0.0000 -0.9207
vn 0.9241 -0.0000 -0.3820
vn -0.3904 -0.0000 -0.9207
vn 0.8251 -0.0000 0.5650
vn 0.9241 -0.0000 -0.3821
vn 0.8183 -0.0000 0.5749
vn 0.8116 -0.0000 0.5842
vn 0.8182 -0.0000 0.5749
vn 0.8052 -0.0000 0.5930
vn 0.7990 -0.0000 0.6014
vn 0.7929 -0.0000 0.6093
vn 0.7871 -0.0000 0.6168
vn 0.7815 -0.0000 0.6239
vn 0.7762 -0.0000 0.6305
vn 0.7710 -0.0000 0.6369
vn 0.7660 -0.0000 0.6428
vn 0.9071 -0.0000 -0.4209
vn -0.1132 -0.0000 -0.9936
vn 0.9071 -0.0000 -0.4210
vn 0.1181 -0.0000 -0.9930
vn 0.9512 -0.0000 -0.3087
vn 0.8622 -0.0000 0.5065
vn 0.8069 -0.0000 0.5907
vn 0.7468 -0.0000 0.6650
vn 0.6846 -0.0000 0.7289
vn 0.6222 -0.0000 0.7828
vn 0.5612 -0.0000 0.8277
vn 0.5027 -0.0000 0.8645
vn 0.4471 -0.0000 0.8945
vn 0.3949 -0.0000 0.9187
vn 0.3458 -0.0000 0.9383
vn 0.2999 -0.0000 0.9540
vn -0.4108 -0.0000 0.9117
vn -0.8943 -0.0000 0.4474
vn -0.8768 -0.0000 0.4808
vn -0.8615 -0.0000 0.5077
vn -0.8480 -0.0000 0.5300
vn -0.8358 -0.0000 0.5491
vn -0.8245 -0.0000 0.5659
vn -0.8138 -0.0000 0.5812
vn -0.8033 -0.0000 0.5956
vn -0.7927 -0.0000 0.6096
vn -0.7816 -0.0000 0.6238
vn -0.7694 -0.0000 0.6387
vn -0.9507 -0.0000 -0.3102
vn -0.2447 -0.0000 -0.9696
vn -0.9507 -0.0000 -0.3103
vn -0.2647 -0.0000 -0.9643
vn -0.2848 -0.0000 -0.9586
vn -0.3051 -0.0000 -0.9523
vn -0.3258 -0.0000 -0.9454
vn -0.3468 -0.0000 -0.9379
vn -0.3682 -0.0000 -0.9297
vn -0.3900 -0.0000 -0.9208
vn -0.4123 -0.0000 -0.9110
vn -0.4352 -0.0000 -0.9003
vn -0.4586 -0.0000 -0.8887
vn -0.9924 -0.0000 -0.1233
vn -0.6650 -0.0000 0.7469
vn -0.9924 -0.0000 -0.1232
vn -0.6513 -0.0000 0.7588
vn -0.6384 -0.0000 0.7697
vn -0.6261 -0.0000 0.7798
vn -0.6140 -0.0000 0.7893
vn -0.6019 -0.0000 0.7986
vn -0.5897 -0.0000 0.8076
vn -0.5771 -0.0000 0.8166
vn -0.5640 -0.0000 0.8258
vn -0.5500 -0.0000 0.8352
vn -0.5348 -0.0000 0.8450
vn -0.9998 -0.0000 0.0187
vn -0.0353 -0.0000 -0.9994
vn 0.5429 -0.0000 -0.8398
vn 0.5261 -0.0000 -0.8504
vn 0.5585 -0.0000 -0.8295
vn 0.5733 -0.0000 -0.8194
vn 0.5876 -0.0000 -0.8092
vn 0.6016 -0.0000 -0.7988
vn 0.6301 -0.0000 -0.7765
vn 0.6450 -0.0000 -0.7642
vn 0.6606 -0.0000 -0.7507
vn 0.6775 -0.0000 -0.7356
vn 0.0112 -0.0000 -0.9999
vn -0.6817 -0.0000 -0.7316
vn -0.7054 -0.0000 -0.7088
vn -0.7287 -0.0000 -0.6848
vn -0.7515 -0.0000 -0.6598
vn -0.7736 -0.0000 -0.6336
vn -0.7951 -0.0000 -0.6065
vn -0.8157 -0.0000 -0.5784
vn -0.8356 -0.0000 -0.5494
vn -0.8544 -0.0000 -0.5196
vn -0.8355 -0.0000 -0.5494
vn -0.8723 -0.0000 -0.4890
vn -0.8891 -0.0000 -0.4577
vn -0.8491 -0.0000 0.5283
vn 0.3728 -0.0000 0.9279
vn -0.8490 -0.0000 0.5283
vn 0.6825 -0.0000 0.7308
vn 0.6636 -0.0000 0.7481
vn 0.6441 -0.0000 0.7649
vn 0.6242 -0.0000 0.7813
vn 0.6038 -0.0000 0.7971
vn 0.5830 -0.0000 0.8124
vn 0.5619 -0.0000 0.8272
vn 0.5403 -0.0000 0.8415
vn 0.5184 -0.0000 0.8551
vn 0.4963 -0.0000 0.8682
vn 0.4739 -0.0000 0.8806
vn -0.2351 -0.0000 0.9720
vn -0.8098 -0.0000 0.5867
vn -0.7964 -0.0000 0.6048
vn -0.7833 -0.0000 0.6216
vn -0.7699 -0.0000 0.6382
vn -0.7555 -0.0000 0.6551
vn -0.7396 -0.0000 0.6730
vn -0.7214 -0.0000 0.6925
vn -0.6999 -0.0000 0.7142
vn -0.6738 -0.0000 0.7390
vn -0.6409 -0.0000 0.7676
vn -0.5982 -0.0000 0.8014
vn -0.9971 -0.0000 -0.0761
vn -0.4642 -0.0000 -0.8857
vn -0.5067 -0.0000 -0.8621
vn -0.5479 -0.0000 -0.8365
vn -0.5880 -0.0000 -0.8089
vn -0.6269 -0.0000 -0.7791
vn -0.6648 -0.0000 -0.7470
vn -0.7017 -0.0000 -0.7125
vn -0.7377 -0.0000 -0.6751
vn -0.7730 -0.0000 -0.6344
vn -0.8076 -0.0000 -0.5898
vn -0.8414 -0.0000 -0.5404
vn -0.4070 -0.0000 -0.9134
vn 0.9163 -0.0000 -0.4005
vn -0.4071 -0.0000 -0.9134
vn 0.8487 -0.0000 0.5288
vn 0.8452 -0.0000 0.5345
vn 0.8409 -0.0000 0.5412
vn 0.8358 -0.0000 0.5491
vn 0.8409 -0.0000 0.5413
vn 0.8299 -0.0000 0.5579
vn 0.8232 -0.0000 0.5677
vn 0.8157 -0.0000 0.5784
vn 0.8074 -0.0000 0.5900
vn 0.7982 -0.0000 0.6023
vn 0.7882 -0.0000 0.6154
vn 0.7773 -0.0000 0.6291
vn 0.9045 -0.0000 -0.4266
vn 0.9044 -0.0000 -0.4266
vn 0.0974 -0.0000 -0.9952
vn 0.9260 -0.0000 -0.3776
vn 0.9102 -0.0000 0.4142
vn 0.8613 -0.0000 0.5081
vn 0.8030 -0.0000 0.5959
vn 0.7376 -0.0000 0.6752
vn 0.6678 -0.0000 0.7443
vn 0.5965 -0.0000 0.8026
vn 0.6679 -0.0000 0.7443
vn 0.5259 -0.0000 0.8505
vn 0.4580 -0.0000 0.8890
vn 0.3939 -0.0000 0.9192
vn 0.3343 -0.0000 0.9425
vn 0.2795 -0.0000 0.9601
vn -0.4320 -0.0000 0.9019
vn -0.9044 -0.0000 0.4267
vn -0.4319 -0.0000 0.9019
vn -0.8889 -0.0000 0.4581
vn -0.8754 -0.0000 0.4834
vn -0.8634 -0.0000 0.5046
vn -0.8524 -0.0000 0.5228
vn -0.8422 -0.0000 0.5391
vn -0.8324 -0.0000 0.5542
vn -0.8227 -0.0000 0.5685
vn -0.8127 -0.0000 0.5827
vn -0.8020 -0.0000 0.5974
vn -0.7900 -0.0000 0.6132
vn -0.9407 -0.0000 -0.3392
vn -0.2206 -0.0000 -0.9754
vn -0.2488 -0.0000 -0.9686
vn -0.2775 -0.0000 -0.9607
vn -0.3067 -0.0000 -0.9518
vn -0.3365 -0.0000 -0.9417
vn -0.3670 -0.0000 -0.9302
vn -0.3981 -0.0000 -0.9173
vn -0.4299 -0.0000 -0.9029
vn -0.4623 -0.0000 -0.8867
vn -0.4954 -0.0000 -0.8686
vn -0.5291 -0.0000 -0.8486
vn -0.9958 -0.0000 -0.0912
vn -0.6829 -0.0000 0.7305
vn -0.6711 -0.0000 0.7413
vn -0.6830 -0.0000 0.7305
vn -0.6598 -0.0000 0.7514
vn -0.6488 -0.0000 0.7610
vn -0.6377 -0.0000 0.7703
vn -0.6264 -0.0000 0.7795
vn -0.6147 -0.0000 0.7887
vn -0.6023 -0.0000 0.7982
vn -0.5890 -0.0000 0.8082
vn -0.5743 -0.0000 0.8186
vn -0.5579 -0.0000 0.8299
vn -1.0000 -0.0000 0.0074
vn -0.0262 -0.0000 -0.9997
vn 1.0000 -0.0000 0.0044
vn 1.0000 -0.0000 0.0022
vn 1.0000 -0.0000 0.0067
vn 1.0000 -0.0000 0.0089
vn 0.9999 -0.0000 0.0112
vn 0.9999 -0.0000 0.0136
vn 0.9999 -0.0000 0.0159
vn 0.9998 -0.0000 0.0183
vn 0.9998 -0.0000 0.0207
vn 0.9997 -0.0000 0.0232
vn 0.9997 -0.0000 0.0256
vn 0.7166 -0.0000 -0.6975
vn 0.7165 -0.0000 -0.6976
vn 1.0000 -0.0000 -0.0000
vn 0.9999 -0.0000 0.0137
vn 0.9996 -0.0000 0.0294
vn 0.9994 -0.0000 0.0343
vn 0.9991 -0.0000 0.0415
vn 0.9986 -0.0000 0.0520
vn 0.9978 -0.0000 0.0668
vn 0.9961 -0.0000 0.0881
vn 0.9929 -0.0000 0.1186
vn 0.9866 -0.0000 0.1629
vn 0.9737 -0.0000 0.2277
vn 0.9465 -0.0000 0.3227
vn 0.8887 -0.0000 0.4586
vn 0.8362 -0.0000 0.5484
vn 0.8058 -0.0000 0.5922
vn 0.7560 -0.0000 0.6545
vn 0.6959 -0.0000 0.7181
vn 0.6262 -0.0000 0.7797
vn 0.5490 -0.0000 0.8358
vn 0.4682 -0.0000 0.8836
vn 0.3880 -0.0000 0.9217
vn 0.3124 -0.0000 0.9499
vn 0.2447 -0.0000 0.9696
vn 0.1866 -0.0000 0.9824
vn 0.1387 -0.0000 0.9903
vn 0.1173 -0.0000 0.9931
vn 0.1008 -0.0000 0.9949
vn 0.0715 -0.0000 0.9974
vn 0.0480 -0.0000 0.9988
vn 0.0290 -0.0000 0.9996
vn 0.0133 -0.0000 0.9999
vn 0.0003 -0.0000 1.0000
vn -0.0105 -0.0000 0.9999
vn -0.0195 -0.0000 0.9998
vn -0.0270 -0.0000 0.9996
vn -0.0332 -0.0000 0.9994
vn -0.0383 -0.0000 0.9993
vn -0.0333 -0.0000 0.9994
vn -0.6806 -0.0000 0.7326
vn -0.9914 -0.0000 0.1310
vn -0.6807 -0.0000 0.7326
vn -0.9865 -0.0000 0.1636
vn -0.9811 -0.0000 0.1936
vn -0.9750 -0.0000 0.2224
vn -0.9811 -0.0000 0.1937
vn -0.9680 -0.0000 0.2509
vn -0.9600 -0.0000 0.2799
vn -0.9506 -0.0000 0.3103
vn -0.9393 -0.0000 0.3430
vn -0.9255 -0.0000 0.3787
vn -0.9082 -0.0000 0.4186
vn -0.8859 -0.0000 0.4639
vn -0.8428 -0.0000 -0.5382
vn 0.0698 -0.0000 -0.9976
vn -0.8428 -0.0000 -0.5383
vn 0.0591 -0.0000 -0.9983
vn 0.0494 -0.0000 -0.9988
vn 0.0406 -0.0000 -0.9992
vn 0.0327 -0.0000 -0.9995
vn 0.0255 -0.0000 -0.9997
vn 0.0190 -0.0000 -0.9998
vn 0.0133 -0.0000 -0.9999
vn 0.0084 -0.0000 -1.0000
vn 0.0043 -0.0000 -1.0000
vn 0.0015 -0.0000 -1.0000
vn -0.0058 -0.0000 -1.0000
vn -0.0282 -0.0000 -0.9996
vn -0.0668 -0.0000 -0.9978
vn -0.1188 -0.0000 -0.9929
vn -0.1849 -0.0000 -0.9828
vn -0.2645 -0.0000 -0.9644
vn -0.3549 -0.0000 -0.9349
vn -0.4511 -0.0000 -0.8925
vn -0.5464 -0.0000 -0.8375
vn -0.4510 -0.0000 -0.8925
vn -0.6343 -0.0000 -0.7731
vn -0.5463 -0.0000 -0.8376
vn -0.7104 -0.0000 -0.7038
vn -0.7726 -0.0000 -0.6349
vn -0.8312 -0.0000 -0.5559
vn -0.9036 -0.0000 -0.4283
vn -0.9564 -0.0000 -0.2922
vn -0.9783 -0.0000 -0.2070
vn -0.9884 -0.0000 -0.1517
vn -0.9934 -0.0000 -0.1143
vn -0.9961 -0.0000 -0.0882
vn -0.9976 -0.0000 -0.0694
vn -0.9985 -0.0000 -0.0556
vn -0.9990 -0.0000 -0.0454
vn -0.9993 -0.0000 -0.0377
vn -0.9995 -0.0000 -0.0319
vn -0.7174 -0.0000 0.6967
vn 0.6855 -0.0000 0.7281
vn 0.9972 -0.0000 0.0742
vn 0.9943 -0.0000 0.1062
vn 0.9893 -0.0000 0.1460
vn 0.9809 -0.0000 0.1945
vn 0.9677 -0.0000 0.2521
vn 0.9478 -0.0000 0.3188
vn 0.9191 -0.0000 0.3941
vn 0.8793 -0.0000 0.4763
vn 0.8268 -0.0000 0.5626
vn 0.7610 -0.0000 0.6487
vn 0.6833 -0.0000 0.7301
vn -0.1345 -0.0000 0.9909
vn -0.8074 -0.0000 0.5900
vn -0.1346 -0.0000 0.9909
vn -0.7797 -0.0000 0.6261
vn -0.7562 -0.0000 0.6544
vn -0.7354 -0.0000 0.6776
vn -0.7164 -0.0000 0.6977
vn -0.6983 -0.0000 0.7158
vn -0.6802 -0.0000 0.7330
vn -0.6615 -0.0000 0.7500
vn -0.6803 -0.0000 0.7330
vn -0.6410 -0.0000 0.7675
vn -0.6176 -0.0000 0.7865
vn -0.5894 -0.0000 0.8079
vn -0.9999 -0.0000 0.0127
vn -0.5973 -0.0000 -0.8020
vn -0.6033 -0.0000 -0.7975
vn -0.6096 -0.0000 -0.7927
vn -0.6160 -0.0000 -0.7877
vn -0.6227 -0.0000 -0.7825
vn -0.6296 -0.0000 -0.7769
vn -0.6227 -0.0000 -0.7824
vn -0.6369 -0.0000 -0.7710
vn -0.6444 -0.0000 -0.7647
vn -0.6523 -0.0000 -0.7580
vn -0.6605 -0.0000 -0.7508
vn -0.6692 -0.0000 -0.7431
vn -0.9098 -0.0000 0.4151
vn 0.1164 -0.0000 0.9932
vn -0.9098 -0.0000 0.4150
vn 0.1160 -0.0000 0.9933
vn 0.1155 -0.0000 0.9933
vn 0.1149 -0.0000 0.9934
vn 0.1142 -0.0000 0.9935
vn 0.1134 -0.0000 0.9935
vn 0.1126 -0.0000 0.9936
vn 0.1116 -0.0000 0.9938
vn 0.1104 -0.0000 0.9939
vn 0.1091 -0.0000 0.9940
vn 0.1075 -0.0000 0.9942
vn -0.6106 -0.0000 0.7919
vn -0.7874 -0.0000 -0.6165
vn -0.6106 -0.0000 0.7920
vn -0.7388 -0.0000 -0.6739
vn -0.6795 -0.0000 0.7337
vn 0.0750 -0.0000 0.9972
vn 0.0721 -0.0000 0.9974
vn 0.0691 -0.0000 0.9976
vn 0.0659 -0.0000 0.9978
vn 0.0626 -0.0000 0.9980
vn 0.0592 -0.0000 0.9982
vn 0.0555 -0.0000 0.9985
vn 0.0517 -0.0000 0.9987
vn 0.0476 -0.0000 0.9989
vn 0.0433 -0.0000 0.9991
vn 0.0387 -0.0000 0.9992
vn -0.6180 -0.0000 0.7861
vn -0.9768 -0.0000 0.2142
vn -0.6181 -0.0000 0.7861
vn -0.9710 -0.0000 0.2392
vn -0.9656 -0.0000 0.2600
vn -0.9606 -0.0000 0.2781
vn -0.9558 -0.0000 0.2942
vn -0.9511 -0.0000 0.3090
vn -0.9558 -0.0000 0.2941
vn -0.9464 -0.0000 0.3231
vn -0.9415 -0.0000 0.3370
vn -0.9363 -0.0000 0.3512
vn -0.9415 -0.0000 0.3371
vn -0.9305 -0.0000 0.3662
vn -0.9239 -0.0000 0.3826
vn -0.8482 -0.0000 -0.5296
vn -0.0574 -0.0000 -0.9984
vn -0.0672 -0.0000 -0.9977
vn -0.0769 -0.0000 -0.9970
vn -0.0868 -0.0000 -0.9962
vn -0.0972 -0.0000 -0.9953
vn -0.1083 -0.0000 -0.9941
vn -0.1206 -0.0000 -0.9927
vn -0.1346 -0.0000 -0.9909
vn -0.1508 -0.0000 -0.9886
vn -0.1704 -0.0000 -0.9854
vn -0.1948 -0.0000 -0.9808
vn 0.3862 -0.0000 -0.9224
vn 0.9224 -0.0000 0.3863
vn 0.1854 -0.0000 0.9827
vn 0.1723 -0.0000 0.9850
vn 0.1609 -0.0000 0.9870
vn 0.1509 -0.0000 0.9885
vn 0.1421 -0.0000 0.9899
vn 0.1344 -0.0000 0.9909
vn 0.1277 -0.0000 0.9918
vn 0.1219 -0.0000 0.9925
vn 0.1169 -0.0000 0.9931
vn 0.7452 -0.0000 0.6668
vn 0.7452 -0.0000 0.6669
vn 0.6693 -0.0000 -0.7430
vn 0.2905 -0.0000 -0.9569
vn 0.6694 -0.0000 -0.7429
vn -0.8528 -0.0000 -0.5223
vn -0.8905 -0.0000 -0.4551
vn -0.9204 -0.0000 -0.3910
vn -0.9435 -0.0000 -0.3314
vn -0.9609 -0.0000 -0.2770
vn -0.9736 -0.0000 -0.2283
vn -0.9827 -0.0000 -0.1853
vn -0.9890 -0.0000 -0.1479
vn -0.9933 -0.0000 -0.1158
vn -0.9961 -0.0000 -0.0887
vn -0.9978 -0.0000 -0.0663
vn -0.7267 -0.0000 0.6870
vn -0.7267 -0.0000 0.6869
vn -0.6979 -0.0000 -0.7162
vn -0.9997 -0.0000 -0.0236
vn -0.9998 -0.0000 -0.0194
vn -0.9999 -0.0000 -0.0156
vn -0.9999 -0.0000 -0.0123
vn -1.0000 -0.0000 -0.0094
vn -1.0000 -0.0000 -0.0069
vn -1.0000 -0.0000 -0.0093
vn -1.0000 -0.0000 -0.0048
vn -1.0000 -0.0000 -0.0068
vn -1.0000 -0.0000 -0.0030
vn -1.0000 -0.0000 -0.0047
vn -1.0000 -0.0000 -0.0017
vn -1.0000 -0.0000 -0.0008
vn -1.0000 -0.0000 -0.0002
vn 0.7075 -0.0000 -0.7067
vt 0.478261 0.000000
vt 0.434783 0.000000
vt 0.391304 0.000000
vt 0.782609 0.000000
vt 0.521739 0.000000
vt 0.739130 0.000000
vt 0.347826 0.000000
vt 0.826087 0.000000
vt 0.695652 0.000000
vt 0.565217 0.000000
vt 0.173913 0.000000
vt 0.130435 0.000000
vt 0.086957 0.000000
vt 0.956522 0.000000
vt 0.043478 0.000000
vt 1.000000 0.000000
vt 0.913043 0.000000
vt 0.217391 0.000000
vt 0.000000 0.000000
vt 0.869565 0.000000
vt 0.304348 0.000000
vt 0.260870 0.000000
vt 0.608696 0.000000
vt 0.652174 0.000000
vt 0.660714 0.000000
vt 0.657143 0.000000
vt 0.653571 0.000000
vt 0.707143 0.000000
vt 0.646429 0.000000
vt 0.642857 0.000000
vt 0.639286 0.000000
vt 0.957143 0.000000
vt 0.953571 0.000000
vt 0.589286 0.000000
vt 0.592857 0.000000
vt 0.985714 0.000000
vt 0.982143 0.000000
vt 0.703571 0.000000
vt 0.650000 0.000000
vt 0.564286 0.000000
vt 0.560714 0.000000
vt 0.557143 0.000000
vt 0.553571 0.000000
vt 0.550000 0.000000
vt 0.664286 0.000000
vt 0.667857 0.000000
vt 0.671429 0.000000
vt 0.675000 0.000000
vt 0.678571 0.000000
vt 0.682143 0.000000
vt 0.685714 0.000000
vt 0.689286 0.000000
vt 0.692857 0.000000
vt 0.696429 0.000000
vt 0.700000 0.000000
vt 0.710714 0.000000
vt 0.635714 0.000000
vt 0.632143 0.000000
vt 0.714286 0.000000
vt 0.628571 0.000000
vt 0.625000 0.000000
vt 0.621429 0.000000
vt 0.617857 0.000000
vt 0.717857 0.000000
vt 0.539286 0.000000
vt 0.567857 0.000000
vt 0.542857 0.000000
vt 0.546429 0.000000
vt 0.532143 0.000000
vt 0.835714 0.000000
vt 0.535714 0.000000
vt 0.971429 0.000000
vt 0.967857 0.000000
vt 0.950000 0.000000
vt 0.975000 0.000000
vt 0.978571 0.000000
vt 0.571429 0.000000
vt 0.832143 0.000000
vt 0.582143 0.000000
vt 0.821429 0.000000
vt 0.585714 0.000000
vt 0.817857 0.000000
vt 0.946429 0.000000
vt 0.614286 0.000000
vt 0.721429 0.000000
vt 0.578571 0.000000
vt 0.575000 0.000000
vt 0.596429 0.000000
vt 0.767857 0.000000
vt 0.735714 0.000000
vt 0.771429 0.000000
vt 0.732143 0.000000
vt 0.778571 0.000000
vt 0.775000 0.000000
vt 0.728571 0.000000
vt 0.785714 0.000000
vt 0.782143 0.000000
vt 0.478571 0.000000
vt 0.471429 0.000000
vt 0.482143 0.000000
vt 0.485714 0.000000
vt 0.467857 0.000000
vt 0.464286 0.000000
vt 0.489286 0.000000
vt 0.457143 0.000000
vt 0.496429 0.000000
vt 0.460714 0.000000
vt 0.492857 0.000000
vt 0.500000 0.000000
vt 0.475000 0.000000
vt 0.807143 0.000000
vt 0.996429 0.000000
vt 0.992857 0.000000
vt 0.764286 0.000000
vt 0.453571 0.000000
vt 0.507143 0.000000
vt 0.503571 0.000000
vt 0.450000 0.000000
vt 0.510714 0.000000
vt 0.753571 0.000000
vt 0.742857 0.000000
vt 0.757143 0.000000
vt 0.739286 0.000000
vt 0.760714 0.000000
vt 0.425000 0.000000
vt 0.421429 0.000000
vt 0.842857 0.000000
vt 0.846429 0.000000
vt 0.435714 0.000000
vt 0.432143 0.000000
vt 0.428571 0.000000
vt 0.439286 0.000000
vt 0.442857 0.000000
vt 0.446429 0.000000
vt 0.514286 0.000000
vt 0.517857 0.000000
vt 0.839286 0.000000
vt 0.750000 0.000000
vt 0.746429 0.000000
vt 0.521429 0.000000
vt 0.528571 0.000000
vt 0.525000 0.000000
vt 0.828571 0.000000
vt 0.825000 0.000000
vt 0.960714 0.000000
vt 0.964286 0.000000
vt 0.989286 0.000000
vt 0.600000 0.000000
vt 0.803571 0.000000
vt 0.610714 0.000000
vt 0.792857 0.000000
vt 0.789286 0.000000
vt 0.725000 0.000000
vt 0.250000 0.000000
vt 0.246429 0.000000
vt 0.260714 0.000000
vt 0.253571 0.000000
vt 0.257143 0.000000
vt 0.860714 0.000000
vt 0.857143 0.000000
vt 0.410714 0.000000
vt 0.407143 0.000000
vt 0.864286 0.000000
vt 0.214286 0.000000
vt 0.210714 0.000000
vt 0.217857 0.000000
vt 0.221429 0.000000
vt 0.225000 0.000000
vt 0.207143 0.000000
vt 0.228571 0.000000
vt 0.282143 0.000000
vt 0.196429 0.000000
vt 0.285714 0.000000
vt 0.200000 0.000000
vt 0.278571 0.000000
vt 0.203571 0.000000
vt 0.275000 0.000000
vt 0.271429 0.000000
vt 0.232143 0.000000
vt 0.235714 0.000000
vt 0.267857 0.000000
vt 0.239286 0.000000
vt 0.242857 0.000000
vt 0.264286 0.000000
vt 0.403571 0.000000
vt 0.867857 0.000000
vt 0.400000 0.000000
vt 0.871429 0.000000
vt 0.875000 0.000000
vt 0.396429 0.000000
vt 0.878571 0.000000
vt 0.392857 0.000000
vt 0.882143 0.000000
vt 0.389286 0.000000
vt 0.885714 0.000000
vt 0.896429 0.000000
vt 0.039286 0.000000
vt 0.900000 0.000000
vt 0.035714 0.000000
vt 0.903571 0.000000
vt 0.032143 0.000000
vt 0.907143 0.000000
vt 0.028571 0.000000
vt 0.910714 0.000000
vt 0.025000 0.000000
vt 0.914286 0.000000
vt 0.021429 0.000000
vt 0.917857 0.000000
vt 0.017857 0.000000
vt 0.921429 0.000000
vt 0.014286 0.000000
vt 0.925000 0.000000
vt 0.010714 0.000000
vt 0.928571 0.000000
vt 0.007143 0.000000
vt 0.932143 0.000000
vt 0.003571 0.000000
vt 0.935714 0.000000
vt 0.939286 0.000000
vt 0.942857 0.000000
vt 0.289286 0.000000
vt 0.192857 0.000000
vt 0.189286 0.000000
vt 0.292857 0.000000
vt 0.296429 0.000000
vt 0.185714 0.000000
vt 0.300000 0.000000
vt 0.307143 0.000000
vt 0.182143 0.000000
vt 0.178571 0.000000
vt 0.310714 0.000000
vt 0.175000 0.000000
vt 0.314286 0.000000
vt 0.317857 0.000000
vt 0.303571 0.000000
vt 0.160714 0.000000
vt 0.157143 0.000000
vt 0.328571 0.000000
vt 0.153571 0.000000
vt 0.332143 0.000000
vt 0.171429 0.000000
vt 0.321429 0.000000
vt 0.167857 0.000000
vt 0.325000 0.000000
vt 0.164286 0.000000
vt 0.100000 0.000000
vt 0.096429 0.000000
vt 0.371429 0.000000
vt 0.375000 0.000000
vt 0.378571 0.000000
vt 0.092857 0.000000
vt 0.382143 0.000000
vt 0.089286 0.000000
vt 0.385714 0.000000
vt 0.085714 0.000000
vt 0.082143 0.000000
vt 0.078571 0.000000
vt 0.075000 0.000000
vt 0.071429 0.000000
vt 0.067857 0.000000
vt 0.064286 0.000000
vt 0.060714 0.000000
vt 0.057143 0.000000
vt 0.053571 0.000000
vt 0.050000 0.000000
vt 0.046429 0.000000
vt 0.042857 0.000000
vt 0.150000 0.000000
vt 0.146429 0.000000
vt 0.142857 0.000000
vt 0.335714 0.000000
vt 0.139286 0.000000
vt 0.135714 0.000000
vt 0.339286 0.000000
vt 0.132143 0.000000
vt 0.128571 0.000000
vt 0.342857 0.000000
vt 0.125000 0.000000
vt 0.346429 0.000000
vt 0.121429 0.000000
vt 0.350000 0.000000
vt 0.117857 0.000000
vt 0.353571 0.000000
vt 0.114286 0.000000
vt 0.357143 0.000000
vt 0.110714 0.000000
vt 0.360714 0.000000
vt 0.107143 0.000000
vt 0.364286 0.000000
vt 0.103571 0.000000
vt 0.367857 0.000000
vt 0.417857 0.000000
vt 0.850000 0.000000
vt 0.414286 0.000000
vt 0.853571 0.000000
vt 0.892857 0.000000
vt 0.889286 0.000000
vt 0.814286 0.000000
vt 0.810714 0.000000
vt 0.800000 0.000000
vt 0.796429 0.000000
vt 0.607143 0.000000
vt 0.603571 0.000000
vt 0.174263 0.000000
vt 0.171582 0.000000
vt 0.184987 0.000000
vt 0.176944 0.000000
vt 0.179625 0.000000
vt 0.182306 0.000000
vt 0.260054 0.000000
vt 0.257373 0.000000
vt 0.254692 0.000000
vt 0.262735 0.000000
vt 0.265416 0.000000
vt 0.246649 0.000000
vt 0.243968 0.000000
vt 0.294906 0.000000
vt 0.249330 0.000000
vt 0.252011 0.000000
vt 0.268097 0.000000
vt 0.270777 0.000000
vt 0.292225 0.000000
vt 0.150134 0.000000
vt 0.147453 0.000000
vt 0.152815 0.000000
vt 0.155496 0.000000
vt 0.158177 0.000000
vt 0.160858 0.000000
vt 0.144772 0.000000
vt 0.163539 0.000000
vt 0.166220 0.000000
vt 0.168901 0.000000
vt 0.142091 0.000000
vt 0.139410 0.000000
vt 0.187668 0.000000
vt 0.136729 0.000000
vt 0.190349 0.000000
vt 0.273458 0.000000
vt 0.276139 0.000000
vt 0.278820 0.000000
vt 0.281501 0.000000
vt 0.284182 0.000000
vt 0.286863 0.000000
vt 0.289544 0.000000
vt 0.297587 0.000000
vt 0.241287 0.000000
vt 0.238606 0.000000
vt 0.235925 0.000000
vt 0.300268 0.000000
vt 0.126005 0.000000
vt 0.123324 0.000000
vt 0.201072 0.000000
vt 0.120643 0.000000
vt 0.203753 0.000000
vt 0.117962 0.000000
vt 0.206434 0.000000
vt 0.209115 0.000000
vt 0.233244 0.000000
vt 0.230563 0.000000
vt 0.227882 0.000000
vt 0.302949 0.000000
vt 0.042895 0.000000
vt 0.109920 0.000000
vt 0.045576 0.000000
vt 0.040214 0.000000
vt 0.032172 0.000000
vt 0.222520 0.000000
vt 0.225201 0.000000
vt 0.029491 0.000000
vt 0.305630 0.000000
vt 0.308311 0.000000
vt 0.310992 0.000000
vt 0.313673 0.000000
vt 0.024129 0.000000
vt 0.021448 0.000000
vt 0.050938 0.000000
vt 0.048257 0.000000
vt 0.026810 0.000000
vt 0.211796 0.000000
vt 0.214477 0.000000
vt 0.134048 0.000000
vt 0.193029 0.000000
vt 0.131367 0.000000
vt 0.195710 0.000000
vt 0.128686 0.000000
vt 0.198391 0.000000
vt 0.219839 0.000000
vt 0.217158 0.000000
vt 0.010724 0.000000
vt 0.008043 0.000000
vt 0.319035 0.000000
vt 0.005362 0.000000
vt 0.321716 0.000000
vt 0.919571 0.000000
vt 0.916890 0.000000
vt 0.935657 0.000000
vt 0.922252 0.000000
vt 0.924933 0.000000
vt 0.927614 0.000000
vt 0.930295 0.000000
vt 0.932976 0.000000
vt 0.080429 0.000000
vt 0.077748 0.000000
vt 0.075067 0.000000
vt 0.083110 0.000000
vt 0.085791 0.000000
vt 0.072386 0.000000
vt 0.088472 0.000000
vt 0.069705 0.000000
vt 0.091153 0.000000
vt 0.067024 0.000000
vt 0.093834 0.000000
vt 0.064343 0.000000
vt 0.002681 0.000000
vt 0.324397 0.000000
vt 0.581769 0.000000
vt 0.597855 0.000000
vt 0.584450 0.000000
vt 0.587131 0.000000
vt 0.458445 0.000000
vt 0.439678 0.000000
vt 0.436997 0.000000
vt 0.442359 0.000000
vt 0.445040 0.000000
vt 0.774799 0.000000
vt 0.796247 0.000000
vt 0.777480 0.000000
vt 0.898123 0.000000
vt 0.941019 0.000000
vt 0.938338 0.000000
vt 0.423593 0.000000
vt 0.420912 0.000000
vt 0.426273 0.000000
vt 0.428954 0.000000
vt 0.431635 0.000000
vt 0.903485 0.000000
vt 0.900804 0.000000
vt 0.906166 0.000000
vt 0.780161 0.000000
vt 0.782842 0.000000
vt 0.785523 0.000000
vt 0.788204 0.000000
vt 0.790885 0.000000
vt 0.793566 0.000000
vt 0.603217 0.000000
vt 0.600536 0.000000
vt 0.573727 0.000000
vt 0.576407 0.000000
vt 0.579088 0.000000
vt 0.434316 0.000000
vt 0.418231 0.000000
vt 0.461126 0.000000
vt 0.908847 0.000000
vt 0.911528 0.000000
vt 0.914209 0.000000
vt 0.589812 0.000000
vt 0.592493 0.000000
vt 0.595174 0.000000
vt 0.447721 0.000000
vt 0.450402 0.000000
vt 0.453083 0.000000
vt 0.455764 0.000000
vt 0.096515 0.000000
vt 0.061662 0.000000
vt 0.099196 0.000000
vt 0.101877 0.000000
vt 0.058981 0.000000
vt 0.104558 0.000000
vt 0.056300 0.000000
vt 0.107239 0.000000
vt 0.053619 0.000000
vt 0.037534 0.000000
vt 0.034853 0.000000
vt 0.018767 0.000000
vt 0.316354 0.000000
vt 0.016086 0.000000
vt 0.013405 0.000000
vt 0.895442 0.000000
vt 0.949062 0.000000
vt 0.946381 0.000000
vt 0.557641 0.000000
vt 0.613941 0.000000
vt 0.611260 0.000000
vt 0.943700 0.000000
vt 0.798928 0.000000
vt 0.756032 0.000000
vt 0.753351 0.000000
vt 0.608579 0.000000
vt 0.560322 0.000000
vt 0.463807 0.000000
vt 0.412869 0.000000
vt 0.410188 0.000000
vt 0.407507 0.000000
vt 0.466488 0.000000
vt 0.804290 0.000000
vt 0.747989 0.000000
vt 0.745308 0.000000
vt 0.554960 0.000000
vt 0.619303 0.000000
vt 0.616622 0.000000
vt 0.654155 0.000000
vt 0.651475 0.000000
vt 0.662198 0.000000
vt 0.750670 0.000000
vt 0.801609 0.000000
vt 0.404826 0.000000
vt 0.402145 0.000000
vt 0.469169 0.000000
vt 0.399464 0.000000
vt 0.396783 0.000000
vt 0.471850 0.000000
vt 0.890080 0.000000
vt 0.959786 0.000000
vt 0.957105 0.000000
vt 0.954424 0.000000
vt 0.892761 0.000000
vt 0.983914 0.000000
vt 0.670241 0.000000
vt 0.986595 0.000000
vt 0.667560 0.000000
vt 0.989276 0.000000
vt 0.664879 0.000000
vt 0.991957 0.000000
vt 0.737265 0.000000
vt 0.734584 0.000000
vt 0.809651 0.000000
vt 0.624665 0.000000
vt 0.621984 0.000000
vt 0.552279 0.000000
vt 0.627346 0.000000
vt 0.632708 0.000000
vt 0.630027 0.000000
vt 0.345845 0.000000
vt 0.343164 0.000000
vt 0.635389 0.000000
vt 0.340483 0.000000
vt 0.638070 0.000000
vt 0.337802 0.000000
vt 0.640751 0.000000
vt 0.335121 0.000000
vt 0.951743 0.000000
vt 0.994638 0.000000
vt 0.742627 0.000000
vt 0.806971 0.000000
vt 0.739946 0.000000
vt 0.643432 0.000000
vt 0.332440 0.000000
vt 0.646113 0.000000
vt 0.329759 0.000000
vt 0.648794 0.000000
vt 0.327078 0.000000
vt 0.394102 0.000000
vt 0.391421 0.000000
vt 0.474531 0.000000
vt 0.477212 0.000000
vt 0.965147 0.000000
vt 0.962466 0.000000
vt 0.887399 0.000000
vt 0.694370 0.000000
vt 0.691689 0.000000
vt 0.689008 0.000000
vt 0.967828 0.000000
vt 0.686327 0.000000
vt 0.970509 0.000000
vt 0.683646 0.000000
vt 0.973190 0.000000
vt 0.680965 0.000000
vt 0.817694 0.000000
vt 0.729223 0.000000
vt 0.860590 0.000000
vt 0.820375 0.000000
vt 0.857909 0.000000
vt 0.356568 0.000000
vt 0.549598 0.000000
vt 0.546917 0.000000
vt 0.359249 0.000000
vt 0.375335 0.000000
vt 0.372654 0.000000
vt 0.541555 0.000000
vt 0.865952 0.000000
vt 0.871314 0.000000
vt 0.868633 0.000000
vt 0.863271 0.000000
vt 0.873995 0.000000
vt 0.723861 0.000000
vt 0.726542 0.000000
vt 0.528150 0.000000
vt 0.533512 0.000000
vt 0.530831 0.000000
vt 0.707775 0.000000
vt 0.879357 0.000000
vt 0.876676 0.000000
vt 0.710456 0.000000
vt 0.713137 0.000000
vt 0.715818 0.000000
vt 0.718499 0.000000
vt 0.721180 0.000000
vt 0.388740 0.000000
vt 0.386059 0.000000
vt 0.536193 0.000000
vt 0.525469 0.000000
vt 0.699732 0.000000
vt 0.697051 0.000000
vt 0.882038 0.000000
vt 0.702413 0.000000
vt 0.705094 0.000000
vt 0.538874 0.000000
vt 0.378016 0.000000
vt 0.380697 0.000000
vt 0.383378 0.000000
vt 0.884718 0.000000
vt 0.855228 0.000000
vt 0.852547 0.000000
vt 0.823056 0.000000
vt 0.849866 0.000000
vt 0.847185 0.000000
vt 0.844504 0.000000
vt 0.841823 0.000000
vt 0.825737 0.000000
vt 0.839142 0.000000
vt 0.836461 0.000000
vt 0.833780 0.000000
vt 0.831099 0.000000
vt 0.544236 0.000000
vt 0.361930 0.000000
vt 0.364611 0.000000
vt 0.367292 0.000000
vt 0.369973 0.000000
vt 0.975871 0.000000
vt 0.678284 0.000000
vt 0.978552 0.000000
vt 0.675603 0.000000
vt 0.981233 0.000000
vt 0.672922 0.000000
vt 0.731903 0.000000
vt 0.812332 0.000000
vt 0.815013 0.000000
vt 0.353887 0.000000
vt 0.351206 0.000000
vt 0.348525 0.000000
vt 0.522788 0.000000
vt 0.479893 0.000000
vt 0.520107 0.000000
vt 0.482574 0.000000
vt 0.517426 0.000000
vt 0.514745 0.000000
vt 0.512064 0.000000
vt 0.485255 0.000000
vt 0.509383 0.000000
vt 0.506702 0.000000
vt 0.504021 0.000000
vt 0.487936 0.000000
vt 0.501341 0.000000
vt 0.498660 0.000000
vt 0.495979 0.000000
vt 0.493298 0.000000
vt 0.490617 0.000000
vt 0.764075 0.000000
vt 0.761394 0.000000
vt 0.758713 0.000000
vt 0.766756 0.000000
vt 0.769437 0.000000
vt 0.772118 0.000000
vt 0.565684 0.000000
vt 0.563003 0.000000
vt 0.568365 0.000000
vt 0.571046 0.000000
vt 0.605898 0.000000
vt 0.415550 0.000000
vt 0.115281 0.000000
vt 0.112601 0.000000
vt 0.656836 0.000000
vt 0.659517 0.000000
vt 0.997319 0.000000
vt 0.828418 0.000000
vt 0.008197 1.000000
vt 0.000000 1.000000
vt 0.016393 1.000000
vt 0.008197 0.000000
vt 0.024590 1.000000
vt 0.016393 0.000000
vt 0.032787 1.000000
vt 0.024590 0.000000
vt 0.040984 1.000000
vt 0.032787 0.000000
vt 0.049180 1.000000
vt 0.040984 0.000000
vt 0.057377 1.000000
vt 0.049180 0.000000
vt 0.065574 1.000000
vt 0.057377 0.000000
vt 0.073770 1.000000
vt 0.065574 0.000000
vt 0.081967 1.000000
vt 0.073770 0.000000
vt 0.090164 1.000000
vt 0.081967 0.000000
vt 0.098361 1.000000
vt 0.090164 0.000000
vt 0.106557 1.000000
vt 0.098361 0.000000
vt 0.114754 1.000000
vt 0.106557 0.000000
vt 0.122951 1.000000
vt 0.114754 0.000000
vt 0.131148 1.000000
vt 0.122951 0.000000
vt 0.139344 1.000000
vt 0.131148 0.000000
vt 0.147541 1.000000
vt 0.139344 0.000000
vt 0.155738 1.000000
vt 0.147541 0.000000
vt 0.163934 1.000000
vt 0.155738 0.000000
vt 0.172131 1.000000
vt 0.163934 0.000000
vt 0.180328 1.000000
vt 0.172131 0.000000
vt 0.188525 1.000000
vt 0.180328 0.000000
vt 0.196721 1.000000
vt 0.188525 0.000000
vt 0.204918 1.000000
vt 0.196721 0.000000
vt 0.213115 1.000000
vt 0.204918 0.000000
vt 0.221311 1.000000
vt 0.213115 0.000000
vt 0.229508 1.000000
vt 0.221311 0.000000
vt 0.237705 1.000000
vt 0.229508 0.000000
vt 0.245902 1.000000
vt 0.237705 0.000000
vt 0.254098 1.000000
vt 0.245902 0.000000
vt 0.262295 1.000000
vt 0.254098 0.000000
vt 0.270492 1.000000
vt 0.262295 0.000000
vt 0.278689 1.000000
vt 0.270492 0.000000
vt 0.286885 1.000000
vt 0.278689 0.000000
vt 0.295082 1.000000
vt 0.286885 0.000000
vt 0.303279 1.000000
vt 0.295082 0.000000
vt 0.311475 1.000000
vt 0.303279 0.000000
vt 0.319672 1.000000
vt 0.311475 0.000000
vt 0.327869 1.000000
vt 0.319672 0.000000
vt 0.336066 1.000000
vt 0.327869 0.000000
vt 0.344262 1.000000
vt 0.336066 0.000000
vt 0.352459 1.000000
vt 0.344262 0.000000
vt 0.360656 1.000000
vt 0.352459 0.000000
vt 0.368852 1.000000
vt 0.360656 0.000000
vt 0.377049 1.000000
vt 0.368852 0.000000
vt 0.385246 1.000000
vt 0.377049 0.000000
vt 0.393443 1.000000
vt 0.385246 0.000000
vt 0.401639 1.000000
vt 0.393443 0.000000
vt 0.409836 1.000000
vt 0.401639 0.000000
vt 0.418033 1.000000
vt 0.409836 0.000000
vt 0.426230 1.000000
vt 0.418033 0.000000
vt 0.434426 1.000000
vt 0.426230 0.000000
vt 0.442623 1.000000
vt 0.434426 0.000000
vt 0.450820 1.000000
vt 0.442623 0.000000
vt 0.459016 1.000000
vt 0.450820 0.000000
vt 0.467213 1.000000
vt 0.459016 0.000000
vt 0.475410 1.000000
vt 0.467213 0.000000
vt 0.483607 1.000000
vt 0.475410 0.000000
vt 0.491803 1.000000
vt 0.483607 0.000000
vt 0.500000 1.000000
vt 0.491803 0.000000
vt 0.508197 1.000000
vt 0.516393 1.000000
vt 0.508197 0.000000
vt 0.524590 1.000000
vt 0.516393 0.000000
vt 0.532787 1.000000
vt 0.524590 0.000000
vt 0.540984 1.000000
vt 0.532787 0.000000
vt 0.549180 1.000000
vt 0.540984 0.000000
vt 0.557377 1.000000
vt 0.549180 0.000000
vt 0.565574 1.000000
vt 0.557377 0.000000
vt 0.573770 1.000000
vt 0.565574 0.000000
vt 0.581967 1.000000
vt 0.573770 0.000000
vt 0.590164 1.000000
vt 0.581967 0.000000
vt 0.598361 1.000000
vt 0.590164 0.000000
vt 0.606557 1.000000
vt 0.598361 0.000000
vt 0.614754 1.000000
vt 0.606557 0.000000
vt 0.622951 1.000000
vt 0.614754 0.000000
vt 0.631148 1.000000
vt 0.622951 0.000000
vt 0.639344 1.000000
vt 0.631148 0.000000
vt 0.647541 1.000000
vt 0.639344 0.000000
vt 0.655738 1.000000
vt 0.647541 0.000000
vt 0.663934 1.000000
vt 0.655738 0.000000
vt 0.672131 1.000000
vt 0.663934 0.000000
vt 0.680328 1.000000
vt 0.672131 0.000000
vt 0.688525 1.000000
vt 0.680328 0.000000
vt 0.696721 1.000000
vt 0.688525 0.000000
vt 0.704918 1.000000
vt 0.696721 0.000000
vt 0.713115 1.000000
vt 0.704918 0.000000
vt 0.721311 1.000000
vt 0.713115 0.000000
vt 0.729508 1.000000
vt 0.721311 0.000000
vt 0.737705 1.000000
vt 0.729508 0.000000
vt 0.745902 1.000000
vt 0.737705 0.000000
vt 0.754098 1.000000
vt 0.745902 0.000000
vt 0.762295 1.000000
vt 0.754098 0.000000
vt 0.770492 1.000000
vt 0.762295 0.000000
vt 0.778689 1.000000
vt 0.770492 0.000000
vt 0.786885 1.000000
vt 0.778689 0.000000
vt 0.795082 1.000000
vt 0.786885 0.000000
vt 0.803279 1.000000
vt 0.795082 0.000000
vt 0.811475 1.000000
vt 0.803279 0.000000
vt 0.819672 1.000000
vt 0.811475 0.000000
vt 0.827869 1.000000
vt 0.819672 0.000000
vt 0.836066 1.000000
vt 0.827869 0.000000
vt 0.844262 1.000000
vt 0.836066 0.000000
vt 0.852459 1.000000
vt 0.844262 0.000000
vt 0.860656 1.000000
vt 0.852459 0.000000
vt 0.868852 1.000000
vt 0.860656 0.000000
vt 0.877049 1.000000
vt 0.868852 0.000000
vt 0.885246 1.000000
vt 0.877049 0.000000
vt 0.893443 1.000000
vt 0.885246 0.000000
vt 0.901639 1.000000
vt 0.893443 0.000000
vt 0.909836 1.000000
vt 0.901639 0.000000
vt 0.918033 1.000000
vt 0.909836 0.000000
vt 0.926230 1.000000
vt 0.918033 0.000000
vt 0.934426 1.000000
vt 0.926230 0.000000
vt 0.942623 1.000000
vt 0.934426 0.000000
vt 0.950820 1.000000
vt 0.942623 0.000000
vt 0.959016 1.000000
vt 0.950820 0.000000
vt 0.967213 1.000000
vt 0.959016 0.000000
vt 0.975410 1.000000
vt 0.967213 0.000000
vt 0.983607 1.000000
vt 0.975410 0.000000
vt 0.991803 1.000000
vt 0.983607 0.000000
vt 1.000000 1.000000
vt 0.991803 0.000000
vt 0.007937 1.000000
vt 0.015873 1.000000
vt 0.007937 0.000000
vt 0.023810 1.000000
vt 0.015873 0.000000
vt 0.031746 1.000000
vt 0.023810 0.000000
vt 0.039683 1.000000
vt 0.031746 0.000000
vt 0.047619 1.000000
vt 0.039683 0.000000
vt 0.055556 1.000000
vt 0.047619 0.000000
vt 0.063492 1.000000
vt 0.055556 0.000000
vt 0.071429 1.000000
vt 0.063492 0.000000
vt 0.079365 1.000000
vt 0.087302 1.000000
vt 0.079365 0.000000
vt 0.095238 1.000000
vt 0.087302 0.000000
vt 0.103175 1.000000
vt 0.095238 0.000000
vt 0.111111 1.000000
vt 0.103175 0.000000
vt 0.119048 1.000000
vt 0.111111 0.000000
vt 0.126984 1.000000
vt 0.119048 0.000000
vt 0.134921 1.000000
vt 0.126984 0.000000
vt 0.142857 1.000000
vt 0.134921 0.000000
vt 0.150794 1.000000
vt 0.158730 1.000000
vt 0.150794 0.000000
vt 0.166667 1.000000
vt 0.158730 0.000000
vt 0.174603 1.000000
vt 0.166667 0.000000
vt 0.182540 1.000000
vt 0.174603 0.000000
vt 0.190476 1.000000
vt 0.182540 0.000000
vt 0.198413 1.000000
vt 0.190476 0.000000
vt 0.206349 1.000000
vt 0.198413 0.000000
vt 0.214286 1.000000
vt 0.206349 0.000000
vt 0.222222 1.000000
vt 0.230159 1.000000
vt 0.222222 0.000000
vt 0.238095 1.000000
vt 0.230159 0.000000
vt 0.246032 1.000000
vt 0.238095 0.000000
vt 0.253968 1.000000
vt 0.246032 0.000000
vt 0.261905 1.000000
vt 0.253968 0.000000
vt 0.269841 1.000000
vt 0.261905 0.000000
vt 0.277778 1.000000
vt 0.269841 0.000000
vt 0.285714 1.000000
vt 0.277778 0.000000
vt 0.293651 1.000000
vt 0.301587 1.000000
vt 0.293651 0.000000
vt 0.309524 1.000000
vt 0.301587 0.000000
vt 0.317460 1.000000
vt 0.309524 0.000000
vt 0.325397 1.000000
vt 0.317460 0.000000
vt 0.333333 1.000000
vt 0.325397 0.000000
vt 0.341270 1.000000
vt 0.333333 0.000000
vt 0.349206 1.000000
vt 0.341270 0.000000
vt 0.357143 1.000000
vt 0.349206 0.000000
vt 0.365079 1.000000
vt 0.373016 1.000000
vt 0.365079 0.000000
vt 0.380952 1.000000
vt 0.373016 0.000000
vt 0.388889 1.000000
vt 0.380952 0.000000
vt 0.396825 1.000000
vt 0.388889 0.000000
vt 0.404762 1.000000
vt 0.396825 0.000000
vt 0.412698 1.000000
vt 0.404762 0.000000
vt 0.420635 1.000000
vt 0.412698 0.000000
vt 0.428571 1.000000
vt 0.420635 0.000000
vt 0.436508 1.000000
vt 0.444444 1.000000
vt 0.436508 0.000000
vt 0.452381 1.000000
vt 0.444444 0.000000
vt 0.460317 1.000000
vt 0.452381 0.000000
vt 0.468254 1.000000
vt 0.460317 0.000000
vt 0.476190 1.000000
vt 0.468254 0.000000
vt 0.484127 1.000000
vt 0.476190 0.000000
vt 0.492063 1.000000
vt 0.484127 0.000000
vt 0.492063 0.000000
vt 0.507937 1.000000
vt 0.515873 1.000000
vt 0.507937 0.000000
vt 0.523810 1.000000
vt 0.515873 0.000000
vt 0.531746 1.000000
vt 0.523810 0.000000
vt 0.539683 1.000000
vt 0.531746 0.000000
vt 0.547619 1.000000
vt 0.539683 0.000000
vt 0.555556 1.000000
vt 0.547619 0.000000
vt 0.563492 1.000000
vt 0.555556 0.000000
vt 0.571429 1.000000
vt 0.563492 0.000000
vt 0.579365 1.000000
vt 0.587302 1.000000
vt 0.579365 0.000000
vt 0.595238 1.000000
vt 0.587302 0.000000
vt 0.603175 1.000000
vt 0.595238 0.000000
vt 0.611111 1.000000
vt 0.603175 0.000000
vt 0.619048 1.000000
vt 0.611111 0.000000
vt 0.626984 1.000000
vt 0.619048 0.000000
vt 0.634921 1.000000
vt 0.626984 0.000000
vt 0.642857 1.000000
vt 0.634921 0.000000
vt 0.650794 1.000000
vt 0.658730 1.000000
vt 0.650794 0.000000
vt 0.666667 1.000000
vt 0.658730 0.000000
vt 0.674603 1.000000
vt 0.666667 0.000000
vt 0.682540 1.000000
vt 0.674603 0.000000
vt 0.690476 1.000000
vt 0.682540 0.000000
vt 0.698413 1.000000
vt 0.690476 0.000000
vt 0.706349 1.000000
vt 0.698413 0.000000
vt 0.714286 1.000000
vt 0.706349 0.000000
vt 0.722222 1.000000
vt 0.730159 1.000000
vt 0.722222 0.000000
vt 0.738095 1.000000
vt 0.730159 0.000000
vt 0.746032 1.000000
vt 0.738095 0.000000
vt 0.753968 1.000000
vt 0.746032 0.000000
vt 0.761905 1.000000
vt 0.753968 0.000000
vt 0.769841 1.000000
vt 0.761905 0.000000
vt 0.777778 1.000000
vt 0.769841 0.000000
vt 0.785714 1.000000
vt 0.777778 0.000000
vt 0.793651 1.000000
vt 0.801587 1.000000
vt 0.793651 0.000000
vt 0.809524 1.000000
vt 0.801587 0.000000
vt 0.817460 1.000000
vt 0.809524 0.000000
vt 0.825397 1.000000
vt 0.817460 0.000000
vt 0.833333 1.000000
vt 0.825397 0.000000
vt 0.841270 1.000000
vt 0.833333 0.000000
vt 0.849206 1.000000
vt 0.841270 0.000000
vt 0.857143 1.000000
vt 0.849206 0.000000
vt 0.865079 1.000000
vt 0.873016 1.000000
vt 0.865079 0.000000
vt 0.880952 1.000000
vt 0.873016 0.000000
vt 0.888889 1.000000
vt 0.880952 0.000000
vt 0.896825 1.000000
vt 0.888889 0.000000
vt 0.904762 1.000000
vt 0.896825 0.000000
vt 0.912698 1.000000
vt 0.904762 0.000000
vt 0.920635 1.000000
vt 0.912698 0.000000
vt 0.928571 1.000000
vt 0.920635 0.000000
vt 0.936508 1.000000
vt 0.944444 1.000000
vt 0.936508 0.000000
vt 0.952381 1.000000
vt 0.944444 0.000000
vt 0.960317 1.000000
vt 0.952381 0.000000
vt 0.968254 1.000000
vt 0.960317 0.000000
vt 0.976190 1.000000
vt 0.968254 0.000000
vt 0.984127 1.000000
vt 0.976190 0.000000
vt 0.992063 1.000000
vt 0.984127 0.000000
vt 0.992063 0.000000
vt 0.003774 1.000000
vt 0.007547 1.000000
vt 0.003774 0.000000
vt 0.011321 1.000000
vt 0.007547 0.000000
vt 0.015094 1.000000
vt 0.011321 0.000000
vt 0.018868 1.000000
vt 0.015094 0.000000
vt 0.022642 1.000000
vt 0.018868 0.000000
vt 0.026415 1.000000
vt 0.022642 0.000000
vt 0.030189 1.000000
vt 0.026415 0.000000
vt 0.033962 1.000000
vt 0.030189 0.000000
vt 0.037736 1.000000
vt 0.033962 0.000000
vt 0.041509 1.000000
vt 0.037736 0.000000
vt 0.045283 1.000000
vt 0.041509 0.000000
vt 0.049057 1.000000
vt 0.045283 0.000000
vt 0.052830 1.000000
vt 0.049057 0.000000
vt 0.056604 1.000000
vt 0.052830 0.000000
vt 0.060377 1.000000
vt 0.056604 0.000000
vt 0.064151 1.000000
vt 0.060377 0.000000
vt 0.067925 1.000000
vt 0.064151 0.000000
vt 0.071698 1.000000
vt 0.067925 0.000000
vt 0.075472 1.000000
vt 0.071698 0.000000
vt 0.079245 1.000000
vt 0.075472 0.000000
vt 0.083019 1.000000
vt 0.079245 0.000000
vt 0.086792 1.000000
vt 0.083019 0.000000
vt 0.090566 1.000000
vt 0.086792 0.000000
vt 0.094340 1.000000
vt 0.090566 0.000000
vt 0.098113 1.000000
vt 0.094340 0.000000
vt 0.101887 1.000000
vt 0.098113 0.000000
vt 0.105660 1.000000
vt 0.101887 0.000000
vt 0.109434 1.000000
vt 0.105660 0.000000
vt 0.113208 1.000000
vt 0.109434 0.000000
vt 0.116981 1.000000
vt 0.113208 0.000000
vt 0.120755 1.000000
vt 0.116981 0.000000
vt 0.124528 1.000000
vt 0.120755 0.000000
vt 0.128302 1.000000
vt 0.124528 0.000000
vt 0.132075 1.000000
vt 0.128302 0.000000
vt 0.135849 1.000000
vt 0.132075 0.000000
vt 0.139623 1.000000
vt 0.135849 0.000000
vt 0.143396 1.000000
vt 0.139623 0.000000
vt 0.147170 1.000000
vt 0.143396 0.000000
vt 0.150943 1.000000
vt 0.147170 0.000000
vt 0.154717 1.000000
vt 0.150943 0.000000
vt 0.158491 1.000000
vt 0.154717 0.000000
vt 0.162264 1.000000
vt 0.158491 0.000000
vt 0.166038 1.000000
vt 0.162264 0.000000
vt 0.169811 1.000000
vt 0.166038 0.000000
vt 0.173585 1.000000
vt 0.169811 0.000000
vt 0.177358 1.000000
vt 0.173585 0.000000
vt 0.181132 1.000000
vt 0.177358 0.000000
vt 0.184906 1.000000
vt 0.181132 0.000000
vt 0.188679 1.000000
vt 0.184906 0.000000
vt 0.192453 1.000000
vt 0.188679 0.000000
vt 0.196226 1.000000
vt 0.192453 0.000000
vt 0.200000 1.000000
vt 0.196226 0.000000
vt 0.203774 1.000000
vt 0.207547 1.000000
vt 0.203774 0.000000
vt 0.211321 1.000000
vt 0.207547 0.000000
vt 0.215094 1.000000
vt 0.211321 0.000000
vt 0.218868 1.000000
vt 0.215094 0.000000
vt 0.222642 1.000000
vt 0.218868 0.000000
vt 0.226415 1.000000
vt 0.222642 0.000000
vt 0.230189 1.000000
vt 0.226415 0.000000
vt 0.233962 1.000000
vt 0.230189 0.000000
vt 0.237736 1.000000
vt 0.233962 0.000000
vt 0.241509 1.000000
vt 0.237736 0.000000
vt 0.245283 1.000000
vt 0.241509 0.000000
vt 0.249057 1.000000
vt 0.245283 0.000000
vt 0.252830 1.000000
vt 0.249057 0.000000
vt 0.256604 1.000000
vt 0.252830 0.000000
vt 0.260377 1.000000
vt 0.256604 0.000000
vt 0.264151 1.000000
vt 0.260377 0.000000
vt 0.267925 1.000000
vt 0.264151 0.000000
vt 0.271698 1.000000
vt 0.267925 0.000000
vt 0.275472 1.000000
vt 0.271698 0.000000
vt 0.279245 1.000000
vt 0.275472 0.000000
vt 0.283019 1.000000
vt 0.279245 0.000000
vt 0.286792 1.000000
vt 0.283019 0.000000
vt 0.290566 1.000000
vt 0.286792 0.000000
vt 0.294340 1.000000
vt 0.290566 0.000000
vt 0.298113 1.000000
vt 0.294340 0.000000
vt 0.301887 1.000000
vt 0.298113 0.000000
vt 0.305660 1.000000
vt 0.301887 0.000000
vt 0.309434 1.000000
vt 0.305660 0.000000
vt 0.313208 1.000000
vt 0.309434 0.000000
vt 0.316981 1.000000
vt 0.313208 0.000000
vt 0.320755 1.000000
vt 0.316981 0.000000
vt 0.324528 1.000000
vt 0.320755 0.000000
vt 0.328302 1.000000
vt 0.324528 0.000000
vt 0.332075 1.000000
vt 0.328302 0.000000
vt 0.335849 1.000000
vt 0.332075 0.000000
vt 0.339623 1.000000
vt 0.335849 0.000000
vt 0.343396 1.000000
vt 0.339623 0.000000
vt 0.347170 1.000000
vt 0.343396 0.000000
vt 0.350943 1.000000
vt 0.347170 0.000000
vt 0.354717 1.000000
vt 0.350943 0.000000
vt 0.358491 1.000000
vt 0.354717 0.000000
vt 0.362264 1.000000
vt 0.358491 0.000000
vt 0.366038 1.000000
vt 0.362264 0.000000
vt 0.369811 1.000000
vt 0.366038 0.000000
vt 0.373585 1.000000
vt 0.369811 0.000000
vt 0.377358 1.000000
vt 0.373585 0.000000
vt 0.381132 1.000000
vt 0.377358 0.000000
vt 0.384906 1.000000
vt 0.381132 0.000000
vt 0.388679 1.000000
vt 0.384906 0.000000
vt 0.392453 1.000000
vt 0.388679 0.000000
vt 0.396226 1.000000
vt 0.392453 0.000000
vt 0.400000 1.000000
vt 0.396226 0.000000
vt 0.403774 1.000000
vt 0.407547 1.000000
vt 0.403774 0.000000
vt 0.411321 1.000000
vt 0.407547 0.000000
vt 0.415094 1.000000
vt 0.411321 0.000000
vt 0.418868 1.000000
vt 0.415094 0.000000
vt 0.422642 1.000000
vt 0.418868 0.000000
vt 0.426415 1.000000
vt 0.422642 0.000000
vt 0.430189 1.000000
vt 0.426415 0.000000
vt 0.433962 1.000000
vt 0.430189 0.000000
vt 0.437736 1.000000
vt 0.433962 0.000000
vt 0.441509 1.000000
vt 0.437736 0.000000
vt 0.445283 1.000000
vt 0.441509 0.000000
vt 0.449057 1.000000
vt 0.445283 0.000000
vt 0.452830 1.000000
vt 0.449057 0.000000
vt 0.456604 1.000000
vt 0.452830 0.000000
vt 0.460377 1.000000
vt 0.456604 0.000000
vt 0.464151 1.000000
vt 0.460377 0.000000
vt 0.467925 1.000000
vt 0.464151 0.000000
vt 0.471698 1.000000
vt 0.467925 0.000000
vt 0.475472 1.000000
vt 0.471698 0.000000
vt 0.479245 1.000000
vt 0.475472 0.000000
vt 0.483019 1.000000
vt 0.479245 0.000000
vt 0.486792 1.000000
vt 0.483019 0.000000
vt 0.490566 1.000000
vt 0.486792 0.000000
vt 0.494340 1.000000
vt 0.490566 0.000000
vt 0.498113 1.000000
vt 0.494340 0.000000
vt 0.501887 1.000000
vt 0.498113 0.000000
vt 0.505660 1.000000
vt 0.501887 0.000000
vt 0.509434 1.000000
vt 0.505660 0.000000
vt 0.513208 1.000000
vt 0.509434 0.000000
vt 0.516981 1.000000
vt 0.513208 0.000000
vt 0.520755 1.000000
vt 0.516981 0.000000
vt 0.524528 1.000000
vt 0.520755 0.000000
vt 0.528302 1.000000
vt 0.524528 0.000000
vt 0.532075 1.000000
vt 0.528302 0.000000
vt 0.535849 1.000000
vt 0.532075 0.000000
vt 0.539623 1.000000
vt 0.535849 0.000000
vt 0.543396 1.000000
vt 0.539623 0.000000
vt 0.547170 1.000000
vt 0.543396 0.000000
vt 0.550943 1.000000
vt 0.547170 0.000000
vt 0.554717 1.000000
vt 0.550943 0.000000
vt 0.558491 1.000000
vt 0.554717 0.000000
vt 0.562264 1.000000
vt 0.558491 0.000000
vt 0.566038 1.000000
vt 0.562264 0.000000
vt 0.569811 1.000000
vt 0.566038 0.000000
vt 0.573585 1.000000
vt 0.569811 0.000000
vt 0.577358 1.000000
vt 0.573585 0.000000
vt 0.581132 1.000000
vt 0.577358 0.000000
vt 0.584906 1.000000
vt 0.581132 0.000000
vt 0.588679 1.000000
vt 0.584906 0.000000
vt 0.592453 1.000000
vt 0.588679 0.000000
vt 0.596226 1.000000
vt 0.592453 0.000000
vt 0.600000 1.000000
vt 0.596226 0.000000
vt 0.603774 1.000000
vt 0.607547 1.000000
vt 0.603774 0.000000
vt 0.611321 1.000000
vt 0.607547 0.000000
vt 0.615094 1.000000
vt 0.611321 0.000000
vt 0.618868 1.000000
vt 0.615094 0.000000
vt 0.622642 1.000000
vt 0.618868 0.000000
vt 0.626415 1.000000
vt 0.622642 0.000000
vt 0.630189 1.000000
vt 0.626415 0.000000
vt 0.633962 1.000000
vt 0.630189 0.000000
vt 0.637736 1.000000
vt 0.633962 0.000000
vt 0.641509 1.000000
vt 0.637736 0.000000
vt 0.645283 1.000000
vt 0.641509 0.000000
vt 0.649057 1.000000
vt 0.645283 0.000000
vt 0.652830 1.000000
vt 0.649057 0.000000
vt 0.656604 1.000000
vt 0.652830 0.000000
vt 0.660377 1.000000
vt 0.656604 0.000000
vt 0.664151 1.000000
vt 0.660377 0.000000
vt 0.667925 1.000000
vt 0.664151 0.000000
vt 0.671698 1.000000
vt 0.667925 0.000000
vt 0.675472 1.000000
vt 0.671698 0.000000
vt 0.679245 1.000000
vt 0.675472 0.000000
vt 0.683019 1.000000
vt 0.679245 0.000000
vt 0.686792 1.000000
vt 0.683019 0.000000
vt 0.690566 1.000000
vt 0.686792 0.000000
vt 0.694340 1.000000
vt 0.690566 0.000000
vt 0.698113 1.000000
vt 0.694340 0.000000
vt 0.701887 1.000000
vt 0.698113 0.000000
vt 0.705660 1.000000
vt 0.701887 0.000000
vt 0.709434 1.000000
vt 0.705660 0.000000
vt 0.713208 1.000000
vt 0.709434 0.000000
vt 0.716981 1.000000
vt 0.713208 0.000000
vt 0.720755 1.000000
vt 0.716981 0.000000
vt 0.724528 1.000000
vt 0.720755 0.000000
vt 0.728302 1.000000
vt 0.724528 0.000000
vt 0.732075 1.000000
vt 0.728302 0.000000
vt 0.735849 1.000000
vt 0.732075 0.000000
vt 0.739623 1.000000
vt 0.735849 0.000000
vt 0.743396 1.000000
vt 0.739623 0.000000
vt 0.747170 1.000000
vt 0.743396 0.000000
vt 0.750943 1.000000
vt 0.747170 0.000000
vt 0.754717 1.000000
vt 0.750943 0.000000
vt 0.758491 1.000000
vt 0.754717 0.000000
vt 0.762264 1.000000
vt 0.758491 0.000000
vt 0.766038 1.000000
vt 0.762264 0.000000
vt 0.769811 1.000000
vt 0.766038 0.000000
vt 0.773585 1.000000
vt 0.769811 0.000000
vt 0.777358 1.000000
vt 0.773585 0.000000
vt 0.781132 1.000000
vt 0.777358 0.000000
vt 0.784906 1.000000
vt 0.781132 0.000000
vt 0.788679 1.000000
vt 0.784906 0.000000
vt 0.792453 1.000000
vt 0.788679 0.000000
vt 0.796226 1.000000
vt 0.792453 0.000000
vt 0.800000 1.000000
vt 0.796226 0.000000
vt 0.803774 1.000000
vt 0.807547 1.000000
vt 0.803774 0.000000
vt 0.811321 1.000000
vt 0.807547 0.000000
vt 0.815094 1.000000
vt 0.811321 0.000000
vt 0.818868 1.000000
vt 0.815094 0.000000
vt 0.822641 1.000000
vt 0.818868 0.000000
vt 0.826415 1.000000
vt 0.822641 0.000000
vt 0.830189 1.000000
vt 0.826415 0.000000
vt 0.833962 1.000000
vt 0.830189 0.000000
vt 0.837736 1.000000
vt 0.833962 0.000000
vt 0.841509 1.000000
vt 0.837736 0.000000
vt 0.845283 1.000000
vt 0.841509 0.000000
vt 0.849057 1.000000
vt 0.845283 0.000000
vt 0.852830 1.000000
vt 0.849057 0.000000
vt 0.856604 1.000000
vt 0.852830 0.000000
vt 0.860377 1.000000
vt 0.856604 0.000000
vt 0.864151 1.000000
vt 0.860377 0.000000
vt 0.867925 1.000000
vt 0.864151 0.000000
vt 0.871698 1.000000
vt 0.867925 0.000000
vt 0.875472 1.000000
vt 0.871698 0.000000
vt 0.879245 1.000000
vt 0.875472 0.000000
vt 0.883019 1.000000
vt 0.879245 0.000000
vt 0.886792 1.000000
vt 0.883019 0.000000
vt 0.890566 1.000000
vt 0.886792 0.000000
vt 0.894340 1.000000
vt 0.890566 0.000000
vt 0.898113 1.000000
vt 0.894340 0.000000
vt 0.901887 1.000000
vt 0.898113 0.000000
vt 0.905660 1.000000
vt 0.901887 0.000000
vt 0.909434 1.000000
vt 0.905660 0.000000
vt 0.913208 1.000000
vt 0.909434 0.000000
vt 0.916981 1.000000
vt 0.913208 0.000000
vt 0.920755 1.000000
vt 0.916981 0.000000
vt 0.924528 1.000000
vt 0.920755 0.000000
vt 0.928302 1.000000
vt 0.924528 0.000000
vt 0.932076 1.000000
vt 0.928302 0.000000
vt 0.935849 1.000000
vt 0.932076 0.000000
vt 0.939623 1.000000
vt 0.935849 0.000000
vt 0.943396 1.000000
vt 0.939623 0.000000
vt 0.947170 1.000000
vt 0.943396 0.000000
vt 0.950943 1.000000
vt 0.947170 0.000000
vt 0.954717 1.000000
vt 0.950943 0.000000
vt 0.958491 1.000000
vt 0.954717 0.000000
vt 0.962264 1.000000
vt 0.958491 0.000000
vt 0.966038 1.000000
vt 0.962264 0.000000
vt 0.969811 1.000000
vt 0.966038 0.000000
vt 0.973585 1.000000
vt 0.969811 0.000000
vt 0.977359 1.000000
vt 0.973585 0.000000
vt 0.981132 1.000000
vt 0.977359 0.000000
vt 0.984906 1.000000
vt 0.981132 0.000000
vt 0.988679 1.000000
vt 0.984906 0.000000
vt 0.992453 1.000000
vt 0.988679 0.000000
vt 0.996226 1.000000
vt 0.992453 0.000000
vt 0.996226 0.000000
vt 0.250000 1.000000
vt 0.750000 1.000000
vt 0.062500 1.000000
vt 0.125000 1.000000
vt 0.062500 0.000000
vt 0.187500 1.000000
vt 0.187500 0.000000
vt 0.312500 1.000000
vt 0.375000 1.000000
vt 0.312500 0.000000
vt 0.437500 1.000000
vt 0.437500 0.000000
vt 0.562500 1.000000
vt 0.625000 1.000000
vt 0.562500 0.000000
vt 0.687500 1.000000
vt 0.687500 0.000000
vt 0.812500 1.000000
vt 0.875000 1.000000
vt 0.812500 0.000000
vt 0.937500 1.000000
vt 0.937500 0.000000
s 0
f 12/1/1 11/2/1 10/3/1
f 10/3/1 19/4/1 12/1/1
f 13/5/1 12/1/1 19/4/1
f 19/4/1 18/6/1 13/5/1
f 19/4/1 10/3/1 9/7/1
f 9/7/1 20/8/1 19/4/1
f 17/9/1 14/10/1 18/6/1
f 5/11/1 4/12/1 3/13/1
f 23/14/1 5/11/1 3/13/1
f 3/13/1 2/15/1 23/14/1
f 2/15/1 24/16/1 23/14/1
f 22/17/1 6/18/1 5/11/1
f 5/11/1 23/14/1 22/17/1
f 1/19/1 21/20/1 24/16/1
f 9/7/1 8/21/1 7/22/1
f 7/22/1 6/18/1 9/7/1
f 20/8/1 9/7/1 6/18/1
f 6/18/1 22/17/1 20/8/1
f 17/9/1 20/8/1 22/17/1
f 22/17/1 21/20/1 17/9/1
f 14/10/1 17/9/1 21/20/1
f 21/20/1 1/19/1 14/10/1
f 15/23/1 14/10/1 1/19/1
f 1/19/1 16/24/1 15/23/1
f 13/5/1 18/6/1 14/10/1
f 24/16/1 2/15/1 1/19/1
f 210/25/1 209/26/1 208/27/1
f 223/28/1 206/29/1 205/30/1
f 223/28/1 205/30/1 204/31/1
f 293/32/1 292/33/1 190/34/1
f 191/35/1 190/34/1 292/33/1
f 292/33/1 301/36/1 191/35/1
f 301/36/1 300/37/1 191/35/1
f 222/38/1 207/39/1 206/29/1
f 206/29/1 223/28/1 222/38/1
f 183/40/1 182/41/1 181/42/1
f 181/42/1 180/43/1 183/40/1
f 180/43/1 179/44/1 183/40/1
f 210/25/1 208/27/1 211/45/1
f 212/46/1 211/45/1 208/27/1
f 213/47/1 212/46/1 208/27/1
f 208/27/1 207/39/1 213/47/1
f 214/48/1 213/47/1 207/39/1
f 207/39/1 222/38/1 214/48/1
f 215/49/1 214/48/1 222/38/1
f 216/50/1 215/49/1 222/38/1
f 217/51/1 216/50/1 222/38/1
f 218/52/1 217/51/1 222/38/1
f 219/53/1 218/52/1 222/38/1
f 220/54/1 219/53/1 222/38/1
f 221/55/1 220/54/1 222/38/1
f 224/56/1 203/57/1 202/58/1
f 225/59/1 201/60/1 200/61/1
f 224/56/1 202/58/1 201/60/1
f 201/60/1 225/59/1 224/56/1
f 199/62/1 198/63/1 226/64/1
f 176/65/1 184/66/1 177/67/1
f 178/68/1 177/67/1 184/66/1
f 225/59/1 200/61/1 199/62/1
f 199/62/1 226/64/1 225/59/1
f 174/69/1 259/70/1 175/71/1
f 297/72/1 296/73/1 291/74/1
f 298/75/1 291/74/1 296/73/1
f 296/73/1 305/16/1 298/75/1
f 299/76/1 298/75/1 305/16/1
f 184/66/1 176/65/1 175/71/1
f 175/71/1 259/70/1 184/66/1
f 185/77/1 184/66/1 259/70/1
f 259/70/1 258/78/1 185/77/1
f 188/79/1 185/77/1 258/78/1
f 258/78/1 255/80/1 188/79/1
f 189/81/1 188/79/1 255/80/1
f 255/80/1 254/82/1 189/81/1
f 290/83/1 189/81/1 254/82/1
f 254/82/1 297/72/1 290/83/1
f 297/72/1 291/74/1 290/83/1
f 226/64/1 198/63/1 197/84/1
f 197/84/1 227/85/1 226/64/1
f 187/86/1 186/87/1 185/77/1
f 185/77/1 188/79/1 187/86/1
f 189/81/1 290/83/1 293/32/1
f 301/36/1 292/33/1 291/74/1
f 291/74/1 298/75/1 301/36/1
f 299/76/1 192/88/1 300/37/1
f 203/57/1 224/56/1 204/31/1
f 223/28/1 204/31/1 224/56/1
f 240/89/1 231/90/1 241/91/1
f 230/92/1 243/93/1 242/94/1
f 242/94/1 241/91/1 230/92/1
f 241/91/1 231/90/1 230/92/1
f 229/95/1 245/96/1 244/97/1
f 244/97/1 243/93/1 229/95/1
f 243/93/1 230/92/1 229/95/1
f 159/98/1 157/99/1 160/100/1
f 161/101/1 156/102/1 155/103/1
f 155/103/1 162/104/1 161/101/1
f 160/100/1 157/99/1 156/102/1
f 156/102/1 161/101/1 160/100/1
f 153/105/1 164/106/1 154/107/1
f 163/108/1 154/107/1 164/106/1
f 164/106/1 153/105/1 165/109/1
f 154/107/1 163/108/1 155/103/1
f 162/104/1 155/103/1 163/108/1
f 157/99/1 159/98/1 158/110/1
f 251/111/1 304/112/1 303/113/1
f 231/90/1 240/89/1 239/114/1
f 152/115/1 167/116/1 166/117/1
f 167/116/1 152/115/1 151/118/1
f 151/118/1 168/119/1 167/116/1
f 236/120/1 233/121/1 237/122/1
f 232/123/1 238/124/1 237/122/1
f 237/122/1 233/121/1 232/123/1
f 144/125/1 143/126/1 261/127/1
f 143/126/1 262/128/1 261/127/1
f 147/129/1 146/130/1 145/131/1
f 148/132/1 147/129/1 145/131/1
f 149/133/1 148/132/1 145/131/1
f 150/134/1 149/133/1 145/131/1
f 151/118/1 150/134/1 145/131/1
f 168/119/1 151/118/1 145/131/1
f 169/135/1 168/119/1 145/131/1
f 170/136/1 169/135/1 145/131/1
f 145/131/1 144/125/1 170/136/1
f 144/125/1 261/127/1 170/136/1
f 261/127/1 260/137/1 170/136/1
f 233/121/1 236/120/1 235/138/1
f 235/138/1 234/139/1 233/121/1
f 152/115/1 166/117/1 153/105/1
f 165/109/1 153/105/1 166/117/1
f 170/136/1 260/137/1 171/140/1
f 238/124/1 232/123/1 239/114/1
f 231/90/1 239/114/1 232/123/1
f 259/70/1 174/69/1 173/141/1
f 173/141/1 172/142/1 259/70/1
f 172/142/1 171/140/1 259/70/1
f 255/80/1 258/78/1 257/143/1
f 257/143/1 256/144/1 255/80/1
f 297/72/1 254/82/1 294/145/1
f 305/16/1 296/73/1 295/146/1
f 295/146/1 302/147/1 305/16/1
f 299/76/1 305/16/1 304/112/1
f 192/88/1 299/76/1 304/112/1
f 304/112/1 251/111/1 192/88/1
f 193/148/1 192/88/1 251/111/1
f 251/111/1 250/149/1 193/148/1
f 196/150/1 193/148/1 250/149/1
f 250/149/1 247/151/1 196/150/1
f 197/84/1 196/150/1 247/151/1
f 247/151/1 246/152/1 197/84/1
f 227/85/1 197/84/1 246/152/1
f 228/153/1 227/85/1 246/152/1
f 246/152/1 245/96/1 228/153/1
f 245/96/1 229/95/1 228/153/1
f 95/154/1 94/155/1 98/156/1
f 96/157/1 95/154/1 98/156/1
f 96/157/1 98/156/1 97/158/1
f 266/159/1 265/160/1 140/161/1
f 140/161/1 139/162/1 266/159/1
f 267/163/1 266/159/1 139/162/1
f 85/164/1 84/165/1 86/166/1
f 87/167/1 86/166/1 84/165/1
f 88/168/1 87/167/1 84/165/1
f 88/168/1 84/165/1 83/169/1
f 89/170/1 88/168/1 83/169/1
f 104/171/1 80/172/1 105/173/1
f 80/172/1 104/171/1 81/174/1
f 103/175/1 81/174/1 104/171/1
f 81/174/1 103/175/1 82/176/1
f 102/177/1 82/176/1 103/175/1
f 82/176/1 102/177/1 83/169/1
f 89/170/1 83/169/1 102/177/1
f 101/178/1 89/170/1 102/177/1
f 89/170/1 101/178/1 90/179/1
f 91/180/1 90/179/1 101/178/1
f 101/178/1 100/181/1 91/180/1
f 92/182/1 91/180/1 100/181/1
f 93/183/1 92/182/1 100/181/1
f 100/181/1 99/184/1 93/183/1
f 94/155/1 93/183/1 99/184/1
f 98/156/1 94/155/1 99/184/1
f 267/163/1 139/162/1 138/185/1
f 268/186/1 267/163/1 138/185/1
f 138/185/1 137/187/1 268/186/1
f 269/188/1 268/186/1 137/187/1
f 270/189/1 269/188/1 137/187/1
f 137/187/1 136/190/1 270/189/1
f 271/191/1 270/189/1 136/190/1
f 136/190/1 135/192/1 271/191/1
f 272/193/1 271/191/1 135/192/1
f 135/192/1 134/194/1 272/193/1
f 273/195/1 272/193/1 134/194/1
f 276/196/1 273/195/1 134/194/1
f 134/194/1 36/197/1 276/196/1
f 277/198/1 276/196/1 36/197/1
f 36/197/1 35/199/1 277/198/1
f 278/200/1 277/198/1 35/199/1
f 35/199/1 34/201/1 278/200/1
f 279/202/1 278/200/1 34/201/1
f 34/201/1 33/203/1 279/202/1
f 280/204/1 279/202/1 33/203/1
f 33/203/1 32/205/1 280/204/1
f 281/206/1 280/204/1 32/205/1
f 32/205/1 31/207/1 281/206/1
f 282/208/1 281/206/1 31/207/1
f 31/207/1 30/209/1 282/208/1
f 283/210/1 282/208/1 30/209/1
f 30/209/1 29/211/1 283/210/1
f 284/212/1 283/210/1 29/211/1
f 29/211/1 28/213/1 284/212/1
f 285/214/1 284/212/1 28/213/1
f 28/213/1 27/215/1 285/214/1
f 286/216/1 285/214/1 27/215/1
f 27/215/1 26/217/1 286/216/1
f 287/218/1 286/216/1 26/217/1
f 26/217/1 25/19/1 287/218/1
f 288/219/1 287/218/1 25/19/1
f 25/19/1 289/220/1 288/219/1
f 106/221/1 79/222/1 78/223/1
f 78/223/1 107/224/1 106/221/1
f 108/225/1 77/226/1 109/227/1
f 77/226/1 108/225/1 78/223/1
f 107/224/1 78/223/1 108/225/1
f 111/228/1 76/229/1 75/230/1
f 112/231/1 111/228/1 75/230/1
f 75/230/1 74/232/1 112/231/1
f 113/233/1 112/231/1 74/232/1
f 74/232/1 114/234/1 113/233/1
f 109/227/1 77/226/1 76/229/1
f 110/235/1 109/227/1 76/229/1
f 76/229/1 111/228/1 110/235/1
f 70/236/1 69/237/1 117/238/1
f 69/237/1 68/239/1 117/238/1
f 118/240/1 117/238/1 68/239/1
f 114/234/1 74/232/1 73/241/1
f 115/242/1 114/234/1 73/241/1
f 73/241/1 72/243/1 115/242/1
f 116/244/1 115/242/1 72/243/1
f 72/243/1 71/245/1 116/244/1
f 71/245/1 70/236/1 116/244/1
f 70/236/1 117/238/1 116/244/1
f 53/246/1 52/247/1 129/248/1
f 130/249/1 129/248/1 52/247/1
f 131/250/1 130/249/1 52/247/1
f 52/247/1 51/251/1 131/250/1
f 132/252/1 131/250/1 51/251/1
f 51/251/1 50/253/1 132/252/1
f 133/254/1 132/252/1 50/253/1
f 50/253/1 49/255/1 133/254/1
f 49/255/1 48/256/1 133/254/1
f 48/256/1 47/257/1 133/254/1
f 47/257/1 46/258/1 133/254/1
f 46/258/1 45/259/1 133/254/1
f 45/259/1 44/260/1 133/254/1
f 44/260/1 43/261/1 133/254/1
f 43/261/1 42/262/1 133/254/1
f 42/262/1 41/263/1 133/254/1
f 41/263/1 40/264/1 133/254/1
f 40/264/1 39/265/1 133/254/1
f 39/265/1 38/266/1 133/254/1
f 38/266/1 37/267/1 133/254/1
f 118/240/1 68/239/1 67/268/1
f 67/268/1 66/269/1 118/240/1
f 66/269/1 65/270/1 118/240/1
f 119/271/1 118/240/1 65/270/1
f 65/270/1 64/272/1 119/271/1
f 64/272/1 63/273/1 119/271/1
f 120/274/1 119/271/1 63/273/1
f 63/273/1 62/275/1 120/274/1
f 62/275/1 61/276/1 120/274/1
f 121/277/1 120/274/1 61/276/1
f 61/276/1 60/278/1 121/277/1
f 122/279/1 121/277/1 60/278/1
f 60/278/1 59/280/1 122/279/1
f 123/281/1 122/279/1 59/280/1
f 59/280/1 58/282/1 123/281/1
f 124/283/1 123/281/1 58/282/1
f 58/282/1 57/284/1 124/283/1
f 125/285/1 124/283/1 57/284/1
f 57/284/1 56/286/1 125/285/1
f 126/287/1 125/285/1 56/286/1
f 56/286/1 55/288/1 126/287/1
f 127/289/1 126/287/1 55/288/1
f 55/288/1 54/290/1 127/289/1
f 128/291/1 127/289/1 54/290/1
f 54/290/1 53/246/1 128/291/1
f 53/246/1 129/248/1 128/291/1
f 105/173/1 80/172/1 79/222/1
f 79/222/1 106/221/1 105/173/1
f 36/197/1 134/194/1 133/254/1
f 262/128/1 143/126/1 142/292/1
f 263/293/1 262/128/1 142/292/1
f 142/292/1 141/294/1 263/293/1
f 264/295/1 263/293/1 141/294/1
f 141/294/1 140/161/1 264/295/1
f 140/161/1 265/160/1 264/295/1
f 275/296/1 274/297/1 273/195/1
f 273/195/1 276/196/1 275/296/1
f 171/140/1 260/137/1 259/70/1
f 253/298/1 294/145/1 254/82/1
f 303/113/1 302/147/1 252/299/1
f 295/146/1 294/145/1 253/298/1
f 253/298/1 252/299/1 295/146/1
f 302/147/1 295/146/1 252/299/1
f 251/111/1 303/113/1 252/299/1
f 249/300/1 248/301/1 250/149/1
f 247/151/1 250/149/1 248/301/1
f 195/302/1 194/303/1 196/150/1
f 193/148/1 196/150/1 194/303/1
f 191/35/1 300/37/1 192/88/1
f 293/32/1 190/34/1 189/81/1
f 178/68/1 184/66/1 179/44/1
f 183/40/1 179/44/1 184/66/1
f 133/254/1 37/267/1 36/197/1
f 371/304/1 370/305/1 375/306/1
f 372/307/1 371/304/1 375/306/1
f 373/308/1 372/307/1 375/306/1
f 374/309/1 373/308/1 375/306/1
f 403/310/1 402/311/1 401/312/1
f 404/313/1 403/310/1 401/312/1
f 404/313/1 401/312/1 405/314/1
f 398/315/1 397/316/1 416/317/1
f 398/315/1 416/317/1 399/318/1
f 405/314/1 401/312/1 400/319/1
f 406/320/1 405/314/1 400/319/1
f 407/321/1 406/320/1 400/319/1
f 400/319/1 399/318/1 407/321/1
f 399/318/1 416/317/1 407/321/1
f 415/322/1 407/321/1 416/317/1
f 362/323/1 361/324/1 363/325/1
f 364/326/1 363/325/1 361/324/1
f 365/327/1 364/326/1 361/324/1
f 366/328/1 365/327/1 361/324/1
f 361/324/1 360/329/1 366/328/1
f 367/330/1 366/328/1 360/329/1
f 368/331/1 367/330/1 360/329/1
f 369/332/1 368/331/1 360/329/1
f 360/329/1 359/333/1 369/332/1
f 370/305/1 369/332/1 359/333/1
f 375/306/1 370/305/1 359/333/1
f 359/333/1 358/334/1 375/306/1
f 376/335/1 375/306/1 358/334/1
f 358/334/1 357/336/1 376/335/1
f 357/336/1 377/337/1 376/335/1
f 407/321/1 415/322/1 408/338/1
f 409/339/1 408/338/1 415/322/1
f 410/340/1 409/339/1 415/322/1
f 411/341/1 410/340/1 415/322/1
f 412/342/1 411/341/1 415/322/1
f 413/343/1 412/342/1 415/322/1
f 414/344/1 413/343/1 415/322/1
f 417/345/1 396/346/1 395/347/1
f 395/347/1 394/348/1 417/345/1
f 394/348/1 418/349/1 417/345/1
f 353/350/1 352/351/1 381/352/1
f 352/351/1 351/353/1 381/352/1
f 382/354/1 381/352/1 351/353/1
f 351/353/1 350/355/1 382/354/1
f 383/356/1 382/354/1 350/355/1
f 350/355/1 384/357/1 383/356/1
f 418/349/1 394/348/1 393/358/1
f 393/358/1 392/359/1 418/349/1
f 392/359/1 391/360/1 418/349/1
f 391/360/1 419/361/1 418/349/1
f 322/362/1 347/363/1 323/364/1
f 321/365/1 318/366/1 389/367/1
f 390/368/1 389/367/1 318/366/1
f 318/366/1 317/369/1 390/368/1
f 420/370/1 390/368/1 317/369/1
f 421/371/1 420/370/1 317/369/1
f 422/372/1 421/371/1 317/369/1
f 423/373/1 315/374/1 314/375/1
f 325/376/1 324/377/1 347/363/1
f 323/364/1 347/363/1 324/377/1
f 422/372/1 317/369/1 316/378/1
f 316/378/1 315/374/1 422/372/1
f 315/374/1 423/373/1 422/372/1
f 384/357/1 350/355/1 347/363/1
f 347/363/1 322/362/1 384/357/1
f 385/379/1 384/357/1 322/362/1
f 386/380/1 385/379/1 322/362/1
f 322/362/1 321/365/1 386/380/1
f 321/365/1 389/367/1 386/380/1
f 419/361/1 391/360/1 390/368/1
f 390/368/1 420/370/1 419/361/1
f 377/337/1 357/336/1 356/381/1
f 378/382/1 377/337/1 356/381/1
f 356/381/1 355/383/1 378/382/1
f 379/384/1 378/382/1 355/383/1
f 355/383/1 354/385/1 379/384/1
f 380/386/1 379/384/1 354/385/1
f 354/385/1 353/350/1 380/386/1
f 353/350/1 381/352/1 380/386/1
f 388/387/1 387/388/1 386/380/1
f 386/380/1 389/367/1 388/387/1
f 416/317/1 397/316/1 396/346/1
f 396/346/1 417/345/1 416/317/1
f 310/389/1 309/390/1 425/391/1
f 309/390/1 308/392/1 425/391/1
f 308/392/1 426/393/1 425/391/1
f 649/394/1 648/395/1 655/396/1
f 650/397/1 649/394/1 655/396/1
f 651/398/1 650/397/1 655/396/1
f 651/398/1 655/396/1 652/399/1
f 653/400/1 652/399/1 655/396/1
f 654/401/1 653/400/1 655/396/1
f 336/402/1 335/403/1 334/404/1
f 337/405/1 336/402/1 334/404/1
f 338/406/1 337/405/1 334/404/1
f 334/404/1 333/407/1 338/406/1
f 339/408/1 338/406/1 333/407/1
f 333/407/1 332/409/1 339/408/1
f 340/410/1 339/408/1 332/409/1
f 332/409/1 331/411/1 340/410/1
f 341/412/1 340/410/1 331/411/1
f 330/413/1 341/412/1 331/411/1
f 426/393/1 308/392/1 307/414/1
f 307/414/1 306/19/1 426/393/1
f 306/19/1 427/415/1 426/393/1
f 523/416/1 529/417/1 524/418/1
f 525/419/1 524/418/1 529/417/1
f 477/420/1 470/421/1 469/422/1
f 470/421/1 477/420/1 471/423/1
f 472/424/1 471/423/1 477/420/1
f 595/425/1 603/426/1 596/427/1
f 641/428/1 657/429/1 656/430/1
f 464/431/1 463/432/1 465/433/1
f 466/434/1 465/433/1 463/432/1
f 467/435/1 466/434/1 463/432/1
f 643/436/1 642/437/1 641/428/1
f 644/438/1 643/436/1 641/428/1
f 596/427/1 603/426/1 597/439/1
f 598/440/1 597/439/1 603/426/1
f 599/441/1 598/440/1 603/426/1
f 600/442/1 599/441/1 603/426/1
f 601/443/1 600/442/1 603/426/1
f 602/444/1 601/443/1 603/426/1
f 531/445/1 530/446/1 520/447/1
f 521/448/1 520/447/1 530/446/1
f 522/449/1 521/448/1 530/446/1
f 523/416/1 522/449/1 530/446/1
f 529/417/1 523/416/1 530/446/1
f 467/435/1 463/432/1 468/450/1
f 463/432/1 462/451/1 468/450/1
f 469/422/1 468/450/1 462/451/1
f 477/420/1 469/422/1 462/451/1
f 462/451/1 478/452/1 477/420/1
f 644/438/1 641/428/1 645/453/1
f 641/428/1 656/430/1 645/453/1
f 646/454/1 645/453/1 656/430/1
f 647/455/1 646/454/1 656/430/1
f 648/395/1 647/455/1 656/430/1
f 655/396/1 648/395/1 656/430/1
f 525/419/1 529/417/1 526/456/1
f 527/457/1 526/456/1 529/417/1
f 528/458/1 527/457/1 529/417/1
f 472/424/1 477/420/1 473/459/1
f 474/460/1 473/459/1 477/420/1
f 475/461/1 474/460/1 477/420/1
f 476/462/1 475/461/1 477/420/1
f 341/412/1 330/413/1 342/463/1
f 330/413/1 329/464/1 342/463/1
f 343/465/1 342/463/1 329/464/1
f 344/466/1 343/465/1 329/464/1
f 329/464/1 328/467/1 344/466/1
f 345/468/1 344/466/1 328/467/1
f 328/467/1 327/469/1 345/468/1
f 346/470/1 345/468/1 327/469/1
f 347/363/1 346/470/1 327/469/1
f 327/469/1 326/471/1 347/363/1
f 325/376/1 347/363/1 326/471/1
f 318/366/1 321/365/1 320/472/1
f 320/472/1 319/473/1 318/366/1
f 423/373/1 314/375/1 313/474/1
f 424/475/1 423/373/1 313/474/1
f 313/474/1 312/476/1 424/475/1
f 312/476/1 311/477/1 424/475/1
f 311/477/1 310/389/1 424/475/1
f 310/389/1 425/391/1 424/475/1
f 640/478/1 660/479/1 659/480/1
f 514/481/1 535/482/1 534/483/1
f 640/478/1 659/480/1 658/484/1
f 604/485/1 588/486/1 587/487/1
f 533/488/1 515/489/1 514/481/1
f 514/481/1 534/483/1 533/488/1
f 479/490/1 460/491/1 459/492/1
f 459/492/1 458/493/1 479/490/1
f 480/494/1 479/490/1 458/493/1
f 606/495/1 585/496/1 584/497/1
f 513/498/1 537/499/1 536/500/1
f 550/501/1 549/502/1 553/503/1
f 604/485/1 587/487/1 586/504/1
f 605/505/1 604/485/1 586/504/1
f 586/504/1 585/496/1 605/505/1
f 585/496/1 606/495/1 605/505/1
f 535/482/1 514/481/1 513/498/1
f 513/498/1 536/500/1 535/482/1
f 480/494/1 458/493/1 457/506/1
f 457/506/1 456/507/1 480/494/1
f 481/508/1 480/494/1 456/507/1
f 456/507/1 455/509/1 481/508/1
f 455/509/1 454/510/1 481/508/1
f 454/510/1 482/511/1 481/508/1
f 638/512/1 664/513/1 663/514/1
f 662/515/1 639/516/1 638/512/1
f 638/512/1 663/514/1 662/515/1
f 673/517/1 556/518/1 674/519/1
f 556/518/1 555/520/1 674/519/1
f 675/521/1 674/519/1 555/520/1
f 555/520/1 554/522/1 675/521/1
f 554/522/1 679/16/1 675/521/1
f 676/523/1 675/521/1 679/16/1
f 581/524/1 580/525/1 608/526/1
f 539/527/1 538/528/1 512/529/1
f 512/529/1 540/530/1 539/527/1
f 542/531/1 541/532/1 435/533/1
f 435/533/1 434/534/1 542/531/1
f 543/535/1 542/531/1 434/534/1
f 434/534/1 433/536/1 543/535/1
f 544/537/1 543/535/1 433/536/1
f 433/536/1 432/538/1 544/537/1
f 545/539/1 544/537/1 432/538/1
f 431/540/1 545/539/1 432/538/1
f 660/479/1 640/478/1 639/516/1
f 661/541/1 660/479/1 639/516/1
f 639/516/1 662/515/1 661/541/1
f 676/523/1 679/16/1 677/542/1
f 606/495/1 584/497/1 583/543/1
f 607/544/1 606/495/1 583/543/1
f 583/543/1 582/545/1 607/544/1
f 582/545/1 581/524/1 607/544/1
f 581/524/1 608/526/1 607/544/1
f 512/529/1 538/528/1 513/498/1
f 537/499/1 513/498/1 538/528/1
f 545/539/1 431/540/1 546/546/1
f 431/540/1 430/547/1 546/546/1
f 547/548/1 546/546/1 430/547/1
f 430/547/1 429/549/1 547/548/1
f 548/550/1 547/548/1 429/549/1
f 429/549/1 428/551/1 548/550/1
f 549/502/1 548/550/1 428/551/1
f 553/503/1 549/502/1 428/551/1
f 482/511/1 454/510/1 453/552/1
f 453/552/1 452/553/1 482/511/1
f 483/554/1 482/511/1 452/553/1
f 452/553/1 484/555/1 483/554/1
f 666/556/1 665/557/1 637/558/1
f 565/559/1 564/560/1 666/556/1
f 564/560/1 563/561/1 666/556/1
f 667/562/1 666/556/1 563/561/1
f 563/561/1 562/563/1 667/562/1
f 668/564/1 667/562/1 562/563/1
f 562/563/1 561/565/1 668/564/1
f 669/566/1 668/564/1 561/565/1
f 561/565/1 560/567/1 669/566/1
f 611/568/1 578/569/1 627/570/1
f 612/571/1 611/568/1 627/570/1
f 627/570/1 626/572/1 612/571/1
f 439/573/1 511/574/1 510/575/1
f 510/575/1 440/576/1 439/573/1
f 446/577/1 445/578/1 508/579/1
f 629/580/1 631/581/1 630/582/1
f 631/581/1 629/580/1 628/583/1
f 632/584/1 631/581/1 576/585/1
f 577/586/1 576/585/1 631/581/1
f 631/581/1 628/583/1 577/586/1
f 503/587/1 505/588/1 504/589/1
f 570/590/1 634/591/1 633/592/1
f 571/593/1 570/590/1 633/592/1
f 572/594/1 571/593/1 633/592/1
f 573/595/1 572/594/1 633/592/1
f 633/592/1 632/584/1 573/595/1
f 574/596/1 573/595/1 632/584/1
f 575/597/1 574/596/1 632/584/1
f 632/584/1 576/585/1 575/597/1
f 451/598/1 450/599/1 506/600/1
f 506/600/1 505/588/1 451/598/1
f 502/601/1 451/598/1 505/588/1
f 505/588/1 503/587/1 502/601/1
f 567/602/1 566/603/1 635/604/1
f 635/604/1 634/591/1 567/602/1
f 568/605/1 567/602/1 634/591/1
f 569/606/1 568/605/1 634/591/1
f 634/591/1 570/590/1 569/606/1
f 446/577/1 508/579/1 507/607/1
f 447/608/1 446/577/1 507/607/1
f 448/609/1 447/608/1 507/607/1
f 449/610/1 448/609/1 507/607/1
f 507/607/1 506/600/1 449/610/1
f 506/600/1 450/599/1 449/610/1
f 666/556/1 637/558/1 636/611/1
f 565/559/1 666/556/1 636/611/1
f 636/611/1 635/604/1 565/559/1
f 635/604/1 566/603/1 565/559/1
f 612/571/1 626/572/1 625/612/1
f 625/612/1 624/613/1 612/571/1
f 613/614/1 612/571/1 624/613/1
f 624/613/1 623/615/1 613/614/1
f 623/615/1 622/616/1 613/614/1
f 622/616/1 621/617/1 613/614/1
f 621/617/1 620/618/1 613/614/1
f 614/619/1 613/614/1 620/618/1
f 620/618/1 619/620/1 614/619/1
f 619/620/1 618/621/1 614/619/1
f 618/621/1 617/622/1 614/619/1
f 617/622/1 616/623/1 614/619/1
f 440/576/1 510/575/1 509/624/1
f 441/625/1 440/576/1 509/624/1
f 442/626/1 441/625/1 509/624/1
f 443/627/1 442/626/1 509/624/1
f 509/624/1 508/579/1 443/627/1
f 444/628/1 443/627/1 508/579/1
f 508/579/1 445/578/1 444/628/1
f 664/513/1 638/512/1 637/558/1
f 637/558/1 665/557/1 664/513/1
f 669/566/1 560/567/1 670/629/1
f 560/567/1 559/630/1 670/629/1
f 671/631/1 670/629/1 559/630/1
f 559/630/1 558/632/1 671/631/1
f 672/633/1 671/631/1 558/632/1
f 558/632/1 557/634/1 672/633/1
f 673/517/1 672/633/1 557/634/1
f 556/518/1 673/517/1 557/634/1
f 608/526/1 580/525/1 579/635/1
f 609/636/1 608/526/1 579/635/1
f 579/635/1 578/569/1 609/636/1
f 610/637/1 609/636/1 578/569/1
f 578/569/1 611/568/1 610/637/1
f 540/530/1 512/529/1 511/574/1
f 511/574/1 439/573/1 540/530/1
f 439/573/1 438/638/1 540/530/1
f 438/638/1 437/639/1 540/530/1
f 437/639/1 436/640/1 540/530/1
f 541/532/1 540/530/1 436/640/1
f 435/533/1 541/532/1 436/640/1
f 484/555/1 452/553/1 501/641/1
f 485/642/1 484/555/1 501/641/1
f 501/641/1 500/643/1 485/642/1
f 486/644/1 485/642/1 500/643/1
f 500/643/1 499/645/1 486/644/1
f 499/645/1 498/646/1 486/644/1
f 498/646/1 497/647/1 486/644/1
f 487/648/1 486/644/1 497/647/1
f 497/647/1 496/649/1 487/648/1
f 496/649/1 495/650/1 487/648/1
f 495/650/1 494/651/1 487/648/1
f 488/652/1 487/648/1 494/651/1
f 494/651/1 493/653/1 488/652/1
f 493/653/1 492/654/1 488/652/1
f 492/654/1 491/655/1 488/652/1
f 491/655/1 490/656/1 488/652/1
f 490/656/1 489/657/1 488/652/1
f 640/478/1 658/484/1 641/428/1
f 657/429/1 641/428/1 658/484/1
f 591/658/1 590/659/1 589/660/1
f 592/661/1 591/658/1 589/660/1
f 593/662/1 592/661/1 589/660/1
f 594/663/1 593/662/1 589/660/1
f 595/425/1 594/663/1 589/660/1
f 603/426/1 595/425/1 589/660/1
f 589/660/1 588/486/1 603/426/1
f 588/486/1 604/485/1 603/426/1
f 517/664/1 516/665/1 515/489/1
f 518/666/1 517/664/1 515/489/1
f 519/667/1 518/666/1 515/489/1
f 520/447/1 519/667/1 515/489/1
f 531/445/1 520/447/1 515/489/1
f 532/668/1 531/445/1 515/489/1
f 515/489/1 533/488/1 532/668/1
f 478/452/1 462/451/1 461/669/1
f 461/669/1 460/491/1 478/452/1
f 460/491/1 479/490/1 478/452/1
f 349/670/1 348/671/1 350/355/1
f 347/363/1 350/355/1 348/671/1
f 550/501/1 553/503/1 551/672/1
f 552/673/1 551/672/1 553/503/1
f 451/598/1 502/601/1 501/641/1
f 501/641/1 452/553/1 451/598/1
f 678/674/1 677/542/1 679/16/1
f 577/586/1 628/583/1 627/570/1
f 616/623/1 615/675/1 614/619/1
f 627/570/1 578/569/1 577/586/1
f 691/1/2 689/3/2 690/2/2
f 689/3/2 691/1/2 698/4/2
f 692/5/2 698/4/2 691/1/2
f 698/4/2 692/5/2 697/6/2
f 698/4/2 688/7/2 689/3/2
f 688/7/2 698/4/2 699/8/2
f 696/9/2 697/6/2 693/10/2
f 684/11/2 682/13/2 683/12/2
f 702/14/2 682/13/2 684/11/2
f 682/13/2 702/14/2 681/15/2
f 681/15/2 702/14/2 703/16/2
f 701/17/2 684/11/2 685/18/2
f 684/11/2 701/17/2 702/14/2
f 680/19/2 703/16/2 700/20/2
f 688/7/2 686/22/2 687/21/2
f 686/22/2 688/7/2 685/18/2
f 699/8/2 685/18/2 688/7/2
f 685/18/2 699/8/2 701/17/2
f 696/9/2 701/17/2 699/8/2
f 701/17/2 696/9/2 700/20/2
f 693/10/2 700/20/2 696/9/2
f 700/20/2 693/10/2 680/19/2
f 694/23/2 680/19/2 693/10/2
f 680/19/2 694/23/2 695/24/2
f 692/5/2 693/10/2 697/6/2
f 703/16/2 680/19/2 681/15/2
f 889/25/2 887/27/2 888/26/2
f 902/28/2 884/30/2 885/29/2
f 902/28/2 883/31/2 884/30/2
f 972/32/2 869/34/2 971/33/2
f 870/35/2 971/33/2 869/34/2
f 971/33/2 870/35/2 980/36/2
f 980/36/2 870/35/2 979/37/2
f 901/38/2 885/29/2 886/39/2
f 885/29/2 901/38/2 902/28/2
f 862/40/2 860/42/2 861/41/2
f 860/42/2 862/40/2 859/43/2
f 859/43/2 862/40/2 858/44/2
f 889/25/2 890/45/2 887/27/2
f 891/46/2 887/27/2 890/45/2
f 892/47/2 887/27/2 891/46/2
f 887/27/2 892/47/2 886/39/2
f 893/48/2 886/39/2 892/47/2
f 886/39/2 893/48/2 901/38/2
f 894/49/2 901/38/2 893/48/2
f 895/50/2 901/38/2 894/49/2
f 896/51/2 901/38/2 895/50/2
f 897/52/2 901/38/2 896/51/2
f 898/53/2 901/38/2 897/52/2
f 899/54/2 901/38/2 898/53/2
f 900/55/2 901/38/2 899/54/2
f 903/56/2 881/58/2 882/57/2
f 904/59/2 879/61/2 880/60/2
f 903/56/2 880/60/2 881/58/2
f 880/60/2 903/56/2 904/59/2
f 878/62/2 905/64/2 877/63/2
f 855/65/2 856/67/2 863/66/2
f 857/68/2 863/66/2 856/67/2
f 904/59/2 878/62/2 879/61/2
f 878/62/2 904/59/2 905/64/2
f 853/69/2 854/71/2 938/70/2
f 976/72/2 970/74/2 975/73/2
f 977/75/2 975/73/2 970/74/2
f 975/73/2 977/75/2 984/16/2
f 978/76/2 984/16/2 977/75/2
f 863/66/2 854/71/2 855/65/2
f 854/71/2 863/66/2 938/70/2
f 864/77/2 938/70/2 863/66/2
f 938/70/2 864/77/2 937/78/2
f 867/79/2 937/78/2 864/77/2
f 937/78/2 867/79/2 934/80/2
f 868/81/2 934/80/2 867/79/2
f 934/80/2 868/81/2 933/82/2
f 969/83/2 933/82/2 868/81/2
f 933/82/2 969/83/2 976/72/2
f 976/72/2 969/83/2 970/74/2
f 905/64/2 876/84/2 877/63/2
f 876/84/2 905/64/2 906/85/2
f 866/86/2 864/77/2 865/87/2
f 864/77/2 866/86/2 867/79/2
f 868/81/2 972/32/2 969/83/2
f 980/36/2 970/74/2 971/33/2
f 970/74/2 980/36/2 977/75/2
f 978/76/2 979/37/2 871/88/2
f 882/57/2 883/31/2 903/56/2
f 902/28/2 903/56/2 883/31/2
f 919/89/2 920/91/2 910/90/2
f 909/92/2 921/94/2 922/93/2
f 921/94/2 909/92/2 920/91/2
f 920/91/2 909/92/2 910/90/2
f 908/95/2 923/97/2 924/96/2
f 923/97/2 908/95/2 922/93/2
f 922/93/2 908/95/2 909/92/2
f 838/98/2 839/100/2 836/99/2
f 840/101/2 834/103/2 835/102/2
f 834/103/2 840/101/2 841/104/2
f 839/100/2 835/102/2 836/99/2
f 835/102/2 839/100/2 840/101/2
f 832/105/2 833/107/2 843/106/2
f 842/108/2 843/106/2 833/107/2
f 843/106/2 844/109/2 832/105/2
f 833/107/2 834/103/2 842/108/2
f 841/104/2 842/108/2 834/103/2
f 836/99/2 837/110/2 838/98/2
f 930/111/2 982/113/2 983/112/2
f 910/90/2 918/114/2 919/89/2
f 831/115/2 845/117/2 846/116/2
f 846/116/2 830/118/2 831/115/2
f 830/118/2 846/116/2 847/119/2
f 915/120/2 916/122/2 912/121/2
f 911/123/2 916/122/2 917/124/2
f 916/122/2 911/123/2 912/121/2
f 823/125/2 940/127/2 822/126/2
f 822/126/2 940/127/2 941/128/2
f 826/129/2 824/131/2 825/130/2
f 827/132/2 824/131/2 826/129/2
f 828/133/2 824/131/2 827/132/2
f 829/134/2 824/131/2 828/133/2
f 830/118/2 824/131/2 829/134/2
f 847/119/2 824/131/2 830/118/2
f 848/135/2 824/131/2 847/119/2
f 849/136/2 824/131/2 848/135/2
f 824/131/2 849/136/2 823/125/2
f 823/125/2 849/136/2 940/127/2
f 940/127/2 849/136/2 939/137/2
f 912/121/2 914/138/2 915/120/2
f 914/138/2 912/121/2 913/139/2
f 831/115/2 832/105/2 845/117/2
f 844/109/2 845/117/2 832/105/2
f 849/136/2 850/140/2 939/137/2
f 917/124/2 918/114/2 911/123/2
f 910/90/2 911/123/2 918/114/2
f 938/70/2 852/141/2 853/69/2
f 852/141/2 938/70/2 851/142/2
f 851/142/2 938/70/2 850/140/2
f 934/80/2 936/143/2 937/78/2
f 936/143/2 934/80/2 935/144/2
f 976/72/2 973/145/2 933/82/2
f 984/16/2 974/146/2 975/73/2
f 974/146/2 984/16/2 981/147/2
f 978/76/2 983/112/2 984/16/2
f 871/88/2 983/112/2 978/76/2
f 983/112/2 871/88/2 930/111/2
f 872/148/2 930/111/2 871/88/2
f 930/111/2 872/148/2 929/149/2
f 875/150/2 929/149/2 872/148/2
f 929/149/2 875/150/2 926/151/2
f 876/84/2 926/151/2 875/150/2
f 926/151/2 876/84/2 925/152/2
f 906/85/2 925/152/2 876/84/2
f 907/153/2 925/152/2 906/85/2
f 925/152/2 907/153/2 924/96/2
f 924/96/2 907/153/2 908/95/2
f 774/154/2 777/156/2 773/155/2
f 775/157/2 777/156/2 774/154/2
f 775/157/2 776/158/2 777/156/2
f 945/159/2 819/161/2 944/160/2
f 819/161/2 945/159/2 818/162/2
f 946/163/2 818/162/2 945/159/2
f 764/164/2 765/166/2 763/165/2
f 766/167/2 763/165/2 765/166/2
f 767/168/2 763/165/2 766/167/2
f 767/168/2 762/169/2 763/165/2
f 768/170/2 762/169/2 767/168/2
f 783/171/2 784/173/2 759/172/2
f 759/172/2 760/174/2 783/171/2
f 782/175/2 783/171/2 760/174/2
f 760/174/2 761/176/2 782/175/2
f 781/177/2 782/175/2 761/176/2
f 761/176/2 762/169/2 781/177/2
f 768/170/2 781/177/2 762/169/2
f 780/178/2 781/177/2 768/170/2
f 768/170/2 769/179/2 780/178/2
f 770/180/2 780/178/2 769/179/2
f 780/178/2 770/180/2 779/181/2
f 771/182/2 779/181/2 770/180/2
f 772/183/2 779/181/2 771/182/2
f 779/181/2 772/183/2 778/184/2
f 773/155/2 778/184/2 772/183/2
f 777/156/2 778/184/2 773/155/2
f 946/163/2 817/185/2 818/162/2
f 947/186/2 817/185/2 946/163/2
f 817/185/2 947/186/2 816/187/2
f 948/188/2 816/187/2 947/186/2
f 949/189/2 816/187/2 948/188/2
f 816/187/2 949/189/2 815/190/2
f 950/191/2 815/190/2 949/189/2
f 815/190/2 950/191/2 814/192/2
f 951/193/2 814/192/2 950/191/2
f 814/192/2 951/193/2 813/194/2
f 952/195/2 813/194/2 951/193/2
f 955/196/2 813/194/2 952/195/2
f 813/194/2 955/196/2 715/197/2
f 956/198/2 715/197/2 955/196/2
f 715/197/2 956/198/2 714/199/2
f 957/200/2 714/199/2 956/198/2
f 714/199/2 957/200/2 713/201/2
f 958/202/2 713/201/2 957/200/2
f 713/201/2 958/202/2 712/203/2
f 959/204/2 712/203/2 958/202/2
f 712/203/2 959/204/2 711/205/2
f 960/206/2 711/205/2 959/204/2
f 711/205/2 960/206/2 710/207/2
f 961/208/2 710/207/2 960/206/2
f 710/207/2 961/208/2 709/209/2
f 962/210/2 709/209/2 961/208/2
f 709/209/2 962/210/2 708/211/2
f 963/212/2 708/211/2 962/210/2
f 708/211/2 963/212/2 707/213/2
f 964/214/2 707/213/2 963/212/2
f 707/213/2 964/214/2 706/215/2
f 965/216/2 706/215/2 964/214/2
f 706/215/2 965/216/2 705/217/2
f 966/218/2 705/217/2 965/216/2
f 705/217/2 966/218/2 704/19/2
f 967/219/2 704/19/2 966/218/2
f 704/19/2 967/219/2 968/220/2
f 785/221/2 757/223/2 758/222/2
f 757/223/2 785/221/2 786/224/2
f 787/225/2 788/227/2 756/226/2
f 756/226/2 757/223/2 787/225/2
f 786/224/2 787/225/2 757/223/2
f 790/228/2 754/230/2 755/229/2
f 791/231/2 754/230/2 790/228/2
f 754/230/2 791/231/2 753/232/2
f 792/233/2 753/232/2 791/231/2
f 753/232/2 792/233/2 793/234/2
f 788/227/2 755/229/2 756/226/2
f 789/235/2 755/229/2 788/227/2
f 755/229/2 789/235/2 790/228/2
f 749/236/2 796/238/2 748/237/2
f 748/237/2 796/238/2 747/239/2
f 797/240/2 747/239/2 796/238/2
f 793/234/2 752/241/2 753/232/2
f 794/242/2 752/241/2 793/234/2
f 752/241/2 794/242/2 751/243/2
f 795/244/2 751/243/2 794/242/2
f 751/243/2 795/244/2 750/245/2
f 750/245/2 795/244/2 749/236/2
f 749/236/2 795/244/2 796/238/2
f 732/246/2 808/248/2 731/247/2
f 809/249/2 731/247/2 808/248/2
f 810/250/2 731/247/2 809/249/2
f 731/247/2 810/250/2 730/251/2
f 811/252/2 730/251/2 810/250/2
f 730/251/2 811/252/2 729/253/2
f 812/254/2 729/253/2 811/252/2
f 729/253/2 812/254/2 728/255/2
f 728/255/2 812/254/2 727/256/2
f 727/256/2 812/254/2 726/257/2
f 726/257/2 812/254/2 725/258/2
f 725/258/2 812/254/2 724/259/2
f 724/259/2 812/254/2 723/260/2
f 723/260/2 812/254/2 722/261/2
f 722/261/2 812/254/2 721/262/2
f 721/262/2 812/254/2 720/263/2
f 720/263/2 812/254/2 719/264/2
f 719/264/2 812/254/2 718/265/2
f 718/265/2 812/254/2 717/266/2
f 717/266/2 812/254/2 716/267/2
f 797/240/2 746/268/2 747/239/2
f 746/268/2 797/240/2 745/269/2
f 745/269/2 797/240/2 744/270/2
f 798/271/2 744/270/2 797/240/2
f 744/270/2 798/271/2 743/272/2
f 743/272/2 798/271/2 742/273/2
f 799/274/2 742/273/2 798/271/2
f 742/273/2 799/274/2 741/275/2
f 741/275/2 799/274/2 740/276/2
f 800/277/2 740/276/2 799/274/2
f 740/276/2 800/277/2 739/278/2
f 801/279/2 739/278/2 800/277/2
f 739/278/2 801/279/2 738/280/2
f 802/281/2 738/280/2 801/279/2
f 738/280/2 802/281/2 737/282/2
f 803/283/2 737/282/2 802/281/2
f 737/282/2 803/283/2 736/284/2
f 804/285/2 736/284/2 803/283/2
f 736/284/2 804/285/2 735/286/2
f 805/287/2 735/286/2 804/285/2
f 735/286/2 805/287/2 734/288/2
f 806/289/2 734/288/2 805/287/2
f 734/288/2 806/289/2 733/290/2
f 807/291/2 733/290/2 806/289/2
f 733/290/2 807/291/2 732/246/2
f 732/246/2 807/291/2 808/248/2
f 784/173/2 758/222/2 759/172/2
f 758/222/2 784/173/2 785/221/2
f 715/197/2 812/254/2 813/194/2
f 941/128/2 821/292/2 822/126/2
f 942/293/2 821/292/2 941/128/2
f 821/292/2 942/293/2 820/294/2
f 943/295/2 820/294/2 942/293/2
f 820/294/2 943/295/2 819/161/2
f 819/161/2 943/295/2 944/160/2
f 954/296/2 952/195/2 953/297/2
f 952/195/2 954/296/2 955/196/2
f 850/140/2 938/70/2 939/137/2
f 932/298/2 933/82/2 973/145/2
f 982/113/2 931/299/2 981/147/2
f 974/146/2 932/298/2 973/145/2
f 932/298/2 974/146/2 931/299/2
f 981/147/2 931/299/2 974/146/2
f 930/111/2 931/299/2 982/113/2
f 928/300/2 929/149/2 927/301/2
f 926/151/2 927/301/2 929/149/2
f 874/302/2 875/150/2 873/303/2
f 872/148/2 873/303/2 875/150/2
f 870/35/2 871/88/2 979/37/2
f 972/32/2 868/81/2 869/34/2
f 857/68/2 858/44/2 863/66/2
f 862/40/2 863/66/2 858/44/2
f 812/254/2 715/197/2 716/267/2
f 1050/304/2 1054/306/2 1049/305/2
f 1051/307/2 1054/306/2 1050/304/2
f 1052/308/2 1054/306/2 1051/307/2
f 1053/309/2 1054/306/2 1052/308/2
f 1082/310/2 1080/312/2 1081/311/2
f 1083/313/2 1080/312/2 1082/310/2
f 1083/313/2 1084/314/2 1080/312/2
f 1077/315/2 1095/317/2 1076/316/2
f 1077/315/2 1078/318/2 1095/317/2
f 1084/314/2 1079/319/2 1080/312/2
f 1085/320/2 1079/319/2 1084/314/2
f 1086/321/2 1079/319/2 1085/320/2
f 1079/319/2 1086/321/2 1078/318/2
f 1078/318/2 1086/321/2 1095/317/2
f 1094/322/2 1095/317/2 1086/321/2
f 1041/323/2 1042/325/2 1040/324/2
f 1043/326/2 1040/324/2 1042/325/2
f 1044/327/2 1040/324/2 1043/326/2
f 1045/328/2 1040/324/2 1044/327/2
f 1040/324/2 1045/328/2 1039/329/2
f 1046/330/2 1039/329/2 1045/328/2
f 1047/331/2 1039/329/2 1046/330/2
f 1048/332/2 1039/329/2 1047/331/2
f 1039/329/2 1048/332/2 1038/333/2
f 1049/305/2 1038/333/2 1048/332/2
f 1054/306/2 1038/333/2 1049/305/2
f 1038/333/2 1054/306/2 1037/334/2
f 1055/335/2 1037/334/2 1054/306/2
f 1037/334/2 1055/335/2 1036/336/2
f 1036/336/2 1055/335/2 1056/337/2
f 1086/321/2 1087/338/2 1094/322/2
f 1088/339/2 1094/322/2 1087/338/2
f 1089/340/2 1094/322/2 1088/339/2
f 1090/341/2 1094/322/2 1089/340/2
f 1091/342/2 1094/322/2 1090/341/2
f 1092/343/2 1094/322/2 1091/342/2
f 1093/344/2 1094/322/2 1092/343/2
f 1096/345/2 1074/347/2 1075/346/2
f 1074/347/2 1096/345/2 1073/348/2
f 1073/348/2 1096/345/2 1097/349/2
f 1032/350/2 1060/352/2 1031/351/2
f 1031/351/2 1060/352/2 1030/353/2
f 1061/354/2 1030/353/2 1060/352/2
f 1030/353/2 1061/354/2 1029/355/2
f 1062/356/2 1029/355/2 1061/354/2
f 1029/355/2 1062/356/2 1063/357/2
f 1097/349/2 1072/358/2 1073/348/2
f 1072/358/2 1097/349/2 1071/359/2
f 1071/359/2 1097/349/2 1070/360/2
f 1070/360/2 1097/349/2 1098/361/2
f 1001/362/2 1002/364/2 1026/363/2
f 1000/365/2 1068/367/2 997/366/2
f 1069/368/2 997/366/2 1068/367/2
f 997/366/2 1069/368/2 996/369/2
f 1099/370/2 996/369/2 1069/368/2
f 1100/371/2 996/369/2 1099/370/2
f 1101/372/2 996/369/2 1100/371/2
f 1102/373/2 993/375/2 994/374/2
f 1004/376/2 1026/363/2 1003/377/2
f 1002/364/2 1003/377/2 1026/363/2
f 1101/372/2 995/378/2 996/369/2
f 995/378/2 1101/372/2 994/374/2
f 994/374/2 1101/372/2 1102/373/2
f 1063/357/2 1026/363/2 1029/355/2
f 1026/363/2 1063/357/2 1001/362/2
f 1064/379/2 1001/362/2 1063/357/2
f 1065/380/2 1001/362/2 1064/379/2
f 1001/362/2 1065/380/2 1000/365/2
f 1000/365/2 1065/380/2 1068/367/2
f 1098/361/2 1069/368/2 1070/360/2
f 1069/368/2 1098/361/2 1099/370/2
f 1056/337/2 1035/381/2 1036/336/2
f 1057/382/2 1035/381/2 1056/337/2
f 1035/381/2 1057/382/2 1034/383/2
f 1058/384/2 1034/383/2 1057/382/2
f 1034/383/2 1058/384/2 1033/385/2
f 1059/386/2 1033/385/2 1058/384/2
f 1033/385/2 1059/386/2 1032/350/2
f 1032/350/2 1059/386/2 1060/352/2
f 1067/387/2 1065/380/2 1066/388/2
f 1065/380/2 1067/387/2 1068/367/2
f 1095/317/2 1075/346/2 1076/316/2
f 1075/346/2 1095/317/2 1096/345/2
f 989/389/2 1104/391/2 988/390/2
f 988/390/2 1104/391/2 987/392/2
f 987/392/2 1104/391/2 1105/393/2
f 1328/394/2 1334/396/2 1327/395/2
f 1329/397/2 1334/396/2 1328/394/2
f 1330/398/2 1334/396/2 1329/397/2
f 1330/398/2 1331/399/2 1334/396/2
f 1332/400/2 1334/396/2 1331/399/2
f 1333/401/2 1334/396/2 1332/400/2
f 1015/402/2 1013/404/2 1014/403/2
f 1016/405/2 1013/404/2 1015/402/2
f 1017/406/2 1013/404/2 1016/405/2
f 1013/404/2 1017/406/2 1012/407/2
f 1018/408/2 1012/407/2 1017/406/2
f 1012/407/2 1018/408/2 1011/409/2
f 1019/410/2 1011/409/2 1018/408/2
f 1011/409/2 1019/410/2 1010/411/2
f 1020/412/2 1010/411/2 1019/410/2
f 1009/413/2 1010/411/2 1020/412/2
f 1105/393/2 986/414/2 987/392/2
f 986/414/2 1105/393/2 985/19/2
f 985/19/2 1105/393/2 1106/415/2
f 1202/416/2 1203/418/2 1208/417/2
f 1204/419/2 1208/417/2 1203/418/2
f 1156/420/2 1148/422/2 1149/421/2
f 1149/421/2 1150/423/2 1156/420/2
f 1151/424/2 1156/420/2 1150/423/2
f 1274/425/2 1275/427/2 1282/426/2
f 1320/428/2 1335/430/2 1336/429/2
f 1143/431/2 1144/433/2 1142/432/2
f 1145/434/2 1142/432/2 1144/433/2
f 1146/435/2 1142/432/2 1145/434/2
f 1322/436/2 1320/428/2 1321/437/2
f 1323/438/2 1320/428/2 1322/436/2
f 1275/427/2 1276/439/2 1282/426/2
f 1277/440/2 1282/426/2 1276/439/2
f 1278/441/2 1282/426/2 1277/440/2
f 1279/442/2 1282/426/2 1278/441/2
f 1280/443/2 1282/426/2 1279/442/2
f 1281/444/2 1282/426/2 1280/443/2
f 1210/445/2 1199/447/2 1209/446/2
f 1200/448/2 1209/446/2 1199/447/2
f 1201/449/2 1209/446/2 1200/448/2
f 1202/416/2 1209/446/2 1201/449/2
f 1208/417/2 1209/446/2 1202/416/2
f 1146/435/2 1147/450/2 1142/432/2
f 1142/432/2 1147/450/2 1141/451/2
f 1148/422/2 1141/451/2 1147/450/2
f 1156/420/2 1141/451/2 1148/422/2
f 1141/451/2 1156/420/2 1157/452/2
f 1323/438/2 1324/453/2 1320/428/2
f 1320/428/2 1324/453/2 1335/430/2
f 1325/454/2 1335/430/2 1324/453/2
f 1326/455/2 1335/430/2 1325/454/2
f 1327/395/2 1335/430/2 1326/455/2
f 1334/396/2 1335/430/2 1327/395/2
f 1204/419/2 1205/456/2 1208/417/2
f 1206/457/2 1208/417/2 1205/456/2
f 1207/458/2 1208/417/2 1206/457/2
f 1151/424/2 1152/459/2 1156/420/2
f 1153/460/2 1156/420/2 1152/459/2
f 1154/461/2 1156/420/2 1153/460/2
f 1155/462/2 1156/420/2 1154/461/2
f 1020/412/2 1021/463/2 1009/413/2
f 1009/413/2 1021/463/2 1008/464/2
f 1022/465/2 1008/464/2 1021/463/2
f 1023/466/2 1008/464/2 1022/465/2
f 1008/464/2 1023/466/2 1007/467/2
f 1024/468/2 1007/467/2 1023/466/2
f 1007/467/2 1024/468/2 1006/469/2
f 1025/470/2 1006/469/2 1024/468/2
f 1026/363/2 1006/469/2 1025/470/2
f 1006/469/2 1026/363/2 1005/471/2
f 1004/376/2 1005/471/2 1026/363/2
f 997/366/2 999/472/2 1000/365/2
f 999/472/2 997/366/2 998/473/2
f 1102/373/2 992/474/2 993/375/2
f 1103/475/2 992/474/2 1102/373/2
f 992/474/2 1103/475/2 991/476/2
f 991/476/2 1103/475/2 990/477/2
f 990/477/2 1103/475/2 989/389/2
f 989/389/2 1103/475/2 1104/391/2
f 1319/478/2 1338/480/2 1339/479/2
f 1193/481/2 1213/483/2 1214/482/2
f 1319/478/2 1337/484/2 1338/480/2
f 1283/485/2 1266/487/2 1267/486/2
f 1212/488/2 1193/481/2 1194/489/2
f 1193/481/2 1212/488/2 1213/483/2
f 1158/490/2 1138/492/2 1139/491/2
f 1138/492/2 1158/490/2 1137/493/2
f 1159/494/2 1137/493/2 1158/490/2
f 1285/495/2 1263/497/2 1264/496/2
f 1192/498/2 1215/500/2 1216/499/2
f 1229/501/2 1232/503/2 1228/502/2
f 1283/485/2 1265/504/2 1266/487/2
f 1284/505/2 1265/504/2 1283/485/2
f 1265/504/2 1284/505/2 1264/496/2
f 1264/496/2 1284/505/2 1285/495/2
f 1214/482/2 1192/498/2 1193/481/2
f 1192/498/2 1214/482/2 1215/500/2
f 1159/494/2 1136/506/2 1137/493/2
f 1136/506/2 1159/494/2 1135/507/2
f 1160/508/2 1135/507/2 1159/494/2
f 1135/507/2 1160/508/2 1134/509/2
f 1134/509/2 1160/508/2 1133/510/2
f 1133/510/2 1160/508/2 1161/511/2
f 1317/512/2 1342/514/2 1343/513/2
f 1341/515/2 1317/512/2 1318/516/2
f 1317/512/2 1341/515/2 1342/514/2
f 1352/517/2 1353/519/2 1235/518/2
f 1235/518/2 1353/519/2 1234/520/2
f 1354/521/2 1234/520/2 1353/519/2
f 1234/520/2 1354/521/2 1233/522/2
f 1233/522/2 1354/521/2 1358/16/2
f 1355/523/2 1358/16/2 1354/521/2
f 1260/524/2 1287/526/2 1259/525/2
f 1218/527/2 1191/529/2 1217/528/2
f 1191/529/2 1218/527/2 1219/530/2
f 1221/531/2 1114/533/2 1220/532/2
f 1114/533/2 1221/531/2 1113/534/2
f 1222/535/2 1113/534/2 1221/531/2
f 1113/534/2 1222/535/2 1112/536/2
f 1223/537/2 1112/536/2 1222/535/2
f 1112/536/2 1223/537/2 1111/538/2
f 1224/539/2 1111/538/2 1223/537/2
f 1110/540/2 1111/538/2 1224/539/2
f 1339/479/2 1318/516/2 1319/478/2
f 1340/541/2 1318/516/2 1339/479/2
f 1318/516/2 1340/541/2 1341/515/2
f 1355/523/2 1356/542/2 1358/16/2
f 1285/495/2 1262/543/2 1263/497/2
f 1286/544/2 1262/543/2 1285/495/2
f 1262/543/2 1286/544/2 1261/545/2
f 1261/545/2 1286/544/2 1260/524/2
f 1260/524/2 1286/544/2 1287/526/2
f 1191/529/2 1192/498/2 1217/528/2
f 1216/499/2 1217/528/2 1192/498/2
f 1224/539/2 1225/546/2 1110/540/2
f 1110/540/2 1225/546/2 1109/547/2
f 1226/548/2 1109/547/2 1225/546/2
f 1109/547/2 1226/548/2 1108/549/2
f 1227/550/2 1108/549/2 1226/548/2
f 1108/549/2 1227/550/2 1107/551/2
f 1228/502/2 1107/551/2 1227/550/2
f 1232/503/2 1107/551/2 1228/502/2
f 1161/511/2 1132/552/2 1133/510/2
f 1132/552/2 1161/511/2 1131/553/2
f 1162/554/2 1131/553/2 1161/511/2
f 1131/553/2 1162/554/2 1163/555/2
f 1345/556/2 1316/558/2 1344/557/2
f 1244/559/2 1345/556/2 1243/560/2
f 1243/560/2 1345/556/2 1242/561/2
f 1346/562/2 1242/561/2 1345/556/2
f 1242/561/2 1346/562/2 1241/563/2
f 1347/564/2 1241/563/2 1346/562/2
f 1241/563/2 1347/564/2 1240/565/2
f 1348/566/2 1240/565/2 1347/564/2
f 1240/565/2 1348/566/2 1239/567/2
f 1290/568/2 1306/570/2 1257/569/2
f 1291/571/2 1306/570/2 1290/568/2
f 1306/570/2 1291/571/2 1305/572/2
f 1118/573/2 1189/575/2 1190/574/2
f 1189/575/2 1118/573/2 1119/576/2
f 1125/577/2 1187/579/2 1124/578/2
f 1308/580/2 1309/582/2 1310/581/2
f 1310/581/2 1307/583/2 1308/580/2
f 1311/584/2 1255/585/2 1310/581/2
f 1256/586/2 1310/581/2 1255/585/2
f 1310/581/2 1256/586/2 1307/583/2
f 1182/587/2 1183/589/2 1184/588/2
f 1249/590/2 1312/592/2 1313/591/2
f 1250/593/2 1312/592/2 1249/590/2
f 1251/594/2 1312/592/2 1250/593/2
f 1252/595/2 1312/592/2 1251/594/2
f 1312/592/2 1252/595/2 1311/584/2
f 1253/596/2 1311/584/2 1252/595/2
f 1254/597/2 1311/584/2 1253/596/2
f 1311/584/2 1254/597/2 1255/585/2
f 1130/598/2 1185/600/2 1129/599/2
f 1185/600/2 1130/598/2 1184/588/2
f 1181/601/2 1184/588/2 1130/598/2
f 1184/588/2 1181/601/2 1182/587/2
f 1246/602/2 1314/604/2 1245/603/2
f 1314/604/2 1246/602/2 1313/591/2
f 1247/605/2 1313/591/2 1246/602/2
f 1248/606/2 1313/591/2 1247/605/2
f 1313/591/2 1248/606/2 1249/590/2
f 1125/577/2 1186/607/2 1187/579/2
f 1126/608/2 1186/607/2 1125/577/2
f 1127/609/2 1186/607/2 1126/608/2
f 1128/610/2 1186/607/2 1127/609/2
f 1186/607/2 1128/610/2 1185/600/2
f 1185/600/2 1128/610/2 1129/599/2
f 1345/556/2 1315/611/2 1316/558/2
f 1244/559/2 1315/611/2 1345/556/2
f 1315/611/2 1244/559/2 1314/604/2
f 1314/604/2 1244/559/2 1245/603/2
f 1291/571/2 1304/612/2 1305/572/2
f 1304/612/2 1291/571/2 1303/613/2
f 1292/614/2 1303/613/2 1291/571/2
f 1303/613/2 1292/614/2 1302/615/2
f 1302/615/2 1292/614/2 1301/616/2
f 1301/616/2 1292/614/2 1300/617/2
f 1300/617/2 1292/614/2 1299/618/2
f 1293/619/2 1299/618/2 1292/614/2
f 1299/618/2 1293/619/2 1298/620/2
f 1298/620/2 1293/619/2 1297/621/2
f 1297/621/2 1293/619/2 1296/622/2
f 1296/622/2 1293/619/2 1295/623/2
f 1119/576/2 1188/624/2 1189/575/2
f 1120/625/2 1188/624/2 1119/576/2
f 1121/626/2 1188/624/2 1120/625/2
f 1122/627/2 1188/624/2 1121/626/2
f 1188/624/2 1122/627/2 1187/579/2
f 1123/628/2 1187/579/2 1122/627/2
f 1187/579/2 1123/628/2 1124/578/2
f 1343/513/2 1316/558/2 1317/512/2
f 1316/558/2 1343/513/2 1344/557/2
f 1348/566/2 1349/629/2 1239/567/2
f 1239/567/2 1349/629/2 1238/630/2
f 1350/631/2 1238/630/2 1349/629/2
f 1238/630/2 1350/631/2 1237/632/2
f 1351/633/2 1237/632/2 1350/631/2
f 1237/632/2 1351/633/2 1236/634/2
f 1352/517/2 1236/634/2 1351/633/2
f 1235/518/2 1236/634/2 1352/517/2
f 1287/526/2 1258/635/2 1259/525/2
f 1288/636/2 1258/635/2 1287/526/2
f 1258/635/2 1288/636/2 1257/569/2
f 1289/637/2 1257/569/2 1288/636/2
f 1257/569/2 1289/637/2 1290/568/2
f 1219/530/2 1190/574/2 1191/529/2
f 1190/574/2 1219/530/2 1118/573/2
f 1118/573/2 1219/530/2 1117/638/2
f 1117/638/2 1219/530/2 1116/639/2
f 1116/639/2 1219/530/2 1115/640/2
f 1220/532/2 1115/640/2 1219/530/2
f 1114/533/2 1115/640/2 1220/532/2
f 1163/555/2 1180/641/2 1131/553/2
f 1164/642/2 1180/641/2 1163/555/2
f 1180/641/2 1164/642/2 1179/643/2
f 1165/644/2 1179/643/2 1164/642/2
f 1179/643/2 1165/644/2 1178/645/2
f 1178/645/2 1165/644/2 1177/646/2
f 1177/646/2 1165/644/2 1176/647/2
f 1166/648/2 1176/647/2 1165/644/2
f 1176/647/2 1166/648/2 1175/649/2
f 1175/649/2 1166/648/2 1174/650/2
f 1174/650/2 1166/648/2 1173/651/2
f 1167/652/2 1173/651/2 1166/648/2
f 1173/651/2 1167/652/2 1172/653/2
f 1172/653/2 1167/652/2 1171/654/2
f 1171/654/2 1167/652/2 1170/655/2
f 1170/655/2 1167/652/2 1169/656/2
f 1169/656/2 1167/652/2 1168/657/2
f 1319/478/2 1320/428/2 1337/484/2
f 1336/429/2 1337/484/2 1320/428/2
f 1270/658/2 1268/660/2 1269/659/2
f 1271/661/2 1268/660/2 1270/658/2
f 1272/662/2 1268/660/2 1271/661/2
f 1273/663/2 1268/660/2 1272/662/2
f 1274/425/2 1268/660/2 1273/663/2
f 1282/426/2 1268/660/2 1274/425/2
f 1268/660/2 1282/426/2 1267/486/2
f 1267/486/2 1282/426/2 1283/485/2
f 1196/664/2 1194/489/2 1195/665/2
f 1197/666/2 1194/489/2 1196/664/2
f 1198/667/2 1194/489/2 1197/666/2
f 1199/447/2 1194/489/2 1198/667/2
f 1210/445/2 1194/489/2 1199/447/2
f 1211/668/2 1194/489/2 1210/445/2
f 1194/489/2 1211/668/2 1212/488/2
f 1157/452/2 1140/669/2 1141/451/2
f 1140/669/2 1157/452/2 1139/491/2
f 1139/491/2 1157/452/2 1158/490/2
f 1028/670/2 1029/355/2 1027/671/2
f 1026/363/2 1027/671/2 1029/355/2
f 1229/501/2 1230/672/2 1232/503/2
f 1231/673/2 1232/503/2 1230/672/2
f 1130/598/2 1180/641/2 1181/601/2
f 1180/641/2 1130/598/2 1131/553/2
f 1357/674/2 1358/16/2 1356/542/2
f 1256/586/2 1306/570/2 1307/583/2
f 1295/623/2 1293/619/2 1294/675/2
f 1306/570/2 1256/586/2 1257/569/2
s 1
f 1362/676/3 1359/19/4 1360/677/4
f 1364/678/5 1361/679/3 1362/676/3
f 1366/680/6 1363/681/5 1364/678/5
f 1368/682/7 1365/683/6 1366/680/6
f 1370/684/8 1367/685/7 1368/682/7
f 1372/686/9 1369/687/8 1370/684/8
f 1374/688/10 1371/689/9 1372/686/9
f 1376/690/11 1373/691/10 1374/688/10
f 1378/692/12 1375/693/11 1376/690/11
f 1380/694/13 1377/695/12 1378/692/12
f 1382/696/14 1379/697/13 1380/694/13
f 1384/698/15 1381/699/14 1382/696/14
f 1386/700/15 1383/701/15 1384/698/15
f 1388/702/16 1385/703/15 1386/700/15
f 1390/704/16 1387/705/16 1388/702/16
f 1392/706/17 1389/707/16 1390/704/16
f 1394/708/18 1391/709/17 1392/706/17
f 1396/710/19 1393/711/18 1394/708/18
f 1398/712/20 1395/713/19 1396/710/19
f 1400/714/21 1397/715/20 1398/712/20
f 1402/716/22 1399/717/21 1400/714/21
f 1404/718/23 1401/719/22 1402/716/22
f 1406/720/24 1403/721/23 1404/718/23
f 1408/722/25 1405/723/24 1406/720/24
f 1410/724/26 1407/725/25 1408/722/25
f 1412/726/27 1409/727/26 1410/724/26
f 1414/728/28 1411/729/27 1412/726/27
f 1416/730/29 1413/731/28 1414/728/28
f 1418/732/30 1415/733/29 1416/730/29
f 1420/734/31 1417/735/32 1418/732/30
f 1422/736/33 1419/737/31 1420/734/31
f 1424/738/34 1421/739/33 1422/736/33
f 1426/740/35 1423/741/34 1424/738/34
f 1428/742/36 1425/743/35 1426/740/35
f 1430/744/37 1427/745/36 1428/742/36
f 1432/746/38 1429/747/37 1430/744/37
f 1434/748/39 1431/749/38 1432/746/38
f 1436/750/40 1433/751/39 1434/748/39
f 1438/752/41 1435/753/40 1436/750/40
f 1440/754/42 1437/755/41 1438/752/41
f 1442/756/43 1439/757/42 1440/754/42
f 1444/758/16 1441/759/43 1442/756/43
f 1446/760/44 1443/761/16 1444/758/16
f 1448/762/45 1445/763/44 1446/760/44
f 1450/764/46 1447/765/47 1448/762/45
f 1452/766/48 1449/767/46 1450/764/46
f 1454/768/49 1451/769/48 1452/766/48
f 1456/770/50 1453/771/49 1454/768/49
f 1458/772/51 1455/773/50 1456/770/50
f 1460/774/52 1457/775/51 1458/772/51
f 1462/776/53 1459/777/52 1460/774/52
f 1464/778/54 1461/779/53 1462/776/53
f 1466/780/55 1463/781/54 1464/778/54
f 1468/782/56 1465/783/55 1466/780/55
f 1470/784/57 1467/785/56 1468/782/56
f 1472/786/58 1469/787/57 1470/784/57
f 1474/788/59 1471/789/58 1472/786/58
f 1476/790/60 1473/791/59 1474/788/59
f 1478/792/61 1475/793/60 1476/790/60
f 1480/794/62 1477/795/61 1478/792/61
f 1482/796/63 1479/797/62 1480/794/62
f 1484/798/64 1481/109/63 1482/796/63
f 1486/799/65 1483/800/64 1484/798/64
f 1488/801/66 1485/802/65 1486/799/65
f 1490/803/67 1487/804/66 1488/801/66
f 1492/805/68 1489/806/67 1490/803/67
f 1494/807/69 1491/808/68 1492/805/68
f 1496/809/70 1493/810/69 1494/807/69
f 1498/811/71 1495/812/70 1496/809/70
f 1500/813/72 1497/814/71 1498/811/71
f 1502/815/73 1499/816/72 1500/813/72
f 1504/817/74 1501/818/73 1502/815/73
f 1506/819/75 1503/820/74 1504/817/74
f 1508/821/76 1505/822/75 1506/819/75
f 1510/823/77 1507/824/76 1508/821/76
f 1512/825/78 1509/826/77 1510/823/77
f 1514/827/79 1511/828/78 1512/825/78
f 1516/829/80 1513/830/79 1514/827/79
f 1518/831/81 1515/832/80 1516/829/80
f 1520/833/82 1517/834/81 1518/831/81
f 1522/835/44 1519/836/83 1520/833/82
f 1524/837/84 1521/838/44 1522/835/44
f 1526/839/84 1523/840/84 1524/837/84
f 1528/841/85 1525/842/84 1526/839/84
f 1530/843/86 1527/844/85 1528/841/85
f 1532/845/87 1529/846/86 1530/843/86
f 1534/847/88 1531/848/87 1532/845/87
f 1536/849/89 1533/850/88 1534/847/88
f 1538/851/90 1535/852/89 1536/849/89
f 1540/853/91 1537/854/90 1538/851/90
f 1542/855/92 1539/856/91 1540/853/91
f 1544/857/93 1541/858/92 1542/855/92
f 1546/859/94 1543/860/93 1544/857/93
f 1548/861/95 1545/862/94 1546/859/94
f 1550/863/96 1547/864/95 1548/861/95
f 1552/865/97 1549/866/96 1550/863/96
f 1554/867/98 1551/868/97 1552/865/97
f 1556/869/99 1553/870/98 1554/867/98
f 1558/871/100 1555/872/99 1556/869/99
f 1560/873/101 1557/874/100 1558/871/100
f 1562/875/102 1559/876/101 1560/873/101
f 1564/877/103 1561/878/102 1562/875/102
f 1566/879/104 1563/880/103 1564/877/103
f 1568/881/105 1565/882/104 1566/879/104
f 1570/883/106 1567/884/105 1568/881/105
f 1572/885/107 1569/886/106 1570/883/106
f 1574/887/108 1571/888/107 1572/885/107
f 1576/889/109 1573/890/108 1574/887/108
f 1578/891/110 1575/892/109 1576/889/109
f 1580/893/111 1577/894/110 1578/891/110
f 1582/895/112 1579/896/111 1580/893/111
f 1584/897/113 1581/898/112 1582/895/112
f 1586/899/114 1583/900/113 1584/897/113
f 1588/901/115 1585/902/114 1586/899/114
f 1590/903/116 1587/904/115 1588/901/115
f 1592/905/117 1589/906/116 1590/903/116
f 1594/907/118 1591/908/117 1592/905/117
f 1596/909/119 1593/910/118 1594/907/118
f 1598/911/120 1595/912/119 1596/909/119
f 1600/913/121 1597/914/120 1598/911/120
f 1602/915/122 1599/916/123 1600/913/121
f 1360/917/4 1601/918/122 1602/915/122
f 1606/919/124 1603/19/125 1604/677/125
f 1608/920/126 1605/921/124 1606/919/124
f 1610/922/127 1607/923/126 1608/920/126
f 1612/924/128 1609/925/127 1610/922/127
f 1614/926/129 1611/927/128 1612/924/128
f 1616/928/130 1613/929/129 1614/926/129
f 1618/930/131 1615/931/130 1616/928/130
f 1620/932/132 1617/933/131 1618/930/131
f 1622/934/133 1619/935/132 1620/932/132
f 1624/936/134 1621/259/133 1622/934/133
f 1626/937/135 1623/938/134 1624/936/134
f 1628/939/136 1625/940/135 1626/937/135
f 1630/941/137 1627/942/136 1628/939/136
f 1632/943/138 1629/944/137 1630/941/137
f 1634/945/139 1631/946/138 1632/943/138
f 1636/947/140 1633/948/139 1634/945/139
f 1638/949/141 1635/950/140 1636/947/140
f 1640/951/142 1637/952/141 1638/949/141
f 1642/953/143 1639/270/142 1640/951/142
f 1644/954/144 1641/955/143 1642/953/143
f 1646/956/145 1643/957/144 1644/954/144
f 1648/958/146 1645/959/145 1646/956/145
f 1650/960/147 1647/961/146 1648/958/146
f 1652/962/148 1649/963/149 1650/960/147
f 1654/964/150 1651/965/148 1652/962/148
f 1656/966/151 1653/967/150 1654/964/150
f 1658/968/152 1655/969/151 1656/966/151
f 1660/970/153 1657/164/152 1658/968/152
f 1662/971/154 1659/972/153 1660/970/153
f 1664/973/155 1661/974/154 1662/971/154
f 1666/975/156 1663/976/155 1664/973/155
f 1668/977/157 1665/978/156 1666/975/156
f 1670/979/158 1667/980/157 1668/977/157
f 1672/981/159 1669/982/158 1670/979/158
f 1674/983/160 1671/984/161 1672/981/159
f 1676/985/162 1673/986/160 1674/983/160
f 1678/987/163 1675/173/162 1676/985/162
f 1680/988/164 1677/989/163 1678/987/163
f 1682/990/165 1679/991/164 1680/988/164
f 1684/992/166 1681/993/165 1682/990/165
f 1686/994/167 1683/995/166 1684/992/166
f 1688/996/168 1685/997/167 1686/994/167
f 1690/998/169 1687/999/168 1688/996/168
f 1692/1000/170 1689/1001/169 1690/998/169
f 1694/1002/171 1691/1003/170 1692/1000/170
f 1696/1004/172 1693/285/171 1694/1002/171
f 1698/1005/173 1695/1006/174 1696/1004/172
f 1700/1007/175 1697/1008/173 1698/1005/173
f 1702/1009/176 1699/1010/175 1700/1007/175
f 1704/1011/177 1701/1012/176 1702/1009/176
f 1706/1013/178 1703/1014/177 1704/1011/177
f 1708/1015/179 1705/1016/178 1706/1013/178
f 1710/1017/180 1707/1018/179 1708/1015/179
f 1712/1019/181 1709/1020/180 1710/1017/180
f 1714/1021/182 1711/131/181 1712/1019/181
f 1716/1022/183 1713/1023/182 1714/1021/182
f 1718/1024/184 1715/1025/183 1716/1022/183
f 1720/1026/185 1717/1027/184 1718/1024/184
f 1722/1028/186 1719/1029/185 1720/1026/185
f 1724/1030/187 1721/1031/186 1722/1028/186
f 1726/1032/188 1723/1033/189 1724/1030/187
f 1728/1034/190 1725/1035/191 1726/1032/188
f 1730/796/192 1727/1036/190 1728/1034/190
f 1732/1037/193 1729/109/194 1730/796/192
f 1734/1038/195 1731/1039/193 1732/1037/193
f 1736/1040/196 1733/1041/195 1734/1038/195
f 1738/1042/197 1735/1043/196 1736/1040/196
f 1740/1044/198 1737/1045/197 1738/1042/197
f 1742/1046/199 1739/1047/198 1740/1044/198
f 1744/1048/200 1741/1049/199 1742/1046/199
f 1746/1050/201 1743/1051/200 1744/1048/200
f 1748/1052/202 1745/1053/201 1746/1050/201
f 1750/1054/203 1747/77/202 1748/1052/202
f 1752/1055/204 1749/1056/205 1750/1054/203
f 1754/1057/206 1751/1058/204 1752/1055/204
f 1756/1059/207 1753/1060/206 1754/1057/206
f 1758/1061/208 1755/1062/207 1756/1059/207
f 1760/1063/209 1757/1064/208 1758/1061/208
f 1762/1065/210 1759/1066/209 1760/1063/209
f 1764/1067/211 1761/1068/210 1762/1065/210
f 1766/1069/212 1763/1070/211 1764/1067/211
f 1768/1071/213 1765/30/212 1766/1069/212
f 1770/1072/214 1767/1073/213 1768/1071/213
f 1772/1074/215 1769/1075/214 1770/1072/214
f 1774/1076/216 1771/1077/215 1772/1074/215
f 1776/1078/217 1773/1079/216 1774/1076/216
f 1778/1080/218 1775/1081/217 1776/1078/217
f 1780/1082/219 1777/1083/218 1778/1080/218
f 1782/1084/220 1779/1085/219 1780/1082/219
f 1784/1086/221 1781/1087/220 1782/1084/220
f 1786/1088/222 1783/59/221 1784/1086/221
f 1788/1089/223 1785/1090/222 1786/1088/222
f 1790/1091/224 1787/1092/223 1788/1089/223
f 1792/1093/225 1789/1094/224 1790/1091/224
f 1794/1095/226 1791/1096/225 1792/1093/225
f 1796/1097/227 1793/1098/226 1794/1095/226
f 1798/1099/228 1795/1100/227 1796/1097/227
f 1800/1101/229 1797/1102/228 1798/1099/228
f 1802/1103/230 1799/1104/229 1800/1101/229
f 1804/1105/231 1801/96/230 1802/1103/230
f 1806/1106/232 1803/1107/233 1804/1105/231
f 1808/1108/234 1805/1109/232 1806/1106/232
f 1810/1110/235 1807/1111/234 1808/1108/234
f 1812/1112/236 1809/1113/235 1810/1110/235
f 1814/1114/237 1811/1115/236 1812/1112/236
f 1816/1116/238 1813/1117/237 1814/1114/237
f 1818/1118/239 1815/1119/238 1816/1116/238
f 1820/1120/240 1817/1121/239 1818/1118/239
f 1822/1122/241 1819/160/240 1820/1120/240
f 1824/1123/242 1821/1124/241 1822/1122/241
f 1826/1125/243 1823/1126/242 1824/1123/242
f 1828/1127/244 1825/1128/243 1826/1125/243
f 1830/1129/245 1827/1130/246 1828/1127/244
f 1832/1131/247 1829/1132/245 1830/1129/245
f 1834/1133/248 1831/1134/247 1832/1131/247
f 1836/1135/249 1833/1136/248 1834/1133/248
f 1838/1137/250 1835/1138/249 1836/1135/249
f 1840/1139/251 1837/214/250 1838/1137/250
f 1842/1140/252 1839/1141/251 1840/1139/251
f 1844/1142/253 1841/1143/252 1842/1140/252
f 1846/1144/254 1843/1145/253 1844/1142/253
f 1848/1146/255 1845/1147/254 1846/1144/254
f 1850/1148/256 1847/1149/255 1848/1146/255
f 1852/1150/257 1849/1151/256 1850/1148/256
f 1854/1152/258 1851/1153/257 1852/1150/257
f 1604/917/125 1853/1154/258 1854/1152/258
f 1858/919/259 1855/19/260 1856/677/260
f 1860/920/261 1857/921/259 1858/919/259
f 1862/922/262 1859/923/261 1860/920/261
f 1864/924/263 1861/925/262 1862/922/262
f 1866/926/264 1863/927/263 1864/924/263
f 1868/928/132 1865/929/264 1866/926/264
f 1870/930/265 1867/931/132 1868/928/132
f 1872/932/266 1869/933/265 1870/930/265
f 1874/934/267 1871/935/266 1872/932/266
f 1876/936/268 1873/259/267 1874/934/267
f 1878/937/269 1875/938/268 1876/936/268
f 1880/939/270 1877/940/269 1878/937/269
f 1882/941/271 1879/942/270 1880/939/270
f 1884/943/272 1881/944/271 1882/941/271
f 1886/945/273 1883/946/272 1884/943/272
f 1888/947/274 1885/948/273 1886/945/273
f 1890/949/275 1887/950/274 1888/947/274
f 1892/951/276 1889/952/275 1890/949/275
f 1894/953/277 1891/270/276 1892/951/276
f 1896/954/278 1893/955/279 1894/953/277
f 1898/956/280 1895/957/278 1896/954/278
f 1900/958/281 1897/959/280 1898/956/280
f 1902/960/282 1899/961/281 1900/958/281
f 1904/962/283 1901/963/284 1902/960/282
f 1906/964/285 1903/965/283 1904/962/283
f 1908/966/286 1905/967/285 1906/964/285
f 1910/968/287 1907/969/286 1908/966/286
f 1912/970/288 1909/164/287 1910/968/287
f 1914/971/289 1911/972/288 1912/970/288
f 1916/973/290 1913/974/289 1914/971/289
f 1918/975/291 1915/976/290 1916/973/290
f 1920/977/292 1917/978/291 1918/975/291
f 1922/979/293 1919/980/292 1920/977/292
f 1924/981/294 1921/982/293 1922/979/293
f 1926/983/295 1923/984/294 1924/981/294
f 1928/985/296 1925/986/295 1926/983/295
f 1930/987/297 1927/173/296 1928/985/296
f 1932/988/298 1929/989/297 1930/987/297
f 1934/990/299 1931/991/298 1932/988/298
f 1936/992/300 1933/993/299 1934/990/299
f 1938/994/301 1935/995/300 1936/992/300
f 1940/996/302 1937/997/301 1938/994/301
f 1942/998/303 1939/999/302 1940/996/302
f 1944/1000/304 1941/1001/303 1942/998/303
f 1946/1002/305 1943/1003/304 1944/1000/304
f 1948/1004/306 1945/285/305 1946/1002/305
f 1950/1005/307 1947/1006/306 1948/1004/306
f 1952/1007/308 1949/1008/307 1950/1005/307
f 1954/1009/309 1951/1010/308 1952/1007/308
f 1956/1011/310 1953/1012/309 1954/1009/309
f 1958/1013/311 1955/1014/310 1956/1011/310
f 1960/1015/312 1957/1016/311 1958/1013/311
f 1962/1017/313 1959/1018/312 1960/1015/312
f 1964/1019/314 1961/1020/313 1962/1017/313
f 1966/1021/315 1963/131/314 1964/1019/314
f 1968/1022/316 1965/1023/315 1966/1021/315
f 1970/1024/317 1967/1025/316 1968/1022/316
f 1972/1026/318 1969/1027/317 1970/1024/317
f 1974/1028/319 1971/1029/318 1972/1026/318
f 1976/1030/320 1973/1031/319 1974/1028/319
f 1978/1032/321 1975/1033/322 1976/1030/320
f 1980/1034/323 1977/1035/321 1978/1032/321
f 1982/796/324 1979/1036/323 1980/1034/323
f 1984/1037/325 1981/109/324 1982/796/324
f 1986/1038/326 1983/1039/327 1984/1037/325
f 1988/1040/328 1985/1041/326 1986/1038/326
f 1990/1042/329 1987/1043/328 1988/1040/328
f 1992/1044/330 1989/1045/329 1990/1042/329
f 1994/1046/331 1991/1047/330 1992/1044/330
f 1996/1048/332 1993/1049/331 1994/1046/331
f 1998/1050/333 1995/1051/332 1996/1048/332
f 2000/1052/334 1997/1053/333 1998/1050/333
f 2002/1054/335 1999/77/334 2000/1052/334
f 2004/1055/204 2001/1056/336 2002/1054/335
f 2006/1057/337 2003/1058/204 2004/1055/204
f 2008/1059/338 2005/1060/337 2006/1057/337
f 2010/1061/339 2007/1062/338 2008/1059/338
f 2012/1063/340 2009/1064/339 2010/1061/339
f 2014/1065/341 2011/1066/340 2012/1063/340
f 2016/1067/342 2013/1068/341 2014/1065/341
f 2018/1069/343 2015/1070/342 2016/1067/342
f 2020/1071/344 2017/30/345 2018/1069/343
f 2022/1072/346 2019/1073/344 2020/1071/344
f 2024/1074/347 2021/1075/346 2022/1072/346
f 2026/1076/348 2023/1077/347 2024/1074/347
f 2028/1078/349 2025/1079/348 2026/1076/348
f 2030/1080/350 2027/1081/349 2028/1078/349
f 2032/1082/351 2029/1083/350 2030/1080/350
f 2034/1084/352 2031/1085/353 2032/1082/351
f 2036/1086/354 2033/1087/352 2034/1084/352
f 2038/1088/355 2035/59/354 2036/1086/354
f 2040/1089/356 2037/1090/355 2038/1088/355
f 2042/1091/357 2039/1092/356 2040/1089/356
f 2044/1093/358 2041/1094/357 2042/1091/357
f 2046/1095/359 2043/1096/358 2044/1093/358
f 2048/1097/360 2045/1098/359 2046/1095/359
f 2050/1099/361 2047/1100/360 2048/1097/360
f 2052/1101/362 2049/1102/361 2050/1099/361
f 2054/1103/363 2051/1104/362 2052/1101/362
f 2056/1105/364 2053/96/363 2054/1103/363
f 2058/1106/365 2055/1107/364 2056/1105/364
f 2060/1108/366 2057/1109/365 2058/1106/365
f 2062/1110/367 2059/1111/366 2060/1108/366
f 2064/1112/368 2061/1113/367 2062/1110/367
f 2066/1114/369 2063/1115/368 2064/1112/368
f 2068/1116/370 2065/1117/369 2066/1114/369
f 2070/1118/371 2067/1119/370 2068/1116/370
f 2072/1120/372 2069/1121/371 2070/1118/371
f 2074/1122/373 2071/160/372 2072/1120/372
f 2076/1123/374 2073/1124/373 2074/1122/373
f 2078/1125/375 2075/1126/374 2076/1123/374
f 2080/1127/376 2077/1128/375 2078/1125/375
f 2082/1129/377 2079/1130/376 2080/1127/376
f 2084/1131/378 2081/1132/379 2082/1129/377
f 2086/1133/380 2083/1134/378 2084/1131/378
f 2088/1135/381 2085/1136/380 2086/1133/380
f 2090/1137/382 2087/1138/381 2088/1135/381
f 2092/1139/383 2089/214/382 2090/1137/382
f 2094/1140/384 2091/1141/383 2092/1139/383
f 2096/1142/385 2093/1143/384 2094/1140/384
f 2098/1144/386 2095/1145/385 2096/1142/385
f 2100/1146/387 2097/1147/386 2098/1144/386
f 2102/1148/388 2099/1149/387 2100/1146/387
f 2104/1150/389 2101/1151/388 2102/1148/388
f 2106/1152/390 2103/1153/389 2104/1150/389
f 1856/917/260 2105/1154/390 2106/1152/390
f 2110/1155/391 2107/19/392 2108/677/392
f 2112/1156/393 2109/1157/391 2110/1155/391
f 2114/1158/394 2111/1159/393 2112/1156/393
f 2116/1160/395 2113/1161/394 2114/1158/394
f 2118/1162/396 2115/1163/395 2116/1160/395
f 2120/1164/397 2117/1165/396 2118/1162/396
f 2122/1166/398 2119/1167/397 2120/1164/397
f 2124/1168/399 2121/1169/398 2122/1166/398
f 2126/1170/400 2123/1171/399 2124/1168/399
f 2128/1172/401 2125/1173/400 2126/1170/400
f 2130/1174/402 2127/1175/401 2128/1172/401
f 2132/1176/15 2129/1177/403 2130/1174/402
f 2134/1178/404 2131/1179/15 2132/1176/15
f 2136/1180/404 2133/1181/404 2134/1178/404
f 2138/1182/404 2135/1183/404 2136/1180/404
f 2140/1184/404 2137/1185/404 2138/1182/404
f 2142/1186/404 2139/1187/404 2140/1184/404
f 2144/1188/404 2141/1189/404 2142/1186/404
f 2146/1190/404 2143/1191/404 2144/1188/404
f 2148/1192/404 2145/1193/404 2146/1190/404
f 2150/1194/404 2147/1195/404 2148/1192/404
f 2152/1196/404 2149/1197/404 2150/1194/404
f 2154/1198/404 2151/1199/404 2152/1196/404
f 2156/1200/405 2153/1201/404 2154/1198/404
f 2158/1202/406 2155/1203/405 2156/1200/405
f 2160/1204/407 2157/1205/406 2158/1202/406
f 2162/1206/408 2159/1207/407 2160/1204/407
f 2164/1208/409 2161/1209/408 2162/1206/408
f 2166/1210/410 2163/1211/409 2164/1208/409
f 2168/1212/411 2165/1213/410 2166/1210/410
f 2170/1214/412 2167/1215/411 2168/1212/411
f 2172/1216/413 2169/1217/412 2170/1214/412
f 2174/1218/414 2171/1219/413 2172/1216/413
f 2176/1220/415 2173/1221/414 2174/1218/414
f 2178/1222/416 2175/1223/415 2176/1220/415
f 2180/1224/417 2177/1225/416 2178/1222/416
f 2182/1226/418 2179/1227/417 2180/1224/417
f 2184/1228/419 2181/1229/418 2182/1226/418
f 2186/1230/420 2183/1231/419 2184/1228/419
f 2188/1232/421 2185/1233/420 2186/1230/420
f 2190/1234/422 2187/1235/421 2188/1232/421
f 2192/1236/423 2189/1237/422 2190/1234/422
f 2194/1238/424 2191/1239/423 2192/1236/423
f 2196/1240/425 2193/1241/424 2194/1238/424
f 2198/1242/426 2195/1243/425 2196/1240/425
f 2200/1244/427 2197/1245/426 2198/1242/426
f 2202/1246/428 2199/1247/427 2200/1244/427
f 2204/1248/429 2201/1249/428 2202/1246/428
f 2206/1250/430 2203/1251/429 2204/1248/429
f 2208/1252/431 2205/1253/430 2206/1250/430
f 2210/1254/432 2207/1255/431 2208/1252/431
f 2212/1256/433 2209/1257/432 2210/1254/432
f 2214/1258/434 2211/1259/433 2212/1256/433
f 2216/1260/435 2213/174/434 2214/1258/434
f 2218/1261/436 2215/1262/435 2216/1260/435
f 2220/1263/437 2217/1264/436 2218/1261/436
f 2222/1265/438 2219/1266/437 2220/1263/437
f 2224/1267/439 2221/1268/438 2222/1265/438
f 2226/1269/440 2223/1270/441 2224/1267/439
f 2228/1271/442 2225/1272/440 2226/1269/440
f 2230/1273/443 2227/1274/444 2228/1271/442
f 2232/1275/445 2229/1276/443 2230/1273/443
f 2234/1277/446 2231/1278/445 2232/1275/445
f 2236/1279/447 2233/1280/448 2234/1277/446
f 2238/1281/449 2235/1282/447 2236/1279/447
f 2240/1283/450 2237/1284/449 2238/1281/449
f 2242/1285/451 2239/1286/450 2240/1283/450
f 2244/1287/452 2241/1288/451 2242/1285/451
f 2246/1289/453 2243/1290/452 2244/1287/452
f 2248/1291/454 2245/1292/453 2246/1289/453
f 2250/1293/455 2247/1294/454 2248/1291/454
f 2252/1295/456 2249/1296/455 2250/1293/455
f 2254/1297/457 2251/1298/458 2252/1295/456
f 2256/1299/459 2253/1300/457 2254/1297/457
f 2258/1301/460 2255/1302/459 2256/1299/459
f 2260/1303/461 2257/1304/460 2258/1301/460
f 2262/1305/462 2259/1306/461 2260/1303/461
f 2264/1307/463 2261/1308/462 2262/1305/462
f 2266/1309/464 2263/1310/463 2264/1307/463
f 2268/1311/465 2265/1312/464 2266/1309/464
f 2270/1313/466 2267/1314/465 2268/1311/465
f 2272/1315/467 2269/1316/466 2270/1313/466
f 2274/1317/468 2271/1318/467 2272/1315/467
f 2276/1319/469 2273/1320/468 2274/1317/468
f 2278/1321/470 2275/1322/469 2276/1319/469
f 2280/1323/471 2277/1324/470 2278/1321/470
f 2282/1325/472 2279/1326/471 2280/1323/471
f 2284/1327/473 2281/1328/472 2282/1325/472
f 2286/1329/474 2283/1330/473 2284/1327/473
f 2288/1331/475 2285/1332/474 2286/1329/474
f 2290/1333/476 2287/1334/475 2288/1331/475
f 2292/1335/477 2289/1336/478 2290/1333/476
f 2294/1337/479 2291/1338/480 2292/1335/477
f 2296/1339/481 2293/1340/479 2294/1337/479
f 2298/1341/482 2295/1342/481 2296/1339/481
f 2300/1343/483 2297/1344/482 2298/1341/482
f 2302/1345/484 2299/1346/483 2300/1343/483
f 2304/1347/485 2301/1348/484 2302/1345/484
f 2306/1349/486 2303/1350/485 2304/1347/485
f 2308/1351/487 2305/1352/486 2306/1349/486
f 2310/1353/488 2307/1354/487 2308/1351/487
f 2312/1355/489 2309/1356/488 2310/1353/488
f 2314/1357/490 2311/1358/489 2312/1355/489
f 2316/1359/491 2313/1360/490 2314/1357/490
f 2318/1361/492 2315/1362/491 2316/1359/491
f 2320/1363/493 2317/1364/492 2318/1361/492
f 2322/1365/494 2319/187/493 2320/1363/493
f 2324/1366/495 2321/1367/494 2322/1365/494
f 2326/1368/496 2323/1369/495 2324/1366/495
f 2328/1370/497 2325/1371/496 2326/1368/496
f 2330/1372/498 2327/1373/497 2328/1370/497
f 2332/1374/499 2329/1375/498 2330/1372/498
f 2334/1376/500 2331/1377/499 2332/1374/499
f 2336/1378/501 2333/1379/500 2334/1376/500
f 2338/1380/502 2335/1381/501 2336/1378/501
f 2340/1382/503 2337/1383/502 2338/1380/502
f 2342/1384/504 2339/1385/503 2340/1382/503
f 2344/1386/505 2341/1387/504 2342/1384/504
f 2346/1388/506 2343/1389/505 2344/1386/505
f 2348/1390/507 2345/1391/506 2346/1388/506
f 2350/1392/508 2347/1393/507 2348/1390/507
f 2352/1394/509 2349/1395/510 2350/1392/508
f 2354/1396/511 2351/1397/509 2352/1394/509
f 2356/1398/512 2353/1399/511 2354/1396/511
f 2358/1400/513 2355/1401/512 2356/1398/512
f 2360/1402/514 2357/1403/513 2358/1400/513
f 2362/1404/515 2359/1405/514 2360/1402/514
f 2364/1406/516 2361/1407/515 2362/1404/515
f 2366/1408/517 2363/1409/518 2364/1406/516
f 2368/1410/519 2365/1411/517 2366/1408/517
f 2370/1412/520 2367/1413/519 2368/1410/519
f 2372/1414/521 2369/1415/520 2370/1412/520
f 2374/1416/522 2371/1417/521 2372/1414/521
f 2376/1418/523 2373/1419/522 2374/1416/522
f 2378/1420/524 2375/1421/523 2376/1418/523
f 2380/1422/525 2377/1423/524 2378/1420/524
f 2382/1424/526 2379/1425/525 2380/1422/525
f 2384/1426/527 2381/1427/526 2382/1424/526
f 2386/1428/528 2383/1429/529 2384/1426/527
f 2388/1430/530 2385/1431/528 2386/1428/528
f 2390/1432/531 2387/1433/530 2388/1430/530
f 2392/1434/532 2389/1435/531 2390/1432/531
f 2394/1436/533 2391/1437/532 2392/1434/532
f 2396/1438/534 2393/1439/533 2394/1436/533
f 2398/1440/535 2395/1441/534 2396/1438/534
f 2400/1442/536 2397/1443/537 2398/1440/535
f 2402/1444/538 2399/1445/536 2400/1442/536
f 2404/1446/539 2401/1447/538 2402/1444/538
f 2406/1448/540 2403/1449/539 2404/1446/539
f 2408/1450/541 2405/1451/540 2406/1448/540
f 2410/1452/542 2407/1453/541 2408/1450/541
f 2412/1454/543 2409/1455/542 2410/1452/542
f 2414/1456/544 2411/1457/543 2412/1454/543
f 2416/1458/545 2413/1459/544 2414/1456/544
f 2418/1460/546 2415/1461/545 2416/1458/545
f 2420/1462/547 2417/1463/546 2418/1460/546
f 2422/1464/548 2419/1465/547 2420/1462/547
f 2424/1466/549 2421/1467/550 2422/1464/548
f 2426/1468/551 2423/1469/549 2424/1466/549
f 2428/1470/44 2425/148/551 2426/1468/551
f 2430/1471/44 2427/1472/44 2428/1470/44
f 2432/1473/84 2429/1474/44 2430/1471/44
f 2434/1475/84 2431/1476/84 2432/1473/84
f 2436/1477/44 2433/1478/84 2434/1475/84
f 2438/1479/44 2435/1480/44 2436/1477/44
f 2440/1481/84 2437/1482/44 2438/1479/44
f 2442/1483/84 2439/1484/84 2440/1481/84
f 2444/1485/44 2441/1486/84 2442/1483/84
f 2446/1487/44 2443/1488/44 2444/1485/44
f 2448/1489/84 2445/1490/44 2446/1487/44
f 2450/1491/84 2447/1492/84 2448/1489/84
f 2452/1493/552 2449/1494/84 2450/1491/84
f 2454/1495/553 2451/1496/552 2452/1493/552
f 2456/1497/554 2453/1498/553 2454/1495/553
f 2458/1499/555 2455/1500/554 2456/1497/554
f 2460/1501/556 2457/1502/555 2458/1499/555
f 2462/1503/557 2459/1504/556 2460/1501/556
f 2464/1505/558 2461/1506/557 2462/1503/557
f 2466/1507/559 2463/1508/558 2464/1505/558
f 2468/1509/560 2465/1510/559 2466/1507/559
f 2470/1511/561 2467/1512/560 2468/1509/560
f 2472/1513/562 2469/1514/561 2470/1511/561
f 2474/1515/563 2471/1516/562 2472/1513/562
f 2476/1517/564 2473/1518/563 2474/1515/563
f 2478/1519/565 2475/1520/566 2476/1517/564
f 2480/1521/567 2477/1522/565 2478/1519/565
f 2482/1523/568 2479/1524/567 2480/1521/567
f 2484/1525/569 2481/1526/568 2482/1523/568
f 2486/1527/570 2483/1528/569 2484/1525/569
f 2488/1529/571 2485/1530/572 2486/1527/570
f 2490/1531/573 2487/1532/571 2488/1529/571
f 2492/1533/574 2489/1534/573 2490/1531/573
f 2494/1535/575 2491/1536/576 2492/1533/574
f 2496/1537/577 2493/1538/575 2494/1535/575
f 2498/1539/578 2495/1540/577 2496/1537/577
f 2500/1541/579 2497/1542/578 2498/1539/578
f 2502/1543/580 2499/1544/579 2500/1541/579
f 2504/1545/581 2501/1546/580 2502/1543/580
f 2506/1547/582 2503/1548/581 2504/1545/581
f 2508/1549/583 2505/1550/582 2506/1547/582
f 2510/1551/584 2507/1552/583 2508/1549/583
f 2512/1553/585 2509/1554/584 2510/1551/584
f 2514/1555/586 2511/1556/585 2512/1553/585
f 2516/1557/587 2513/1558/586 2514/1555/586
f 2518/1559/588 2515/1560/587 2516/1557/587
f 2520/1561/589 2517/1562/588 2518/1559/588
f 2522/1563/590 2519/1564/589 2520/1561/589
f 2524/1565/591 2521/1566/590 2522/1563/590
f 2526/1567/592 2523/1568/591 2524/1565/591
f 2528/1569/87 2525/1570/592 2526/1567/592
f 2530/1571/593 2527/1572/87 2528/1569/87
f 2532/1573/594 2529/1574/593 2530/1571/593
f 2534/1575/595 2531/300/594 2532/1573/594
f 2536/1576/596 2533/1577/595 2534/1575/595
f 2538/1578/597 2535/1579/596 2536/1576/596
f 2540/1580/598 2537/1581/597 2538/1578/597
f 2542/1582/599 2539/1583/598 2540/1580/598
f 2544/1584/600 2541/1585/599 2542/1582/599
f 2546/1586/601 2543/1587/600 2544/1584/600
f 2548/1588/543 2545/1589/601 2546/1586/601
f 2550/1590/602 2547/1591/543 2548/1588/543
f 2552/1592/15 2549/1593/603 2550/1590/602
f 2554/1594/15 2551/1595/15 2552/1592/15
f 2556/1596/16 2553/1597/15 2554/1594/15
f 2558/1598/16 2555/1599/16 2556/1596/16
f 2560/1600/15 2557/1601/16 2558/1598/16
f 2562/1602/15 2559/1603/15 2560/1600/15
f 2564/1604/16 2561/1605/15 2562/1602/15
f 2566/1606/16 2563/1607/16 2564/1604/16
f 2568/1608/15 2565/1609/16 2566/1606/16
f 2570/1610/15 2567/1611/15 2568/1608/15
f 2572/1612/16 2569/1613/15 2570/1610/15
f 2574/1614/16 2571/1615/16 2572/1612/16
f 2576/1616/604 2573/1617/16 2574/1614/16
f 2578/1618/604 2575/1619/604 2576/1616/604
f 2580/1620/605 2577/1621/606 2578/1618/604
f 2582/1622/607 2579/1623/605 2580/1620/605
f 2584/1624/608 2581/1625/607 2582/1622/607
f 2586/1626/609 2583/1627/608 2584/1624/608
f 2588/1628/610 2585/1629/609 2586/1626/609
f 2590/1630/611 2587/1631/610 2588/1628/610
f 2592/1632/612 2589/1633/611 2590/1630/611
f 2594/1634/613 2591/1635/612 2592/1632/612
f 2596/1636/614 2593/1637/613 2594/1634/613
f 2598/1638/615 2595/1639/614 2596/1636/614
f 2600/1640/616 2597/1641/615 2598/1638/615
f 2602/1642/617 2599/1643/616 2600/1640/616
f 2604/1644/618 2601/1645/617 2602/1642/617
f 2606/1646/44 2603/1647/619 2604/1644/618
f 2608/1648/84 2605/1649/44 2606/1646/44
f 2610/1650/620 2607/1651/84 2608/1648/84
f 2612/1652/621 2609/1653/620 2610/1650/620
f 2614/1654/622 2611/1655/621 2612/1652/621
f 2616/1656/623 2613/1657/622 2614/1654/622
f 2618/1658/624 2615/1659/623 2616/1656/623
f 2620/1660/625 2617/1661/624 2618/1658/624
f 2622/1662/626 2619/1663/627 2620/1660/625
f 2624/1664/628 2621/1665/629 2622/1662/626
f 2626/1666/630 2623/1667/631 2624/1664/628
f 2628/1668/632 2625/1669/630 2626/1666/630
f 2630/1670/633 2627/1671/632 2628/1668/632
f 2632/1672/634 2629/1673/633 2630/1670/633
f 2634/1674/84 2631/1675/634 2632/1672/634
f 2636/1676/635 2633/1677/84 2634/1674/84
f 2108/917/392 2635/1678/635 2636/1676/635
f 2640/1679/44 2637/19/84 2638/677/84
f 2642/796/16 2639/154/44 2640/1679/44
f 2644/1680/15 2641/109/16 2642/796/16
f 2638/917/84 2643/138/15 2644/1680/15
f 2648/1679/44 2645/19/84 2646/677/84
f 2650/796/16 2647/154/44 2648/1679/44
f 2652/1680/15 2649/109/16 2650/796/16
f 2646/917/84 2651/138/15 2652/1680/15
f 2656/1679/44 2653/19/84 2654/677/84
f 2658/796/16 2655/154/44 2656/1679/44
f 2660/1680/15 2657/109/16 2658/796/16
f 2654/917/84 2659/138/15 2660/1680/15
f 2664/1679/44 2661/19/84 2662/677/84
f 2666/796/16 2663/154/44 2664/1679/44
f 2668/1680/15 2665/109/16 2666/796/16
f 2662/917/84 2667/138/15 2668/1680/15
f 2672/1681/15 2669/19/15 2670/677/15
f 2674/1682/16 2671/1683/15 2672/1681/15
f 2676/1684/44 2673/278/16 2674/1682/16
f 2678/1679/44 2675/1685/44 2676/1684/44
f 2680/1686/16 2677/154/44 2678/1679/44
f 2682/1687/16 2679/1688/16 2680/1686/16
f 2684/1689/44 2681/249/16 2682/1687/16
f 2686/796/44 2683/1690/44 2684/1689/44
f 2688/1691/16 2685/109/44 2686/796/44
f 2690/1692/16 2687/1693/16 2688/1691/16
f 2692/1694/44 2689/61/16 2690/1692/16
f 2694/1680/84 2691/1695/44 2692/1694/44
f 2696/1696/84 2693/138/84 2694/1680/84
f 2698/1697/84 2695/1698/84 2696/1696/84
f 2700/1699/15 2697/189/84 2698/1697/84
f 2670/917/15 2699/1700/15 2700/1699/15
f 2704/1679/16 2701/19/44 2702/677/44
f 2706/796/15 2703/154/16 2704/1679/16
f 2708/1680/84 2705/109/15 2706/796/15
f 2702/917/44 2707/138/84 2708/1680/84
f 2712/1679/15 2709/19/16 2710/677/16
f 2714/796/84 2711/154/15 2712/1679/15
f 2716/1680/44 2713/109/84 2714/796/84
f 2710/917/16 2715/138/44 2716/1680/44
f 1362/676/3 1361/679/3 1359/19/4
f 1364/678/5 1363/681/5 1361/679/3
f 1366/680/6 1365/683/6 1363/681/5
f 1368/682/7 1367/685/7 1365/683/6
f 1370/684/8 1369/687/8 1367/685/7
f 1372/686/9 1371/689/9 1369/687/8
f 1374/688/10 1373/691/10 1371/689/9
f 1376/690/11 1375/693/11 1373/691/10
f 1378/692/12 1377/695/12 1375/693/11
f 1380/694/13 1379/697/13 1377/695/12
f 1382/696/14 1381/699/14 1379/697/13
f 1384/698/15 1383/701/15 1381/699/14
f 1386/700/15 1385/703/15 1383/701/15
f 1388/702/16 1387/705/16 1385/703/15
f 1390/704/16 1389/707/16 1387/705/16
f 1392/706/17 1391/709/17 1389/707/16
f 1394/708/18 1393/711/18 1391/709/17
f 1396/710/19 1395/713/19 1393/711/18
f 1398/712/20 1397/715/20 1395/713/19
f 1400/714/21 1399/717/21 1397/715/20
f 1402/716/22 1401/719/22 1399/717/21
f 1404/718/23 1403/721/23 1401/719/22
f 1406/720/24 1405/723/24 1403/721/23
f 1408/722/25 1407/725/25 1405/723/24
f 1410/724/26 1409/727/26 1407/725/25
f 1412/726/27 1411/729/27 1409/727/26
f 1414/728/28 1413/731/28 1411/729/27
f 1416/730/29 1415/733/29 1413/731/28
f 1418/732/30 1417/735/32 1415/733/29
f 1420/734/31 1419/737/31 1417/735/32
f 1422/736/33 1421/739/33 1419/737/31
f 1424/738/34 1423/741/34 1421/739/33
f 1426/740/35 1425/743/35 1423/741/34
f 1428/742/36 1427/745/36 1425/743/35
f 1430/744/37 1429/747/37 1427/745/36
f 1432/746/38 1431/749/38 1429/747/37
f 1434/748/39 1433/751/39 1431/749/38
f 1436/750/40 1435/753/40 1433/751/39
f 1438/752/41 1437/755/41 1435/753/40
f 1440/754/42 1439/757/42 1437/755/41
f 1442/756/43 1441/759/43 1439/757/42
f 1444/758/16 1443/761/16 1441/759/43
f 1446/760/44 1445/763/44 1443/761/16
f 1448/762/45 1447/765/47 1445/763/44
f 1450/764/46 1449/767/46 1447/765/47
f 1452/766/48 1451/769/48 1449/767/46
f 1454/768/49 1453/771/49 1451/769/48
f 1456/770/50 1455/773/50 1453/771/49
f 1458/772/51 1457/775/51 1455/773/50
f 1460/774/52 1459/777/52 1457/775/51
f 1462/776/53 1461/779/53 1459/777/52
f 1464/778/54 1463/781/54 1461/779/53
f 1466/780/55 1465/783/55 1463/781/54
f 1468/782/56 1467/785/56 1465/783/55
f 1470/784/57 1469/787/57 1467/785/56
f 1472/786/58 1471/789/58 1469/787/57
f 1474/788/59 1473/791/59 1471/789/58
f 1476/790/60 1475/793/60 1473/791/59
f 1478/792/61 1477/795/61 1475/793/60
f 1480/794/62 1479/797/62 1477/795/61
f 1482/796/63 1481/109/63 1479/797/62
f 1484/798/64 1483/800/64 1481/109/63
f 1486/799/65 1485/802/65 1483/800/64
f 1488/801/66 1487/804/66 1485/802/65
f 1490/803/67 1489/806/67 1487/804/66
f 1492/805/68 1491/808/68 1489/806/67
f 1494/807/69 1493/810/69 1491/808/68
f 1496/809/70 1495/812/70 1493/810/69
f 1498/811/71 1497/814/71 1495/812/70
f 1500/813/72 1499/816/72 1497/814/71
f 1502/815/73 1501/818/73 1499/816/72
f 1504/817/74 1503/820/74 1501/818/73
f 1506/819/75 1505/822/75 1503/820/74
f 1508/821/76 1507/824/76 1505/822/75
f 1510/823/77 1509/826/77 1507/824/76
f 1512/825/78 1511/828/78 1509/826/77
f 1514/827/79 1513/830/79 1511/828/78
f 1516/829/80 1515/832/80 1513/830/79
f 1518/831/81 1517/834/81 1515/832/80
f 1520/833/82 1519/836/83 1517/834/81
f 1522/835/44 1521/838/44 1519/836/83
f 1524/837/84 1523/840/84 1521/838/44
f 1526/839/84 1525/842/84 1523/840/84
f 1528/841/85 1527/844/85 1525/842/84
f 1530/843/86 1529/846/86 1527/844/85
f 1532/845/87 1531/848/87 1529/846/86
f 1534/847/88 1533/850/88 1531/848/87
f 1536/849/89 1535/852/89 1533/850/88
f 1538/851/90 1537/854/90 1535/852/89
f 1540/853/91 1539/856/91 1537/854/90
f 1542/855/92 1541/858/92 1539/856/91
f 1544/857/93 1543/860/93 1541/858/92
f 1546/859/94 1545/862/94 1543/860/93
f 1548/861/95 1547/864/95 1545/862/94
f 1550/863/96 1549/866/96 1547/864/95
f 1552/865/97 1551/868/97 1549/866/96
f 1554/867/98 1553/870/98 1551/868/97
f 1556/869/99 1555/872/99 1553/870/98
f 1558/871/100 1557/874/100 1555/872/99
f 1560/873/101 1559/876/101 1557/874/100
f 1562/875/102 1561/878/102 1559/876/101
f 1564/877/103 1563/880/103 1561/878/102
f 1566/879/104 1565/882/104 1563/880/103
f 1568/881/105 1567/884/105 1565/882/104
f 1570/883/106 1569/886/106 1567/884/105
f 1572/885/107 1571/888/107 1569/886/106
f 1574/887/108 1573/890/108 1571/888/107
f 1576/889/109 1575/892/109 1573/890/108
f 1578/891/110 1577/894/110 1575/892/109
f 1580/893/111 1579/896/111 1577/894/110
f 1582/895/112 1581/898/112 1579/896/111
f 1584/897/113 1583/900/113 1581/898/112
f 1586/899/114 1585/902/114 1583/900/113
f 1588/901/115 1587/904/115 1585/902/114
f 1590/903/116 1589/906/116 1587/904/115
f 1592/905/117 1591/908/117 1589/906/116
f 1594/907/118 1593/910/118 1591/908/117
f 1596/909/119 1595/912/119 1593/910/118
f 1598/911/120 1597/914/120 1595/912/119
f 1600/913/121 1599/916/123 1597/914/120
f 1602/915/122 1601/918/122 1599/916/123
f 1360/917/4 1359/16/4 1601/918/122
f 1606/919/124 1605/921/124 1603/19/125
f 1608/920/126 1607/923/126 1605/921/124
f 1610/922/127 1609/925/127 1607/923/126
f 1612/924/128 1611/927/128 1609/925/127
f 1614/926/129 1613/929/129 1611/927/128
f 1616/928/130 1615/931/130 1613/929/129
f 1618/930/131 1617/933/131 1615/931/130
f 1620/932/132 1619/935/132 1617/933/131
f 1622/934/133 1621/259/133 1619/935/132
f 1624/936/134 1623/938/134 1621/259/133
f 1626/937/135 1625/940/135 1623/938/134
f 1628/939/136 1627/942/136 1625/940/135
f 1630/941/137 1629/944/137 1627/942/136
f 1632/943/138 1631/946/138 1629/944/137
f 1634/945/139 1633/948/139 1631/946/138
f 1636/947/140 1635/950/140 1633/948/139
f 1638/949/141 1637/952/141 1635/950/140
f 1640/951/142 1639/270/142 1637/952/141
f 1642/953/143 1641/955/143 1639/270/142
f 1644/954/144 1643/957/144 1641/955/143
f 1646/956/145 1645/959/145 1643/957/144
f 1648/958/146 1647/961/146 1645/959/145
f 1650/960/147 1649/963/149 1647/961/146
f 1652/962/148 1651/965/148 1649/963/149
f 1654/964/150 1653/967/150 1651/965/148
f 1656/966/151 1655/969/151 1653/967/150
f 1658/968/152 1657/164/152 1655/969/151
f 1660/970/153 1659/972/153 1657/164/152
f 1662/971/154 1661/974/154 1659/972/153
f 1664/973/155 1663/976/155 1661/974/154
f 1666/975/156 1665/978/156 1663/976/155
f 1668/977/157 1667/980/157 1665/978/156
f 1670/979/158 1669/982/158 1667/980/157
f 1672/981/159 1671/984/161 1669/982/158
f 1674/983/160 1673/986/160 1671/984/161
f 1676/985/162 1675/173/162 1673/986/160
f 1678/987/163 1677/989/163 1675/173/162
f 1680/988/164 1679/991/164 1677/989/163
f 1682/990/165 1681/993/165 1679/991/164
f 1684/992/166 1683/995/166 1681/993/165
f 1686/994/167 1685/997/167 1683/995/166
f 1688/996/168 1687/999/168 1685/997/167
f 1690/998/169 1689/1001/169 1687/999/168
f 1692/1000/170 1691/1003/170 1689/1001/169
f 1694/1002/171 1693/285/171 1691/1003/170
f 1696/1004/172 1695/1006/174 1693/285/171
f 1698/1005/173 1697/1008/173 1695/1006/174
f 1700/1007/175 1699/1010/175 1697/1008/173
f 1702/1009/176 1701/1012/176 1699/1010/175
f 1704/1011/177 1703/1014/177 1701/1012/176
f 1706/1013/178 1705/1016/178 1703/1014/177
f 1708/1015/179 1707/1018/179 1705/1016/178
f 1710/1017/180 1709/1020/180 1707/1018/179
f 1712/1019/181 1711/131/181 1709/1020/180
f 1714/1021/182 1713/1023/182 1711/131/181
f 1716/1022/183 1715/1025/183 1713/1023/182
f 1718/1024/184 1717/1027/184 1715/1025/183
f 1720/1026/185 1719/1029/185 1717/1027/184
f 1722/1028/186 1721/1031/186 1719/1029/185
f 1724/1030/187 1723/1033/189 1721/1031/186
f 1726/1032/188 1725/1035/191 1723/1033/189
f 1728/1034/190 1727/1036/190 1725/1035/191
f 1730/796/192 1729/109/194 1727/1036/190
f 1732/1037/193 1731/1039/193 1729/109/194
f 1734/1038/195 1733/1041/195 1731/1039/193
f 1736/1040/196 1735/1043/196 1733/1041/195
f 1738/1042/197 1737/1045/197 1735/1043/196
f 1740/1044/198 1739/1047/198 1737/1045/197
f 1742/1046/199 1741/1049/199 1739/1047/198
f 1744/1048/200 1743/1051/200 1741/1049/199
f 1746/1050/201 1745/1053/201 1743/1051/200
f 1748/1052/202 1747/77/202 1745/1053/201
f 1750/1054/203 1749/1056/205 1747/77/202
f 1752/1055/204 1751/1058/204 1749/1056/205
f 1754/1057/206 1753/1060/206 1751/1058/204
f 1756/1059/207 1755/1062/207 1753/1060/206
f 1758/1061/208 1757/1064/208 1755/1062/207
f 1760/1063/209 1759/1066/209 1757/1064/208
f 1762/1065/210 1761/1068/210 1759/1066/209
f 1764/1067/211 1763/1070/211 1761/1068/210
f 1766/1069/212 1765/30/212 1763/1070/211
f 1768/1071/213 1767/1073/213 1765/30/212
f 1770/1072/214 1769/1075/214 1767/1073/213
f 1772/1074/215 1771/1077/215 1769/1075/214
f 1774/1076/216 1773/1079/216 1771/1077/215
f 1776/1078/217 1775/1081/217 1773/1079/216
f 1778/1080/218 1777/1083/218 1775/1081/217
f 1780/1082/219 1779/1085/219 1777/1083/218
f 1782/1084/220 1781/1087/220 1779/1085/219
f 1784/1086/221 1783/59/221 1781/1087/220
f 1786/1088/222 1785/1090/222 1783/59/221
f 1788/1089/223 1787/1092/223 1785/1090/222
f 1790/1091/224 1789/1094/224 1787/1092/223
f 1792/1093/225 1791/1096/225 1789/1094/224
f 1794/1095/226 1793/1098/226 1791/1096/225
f 1796/1097/227 1795/1100/227 1793/1098/226
f 1798/1099/228 1797/1102/228 1795/1100/227
f 1800/1101/229 1799/1104/229 1797/1102/228
f 1802/1103/230 1801/96/230 1799/1104/229
f 1804/1105/231 1803/1107/233 1801/96/230
f 1806/1106/232 1805/1109/232 1803/1107/233
f 1808/1108/234 1807/1111/234 1805/1109/232
f 1810/1110/235 1809/1113/235 1807/1111/234
f 1812/1112/236 1811/1115/236 1809/1113/235
f 1814/1114/237 1813/1117/237 1811/1115/236
f 1816/1116/238 1815/1119/238 1813/1117/237
f 1818/1118/239 1817/1121/239 1815/1119/238
f 1820/1120/240 1819/160/240 1817/1121/239
f 1822/1122/241 1821/1124/241 1819/160/240
f 1824/1123/242 1823/1126/242 1821/1124/241
f 1826/1125/243 1825/1128/243 1823/1126/242
f 1828/1127/244 1827/1130/246 1825/1128/243
f 1830/1129/245 1829/1132/245 1827/1130/246
f 1832/1131/247 1831/1134/247 1829/1132/245
f 1834/1133/248 1833/1136/248 1831/1134/247
f 1836/1135/249 1835/1138/249 1833/1136/248
f 1838/1137/250 1837/214/250 1835/1138/249
f 1840/1139/251 1839/1141/251 1837/214/250
f 1842/1140/252 1841/1143/252 1839/1141/251
f 1844/1142/253 1843/1145/253 1841/1143/252
f 1846/1144/254 1845/1147/254 1843/1145/253
f 1848/1146/255 1847/1149/255 1845/1147/254
f 1850/1148/256 1849/1151/256 1847/1149/255
f 1852/1150/257 1851/1153/257 1849/1151/256
f 1854/1152/258 1853/1154/258 1851/1153/257
f 1604/917/125 1603/16/125 1853/1154/258
f 1858/919/259 1857/921/259 1855/19/260
f 1860/920/261 1859/923/261 1857/921/259
f 1862/922/262 1861/925/262 1859/923/261
f 1864/924/263 1863/927/263 1861/925/262
f 1866/926/264 1865/929/264 1863/927/263
f 1868/928/132 1867/931/132 1865/929/264
f 1870/930/265 1869/933/265 1867/931/132
f 1872/932/266 1871/935/266 1869/933/265
f 1874/934/267 1873/259/267 1871/935/266
f 1876/936/268 1875/938/268 1873/259/267
f 1878/937/269 1877/940/269 1875/938/268
f 1880/939/270 1879/942/270 1877/940/269
f 1882/941/271 1881/944/271 1879/942/270
f 1884/943/272 1883/946/272 1881/944/271
f 1886/945/273 1885/948/273 1883/946/272
f 1888/947/274 1887/950/274 1885/948/273
f 1890/949/275 1889/952/275 1887/950/274
f 1892/951/276 1891/270/276 1889/952/275
f 1894/953/277 1893/955/279 1891/270/276
f 1896/954/278 1895/957/278 1893/955/279
f 1898/956/280 1897/959/280 1895/957/278
f 1900/958/281 1899/961/281 1897/959/280
f 1902/960/282 1901/963/284 1899/961/281
f 1904/962/283 1903/965/283 1901/963/284
f 1906/964/285 1905/967/285 1903/965/283
f 1908/966/286 1907/969/286 1905/967/285
f 1910/968/287 1909/164/287 1907/969/286
f 1912/970/288 1911/972/288 1909/164/287
f 1914/971/289 1913/974/289 1911/972/288
f 1916/973/290 1915/976/290 1913/974/289
f 1918/975/291 1917/978/291 1915/976/290
f 1920/977/292 1919/980/292 1917/978/291
f 1922/979/293 1921/982/293 1919/980/292
f 1924/981/294 1923/984/294 1921/982/293
f 1926/983/295 1925/986/295 1923/984/294
f 1928/985/296 1927/173/296 1925/986/295
f 1930/987/297 1929/989/297 1927/173/296
f 1932/988/298 1931/991/298 1929/989/297
f 1934/990/299 1933/993/299 1931/991/298
f 1936/992/300 1935/995/300 1933/993/299
f 1938/994/301 1937/997/301 1935/995/300
f 1940/996/302 1939/999/302 1937/997/301
f 1942/998/303 1941/1001/303 1939/999/302
f 1944/1000/304 1943/1003/304 1941/1001/303
f 1946/1002/305 1945/285/305 1943/1003/304
f 1948/1004/306 1947/1006/306 1945/285/305
f 1950/1005/307 1949/1008/307 1947/1006/306
f 1952/1007/308 1951/1010/308 1949/1008/307
f 1954/1009/309 1953/1012/309 1951/1010/308
f 1956/1011/310 1955/1014/310 1953/1012/309
f 1958/1013/311 1957/1016/311 1955/1014/310
f 1960/1015/312 1959/1018/312 1957/1016/311
f 1962/1017/313 1961/1020/313 1959/1018/312
f 1964/1019/314 1963/131/314 1961/1020/313
f 1966/1021/315 1965/1023/315 1963/131/314
f 1968/1022/316 1967/1025/316 1965/1023/315
f 1970/1024/317 1969/1027/317 1967/1025/316
f 1972/1026/318 1971/1029/318 1969/1027/317
f 1974/1028/319 1973/1031/319 1971/1029/318
f 1976/1030/320 1975/1033/322 1973/1031/319
f 1978/1032/321 1977/1035/321 1975/1033/322
f 1980/1034/323 1979/1036/323 1977/1035/321
f 1982/796/324 1981/109/324 1979/1036/323
f 1984/1037/325 1983/1039/327 1981/109/324
f 1986/1038/326 1985/1041/326 1983/1039/327
f 1988/1040/328 1987/1043/328 1985/1041/326
f 1990/1042/329 1989/1045/329 1987/1043/328
f 1992/1044/330 1991/1047/330 1989/1045/329
f 1994/1046/331 1993/1049/331 1991/1047/330
f 1996/1048/332 1995/1051/332 1993/1049/331
f 1998/1050/333 1997/1053/333 1995/1051/332
f 2000/1052/334 1999/77/334 1997/1053/333
f 2002/1054/335 2001/1056/336 1999/77/334
f 2004/1055/204 2003/1058/204 2001/1056/336
f 2006/1057/337 2005/1060/337 2003/1058/204
f 2008/1059/338 2007/1062/338 2005/1060/337
f 2010/1061/339 2009/1064/339 2007/1062/338
f 2012/1063/340 2011/1066/340 2009/1064/339
f 2014/1065/341 2013/1068/341 2011/1066/340
f 2016/1067/342 2015/1070/342 2013/1068/341
f 2018/1069/343 2017/30/345 2015/1070/342
f 2020/1071/344 2019/1073/344 2017/30/345
f 2022/1072/346 2021/1075/346 2019/1073/344
f 2024/1074/347 2023/1077/347 2021/1075/346
f 2026/1076/348 2025/1079/348 2023/1077/347
f 2028/1078/349 2027/1081/349 2025/1079/348
f 2030/1080/350 2029/1083/350 2027/1081/349
f 2032/1082/351 2031/1085/353 2029/1083/350
f 2034/1084/352 2033/1087/352 2031/1085/353
f 2036/1086/354 2035/59/354 2033/1087/352
f 2038/1088/355 2037/1090/355 2035/59/354
f 2040/1089/356 2039/1092/356 2037/1090/355
f 2042/1091/357 2041/1094/357 2039/1092/356
f 2044/1093/358 2043/1096/358 2041/1094/357
f 2046/1095/359 2045/1098/359 2043/1096/358
f 2048/1097/360 2047/1100/360 2045/1098/359
f 2050/1099/361 2049/1102/361 2047/1100/360
f 2052/1101/362 2051/1104/362 2049/1102/361
f 2054/1103/363 2053/96/363 2051/1104/362
f 2056/1105/364 2055/1107/364 2053/96/363
f 2058/1106/365 2057/1109/365 2055/1107/364
f 2060/1108/366 2059/1111/366 2057/1109/365
f 2062/1110/367 2061/1113/367 2059/1111/366
f 2064/1112/368 2063/1115/368 2061/1113/367
f 2066/1114/369 2065/1117/369 2063/1115/368
f 2068/1116/370 2067/1119/370 2065/1117/369
f 2070/1118/371 2069/1121/371 2067/1119/370
f 2072/1120/372 2071/160/372 2069/1121/371
f 2074/1122/373 2073/1124/373 2071/160/372
f 2076/1123/374 2075/1126/374 2073/1124/373
f 2078/1125/375 2077/1128/375 2075/1126/374
f 2080/1127/376 2079/1130/376 2077/1128/375
f 2082/1129/377 2081/1132/379 2079/1130/376
f 2084/1131/378 2083/1134/378 2081/1132/379
f 2086/1133/380 2085/1136/380 2083/1134/378
f 2088/1135/381 2087/1138/381 2085/1136/380
f 2090/1137/382 2089/214/382 2087/1138/381
f 2092/1139/383 2091/1141/383 2089/214/382
f 2094/1140/384 2093/1143/384 2091/1141/383
f 2096/1142/385 2095/1145/385 2093/1143/384
f 2098/1144/386 2097/1147/386 2095/1145/385
f 2100/1146/387 2099/1149/387 2097/1147/386
f 2102/1148/388 2101/1151/388 2099/1149/387
f 2104/1150/389 2103/1153/389 2101/1151/388
f 2106/1152/390 2105/1154/390 2103/1153/389
f 1856/917/260 1855/16/260 2105/1154/390
f 2110/1155/391 2109/1157/391 2107/19/392
f 2112/1156/393 2111/1159/393 2109/1157/391
f 2114/1158/394 2113/1161/394 2111/1159/393
f 2116/1160/395 2115/1163/395 2113/1161/394
f 2118/1162/396 2117/1165/396 2115/1163/395
f 2120/1164/397 2119/1167/397 2117/1165/396
f 2122/1166/398 2121/1169/398 2119/1167/397
f 2124/1168/399 2123/1171/399 2121/1169/398
f 2126/1170/400 2125/1173/400 2123/1171/399
f 2128/1172/401 2127/1175/401 2125/1173/400
f 2130/1174/402 2129/1177/403 2127/1175/401
f 2132/1176/15 2131/1179/15 2129/1177/403
f 2134/1178/404 2133/1181/404 2131/1179/15
f 2136/1180/404 2135/1183/404 2133/1181/404
f 2138/1182/404 2137/1185/404 2135/1183/404
f 2140/1184/404 2139/1187/404 2137/1185/404
f 2142/1186/404 2141/1189/404 2139/1187/404
f 2144/1188/404 2143/1191/404 2141/1189/404
f 2146/1190/404 2145/1193/404 2143/1191/404
f 2148/1192/404 2147/1195/404 2145/1193/404
f 2150/1194/404 2149/1197/404 2147/1195/404
f 2152/1196/404 2151/1199/404 2149/1197/404
f 2154/1198/404 2153/1201/404 2151/1199/404
f 2156/1200/405 2155/1203/405 2153/1201/404
f 2158/1202/406 2157/1205/406 2155/1203/405
f 2160/1204/407 2159/1207/407 2157/1205/406
f 2162/1206/408 2161/1209/408 2159/1207/407
f 2164/1208/409 2163/1211/409 2161/1209/408
f 2166/1210/410 2165/1213/410 2163/1211/409
f 2168/1212/411 2167/1215/411 2165/1213/410
f 2170/1214/412 2169/1217/412 2167/1215/411
f 2172/1216/413 2171/1219/413 2169/1217/412
f 2174/1218/414 2173/1221/414 2171/1219/413
f 2176/1220/415 2175/1223/415 2173/1221/414
f 2178/1222/416 2177/1225/416 2175/1223/415
f 2180/1224/417 2179/1227/417 2177/1225/416
f 2182/1226/418 2181/1229/418 2179/1227/417
f 2184/1228/419 2183/1231/419 2181/1229/418
f 2186/1230/420 2185/1233/420 2183/1231/419
f 2188/1232/421 2187/1235/421 2185/1233/420
f 2190/1234/422 2189/1237/422 2187/1235/421
f 2192/1236/423 2191/1239/423 2189/1237/422
f 2194/1238/424 2193/1241/424 2191/1239/423
f 2196/1240/425 2195/1243/425 2193/1241/424
f 2198/1242/426 2197/1245/426 2195/1243/425
f 2200/1244/427 2199/1247/427 2197/1245/426
f 2202/1246/428 2201/1249/428 2199/1247/427
f 2204/1248/429 2203/1251/429 2201/1249/428
f 2206/1250/430 2205/1253/430 2203/1251/429
f 2208/1252/431 2207/1255/431 2205/1253/430
f 2210/1254/432 2209/1257/432 2207/1255/431
f 2212/1256/433 2211/1259/433 2209/1257/432
f 2214/1258/434 2213/174/434 2211/1259/433
f 2216/1260/435 2215/1262/435 2213/174/434
f 2218/1261/436 2217/1264/436 2215/1262/435
f 2220/1263/437 2219/1266/437 2217/1264/436
f 2222/1265/438 2221/1268/438 2219/1266/437
f 2224/1267/439 2223/1270/441 2221/1268/438
f 2226/1269/440 2225/1272/440 2223/1270/441
f 2228/1271/442 2227/1274/444 2225/1272/440
f 2230/1273/443 2229/1276/443 2227/1274/444
f 2232/1275/445 2231/1278/445 2229/1276/443
f 2234/1277/446 2233/1280/448 2231/1278/445
f 2236/1279/447 2235/1282/447 2233/1280/448
f 2238/1281/449 2237/1284/449 2235/1282/447
f 2240/1283/450 2239/1286/450 2237/1284/449
f 2242/1285/451 2241/1288/451 2239/1286/450
f 2244/1287/452 2243/1290/452 2241/1288/451
f 2246/1289/453 2245/1292/453 2243/1290/452
f 2248/1291/454 2247/1294/454 2245/1292/453
f 2250/1293/455 2249/1296/455 2247/1294/454
f 2252/1295/456 2251/1298/458 2249/1296/455
f 2254/1297/457 2253/1300/457 2251/1298/458
f 2256/1299/459 2255/1302/459 2253/1300/457
f 2258/1301/460 2257/1304/460 2255/1302/459
f 2260/1303/461 2259/1306/461 2257/1304/460
f 2262/1305/462 2261/1308/462 2259/1306/461
f 2264/1307/463 2263/1310/463 2261/1308/462
f 2266/1309/464 2265/1312/464 2263/1310/463
f 2268/1311/465 2267/1314/465 2265/1312/464
f 2270/1313/466 2269/1316/466 2267/1314/465
f 2272/1315/467 2271/1318/467 2269/1316/466
f 2274/1317/468 2273/1320/468 2271/1318/467
f 2276/1319/469 2275/1322/469 2273/1320/468
f 2278/1321/470 2277/1324/470 2275/1322/469
f 2280/1323/471 2279/1326/471 2277/1324/470
f 2282/1325/472 2281/1328/472 2279/1326/471
f 2284/1327/473 2283/1330/473 2281/1328/472
f 2286/1329/474 2285/1332/474 2283/1330/473
f 2288/1331/475 2287/1334/475 2285/1332/474
f 2290/1333/476 2289/1336/478 2287/1334/475
f 2292/1335/477 2291/1338/480 2289/1336/478
f 2294/1337/479 2293/1340/479 2291/1338/480
f 2296/1339/481 2295/1342/481 2293/1340/479
f 2298/1341/482 2297/1344/482 2295/1342/481
f 2300/1343/483 2299/1346/483 2297/1344/482
f 2302/1345/484 2301/1348/484 2299/1346/483
f 2304/1347/485 2303/1350/485 2301/1348/484
f 2306/1349/486 2305/1352/486 2303/1350/485
f 2308/1351/487 2307/1354/487 2305/1352/486
f 2310/1353/488 2309/1356/488 2307/1354/487
f 2312/1355/489 2311/1358/489 2309/1356/488
f 2314/1357/490 2313/1360/490 2311/1358/489
f 2316/1359/491 2315/1362/491 2313/1360/490
f 2318/1361/492 2317/1364/492 2315/1362/491
f 2320/1363/493 2319/187/493 2317/1364/492
f 2322/1365/494 2321/1367/494 2319/187/493
f 2324/1366/495 2323/1369/495 2321/1367/494
f 2326/1368/496 2325/1371/496 2323/1369/495
f 2328/1370/497 2327/1373/497 2325/1371/496
f 2330/1372/498 2329/1375/498 2327/1373/497
f 2332/1374/499 2331/1377/499 2329/1375/498
f 2334/1376/500 2333/1379/500 2331/1377/499
f 2336/1378/501 2335/1381/501 2333/1379/500
f 2338/1380/502 2337/1383/502 2335/1381/501
f 2340/1382/503 2339/1385/503 2337/1383/502
f 2342/1384/504 2341/1387/504 2339/1385/503
f 2344/1386/505 2343/1389/505 2341/1387/504
f 2346/1388/506 2345/1391/506 2343/1389/505
f 2348/1390/507 2347/1393/507 2345/1391/506
f 2350/1392/508 2349/1395/510 2347/1393/507
f 2352/1394/509 2351/1397/509 2349/1395/510
f 2354/1396/511 2353/1399/511 2351/1397/509
f 2356/1398/512 2355/1401/512 2353/1399/511
f 2358/1400/513 2357/1403/513 2355/1401/512
f 2360/1402/514 2359/1405/514 2357/1403/513
f 2362/1404/515 2361/1407/515 2359/1405/514
f 2364/1406/516 2363/1409/518 2361/1407/515
f 2366/1408/517 2365/1411/517 2363/1409/518
f 2368/1410/519 2367/1413/519 2365/1411/517
f 2370/1412/520 2369/1415/520 2367/1413/519
f 2372/1414/521 2371/1417/521 2369/1415/520
f 2374/1416/522 2373/1419/522 2371/1417/521
f 2376/1418/523 2375/1421/523 2373/1419/522
f 2378/1420/524 2377/1423/524 2375/1421/523
f 2380/1422/525 2379/1425/525 2377/1423/524
f 2382/1424/526 2381/1427/526 2379/1425/525
f 2384/1426/527 2383/1429/529 2381/1427/526
f 2386/1428/528 2385/1431/528 2383/1429/529
f 2388/1430/530 2387/1433/530 2385/1431/528
f 2390/1432/531 2389/1435/531 2387/1433/530
f 2392/1434/532 2391/1437/532 2389/1435/531
f 2394/1436/533 2393/1439/533 2391/1437/532
f 2396/1438/534 2395/1441/534 2393/1439/533
f 2398/1440/535 2397/1443/537 2395/1441/534
f 2400/1442/536 2399/1445/536 2397/1443/537
f 2402/1444/538 2401/1447/538 2399/1445/536
f 2404/1446/539 2403/1449/539 2401/1447/538
f 2406/1448/540 2405/1451/540 2403/1449/539
f 2408/1450/541 2407/1453/541 2405/1451/540
f 2410/1452/542 2409/1455/542 2407/1453/541
f 2412/1454/543 2411/1457/543 2409/1455/542
f 2414/1456/544 2413/1459/544 2411/1457/543
f 2416/1458/545 2415/1461/545 2413/1459/544
f 2418/1460/546 2417/1463/546 2415/1461/545
f 2420/1462/547 2419/1465/547 2417/1463/546
f 2422/1464/548 2421/1467/550 2419/1465/547
f 2424/1466/549 2423/1469/549 2421/1467/550
f 2426/1468/551 2425/148/551 2423/1469/549
f 2428/1470/44 2427/1472/44 2425/148/551
f 2430/1471/44 2429/1474/44 2427/1472/44
f 2432/1473/84 2431/1476/84 2429/1474/44
f 2434/1475/84 2433/1478/84 2431/1476/84
f 2436/1477/44 2435/1480/44 2433/1478/84
f 2438/1479/44 2437/1482/44 2435/1480/44
f 2440/1481/84 2439/1484/84 2437/1482/44
f 2442/1483/84 2441/1486/84 2439/1484/84
f 2444/1485/44 2443/1488/44 2441/1486/84
f 2446/1487/44 2445/1490/44 2443/1488/44
f 2448/1489/84 2447/1492/84 2445/1490/44
f 2450/1491/84 2449/1494/84 2447/1492/84
f 2452/1493/552 2451/1496/552 2449/1494/84
f 2454/1495/553 2453/1498/553 2451/1496/552
f 2456/1497/554 2455/1500/554 2453/1498/553
f 2458/1499/555 2457/1502/555 2455/1500/554
f 2460/1501/556 2459/1504/556 2457/1502/555
f 2462/1503/557 2461/1506/557 2459/1504/556
f 2464/1505/558 2463/1508/558 2461/1506/557
f 2466/1507/559 2465/1510/559 2463/1508/558
f 2468/1509/560 2467/1512/560 2465/1510/559
f 2470/1511/561 2469/1514/561 2467/1512/560
f 2472/1513/562 2471/1516/562 2469/1514/561
f 2474/1515/563 2473/1518/563 2471/1516/562
f 2476/1517/564 2475/1520/566 2473/1518/563
f 2478/1519/565 2477/1522/565 2475/1520/566
f 2480/1521/567 2479/1524/567 2477/1522/565
f 2482/1523/568 2481/1526/568 2479/1524/567
f 2484/1525/569 2483/1528/569 2481/1526/568
f 2486/1527/570 2485/1530/572 2483/1528/569
f 2488/1529/571 2487/1532/571 2485/1530/572
f 2490/1531/573 2489/1534/573 2487/1532/571
f 2492/1533/574 2491/1536/576 2489/1534/573
f 2494/1535/575 2493/1538/575 2491/1536/576
f 2496/1537/577 2495/1540/577 2493/1538/575
f 2498/1539/578 2497/1542/578 2495/1540/577
f 2500/1541/579 2499/1544/579 2497/1542/578
f 2502/1543/580 2501/1546/580 2499/1544/579
f 2504/1545/581 2503/1548/581 2501/1546/580
f 2506/1547/582 2505/1550/582 2503/1548/581
f 2508/1549/583 2507/1552/583 2505/1550/582
f 2510/1551/584 2509/1554/584 2507/1552/583
f 2512/1553/585 2511/1556/585 2509/1554/584
f 2514/1555/586 2513/1558/586 2511/1556/585
f 2516/1557/587 2515/1560/587 2513/1558/586
f 2518/1559/588 2517/1562/588 2515/1560/587
f 2520/1561/589 2519/1564/589 2517/1562/588
f 2522/1563/590 2521/1566/590 2519/1564/589
f 2524/1565/591 2523/1568/591 2521/1566/590
f 2526/1567/592 2525/1570/592 2523/1568/591
f 2528/1569/87 2527/1572/87 2525/1570/592
f 2530/1571/593 2529/1574/593 2527/1572/87
f 2532/1573/594 2531/300/594 2529/1574/593
f 2534/1575/595 2533/1577/595 2531/300/594
f 2536/1576/596 2535/1579/596 2533/1577/595
f 2538/1578/597 2537/1581/597 2535/1579/596
f 2540/1580/598 2539/1583/598 2537/1581/597
f 2542/1582/599 2541/1585/599 2539/1583/598
f 2544/1584/600 2543/1587/600 2541/1585/599
f 2546/1586/601 2545/1589/601 2543/1587/600
f 2548/1588/543 2547/1591/543 2545/1589/601
f 2550/1590/602 2549/1593/603 2547/1591/543
f 2552/1592/15 2551/1595/15 2549/1593/603
f 2554/1594/15 2553/1597/15 2551/1595/15
f 2556/1596/16 2555/1599/16 2553/1597/15
f 2558/1598/16 2557/1601/16 2555/1599/16
f 2560/1600/15 2559/1603/15 2557/1601/16
f 2562/1602/15 2561/1605/15 2559/1603/15
f 2564/1604/16 2563/1607/16 2561/1605/15
f 2566/1606/16 2565/1609/16 2563/1607/16
f 2568/1608/15 2567/1611/15 2565/1609/16
f 2570/1610/15 2569/1613/15 2567/1611/15
f 2572/1612/16 2571/1615/16 2569/1613/15
f 2574/1614/16 2573/1617/16 2571/1615/16
f 2576/1616/604 2575/1619/604 2573/1617/16
f 2578/1618/604 2577/1621/606 2575/1619/604
f 2580/1620/605 2579/1623/605 2577/1621/606
f 2582/1622/607 2581/1625/607 2579/1623/605
f 2584/1624/608 2583/1627/608 2581/1625/607
f 2586/1626/609 2585/1629/609 2583/1627/608
f 2588/1628/610 2587/1631/610 2585/1629/609
f 2590/1630/611 2589/1633/611 2587/1631/610
f 2592/1632/612 2591/1635/612 2589/1633/611
f 2594/1634/613 2593/1637/613 2591/1635/612
f 2596/1636/614 2595/1639/614 2593/1637/613
f 2598/1638/615 2597/1641/615 2595/1639/614
f 2600/1640/616 2599/1643/616 2597/1641/615
f 2602/1642/617 2601/1645/617 2599/1643/616
f 2604/1644/618 2603/1647/619 2601/1645/617
f 2606/1646/44 2605/1649/44 2603/1647/619
f 2608/1648/84 2607/1651/84 2605/1649/44
f 2610/1650/620 2609/1653/620 2607/1651/84
f 2612/1652/621 2611/1655/621 2609/1653/620
f 2614/1654/622 2613/1657/622 2611/1655/621
f 2616/1656/623 2615/1659/623 2613/1657/622
f 2618/1658/624 2617/1661/624 2615/1659/623
f 2620/1660/625 2619/1663/627 2617/1661/624
f 2622/1662/626 2621/1665/629 2619/1663/627
f 2624/1664/628 2623/1667/631 2621/1665/629
f 2626/1666/630 2625/1669/630 2623/1667/631
f 2628/1668/632 2627/1671/632 2625/1669/630
f 2630/1670/633 2629/1673/633 2627/1671/632
f 2632/1672/634 2631/1675/634 2629/1673/633
f 2634/1674/84 2633/1677/84 2631/1675/634
f 2636/1676/635 2635/1678/635 2633/1677/84
f 2108/917/392 2107/16/392 2635/1678/635
f 2640/1679/44 2639/154/44 2637/19/84
f 2642/796/16 2641/109/16 2639/154/44
f 2644/1680/15 2643/138/15 2641/109/16
f 2638/917/84 2637/16/84 2643/138/15
f 2648/1679/44 2647/154/44 2645/19/84
f 2650/796/16 2649/109/16 2647/154/44
f 2652/1680/15 2651/138/15 2649/109/16
f 2646/917/84 2645/16/84 2651/138/15
f 2656/1679/44 2655/154/44 2653/19/84
f 2658/796/16 2657/109/16 2655/154/44
f 2660/1680/15 2659/138/15 2657/109/16
f 2654/917/84 2653/16/84 2659/138/15
f 2664/1679/44 2663/154/44 2661/19/84
f 2666/796/16 2665/109/16 2663/154/44
f 2668/1680/15 2667/138/15 2665/109/16
f 2662/917/84 2661/16/84 2667/138/15
f 2672/1681/15 2671/1683/15 2669/19/15
f 2674/1682/16 2673/278/16 2671/1683/15
f 2676/1684/44 2675/1685/44 2673/278/16
f 2678/1679/44 2677/154/44 2675/1685/44
f 2680/1686/16 2679/1688/16 2677/154/44
f 2682/1687/16 2681/249/16 2679/1688/16
f 2684/1689/44 2683/1690/44 2681/249/16
f 2686/796/44 2685/109/44 2683/1690/44
f 2688/1691/16 2687/1693/16 2685/109/44
f 2690/1692/16 2689/61/16 2687/1693/16
f 2692/1694/44 2691/1695/44 2689/61/16
f 2694/1680/84 2693/138/84 2691/1695/44
f 2696/1696/84 2695/1698/84 2693/138/84
f 2698/1697/84 2697/189/84 2695/1698/84
f 2700/1699/15 2699/1700/15 2697/189/84
f 2670/917/15 2669/16/15 2699/1700/15
f 2704/1679/16 2703/154/16 2701/19/44
f 2706/796/15 2705/109/15 2703/154/16
f 2708/1680/84 2707/138/84 2705/109/15
f 2702/917/44 2701/16/44 2707/138/84
f 2712/1679/15 2711/154/15 2709/19/16
f 2714/796/84 2713/109/84 2711/154/15
f 2716/1680/44 2715/138/44 2713/109/84
f 2710/917/16 2709/16/16 2715/138/44
